source_file,source_row,family,variant,candidate_id,status_raw,net_dollars,profit_factor,max_drawdown_dollars,trades,largest_winner_share,net_without_largest,triage_score,suggested_status,score_reasons,missing_required_metrics,status_cap_reasons,suggested_status_rank
reports/ema_forward_monitor_20260620/ema_forward_monitor_summary.csv,0,ema_pullback,ema_pullback_trend,ema_pullback:ema_pullback_trend:reports/ema_forward_monitor_20260620/ema_forward_monitor_summary.csv:0,pass,2478.481428571427,1.311161675972263,1015.3842857142828,66.0,0.3643832600261576,1575.3642857142822,118.0,diagnostic_only,"positive_net,pf_primary_level,sample_primary_level,preferred_drawdown,positive_ex_largest,largest_share_ok,source_status_positive,capped_from_primary_validation_candidate_family_cap",,family_status_cap:ema_pullback<=diagnostic_only,1
reports/ema_forward_monitor_20260620/ema_forward_monitor_summary.csv,13,ema_pullback,ema_pullback_trend,ema_pullback:ema_pullback_trend:reports/ema_forward_monitor_20260620/ema_forward_monitor_summary.csv:13,pass,2412.481428571427,1.30139995220398,1023.3842857142828,66.0,0.3739374455584273,1510.3642857142822,118.0,diagnostic_only,"positive_net,pf_primary_level,sample_primary_level,preferred_drawdown,positive_ex_largest,largest_share_ok,source_status_positive,capped_from_primary_validation_candidate_family_cap",,family_status_cap:ema_pullback<=diagnostic_only,1
reports/ema_forward_monitor_20260620/ema_forward_monitor_summary.csv,26,ema_pullback,ema_pullback_trend,ema_pullback:ema_pullback_trend:reports/ema_forward_monitor_20260620/ema_forward_monitor_summary.csv:26,pass,2346.481428571427,1.291732893426025,1031.384285714283,66.0,0.3840290964526228,1445.3642857142822,118.0,diagnostic_only,"positive_net,pf_primary_level,sample_primary_level,preferred_drawdown,positive_ex_largest,largest_share_ok,source_status_positive,capped_from_primary_validation_candidate_family_cap",,family_status_cap:ema_pullback<=diagnostic_only,1
reports/pattern_ml_20260612/payoff_asymmetry/cohort_payoff.csv,2,unknown_other,cohort_payoff,unknown_other:cohort_payoff:reports/pattern_ml_20260612/payoff_asymmetry/cohort_payoff.csv:2,,1020.580034,2.81572041,137.3599945,54.0,0.0631974,,90.0,diagnostic_only,"positive_net,pf_primary_level,sample_primary_level,preferred_drawdown,largest_share_ok,capped_from_primary_validation_candidate_missing_required",net_without_largest,missing_required_for_promotion:net_without_largest,1
reports/pattern_ml_20260612/payoff_asymmetry/cost_sensitivity.csv,3,unknown_other,cost_sensitivity,unknown_other:cost_sensitivity:reports/pattern_ml_20260612/payoff_asymmetry/cost_sensitivity.csv:3,,845.6000545,1.7281872,208.3399495,80.0,0.04983955,,90.0,diagnostic_only,"positive_net,pf_primary_level,sample_primary_level,preferred_drawdown,largest_share_ok,capped_from_primary_validation_candidate_missing_required",net_without_largest,missing_required_for_promotion:net_without_largest,1
reports/pattern_ml_20260612/payoff_asymmetry/period_payoff.csv,3,unknown_other,period_payoff,unknown_other:period_payoff:reports/pattern_ml_20260612/payoff_asymmetry/period_payoff.csv:3,,845.6000545,1.7281872,208.3399495,80.0,0.04983955,,90.0,diagnostic_only,"positive_net,pf_primary_level,sample_primary_level,preferred_drawdown,largest_share_ok,capped_from_primary_validation_candidate_missing_required",net_without_largest,missing_required_for_promotion:net_without_largest,1
reports/pattern_ml_20260612/payoff_asymmetry/cost_sensitivity.csv,7,unknown_other,cost_sensitivity,unknown_other:cost_sensitivity:reports/pattern_ml_20260612/payoff_asymmetry/cost_sensitivity.csv:7,,765.6000545,1.6384044,216.3399495,80.0,0.05039596,,90.0,diagnostic_only,"positive_net,pf_primary_level,sample_primary_level,preferred_drawdown,largest_share_ok,capped_from_primary_validation_candidate_missing_required",net_without_largest,missing_required_for_promotion:net_without_largest,1
reports/pattern_ml_20260612/payoff_asymmetry/cost_sensitivity.csv,11,unknown_other,cost_sensitivity,unknown_other:cost_sensitivity:reports/pattern_ml_20260612/payoff_asymmetry/cost_sensitivity.csv:11,,685.6000545,1.5541367,224.3399495,80.0,0.05097668,,90.0,diagnostic_only,"positive_net,pf_primary_level,sample_primary_level,preferred_drawdown,largest_share_ok,capped_from_primary_validation_candidate_missing_required",net_without_largest,missing_required_for_promotion:net_without_largest,1
reports/pattern_ml_20260612/payoff_asymmetry/cost_sensitivity.csv,15,unknown_other,cost_sensitivity,unknown_other:cost_sensitivity:reports/pattern_ml_20260612/payoff_asymmetry/cost_sensitivity.csv:15,,525.6000545,1.40023155,244.299942,80.0,0.0522177,,90.0,diagnostic_only,"positive_net,pf_primary_level,sample_primary_level,preferred_drawdown,largest_share_ok,capped_from_primary_validation_candidate_missing_required",net_without_largest,missing_required_for_promotion:net_without_largest,1
reports/pattern_ml_20260612/payoff_asymmetry/cohort_payoff.csv,27,unknown_other,cohort_payoff,unknown_other:cohort_payoff:reports/pattern_ml_20260612/payoff_asymmetry/cohort_payoff.csv:27,,509.6001155,1.68777519,155.2999815,55.0,0.07998144,,90.0,diagnostic_only,"positive_net,pf_primary_level,sample_primary_level,preferred_drawdown,largest_share_ok,capped_from_primary_validation_candidate_missing_required",net_without_largest,missing_required_for_promotion:net_without_largest,1
reports/pattern_ml_20260612/payoff_asymmetry/cohort_payoff.csv,21,unknown_other,cohort_payoff,unknown_other:cohort_payoff:reports/pattern_ml_20260612/payoff_asymmetry/cohort_payoff.csv:21,,492.300065,1.51260969,202.7999815,65.0,0.06816368,,90.0,diagnostic_only,"positive_net,pf_primary_level,sample_primary_level,preferred_drawdown,largest_share_ok,capped_from_primary_validation_candidate_missing_required",net_without_largest,missing_required_for_promotion:net_without_largest,1
reports/pattern_ml_20260612/payoff_asymmetry/cohort_payoff.csv,11,unknown_other,cohort_payoff,unknown_other:cohort_payoff:reports/pattern_ml_20260612/payoff_asymmetry/cohort_payoff.csv:11,,910.279979,3.57665318,135.419982,39.0,0.07599163,,80.0,diagnostic_only,"positive_net,pf_primary_level,sample_monitor_level,preferred_drawdown,largest_share_ok,capped_from_primary_validation_candidate_missing_required",net_without_largest,missing_required_for_promotion:net_without_largest,1
reports/pattern_ml_20260612/payoff_asymmetry/cohort_payoff.csv,19,unknown_other,cohort_payoff,unknown_other:cohort_payoff:reports/pattern_ml_20260612/payoff_asymmetry/cohort_payoff.csv:19,,316.820094,1.50849052,206.079977,41.0,0.09684215,,80.0,diagnostic_only,"positive_net,pf_primary_level,sample_monitor_level,preferred_drawdown,largest_share_ok,capped_from_primary_validation_candidate_missing_required",net_without_largest,missing_required_for_promotion:net_without_largest,1
reports/pattern_ml_20260612/payoff_asymmetry/cohort_payoff.csv,26,unknown_other,cohort_payoff,unknown_other:cohort_payoff:reports/pattern_ml_20260612/payoff_asymmetry/cohort_payoff.csv:26,,219.4400995,1.29756205,230.059975,47.0,0.09511966,,80.0,diagnostic_only,"positive_net,pf_primary_level,sample_monitor_level,preferred_drawdown,largest_share_ok,capped_from_primary_validation_candidate_missing_required",net_without_largest,missing_required_for_promotion:net_without_largest,1
reports/pattern_ml_20260612/payoff_asymmetry/cost_sensitivity.csv,0,unknown_other,cost_sensitivity,unknown_other:cost_sensitivity:reports/pattern_ml_20260612/payoff_asymmetry/cost_sensitivity.csv:0,,219.4400995,1.29756205,230.059975,47.0,0.09511966,,80.0,diagnostic_only,"positive_net,pf_primary_level,sample_monitor_level,preferred_drawdown,largest_share_ok,capped_from_primary_validation_candidate_missing_required",net_without_largest,missing_required_for_promotion:net_without_largest,1
reports/pattern_ml_20260612/payoff_asymmetry/period_payoff.csv,0,unknown_other,period_payoff,unknown_other:period_payoff:reports/pattern_ml_20260612/payoff_asymmetry/period_payoff.csv:0,,219.4400995,1.29756205,230.059975,47.0,0.09511966,,80.0,diagnostic_only,"positive_net,pf_primary_level,sample_monitor_level,preferred_drawdown,largest_share_ok,capped_from_primary_validation_candidate_missing_required",net_without_largest,missing_required_for_promotion:net_without_largest,1
reports/pattern_ml_20260612/payoff_asymmetry/cost_sensitivity.csv,4,unknown_other,cost_sensitivity,unknown_other:cost_sensitivity:reports/pattern_ml_20260612/payoff_asymmetry/cost_sensitivity.csv:4,,172.4400995,1.22557113,252.059975,47.0,0.09608282,,80.0,diagnostic_only,"positive_net,pf_primary_level,sample_monitor_level,preferred_drawdown,largest_share_ok,capped_from_primary_validation_candidate_missing_required",net_without_largest,missing_required_for_promotion:net_without_largest,1
reports/ema_forward_monitor_20260620/ema_forward_monitor_summary.csv,11,ema_pullback,ema_pullback_trend,ema_pullback:ema_pullback_trend:reports/ema_forward_monitor_20260620/ema_forward_monitor_summary.csv:11,fail,1718.158571428565,1.639879101357685,630.1842857142899,23.0,0.3877756169187791,1051.898571428565,70.0,diagnostic_only,"positive_net,pf_primary_level,thin_sample,preferred_drawdown,positive_ex_largest,largest_share_ok,source_status_negative,capped_from_primary_validation_candidate_family_cap",,family_status_cap:ema_pullback<=diagnostic_only,1
reports/ema_forward_monitor_20260620/ema_forward_monitor_summary.csv,24,ema_pullback,ema_pullback_trend,ema_pullback:ema_pullback_trend:reports/ema_forward_monitor_20260620/ema_forward_monitor_summary.csv:24,fail,1695.158571428565,1.628504585032446,633.1842857142899,23.0,0.3924470614211411,1029.898571428565,70.0,diagnostic_only,"positive_net,pf_primary_level,thin_sample,preferred_drawdown,positive_ex_largest,largest_share_ok,source_status_negative,capped_from_primary_validation_candidate_family_cap",,family_status_cap:ema_pullback<=diagnostic_only,1
reports/ema_forward_monitor_20260620/ema_forward_monitor_summary.csv,37,ema_pullback,ema_pullback_trend,ema_pullback:ema_pullback_trend:reports/ema_forward_monitor_20260620/ema_forward_monitor_summary.csv:37,fail,1672.158571428565,1.6172308347803763,636.1842857142899,23.0,0.3972470143381837,1007.898571428565,70.0,diagnostic_only,"positive_net,pf_primary_level,thin_sample,preferred_drawdown,positive_ex_largest,largest_share_ok,source_status_negative,capped_from_primary_validation_candidate_family_cap",,family_status_cap:ema_pullback<=diagnostic_only,1
reports/pattern_ml_20260612/payoff_asymmetry/cost_sensitivity.csv,8,unknown_other,cost_sensitivity,unknown_other:cost_sensitivity:reports/pattern_ml_20260612/payoff_asymmetry/cost_sensitivity.csv:8,,125.4400995,1.15849203,274.059975,47.0,0.09708801,,67.0,diagnostic_only,"positive_net,pf_monitor_level,sample_monitor_level,preferred_drawdown,largest_share_ok,capped_from_research_monitor_missing_required",net_without_largest,missing_required_for_promotion:net_without_largest,1
reports/pattern_ml_20260612/payoff_asymmetry/cohort_payoff.csv,25,unknown_other,cohort_payoff,unknown_other:cohort_payoff:reports/pattern_ml_20260612/payoff_asymmetry/cohort_payoff.csv:25,,529.8000735,4.71998394,79.9599925,15.0,0.15920384,,58.0,diagnostic_only,"positive_net,pf_primary_level,thin_sample,preferred_drawdown,largest_share_ok,capped_from_research_monitor_missing_required",net_without_largest,missing_required_for_promotion:net_without_largest,1
reports/pattern_ml_20260612/payoff_asymmetry/cost_sensitivity.csv,2,unknown_other,cost_sensitivity,unknown_other:cost_sensitivity:reports/pattern_ml_20260612/payoff_asymmetry/cost_sensitivity.csv:2,,446.380063,2.55068467,108.4599845,19.0,0.14575616,,58.0,diagnostic_only,"positive_net,pf_primary_level,thin_sample,preferred_drawdown,largest_share_ok,capped_from_research_monitor_missing_required",net_without_largest,missing_required_for_promotion:net_without_largest,1
reports/pattern_ml_20260612/payoff_asymmetry/period_payoff.csv,2,unknown_other,period_payoff,unknown_other:period_payoff:reports/pattern_ml_20260612/payoff_asymmetry/period_payoff.csv:2,,446.380063,2.55068467,108.4599845,19.0,0.14575616,,58.0,diagnostic_only,"positive_net,pf_primary_level,thin_sample,preferred_drawdown,largest_share_ok,capped_from_research_monitor_missing_required",net_without_largest,missing_required_for_promotion:net_without_largest,1
reports/pattern_ml_20260612/payoff_asymmetry/cost_sensitivity.csv,6,unknown_other,cost_sensitivity,unknown_other:cost_sensitivity:reports/pattern_ml_20260612/payoff_asymmetry/cost_sensitivity.csv:6,,427.380063,2.44943392,110.4599845,19.0,0.14679332,,58.0,diagnostic_only,"positive_net,pf_primary_level,thin_sample,preferred_drawdown,largest_share_ok,capped_from_research_monitor_missing_required",net_without_largest,missing_required_for_promotion:net_without_largest,1
reports/pattern_ml_20260612/payoff_asymmetry/cost_sensitivity.csv,10,unknown_other,cost_sensitivity,unknown_other:cost_sensitivity:reports/pattern_ml_20260612/payoff_asymmetry/cost_sensitivity.csv:10,,408.380063,2.3528791,112.4599845,19.0,0.14786552,,58.0,diagnostic_only,"positive_net,pf_primary_level,thin_sample,preferred_drawdown,largest_share_ok,capped_from_research_monitor_missing_required",net_without_largest,missing_required_for_promotion:net_without_largest,1
reports/pattern_ml_20260612/payoff_asymmetry/cohort_payoff.csv,17,unknown_other,cohort_payoff,unknown_other:cohort_payoff:reports/pattern_ml_20260612/payoff_asymmetry/cohort_payoff.csv:17,,399.740044,4.01827267,58.980008,12.0,0.19921832,,58.0,diagnostic_only,"positive_net,pf_primary_level,thin_sample,preferred_drawdown,largest_share_ok,capped_from_research_monitor_missing_required",net_without_largest,missing_required_for_promotion:net_without_largest,1
reports/pattern_ml_20260612/payoff_asymmetry/cost_sensitivity.csv,14,unknown_other,cost_sensitivity,unknown_other:cost_sensitivity:reports/pattern_ml_20260612/payoff_asymmetry/cost_sensitivity.csv:14,,370.380063,2.17260838,116.4599845,19.0,0.15012241,,58.0,diagnostic_only,"positive_net,pf_primary_level,thin_sample,preferred_drawdown,largest_share_ok,capped_from_research_monitor_missing_required",net_without_largest,missing_required_for_promotion:net_without_largest,1
reports/pattern_ml_20260612/payoff_asymmetry/cohort_payoff.csv,22,unknown_other,cohort_payoff,unknown_other:cohort_payoff:reports/pattern_ml_20260612/payoff_asymmetry/cohort_payoff.csv:22,,353.2999895,2.75893668,111.939967,15.0,0.18048938,,58.0,diagnostic_only,"positive_net,pf_primary_level,thin_sample,preferred_drawdown,largest_share_ok,capped_from_research_monitor_missing_required",net_without_largest,missing_required_for_promotion:net_without_largest,1
reports/pattern_ml_20260612/payoff_asymmetry/cohort_payoff.csv,28,unknown_other,cohort_payoff,unknown_other:cohort_payoff:reports/pattern_ml_20260612/payoff_asymmetry/cohort_payoff.csv:28,,335.999939,1.79942887,104.940012,25.0,0.12431576,,58.0,diagnostic_only,"positive_net,pf_primary_level,thin_sample,preferred_drawdown,largest_share_ok,capped_from_research_monitor_missing_required",net_without_largest,missing_required_for_promotion:net_without_largest,1
reports/pattern_ml_20260612/payoff_asymmetry/cohort_payoff.csv,31,unknown_other,cohort_payoff,unknown_other:cohort_payoff:reports/pattern_ml_20260612/payoff_asymmetry/cohort_payoff.csv:31,,310.2400615,3.00258266,79.9599925,12.0,0.23007138,,58.0,diagnostic_only,"positive_net,pf_primary_level,thin_sample,preferred_drawdown,largest_share_ok,capped_from_research_monitor_missing_required",net_without_largest,missing_required_for_promotion:net_without_largest,1
reports/pattern_ml_20260612/payoff_asymmetry/cohort_payoff.csv,9,unknown_other,cohort_payoff,unknown_other:cohort_payoff:reports/pattern_ml_20260612/payoff_asymmetry/cohort_payoff.csv:9,,215.8000865,1.97930715,76.959972,15.0,0.20868488,,58.0,diagnostic_only,"positive_net,pf_primary_level,thin_sample,preferred_drawdown,largest_share_ok,capped_from_research_monitor_missing_required",net_without_largest,missing_required_for_promotion:net_without_largest,1
reports/pattern_ml_20260612/payoff_asymmetry/cohort_payoff.csv,1,unknown_other,cohort_payoff,unknown_other:cohort_payoff:reports/pattern_ml_20260612/payoff_asymmetry/cohort_payoff.csv:1,,163.400076,1.53608952,141.3399915,20.0,0.18158905,,58.0,diagnostic_only,"positive_net,pf_primary_level,thin_sample,preferred_drawdown,largest_share_ok,capped_from_research_monitor_missing_required",net_without_largest,missing_required_for_promotion:net_without_largest,1
reports/pattern_ml_20260612/payoff_asymmetry/cohort_payoff.csv,30,unknown_other,cohort_payoff,unknown_other:cohort_payoff:reports/pattern_ml_20260612/payoff_asymmetry/cohort_payoff.csv:30,,136.1400015,2.02407097,84.960008,7.0,0.39400927,,58.0,diagnostic_only,"positive_net,pf_primary_level,thin_sample,preferred_drawdown,largest_share_ok,capped_from_research_monitor_missing_required",net_without_largest,missing_required_for_promotion:net_without_largest,1
reports/pattern_ml_20260612/payoff_asymmetry/cohort_payoff.csv,10,unknown_other,cohort_payoff,unknown_other:cohort_payoff:reports/pattern_ml_20260612/payoff_asymmetry/cohort_payoff.csv:10,,54.8200255,1.2190173,70.8399835,16.0,0.2917541,,58.0,diagnostic_only,"positive_net,pf_primary_level,thin_sample,preferred_drawdown,largest_share_ok,capped_from_research_monitor_missing_required",net_without_largest,missing_required_for_promotion:net_without_largest,1
reports/pattern_ml_20260612/performance_breakdowns.csv,23,unknown_other,performance_breakdowns,unknown_other:performance_breakdowns:reports/pattern_ml_20260612/performance_breakdowns.csv:23,,1020.580034,,137.3599945,54.0,,,55.0,diagnostic_only,"positive_net,sample_primary_level,preferred_drawdown,capped_from_research_monitor_missing_required","profit_factor,largest_winner_share,net_without_largest","missing_required_for_promotion:profit_factor,largest_winner_share,net_without_largest",1
reports/pattern_ml_20260612/regime_shift/cohort_stability.csv,2,multi_timeframe_regime_selector,cohort_stability,multi_timeframe_regime_selector:cohort_stability:reports/pattern_ml_20260612/regime_shift/cohort_stability.csv:2,,1020.580034,,137.3599945,54.0,,,55.0,diagnostic_only,"positive_net,sample_primary_level,preferred_drawdown,capped_from_research_monitor_missing_required","profit_factor,largest_winner_share,net_without_largest","missing_required_for_promotion:profit_factor,largest_winner_share,net_without_largest",1
reports/pattern_ml_20260612/regime_shift/predefined_rule_audit.csv,7,multi_timeframe_regime_selector,predefined_rule_audit,multi_timeframe_regime_selector:predefined_rule_audit:reports/pattern_ml_20260612/regime_shift/predefined_rule_audit.csv:7,,1020.580034,,137.3599945,54.0,,,55.0,diagnostic_only,"positive_net,sample_primary_level,preferred_drawdown,capped_from_research_monitor_missing_required","profit_factor,largest_winner_share,net_without_largest","missing_required_for_promotion:profit_factor,largest_winner_share,net_without_largest",1
reports/pattern_ml_20260612/model_summary.csv,11,unknown_other,model_summary,unknown_other:model_summary:reports/pattern_ml_20260612/model_summary.csv:11,,845.6000545,,208.3399495,80.0,,,55.0,diagnostic_only,"positive_net,sample_primary_level,preferred_drawdown,capped_from_research_monitor_missing_required","profit_factor,largest_winner_share,net_without_largest","missing_required_for_promotion:profit_factor,largest_winner_share,net_without_largest",1
reports/pattern_ml_20260612/regime_shift/period_summary.csv,3,multi_timeframe_regime_selector,period_summary,multi_timeframe_regime_selector:period_summary:reports/pattern_ml_20260612/regime_shift/period_summary.csv:3,,845.6000545,,208.3399495,80.0,,,55.0,diagnostic_only,"positive_net,sample_primary_level,preferred_drawdown,capped_from_research_monitor_missing_required","profit_factor,largest_winner_share,net_without_largest","missing_required_for_promotion:profit_factor,largest_winner_share,net_without_largest",1
reports/pattern_ml_20260612/regime_shift/predefined_rule_audit.csv,3,multi_timeframe_regime_selector,predefined_rule_audit,multi_timeframe_regime_selector:predefined_rule_audit:reports/pattern_ml_20260612/regime_shift/predefined_rule_audit.csv:3,,845.6000545,,208.3399495,80.0,,,55.0,diagnostic_only,"positive_net,sample_primary_level,preferred_drawdown,capped_from_research_monitor_missing_required","profit_factor,largest_winner_share,net_without_largest","missing_required_for_promotion:profit_factor,largest_winner_share,net_without_largest",1
reports/pattern_ml_20260612/regime_shift/cohort_stability.csv,29,multi_timeframe_regime_selector,cohort_stability,multi_timeframe_regime_selector:cohort_stability:reports/pattern_ml_20260612/regime_shift/cohort_stability.csv:29,,509.6001155,,155.2999815,55.0,,,55.0,diagnostic_only,"positive_net,sample_primary_level,preferred_drawdown,capped_from_research_monitor_missing_required","profit_factor,largest_winner_share,net_without_largest","missing_required_for_promotion:profit_factor,largest_winner_share,net_without_largest",1
reports/pattern_ml_20260612/regime_shift/predefined_rule_audit.csv,39,multi_timeframe_regime_selector,predefined_rule_audit,multi_timeframe_regime_selector:predefined_rule_audit:reports/pattern_ml_20260612/regime_shift/predefined_rule_audit.csv:39,,509.6001155,,155.2999815,55.0,,,55.0,diagnostic_only,"positive_net,sample_primary_level,preferred_drawdown,capped_from_research_monitor_missing_required","profit_factor,largest_winner_share,net_without_largest","missing_required_for_promotion:profit_factor,largest_winner_share,net_without_largest",1
reports/pattern_ml_20260612/performance_breakdowns.csv,10,unknown_other,performance_breakdowns,unknown_other:performance_breakdowns:reports/pattern_ml_20260612/performance_breakdowns.csv:10,,492.300065,,202.7999815,65.0,,,55.0,diagnostic_only,"positive_net,sample_primary_level,preferred_drawdown,capped_from_research_monitor_missing_required","profit_factor,largest_winner_share,net_without_largest","missing_required_for_promotion:profit_factor,largest_winner_share,net_without_largest",1
reports/pattern_ml_20260612/regime_shift/cohort_stability.csv,22,multi_timeframe_regime_selector,cohort_stability,multi_timeframe_regime_selector:cohort_stability:reports/pattern_ml_20260612/regime_shift/cohort_stability.csv:22,,492.300065,,202.7999815,65.0,,,55.0,diagnostic_only,"positive_net,sample_primary_level,preferred_drawdown,capped_from_research_monitor_missing_required","profit_factor,largest_winner_share,net_without_largest","missing_required_for_promotion:profit_factor,largest_winner_share,net_without_largest",1
reports/pattern_ml_20260612/regime_shift/predefined_rule_audit.csv,15,multi_timeframe_regime_selector,predefined_rule_audit,multi_timeframe_regime_selector:predefined_rule_audit:reports/pattern_ml_20260612/regime_shift/predefined_rule_audit.csv:15,,492.300065,,202.7999815,65.0,,,55.0,diagnostic_only,"positive_net,sample_primary_level,preferred_drawdown,capped_from_research_monitor_missing_required","profit_factor,largest_winner_share,net_without_largest","missing_required_for_promotion:profit_factor,largest_winner_share,net_without_largest",1
reports/pattern_ml_20260612/performance_breakdowns.csv,0,unknown_other,performance_breakdowns,unknown_other:performance_breakdowns:reports/pattern_ml_20260612/performance_breakdowns.csv:0,,151.1600655,,462.7600095,83.0,,,55.0,diagnostic_only,"positive_net,sample_primary_level,preferred_drawdown,capped_from_research_monitor_missing_required","profit_factor,largest_winner_share,net_without_largest","missing_required_for_promotion:profit_factor,largest_winner_share,net_without_largest",1
reports/ema_forward_monitor_20260620/ema_forward_monitor_summary.csv,5,ema_pullback,ema_pullback_trend,ema_pullback:ema_pullback_trend:reports/ema_forward_monitor_20260620/ema_forward_monitor_summary.csv:5,fail,987.2899999999928,7.911513805966264,0.0,4.0,0.4410804178248395,551.8157142857101,45.0,diagnostic_only,"positive_net,pf_primary_level,thin_sample,preferred_drawdown,positive_ex_largest,largest_share_high,source_status_negative,capped_from_research_monitor_family_cap",,family_status_cap:ema_pullback<=diagnostic_only,1
reports/ema_forward_monitor_20260620/ema_forward_monitor_summary.csv,18,ema_pullback,ema_pullback_trend,ema_pullback:ema_pullback_trend:reports/ema_forward_monitor_20260620/ema_forward_monitor_summary.csv:18,fail,983.2899999999928,7.835658883934183,0.0,4.0,0.4418577283550995,548.8157142857101,45.0,diagnostic_only,"positive_net,pf_primary_level,thin_sample,preferred_drawdown,positive_ex_largest,largest_share_high,source_status_negative,capped_from_research_monitor_family_cap",,family_status_cap:ema_pullback<=diagnostic_only,1
reports/ema_forward_monitor_20260620/ema_forward_monitor_summary.csv,31,ema_pullback,ema_pullback_trend,ema_pullback:ema_pullback_trend:reports/ema_forward_monitor_20260620/ema_forward_monitor_summary.csv:31,fail,979.2899999999928,7.760851340822195,0.0,4.0,0.4426413888779481,545.8157142857101,45.0,diagnostic_only,"positive_net,pf_primary_level,thin_sample,preferred_drawdown,positive_ex_largest,largest_share_high,source_status_negative,capped_from_research_monitor_family_cap",,family_status_cap:ema_pullback<=diagnostic_only,1
reports/ema_forward_monitor_20260620/ema_forward_monitor_summary.csv,3,ema_pullback,ema_pullback_trend,ema_pullback:ema_pullback_trend:reports/ema_forward_monitor_20260620/ema_forward_monitor_summary.csv:3,fail,972.3557142857172,3.104477335056546,155.74,7.0,0.4372033162467006,547.2385714285724,45.0,diagnostic_only,"positive_net,pf_primary_level,thin_sample,preferred_drawdown,positive_ex_largest,largest_share_high,source_status_negative,capped_from_research_monitor_family_cap",,family_status_cap:ema_pullback<=diagnostic_only,1
reports/ema_forward_monitor_20260620/ema_forward_monitor_summary.csv,16,ema_pullback,ema_pullback_trend,ema_pullback:ema_pullback_trend:reports/ema_forward_monitor_20260620/ema_forward_monitor_summary.csv:16,fail,965.3557142857172,3.075848849104085,156.74,7.0,0.4393376830746335,541.2385714285724,45.0,diagnostic_only,"positive_net,pf_primary_level,thin_sample,preferred_drawdown,positive_ex_largest,largest_share_high,source_status_negative,capped_from_research_monitor_family_cap",,family_status_cap:ema_pullback<=diagnostic_only,1
reports/ema_forward_monitor_20260620/ema_forward_monitor_summary.csv,29,ema_pullback,ema_pullback_trend,ema_pullback:ema_pullback_trend:reports/ema_forward_monitor_20260620/ema_forward_monitor_summary.csv:29,fail,958.3557142857172,3.0475873625350736,157.74,7.0,0.4415032294897965,535.2385714285724,45.0,diagnostic_only,"positive_net,pf_primary_level,thin_sample,preferred_drawdown,positive_ex_largest,largest_share_high,source_status_negative,capped_from_research_monitor_family_cap",,family_status_cap:ema_pullback<=diagnostic_only,1
reports/pattern_ml_20260612/regime_shift/cohort_stability.csv,37,multi_timeframe_regime_selector,cohort_stability,multi_timeframe_regime_selector:cohort_stability:reports/pattern_ml_20260612/regime_shift/cohort_stability.csv:37,,912.4000695,,133.419963,45.0,,,45.0,diagnostic_only,"positive_net,sample_monitor_level,preferred_drawdown,capped_from_research_monitor_missing_required","profit_factor,largest_winner_share,net_without_largest","missing_required_for_promotion:profit_factor,largest_winner_share,net_without_largest",1
reports/pattern_ml_20260612/performance_breakdowns.csv,30,unknown_other,performance_breakdowns,unknown_other:performance_breakdowns:reports/pattern_ml_20260612/performance_breakdowns.csv:30,,910.279979,,135.419982,39.0,,,45.0,diagnostic_only,"positive_net,sample_monitor_level,preferred_drawdown,capped_from_research_monitor_missing_required","profit_factor,largest_winner_share,net_without_largest","missing_required_for_promotion:profit_factor,largest_winner_share,net_without_largest",1
reports/pattern_ml_20260612/regime_shift/cohort_stability.csv,11,multi_timeframe_regime_selector,cohort_stability,multi_timeframe_regime_selector:cohort_stability:reports/pattern_ml_20260612/regime_shift/cohort_stability.csv:11,,910.279979,,135.419982,39.0,,,45.0,diagnostic_only,"positive_net,sample_monitor_level,preferred_drawdown,capped_from_research_monitor_missing_required","profit_factor,largest_winner_share,net_without_largest","missing_required_for_promotion:profit_factor,largest_winner_share,net_without_largest",1
reports/pattern_ml_20260612/regime_shift/predefined_rule_audit.csv,31,multi_timeframe_regime_selector,predefined_rule_audit,multi_timeframe_regime_selector:predefined_rule_audit:reports/pattern_ml_20260612/regime_shift/predefined_rule_audit.csv:31,,910.279979,,135.419982,39.0,,,45.0,diagnostic_only,"positive_net,sample_monitor_level,preferred_drawdown,capped_from_research_monitor_missing_required","profit_factor,largest_winner_share,net_without_largest","missing_required_for_promotion:profit_factor,largest_winner_share,net_without_largest",1
reports/pattern_ml_20260612/regime_shift/cohort_stability.csv,45,multi_timeframe_regime_selector,cohort_stability,multi_timeframe_regime_selector:cohort_stability:reports/pattern_ml_20260612/regime_shift/cohort_stability.csv:45,,702.439978,,151.3999845,47.0,,,45.0,diagnostic_only,"positive_net,sample_monitor_level,preferred_drawdown,capped_from_research_monitor_missing_required","profit_factor,largest_winner_share,net_without_largest","missing_required_for_promotion:profit_factor,largest_winner_share,net_without_largest",1
reports/pattern_ml_20260612/performance_breakdowns.csv,2,unknown_other,performance_breakdowns,unknown_other:performance_breakdowns:reports/pattern_ml_20260612/performance_breakdowns.csv:2,,552.479994,,166.239987,49.0,,,45.0,diagnostic_only,"positive_net,sample_monitor_level,preferred_drawdown,capped_from_research_monitor_missing_required","profit_factor,largest_winner_share,net_without_largest","missing_required_for_promotion:profit_factor,largest_winner_share,net_without_largest",1
reports/ema_forward_monitor_20260620/ema_forward_monitor_summary.csv,2,ema_pullback,ema_pullback_trend,ema_pullback:ema_pullback_trend:reports/ema_forward_monitor_20260620/ema_forward_monitor_summary.csv:2,fail,531.29,4.495558918349891,0.0,4.0,0.4414645754403761,296.74428571428257,45.0,diagnostic_only,"positive_net,pf_primary_level,thin_sample,preferred_drawdown,positive_ex_largest,largest_share_high,source_status_negative,capped_from_research_monitor_family_cap",,family_status_cap:ema_pullback<=diagnostic_only,1
reports/ema_forward_monitor_20260620/ema_forward_monitor_summary.csv,15,ema_pullback,ema_pullback_trend,ema_pullback:ema_pullback_trend:reports/ema_forward_monitor_20260620/ema_forward_monitor_summary.csv:15,fail,527.29,4.446565134976142,0.0,4.0,0.4429170177430207,293.74428571428257,45.0,diagnostic_only,"positive_net,pf_primary_level,thin_sample,preferred_drawdown,positive_ex_largest,largest_share_high,source_status_negative,capped_from_research_monitor_family_cap",,family_status_cap:ema_pullback<=diagnostic_only,1
reports/ema_forward_monitor_20260620/ema_forward_monitor_summary.csv,28,ema_pullback,ema_pullback_trend,ema_pullback:ema_pullback_trend:reports/ema_forward_monitor_20260620/ema_forward_monitor_summary.csv:28,fail,523.29,4.398207675823105,0.0,4.0,0.4443916648239359,290.74428571428257,45.0,diagnostic_only,"positive_net,pf_primary_level,thin_sample,preferred_drawdown,positive_ex_largest,largest_share_high,source_status_negative,capped_from_research_monitor_family_cap",,family_status_cap:ema_pullback<=diagnostic_only,1
reports/ema_forward_monitor_20260620/ema_forward_monitor_summary.csv,8,ema_pullback,ema_pullback_trend,ema_pullback:ema_pullback_trend:reports/ema_forward_monitor_20260620/ema_forward_monitor_summary.csv:8,fail,499.9785714285724,1.8752666551626709,437.09714285714495,5.0,0.959703987313738,20.1471428571449,45.0,diagnostic_only,"positive_net,pf_primary_level,thin_sample,preferred_drawdown,positive_ex_largest,largest_share_high,source_status_negative,capped_from_research_monitor_family_cap",,family_status_cap:ema_pullback<=diagnostic_only,1
reports/ema_forward_monitor_20260620/ema_forward_monitor_summary.csv,21,ema_pullback,ema_pullback_trend,ema_pullback:ema_pullback_trend:reports/ema_forward_monitor_20260620/ema_forward_monitor_summary.csv:21,fail,494.9785714285724,1.8634903466820865,438.09714285714495,5.0,0.9673780971759198,16.1471428571449,45.0,diagnostic_only,"positive_net,pf_primary_level,thin_sample,preferred_drawdown,positive_ex_largest,largest_share_high,source_status_negative,capped_from_research_monitor_family_cap",,family_status_cap:ema_pullback<=diagnostic_only,1
reports/ema_forward_monitor_20260620/ema_forward_monitor_summary.csv,34,ema_pullback,ema_pullback_trend,ema_pullback:ema_pullback_trend:reports/ema_forward_monitor_20260620/ema_forward_monitor_summary.csv:34,fail,489.9785714285724,1.851795927591698,439.09714285714495,5.0,0.9752088283744146,12.1471428571449,45.0,diagnostic_only,"positive_net,pf_primary_level,thin_sample,preferred_drawdown,positive_ex_largest,largest_share_high,source_status_negative,capped_from_research_monitor_family_cap",,family_status_cap:ema_pullback<=diagnostic_only,1
reports/pattern_ml_20260612/regime_shift/cohort_stability.csv,20,multi_timeframe_regime_selector,cohort_stability,multi_timeframe_regime_selector:cohort_stability:reports/pattern_ml_20260612/regime_shift/cohort_stability.csv:20,,316.820094,,206.079977,41.0,,,45.0,diagnostic_only,"positive_net,sample_monitor_level,preferred_drawdown,capped_from_research_monitor_missing_required","profit_factor,largest_winner_share,net_without_largest","missing_required_for_promotion:profit_factor,largest_winner_share,net_without_largest",1
reports/pattern_ml_20260612/regime_shift/predefined_rule_audit.csv,12,multi_timeframe_regime_selector,predefined_rule_audit,multi_timeframe_regime_selector:predefined_rule_audit:reports/pattern_ml_20260612/regime_shift/predefined_rule_audit.csv:12,,316.820094,,206.079977,41.0,,,45.0,diagnostic_only,"positive_net,sample_monitor_level,preferred_drawdown,capped_from_research_monitor_missing_required","profit_factor,largest_winner_share,net_without_largest","missing_required_for_promotion:profit_factor,largest_winner_share,net_without_largest",1
reports/pattern_ml_20260612/performance_breakdowns.csv,3,unknown_other,performance_breakdowns,unknown_other:performance_breakdowns:reports/pattern_ml_20260612/performance_breakdowns.csv:3,,293.1200605,,208.3399495,31.0,,,45.0,diagnostic_only,"positive_net,sample_monitor_level,preferred_drawdown,capped_from_research_monitor_missing_required","profit_factor,largest_winner_share,net_without_largest","missing_required_for_promotion:profit_factor,largest_winner_share,net_without_largest",1
reports/pattern_ml_20260612/regime_shift/cohort_stability.csv,28,multi_timeframe_regime_selector,cohort_stability,multi_timeframe_regime_selector:cohort_stability:reports/pattern_ml_20260612/regime_shift/cohort_stability.csv:28,,219.4400995,,230.059975,47.0,,,45.0,diagnostic_only,"positive_net,sample_monitor_level,preferred_drawdown,capped_from_research_monitor_missing_required","profit_factor,largest_winner_share,net_without_largest","missing_required_for_promotion:profit_factor,largest_winner_share,net_without_largest",1
reports/pattern_ml_20260612/regime_shift/period_summary.csv,0,multi_timeframe_regime_selector,period_summary,multi_timeframe_regime_selector:period_summary:reports/pattern_ml_20260612/regime_shift/period_summary.csv:0,,219.4400995,,230.059975,47.0,,,45.0,diagnostic_only,"positive_net,sample_monitor_level,preferred_drawdown,capped_from_research_monitor_missing_required","profit_factor,largest_winner_share,net_without_largest","missing_required_for_promotion:profit_factor,largest_winner_share,net_without_largest",1
reports/pattern_ml_20260612/regime_shift/predefined_rule_audit.csv,0,multi_timeframe_regime_selector,predefined_rule_audit,multi_timeframe_regime_selector:predefined_rule_audit:reports/pattern_ml_20260612/regime_shift/predefined_rule_audit.csv:0,,219.4400995,,230.059975,47.0,,,45.0,diagnostic_only,"positive_net,sample_monitor_level,preferred_drawdown,capped_from_research_monitor_missing_required","profit_factor,largest_winner_share,net_without_largest","missing_required_for_promotion:profit_factor,largest_winner_share,net_without_largest",1
reports/pattern_ml_20260612/regime_shift/predefined_rule_audit.csv,40,multi_timeframe_regime_selector,predefined_rule_audit,multi_timeframe_regime_selector:predefined_rule_audit:reports/pattern_ml_20260612/regime_shift/predefined_rule_audit.csv:40,,219.4400995,,230.059975,47.0,,,45.0,diagnostic_only,"positive_net,sample_monitor_level,preferred_drawdown,capped_from_research_monitor_missing_required","profit_factor,largest_winner_share,net_without_largest","missing_required_for_promotion:profit_factor,largest_winner_share,net_without_largest",1
reports/pattern_ml_20260612/regime_shift/cohort_stability.csv,44,multi_timeframe_regime_selector,cohort_stability,multi_timeframe_regime_selector:cohort_stability:reports/pattern_ml_20260612/regime_shift/cohort_stability.csv:44,,143.1600765,,142.8599895,33.0,,,45.0,diagnostic_only,"positive_net,sample_monitor_level,preferred_drawdown,capped_from_research_monitor_missing_required","profit_factor,largest_winner_share,net_without_largest","missing_required_for_promotion:profit_factor,largest_winner_share,net_without_largest",1
reports/pattern_ml_20260612/regime_shift/predefined_rule_audit.csv,51,multi_timeframe_regime_selector,predefined_rule_audit,multi_timeframe_regime_selector:predefined_rule_audit:reports/pattern_ml_20260612/regime_shift/predefined_rule_audit.csv:51,,143.1600765,,142.8599895,33.0,,,45.0,diagnostic_only,"positive_net,sample_monitor_level,preferred_drawdown,capped_from_research_monitor_missing_required","profit_factor,largest_winner_share,net_without_largest","missing_required_for_promotion:profit_factor,largest_winner_share,net_without_largest",1
reports/pattern_ml_20260612/payoff_asymmetry/cohort_payoff.csv,0,unknown_other,cohort_payoff,unknown_other:cohort_payoff:reports/pattern_ml_20260612/payoff_asymmetry/cohort_payoff.csv:0,,56.0400235,1.12952439,183.760007,27.0,0.18624924,,45.0,diagnostic_only,"positive_net,pf_monitor_level,thin_sample,preferred_drawdown,largest_share_ok,capped_from_research_monitor_missing_required",net_without_largest,missing_required_for_promotion:net_without_largest,1
reports/pattern_ml_20260612/payoff_asymmetry/cohort_payoff.csv,15,unknown_other,cohort_payoff,unknown_other:cohort_payoff:reports/pattern_ml_20260612/payoff_asymmetry/cohort_payoff.csv:15,,54.000004,1.15594319,215.719979,25.0,0.19491357,,45.0,diagnostic_only,"positive_net,pf_monitor_level,thin_sample,preferred_drawdown,largest_share_ok,capped_from_research_monitor_missing_required",net_without_largest,missing_required_for_promotion:net_without_largest,1
reports/pattern_ml_20260612/payoff_asymmetry/cost_sensitivity.csv,12,unknown_other,cost_sensitivity,unknown_other:cost_sensitivity:reports/pattern_ml_20260612/payoff_asymmetry/cost_sensitivity.csv:12,,31.4400995,1.03718698,318.059975,47.0,0.09923594,,40.0,diagnostic_only,"positive_net,weak_pf,sample_monitor_level,preferred_drawdown,largest_share_ok",net_without_largest,,1
reports/ema_forward_monitor_20260620/ema_forward_monitor_summary.csv,10,ema_pullback,ema_pullback_trend,ema_pullback:ema_pullback_trend:reports/ema_forward_monitor_20260620/ema_forward_monitor_summary.csv:10,fail,484.820000000007,1.1420028369269164,1015.3842857142828,32.0,0.0116532792730142,-80.1542857142756,34.0,diagnostic_only,"positive_net,pf_monitor_level,sample_monitor_level,preferred_drawdown,largest_winner_dependency,largest_share_ok,source_status_negative",,,1
reports/ema_forward_monitor_20260620/ema_forward_monitor_summary.csv,23,ema_pullback,ema_pullback_trend,ema_pullback:ema_pullback_trend:reports/ema_forward_monitor_20260620/ema_forward_monitor_summary.csv:23,fail,452.820000000007,1.1318576818599726,1023.3842857142828,32.0,0.012454712373885296,-111.1542857142756,34.0,diagnostic_only,"positive_net,pf_monitor_level,sample_monitor_level,preferred_drawdown,largest_winner_dependency,largest_share_ok,source_status_negative",,,1
reports/ema_forward_monitor_20260620/ema_forward_monitor_summary.csv,36,ema_pullback,ema_pullback_trend,ema_pullback:ema_pullback_trend:reports/ema_forward_monitor_20260620/ema_forward_monitor_summary.csv:36,fail,420.820000000007,1.1218300102154368,1031.384285714283,32.0,0.013378030647646817,-142.1542857142756,34.0,diagnostic_only,"positive_net,pf_monitor_level,sample_monitor_level,preferred_drawdown,largest_winner_dependency,largest_share_ok,source_status_negative",,,1
reports/pattern_ml_20260612/payoff_asymmetry/cohort_payoff.csv,6,unknown_other,cohort_payoff,unknown_other:cohort_payoff:reports/pattern_ml_20260612/payoff_asymmetry/cohort_payoff.csv:6,,640.2000285,,0.0,10.0,0.16716652,,33.0,diagnostic_only,"positive_net,thin_sample,preferred_drawdown,largest_share_ok","profit_factor,net_without_largest",,1
reports/pattern_ml_20260612/payoff_asymmetry/cohort_payoff.csv,18,unknown_other,cohort_payoff,unknown_other:cohort_payoff:reports/pattern_ml_20260612/payoff_asymmetry/cohort_payoff.csv:18,,101.1200135,2.00178352,74.9599855,6.0,0.52964473,,33.0,diagnostic_only,"positive_net,pf_primary_level,thin_sample,preferred_drawdown,largest_share_high",net_without_largest,,1
reports/ema_forward_monitor_20260620/ema_forward_monitor_summary.csv,7,ema_pullback,ema_pullback_trend,ema_pullback:ema_pullback_trend:reports/ema_forward_monitor_20260620/ema_forward_monitor_summary.csv:7,fail,415.8714285714274,1.486721372871604,588.837142857145,5.0,0.016020816873346888,-250.38857142857256,25.0,diagnostic_only,"positive_net,pf_primary_level,thin_sample,preferred_drawdown,largest_winner_dependency,largest_share_ok,source_status_negative",,,1
reports/ema_forward_monitor_20260620/ema_forward_monitor_summary.csv,20,ema_pullback,ema_pullback_trend,ema_pullback:ema_pullback_trend:reports/ema_forward_monitor_20260620/ema_forward_monitor_summary.csv:20,fail,410.8714285714274,1.4791870763940225,590.837142857145,5.0,0.0161914397969473,-254.38857142857256,25.0,diagnostic_only,"positive_net,pf_primary_level,thin_sample,preferred_drawdown,largest_winner_dependency,largest_share_ok,source_status_negative",,,1
reports/ema_forward_monitor_20260620/ema_forward_monitor_summary.csv,33,ema_pullback,ema_pullback_trend,ema_pullback:ema_pullback_trend:reports/ema_forward_monitor_20260620/ema_forward_monitor_summary.csv:33,fail,405.8714285714274,1.4717053182446038,592.837142857145,5.0,0.016366266586885406,-258.38857142857256,25.0,diagnostic_only,"positive_net,pf_primary_level,thin_sample,preferred_drawdown,largest_winner_dependency,largest_share_ok,source_status_negative",,,1
reports/pattern_ml_20260612/payoff_asymmetry/rolling_payoff.csv,0,unknown_other,rolling_payoff,unknown_other:rolling_payoff:reports/pattern_ml_20260612/payoff_asymmetry/rolling_payoff.csv:0,,,1.82020775,,,,,25.0,diagnostic_only,pf_primary_level,"net_dollars,max_drawdown_dollars,trades,largest_winner_share,net_without_largest",,1
reports/pattern_ml_20260612/payoff_asymmetry/rolling_payoff.csv,1,unknown_other,rolling_payoff,unknown_other:rolling_payoff:reports/pattern_ml_20260612/payoff_asymmetry/rolling_payoff.csv:1,,,1.69005872,,,,,25.0,diagnostic_only,pf_primary_level,"net_dollars,max_drawdown_dollars,trades,largest_winner_share,net_without_largest",,1
reports/pattern_ml_20260612/payoff_asymmetry/rolling_payoff.csv,2,unknown_other,rolling_payoff,unknown_other:rolling_payoff:reports/pattern_ml_20260612/payoff_asymmetry/rolling_payoff.csv:2,,,1.88866804,,,,,25.0,diagnostic_only,pf_primary_level,"net_dollars,max_drawdown_dollars,trades,largest_winner_share,net_without_largest",,1
reports/pattern_ml_20260612/payoff_asymmetry/rolling_payoff.csv,3,unknown_other,rolling_payoff,unknown_other:rolling_payoff:reports/pattern_ml_20260612/payoff_asymmetry/rolling_payoff.csv:3,,,1.90408686,,,,,25.0,diagnostic_only,pf_primary_level,"net_dollars,max_drawdown_dollars,trades,largest_winner_share,net_without_largest",,1
reports/pattern_ml_20260612/payoff_asymmetry/rolling_payoff.csv,4,unknown_other,rolling_payoff,unknown_other:rolling_payoff:reports/pattern_ml_20260612/payoff_asymmetry/rolling_payoff.csv:4,,,1.92507955,,,,,25.0,diagnostic_only,pf_primary_level,"net_dollars,max_drawdown_dollars,trades,largest_winner_share,net_without_largest",,1
reports/pattern_ml_20260612/payoff_asymmetry/rolling_payoff.csv,5,unknown_other,rolling_payoff,unknown_other:rolling_payoff:reports/pattern_ml_20260612/payoff_asymmetry/rolling_payoff.csv:5,,,1.6353123,,,,,25.0,diagnostic_only,pf_primary_level,"net_dollars,max_drawdown_dollars,trades,largest_winner_share,net_without_largest",,1
reports/pattern_ml_20260612/payoff_asymmetry/rolling_payoff.csv,6,unknown_other,rolling_payoff,unknown_other:rolling_payoff:reports/pattern_ml_20260612/payoff_asymmetry/rolling_payoff.csv:6,,,1.60725031,,,,,25.0,diagnostic_only,pf_primary_level,"net_dollars,max_drawdown_dollars,trades,largest_winner_share,net_without_largest",,1
reports/pattern_ml_20260612/payoff_asymmetry/rolling_payoff.csv,7,unknown_other,rolling_payoff,unknown_other:rolling_payoff:reports/pattern_ml_20260612/payoff_asymmetry/rolling_payoff.csv:7,,,1.4846445,,,,,25.0,diagnostic_only,pf_primary_level,"net_dollars,max_drawdown_dollars,trades,largest_winner_share,net_without_largest",,1
reports/pattern_ml_20260612/payoff_asymmetry/rolling_payoff.csv,8,unknown_other,rolling_payoff,unknown_other:rolling_payoff:reports/pattern_ml_20260612/payoff_asymmetry/rolling_payoff.csv:8,,,1.31049508,,,,,25.0,diagnostic_only,pf_primary_level,"net_dollars,max_drawdown_dollars,trades,largest_winner_share,net_without_largest",,1
reports/pattern_ml_20260612/payoff_asymmetry/rolling_payoff.csv,9,unknown_other,rolling_payoff,unknown_other:rolling_payoff:reports/pattern_ml_20260612/payoff_asymmetry/rolling_payoff.csv:9,,,1.36014372,,,,,25.0,diagnostic_only,pf_primary_level,"net_dollars,max_drawdown_dollars,trades,largest_winner_share,net_without_largest",,1
reports/pattern_ml_20260612/payoff_asymmetry/rolling_payoff.csv,10,unknown_other,rolling_payoff,unknown_other:rolling_payoff:reports/pattern_ml_20260612/payoff_asymmetry/rolling_payoff.csv:10,,,1.26590614,,,,,25.0,diagnostic_only,pf_primary_level,"net_dollars,max_drawdown_dollars,trades,largest_winner_share,net_without_largest",,1
reports/pattern_ml_20260612/payoff_asymmetry/rolling_payoff.csv,11,unknown_other,rolling_payoff,unknown_other:rolling_payoff:reports/pattern_ml_20260612/payoff_asymmetry/rolling_payoff.csv:11,,,1.31603764,,,,,25.0,diagnostic_only,pf_primary_level,"net_dollars,max_drawdown_dollars,trades,largest_winner_share,net_without_largest",,1
reports/pattern_ml_20260612/payoff_asymmetry/rolling_payoff.csv,12,unknown_other,rolling_payoff,unknown_other:rolling_payoff:reports/pattern_ml_20260612/payoff_asymmetry/rolling_payoff.csv:12,,,1.21927148,,,,,25.0,diagnostic_only,pf_primary_level,"net_dollars,max_drawdown_dollars,trades,largest_winner_share,net_without_largest",,1
reports/pattern_ml_20260612/payoff_asymmetry/rolling_payoff.csv,108,unknown_other,rolling_payoff,unknown_other:rolling_payoff:reports/pattern_ml_20260612/payoff_asymmetry/rolling_payoff.csv:108,,,1.32483486,,,,,25.0,diagnostic_only,pf_primary_level,"net_dollars,max_drawdown_dollars,trades,largest_winner_share,net_without_largest",,1
reports/pattern_ml_20260612/payoff_asymmetry/rolling_payoff.csv,109,unknown_other,rolling_payoff,unknown_other:rolling_payoff:reports/pattern_ml_20260612/payoff_asymmetry/rolling_payoff.csv:109,,,1.4532568,,,,,25.0,diagnostic_only,pf_primary_level,"net_dollars,max_drawdown_dollars,trades,largest_winner_share,net_without_largest",,1
reports/pattern_ml_20260612/payoff_asymmetry/rolling_payoff.csv,110,unknown_other,rolling_payoff,unknown_other:rolling_payoff:reports/pattern_ml_20260612/payoff_asymmetry/rolling_payoff.csv:110,,,1.49156492,,,,,25.0,diagnostic_only,pf_primary_level,"net_dollars,max_drawdown_dollars,trades,largest_winner_share,net_without_largest",,1
reports/pattern_ml_20260612/payoff_asymmetry/rolling_payoff.csv,111,unknown_other,rolling_payoff,unknown_other:rolling_payoff:reports/pattern_ml_20260612/payoff_asymmetry/rolling_payoff.csv:111,,,1.27964301,,,,,25.0,diagnostic_only,pf_primary_level,"net_dollars,max_drawdown_dollars,trades,largest_winner_share,net_without_largest",,1
reports/pattern_ml_20260612/payoff_asymmetry/rolling_payoff.csv,112,unknown_other,rolling_payoff,unknown_other:rolling_payoff:reports/pattern_ml_20260612/payoff_asymmetry/rolling_payoff.csv:112,,,1.40155308,,,,,25.0,diagnostic_only,pf_primary_level,"net_dollars,max_drawdown_dollars,trades,largest_winner_share,net_without_largest",,1
reports/pattern_ml_20260612/payoff_asymmetry/rolling_payoff.csv,113,unknown_other,rolling_payoff,unknown_other:rolling_payoff:reports/pattern_ml_20260612/payoff_asymmetry/rolling_payoff.csv:113,,,1.55923258,,,,,25.0,diagnostic_only,pf_primary_level,"net_dollars,max_drawdown_dollars,trades,largest_winner_share,net_without_largest",,1
reports/pattern_ml_20260612/payoff_asymmetry/rolling_payoff.csv,114,unknown_other,rolling_payoff,unknown_other:rolling_payoff:reports/pattern_ml_20260612/payoff_asymmetry/rolling_payoff.csv:114,,,1.80246437,,,,,25.0,diagnostic_only,pf_primary_level,"net_dollars,max_drawdown_dollars,trades,largest_winner_share,net_without_largest",,1
reports/pattern_ml_20260612/payoff_asymmetry/rolling_payoff.csv,115,unknown_other,rolling_payoff,unknown_other:rolling_payoff:reports/pattern_ml_20260612/payoff_asymmetry/rolling_payoff.csv:115,,,1.77565363,,,,,25.0,diagnostic_only,pf_primary_level,"net_dollars,max_drawdown_dollars,trades,largest_winner_share,net_without_largest",,1
reports/pattern_ml_20260612/payoff_asymmetry/rolling_payoff.csv,116,unknown_other,rolling_payoff,unknown_other:rolling_payoff:reports/pattern_ml_20260612/payoff_asymmetry/rolling_payoff.csv:116,,,1.77213902,,,,,25.0,diagnostic_only,pf_primary_level,"net_dollars,max_drawdown_dollars,trades,largest_winner_share,net_without_largest",,1
reports/pattern_ml_20260612/payoff_asymmetry/rolling_payoff.csv,117,unknown_other,rolling_payoff,unknown_other:rolling_payoff:reports/pattern_ml_20260612/payoff_asymmetry/rolling_payoff.csv:117,,,2.08698511,,,,,25.0,diagnostic_only,pf_primary_level,"net_dollars,max_drawdown_dollars,trades,largest_winner_share,net_without_largest",,1
reports/pattern_ml_20260612/payoff_asymmetry/rolling_payoff.csv,118,unknown_other,rolling_payoff,unknown_other:rolling_payoff:reports/pattern_ml_20260612/payoff_asymmetry/rolling_payoff.csv:118,,,2.16249116,,,,,25.0,diagnostic_only,pf_primary_level,"net_dollars,max_drawdown_dollars,trades,largest_winner_share,net_without_largest",,1
reports/pattern_ml_20260612/payoff_asymmetry/rolling_payoff.csv,119,unknown_other,rolling_payoff,unknown_other:rolling_payoff:reports/pattern_ml_20260612/payoff_asymmetry/rolling_payoff.csv:119,,,2.17379724,,,,,25.0,diagnostic_only,pf_primary_level,"net_dollars,max_drawdown_dollars,trades,largest_winner_share,net_without_largest",,1
reports/pattern_ml_20260612/payoff_asymmetry/rolling_payoff.csv,120,unknown_other,rolling_payoff,unknown_other:rolling_payoff:reports/pattern_ml_20260612/payoff_asymmetry/rolling_payoff.csv:120,,,2.08560983,,,,,25.0,diagnostic_only,pf_primary_level,"net_dollars,max_drawdown_dollars,trades,largest_winner_share,net_without_largest",,1
reports/pattern_ml_20260612/payoff_asymmetry/rolling_payoff.csv,121,unknown_other,rolling_payoff,unknown_other:rolling_payoff:reports/pattern_ml_20260612/payoff_asymmetry/rolling_payoff.csv:121,,,1.86082672,,,,,25.0,diagnostic_only,pf_primary_level,"net_dollars,max_drawdown_dollars,trades,largest_winner_share,net_without_largest",,1
reports/pattern_ml_20260612/payoff_asymmetry/rolling_payoff.csv,122,unknown_other,rolling_payoff,unknown_other:rolling_payoff:reports/pattern_ml_20260612/payoff_asymmetry/rolling_payoff.csv:122,,,1.69206632,,,,,25.0,diagnostic_only,pf_primary_level,"net_dollars,max_drawdown_dollars,trades,largest_winner_share,net_without_largest",,1
reports/pattern_ml_20260612/payoff_asymmetry/rolling_payoff.csv,123,unknown_other,rolling_payoff,unknown_other:rolling_payoff:reports/pattern_ml_20260612/payoff_asymmetry/rolling_payoff.csv:123,,,1.66694595,,,,,25.0,diagnostic_only,pf_primary_level,"net_dollars,max_drawdown_dollars,trades,largest_winner_share,net_without_largest",,1
reports/pattern_ml_20260612/payoff_asymmetry/rolling_payoff.csv,124,unknown_other,rolling_payoff,unknown_other:rolling_payoff:reports/pattern_ml_20260612/payoff_asymmetry/rolling_payoff.csv:124,,,1.60156894,,,,,25.0,diagnostic_only,pf_primary_level,"net_dollars,max_drawdown_dollars,trades,largest_winner_share,net_without_largest",,1
reports/pattern_ml_20260612/payoff_asymmetry/rolling_payoff.csv,125,unknown_other,rolling_payoff,unknown_other:rolling_payoff:reports/pattern_ml_20260612/payoff_asymmetry/rolling_payoff.csv:125,,,1.70382373,,,,,25.0,diagnostic_only,pf_primary_level,"net_dollars,max_drawdown_dollars,trades,largest_winner_share,net_without_largest",,1
reports/pattern_ml_20260612/payoff_asymmetry/rolling_payoff.csv,126,unknown_other,rolling_payoff,unknown_other:rolling_payoff:reports/pattern_ml_20260612/payoff_asymmetry/rolling_payoff.csv:126,,,1.82421608,,,,,25.0,diagnostic_only,pf_primary_level,"net_dollars,max_drawdown_dollars,trades,largest_winner_share,net_without_largest",,1
reports/pattern_ml_20260612/payoff_asymmetry/rolling_payoff.csv,127,unknown_other,rolling_payoff,unknown_other:rolling_payoff:reports/pattern_ml_20260612/payoff_asymmetry/rolling_payoff.csv:127,,,1.84951027,,,,,25.0,diagnostic_only,pf_primary_level,"net_dollars,max_drawdown_dollars,trades,largest_winner_share,net_without_largest",,1
reports/pattern_ml_20260612/payoff_asymmetry/rolling_payoff.csv,128,unknown_other,rolling_payoff,unknown_other:rolling_payoff:reports/pattern_ml_20260612/payoff_asymmetry/rolling_payoff.csv:128,,,1.83888631,,,,,25.0,diagnostic_only,pf_primary_level,"net_dollars,max_drawdown_dollars,trades,largest_winner_share,net_without_largest",,1
reports/pattern_ml_20260612/payoff_asymmetry/rolling_payoff.csv,129,unknown_other,rolling_payoff,unknown_other:rolling_payoff:reports/pattern_ml_20260612/payoff_asymmetry/rolling_payoff.csv:129,,,1.82421613,,,,,25.0,diagnostic_only,pf_primary_level,"net_dollars,max_drawdown_dollars,trades,largest_winner_share,net_without_largest",,1
reports/pattern_ml_20260612/payoff_asymmetry/rolling_payoff.csv,130,unknown_other,rolling_payoff,unknown_other:rolling_payoff:reports/pattern_ml_20260612/payoff_asymmetry/rolling_payoff.csv:130,,,1.64622457,,,,,25.0,diagnostic_only,pf_primary_level,"net_dollars,max_drawdown_dollars,trades,largest_winner_share,net_without_largest",,1
reports/pattern_ml_20260612/payoff_asymmetry/rolling_payoff.csv,131,unknown_other,rolling_payoff,unknown_other:rolling_payoff:reports/pattern_ml_20260612/payoff_asymmetry/rolling_payoff.csv:131,,,1.7902665,,,,,25.0,diagnostic_only,pf_primary_level,"net_dollars,max_drawdown_dollars,trades,largest_winner_share,net_without_largest",,1
reports/pattern_ml_20260612/payoff_asymmetry/rolling_payoff.csv,132,unknown_other,rolling_payoff,unknown_other:rolling_payoff:reports/pattern_ml_20260612/payoff_asymmetry/rolling_payoff.csv:132,,,1.49214863,,,,,25.0,diagnostic_only,pf_primary_level,"net_dollars,max_drawdown_dollars,trades,largest_winner_share,net_without_largest",,1
reports/pattern_ml_20260612/payoff_asymmetry/rolling_payoff.csv,133,unknown_other,rolling_payoff,unknown_other:rolling_payoff:reports/pattern_ml_20260612/payoff_asymmetry/rolling_payoff.csv:133,,,1.49361817,,,,,25.0,diagnostic_only,pf_primary_level,"net_dollars,max_drawdown_dollars,trades,largest_winner_share,net_without_largest",,1
reports/pattern_ml_20260612/payoff_asymmetry/rolling_payoff.csv,134,unknown_other,rolling_payoff,unknown_other:rolling_payoff:reports/pattern_ml_20260612/payoff_asymmetry/rolling_payoff.csv:134,,,1.73439214,,,,,25.0,diagnostic_only,pf_primary_level,"net_dollars,max_drawdown_dollars,trades,largest_winner_share,net_without_largest",,1
reports/pattern_ml_20260612/payoff_asymmetry/rolling_payoff.csv,135,unknown_other,rolling_payoff,unknown_other:rolling_payoff:reports/pattern_ml_20260612/payoff_asymmetry/rolling_payoff.csv:135,,,1.54513825,,,,,25.0,diagnostic_only,pf_primary_level,"net_dollars,max_drawdown_dollars,trades,largest_winner_share,net_without_largest",,1
reports/pattern_ml_20260612/payoff_asymmetry/rolling_payoff.csv,136,unknown_other,rolling_payoff,unknown_other:rolling_payoff:reports/pattern_ml_20260612/payoff_asymmetry/rolling_payoff.csv:136,,,1.55166421,,,,,25.0,diagnostic_only,pf_primary_level,"net_dollars,max_drawdown_dollars,trades,largest_winner_share,net_without_largest",,1
reports/pattern_ml_20260612/payoff_asymmetry/rolling_payoff.csv,138,unknown_other,rolling_payoff,unknown_other:rolling_payoff:reports/pattern_ml_20260612/payoff_asymmetry/rolling_payoff.csv:138,,,1.27803242,,,,,25.0,diagnostic_only,pf_primary_level,"net_dollars,max_drawdown_dollars,trades,largest_winner_share,net_without_largest",,1
reports/pattern_ml_20260612/payoff_asymmetry/rolling_payoff.csv,139,unknown_other,rolling_payoff,unknown_other:rolling_payoff:reports/pattern_ml_20260612/payoff_asymmetry/rolling_payoff.csv:139,,,1.38496795,,,,,25.0,diagnostic_only,pf_primary_level,"net_dollars,max_drawdown_dollars,trades,largest_winner_share,net_without_largest",,1
reports/pattern_ml_20260612/payoff_asymmetry/rolling_payoff.csv,140,unknown_other,rolling_payoff,unknown_other:rolling_payoff:reports/pattern_ml_20260612/payoff_asymmetry/rolling_payoff.csv:140,,,1.53436766,,,,,25.0,diagnostic_only,pf_primary_level,"net_dollars,max_drawdown_dollars,trades,largest_winner_share,net_without_largest",,1
reports/pattern_ml_20260612/payoff_asymmetry/rolling_payoff.csv,141,unknown_other,rolling_payoff,unknown_other:rolling_payoff:reports/pattern_ml_20260612/payoff_asymmetry/rolling_payoff.csv:141,,,1.63212872,,,,,25.0,diagnostic_only,pf_primary_level,"net_dollars,max_drawdown_dollars,trades,largest_winner_share,net_without_largest",,1
reports/pattern_ml_20260612/payoff_asymmetry/rolling_payoff.csv,142,unknown_other,rolling_payoff,unknown_other:rolling_payoff:reports/pattern_ml_20260612/payoff_asymmetry/rolling_payoff.csv:142,,,1.41905162,,,,,25.0,diagnostic_only,pf_primary_level,"net_dollars,max_drawdown_dollars,trades,largest_winner_share,net_without_largest",,1
reports/pattern_ml_20260612/payoff_asymmetry/rolling_payoff.csv,143,unknown_other,rolling_payoff,unknown_other:rolling_payoff:reports/pattern_ml_20260612/payoff_asymmetry/rolling_payoff.csv:143,,,1.21633415,,,,,25.0,diagnostic_only,pf_primary_level,"net_dollars,max_drawdown_dollars,trades,largest_winner_share,net_without_largest",,1
reports/pattern_ml_20260612/payoff_asymmetry/rolling_payoff.csv,146,unknown_other,rolling_payoff,unknown_other:rolling_payoff:reports/pattern_ml_20260612/payoff_asymmetry/rolling_payoff.csv:146,,,1.28953416,,,,,25.0,diagnostic_only,pf_primary_level,"net_dollars,max_drawdown_dollars,trades,largest_winner_share,net_without_largest",,1
reports/pattern_ml_20260612/payoff_asymmetry/rolling_payoff.csv,147,unknown_other,rolling_payoff,unknown_other:rolling_payoff:reports/pattern_ml_20260612/payoff_asymmetry/rolling_payoff.csv:147,,,1.26446625,,,,,25.0,diagnostic_only,pf_primary_level,"net_dollars,max_drawdown_dollars,trades,largest_winner_share,net_without_largest",,1
reports/pattern_ml_20260612/payoff_asymmetry/rolling_payoff.csv,148,unknown_other,rolling_payoff,unknown_other:rolling_payoff:reports/pattern_ml_20260612/payoff_asymmetry/rolling_payoff.csv:148,,,1.44309948,,,,,25.0,diagnostic_only,pf_primary_level,"net_dollars,max_drawdown_dollars,trades,largest_winner_share,net_without_largest",,1
reports/pattern_ml_20260612/payoff_asymmetry/rolling_payoff.csv,149,unknown_other,rolling_payoff,unknown_other:rolling_payoff:reports/pattern_ml_20260612/payoff_asymmetry/rolling_payoff.csv:149,,,1.47402364,,,,,25.0,diagnostic_only,pf_primary_level,"net_dollars,max_drawdown_dollars,trades,largest_winner_share,net_without_largest",,1
reports/pattern_ml_20260612/payoff_asymmetry/rolling_payoff.csv,150,unknown_other,rolling_payoff,unknown_other:rolling_payoff:reports/pattern_ml_20260612/payoff_asymmetry/rolling_payoff.csv:150,,,1.59109379,,,,,25.0,diagnostic_only,pf_primary_level,"net_dollars,max_drawdown_dollars,trades,largest_winner_share,net_without_largest",,1
reports/pattern_ml_20260612/payoff_asymmetry/rolling_payoff.csv,151,unknown_other,rolling_payoff,unknown_other:rolling_payoff:reports/pattern_ml_20260612/payoff_asymmetry/rolling_payoff.csv:151,,,1.81314471,,,,,25.0,diagnostic_only,pf_primary_level,"net_dollars,max_drawdown_dollars,trades,largest_winner_share,net_without_largest",,1
reports/pattern_ml_20260612/payoff_asymmetry/rolling_payoff.csv,152,unknown_other,rolling_payoff,unknown_other:rolling_payoff:reports/pattern_ml_20260612/payoff_asymmetry/rolling_payoff.csv:152,,,1.97804715,,,,,25.0,diagnostic_only,pf_primary_level,"net_dollars,max_drawdown_dollars,trades,largest_winner_share,net_without_largest",,1
reports/pattern_ml_20260612/payoff_asymmetry/rolling_payoff.csv,153,unknown_other,rolling_payoff,unknown_other:rolling_payoff:reports/pattern_ml_20260612/payoff_asymmetry/rolling_payoff.csv:153,,,2.10506632,,,,,25.0,diagnostic_only,pf_primary_level,"net_dollars,max_drawdown_dollars,trades,largest_winner_share,net_without_largest",,1
reports/pattern_ml_20260612/payoff_asymmetry/rolling_payoff.csv,154,unknown_other,rolling_payoff,unknown_other:rolling_payoff:reports/pattern_ml_20260612/payoff_asymmetry/rolling_payoff.csv:154,,,2.20272842,,,,,25.0,diagnostic_only,pf_primary_level,"net_dollars,max_drawdown_dollars,trades,largest_winner_share,net_without_largest",,1
reports/pattern_ml_20260612/payoff_asymmetry/rolling_payoff.csv,155,unknown_other,rolling_payoff,unknown_other:rolling_payoff:reports/pattern_ml_20260612/payoff_asymmetry/rolling_payoff.csv:155,,,2.09052214,,,,,25.0,diagnostic_only,pf_primary_level,"net_dollars,max_drawdown_dollars,trades,largest_winner_share,net_without_largest",,1
reports/pattern_ml_20260612/payoff_asymmetry/rolling_payoff.csv,156,unknown_other,rolling_payoff,unknown_other:rolling_payoff:reports/pattern_ml_20260612/payoff_asymmetry/rolling_payoff.csv:156,,,1.92272509,,,,,25.0,diagnostic_only,pf_primary_level,"net_dollars,max_drawdown_dollars,trades,largest_winner_share,net_without_largest",,1
reports/pattern_ml_20260612/payoff_asymmetry/rolling_payoff.csv,157,unknown_other,rolling_payoff,unknown_other:rolling_payoff:reports/pattern_ml_20260612/payoff_asymmetry/rolling_payoff.csv:157,,,1.8282452,,,,,25.0,diagnostic_only,pf_primary_level,"net_dollars,max_drawdown_dollars,trades,largest_winner_share,net_without_largest",,1
reports/pattern_ml_20260612/payoff_asymmetry/rolling_payoff.csv,158,unknown_other,rolling_payoff,unknown_other:rolling_payoff:reports/pattern_ml_20260612/payoff_asymmetry/rolling_payoff.csv:158,,,1.82633579,,,,,25.0,diagnostic_only,pf_primary_level,"net_dollars,max_drawdown_dollars,trades,largest_winner_share,net_without_largest",,1
reports/pattern_ml_20260612/payoff_asymmetry/rolling_payoff.csv,159,unknown_other,rolling_payoff,unknown_other:rolling_payoff:reports/pattern_ml_20260612/payoff_asymmetry/rolling_payoff.csv:159,,,2.01497504,,,,,25.0,diagnostic_only,pf_primary_level,"net_dollars,max_drawdown_dollars,trades,largest_winner_share,net_without_largest",,1
reports/pattern_ml_20260612/payoff_asymmetry/rolling_payoff.csv,160,unknown_other,rolling_payoff,unknown_other:rolling_payoff:reports/pattern_ml_20260612/payoff_asymmetry/rolling_payoff.csv:160,,,2.2145536,,,,,25.0,diagnostic_only,pf_primary_level,"net_dollars,max_drawdown_dollars,trades,largest_winner_share,net_without_largest",,1
reports/pattern_ml_20260612/payoff_asymmetry/rolling_payoff.csv,161,unknown_other,rolling_payoff,unknown_other:rolling_payoff:reports/pattern_ml_20260612/payoff_asymmetry/rolling_payoff.csv:161,,,2.08191546,,,,,25.0,diagnostic_only,pf_primary_level,"net_dollars,max_drawdown_dollars,trades,largest_winner_share,net_without_largest",,1
reports/pattern_ml_20260612/payoff_asymmetry/rolling_payoff.csv,162,unknown_other,rolling_payoff,unknown_other:rolling_payoff:reports/pattern_ml_20260612/payoff_asymmetry/rolling_payoff.csv:162,,,2.22706602,,,,,25.0,diagnostic_only,pf_primary_level,"net_dollars,max_drawdown_dollars,trades,largest_winner_share,net_without_largest",,1
reports/pattern_ml_20260612/payoff_asymmetry/rolling_payoff.csv,163,unknown_other,rolling_payoff,unknown_other:rolling_payoff:reports/pattern_ml_20260612/payoff_asymmetry/rolling_payoff.csv:163,,,2.34163282,,,,,25.0,diagnostic_only,pf_primary_level,"net_dollars,max_drawdown_dollars,trades,largest_winner_share,net_without_largest",,1
reports/pattern_ml_20260612/payoff_asymmetry/rolling_payoff.csv,164,unknown_other,rolling_payoff,unknown_other:rolling_payoff:reports/pattern_ml_20260612/payoff_asymmetry/rolling_payoff.csv:164,,,2.16078959,,,,,25.0,diagnostic_only,pf_primary_level,"net_dollars,max_drawdown_dollars,trades,largest_winner_share,net_without_largest",,1
reports/pattern_ml_20260612/payoff_asymmetry/rolling_payoff.csv,165,unknown_other,rolling_payoff,unknown_other:rolling_payoff:reports/pattern_ml_20260612/payoff_asymmetry/rolling_payoff.csv:165,,,2.35173337,,,,,25.0,diagnostic_only,pf_primary_level,"net_dollars,max_drawdown_dollars,trades,largest_winner_share,net_without_largest",,1
reports/pattern_ml_20260612/payoff_asymmetry/rolling_payoff.csv,166,unknown_other,rolling_payoff,unknown_other:rolling_payoff:reports/pattern_ml_20260612/payoff_asymmetry/rolling_payoff.csv:166,,,2.50052076,,,,,25.0,diagnostic_only,pf_primary_level,"net_dollars,max_drawdown_dollars,trades,largest_winner_share,net_without_largest",,1
reports/pattern_ml_20260612/payoff_asymmetry/rolling_payoff.csv,167,unknown_other,rolling_payoff,unknown_other:rolling_payoff:reports/pattern_ml_20260612/payoff_asymmetry/rolling_payoff.csv:167,,,2.85040719,,,,,25.0,diagnostic_only,pf_primary_level,"net_dollars,max_drawdown_dollars,trades,largest_winner_share,net_without_largest",,1
reports/pattern_ml_20260612/payoff_asymmetry/rolling_payoff.csv,168,unknown_other,rolling_payoff,unknown_other:rolling_payoff:reports/pattern_ml_20260612/payoff_asymmetry/rolling_payoff.csv:168,,,2.74581656,,,,,25.0,diagnostic_only,pf_primary_level,"net_dollars,max_drawdown_dollars,trades,largest_winner_share,net_without_largest",,1
reports/pattern_ml_20260612/payoff_asymmetry/rolling_payoff.csv,169,unknown_other,rolling_payoff,unknown_other:rolling_payoff:reports/pattern_ml_20260612/payoff_asymmetry/rolling_payoff.csv:169,,,2.24246002,,,,,25.0,diagnostic_only,pf_primary_level,"net_dollars,max_drawdown_dollars,trades,largest_winner_share,net_without_largest",,1
reports/pattern_ml_20260612/payoff_asymmetry/rolling_payoff.csv,170,unknown_other,rolling_payoff,unknown_other:rolling_payoff:reports/pattern_ml_20260612/payoff_asymmetry/rolling_payoff.csv:170,,,1.89148369,,,,,25.0,diagnostic_only,pf_primary_level,"net_dollars,max_drawdown_dollars,trades,largest_winner_share,net_without_largest",,1
reports/pattern_ml_20260612/payoff_asymmetry/rolling_payoff.csv,171,unknown_other,rolling_payoff,unknown_other:rolling_payoff:reports/pattern_ml_20260612/payoff_asymmetry/rolling_payoff.csv:171,,,2.07112944,,,,,25.0,diagnostic_only,pf_primary_level,"net_dollars,max_drawdown_dollars,trades,largest_winner_share,net_without_largest",,1
reports/pattern_ml_20260612/payoff_asymmetry/rolling_payoff.csv,172,unknown_other,rolling_payoff,unknown_other:rolling_payoff:reports/pattern_ml_20260612/payoff_asymmetry/rolling_payoff.csv:172,,,2.16232086,,,,,25.0,diagnostic_only,pf_primary_level,"net_dollars,max_drawdown_dollars,trades,largest_winner_share,net_without_largest",,1
reports/pattern_ml_20260612/payoff_asymmetry/rolling_payoff.csv,173,unknown_other,rolling_payoff,unknown_other:rolling_payoff:reports/pattern_ml_20260612/payoff_asymmetry/rolling_payoff.csv:173,,,2.4719053,,,,,25.0,diagnostic_only,pf_primary_level,"net_dollars,max_drawdown_dollars,trades,largest_winner_share,net_without_largest",,1
reports/pattern_ml_20260612/payoff_asymmetry/rolling_payoff.csv,174,unknown_other,rolling_payoff,unknown_other:rolling_payoff:reports/pattern_ml_20260612/payoff_asymmetry/rolling_payoff.csv:174,,,2.65299199,,,,,25.0,diagnostic_only,pf_primary_level,"net_dollars,max_drawdown_dollars,trades,largest_winner_share,net_without_largest",,1
reports/pattern_ml_20260612/payoff_asymmetry/rolling_payoff.csv,175,unknown_other,rolling_payoff,unknown_other:rolling_payoff:reports/pattern_ml_20260612/payoff_asymmetry/rolling_payoff.csv:175,,,2.41521312,,,,,25.0,diagnostic_only,pf_primary_level,"net_dollars,max_drawdown_dollars,trades,largest_winner_share,net_without_largest",,1
reports/pattern_ml_20260612/payoff_asymmetry/rolling_payoff.csv,176,unknown_other,rolling_payoff,unknown_other:rolling_payoff:reports/pattern_ml_20260612/payoff_asymmetry/rolling_payoff.csv:176,,,2.09963623,,,,,25.0,diagnostic_only,pf_primary_level,"net_dollars,max_drawdown_dollars,trades,largest_winner_share,net_without_largest",,1
reports/pattern_ml_20260612/payoff_asymmetry/rolling_payoff.csv,177,unknown_other,rolling_payoff,unknown_other:rolling_payoff:reports/pattern_ml_20260612/payoff_asymmetry/rolling_payoff.csv:177,,,1.91521641,,,,,25.0,diagnostic_only,pf_primary_level,"net_dollars,max_drawdown_dollars,trades,largest_winner_share,net_without_largest",,1
reports/pattern_ml_20260612/payoff_asymmetry/rolling_payoff.csv,178,unknown_other,rolling_payoff,unknown_other:rolling_payoff:reports/pattern_ml_20260612/payoff_asymmetry/rolling_payoff.csv:178,,,1.88786684,,,,,25.0,diagnostic_only,pf_primary_level,"net_dollars,max_drawdown_dollars,trades,largest_winner_share,net_without_largest",,1
reports/pattern_ml_20260612/payoff_asymmetry/rolling_payoff.csv,179,unknown_other,rolling_payoff,unknown_other:rolling_payoff:reports/pattern_ml_20260612/payoff_asymmetry/rolling_payoff.csv:179,,,1.88040787,,,,,25.0,diagnostic_only,pf_primary_level,"net_dollars,max_drawdown_dollars,trades,largest_winner_share,net_without_largest",,1
reports/pattern_ml_20260612/payoff_asymmetry/rolling_payoff.csv,180,unknown_other,rolling_payoff,unknown_other:rolling_payoff:reports/pattern_ml_20260612/payoff_asymmetry/rolling_payoff.csv:180,,,1.88289424,,,,,25.0,diagnostic_only,pf_primary_level,"net_dollars,max_drawdown_dollars,trades,largest_winner_share,net_without_largest",,1
reports/pattern_ml_20260612/payoff_asymmetry/rolling_payoff.csv,181,unknown_other,rolling_payoff,unknown_other:rolling_payoff:reports/pattern_ml_20260612/payoff_asymmetry/rolling_payoff.csv:181,,,1.75360537,,,,,25.0,diagnostic_only,pf_primary_level,"net_dollars,max_drawdown_dollars,trades,largest_winner_share,net_without_largest",,1
reports/pattern_ml_20260612/payoff_asymmetry/rolling_payoff.csv,182,unknown_other,rolling_payoff,unknown_other:rolling_payoff:reports/pattern_ml_20260612/payoff_asymmetry/rolling_payoff.csv:182,,,1.75857799,,,,,25.0,diagnostic_only,pf_primary_level,"net_dollars,max_drawdown_dollars,trades,largest_winner_share,net_without_largest",,1
reports/pattern_ml_20260612/payoff_asymmetry/rolling_payoff.csv,183,unknown_other,rolling_payoff,unknown_other:rolling_payoff:reports/pattern_ml_20260612/payoff_asymmetry/rolling_payoff.csv:183,,,1.73122833,,,,,25.0,diagnostic_only,pf_primary_level,"net_dollars,max_drawdown_dollars,trades,largest_winner_share,net_without_largest",,1
reports/pattern_ml_20260612/payoff_asymmetry/rolling_payoff.csv,184,unknown_other,rolling_payoff,unknown_other:rolling_payoff:reports/pattern_ml_20260612/payoff_asymmetry/rolling_payoff.csv:184,,,1.7078735,,,,,25.0,diagnostic_only,pf_primary_level,"net_dollars,max_drawdown_dollars,trades,largest_winner_share,net_without_largest",,1
reports/pattern_ml_20260612/payoff_asymmetry/rolling_payoff.csv,185,unknown_other,rolling_payoff,unknown_other:rolling_payoff:reports/pattern_ml_20260612/payoff_asymmetry/rolling_payoff.csv:185,,,1.88892904,,,,,25.0,diagnostic_only,pf_primary_level,"net_dollars,max_drawdown_dollars,trades,largest_winner_share,net_without_largest",,1
reports/pattern_ml_20260612/payoff_asymmetry/rolling_payoff.csv,186,unknown_other,rolling_payoff,unknown_other:rolling_payoff:reports/pattern_ml_20260612/payoff_asymmetry/rolling_payoff.csv:186,,,1.9135745,,,,,25.0,diagnostic_only,pf_primary_level,"net_dollars,max_drawdown_dollars,trades,largest_winner_share,net_without_largest",,1
reports/pattern_ml_20260612/payoff_asymmetry/rolling_payoff.csv,187,unknown_other,rolling_payoff,unknown_other:rolling_payoff:reports/pattern_ml_20260612/payoff_asymmetry/rolling_payoff.csv:187,,,1.84149483,,,,,25.0,diagnostic_only,pf_primary_level,"net_dollars,max_drawdown_dollars,trades,largest_winner_share,net_without_largest",,1
reports/pattern_ml_20260612/payoff_asymmetry/rolling_payoff.csv,188,unknown_other,rolling_payoff,unknown_other:rolling_payoff:reports/pattern_ml_20260612/payoff_asymmetry/rolling_payoff.csv:188,,,1.8209179,,,,,25.0,diagnostic_only,pf_primary_level,"net_dollars,max_drawdown_dollars,trades,largest_winner_share,net_without_largest",,1
reports/pattern_ml_20260612/payoff_asymmetry/rolling_payoff.csv,189,unknown_other,rolling_payoff,unknown_other:rolling_payoff:reports/pattern_ml_20260612/payoff_asymmetry/rolling_payoff.csv:189,,,1.6050912,,,,,25.0,diagnostic_only,pf_primary_level,"net_dollars,max_drawdown_dollars,trades,largest_winner_share,net_without_largest",,1
reports/pattern_ml_20260612/payoff_asymmetry/rolling_payoff.csv,190,unknown_other,rolling_payoff,unknown_other:rolling_payoff:reports/pattern_ml_20260612/payoff_asymmetry/rolling_payoff.csv:190,,,1.42163327,,,,,25.0,diagnostic_only,pf_primary_level,"net_dollars,max_drawdown_dollars,trades,largest_winner_share,net_without_largest",,1
reports/pattern_ml_20260612/payoff_asymmetry/rolling_payoff.csv,191,unknown_other,rolling_payoff,unknown_other:rolling_payoff:reports/pattern_ml_20260612/payoff_asymmetry/rolling_payoff.csv:191,,,1.37493338,,,,,25.0,diagnostic_only,pf_primary_level,"net_dollars,max_drawdown_dollars,trades,largest_winner_share,net_without_largest",,1
reports/pattern_ml_20260612/payoff_asymmetry/rolling_payoff.csv,192,unknown_other,rolling_payoff,unknown_other:rolling_payoff:reports/pattern_ml_20260612/payoff_asymmetry/rolling_payoff.csv:192,,,1.34502273,,,,,25.0,diagnostic_only,pf_primary_level,"net_dollars,max_drawdown_dollars,trades,largest_winner_share,net_without_largest",,1
reports/pattern_ml_20260612/payoff_asymmetry/rolling_payoff.csv,193,unknown_other,rolling_payoff,unknown_other:rolling_payoff:reports/pattern_ml_20260612/payoff_asymmetry/rolling_payoff.csv:193,,,1.38262015,,,,,25.0,diagnostic_only,pf_primary_level,"net_dollars,max_drawdown_dollars,trades,largest_winner_share,net_without_largest",,1
reports/pattern_ml_20260612/payoff_asymmetry/rolling_payoff.csv,194,unknown_other,rolling_payoff,unknown_other:rolling_payoff:reports/pattern_ml_20260612/payoff_asymmetry/rolling_payoff.csv:194,,,1.52831079,,,,,25.0,diagnostic_only,pf_primary_level,"net_dollars,max_drawdown_dollars,trades,largest_winner_share,net_without_largest",,1
reports/pattern_ml_20260612/payoff_asymmetry/rolling_payoff.csv,195,unknown_other,rolling_payoff,unknown_other:rolling_payoff:reports/pattern_ml_20260612/payoff_asymmetry/rolling_payoff.csv:195,,,1.47284514,,,,,25.0,diagnostic_only,pf_primary_level,"net_dollars,max_drawdown_dollars,trades,largest_winner_share,net_without_largest",,1
reports/pattern_ml_20260612/payoff_asymmetry/rolling_payoff.csv,196,unknown_other,rolling_payoff,unknown_other:rolling_payoff:reports/pattern_ml_20260612/payoff_asymmetry/rolling_payoff.csv:196,,,1.43124585,,,,,25.0,diagnostic_only,pf_primary_level,"net_dollars,max_drawdown_dollars,trades,largest_winner_share,net_without_largest",,1
reports/pattern_ml_20260612/payoff_asymmetry/rolling_payoff.csv,197,unknown_other,rolling_payoff,unknown_other:rolling_payoff:reports/pattern_ml_20260612/payoff_asymmetry/rolling_payoff.csv:197,,,1.71756518,,,,,25.0,diagnostic_only,pf_primary_level,"net_dollars,max_drawdown_dollars,trades,largest_winner_share,net_without_largest",,1
reports/pattern_ml_20260612/payoff_asymmetry/rolling_payoff.csv,198,unknown_other,rolling_payoff,unknown_other:rolling_payoff:reports/pattern_ml_20260612/payoff_asymmetry/rolling_payoff.csv:198,,,1.80842645,,,,,25.0,diagnostic_only,pf_primary_level,"net_dollars,max_drawdown_dollars,trades,largest_winner_share,net_without_largest",,1
reports/pattern_ml_20260612/payoff_asymmetry/rolling_payoff.csv,199,unknown_other,rolling_payoff,unknown_other:rolling_payoff:reports/pattern_ml_20260612/payoff_asymmetry/rolling_payoff.csv:199,,,1.77656701,,,,,25.0,diagnostic_only,pf_primary_level,"net_dollars,max_drawdown_dollars,trades,largest_winner_share,net_without_largest",,1
reports/pattern_ml_20260612/regime_shift/predefined_rule_audit.csv,35,multi_timeframe_regime_selector,predefined_rule_audit,multi_timeframe_regime_selector:predefined_rule_audit:reports/pattern_ml_20260612/regime_shift/predefined_rule_audit.csv:35,,795.059965,,74.459995,28.0,,,23.0,diagnostic_only,"positive_net,thin_sample,preferred_drawdown","profit_factor,largest_winner_share,net_without_largest",,1
reports/pattern_ml_20260612/performance_breakdowns.csv,25,unknown_other,performance_breakdowns,unknown_other:performance_breakdowns:reports/pattern_ml_20260612/performance_breakdowns.csv:25,,640.2000285,,0.0,10.0,,,23.0,diagnostic_only,"positive_net,thin_sample,preferred_drawdown","profit_factor,largest_winner_share,net_without_largest",,1
reports/pattern_ml_20260612/regime_shift/cohort_stability.csv,6,multi_timeframe_regime_selector,cohort_stability,multi_timeframe_regime_selector:cohort_stability:reports/pattern_ml_20260612/regime_shift/cohort_stability.csv:6,,640.2000285,,0.0,10.0,,,23.0,diagnostic_only,"positive_net,thin_sample,preferred_drawdown","profit_factor,largest_winner_share,net_without_largest",,1
reports/pattern_ml_20260612/regime_shift/predefined_rule_audit.csv,6,multi_timeframe_regime_selector,predefined_rule_audit,multi_timeframe_regime_selector:predefined_rule_audit:reports/pattern_ml_20260612/regime_shift/predefined_rule_audit.csv:6,,640.2000285,,0.0,10.0,,,23.0,diagnostic_only,"positive_net,thin_sample,preferred_drawdown","profit_factor,largest_winner_share,net_without_largest",,1
reports/pattern_ml_20260612/performance_breakdowns.csv,16,unknown_other,performance_breakdowns,unknown_other:performance_breakdowns:reports/pattern_ml_20260612/performance_breakdowns.csv:16,,529.8000735,,79.9599925,15.0,,,23.0,diagnostic_only,"positive_net,thin_sample,preferred_drawdown","profit_factor,largest_winner_share,net_without_largest",,1
reports/pattern_ml_20260612/regime_shift/cohort_stability.csv,26,multi_timeframe_regime_selector,cohort_stability,multi_timeframe_regime_selector:cohort_stability:reports/pattern_ml_20260612/regime_shift/cohort_stability.csv:26,,529.8000735,,79.9599925,15.0,,,23.0,diagnostic_only,"positive_net,thin_sample,preferred_drawdown","profit_factor,largest_winner_share,net_without_largest",,1
reports/pattern_ml_20260612/regime_shift/predefined_rule_audit.csv,14,multi_timeframe_regime_selector,predefined_rule_audit,multi_timeframe_regime_selector:predefined_rule_audit:reports/pattern_ml_20260612/regime_shift/predefined_rule_audit.csv:14,,529.8000735,,79.9599925,15.0,,,23.0,diagnostic_only,"positive_net,thin_sample,preferred_drawdown","profit_factor,largest_winner_share,net_without_largest",,1
reports/pattern_ml_20260612/regime_shift/predefined_rule_audit.csv,34,multi_timeframe_regime_selector,predefined_rule_audit,multi_timeframe_regime_selector:predefined_rule_audit:reports/pattern_ml_20260612/regime_shift/predefined_rule_audit.csv:34,,471.1600315,,0.0,8.0,,,23.0,diagnostic_only,"positive_net,thin_sample,preferred_drawdown","profit_factor,largest_winner_share,net_without_largest",,1
reports/pattern_ml_20260612/model_summary.csv,10,unknown_other,model_summary,unknown_other:model_summary:reports/pattern_ml_20260612/model_summary.csv:10,,446.380063,,108.4599845,19.0,,,23.0,diagnostic_only,"positive_net,thin_sample,preferred_drawdown","profit_factor,largest_winner_share,net_without_largest",,1
reports/pattern_ml_20260612/performance_breakdowns.csv,4,unknown_other,performance_breakdowns,unknown_other:performance_breakdowns:reports/pattern_ml_20260612/performance_breakdowns.csv:4,,446.380063,,108.4599845,19.0,,,23.0,diagnostic_only,"positive_net,thin_sample,preferred_drawdown","profit_factor,largest_winner_share,net_without_largest",,1
reports/pattern_ml_20260612/regime_shift/period_summary.csv,2,multi_timeframe_regime_selector,period_summary,multi_timeframe_regime_selector:period_summary:reports/pattern_ml_20260612/regime_shift/period_summary.csv:2,,446.380063,,108.4599845,19.0,,,23.0,diagnostic_only,"positive_net,thin_sample,preferred_drawdown","profit_factor,largest_winner_share,net_without_largest",,1
reports/pattern_ml_20260612/regime_shift/predefined_rule_audit.csv,2,multi_timeframe_regime_selector,predefined_rule_audit,multi_timeframe_regime_selector:predefined_rule_audit:reports/pattern_ml_20260612/regime_shift/predefined_rule_audit.csv:2,,446.380063,,108.4599845,19.0,,,23.0,diagnostic_only,"positive_net,thin_sample,preferred_drawdown","profit_factor,largest_winner_share,net_without_largest",,1
reports/pattern_ml_20260612/regime_shift/cohort_stability.csv,41,multi_timeframe_regime_selector,cohort_stability,multi_timeframe_regime_selector:cohort_stability:reports/pattern_ml_20260612/regime_shift/cohort_stability.csv:41,,422.320036,,79.9599925,16.0,,,23.0,diagnostic_only,"positive_net,thin_sample,preferred_drawdown","profit_factor,largest_winner_share,net_without_largest",,1
reports/pattern_ml_20260612/regime_shift/cohort_stability.csv,49,multi_timeframe_regime_selector,cohort_stability,multi_timeframe_regime_selector:cohort_stability:reports/pattern_ml_20260612/regime_shift/cohort_stability.csv:49,,403.7400265,,58.980008,12.0,,,23.0,diagnostic_only,"positive_net,thin_sample,preferred_drawdown","profit_factor,largest_winner_share,net_without_largest",,1
reports/pattern_ml_20260612/performance_breakdowns.csv,33,unknown_other,performance_breakdowns,unknown_other:performance_breakdowns:reports/pattern_ml_20260612/performance_breakdowns.csv:33,,399.740044,,58.980008,12.0,,,23.0,diagnostic_only,"positive_net,thin_sample,preferred_drawdown","profit_factor,largest_winner_share,net_without_largest",,1
reports/pattern_ml_20260612/regime_shift/cohort_stability.csv,17,multi_timeframe_regime_selector,cohort_stability,multi_timeframe_regime_selector:cohort_stability:reports/pattern_ml_20260612/regime_shift/cohort_stability.csv:17,,399.740044,,58.980008,12.0,,,23.0,diagnostic_only,"positive_net,thin_sample,preferred_drawdown","profit_factor,largest_winner_share,net_without_largest",,1
reports/pattern_ml_20260612/regime_shift/predefined_rule_audit.csv,30,multi_timeframe_regime_selector,predefined_rule_audit,multi_timeframe_regime_selector:predefined_rule_audit:reports/pattern_ml_20260612/regime_shift/predefined_rule_audit.csv:30,,399.740044,,58.980008,12.0,,,23.0,diagnostic_only,"positive_net,thin_sample,preferred_drawdown","profit_factor,largest_winner_share,net_without_largest",,1
reports/pattern_ml_20260612/regime_shift/cohort_stability.csv,23,multi_timeframe_regime_selector,cohort_stability,multi_timeframe_regime_selector:cohort_stability:reports/pattern_ml_20260612/regime_shift/cohort_stability.csv:23,,353.2999895,,111.939967,15.0,,,23.0,diagnostic_only,"positive_net,thin_sample,preferred_drawdown","profit_factor,largest_winner_share,net_without_largest",,1
reports/pattern_ml_20260612/regime_shift/predefined_rule_audit.csv,19,multi_timeframe_regime_selector,predefined_rule_audit,multi_timeframe_regime_selector:predefined_rule_audit:reports/pattern_ml_20260612/regime_shift/predefined_rule_audit.csv:19,,353.2999895,,111.939967,15.0,,,23.0,diagnostic_only,"positive_net,thin_sample,preferred_drawdown","profit_factor,largest_winner_share,net_without_largest",,1
reports/pattern_ml_20260612/regime_shift/cohort_stability.csv,30,multi_timeframe_regime_selector,cohort_stability,multi_timeframe_regime_selector:cohort_stability:reports/pattern_ml_20260612/regime_shift/cohort_stability.csv:30,,335.999939,,104.940012,25.0,,,23.0,diagnostic_only,"positive_net,thin_sample,preferred_drawdown","profit_factor,largest_winner_share,net_without_largest",,1
reports/pattern_ml_20260612/regime_shift/predefined_rule_audit.csv,43,multi_timeframe_regime_selector,predefined_rule_audit,multi_timeframe_regime_selector:predefined_rule_audit:reports/pattern_ml_20260612/regime_shift/predefined_rule_audit.csv:43,,335.999939,,104.940012,25.0,,,23.0,diagnostic_only,"positive_net,thin_sample,preferred_drawdown","profit_factor,largest_winner_share,net_without_largest",,1
reports/pattern_ml_20260612/regime_shift/cohort_stability.csv,33,multi_timeframe_regime_selector,cohort_stability,multi_timeframe_regime_selector:cohort_stability:reports/pattern_ml_20260612/regime_shift/cohort_stability.csv:33,,310.2400615,,79.9599925,12.0,,,23.0,diagnostic_only,"positive_net,thin_sample,preferred_drawdown","profit_factor,largest_winner_share,net_without_largest",,1
reports/pattern_ml_20260612/regime_shift/predefined_rule_audit.csv,42,multi_timeframe_regime_selector,predefined_rule_audit,multi_timeframe_regime_selector:predefined_rule_audit:reports/pattern_ml_20260612/regime_shift/predefined_rule_audit.csv:42,,310.2400615,,79.9599925,12.0,,,23.0,diagnostic_only,"positive_net,thin_sample,preferred_drawdown","profit_factor,largest_winner_share,net_without_largest",,1
reports/pattern_ml_20260612/regime_shift/cohort_stability.csv,9,multi_timeframe_regime_selector,cohort_stability,multi_timeframe_regime_selector:cohort_stability:reports/pattern_ml_20260612/regime_shift/cohort_stability.csv:9,,215.8000865,,76.959972,15.0,,,23.0,diagnostic_only,"positive_net,thin_sample,preferred_drawdown","profit_factor,largest_winner_share,net_without_largest",,1
reports/pattern_ml_20260612/regime_shift/predefined_rule_audit.csv,20,multi_timeframe_regime_selector,predefined_rule_audit,multi_timeframe_regime_selector:predefined_rule_audit:reports/pattern_ml_20260612/regime_shift/predefined_rule_audit.csv:20,,215.8000865,,76.959972,15.0,,,23.0,diagnostic_only,"positive_net,thin_sample,preferred_drawdown","profit_factor,largest_winner_share,net_without_largest",,1
reports/pattern_ml_20260612/performance_breakdowns.csv,15,unknown_other,performance_breakdowns,unknown_other:performance_breakdowns:reports/pattern_ml_20260612/performance_breakdowns.csv:15,,210.5799935,,27.4799945,4.0,,,23.0,diagnostic_only,"positive_net,thin_sample,preferred_drawdown","profit_factor,largest_winner_share,net_without_largest",,1
reports/pattern_ml_20260612/regime_shift/cohort_stability.csv,34,multi_timeframe_regime_selector,cohort_stability,multi_timeframe_regime_selector:cohort_stability:reports/pattern_ml_20260612/regime_shift/cohort_stability.csv:34,,175.4600635,,118.879977,23.0,,,23.0,diagnostic_only,"positive_net,thin_sample,preferred_drawdown","profit_factor,largest_winner_share,net_without_largest",,1
reports/pattern_ml_20260612/regime_shift/predefined_rule_audit.csv,44,multi_timeframe_regime_selector,predefined_rule_audit,multi_timeframe_regime_selector:predefined_rule_audit:reports/pattern_ml_20260612/regime_shift/predefined_rule_audit.csv:44,,175.4600635,,118.879977,23.0,,,23.0,diagnostic_only,"positive_net,thin_sample,preferred_drawdown","profit_factor,largest_winner_share,net_without_largest",,1
reports/pattern_ml_20260612/regime_shift/cohort_stability.csv,1,multi_timeframe_regime_selector,cohort_stability,multi_timeframe_regime_selector:cohort_stability:reports/pattern_ml_20260612/regime_shift/cohort_stability.csv:1,,163.400076,,141.3399915,20.0,,,23.0,diagnostic_only,"positive_net,thin_sample,preferred_drawdown","profit_factor,largest_winner_share,net_without_largest",,1
reports/pattern_ml_20260612/regime_shift/predefined_rule_audit.csv,8,multi_timeframe_regime_selector,predefined_rule_audit,multi_timeframe_regime_selector:predefined_rule_audit:reports/pattern_ml_20260612/regime_shift/predefined_rule_audit.csv:8,,163.400076,,141.3399915,20.0,,,23.0,diagnostic_only,"positive_net,thin_sample,preferred_drawdown","profit_factor,largest_winner_share,net_without_largest",,1
reports/pattern_ml_20260612/regime_shift/cohort_stability.csv,32,multi_timeframe_regime_selector,cohort_stability,multi_timeframe_regime_selector:cohort_stability:reports/pattern_ml_20260612/regime_shift/cohort_stability.csv:32,,136.1400015,,84.960008,7.0,,,23.0,diagnostic_only,"positive_net,thin_sample,preferred_drawdown","profit_factor,largest_winner_share,net_without_largest",,1
reports/pattern_ml_20260612/regime_shift/predefined_rule_audit.csv,38,multi_timeframe_regime_selector,predefined_rule_audit,multi_timeframe_regime_selector:predefined_rule_audit:reports/pattern_ml_20260612/regime_shift/predefined_rule_audit.csv:38,,136.1400015,,84.960008,7.0,,,23.0,diagnostic_only,"positive_net,thin_sample,preferred_drawdown","profit_factor,largest_winner_share,net_without_largest",,1
reports/pattern_ml_20260612/performance_breakdowns.csv,13,unknown_other,performance_breakdowns,unknown_other:performance_breakdowns:reports/pattern_ml_20260612/performance_breakdowns.csv:13,,119.579954,,62.460018,4.0,,,23.0,diagnostic_only,"positive_net,thin_sample,preferred_drawdown","profit_factor,largest_winner_share,net_without_largest",,1
reports/pattern_ml_20260612/regime_shift/cohort_stability.csv,43,multi_timeframe_regime_selector,cohort_stability,multi_timeframe_regime_selector:cohort_stability:reports/pattern_ml_20260612/regime_shift/cohort_stability.csv:43,,117.460051,,112.399986,23.0,,,23.0,diagnostic_only,"positive_net,thin_sample,preferred_drawdown","profit_factor,largest_winner_share,net_without_largest",,1
reports/pattern_ml_20260612/performance_breakdowns.csv,28,unknown_other,performance_breakdowns,unknown_other:performance_breakdowns:reports/pattern_ml_20260612/performance_breakdowns.csv:28,,112.060063,,251.7999775,28.0,,,23.0,diagnostic_only,"positive_net,thin_sample,preferred_drawdown","profit_factor,largest_winner_share,net_without_largest",,1
reports/pattern_ml_20260612/performance_breakdowns.csv,14,unknown_other,performance_breakdowns,unknown_other:performance_breakdowns:reports/pattern_ml_20260612/performance_breakdowns.csv:14,,109.0400075,,0.0,2.0,,,23.0,diagnostic_only,"positive_net,thin_sample,preferred_drawdown","profit_factor,largest_winner_share,net_without_largest",,1
reports/pattern_ml_20260612/regime_shift/cohort_stability.csv,42,multi_timeframe_regime_selector,cohort_stability,multi_timeframe_regime_selector:cohort_stability:reports/pattern_ml_20260612/regime_shift/cohort_stability.csv:42,,101.9800485,,211.3800115,24.0,,,23.0,diagnostic_only,"positive_net,thin_sample,preferred_drawdown","profit_factor,largest_winner_share,net_without_largest",,1
reports/pattern_ml_20260612/regime_shift/predefined_rule_audit.csv,48,multi_timeframe_regime_selector,predefined_rule_audit,multi_timeframe_regime_selector:predefined_rule_audit:reports/pattern_ml_20260612/regime_shift/predefined_rule_audit.csv:48,,101.9800485,,211.3800115,24.0,,,23.0,diagnostic_only,"positive_net,thin_sample,preferred_drawdown","profit_factor,largest_winner_share,net_without_largest",,1
reports/pattern_ml_20260612/performance_breakdowns.csv,35,unknown_other,performance_breakdowns,unknown_other:performance_breakdowns:reports/pattern_ml_20260612/performance_breakdowns.csv:35,,101.1200135,,74.9599855,6.0,,,23.0,diagnostic_only,"positive_net,thin_sample,preferred_drawdown","profit_factor,largest_winner_share,net_without_largest",,1
reports/pattern_ml_20260612/regime_shift/cohort_stability.csv,19,multi_timeframe_regime_selector,cohort_stability,multi_timeframe_regime_selector:cohort_stability:reports/pattern_ml_20260612/regime_shift/cohort_stability.csv:19,,101.1200135,,74.9599855,6.0,,,23.0,diagnostic_only,"positive_net,thin_sample,preferred_drawdown","profit_factor,largest_winner_share,net_without_largest",,1
reports/pattern_ml_20260612/performance_breakdowns.csv,20,unknown_other,performance_breakdowns,unknown_other:performance_breakdowns:reports/pattern_ml_20260612/performance_breakdowns.csv:20,,62.019984,,0.0,1.0,,,23.0,diagnostic_only,"positive_net,thin_sample,preferred_drawdown","profit_factor,largest_winner_share,net_without_largest",,1
reports/pattern_ml_20260612/regime_shift/cohort_stability.csv,0,multi_timeframe_regime_selector,cohort_stability,multi_timeframe_regime_selector:cohort_stability:reports/pattern_ml_20260612/regime_shift/cohort_stability.csv:0,,56.0400235,,183.760007,27.0,,,23.0,diagnostic_only,"positive_net,thin_sample,preferred_drawdown","profit_factor,largest_winner_share,net_without_largest",,1
reports/pattern_ml_20260612/regime_shift/predefined_rule_audit.csv,4,multi_timeframe_regime_selector,predefined_rule_audit,multi_timeframe_regime_selector:predefined_rule_audit:reports/pattern_ml_20260612/regime_shift/predefined_rule_audit.csv:4,,56.0400235,,183.760007,27.0,,,23.0,diagnostic_only,"positive_net,thin_sample,preferred_drawdown","profit_factor,largest_winner_share,net_without_largest",,1
reports/pattern_ml_20260612/regime_shift/cohort_stability.csv,10,multi_timeframe_regime_selector,cohort_stability,multi_timeframe_regime_selector:cohort_stability:reports/pattern_ml_20260612/regime_shift/cohort_stability.csv:10,,54.8200255,,70.8399835,16.0,,,23.0,diagnostic_only,"positive_net,thin_sample,preferred_drawdown","profit_factor,largest_winner_share,net_without_largest",,1
reports/pattern_ml_20260612/regime_shift/cohort_stability.csv,15,multi_timeframe_regime_selector,cohort_stability,multi_timeframe_regime_selector:cohort_stability:reports/pattern_ml_20260612/regime_shift/cohort_stability.csv:15,,54.000004,,215.719979,25.0,,,23.0,diagnostic_only,"positive_net,thin_sample,preferred_drawdown","profit_factor,largest_winner_share,net_without_largest",,1
reports/pattern_ml_20260612/regime_shift/predefined_rule_audit.csv,21,multi_timeframe_regime_selector,predefined_rule_audit,multi_timeframe_regime_selector:predefined_rule_audit:reports/pattern_ml_20260612/regime_shift/predefined_rule_audit.csv:21,,54.000004,,215.719979,25.0,,,23.0,diagnostic_only,"positive_net,thin_sample,preferred_drawdown","profit_factor,largest_winner_share,net_without_largest",,1
reports/pattern_ml_20260612/regime_shift/cohort_stability.csv,35,multi_timeframe_regime_selector,cohort_stability,multi_timeframe_regime_selector:cohort_stability:reports/pattern_ml_20260612/regime_shift/cohort_stability.csv:35,,43.980036,,191.700019,24.0,,,23.0,diagnostic_only,"positive_net,thin_sample,preferred_drawdown","profit_factor,largest_winner_share,net_without_largest",,1
reports/pattern_ml_20260612/regime_shift/cohort_stability.csv,48,multi_timeframe_regime_selector,cohort_stability,multi_timeframe_regime_selector:cohort_stability:reports/pattern_ml_20260612/regime_shift/cohort_stability.csv:48,,42.6400365,,60.4799865,7.0,,,23.0,diagnostic_only,"positive_net,thin_sample,preferred_drawdown","profit_factor,largest_winner_share,net_without_largest",,1
reports/pattern_ml_20260612/regime_shift/predefined_rule_audit.csv,50,multi_timeframe_regime_selector,predefined_rule_audit,multi_timeframe_regime_selector:predefined_rule_audit:reports/pattern_ml_20260612/regime_shift/predefined_rule_audit.csv:50,,42.6400365,,60.4799865,7.0,,,23.0,diagnostic_only,"positive_net,thin_sample,preferred_drawdown","profit_factor,largest_winner_share,net_without_largest",,1
reports/pattern_ml_20260612/regime_shift/cohort_stability.csv,40,multi_timeframe_regime_selector,cohort_stability,multi_timeframe_regime_selector:cohort_stability:reports/pattern_ml_20260612/regime_shift/cohort_stability.csv:40,,24.060027,,74.9599855,3.0,,,23.0,diagnostic_only,"positive_net,thin_sample,preferred_drawdown","profit_factor,largest_winner_share,net_without_largest",,1
reports/pattern_ml_20260612/regime_shift/predefined_rule_audit.csv,46,multi_timeframe_regime_selector,predefined_rule_audit,multi_timeframe_regime_selector:predefined_rule_audit:reports/pattern_ml_20260612/regime_shift/predefined_rule_audit.csv:46,,24.060027,,74.9599855,3.0,,,23.0,diagnostic_only,"positive_net,thin_sample,preferred_drawdown","profit_factor,largest_winner_share,net_without_largest",,1
reports/pattern_ml_20260612/regime_shift/cohort_stability.csv,12,multi_timeframe_regime_selector,cohort_stability,multi_timeframe_regime_selector:cohort_stability:reports/pattern_ml_20260612/regime_shift/cohort_stability.csv:12,,17.880016,,100.420014,19.0,,,23.0,diagnostic_only,"positive_net,thin_sample,preferred_drawdown","profit_factor,largest_winner_share,net_without_largest",,1
reports/pattern_ml_20260612/regime_shift/predefined_rule_audit.csv,23,multi_timeframe_regime_selector,predefined_rule_audit,multi_timeframe_regime_selector:predefined_rule_audit:reports/pattern_ml_20260612/regime_shift/predefined_rule_audit.csv:23,,17.880016,,100.420014,19.0,,,23.0,diagnostic_only,"positive_net,thin_sample,preferred_drawdown","profit_factor,largest_winner_share,net_without_largest",,1
reports/mnq_2025q1_primary_replication/primary_nonoverlapping_trades.csv,302,orb_vwap_prior_day,vwap_delta_rejection,orb_vwap_prior_day:vwap_delta_rejection:reports/mnq_2025q1_primary_replication/primary_nonoverlapping_trades.csv:302,,177.75999,,,,,,20.0,diagnostic_only,positive_net,"profit_factor,max_drawdown_dollars,trades,largest_winner_share,net_without_largest",,1
reports/mnq_2025q1_primary_replication/primary_nonoverlapping_trades.csv,398,orb_vwap_prior_day,vwap_delta_rejection,orb_vwap_prior_day:vwap_delta_rejection:reports/mnq_2025q1_primary_replication/primary_nonoverlapping_trades.csv:398,,147.759975,,,,,,20.0,diagnostic_only,positive_net,"profit_factor,max_drawdown_dollars,trades,largest_winner_share,net_without_largest",,1
reports/mnq_2025q1_primary_replication/primary_nonoverlapping_trades.csv,121,orb_vwap_prior_day,vwap_delta_rejection,orb_vwap_prior_day:vwap_delta_rejection:reports/mnq_2025q1_primary_replication/primary_nonoverlapping_trades.csv:121,,142.7599675,,,,,,20.0,diagnostic_only,positive_net,"profit_factor,max_drawdown_dollars,trades,largest_winner_share,net_without_largest",,1
reports/mnq_2025q1_primary_replication/primary_nonoverlapping_trades.csv,279,orb_vwap_prior_day,vwap_delta_rejection,orb_vwap_prior_day:vwap_delta_rejection:reports/mnq_2025q1_primary_replication/primary_nonoverlapping_trades.csv:279,,139.760021,,,,,,20.0,diagnostic_only,positive_net,"profit_factor,max_drawdown_dollars,trades,largest_winner_share,net_without_largest",,1
reports/mnq_2025q1_primary_replication/primary_nonoverlapping_trades.csv,401,orb_vwap_prior_day,vwap_delta_rejection,orb_vwap_prior_day:vwap_delta_rejection:reports/mnq_2025q1_primary_replication/primary_nonoverlapping_trades.csv:401,,115.760006,,,,,,20.0,diagnostic_only,positive_net,"profit_factor,max_drawdown_dollars,trades,largest_winner_share,net_without_largest",,1
reports/mnq_2025q1_primary_replication/primary_nonoverlapping_trades.csv,322,orb_vwap_prior_day,vwap_delta_rejection,orb_vwap_prior_day:vwap_delta_rejection:reports/mnq_2025q1_primary_replication/primary_nonoverlapping_trades.csv:322,,106.259979,,,,,,20.0,diagnostic_only,positive_net,"profit_factor,max_drawdown_dollars,trades,largest_winner_share,net_without_largest",,1
reports/mnq_2025q1_primary_replication/primary_nonoverlapping_trades.csv,364,orb_vwap_prior_day,vwap_delta_rejection,orb_vwap_prior_day:vwap_delta_rejection:reports/mnq_2025q1_primary_replication/primary_nonoverlapping_trades.csv:364,,97.76,,,,,,20.0,diagnostic_only,positive_net,"profit_factor,max_drawdown_dollars,trades,largest_winner_share,net_without_largest",,1
reports/mnq_2025q1_primary_replication/primary_nonoverlapping_trades.csv,122,orb_vwap_prior_day,vwap_delta_rejection,orb_vwap_prior_day:vwap_delta_rejection:reports/mnq_2025q1_primary_replication/primary_nonoverlapping_trades.csv:122,,95.760014,,,,,,20.0,diagnostic_only,positive_net,"profit_factor,max_drawdown_dollars,trades,largest_winner_share,net_without_largest",,1
reports/mnq_2025q1_primary_replication/primary_nonoverlapping_trades.csv,379,orb_vwap_prior_day,vwap_delta_rejection,orb_vwap_prior_day:vwap_delta_rejection:reports/mnq_2025q1_primary_replication/primary_nonoverlapping_trades.csv:379,,87.75999,,,,,,20.0,diagnostic_only,positive_net,"profit_factor,max_drawdown_dollars,trades,largest_winner_share,net_without_largest",,1
reports/mnq_2025q1_primary_replication/primary_nonoverlapping_trades.csv,158,orb_vwap_prior_day,vwap_delta_rejection,orb_vwap_prior_day:vwap_delta_rejection:reports/mnq_2025q1_primary_replication/primary_nonoverlapping_trades.csv:158,,85.760004,,,,,,20.0,diagnostic_only,positive_net,"profit_factor,max_drawdown_dollars,trades,largest_winner_share,net_without_largest",,1
reports/mnq_2025q1_primary_replication/primary_nonoverlapping_trades.csv,304,orb_vwap_prior_day,vwap_delta_rejection,orb_vwap_prior_day:vwap_delta_rejection:reports/mnq_2025q1_primary_replication/primary_nonoverlapping_trades.csv:304,,82.759995,,,,,,20.0,diagnostic_only,positive_net,"profit_factor,max_drawdown_dollars,trades,largest_winner_share,net_without_largest",,1
reports/mnq_2025q1_primary_replication/primary_nonoverlapping_trades.csv,32,orb_vwap_prior_day,vwap_delta_rejection,orb_vwap_prior_day:vwap_delta_rejection:reports/mnq_2025q1_primary_replication/primary_nonoverlapping_trades.csv:32,,81.760014,,,,,,20.0,diagnostic_only,positive_net,"profit_factor,max_drawdown_dollars,trades,largest_winner_share,net_without_largest",,1
reports/mnq_2025q1_primary_replication/primary_nonoverlapping_trades.csv,162,orb_vwap_prior_day,vwap_delta_rejection,orb_vwap_prior_day:vwap_delta_rejection:reports/mnq_2025q1_primary_replication/primary_nonoverlapping_trades.csv:162,,75.759996,,,,,,20.0,diagnostic_only,positive_net,"profit_factor,max_drawdown_dollars,trades,largest_winner_share,net_without_largest",,1
reports/mnq_2025q1_primary_replication/primary_nonoverlapping_trades.csv,338,orb_vwap_prior_day,vwap_delta_rejection,orb_vwap_prior_day:vwap_delta_rejection:reports/mnq_2025q1_primary_replication/primary_nonoverlapping_trades.csv:338,,72.7600125,,,,,,20.0,diagnostic_only,positive_net,"profit_factor,max_drawdown_dollars,trades,largest_winner_share,net_without_largest",,1
reports/mnq_2025q1_primary_replication/primary_nonoverlapping_trades.csv,341,orb_vwap_prior_day,vwap_delta_rejection,orb_vwap_prior_day:vwap_delta_rejection:reports/mnq_2025q1_primary_replication/primary_nonoverlapping_trades.csv:341,,72.759951,,,,,,20.0,diagnostic_only,positive_net,"profit_factor,max_drawdown_dollars,trades,largest_winner_share,net_without_largest",,1
reports/mnq_2025q1_primary_replication/primary_nonoverlapping_trades.csv,123,orb_vwap_prior_day,vwap_delta_rejection,orb_vwap_prior_day:vwap_delta_rejection:reports/mnq_2025q1_primary_replication/primary_nonoverlapping_trades.csv:123,,68.7599855,,,,,,20.0,diagnostic_only,positive_net,"profit_factor,max_drawdown_dollars,trades,largest_winner_share,net_without_largest",,1
reports/mnq_2025q1_primary_replication/primary_nonoverlapping_trades.csv,2,orb_vwap_prior_day,vwap_delta_rejection,orb_vwap_prior_day:vwap_delta_rejection:reports/mnq_2025q1_primary_replication/primary_nonoverlapping_trades.csv:2,,66.759984,,,,,,20.0,diagnostic_only,positive_net,"profit_factor,max_drawdown_dollars,trades,largest_winner_share,net_without_largest",,1
reports/mnq_2025q1_primary_replication/primary_nonoverlapping_trades.csv,423,orb_vwap_prior_day,vwap_delta_rejection,orb_vwap_prior_day:vwap_delta_rejection:reports/mnq_2025q1_primary_replication/primary_nonoverlapping_trades.csv:423,,65.760012,,,,,,20.0,diagnostic_only,positive_net,"profit_factor,max_drawdown_dollars,trades,largest_winner_share,net_without_largest",,1
reports/mnq_2025q1_primary_replication/primary_nonoverlapping_trades.csv,286,orb_vwap_prior_day,vwap_delta_rejection,orb_vwap_prior_day:vwap_delta_rejection:reports/mnq_2025q1_primary_replication/primary_nonoverlapping_trades.csv:286,,64.759989,,,,,,20.0,diagnostic_only,positive_net,"profit_factor,max_drawdown_dollars,trades,largest_winner_share,net_without_largest",,1
reports/mnq_2025q1_primary_replication/primary_nonoverlapping_trades.csv,163,orb_vwap_prior_day,vwap_delta_rejection,orb_vwap_prior_day:vwap_delta_rejection:reports/mnq_2025q1_primary_replication/primary_nonoverlapping_trades.csv:163,,63.759993,,,,,,20.0,diagnostic_only,positive_net,"profit_factor,max_drawdown_dollars,trades,largest_winner_share,net_without_largest",,1
reports/mnq_2025q1_primary_replication/primary_nonoverlapping_trades.csv,87,orb_vwap_prior_day,vwap_delta_rejection,orb_vwap_prior_day:vwap_delta_rejection:reports/mnq_2025q1_primary_replication/primary_nonoverlapping_trades.csv:87,,62.7600025,,,,,,20.0,diagnostic_only,positive_net,"profit_factor,max_drawdown_dollars,trades,largest_winner_share,net_without_largest",,1
reports/mnq_2025q1_primary_replication/primary_nonoverlapping_trades.csv,26,orb_vwap_prior_day,vwap_delta_rejection,orb_vwap_prior_day:vwap_delta_rejection:reports/mnq_2025q1_primary_replication/primary_nonoverlapping_trades.csv:26,,61.76,,,,,,20.0,diagnostic_only,positive_net,"profit_factor,max_drawdown_dollars,trades,largest_winner_share,net_without_largest",,1
reports/mnq_2025q1_primary_replication/primary_nonoverlapping_trades.csv,363,orb_vwap_prior_day,vwap_delta_rejection,orb_vwap_prior_day:vwap_delta_rejection:reports/mnq_2025q1_primary_replication/primary_nonoverlapping_trades.csv:363,,61.76,,,,,,20.0,diagnostic_only,positive_net,"profit_factor,max_drawdown_dollars,trades,largest_winner_share,net_without_largest",,1
reports/mnq_2025q1_primary_replication/primary_nonoverlapping_trades.csv,448,orb_vwap_prior_day,vwap_delta_rejection,orb_vwap_prior_day:vwap_delta_rejection:reports/mnq_2025q1_primary_replication/primary_nonoverlapping_trades.csv:448,,58.7599885,,,,,,20.0,diagnostic_only,positive_net,"profit_factor,max_drawdown_dollars,trades,largest_winner_share,net_without_largest",,1
reports/mnq_2025q1_primary_replication/primary_nonoverlapping_trades.csv,75,orb_vwap_prior_day,vwap_delta_rejection,orb_vwap_prior_day:vwap_delta_rejection:reports/mnq_2025q1_primary_replication/primary_nonoverlapping_trades.csv:75,,55.259974,,,,,,20.0,diagnostic_only,positive_net,"profit_factor,max_drawdown_dollars,trades,largest_winner_share,net_without_largest",,1
reports/mnq_2025q1_primary_replication/primary_nonoverlapping_trades.csv,426,orb_vwap_prior_day,vwap_delta_rejection,orb_vwap_prior_day:vwap_delta_rejection:reports/mnq_2025q1_primary_replication/primary_nonoverlapping_trades.csv:426,,53.76,,,,,,20.0,diagnostic_only,positive_net,"profit_factor,max_drawdown_dollars,trades,largest_winner_share,net_without_largest",,1
reports/mnq_2025q1_primary_replication/primary_nonoverlapping_trades.csv,298,orb_vwap_prior_day,vwap_delta_rejection,orb_vwap_prior_day:vwap_delta_rejection:reports/mnq_2025q1_primary_replication/primary_nonoverlapping_trades.csv:298,,52.759988,,,,,,20.0,diagnostic_only,positive_net,"profit_factor,max_drawdown_dollars,trades,largest_winner_share,net_without_largest",,1
reports/mnq_2025q1_primary_replication/primary_nonoverlapping_trades.csv,414,orb_vwap_prior_day,vwap_delta_rejection,orb_vwap_prior_day:vwap_delta_rejection:reports/mnq_2025q1_primary_replication/primary_nonoverlapping_trades.csv:414,,51.759999,,,,,,20.0,diagnostic_only,positive_net,"profit_factor,max_drawdown_dollars,trades,largest_winner_share,net_without_largest",,1
reports/mnq_2025q1_primary_replication/primary_nonoverlapping_trades.csv,313,orb_vwap_prior_day,vwap_delta_rejection,orb_vwap_prior_day:vwap_delta_rejection:reports/mnq_2025q1_primary_replication/primary_nonoverlapping_trades.csv:313,,50.760008,,,,,,20.0,diagnostic_only,positive_net,"profit_factor,max_drawdown_dollars,trades,largest_winner_share,net_without_largest",,1
reports/mnq_2025q1_primary_replication/primary_nonoverlapping_trades.csv,97,orb_vwap_prior_day,vwap_delta_rejection,orb_vwap_prior_day:vwap_delta_rejection:reports/mnq_2025q1_primary_replication/primary_nonoverlapping_trades.csv:97,,49.759996,,,,,,20.0,diagnostic_only,positive_net,"profit_factor,max_drawdown_dollars,trades,largest_winner_share,net_without_largest",,1
reports/mnq_2025q1_primary_replication/primary_nonoverlapping_trades.csv,354,orb_vwap_prior_day,vwap_delta_rejection,orb_vwap_prior_day:vwap_delta_rejection:reports/mnq_2025q1_primary_replication/primary_nonoverlapping_trades.csv:354,,49.759996,,,,,,20.0,diagnostic_only,positive_net,"profit_factor,max_drawdown_dollars,trades,largest_winner_share,net_without_largest",,1
reports/mnq_2025q1_primary_replication/primary_nonoverlapping_trades.csv,368,orb_vwap_prior_day,vwap_delta_rejection,orb_vwap_prior_day:vwap_delta_rejection:reports/mnq_2025q1_primary_replication/primary_nonoverlapping_trades.csv:368,,49.759996,,,,,,20.0,diagnostic_only,positive_net,"profit_factor,max_drawdown_dollars,trades,largest_winner_share,net_without_largest",,1
reports/mnq_2025q1_primary_replication/primary_nonoverlapping_trades.csv,262,orb_vwap_prior_day,vwap_delta_rejection,orb_vwap_prior_day:vwap_delta_rejection:reports/mnq_2025q1_primary_replication/primary_nonoverlapping_trades.csv:262,,45.76,,,,,,20.0,diagnostic_only,positive_net,"profit_factor,max_drawdown_dollars,trades,largest_winner_share,net_without_largest",,1
reports/mnq_2025q1_primary_replication/primary_nonoverlapping_trades.csv,135,orb_vwap_prior_day,vwap_delta_rejection,orb_vwap_prior_day:vwap_delta_rejection:reports/mnq_2025q1_primary_replication/primary_nonoverlapping_trades.csv:135,,44.7600035,,,,,,20.0,diagnostic_only,positive_net,"profit_factor,max_drawdown_dollars,trades,largest_winner_share,net_without_largest",,1
reports/mnq_2025q1_primary_replication/primary_nonoverlapping_trades.csv,428,orb_vwap_prior_day,vwap_delta_rejection,orb_vwap_prior_day:vwap_delta_rejection:reports/mnq_2025q1_primary_replication/primary_nonoverlapping_trades.csv:428,,44.7600035,,,,,,20.0,diagnostic_only,positive_net,"profit_factor,max_drawdown_dollars,trades,largest_winner_share,net_without_largest",,1
reports/mnq_2025q1_primary_replication/primary_nonoverlapping_trades.csv,219,orb_vwap_prior_day,vwap_delta_rejection,orb_vwap_prior_day:vwap_delta_rejection:reports/mnq_2025q1_primary_replication/primary_nonoverlapping_trades.csv:219,,44.260002,,,,,,20.0,diagnostic_only,positive_net,"profit_factor,max_drawdown_dollars,trades,largest_winner_share,net_without_largest",,1
reports/mnq_2025q1_primary_replication/primary_nonoverlapping_trades.csv,180,orb_vwap_prior_day,vwap_delta_rejection,orb_vwap_prior_day:vwap_delta_rejection:reports/mnq_2025q1_primary_replication/primary_nonoverlapping_trades.csv:180,,42.75999,,,,,,20.0,diagnostic_only,positive_net,"profit_factor,max_drawdown_dollars,trades,largest_winner_share,net_without_largest",,1
reports/mnq_2025q1_primary_replication/primary_nonoverlapping_trades.csv,103,orb_vwap_prior_day,vwap_delta_rejection,orb_vwap_prior_day:vwap_delta_rejection:reports/mnq_2025q1_primary_replication/primary_nonoverlapping_trades.csv:103,,42.2600275,,,,,,20.0,diagnostic_only,positive_net,"profit_factor,max_drawdown_dollars,trades,largest_winner_share,net_without_largest",,1
reports/mnq_2025q1_primary_replication/primary_nonoverlapping_trades.csv,169,orb_vwap_prior_day,vwap_delta_rejection,orb_vwap_prior_day:vwap_delta_rejection:reports/mnq_2025q1_primary_replication/primary_nonoverlapping_trades.csv:169,,41.760004,,,,,,20.0,diagnostic_only,positive_net,"profit_factor,max_drawdown_dollars,trades,largest_winner_share,net_without_largest",,1
reports/mnq_2025q1_primary_replication/primary_nonoverlapping_trades.csv,432,orb_vwap_prior_day,vwap_delta_rejection,orb_vwap_prior_day:vwap_delta_rejection:reports/mnq_2025q1_primary_replication/primary_nonoverlapping_trades.csv:432,,41.760004,,,,,,20.0,diagnostic_only,positive_net,"profit_factor,max_drawdown_dollars,trades,largest_winner_share,net_without_largest",,1
reports/mnq_2025q1_primary_replication/primary_nonoverlapping_trades.csv,168,orb_vwap_prior_day,vwap_delta_rejection,orb_vwap_prior_day:vwap_delta_rejection:reports/mnq_2025q1_primary_replication/primary_nonoverlapping_trades.csv:168,,39.759993,,,,,,20.0,diagnostic_only,positive_net,"profit_factor,max_drawdown_dollars,trades,largest_winner_share,net_without_largest",,1
reports/mnq_2025q1_primary_replication/primary_nonoverlapping_trades.csv,51,orb_vwap_prior_day,vwap_delta_rejection,orb_vwap_prior_day:vwap_delta_rejection:reports/mnq_2025q1_primary_replication/primary_nonoverlapping_trades.csv:51,,38.760006,,,,,,20.0,diagnostic_only,positive_net,"profit_factor,max_drawdown_dollars,trades,largest_winner_share,net_without_largest",,1
reports/mnq_2025q1_primary_replication/primary_nonoverlapping_trades.csv,345,orb_vwap_prior_day,vwap_delta_rejection,orb_vwap_prior_day:vwap_delta_rejection:reports/mnq_2025q1_primary_replication/primary_nonoverlapping_trades.csv:345,,38.760006,,,,,,20.0,diagnostic_only,positive_net,"profit_factor,max_drawdown_dollars,trades,largest_winner_share,net_without_largest",,1
reports/mnq_2025q1_primary_replication/primary_nonoverlapping_trades.csv,391,orb_vwap_prior_day,vwap_delta_rejection,orb_vwap_prior_day:vwap_delta_rejection:reports/mnq_2025q1_primary_replication/primary_nonoverlapping_trades.csv:391,,37.76,,,,,,20.0,diagnostic_only,positive_net,"profit_factor,max_drawdown_dollars,trades,largest_winner_share,net_without_largest",,1
reports/mnq_2025q1_primary_replication/primary_nonoverlapping_trades.csv,30,orb_vwap_prior_day,vwap_delta_rejection,orb_vwap_prior_day:vwap_delta_rejection:reports/mnq_2025q1_primary_replication/primary_nonoverlapping_trades.csv:30,,36.759996,,,,,,20.0,diagnostic_only,positive_net,"profit_factor,max_drawdown_dollars,trades,largest_winner_share,net_without_largest",,1
reports/mnq_2025q1_primary_replication/primary_nonoverlapping_trades.csv,189,orb_vwap_prior_day,vwap_delta_rejection,orb_vwap_prior_day:vwap_delta_rejection:reports/mnq_2025q1_primary_replication/primary_nonoverlapping_trades.csv:189,,36.759996,,,,,,20.0,diagnostic_only,positive_net,"profit_factor,max_drawdown_dollars,trades,largest_winner_share,net_without_largest",,1
reports/mnq_2025q1_primary_replication/primary_nonoverlapping_trades.csv,427,orb_vwap_prior_day,vwap_delta_rejection,orb_vwap_prior_day:vwap_delta_rejection:reports/mnq_2025q1_primary_replication/primary_nonoverlapping_trades.csv:427,,35.76001,,,,,,20.0,diagnostic_only,positive_net,"profit_factor,max_drawdown_dollars,trades,largest_winner_share,net_without_largest",,1
reports/mnq_2025q1_primary_replication/primary_nonoverlapping_trades.csv,80,orb_vwap_prior_day,vwap_delta_rejection,orb_vwap_prior_day:vwap_delta_rejection:reports/mnq_2025q1_primary_replication/primary_nonoverlapping_trades.csv:80,,35.759995,,,,,,20.0,diagnostic_only,positive_net,"profit_factor,max_drawdown_dollars,trades,largest_winner_share,net_without_largest",,1
reports/mnq_2025q1_primary_replication/primary_nonoverlapping_trades.csv,111,orb_vwap_prior_day,vwap_delta_rejection,orb_vwap_prior_day:vwap_delta_rejection:reports/mnq_2025q1_primary_replication/primary_nonoverlapping_trades.csv:111,,35.759995,,,,,,20.0,diagnostic_only,positive_net,"profit_factor,max_drawdown_dollars,trades,largest_winner_share,net_without_largest",,1
reports/mnq_2025q1_primary_replication/primary_nonoverlapping_trades.csv,124,orb_vwap_prior_day,vwap_delta_rejection,orb_vwap_prior_day:vwap_delta_rejection:reports/mnq_2025q1_primary_replication/primary_nonoverlapping_trades.csv:124,,34.7600015,,,,,,20.0,diagnostic_only,positive_net,"profit_factor,max_drawdown_dollars,trades,largest_winner_share,net_without_largest",,1
reports/mnq_2025q1_primary_replication/primary_nonoverlapping_trades.csv,171,orb_vwap_prior_day,vwap_delta_rejection,orb_vwap_prior_day:vwap_delta_rejection:reports/mnq_2025q1_primary_replication/primary_nonoverlapping_trades.csv:171,,34.7600015,,,,,,20.0,diagnostic_only,positive_net,"profit_factor,max_drawdown_dollars,trades,largest_winner_share,net_without_largest",,1
reports/mnq_2025q1_primary_replication/primary_nonoverlapping_trades.csv,357,orb_vwap_prior_day,vwap_delta_rejection,orb_vwap_prior_day:vwap_delta_rejection:reports/mnq_2025q1_primary_replication/primary_nonoverlapping_trades.csv:357,,34.7600015,,,,,,20.0,diagnostic_only,positive_net,"profit_factor,max_drawdown_dollars,trades,largest_winner_share,net_without_largest",,1
reports/mnq_2025q1_primary_replication/primary_nonoverlapping_trades.csv,272,orb_vwap_prior_day,vwap_delta_rejection,orb_vwap_prior_day:vwap_delta_rejection:reports/mnq_2025q1_primary_replication/primary_nonoverlapping_trades.csv:272,,32.76,,,,,,20.0,diagnostic_only,positive_net,"profit_factor,max_drawdown_dollars,trades,largest_winner_share,net_without_largest",,1
reports/mnq_2025q1_primary_replication/primary_nonoverlapping_trades.csv,229,orb_vwap_prior_day,vwap_delta_rejection,orb_vwap_prior_day:vwap_delta_rejection:reports/mnq_2025q1_primary_replication/primary_nonoverlapping_trades.csv:229,,31.759995,,,,,,20.0,diagnostic_only,positive_net,"profit_factor,max_drawdown_dollars,trades,largest_winner_share,net_without_largest",,1
reports/mnq_2025q1_primary_replication/primary_nonoverlapping_trades.csv,299,orb_vwap_prior_day,vwap_delta_rejection,orb_vwap_prior_day:vwap_delta_rejection:reports/mnq_2025q1_primary_replication/primary_nonoverlapping_trades.csv:299,,31.759995,,,,,,20.0,diagnostic_only,positive_net,"profit_factor,max_drawdown_dollars,trades,largest_winner_share,net_without_largest",,1
reports/mnq_2025q1_primary_replication/primary_nonoverlapping_trades.csv,307,orb_vwap_prior_day,vwap_delta_rejection,orb_vwap_prior_day:vwap_delta_rejection:reports/mnq_2025q1_primary_replication/primary_nonoverlapping_trades.csv:307,,31.759995,,,,,,20.0,diagnostic_only,positive_net,"profit_factor,max_drawdown_dollars,trades,largest_winner_share,net_without_largest",,1
reports/mnq_2025q1_primary_replication/primary_nonoverlapping_trades.csv,400,orb_vwap_prior_day,vwap_delta_rejection,orb_vwap_prior_day:vwap_delta_rejection:reports/mnq_2025q1_primary_replication/primary_nonoverlapping_trades.csv:400,,31.759995,,,,,,20.0,diagnostic_only,positive_net,"profit_factor,max_drawdown_dollars,trades,largest_winner_share,net_without_largest",,1
reports/mnq_2025q1_primary_replication/primary_nonoverlapping_trades.csv,383,orb_vwap_prior_day,vwap_delta_rejection,orb_vwap_prior_day:vwap_delta_rejection:reports/mnq_2025q1_primary_replication/primary_nonoverlapping_trades.csv:383,,30.759993,,,,,,20.0,diagnostic_only,positive_net,"profit_factor,max_drawdown_dollars,trades,largest_winner_share,net_without_largest",,1
reports/mnq_2025q1_primary_replication/primary_nonoverlapping_trades.csv,349,orb_vwap_prior_day,vwap_delta_rejection,orb_vwap_prior_day:vwap_delta_rejection:reports/mnq_2025q1_primary_replication/primary_nonoverlapping_trades.csv:349,,29.76,,,,,,20.0,diagnostic_only,positive_net,"profit_factor,max_drawdown_dollars,trades,largest_winner_share,net_without_largest",,1
reports/mnq_2025q1_primary_replication/primary_nonoverlapping_trades.csv,382,orb_vwap_prior_day,vwap_delta_rejection,orb_vwap_prior_day:vwap_delta_rejection:reports/mnq_2025q1_primary_replication/primary_nonoverlapping_trades.csv:382,,29.76,,,,,,20.0,diagnostic_only,positive_net,"profit_factor,max_drawdown_dollars,trades,largest_winner_share,net_without_largest",,1
reports/mnq_2025q1_primary_replication/primary_nonoverlapping_trades.csv,105,orb_vwap_prior_day,vwap_delta_rejection,orb_vwap_prior_day:vwap_delta_rejection:reports/mnq_2025q1_primary_replication/primary_nonoverlapping_trades.csv:105,,29.7599935,,,,,,20.0,diagnostic_only,positive_net,"profit_factor,max_drawdown_dollars,trades,largest_winner_share,net_without_largest",,1
reports/mnq_2025q1_primary_replication/primary_nonoverlapping_trades.csv,167,orb_vwap_prior_day,vwap_delta_rejection,orb_vwap_prior_day:vwap_delta_rejection:reports/mnq_2025q1_primary_replication/primary_nonoverlapping_trades.csv:167,,28.760002,,,,,,20.0,diagnostic_only,positive_net,"profit_factor,max_drawdown_dollars,trades,largest_winner_share,net_without_largest",,1
reports/mnq_2025q1_primary_replication/primary_nonoverlapping_trades.csv,227,orb_vwap_prior_day,vwap_delta_rejection,orb_vwap_prior_day:vwap_delta_rejection:reports/mnq_2025q1_primary_replication/primary_nonoverlapping_trades.csv:227,,28.760002,,,,,,20.0,diagnostic_only,positive_net,"profit_factor,max_drawdown_dollars,trades,largest_winner_share,net_without_largest",,1
reports/mnq_2025q1_primary_replication/primary_nonoverlapping_trades.csv,300,orb_vwap_prior_day,vwap_delta_rejection,orb_vwap_prior_day:vwap_delta_rejection:reports/mnq_2025q1_primary_replication/primary_nonoverlapping_trades.csv:300,,28.760002,,,,,,20.0,diagnostic_only,positive_net,"profit_factor,max_drawdown_dollars,trades,largest_winner_share,net_without_largest",,1
reports/mnq_2025q1_primary_replication/primary_nonoverlapping_trades.csv,328,orb_vwap_prior_day,vwap_delta_rejection,orb_vwap_prior_day:vwap_delta_rejection:reports/mnq_2025q1_primary_replication/primary_nonoverlapping_trades.csv:328,,28.760002,,,,,,20.0,diagnostic_only,positive_net,"profit_factor,max_drawdown_dollars,trades,largest_winner_share,net_without_largest",,1
reports/mnq_2025q1_primary_replication/primary_nonoverlapping_trades.csv,388,orb_vwap_prior_day,vwap_delta_rejection,orb_vwap_prior_day:vwap_delta_rejection:reports/mnq_2025q1_primary_replication/primary_nonoverlapping_trades.csv:388,,28.760002,,,,,,20.0,diagnostic_only,positive_net,"profit_factor,max_drawdown_dollars,trades,largest_winner_share,net_without_largest",,1
reports/mnq_2025q1_primary_replication/primary_nonoverlapping_trades.csv,439,orb_vwap_prior_day,vwap_delta_rejection,orb_vwap_prior_day:vwap_delta_rejection:reports/mnq_2025q1_primary_replication/primary_nonoverlapping_trades.csv:439,,28.760002,,,,,,20.0,diagnostic_only,positive_net,"profit_factor,max_drawdown_dollars,trades,largest_winner_share,net_without_largest",,1
reports/mnq_2025q1_primary_replication/primary_nonoverlapping_trades.csv,136,orb_vwap_prior_day,vwap_delta_rejection,orb_vwap_prior_day:vwap_delta_rejection:reports/mnq_2025q1_primary_replication/primary_nonoverlapping_trades.csv:136,,28.260006,,,,,,20.0,diagnostic_only,positive_net,"profit_factor,max_drawdown_dollars,trades,largest_winner_share,net_without_largest",,1
reports/mnq_2025q1_primary_replication/primary_nonoverlapping_trades.csv,329,orb_vwap_prior_day,vwap_delta_rejection,orb_vwap_prior_day:vwap_delta_rejection:reports/mnq_2025q1_primary_replication/primary_nonoverlapping_trades.csv:329,,27.760005,,,,,,20.0,diagnostic_only,positive_net,"profit_factor,max_drawdown_dollars,trades,largest_winner_share,net_without_largest",,1
reports/mnq_2025q1_primary_replication/primary_nonoverlapping_trades.csv,369,orb_vwap_prior_day,vwap_delta_rejection,orb_vwap_prior_day:vwap_delta_rejection:reports/mnq_2025q1_primary_replication/primary_nonoverlapping_trades.csv:369,,27.760005,,,,,,20.0,diagnostic_only,positive_net,"profit_factor,max_drawdown_dollars,trades,largest_winner_share,net_without_largest",,1
reports/mnq_2025q1_primary_replication/primary_nonoverlapping_trades.csv,216,orb_vwap_prior_day,vwap_delta_rejection,orb_vwap_prior_day:vwap_delta_rejection:reports/mnq_2025q1_primary_replication/primary_nonoverlapping_trades.csv:216,,26.7599965,,,,,,20.0,diagnostic_only,positive_net,"profit_factor,max_drawdown_dollars,trades,largest_winner_share,net_without_largest",,1
reports/mnq_2025q1_primary_replication/primary_nonoverlapping_trades.csv,9,orb_vwap_prior_day,vwap_delta_rejection,orb_vwap_prior_day:vwap_delta_rejection:reports/mnq_2025q1_primary_replication/primary_nonoverlapping_trades.csv:9,,25.76,,,,,,20.0,diagnostic_only,positive_net,"profit_factor,max_drawdown_dollars,trades,largest_winner_share,net_without_largest",,1
reports/mnq_2025q1_primary_replication/primary_nonoverlapping_trades.csv,38,orb_vwap_prior_day,vwap_delta_rejection,orb_vwap_prior_day:vwap_delta_rejection:reports/mnq_2025q1_primary_replication/primary_nonoverlapping_trades.csv:38,,25.76,,,,,,20.0,diagnostic_only,positive_net,"profit_factor,max_drawdown_dollars,trades,largest_winner_share,net_without_largest",,1
reports/mnq_2025q1_primary_replication/primary_nonoverlapping_trades.csv,72,orb_vwap_prior_day,vwap_delta_rejection,orb_vwap_prior_day:vwap_delta_rejection:reports/mnq_2025q1_primary_replication/primary_nonoverlapping_trades.csv:72,,25.76,,,,,,20.0,diagnostic_only,positive_net,"profit_factor,max_drawdown_dollars,trades,largest_winner_share,net_without_largest",,1
reports/mnq_2025q1_primary_replication/primary_nonoverlapping_trades.csv,89,orb_vwap_prior_day,vwap_delta_rejection,orb_vwap_prior_day:vwap_delta_rejection:reports/mnq_2025q1_primary_replication/primary_nonoverlapping_trades.csv:89,,25.76,,,,,,20.0,diagnostic_only,positive_net,"profit_factor,max_drawdown_dollars,trades,largest_winner_share,net_without_largest",,1
reports/mnq_2025q1_primary_replication/primary_nonoverlapping_trades.csv,207,orb_vwap_prior_day,vwap_delta_rejection,orb_vwap_prior_day:vwap_delta_rejection:reports/mnq_2025q1_primary_replication/primary_nonoverlapping_trades.csv:207,,25.76,,,,,,20.0,diagnostic_only,positive_net,"profit_factor,max_drawdown_dollars,trades,largest_winner_share,net_without_largest",,1
reports/mnq_2025q1_primary_replication/primary_nonoverlapping_trades.csv,243,orb_vwap_prior_day,vwap_delta_rejection,orb_vwap_prior_day:vwap_delta_rejection:reports/mnq_2025q1_primary_replication/primary_nonoverlapping_trades.csv:243,,25.76,,,,,,20.0,diagnostic_only,positive_net,"profit_factor,max_drawdown_dollars,trades,largest_winner_share,net_without_largest",,1
reports/mnq_2025q1_primary_replication/primary_nonoverlapping_trades.csv,413,orb_vwap_prior_day,vwap_delta_rejection,orb_vwap_prior_day:vwap_delta_rejection:reports/mnq_2025q1_primary_replication/primary_nonoverlapping_trades.csv:413,,25.76,,,,,,20.0,diagnostic_only,positive_net,"profit_factor,max_drawdown_dollars,trades,largest_winner_share,net_without_largest",,1
reports/mnq_2025q1_primary_replication/primary_nonoverlapping_trades.csv,91,orb_vwap_prior_day,vwap_delta_rejection,orb_vwap_prior_day:vwap_delta_rejection:reports/mnq_2025q1_primary_replication/primary_nonoverlapping_trades.csv:91,,24.759999,,,,,,20.0,diagnostic_only,positive_net,"profit_factor,max_drawdown_dollars,trades,largest_winner_share,net_without_largest",,1
reports/mnq_2025q1_primary_replication/primary_nonoverlapping_trades.csv,96,orb_vwap_prior_day,vwap_delta_rejection,orb_vwap_prior_day:vwap_delta_rejection:reports/mnq_2025q1_primary_replication/primary_nonoverlapping_trades.csv:96,,24.759999,,,,,,20.0,diagnostic_only,positive_net,"profit_factor,max_drawdown_dollars,trades,largest_winner_share,net_without_largest",,1
reports/mnq_2025q1_primary_replication/primary_nonoverlapping_trades.csv,308,orb_vwap_prior_day,vwap_delta_rejection,orb_vwap_prior_day:vwap_delta_rejection:reports/mnq_2025q1_primary_replication/primary_nonoverlapping_trades.csv:308,,24.759999,,,,,,20.0,diagnostic_only,positive_net,"profit_factor,max_drawdown_dollars,trades,largest_winner_share,net_without_largest",,1
reports/mnq_2025q1_primary_replication/primary_nonoverlapping_trades.csv,356,orb_vwap_prior_day,vwap_delta_rejection,orb_vwap_prior_day:vwap_delta_rejection:reports/mnq_2025q1_primary_replication/primary_nonoverlapping_trades.csv:356,,24.759999,,,,,,20.0,diagnostic_only,positive_net,"profit_factor,max_drawdown_dollars,trades,largest_winner_share,net_without_largest",,1
reports/mnq_2025q1_primary_replication/primary_nonoverlapping_trades.csv,435,orb_vwap_prior_day,vwap_delta_rejection,orb_vwap_prior_day:vwap_delta_rejection:reports/mnq_2025q1_primary_replication/primary_nonoverlapping_trades.csv:435,,24.759999,,,,,,20.0,diagnostic_only,positive_net,"profit_factor,max_drawdown_dollars,trades,largest_winner_share,net_without_largest",,1
reports/mnq_2025q1_primary_replication/primary_nonoverlapping_trades.csv,187,orb_vwap_prior_day,vwap_delta_rejection,orb_vwap_prior_day:vwap_delta_rejection:reports/mnq_2025q1_primary_replication/primary_nonoverlapping_trades.csv:187,,23.759996,,,,,,20.0,diagnostic_only,positive_net,"profit_factor,max_drawdown_dollars,trades,largest_winner_share,net_without_largest",,1
reports/mnq_2025q1_primary_replication/primary_nonoverlapping_trades.csv,199,orb_vwap_prior_day,vwap_delta_rejection,orb_vwap_prior_day:vwap_delta_rejection:reports/mnq_2025q1_primary_replication/primary_nonoverlapping_trades.csv:199,,23.759996,,,,,,20.0,diagnostic_only,positive_net,"profit_factor,max_drawdown_dollars,trades,largest_winner_share,net_without_largest",,1
reports/mnq_2025q1_primary_replication/primary_nonoverlapping_trades.csv,222,orb_vwap_prior_day,vwap_delta_rejection,orb_vwap_prior_day:vwap_delta_rejection:reports/mnq_2025q1_primary_replication/primary_nonoverlapping_trades.csv:222,,23.759996,,,,,,20.0,diagnostic_only,positive_net,"profit_factor,max_drawdown_dollars,trades,largest_winner_share,net_without_largest",,1
reports/mnq_2025q1_primary_replication/primary_nonoverlapping_trades.csv,290,orb_vwap_prior_day,vwap_delta_rejection,orb_vwap_prior_day:vwap_delta_rejection:reports/mnq_2025q1_primary_replication/primary_nonoverlapping_trades.csv:290,,23.759996,,,,,,20.0,diagnostic_only,positive_net,"profit_factor,max_drawdown_dollars,trades,largest_winner_share,net_without_largest",,1
reports/mnq_2025q1_primary_replication/primary_nonoverlapping_trades.csv,377,orb_vwap_prior_day,vwap_delta_rejection,orb_vwap_prior_day:vwap_delta_rejection:reports/mnq_2025q1_primary_replication/primary_nonoverlapping_trades.csv:377,,23.759996,,,,,,20.0,diagnostic_only,positive_net,"profit_factor,max_drawdown_dollars,trades,largest_winner_share,net_without_largest",,1
reports/mnq_2025q1_primary_replication/primary_nonoverlapping_trades.csv,441,orb_vwap_prior_day,vwap_delta_rejection,orb_vwap_prior_day:vwap_delta_rejection:reports/mnq_2025q1_primary_replication/primary_nonoverlapping_trades.csv:441,,23.7599855,,,,,,20.0,diagnostic_only,positive_net,"profit_factor,max_drawdown_dollars,trades,largest_winner_share,net_without_largest",,1
reports/mnq_2025q1_primary_replication/primary_nonoverlapping_trades.csv,192,orb_vwap_prior_day,vwap_delta_rejection,orb_vwap_prior_day:vwap_delta_rejection:reports/mnq_2025q1_primary_replication/primary_nonoverlapping_trades.csv:192,,22.76001,,,,,,20.0,diagnostic_only,positive_net,"profit_factor,max_drawdown_dollars,trades,largest_winner_share,net_without_largest",,1
reports/mnq_2025q1_primary_replication/primary_nonoverlapping_trades.csv,204,orb_vwap_prior_day,vwap_delta_rejection,orb_vwap_prior_day:vwap_delta_rejection:reports/mnq_2025q1_primary_replication/primary_nonoverlapping_trades.csv:204,,22.76,,,,,,20.0,diagnostic_only,positive_net,"profit_factor,max_drawdown_dollars,trades,largest_winner_share,net_without_largest",,1
reports/mnq_2025q1_primary_replication/primary_nonoverlapping_trades.csv,276,orb_vwap_prior_day,vwap_delta_rejection,orb_vwap_prior_day:vwap_delta_rejection:reports/mnq_2025q1_primary_replication/primary_nonoverlapping_trades.csv:276,,22.76,,,,,,20.0,diagnostic_only,positive_net,"profit_factor,max_drawdown_dollars,trades,largest_winner_share,net_without_largest",,1
reports/mnq_2025q1_primary_replication/primary_nonoverlapping_trades.csv,410,orb_vwap_prior_day,vwap_delta_rejection,orb_vwap_prior_day:vwap_delta_rejection:reports/mnq_2025q1_primary_replication/primary_nonoverlapping_trades.csv:410,,22.76,,,,,,20.0,diagnostic_only,positive_net,"profit_factor,max_drawdown_dollars,trades,largest_winner_share,net_without_largest",,1
reports/mnq_2025q1_primary_replication/primary_nonoverlapping_trades.csv,49,orb_vwap_prior_day,vwap_delta_rejection,orb_vwap_prior_day:vwap_delta_rejection:reports/mnq_2025q1_primary_replication/primary_nonoverlapping_trades.csv:49,,21.76002,,,,,,20.0,diagnostic_only,positive_net,"profit_factor,max_drawdown_dollars,trades,largest_winner_share,net_without_largest",,1
reports/mnq_2025q1_primary_replication/primary_nonoverlapping_trades.csv,114,orb_vwap_prior_day,vwap_delta_rejection,orb_vwap_prior_day:vwap_delta_rejection:reports/mnq_2025q1_primary_replication/primary_nonoverlapping_trades.csv:114,,21.759996,,,,,,20.0,diagnostic_only,positive_net,"profit_factor,max_drawdown_dollars,trades,largest_winner_share,net_without_largest",,1
reports/mnq_2025q1_primary_replication/primary_nonoverlapping_trades.csv,191,orb_vwap_prior_day,vwap_delta_rejection,orb_vwap_prior_day:vwap_delta_rejection:reports/mnq_2025q1_primary_replication/primary_nonoverlapping_trades.csv:191,,21.759996,,,,,,20.0,diagnostic_only,positive_net,"profit_factor,max_drawdown_dollars,trades,largest_winner_share,net_without_largest",,1
reports/mnq_2025q1_primary_replication/primary_nonoverlapping_trades.csv,433,orb_vwap_prior_day,vwap_delta_rejection,orb_vwap_prior_day:vwap_delta_rejection:reports/mnq_2025q1_primary_replication/primary_nonoverlapping_trades.csv:433,,21.759996,,,,,,20.0,diagnostic_only,positive_net,"profit_factor,max_drawdown_dollars,trades,largest_winner_share,net_without_largest",,1
reports/mnq_2025q1_primary_replication/primary_nonoverlapping_trades.csv,218,orb_vwap_prior_day,vwap_delta_rejection,orb_vwap_prior_day:vwap_delta_rejection:reports/mnq_2025q1_primary_replication/primary_nonoverlapping_trades.csv:218,,20.7599955,,,,,,20.0,diagnostic_only,positive_net,"profit_factor,max_drawdown_dollars,trades,largest_winner_share,net_without_largest",,1
reports/mnq_2025q1_primary_replication/primary_nonoverlapping_trades.csv,69,orb_vwap_prior_day,vwap_delta_rejection,orb_vwap_prior_day:vwap_delta_rejection:reports/mnq_2025q1_primary_replication/primary_nonoverlapping_trades.csv:69,,19.760004,,,,,,20.0,diagnostic_only,positive_net,"profit_factor,max_drawdown_dollars,trades,largest_winner_share,net_without_largest",,1
reports/mnq_2025q1_primary_replication/primary_nonoverlapping_trades.csv,100,orb_vwap_prior_day,vwap_delta_rejection,orb_vwap_prior_day:vwap_delta_rejection:reports/mnq_2025q1_primary_replication/primary_nonoverlapping_trades.csv:100,,18.7600035,,,,,,20.0,diagnostic_only,positive_net,"profit_factor,max_drawdown_dollars,trades,largest_winner_share,net_without_largest",,1
reports/mnq_2025q1_primary_replication/primary_nonoverlapping_trades.csv,294,orb_vwap_prior_day,vwap_delta_rejection,orb_vwap_prior_day:vwap_delta_rejection:reports/mnq_2025q1_primary_replication/primary_nonoverlapping_trades.csv:294,,18.7600035,,,,,,20.0,diagnostic_only,positive_net,"profit_factor,max_drawdown_dollars,trades,largest_winner_share,net_without_largest",,1
reports/mnq_2025q1_primary_replication/primary_nonoverlapping_trades.csv,324,orb_vwap_prior_day,vwap_delta_rejection,orb_vwap_prior_day:vwap_delta_rejection:reports/mnq_2025q1_primary_replication/primary_nonoverlapping_trades.csv:324,,18.7600035,,,,,,20.0,diagnostic_only,positive_net,"profit_factor,max_drawdown_dollars,trades,largest_winner_share,net_without_largest",,1
reports/mnq_2025q1_primary_replication/primary_nonoverlapping_trades.csv,326,orb_vwap_prior_day,vwap_delta_rejection,orb_vwap_prior_day:vwap_delta_rejection:reports/mnq_2025q1_primary_replication/primary_nonoverlapping_trades.csv:326,,18.7600035,,,,,,20.0,diagnostic_only,positive_net,"profit_factor,max_drawdown_dollars,trades,largest_winner_share,net_without_largest",,1
reports/mnq_2025q1_primary_replication/primary_nonoverlapping_trades.csv,392,orb_vwap_prior_day,vwap_delta_rejection,orb_vwap_prior_day:vwap_delta_rejection:reports/mnq_2025q1_primary_replication/primary_nonoverlapping_trades.csv:392,,18.7600035,,,,,,20.0,diagnostic_only,positive_net,"profit_factor,max_drawdown_dollars,trades,largest_winner_share,net_without_largest",,1
reports/mnq_2025q1_primary_replication/primary_nonoverlapping_trades.csv,403,orb_vwap_prior_day,vwap_delta_rejection,orb_vwap_prior_day:vwap_delta_rejection:reports/mnq_2025q1_primary_replication/primary_nonoverlapping_trades.csv:403,,18.7600035,,,,,,20.0,diagnostic_only,positive_net,"profit_factor,max_drawdown_dollars,trades,largest_winner_share,net_without_largest",,1
reports/mnq_2025q1_primary_replication/primary_nonoverlapping_trades.csv,408,orb_vwap_prior_day,vwap_delta_rejection,orb_vwap_prior_day:vwap_delta_rejection:reports/mnq_2025q1_primary_replication/primary_nonoverlapping_trades.csv:408,,18.7600035,,,,,,20.0,diagnostic_only,positive_net,"profit_factor,max_drawdown_dollars,trades,largest_winner_share,net_without_largest",,1
reports/mnq_2025q1_primary_replication/primary_nonoverlapping_trades.csv,8,orb_vwap_prior_day,vwap_delta_rejection,orb_vwap_prior_day:vwap_delta_rejection:reports/mnq_2025q1_primary_replication/primary_nonoverlapping_trades.csv:8,,17.76,,,,,,20.0,diagnostic_only,positive_net,"profit_factor,max_drawdown_dollars,trades,largest_winner_share,net_without_largest",,1
reports/mnq_2025q1_primary_replication/primary_nonoverlapping_trades.csv,108,orb_vwap_prior_day,vwap_delta_rejection,orb_vwap_prior_day:vwap_delta_rejection:reports/mnq_2025q1_primary_replication/primary_nonoverlapping_trades.csv:108,,17.76,,,,,,20.0,diagnostic_only,positive_net,"profit_factor,max_drawdown_dollars,trades,largest_winner_share,net_without_largest",,1
reports/mnq_2025q1_primary_replication/primary_nonoverlapping_trades.csv,374,orb_vwap_prior_day,vwap_delta_rejection,orb_vwap_prior_day:vwap_delta_rejection:reports/mnq_2025q1_primary_replication/primary_nonoverlapping_trades.csv:374,,17.76,,,,,,20.0,diagnostic_only,positive_net,"profit_factor,max_drawdown_dollars,trades,largest_winner_share,net_without_largest",,1
reports/mnq_2025q1_primary_replication/primary_nonoverlapping_trades.csv,231,orb_vwap_prior_day,vwap_delta_rejection,orb_vwap_prior_day:vwap_delta_rejection:reports/mnq_2025q1_primary_replication/primary_nonoverlapping_trades.csv:231,,17.259996,,,,,,20.0,diagnostic_only,positive_net,"profit_factor,max_drawdown_dollars,trades,largest_winner_share,net_without_largest",,1
reports/mnq_2025q1_primary_replication/primary_nonoverlapping_trades.csv,285,orb_vwap_prior_day,vwap_delta_rejection,orb_vwap_prior_day:vwap_delta_rejection:reports/mnq_2025q1_primary_replication/primary_nonoverlapping_trades.csv:285,,16.7600045,,,,,,20.0,diagnostic_only,positive_net,"profit_factor,max_drawdown_dollars,trades,largest_winner_share,net_without_largest",,1
reports/mnq_2025q1_primary_replication/primary_nonoverlapping_trades.csv,287,orb_vwap_prior_day,vwap_delta_rejection,orb_vwap_prior_day:vwap_delta_rejection:reports/mnq_2025q1_primary_replication/primary_nonoverlapping_trades.csv:287,,16.7600045,,,,,,20.0,diagnostic_only,positive_net,"profit_factor,max_drawdown_dollars,trades,largest_winner_share,net_without_largest",,1
reports/mnq_2025q1_primary_replication/primary_nonoverlapping_trades.csv,437,orb_vwap_prior_day,vwap_delta_rejection,orb_vwap_prior_day:vwap_delta_rejection:reports/mnq_2025q1_primary_replication/primary_nonoverlapping_trades.csv:437,,16.7600045,,,,,,20.0,diagnostic_only,positive_net,"profit_factor,max_drawdown_dollars,trades,largest_winner_share,net_without_largest",,1
reports/mnq_2025q1_primary_replication/primary_nonoverlapping_trades.csv,41,orb_vwap_prior_day,vwap_delta_rejection,orb_vwap_prior_day:vwap_delta_rejection:reports/mnq_2025q1_primary_replication/primary_nonoverlapping_trades.csv:41,,15.759999,,,,,,20.0,diagnostic_only,positive_net,"profit_factor,max_drawdown_dollars,trades,largest_winner_share,net_without_largest",,1
reports/mnq_2025q1_primary_replication/primary_nonoverlapping_trades.csv,59,orb_vwap_prior_day,vwap_delta_rejection,orb_vwap_prior_day:vwap_delta_rejection:reports/mnq_2025q1_primary_replication/primary_nonoverlapping_trades.csv:59,,15.759999,,,,,,20.0,diagnostic_only,positive_net,"profit_factor,max_drawdown_dollars,trades,largest_winner_share,net_without_largest",,1
reports/mnq_2025q1_primary_replication/primary_nonoverlapping_trades.csv,208,orb_vwap_prior_day,vwap_delta_rejection,orb_vwap_prior_day:vwap_delta_rejection:reports/mnq_2025q1_primary_replication/primary_nonoverlapping_trades.csv:208,,15.759999,,,,,,20.0,diagnostic_only,positive_net,"profit_factor,max_drawdown_dollars,trades,largest_winner_share,net_without_largest",,1
reports/mnq_2025q1_primary_replication/primary_nonoverlapping_trades.csv,234,orb_vwap_prior_day,vwap_delta_rejection,orb_vwap_prior_day:vwap_delta_rejection:reports/mnq_2025q1_primary_replication/primary_nonoverlapping_trades.csv:234,,15.759999,,,,,,20.0,diagnostic_only,positive_net,"profit_factor,max_drawdown_dollars,trades,largest_winner_share,net_without_largest",,1
reports/mnq_2025q1_primary_replication/primary_nonoverlapping_trades.csv,150,orb_vwap_prior_day,vwap_delta_rejection,orb_vwap_prior_day:vwap_delta_rejection:reports/mnq_2025q1_primary_replication/primary_nonoverlapping_trades.csv:150,,14.7600035,,,,,,20.0,diagnostic_only,positive_net,"profit_factor,max_drawdown_dollars,trades,largest_winner_share,net_without_largest",,1
reports/mnq_2025q1_primary_replication/primary_nonoverlapping_trades.csv,174,orb_vwap_prior_day,vwap_delta_rejection,orb_vwap_prior_day:vwap_delta_rejection:reports/mnq_2025q1_primary_replication/primary_nonoverlapping_trades.csv:174,,14.7600035,,,,,,20.0,diagnostic_only,positive_net,"profit_factor,max_drawdown_dollars,trades,largest_winner_share,net_without_largest",,1
reports/mnq_2025q1_primary_replication/primary_nonoverlapping_trades.csv,211,orb_vwap_prior_day,vwap_delta_rejection,orb_vwap_prior_day:vwap_delta_rejection:reports/mnq_2025q1_primary_replication/primary_nonoverlapping_trades.csv:211,,14.7600035,,,,,,20.0,diagnostic_only,positive_net,"profit_factor,max_drawdown_dollars,trades,largest_winner_share,net_without_largest",,1
reports/mnq_2025q1_primary_replication/primary_nonoverlapping_trades.csv,253,orb_vwap_prior_day,vwap_delta_rejection,orb_vwap_prior_day:vwap_delta_rejection:reports/mnq_2025q1_primary_replication/primary_nonoverlapping_trades.csv:253,,14.7600035,,,,,,20.0,diagnostic_only,positive_net,"profit_factor,max_drawdown_dollars,trades,largest_winner_share,net_without_largest",,1
reports/mnq_2025q1_primary_replication/primary_nonoverlapping_trades.csv,452,orb_vwap_prior_day,vwap_delta_rejection,orb_vwap_prior_day:vwap_delta_rejection:reports/mnq_2025q1_primary_replication/primary_nonoverlapping_trades.csv:452,,14.7600035,,,,,,20.0,diagnostic_only,positive_net,"profit_factor,max_drawdown_dollars,trades,largest_winner_share,net_without_largest",,1
reports/mnq_2025q1_primary_replication/primary_nonoverlapping_trades.csv,406,orb_vwap_prior_day,vwap_delta_rejection,orb_vwap_prior_day:vwap_delta_rejection:reports/mnq_2025q1_primary_replication/primary_nonoverlapping_trades.csv:406,,14.259996,,,,,,20.0,diagnostic_only,positive_net,"profit_factor,max_drawdown_dollars,trades,largest_winner_share,net_without_largest",,1
reports/mnq_2025q1_primary_replication/primary_nonoverlapping_trades.csv,165,orb_vwap_prior_day,vwap_delta_rejection,orb_vwap_prior_day:vwap_delta_rejection:reports/mnq_2025q1_primary_replication/primary_nonoverlapping_trades.csv:165,,13.76,,,,,,20.0,diagnostic_only,positive_net,"profit_factor,max_drawdown_dollars,trades,largest_winner_share,net_without_largest",,1
reports/mnq_2025q1_primary_replication/primary_nonoverlapping_trades.csv,202,orb_vwap_prior_day,vwap_delta_rejection,orb_vwap_prior_day:vwap_delta_rejection:reports/mnq_2025q1_primary_replication/primary_nonoverlapping_trades.csv:202,,13.76,,,,,,20.0,diagnostic_only,positive_net,"profit_factor,max_drawdown_dollars,trades,largest_winner_share,net_without_largest",,1
reports/mnq_2025q1_primary_replication/primary_nonoverlapping_trades.csv,331,orb_vwap_prior_day,vwap_delta_rejection,orb_vwap_prior_day:vwap_delta_rejection:reports/mnq_2025q1_primary_replication/primary_nonoverlapping_trades.csv:331,,13.76,,,,,,20.0,diagnostic_only,positive_net,"profit_factor,max_drawdown_dollars,trades,largest_winner_share,net_without_largest",,1
reports/mnq_2025q1_primary_replication/primary_nonoverlapping_trades.csv,402,orb_vwap_prior_day,vwap_delta_rejection,orb_vwap_prior_day:vwap_delta_rejection:reports/mnq_2025q1_primary_replication/primary_nonoverlapping_trades.csv:402,,13.76,,,,,,20.0,diagnostic_only,positive_net,"profit_factor,max_drawdown_dollars,trades,largest_winner_share,net_without_largest",,1
reports/mnq_2025q1_primary_replication/primary_nonoverlapping_trades.csv,411,orb_vwap_prior_day,vwap_delta_rejection,orb_vwap_prior_day:vwap_delta_rejection:reports/mnq_2025q1_primary_replication/primary_nonoverlapping_trades.csv:411,,13.76,,,,,,20.0,diagnostic_only,positive_net,"profit_factor,max_drawdown_dollars,trades,largest_winner_share,net_without_largest",,1
reports/mnq_2025q1_primary_replication/primary_nonoverlapping_trades.csv,7,orb_vwap_prior_day,vwap_delta_rejection,orb_vwap_prior_day:vwap_delta_rejection:reports/mnq_2025q1_primary_replication/primary_nonoverlapping_trades.csv:7,,13.26,,,,,,20.0,diagnostic_only,positive_net,"profit_factor,max_drawdown_dollars,trades,largest_winner_share,net_without_largest",,1
reports/mnq_2025q1_primary_replication/primary_nonoverlapping_trades.csv,236,orb_vwap_prior_day,vwap_delta_rejection,orb_vwap_prior_day:vwap_delta_rejection:reports/mnq_2025q1_primary_replication/primary_nonoverlapping_trades.csv:236,,13.26,,,,,,20.0,diagnostic_only,positive_net,"profit_factor,max_drawdown_dollars,trades,largest_winner_share,net_without_largest",,1
reports/mnq_2025q1_primary_replication/primary_nonoverlapping_trades.csv,104,orb_vwap_prior_day,vwap_delta_rejection,orb_vwap_prior_day:vwap_delta_rejection:reports/mnq_2025q1_primary_replication/primary_nonoverlapping_trades.csv:104,,12.7599975,,,,,,20.0,diagnostic_only,positive_net,"profit_factor,max_drawdown_dollars,trades,largest_winner_share,net_without_largest",,1
reports/mnq_2025q1_primary_replication/primary_nonoverlapping_trades.csv,197,orb_vwap_prior_day,vwap_delta_rejection,orb_vwap_prior_day:vwap_delta_rejection:reports/mnq_2025q1_primary_replication/primary_nonoverlapping_trades.csv:197,,12.7599975,,,,,,20.0,diagnostic_only,positive_net,"profit_factor,max_drawdown_dollars,trades,largest_winner_share,net_without_largest",,1
reports/mnq_2025q1_primary_replication/primary_nonoverlapping_trades.csv,312,orb_vwap_prior_day,vwap_delta_rejection,orb_vwap_prior_day:vwap_delta_rejection:reports/mnq_2025q1_primary_replication/primary_nonoverlapping_trades.csv:312,,12.7599975,,,,,,20.0,diagnostic_only,positive_net,"profit_factor,max_drawdown_dollars,trades,largest_winner_share,net_without_largest",,1
reports/mnq_2025q1_primary_replication/primary_nonoverlapping_trades.csv,346,orb_vwap_prior_day,vwap_delta_rejection,orb_vwap_prior_day:vwap_delta_rejection:reports/mnq_2025q1_primary_replication/primary_nonoverlapping_trades.csv:346,,12.7599975,,,,,,20.0,diagnostic_only,positive_net,"profit_factor,max_drawdown_dollars,trades,largest_winner_share,net_without_largest",,1
reports/mnq_2025q1_primary_replication/primary_nonoverlapping_trades.csv,436,orb_vwap_prior_day,vwap_delta_rejection,orb_vwap_prior_day:vwap_delta_rejection:reports/mnq_2025q1_primary_replication/primary_nonoverlapping_trades.csv:436,,12.7599975,,,,,,20.0,diagnostic_only,positive_net,"profit_factor,max_drawdown_dollars,trades,largest_winner_share,net_without_largest",,1
reports/mnq_2025q1_primary_replication/primary_nonoverlapping_trades.csv,54,orb_vwap_prior_day,vwap_delta_rejection,orb_vwap_prior_day:vwap_delta_rejection:reports/mnq_2025q1_primary_replication/primary_nonoverlapping_trades.csv:54,,11.760011,,,,,,20.0,diagnostic_only,positive_net,"profit_factor,max_drawdown_dollars,trades,largest_winner_share,net_without_largest",,1
reports/mnq_2025q1_primary_replication/primary_nonoverlapping_trades.csv,65,orb_vwap_prior_day,vwap_delta_rejection,orb_vwap_prior_day:vwap_delta_rejection:reports/mnq_2025q1_primary_replication/primary_nonoverlapping_trades.csv:65,,11.76,,,,,,20.0,diagnostic_only,positive_net,"profit_factor,max_drawdown_dollars,trades,largest_winner_share,net_without_largest",,1
reports/mnq_2025q1_primary_replication/primary_nonoverlapping_trades.csv,422,orb_vwap_prior_day,vwap_delta_rejection,orb_vwap_prior_day:vwap_delta_rejection:reports/mnq_2025q1_primary_replication/primary_nonoverlapping_trades.csv:422,,11.76,,,,,,20.0,diagnostic_only,positive_net,"profit_factor,max_drawdown_dollars,trades,largest_winner_share,net_without_largest",,1
reports/mnq_2025q1_primary_replication/primary_nonoverlapping_trades.csv,200,orb_vwap_prior_day,vwap_delta_rejection,orb_vwap_prior_day:vwap_delta_rejection:reports/mnq_2025q1_primary_replication/primary_nonoverlapping_trades.csv:200,,10.7600025,,,,,,20.0,diagnostic_only,positive_net,"profit_factor,max_drawdown_dollars,trades,largest_winner_share,net_without_largest",,1
reports/mnq_2025q1_primary_replication/primary_nonoverlapping_trades.csv,201,orb_vwap_prior_day,vwap_delta_rejection,orb_vwap_prior_day:vwap_delta_rejection:reports/mnq_2025q1_primary_replication/primary_nonoverlapping_trades.csv:201,,10.7600025,,,,,,20.0,diagnostic_only,positive_net,"profit_factor,max_drawdown_dollars,trades,largest_winner_share,net_without_largest",,1
reports/mnq_2025q1_primary_replication/primary_nonoverlapping_trades.csv,245,orb_vwap_prior_day,vwap_delta_rejection,orb_vwap_prior_day:vwap_delta_rejection:reports/mnq_2025q1_primary_replication/primary_nonoverlapping_trades.csv:245,,10.7600025,,,,,,20.0,diagnostic_only,positive_net,"profit_factor,max_drawdown_dollars,trades,largest_winner_share,net_without_largest",,1
reports/mnq_2025q1_primary_replication/primary_nonoverlapping_trades.csv,228,orb_vwap_prior_day,vwap_delta_rejection,orb_vwap_prior_day:vwap_delta_rejection:reports/mnq_2025q1_primary_replication/primary_nonoverlapping_trades.csv:228,,10.2599895,,,,,,20.0,diagnostic_only,positive_net,"profit_factor,max_drawdown_dollars,trades,largest_winner_share,net_without_largest",,1
reports/mnq_2025q1_primary_replication/primary_nonoverlapping_trades.csv,193,orb_vwap_prior_day,vwap_delta_rejection,orb_vwap_prior_day:vwap_delta_rejection:reports/mnq_2025q1_primary_replication/primary_nonoverlapping_trades.csv:193,,9.760002,,,,,,20.0,diagnostic_only,positive_net,"profit_factor,max_drawdown_dollars,trades,largest_winner_share,net_without_largest",,1
reports/mnq_2025q1_primary_replication/primary_nonoverlapping_trades.csv,419,orb_vwap_prior_day,vwap_delta_rejection,orb_vwap_prior_day:vwap_delta_rejection:reports/mnq_2025q1_primary_replication/primary_nonoverlapping_trades.csv:419,,9.760002,,,,,,20.0,diagnostic_only,positive_net,"profit_factor,max_drawdown_dollars,trades,largest_winner_share,net_without_largest",,1
reports/mnq_2025q1_primary_replication/primary_nonoverlapping_trades.csv,183,orb_vwap_prior_day,vwap_delta_rejection,orb_vwap_prior_day:vwap_delta_rejection:reports/mnq_2025q1_primary_replication/primary_nonoverlapping_trades.csv:183,,9.759997,,,,,,20.0,diagnostic_only,positive_net,"profit_factor,max_drawdown_dollars,trades,largest_winner_share,net_without_largest",,1
reports/mnq_2025q1_primary_replication/primary_nonoverlapping_trades.csv,195,orb_vwap_prior_day,vwap_delta_rejection,orb_vwap_prior_day:vwap_delta_rejection:reports/mnq_2025q1_primary_replication/primary_nonoverlapping_trades.csv:195,,9.2600025,,,,,,20.0,diagnostic_only,positive_net,"profit_factor,max_drawdown_dollars,trades,largest_winner_share,net_without_largest",,1
reports/mnq_2025q1_primary_replication/primary_nonoverlapping_trades.csv,119,orb_vwap_prior_day,vwap_delta_rejection,orb_vwap_prior_day:vwap_delta_rejection:reports/mnq_2025q1_primary_replication/primary_nonoverlapping_trades.csv:119,,8.760003,,,,,,20.0,diagnostic_only,positive_net,"profit_factor,max_drawdown_dollars,trades,largest_winner_share,net_without_largest",,1
reports/mnq_2025q1_primary_replication/primary_nonoverlapping_trades.csv,5,orb_vwap_prior_day,vwap_delta_rejection,orb_vwap_prior_day:vwap_delta_rejection:reports/mnq_2025q1_primary_replication/primary_nonoverlapping_trades.csv:5,,8.7599985,,,,,,20.0,diagnostic_only,positive_net,"profit_factor,max_drawdown_dollars,trades,largest_winner_share,net_without_largest",,1
reports/mnq_2025q1_primary_replication/primary_nonoverlapping_trades.csv,58,orb_vwap_prior_day,vwap_delta_rejection,orb_vwap_prior_day:vwap_delta_rejection:reports/mnq_2025q1_primary_replication/primary_nonoverlapping_trades.csv:58,,8.7599985,,,,,,20.0,diagnostic_only,positive_net,"profit_factor,max_drawdown_dollars,trades,largest_winner_share,net_without_largest",,1
reports/mnq_2025q1_primary_replication/primary_nonoverlapping_trades.csv,217,orb_vwap_prior_day,vwap_delta_rejection,orb_vwap_prior_day:vwap_delta_rejection:reports/mnq_2025q1_primary_replication/primary_nonoverlapping_trades.csv:217,,8.7599985,,,,,,20.0,diagnostic_only,positive_net,"profit_factor,max_drawdown_dollars,trades,largest_winner_share,net_without_largest",,1
reports/mnq_2025q1_primary_replication/primary_nonoverlapping_trades.csv,235,orb_vwap_prior_day,vwap_delta_rejection,orb_vwap_prior_day:vwap_delta_rejection:reports/mnq_2025q1_primary_replication/primary_nonoverlapping_trades.csv:235,,8.7599985,,,,,,20.0,diagnostic_only,positive_net,"profit_factor,max_drawdown_dollars,trades,largest_winner_share,net_without_largest",,1
reports/mnq_2025q1_primary_replication/primary_nonoverlapping_trades.csv,238,orb_vwap_prior_day,vwap_delta_rejection,orb_vwap_prior_day:vwap_delta_rejection:reports/mnq_2025q1_primary_replication/primary_nonoverlapping_trades.csv:238,,8.7599985,,,,,,20.0,diagnostic_only,positive_net,"profit_factor,max_drawdown_dollars,trades,largest_winner_share,net_without_largest",,1
reports/mnq_2025q1_primary_replication/primary_nonoverlapping_trades.csv,242,orb_vwap_prior_day,vwap_delta_rejection,orb_vwap_prior_day:vwap_delta_rejection:reports/mnq_2025q1_primary_replication/primary_nonoverlapping_trades.csv:242,,8.7599985,,,,,,20.0,diagnostic_only,positive_net,"profit_factor,max_drawdown_dollars,trades,largest_winner_share,net_without_largest",,1
reports/mnq_2025q1_primary_replication/primary_nonoverlapping_trades.csv,182,orb_vwap_prior_day,vwap_delta_rejection,orb_vwap_prior_day:vwap_delta_rejection:reports/mnq_2025q1_primary_replication/primary_nonoverlapping_trades.csv:182,,7.76,,,,,,20.0,diagnostic_only,positive_net,"profit_factor,max_drawdown_dollars,trades,largest_winner_share,net_without_largest",,1
reports/mnq_2025q1_primary_replication/primary_nonoverlapping_trades.csv,68,orb_vwap_prior_day,vwap_delta_rejection,orb_vwap_prior_day:vwap_delta_rejection:reports/mnq_2025q1_primary_replication/primary_nonoverlapping_trades.csv:68,,6.759999,,,,,,20.0,diagnostic_only,positive_net,"profit_factor,max_drawdown_dollars,trades,largest_winner_share,net_without_largest",,1
reports/mnq_2025q1_primary_replication/primary_nonoverlapping_trades.csv,92,orb_vwap_prior_day,vwap_delta_rejection,orb_vwap_prior_day:vwap_delta_rejection:reports/mnq_2025q1_primary_replication/primary_nonoverlapping_trades.csv:92,,6.2600045,,,,,,20.0,diagnostic_only,positive_net,"profit_factor,max_drawdown_dollars,trades,largest_winner_share,net_without_largest",,1
reports/mnq_2025q1_primary_replication/primary_nonoverlapping_trades.csv,42,orb_vwap_prior_day,vwap_delta_rejection,orb_vwap_prior_day:vwap_delta_rejection:reports/mnq_2025q1_primary_replication/primary_nonoverlapping_trades.csv:42,,6.259995,,,,,,20.0,diagnostic_only,positive_net,"profit_factor,max_drawdown_dollars,trades,largest_winner_share,net_without_largest",,1
reports/mnq_2025q1_primary_replication/primary_nonoverlapping_trades.csv,394,orb_vwap_prior_day,vwap_delta_rejection,orb_vwap_prior_day:vwap_delta_rejection:reports/mnq_2025q1_primary_replication/primary_nonoverlapping_trades.csv:394,,6.259995,,,,,,20.0,diagnostic_only,positive_net,"profit_factor,max_drawdown_dollars,trades,largest_winner_share,net_without_largest",,1
reports/mnq_2025q1_primary_replication/primary_nonoverlapping_trades.csv,66,orb_vwap_prior_day,vwap_delta_rejection,orb_vwap_prior_day:vwap_delta_rejection:reports/mnq_2025q1_primary_replication/primary_nonoverlapping_trades.csv:66,,5.76,,,,,,20.0,diagnostic_only,positive_net,"profit_factor,max_drawdown_dollars,trades,largest_winner_share,net_without_largest",,1
reports/mnq_2025q1_primary_replication/primary_nonoverlapping_trades.csv,140,orb_vwap_prior_day,vwap_delta_rejection,orb_vwap_prior_day:vwap_delta_rejection:reports/mnq_2025q1_primary_replication/primary_nonoverlapping_trades.csv:140,,5.76,,,,,,20.0,diagnostic_only,positive_net,"profit_factor,max_drawdown_dollars,trades,largest_winner_share,net_without_largest",,1
reports/mnq_2025q1_primary_replication/primary_nonoverlapping_trades.csv,344,orb_vwap_prior_day,vwap_delta_rejection,orb_vwap_prior_day:vwap_delta_rejection:reports/mnq_2025q1_primary_replication/primary_nonoverlapping_trades.csv:344,,5.76,,,,,,20.0,diagnostic_only,positive_net,"profit_factor,max_drawdown_dollars,trades,largest_winner_share,net_without_largest",,1
reports/mnq_2025q1_primary_replication/primary_nonoverlapping_trades.csv,297,orb_vwap_prior_day,vwap_delta_rejection,orb_vwap_prior_day:vwap_delta_rejection:reports/mnq_2025q1_primary_replication/primary_nonoverlapping_trades.csv:297,,5.2599995,,,,,,20.0,diagnostic_only,positive_net,"profit_factor,max_drawdown_dollars,trades,largest_winner_share,net_without_largest",,1
reports/mnq_2025q1_primary_replication/primary_nonoverlapping_trades.csv,156,orb_vwap_prior_day,vwap_delta_rejection,orb_vwap_prior_day:vwap_delta_rejection:reports/mnq_2025q1_primary_replication/primary_nonoverlapping_trades.csv:156,,4.76,,,,,,20.0,diagnostic_only,positive_net,"profit_factor,max_drawdown_dollars,trades,largest_winner_share,net_without_largest",,1
reports/mnq_2025q1_primary_replication/primary_nonoverlapping_trades.csv,98,orb_vwap_prior_day,vwap_delta_rejection,orb_vwap_prior_day:vwap_delta_rejection:reports/mnq_2025q1_primary_replication/primary_nonoverlapping_trades.csv:98,,4.2600095,,,,,,20.0,diagnostic_only,positive_net,"profit_factor,max_drawdown_dollars,trades,largest_winner_share,net_without_largest",,1
reports/mnq_2025q1_primary_replication/primary_nonoverlapping_trades.csv,418,orb_vwap_prior_day,vwap_delta_rejection,orb_vwap_prior_day:vwap_delta_rejection:reports/mnq_2025q1_primary_replication/primary_nonoverlapping_trades.csv:418,,3.759999,,,,,,20.0,diagnostic_only,positive_net,"profit_factor,max_drawdown_dollars,trades,largest_winner_share,net_without_largest",,1
reports/mnq_2025q1_primary_replication/primary_nonoverlapping_trades.csv,244,orb_vwap_prior_day,vwap_delta_rejection,orb_vwap_prior_day:vwap_delta_rejection:reports/mnq_2025q1_primary_replication/primary_nonoverlapping_trades.csv:244,,2.76,,,,,,20.0,diagnostic_only,positive_net,"profit_factor,max_drawdown_dollars,trades,largest_winner_share,net_without_largest",,1
reports/mnq_2025q1_primary_replication/primary_nonoverlapping_trades.csv,47,orb_vwap_prior_day,vwap_delta_rejection,orb_vwap_prior_day:vwap_delta_rejection:reports/mnq_2025q1_primary_replication/primary_nonoverlapping_trades.csv:47,,0.760005,,,,,,20.0,diagnostic_only,positive_net,"profit_factor,max_drawdown_dollars,trades,largest_winner_share,net_without_largest",,1
reports/mnq_2025q1_primary_replication/primary_nonoverlapping_trades.csv,267,orb_vwap_prior_day,vwap_delta_rejection,orb_vwap_prior_day:vwap_delta_rejection:reports/mnq_2025q1_primary_replication/primary_nonoverlapping_trades.csv:267,,0.75999,,,,,,20.0,diagnostic_only,positive_net,"profit_factor,max_drawdown_dollars,trades,largest_winner_share,net_without_largest",,1
reports/pattern_ml_20260612/calibration.csv,0,unknown_other,calibration,unknown_other:calibration:reports/pattern_ml_20260612/calibration.csv:0,,,,,582.0,,,20.0,diagnostic_only,sample_primary_level,"net_dollars,profit_factor,max_drawdown_dollars,largest_winner_share,net_without_largest",,1
reports/pattern_ml_20260612/calibration.csv,1,unknown_other,calibration,unknown_other:calibration:reports/pattern_ml_20260612/calibration.csv:1,,,,,3690.0,,,20.0,diagnostic_only,sample_primary_level,"net_dollars,profit_factor,max_drawdown_dollars,largest_winner_share,net_without_largest",,1
reports/pattern_ml_20260612/calibration.csv,2,unknown_other,calibration,unknown_other:calibration:reports/pattern_ml_20260612/calibration.csv:2,,,,,1175.0,,,20.0,diagnostic_only,sample_primary_level,"net_dollars,profit_factor,max_drawdown_dollars,largest_winner_share,net_without_largest",,1
reports/pattern_ml_20260612/calibration.csv,4,unknown_other,calibration,unknown_other:calibration:reports/pattern_ml_20260612/calibration.csv:4,,,,,224.0,,,20.0,diagnostic_only,sample_primary_level,"net_dollars,profit_factor,max_drawdown_dollars,largest_winner_share,net_without_largest",,1
reports/pattern_ml_20260612/calibration.csv,5,unknown_other,calibration,unknown_other:calibration:reports/pattern_ml_20260612/calibration.csv:5,,,,,4768.0,,,20.0,diagnostic_only,sample_primary_level,"net_dollars,profit_factor,max_drawdown_dollars,largest_winner_share,net_without_largest",,1
reports/pattern_ml_20260612/calibration.csv,6,unknown_other,calibration,unknown_other:calibration:reports/pattern_ml_20260612/calibration.csv:6,,,,,482.0,,,20.0,diagnostic_only,sample_primary_level,"net_dollars,profit_factor,max_drawdown_dollars,largest_winner_share,net_without_largest",,1
reports/pattern_ml_20260612/calibration.csv,7,unknown_other,calibration,unknown_other:calibration:reports/pattern_ml_20260612/calibration.csv:7,,,,,65.0,,,20.0,diagnostic_only,sample_primary_level,"net_dollars,profit_factor,max_drawdown_dollars,largest_winner_share,net_without_largest",,1
reports/pattern_ml_20260612/calibration.csv,8,unknown_other,calibration,unknown_other:calibration:reports/pattern_ml_20260612/calibration.csv:8,,,,,5148.0,,,20.0,diagnostic_only,sample_primary_level,"net_dollars,profit_factor,max_drawdown_dollars,largest_winner_share,net_without_largest",,1
reports/pattern_ml_20260612/calibration.csv,9,unknown_other,calibration,unknown_other:calibration:reports/pattern_ml_20260612/calibration.csv:9,,,,,254.0,,,20.0,diagnostic_only,sample_primary_level,"net_dollars,profit_factor,max_drawdown_dollars,largest_winner_share,net_without_largest",,1
reports/pattern_ml_20260612/calibration.csv,12,unknown_other,calibration,unknown_other:calibration:reports/pattern_ml_20260612/calibration.csv:12,,,,,375.0,,,20.0,diagnostic_only,sample_primary_level,"net_dollars,profit_factor,max_drawdown_dollars,largest_winner_share,net_without_largest",,1
reports/pattern_ml_20260612/calibration.csv,13,unknown_other,calibration,unknown_other:calibration:reports/pattern_ml_20260612/calibration.csv:13,,,,,1250.0,,,20.0,diagnostic_only,sample_primary_level,"net_dollars,profit_factor,max_drawdown_dollars,largest_winner_share,net_without_largest",,1
reports/pattern_ml_20260612/calibration.csv,14,unknown_other,calibration,unknown_other:calibration:reports/pattern_ml_20260612/calibration.csv:14,,,,,344.0,,,20.0,diagnostic_only,sample_primary_level,"net_dollars,profit_factor,max_drawdown_dollars,largest_winner_share,net_without_largest",,1
reports/pattern_ml_20260612/calibration.csv,16,unknown_other,calibration,unknown_other:calibration:reports/pattern_ml_20260612/calibration.csv:16,,,,,609.0,,,20.0,diagnostic_only,sample_primary_level,"net_dollars,profit_factor,max_drawdown_dollars,largest_winner_share,net_without_largest",,1
reports/pattern_ml_20260612/calibration.csv,17,unknown_other,calibration,unknown_other:calibration:reports/pattern_ml_20260612/calibration.csv:17,,,,,1358.0,,,20.0,diagnostic_only,sample_primary_level,"net_dollars,profit_factor,max_drawdown_dollars,largest_winner_share,net_without_largest",,1
reports/pattern_ml_20260612/calibration.csv,19,unknown_other,calibration,unknown_other:calibration:reports/pattern_ml_20260612/calibration.csv:19,,,,,97.0,,,20.0,diagnostic_only,sample_primary_level,"net_dollars,profit_factor,max_drawdown_dollars,largest_winner_share,net_without_largest",,1
reports/pattern_ml_20260612/calibration.csv,20,unknown_other,calibration,unknown_other:calibration:reports/pattern_ml_20260612/calibration.csv:20,,,,,1834.0,,,20.0,diagnostic_only,sample_primary_level,"net_dollars,profit_factor,max_drawdown_dollars,largest_winner_share,net_without_largest",,1
reports/pattern_ml_20260612/calibration.csv,22,unknown_other,calibration,unknown_other:calibration:reports/pattern_ml_20260612/calibration.csv:22,,,,,116.0,,,20.0,diagnostic_only,sample_primary_level,"net_dollars,profit_factor,max_drawdown_dollars,largest_winner_share,net_without_largest",,1
reports/pattern_ml_20260612/calibration.csv,23,unknown_other,calibration,unknown_other:calibration:reports/pattern_ml_20260612/calibration.csv:23,,,,,983.0,,,20.0,diagnostic_only,sample_primary_level,"net_dollars,profit_factor,max_drawdown_dollars,largest_winner_share,net_without_largest",,1
reports/pattern_ml_20260612/calibration.csv,24,unknown_other,calibration,unknown_other:calibration:reports/pattern_ml_20260612/calibration.csv:24,,,,,225.0,,,20.0,diagnostic_only,sample_primary_level,"net_dollars,profit_factor,max_drawdown_dollars,largest_winner_share,net_without_largest",,1
reports/pattern_ml_20260612/calibration.csv,26,unknown_other,calibration,unknown_other:calibration:reports/pattern_ml_20260612/calibration.csv:26,,,,,85.0,,,20.0,diagnostic_only,sample_primary_level,"net_dollars,profit_factor,max_drawdown_dollars,largest_winner_share,net_without_largest",,1
reports/pattern_ml_20260612/calibration.csv,27,unknown_other,calibration,unknown_other:calibration:reports/pattern_ml_20260612/calibration.csv:27,,,,,1176.0,,,20.0,diagnostic_only,sample_primary_level,"net_dollars,profit_factor,max_drawdown_dollars,largest_winner_share,net_without_largest",,1
reports/pattern_ml_20260612/calibration.csv,28,unknown_other,calibration,unknown_other:calibration:reports/pattern_ml_20260612/calibration.csv:28,,,,,65.0,,,20.0,diagnostic_only,sample_primary_level,"net_dollars,profit_factor,max_drawdown_dollars,largest_winner_share,net_without_largest",,1
reports/pattern_ml_20260612/calibration.csv,29,unknown_other,calibration,unknown_other:calibration:reports/pattern_ml_20260612/calibration.csv:29,,,,,89.0,,,20.0,diagnostic_only,sample_primary_level,"net_dollars,profit_factor,max_drawdown_dollars,largest_winner_share,net_without_largest",,1
reports/pattern_ml_20260612/calibration.csv,30,unknown_other,calibration,unknown_other:calibration:reports/pattern_ml_20260612/calibration.csv:30,,,,,1118.0,,,20.0,diagnostic_only,sample_primary_level,"net_dollars,profit_factor,max_drawdown_dollars,largest_winner_share,net_without_largest",,1
reports/pattern_ml_20260612/calibration.csv,31,unknown_other,calibration,unknown_other:calibration:reports/pattern_ml_20260612/calibration.csv:31,,,,,85.0,,,20.0,diagnostic_only,sample_primary_level,"net_dollars,profit_factor,max_drawdown_dollars,largest_winner_share,net_without_largest",,1
reports/pattern_ml_20260612/payoff_asymmetry/cohort_payoff.csv,12,unknown_other,cohort_payoff,unknown_other:cohort_payoff:reports/pattern_ml_20260612/payoff_asymmetry/cohort_payoff.csv:12,,17.880016,1.06056095,100.420014,19.0,0.31623662,,18.0,diagnostic_only,"positive_net,weak_pf,thin_sample,preferred_drawdown,largest_share_ok",net_without_largest,,1
reports/mnq_2025q1_primary_replication/mnq_databento_day_regime_strategies.csv,0,orb_vwap_prior_day,vwap_delta_rejection,orb_vwap_prior_day:vwap_delta_rejection:reports/mnq_2025q1_primary_replication/mnq_databento_day_regime_strategies.csv:0,,,1.243,,17.0,,,13.0,diagnostic_only,"pf_primary_level,thin_sample","net_dollars,max_drawdown_dollars,largest_winner_share,net_without_largest",,1
reports/mnq_2025q1_primary_replication/mnq_databento_day_regime_strategies.csv,3,orb_vwap_prior_day,vwap_delta_rejection,orb_vwap_prior_day:vwap_delta_rejection:reports/mnq_2025q1_primary_replication/mnq_databento_day_regime_strategies.csv:3,,,9.534,,9.0,,,13.0,diagnostic_only,"pf_primary_level,thin_sample","net_dollars,max_drawdown_dollars,largest_winner_share,net_without_largest",,1
reports/mnq_2025q1_primary_replication/mnq_databento_day_regime_strategies.csv,5,orb_vwap_prior_day,vwap_delta_rejection,orb_vwap_prior_day:vwap_delta_rejection:reports/mnq_2025q1_primary_replication/mnq_databento_day_regime_strategies.csv:5,,,3.649,,13.0,,,13.0,diagnostic_only,"pf_primary_level,thin_sample","net_dollars,max_drawdown_dollars,largest_winner_share,net_without_largest",,1
reports/ema_forward_monitor_20260620/ema_forward_monitor_summary.csv,9,ema_pullback,ema_pullback_trend,ema_pullback:ema_pullback_trend:reports/ema_forward_monitor_20260620/ema_forward_monitor_summary.csv:9,fail,275.50285714285485,1.1476462590033794,907.8685714285798,11.0,0.03278068155891599,-627.61428571429,12.0,diagnostic_only,"positive_net,pf_monitor_level,thin_sample,preferred_drawdown,largest_winner_dependency,largest_share_ok,source_status_negative",,,1
reports/ema_forward_monitor_20260620/ema_forward_monitor_summary.csv,12,ema_pullback,ema_pullback_trend,ema_pullback:ema_pullback_trend:reports/ema_forward_monitor_20260620/ema_forward_monitor_summary.csv:12,fail,275.50285714285485,1.1476462590033794,907.8685714285798,11.0,0.03278068155891599,-627.61428571429,12.0,diagnostic_only,"positive_net,pf_monitor_level,thin_sample,preferred_drawdown,largest_winner_dependency,largest_share_ok,source_status_negative",,,1
reports/ema_forward_monitor_20260620/ema_forward_monitor_summary.csv,22,ema_pullback,ema_pullback_trend,ema_pullback:ema_pullback_trend:reports/ema_forward_monitor_20260620/ema_forward_monitor_summary.csv:22,fail,264.50285714285485,1.1412214089801034,913.8685714285798,11.0,0.03410613982025616,-637.61428571429,12.0,diagnostic_only,"positive_net,pf_monitor_level,thin_sample,preferred_drawdown,largest_winner_dependency,largest_share_ok,source_status_negative",,,1
reports/ema_forward_monitor_20260620/ema_forward_monitor_summary.csv,25,ema_pullback,ema_pullback_trend,ema_pullback:ema_pullback_trend:reports/ema_forward_monitor_20260620/ema_forward_monitor_summary.csv:25,fail,264.50285714285485,1.1412214089801034,913.8685714285798,11.0,0.03410613982025616,-637.61428571429,12.0,diagnostic_only,"positive_net,pf_monitor_level,thin_sample,preferred_drawdown,largest_winner_dependency,largest_share_ok,source_status_negative",,,1
reports/ema_forward_monitor_20260620/ema_forward_monitor_summary.csv,35,ema_pullback,ema_pullback_trend,ema_pullback:ema_pullback_trend:reports/ema_forward_monitor_20260620/ema_forward_monitor_summary.csv:35,fail,253.50285714285485,1.1348444044572228,921.8485714285798,11.0,0.035546626693416086,-647.61428571429,12.0,diagnostic_only,"positive_net,pf_monitor_level,thin_sample,preferred_drawdown,largest_winner_dependency,largest_share_ok,source_status_negative",,,1
reports/ema_forward_monitor_20260620/ema_forward_monitor_summary.csv,38,ema_pullback,ema_pullback_trend,ema_pullback:ema_pullback_trend:reports/ema_forward_monitor_20260620/ema_forward_monitor_summary.csv:38,fail,253.50285714285485,1.1348444044572228,921.8485714285798,11.0,0.035546626693416086,-647.61428571429,12.0,diagnostic_only,"positive_net,pf_monitor_level,thin_sample,preferred_drawdown,largest_winner_dependency,largest_share_ok,source_status_negative",,,1
reports/pattern_ml_20260612/payoff_asymmetry/rolling_payoff.csv,13,unknown_other,rolling_payoff,unknown_other:rolling_payoff:reports/pattern_ml_20260612/payoff_asymmetry/rolling_payoff.csv:13,,,1.14061985,,,,,12.0,diagnostic_only,pf_monitor_level,"net_dollars,max_drawdown_dollars,trades,largest_winner_share,net_without_largest",,1
reports/pattern_ml_20260612/payoff_asymmetry/rolling_payoff.csv,14,unknown_other,rolling_payoff,unknown_other:rolling_payoff:reports/pattern_ml_20260612/payoff_asymmetry/rolling_payoff.csv:14,,,1.18469153,,,,,12.0,diagnostic_only,pf_monitor_level,"net_dollars,max_drawdown_dollars,trades,largest_winner_share,net_without_largest",,1
reports/pattern_ml_20260612/payoff_asymmetry/rolling_payoff.csv,15,unknown_other,rolling_payoff,unknown_other:rolling_payoff:reports/pattern_ml_20260612/payoff_asymmetry/rolling_payoff.csv:15,,,1.11900626,,,,,12.0,diagnostic_only,pf_monitor_level,"net_dollars,max_drawdown_dollars,trades,largest_winner_share,net_without_largest",,1
reports/pattern_ml_20260612/payoff_asymmetry/rolling_payoff.csv,52,unknown_other,rolling_payoff,unknown_other:rolling_payoff:reports/pattern_ml_20260612/payoff_asymmetry/rolling_payoff.csv:52,,,1.14814659,,,,,12.0,diagnostic_only,pf_monitor_level,"net_dollars,max_drawdown_dollars,trades,largest_winner_share,net_without_largest",,1
reports/pattern_ml_20260612/payoff_asymmetry/rolling_payoff.csv,54,unknown_other,rolling_payoff,unknown_other:rolling_payoff:reports/pattern_ml_20260612/payoff_asymmetry/rolling_payoff.csv:54,,,1.15587055,,,,,12.0,diagnostic_only,pf_monitor_level,"net_dollars,max_drawdown_dollars,trades,largest_winner_share,net_without_largest",,1
reports/pattern_ml_20260612/payoff_asymmetry/rolling_payoff.csv,58,unknown_other,rolling_payoff,unknown_other:rolling_payoff:reports/pattern_ml_20260612/payoff_asymmetry/rolling_payoff.csv:58,,,1.11958143,,,,,12.0,diagnostic_only,pf_monitor_level,"net_dollars,max_drawdown_dollars,trades,largest_winner_share,net_without_largest",,1
reports/pattern_ml_20260612/payoff_asymmetry/rolling_payoff.csv,59,unknown_other,rolling_payoff,unknown_other:rolling_payoff:reports/pattern_ml_20260612/payoff_asymmetry/rolling_payoff.csv:59,,,1.15929316,,,,,12.0,diagnostic_only,pf_monitor_level,"net_dollars,max_drawdown_dollars,trades,largest_winner_share,net_without_largest",,1
reports/pattern_ml_20260612/payoff_asymmetry/rolling_payoff.csv,106,unknown_other,rolling_payoff,unknown_other:rolling_payoff:reports/pattern_ml_20260612/payoff_asymmetry/rolling_payoff.csv:106,,,1.12333401,,,,,12.0,diagnostic_only,pf_monitor_level,"net_dollars,max_drawdown_dollars,trades,largest_winner_share,net_without_largest",,1
reports/pattern_ml_20260612/payoff_asymmetry/rolling_payoff.csv,107,unknown_other,rolling_payoff,unknown_other:rolling_payoff:reports/pattern_ml_20260612/payoff_asymmetry/rolling_payoff.csv:107,,,1.18309927,,,,,12.0,diagnostic_only,pf_monitor_level,"net_dollars,max_drawdown_dollars,trades,largest_winner_share,net_without_largest",,1
reports/pattern_ml_20260612/payoff_asymmetry/rolling_payoff.csv,137,unknown_other,rolling_payoff,unknown_other:rolling_payoff:reports/pattern_ml_20260612/payoff_asymmetry/rolling_payoff.csv:137,,,1.19019256,,,,,12.0,diagnostic_only,pf_monitor_level,"net_dollars,max_drawdown_dollars,trades,largest_winner_share,net_without_largest",,1
reports/pattern_ml_20260612/performance_breakdowns.csv,22,unknown_other,performance_breakdowns,unknown_other:performance_breakdowns:reports/pattern_ml_20260612/performance_breakdowns.csv:22,,-32.719782,,359.0999075,64.0,,,10.0,diagnostic_only,"non_positive_net,sample_primary_level,preferred_drawdown","profit_factor,largest_winner_share,net_without_largest",,1
reports/pattern_ml_20260612/performance_breakdowns.csv,5,unknown_other,performance_breakdowns,unknown_other:performance_breakdowns:reports/pattern_ml_20260612/performance_breakdowns.csv:5,,-57.359866,,639.9799485,107.0,,,10.0,diagnostic_only,"non_positive_net,sample_primary_level,preferred_drawdown","profit_factor,largest_winner_share,net_without_largest",,1
reports/pattern_ml_20260612/performance_breakdowns.csv,29,unknown_other,performance_breakdowns,unknown_other:performance_breakdowns:reports/pattern_ml_20260612/performance_breakdowns.csv:29,,-253.059915,,499.4199385,72.0,,,10.0,diagnostic_only,"non_positive_net,sample_primary_level,preferred_drawdown","profit_factor,largest_winner_share,net_without_largest",,1
reports/pattern_ml_20260612/performance_breakdowns.csv,21,unknown_other,performance_breakdowns,unknown_other:performance_breakdowns:reports/pattern_ml_20260612/performance_breakdowns.csv:21,,-276.6800665,,540.1200915,66.0,,,10.0,diagnostic_only,"non_positive_net,sample_primary_level,preferred_drawdown","profit_factor,largest_winner_share,net_without_largest",,1
reports/pattern_ml_20260612/model_summary.csv,9,unknown_other,model_summary,unknown_other:model_summary:reports/pattern_ml_20260612/model_summary.csv:9,,-309.3998485,,862.6399345,130.0,,,10.0,diagnostic_only,"non_positive_net,sample_primary_level,preferred_drawdown","profit_factor,largest_winner_share,net_without_largest",,1
reports/pattern_ml_20260612/regime_shift/cohort_stability.csv,24,multi_timeframe_regime_selector,cohort_stability,multi_timeframe_regime_selector:cohort_stability:reports/pattern_ml_20260612/regime_shift/cohort_stability.csv:24,,-374.17996,,508.319925,66.0,,,10.0,diagnostic_only,"non_positive_net,sample_primary_level,preferred_drawdown","profit_factor,largest_winner_share,net_without_largest",,1
reports/pattern_ml_20260612/regime_shift/predefined_rule_audit.csv,13,multi_timeframe_regime_selector,predefined_rule_audit,multi_timeframe_regime_selector:predefined_rule_audit:reports/pattern_ml_20260612/regime_shift/predefined_rule_audit.csv:13,,-374.17996,,508.319925,66.0,,,10.0,diagnostic_only,"non_positive_net,sample_primary_level,preferred_drawdown","profit_factor,largest_winner_share,net_without_largest",,1
reports/pattern_ml_20260612/regime_shift/cohort_stability.csv,31,multi_timeframe_regime_selector,cohort_stability,multi_timeframe_regime_selector:cohort_stability:reports/pattern_ml_20260612/regime_shift/cohort_stability.csv:31,,-528.839948,,725.019909,83.0,,,10.0,diagnostic_only,"non_positive_net,sample_primary_level,preferred_drawdown","profit_factor,largest_winner_share,net_without_largest",,1
reports/pattern_ml_20260612/regime_shift/period_summary.csv,1,multi_timeframe_regime_selector,period_summary,multi_timeframe_regime_selector:period_summary:reports/pattern_ml_20260612/regime_shift/period_summary.csv:1,,-528.839948,,725.019909,83.0,,,10.0,diagnostic_only,"non_positive_net,sample_primary_level,preferred_drawdown","profit_factor,largest_winner_share,net_without_largest",,1
reports/pattern_ml_20260612/regime_shift/predefined_rule_audit.csv,1,multi_timeframe_regime_selector,predefined_rule_audit,multi_timeframe_regime_selector:predefined_rule_audit:reports/pattern_ml_20260612/regime_shift/predefined_rule_audit.csv:1,,-528.839948,,725.019909,83.0,,,10.0,diagnostic_only,"non_positive_net,sample_primary_level,preferred_drawdown","profit_factor,largest_winner_share,net_without_largest",,1
reports/pattern_ml_20260612/regime_shift/predefined_rule_audit.csv,41,multi_timeframe_regime_selector,predefined_rule_audit,multi_timeframe_regime_selector:predefined_rule_audit:reports/pattern_ml_20260612/regime_shift/predefined_rule_audit.csv:41,,-528.839948,,725.019909,83.0,,,10.0,diagnostic_only,"non_positive_net,sample_primary_level,preferred_drawdown","profit_factor,largest_winner_share,net_without_largest",,1
reports/pattern_ml_20260612/calibration.csv,21,unknown_other,calibration,unknown_other:calibration:reports/pattern_ml_20260612/calibration.csv:21,,,,,45.0,,,10.0,diagnostic_only,sample_monitor_level,"net_dollars,profit_factor,max_drawdown_dollars,largest_winner_share,net_without_largest",,1
reports/pattern_ml_20260612/payoff_asymmetry/cohort_payoff.csv,23,unknown_other,cohort_payoff,unknown_other:cohort_payoff:reports/pattern_ml_20260612/payoff_asymmetry/cohort_payoff.csv:23,,-374.17996,0.72111087,508.319925,66.0,0.09407752,,5.0,diagnostic_only,"non_positive_net,weak_pf,sample_primary_level,preferred_drawdown,largest_share_ok",net_without_largest,,1
reports/pattern_ml_20260612/payoff_asymmetry/cohort_payoff.csv,29,unknown_other,cohort_payoff,unknown_other:cohort_payoff:reports/pattern_ml_20260612/payoff_asymmetry/cohort_payoff.csv:29,,-528.839948,0.6754468,725.019909,83.0,0.08270035,,5.0,diagnostic_only,"non_positive_net,weak_pf,sample_primary_level,preferred_drawdown,largest_share_ok",net_without_largest,,1
reports/pattern_ml_20260612/payoff_asymmetry/cost_sensitivity.csv,1,unknown_other,cost_sensitivity,unknown_other:cost_sensitivity:reports/pattern_ml_20260612/payoff_asymmetry/cost_sensitivity.csv:1,,-528.839948,0.6754468,725.019909,83.0,0.08270035,,5.0,diagnostic_only,"non_positive_net,weak_pf,sample_primary_level,preferred_drawdown,largest_share_ok",net_without_largest,,1
reports/pattern_ml_20260612/payoff_asymmetry/period_payoff.csv,1,unknown_other,period_payoff,unknown_other:period_payoff:reports/pattern_ml_20260612/payoff_asymmetry/period_payoff.csv:1,,-528.839948,0.6754468,725.019909,83.0,0.08270035,,5.0,diagnostic_only,"non_positive_net,weak_pf,sample_primary_level,preferred_drawdown,largest_share_ok",net_without_largest,,1
reports/pattern_ml_20260612/payoff_asymmetry/cost_sensitivity.csv,5,unknown_other,cost_sensitivity,unknown_other:cost_sensitivity:reports/pattern_ml_20260612/payoff_asymmetry/cost_sensitivity.csv:5,,-611.839948,0.63633772,774.019909,83.0,0.0840837,,5.0,diagnostic_only,"non_positive_net,weak_pf,sample_primary_level,preferred_drawdown,largest_share_ok",net_without_largest,,1
reports/pattern_ml_20260612/payoff_asymmetry/cost_sensitivity.csv,9,unknown_other,cost_sensitivity,unknown_other:cost_sensitivity:reports/pattern_ml_20260612/payoff_asymmetry/cost_sensitivity.csv:9,,-694.839948,0.59961741,823.019909,83.0,0.0855468,,5.0,diagnostic_only,"non_positive_net,weak_pf,sample_primary_level,preferred_drawdown,largest_share_ok",net_without_largest,,1
reports/pattern_ml_20260612/payoff_asymmetry/cost_sensitivity.csv,13,unknown_other,cost_sensitivity,unknown_other:cost_sensitivity:reports/pattern_ml_20260612/payoff_asymmetry/cost_sensitivity.csv:13,,-860.839948,0.53251805,921.019909,83.0,0.08874159,,5.0,diagnostic_only,"non_positive_net,weak_pf,sample_primary_level,preferred_drawdown,largest_share_ok",net_without_largest,,1
reports/mnq_2025q1_primary_replication/mnq_databento_advisor_sensitivity.csv,0,orb_vwap_prior_day,vwap_delta_rejection,orb_vwap_prior_day:vwap_delta_rejection:reports/mnq_2025q1_primary_replication/mnq_databento_advisor_sensitivity.csv:0,,,0.815,,461.0,,,5.0,diagnostic_only,"weak_pf,sample_primary_level","net_dollars,max_drawdown_dollars,largest_winner_share,net_without_largest",,1
reports/mnq_2025q1_primary_replication/mnq_databento_advisor_sensitivity.csv,1,orb_vwap_prior_day,vwap_delta_rejection,orb_vwap_prior_day:vwap_delta_rejection:reports/mnq_2025q1_primary_replication/mnq_databento_advisor_sensitivity.csv:1,,,0.76,,406.0,,,5.0,diagnostic_only,"weak_pf,sample_primary_level","net_dollars,max_drawdown_dollars,largest_winner_share,net_without_largest",,1
reports/mnq_2025q1_primary_replication/mnq_databento_advisor_sensitivity.csv,2,orb_vwap_prior_day,vwap_delta_rejection,orb_vwap_prior_day:vwap_delta_rejection:reports/mnq_2025q1_primary_replication/mnq_databento_advisor_sensitivity.csv:2,,,0.744,,349.0,,,5.0,diagnostic_only,"weak_pf,sample_primary_level","net_dollars,max_drawdown_dollars,largest_winner_share,net_without_largest",,1
reports/mnq_2025q1_primary_replication/mnq_databento_advisor_sensitivity.csv,3,orb_vwap_prior_day,vwap_delta_rejection,orb_vwap_prior_day:vwap_delta_rejection:reports/mnq_2025q1_primary_replication/mnq_databento_advisor_sensitivity.csv:3,,,0.667,,356.0,,,5.0,diagnostic_only,"weak_pf,sample_primary_level","net_dollars,max_drawdown_dollars,largest_winner_share,net_without_largest",,1
reports/mnq_2025q1_primary_replication/mnq_databento_advisor_sensitivity.csv,4,orb_vwap_prior_day,vwap_delta_rejection,orb_vwap_prior_day:vwap_delta_rejection:reports/mnq_2025q1_primary_replication/mnq_databento_advisor_sensitivity.csv:4,,,0.661,,314.0,,,5.0,diagnostic_only,"weak_pf,sample_primary_level","net_dollars,max_drawdown_dollars,largest_winner_share,net_without_largest",,1
reports/mnq_2025q1_primary_replication/mnq_databento_advisor_sensitivity.csv,5,orb_vwap_prior_day,vwap_delta_rejection,orb_vwap_prior_day:vwap_delta_rejection:reports/mnq_2025q1_primary_replication/mnq_databento_advisor_sensitivity.csv:5,,,0.653,,267.0,,,5.0,diagnostic_only,"weak_pf,sample_primary_level","net_dollars,max_drawdown_dollars,largest_winner_share,net_without_largest",,1
reports/mnq_2025q1_primary_replication/mnq_databento_advisor_sensitivity.csv,6,orb_vwap_prior_day,vwap_delta_rejection,orb_vwap_prior_day:vwap_delta_rejection:reports/mnq_2025q1_primary_replication/mnq_databento_advisor_sensitivity.csv:6,,,0.551,,296.0,,,5.0,diagnostic_only,"weak_pf,sample_primary_level","net_dollars,max_drawdown_dollars,largest_winner_share,net_without_largest",,1
reports/mnq_2025q1_primary_replication/mnq_databento_advisor_sensitivity.csv,7,orb_vwap_prior_day,vwap_delta_rejection,orb_vwap_prior_day:vwap_delta_rejection:reports/mnq_2025q1_primary_replication/mnq_databento_advisor_sensitivity.csv:7,,,0.524,,266.0,,,5.0,diagnostic_only,"weak_pf,sample_primary_level","net_dollars,max_drawdown_dollars,largest_winner_share,net_without_largest",,1
reports/mnq_2025q1_primary_replication/mnq_databento_advisor_sensitivity.csv,8,orb_vwap_prior_day,vwap_delta_rejection,orb_vwap_prior_day:vwap_delta_rejection:reports/mnq_2025q1_primary_replication/mnq_databento_advisor_sensitivity.csv:8,,,0.49,,225.0,,,5.0,diagnostic_only,"weak_pf,sample_primary_level","net_dollars,max_drawdown_dollars,largest_winner_share,net_without_largest",,1
reports/pattern_ml_20260612/regime_shift/cohort_stability.csv,36,multi_timeframe_regime_selector,cohort_stability,multi_timeframe_regime_selector:cohort_stability:reports/pattern_ml_20260612/regime_shift/cohort_stability.csv:36,,-66.800015,,200.6399795,35.0,,,0.0,diagnostic_only,"non_positive_net,sample_monitor_level,preferred_drawdown","profit_factor,largest_winner_share,net_without_largest",,1
reports/pattern_ml_20260612/regime_shift/predefined_rule_audit.csv,47,multi_timeframe_regime_selector,predefined_rule_audit,multi_timeframe_regime_selector:predefined_rule_audit:reports/pattern_ml_20260612/regime_shift/predefined_rule_audit.csv:47,,-66.800015,,200.6399795,35.0,,,0.0,diagnostic_only,"non_positive_net,sample_monitor_level,preferred_drawdown","profit_factor,largest_winner_share,net_without_largest",,1
reports/pattern_ml_20260612/regime_shift/cohort_stability.csv,47,multi_timeframe_regime_selector,cohort_stability,multi_timeframe_regime_selector:cohort_stability:reports/pattern_ml_20260612/regime_shift/cohort_stability.csv:47,,-160.1599755,,359.5799555,42.0,,,0.0,diagnostic_only,"non_positive_net,sample_monitor_level,preferred_drawdown","profit_factor,largest_winner_share,net_without_largest",,1
reports/pattern_ml_20260612/performance_breakdowns.csv,27,unknown_other,performance_breakdowns,unknown_other:performance_breakdowns:reports/pattern_ml_20260612/performance_breakdowns.csv:27,,-168.3999965,,405.1000285,30.0,,,0.0,diagnostic_only,"non_positive_net,sample_monitor_level,preferred_drawdown","profit_factor,largest_winner_share,net_without_largest",,1
reports/pattern_ml_20260612/regime_shift/cohort_stability.csv,5,multi_timeframe_regime_selector,cohort_stability,multi_timeframe_regime_selector:cohort_stability:reports/pattern_ml_20260612/regime_shift/cohort_stability.csv:5,,-196.119858,,359.0999075,44.0,,,0.0,diagnostic_only,"non_positive_net,sample_monitor_level,preferred_drawdown","profit_factor,largest_winner_share,net_without_largest",,1
reports/pattern_ml_20260612/regime_shift/predefined_rule_audit.csv,9,multi_timeframe_regime_selector,predefined_rule_audit,multi_timeframe_regime_selector:predefined_rule_audit:reports/pattern_ml_20260612/regime_shift/predefined_rule_audit.csv:9,,-196.119858,,359.0999075,44.0,,,0.0,diagnostic_only,"non_positive_net,sample_monitor_level,preferred_drawdown","profit_factor,largest_winner_share,net_without_largest",,1
reports/pattern_ml_20260612/regime_shift/cohort_stability.csv,38,multi_timeframe_regime_selector,cohort_stability,multi_timeframe_regime_selector:cohort_stability:reports/pattern_ml_20260612/regime_shift/cohort_stability.csv:38,,-207.239972,,408.05995,38.0,,,0.0,diagnostic_only,"non_positive_net,sample_monitor_level,preferred_drawdown","profit_factor,largest_winner_share,net_without_largest",,1
reports/pattern_ml_20260612/regime_shift/predefined_rule_audit.csv,45,multi_timeframe_regime_selector,predefined_rule_audit,multi_timeframe_regime_selector:predefined_rule_audit:reports/pattern_ml_20260612/regime_shift/predefined_rule_audit.csv:45,,-207.239972,,408.05995,38.0,,,0.0,diagnostic_only,"non_positive_net,sample_monitor_level,preferred_drawdown","profit_factor,largest_winner_share,net_without_largest",,1
reports/pattern_ml_20260612/regime_shift/cohort_stability.csv,39,multi_timeframe_regime_selector,cohort_stability,multi_timeframe_regime_selector:cohort_stability:reports/pattern_ml_20260612/regime_shift/cohort_stability.csv:39,,-321.599976,,349.7199805,45.0,,,0.0,diagnostic_only,"non_positive_net,sample_monitor_level,preferred_drawdown","profit_factor,largest_winner_share,net_without_largest",,1
reports/pattern_ml_20260612/regime_shift/cohort_stability.csv,4,multi_timeframe_regime_selector,cohort_stability,multi_timeframe_regime_selector:cohort_stability:reports/pattern_ml_20260612/regime_shift/cohort_stability.csv:4,,-332.72009,,375.600017,39.0,,,0.0,diagnostic_only,"non_positive_net,sample_monitor_level,preferred_drawdown","profit_factor,largest_winner_share,net_without_largest",,1
reports/pattern_ml_20260612/regime_shift/predefined_rule_audit.csv,5,multi_timeframe_regime_selector,predefined_rule_audit,multi_timeframe_regime_selector:predefined_rule_audit:reports/pattern_ml_20260612/regime_shift/predefined_rule_audit.csv:5,,-332.72009,,375.600017,39.0,,,0.0,diagnostic_only,"non_positive_net,sample_monitor_level,preferred_drawdown","profit_factor,largest_winner_share,net_without_largest",,1
reports/pattern_ml_20260612/regime_shift/predefined_rule_audit.csv,25,multi_timeframe_regime_selector,predefined_rule_audit,multi_timeframe_regime_selector:predefined_rule_audit:reports/pattern_ml_20260612/regime_shift/predefined_rule_audit.csv:25,,-351.379952,,450.1199585,31.0,,,0.0,diagnostic_only,"non_positive_net,sample_monitor_level,preferred_drawdown","profit_factor,largest_winner_share,net_without_largest",,1
reports/pattern_ml_20260612/regime_shift/cohort_stability.csv,46,multi_timeframe_regime_selector,cohort_stability,multi_timeframe_regime_selector:cohort_stability:reports/pattern_ml_20260612/regime_shift/cohort_stability.csv:46,,-368.6799725,,419.239968,41.0,,,0.0,diagnostic_only,"non_positive_net,sample_monitor_level,preferred_drawdown","profit_factor,largest_winner_share,net_without_largest",,1
reports/pattern_ml_20260612/regime_shift/predefined_rule_audit.csv,49,multi_timeframe_regime_selector,predefined_rule_audit,multi_timeframe_regime_selector:predefined_rule_audit:reports/pattern_ml_20260612/regime_shift/predefined_rule_audit.csv:49,,-368.6799725,,419.239968,41.0,,,0.0,diagnostic_only,"non_positive_net,sample_monitor_level,preferred_drawdown","profit_factor,largest_winner_share,net_without_largest",,1
reports/pattern_ml_20260612/regime_shift/cohort_stability.csv,16,multi_timeframe_regime_selector,cohort_stability,multi_timeframe_regime_selector:cohort_stability:reports/pattern_ml_20260612/regime_shift/cohort_stability.csv:16,,-370.819947,,501.5799565,34.0,,,0.0,diagnostic_only,"non_positive_net,sample_monitor_level,preferred_drawdown","profit_factor,largest_winner_share,net_without_largest",,1
reports/pattern_ml_20260612/performance_breakdowns.csv,1,unknown_other,performance_breakdowns,unknown_other:performance_breakdowns:reports/pattern_ml_20260612/performance_breakdowns.csv:1,,-460.559914,,589.3199295,47.0,,,0.0,diagnostic_only,"non_positive_net,sample_monitor_level,preferred_drawdown","profit_factor,largest_winner_share,net_without_largest",,1
reports/pattern_ml_20260612/payoff_asymmetry/cohort_payoff.csv,5,unknown_other,cohort_payoff,unknown_other:cohort_payoff:reports/pattern_ml_20260612/payoff_asymmetry/cohort_payoff.csv:5,,-196.119858,0.76993656,359.0999075,44.0,0.13867812,,-5.0,reject,"non_positive_net,weak_pf,sample_monitor_level,preferred_drawdown,largest_share_ok",net_without_largest,,0
reports/pattern_ml_20260612/payoff_asymmetry/cohort_payoff.csv,4,unknown_other,cohort_payoff,unknown_other:cohort_payoff:reports/pattern_ml_20260612/payoff_asymmetry/cohort_payoff.csv:4,,-332.72009,0.57177782,375.600017,39.0,0.2003782,,-5.0,reject,"non_positive_net,weak_pf,sample_monitor_level,preferred_drawdown,largest_share_ok",net_without_largest,,0
reports/pattern_ml_20260612/payoff_asymmetry/cohort_payoff.csv,16,unknown_other,cohort_payoff,unknown_other:cohort_payoff:reports/pattern_ml_20260612/payoff_asymmetry/cohort_payoff.csv:16,,-370.819947,0.51588819,501.5799565,34.0,0.22527586,,-5.0,reject,"non_positive_net,weak_pf,sample_monitor_level,preferred_drawdown,largest_share_ok",net_without_largest,,0
reports/pattern_ml_20260612/calibration.csv,3,unknown_other,calibration,unknown_other:calibration:reports/pattern_ml_20260612/calibration.csv:3,,,,,27.0,,,-12.0,reject,thin_sample,"net_dollars,profit_factor,max_drawdown_dollars,largest_winner_share,net_without_largest",,0
reports/pattern_ml_20260612/calibration.csv,10,unknown_other,calibration,unknown_other:calibration:reports/pattern_ml_20260612/calibration.csv:10,,,,,6.0,,,-12.0,reject,thin_sample,"net_dollars,profit_factor,max_drawdown_dollars,largest_winner_share,net_without_largest",,0
reports/pattern_ml_20260612/calibration.csv,11,unknown_other,calibration,unknown_other:calibration:reports/pattern_ml_20260612/calibration.csv:11,,,,,1.0,,,-12.0,reject,thin_sample,"net_dollars,profit_factor,max_drawdown_dollars,largest_winner_share,net_without_largest",,0
reports/pattern_ml_20260612/calibration.csv,15,unknown_other,calibration,unknown_other:calibration:reports/pattern_ml_20260612/calibration.csv:15,,,,,7.0,,,-12.0,reject,thin_sample,"net_dollars,profit_factor,max_drawdown_dollars,largest_winner_share,net_without_largest",,0
reports/pattern_ml_20260612/calibration.csv,18,unknown_other,calibration,unknown_other:calibration:reports/pattern_ml_20260612/calibration.csv:18,,,,,9.0,,,-12.0,reject,thin_sample,"net_dollars,profit_factor,max_drawdown_dollars,largest_winner_share,net_without_largest",,0
reports/pattern_ml_20260612/calibration.csv,25,unknown_other,calibration,unknown_other:calibration:reports/pattern_ml_20260612/calibration.csv:25,,,,,2.0,,,-12.0,reject,thin_sample,"net_dollars,profit_factor,max_drawdown_dollars,largest_winner_share,net_without_largest",,0
reports/pattern_ml_20260612/calibration.csv,32,unknown_other,calibration,unknown_other:calibration:reports/pattern_ml_20260612/calibration.csv:32,,,,,27.0,,,-12.0,reject,thin_sample,"net_dollars,profit_factor,max_drawdown_dollars,largest_winner_share,net_without_largest",,0
reports/pattern_ml_20260612/calibration.csv,33,unknown_other,calibration,unknown_other:calibration:reports/pattern_ml_20260612/calibration.csv:33,,,,,7.0,,,-12.0,reject,thin_sample,"net_dollars,profit_factor,max_drawdown_dollars,largest_winner_share,net_without_largest",,0
reports/pattern_ml_20260612/payoff_asymmetry/rolling_payoff.csv,16,unknown_other,rolling_payoff,unknown_other:rolling_payoff:reports/pattern_ml_20260612/payoff_asymmetry/rolling_payoff.csv:16,,,0.92012664,,,,,-15.0,reject,weak_pf,"net_dollars,max_drawdown_dollars,trades,largest_winner_share,net_without_largest",,0
reports/pattern_ml_20260612/payoff_asymmetry/rolling_payoff.csv,17,unknown_other,rolling_payoff,unknown_other:rolling_payoff:reports/pattern_ml_20260612/payoff_asymmetry/rolling_payoff.csv:17,,,0.93758307,,,,,-15.0,reject,weak_pf,"net_dollars,max_drawdown_dollars,trades,largest_winner_share,net_without_largest",,0
reports/pattern_ml_20260612/payoff_asymmetry/rolling_payoff.csv,18,unknown_other,rolling_payoff,unknown_other:rolling_payoff:reports/pattern_ml_20260612/payoff_asymmetry/rolling_payoff.csv:18,,,0.71766626,,,,,-15.0,reject,weak_pf,"net_dollars,max_drawdown_dollars,trades,largest_winner_share,net_without_largest",,0
reports/pattern_ml_20260612/payoff_asymmetry/rolling_payoff.csv,19,unknown_other,rolling_payoff,unknown_other:rolling_payoff:reports/pattern_ml_20260612/payoff_asymmetry/rolling_payoff.csv:19,,,0.6341876,,,,,-15.0,reject,weak_pf,"net_dollars,max_drawdown_dollars,trades,largest_winner_share,net_without_largest",,0
reports/pattern_ml_20260612/payoff_asymmetry/rolling_payoff.csv,20,unknown_other,rolling_payoff,unknown_other:rolling_payoff:reports/pattern_ml_20260612/payoff_asymmetry/rolling_payoff.csv:20,,,0.63633899,,,,,-15.0,reject,weak_pf,"net_dollars,max_drawdown_dollars,trades,largest_winner_share,net_without_largest",,0
reports/pattern_ml_20260612/payoff_asymmetry/rolling_payoff.csv,21,unknown_other,rolling_payoff,unknown_other:rolling_payoff:reports/pattern_ml_20260612/payoff_asymmetry/rolling_payoff.csv:21,,,0.69090464,,,,,-15.0,reject,weak_pf,"net_dollars,max_drawdown_dollars,trades,largest_winner_share,net_without_largest",,0
reports/pattern_ml_20260612/payoff_asymmetry/rolling_payoff.csv,22,unknown_other,rolling_payoff,unknown_other:rolling_payoff:reports/pattern_ml_20260612/payoff_asymmetry/rolling_payoff.csv:22,,,0.62687066,,,,,-15.0,reject,weak_pf,"net_dollars,max_drawdown_dollars,trades,largest_winner_share,net_without_largest",,0
reports/pattern_ml_20260612/payoff_asymmetry/rolling_payoff.csv,23,unknown_other,rolling_payoff,unknown_other:rolling_payoff:reports/pattern_ml_20260612/payoff_asymmetry/rolling_payoff.csv:23,,,0.56521015,,,,,-15.0,reject,weak_pf,"net_dollars,max_drawdown_dollars,trades,largest_winner_share,net_without_largest",,0
reports/pattern_ml_20260612/payoff_asymmetry/rolling_payoff.csv,24,unknown_other,rolling_payoff,unknown_other:rolling_payoff:reports/pattern_ml_20260612/payoff_asymmetry/rolling_payoff.csv:24,,,0.56426981,,,,,-15.0,reject,weak_pf,"net_dollars,max_drawdown_dollars,trades,largest_winner_share,net_without_largest",,0
reports/pattern_ml_20260612/payoff_asymmetry/rolling_payoff.csv,25,unknown_other,rolling_payoff,unknown_other:rolling_payoff:reports/pattern_ml_20260612/payoff_asymmetry/rolling_payoff.csv:25,,,0.54264135,,,,,-15.0,reject,weak_pf,"net_dollars,max_drawdown_dollars,trades,largest_winner_share,net_without_largest",,0
reports/pattern_ml_20260612/payoff_asymmetry/rolling_payoff.csv,26,unknown_other,rolling_payoff,unknown_other:rolling_payoff:reports/pattern_ml_20260612/payoff_asymmetry/rolling_payoff.csv:26,,,0.52857096,,,,,-15.0,reject,weak_pf,"net_dollars,max_drawdown_dollars,trades,largest_winner_share,net_without_largest",,0
reports/pattern_ml_20260612/payoff_asymmetry/rolling_payoff.csv,27,unknown_other,rolling_payoff,unknown_other:rolling_payoff:reports/pattern_ml_20260612/payoff_asymmetry/rolling_payoff.csv:27,,,0.52097241,,,,,-15.0,reject,weak_pf,"net_dollars,max_drawdown_dollars,trades,largest_winner_share,net_without_largest",,0
reports/pattern_ml_20260612/payoff_asymmetry/rolling_payoff.csv,28,unknown_other,rolling_payoff,unknown_other:rolling_payoff:reports/pattern_ml_20260612/payoff_asymmetry/rolling_payoff.csv:28,,,0.51684465,,,,,-15.0,reject,weak_pf,"net_dollars,max_drawdown_dollars,trades,largest_winner_share,net_without_largest",,0
reports/pattern_ml_20260612/payoff_asymmetry/rolling_payoff.csv,29,unknown_other,rolling_payoff,unknown_other:rolling_payoff:reports/pattern_ml_20260612/payoff_asymmetry/rolling_payoff.csv:29,,,0.41741995,,,,,-15.0,reject,weak_pf,"net_dollars,max_drawdown_dollars,trades,largest_winner_share,net_without_largest",,0
reports/pattern_ml_20260612/payoff_asymmetry/rolling_payoff.csv,30,unknown_other,rolling_payoff,unknown_other:rolling_payoff:reports/pattern_ml_20260612/payoff_asymmetry/rolling_payoff.csv:30,,,0.4704192,,,,,-15.0,reject,weak_pf,"net_dollars,max_drawdown_dollars,trades,largest_winner_share,net_without_largest",,0
reports/pattern_ml_20260612/payoff_asymmetry/rolling_payoff.csv,31,unknown_other,rolling_payoff,unknown_other:rolling_payoff:reports/pattern_ml_20260612/payoff_asymmetry/rolling_payoff.csv:31,,,0.48142205,,,,,-15.0,reject,weak_pf,"net_dollars,max_drawdown_dollars,trades,largest_winner_share,net_without_largest",,0
reports/pattern_ml_20260612/payoff_asymmetry/rolling_payoff.csv,32,unknown_other,rolling_payoff,unknown_other:rolling_payoff:reports/pattern_ml_20260612/payoff_asymmetry/rolling_payoff.csv:32,,,0.40307571,,,,,-15.0,reject,weak_pf,"net_dollars,max_drawdown_dollars,trades,largest_winner_share,net_without_largest",,0
reports/pattern_ml_20260612/payoff_asymmetry/rolling_payoff.csv,33,unknown_other,rolling_payoff,unknown_other:rolling_payoff:reports/pattern_ml_20260612/payoff_asymmetry/rolling_payoff.csv:33,,,0.5301741,,,,,-15.0,reject,weak_pf,"net_dollars,max_drawdown_dollars,trades,largest_winner_share,net_without_largest",,0
reports/pattern_ml_20260612/payoff_asymmetry/rolling_payoff.csv,34,unknown_other,rolling_payoff,unknown_other:rolling_payoff:reports/pattern_ml_20260612/payoff_asymmetry/rolling_payoff.csv:34,,,0.40051054,,,,,-15.0,reject,weak_pf,"net_dollars,max_drawdown_dollars,trades,largest_winner_share,net_without_largest",,0
reports/pattern_ml_20260612/payoff_asymmetry/rolling_payoff.csv,35,unknown_other,rolling_payoff,unknown_other:rolling_payoff:reports/pattern_ml_20260612/payoff_asymmetry/rolling_payoff.csv:35,,,0.5671503,,,,,-15.0,reject,weak_pf,"net_dollars,max_drawdown_dollars,trades,largest_winner_share,net_without_largest",,0
reports/pattern_ml_20260612/payoff_asymmetry/rolling_payoff.csv,36,unknown_other,rolling_payoff,unknown_other:rolling_payoff:reports/pattern_ml_20260612/payoff_asymmetry/rolling_payoff.csv:36,,,0.67832734,,,,,-15.0,reject,weak_pf,"net_dollars,max_drawdown_dollars,trades,largest_winner_share,net_without_largest",,0
reports/pattern_ml_20260612/payoff_asymmetry/rolling_payoff.csv,37,unknown_other,rolling_payoff,unknown_other:rolling_payoff:reports/pattern_ml_20260612/payoff_asymmetry/rolling_payoff.csv:37,,,0.8167009,,,,,-15.0,reject,weak_pf,"net_dollars,max_drawdown_dollars,trades,largest_winner_share,net_without_largest",,0
reports/pattern_ml_20260612/payoff_asymmetry/rolling_payoff.csv,38,unknown_other,rolling_payoff,unknown_other:rolling_payoff:reports/pattern_ml_20260612/payoff_asymmetry/rolling_payoff.csv:38,,,1.02348959,,,,,-15.0,reject,weak_pf,"net_dollars,max_drawdown_dollars,trades,largest_winner_share,net_without_largest",,0
reports/pattern_ml_20260612/payoff_asymmetry/rolling_payoff.csv,39,unknown_other,rolling_payoff,unknown_other:rolling_payoff:reports/pattern_ml_20260612/payoff_asymmetry/rolling_payoff.csv:39,,,0.95360297,,,,,-15.0,reject,weak_pf,"net_dollars,max_drawdown_dollars,trades,largest_winner_share,net_without_largest",,0
reports/pattern_ml_20260612/payoff_asymmetry/rolling_payoff.csv,40,unknown_other,rolling_payoff,unknown_other:rolling_payoff:reports/pattern_ml_20260612/payoff_asymmetry/rolling_payoff.csv:40,,,0.93277878,,,,,-15.0,reject,weak_pf,"net_dollars,max_drawdown_dollars,trades,largest_winner_share,net_without_largest",,0
reports/pattern_ml_20260612/payoff_asymmetry/rolling_payoff.csv,41,unknown_other,rolling_payoff,unknown_other:rolling_payoff:reports/pattern_ml_20260612/payoff_asymmetry/rolling_payoff.csv:41,,,0.95267826,,,,,-15.0,reject,weak_pf,"net_dollars,max_drawdown_dollars,trades,largest_winner_share,net_without_largest",,0
reports/pattern_ml_20260612/payoff_asymmetry/rolling_payoff.csv,42,unknown_other,rolling_payoff,unknown_other:rolling_payoff:reports/pattern_ml_20260612/payoff_asymmetry/rolling_payoff.csv:42,,,0.9363348,,,,,-15.0,reject,weak_pf,"net_dollars,max_drawdown_dollars,trades,largest_winner_share,net_without_largest",,0
reports/pattern_ml_20260612/payoff_asymmetry/rolling_payoff.csv,43,unknown_other,rolling_payoff,unknown_other:rolling_payoff:reports/pattern_ml_20260612/payoff_asymmetry/rolling_payoff.csv:43,,,0.9363348,,,,,-15.0,reject,weak_pf,"net_dollars,max_drawdown_dollars,trades,largest_winner_share,net_without_largest",,0
reports/pattern_ml_20260612/payoff_asymmetry/rolling_payoff.csv,44,unknown_other,rolling_payoff,unknown_other:rolling_payoff:reports/pattern_ml_20260612/payoff_asymmetry/rolling_payoff.csv:44,,,0.98451398,,,,,-15.0,reject,weak_pf,"net_dollars,max_drawdown_dollars,trades,largest_winner_share,net_without_largest",,0
reports/pattern_ml_20260612/payoff_asymmetry/rolling_payoff.csv,45,unknown_other,rolling_payoff,unknown_other:rolling_payoff:reports/pattern_ml_20260612/payoff_asymmetry/rolling_payoff.csv:45,,,0.9394824,,,,,-15.0,reject,weak_pf,"net_dollars,max_drawdown_dollars,trades,largest_winner_share,net_without_largest",,0
reports/pattern_ml_20260612/payoff_asymmetry/rolling_payoff.csv,46,unknown_other,rolling_payoff,unknown_other:rolling_payoff:reports/pattern_ml_20260612/payoff_asymmetry/rolling_payoff.csv:46,,,0.88889281,,,,,-15.0,reject,weak_pf,"net_dollars,max_drawdown_dollars,trades,largest_winner_share,net_without_largest",,0
reports/pattern_ml_20260612/payoff_asymmetry/rolling_payoff.csv,47,unknown_other,rolling_payoff,unknown_other:rolling_payoff:reports/pattern_ml_20260612/payoff_asymmetry/rolling_payoff.csv:47,,,0.86710317,,,,,-15.0,reject,weak_pf,"net_dollars,max_drawdown_dollars,trades,largest_winner_share,net_without_largest",,0
reports/pattern_ml_20260612/payoff_asymmetry/rolling_payoff.csv,48,unknown_other,rolling_payoff,unknown_other:rolling_payoff:reports/pattern_ml_20260612/payoff_asymmetry/rolling_payoff.csv:48,,,0.95240229,,,,,-15.0,reject,weak_pf,"net_dollars,max_drawdown_dollars,trades,largest_winner_share,net_without_largest",,0
reports/pattern_ml_20260612/payoff_asymmetry/rolling_payoff.csv,49,unknown_other,rolling_payoff,unknown_other:rolling_payoff:reports/pattern_ml_20260612/payoff_asymmetry/rolling_payoff.csv:49,,,1.03671092,,,,,-15.0,reject,weak_pf,"net_dollars,max_drawdown_dollars,trades,largest_winner_share,net_without_largest",,0
reports/pattern_ml_20260612/payoff_asymmetry/rolling_payoff.csv,50,unknown_other,rolling_payoff,unknown_other:rolling_payoff:reports/pattern_ml_20260612/payoff_asymmetry/rolling_payoff.csv:50,,,0.98889216,,,,,-15.0,reject,weak_pf,"net_dollars,max_drawdown_dollars,trades,largest_winner_share,net_without_largest",,0
reports/pattern_ml_20260612/payoff_asymmetry/rolling_payoff.csv,51,unknown_other,rolling_payoff,unknown_other:rolling_payoff:reports/pattern_ml_20260612/payoff_asymmetry/rolling_payoff.csv:51,,,1.04725501,,,,,-15.0,reject,weak_pf,"net_dollars,max_drawdown_dollars,trades,largest_winner_share,net_without_largest",,0
reports/pattern_ml_20260612/payoff_asymmetry/rolling_payoff.csv,53,unknown_other,rolling_payoff,unknown_other:rolling_payoff:reports/pattern_ml_20260612/payoff_asymmetry/rolling_payoff.csv:53,,,1.02465281,,,,,-15.0,reject,weak_pf,"net_dollars,max_drawdown_dollars,trades,largest_winner_share,net_without_largest",,0
reports/pattern_ml_20260612/payoff_asymmetry/rolling_payoff.csv,55,unknown_other,rolling_payoff,unknown_other:rolling_payoff:reports/pattern_ml_20260612/payoff_asymmetry/rolling_payoff.csv:55,,,0.93450813,,,,,-15.0,reject,weak_pf,"net_dollars,max_drawdown_dollars,trades,largest_winner_share,net_without_largest",,0
reports/pattern_ml_20260612/payoff_asymmetry/rolling_payoff.csv,56,unknown_other,rolling_payoff,unknown_other:rolling_payoff:reports/pattern_ml_20260612/payoff_asymmetry/rolling_payoff.csv:56,,,0.97543604,,,,,-15.0,reject,weak_pf,"net_dollars,max_drawdown_dollars,trades,largest_winner_share,net_without_largest",,0
reports/pattern_ml_20260612/payoff_asymmetry/rolling_payoff.csv,57,unknown_other,rolling_payoff,unknown_other:rolling_payoff:reports/pattern_ml_20260612/payoff_asymmetry/rolling_payoff.csv:57,,,1.02112982,,,,,-15.0,reject,weak_pf,"net_dollars,max_drawdown_dollars,trades,largest_winner_share,net_without_largest",,0
reports/pattern_ml_20260612/payoff_asymmetry/rolling_payoff.csv,60,unknown_other,rolling_payoff,unknown_other:rolling_payoff:reports/pattern_ml_20260612/payoff_asymmetry/rolling_payoff.csv:60,,,1.06268141,,,,,-15.0,reject,weak_pf,"net_dollars,max_drawdown_dollars,trades,largest_winner_share,net_without_largest",,0
reports/pattern_ml_20260612/payoff_asymmetry/rolling_payoff.csv,61,unknown_other,rolling_payoff,unknown_other:rolling_payoff:reports/pattern_ml_20260612/payoff_asymmetry/rolling_payoff.csv:61,,,1.00687473,,,,,-15.0,reject,weak_pf,"net_dollars,max_drawdown_dollars,trades,largest_winner_share,net_without_largest",,0
reports/pattern_ml_20260612/payoff_asymmetry/rolling_payoff.csv,62,unknown_other,rolling_payoff,unknown_other:rolling_payoff:reports/pattern_ml_20260612/payoff_asymmetry/rolling_payoff.csv:62,,,1.02249548,,,,,-15.0,reject,weak_pf,"net_dollars,max_drawdown_dollars,trades,largest_winner_share,net_without_largest",,0
reports/pattern_ml_20260612/payoff_asymmetry/rolling_payoff.csv,63,unknown_other,rolling_payoff,unknown_other:rolling_payoff:reports/pattern_ml_20260612/payoff_asymmetry/rolling_payoff.csv:63,,,0.85343223,,,,,-15.0,reject,weak_pf,"net_dollars,max_drawdown_dollars,trades,largest_winner_share,net_without_largest",,0
reports/pattern_ml_20260612/payoff_asymmetry/rolling_payoff.csv,64,unknown_other,rolling_payoff,unknown_other:rolling_payoff:reports/pattern_ml_20260612/payoff_asymmetry/rolling_payoff.csv:64,,,0.85657481,,,,,-15.0,reject,weak_pf,"net_dollars,max_drawdown_dollars,trades,largest_winner_share,net_without_largest",,0
reports/pattern_ml_20260612/payoff_asymmetry/rolling_payoff.csv,65,unknown_other,rolling_payoff,unknown_other:rolling_payoff:reports/pattern_ml_20260612/payoff_asymmetry/rolling_payoff.csv:65,,,0.66632431,,,,,-15.0,reject,weak_pf,"net_dollars,max_drawdown_dollars,trades,largest_winner_share,net_without_largest",,0
reports/pattern_ml_20260612/payoff_asymmetry/rolling_payoff.csv,66,unknown_other,rolling_payoff,unknown_other:rolling_payoff:reports/pattern_ml_20260612/payoff_asymmetry/rolling_payoff.csv:66,,,0.55079858,,,,,-15.0,reject,weak_pf,"net_dollars,max_drawdown_dollars,trades,largest_winner_share,net_without_largest",,0
reports/pattern_ml_20260612/payoff_asymmetry/rolling_payoff.csv,67,unknown_other,rolling_payoff,unknown_other:rolling_payoff:reports/pattern_ml_20260612/payoff_asymmetry/rolling_payoff.csv:67,,,0.45484922,,,,,-15.0,reject,weak_pf,"net_dollars,max_drawdown_dollars,trades,largest_winner_share,net_without_largest",,0
reports/pattern_ml_20260612/payoff_asymmetry/rolling_payoff.csv,68,unknown_other,rolling_payoff,unknown_other:rolling_payoff:reports/pattern_ml_20260612/payoff_asymmetry/rolling_payoff.csv:68,,,0.29134578,,,,,-15.0,reject,weak_pf,"net_dollars,max_drawdown_dollars,trades,largest_winner_share,net_without_largest",,0
reports/pattern_ml_20260612/payoff_asymmetry/rolling_payoff.csv,69,unknown_other,rolling_payoff,unknown_other:rolling_payoff:reports/pattern_ml_20260612/payoff_asymmetry/rolling_payoff.csv:69,,,0.2579902,,,,,-15.0,reject,weak_pf,"net_dollars,max_drawdown_dollars,trades,largest_winner_share,net_without_largest",,0
reports/pattern_ml_20260612/payoff_asymmetry/rolling_payoff.csv,70,unknown_other,rolling_payoff,unknown_other:rolling_payoff:reports/pattern_ml_20260612/payoff_asymmetry/rolling_payoff.csv:70,,,0.28596234,,,,,-15.0,reject,weak_pf,"net_dollars,max_drawdown_dollars,trades,largest_winner_share,net_without_largest",,0
reports/pattern_ml_20260612/payoff_asymmetry/rolling_payoff.csv,71,unknown_other,rolling_payoff,unknown_other:rolling_payoff:reports/pattern_ml_20260612/payoff_asymmetry/rolling_payoff.csv:71,,,0.2821767,,,,,-15.0,reject,weak_pf,"net_dollars,max_drawdown_dollars,trades,largest_winner_share,net_without_largest",,0
reports/pattern_ml_20260612/payoff_asymmetry/rolling_payoff.csv,72,unknown_other,rolling_payoff,unknown_other:rolling_payoff:reports/pattern_ml_20260612/payoff_asymmetry/rolling_payoff.csv:72,,,0.27956428,,,,,-15.0,reject,weak_pf,"net_dollars,max_drawdown_dollars,trades,largest_winner_share,net_without_largest",,0
reports/pattern_ml_20260612/payoff_asymmetry/rolling_payoff.csv,73,unknown_other,rolling_payoff,unknown_other:rolling_payoff:reports/pattern_ml_20260612/payoff_asymmetry/rolling_payoff.csv:73,,,0.27324006,,,,,-15.0,reject,weak_pf,"net_dollars,max_drawdown_dollars,trades,largest_winner_share,net_without_largest",,0
reports/pattern_ml_20260612/payoff_asymmetry/rolling_payoff.csv,74,unknown_other,rolling_payoff,unknown_other:rolling_payoff:reports/pattern_ml_20260612/payoff_asymmetry/rolling_payoff.csv:74,,,0.23664231,,,,,-15.0,reject,weak_pf,"net_dollars,max_drawdown_dollars,trades,largest_winner_share,net_without_largest",,0
reports/pattern_ml_20260612/payoff_asymmetry/rolling_payoff.csv,75,unknown_other,rolling_payoff,unknown_other:rolling_payoff:reports/pattern_ml_20260612/payoff_asymmetry/rolling_payoff.csv:75,,,0.30791366,,,,,-15.0,reject,weak_pf,"net_dollars,max_drawdown_dollars,trades,largest_winner_share,net_without_largest",,0
reports/pattern_ml_20260612/payoff_asymmetry/rolling_payoff.csv,76,unknown_other,rolling_payoff,unknown_other:rolling_payoff:reports/pattern_ml_20260612/payoff_asymmetry/rolling_payoff.csv:76,,,0.34201656,,,,,-15.0,reject,weak_pf,"net_dollars,max_drawdown_dollars,trades,largest_winner_share,net_without_largest",,0
reports/pattern_ml_20260612/payoff_asymmetry/rolling_payoff.csv,77,unknown_other,rolling_payoff,unknown_other:rolling_payoff:reports/pattern_ml_20260612/payoff_asymmetry/rolling_payoff.csv:77,,,0.45592401,,,,,-15.0,reject,weak_pf,"net_dollars,max_drawdown_dollars,trades,largest_winner_share,net_without_largest",,0
reports/pattern_ml_20260612/payoff_asymmetry/rolling_payoff.csv,78,unknown_other,rolling_payoff,unknown_other:rolling_payoff:reports/pattern_ml_20260612/payoff_asymmetry/rolling_payoff.csv:78,,,0.40386943,,,,,-15.0,reject,weak_pf,"net_dollars,max_drawdown_dollars,trades,largest_winner_share,net_without_largest",,0
reports/pattern_ml_20260612/payoff_asymmetry/rolling_payoff.csv,79,unknown_other,rolling_payoff,unknown_other:rolling_payoff:reports/pattern_ml_20260612/payoff_asymmetry/rolling_payoff.csv:79,,,0.36786851,,,,,-15.0,reject,weak_pf,"net_dollars,max_drawdown_dollars,trades,largest_winner_share,net_without_largest",,0
reports/pattern_ml_20260612/payoff_asymmetry/rolling_payoff.csv,80,unknown_other,rolling_payoff,unknown_other:rolling_payoff:reports/pattern_ml_20260612/payoff_asymmetry/rolling_payoff.csv:80,,,0.37391645,,,,,-15.0,reject,weak_pf,"net_dollars,max_drawdown_dollars,trades,largest_winner_share,net_without_largest",,0
reports/pattern_ml_20260612/payoff_asymmetry/rolling_payoff.csv,81,unknown_other,rolling_payoff,unknown_other:rolling_payoff:reports/pattern_ml_20260612/payoff_asymmetry/rolling_payoff.csv:81,,,0.33804629,,,,,-15.0,reject,weak_pf,"net_dollars,max_drawdown_dollars,trades,largest_winner_share,net_without_largest",,0
reports/pattern_ml_20260612/payoff_asymmetry/rolling_payoff.csv,82,unknown_other,rolling_payoff,unknown_other:rolling_payoff:reports/pattern_ml_20260612/payoff_asymmetry/rolling_payoff.csv:82,,,0.37391646,,,,,-15.0,reject,weak_pf,"net_dollars,max_drawdown_dollars,trades,largest_winner_share,net_without_largest",,0
reports/pattern_ml_20260612/payoff_asymmetry/rolling_payoff.csv,83,unknown_other,rolling_payoff,unknown_other:rolling_payoff:reports/pattern_ml_20260612/payoff_asymmetry/rolling_payoff.csv:83,,,0.39085743,,,,,-15.0,reject,weak_pf,"net_dollars,max_drawdown_dollars,trades,largest_winner_share,net_without_largest",,0
reports/pattern_ml_20260612/payoff_asymmetry/rolling_payoff.csv,84,unknown_other,rolling_payoff,unknown_other:rolling_payoff:reports/pattern_ml_20260612/payoff_asymmetry/rolling_payoff.csv:84,,,0.34424979,,,,,-15.0,reject,weak_pf,"net_dollars,max_drawdown_dollars,trades,largest_winner_share,net_without_largest",,0
reports/pattern_ml_20260612/payoff_asymmetry/rolling_payoff.csv,85,unknown_other,rolling_payoff,unknown_other:rolling_payoff:reports/pattern_ml_20260612/payoff_asymmetry/rolling_payoff.csv:85,,,0.33932128,,,,,-15.0,reject,weak_pf,"net_dollars,max_drawdown_dollars,trades,largest_winner_share,net_without_largest",,0
reports/pattern_ml_20260612/payoff_asymmetry/rolling_payoff.csv,86,unknown_other,rolling_payoff,unknown_other:rolling_payoff:reports/pattern_ml_20260612/payoff_asymmetry/rolling_payoff.csv:86,,,0.34086234,,,,,-15.0,reject,weak_pf,"net_dollars,max_drawdown_dollars,trades,largest_winner_share,net_without_largest",,0
reports/pattern_ml_20260612/payoff_asymmetry/rolling_payoff.csv,87,unknown_other,rolling_payoff,unknown_other:rolling_payoff:reports/pattern_ml_20260612/payoff_asymmetry/rolling_payoff.csv:87,,,0.33354077,,,,,-15.0,reject,weak_pf,"net_dollars,max_drawdown_dollars,trades,largest_winner_share,net_without_largest",,0
reports/pattern_ml_20260612/payoff_asymmetry/rolling_payoff.csv,88,unknown_other,rolling_payoff,unknown_other:rolling_payoff:reports/pattern_ml_20260612/payoff_asymmetry/rolling_payoff.csv:88,,,0.2763305,,,,,-15.0,reject,weak_pf,"net_dollars,max_drawdown_dollars,trades,largest_winner_share,net_without_largest",,0
reports/pattern_ml_20260612/payoff_asymmetry/rolling_payoff.csv,89,unknown_other,rolling_payoff,unknown_other:rolling_payoff:reports/pattern_ml_20260612/payoff_asymmetry/rolling_payoff.csv:89,,,0.32594662,,,,,-15.0,reject,weak_pf,"net_dollars,max_drawdown_dollars,trades,largest_winner_share,net_without_largest",,0
reports/pattern_ml_20260612/payoff_asymmetry/rolling_payoff.csv,90,unknown_other,rolling_payoff,unknown_other:rolling_payoff:reports/pattern_ml_20260612/payoff_asymmetry/rolling_payoff.csv:90,,,0.40646952,,,,,-15.0,reject,weak_pf,"net_dollars,max_drawdown_dollars,trades,largest_winner_share,net_without_largest",,0
reports/pattern_ml_20260612/payoff_asymmetry/rolling_payoff.csv,91,unknown_other,rolling_payoff,unknown_other:rolling_payoff:reports/pattern_ml_20260612/payoff_asymmetry/rolling_payoff.csv:91,,,0.53802106,,,,,-15.0,reject,weak_pf,"net_dollars,max_drawdown_dollars,trades,largest_winner_share,net_without_largest",,0
reports/pattern_ml_20260612/payoff_asymmetry/rolling_payoff.csv,92,unknown_other,rolling_payoff,unknown_other:rolling_payoff:reports/pattern_ml_20260612/payoff_asymmetry/rolling_payoff.csv:92,,,0.63518265,,,,,-15.0,reject,weak_pf,"net_dollars,max_drawdown_dollars,trades,largest_winner_share,net_without_largest",,0
reports/pattern_ml_20260612/payoff_asymmetry/rolling_payoff.csv,93,unknown_other,rolling_payoff,unknown_other:rolling_payoff:reports/pattern_ml_20260612/payoff_asymmetry/rolling_payoff.csv:93,,,0.70713973,,,,,-15.0,reject,weak_pf,"net_dollars,max_drawdown_dollars,trades,largest_winner_share,net_without_largest",,0
reports/pattern_ml_20260612/payoff_asymmetry/rolling_payoff.csv,94,unknown_other,rolling_payoff,unknown_other:rolling_payoff:reports/pattern_ml_20260612/payoff_asymmetry/rolling_payoff.csv:94,,,0.72398711,,,,,-15.0,reject,weak_pf,"net_dollars,max_drawdown_dollars,trades,largest_winner_share,net_without_largest",,0
reports/pattern_ml_20260612/payoff_asymmetry/rolling_payoff.csv,95,unknown_other,rolling_payoff,unknown_other:rolling_payoff:reports/pattern_ml_20260612/payoff_asymmetry/rolling_payoff.csv:95,,,0.71640133,,,,,-15.0,reject,weak_pf,"net_dollars,max_drawdown_dollars,trades,largest_winner_share,net_without_largest",,0
reports/pattern_ml_20260612/payoff_asymmetry/rolling_payoff.csv,96,unknown_other,rolling_payoff,unknown_other:rolling_payoff:reports/pattern_ml_20260612/payoff_asymmetry/rolling_payoff.csv:96,,,0.7053161,,,,,-15.0,reject,weak_pf,"net_dollars,max_drawdown_dollars,trades,largest_winner_share,net_without_largest",,0
reports/pattern_ml_20260612/payoff_asymmetry/rolling_payoff.csv,97,unknown_other,rolling_payoff,unknown_other:rolling_payoff:reports/pattern_ml_20260612/payoff_asymmetry/rolling_payoff.csv:97,,,0.72462654,,,,,-15.0,reject,weak_pf,"net_dollars,max_drawdown_dollars,trades,largest_winner_share,net_without_largest",,0
reports/pattern_ml_20260612/payoff_asymmetry/rolling_payoff.csv,98,unknown_other,rolling_payoff,unknown_other:rolling_payoff:reports/pattern_ml_20260612/payoff_asymmetry/rolling_payoff.csv:98,,,0.73304277,,,,,-15.0,reject,weak_pf,"net_dollars,max_drawdown_dollars,trades,largest_winner_share,net_without_largest",,0
reports/pattern_ml_20260612/payoff_asymmetry/rolling_payoff.csv,99,unknown_other,rolling_payoff,unknown_other:rolling_payoff:reports/pattern_ml_20260612/payoff_asymmetry/rolling_payoff.csv:99,,,0.69227852,,,,,-15.0,reject,weak_pf,"net_dollars,max_drawdown_dollars,trades,largest_winner_share,net_without_largest",,0
reports/pattern_ml_20260612/payoff_asymmetry/rolling_payoff.csv,100,unknown_other,rolling_payoff,unknown_other:rolling_payoff:reports/pattern_ml_20260612/payoff_asymmetry/rolling_payoff.csv:100,,,0.75281959,,,,,-15.0,reject,weak_pf,"net_dollars,max_drawdown_dollars,trades,largest_winner_share,net_without_largest",,0
reports/pattern_ml_20260612/payoff_asymmetry/rolling_payoff.csv,101,unknown_other,rolling_payoff,unknown_other:rolling_payoff:reports/pattern_ml_20260612/payoff_asymmetry/rolling_payoff.csv:101,,,0.85190319,,,,,-15.0,reject,weak_pf,"net_dollars,max_drawdown_dollars,trades,largest_winner_share,net_without_largest",,0
reports/pattern_ml_20260612/payoff_asymmetry/rolling_payoff.csv,102,unknown_other,rolling_payoff,unknown_other:rolling_payoff:reports/pattern_ml_20260612/payoff_asymmetry/rolling_payoff.csv:102,,,1.00113292,,,,,-15.0,reject,weak_pf,"net_dollars,max_drawdown_dollars,trades,largest_winner_share,net_without_largest",,0
reports/pattern_ml_20260612/payoff_asymmetry/rolling_payoff.csv,103,unknown_other,rolling_payoff,unknown_other:rolling_payoff:reports/pattern_ml_20260612/payoff_asymmetry/rolling_payoff.csv:103,,,0.94662251,,,,,-15.0,reject,weak_pf,"net_dollars,max_drawdown_dollars,trades,largest_winner_share,net_without_largest",,0
reports/pattern_ml_20260612/payoff_asymmetry/rolling_payoff.csv,104,unknown_other,rolling_payoff,unknown_other:rolling_payoff:reports/pattern_ml_20260612/payoff_asymmetry/rolling_payoff.csv:104,,,0.9603377,,,,,-15.0,reject,weak_pf,"net_dollars,max_drawdown_dollars,trades,largest_winner_share,net_without_largest",,0
reports/pattern_ml_20260612/payoff_asymmetry/rolling_payoff.csv,105,unknown_other,rolling_payoff,unknown_other:rolling_payoff:reports/pattern_ml_20260612/payoff_asymmetry/rolling_payoff.csv:105,,,1.0690019,,,,,-15.0,reject,weak_pf,"net_dollars,max_drawdown_dollars,trades,largest_winner_share,net_without_largest",,0
reports/pattern_ml_20260612/payoff_asymmetry/rolling_payoff.csv,144,unknown_other,rolling_payoff,unknown_other:rolling_payoff:reports/pattern_ml_20260612/payoff_asymmetry/rolling_payoff.csv:144,,,0.9509541,,,,,-15.0,reject,weak_pf,"net_dollars,max_drawdown_dollars,trades,largest_winner_share,net_without_largest",,0
reports/pattern_ml_20260612/payoff_asymmetry/rolling_payoff.csv,145,unknown_other,rolling_payoff,unknown_other:rolling_payoff:reports/pattern_ml_20260612/payoff_asymmetry/rolling_payoff.csv:145,,,1.09738588,,,,,-15.0,reject,weak_pf,"net_dollars,max_drawdown_dollars,trades,largest_winner_share,net_without_largest",,0
reports/pattern_ml_20260612/model_summary.csv,0,unknown_other,model_summary,unknown_other:model_summary:reports/pattern_ml_20260612/model_summary.csv:0,,0.0,,0.0,0.0,,,-22.0,reject,"non_positive_net,thin_sample,preferred_drawdown","profit_factor,largest_winner_share,net_without_largest",,0
reports/pattern_ml_20260612/model_summary.csv,1,unknown_other,model_summary,unknown_other:model_summary:reports/pattern_ml_20260612/model_summary.csv:1,,0.0,,0.0,0.0,,,-22.0,reject,"non_positive_net,thin_sample,preferred_drawdown","profit_factor,largest_winner_share,net_without_largest",,0
reports/pattern_ml_20260612/model_summary.csv,2,unknown_other,model_summary,unknown_other:model_summary:reports/pattern_ml_20260612/model_summary.csv:2,,0.0,,0.0,0.0,,,-22.0,reject,"non_positive_net,thin_sample,preferred_drawdown","profit_factor,largest_winner_share,net_without_largest",,0
reports/pattern_ml_20260612/model_summary.csv,3,unknown_other,model_summary,unknown_other:model_summary:reports/pattern_ml_20260612/model_summary.csv:3,,0.0,,0.0,0.0,,,-22.0,reject,"non_positive_net,thin_sample,preferred_drawdown","profit_factor,largest_winner_share,net_without_largest",,0
reports/pattern_ml_20260612/model_summary.csv,4,unknown_other,model_summary,unknown_other:model_summary:reports/pattern_ml_20260612/model_summary.csv:4,,0.0,,0.0,0.0,,,-22.0,reject,"non_positive_net,thin_sample,preferred_drawdown","profit_factor,largest_winner_share,net_without_largest",,0
reports/pattern_ml_20260612/model_summary.csv,5,unknown_other,model_summary,unknown_other:model_summary:reports/pattern_ml_20260612/model_summary.csv:5,,0.0,,0.0,0.0,,,-22.0,reject,"non_positive_net,thin_sample,preferred_drawdown","profit_factor,largest_winner_share,net_without_largest",,0
reports/pattern_ml_20260612/model_summary.csv,6,unknown_other,model_summary,unknown_other:model_summary:reports/pattern_ml_20260612/model_summary.csv:6,,0.0,,0.0,0.0,,,-22.0,reject,"non_positive_net,thin_sample,preferred_drawdown","profit_factor,largest_winner_share,net_without_largest",,0
reports/pattern_ml_20260612/model_summary.csv,7,unknown_other,model_summary,unknown_other:model_summary:reports/pattern_ml_20260612/model_summary.csv:7,,0.0,,0.0,0.0,,,-22.0,reject,"non_positive_net,thin_sample,preferred_drawdown","profit_factor,largest_winner_share,net_without_largest",,0
reports/pattern_ml_20260612/model_summary.csv,8,unknown_other,model_summary,unknown_other:model_summary:reports/pattern_ml_20260612/model_summary.csv:8,,0.0,,0.0,0.0,,,-22.0,reject,"non_positive_net,thin_sample,preferred_drawdown","profit_factor,largest_winner_share,net_without_largest",,0
reports/pattern_ml_20260612/regime_shift/predefined_rule_audit.csv,36,multi_timeframe_regime_selector,predefined_rule_audit,multi_timeframe_regime_selector:predefined_rule_audit:reports/pattern_ml_20260612/regime_shift/predefined_rule_audit.csv:36,,0.0,,0.0,0.0,,,-22.0,reject,"non_positive_net,thin_sample,preferred_drawdown","profit_factor,largest_winner_share,net_without_largest",,0
reports/pattern_ml_20260612/regime_shift/predefined_rule_audit.csv,37,multi_timeframe_regime_selector,predefined_rule_audit,multi_timeframe_regime_selector:predefined_rule_audit:reports/pattern_ml_20260612/regime_shift/predefined_rule_audit.csv:37,,0.0,,0.0,0.0,,,-22.0,reject,"non_positive_net,thin_sample,preferred_drawdown","profit_factor,largest_winner_share,net_without_largest",,0
reports/pattern_ml_20260612/regime_shift/predefined_rule_audit.csv,26,multi_timeframe_regime_selector,predefined_rule_audit,multi_timeframe_regime_selector:predefined_rule_audit:reports/pattern_ml_20260612/regime_shift/predefined_rule_audit.csv:26,,-5.8999995,,100.9399855,5.0,,,-22.0,reject,"non_positive_net,thin_sample,preferred_drawdown","profit_factor,largest_winner_share,net_without_largest",,0
reports/pattern_ml_20260612/regime_shift/predefined_rule_audit.csv,24,multi_timeframe_regime_selector,predefined_rule_audit,multi_timeframe_regime_selector:predefined_rule_audit:reports/pattern_ml_20260612/regime_shift/predefined_rule_audit.csv:24,,-17.2799675,,96.9399765,11.0,,,-22.0,reject,"non_positive_net,thin_sample,preferred_drawdown","profit_factor,largest_winner_share,net_without_largest",,0
reports/pattern_ml_20260612/performance_breakdowns.csv,8,unknown_other,performance_breakdowns,unknown_other:performance_breakdowns:reports/pattern_ml_20260612/performance_breakdowns.csv:8,,-18.440002,,36.459998,3.0,,,-22.0,reject,"non_positive_net,thin_sample,preferred_drawdown","profit_factor,largest_winner_share,net_without_largest",,0
reports/pattern_ml_20260612/performance_breakdowns.csv,31,unknown_other,performance_breakdowns,unknown_other:performance_breakdowns:reports/pattern_ml_20260612/performance_breakdowns.csv:31,,-22.1599915,,126.259986,17.0,,,-22.0,reject,"non_positive_net,thin_sample,preferred_drawdown","profit_factor,largest_winner_share,net_without_largest",,0
reports/pattern_ml_20260612/performance_breakdowns.csv,19,unknown_other,performance_breakdowns,unknown_other:performance_breakdowns:reports/pattern_ml_20260612/performance_breakdowns.csv:19,,-25.98,,25.98,1.0,,,-22.0,reject,"non_positive_net,thin_sample,preferred_drawdown","profit_factor,largest_winner_share,net_without_largest",,0
reports/pattern_ml_20260612/performance_breakdowns.csv,11,unknown_other,performance_breakdowns,unknown_other:performance_breakdowns:reports/pattern_ml_20260612/performance_breakdowns.csv:11,,-33.4799925,,33.4799925,1.0,,,-22.0,reject,"non_positive_net,thin_sample,preferred_drawdown","profit_factor,largest_winner_share,net_without_largest",,0
reports/pattern_ml_20260612/performance_breakdowns.csv,9,unknown_other,performance_breakdowns,unknown_other:performance_breakdowns:reports/pattern_ml_20260612/performance_breakdowns.csv:9,,-34.39999,,76.419998,5.0,,,-22.0,reject,"non_positive_net,thin_sample,preferred_drawdown","profit_factor,largest_winner_share,net_without_largest",,0
reports/pattern_ml_20260612/performance_breakdowns.csv,32,unknown_other,performance_breakdowns,unknown_other:performance_breakdowns:reports/pattern_ml_20260612/performance_breakdowns.csv:32,,-42.519933,,200.3800085,24.0,,,-22.0,reject,"non_positive_net,thin_sample,preferred_drawdown","profit_factor,largest_winner_share,net_without_largest",,0
reports/pattern_ml_20260612/regime_shift/cohort_stability.csv,8,multi_timeframe_regime_selector,cohort_stability,multi_timeframe_regime_selector:cohort_stability:reports/pattern_ml_20260612/regime_shift/cohort_stability.csv:8,,-51.1800125,,198.7800385,16.0,,,-22.0,reject,"non_positive_net,thin_sample,preferred_drawdown","profit_factor,largest_winner_share,net_without_largest",,0
reports/pattern_ml_20260612/regime_shift/predefined_rule_audit.csv,28,multi_timeframe_regime_selector,predefined_rule_audit,multi_timeframe_regime_selector:predefined_rule_audit:reports/pattern_ml_20260612/regime_shift/predefined_rule_audit.csv:28,,-51.1800125,,198.7800385,16.0,,,-22.0,reject,"non_positive_net,thin_sample,preferred_drawdown","profit_factor,largest_winner_share,net_without_largest",,0
reports/pattern_ml_20260612/performance_breakdowns.csv,12,unknown_other,performance_breakdowns,unknown_other:performance_breakdowns:reports/pattern_ml_20260612/performance_breakdowns.csv:12,,-52.419973,,62.959978,4.0,,,-22.0,reject,"non_positive_net,thin_sample,preferred_drawdown","profit_factor,largest_winner_share,net_without_largest",,0
reports/pattern_ml_20260612/performance_breakdowns.csv,34,unknown_other,performance_breakdowns,unknown_other:performance_breakdowns:reports/pattern_ml_20260612/performance_breakdowns.csv:34,,-54.4799945,,54.4799945,1.0,,,-22.0,reject,"non_positive_net,thin_sample,preferred_drawdown","profit_factor,largest_winner_share,net_without_largest",,0
reports/pattern_ml_20260612/regime_shift/cohort_stability.csv,18,multi_timeframe_regime_selector,cohort_stability,multi_timeframe_regime_selector:cohort_stability:reports/pattern_ml_20260612/regime_shift/cohort_stability.csv:18,,-54.4799945,,54.4799945,1.0,,,-22.0,reject,"non_positive_net,thin_sample,preferred_drawdown","profit_factor,largest_winner_share,net_without_largest",,0
reports/pattern_ml_20260612/regime_shift/predefined_rule_audit.csv,22,multi_timeframe_regime_selector,predefined_rule_audit,multi_timeframe_regime_selector:predefined_rule_audit:reports/pattern_ml_20260612/regime_shift/predefined_rule_audit.csv:22,,-54.4799945,,54.4799945,1.0,,,-22.0,reject,"non_positive_net,thin_sample,preferred_drawdown","profit_factor,largest_winner_share,net_without_largest",,0
reports/pattern_ml_20260612/performance_breakdowns.csv,18,unknown_other,performance_breakdowns,unknown_other:performance_breakdowns:reports/pattern_ml_20260612/performance_breakdowns.csv:18,,-58.980008,,58.980008,1.0,,,-22.0,reject,"non_positive_net,thin_sample,preferred_drawdown","profit_factor,largest_winner_share,net_without_largest",,0
reports/pattern_ml_20260612/performance_breakdowns.csv,17,unknown_other,performance_breakdowns,unknown_other:performance_breakdowns:reports/pattern_ml_20260612/performance_breakdowns.csv:17,,-60.4799865,,60.4799865,1.0,,,-22.0,reject,"non_positive_net,thin_sample,preferred_drawdown","profit_factor,largest_winner_share,net_without_largest",,0
reports/pattern_ml_20260612/regime_shift/predefined_rule_audit.csv,27,multi_timeframe_regime_selector,predefined_rule_audit,multi_timeframe_regime_selector:predefined_rule_audit:reports/pattern_ml_20260612/regime_shift/predefined_rule_audit.csv:27,,-67.299962,,130.879958,10.0,,,-22.0,reject,"non_positive_net,thin_sample,preferred_drawdown","profit_factor,largest_winner_share,net_without_largest",,0
reports/pattern_ml_20260612/regime_shift/cohort_stability.csv,13,multi_timeframe_regime_selector,cohort_stability,multi_timeframe_regime_selector:cohort_stability:reports/pattern_ml_20260612/regime_shift/cohort_stability.csv:13,,-82.5599405,,204.6399575,22.0,,,-22.0,reject,"non_positive_net,thin_sample,preferred_drawdown","profit_factor,largest_winner_share,net_without_largest",,0
reports/pattern_ml_20260612/regime_shift/cohort_stability.csv,27,multi_timeframe_regime_selector,cohort_stability,multi_timeframe_regime_selector:cohort_stability:reports/pattern_ml_20260612/regime_shift/cohort_stability.csv:27,,-83.4200105,,145.4399945,4.0,,,-22.0,reject,"non_positive_net,thin_sample,preferred_drawdown","profit_factor,largest_winner_share,net_without_largest",,0
reports/pattern_ml_20260612/regime_shift/predefined_rule_audit.csv,18,multi_timeframe_regime_selector,predefined_rule_audit,multi_timeframe_regime_selector:predefined_rule_audit:reports/pattern_ml_20260612/regime_shift/predefined_rule_audit.csv:18,,-83.4200105,,145.4399945,4.0,,,-22.0,reject,"non_positive_net,thin_sample,preferred_drawdown","profit_factor,largest_winner_share,net_without_largest",,0
reports/pattern_ml_20260612/performance_breakdowns.csv,6,unknown_other,performance_breakdowns,unknown_other:performance_breakdowns:reports/pattern_ml_20260612/performance_breakdowns.csv:6,,-85.4000075,,102.420008,5.0,,,-22.0,reject,"non_positive_net,thin_sample,preferred_drawdown","profit_factor,largest_winner_share,net_without_largest",,0
reports/pattern_ml_20260612/regime_shift/cohort_stability.csv,21,multi_timeframe_regime_selector,cohort_stability,multi_timeframe_regime_selector:cohort_stability:reports/pattern_ml_20260612/regime_shift/cohort_stability.csv:21,,-97.3799945,,97.3799945,6.0,,,-22.0,reject,"non_positive_net,thin_sample,preferred_drawdown","profit_factor,largest_winner_share,net_without_largest",,0
reports/pattern_ml_20260612/regime_shift/predefined_rule_audit.csv,16,multi_timeframe_regime_selector,predefined_rule_audit,multi_timeframe_regime_selector:predefined_rule_audit:reports/pattern_ml_20260612/regime_shift/predefined_rule_audit.csv:16,,-97.3799945,,97.3799945,6.0,,,-22.0,reject,"non_positive_net,thin_sample,preferred_drawdown","profit_factor,largest_winner_share,net_without_largest",,0
reports/pattern_ml_20260612/performance_breakdowns.csv,7,unknown_other,performance_breakdowns,unknown_other:performance_breakdowns:reports/pattern_ml_20260612/performance_breakdowns.csv:7,,-113.799983,,157.819983,10.0,,,-22.0,reject,"non_positive_net,thin_sample,preferred_drawdown","profit_factor,largest_winner_share,net_without_largest",,0
reports/pattern_ml_20260612/regime_shift/predefined_rule_audit.csv,32,multi_timeframe_regime_selector,predefined_rule_audit,multi_timeframe_regime_selector:predefined_rule_audit:reports/pattern_ml_20260612/regime_shift/predefined_rule_audit.csv:32,,-120.780023,,203.340035,11.0,,,-22.0,reject,"non_positive_net,thin_sample,preferred_drawdown","profit_factor,largest_winner_share,net_without_largest",,0
reports/pattern_ml_20260612/regime_shift/cohort_stability.csv,25,multi_timeframe_regime_selector,cohort_stability,multi_timeframe_regime_selector:cohort_stability:reports/pattern_ml_20260612/regime_shift/cohort_stability.csv:25,,-154.659988,,222.259994,17.0,,,-22.0,reject,"non_positive_net,thin_sample,preferred_drawdown","profit_factor,largest_winner_share,net_without_largest",,0
reports/pattern_ml_20260612/regime_shift/predefined_rule_audit.csv,17,multi_timeframe_regime_selector,predefined_rule_audit,multi_timeframe_regime_selector:predefined_rule_audit:reports/pattern_ml_20260612/regime_shift/predefined_rule_audit.csv:17,,-154.659988,,222.259994,17.0,,,-22.0,reject,"non_positive_net,thin_sample,preferred_drawdown","profit_factor,largest_winner_share,net_without_largest",,0
reports/pattern_ml_20260612/performance_breakdowns.csv,24,unknown_other,performance_breakdowns,unknown_other:performance_breakdowns:reports/pattern_ml_20260612/performance_breakdowns.csv:24,,-174.9799795,,344.0599725,26.0,,,-22.0,reject,"non_positive_net,thin_sample,preferred_drawdown","profit_factor,largest_winner_share,net_without_largest",,0
reports/pattern_ml_20260612/regime_shift/cohort_stability.csv,3,multi_timeframe_regime_selector,cohort_stability,multi_timeframe_regime_selector:cohort_stability:reports/pattern_ml_20260612/regime_shift/cohort_stability.csv:3,,-174.9799795,,344.0599725,26.0,,,-22.0,reject,"non_positive_net,thin_sample,preferred_drawdown","profit_factor,largest_winner_share,net_without_largest",,0
reports/pattern_ml_20260612/regime_shift/predefined_rule_audit.csv,11,multi_timeframe_regime_selector,predefined_rule_audit,multi_timeframe_regime_selector:predefined_rule_audit:reports/pattern_ml_20260612/regime_shift/predefined_rule_audit.csv:11,,-174.9799795,,344.0599725,26.0,,,-22.0,reject,"non_positive_net,thin_sample,preferred_drawdown","profit_factor,largest_winner_share,net_without_largest",,0
reports/pattern_ml_20260612/performance_breakdowns.csv,26,unknown_other,performance_breakdowns,unknown_other:performance_breakdowns:reports/pattern_ml_20260612/performance_breakdowns.csv:26,,-193.8199655,,261.879984,9.0,,,-22.0,reject,"non_positive_net,thin_sample,preferred_drawdown","profit_factor,largest_winner_share,net_without_largest",,0
reports/pattern_ml_20260612/regime_shift/cohort_stability.csv,7,multi_timeframe_regime_selector,cohort_stability,multi_timeframe_regime_selector:cohort_stability:reports/pattern_ml_20260612/regime_shift/cohort_stability.csv:7,,-193.8199655,,261.879984,9.0,,,-22.0,reject,"non_positive_net,thin_sample,preferred_drawdown","profit_factor,largest_winner_share,net_without_largest",,0
reports/pattern_ml_20260612/regime_shift/predefined_rule_audit.csv,10,multi_timeframe_regime_selector,predefined_rule_audit,multi_timeframe_regime_selector:predefined_rule_audit:reports/pattern_ml_20260612/regime_shift/predefined_rule_audit.csv:10,,-193.8199655,,261.879984,9.0,,,-22.0,reject,"non_positive_net,thin_sample,preferred_drawdown","profit_factor,largest_winner_share,net_without_largest",,0
reports/pattern_ml_20260612/regime_shift/predefined_rule_audit.csv,33,multi_timeframe_regime_selector,predefined_rule_audit,multi_timeframe_regime_selector:predefined_rule_audit:reports/pattern_ml_20260612/regime_shift/predefined_rule_audit.csv:33,,-208.780025,,266.360018,11.0,,,-22.0,reject,"non_positive_net,thin_sample,preferred_drawdown","profit_factor,largest_winner_share,net_without_largest",,0
reports/pattern_ml_20260612/regime_shift/cohort_stability.csv,14,multi_timeframe_regime_selector,cohort_stability,multi_timeframe_regime_selector:cohort_stability:reports/pattern_ml_20260612/regime_shift/cohort_stability.csv:14,,-212.020005,,364.180002,24.0,,,-22.0,reject,"non_positive_net,thin_sample,preferred_drawdown","profit_factor,largest_winner_share,net_without_largest",,0
reports/pattern_ml_20260612/regime_shift/predefined_rule_audit.csv,29,multi_timeframe_regime_selector,predefined_rule_audit,multi_timeframe_regime_selector:predefined_rule_audit:reports/pattern_ml_20260612/regime_shift/predefined_rule_audit.csv:29,,-212.020005,,364.180002,24.0,,,-22.0,reject,"non_positive_net,thin_sample,preferred_drawdown","profit_factor,largest_winner_share,net_without_largest",,0
reports/mnq_2025q1_primary_replication/primary_nonoverlapping_trades.csv,360,orb_vwap_prior_day,vwap_delta_rejection,orb_vwap_prior_day:vwap_delta_rejection:reports/mnq_2025q1_primary_replication/primary_nonoverlapping_trades.csv:360,,-0.239982,,,,,,-25.0,reject,non_positive_net,"profit_factor,max_drawdown_dollars,trades,largest_winner_share,net_without_largest",,0
reports/mnq_2025q1_primary_replication/primary_nonoverlapping_trades.csv,385,orb_vwap_prior_day,vwap_delta_rejection,orb_vwap_prior_day:vwap_delta_rejection:reports/mnq_2025q1_primary_replication/primary_nonoverlapping_trades.csv:385,,-1.74,,,,,,-25.0,reject,non_positive_net,"profit_factor,max_drawdown_dollars,trades,largest_winner_share,net_without_largest",,0
reports/mnq_2025q1_primary_replication/primary_nonoverlapping_trades.csv,83,orb_vwap_prior_day,vwap_delta_rejection,orb_vwap_prior_day:vwap_delta_rejection:reports/mnq_2025q1_primary_replication/primary_nonoverlapping_trades.csv:83,,-2.2399985,,,,,,-25.0,reject,non_positive_net,"profit_factor,max_drawdown_dollars,trades,largest_winner_share,net_without_largest",,0
reports/mnq_2025q1_primary_replication/primary_nonoverlapping_trades.csv,220,orb_vwap_prior_day,vwap_delta_rejection,orb_vwap_prior_day:vwap_delta_rejection:reports/mnq_2025q1_primary_replication/primary_nonoverlapping_trades.csv:220,,-3.239994,,,,,,-25.0,reject,non_positive_net,"profit_factor,max_drawdown_dollars,trades,largest_winner_share,net_without_largest",,0
reports/mnq_2025q1_primary_replication/primary_nonoverlapping_trades.csv,420,orb_vwap_prior_day,vwap_delta_rejection,orb_vwap_prior_day:vwap_delta_rejection:reports/mnq_2025q1_primary_replication/primary_nonoverlapping_trades.csv:420,,-3.24,,,,,,-25.0,reject,non_positive_net,"profit_factor,max_drawdown_dollars,trades,largest_winner_share,net_without_largest",,0
reports/mnq_2025q1_primary_replication/primary_nonoverlapping_trades.csv,107,orb_vwap_prior_day,vwap_delta_rejection,orb_vwap_prior_day:vwap_delta_rejection:reports/mnq_2025q1_primary_replication/primary_nonoverlapping_trades.csv:107,,-4.24,,,,,,-25.0,reject,non_positive_net,"profit_factor,max_drawdown_dollars,trades,largest_winner_share,net_without_largest",,0
reports/mnq_2025q1_primary_replication/primary_nonoverlapping_trades.csv,101,orb_vwap_prior_day,vwap_delta_rejection,orb_vwap_prior_day:vwap_delta_rejection:reports/mnq_2025q1_primary_replication/primary_nonoverlapping_trades.csv:101,,-4.74,,,,,,-25.0,reject,non_positive_net,"profit_factor,max_drawdown_dollars,trades,largest_winner_share,net_without_largest",,0
reports/mnq_2025q1_primary_replication/primary_nonoverlapping_trades.csv,139,orb_vwap_prior_day,vwap_delta_rejection,orb_vwap_prior_day:vwap_delta_rejection:reports/mnq_2025q1_primary_replication/primary_nonoverlapping_trades.csv:139,,-4.74,,,,,,-25.0,reject,non_positive_net,"profit_factor,max_drawdown_dollars,trades,largest_winner_share,net_without_largest",,0
reports/mnq_2025q1_primary_replication/primary_nonoverlapping_trades.csv,309,orb_vwap_prior_day,vwap_delta_rejection,orb_vwap_prior_day:vwap_delta_rejection:reports/mnq_2025q1_primary_replication/primary_nonoverlapping_trades.csv:309,,-5.239997,,,,,,-25.0,reject,non_positive_net,"profit_factor,max_drawdown_dollars,trades,largest_winner_share,net_without_largest",,0
reports/mnq_2025q1_primary_replication/primary_nonoverlapping_trades.csv,184,orb_vwap_prior_day,vwap_delta_rejection,orb_vwap_prior_day:vwap_delta_rejection:reports/mnq_2025q1_primary_replication/primary_nonoverlapping_trades.csv:184,,-5.240001,,,,,,-25.0,reject,non_positive_net,"profit_factor,max_drawdown_dollars,trades,largest_winner_share,net_without_largest",,0
reports/mnq_2025q1_primary_replication/primary_nonoverlapping_trades.csv,203,orb_vwap_prior_day,vwap_delta_rejection,orb_vwap_prior_day:vwap_delta_rejection:reports/mnq_2025q1_primary_replication/primary_nonoverlapping_trades.csv:203,,-5.240001,,,,,,-25.0,reject,non_positive_net,"profit_factor,max_drawdown_dollars,trades,largest_winner_share,net_without_largest",,0
reports/mnq_2025q1_primary_replication/primary_nonoverlapping_trades.csv,275,orb_vwap_prior_day,vwap_delta_rejection,orb_vwap_prior_day:vwap_delta_rejection:reports/mnq_2025q1_primary_replication/primary_nonoverlapping_trades.csv:275,,-5.240001,,,,,,-25.0,reject,non_positive_net,"profit_factor,max_drawdown_dollars,trades,largest_winner_share,net_without_largest",,0
reports/mnq_2025q1_primary_replication/primary_nonoverlapping_trades.csv,23,orb_vwap_prior_day,vwap_delta_rejection,orb_vwap_prior_day:vwap_delta_rejection:reports/mnq_2025q1_primary_replication/primary_nonoverlapping_trades.csv:23,,-5.74,,,,,,-25.0,reject,non_positive_net,"profit_factor,max_drawdown_dollars,trades,largest_winner_share,net_without_largest",,0
reports/mnq_2025q1_primary_replication/primary_nonoverlapping_trades.csv,404,orb_vwap_prior_day,vwap_delta_rejection,orb_vwap_prior_day:vwap_delta_rejection:reports/mnq_2025q1_primary_replication/primary_nonoverlapping_trades.csv:404,,-5.74,,,,,,-25.0,reject,non_positive_net,"profit_factor,max_drawdown_dollars,trades,largest_winner_share,net_without_largest",,0
reports/mnq_2025q1_primary_replication/primary_nonoverlapping_trades.csv,185,orb_vwap_prior_day,vwap_delta_rejection,orb_vwap_prior_day:vwap_delta_rejection:reports/mnq_2025q1_primary_replication/primary_nonoverlapping_trades.csv:185,,-6.24,,,,,,-25.0,reject,non_positive_net,"profit_factor,max_drawdown_dollars,trades,largest_winner_share,net_without_largest",,0
reports/mnq_2025q1_primary_replication/primary_nonoverlapping_trades.csv,21,orb_vwap_prior_day,vwap_delta_rejection,orb_vwap_prior_day:vwap_delta_rejection:reports/mnq_2025q1_primary_replication/primary_nonoverlapping_trades.csv:21,,-6.740001,,,,,,-25.0,reject,non_positive_net,"profit_factor,max_drawdown_dollars,trades,largest_winner_share,net_without_largest",,0
reports/mnq_2025q1_primary_replication/primary_nonoverlapping_trades.csv,78,orb_vwap_prior_day,vwap_delta_rejection,orb_vwap_prior_day:vwap_delta_rejection:reports/mnq_2025q1_primary_replication/primary_nonoverlapping_trades.csv:78,,-6.740001,,,,,,-25.0,reject,non_positive_net,"profit_factor,max_drawdown_dollars,trades,largest_winner_share,net_without_largest",,0
reports/mnq_2025q1_primary_replication/primary_nonoverlapping_trades.csv,258,orb_vwap_prior_day,vwap_delta_rejection,orb_vwap_prior_day:vwap_delta_rejection:reports/mnq_2025q1_primary_replication/primary_nonoverlapping_trades.csv:258,,-6.740001,,,,,,-25.0,reject,non_positive_net,"profit_factor,max_drawdown_dollars,trades,largest_winner_share,net_without_largest",,0
reports/mnq_2025q1_primary_replication/primary_nonoverlapping_trades.csv,305,orb_vwap_prior_day,vwap_delta_rejection,orb_vwap_prior_day:vwap_delta_rejection:reports/mnq_2025q1_primary_replication/primary_nonoverlapping_trades.csv:305,,-6.740001,,,,,,-25.0,reject,non_positive_net,"profit_factor,max_drawdown_dollars,trades,largest_winner_share,net_without_largest",,0
reports/mnq_2025q1_primary_replication/primary_nonoverlapping_trades.csv,335,orb_vwap_prior_day,vwap_delta_rejection,orb_vwap_prior_day:vwap_delta_rejection:reports/mnq_2025q1_primary_replication/primary_nonoverlapping_trades.csv:335,,-6.740001,,,,,,-25.0,reject,non_positive_net,"profit_factor,max_drawdown_dollars,trades,largest_winner_share,net_without_largest",,0
reports/mnq_2025q1_primary_replication/primary_nonoverlapping_trades.csv,409,orb_vwap_prior_day,vwap_delta_rejection,orb_vwap_prior_day:vwap_delta_rejection:reports/mnq_2025q1_primary_replication/primary_nonoverlapping_trades.csv:409,,-6.740001,,,,,,-25.0,reject,non_positive_net,"profit_factor,max_drawdown_dollars,trades,largest_winner_share,net_without_largest",,0
reports/mnq_2025q1_primary_replication/primary_nonoverlapping_trades.csv,55,orb_vwap_prior_day,vwap_delta_rejection,orb_vwap_prior_day:vwap_delta_rejection:reports/mnq_2025q1_primary_replication/primary_nonoverlapping_trades.csv:55,,-7.24,,,,,,-25.0,reject,non_positive_net,"profit_factor,max_drawdown_dollars,trades,largest_winner_share,net_without_largest",,0
reports/mnq_2025q1_primary_replication/primary_nonoverlapping_trades.csv,57,orb_vwap_prior_day,vwap_delta_rejection,orb_vwap_prior_day:vwap_delta_rejection:reports/mnq_2025q1_primary_replication/primary_nonoverlapping_trades.csv:57,,-7.24,,,,,,-25.0,reject,non_positive_net,"profit_factor,max_drawdown_dollars,trades,largest_winner_share,net_without_largest",,0
reports/mnq_2025q1_primary_replication/primary_nonoverlapping_trades.csv,215,orb_vwap_prior_day,vwap_delta_rejection,orb_vwap_prior_day:vwap_delta_rejection:reports/mnq_2025q1_primary_replication/primary_nonoverlapping_trades.csv:215,,-7.24,,,,,,-25.0,reject,non_positive_net,"profit_factor,max_drawdown_dollars,trades,largest_winner_share,net_without_largest",,0
reports/mnq_2025q1_primary_replication/primary_nonoverlapping_trades.csv,257,orb_vwap_prior_day,vwap_delta_rejection,orb_vwap_prior_day:vwap_delta_rejection:reports/mnq_2025q1_primary_replication/primary_nonoverlapping_trades.csv:257,,-7.24,,,,,,-25.0,reject,non_positive_net,"profit_factor,max_drawdown_dollars,trades,largest_winner_share,net_without_largest",,0
reports/mnq_2025q1_primary_replication/primary_nonoverlapping_trades.csv,271,orb_vwap_prior_day,vwap_delta_rejection,orb_vwap_prior_day:vwap_delta_rejection:reports/mnq_2025q1_primary_replication/primary_nonoverlapping_trades.csv:271,,-7.24,,,,,,-25.0,reject,non_positive_net,"profit_factor,max_drawdown_dollars,trades,largest_winner_share,net_without_largest",,0
reports/mnq_2025q1_primary_replication/primary_nonoverlapping_trades.csv,14,orb_vwap_prior_day,vwap_delta_rejection,orb_vwap_prior_day:vwap_delta_rejection:reports/mnq_2025q1_primary_replication/primary_nonoverlapping_trades.csv:14,,-7.7400015,,,,,,-25.0,reject,non_positive_net,"profit_factor,max_drawdown_dollars,trades,largest_winner_share,net_without_largest",,0
reports/mnq_2025q1_primary_replication/primary_nonoverlapping_trades.csv,60,orb_vwap_prior_day,vwap_delta_rejection,orb_vwap_prior_day:vwap_delta_rejection:reports/mnq_2025q1_primary_replication/primary_nonoverlapping_trades.csv:60,,-7.7400015,,,,,,-25.0,reject,non_positive_net,"profit_factor,max_drawdown_dollars,trades,largest_winner_share,net_without_largest",,0
reports/mnq_2025q1_primary_replication/primary_nonoverlapping_trades.csv,84,orb_vwap_prior_day,vwap_delta_rejection,orb_vwap_prior_day:vwap_delta_rejection:reports/mnq_2025q1_primary_replication/primary_nonoverlapping_trades.csv:84,,-7.7400015,,,,,,-25.0,reject,non_positive_net,"profit_factor,max_drawdown_dollars,trades,largest_winner_share,net_without_largest",,0
reports/mnq_2025q1_primary_replication/primary_nonoverlapping_trades.csv,85,orb_vwap_prior_day,vwap_delta_rejection,orb_vwap_prior_day:vwap_delta_rejection:reports/mnq_2025q1_primary_replication/primary_nonoverlapping_trades.csv:85,,-7.7400015,,,,,,-25.0,reject,non_positive_net,"profit_factor,max_drawdown_dollars,trades,largest_winner_share,net_without_largest",,0
reports/mnq_2025q1_primary_replication/primary_nonoverlapping_trades.csv,102,orb_vwap_prior_day,vwap_delta_rejection,orb_vwap_prior_day:vwap_delta_rejection:reports/mnq_2025q1_primary_replication/primary_nonoverlapping_trades.csv:102,,-7.7400015,,,,,,-25.0,reject,non_positive_net,"profit_factor,max_drawdown_dollars,trades,largest_winner_share,net_without_largest",,0
reports/mnq_2025q1_primary_replication/primary_nonoverlapping_trades.csv,399,orb_vwap_prior_day,vwap_delta_rejection,orb_vwap_prior_day:vwap_delta_rejection:reports/mnq_2025q1_primary_replication/primary_nonoverlapping_trades.csv:399,,-7.7400015,,,,,,-25.0,reject,non_positive_net,"profit_factor,max_drawdown_dollars,trades,largest_winner_share,net_without_largest",,0
reports/mnq_2025q1_primary_replication/primary_nonoverlapping_trades.csv,36,orb_vwap_prior_day,vwap_delta_rejection,orb_vwap_prior_day:vwap_delta_rejection:reports/mnq_2025q1_primary_replication/primary_nonoverlapping_trades.csv:36,,-8.2399845,,,,,,-25.0,reject,non_positive_net,"profit_factor,max_drawdown_dollars,trades,largest_winner_share,net_without_largest",,0
reports/mnq_2025q1_primary_replication/primary_nonoverlapping_trades.csv,70,orb_vwap_prior_day,vwap_delta_rejection,orb_vwap_prior_day:vwap_delta_rejection:reports/mnq_2025q1_primary_replication/primary_nonoverlapping_trades.csv:70,,-8.239998,,,,,,-25.0,reject,non_positive_net,"profit_factor,max_drawdown_dollars,trades,largest_winner_share,net_without_largest",,0
reports/mnq_2025q1_primary_replication/primary_nonoverlapping_trades.csv,232,orb_vwap_prior_day,vwap_delta_rejection,orb_vwap_prior_day:vwap_delta_rejection:reports/mnq_2025q1_primary_replication/primary_nonoverlapping_trades.csv:232,,-8.239998,,,,,,-25.0,reject,non_positive_net,"profit_factor,max_drawdown_dollars,trades,largest_winner_share,net_without_largest",,0
reports/mnq_2025q1_primary_replication/primary_nonoverlapping_trades.csv,274,orb_vwap_prior_day,vwap_delta_rejection,orb_vwap_prior_day:vwap_delta_rejection:reports/mnq_2025q1_primary_replication/primary_nonoverlapping_trades.csv:274,,-8.239998,,,,,,-25.0,reject,non_positive_net,"profit_factor,max_drawdown_dollars,trades,largest_winner_share,net_without_largest",,0
reports/mnq_2025q1_primary_replication/primary_nonoverlapping_trades.csv,372,orb_vwap_prior_day,vwap_delta_rejection,orb_vwap_prior_day:vwap_delta_rejection:reports/mnq_2025q1_primary_replication/primary_nonoverlapping_trades.csv:372,,-8.239998,,,,,,-25.0,reject,non_positive_net,"profit_factor,max_drawdown_dollars,trades,largest_winner_share,net_without_largest",,0
reports/mnq_2025q1_primary_replication/primary_nonoverlapping_trades.csv,239,orb_vwap_prior_day,vwap_delta_rejection,orb_vwap_prior_day:vwap_delta_rejection:reports/mnq_2025q1_primary_replication/primary_nonoverlapping_trades.csv:239,,-8.7399975,,,,,,-25.0,reject,non_positive_net,"profit_factor,max_drawdown_dollars,trades,largest_winner_share,net_without_largest",,0
reports/mnq_2025q1_primary_replication/primary_nonoverlapping_trades.csv,352,orb_vwap_prior_day,vwap_delta_rejection,orb_vwap_prior_day:vwap_delta_rejection:reports/mnq_2025q1_primary_replication/primary_nonoverlapping_trades.csv:352,,-8.7399975,,,,,,-25.0,reject,non_positive_net,"profit_factor,max_drawdown_dollars,trades,largest_winner_share,net_without_largest",,0
reports/mnq_2025q1_primary_replication/primary_nonoverlapping_trades.csv,415,orb_vwap_prior_day,vwap_delta_rejection,orb_vwap_prior_day:vwap_delta_rejection:reports/mnq_2025q1_primary_replication/primary_nonoverlapping_trades.csv:415,,-8.7399975,,,,,,-25.0,reject,non_positive_net,"profit_factor,max_drawdown_dollars,trades,largest_winner_share,net_without_largest",,0
reports/mnq_2025q1_primary_replication/primary_nonoverlapping_trades.csv,417,orb_vwap_prior_day,vwap_delta_rejection,orb_vwap_prior_day:vwap_delta_rejection:reports/mnq_2025q1_primary_replication/primary_nonoverlapping_trades.csv:417,,-8.7399975,,,,,,-25.0,reject,non_positive_net,"profit_factor,max_drawdown_dollars,trades,largest_winner_share,net_without_largest",,0
reports/mnq_2025q1_primary_replication/primary_nonoverlapping_trades.csv,15,orb_vwap_prior_day,vwap_delta_rejection,orb_vwap_prior_day:vwap_delta_rejection:reports/mnq_2025q1_primary_replication/primary_nonoverlapping_trades.csv:15,,-9.24,,,,,,-25.0,reject,non_positive_net,"profit_factor,max_drawdown_dollars,trades,largest_winner_share,net_without_largest",,0
reports/mnq_2025q1_primary_replication/primary_nonoverlapping_trades.csv,46,orb_vwap_prior_day,vwap_delta_rejection,orb_vwap_prior_day:vwap_delta_rejection:reports/mnq_2025q1_primary_replication/primary_nonoverlapping_trades.csv:46,,-9.24,,,,,,-25.0,reject,non_positive_net,"profit_factor,max_drawdown_dollars,trades,largest_winner_share,net_without_largest",,0
reports/mnq_2025q1_primary_replication/primary_nonoverlapping_trades.csv,56,orb_vwap_prior_day,vwap_delta_rejection,orb_vwap_prior_day:vwap_delta_rejection:reports/mnq_2025q1_primary_replication/primary_nonoverlapping_trades.csv:56,,-9.24,,,,,,-25.0,reject,non_positive_net,"profit_factor,max_drawdown_dollars,trades,largest_winner_share,net_without_largest",,0
reports/mnq_2025q1_primary_replication/primary_nonoverlapping_trades.csv,99,orb_vwap_prior_day,vwap_delta_rejection,orb_vwap_prior_day:vwap_delta_rejection:reports/mnq_2025q1_primary_replication/primary_nonoverlapping_trades.csv:99,,-9.24,,,,,,-25.0,reject,non_positive_net,"profit_factor,max_drawdown_dollars,trades,largest_winner_share,net_without_largest",,0
reports/mnq_2025q1_primary_replication/primary_nonoverlapping_trades.csv,112,orb_vwap_prior_day,vwap_delta_rejection,orb_vwap_prior_day:vwap_delta_rejection:reports/mnq_2025q1_primary_replication/primary_nonoverlapping_trades.csv:112,,-9.24,,,,,,-25.0,reject,non_positive_net,"profit_factor,max_drawdown_dollars,trades,largest_winner_share,net_without_largest",,0
reports/mnq_2025q1_primary_replication/primary_nonoverlapping_trades.csv,179,orb_vwap_prior_day,vwap_delta_rejection,orb_vwap_prior_day:vwap_delta_rejection:reports/mnq_2025q1_primary_replication/primary_nonoverlapping_trades.csv:179,,-9.24,,,,,,-25.0,reject,non_positive_net,"profit_factor,max_drawdown_dollars,trades,largest_winner_share,net_without_largest",,0
reports/mnq_2025q1_primary_replication/primary_nonoverlapping_trades.csv,210,orb_vwap_prior_day,vwap_delta_rejection,orb_vwap_prior_day:vwap_delta_rejection:reports/mnq_2025q1_primary_replication/primary_nonoverlapping_trades.csv:210,,-9.24,,,,,,-25.0,reject,non_positive_net,"profit_factor,max_drawdown_dollars,trades,largest_winner_share,net_without_largest",,0
reports/mnq_2025q1_primary_replication/primary_nonoverlapping_trades.csv,240,orb_vwap_prior_day,vwap_delta_rejection,orb_vwap_prior_day:vwap_delta_rejection:reports/mnq_2025q1_primary_replication/primary_nonoverlapping_trades.csv:240,,-9.24,,,,,,-25.0,reject,non_positive_net,"profit_factor,max_drawdown_dollars,trades,largest_winner_share,net_without_largest",,0
reports/mnq_2025q1_primary_replication/primary_nonoverlapping_trades.csv,246,orb_vwap_prior_day,vwap_delta_rejection,orb_vwap_prior_day:vwap_delta_rejection:reports/mnq_2025q1_primary_replication/primary_nonoverlapping_trades.csv:246,,-9.24,,,,,,-25.0,reject,non_positive_net,"profit_factor,max_drawdown_dollars,trades,largest_winner_share,net_without_largest",,0
reports/mnq_2025q1_primary_replication/primary_nonoverlapping_trades.csv,248,orb_vwap_prior_day,vwap_delta_rejection,orb_vwap_prior_day:vwap_delta_rejection:reports/mnq_2025q1_primary_replication/primary_nonoverlapping_trades.csv:248,,-9.24,,,,,,-25.0,reject,non_positive_net,"profit_factor,max_drawdown_dollars,trades,largest_winner_share,net_without_largest",,0
reports/mnq_2025q1_primary_replication/primary_nonoverlapping_trades.csv,255,orb_vwap_prior_day,vwap_delta_rejection,orb_vwap_prior_day:vwap_delta_rejection:reports/mnq_2025q1_primary_replication/primary_nonoverlapping_trades.csv:255,,-9.24,,,,,,-25.0,reject,non_positive_net,"profit_factor,max_drawdown_dollars,trades,largest_winner_share,net_without_largest",,0
reports/mnq_2025q1_primary_replication/primary_nonoverlapping_trades.csv,281,orb_vwap_prior_day,vwap_delta_rejection,orb_vwap_prior_day:vwap_delta_rejection:reports/mnq_2025q1_primary_replication/primary_nonoverlapping_trades.csv:281,,-9.24,,,,,,-25.0,reject,non_positive_net,"profit_factor,max_drawdown_dollars,trades,largest_winner_share,net_without_largest",,0
reports/mnq_2025q1_primary_replication/primary_nonoverlapping_trades.csv,315,orb_vwap_prior_day,vwap_delta_rejection,orb_vwap_prior_day:vwap_delta_rejection:reports/mnq_2025q1_primary_replication/primary_nonoverlapping_trades.csv:315,,-9.24,,,,,,-25.0,reject,non_positive_net,"profit_factor,max_drawdown_dollars,trades,largest_winner_share,net_without_largest",,0
reports/mnq_2025q1_primary_replication/primary_nonoverlapping_trades.csv,447,orb_vwap_prior_day,vwap_delta_rejection,orb_vwap_prior_day:vwap_delta_rejection:reports/mnq_2025q1_primary_replication/primary_nonoverlapping_trades.csv:447,,-9.24,,,,,,-25.0,reject,non_positive_net,"profit_factor,max_drawdown_dollars,trades,largest_winner_share,net_without_largest",,0
reports/mnq_2025q1_primary_replication/primary_nonoverlapping_trades.csv,132,orb_vwap_prior_day,vwap_delta_rejection,orb_vwap_prior_day:vwap_delta_rejection:reports/mnq_2025q1_primary_replication/primary_nonoverlapping_trades.csv:132,,-9.7400025,,,,,,-25.0,reject,non_positive_net,"profit_factor,max_drawdown_dollars,trades,largest_winner_share,net_without_largest",,0
reports/mnq_2025q1_primary_replication/primary_nonoverlapping_trades.csv,188,orb_vwap_prior_day,vwap_delta_rejection,orb_vwap_prior_day:vwap_delta_rejection:reports/mnq_2025q1_primary_replication/primary_nonoverlapping_trades.csv:188,,-9.7400025,,,,,,-25.0,reject,non_positive_net,"profit_factor,max_drawdown_dollars,trades,largest_winner_share,net_without_largest",,0
reports/mnq_2025q1_primary_replication/primary_nonoverlapping_trades.csv,221,orb_vwap_prior_day,vwap_delta_rejection,orb_vwap_prior_day:vwap_delta_rejection:reports/mnq_2025q1_primary_replication/primary_nonoverlapping_trades.csv:221,,-9.7400025,,,,,,-25.0,reject,non_positive_net,"profit_factor,max_drawdown_dollars,trades,largest_winner_share,net_without_largest",,0
reports/mnq_2025q1_primary_replication/primary_nonoverlapping_trades.csv,316,orb_vwap_prior_day,vwap_delta_rejection,orb_vwap_prior_day:vwap_delta_rejection:reports/mnq_2025q1_primary_replication/primary_nonoverlapping_trades.csv:316,,-9.7400025,,,,,,-25.0,reject,non_positive_net,"profit_factor,max_drawdown_dollars,trades,largest_winner_share,net_without_largest",,0
reports/mnq_2025q1_primary_replication/primary_nonoverlapping_trades.csv,106,orb_vwap_prior_day,vwap_delta_rejection,orb_vwap_prior_day:vwap_delta_rejection:reports/mnq_2025q1_primary_replication/primary_nonoverlapping_trades.csv:106,,-10.24,,,,,,-25.0,reject,non_positive_net,"profit_factor,max_drawdown_dollars,trades,largest_winner_share,net_without_largest",,0
reports/mnq_2025q1_primary_replication/primary_nonoverlapping_trades.csv,109,orb_vwap_prior_day,vwap_delta_rejection,orb_vwap_prior_day:vwap_delta_rejection:reports/mnq_2025q1_primary_replication/primary_nonoverlapping_trades.csv:109,,-10.24,,,,,,-25.0,reject,non_positive_net,"profit_factor,max_drawdown_dollars,trades,largest_winner_share,net_without_largest",,0
reports/mnq_2025q1_primary_replication/primary_nonoverlapping_trades.csv,186,orb_vwap_prior_day,vwap_delta_rejection,orb_vwap_prior_day:vwap_delta_rejection:reports/mnq_2025q1_primary_replication/primary_nonoverlapping_trades.csv:186,,-10.24,,,,,,-25.0,reject,non_positive_net,"profit_factor,max_drawdown_dollars,trades,largest_winner_share,net_without_largest",,0
reports/mnq_2025q1_primary_replication/primary_nonoverlapping_trades.csv,196,orb_vwap_prior_day,vwap_delta_rejection,orb_vwap_prior_day:vwap_delta_rejection:reports/mnq_2025q1_primary_replication/primary_nonoverlapping_trades.csv:196,,-10.24,,,,,,-25.0,reject,non_positive_net,"profit_factor,max_drawdown_dollars,trades,largest_winner_share,net_without_largest",,0
reports/mnq_2025q1_primary_replication/primary_nonoverlapping_trades.csv,212,orb_vwap_prior_day,vwap_delta_rejection,orb_vwap_prior_day:vwap_delta_rejection:reports/mnq_2025q1_primary_replication/primary_nonoverlapping_trades.csv:212,,-10.24,,,,,,-25.0,reject,non_positive_net,"profit_factor,max_drawdown_dollars,trades,largest_winner_share,net_without_largest",,0
reports/mnq_2025q1_primary_replication/primary_nonoverlapping_trades.csv,247,orb_vwap_prior_day,vwap_delta_rejection,orb_vwap_prior_day:vwap_delta_rejection:reports/mnq_2025q1_primary_replication/primary_nonoverlapping_trades.csv:247,,-10.24,,,,,,-25.0,reject,non_positive_net,"profit_factor,max_drawdown_dollars,trades,largest_winner_share,net_without_largest",,0
reports/mnq_2025q1_primary_replication/primary_nonoverlapping_trades.csv,249,orb_vwap_prior_day,vwap_delta_rejection,orb_vwap_prior_day:vwap_delta_rejection:reports/mnq_2025q1_primary_replication/primary_nonoverlapping_trades.csv:249,,-10.24,,,,,,-25.0,reject,non_positive_net,"profit_factor,max_drawdown_dollars,trades,largest_winner_share,net_without_largest",,0
reports/mnq_2025q1_primary_replication/primary_nonoverlapping_trades.csv,293,orb_vwap_prior_day,vwap_delta_rejection,orb_vwap_prior_day:vwap_delta_rejection:reports/mnq_2025q1_primary_replication/primary_nonoverlapping_trades.csv:293,,-10.24,,,,,,-25.0,reject,non_positive_net,"profit_factor,max_drawdown_dollars,trades,largest_winner_share,net_without_largest",,0
reports/mnq_2025q1_primary_replication/primary_nonoverlapping_trades.csv,351,orb_vwap_prior_day,vwap_delta_rejection,orb_vwap_prior_day:vwap_delta_rejection:reports/mnq_2025q1_primary_replication/primary_nonoverlapping_trades.csv:351,,-10.24,,,,,,-25.0,reject,non_positive_net,"profit_factor,max_drawdown_dollars,trades,largest_winner_share,net_without_largest",,0
reports/mnq_2025q1_primary_replication/primary_nonoverlapping_trades.csv,6,orb_vwap_prior_day,vwap_delta_rejection,orb_vwap_prior_day:vwap_delta_rejection:reports/mnq_2025q1_primary_replication/primary_nonoverlapping_trades.csv:6,,-10.7399965,,,,,,-25.0,reject,non_positive_net,"profit_factor,max_drawdown_dollars,trades,largest_winner_share,net_without_largest",,0
reports/mnq_2025q1_primary_replication/primary_nonoverlapping_trades.csv,20,orb_vwap_prior_day,vwap_delta_rejection,orb_vwap_prior_day:vwap_delta_rejection:reports/mnq_2025q1_primary_replication/primary_nonoverlapping_trades.csv:20,,-10.7399965,,,,,,-25.0,reject,non_positive_net,"profit_factor,max_drawdown_dollars,trades,largest_winner_share,net_without_largest",,0
reports/mnq_2025q1_primary_replication/primary_nonoverlapping_trades.csv,64,orb_vwap_prior_day,vwap_delta_rejection,orb_vwap_prior_day:vwap_delta_rejection:reports/mnq_2025q1_primary_replication/primary_nonoverlapping_trades.csv:64,,-10.7399965,,,,,,-25.0,reject,non_positive_net,"profit_factor,max_drawdown_dollars,trades,largest_winner_share,net_without_largest",,0
reports/mnq_2025q1_primary_replication/primary_nonoverlapping_trades.csv,110,orb_vwap_prior_day,vwap_delta_rejection,orb_vwap_prior_day:vwap_delta_rejection:reports/mnq_2025q1_primary_replication/primary_nonoverlapping_trades.csv:110,,-10.7399965,,,,,,-25.0,reject,non_positive_net,"profit_factor,max_drawdown_dollars,trades,largest_winner_share,net_without_largest",,0
reports/mnq_2025q1_primary_replication/primary_nonoverlapping_trades.csv,149,orb_vwap_prior_day,vwap_delta_rejection,orb_vwap_prior_day:vwap_delta_rejection:reports/mnq_2025q1_primary_replication/primary_nonoverlapping_trades.csv:149,,-10.7399965,,,,,,-25.0,reject,non_positive_net,"profit_factor,max_drawdown_dollars,trades,largest_winner_share,net_without_largest",,0
reports/mnq_2025q1_primary_replication/primary_nonoverlapping_trades.csv,67,orb_vwap_prior_day,vwap_delta_rejection,orb_vwap_prior_day:vwap_delta_rejection:reports/mnq_2025q1_primary_replication/primary_nonoverlapping_trades.csv:67,,-10.74,,,,,,-25.0,reject,non_positive_net,"profit_factor,max_drawdown_dollars,trades,largest_winner_share,net_without_largest",,0
reports/mnq_2025q1_primary_replication/primary_nonoverlapping_trades.csv,10,orb_vwap_prior_day,vwap_delta_rejection,orb_vwap_prior_day:vwap_delta_rejection:reports/mnq_2025q1_primary_replication/primary_nonoverlapping_trades.csv:10,,-11.240001,,,,,,-25.0,reject,non_positive_net,"profit_factor,max_drawdown_dollars,trades,largest_winner_share,net_without_largest",,0
reports/mnq_2025q1_primary_replication/primary_nonoverlapping_trades.csv,37,orb_vwap_prior_day,vwap_delta_rejection,orb_vwap_prior_day:vwap_delta_rejection:reports/mnq_2025q1_primary_replication/primary_nonoverlapping_trades.csv:37,,-11.240001,,,,,,-25.0,reject,non_positive_net,"profit_factor,max_drawdown_dollars,trades,largest_winner_share,net_without_largest",,0
reports/mnq_2025q1_primary_replication/primary_nonoverlapping_trades.csv,214,orb_vwap_prior_day,vwap_delta_rejection,orb_vwap_prior_day:vwap_delta_rejection:reports/mnq_2025q1_primary_replication/primary_nonoverlapping_trades.csv:214,,-11.240001,,,,,,-25.0,reject,non_positive_net,"profit_factor,max_drawdown_dollars,trades,largest_winner_share,net_without_largest",,0
reports/mnq_2025q1_primary_replication/primary_nonoverlapping_trades.csv,252,orb_vwap_prior_day,vwap_delta_rejection,orb_vwap_prior_day:vwap_delta_rejection:reports/mnq_2025q1_primary_replication/primary_nonoverlapping_trades.csv:252,,-11.240001,,,,,,-25.0,reject,non_positive_net,"profit_factor,max_drawdown_dollars,trades,largest_winner_share,net_without_largest",,0
reports/mnq_2025q1_primary_replication/primary_nonoverlapping_trades.csv,325,orb_vwap_prior_day,vwap_delta_rejection,orb_vwap_prior_day:vwap_delta_rejection:reports/mnq_2025q1_primary_replication/primary_nonoverlapping_trades.csv:325,,-11.240001,,,,,,-25.0,reject,non_positive_net,"profit_factor,max_drawdown_dollars,trades,largest_winner_share,net_without_largest",,0
reports/mnq_2025q1_primary_replication/primary_nonoverlapping_trades.csv,371,orb_vwap_prior_day,vwap_delta_rejection,orb_vwap_prior_day:vwap_delta_rejection:reports/mnq_2025q1_primary_replication/primary_nonoverlapping_trades.csv:371,,-11.240001,,,,,,-25.0,reject,non_positive_net,"profit_factor,max_drawdown_dollars,trades,largest_winner_share,net_without_largest",,0
reports/mnq_2025q1_primary_replication/primary_nonoverlapping_trades.csv,407,orb_vwap_prior_day,vwap_delta_rejection,orb_vwap_prior_day:vwap_delta_rejection:reports/mnq_2025q1_primary_replication/primary_nonoverlapping_trades.csv:407,,-11.240001,,,,,,-25.0,reject,non_positive_net,"profit_factor,max_drawdown_dollars,trades,largest_winner_share,net_without_largest",,0
reports/mnq_2025q1_primary_replication/primary_nonoverlapping_trades.csv,137,orb_vwap_prior_day,vwap_delta_rejection,orb_vwap_prior_day:vwap_delta_rejection:reports/mnq_2025q1_primary_replication/primary_nonoverlapping_trades.csv:137,,-11.7399955,,,,,,-25.0,reject,non_positive_net,"profit_factor,max_drawdown_dollars,trades,largest_winner_share,net_without_largest",,0
reports/mnq_2025q1_primary_replication/primary_nonoverlapping_trades.csv,146,orb_vwap_prior_day,vwap_delta_rejection,orb_vwap_prior_day:vwap_delta_rejection:reports/mnq_2025q1_primary_replication/primary_nonoverlapping_trades.csv:146,,-11.7399955,,,,,,-25.0,reject,non_positive_net,"profit_factor,max_drawdown_dollars,trades,largest_winner_share,net_without_largest",,0
reports/mnq_2025q1_primary_replication/primary_nonoverlapping_trades.csv,155,orb_vwap_prior_day,vwap_delta_rejection,orb_vwap_prior_day:vwap_delta_rejection:reports/mnq_2025q1_primary_replication/primary_nonoverlapping_trades.csv:155,,-11.7399955,,,,,,-25.0,reject,non_positive_net,"profit_factor,max_drawdown_dollars,trades,largest_winner_share,net_without_largest",,0
reports/mnq_2025q1_primary_replication/primary_nonoverlapping_trades.csv,205,orb_vwap_prior_day,vwap_delta_rejection,orb_vwap_prior_day:vwap_delta_rejection:reports/mnq_2025q1_primary_replication/primary_nonoverlapping_trades.csv:205,,-11.7399955,,,,,,-25.0,reject,non_positive_net,"profit_factor,max_drawdown_dollars,trades,largest_winner_share,net_without_largest",,0
reports/mnq_2025q1_primary_replication/primary_nonoverlapping_trades.csv,230,orb_vwap_prior_day,vwap_delta_rejection,orb_vwap_prior_day:vwap_delta_rejection:reports/mnq_2025q1_primary_replication/primary_nonoverlapping_trades.csv:230,,-11.7399955,,,,,,-25.0,reject,non_positive_net,"profit_factor,max_drawdown_dollars,trades,largest_winner_share,net_without_largest",,0
reports/mnq_2025q1_primary_replication/primary_nonoverlapping_trades.csv,233,orb_vwap_prior_day,vwap_delta_rejection,orb_vwap_prior_day:vwap_delta_rejection:reports/mnq_2025q1_primary_replication/primary_nonoverlapping_trades.csv:233,,-11.7399955,,,,,,-25.0,reject,non_positive_net,"profit_factor,max_drawdown_dollars,trades,largest_winner_share,net_without_largest",,0
reports/mnq_2025q1_primary_replication/primary_nonoverlapping_trades.csv,237,orb_vwap_prior_day,vwap_delta_rejection,orb_vwap_prior_day:vwap_delta_rejection:reports/mnq_2025q1_primary_replication/primary_nonoverlapping_trades.csv:237,,-11.7399955,,,,,,-25.0,reject,non_positive_net,"profit_factor,max_drawdown_dollars,trades,largest_winner_share,net_without_largest",,0
reports/mnq_2025q1_primary_replication/primary_nonoverlapping_trades.csv,115,orb_vwap_prior_day,vwap_delta_rejection,orb_vwap_prior_day:vwap_delta_rejection:reports/mnq_2025q1_primary_replication/primary_nonoverlapping_trades.csv:115,,-11.74,,,,,,-25.0,reject,non_positive_net,"profit_factor,max_drawdown_dollars,trades,largest_winner_share,net_without_largest",,0
reports/mnq_2025q1_primary_replication/primary_nonoverlapping_trades.csv,4,orb_vwap_prior_day,vwap_delta_rejection,orb_vwap_prior_day:vwap_delta_rejection:reports/mnq_2025q1_primary_replication/primary_nonoverlapping_trades.csv:4,,-12.24,,,,,,-25.0,reject,non_positive_net,"profit_factor,max_drawdown_dollars,trades,largest_winner_share,net_without_largest",,0
reports/mnq_2025q1_primary_replication/primary_nonoverlapping_trades.csv,94,orb_vwap_prior_day,vwap_delta_rejection,orb_vwap_prior_day:vwap_delta_rejection:reports/mnq_2025q1_primary_replication/primary_nonoverlapping_trades.csv:94,,-12.24,,,,,,-25.0,reject,non_positive_net,"profit_factor,max_drawdown_dollars,trades,largest_winner_share,net_without_largest",,0
reports/mnq_2025q1_primary_replication/primary_nonoverlapping_trades.csv,134,orb_vwap_prior_day,vwap_delta_rejection,orb_vwap_prior_day:vwap_delta_rejection:reports/mnq_2025q1_primary_replication/primary_nonoverlapping_trades.csv:134,,-12.24,,,,,,-25.0,reject,non_positive_net,"profit_factor,max_drawdown_dollars,trades,largest_winner_share,net_without_largest",,0
reports/mnq_2025q1_primary_replication/primary_nonoverlapping_trades.csv,190,orb_vwap_prior_day,vwap_delta_rejection,orb_vwap_prior_day:vwap_delta_rejection:reports/mnq_2025q1_primary_replication/primary_nonoverlapping_trades.csv:190,,-12.24,,,,,,-25.0,reject,non_positive_net,"profit_factor,max_drawdown_dollars,trades,largest_winner_share,net_without_largest",,0
reports/mnq_2025q1_primary_replication/primary_nonoverlapping_trades.csv,256,orb_vwap_prior_day,vwap_delta_rejection,orb_vwap_prior_day:vwap_delta_rejection:reports/mnq_2025q1_primary_replication/primary_nonoverlapping_trades.csv:256,,-12.24,,,,,,-25.0,reject,non_positive_net,"profit_factor,max_drawdown_dollars,trades,largest_winner_share,net_without_largest",,0
reports/mnq_2025q1_primary_replication/primary_nonoverlapping_trades.csv,259,orb_vwap_prior_day,vwap_delta_rejection,orb_vwap_prior_day:vwap_delta_rejection:reports/mnq_2025q1_primary_replication/primary_nonoverlapping_trades.csv:259,,-12.24,,,,,,-25.0,reject,non_positive_net,"profit_factor,max_drawdown_dollars,trades,largest_winner_share,net_without_largest",,0
reports/mnq_2025q1_primary_replication/primary_nonoverlapping_trades.csv,330,orb_vwap_prior_day,vwap_delta_rejection,orb_vwap_prior_day:vwap_delta_rejection:reports/mnq_2025q1_primary_replication/primary_nonoverlapping_trades.csv:330,,-12.24,,,,,,-25.0,reject,non_positive_net,"profit_factor,max_drawdown_dollars,trades,largest_winner_share,net_without_largest",,0
reports/mnq_2025q1_primary_replication/primary_nonoverlapping_trades.csv,393,orb_vwap_prior_day,vwap_delta_rejection,orb_vwap_prior_day:vwap_delta_rejection:reports/mnq_2025q1_primary_replication/primary_nonoverlapping_trades.csv:393,,-12.24,,,,,,-25.0,reject,non_positive_net,"profit_factor,max_drawdown_dollars,trades,largest_winner_share,net_without_largest",,0
reports/mnq_2025q1_primary_replication/primary_nonoverlapping_trades.csv,86,orb_vwap_prior_day,vwap_delta_rejection,orb_vwap_prior_day:vwap_delta_rejection:reports/mnq_2025q1_primary_replication/primary_nonoverlapping_trades.csv:86,,-12.739986,,,,,,-25.0,reject,non_positive_net,"profit_factor,max_drawdown_dollars,trades,largest_winner_share,net_without_largest",,0
reports/mnq_2025q1_primary_replication/primary_nonoverlapping_trades.csv,254,orb_vwap_prior_day,vwap_delta_rejection,orb_vwap_prior_day:vwap_delta_rejection:reports/mnq_2025q1_primary_replication/primary_nonoverlapping_trades.csv:254,,-12.7399965,,,,,,-25.0,reject,non_positive_net,"profit_factor,max_drawdown_dollars,trades,largest_winner_share,net_without_largest",,0
reports/mnq_2025q1_primary_replication/primary_nonoverlapping_trades.csv,412,orb_vwap_prior_day,vwap_delta_rejection,orb_vwap_prior_day:vwap_delta_rejection:reports/mnq_2025q1_primary_replication/primary_nonoverlapping_trades.csv:412,,-12.7399965,,,,,,-25.0,reject,non_positive_net,"profit_factor,max_drawdown_dollars,trades,largest_winner_share,net_without_largest",,0
reports/mnq_2025q1_primary_replication/primary_nonoverlapping_trades.csv,445,orb_vwap_prior_day,vwap_delta_rejection,orb_vwap_prior_day:vwap_delta_rejection:reports/mnq_2025q1_primary_replication/primary_nonoverlapping_trades.csv:445,,-12.7399965,,,,,,-25.0,reject,non_positive_net,"profit_factor,max_drawdown_dollars,trades,largest_winner_share,net_without_largest",,0
reports/mnq_2025q1_primary_replication/primary_nonoverlapping_trades.csv,25,orb_vwap_prior_day,vwap_delta_rejection,orb_vwap_prior_day:vwap_delta_rejection:reports/mnq_2025q1_primary_replication/primary_nonoverlapping_trades.csv:25,,-13.239996,,,,,,-25.0,reject,non_positive_net,"profit_factor,max_drawdown_dollars,trades,largest_winner_share,net_without_largest",,0
reports/mnq_2025q1_primary_replication/primary_nonoverlapping_trades.csv,175,orb_vwap_prior_day,vwap_delta_rejection,orb_vwap_prior_day:vwap_delta_rejection:reports/mnq_2025q1_primary_replication/primary_nonoverlapping_trades.csv:175,,-13.239996,,,,,,-25.0,reject,non_positive_net,"profit_factor,max_drawdown_dollars,trades,largest_winner_share,net_without_largest",,0
reports/mnq_2025q1_primary_replication/primary_nonoverlapping_trades.csv,198,orb_vwap_prior_day,vwap_delta_rejection,orb_vwap_prior_day:vwap_delta_rejection:reports/mnq_2025q1_primary_replication/primary_nonoverlapping_trades.csv:198,,-13.239996,,,,,,-25.0,reject,non_positive_net,"profit_factor,max_drawdown_dollars,trades,largest_winner_share,net_without_largest",,0
reports/mnq_2025q1_primary_replication/primary_nonoverlapping_trades.csv,320,orb_vwap_prior_day,vwap_delta_rejection,orb_vwap_prior_day:vwap_delta_rejection:reports/mnq_2025q1_primary_replication/primary_nonoverlapping_trades.csv:320,,-13.239996,,,,,,-25.0,reject,non_positive_net,"profit_factor,max_drawdown_dollars,trades,largest_winner_share,net_without_largest",,0
reports/mnq_2025q1_primary_replication/primary_nonoverlapping_trades.csv,223,orb_vwap_prior_day,vwap_delta_rejection,orb_vwap_prior_day:vwap_delta_rejection:reports/mnq_2025q1_primary_replication/primary_nonoverlapping_trades.csv:223,,-13.240001,,,,,,-25.0,reject,non_positive_net,"profit_factor,max_drawdown_dollars,trades,largest_winner_share,net_without_largest",,0
reports/mnq_2025q1_primary_replication/primary_nonoverlapping_trades.csv,138,orb_vwap_prior_day,vwap_delta_rejection,orb_vwap_prior_day:vwap_delta_rejection:reports/mnq_2025q1_primary_replication/primary_nonoverlapping_trades.csv:138,,-13.7400045,,,,,,-25.0,reject,non_positive_net,"profit_factor,max_drawdown_dollars,trades,largest_winner_share,net_without_largest",,0
reports/mnq_2025q1_primary_replication/primary_nonoverlapping_trades.csv,209,orb_vwap_prior_day,vwap_delta_rejection,orb_vwap_prior_day:vwap_delta_rejection:reports/mnq_2025q1_primary_replication/primary_nonoverlapping_trades.csv:209,,-13.7400045,,,,,,-25.0,reject,non_positive_net,"profit_factor,max_drawdown_dollars,trades,largest_winner_share,net_without_largest",,0
reports/mnq_2025q1_primary_replication/primary_nonoverlapping_trades.csv,353,orb_vwap_prior_day,vwap_delta_rejection,orb_vwap_prior_day:vwap_delta_rejection:reports/mnq_2025q1_primary_replication/primary_nonoverlapping_trades.csv:353,,-13.7400045,,,,,,-25.0,reject,non_positive_net,"profit_factor,max_drawdown_dollars,trades,largest_winner_share,net_without_largest",,0
reports/mnq_2025q1_primary_replication/primary_nonoverlapping_trades.csv,11,orb_vwap_prior_day,vwap_delta_rejection,orb_vwap_prior_day:vwap_delta_rejection:reports/mnq_2025q1_primary_replication/primary_nonoverlapping_trades.csv:11,,-14.240004,,,,,,-25.0,reject,non_positive_net,"profit_factor,max_drawdown_dollars,trades,largest_winner_share,net_without_largest",,0
reports/mnq_2025q1_primary_replication/primary_nonoverlapping_trades.csv,63,orb_vwap_prior_day,vwap_delta_rejection,orb_vwap_prior_day:vwap_delta_rejection:reports/mnq_2025q1_primary_replication/primary_nonoverlapping_trades.csv:63,,-14.240004,,,,,,-25.0,reject,non_positive_net,"profit_factor,max_drawdown_dollars,trades,largest_winner_share,net_without_largest",,0
reports/mnq_2025q1_primary_replication/primary_nonoverlapping_trades.csv,77,orb_vwap_prior_day,vwap_delta_rejection,orb_vwap_prior_day:vwap_delta_rejection:reports/mnq_2025q1_primary_replication/primary_nonoverlapping_trades.csv:77,,-14.240004,,,,,,-25.0,reject,non_positive_net,"profit_factor,max_drawdown_dollars,trades,largest_winner_share,net_without_largest",,0
reports/mnq_2025q1_primary_replication/primary_nonoverlapping_trades.csv,333,orb_vwap_prior_day,vwap_delta_rejection,orb_vwap_prior_day:vwap_delta_rejection:reports/mnq_2025q1_primary_replication/primary_nonoverlapping_trades.csv:333,,-14.240004,,,,,,-25.0,reject,non_positive_net,"profit_factor,max_drawdown_dollars,trades,largest_winner_share,net_without_largest",,0
reports/mnq_2025q1_primary_replication/primary_nonoverlapping_trades.csv,384,orb_vwap_prior_day,vwap_delta_rejection,orb_vwap_prior_day:vwap_delta_rejection:reports/mnq_2025q1_primary_replication/primary_nonoverlapping_trades.csv:384,,-14.240004,,,,,,-25.0,reject,non_positive_net,"profit_factor,max_drawdown_dollars,trades,largest_winner_share,net_without_largest",,0
reports/mnq_2025q1_primary_replication/primary_nonoverlapping_trades.csv,310,orb_vwap_prior_day,vwap_delta_rejection,orb_vwap_prior_day:vwap_delta_rejection:reports/mnq_2025q1_primary_replication/primary_nonoverlapping_trades.csv:310,,-14.7399995,,,,,,-25.0,reject,non_positive_net,"profit_factor,max_drawdown_dollars,trades,largest_winner_share,net_without_largest",,0
reports/mnq_2025q1_primary_replication/primary_nonoverlapping_trades.csv,1,orb_vwap_prior_day,vwap_delta_rejection,orb_vwap_prior_day:vwap_delta_rejection:reports/mnq_2025q1_primary_replication/primary_nonoverlapping_trades.csv:1,,-14.74,,,,,,-25.0,reject,non_positive_net,"profit_factor,max_drawdown_dollars,trades,largest_winner_share,net_without_largest",,0
reports/mnq_2025q1_primary_replication/primary_nonoverlapping_trades.csv,13,orb_vwap_prior_day,vwap_delta_rejection,orb_vwap_prior_day:vwap_delta_rejection:reports/mnq_2025q1_primary_replication/primary_nonoverlapping_trades.csv:13,,-14.74,,,,,,-25.0,reject,non_positive_net,"profit_factor,max_drawdown_dollars,trades,largest_winner_share,net_without_largest",,0
reports/mnq_2025q1_primary_replication/primary_nonoverlapping_trades.csv,93,orb_vwap_prior_day,vwap_delta_rejection,orb_vwap_prior_day:vwap_delta_rejection:reports/mnq_2025q1_primary_replication/primary_nonoverlapping_trades.csv:93,,-14.74,,,,,,-25.0,reject,non_positive_net,"profit_factor,max_drawdown_dollars,trades,largest_winner_share,net_without_largest",,0
reports/mnq_2025q1_primary_replication/primary_nonoverlapping_trades.csv,194,orb_vwap_prior_day,vwap_delta_rejection,orb_vwap_prior_day:vwap_delta_rejection:reports/mnq_2025q1_primary_replication/primary_nonoverlapping_trades.csv:194,,-14.74,,,,,,-25.0,reject,non_positive_net,"profit_factor,max_drawdown_dollars,trades,largest_winner_share,net_without_largest",,0
reports/mnq_2025q1_primary_replication/primary_nonoverlapping_trades.csv,263,orb_vwap_prior_day,vwap_delta_rejection,orb_vwap_prior_day:vwap_delta_rejection:reports/mnq_2025q1_primary_replication/primary_nonoverlapping_trades.csv:263,,-14.74,,,,,,-25.0,reject,non_positive_net,"profit_factor,max_drawdown_dollars,trades,largest_winner_share,net_without_largest",,0
reports/mnq_2025q1_primary_replication/primary_nonoverlapping_trades.csv,373,orb_vwap_prior_day,vwap_delta_rejection,orb_vwap_prior_day:vwap_delta_rejection:reports/mnq_2025q1_primary_replication/primary_nonoverlapping_trades.csv:373,,-14.74,,,,,,-25.0,reject,non_positive_net,"profit_factor,max_drawdown_dollars,trades,largest_winner_share,net_without_largest",,0
reports/mnq_2025q1_primary_replication/primary_nonoverlapping_trades.csv,434,orb_vwap_prior_day,vwap_delta_rejection,orb_vwap_prior_day:vwap_delta_rejection:reports/mnq_2025q1_primary_replication/primary_nonoverlapping_trades.csv:434,,-14.74,,,,,,-25.0,reject,non_positive_net,"profit_factor,max_drawdown_dollars,trades,largest_winner_share,net_without_largest",,0
reports/mnq_2025q1_primary_replication/primary_nonoverlapping_trades.csv,12,orb_vwap_prior_day,vwap_delta_rejection,orb_vwap_prior_day:vwap_delta_rejection:reports/mnq_2025q1_primary_replication/primary_nonoverlapping_trades.csv:12,,-15.240004,,,,,,-25.0,reject,non_positive_net,"profit_factor,max_drawdown_dollars,trades,largest_winner_share,net_without_largest",,0
reports/mnq_2025q1_primary_replication/primary_nonoverlapping_trades.csv,22,orb_vwap_prior_day,vwap_delta_rejection,orb_vwap_prior_day:vwap_delta_rejection:reports/mnq_2025q1_primary_replication/primary_nonoverlapping_trades.csv:22,,-15.240004,,,,,,-25.0,reject,non_positive_net,"profit_factor,max_drawdown_dollars,trades,largest_winner_share,net_without_largest",,0
reports/mnq_2025q1_primary_replication/primary_nonoverlapping_trades.csv,71,orb_vwap_prior_day,vwap_delta_rejection,orb_vwap_prior_day:vwap_delta_rejection:reports/mnq_2025q1_primary_replication/primary_nonoverlapping_trades.csv:71,,-15.240004,,,,,,-25.0,reject,non_positive_net,"profit_factor,max_drawdown_dollars,trades,largest_winner_share,net_without_largest",,0
reports/mnq_2025q1_primary_replication/primary_nonoverlapping_trades.csv,88,orb_vwap_prior_day,vwap_delta_rejection,orb_vwap_prior_day:vwap_delta_rejection:reports/mnq_2025q1_primary_replication/primary_nonoverlapping_trades.csv:88,,-15.240004,,,,,,-25.0,reject,non_positive_net,"profit_factor,max_drawdown_dollars,trades,largest_winner_share,net_without_largest",,0
reports/mnq_2025q1_primary_replication/primary_nonoverlapping_trades.csv,172,orb_vwap_prior_day,vwap_delta_rejection,orb_vwap_prior_day:vwap_delta_rejection:reports/mnq_2025q1_primary_replication/primary_nonoverlapping_trades.csv:172,,-15.240004,,,,,,-25.0,reject,non_positive_net,"profit_factor,max_drawdown_dollars,trades,largest_winner_share,net_without_largest",,0
reports/mnq_2025q1_primary_replication/primary_nonoverlapping_trades.csv,241,orb_vwap_prior_day,vwap_delta_rejection,orb_vwap_prior_day:vwap_delta_rejection:reports/mnq_2025q1_primary_replication/primary_nonoverlapping_trades.csv:241,,-15.240004,,,,,,-25.0,reject,non_positive_net,"profit_factor,max_drawdown_dollars,trades,largest_winner_share,net_without_largest",,0
reports/mnq_2025q1_primary_replication/primary_nonoverlapping_trades.csv,260,orb_vwap_prior_day,vwap_delta_rejection,orb_vwap_prior_day:vwap_delta_rejection:reports/mnq_2025q1_primary_replication/primary_nonoverlapping_trades.csv:260,,-15.240004,,,,,,-25.0,reject,non_positive_net,"profit_factor,max_drawdown_dollars,trades,largest_winner_share,net_without_largest",,0
reports/mnq_2025q1_primary_replication/primary_nonoverlapping_trades.csv,0,orb_vwap_prior_day,vwap_delta_rejection,orb_vwap_prior_day:vwap_delta_rejection:reports/mnq_2025q1_primary_replication/primary_nonoverlapping_trades.csv:0,,-15.740001,,,,,,-25.0,reject,non_positive_net,"profit_factor,max_drawdown_dollars,trades,largest_winner_share,net_without_largest",,0
reports/mnq_2025q1_primary_replication/primary_nonoverlapping_trades.csv,45,orb_vwap_prior_day,vwap_delta_rejection,orb_vwap_prior_day:vwap_delta_rejection:reports/mnq_2025q1_primary_replication/primary_nonoverlapping_trades.csv:45,,-15.740001,,,,,,-25.0,reject,non_positive_net,"profit_factor,max_drawdown_dollars,trades,largest_winner_share,net_without_largest",,0
reports/mnq_2025q1_primary_replication/primary_nonoverlapping_trades.csv,116,orb_vwap_prior_day,vwap_delta_rejection,orb_vwap_prior_day:vwap_delta_rejection:reports/mnq_2025q1_primary_replication/primary_nonoverlapping_trades.csv:116,,-15.740001,,,,,,-25.0,reject,non_positive_net,"profit_factor,max_drawdown_dollars,trades,largest_winner_share,net_without_largest",,0
reports/mnq_2025q1_primary_replication/primary_nonoverlapping_trades.csv,127,orb_vwap_prior_day,vwap_delta_rejection,orb_vwap_prior_day:vwap_delta_rejection:reports/mnq_2025q1_primary_replication/primary_nonoverlapping_trades.csv:127,,-15.740001,,,,,,-25.0,reject,non_positive_net,"profit_factor,max_drawdown_dollars,trades,largest_winner_share,net_without_largest",,0
reports/mnq_2025q1_primary_replication/primary_nonoverlapping_trades.csv,273,orb_vwap_prior_day,vwap_delta_rejection,orb_vwap_prior_day:vwap_delta_rejection:reports/mnq_2025q1_primary_replication/primary_nonoverlapping_trades.csv:273,,-15.740001,,,,,,-25.0,reject,non_positive_net,"profit_factor,max_drawdown_dollars,trades,largest_winner_share,net_without_largest",,0
reports/mnq_2025q1_primary_replication/primary_nonoverlapping_trades.csv,311,orb_vwap_prior_day,vwap_delta_rejection,orb_vwap_prior_day:vwap_delta_rejection:reports/mnq_2025q1_primary_replication/primary_nonoverlapping_trades.csv:311,,-15.740001,,,,,,-25.0,reject,non_positive_net,"profit_factor,max_drawdown_dollars,trades,largest_winner_share,net_without_largest",,0
reports/mnq_2025q1_primary_replication/primary_nonoverlapping_trades.csv,347,orb_vwap_prior_day,vwap_delta_rejection,orb_vwap_prior_day:vwap_delta_rejection:reports/mnq_2025q1_primary_replication/primary_nonoverlapping_trades.csv:347,,-15.740001,,,,,,-25.0,reject,non_positive_net,"profit_factor,max_drawdown_dollars,trades,largest_winner_share,net_without_largest",,0
reports/mnq_2025q1_primary_replication/primary_nonoverlapping_trades.csv,421,orb_vwap_prior_day,vwap_delta_rejection,orb_vwap_prior_day:vwap_delta_rejection:reports/mnq_2025q1_primary_replication/primary_nonoverlapping_trades.csv:421,,-15.740001,,,,,,-25.0,reject,non_positive_net,"profit_factor,max_drawdown_dollars,trades,largest_winner_share,net_without_largest",,0
reports/mnq_2025q1_primary_replication/primary_nonoverlapping_trades.csv,39,orb_vwap_prior_day,vwap_delta_rejection,orb_vwap_prior_day:vwap_delta_rejection:reports/mnq_2025q1_primary_replication/primary_nonoverlapping_trades.csv:39,,-16.24,,,,,,-25.0,reject,non_positive_net,"profit_factor,max_drawdown_dollars,trades,largest_winner_share,net_without_largest",,0
reports/mnq_2025q1_primary_replication/primary_nonoverlapping_trades.csv,40,orb_vwap_prior_day,vwap_delta_rejection,orb_vwap_prior_day:vwap_delta_rejection:reports/mnq_2025q1_primary_replication/primary_nonoverlapping_trades.csv:40,,-16.24,,,,,,-25.0,reject,non_positive_net,"profit_factor,max_drawdown_dollars,trades,largest_winner_share,net_without_largest",,0
reports/mnq_2025q1_primary_replication/primary_nonoverlapping_trades.csv,206,orb_vwap_prior_day,vwap_delta_rejection,orb_vwap_prior_day:vwap_delta_rejection:reports/mnq_2025q1_primary_replication/primary_nonoverlapping_trades.csv:206,,-16.24,,,,,,-25.0,reject,non_positive_net,"profit_factor,max_drawdown_dollars,trades,largest_winner_share,net_without_largest",,0
reports/mnq_2025q1_primary_replication/primary_nonoverlapping_trades.csv,224,orb_vwap_prior_day,vwap_delta_rejection,orb_vwap_prior_day:vwap_delta_rejection:reports/mnq_2025q1_primary_replication/primary_nonoverlapping_trades.csv:224,,-16.24,,,,,,-25.0,reject,non_positive_net,"profit_factor,max_drawdown_dollars,trades,largest_winner_share,net_without_largest",,0
reports/mnq_2025q1_primary_replication/primary_nonoverlapping_trades.csv,250,orb_vwap_prior_day,vwap_delta_rejection,orb_vwap_prior_day:vwap_delta_rejection:reports/mnq_2025q1_primary_replication/primary_nonoverlapping_trades.csv:250,,-16.24,,,,,,-25.0,reject,non_positive_net,"profit_factor,max_drawdown_dollars,trades,largest_winner_share,net_without_largest",,0
reports/mnq_2025q1_primary_replication/primary_nonoverlapping_trades.csv,282,orb_vwap_prior_day,vwap_delta_rejection,orb_vwap_prior_day:vwap_delta_rejection:reports/mnq_2025q1_primary_replication/primary_nonoverlapping_trades.csv:282,,-16.24,,,,,,-25.0,reject,non_positive_net,"profit_factor,max_drawdown_dollars,trades,largest_winner_share,net_without_largest",,0
reports/mnq_2025q1_primary_replication/primary_nonoverlapping_trades.csv,289,orb_vwap_prior_day,vwap_delta_rejection,orb_vwap_prior_day:vwap_delta_rejection:reports/mnq_2025q1_primary_replication/primary_nonoverlapping_trades.csv:289,,-16.24,,,,,,-25.0,reject,non_positive_net,"profit_factor,max_drawdown_dollars,trades,largest_winner_share,net_without_largest",,0
reports/mnq_2025q1_primary_replication/primary_nonoverlapping_trades.csv,438,orb_vwap_prior_day,vwap_delta_rejection,orb_vwap_prior_day:vwap_delta_rejection:reports/mnq_2025q1_primary_replication/primary_nonoverlapping_trades.csv:438,,-16.24,,,,,,-25.0,reject,non_positive_net,"profit_factor,max_drawdown_dollars,trades,largest_winner_share,net_without_largest",,0
reports/mnq_2025q1_primary_replication/primary_nonoverlapping_trades.csv,52,orb_vwap_prior_day,vwap_delta_rejection,orb_vwap_prior_day:vwap_delta_rejection:reports/mnq_2025q1_primary_replication/primary_nonoverlapping_trades.csv:52,,-16.7400035,,,,,,-25.0,reject,non_positive_net,"profit_factor,max_drawdown_dollars,trades,largest_winner_share,net_without_largest",,0
reports/mnq_2025q1_primary_replication/primary_nonoverlapping_trades.csv,128,orb_vwap_prior_day,vwap_delta_rejection,orb_vwap_prior_day:vwap_delta_rejection:reports/mnq_2025q1_primary_replication/primary_nonoverlapping_trades.csv:128,,-16.7400035,,,,,,-25.0,reject,non_positive_net,"profit_factor,max_drawdown_dollars,trades,largest_winner_share,net_without_largest",,0
reports/mnq_2025q1_primary_replication/primary_nonoverlapping_trades.csv,143,orb_vwap_prior_day,vwap_delta_rejection,orb_vwap_prior_day:vwap_delta_rejection:reports/mnq_2025q1_primary_replication/primary_nonoverlapping_trades.csv:143,,-16.7400035,,,,,,-25.0,reject,non_positive_net,"profit_factor,max_drawdown_dollars,trades,largest_winner_share,net_without_largest",,0
reports/mnq_2025q1_primary_replication/primary_nonoverlapping_trades.csv,283,orb_vwap_prior_day,vwap_delta_rejection,orb_vwap_prior_day:vwap_delta_rejection:reports/mnq_2025q1_primary_replication/primary_nonoverlapping_trades.csv:283,,-16.7400035,,,,,,-25.0,reject,non_positive_net,"profit_factor,max_drawdown_dollars,trades,largest_winner_share,net_without_largest",,0
reports/mnq_2025q1_primary_replication/primary_nonoverlapping_trades.csv,295,orb_vwap_prior_day,vwap_delta_rejection,orb_vwap_prior_day:vwap_delta_rejection:reports/mnq_2025q1_primary_replication/primary_nonoverlapping_trades.csv:295,,-16.7400035,,,,,,-25.0,reject,non_positive_net,"profit_factor,max_drawdown_dollars,trades,largest_winner_share,net_without_largest",,0
reports/mnq_2025q1_primary_replication/primary_nonoverlapping_trades.csv,327,orb_vwap_prior_day,vwap_delta_rejection,orb_vwap_prior_day:vwap_delta_rejection:reports/mnq_2025q1_primary_replication/primary_nonoverlapping_trades.csv:327,,-16.7400035,,,,,,-25.0,reject,non_positive_net,"profit_factor,max_drawdown_dollars,trades,largest_winner_share,net_without_largest",,0
reports/mnq_2025q1_primary_replication/primary_nonoverlapping_trades.csv,386,orb_vwap_prior_day,vwap_delta_rejection,orb_vwap_prior_day:vwap_delta_rejection:reports/mnq_2025q1_primary_replication/primary_nonoverlapping_trades.csv:386,,-16.7400035,,,,,,-25.0,reject,non_positive_net,"profit_factor,max_drawdown_dollars,trades,largest_winner_share,net_without_largest",,0
reports/mnq_2025q1_primary_replication/primary_nonoverlapping_trades.csv,443,orb_vwap_prior_day,vwap_delta_rejection,orb_vwap_prior_day:vwap_delta_rejection:reports/mnq_2025q1_primary_replication/primary_nonoverlapping_trades.csv:443,,-16.7400035,,,,,,-25.0,reject,non_positive_net,"profit_factor,max_drawdown_dollars,trades,largest_winner_share,net_without_largest",,0
reports/mnq_2025q1_primary_replication/primary_nonoverlapping_trades.csv,79,orb_vwap_prior_day,vwap_delta_rejection,orb_vwap_prior_day:vwap_delta_rejection:reports/mnq_2025q1_primary_replication/primary_nonoverlapping_trades.csv:79,,-17.239995,,,,,,-25.0,reject,non_positive_net,"profit_factor,max_drawdown_dollars,trades,largest_winner_share,net_without_largest",,0
reports/mnq_2025q1_primary_replication/primary_nonoverlapping_trades.csv,82,orb_vwap_prior_day,vwap_delta_rejection,orb_vwap_prior_day:vwap_delta_rejection:reports/mnq_2025q1_primary_replication/primary_nonoverlapping_trades.csv:82,,-17.239995,,,,,,-25.0,reject,non_positive_net,"profit_factor,max_drawdown_dollars,trades,largest_winner_share,net_without_largest",,0
reports/mnq_2025q1_primary_replication/primary_nonoverlapping_trades.csv,118,orb_vwap_prior_day,vwap_delta_rejection,orb_vwap_prior_day:vwap_delta_rejection:reports/mnq_2025q1_primary_replication/primary_nonoverlapping_trades.csv:118,,-17.239995,,,,,,-25.0,reject,non_positive_net,"profit_factor,max_drawdown_dollars,trades,largest_winner_share,net_without_largest",,0
reports/mnq_2025q1_primary_replication/primary_nonoverlapping_trades.csv,129,orb_vwap_prior_day,vwap_delta_rejection,orb_vwap_prior_day:vwap_delta_rejection:reports/mnq_2025q1_primary_replication/primary_nonoverlapping_trades.csv:129,,-17.239995,,,,,,-25.0,reject,non_positive_net,"profit_factor,max_drawdown_dollars,trades,largest_winner_share,net_without_largest",,0
reports/mnq_2025q1_primary_replication/primary_nonoverlapping_trades.csv,170,orb_vwap_prior_day,vwap_delta_rejection,orb_vwap_prior_day:vwap_delta_rejection:reports/mnq_2025q1_primary_replication/primary_nonoverlapping_trades.csv:170,,-17.239995,,,,,,-25.0,reject,non_positive_net,"profit_factor,max_drawdown_dollars,trades,largest_winner_share,net_without_largest",,0
reports/mnq_2025q1_primary_replication/primary_nonoverlapping_trades.csv,264,orb_vwap_prior_day,vwap_delta_rejection,orb_vwap_prior_day:vwap_delta_rejection:reports/mnq_2025q1_primary_replication/primary_nonoverlapping_trades.csv:264,,-17.239995,,,,,,-25.0,reject,non_positive_net,"profit_factor,max_drawdown_dollars,trades,largest_winner_share,net_without_largest",,0
reports/mnq_2025q1_primary_replication/primary_nonoverlapping_trades.csv,323,orb_vwap_prior_day,vwap_delta_rejection,orb_vwap_prior_day:vwap_delta_rejection:reports/mnq_2025q1_primary_replication/primary_nonoverlapping_trades.csv:323,,-17.239995,,,,,,-25.0,reject,non_positive_net,"profit_factor,max_drawdown_dollars,trades,largest_winner_share,net_without_largest",,0
reports/mnq_2025q1_primary_replication/primary_nonoverlapping_trades.csv,440,orb_vwap_prior_day,vwap_delta_rejection,orb_vwap_prior_day:vwap_delta_rejection:reports/mnq_2025q1_primary_replication/primary_nonoverlapping_trades.csv:440,,-17.239995,,,,,,-25.0,reject,non_positive_net,"profit_factor,max_drawdown_dollars,trades,largest_winner_share,net_without_largest",,0
reports/mnq_2025q1_primary_replication/primary_nonoverlapping_trades.csv,277,orb_vwap_prior_day,vwap_delta_rejection,orb_vwap_prior_day:vwap_delta_rejection:reports/mnq_2025q1_primary_replication/primary_nonoverlapping_trades.csv:277,,-17.240008,,,,,,-25.0,reject,non_positive_net,"profit_factor,max_drawdown_dollars,trades,largest_winner_share,net_without_largest",,0
reports/mnq_2025q1_primary_replication/primary_nonoverlapping_trades.csv,43,orb_vwap_prior_day,vwap_delta_rejection,orb_vwap_prior_day:vwap_delta_rejection:reports/mnq_2025q1_primary_replication/primary_nonoverlapping_trades.csv:43,,-17.739998,,,,,,-25.0,reject,non_positive_net,"profit_factor,max_drawdown_dollars,trades,largest_winner_share,net_without_largest",,0
reports/mnq_2025q1_primary_replication/primary_nonoverlapping_trades.csv,181,orb_vwap_prior_day,vwap_delta_rejection,orb_vwap_prior_day:vwap_delta_rejection:reports/mnq_2025q1_primary_replication/primary_nonoverlapping_trades.csv:181,,-17.739998,,,,,,-25.0,reject,non_positive_net,"profit_factor,max_drawdown_dollars,trades,largest_winner_share,net_without_largest",,0
reports/mnq_2025q1_primary_replication/primary_nonoverlapping_trades.csv,213,orb_vwap_prior_day,vwap_delta_rejection,orb_vwap_prior_day:vwap_delta_rejection:reports/mnq_2025q1_primary_replication/primary_nonoverlapping_trades.csv:213,,-17.739998,,,,,,-25.0,reject,non_positive_net,"profit_factor,max_drawdown_dollars,trades,largest_winner_share,net_without_largest",,0
reports/mnq_2025q1_primary_replication/primary_nonoverlapping_trades.csv,396,orb_vwap_prior_day,vwap_delta_rejection,orb_vwap_prior_day:vwap_delta_rejection:reports/mnq_2025q1_primary_replication/primary_nonoverlapping_trades.csv:396,,-17.739998,,,,,,-25.0,reject,non_positive_net,"profit_factor,max_drawdown_dollars,trades,largest_winner_share,net_without_largest",,0
reports/mnq_2025q1_primary_replication/primary_nonoverlapping_trades.csv,17,orb_vwap_prior_day,vwap_delta_rejection,orb_vwap_prior_day:vwap_delta_rejection:reports/mnq_2025q1_primary_replication/primary_nonoverlapping_trades.csv:17,,-18.24,,,,,,-25.0,reject,non_positive_net,"profit_factor,max_drawdown_dollars,trades,largest_winner_share,net_without_largest",,0
reports/mnq_2025q1_primary_replication/primary_nonoverlapping_trades.csv,81,orb_vwap_prior_day,vwap_delta_rejection,orb_vwap_prior_day:vwap_delta_rejection:reports/mnq_2025q1_primary_replication/primary_nonoverlapping_trades.csv:81,,-18.7400025,,,,,,-25.0,reject,non_positive_net,"profit_factor,max_drawdown_dollars,trades,largest_winner_share,net_without_largest",,0
reports/mnq_2025q1_primary_replication/primary_nonoverlapping_trades.csv,24,orb_vwap_prior_day,vwap_delta_rejection,orb_vwap_prior_day:vwap_delta_rejection:reports/mnq_2025q1_primary_replication/primary_nonoverlapping_trades.csv:24,,-18.740007,,,,,,-25.0,reject,non_positive_net,"profit_factor,max_drawdown_dollars,trades,largest_winner_share,net_without_largest",,0
reports/mnq_2025q1_primary_replication/primary_nonoverlapping_trades.csv,144,orb_vwap_prior_day,vwap_delta_rejection,orb_vwap_prior_day:vwap_delta_rejection:reports/mnq_2025q1_primary_replication/primary_nonoverlapping_trades.csv:144,,-18.740007,,,,,,-25.0,reject,non_positive_net,"profit_factor,max_drawdown_dollars,trades,largest_winner_share,net_without_largest",,0
reports/mnq_2025q1_primary_replication/primary_nonoverlapping_trades.csv,130,orb_vwap_prior_day,vwap_delta_rejection,orb_vwap_prior_day:vwap_delta_rejection:reports/mnq_2025q1_primary_replication/primary_nonoverlapping_trades.csv:130,,-19.240005,,,,,,-25.0,reject,non_positive_net,"profit_factor,max_drawdown_dollars,trades,largest_winner_share,net_without_largest",,0
reports/mnq_2025q1_primary_replication/primary_nonoverlapping_trades.csv,131,orb_vwap_prior_day,vwap_delta_rejection,orb_vwap_prior_day:vwap_delta_rejection:reports/mnq_2025q1_primary_replication/primary_nonoverlapping_trades.csv:131,,-19.240005,,,,,,-25.0,reject,non_positive_net,"profit_factor,max_drawdown_dollars,trades,largest_winner_share,net_without_largest",,0
reports/mnq_2025q1_primary_replication/primary_nonoverlapping_trades.csv,44,orb_vwap_prior_day,vwap_delta_rejection,orb_vwap_prior_day:vwap_delta_rejection:reports/mnq_2025q1_primary_replication/primary_nonoverlapping_trades.csv:44,,-19.74,,,,,,-25.0,reject,non_positive_net,"profit_factor,max_drawdown_dollars,trades,largest_winner_share,net_without_largest",,0
reports/mnq_2025q1_primary_replication/primary_nonoverlapping_trades.csv,334,orb_vwap_prior_day,vwap_delta_rejection,orb_vwap_prior_day:vwap_delta_rejection:reports/mnq_2025q1_primary_replication/primary_nonoverlapping_trades.csv:334,,-19.74,,,,,,-25.0,reject,non_positive_net,"profit_factor,max_drawdown_dollars,trades,largest_winner_share,net_without_largest",,0
reports/mnq_2025q1_primary_replication/primary_nonoverlapping_trades.csv,173,orb_vwap_prior_day,vwap_delta_rejection,orb_vwap_prior_day:vwap_delta_rejection:reports/mnq_2025q1_primary_replication/primary_nonoverlapping_trades.csv:173,,-20.239992,,,,,,-25.0,reject,non_positive_net,"profit_factor,max_drawdown_dollars,trades,largest_winner_share,net_without_largest",,0
reports/mnq_2025q1_primary_replication/primary_nonoverlapping_trades.csv,350,orb_vwap_prior_day,vwap_delta_rejection,orb_vwap_prior_day:vwap_delta_rejection:reports/mnq_2025q1_primary_replication/primary_nonoverlapping_trades.csv:350,,-20.239992,,,,,,-25.0,reject,non_positive_net,"profit_factor,max_drawdown_dollars,trades,largest_winner_share,net_without_largest",,0
reports/mnq_2025q1_primary_replication/primary_nonoverlapping_trades.csv,376,orb_vwap_prior_day,vwap_delta_rejection,orb_vwap_prior_day:vwap_delta_rejection:reports/mnq_2025q1_primary_replication/primary_nonoverlapping_trades.csv:376,,-20.239992,,,,,,-25.0,reject,non_positive_net,"profit_factor,max_drawdown_dollars,trades,largest_winner_share,net_without_largest",,0
reports/mnq_2025q1_primary_replication/primary_nonoverlapping_trades.csv,416,orb_vwap_prior_day,vwap_delta_rejection,orb_vwap_prior_day:vwap_delta_rejection:reports/mnq_2025q1_primary_replication/primary_nonoverlapping_trades.csv:416,,-20.239992,,,,,,-25.0,reject,non_positive_net,"profit_factor,max_drawdown_dollars,trades,largest_winner_share,net_without_largest",,0
reports/mnq_2025q1_primary_replication/primary_nonoverlapping_trades.csv,125,orb_vwap_prior_day,vwap_delta_rejection,orb_vwap_prior_day:vwap_delta_rejection:reports/mnq_2025q1_primary_replication/primary_nonoverlapping_trades.csv:125,,-20.7399985,,,,,,-25.0,reject,non_positive_net,"profit_factor,max_drawdown_dollars,trades,largest_winner_share,net_without_largest",,0
reports/mnq_2025q1_primary_replication/primary_nonoverlapping_trades.csv,154,orb_vwap_prior_day,vwap_delta_rejection,orb_vwap_prior_day:vwap_delta_rejection:reports/mnq_2025q1_primary_replication/primary_nonoverlapping_trades.csv:154,,-20.7399985,,,,,,-25.0,reject,non_positive_net,"profit_factor,max_drawdown_dollars,trades,largest_winner_share,net_without_largest",,0
reports/mnq_2025q1_primary_replication/primary_nonoverlapping_trades.csv,348,orb_vwap_prior_day,vwap_delta_rejection,orb_vwap_prior_day:vwap_delta_rejection:reports/mnq_2025q1_primary_replication/primary_nonoverlapping_trades.csv:348,,-20.7399985,,,,,,-25.0,reject,non_positive_net,"profit_factor,max_drawdown_dollars,trades,largest_winner_share,net_without_largest",,0
reports/mnq_2025q1_primary_replication/primary_nonoverlapping_trades.csv,166,orb_vwap_prior_day,vwap_delta_rejection,orb_vwap_prior_day:vwap_delta_rejection:reports/mnq_2025q1_primary_replication/primary_nonoverlapping_trades.csv:166,,-21.240005,,,,,,-25.0,reject,non_positive_net,"profit_factor,max_drawdown_dollars,trades,largest_winner_share,net_without_largest",,0
reports/mnq_2025q1_primary_replication/primary_nonoverlapping_trades.csv,145,orb_vwap_prior_day,vwap_delta_rejection,orb_vwap_prior_day:vwap_delta_rejection:reports/mnq_2025q1_primary_replication/primary_nonoverlapping_trades.csv:145,,-21.740004,,,,,,-25.0,reject,non_positive_net,"profit_factor,max_drawdown_dollars,trades,largest_winner_share,net_without_largest",,0
reports/mnq_2025q1_primary_replication/primary_nonoverlapping_trades.csv,318,orb_vwap_prior_day,vwap_delta_rejection,orb_vwap_prior_day:vwap_delta_rejection:reports/mnq_2025q1_primary_replication/primary_nonoverlapping_trades.csv:318,,-21.740004,,,,,,-25.0,reject,non_positive_net,"profit_factor,max_drawdown_dollars,trades,largest_winner_share,net_without_largest",,0
reports/mnq_2025q1_primary_replication/primary_nonoverlapping_trades.csv,444,orb_vwap_prior_day,vwap_delta_rejection,orb_vwap_prior_day:vwap_delta_rejection:reports/mnq_2025q1_primary_replication/primary_nonoverlapping_trades.csv:444,,-21.740004,,,,,,-25.0,reject,non_positive_net,"profit_factor,max_drawdown_dollars,trades,largest_winner_share,net_without_largest",,0
reports/mnq_2025q1_primary_replication/primary_nonoverlapping_trades.csv,446,orb_vwap_prior_day,vwap_delta_rejection,orb_vwap_prior_day:vwap_delta_rejection:reports/mnq_2025q1_primary_replication/primary_nonoverlapping_trades.csv:446,,-21.740004,,,,,,-25.0,reject,non_positive_net,"profit_factor,max_drawdown_dollars,trades,largest_winner_share,net_without_largest",,0
reports/mnq_2025q1_primary_replication/primary_nonoverlapping_trades.csv,113,orb_vwap_prior_day,vwap_delta_rejection,orb_vwap_prior_day:vwap_delta_rejection:reports/mnq_2025q1_primary_replication/primary_nonoverlapping_trades.csv:113,,-22.24,,,,,,-25.0,reject,non_positive_net,"profit_factor,max_drawdown_dollars,trades,largest_winner_share,net_without_largest",,0
reports/mnq_2025q1_primary_replication/primary_nonoverlapping_trades.csv,176,orb_vwap_prior_day,vwap_delta_rejection,orb_vwap_prior_day:vwap_delta_rejection:reports/mnq_2025q1_primary_replication/primary_nonoverlapping_trades.csv:176,,-22.24,,,,,,-25.0,reject,non_positive_net,"profit_factor,max_drawdown_dollars,trades,largest_winner_share,net_without_largest",,0
reports/mnq_2025q1_primary_replication/primary_nonoverlapping_trades.csv,288,orb_vwap_prior_day,vwap_delta_rejection,orb_vwap_prior_day:vwap_delta_rejection:reports/mnq_2025q1_primary_replication/primary_nonoverlapping_trades.csv:288,,-22.24,,,,,,-25.0,reject,non_positive_net,"profit_factor,max_drawdown_dollars,trades,largest_winner_share,net_without_largest",,0
reports/mnq_2025q1_primary_replication/primary_nonoverlapping_trades.csv,370,orb_vwap_prior_day,vwap_delta_rejection,orb_vwap_prior_day:vwap_delta_rejection:reports/mnq_2025q1_primary_replication/primary_nonoverlapping_trades.csv:370,,-22.24,,,,,,-25.0,reject,non_positive_net,"profit_factor,max_drawdown_dollars,trades,largest_winner_share,net_without_largest",,0
reports/mnq_2025q1_primary_replication/primary_nonoverlapping_trades.csv,375,orb_vwap_prior_day,vwap_delta_rejection,orb_vwap_prior_day:vwap_delta_rejection:reports/mnq_2025q1_primary_replication/primary_nonoverlapping_trades.csv:375,,-22.24,,,,,,-25.0,reject,non_positive_net,"profit_factor,max_drawdown_dollars,trades,largest_winner_share,net_without_largest",,0
reports/mnq_2025q1_primary_replication/primary_nonoverlapping_trades.csv,425,orb_vwap_prior_day,vwap_delta_rejection,orb_vwap_prior_day:vwap_delta_rejection:reports/mnq_2025q1_primary_replication/primary_nonoverlapping_trades.csv:425,,-22.24,,,,,,-25.0,reject,non_positive_net,"profit_factor,max_drawdown_dollars,trades,largest_winner_share,net_without_largest",,0
reports/mnq_2025q1_primary_replication/primary_nonoverlapping_trades.csv,429,orb_vwap_prior_day,vwap_delta_rejection,orb_vwap_prior_day:vwap_delta_rejection:reports/mnq_2025q1_primary_replication/primary_nonoverlapping_trades.csv:429,,-22.24,,,,,,-25.0,reject,non_positive_net,"profit_factor,max_drawdown_dollars,trades,largest_winner_share,net_without_largest",,0
reports/mnq_2025q1_primary_replication/primary_nonoverlapping_trades.csv,291,orb_vwap_prior_day,vwap_delta_rejection,orb_vwap_prior_day:vwap_delta_rejection:reports/mnq_2025q1_primary_replication/primary_nonoverlapping_trades.csv:291,,-22.739994,,,,,,-25.0,reject,non_positive_net,"profit_factor,max_drawdown_dollars,trades,largest_winner_share,net_without_largest",,0
reports/mnq_2025q1_primary_replication/primary_nonoverlapping_trades.csv,343,orb_vwap_prior_day,vwap_delta_rejection,orb_vwap_prior_day:vwap_delta_rejection:reports/mnq_2025q1_primary_replication/primary_nonoverlapping_trades.csv:343,,-22.739994,,,,,,-25.0,reject,non_positive_net,"profit_factor,max_drawdown_dollars,trades,largest_winner_share,net_without_largest",,0
reports/mnq_2025q1_primary_replication/primary_nonoverlapping_trades.csv,361,orb_vwap_prior_day,vwap_delta_rejection,orb_vwap_prior_day:vwap_delta_rejection:reports/mnq_2025q1_primary_replication/primary_nonoverlapping_trades.csv:361,,-22.739994,,,,,,-25.0,reject,non_positive_net,"profit_factor,max_drawdown_dollars,trades,largest_winner_share,net_without_largest",,0
reports/mnq_2025q1_primary_replication/primary_nonoverlapping_trades.csv,147,orb_vwap_prior_day,vwap_delta_rejection,orb_vwap_prior_day:vwap_delta_rejection:reports/mnq_2025q1_primary_replication/primary_nonoverlapping_trades.csv:147,,-23.240007,,,,,,-25.0,reject,non_positive_net,"profit_factor,max_drawdown_dollars,trades,largest_winner_share,net_without_largest",,0
reports/mnq_2025q1_primary_replication/primary_nonoverlapping_trades.csv,177,orb_vwap_prior_day,vwap_delta_rejection,orb_vwap_prior_day:vwap_delta_rejection:reports/mnq_2025q1_primary_replication/primary_nonoverlapping_trades.csv:177,,-23.240007,,,,,,-25.0,reject,non_positive_net,"profit_factor,max_drawdown_dollars,trades,largest_winner_share,net_without_largest",,0
reports/mnq_2025q1_primary_replication/primary_nonoverlapping_trades.csv,292,orb_vwap_prior_day,vwap_delta_rejection,orb_vwap_prior_day:vwap_delta_rejection:reports/mnq_2025q1_primary_replication/primary_nonoverlapping_trades.csv:292,,-23.240007,,,,,,-25.0,reject,non_positive_net,"profit_factor,max_drawdown_dollars,trades,largest_winner_share,net_without_largest",,0
reports/mnq_2025q1_primary_replication/primary_nonoverlapping_trades.csv,301,orb_vwap_prior_day,vwap_delta_rejection,orb_vwap_prior_day:vwap_delta_rejection:reports/mnq_2025q1_primary_replication/primary_nonoverlapping_trades.csv:301,,-23.240007,,,,,,-25.0,reject,non_positive_net,"profit_factor,max_drawdown_dollars,trades,largest_winner_share,net_without_largest",,0
reports/mnq_2025q1_primary_replication/primary_nonoverlapping_trades.csv,390,orb_vwap_prior_day,vwap_delta_rejection,orb_vwap_prior_day:vwap_delta_rejection:reports/mnq_2025q1_primary_replication/primary_nonoverlapping_trades.csv:390,,-23.240007,,,,,,-25.0,reject,non_positive_net,"profit_factor,max_drawdown_dollars,trades,largest_winner_share,net_without_largest",,0
reports/mnq_2025q1_primary_replication/primary_nonoverlapping_trades.csv,395,orb_vwap_prior_day,vwap_delta_rejection,orb_vwap_prior_day:vwap_delta_rejection:reports/mnq_2025q1_primary_replication/primary_nonoverlapping_trades.csv:395,,-23.240007,,,,,,-25.0,reject,non_positive_net,"profit_factor,max_drawdown_dollars,trades,largest_winner_share,net_without_largest",,0
reports/mnq_2025q1_primary_replication/primary_nonoverlapping_trades.csv,442,orb_vwap_prior_day,vwap_delta_rejection,orb_vwap_prior_day:vwap_delta_rejection:reports/mnq_2025q1_primary_replication/primary_nonoverlapping_trades.csv:442,,-23.240007,,,,,,-25.0,reject,non_positive_net,"profit_factor,max_drawdown_dollars,trades,largest_winner_share,net_without_largest",,0
reports/mnq_2025q1_primary_replication/primary_nonoverlapping_trades.csv,449,orb_vwap_prior_day,vwap_delta_rejection,orb_vwap_prior_day:vwap_delta_rejection:reports/mnq_2025q1_primary_replication/primary_nonoverlapping_trades.csv:449,,-23.240007,,,,,,-25.0,reject,non_positive_net,"profit_factor,max_drawdown_dollars,trades,largest_winner_share,net_without_largest",,0
reports/mnq_2025q1_primary_replication/primary_nonoverlapping_trades.csv,133,orb_vwap_prior_day,vwap_delta_rejection,orb_vwap_prior_day:vwap_delta_rejection:reports/mnq_2025q1_primary_replication/primary_nonoverlapping_trades.csv:133,,-23.739999,,,,,,-25.0,reject,non_positive_net,"profit_factor,max_drawdown_dollars,trades,largest_winner_share,net_without_largest",,0
reports/mnq_2025q1_primary_replication/primary_nonoverlapping_trades.csv,266,orb_vwap_prior_day,vwap_delta_rejection,orb_vwap_prior_day:vwap_delta_rejection:reports/mnq_2025q1_primary_replication/primary_nonoverlapping_trades.csv:266,,-23.739999,,,,,,-25.0,reject,non_positive_net,"profit_factor,max_drawdown_dollars,trades,largest_winner_share,net_without_largest",,0
reports/mnq_2025q1_primary_replication/primary_nonoverlapping_trades.csv,332,orb_vwap_prior_day,vwap_delta_rejection,orb_vwap_prior_day:vwap_delta_rejection:reports/mnq_2025q1_primary_replication/primary_nonoverlapping_trades.csv:332,,-23.739999,,,,,,-25.0,reject,non_positive_net,"profit_factor,max_drawdown_dollars,trades,largest_winner_share,net_without_largest",,0
reports/mnq_2025q1_primary_replication/primary_nonoverlapping_trades.csv,450,orb_vwap_prior_day,vwap_delta_rejection,orb_vwap_prior_day:vwap_delta_rejection:reports/mnq_2025q1_primary_replication/primary_nonoverlapping_trades.csv:450,,-23.739999,,,,,,-25.0,reject,non_positive_net,"profit_factor,max_drawdown_dollars,trades,largest_winner_share,net_without_largest",,0
reports/mnq_2025q1_primary_replication/primary_nonoverlapping_trades.csv,157,orb_vwap_prior_day,vwap_delta_rejection,orb_vwap_prior_day:vwap_delta_rejection:reports/mnq_2025q1_primary_replication/primary_nonoverlapping_trades.csv:157,,-24.239996,,,,,,-25.0,reject,non_positive_net,"profit_factor,max_drawdown_dollars,trades,largest_winner_share,net_without_largest",,0
reports/mnq_2025q1_primary_replication/primary_nonoverlapping_trades.csv,284,orb_vwap_prior_day,vwap_delta_rejection,orb_vwap_prior_day:vwap_delta_rejection:reports/mnq_2025q1_primary_replication/primary_nonoverlapping_trades.csv:284,,-24.239996,,,,,,-25.0,reject,non_positive_net,"profit_factor,max_drawdown_dollars,trades,largest_winner_share,net_without_largest",,0
reports/mnq_2025q1_primary_replication/primary_nonoverlapping_trades.csv,314,orb_vwap_prior_day,vwap_delta_rejection,orb_vwap_prior_day:vwap_delta_rejection:reports/mnq_2025q1_primary_replication/primary_nonoverlapping_trades.csv:314,,-24.239996,,,,,,-25.0,reject,non_positive_net,"profit_factor,max_drawdown_dollars,trades,largest_winner_share,net_without_largest",,0
reports/mnq_2025q1_primary_replication/primary_nonoverlapping_trades.csv,317,orb_vwap_prior_day,vwap_delta_rejection,orb_vwap_prior_day:vwap_delta_rejection:reports/mnq_2025q1_primary_replication/primary_nonoverlapping_trades.csv:317,,-24.74001,,,,,,-25.0,reject,non_positive_net,"profit_factor,max_drawdown_dollars,trades,largest_winner_share,net_without_largest",,0
reports/mnq_2025q1_primary_replication/primary_nonoverlapping_trades.csv,33,orb_vwap_prior_day,vwap_delta_rejection,orb_vwap_prior_day:vwap_delta_rejection:reports/mnq_2025q1_primary_replication/primary_nonoverlapping_trades.csv:33,,-25.239993,,,,,,-25.0,reject,non_positive_net,"profit_factor,max_drawdown_dollars,trades,largest_winner_share,net_without_largest",,0
reports/mnq_2025q1_primary_replication/primary_nonoverlapping_trades.csv,365,orb_vwap_prior_day,vwap_delta_rejection,orb_vwap_prior_day:vwap_delta_rejection:reports/mnq_2025q1_primary_replication/primary_nonoverlapping_trades.csv:365,,-25.239993,,,,,,-25.0,reject,non_positive_net,"profit_factor,max_drawdown_dollars,trades,largest_winner_share,net_without_largest",,0
reports/mnq_2025q1_primary_replication/primary_nonoverlapping_trades.csv,367,orb_vwap_prior_day,vwap_delta_rejection,orb_vwap_prior_day:vwap_delta_rejection:reports/mnq_2025q1_primary_replication/primary_nonoverlapping_trades.csv:367,,-25.239993,,,,,,-25.0,reject,non_positive_net,"profit_factor,max_drawdown_dollars,trades,largest_winner_share,net_without_largest",,0
reports/mnq_2025q1_primary_replication/primary_nonoverlapping_trades.csv,148,orb_vwap_prior_day,vwap_delta_rejection,orb_vwap_prior_day:vwap_delta_rejection:reports/mnq_2025q1_primary_replication/primary_nonoverlapping_trades.csv:148,,-25.7399965,,,,,,-25.0,reject,non_positive_net,"profit_factor,max_drawdown_dollars,trades,largest_winner_share,net_without_largest",,0
reports/mnq_2025q1_primary_replication/primary_nonoverlapping_trades.csv,126,orb_vwap_prior_day,vwap_delta_rejection,orb_vwap_prior_day:vwap_delta_rejection:reports/mnq_2025q1_primary_replication/primary_nonoverlapping_trades.csv:126,,-26.239992,,,,,,-25.0,reject,non_positive_net,"profit_factor,max_drawdown_dollars,trades,largest_winner_share,net_without_largest",,0
reports/mnq_2025q1_primary_replication/primary_nonoverlapping_trades.csv,280,orb_vwap_prior_day,vwap_delta_rejection,orb_vwap_prior_day:vwap_delta_rejection:reports/mnq_2025q1_primary_replication/primary_nonoverlapping_trades.csv:280,,-26.239992,,,,,,-25.0,reject,non_positive_net,"profit_factor,max_drawdown_dollars,trades,largest_winner_share,net_without_largest",,0
reports/mnq_2025q1_primary_replication/primary_nonoverlapping_trades.csv,48,orb_vwap_prior_day,vwap_delta_rejection,orb_vwap_prior_day:vwap_delta_rejection:reports/mnq_2025q1_primary_replication/primary_nonoverlapping_trades.csv:48,,-26.7400105,,,,,,-25.0,reject,non_positive_net,"profit_factor,max_drawdown_dollars,trades,largest_winner_share,net_without_largest",,0
reports/mnq_2025q1_primary_replication/primary_nonoverlapping_trades.csv,73,orb_vwap_prior_day,vwap_delta_rejection,orb_vwap_prior_day:vwap_delta_rejection:reports/mnq_2025q1_primary_replication/primary_nonoverlapping_trades.csv:73,,-26.7400105,,,,,,-25.0,reject,non_positive_net,"profit_factor,max_drawdown_dollars,trades,largest_winner_share,net_without_largest",,0
reports/mnq_2025q1_primary_replication/primary_nonoverlapping_trades.csv,321,orb_vwap_prior_day,vwap_delta_rejection,orb_vwap_prior_day:vwap_delta_rejection:reports/mnq_2025q1_primary_replication/primary_nonoverlapping_trades.csv:321,,-26.7400105,,,,,,-25.0,reject,non_positive_net,"profit_factor,max_drawdown_dollars,trades,largest_winner_share,net_without_largest",,0
reports/mnq_2025q1_primary_replication/primary_nonoverlapping_trades.csv,358,orb_vwap_prior_day,vwap_delta_rejection,orb_vwap_prior_day:vwap_delta_rejection:reports/mnq_2025q1_primary_replication/primary_nonoverlapping_trades.csv:358,,-26.7400105,,,,,,-25.0,reject,non_positive_net,"profit_factor,max_drawdown_dollars,trades,largest_winner_share,net_without_largest",,0
reports/mnq_2025q1_primary_replication/primary_nonoverlapping_trades.csv,430,orb_vwap_prior_day,vwap_delta_rejection,orb_vwap_prior_day:vwap_delta_rejection:reports/mnq_2025q1_primary_replication/primary_nonoverlapping_trades.csv:430,,-27.24,,,,,,-25.0,reject,non_positive_net,"profit_factor,max_drawdown_dollars,trades,largest_winner_share,net_without_largest",,0
reports/mnq_2025q1_primary_replication/primary_nonoverlapping_trades.csv,359,orb_vwap_prior_day,vwap_delta_rejection,orb_vwap_prior_day:vwap_delta_rejection:reports/mnq_2025q1_primary_replication/primary_nonoverlapping_trades.csv:359,,-27.7399965,,,,,,-25.0,reject,non_positive_net,"profit_factor,max_drawdown_dollars,trades,largest_winner_share,net_without_largest",,0
reports/mnq_2025q1_primary_replication/primary_nonoverlapping_trades.csv,226,orb_vwap_prior_day,vwap_delta_rejection,orb_vwap_prior_day:vwap_delta_rejection:reports/mnq_2025q1_primary_replication/primary_nonoverlapping_trades.csv:226,,-28.240004,,,,,,-25.0,reject,non_positive_net,"profit_factor,max_drawdown_dollars,trades,largest_winner_share,net_without_largest",,0
reports/mnq_2025q1_primary_replication/primary_nonoverlapping_trades.csv,251,orb_vwap_prior_day,vwap_delta_rejection,orb_vwap_prior_day:vwap_delta_rejection:reports/mnq_2025q1_primary_replication/primary_nonoverlapping_trades.csv:251,,-28.240004,,,,,,-25.0,reject,non_positive_net,"profit_factor,max_drawdown_dollars,trades,largest_winner_share,net_without_largest",,0
reports/mnq_2025q1_primary_replication/primary_nonoverlapping_trades.csv,270,orb_vwap_prior_day,vwap_delta_rejection,orb_vwap_prior_day:vwap_delta_rejection:reports/mnq_2025q1_primary_replication/primary_nonoverlapping_trades.csv:270,,-28.240004,,,,,,-25.0,reject,non_positive_net,"profit_factor,max_drawdown_dollars,trades,largest_winner_share,net_without_largest",,0
reports/mnq_2025q1_primary_replication/primary_nonoverlapping_trades.csv,362,orb_vwap_prior_day,vwap_delta_rejection,orb_vwap_prior_day:vwap_delta_rejection:reports/mnq_2025q1_primary_replication/primary_nonoverlapping_trades.csv:362,,-28.240004,,,,,,-25.0,reject,non_positive_net,"profit_factor,max_drawdown_dollars,trades,largest_winner_share,net_without_largest",,0
reports/mnq_2025q1_primary_replication/primary_nonoverlapping_trades.csv,296,orb_vwap_prior_day,vwap_delta_rejection,orb_vwap_prior_day:vwap_delta_rejection:reports/mnq_2025q1_primary_replication/primary_nonoverlapping_trades.csv:296,,-28.739992,,,,,,-25.0,reject,non_positive_net,"profit_factor,max_drawdown_dollars,trades,largest_winner_share,net_without_largest",,0
reports/mnq_2025q1_primary_replication/primary_nonoverlapping_trades.csv,389,orb_vwap_prior_day,vwap_delta_rejection,orb_vwap_prior_day:vwap_delta_rejection:reports/mnq_2025q1_primary_replication/primary_nonoverlapping_trades.csv:389,,-28.739992,,,,,,-25.0,reject,non_positive_net,"profit_factor,max_drawdown_dollars,trades,largest_winner_share,net_without_largest",,0
reports/mnq_2025q1_primary_replication/primary_nonoverlapping_trades.csv,431,orb_vwap_prior_day,vwap_delta_rejection,orb_vwap_prior_day:vwap_delta_rejection:reports/mnq_2025q1_primary_replication/primary_nonoverlapping_trades.csv:431,,-28.739992,,,,,,-25.0,reject,non_positive_net,"profit_factor,max_drawdown_dollars,trades,largest_winner_share,net_without_largest",,0
reports/mnq_2025q1_primary_replication/primary_nonoverlapping_trades.csv,366,orb_vwap_prior_day,vwap_delta_rejection,orb_vwap_prior_day:vwap_delta_rejection:reports/mnq_2025q1_primary_replication/primary_nonoverlapping_trades.csv:366,,-29.240001,,,,,,-25.0,reject,non_positive_net,"profit_factor,max_drawdown_dollars,trades,largest_winner_share,net_without_largest",,0
reports/mnq_2025q1_primary_replication/primary_nonoverlapping_trades.csv,76,orb_vwap_prior_day,vwap_delta_rejection,orb_vwap_prior_day:vwap_delta_rejection:reports/mnq_2025q1_primary_replication/primary_nonoverlapping_trades.csv:76,,-29.7400125,,,,,,-25.0,reject,non_positive_net,"profit_factor,max_drawdown_dollars,trades,largest_winner_share,net_without_largest",,0
reports/mnq_2025q1_primary_replication/primary_nonoverlapping_trades.csv,27,orb_vwap_prior_day,vwap_delta_rejection,orb_vwap_prior_day:vwap_delta_rejection:reports/mnq_2025q1_primary_replication/primary_nonoverlapping_trades.csv:27,,-30.24,,,,,,-25.0,reject,non_positive_net,"profit_factor,max_drawdown_dollars,trades,largest_winner_share,net_without_largest",,0
reports/mnq_2025q1_primary_replication/primary_nonoverlapping_trades.csv,62,orb_vwap_prior_day,vwap_delta_rejection,orb_vwap_prior_day:vwap_delta_rejection:reports/mnq_2025q1_primary_replication/primary_nonoverlapping_trades.csv:62,,-30.24,,,,,,-25.0,reject,non_positive_net,"profit_factor,max_drawdown_dollars,trades,largest_winner_share,net_without_largest",,0
reports/mnq_2025q1_primary_replication/primary_nonoverlapping_trades.csv,340,orb_vwap_prior_day,vwap_delta_rejection,orb_vwap_prior_day:vwap_delta_rejection:reports/mnq_2025q1_primary_replication/primary_nonoverlapping_trades.csv:340,,-30.739986,,,,,,-25.0,reject,non_positive_net,"profit_factor,max_drawdown_dollars,trades,largest_winner_share,net_without_largest",,0
reports/mnq_2025q1_primary_replication/primary_nonoverlapping_trades.csv,34,orb_vwap_prior_day,vwap_delta_rejection,orb_vwap_prior_day:vwap_delta_rejection:reports/mnq_2025q1_primary_replication/primary_nonoverlapping_trades.csv:34,,-31.739994,,,,,,-25.0,reject,non_positive_net,"profit_factor,max_drawdown_dollars,trades,largest_winner_share,net_without_largest",,0
reports/mnq_2025q1_primary_replication/primary_nonoverlapping_trades.csv,35,orb_vwap_prior_day,vwap_delta_rejection,orb_vwap_prior_day:vwap_delta_rejection:reports/mnq_2025q1_primary_replication/primary_nonoverlapping_trades.csv:35,,-32.24001,,,,,,-25.0,reject,non_positive_net,"profit_factor,max_drawdown_dollars,trades,largest_winner_share,net_without_largest",,0
reports/mnq_2025q1_primary_replication/primary_nonoverlapping_trades.csv,117,orb_vwap_prior_day,vwap_delta_rejection,orb_vwap_prior_day:vwap_delta_rejection:reports/mnq_2025q1_primary_replication/primary_nonoverlapping_trades.csv:117,,-32.24001,,,,,,-25.0,reject,non_positive_net,"profit_factor,max_drawdown_dollars,trades,largest_winner_share,net_without_largest",,0
reports/mnq_2025q1_primary_replication/primary_nonoverlapping_trades.csv,28,orb_vwap_prior_day,vwap_delta_rejection,orb_vwap_prior_day:vwap_delta_rejection:reports/mnq_2025q1_primary_replication/primary_nonoverlapping_trades.csv:28,,-32.7400115,,,,,,-25.0,reject,non_positive_net,"profit_factor,max_drawdown_dollars,trades,largest_winner_share,net_without_largest",,0
reports/mnq_2025q1_primary_replication/primary_nonoverlapping_trades.csv,269,orb_vwap_prior_day,vwap_delta_rejection,orb_vwap_prior_day:vwap_delta_rejection:reports/mnq_2025q1_primary_replication/primary_nonoverlapping_trades.csv:269,,-33.239998,,,,,,-25.0,reject,non_positive_net,"profit_factor,max_drawdown_dollars,trades,largest_winner_share,net_without_largest",,0
reports/mnq_2025q1_primary_replication/primary_nonoverlapping_trades.csv,50,orb_vwap_prior_day,vwap_delta_rejection,orb_vwap_prior_day:vwap_delta_rejection:reports/mnq_2025q1_primary_replication/primary_nonoverlapping_trades.csv:50,,-34.24,,,,,,-25.0,reject,non_positive_net,"profit_factor,max_drawdown_dollars,trades,largest_winner_share,net_without_largest",,0
reports/mnq_2025q1_primary_replication/primary_nonoverlapping_trades.csv,319,orb_vwap_prior_day,vwap_delta_rejection,orb_vwap_prior_day:vwap_delta_rejection:reports/mnq_2025q1_primary_replication/primary_nonoverlapping_trades.csv:319,,-35.240007,,,,,,-25.0,reject,non_positive_net,"profit_factor,max_drawdown_dollars,trades,largest_winner_share,net_without_largest",,0
reports/mnq_2025q1_primary_replication/primary_nonoverlapping_trades.csv,153,orb_vwap_prior_day,vwap_delta_rejection,orb_vwap_prior_day:vwap_delta_rejection:reports/mnq_2025q1_primary_replication/primary_nonoverlapping_trades.csv:153,,-36.239988,,,,,,-25.0,reject,non_positive_net,"profit_factor,max_drawdown_dollars,trades,largest_winner_share,net_without_largest",,0
reports/mnq_2025q1_primary_replication/primary_nonoverlapping_trades.csv,19,orb_vwap_prior_day,vwap_delta_rejection,orb_vwap_prior_day:vwap_delta_rejection:reports/mnq_2025q1_primary_replication/primary_nonoverlapping_trades.csv:19,,-36.740016,,,,,,-25.0,reject,non_positive_net,"profit_factor,max_drawdown_dollars,trades,largest_winner_share,net_without_largest",,0
reports/mnq_2025q1_primary_replication/primary_nonoverlapping_trades.csv,90,orb_vwap_prior_day,vwap_delta_rejection,orb_vwap_prior_day:vwap_delta_rejection:reports/mnq_2025q1_primary_replication/primary_nonoverlapping_trades.csv:90,,-37.24,,,,,,-25.0,reject,non_positive_net,"profit_factor,max_drawdown_dollars,trades,largest_winner_share,net_without_largest",,0
reports/mnq_2025q1_primary_replication/primary_nonoverlapping_trades.csv,278,orb_vwap_prior_day,vwap_delta_rejection,orb_vwap_prior_day:vwap_delta_rejection:reports/mnq_2025q1_primary_replication/primary_nonoverlapping_trades.csv:278,,-37.7400145,,,,,,-25.0,reject,non_positive_net,"profit_factor,max_drawdown_dollars,trades,largest_winner_share,net_without_largest",,0
reports/mnq_2025q1_primary_replication/primary_nonoverlapping_trades.csv,381,orb_vwap_prior_day,vwap_delta_rejection,orb_vwap_prior_day:vwap_delta_rejection:reports/mnq_2025q1_primary_replication/primary_nonoverlapping_trades.csv:381,,-37.7400145,,,,,,-25.0,reject,non_positive_net,"profit_factor,max_drawdown_dollars,trades,largest_winner_share,net_without_largest",,0
reports/mnq_2025q1_primary_replication/primary_nonoverlapping_trades.csv,424,orb_vwap_prior_day,vwap_delta_rejection,orb_vwap_prior_day:vwap_delta_rejection:reports/mnq_2025q1_primary_replication/primary_nonoverlapping_trades.csv:424,,-39.240017,,,,,,-25.0,reject,non_positive_net,"profit_factor,max_drawdown_dollars,trades,largest_winner_share,net_without_largest",,0
reports/mnq_2025q1_primary_replication/primary_nonoverlapping_trades.csv,303,orb_vwap_prior_day,vwap_delta_rejection,orb_vwap_prior_day:vwap_delta_rejection:reports/mnq_2025q1_primary_replication/primary_nonoverlapping_trades.csv:303,,-39.7399875,,,,,,-25.0,reject,non_positive_net,"profit_factor,max_drawdown_dollars,trades,largest_winner_share,net_without_largest",,0
reports/mnq_2025q1_primary_replication/primary_nonoverlapping_trades.csv,159,orb_vwap_prior_day,vwap_delta_rejection,orb_vwap_prior_day:vwap_delta_rejection:reports/mnq_2025q1_primary_replication/primary_nonoverlapping_trades.csv:159,,-40.239986,,,,,,-25.0,reject,non_positive_net,"profit_factor,max_drawdown_dollars,trades,largest_winner_share,net_without_largest",,0
reports/mnq_2025q1_primary_replication/primary_nonoverlapping_trades.csv,164,orb_vwap_prior_day,vwap_delta_rejection,orb_vwap_prior_day:vwap_delta_rejection:reports/mnq_2025q1_primary_replication/primary_nonoverlapping_trades.csv:164,,-40.239986,,,,,,-25.0,reject,non_positive_net,"profit_factor,max_drawdown_dollars,trades,largest_winner_share,net_without_largest",,0
reports/mnq_2025q1_primary_replication/primary_nonoverlapping_trades.csv,342,orb_vwap_prior_day,vwap_delta_rejection,orb_vwap_prior_day:vwap_delta_rejection:reports/mnq_2025q1_primary_replication/primary_nonoverlapping_trades.csv:342,,-40.239986,,,,,,-25.0,reject,non_positive_net,"profit_factor,max_drawdown_dollars,trades,largest_winner_share,net_without_largest",,0
reports/mnq_2025q1_primary_replication/primary_nonoverlapping_trades.csv,16,orb_vwap_prior_day,vwap_delta_rejection,orb_vwap_prior_day:vwap_delta_rejection:reports/mnq_2025q1_primary_replication/primary_nonoverlapping_trades.csv:16,,-40.740007,,,,,,-25.0,reject,non_positive_net,"profit_factor,max_drawdown_dollars,trades,largest_winner_share,net_without_largest",,0
reports/mnq_2025q1_primary_replication/primary_nonoverlapping_trades.csv,3,orb_vwap_prior_day,vwap_delta_rejection,orb_vwap_prior_day:vwap_delta_rejection:reports/mnq_2025q1_primary_replication/primary_nonoverlapping_trades.csv:3,,-41.240004,,,,,,-25.0,reject,non_positive_net,"profit_factor,max_drawdown_dollars,trades,largest_winner_share,net_without_largest",,0
reports/mnq_2025q1_primary_replication/primary_nonoverlapping_trades.csv,31,orb_vwap_prior_day,vwap_delta_rejection,orb_vwap_prior_day:vwap_delta_rejection:reports/mnq_2025q1_primary_replication/primary_nonoverlapping_trades.csv:31,,-41.240004,,,,,,-25.0,reject,non_positive_net,"profit_factor,max_drawdown_dollars,trades,largest_winner_share,net_without_largest",,0
reports/mnq_2025q1_primary_replication/primary_nonoverlapping_trades.csv,380,orb_vwap_prior_day,vwap_delta_rejection,orb_vwap_prior_day:vwap_delta_rejection:reports/mnq_2025q1_primary_replication/primary_nonoverlapping_trades.csv:380,,-41.240004,,,,,,-25.0,reject,non_positive_net,"profit_factor,max_drawdown_dollars,trades,largest_winner_share,net_without_largest",,0
reports/mnq_2025q1_primary_replication/primary_nonoverlapping_trades.csv,451,orb_vwap_prior_day,vwap_delta_rejection,orb_vwap_prior_day:vwap_delta_rejection:reports/mnq_2025q1_primary_replication/primary_nonoverlapping_trades.csv:451,,-41.240004,,,,,,-25.0,reject,non_positive_net,"profit_factor,max_drawdown_dollars,trades,largest_winner_share,net_without_largest",,0
reports/mnq_2025q1_primary_replication/primary_nonoverlapping_trades.csv,268,orb_vwap_prior_day,vwap_delta_rejection,orb_vwap_prior_day:vwap_delta_rejection:reports/mnq_2025q1_primary_replication/primary_nonoverlapping_trades.csv:268,,-44.239986,,,,,,-25.0,reject,non_positive_net,"profit_factor,max_drawdown_dollars,trades,largest_winner_share,net_without_largest",,0
reports/mnq_2025q1_primary_replication/primary_nonoverlapping_trades.csv,306,orb_vwap_prior_day,vwap_delta_rejection,orb_vwap_prior_day:vwap_delta_rejection:reports/mnq_2025q1_primary_replication/primary_nonoverlapping_trades.csv:306,,-45.239999,,,,,,-25.0,reject,non_positive_net,"profit_factor,max_drawdown_dollars,trades,largest_winner_share,net_without_largest",,0
reports/mnq_2025q1_primary_replication/primary_nonoverlapping_trades.csv,29,orb_vwap_prior_day,vwap_delta_rejection,orb_vwap_prior_day:vwap_delta_rejection:reports/mnq_2025q1_primary_replication/primary_nonoverlapping_trades.csv:29,,-45.739989,,,,,,-25.0,reject,non_positive_net,"profit_factor,max_drawdown_dollars,trades,largest_winner_share,net_without_largest",,0
reports/mnq_2025q1_primary_replication/primary_nonoverlapping_trades.csv,265,orb_vwap_prior_day,vwap_delta_rejection,orb_vwap_prior_day:vwap_delta_rejection:reports/mnq_2025q1_primary_replication/primary_nonoverlapping_trades.csv:265,,-45.739989,,,,,,-25.0,reject,non_positive_net,"profit_factor,max_drawdown_dollars,trades,largest_winner_share,net_without_largest",,0
reports/mnq_2025q1_primary_replication/primary_nonoverlapping_trades.csv,225,orb_vwap_prior_day,vwap_delta_rejection,orb_vwap_prior_day:vwap_delta_rejection:reports/mnq_2025q1_primary_replication/primary_nonoverlapping_trades.csv:225,,-47.7400105,,,,,,-25.0,reject,non_positive_net,"profit_factor,max_drawdown_dollars,trades,largest_winner_share,net_without_largest",,0
reports/mnq_2025q1_primary_replication/primary_nonoverlapping_trades.csv,378,orb_vwap_prior_day,vwap_delta_rejection,orb_vwap_prior_day:vwap_delta_rejection:reports/mnq_2025q1_primary_replication/primary_nonoverlapping_trades.csv:378,,-49.24002,,,,,,-25.0,reject,non_positive_net,"profit_factor,max_drawdown_dollars,trades,largest_winner_share,net_without_largest",,0
reports/mnq_2025q1_primary_replication/primary_nonoverlapping_trades.csv,18,orb_vwap_prior_day,vwap_delta_rejection,orb_vwap_prior_day:vwap_delta_rejection:reports/mnq_2025q1_primary_replication/primary_nonoverlapping_trades.csv:18,,-50.240016,,,,,,-25.0,reject,non_positive_net,"profit_factor,max_drawdown_dollars,trades,largest_winner_share,net_without_largest",,0
reports/mnq_2025q1_primary_replication/primary_nonoverlapping_trades.csv,339,orb_vwap_prior_day,vwap_delta_rejection,orb_vwap_prior_day:vwap_delta_rejection:reports/mnq_2025q1_primary_replication/primary_nonoverlapping_trades.csv:339,,-50.740021,,,,,,-25.0,reject,non_positive_net,"profit_factor,max_drawdown_dollars,trades,largest_winner_share,net_without_largest",,0
reports/mnq_2025q1_primary_replication/primary_nonoverlapping_trades.csv,120,orb_vwap_prior_day,vwap_delta_rejection,orb_vwap_prior_day:vwap_delta_rejection:reports/mnq_2025q1_primary_replication/primary_nonoverlapping_trades.csv:120,,-52.24,,,,,,-25.0,reject,non_positive_net,"profit_factor,max_drawdown_dollars,trades,largest_winner_share,net_without_largest",,0
reports/mnq_2025q1_primary_replication/primary_nonoverlapping_trades.csv,61,orb_vwap_prior_day,vwap_delta_rejection,orb_vwap_prior_day:vwap_delta_rejection:reports/mnq_2025q1_primary_replication/primary_nonoverlapping_trades.csv:61,,-52.739978,,,,,,-25.0,reject,non_positive_net,"profit_factor,max_drawdown_dollars,trades,largest_winner_share,net_without_largest",,0
reports/mnq_2025q1_primary_replication/primary_nonoverlapping_trades.csv,151,orb_vwap_prior_day,vwap_delta_rejection,orb_vwap_prior_day:vwap_delta_rejection:reports/mnq_2025q1_primary_replication/primary_nonoverlapping_trades.csv:151,,-53.240022,,,,,,-25.0,reject,non_positive_net,"profit_factor,max_drawdown_dollars,trades,largest_winner_share,net_without_largest",,0
reports/mnq_2025q1_primary_replication/primary_nonoverlapping_trades.csv,74,orb_vwap_prior_day,vwap_delta_rejection,orb_vwap_prior_day:vwap_delta_rejection:reports/mnq_2025q1_primary_replication/primary_nonoverlapping_trades.csv:74,,-54.240004,,,,,,-25.0,reject,non_positive_net,"profit_factor,max_drawdown_dollars,trades,largest_winner_share,net_without_largest",,0
reports/mnq_2025q1_primary_replication/primary_nonoverlapping_trades.csv,142,orb_vwap_prior_day,vwap_delta_rejection,orb_vwap_prior_day:vwap_delta_rejection:reports/mnq_2025q1_primary_replication/primary_nonoverlapping_trades.csv:142,,-55.239992,,,,,,-25.0,reject,non_positive_net,"profit_factor,max_drawdown_dollars,trades,largest_winner_share,net_without_largest",,0
reports/mnq_2025q1_primary_replication/primary_nonoverlapping_trades.csv,178,orb_vwap_prior_day,vwap_delta_rejection,orb_vwap_prior_day:vwap_delta_rejection:reports/mnq_2025q1_primary_replication/primary_nonoverlapping_trades.csv:178,,-57.73998,,,,,,-25.0,reject,non_positive_net,"profit_factor,max_drawdown_dollars,trades,largest_winner_share,net_without_largest",,0
reports/mnq_2025q1_primary_replication/primary_nonoverlapping_trades.csv,397,orb_vwap_prior_day,vwap_delta_rejection,orb_vwap_prior_day:vwap_delta_rejection:reports/mnq_2025q1_primary_replication/primary_nonoverlapping_trades.csv:397,,-59.7400275,,,,,,-25.0,reject,non_positive_net,"profit_factor,max_drawdown_dollars,trades,largest_winner_share,net_without_largest",,0
reports/mnq_2025q1_primary_replication/primary_nonoverlapping_trades.csv,161,orb_vwap_prior_day,vwap_delta_rejection,orb_vwap_prior_day:vwap_delta_rejection:reports/mnq_2025q1_primary_replication/primary_nonoverlapping_trades.csv:161,,-61.239994,,,,,,-25.0,reject,non_positive_net,"profit_factor,max_drawdown_dollars,trades,largest_winner_share,net_without_largest",,0
reports/mnq_2025q1_primary_replication/primary_nonoverlapping_trades.csv,387,orb_vwap_prior_day,vwap_delta_rejection,orb_vwap_prior_day:vwap_delta_rejection:reports/mnq_2025q1_primary_replication/primary_nonoverlapping_trades.csv:387,,-64.239998,,,,,,-25.0,reject,non_positive_net,"profit_factor,max_drawdown_dollars,trades,largest_winner_share,net_without_largest",,0
reports/mnq_2025q1_primary_replication/primary_nonoverlapping_trades.csv,337,orb_vwap_prior_day,vwap_delta_rejection,orb_vwap_prior_day:vwap_delta_rejection:reports/mnq_2025q1_primary_replication/primary_nonoverlapping_trades.csv:337,,-64.74,,,,,,-25.0,reject,non_positive_net,"profit_factor,max_drawdown_dollars,trades,largest_winner_share,net_without_largest",,0
reports/mnq_2025q1_primary_replication/primary_nonoverlapping_trades.csv,261,orb_vwap_prior_day,vwap_delta_rejection,orb_vwap_prior_day:vwap_delta_rejection:reports/mnq_2025q1_primary_replication/primary_nonoverlapping_trades.csv:261,,-65.240028,,,,,,-25.0,reject,non_positive_net,"profit_factor,max_drawdown_dollars,trades,largest_winner_share,net_without_largest",,0
reports/mnq_2025q1_primary_replication/primary_nonoverlapping_trades.csv,405,orb_vwap_prior_day,vwap_delta_rejection,orb_vwap_prior_day:vwap_delta_rejection:reports/mnq_2025q1_primary_replication/primary_nonoverlapping_trades.csv:405,,-65.740026,,,,,,-25.0,reject,non_positive_net,"profit_factor,max_drawdown_dollars,trades,largest_winner_share,net_without_largest",,0
reports/mnq_2025q1_primary_replication/primary_nonoverlapping_trades.csv,152,orb_vwap_prior_day,vwap_delta_rejection,orb_vwap_prior_day:vwap_delta_rejection:reports/mnq_2025q1_primary_replication/primary_nonoverlapping_trades.csv:152,,-67.24003,,,,,,-25.0,reject,non_positive_net,"profit_factor,max_drawdown_dollars,trades,largest_winner_share,net_without_largest",,0
reports/mnq_2025q1_primary_replication/primary_nonoverlapping_trades.csv,355,orb_vwap_prior_day,vwap_delta_rejection,orb_vwap_prior_day:vwap_delta_rejection:reports/mnq_2025q1_primary_replication/primary_nonoverlapping_trades.csv:355,,-68.239974,,,,,,-25.0,reject,non_positive_net,"profit_factor,max_drawdown_dollars,trades,largest_winner_share,net_without_largest",,0
reports/mnq_2025q1_primary_replication/primary_nonoverlapping_trades.csv,53,orb_vwap_prior_day,vwap_delta_rejection,orb_vwap_prior_day:vwap_delta_rejection:reports/mnq_2025q1_primary_replication/primary_nonoverlapping_trades.csv:53,,-73.239979,,,,,,-25.0,reject,non_positive_net,"profit_factor,max_drawdown_dollars,trades,largest_winner_share,net_without_largest",,0
reports/mnq_2025q1_primary_replication/primary_nonoverlapping_trades.csv,95,orb_vwap_prior_day,vwap_delta_rejection,orb_vwap_prior_day:vwap_delta_rejection:reports/mnq_2025q1_primary_replication/primary_nonoverlapping_trades.csv:95,,-73.7400235,,,,,,-25.0,reject,non_positive_net,"profit_factor,max_drawdown_dollars,trades,largest_winner_share,net_without_largest",,0
reports/mnq_2025q1_primary_replication/primary_nonoverlapping_trades.csv,336,orb_vwap_prior_day,vwap_delta_rejection,orb_vwap_prior_day:vwap_delta_rejection:reports/mnq_2025q1_primary_replication/primary_nonoverlapping_trades.csv:336,,-81.739992,,,,,,-25.0,reject,non_positive_net,"profit_factor,max_drawdown_dollars,trades,largest_winner_share,net_without_largest",,0
reports/mnq_2025q1_primary_replication/primary_nonoverlapping_trades.csv,141,orb_vwap_prior_day,vwap_delta_rejection,orb_vwap_prior_day:vwap_delta_rejection:reports/mnq_2025q1_primary_replication/primary_nonoverlapping_trades.csv:141,,-89.239989,,,,,,-25.0,reject,non_positive_net,"profit_factor,max_drawdown_dollars,trades,largest_winner_share,net_without_largest",,0
reports/mnq_2025q1_primary_replication/primary_nonoverlapping_trades.csv,160,orb_vwap_prior_day,vwap_delta_rejection,orb_vwap_prior_day:vwap_delta_rejection:reports/mnq_2025q1_primary_replication/primary_nonoverlapping_trades.csv:160,,-119.239965,,,,,,-25.0,reject,non_positive_net,"profit_factor,max_drawdown_dollars,trades,largest_winner_share,net_without_largest",,0
reports/pattern_ml_20260612/payoff_asymmetry/cohort_payoff.csv,8,unknown_other,cohort_payoff,unknown_other:cohort_payoff:reports/pattern_ml_20260612/payoff_asymmetry/cohort_payoff.csv:8,,-51.1800125,0.8081709,198.7800385,16.0,0.31546236,,-27.0,reject,"non_positive_net,weak_pf,thin_sample,preferred_drawdown,largest_share_ok",net_without_largest,,0
reports/pattern_ml_20260612/payoff_asymmetry/cohort_payoff.csv,13,unknown_other,cohort_payoff,unknown_other:cohort_payoff:reports/pattern_ml_20260612/payoff_asymmetry/cohort_payoff.csv:13,,-82.5599405,0.83897654,204.6399575,22.0,0.2325181,,-27.0,reject,"non_positive_net,weak_pf,thin_sample,preferred_drawdown,largest_share_ok",net_without_largest,,0
reports/pattern_ml_20260612/payoff_asymmetry/cohort_payoff.csv,24,unknown_other,cohort_payoff,unknown_other:cohort_payoff:reports/pattern_ml_20260612/payoff_asymmetry/cohort_payoff.csv:24,,-154.659988,0.46253825,222.259994,17.0,0.33072877,,-27.0,reject,"non_positive_net,weak_pf,thin_sample,preferred_drawdown,largest_share_ok",net_without_largest,,0
reports/pattern_ml_20260612/payoff_asymmetry/cohort_payoff.csv,3,unknown_other,cohort_payoff,unknown_other:cohort_payoff:reports/pattern_ml_20260612/payoff_asymmetry/cohort_payoff.csv:3,,-174.9799795,0.70795783,344.0599725,26.0,0.22636612,,-27.0,reject,"non_positive_net,weak_pf,thin_sample,preferred_drawdown,largest_share_ok",net_without_largest,,0
reports/pattern_ml_20260612/payoff_asymmetry/cohort_payoff.csv,14,unknown_other,cohort_payoff,unknown_other:cohort_payoff:reports/pattern_ml_20260612/payoff_asymmetry/cohort_payoff.csv:14,,-212.020005,0.59004602,364.180002,24.0,0.29826977,,-27.0,reject,"non_positive_net,weak_pf,thin_sample,preferred_drawdown,largest_share_ok",net_without_largest,,0
reports/mnq_2025q1_primary_replication/mnq_databento_day_regime_strategies.csv,1,orb_vwap_prior_day,vwap_delta_rejection,orb_vwap_prior_day:vwap_delta_rejection:reports/mnq_2025q1_primary_replication/mnq_databento_day_regime_strategies.csv:1,,,1.015,,11.0,,,-27.0,reject,"weak_pf,thin_sample","net_dollars,max_drawdown_dollars,largest_winner_share,net_without_largest",,0
reports/mnq_2025q1_primary_replication/mnq_databento_day_regime_strategies.csv,2,orb_vwap_prior_day,vwap_delta_rejection,orb_vwap_prior_day:vwap_delta_rejection:reports/mnq_2025q1_primary_replication/mnq_databento_day_regime_strategies.csv:2,,,0.369,,4.0,,,-27.0,reject,"weak_pf,thin_sample","net_dollars,max_drawdown_dollars,largest_winner_share,net_without_largest",,0
reports/mnq_2025q1_primary_replication/mnq_databento_day_regime_strategies.csv,4,orb_vwap_prior_day,vwap_delta_rejection,orb_vwap_prior_day:vwap_delta_rejection:reports/mnq_2025q1_primary_replication/mnq_databento_day_regime_strategies.csv:4,,,0.355,,8.0,,,-27.0,reject,"weak_pf,thin_sample","net_dollars,max_drawdown_dollars,largest_winner_share,net_without_largest",,0
reports/pattern_ml_20260612/payoff_asymmetry/cohort_payoff.csv,20,unknown_other,cohort_payoff,unknown_other:cohort_payoff:reports/pattern_ml_20260612/payoff_asymmetry/cohort_payoff.csv:20,,-97.3799945,0.14877623,97.3799945,6.0,1.0,,-52.0,reject,"non_positive_net,weak_pf,thin_sample,preferred_drawdown,largest_share_high",net_without_largest,,0
reports/pattern_ml_20260612/payoff_asymmetry/cohort_payoff.csv,7,unknown_other,cohort_payoff,unknown_other:cohort_payoff:reports/pattern_ml_20260612/payoff_asymmetry/cohort_payoff.csv:7,,-193.8199655,0.32668667,261.879984,9.0,0.64887287,,-52.0,reject,"non_positive_net,weak_pf,thin_sample,preferred_drawdown,largest_share_high",net_without_largest,,0
reports/ema_forward_monitor_20260620/ema_forward_monitor_summary.csv,40,ema_pullback,ema_pullback_trend,ema_pullback:ema_pullback_trend:reports/ema_forward_monitor_20260620/ema_forward_monitor_summary.csv:40,fail,-182.57857142857245,0.6013804546829722,299.44000000000005,10.0,,-321.62428571428984,-70.0,reject,"non_positive_net,weak_pf,thin_sample,preferred_drawdown,largest_winner_dependency,source_status_negative",largest_winner_share,,0
reports/ema_forward_monitor_20260620/ema_forward_monitor_summary.csv,43,ema_pullback,ema_pullback_trend,ema_pullback:ema_pullback_trend:reports/ema_forward_monitor_20260620/ema_forward_monitor_summary.csv:43,fail,-182.57857142857245,0.6013804546829722,299.44000000000005,10.0,,-321.62428571428984,-70.0,reject,"non_positive_net,weak_pf,thin_sample,preferred_drawdown,largest_winner_dependency,source_status_negative",largest_winner_share,,0
reports/ema_forward_monitor_20260620/ema_forward_monitor_summary.csv,47,ema_pullback,ema_pullback_trend,ema_pullback:ema_pullback_trend:reports/ema_forward_monitor_20260620/ema_forward_monitor_summary.csv:47,fail,-192.57857142857245,0.5867653324913628,305.44000000000005,10.0,,-330.62428571428984,-70.0,reject,"non_positive_net,weak_pf,thin_sample,preferred_drawdown,largest_winner_dependency,source_status_negative",largest_winner_share,,0
reports/ema_forward_monitor_20260620/ema_forward_monitor_summary.csv,50,ema_pullback,ema_pullback_trend,ema_pullback:ema_pullback_trend:reports/ema_forward_monitor_20260620/ema_forward_monitor_summary.csv:50,fail,-192.57857142857245,0.5867653324913628,305.44000000000005,10.0,,-330.62428571428984,-70.0,reject,"non_positive_net,weak_pf,thin_sample,preferred_drawdown,largest_winner_dependency,source_status_negative",largest_winner_share,,0
reports/ema_forward_monitor_20260620/ema_forward_monitor_summary.csv,54,ema_pullback,ema_pullback_trend,ema_pullback:ema_pullback_trend:reports/ema_forward_monitor_20260620/ema_forward_monitor_summary.csv:54,fail,-202.57857142857245,0.5726435195091296,311.44000000000005,10.0,,-339.62428571428984,-70.0,reject,"non_positive_net,weak_pf,thin_sample,preferred_drawdown,largest_winner_dependency,source_status_negative",largest_winner_share,,0
reports/ema_forward_monitor_20260620/ema_forward_monitor_summary.csv,57,ema_pullback,ema_pullback_trend,ema_pullback:ema_pullback_trend:reports/ema_forward_monitor_20260620/ema_forward_monitor_summary.csv:57,fail,-202.57857142857245,0.5726435195091296,311.44000000000005,10.0,,-339.62428571428984,-70.0,reject,"non_positive_net,weak_pf,thin_sample,preferred_drawdown,largest_winner_dependency,source_status_negative",largest_winner_share,,0
reports/ema_forward_monitor_20260620/ema_forward_monitor_summary.csv,42,ema_pullback,ema_pullback_trend,ema_pullback:ema_pullback_trend:reports/ema_forward_monitor_20260620/ema_forward_monitor_summary.csv:42,fail,-202.5971428571449,0.0,0.0,1.0,,0.0,-70.0,reject,"non_positive_net,weak_pf,thin_sample,preferred_drawdown,largest_winner_dependency,source_status_negative",largest_winner_share,,0
reports/ema_forward_monitor_20260620/ema_forward_monitor_summary.csv,45,ema_pullback,ema_pullback_trend,ema_pullback:ema_pullback_trend:reports/ema_forward_monitor_20260620/ema_forward_monitor_summary.csv:45,fail,-202.5971428571449,0.0,0.0,1.0,,0.0,-70.0,reject,"non_positive_net,weak_pf,thin_sample,preferred_drawdown,largest_winner_dependency,source_status_negative",largest_winner_share,,0
reports/ema_forward_monitor_20260620/ema_forward_monitor_summary.csv,49,ema_pullback,ema_pullback_trend,ema_pullback:ema_pullback_trend:reports/ema_forward_monitor_20260620/ema_forward_monitor_summary.csv:49,fail,-203.5971428571449,0.0,0.0,1.0,,0.0,-70.0,reject,"non_positive_net,weak_pf,thin_sample,preferred_drawdown,largest_winner_dependency,source_status_negative",largest_winner_share,,0
reports/ema_forward_monitor_20260620/ema_forward_monitor_summary.csv,52,ema_pullback,ema_pullback_trend,ema_pullback:ema_pullback_trend:reports/ema_forward_monitor_20260620/ema_forward_monitor_summary.csv:52,fail,-203.5971428571449,0.0,0.0,1.0,,0.0,-70.0,reject,"non_positive_net,weak_pf,thin_sample,preferred_drawdown,largest_winner_dependency,source_status_negative",largest_winner_share,,0
reports/ema_forward_monitor_20260620/ema_forward_monitor_summary.csv,56,ema_pullback,ema_pullback_trend,ema_pullback:ema_pullback_trend:reports/ema_forward_monitor_20260620/ema_forward_monitor_summary.csv:56,fail,-204.5971428571449,0.0,0.0,1.0,,0.0,-70.0,reject,"non_positive_net,weak_pf,thin_sample,preferred_drawdown,largest_winner_dependency,source_status_negative",largest_winner_share,,0
reports/ema_forward_monitor_20260620/ema_forward_monitor_summary.csv,59,ema_pullback,ema_pullback_trend,ema_pullback:ema_pullback_trend:reports/ema_forward_monitor_20260620/ema_forward_monitor_summary.csv:59,fail,-204.5971428571449,0.0,0.0,1.0,,0.0,-70.0,reject,"non_positive_net,weak_pf,thin_sample,preferred_drawdown,largest_winner_dependency,source_status_negative",largest_winner_share,,0
reports/ema_forward_monitor_20260620/ema_forward_monitor_summary.csv,6,ema_pullback,ema_pullback_trend,ema_pullback:ema_pullback_trend:reports/ema_forward_monitor_20260620/ema_forward_monitor_summary.csv:6,fail,-247.18,0.7507691864484901,476.33714285714495,7.0,,-626.8685714285725,-70.0,reject,"non_positive_net,weak_pf,thin_sample,preferred_drawdown,largest_winner_dependency,source_status_negative",largest_winner_share,,0
reports/ema_forward_monitor_20260620/ema_forward_monitor_summary.csv,19,ema_pullback,ema_pullback_trend,ema_pullback:ema_pullback_trend:reports/ema_forward_monitor_20260620/ema_forward_monitor_summary.csv:19,fail,-254.18,0.7449967036431906,478.33714285714495,7.0,,-632.8685714285725,-70.0,reject,"non_positive_net,weak_pf,thin_sample,preferred_drawdown,largest_winner_dependency,source_status_negative",largest_winner_share,,0
reports/ema_forward_monitor_20260620/ema_forward_monitor_summary.csv,32,ema_pullback,ema_pullback_trend,ema_pullback:ema_pullback_trend:reports/ema_forward_monitor_20260620/ema_forward_monitor_summary.csv:32,fail,-261.18,0.7392818435913522,480.33714285714495,7.0,,-638.8685714285725,-70.0,reject,"non_positive_net,weak_pf,thin_sample,preferred_drawdown,largest_winner_dependency,source_status_negative",largest_winner_share,,0
reports/ema_forward_monitor_20260620/ema_forward_monitor_summary.csv,4,ema_pullback,ema_pullback_trend,ema_pullback:ema_pullback_trend:reports/ema_forward_monitor_20260620/ema_forward_monitor_summary.csv:4,fail,-428.5685714285653,0.6846090282318902,1009.95,11.0,,-953.1857142857102,-70.0,reject,"non_positive_net,weak_pf,thin_sample,preferred_drawdown,largest_winner_dependency,source_status_negative",largest_winner_share,,0
reports/ema_forward_monitor_20260620/ema_forward_monitor_summary.csv,17,ema_pullback,ema_pullback_trend,ema_pullback:ema_pullback_trend:reports/ema_forward_monitor_20260620/ema_forward_monitor_summary.csv:17,fail,-439.5685714285653,0.6784072642596051,1014.95,11.0,,-963.1857142857102,-70.0,reject,"non_positive_net,weak_pf,thin_sample,preferred_drawdown,largest_winner_dependency,source_status_negative",largest_winner_share,,0
reports/ema_forward_monitor_20260620/ema_forward_monitor_summary.csv,30,ema_pullback,ema_pullback_trend,ema_pullback:ema_pullback_trend:reports/ema_forward_monitor_20260620/ema_forward_monitor_summary.csv:30,fail,-450.5685714285653,0.6722776742165938,1019.95,11.0,,-973.1857142857102,-70.0,reject,"non_positive_net,weak_pf,thin_sample,preferred_drawdown,largest_winner_dependency,source_status_negative",largest_winner_share,,0
reports/ema_forward_monitor_20260620/ema_forward_monitor_summary.csv,1,ema_pullback,ema_pullback_trend,ema_pullback:ema_pullback_trend:reports/ema_forward_monitor_20260620/ema_forward_monitor_summary.csv:1,fail,-528.0585714285726,0.6628246070600112,781.2457142857102,12.0,,-1093.0328571428552,-70.0,reject,"non_positive_net,weak_pf,thin_sample,preferred_drawdown,largest_winner_dependency,source_status_negative",largest_winner_share,,0
reports/ema_forward_monitor_20260620/ema_forward_monitor_summary.csv,14,ema_pullback,ema_pullback_trend,ema_pullback:ema_pullback_trend:reports/ema_forward_monitor_20260620/ema_forward_monitor_summary.csv:14,fail,-540.0585714285726,0.6571327251273582,785.2457142857102,12.0,,-1104.0328571428552,-70.0,reject,"non_positive_net,weak_pf,thin_sample,preferred_drawdown,largest_winner_dependency,source_status_negative",largest_winner_share,,0
reports/ema_forward_monitor_20260620/ema_forward_monitor_summary.csv,27,ema_pullback,ema_pullback_trend,ema_pullback:ema_pullback_trend:reports/ema_forward_monitor_20260620/ema_forward_monitor_summary.csv:27,fail,-552.0585714285726,0.6515055185965734,789.2457142857102,12.0,,-1115.0328571428552,-70.0,reject,"non_positive_net,weak_pf,thin_sample,preferred_drawdown,largest_winner_dependency,source_status_negative",largest_winner_share,,0
reports/ema_forward_monitor_20260620/ema_forward_monitor_summary.csv,41,ema_pullback,ema_pullback_trend,ema_pullback:ema_pullback_trend:reports/ema_forward_monitor_20260620/ema_forward_monitor_summary.csv:41,fail,-901.9971428571378,0.4443689598913043,719.8999999999928,11.0,,-1311.6142857142827,-70.0,reject,"non_positive_net,weak_pf,thin_sample,preferred_drawdown,largest_winner_dependency,source_status_negative",largest_winner_share,,0
reports/ema_forward_monitor_20260620/ema_forward_monitor_summary.csv,44,ema_pullback,ema_pullback_trend,ema_pullback:ema_pullback_trend:reports/ema_forward_monitor_20260620/ema_forward_monitor_summary.csv:44,fail,-901.9971428571378,0.4443689598913043,719.8999999999928,11.0,,-1311.6142857142827,-70.0,reject,"non_positive_net,weak_pf,thin_sample,preferred_drawdown,largest_winner_dependency,source_status_negative",largest_winner_share,,0
reports/ema_forward_monitor_20260620/ema_forward_monitor_summary.csv,48,ema_pullback,ema_pullback_trend,ema_pullback:ema_pullback_trend:reports/ema_forward_monitor_20260620/ema_forward_monitor_summary.csv:48,fail,-912.9971428571378,0.4406937484575512,729.8999999999928,11.0,,-1321.6142857142827,-70.0,reject,"non_positive_net,weak_pf,thin_sample,preferred_drawdown,largest_winner_dependency,source_status_negative",largest_winner_share,,0
reports/ema_forward_monitor_20260620/ema_forward_monitor_summary.csv,51,ema_pullback,ema_pullback_trend,ema_pullback:ema_pullback_trend:reports/ema_forward_monitor_20260620/ema_forward_monitor_summary.csv:51,fail,-912.9971428571378,0.4406937484575512,729.8999999999928,11.0,,-1321.6142857142827,-70.0,reject,"non_positive_net,weak_pf,thin_sample,preferred_drawdown,largest_winner_dependency,source_status_negative",largest_winner_share,,0
reports/ema_forward_monitor_20260620/ema_forward_monitor_summary.csv,55,ema_pullback,ema_pullback_trend,ema_pullback:ema_pullback_trend:reports/ema_forward_monitor_20260620/ema_forward_monitor_summary.csv:55,fail,-923.9971428571378,0.4370588409364299,739.8999999999928,11.0,,-1331.6142857142827,-70.0,reject,"non_positive_net,weak_pf,thin_sample,preferred_drawdown,largest_winner_dependency,source_status_negative",largest_winner_share,,0
reports/ema_forward_monitor_20260620/ema_forward_monitor_summary.csv,58,ema_pullback,ema_pullback_trend,ema_pullback:ema_pullback_trend:reports/ema_forward_monitor_20260620/ema_forward_monitor_summary.csv:58,fail,-923.9971428571378,0.4370588409364299,739.8999999999928,11.0,,-1331.6142857142827,-70.0,reject,"non_positive_net,weak_pf,thin_sample,preferred_drawdown,largest_winner_dependency,source_status_negative",largest_winner_share,,0
reports/ema_forward_monitor_20260620/ema_forward_monitor_summary.csv,39,ema_pullback,ema_pullback_trend,ema_pullback:ema_pullback_trend:reports/ema_forward_monitor_20260620/ema_forward_monitor_summary.csv:39,fail,-1287.1728571428553,0.4364388519132186,1404.0342857142828,22.0,,-1696.7900000000002,-70.0,reject,"non_positive_net,weak_pf,thin_sample,preferred_drawdown,largest_winner_dependency,source_status_negative",largest_winner_share,,0
reports/ema_forward_monitor_20260620/ema_forward_monitor_summary.csv,46,ema_pullback,ema_pullback_trend,ema_pullback:ema_pullback_trend:reports/ema_forward_monitor_20260620/ema_forward_monitor_summary.csv:46,fail,-1309.1728571428553,0.4312885883632805,1422.0342857142828,22.0,,-1717.7900000000002,-70.0,reject,"non_positive_net,weak_pf,thin_sample,preferred_drawdown,largest_winner_dependency,source_status_negative",largest_winner_share,,0
reports/ema_forward_monitor_20260620/ema_forward_monitor_summary.csv,53,ema_pullback,ema_pullback_trend,ema_pullback:ema_pullback_trend:reports/ema_forward_monitor_20260620/ema_forward_monitor_summary.csv:53,fail,-1331.1728571428553,0.4262182427452246,1440.0342857142828,22.0,,-1738.7900000000002,-70.0,reject,"non_positive_net,weak_pf,thin_sample,preferred_drawdown,largest_winner_dependency,source_status_negative",largest_winner_share,,0
