root,session_date,first_hour_open,first_hour_high,first_hour_low,first_hour_close,first_hour_volume,first_hour_minutes,first_hour_timestamp_first,first_hour_timestamp_last,first_hour_vwap,globex_open,globex_high,globex_low,globex_close,globex_volume,globex_minutes,globex_timestamp_first,globex_timestamp_last,rest_rth_open,rest_rth_high,rest_rth_low,rest_rth_close,rest_rth_volume,rest_rth_minutes,rest_rth_timestamp_first,rest_rth_timestamp_last,rotation_count,nonzero_close_move_count,chop_index,globex_range,first_hour_range,rest_rth_range,rest_rth_range_div_first_hour_range,rest_rth_trendiness,rest_rth_signed_trendiness,trapped_state,broken_up,broken_down,broken_both,state,sub_state,near_boundary_but_not_broken,new_rth_high_after_10_30,new_rth_low_after_10_30,new_rth_high_or_low_after_10_30,new_session_high_after_10_30,new_session_low_after_10_30,new_session_high_or_low_after_10_30,close_location_within_rth_range,first_hour_vwap_cross_count,first_hour_vwap_cross_rate
MNQ,2023-01-03,11119.5,11181.75,10925.25,10948.75,257846,60,2023-01-03T14:30:00+00:00,2023-01-03T15:29:00+00:00,11045.506685191936,11117.0,11170.75,10951.75,11119.25,370758,930,2023-01-02T23:00:00+00:00,2023-01-03T14:29:00+00:00,10949.0,10986.25,10844.25,10942.5,434797,330,2023-01-03T15:30:00+00:00,2023-01-03T20:59:00+00:00,171,321,0.534375,219.0,256.5,142.0,0.5536062378167641,0.045774647887323945,-0.045774647887323945,False,True,True,True,broken,broken_both,False,False,True,True,False,True,True,0.2911111111111111,0,0.0
MNQ,2023-01-04,11033.75,11046.75,10863.25,10913.5,319316,60,2023-01-04T14:30:00+00:00,2023-01-04T15:29:00+00:00,10960.427468140235,10941.75,11051.25,10923.25,11034.0,271917,930,2023-01-03T23:00:00+00:00,2023-01-04T14:29:00+00:00,10913.75,11068.0,10876.25,10996.5,604022,330,2023-01-04T15:30:00+00:00,2023-01-04T20:59:00+00:00,165,324,0.5108359133126935,128.0,183.5,191.75,1.0449591280653951,0.4315514993481095,0.4315514993481095,False,False,True,False,broken,broken_down,False,True,False,True,True,False,True,0.6507936507936508,40,0.12121212121212122
MNQ,2023-01-05,10922.25,10927.25,10814.75,10873.0,263800,60,2023-01-05T14:30:00+00:00,2023-01-05T15:29:00+00:00,10867.51579353045,10983.75,11046.25,10889.25,10922.5,323096,930,2023-01-04T23:00:00+00:00,2023-01-05T14:29:00+00:00,10872.5,10913.75,10804.75,10820.25,509721,330,2023-01-05T15:30:00+00:00,2023-01-05T20:59:00+00:00,138,315,0.4394904458598726,157.0,112.5,109.0,0.9688888888888889,0.4793577981651376,-0.4793577981651376,False,False,True,False,broken,broken_down,False,False,True,True,False,True,True,0.12653061224489795,48,0.14545454545454545
MNQ,2023-01-06,10890.5,10945.0,10766.5,10892.0,335779,60,2023-01-06T14:30:00+00:00,2023-01-06T15:29:00+00:00,10866.230481705725,10837.75,10969.25,10751.0,10891.0,385437,930,2023-01-05T23:00:00+00:00,2023-01-06T14:29:00+00:00,10892.0,11166.0,10887.75,11114.25,538520,330,2023-01-06T15:30:00+00:00,2023-01-06T20:59:00+00:00,168,321,0.525,218.25,178.5,278.25,1.5588235294117647,0.7987421383647799,0.7987421383647799,True,False,False,False,trapped,trapped,False,True,False,True,True,False,True,0.8704630788485607,0,0.0
MNQ,2023-01-09,11199.5,11325.25,11194.5,11300.5,241882,60,2023-01-09T14:30:00+00:00,2023-01-09T15:29:00+00:00,11267.229409036912,11128.75,11205.5,11120.25,11199.75,257626,930,2023-01-08T23:00:00+00:00,2023-01-09T14:29:00+00:00,11300.75,11385.5,11161.0,11187.75,564760,330,2023-01-09T15:30:00+00:00,2023-01-09T20:59:00+00:00,166,325,0.5123456790123457,85.25,130.75,224.5,1.717017208413002,0.5033407572383074,-0.5033407572383074,False,True,False,False,broken,broken_up,False,True,True,True,True,False,True,0.11915367483296214,14,0.04242424242424243
MNQ,2023-01-10,11143.0,11283.25,11137.75,11207.75,309368,60,2023-01-10T14:30:00+00:00,2023-01-10T15:29:00+00:00,11211.457920125331,11181.25,11205.75,11094.25,11143.0,294074,930,2023-01-09T23:00:00+00:00,2023-01-10T14:29:00+00:00,11208.25,11286.0,11120.75,11285.5,555823,330,2023-01-10T15:30:00+00:00,2023-01-10T20:59:00+00:00,179,324,0.5541795665634675,111.5,145.5,165.25,1.1357388316151202,0.46747352496217853,0.46747352496217853,False,True,False,False,broken,broken_up,False,True,True,True,True,False,True,0.9969742813918305,25,0.07575757575757576
MNQ,2023-01-11,11323.75,11388.0,11290.75,11386.25,227733,60,2023-01-11T14:30:00+00:00,2023-01-11T15:29:00+00:00,11343.672111273583,11281.75,11334.25,11239.5,11323.5,210469,930,2023-01-10T23:00:00+00:00,2023-01-11T14:29:00+00:00,11386.5,11479.5,11313.25,11476.0,512005,330,2023-01-11T15:30:00+00:00,2023-01-11T20:59:00+00:00,165,319,0.5188679245283019,94.75,97.25,166.25,1.7095115681233932,0.5383458646616541,0.5383458646616541,False,True,False,False,broken,broken_up,False,True,False,True,True,False,True,0.9814569536423841,13,0.03939393939393939
MNQ,2023-01-12,11490.25,11518.5,11311.0,11465.5,352930,60,2023-01-12T14:30:00+00:00,2023-01-12T15:29:00+00:00,11425.687710735838,11471.75,11580.0,11288.5,11490.25,423370,930,2023-01-11T23:00:00+00:00,2023-01-12T14:29:00+00:00,11465.75,11575.25,11388.25,11531.25,725282,330,2023-01-12T15:30:00+00:00,2023-01-12T20:59:00+00:00,166,327,0.50920245398773,291.5,207.5,187.0,0.9012048192771084,0.3502673796791444,0.3502673796791444,True,False,False,False,trapped,trapped,False,True,False,True,False,False,False,0.8334910122989593,20,0.06060606060606061
MNQ,2023-01-13,11424.5,11522.0,11408.5,11518.25,226477,60,2023-01-13T14:30:00+00:00,2023-01-13T15:29:00+00:00,11464.502816695145,11529.75,11536.25,11389.5,11424.25,276776,930,2023-01-12T23:00:00+00:00,2023-01-13T14:29:00+00:00,11518.5,11619.25,11453.75,11607.75,517310,330,2023-01-13T15:30:00+00:00,2023-01-13T20:59:00+00:00,156,321,0.4875,146.75,113.5,165.5,1.4581497797356828,0.5392749244712991,0.5392749244712991,True,False,False,False,trapped,trapped,False,True,False,True,True,False,True,0.9454329774614472,12,0.03636363636363636
MNQ,2023-01-16,11590.5,11611.0,11581.5,11587.75,28333,60,2023-01-16T14:30:00+00:00,2023-01-16T15:29:00+00:00,11597.31037718091,11612.5,11638.25,11510.25,11590.75,166013,930,2023-01-15T23:00:00+00:00,2023-01-16T14:29:00+00:00,11587.5,11600.25,11560.5,11564.25,33125,150,2023-01-16T15:30:00+00:00,2023-01-16T17:59:00+00:00,72,139,0.5217391304347826,128.0,29.5,39.75,1.347457627118644,0.5849056603773585,-0.5849056603773585,True,False,False,False,trapped,trapped,False,False,True,True,False,False,False,0.07425742574257425,11,0.07333333333333333
MNQ,2023-01-17,11598.5,11685.0,11549.25,11658.25,242894,60,2023-01-17T14:30:00+00:00,2023-01-17T15:29:00+00:00,11623.197961525058,11571.5,11604.25,11530.0,11598.5,236313,930,2023-01-16T23:00:00+00:00,2023-01-17T14:29:00+00:00,11658.25,11663.75,11555.0,11627.0,481484,330,2023-01-17T15:30:00+00:00,2023-01-17T20:59:00+00:00,177,321,0.553125,74.25,135.75,108.75,0.8011049723756906,0.28735632183908044,-0.28735632183908044,False,True,False,False,broken,broken_up,False,False,False,False,False,False,False,0.572744014732965,49,0.1484848484848485
MNQ,2023-01-18,11694.75,11759.5,11672.25,11717.25,281138,60,2023-01-18T14:30:00+00:00,2023-01-18T15:29:00+00:00,11710.260046074643,11622.0,11721.75,11582.0,11695.0,313367,930,2023-01-17T23:00:00+00:00,2023-01-18T14:29:00+00:00,11717.5,11719.0,11470.75,11479.5,672286,330,2023-01-18T15:30:00+00:00,2023-01-18T20:59:00+00:00,177,323,0.5496894409937888,139.75,87.25,248.25,2.845272206303725,0.9587109768378651,-0.9587109768378651,False,True,False,False,broken,broken_up,False,False,True,True,False,True,True,0.030303030303030304,1,0.0030303030303030303
MNQ,2023-01-19,11407.5,11446.75,11349.0,11379.75,262842,60,2023-01-19T14:30:00+00:00,2023-01-19T15:29:00+00:00,11394.448766432562,11470.0,11486.75,11344.75,11407.5,293690,930,2023-01-18T23:00:00+00:00,2023-01-19T14:29:00+00:00,11379.75,11454.5,11308.5,11360.5,601101,330,2023-01-19T15:30:00+00:00,2023-01-19T20:59:00+00:00,143,326,0.44,142.0,97.75,146.0,1.4936061381074168,0.13184931506849315,-0.13184931506849315,True,False,False,False,trapped,trapped,True,True,True,True,False,True,True,0.3561643835616438,21,0.06363636363636363
MNQ,2023-01-20,11428.25,11491.5,11383.0,11487.0,230741,60,2023-01-20T14:30:00+00:00,2023-01-20T15:29:00+00:00,11443.407178394824,11405.5,11448.25,11365.25,11428.5,208346,930,2023-01-19T23:00:00+00:00,2023-01-20T14:29:00+00:00,11486.75,11686.0,11456.0,11675.75,577020,330,2023-01-20T15:30:00+00:00,2023-01-20T20:59:00+00:00,165,323,0.5124223602484472,83.0,108.5,230.0,2.119815668202765,0.8217391304347826,0.8217391304347826,False,True,False,False,broken,broken_up,False,True,False,True,True,False,True,0.9661716171617162,0,0.0
MNQ,2023-01-23,11704.0,11859.5,11671.75,11850.25,254506,60,2023-01-23T14:30:00+00:00,2023-01-23T15:29:00+00:00,11779.718999421102,11677.75,11723.5,11650.25,11704.0,194623,930,2023-01-22T23:00:00+00:00,2023-01-23T14:29:00+00:00,11850.5,11983.0,11843.5,11931.25,617093,330,2023-01-23T15:30:00+00:00,2023-01-23T20:59:00+00:00,174,323,0.5403726708074534,73.25,187.75,139.5,0.7430093209054593,0.578853046594982,0.578853046594982,False,True,False,False,broken,broken_up,False,True,False,True,True,False,True,0.8337349397590361,0,0.0
MNQ,2023-01-24,11860.0,11951.75,11838.0,11899.0,271672,60,2023-01-24T14:30:00+00:00,2023-01-24T15:29:00+00:00,11888.056826185008,11933.0,11944.5,11835.75,11859.5,186713,930,2023-01-23T23:00:00+00:00,2023-01-24T14:29:00+00:00,11899.25,11942.75,11857.25,11905.5,479846,330,2023-01-24T15:30:00+00:00,2023-01-24T20:59:00+00:00,179,328,0.5474006116207951,108.75,113.75,85.5,0.7516483516483516,0.07309941520467836,0.07309941520467836,False,True,False,False,broken,broken_up,False,False,False,False,False,False,False,0.5934065934065934,12,0.03636363636363636
MNQ,2023-01-25,11712.5,11723.75,11614.25,11647.0,286233,60,2023-01-25T14:30:00+00:00,2023-01-25T15:29:00+00:00,11664.146304176433,11973.0,11976.5,11701.5,11712.5,284621,930,2023-01-24T23:00:00+00:00,2023-01-25T14:29:00+00:00,11647.25,11902.5,11604.5,11875.0,658513,330,2023-01-25T15:30:00+00:00,2023-01-25T20:59:00+00:00,162,321,0.50625,275.0,109.5,298.0,2.721461187214612,0.764261744966443,0.764261744966443,False,False,True,False,broken,broken_down,False,True,True,True,False,True,True,0.9077181208053692,11,0.03333333333333333
MNQ,2023-01-26,12017.75,12075.0,11947.0,12022.5,275988,60,2023-01-26T14:30:00+00:00,2023-01-26T15:29:00+00:00,12008.973785092103,11875.0,12026.0,11867.25,12017.75,287156,930,2023-01-25T23:00:00+00:00,2023-01-26T14:29:00+00:00,12022.0,12111.5,11904.0,12104.75,563169,330,2023-01-26T15:30:00+00:00,2023-01-26T20:59:00+00:00,152,324,0.47058823529411764,158.75,128.0,207.5,1.62109375,0.39879518072289155,0.39879518072289155,False,True,False,False,broken,broken_up,False,True,True,True,True,False,True,0.9674698795180723,32,0.09696969696969697
MNQ,2023-01-27,12047.0,12192.5,12041.75,12167.25,254386,60,2023-01-27T14:30:00+00:00,2023-01-27T15:29:00+00:00,12130.567458507934,12050.25,12083.5,12016.0,12047.0,221255,930,2023-01-26T23:00:00+00:00,2023-01-27T14:29:00+00:00,12167.25,12308.0,12092.5,12223.0,652563,330,2023-01-27T15:30:00+00:00,2023-01-27T20:59:00+00:00,173,328,0.5290519877675841,67.5,150.75,215.5,1.429519071310116,0.25870069605568446,0.25870069605568446,False,True,False,False,broken,broken_up,False,True,False,True,True,False,True,0.6807511737089202,5,0.015151515151515152
MNQ,2023-01-30,12082.75,12143.5,12027.5,12053.5,258036,60,2023-01-30T14:30:00+00:00,2023-01-30T15:29:00+00:00,12095.837504585921,12213.25,12252.0,12039.25,12083.0,283625,930,2023-01-29T23:00:00+00:00,2023-01-30T14:29:00+00:00,12053.25,12071.5,11960.0,11971.0,601316,330,2023-01-30T15:30:00+00:00,2023-01-30T20:59:00+00:00,167,326,0.5138461538461538,212.75,116.0,111.5,0.9612068965517241,0.7376681614349776,-0.7376681614349776,False,False,True,False,broken,broken_down,False,False,True,True,False,True,True,0.05994550408719346,0,0.0
MNQ,2023-01-31,11974.25,12061.25,11969.25,12059.0,266481,60,2023-01-31T14:30:00+00:00,2023-01-31T15:29:00+00:00,12018.753573738217,11984.25,12016.75,11871.25,11974.5,317707,930,2023-01-30T23:00:00+00:00,2023-01-31T14:29:00+00:00,12059.25,12156.0,12042.25,12153.75,458585,330,2023-01-31T15:30:00+00:00,2023-01-31T20:59:00+00:00,181,320,0.567398119122257,145.5,92.0,113.75,1.236413043478261,0.8307692307692308,0.8307692307692308,False,True,False,False,broken,broken_up,False,True,False,True,True,False,True,0.9879518072289156,0,0.0
MNQ,2023-02-01,12143.75,12157.75,12101.5,12140.0,173058,60,2023-02-01T14:30:00+00:00,2023-02-01T15:29:00+00:00,12130.980537353566,12121.25,12169.25,12084.75,12143.75,181746,930,2023-01-31T23:00:00+00:00,2023-02-01T14:29:00+00:00,12140.0,12516.0,12055.0,12420.25,681680,330,2023-02-01T15:30:00+00:00,2023-02-01T20:59:00+00:00,162,324,0.5015479876160991,84.5,56.25,461.0,8.195555555555556,0.6079175704989154,0.6079175704989154,True,False,False,False,trapped,trapped,False,True,True,True,True,True,True,0.7922993492407809,56,0.1696969696969697
MNQ,2023-02-02,12681.5,12747.5,12647.5,12733.25,269001,60,2023-02-02T14:30:00+00:00,2023-02-02T15:29:00+00:00,12700.929994374244,12514.0,12683.0,12501.25,12681.25,307879,930,2023-02-01T23:00:00+00:00,2023-02-02T14:29:00+00:00,12733.75,12934.75,12691.5,12855.0,738472,330,2023-02-02T15:30:00+00:00,2023-02-02T20:59:00+00:00,164,325,0.5061728395061729,181.75,100.0,243.25,2.4325,0.4984583761562179,0.4984583761562179,False,True,False,False,broken,broken_up,False,True,False,True,True,False,True,0.72236727589208,3,0.00909090909090909
MNQ,2023-02-03,12574.5,12832.5,12558.25,12775.75,372760,60,2023-02-03T14:30:00+00:00,2023-02-03T15:29:00+00:00,12705.002939335407,12739.5,12761.5,12550.5,12575.25,424161,930,2023-02-02T23:00:00+00:00,2023-02-03T14:29:00+00:00,12776.75,12877.75,12578.75,12623.5,692712,330,2023-02-03T15:30:00+00:00,2023-02-03T20:59:00+00:00,163,327,0.5,211.0,274.25,299.0,1.09024612579763,0.5125418060200669,-0.5125418060200669,False,True,False,False,broken,broken_up,False,True,False,True,True,False,True,0.20422535211267606,14,0.04242424242424243
MNQ,2023-02-06,12509.0,12592.25,12473.75,12482.75,256095,60,2023-02-06T14:30:00+00:00,2023-02-06T15:29:00+00:00,12539.413714637145,12578.25,12605.0,12456.75,12509.25,317601,930,2023-02-05T23:00:00+00:00,2023-02-06T14:29:00+00:00,12483.0,12608.75,12456.5,12513.25,502759,330,2023-02-06T15:30:00+00:00,2023-02-06T20:59:00+00:00,173,323,0.5372670807453416,148.25,118.5,152.25,1.2848101265822784,0.1986863711001642,0.1986863711001642,True,False,False,False,trapped,trapped,False,True,True,True,True,True,True,0.3727422003284072,39,0.11818181818181818
MNQ,2023-02-07,12504.0,12553.75,12477.0,12498.0,225994,60,2023-02-07T14:30:00+00:00,2023-02-07T15:29:00+00:00,12510.135381175312,12517.0,12573.75,12475.75,12503.25,228497,930,2023-02-06T23:00:00+00:00,2023-02-07T14:29:00+00:00,12497.75,12818.75,12459.25,12772.25,803396,330,2023-02-07T15:30:00+00:00,2023-02-07T20:59:00+00:00,168,326,0.5169230769230769,98.0,76.75,359.5,4.684039087947883,0.7635605006954103,0.7635605006954103,True,False,False,False,trapped,trapped,True,True,True,True,True,True,True,0.8706536856745479,18,0.05454545454545454
MNQ,2023-02-08,12713.75,12752.25,12655.5,12670.5,232491,60,2023-02-08T14:30:00+00:00,2023-02-08T15:29:00+00:00,12701.082573805723,12746.0,12809.0,12699.0,12714.25,240074,930,2023-02-07T23:00:00+00:00,2023-02-08T14:29:00+00:00,12670.25,12670.25,12512.5,12543.5,570738,330,2023-02-08T15:30:00+00:00,2023-02-08T20:59:00+00:00,155,327,0.4754601226993865,110.0,96.75,157.75,1.6304909560723515,0.803486529318542,-0.803486529318542,False,False,True,False,broken,broken_down,False,False,True,True,False,True,True,0.12930135557872785,0,0.0
MNQ,2023-02-09,12722.75,12729.5,12618.0,12620.0,254968,60,2023-02-09T14:30:00+00:00,2023-02-09T15:29:00+00:00,12674.58805026513,12557.25,12727.25,12541.5,12722.0,238767,930,2023-02-08T23:00:00+00:00,2023-02-09T14:29:00+00:00,12620.0,12663.75,12366.0,12427.5,670855,330,2023-02-09T15:30:00+00:00,2023-02-09T20:59:00+00:00,158,325,0.4876543209876543,185.75,111.5,297.75,2.6704035874439462,0.6465155331654072,-0.6465155331654072,False,True,False,False,broken,broken_up,False,False,True,True,False,True,True,0.16918844566712518,0,0.0
MNQ,2023-02-10,12335.0,12421.75,12284.5,12385.5,286341,60,2023-02-10T14:30:00+00:00,2023-02-10T15:29:00+00:00,12358.276705047478,12445.75,12451.5,12270.5,12334.75,295455,930,2023-02-09T23:00:00+00:00,2023-02-10T14:29:00+00:00,12385.25,12409.0,12243.0,12345.75,568116,330,2023-02-10T15:30:00+00:00,2023-02-10T20:59:00+00:00,176,321,0.55,181.0,137.25,166.0,1.209471766848816,0.23795180722891565,-0.23795180722891565,True,False,False,False,trapped,trapped,False,False,True,True,False,True,True,0.5748251748251748,15,0.045454545454545456
MNQ,2023-02-13,12402.0,12473.0,12352.0,12459.5,232087,60,2023-02-13T14:30:00+00:00,2023-02-13T15:29:00+00:00,12420.213725887274,12353.25,12433.75,12265.0,12402.0,223873,930,2023-02-12T23:00:00+00:00,2023-02-13T14:29:00+00:00,12459.75,12567.75,12446.0,12544.5,433252,330,2023-02-13T15:30:00+00:00,2023-02-13T20:59:00+00:00,161,320,0.5047021943573667,168.75,121.0,121.75,1.006198347107438,0.6960985626283368,0.6960985626283368,False,True,False,False,broken,broken_up,False,True,False,True,True,False,True,0.8922363847045192,0,0.0
MNQ,2023-02-14,12473.5,12673.25,12390.5,12592.0,323121,60,2023-02-14T14:30:00+00:00,2023-02-14T15:29:00+00:00,12547.731007114984,12547.75,12685.75,12460.0,12473.5,431326,930,2023-02-13T23:00:00+00:00,2023-02-14T14:29:00+00:00,12592.25,12665.5,12417.5,12631.0,746338,330,2023-02-14T15:30:00+00:00,2023-02-14T20:59:00+00:00,146,325,0.4506172839506173,225.75,282.75,248.0,0.8770999115826702,0.15625,0.15625,False,False,True,False,broken,broken_down,False,False,False,False,False,False,False,0.8505747126436781,5,0.015151515151515152
MNQ,2023-02-15,12553.25,12631.5,12524.25,12581.5,260262,60,2023-02-15T14:30:00+00:00,2023-02-15T15:29:00+00:00,12579.662536533697,12618.75,12624.5,12531.0,12553.5,292309,930,2023-02-14T23:00:00+00:00,2023-02-15T14:29:00+00:00,12581.0,12734.5,12556.25,12734.0,485893,330,2023-02-15T15:30:00+00:00,2023-02-15T20:59:00+00:00,172,327,0.5276073619631901,93.5,107.25,178.25,1.662004662004662,0.8583450210378681,0.8583450210378681,False,True,True,True,broken,broken_both,False,True,False,True,True,False,True,0.9976218787158145,7,0.021212121212121213
MNQ,2023-02-16,12524.0,12622.25,12496.5,12615.25,261655,60,2023-02-16T14:30:00+00:00,2023-02-16T15:29:00+00:00,12565.117767671169,12743.75,12792.5,12512.75,12523.75,293849,930,2023-02-15T23:00:00+00:00,2023-02-16T14:29:00+00:00,12614.75,12694.5,12476.0,12481.75,619488,330,2023-02-16T15:30:00+00:00,2023-02-16T20:59:00+00:00,153,321,0.478125,279.75,125.75,218.5,1.7375745526838966,0.6086956521739131,-0.6086956521739131,False,False,True,False,broken,broken_down,False,True,True,True,False,True,True,0.02631578947368421,3,0.00909090909090909
MNQ,2023-02-17,12389.75,12423.5,12296.0,12353.0,254374,60,2023-02-17T14:30:00+00:00,2023-02-17T15:29:00+00:00,12353.307032165238,12461.0,12464.0,12337.75,12390.0,274276,930,2023-02-16T23:00:00+00:00,2023-02-17T14:29:00+00:00,12352.5,12408.75,12265.5,12391.75,580577,330,2023-02-17T15:30:00+00:00,2023-02-17T20:59:00+00:00,150,324,0.46439628482972134,126.25,127.5,143.25,1.1235294117647059,0.27399650959860383,0.27399650959860383,False,False,True,False,broken,broken_down,False,False,True,True,False,True,True,0.7990506329113924,12,0.03636363636363636
MNQ,2023-02-20,12394.0,12396.5,12371.0,12373.5,16935,60,2023-02-20T14:30:00+00:00,2023-02-20T15:29:00+00:00,12383.672724141325,12383.0,12418.0,12346.25,12393.5,133147,930,2023-02-19T23:00:00+00:00,2023-02-20T14:29:00+00:00,12373.0,12387.75,12363.5,12366.75,17502,150,2023-02-20T15:30:00+00:00,2023-02-20T17:59:00+00:00,71,140,0.5107913669064749,71.75,25.5,24.25,0.9509803921568627,0.25773195876288657,-0.25773195876288657,True,False,False,False,trapped,trapped,False,False,True,True,False,False,False,0.09848484848484848,7,0.04666666666666667
MNQ,2023-02-21,12228.75,12291.25,12181.5,12186.75,203738,60,2023-02-21T14:30:00+00:00,2023-02-21T15:29:00+00:00,12232.220535278972,12370.0,12379.5,12223.25,12229.0,255452,930,2023-02-20T23:00:00+00:00,2023-02-21T14:29:00+00:00,12186.75,12228.0,12091.5,12098.0,411915,330,2023-02-21T15:30:00+00:00,2023-02-21T20:59:00+00:00,163,325,0.5030864197530864,156.25,109.75,136.5,1.24373576309795,0.6501831501831502,-0.6501831501831502,False,False,True,False,broken,broken_down,False,False,True,True,False,True,True,0.03254067584480601,0,0.0
MNQ,2023-02-22,12120.0,12174.5,12040.0,12058.75,218846,60,2023-02-22T14:30:00+00:00,2023-02-22T15:29:00+00:00,12112.191098611202,12111.25,12163.0,12062.5,12120.25,236308,930,2023-02-21T23:00:00+00:00,2023-02-22T14:29:00+00:00,12059.0,12190.75,12034.25,12102.75,599426,330,2023-02-22T15:30:00+00:00,2023-02-22T20:59:00+00:00,163,326,0.5015384615384615,100.5,134.5,156.5,1.1635687732342008,0.2795527156549521,0.2795527156549521,False,True,True,True,broken,broken_both,False,True,True,True,True,True,True,0.43769968051118213,29,0.08787878787878788
MNQ,2023-02-23,12252.25,12260.25,12164.5,12190.25,209918,60,2023-02-23T14:30:00+00:00,2023-02-23T15:29:00+00:00,12213.925461767609,12175.5,12261.0,12150.5,12251.75,236531,930,2023-02-22T23:00:00+00:00,2023-02-23T14:29:00+00:00,12190.75,12248.75,12028.0,12206.0,551860,330,2023-02-23T15:30:00+00:00,2023-02-23T20:59:00+00:00,160,325,0.49382716049382713,110.5,95.75,220.75,2.3054830287206265,0.06908267270668177,0.06908267270668177,True,False,False,False,trapped,trapped,True,False,True,True,False,True,True,0.7664155005382132,18,0.05454545454545454
MNQ,2023-02-24,11994.0,12043.0,11933.75,11959.0,217300,60,2023-02-24T14:30:00+00:00,2023-02-24T15:29:00+00:00,11978.143503221352,12191.25,12214.25,11973.25,11993.75,283415,930,2023-02-23T23:00:00+00:00,2023-02-24T14:29:00+00:00,11959.0,12021.5,11922.75,11997.75,514006,330,2023-02-24T15:30:00+00:00,2023-02-24T20:59:00+00:00,160,323,0.4968944099378882,241.0,109.25,98.75,0.9038901601830663,0.3924050632911392,0.3924050632911392,False,False,True,False,broken,broken_down,False,False,True,True,False,True,True,0.6237006237006237,35,0.10606060606060606
MNQ,2023-02-27,12131.25,12189.5,12106.5,12156.25,165423,60,2023-02-27T14:30:00+00:00,2023-02-27T15:29:00+00:00,12143.329123418953,12002.25,12153.25,11987.75,12131.25,210845,930,2023-02-26T23:00:00+00:00,2023-02-27T14:29:00+00:00,12156.5,12158.5,12058.5,12083.75,460610,330,2023-02-27T15:30:00+00:00,2023-02-27T20:59:00+00:00,186,327,0.5705521472392638,165.5,83.0,100.0,1.2048192771084338,0.7275,-0.7275,False,True,False,False,broken,broken_up,False,False,True,True,False,False,False,0.19274809160305342,7,0.021212121212121213
MNQ,2023-02-28,12056.0,12124.25,12041.25,12069.75,189742,60,2023-02-28T14:30:00+00:00,2023-02-28T15:29:00+00:00,12086.62199504239,12092.0,12149.25,12026.75,12056.25,217948,930,2023-02-27T23:00:00+00:00,2023-02-28T14:29:00+00:00,12070.5,12173.75,12045.75,12064.5,481356,330,2023-02-28T15:30:00+00:00,2023-02-28T20:59:00+00:00,167,322,0.5202492211838006,122.5,83.0,128.0,1.5421686746987953,0.046875,-0.046875,True,False,False,False,trapped,trapped,False,True,False,True,True,False,True,0.17547169811320754,34,0.10303030303030303
MNQ,2023-03-01,12052.25,12080.0,11953.0,11970.5,212616,60,2023-03-01T14:30:00+00:00,2023-03-01T15:29:00+00:00,12014.398030565277,12042.75,12142.0,11989.25,12051.75,262681,930,2023-02-28T23:00:00+00:00,2023-03-01T14:29:00+00:00,11970.0,12038.0,11925.0,11965.25,476439,330,2023-03-01T15:30:00+00:00,2023-03-01T20:59:00+00:00,141,320,0.44200626959247646,152.75,127.0,113.0,0.889763779527559,0.0420353982300885,-0.0420353982300885,False,False,True,False,broken,broken_down,False,False,True,True,False,True,True,0.25967741935483873,46,0.1393939393939394
MNQ,2023-03-02,11857.0,11931.0,11846.25,11917.0,189667,60,2023-03-02T14:30:00+00:00,2023-03-02T15:29:00+00:00,11891.474844947548,11968.5,11991.75,11831.5,11857.25,316085,930,2023-03-01T23:00:00+00:00,2023-03-02T14:29:00+00:00,11917.25,12096.25,11883.0,12066.0,453794,330,2023-03-02T15:30:00+00:00,2023-03-02T20:59:00+00:00,159,325,0.49074074074074076,160.25,84.75,213.25,2.5162241887905603,0.6975381008206331,0.6975381008206331,True,False,False,False,trapped,trapped,False,True,False,True,True,False,True,0.879,18,0.05454545454545454
MNQ,2023-03-03,12134.5,12226.0,12111.0,12225.0,207849,60,2023-03-03T14:30:00+00:00,2023-03-03T15:29:00+00:00,12167.229020025756,12050.75,12155.0,12012.25,12134.5,229582,930,2023-03-02T23:00:00+00:00,2023-03-03T14:29:00+00:00,12224.75,12322.0,12170.5,12312.25,421308,330,2023-03-03T15:30:00+00:00,2023-03-03T20:59:00+00:00,156,318,0.4921135646687697,142.75,115.0,151.5,1.317391304347826,0.5775577557755776,0.5775577557755776,False,True,False,False,broken,broken_up,False,True,False,True,True,False,True,0.9537914691943128,0,0.0
MNQ,2023-03-06,12361.0,12443.0,12347.25,12434.0,183281,60,2023-03-06T14:30:00+00:00,2023-03-06T15:29:00+00:00,12386.712510662137,12307.75,12382.75,12276.0,12361.0,236980,930,2023-03-05T23:00:00+00:00,2023-03-06T14:29:00+00:00,12434.5,12485.75,12314.25,12323.75,470690,330,2023-03-06T15:30:00+00:00,2023-03-06T20:59:00+00:00,168,318,0.5299684542586751,106.75,95.75,171.5,1.7911227154046998,0.6457725947521866,-0.6457725947521866,False,True,False,False,broken,broken_up,False,True,True,True,True,False,True,0.05539358600583091,15,0.045454545454545456
MNQ,2023-03-07,12324.25,12367.5,12182.0,12237.75,239202,60,2023-03-07T14:30:00+00:00,2023-03-07T15:29:00+00:00,12269.234747549492,12322.5,12381.75,12312.5,12324.0,169387,930,2023-03-06T23:00:00+00:00,2023-03-07T14:29:00+00:00,12238.25,12319.0,12142.25,12169.5,656606,330,2023-03-07T15:30:00+00:00,2023-03-07T20:59:00+00:00,162,324,0.5015479876160991,69.25,185.5,176.75,0.9528301886792453,0.38896746817538896,-0.38896746817538896,False,False,True,False,broken,broken_down,False,False,True,True,False,True,True,0.12097669256381798,19,0.05757575757575758
MNQ,2023-03-08,12185.25,12216.0,12108.5,12187.5,235666,60,2023-03-08T14:30:00+00:00,2023-03-08T15:29:00+00:00,12168.50868319288,12174.75,12216.75,12138.5,12185.0,230624,930,2023-03-07T23:00:00+00:00,2023-03-08T14:29:00+00:00,12187.5,12254.5,12141.75,12231.0,544295,330,2023-03-08T15:30:00+00:00,2023-03-08T20:59:00+00:00,166,326,0.5107692307692308,78.25,107.5,112.75,1.0488372093023255,0.3858093126385809,0.3858093126385809,False,False,True,False,broken,broken_down,False,True,False,True,True,False,True,0.839041095890411,28,0.08484848484848485
MNQ,2023-03-09,12246.25,12353.75,12230.25,12311.0,216425,60,2023-03-09T14:30:00+00:00,2023-03-09T15:29:00+00:00,12303.508538369719,12223.0,12276.5,12136.0,12246.25,259566,930,2023-03-08T23:00:00+00:00,2023-03-09T14:29:00+00:00,12310.75,12347.25,11977.0,12006.5,704649,330,2023-03-09T15:30:00+00:00,2023-03-09T20:59:00+00:00,172,327,0.5276073619631901,140.5,123.5,370.25,2.9979757085020244,0.8217420661715057,-0.8217420661715057,False,True,False,False,broken,broken_up,False,False,True,True,False,True,True,0.07830126078301261,20,0.06060606060606061
MNQ,2023-03-10,12018.0,12027.5,11865.75,11922.25,331224,60,2023-03-10T14:30:00+00:00,2023-03-10T15:29:00+00:00,11934.017563391139,12008.75,12112.0,11921.5,12018.0,461580,930,2023-03-09T23:00:00+00:00,2023-03-10T14:29:00+00:00,11922.25,12079.5,11796.5,11841.0,852280,330,2023-03-10T15:30:00+00:00,2023-03-10T20:59:00+00:00,176,324,0.544891640866873,190.5,161.75,283.0,1.749613601236476,0.2871024734982332,-0.2871024734982332,False,False,True,False,broken,broken_down,False,True,True,True,False,True,True,0.15724381625441697,32,0.09696969696969697
MNQ,2023-03-13,11887.25,12067.25,11821.25,11980.25,251173,60,2023-03-13T13:30:00+00:00,2023-03-13T14:29:00+00:00,11951.976924603096,12008.75,12223.25,11806.25,11887.75,418311,930,2023-03-12T22:00:00+00:00,2023-03-13T13:29:00+00:00,11981.25,12215.0,11962.5,12054.0,538621,330,2023-03-13T14:30:00+00:00,2023-03-13T19:59:00+00:00,175,328,0.5351681957186545,417.0,246.0,252.5,1.0264227642276422,0.2881188118811881,0.2881188118811881,True,False,False,False,trapped,trapped,True,True,False,True,False,False,False,0.5911111111111111,0,0.0
MNQ,2023-03-14,12207.75,12309.5,12202.0,12306.25,205872,60,2023-03-14T13:30:00+00:00,2023-03-14T14:29:00+00:00,12257.3068893131,12080.75,12217.5,12025.0,12208.0,347253,930,2023-03-13T22:00:00+00:00,2023-03-14T13:29:00+00:00,12306.5,12356.5,12168.75,12329.25,496747,330,2023-03-14T14:30:00+00:00,2023-03-14T19:59:00+00:00,152,323,0.4720496894409938,192.5,107.5,187.75,1.7465116279069768,0.12117177097203728,0.12117177097203728,False,True,False,False,broken,broken_up,False,True,True,True,True,False,True,0.8548601864181092,45,0.13636363636363635
MNQ,2023-03-15,12211.5,12274.5,12182.0,12199.5,248593,60,2023-03-15T13:30:00+00:00,2023-03-15T14:29:00+00:00,12228.952874108818,12328.5,12374.5,12093.25,12210.75,389897,930,2023-03-14T22:00:00+00:00,2023-03-15T13:29:00+00:00,12199.25,12407.0,12151.5,12392.25,641599,330,2023-03-15T14:30:00+00:00,2023-03-15T19:59:00+00:00,160,324,0.4953560371517028,281.25,92.5,255.5,2.7621621621621624,0.7553816046966731,0.7553816046966731,True,False,False,False,trapped,trapped,False,True,True,True,True,False,True,0.9422700587084148,38,0.11515151515151516
MNQ,2023-03-16,12345.25,12434.75,12314.0,12407.25,221594,60,2023-03-16T13:30:00+00:00,2023-03-16T14:29:00+00:00,12378.07606892184,12397.75,12465.75,12333.25,12345.25,322843,930,2023-03-15T22:00:00+00:00,2023-03-16T13:29:00+00:00,12407.25,12734.0,12391.25,12715.5,627936,330,2023-03-16T14:30:00+00:00,2023-03-16T19:59:00+00:00,167,320,0.5235109717868338,132.5,120.75,342.75,2.8385093167701863,0.899343544857768,0.899343544857768,False,False,True,False,broken,broken_down,False,True,False,True,True,False,True,0.955952380952381,0,0.0
MNQ,2023-03-17,12710.0,12810.0,12670.75,12687.25,271699,60,2023-03-17T13:30:00+00:00,2023-03-17T14:29:00+00:00,12733.331282043731,12710.25,12767.75,12660.0,12711.0,264352,930,2023-03-16T22:00:00+00:00,2023-03-17T13:29:00+00:00,12687.0,12703.5,12569.0,12647.5,724939,330,2023-03-17T14:30:00+00:00,2023-03-17T19:59:00+00:00,154,324,0.47678018575851394,107.75,139.25,134.5,0.9658886894075404,0.2936802973977695,-0.2936802973977695,False,True,False,False,broken,broken_up,False,False,True,True,False,True,True,0.3257261410788382,0,0.0
MNQ,2023-03-20,12623.5,12633.0,12529.25,12606.25,202139,60,2023-03-20T13:30:00+00:00,2023-03-20T14:29:00+00:00,12583.56951487178,12689.25,12750.0,12525.5,12623.75,413670,930,2023-03-19T22:00:00+00:00,2023-03-20T13:29:00+00:00,12606.5,12708.0,12565.5,12693.0,538993,330,2023-03-20T14:30:00+00:00,2023-03-20T19:59:00+00:00,170,324,0.5263157894736842,224.5,103.75,142.5,1.3734939759036144,0.6070175438596491,0.6070175438596491,True,False,False,False,trapped,trapped,True,True,False,True,False,False,False,0.916083916083916,3,0.00909090909090909
MNQ,2023-03-21,12775.5,12837.5,12734.0,12750.0,187301,60,2023-03-21T13:30:00+00:00,2023-03-21T14:29:00+00:00,12788.210243582967,12698.75,12792.25,12676.25,12775.5,213040,930,2023-03-20T22:00:00+00:00,2023-03-21T13:29:00+00:00,12750.5,12897.5,12711.75,12877.0,464481,330,2023-03-21T14:30:00+00:00,2023-03-21T19:59:00+00:00,156,324,0.48297213622291024,116.0,103.5,185.75,1.7946859903381642,0.6810228802153432,0.6810228802153432,False,True,False,False,broken,broken_up,False,True,True,True,True,False,True,0.8896366083445492,11,0.03333333333333333
MNQ,2023-03-22,12872.5,12938.0,12851.0,12932.5,142364,60,2023-03-22T13:30:00+00:00,2023-03-22T14:29:00+00:00,12882.559150604553,12873.5,12888.0,12809.5,12872.5,170859,930,2023-03-21T22:00:00+00:00,2023-03-22T13:29:00+00:00,12932.5,13081.75,12696.0,12698.75,768983,330,2023-03-22T14:30:00+00:00,2023-03-22T19:59:00+00:00,148,319,0.46540880503144655,78.5,87.0,385.75,4.433908045977011,0.6059624108878807,-0.6059624108878807,False,True,False,False,broken,broken_up,False,True,True,True,True,True,True,0.007128969539857421,37,0.11212121212121212
MNQ,2023-03-23,12855.0,12957.5,12847.0,12932.75,208916,60,2023-03-23T13:30:00+00:00,2023-03-23T14:29:00+00:00,12896.360534058349,12698.25,12857.0,12695.0,12855.0,250273,930,2023-03-22T22:00:00+00:00,2023-03-23T13:29:00+00:00,12932.25,13031.5,12733.5,12847.25,885682,330,2023-03-23T14:30:00+00:00,2023-03-23T19:59:00+00:00,154,325,0.47530864197530864,162.0,110.5,298.0,2.6968325791855206,0.28523489932885904,-0.28523489932885904,False,True,False,False,broken,broken_up,False,True,True,True,True,False,True,0.38171140939597314,11,0.03333333333333333
MNQ,2023-03-24,12826.75,12844.75,12736.0,12824.0,265384,60,2023-03-24T13:30:00+00:00,2023-03-24T14:29:00+00:00,12793.499373863284,12872.0,12921.0,12753.5,12827.25,338916,930,2023-03-23T22:00:00+00:00,2023-03-24T13:29:00+00:00,12823.75,12896.0,12726.0,12894.25,653202,330,2023-03-24T14:30:00+00:00,2023-03-24T19:59:00+00:00,173,326,0.5323076923076923,167.5,108.75,170.0,1.5632183908045978,0.4147058823529412,0.4147058823529412,False,False,True,False,broken,broken_down,False,True,True,True,False,True,True,0.9897058823529412,41,0.12424242424242424
MNQ,2023-03-27,12919.25,12965.25,12881.75,12897.5,180860,60,2023-03-27T13:30:00+00:00,2023-03-27T14:29:00+00:00,12923.885610416899,12916.0,12976.25,12848.75,12919.0,249918,930,2023-03-26T22:00:00+00:00,2023-03-27T13:29:00+00:00,12897.5,12898.75,12765.75,12799.75,530937,330,2023-03-27T14:30:00+00:00,2023-03-27T19:59:00+00:00,168,326,0.5169230769230769,127.5,83.5,133.0,1.592814371257485,0.7349624060150376,-0.7349624060150376,True,False,False,False,trapped,trapped,False,False,True,True,False,True,True,0.17042606516290726,0,0.0
MNQ,2023-03-28,12776.25,12777.0,12672.75,12704.5,182039,60,2023-03-28T13:30:00+00:00,2023-03-28T14:29:00+00:00,12712.138363665663,12812.0,12833.5,12751.5,12776.5,178752,930,2023-03-27T22:00:00+00:00,2023-03-28T13:29:00+00:00,12704.75,12734.75,12634.75,12732.75,445185,330,2023-03-28T14:30:00+00:00,2023-03-28T19:59:00+00:00,165,319,0.5188679245283019,82.0,104.25,100.0,0.9592326139088729,0.28,0.28,False,False,True,False,broken,broken_down,False,False,True,True,False,True,True,0.6889279437609842,13,0.03939393939393939
MNQ,2023-03-29,12887.25,12933.0,12881.25,12892.25,166380,60,2023-03-29T13:30:00+00:00,2023-03-29T14:29:00+00:00,12908.250806887847,12747.0,12891.5,12742.0,12887.5,196332,930,2023-03-28T22:00:00+00:00,2023-03-29T13:29:00+00:00,12891.75,12993.0,12854.0,12969.0,445859,330,2023-03-29T14:30:00+00:00,2023-03-29T19:59:00+00:00,163,317,0.5158227848101266,149.5,51.75,139.0,2.685990338164251,0.5557553956834532,0.5557553956834532,False,True,False,False,broken,broken_up,False,True,True,True,True,False,True,0.8273381294964028,55,0.16666666666666666
MNQ,2023-03-30,13064.75,13103.5,13028.25,13093.25,196468,60,2023-03-30T13:30:00+00:00,2023-03-30T14:29:00+00:00,13061.120229503022,12965.0,13073.75,12931.25,13064.75,200776,930,2023-03-29T22:00:00+00:00,2023-03-30T13:29:00+00:00,13093.25,13112.0,13011.25,13085.0,441757,330,2023-03-30T14:30:00+00:00,2023-03-30T19:59:00+00:00,156,322,0.48598130841121495,142.5,75.25,100.75,1.3388704318936877,0.08188585607940446,-0.08188585607940446,False,True,False,False,broken,broken_up,False,True,True,True,True,False,True,0.7320099255583127,42,0.12727272727272726
MNQ,2023-03-31,13092.0,13162.5,13078.0,13149.0,141030,60,2023-03-31T13:30:00+00:00,2023-03-31T14:29:00+00:00,13135.754807487767,13080.0,13138.75,13056.5,13091.75,199681,930,2023-03-30T22:00:00+00:00,2023-03-31T13:29:00+00:00,13149.0,13311.5,13145.5,13301.25,456403,330,2023-03-31T14:30:00+00:00,2023-03-31T19:59:00+00:00,157,326,0.48307692307692307,82.25,84.5,166.0,1.9644970414201184,0.9171686746987951,0.9171686746987951,False,True,False,False,broken,broken_up,False,True,False,True,True,False,True,0.9561027837259101,0,0.0
MNQ,2023-04-03,13210.25,13268.25,13197.75,13260.25,172909,60,2023-04-03T13:30:00+00:00,2023-04-03T14:29:00+00:00,13237.976103518808,13262.5,13275.5,13179.25,13210.25,203026,930,2023-04-02T22:00:00+00:00,2023-04-03T13:29:00+00:00,13260.25,13278.75,13154.25,13268.75,430022,330,2023-04-03T14:30:00+00:00,2023-04-03T19:59:00+00:00,161,317,0.509493670886076,96.25,70.5,124.5,1.7659574468085106,0.06827309236947791,0.06827309236947791,True,False,False,False,trapped,trapped,False,True,True,True,True,True,True,0.9196787148594378,16,0.048484848484848485
MNQ,2023-04-04,13285.25,13326.75,13230.0,13277.0,208972,60,2023-04-04T13:30:00+00:00,2023-04-04T14:29:00+00:00,13280.966900270532,13261.75,13348.75,13226.25,13285.25,166945,930,2023-04-03T22:00:00+00:00,2023-04-04T13:29:00+00:00,13277.25,13301.75,13168.75,13223.25,517083,330,2023-04-04T14:30:00+00:00,2023-04-04T19:59:00+00:00,158,319,0.4968553459119497,122.5,96.75,133.0,1.3746770025839794,0.40601503759398494,-0.40601503759398494,True,False,False,False,trapped,trapped,True,False,True,True,False,True,True,0.3449367088607595,4,0.012121212121212121
MNQ,2023-04-05,13174.0,13182.5,13087.75,13089.5,202290,60,2023-04-05T13:30:00+00:00,2023-04-05T14:29:00+00:00,13132.12873061776,13232.0,13247.25,13172.25,13174.0,167439,930,2023-04-04T22:00:00+00:00,2023-04-05T13:29:00+00:00,13089.5,13104.0,13006.0,13079.5,465620,330,2023-04-05T14:30:00+00:00,2023-04-05T19:59:00+00:00,161,326,0.49538461538461537,75.0,94.75,98.0,1.0343007915567282,0.10204081632653061,-0.10204081632653061,False,False,True,False,broken,broken_down,False,False,True,True,False,True,True,0.4164305949008499,0,0.0
MNQ,2023-04-06,13012.25,13053.75,12952.5,13031.0,207127,60,2023-04-06T13:30:00+00:00,2023-04-06T14:29:00+00:00,12999.145404751673,13075.25,13080.0,12983.75,13012.75,202396,930,2023-04-05T22:00:00+00:00,2023-04-06T13:29:00+00:00,13031.25,13191.25,13007.5,13171.5,461056,330,2023-04-06T14:30:00+00:00,2023-04-06T19:59:00+00:00,142,320,0.445141065830721,96.25,101.25,183.75,1.8148148148148149,0.763265306122449,0.763265306122449,False,False,True,False,broken,broken_down,False,True,False,True,True,False,True,0.9172774869109948,0,0.0
MNQ,2023-04-10,13043.5,13050.5,12967.5,12994.25,166091,60,2023-04-10T13:30:00+00:00,2023-04-10T14:29:00+00:00,13000.203290164227,13178.0,13206.25,13033.75,13043.5,171367,930,2023-04-09T22:00:00+00:00,2023-04-10T13:29:00+00:00,12994.75,13164.75,12993.25,13164.25,414352,330,2023-04-10T14:30:00+00:00,2023-04-10T19:59:00+00:00,164,320,0.5141065830721003,172.5,83.0,171.5,2.066265060240964,0.9883381924198251,0.9883381924198251,False,False,True,False,broken,broken_down,False,True,False,True,False,False,False,0.9974651457541192,1,0.0030303030303030303
MNQ,2023-04-11,13159.5,13160.75,13068.0,13105.5,185954,60,2023-04-11T13:30:00+00:00,2023-04-11T14:29:00+00:00,13109.799760066111,13168.75,13209.25,13125.5,13159.75,182209,930,2023-04-10T22:00:00+00:00,2023-04-11T13:29:00+00:00,13105.5,13133.5,13051.75,13077.0,449572,330,2023-04-11T14:30:00+00:00,2023-04-11T19:59:00+00:00,167,323,0.5186335403726708,83.75,92.75,81.75,0.8814016172506739,0.3486238532110092,-0.3486238532110092,False,False,True,False,broken,broken_down,False,False,True,True,False,True,True,0.231651376146789,11,0.03333333333333333
MNQ,2023-04-12,13156.75,13181.0,13033.5,13118.75,250895,60,2023-04-12T13:30:00+00:00,2023-04-12T14:29:00+00:00,13098.207181955268,13076.0,13241.0,13038.25,13156.75,246598,930,2023-04-11T22:00:00+00:00,2023-04-12T13:29:00+00:00,13118.5,13129.0,12938.0,12958.5,638127,330,2023-04-12T14:30:00+00:00,2023-04-12T19:59:00+00:00,173,323,0.5372670807453416,202.75,147.5,191.0,1.2949152542372881,0.837696335078534,-0.837696335078534,False,False,True,False,broken,broken_down,False,False,True,True,False,True,True,0.08436213991769548,12,0.03636363636363636
MNQ,2023-04-13,13028.0,13138.75,13019.75,13129.0,207880,60,2023-04-13T13:30:00+00:00,2023-04-13T14:29:00+00:00,13079.012975835414,12955.0,13039.75,12925.25,13027.5,221613,930,2023-04-12T22:00:00+00:00,2023-04-13T13:29:00+00:00,13129.25,13228.5,13101.75,13210.5,402987,330,2023-04-13T14:30:00+00:00,2023-04-13T19:59:00+00:00,149,318,0.47003154574132494,114.5,119.0,126.75,1.065126050420168,0.6410256410256411,0.6410256410256411,False,True,False,False,broken,broken_up,False,True,False,True,True,False,True,0.9137724550898204,0,0.0
MNQ,2023-04-14,13139.25,13255.0,13132.25,13141.75,258788,60,2023-04-14T13:30:00+00:00,2023-04-14T14:29:00+00:00,13191.53433441015,13181.0,13217.5,13101.0,13139.5,218367,930,2023-04-13T22:00:00+00:00,2023-04-14T13:29:00+00:00,13142.0,13190.75,13056.0,13180.75,523427,330,2023-04-14T14:30:00+00:00,2023-04-14T19:59:00+00:00,166,321,0.51875,116.5,122.75,134.75,1.0977596741344195,0.287569573283859,0.287569573283859,False,True,False,False,broken,broken_up,False,False,True,True,False,True,True,0.6268844221105527,0,0.0
MNQ,2023-04-17,13162.75,13206.0,13137.75,13153.0,209471,60,2023-04-17T13:30:00+00:00,2023-04-17T14:29:00+00:00,13167.228212178932,13210.0,13218.0,13156.25,13162.5,177266,930,2023-04-16T22:00:00+00:00,2023-04-17T13:29:00+00:00,13153.0,13191.75,13077.0,13189.5,479941,330,2023-04-17T14:30:00+00:00,2023-04-17T19:59:00+00:00,166,319,0.5220125786163522,61.75,68.25,114.75,1.6813186813186813,0.31808278867102396,0.31808278867102396,False,False,True,False,broken,broken_down,False,False,True,True,False,True,True,0.872093023255814,14,0.04242424242424243
MNQ,2023-04-18,13280.25,13297.75,13167.25,13177.25,228843,60,2023-04-18T13:30:00+00:00,2023-04-18T14:29:00+00:00,13241.325015403576,13185.75,13298.5,13160.0,13280.25,188273,930,2023-04-17T22:00:00+00:00,2023-04-18T13:29:00+00:00,13177.25,13202.25,13138.25,13189.0,468222,330,2023-04-18T14:30:00+00:00,2023-04-18T19:59:00+00:00,173,322,0.5389408099688473,138.5,130.5,64.0,0.4904214559386973,0.18359375,0.18359375,True,False,False,False,trapped,trapped,True,False,True,True,False,True,True,0.3181818181818182,0,0.0
MNQ,2023-04-19,13085.25,13132.5,13078.25,13118.0,180666,60,2023-04-19T13:30:00+00:00,2023-04-19T14:29:00+00:00,13109.58465621644,13174.0,13186.5,13065.0,13085.0,182846,930,2023-04-18T22:00:00+00:00,2023-04-19T13:29:00+00:00,13117.75,13227.0,13111.25,13183.5,433525,330,2023-04-19T14:30:00+00:00,2023-04-19T19:59:00+00:00,167,322,0.5202492211838006,121.5,54.25,115.75,2.133640552995392,0.5680345572354212,0.5680345572354212,True,False,False,False,trapped,trapped,False,True,False,True,True,False,True,0.7075630252100841,0,0.0
MNQ,2023-04-20,13051.5,13151.75,13045.75,13132.75,178883,60,2023-04-20T13:30:00+00:00,2023-04-20T14:29:00+00:00,13114.170246753461,13166.0,13166.0,13024.75,13052.0,229846,930,2023-04-19T22:00:00+00:00,2023-04-20T13:29:00+00:00,13133.25,13199.75,13022.0,13077.5,544145,330,2023-04-20T14:30:00+00:00,2023-04-20T19:59:00+00:00,154,319,0.48427672955974843,141.25,106.0,177.75,1.6768867924528301,0.3136427566807314,-0.3136427566807314,True,False,False,False,trapped,trapped,False,True,True,True,True,True,True,0.31223628691983124,18,0.05454545454545454
MNQ,2023-04-21,13057.75,13082.0,12982.75,13063.25,214134,60,2023-04-21T13:30:00+00:00,2023-04-21T14:29:00+00:00,13037.048475876474,13090.0,13108.0,13005.0,13057.25,216758,930,2023-04-20T22:00:00+00:00,2023-04-21T13:29:00+00:00,13062.75,13121.75,13003.75,13088.0,455288,330,2023-04-21T14:30:00+00:00,2023-04-21T19:59:00+00:00,176,316,0.5587301587301587,103.0,99.25,118.0,1.1889168765743072,0.21398305084745764,0.21398305084745764,False,False,True,False,broken,broken_down,False,True,False,True,True,False,True,0.7571942446043165,6,0.01818181818181818
MNQ,2023-04-24,13077.5,13134.0,13054.0,13094.25,188285,60,2023-04-24T13:30:00+00:00,2023-04-24T14:29:00+00:00,13096.513665453966,13071.25,13099.5,13014.25,13077.25,170081,930,2023-04-23T22:00:00+00:00,2023-04-24T13:29:00+00:00,13094.25,13098.0,12967.25,13059.5,461790,330,2023-04-24T14:30:00+00:00,2023-04-24T19:59:00+00:00,165,320,0.5172413793103449,85.25,80.0,130.75,1.634375,0.26577437858508607,-0.26577437858508607,False,True,False,False,broken,broken_up,False,False,True,True,False,True,True,0.553223388305847,1,0.0030303030303030303
MNQ,2023-04-25,12988.5,13015.5,12937.0,12948.25,219778,60,2023-04-25T13:30:00+00:00,2023-04-25T14:29:00+00:00,12976.06707146909,13050.25,13059.75,12967.5,12988.75,200126,930,2023-04-24T22:00:00+00:00,2023-04-25T13:29:00+00:00,12948.5,12974.5,12806.0,12808.75,495621,330,2023-04-25T14:30:00+00:00,2023-04-25T19:59:00+00:00,155,323,0.4813664596273292,92.25,78.5,168.5,2.1464968152866244,0.8293768545994066,-0.8293768545994066,False,False,True,False,broken,broken_down,False,False,True,True,False,True,True,0.013126491646778043,0,0.0
MNQ,2023-04-26,12950.0,12967.75,12896.25,12918.5,237235,60,2023-04-26T13:30:00+00:00,2023-04-26T14:29:00+00:00,12932.159264020906,12929.75,12996.75,12885.25,12950.25,290873,930,2023-04-25T22:00:00+00:00,2023-04-26T13:29:00+00:00,12918.25,13012.5,12863.0,12882.25,506627,330,2023-04-26T14:30:00+00:00,2023-04-26T19:59:00+00:00,161,322,0.5015576323987538,111.5,71.5,149.5,2.090909090909091,0.2408026755852843,-0.2408026755852843,True,False,False,False,trapped,trapped,False,True,True,True,True,True,True,0.12876254180602006,15,0.045454545454545456
MNQ,2023-04-27,13040.75,13092.0,13013.25,13079.5,214855,60,2023-04-27T13:30:00+00:00,2023-04-27T14:29:00+00:00,13045.615698959762,12962.0,13046.5,12936.0,13040.25,219417,930,2023-04-26T22:00:00+00:00,2023-04-27T13:29:00+00:00,13079.5,13253.25,13073.0,13231.25,457931,330,2023-04-27T14:30:00+00:00,2023-04-27T19:59:00+00:00,170,322,0.5295950155763239,110.5,78.75,180.25,2.2888888888888888,0.841886269070735,0.841886269070735,False,True,False,False,broken,broken_up,False,True,False,True,True,False,True,0.9083333333333333,0,0.0
MNQ,2023-04-28,13220.25,13292.25,13172.5,13291.25,201885,60,2023-04-28T13:30:00+00:00,2023-04-28T14:29:00+00:00,13230.204727939174,13220.0,13236.0,13168.75,13220.0,213651,930,2023-04-27T22:00:00+00:00,2023-04-28T13:29:00+00:00,13291.25,13324.5,13183.75,13323.5,527719,330,2023-04-28T14:30:00+00:00,2023-04-28T19:59:00+00:00,163,320,0.5109717868338558,67.25,119.75,140.75,1.1753653444676408,0.2291296625222025,0.2291296625222025,False,True,False,False,broken,broken_up,False,True,False,True,True,False,True,0.993421052631579,9,0.02727272727272727
MNQ,2023-05-01,13301.0,13328.0,13279.25,13287.5,174305,60,2023-05-01T13:30:00+00:00,2023-05-01T14:29:00+00:00,13302.165674631631,13316.25,13367.25,13285.25,13301.25,147320,930,2023-04-30T22:00:00+00:00,2023-05-01T13:29:00+00:00,13287.5,13363.0,13258.75,13303.5,472065,330,2023-05-01T14:30:00+00:00,2023-05-01T19:59:00+00:00,174,323,0.5403726708074534,82.0,48.75,104.25,2.1384615384615384,0.15347721822541965,0.15347721822541965,False,False,True,False,broken,broken_down,False,True,True,True,False,True,True,0.4292565947242206,37,0.11212121212121212
MNQ,2023-05-02,13301.0,13313.25,13197.25,13211.0,228386,60,2023-05-02T13:30:00+00:00,2023-05-02T14:29:00+00:00,13263.841017692268,13288.5,13334.5,13268.0,13300.75,145423,930,2023-05-01T22:00:00+00:00,2023-05-02T13:29:00+00:00,13211.0,13222.0,13111.0,13184.75,541505,330,2023-05-02T14:30:00+00:00,2023-05-02T19:59:00+00:00,164,319,0.5157232704402516,66.5,116.0,111.0,0.9568965517241379,0.23648648648648649,-0.23648648648648649,False,False,True,False,broken,broken_down,False,False,True,True,False,True,True,0.3646477132262052,0,0.0
MNQ,2023-05-03,13199.0,13242.0,13187.5,13195.25,147072,60,2023-05-03T13:30:00+00:00,2023-05-03T14:29:00+00:00,13214.852972240355,13163.25,13231.75,13156.5,13199.0,132581,930,2023-05-02T22:00:00+00:00,2023-05-03T13:29:00+00:00,13195.0,13310.0,13092.0,13100.25,711794,330,2023-05-03T14:30:00+00:00,2023-05-03T19:59:00+00:00,157,320,0.49216300940438873,75.25,54.5,218.0,4.0,0.43463302752293576,-0.43463302752293576,False,True,False,False,broken,broken_up,False,True,True,True,True,True,True,0.03784403669724771,49,0.1484848484848485
MNQ,2023-05-04,13082.75,13086.5,13005.0,13008.75,204391,60,2023-05-04T13:30:00+00:00,2023-05-04T14:29:00+00:00,13045.602520414306,13067.75,13172.0,13043.0,13083.0,225895,930,2023-05-03T22:00:00+00:00,2023-05-04T13:29:00+00:00,13009.5,13131.25,13001.75,13048.0,542506,330,2023-05-04T14:30:00+00:00,2023-05-04T19:59:00+00:00,161,327,0.4938650306748466,129.0,81.5,129.5,1.5889570552147239,0.2972972972972973,0.2972972972972973,False,False,True,False,broken,broken_down,False,True,True,True,False,True,True,0.35714285714285715,51,0.15454545454545454
MNQ,2023-05-05,13139.0,13241.5,13124.25,13234.5,176615,60,2023-05-05T13:30:00+00:00,2023-05-05T14:29:00+00:00,13188.02212958507,13059.0,13150.0,13055.75,13139.25,198485,930,2023-05-04T22:00:00+00:00,2023-05-05T13:29:00+00:00,13234.75,13358.75,13232.0,13323.75,387576,330,2023-05-05T14:30:00+00:00,2023-05-05T19:59:00+00:00,150,318,0.47318611987381703,94.25,117.25,126.75,1.0810234541577826,0.7021696252465484,0.7021696252465484,False,True,False,False,broken,broken_up,False,True,False,True,True,False,True,0.8507462686567164,0,0.0
MNQ,2023-05-08,13301.0,13310.25,13261.0,13271.25,154044,60,2023-05-08T13:30:00+00:00,2023-05-08T14:29:00+00:00,13280.105908593216,13315.5,13336.0,13287.75,13300.75,126823,930,2023-05-07T22:00:00+00:00,2023-05-08T13:29:00+00:00,13271.5,13368.0,13254.5,13354.5,380620,330,2023-05-08T14:30:00+00:00,2023-05-08T19:59:00+00:00,162,315,0.5159235668789809,48.25,49.25,113.5,2.3045685279187818,0.7312775330396476,0.7312775330396476,False,False,True,False,broken,broken_down,False,True,True,True,True,True,True,0.8810572687224669,6,0.01818181818181818
MNQ,2023-05-09,13281.0,13317.5,13273.5,13282.0,170732,60,2023-05-09T13:30:00+00:00,2023-05-09T14:29:00+00:00,13290.723629723778,13336.0,13347.25,13269.0,13280.75,117570,930,2023-05-08T22:00:00+00:00,2023-05-09T13:29:00+00:00,13282.25,13303.5,13249.25,13266.0,366019,330,2023-05-09T14:30:00+00:00,2023-05-09T19:59:00+00:00,180,325,0.5555555555555556,78.25,44.0,54.25,1.2329545454545454,0.2995391705069124,-0.2995391705069124,True,False,False,False,trapped,trapped,False,False,True,True,False,True,True,0.2454212454212454,25,0.07575757575757576
MNQ,2023-05-10,13366.75,13434.0,13321.5,13395.5,256090,60,2023-05-10T13:30:00+00:00,2023-05-10T14:29:00+00:00,13386.783553308083,13261.5,13408.25,13202.0,13367.0,256900,930,2023-05-09T22:00:00+00:00,2023-05-10T13:29:00+00:00,13396.25,13448.0,13262.75,13410.75,623322,330,2023-05-10T14:30:00+00:00,2023-05-10T19:59:00+00:00,165,326,0.5076923076923077,206.25,112.5,185.25,1.6466666666666667,0.07827260458839407,0.07827260458839407,False,True,False,False,broken,broken_up,False,True,True,True,True,False,True,0.7989203778677463,27,0.08181818181818182
MNQ,2023-05-11,13427.0,13433.5,13372.25,13403.75,215492,60,2023-05-11T13:30:00+00:00,2023-05-11T14:29:00+00:00,13395.021005806866,13408.5,13468.0,13403.5,13426.75,217831,930,2023-05-10T22:00:00+00:00,2023-05-11T13:29:00+00:00,13403.75,13472.0,13361.5,13447.0,501411,330,2023-05-11T14:30:00+00:00,2023-05-11T19:59:00+00:00,146,317,0.4620253164556962,64.5,61.25,110.5,1.8040816326530613,0.3914027149321267,0.3914027149321267,False,False,True,False,broken,broken_down,False,True,True,True,True,True,True,0.7737556561085973,5,0.015151515151515152
MNQ,2023-05-12,13467.75,13487.25,13402.5,13407.75,169241,60,2023-05-12T13:30:00+00:00,2023-05-12T14:29:00+00:00,13442.841398754836,13444.0,13494.75,13444.0,13467.0,139738,930,2023-05-11T22:00:00+00:00,2023-05-12T13:29:00+00:00,13407.75,13425.75,13310.0,13397.25,527213,330,2023-05-12T14:30:00+00:00,2023-05-12T19:59:00+00:00,167,320,0.5235109717868338,50.75,84.75,115.75,1.3657817109144543,0.09071274298056156,-0.09071274298056156,False,False,True,False,broken,broken_down,False,False,True,True,False,True,True,0.4922425952045134,0,0.0
MNQ,2023-05-15,13416.75,13428.25,13351.25,13366.0,160753,60,2023-05-15T13:30:00+00:00,2023-05-15T14:29:00+00:00,13387.989315907012,13379.25,13447.5,13350.0,13416.5,147346,930,2023-05-14T22:00:00+00:00,2023-05-15T13:29:00+00:00,13366.0,13479.0,13362.0,13472.0,398080,330,2023-05-15T14:30:00+00:00,2023-05-15T19:59:00+00:00,161,320,0.5047021943573667,97.5,77.0,117.0,1.5194805194805194,0.905982905982906,0.905982905982906,True,False,False,False,trapped,trapped,True,True,False,True,True,False,True,0.9452054794520548,6,0.01818181818181818
MNQ,2023-05-16,13436.25,13515.75,13434.5,13505.0,209009,60,2023-05-16T13:30:00+00:00,2023-05-16T14:29:00+00:00,13480.470857315555,13466.75,13492.0,13426.25,13436.0,146465,930,2023-05-15T22:00:00+00:00,2023-05-16T13:29:00+00:00,13504.75,13554.25,13479.5,13482.0,408904,330,2023-05-16T14:30:00+00:00,2023-05-16T19:59:00+00:00,156,321,0.4875,65.75,81.25,74.75,0.92,0.30434782608695654,-0.30434782608695654,False,True,False,False,broken,broken_up,False,True,False,True,True,False,True,0.3966597077244259,1,0.0030303030303030303
MNQ,2023-05-17,13525.0,13540.0,13475.0,13514.75,166710,60,2023-05-17T13:30:00+00:00,2023-05-17T14:29:00+00:00,13508.29987903145,13500.5,13526.75,13474.0,13524.75,137386,930,2023-05-16T22:00:00+00:00,2023-05-17T13:29:00+00:00,13515.0,13669.25,13505.25,13644.75,484199,330,2023-05-17T14:30:00+00:00,2023-05-17T19:59:00+00:00,170,322,0.5295950155763239,52.75,65.0,164.0,2.523076923076923,0.7911585365853658,0.7911585365853658,False,True,False,False,broken,broken_up,False,True,False,True,True,False,True,0.8738738738738738,2,0.006060606060606061
MNQ,2023-05-18,13653.75,13775.75,13652.75,13773.5,208823,60,2023-05-18T13:30:00+00:00,2023-05-18T14:29:00+00:00,13717.782702336432,13641.5,13683.75,13628.25,13653.5,159966,930,2023-05-17T22:00:00+00:00,2023-05-18T13:29:00+00:00,13773.75,13901.0,13756.0,13889.5,584547,330,2023-05-18T14:30:00+00:00,2023-05-18T19:59:00+00:00,172,322,0.5358255451713395,55.5,123.0,145.0,1.1788617886178863,0.7982758620689655,0.7982758620689655,False,True,False,False,broken,broken_up,False,True,False,True,True,False,True,0.9536757301107754,0,0.0
MNQ,2023-05-19,13897.75,13929.0,13861.75,13899.25,165977,60,2023-05-19T13:30:00+00:00,2023-05-19T14:29:00+00:00,13892.99003576801,13908.25,13960.5,13877.5,13898.0,198116,930,2023-05-18T22:00:00+00:00,2023-05-19T13:29:00+00:00,13898.75,13908.5,13814.25,13858.0,535322,330,2023-05-19T14:30:00+00:00,2023-05-19T19:59:00+00:00,184,323,0.5714285714285714,83.0,67.25,94.25,1.4014869888475836,0.4323607427055703,-0.4323607427055703,False,False,True,False,broken,broken_down,False,False,True,True,False,True,True,0.3812636165577342,9,0.02727272727272727
MNQ,2023-05-22,13848.25,13946.75,13847.0,13902.75,229769,60,2023-05-22T13:30:00+00:00,2023-05-22T14:29:00+00:00,13904.941781020649,13813.75,13879.25,13794.25,13848.25,133379,930,2023-05-21T22:00:00+00:00,2023-05-22T13:29:00+00:00,13903.0,13942.75,13870.25,13905.25,401865,330,2023-05-22T14:30:00+00:00,2023-05-22T19:59:00+00:00,170,314,0.5431309904153354,85.0,99.75,72.5,0.7268170426065163,0.03103448275862069,0.03103448275862069,False,True,False,False,broken,broken_up,False,False,False,False,False,False,False,0.5839598997493735,49,0.1484848484848485
MNQ,2023-05-23,13831.25,13880.0,13821.75,13854.5,162374,60,2023-05-23T13:30:00+00:00,2023-05-23T14:29:00+00:00,13857.956576073344,13911.5,13977.25,13825.5,13831.25,175184,930,2023-05-22T22:00:00+00:00,2023-05-23T13:29:00+00:00,13855.0,13873.0,13711.0,13725.25,527528,330,2023-05-23T14:30:00+00:00,2023-05-23T19:59:00+00:00,166,324,0.5139318885448917,151.75,58.25,162.0,2.781115879828326,0.8009259259259259,-0.8009259259259259,False,False,True,False,broken,broken_down,False,False,True,True,False,True,True,0.08431952662721894,32,0.09696969696969697
MNQ,2023-05-24,13642.75,13675.0,13586.0,13591.25,199450,60,2023-05-24T13:30:00+00:00,2023-05-24T14:29:00+00:00,13631.696757332666,13732.0,13755.75,13628.0,13642.75,185798,930,2023-05-23T22:00:00+00:00,2023-05-24T13:29:00+00:00,13591.25,13705.75,13566.75,13653.5,519490,330,2023-05-24T14:30:00+00:00,2023-05-24T19:59:00+00:00,161,321,0.503125,127.75,89.0,139.0,1.5617977528089888,0.447841726618705,0.447841726618705,False,False,True,False,broken,broken_down,False,True,True,True,False,True,True,0.6241007194244604,25,0.07575757575757576
MNQ,2023-05-25,13954.75,13966.0,13851.25,13886.0,262786,60,2023-05-25T13:30:00+00:00,2023-05-25T14:29:00+00:00,13884.141513436789,13871.25,13975.0,13803.0,13954.25,287285,930,2023-05-24T22:00:00+00:00,2023-05-25T13:29:00+00:00,13886.5,14031.5,13867.5,13977.75,578456,330,2023-05-25T14:30:00+00:00,2023-05-25T19:59:00+00:00,156,319,0.49056603773584906,172.0,114.75,164.0,1.4291938997821352,0.5564024390243902,0.5564024390243902,True,False,False,False,trapped,trapped,False,True,False,True,True,False,True,0.7018030513176144,5,0.015151515151515152
MNQ,2023-05-26,14018.0,14204.5,14014.75,14202.5,205178,60,2023-05-26T13:30:00+00:00,2023-05-26T14:29:00+00:00,14114.316597052315,13981.75,14044.5,13924.75,14018.5,210719,930,2023-05-25T22:00:00+00:00,2023-05-26T13:29:00+00:00,14202.75,14368.75,14193.25,14333.25,539887,330,2023-05-26T14:30:00+00:00,2023-05-26T19:59:00+00:00,156,323,0.484472049689441,119.75,189.75,175.5,0.924901185770751,0.7435897435897436,0.7435897435897436,False,True,False,False,broken,broken_up,False,True,False,True,True,False,True,0.8997175141242938,0,0.0
MNQ,2023-05-29,14378.5,14384.25,14367.75,14382.75,11636,60,2023-05-29T13:30:00+00:00,2023-05-29T14:29:00+00:00,14375.414804629314,14418.25,14446.0,14367.5,14379.0,138184,930,2023-05-28T22:00:00+00:00,2023-05-29T13:29:00+00:00,14382.75,14411.25,14375.25,14406.25,18203,150,2023-05-29T14:30:00+00:00,2023-05-29T16:59:00+00:00,68,141,0.4857142857142857,78.5,16.5,36.0,2.1818181818181817,0.6527777777777778,0.6527777777777778,True,False,False,False,trapped,trapped,True,True,False,True,False,False,False,0.8850574712643678,1,0.006666666666666667
MNQ,2023-05-30,14510.0,14559.75,14399.25,14425.5,283841,60,2023-05-30T13:30:00+00:00,2023-05-30T14:29:00+00:00,14470.569462011008,14402.0,14570.0,14378.25,14509.75,239783,930,2023-05-29T22:00:00+00:00,2023-05-30T13:29:00+00:00,14425.75,14484.5,14336.25,14397.0,517058,330,2023-05-30T14:30:00+00:00,2023-05-30T19:59:00+00:00,158,325,0.4876543209876543,191.75,160.5,148.25,0.9236760124610592,0.19392917369308602,-0.19392917369308602,True,False,False,False,trapped,trapped,False,False,True,True,False,True,True,0.27181208053691275,14,0.04242424242424243
MNQ,2023-05-31,14330.25,14412.25,14274.25,14298.25,235948,60,2023-05-31T13:30:00+00:00,2023-05-31T14:29:00+00:00,14351.36763962116,14398.0,14430.0,14315.0,14330.0,195957,930,2023-05-30T22:00:00+00:00,2023-05-31T13:29:00+00:00,14298.0,14365.0,14252.5,14302.0,576933,330,2023-05-31T14:30:00+00:00,2023-05-31T19:59:00+00:00,167,324,0.5170278637770898,115.0,138.0,112.5,0.8152173913043478,0.035555555555555556,0.035555555555555556,False,False,True,False,broken,broken_down,False,False,True,True,False,True,True,0.30985915492957744,17,0.051515151515151514
MNQ,2023-06-01,14298.25,14341.75,14252.0,14301.25,200179,60,2023-06-01T13:30:00+00:00,2023-06-01T14:29:00+00:00,14298.49033656544,14290.0,14336.75,14248.0,14298.0,223921,930,2023-05-31T22:00:00+00:00,2023-06-01T13:29:00+00:00,14300.75,14528.25,14287.5,14473.5,500054,330,2023-06-01T14:30:00+00:00,2023-06-01T19:59:00+00:00,159,315,0.5063694267515924,88.75,89.75,240.75,2.682451253481894,0.7175493250259606,0.7175493250259606,False,True,False,False,broken,broken_up,False,True,False,True,True,False,True,0.8018099547511313,5,0.015151515151515152
MNQ,2023-06-02,14543.25,14627.75,14470.0,14523.0,286100,60,2023-06-02T13:30:00+00:00,2023-06-02T14:29:00+00:00,14539.352834381918,14494.5,14564.25,14473.75,14543.25,205001,930,2023-06-01T22:00:00+00:00,2023-06-02T13:29:00+00:00,14523.5,14609.25,14502.5,14579.25,454607,330,2023-06-02T14:30:00+00:00,2023-06-02T19:59:00+00:00,164,323,0.5093167701863354,90.5,157.75,106.75,0.6767036450079239,0.522248243559719,0.522248243559719,False,True,True,True,broken,broken_both,False,False,False,False,False,False,False,0.6925515055467512,3,0.00909090909090909
MNQ,2023-06-05,14568.5,14651.75,14567.75,14606.5,230421,60,2023-06-05T13:30:00+00:00,2023-06-05T14:29:00+00:00,14611.772397770457,14582.75,14584.25,14512.75,14569.0,156853,930,2023-06-04T22:00:00+00:00,2023-06-05T13:29:00+00:00,14606.5,14695.25,14543.75,14587.5,557580,330,2023-06-05T14:30:00+00:00,2023-06-05T19:59:00+00:00,166,324,0.5139318885448917,71.5,84.0,151.5,1.8035714285714286,0.1254125412541254,-0.1254125412541254,False,True,False,False,broken,broken_up,False,True,True,True,True,False,True,0.2887788778877888,23,0.0696969696969697
MNQ,2023-06-06,14560.75,14582.0,14505.0,14569.25,199838,60,2023-06-06T13:30:00+00:00,2023-06-06T14:29:00+00:00,14544.902910941197,14582.0,14616.0,14556.5,14560.5,159553,930,2023-06-05T22:00:00+00:00,2023-06-06T13:29:00+00:00,14569.0,14624.0,14527.75,14584.0,455833,330,2023-06-06T14:30:00+00:00,2023-06-06T19:59:00+00:00,173,323,0.5372670807453416,59.5,77.0,96.25,1.25,0.15584415584415584,0.15584415584415584,False,False,True,False,broken,broken_down,False,True,False,True,True,False,True,0.6638655462184874,12,0.03636363636363636
MNQ,2023-06-07,14592.0,14675.5,14531.75,14548.75,250906,60,2023-06-07T13:30:00+00:00,2023-06-07T14:29:00+00:00,14617.574627881888,14593.5,14615.0,14537.5,14591.25,148825,930,2023-06-06T22:00:00+00:00,2023-06-07T13:29:00+00:00,14548.5,14560.0,14305.5,14331.75,693672,330,2023-06-07T14:30:00+00:00,2023-06-07T19:59:00+00:00,165,322,0.514018691588785,77.5,143.75,254.5,1.7704347826086957,0.8516699410609038,-0.8516699410609038,False,True,True,True,broken,broken_both,False,False,True,True,False,True,True,0.07094594594594594,0,0.0
MNQ,2023-06-08,14337.75,14423.0,14328.0,14414.0,241971,60,2023-06-08T13:30:00+00:00,2023-06-08T14:29:00+00:00,14377.926992628592,14318.75,14371.5,14257.0,14337.5,255637,930,2023-06-07T22:00:00+00:00,2023-06-08T13:29:00+00:00,14414.0,14523.5,14396.0,14500.0,447090,330,2023-06-08T14:30:00+00:00,2023-06-08T19:59:00+00:00,171,322,0.5327102803738317,114.5,95.0,127.5,1.3421052631578947,0.6745098039215687,0.6745098039215687,False,True,False,False,broken,broken_up,False,True,False,True,True,False,True,0.8797953964194374,0,0.0
MNQ,2023-06-09,14561.75,14688.0,14556.5,14668.75,210633,60,2023-06-09T13:30:00+00:00,2023-06-09T14:29:00+00:00,14635.92988990329,14518.75,14564.25,14460.25,14561.75,173390,930,2023-06-08T22:00:00+00:00,2023-06-09T13:29:00+00:00,14669.25,14679.0,14496.0,14556.25,591324,330,2023-06-09T14:30:00+00:00,2023-06-09T19:59:00+00:00,142,322,0.4423676012461059,104.0,131.5,183.0,1.391634980988593,0.6174863387978142,-0.6174863387978142,False,True,False,False,broken,broken_up,False,False,True,True,False,False,False,0.3138020833333333,5,0.015151515151515152
MNQ,2023-06-12,14804.0,14819.0,14764.0,14807.75,106790,60,2023-06-12T13:30:00+00:00,2023-06-12T14:29:00+00:00,14793.552197459187,14561.5,14831.75,14553.75,14803.75,116811,930,2023-06-11T22:00:00+00:00,2023-06-12T13:29:00+00:00,14807.5,14990.75,14784.0,14988.25,260341,330,2023-06-12T14:30:00+00:00,2023-06-12T19:59:00+00:00,175,317,0.5537974683544303,278.0,55.0,206.75,3.7590909090909093,0.8742442563482467,0.8742442563482467,True,False,False,False,trapped,trapped,True,True,False,True,True,False,True,0.9889746416758545,11,0.03333333333333333
MNQ,2023-06-13,15097.0,15130.0,14962.75,14995.25,224555,60,2023-06-13T13:30:00+00:00,2023-06-13T14:29:00+00:00,15039.973940311578,15000.75,15151.75,14978.5,15097.25,229614,930,2023-06-12T22:00:00+00:00,2023-06-13T13:29:00+00:00,14995.5,15115.75,14978.5,15096.25,388948,330,2023-06-13T14:30:00+00:00,2023-06-13T19:59:00+00:00,157,319,0.4937106918238994,173.25,167.25,137.25,0.820627802690583,0.7340619307832422,0.7340619307832422,False,False,True,False,broken,broken_down,False,False,False,False,False,False,False,0.7982062780269058,18,0.05454545454545454
MNQ,2023-06-14,15095.5,15172.25,15053.0,15145.0,161817,60,2023-06-14T13:30:00+00:00,2023-06-14T14:29:00+00:00,15116.971374041872,15108.25,15151.75,15081.0,15095.75,151216,930,2023-06-13T22:00:00+00:00,2023-06-14T13:29:00+00:00,15145.0,15215.75,14976.0,15203.0,726776,330,2023-06-14T14:30:00+00:00,2023-06-14T19:59:00+00:00,160,324,0.4953560371517028,70.75,119.25,239.75,2.010482180293501,0.24191866527632952,0.24191866527632952,False,True,True,True,broken,broken_both,False,True,True,True,True,True,True,0.9468196037539103,13,0.03939393939393939
MNQ,2023-06-15,15141.0,15270.5,15114.25,15265.5,242736,60,2023-06-15T13:30:00+00:00,2023-06-15T14:29:00+00:00,15199.895951431461,15226.0,15229.0,15066.25,15141.5,259862,930,2023-06-14T22:00:00+00:00,2023-06-15T13:29:00+00:00,15265.5,15441.0,15216.25,15377.25,507464,330,2023-06-15T14:30:00+00:00,2023-06-15T19:59:00+00:00,157,319,0.4937106918238994,162.75,156.25,224.75,1.4384,0.4972191323692992,0.4972191323692992,False,True,False,False,broken,broken_up,False,True,False,True,True,False,True,0.8048967100229534,0,0.0
MNQ,2023-06-16,15471.0,15475.5,15333.0,15410.75,246962,60,2023-06-16T13:30:00+00:00,2023-06-16T14:29:00+00:00,15380.97048128862,15366.0,15474.5,15315.0,15470.5,235346,930,2023-06-15T22:00:00+00:00,2023-06-16T13:29:00+00:00,15410.75,15416.5,15258.75,15274.5,498288,330,2023-06-16T14:30:00+00:00,2023-06-16T19:59:00+00:00,162,323,0.5031055900621118,159.5,142.5,157.75,1.1070175438596492,0.8637083993660856,-0.8637083993660856,False,True,False,False,broken,broken_up,False,False,True,True,False,True,True,0.0726643598615917,44,0.13333333333333333
MNQ,2023-06-19,15251.25,15253.25,15230.5,15244.0,23286,60,2023-06-19T13:30:00+00:00,2023-06-19T14:29:00+00:00,15240.71318245584,15302.5,15321.75,15233.75,15250.75,134177,930,2023-06-18T22:00:00+00:00,2023-06-19T13:29:00+00:00,15244.0,15250.5,15232.5,15237.75,26263,150,2023-06-19T14:30:00+00:00,2023-06-19T16:59:00+00:00,81,140,0.5827338129496403,88.0,22.75,18.0,0.7912087912087912,0.3472222222222222,-0.3472222222222222,False,False,True,False,broken,broken_down,False,False,False,False,False,False,False,0.31868131868131866,28,0.18666666666666668
MNQ,2023-06-20,15212.5,15310.25,15130.25,15142.5,244420,60,2023-06-20T13:30:00+00:00,2023-06-20T14:29:00+00:00,15231.740528598315,15242.25,15257.75,15168.75,15212.75,181646,930,2023-06-19T22:00:00+00:00,2023-06-20T13:29:00+00:00,15142.0,15287.5,15126.25,15253.75,428874,330,2023-06-20T14:30:00+00:00,2023-06-20T19:59:00+00:00,165,323,0.5124223602484472,89.0,180.0,161.25,0.8958333333333334,0.6930232558139535,0.6930232558139535,False,True,True,True,broken,broken_both,False,False,True,True,False,True,True,0.6929347826086957,9,0.02727272727272727
MNQ,2023-06-21,15201.75,15219.25,15075.75,15102.25,217503,60,2023-06-21T13:30:00+00:00,2023-06-21T14:29:00+00:00,15140.588795710097,15247.0,15273.0,15181.5,15201.5,160439,930,2023-06-20T22:00:00+00:00,2023-06-21T13:29:00+00:00,15102.5,15150.0,15002.5,15045.5,550780,330,2023-06-21T14:30:00+00:00,2023-06-21T19:59:00+00:00,167,323,0.5186335403726708,91.5,143.5,147.5,1.0278745644599303,0.3864406779661017,-0.3864406779661017,False,False,True,False,broken,broken_down,False,False,True,True,False,True,True,0.19838523644752018,4,0.012121212121212121
MNQ,2023-06-22,14981.75,15149.25,14964.0,15134.75,239100,60,2023-06-22T13:30:00+00:00,2023-06-22T14:29:00+00:00,15067.232630001392,15042.0,15057.75,14968.0,14982.25,205260,930,2023-06-21T22:00:00+00:00,2023-06-22T13:29:00+00:00,15134.75,15218.0,15056.0,15213.5,530136,330,2023-06-22T14:30:00+00:00,2023-06-22T19:59:00+00:00,169,324,0.5232198142414861,89.75,185.25,162.0,0.8744939271255061,0.4861111111111111,0.4861111111111111,False,True,True,True,broken,broken_both,False,True,False,True,True,False,True,0.9822834645669292,10,0.030303030303030304
MNQ,2023-06-23,15043.5,15087.75,14984.75,15046.5,247161,60,2023-06-23T13:30:00+00:00,2023-06-23T14:29:00+00:00,15035.286433067246,15236.0,15236.5,15020.5,15043.25,234769,930,2023-06-22T22:00:00+00:00,2023-06-23T13:29:00+00:00,15046.5,15155.5,15006.75,15060.25,495905,330,2023-06-23T14:30:00+00:00,2023-06-23T19:59:00+00:00,178,322,0.5545171339563862,216.0,103.0,148.75,1.4441747572815533,0.09243697478991597,0.09243697478991597,False,False,True,False,broken,broken_down,False,True,False,True,False,False,False,0.44216691068814057,14,0.04242424242424243
MNQ,2023-06-26,15036.0,15152.25,15024.25,15124.25,199015,60,2023-06-26T13:30:00+00:00,2023-06-26T14:29:00+00:00,15106.799695165355,15058.25,15114.5,14998.0,15036.25,192090,930,2023-06-25T22:00:00+00:00,2023-06-26T13:29:00+00:00,15124.25,15127.25,14853.5,14857.75,629683,330,2023-06-26T14:30:00+00:00,2023-06-26T19:59:00+00:00,176,326,0.5415384615384615,116.5,128.0,273.75,2.138671875,0.9735159817351599,-0.9735159817351599,False,True,False,False,broken,broken_up,False,False,True,True,False,True,True,0.014225941422594143,1,0.0030303030303030303
MNQ,2023-06-27,14917.75,14979.5,14888.25,14932.25,270279,60,2023-06-27T13:30:00+00:00,2023-06-27T14:29:00+00:00,14934.40175368169,14874.75,14937.0,14862.5,14918.75,172970,930,2023-06-26T22:00:00+00:00,2023-06-27T13:29:00+00:00,14931.75,15139.75,14889.75,15108.75,498247,330,2023-06-27T14:30:00+00:00,2023-06-27T19:59:00+00:00,161,324,0.4984520123839009,74.5,91.25,250.0,2.73972602739726,0.708,0.708,False,True,False,False,broken,broken_up,False,True,False,True,True,False,True,0.8767395626242545,19,0.05757575757575758
MNQ,2023-06-28,15029.5,15144.75,15025.5,15141.5,263857,60,2023-06-28T13:30:00+00:00,2023-06-28T14:29:00+00:00,15078.63831860945,15087.0,15092.75,15021.25,15029.75,194428,930,2023-06-27T22:00:00+00:00,2023-06-28T13:29:00+00:00,15142.0,15218.75,15059.0,15139.5,616256,330,2023-06-28T14:30:00+00:00,2023-06-28T19:59:00+00:00,167,326,0.5138461538461538,71.5,119.25,159.75,1.3396226415094339,0.01564945226917058,-0.01564945226917058,False,True,False,False,broken,broken_up,False,True,False,True,True,False,True,0.5899094437257438,12,0.03636363636363636
MNQ,2023-06-29,15119.0,15144.75,15035.25,15061.75,260444,60,2023-06-29T13:30:00+00:00,2023-06-29T14:29:00+00:00,15093.837085259533,15160.5,15202.75,15102.25,15119.25,220948,930,2023-06-28T22:00:00+00:00,2023-06-29T13:29:00+00:00,15061.75,15140.0,15028.5,15103.25,492107,330,2023-06-29T14:30:00+00:00,2023-06-29T19:59:00+00:00,156,318,0.4921135646687697,100.5,109.5,111.5,1.0182648401826484,0.3721973094170404,0.3721973094170404,False,False,True,False,broken,broken_down,False,False,True,True,False,True,True,0.6430107526881721,21,0.06363636363636363
MNQ,2023-06-30,15251.75,15376.5,15238.25,15353.5,179250,60,2023-06-30T13:30:00+00:00,2023-06-30T14:29:00+00:00,15310.602540213853,15107.0,15263.5,15098.75,15251.75,193149,930,2023-06-29T22:00:00+00:00,2023-06-30T13:29:00+00:00,15353.75,15369.25,15282.5,15331.0,386046,330,2023-06-30T14:30:00+00:00,2023-06-30T19:59:00+00:00,171,320,0.5360501567398119,164.75,138.25,86.75,0.6274864376130199,0.2622478386167147,-0.2622478386167147,False,True,False,False,broken,broken_up,False,False,False,False,False,False,False,0.6708860759493671,19,0.05757575757575758
MNQ,2023-07-03,15355.5,15389.75,15337.5,15355.5,135339,60,2023-07-03T13:30:00+00:00,2023-07-03T14:29:00+00:00,15365.165538635083,15331.5,15392.0,15328.0,15355.25,139986,930,2023-07-02T22:00:00+00:00,2023-07-03T13:29:00+00:00,15355.5,15366.5,15307.5,15356.5,154348,165,2023-07-03T14:30:00+00:00,2023-07-03T17:14:00+00:00,78,158,0.4968152866242038,64.0,52.25,59.0,1.1291866028708133,0.01694915254237288,0.01694915254237288,True,False,False,False,trapped,trapped,True,False,True,True,False,True,True,0.5957446808510638,2,0.012121212121212121
MNQ,2023-07-04,15363.5,15368.25,15349.25,15350.75,10642,60,2023-07-04T13:30:00+00:00,2023-07-04T14:29:00+00:00,15361.075886424862,15356.5,15374.75,15333.0,15363.5,54557,929,2023-07-03T22:00:00+00:00,2023-07-04T13:29:00+00:00,15351.0,15356.5,15341.0,15344.75,15189,150,2023-07-04T14:30:00+00:00,2023-07-04T16:59:00+00:00,75,134,0.5639097744360902,41.75,19.0,15.5,0.8157894736842105,0.4032258064516129,-0.4032258064516129,True,False,False,False,trapped,trapped,False,False,True,True,False,False,False,0.13761467889908258,0,0.0
MNQ,2023-07-05,15294.0,15423.5,15292.5,15410.0,197765,60,2023-07-05T13:30:00+00:00,2023-07-05T14:29:00+00:00,15372.130005309331,15345.5,15356.5,15255.25,15294.0,151686,930,2023-07-04T22:00:00+00:00,2023-07-05T13:29:00+00:00,15409.75,15431.75,15324.25,15360.0,427240,330,2023-07-05T14:30:00+00:00,2023-07-05T19:59:00+00:00,161,315,0.5127388535031847,101.25,131.0,107.5,0.8206106870229007,0.4627906976744186,-0.4627906976744186,False,True,False,False,broken,broken_up,False,True,False,True,True,False,True,0.48473967684021546,66,0.2
MNQ,2023-07-06,15196.0,15214.0,15112.0,15164.0,230153,60,2023-07-06T13:30:00+00:00,2023-07-06T14:29:00+00:00,15157.554503236253,15355.0,15365.75,15165.0,15196.0,249391,930,2023-07-05T22:00:00+00:00,2023-07-06T13:29:00+00:00,15163.75,15252.25,15113.25,15235.75,461971,330,2023-07-06T14:30:00+00:00,2023-07-06T19:59:00+00:00,170,328,0.5198776758409785,200.75,102.0,139.0,1.3627450980392157,0.5179856115107914,0.5179856115107914,False,False,True,False,broken,broken_down,False,True,False,True,False,False,False,0.8823529411764706,25,0.07575757575757576
MNQ,2023-07-07,15220.75,15278.0,15188.5,15215.75,231582,60,2023-07-07T13:30:00+00:00,2023-07-07T14:29:00+00:00,15239.51109398255,15214.0,15314.0,15176.75,15221.25,266279,930,2023-07-06T22:00:00+00:00,2023-07-07T13:29:00+00:00,15216.0,15359.75,15172.0,15183.5,525808,330,2023-07-07T14:30:00+00:00,2023-07-07T19:59:00+00:00,165,321,0.515625,137.25,89.5,187.75,2.0977653631284916,0.17310252996005326,-0.17310252996005326,True,False,False,False,trapped,trapped,False,True,True,True,True,True,True,0.06125166444740346,6,0.01818181818181818
MNQ,2023-07-10,15168.75,15214.5,15085.5,15174.5,243040,60,2023-07-10T13:30:00+00:00,2023-07-10T14:29:00+00:00,15160.183146464231,15195.75,15207.0,15078.0,15169.0,237322,930,2023-07-09T22:00:00+00:00,2023-07-10T13:29:00+00:00,15174.5,15192.75,15063.5,15190.25,527346,330,2023-07-10T14:30:00+00:00,2023-07-10T19:59:00+00:00,169,320,0.5297805642633229,129.0,129.0,129.25,1.001937984496124,0.1218568665377176,0.1218568665377176,False,True,False,False,broken,broken_up,False,False,True,True,False,True,True,0.8394039735099338,40,0.12121212121212122
MNQ,2023-07-11,15202.0,15233.75,15109.0,15172.5,246427,60,2023-07-11T13:30:00+00:00,2023-07-11T14:29:00+00:00,15164.300982305782,15192.75,15239.5,15175.75,15201.75,177976,930,2023-07-10T22:00:00+00:00,2023-07-11T13:29:00+00:00,15172.25,15279.75,15156.5,15259.0,493332,330,2023-07-11T14:30:00+00:00,2023-07-11T19:59:00+00:00,167,322,0.5202492211838006,63.75,124.75,123.25,0.9879759519038076,0.7038539553752535,0.7038539553752535,False,False,True,False,broken,broken_down,False,True,False,True,True,False,True,0.8784773060029283,8,0.024242424242424242
MNQ,2023-07-12,15430.5,15507.75,15408.0,15488.5,225418,60,2023-07-12T13:30:00+00:00,2023-07-12T14:29:00+00:00,15456.194290532847,15260.0,15435.0,15253.25,15430.5,230073,930,2023-07-11T22:00:00+00:00,2023-07-12T13:29:00+00:00,15488.75,15503.75,15344.0,15452.0,607492,330,2023-07-12T14:30:00+00:00,2023-07-12T19:59:00+00:00,165,322,0.514018691588785,181.75,99.75,159.75,1.6015037593984962,0.2300469483568075,-0.2300469483568075,False,True,False,False,broken,broken_up,False,False,True,True,False,False,False,0.6595419847328244,62,0.18787878787878787
MNQ,2023-07-13,15576.0,15621.75,15552.25,15561.25,199911,60,2023-07-13T13:30:00+00:00,2023-07-13T14:29:00+00:00,15594.156826454437,15459.75,15581.5,15455.75,15576.25,197885,930,2023-07-12T22:00:00+00:00,2023-07-13T13:29:00+00:00,15561.25,15741.25,15557.5,15706.0,456812,330,2023-07-13T14:30:00+00:00,2023-07-13T19:59:00+00:00,177,314,0.5654952076677316,125.75,69.5,183.75,2.643884892086331,0.7877551020408163,0.7877551020408163,False,True,False,False,broken,broken_up,False,True,False,True,True,False,True,0.8134920634920635,20,0.06060606060606061
MNQ,2023-07-14,15721.5,15857.5,15721.0,15818.25,230595,60,2023-07-14T13:30:00+00:00,2023-07-14T14:29:00+00:00,15798.086553264378,15699.5,15739.25,15681.0,15721.75,169470,930,2023-07-13T22:00:00+00:00,2023-07-14T13:29:00+00:00,15818.0,15839.25,15658.0,15703.0,577375,330,2023-07-14T14:30:00+00:00,2023-07-14T19:59:00+00:00,182,324,0.5634674922600619,58.25,136.5,181.25,1.3278388278388278,0.6344827586206897,-0.6344827586206897,False,True,False,False,broken,broken_up,False,False,True,True,False,True,True,0.22556390977443608,30,0.09090909090909091
MNQ,2023-07-17,15729.75,15781.5,15708.75,15751.75,216256,60,2023-07-17T13:30:00+00:00,2023-07-17T14:29:00+00:00,15744.928900238609,15690.25,15730.0,15661.0,15729.75,145600,930,2023-07-16T22:00:00+00:00,2023-07-17T13:29:00+00:00,15751.75,15886.75,15737.5,15844.75,420515,330,2023-07-17T14:30:00+00:00,2023-07-17T19:59:00+00:00,167,324,0.5170278637770898,69.0,72.75,149.25,2.051546391752577,0.6231155778894473,0.6231155778894473,False,True,False,False,broken,broken_up,False,True,False,True,True,False,True,0.7640449438202247,16,0.048484848484848485
MNQ,2023-07-18,15815.0,15816.0,15733.5,15768.25,228137,60,2023-07-18T13:30:00+00:00,2023-07-18T14:29:00+00:00,15770.57752505439,15827.0,15843.75,15796.25,15815.0,146906,930,2023-07-17T22:00:00+00:00,2023-07-18T13:29:00+00:00,15768.0,16030.0,15751.75,15972.75,562409,330,2023-07-18T14:30:00+00:00,2023-07-18T19:59:00+00:00,180,322,0.5607476635514018,47.5,82.5,278.25,3.3727272727272726,0.7358490566037735,0.7358490566037735,False,False,True,False,broken,broken_down,False,True,False,True,True,False,True,0.8069139966273187,4,0.012121212121212121
MNQ,2023-07-19,16012.75,16038.25,15971.25,15985.25,231720,60,2023-07-19T13:30:00+00:00,2023-07-19T14:29:00+00:00,16001.497264298865,15952.0,16017.5,15944.5,16013.0,140885,930,2023-07-18T22:00:00+00:00,2023-07-19T13:29:00+00:00,15985.0,16062.5,15911.0,15957.25,684482,330,2023-07-19T14:30:00+00:00,2023-07-19T19:59:00+00:00,171,326,0.5261538461538462,73.0,67.0,151.5,2.2611940298507465,0.18316831683168316,-0.18316831683168316,False,True,False,False,broken,broken_up,False,True,True,True,True,True,True,0.30528052805280526,13,0.03939393939393939
MNQ,2023-07-20,15833.75,15895.0,15745.75,15755.0,277354,60,2023-07-20T13:30:00+00:00,2023-07-20T14:29:00+00:00,15834.559981708091,15925.75,15925.75,15805.0,15833.5,227443,930,2023-07-19T22:00:00+00:00,2023-07-20T13:29:00+00:00,15755.0,15785.0,15547.5,15588.0,686747,330,2023-07-20T14:30:00+00:00,2023-07-20T19:59:00+00:00,168,322,0.5233644859813084,120.75,149.25,237.5,1.5912897822445562,0.7031578947368421,-0.7031578947368421,False,False,True,False,broken,broken_down,False,False,True,True,False,True,True,0.11654676258992806,0,0.0
MNQ,2023-07-21,15688.0,15719.5,15550.5,15551.0,293580,60,2023-07-21T13:30:00+00:00,2023-07-21T14:29:00+00:00,15640.581197061561,15594.0,15715.25,15554.25,15688.0,214637,930,2023-07-20T22:00:00+00:00,2023-07-21T13:29:00+00:00,15551.25,15654.75,15522.25,15537.5,624509,330,2023-07-21T14:30:00+00:00,2023-07-21T19:59:00+00:00,173,325,0.5339506172839507,161.0,169.0,132.5,0.7840236686390533,0.10377358490566038,-0.10377358490566038,False,True,True,True,broken,broken_both,False,False,True,True,False,True,True,0.07731305449936629,14,0.04242424242424243
MNQ,2023-07-24,15578.5,15618.25,15484.5,15581.5,273594,60,2023-07-24T13:30:00+00:00,2023-07-24T14:29:00+00:00,15553.853194575417,15555.75,15594.75,15527.0,15579.0,170982,930,2023-07-23T22:00:00+00:00,2023-07-24T13:29:00+00:00,15581.5,15597.75,15518.5,15563.75,455313,330,2023-07-24T14:30:00+00:00,2023-07-24T19:59:00+00:00,173,329,0.5274390243902439,67.75,133.75,79.25,0.5925233644859813,0.22397476340694006,-0.22397476340694006,False,True,True,True,broken,broken_both,False,False,False,False,False,False,False,0.5925233644859813,69,0.20909090909090908
MNQ,2023-07-25,15588.75,15673.75,15588.25,15629.0,204885,60,2023-07-25T13:30:00+00:00,2023-07-25T14:29:00+00:00,15636.316058601982,15569.25,15628.5,15549.0,15588.75,139044,930,2023-07-24T22:00:00+00:00,2023-07-25T13:29:00+00:00,15629.5,15736.0,15602.75,15667.0,434378,330,2023-07-25T14:30:00+00:00,2023-07-25T19:59:00+00:00,158,317,0.5,79.5,85.5,133.25,1.5584795321637428,0.28142589118198874,0.28142589118198874,False,True,False,False,broken,broken_up,False,True,False,True,True,False,True,0.5329949238578681,5,0.015151515151515152
MNQ,2023-07-26,15619.25,15639.0,15565.75,15605.75,201430,60,2023-07-26T13:30:00+00:00,2023-07-26T14:29:00+00:00,15607.435808965894,15725.25,15739.5,15606.0,15619.5,187233,930,2023-07-25T22:00:00+00:00,2023-07-26T13:29:00+00:00,15605.75,15684.25,15515.0,15613.5,676580,330,2023-07-26T14:30:00+00:00,2023-07-26T19:59:00+00:00,160,321,0.5,133.5,73.25,169.25,2.310580204778157,0.04579025110782865,0.04579025110782865,False,False,True,False,broken,broken_down,False,True,True,True,False,True,True,0.5819793205317577,15,0.045454545454545456
MNQ,2023-07-27,15835.25,15904.0,15770.75,15772.25,244912,60,2023-07-27T13:30:00+00:00,2023-07-27T14:29:00+00:00,15851.865019544435,15639.25,15846.25,15631.25,15835.0,233120,930,2023-07-26T22:00:00+00:00,2023-07-27T13:29:00+00:00,15772.0,15856.5,15512.5,15566.0,852060,330,2023-07-27T14:30:00+00:00,2023-07-27T19:59:00+00:00,156,325,0.48148148148148145,215.0,133.25,344.0,2.5816135084427767,0.5988372093023255,-0.5988372093023255,False,True,False,False,broken,broken_up,False,False,True,True,False,True,True,0.13665389527458494,13,0.03939393939393939
MNQ,2023-07-28,15738.0,15830.25,15715.5,15797.5,217612,60,2023-07-28T13:30:00+00:00,2023-07-28T14:29:00+00:00,15787.448335799496,15584.0,15760.5,15546.5,15737.75,338764,930,2023-07-27T22:00:00+00:00,2023-07-28T13:29:00+00:00,15797.5,15895.75,15775.0,15849.5,584175,330,2023-07-28T14:30:00+00:00,2023-07-28T19:59:00+00:00,160,324,0.4953560371517028,214.0,114.75,120.75,1.0522875816993464,0.4306418219461698,0.4306418219461698,False,True,False,False,broken,broken_up,False,True,False,True,True,False,True,0.7434119278779473,11,0.03333333333333333
MNQ,2023-07-31,15860.25,15905.0,15805.75,15860.75,218841,60,2023-07-31T13:30:00+00:00,2023-07-31T14:29:00+00:00,15854.75318115283,15849.5,15916.5,15791.25,15860.0,246264,930,2023-07-30T22:00:00+00:00,2023-07-31T13:29:00+00:00,15860.75,15879.75,15800.25,15863.0,431047,330,2023-07-31T14:30:00+00:00,2023-07-31T19:59:00+00:00,169,325,0.5216049382716049,125.25,99.25,79.5,0.801007556675063,0.02830188679245283,0.02830188679245283,True,False,False,False,trapped,trapped,False,False,True,True,False,False,False,0.5990453460620525,33,0.1
MNQ,2023-08-01,15796.5,15815.25,15728.0,15780.0,233037,60,2023-08-01T13:30:00+00:00,2023-08-01T14:29:00+00:00,15778.935835654136,15867.5,15889.0,15755.5,15796.25,197032,930,2023-07-31T22:00:00+00:00,2023-08-01T13:29:00+00:00,15780.75,15849.25,15776.5,15816.75,442407,330,2023-08-01T14:30:00+00:00,2023-08-01T19:59:00+00:00,167,324,0.5170278637770898,133.5,87.25,72.75,0.833810888252149,0.4948453608247423,0.4948453608247423,False,False,True,False,broken,broken_down,False,True,False,True,False,False,False,0.7319587628865979,2,0.006060606060606061
MNQ,2023-08-02,15667.75,15668.75,15524.5,15544.75,267727,60,2023-08-02T13:30:00+00:00,2023-08-02T14:29:00+00:00,15591.824695803312,15769.5,15790.0,15591.5,15667.25,346030,930,2023-08-01T22:00:00+00:00,2023-08-02T13:29:00+00:00,15544.25,15558.0,15413.25,15468.0,629383,330,2023-08-02T14:30:00+00:00,2023-08-02T19:59:00+00:00,173,323,0.5372670807453416,198.5,144.25,144.75,1.0034662045060658,0.5267702936096719,-0.5267702936096719,False,False,True,False,broken,broken_down,False,False,True,True,False,True,True,0.21428571428571427,0,0.0
MNQ,2023-08-03,15358.25,15466.75,15351.0,15355.75,264468,60,2023-08-03T13:30:00+00:00,2023-08-03T14:29:00+00:00,15408.1096597698,15452.5,15507.5,15339.25,15357.75,335630,930,2023-08-02T22:00:00+00:00,2023-08-03T13:29:00+00:00,15356.0,15523.75,15353.25,15431.0,533332,330,2023-08-03T14:30:00+00:00,2023-08-03T19:59:00+00:00,157,324,0.48606811145510836,168.25,115.75,170.5,1.4730021598272138,0.4398826979472141,0.4398826979472141,True,False,False,False,trapped,trapped,False,True,False,True,True,False,True,0.4630969609261939,12,0.03636363636363636
MNQ,2023-08-04,15511.75,15584.0,15392.75,15465.75,331485,60,2023-08-04T13:30:00+00:00,2023-08-04T14:29:00+00:00,15483.540789175984,15444.0,15561.0,15401.5,15511.75,346767,930,2023-08-03T22:00:00+00:00,2023-08-04T13:29:00+00:00,15465.75,15610.25,15336.5,15358.5,705323,330,2023-08-04T14:30:00+00:00,2023-08-04T19:59:00+00:00,162,325,0.5,159.5,191.25,273.75,1.4313725490196079,0.3917808219178082,-0.3917808219178082,False,True,True,True,broken,broken_both,False,True,True,True,True,True,True,0.08036529680365297,7,0.021212121212121213
MNQ,2023-08-07,15433.75,15473.25,15357.0,15424.5,287872,60,2023-08-07T13:30:00+00:00,2023-08-07T14:29:00+00:00,15411.708815897344,15369.75,15466.25,15365.0,15434.25,226281,930,2023-08-06T22:00:00+00:00,2023-08-07T13:29:00+00:00,15424.25,15490.75,15334.5,15486.25,535322,330,2023-08-07T14:30:00+00:00,2023-08-07T19:59:00+00:00,165,318,0.5205047318611987,101.25,116.25,156.25,1.3440860215053763,0.3968,0.3968,False,True,True,True,broken,broken_both,False,True,True,True,True,True,True,0.9712,33,0.1
MNQ,2023-08-08,15379.25,15379.5,15244.5,15285.25,261315,60,2023-08-08T13:30:00+00:00,2023-08-08T14:29:00+00:00,15304.190955041488,15490.75,15498.0,15318.75,15379.5,259515,930,2023-08-07T22:00:00+00:00,2023-08-08T13:29:00+00:00,15285.75,15370.0,15216.25,15350.0,523725,330,2023-08-08T14:30:00+00:00,2023-08-08T19:59:00+00:00,172,321,0.5375,179.25,135.0,153.75,1.1388888888888888,0.41788617886178864,0.41788617886178864,False,False,True,False,broken,broken_down,False,False,True,True,False,True,True,0.8192955589586524,16,0.048484848484848485
MNQ,2023-08-09,15360.75,15369.0,15257.5,15282.0,230803,60,2023-08-09T13:30:00+00:00,2023-08-09T14:29:00+00:00,15300.183979049956,15351.5,15432.75,15343.5,15360.75,202094,930,2023-08-08T22:00:00+00:00,2023-08-09T13:29:00+00:00,15282.25,15306.25,15145.0,15180.25,666632,330,2023-08-09T14:30:00+00:00,2023-08-09T19:59:00+00:00,169,326,0.52,89.25,111.5,161.25,1.446188340807175,0.6325581395348837,-0.6325581395348837,False,False,True,False,broken,broken_down,False,False,True,True,False,True,True,0.15736607142857142,3,0.00909090909090909
MNQ,2023-08-10,15301.25,15441.75,15273.25,15399.25,267927,60,2023-08-10T13:30:00+00:00,2023-08-10T14:29:00+00:00,15374.43841575006,15202.25,15357.0,15198.0,15300.5,322025,930,2023-08-09T22:00:00+00:00,2023-08-10T13:29:00+00:00,15399.0,15420.75,15136.0,15200.75,856781,330,2023-08-10T14:30:00+00:00,2023-08-10T19:59:00+00:00,154,327,0.4723926380368098,159.0,168.5,284.75,1.6899109792284865,0.6962247585601404,-0.6962247585601404,False,True,False,False,broken,broken_up,False,False,True,True,False,True,True,0.21177432542927227,3,0.00909090909090909
MNQ,2023-08-11,15091.5,15174.25,15052.0,15147.5,245291,60,2023-08-11T13:30:00+00:00,2023-08-11T14:29:00+00:00,15104.969865724113,15218.75,15266.75,15078.0,15091.5,270302,930,2023-08-10T22:00:00+00:00,2023-08-11T13:29:00+00:00,15147.0,15166.0,15037.25,15101.25,604049,330,2023-08-11T14:30:00+00:00,2023-08-11T19:59:00+00:00,167,328,0.5107033639143731,188.75,122.25,128.75,1.0531697341513293,0.3553398058252427,-0.3553398058252427,False,False,True,False,broken,broken_down,False,False,True,True,False,True,True,0.46715328467153283,51,0.15454545454545454
MNQ,2023-08-14,15068.0,15173.0,15036.25,15146.5,219600,60,2023-08-14T13:30:00+00:00,2023-08-14T14:29:00+00:00,15108.440926305402,15105.0,15223.5,15020.0,15067.75,301576,930,2023-08-13T22:00:00+00:00,2023-08-14T13:29:00+00:00,15147.0,15273.5,15144.25,15272.5,504458,330,2023-08-14T14:30:00+00:00,2023-08-14T19:59:00+00:00,167,323,0.5186335403726708,203.5,136.75,129.25,0.9451553930530164,0.9709864603481625,0.9709864603481625,True,False,False,False,trapped,trapped,False,True,False,True,True,False,True,0.9957850368809273,0,0.0
MNQ,2023-08-15,15225.0,15259.25,15113.0,15136.5,272645,60,2023-08-15T13:30:00+00:00,2023-08-15T14:29:00+00:00,15184.064367278574,15281.75,15335.0,15152.5,15224.75,337933,930,2023-08-14T22:00:00+00:00,2023-08-15T13:29:00+00:00,15136.75,15208.0,15076.0,15105.25,545375,330,2023-08-15T14:30:00+00:00,2023-08-15T19:59:00+00:00,154,324,0.47678018575851394,182.5,146.25,132.0,0.9025641025641026,0.23863636363636365,-0.23863636363636365,False,False,True,False,broken,broken_down,False,False,True,True,False,True,True,0.15961800818553887,23,0.0696969696969697
MNQ,2023-08-16,15079.75,15144.5,15050.75,15103.75,223864,60,2023-08-16T13:30:00+00:00,2023-08-16T14:29:00+00:00,15098.985379143884,15113.0,15165.5,15064.0,15079.0,232031,930,2023-08-15T22:00:00+00:00,2023-08-16T13:29:00+00:00,15103.75,15141.5,14938.25,14939.5,647219,330,2023-08-16T14:30:00+00:00,2023-08-16T19:59:00+00:00,175,320,0.54858934169279,101.5,93.75,203.25,2.168,0.8081180811808119,-0.8081180811808119,False,False,True,False,broken,broken_down,False,False,True,True,False,True,True,0.006060606060606061,12,0.03636363636363636
MNQ,2023-08-17,14994.25,15008.0,14882.0,14887.0,232710,60,2023-08-17T13:30:00+00:00,2023-08-17T14:29:00+00:00,14933.228440619941,14942.5,15018.0,14887.5,14994.25,241701,930,2023-08-16T22:00:00+00:00,2023-08-17T13:29:00+00:00,14887.0,14957.75,14754.0,14772.0,686604,330,2023-08-17T14:30:00+00:00,2023-08-17T19:59:00+00:00,162,324,0.5015479876160991,130.5,126.0,203.75,1.617063492063492,0.5644171779141104,-0.5644171779141104,False,False,True,False,broken,broken_down,False,False,True,True,False,True,True,0.07086614173228346,13,0.03939393939393939
MNQ,2023-08-18,14632.0,14697.0,14609.25,14639.0,287609,60,2023-08-18T13:30:00+00:00,2023-08-18T14:29:00+00:00,14651.160416862245,14750.0,14791.0,14619.75,14632.0,306587,930,2023-08-17T22:00:00+00:00,2023-08-18T13:29:00+00:00,14638.5,14802.75,14635.0,14750.25,703158,330,2023-08-18T14:30:00+00:00,2023-08-18T19:59:00+00:00,156,323,0.484472049689441,171.25,87.75,167.75,1.9116809116809117,0.6661698956780924,0.6661698956780924,False,False,True,False,broken,broken_down,False,True,False,True,True,False,True,0.7286821705426356,7,0.021212121212121213
MNQ,2023-08-21,14808.5,14932.25,14805.5,14830.75,243414,60,2023-08-21T13:30:00+00:00,2023-08-21T14:29:00+00:00,14872.834932118392,14763.25,14858.5,14720.5,14808.5,228395,930,2023-08-20T22:00:00+00:00,2023-08-21T13:29:00+00:00,14831.0,15013.75,14788.25,14987.0,610732,330,2023-08-21T14:30:00+00:00,2023-08-21T19:59:00+00:00,162,326,0.49846153846153846,138.0,126.75,225.5,1.7790927021696252,0.6917960088691796,0.6917960088691796,False,True,False,False,broken,broken_up,False,True,True,True,True,False,True,0.8813747228381374,14,0.04242424242424243
MNQ,2023-08-22,15091.75,15092.25,14997.5,15011.5,268514,60,2023-08-22T13:30:00+00:00,2023-08-22T14:29:00+00:00,15035.122472819541,14972.0,15118.5,14943.0,15091.75,233323,930,2023-08-21T22:00:00+00:00,2023-08-22T13:29:00+00:00,15011.5,15055.25,14931.0,14960.25,626252,330,2023-08-22T14:30:00+00:00,2023-08-22T19:59:00+00:00,180,324,0.5572755417956656,175.5,94.75,124.25,1.3113456464379947,0.4124748490945674,-0.4124748490945674,True,False,False,False,trapped,trapped,False,False,True,True,False,True,True,0.1813953488372093,13,0.03939393939393939
MNQ,2023-08-23,15008.75,15145.0,14999.25,15127.25,236887,60,2023-08-23T13:30:00+00:00,2023-08-23T14:29:00+00:00,15074.610340936115,14964.0,15083.0,14955.25,15009.25,249710,930,2023-08-22T22:00:00+00:00,2023-08-23T13:29:00+00:00,15127.25,15242.5,15124.25,15198.5,469378,330,2023-08-23T14:30:00+00:00,2023-08-23T19:59:00+00:00,166,315,0.5286624203821656,127.75,145.75,118.25,0.8113207547169812,0.6025369978858351,0.6025369978858351,False,True,False,False,broken,broken_up,False,True,False,True,True,False,True,0.8191161356628982,0,0.0
MNQ,2023-08-24,15335.25,15339.5,15071.75,15073.0,380062,60,2023-08-24T13:30:00+00:00,2023-08-24T14:29:00+00:00,15199.593684276077,15341.25,15417.75,15295.5,15335.25,306883,930,2023-08-23T22:00:00+00:00,2023-08-24T13:29:00+00:00,15073.25,15086.5,14855.25,14859.0,788511,330,2023-08-24T14:30:00+00:00,2023-08-24T19:59:00+00:00,177,324,0.5479876160990712,122.25,267.75,231.25,0.8636788048552755,0.9264864864864865,-0.9264864864864865,False,False,True,False,broken,broken_down,False,False,True,True,False,True,True,0.007743933918430563,0,0.0
MNQ,2023-08-25,14897.0,15049.0,14870.0,14887.75,401679,60,2023-08-25T13:30:00+00:00,2023-08-25T14:29:00+00:00,14941.176819881879,14838.0,14918.5,14785.5,14896.5,246327,930,2023-08-24T22:00:00+00:00,2023-08-25T13:29:00+00:00,14887.75,15026.5,14752.75,14977.75,925073,330,2023-08-25T14:30:00+00:00,2023-08-25T19:59:00+00:00,166,326,0.5107692307692308,133.0,179.0,273.75,1.5293296089385475,0.3287671232876712,0.3287671232876712,False,True,False,False,broken,broken_up,False,False,True,True,False,True,True,0.759493670886076,2,0.006060606060606061
MNQ,2023-08-28,15098.25,15126.75,15004.25,15092.25,293938,60,2023-08-28T13:30:00+00:00,2023-08-28T14:29:00+00:00,15064.311658694463,14991.75,15107.25,14973.25,15098.25,224601,930,2023-08-27T22:00:00+00:00,2023-08-28T13:29:00+00:00,15092.25,15110.25,14983.5,15090.75,638299,330,2023-08-28T14:30:00+00:00,2023-08-28T19:59:00+00:00,173,323,0.5372670807453416,134.0,122.5,126.75,1.0346938775510204,0.011834319526627219,-0.011834319526627219,False,True,False,False,broken,broken_up,False,False,True,True,False,False,False,0.7486910994764397,15,0.045454545454545456
MNQ,2023-08-29,15076.75,15297.5,15062.25,15291.0,287754,60,2023-08-29T13:30:00+00:00,2023-08-29T14:29:00+00:00,15186.06659160255,15096.0,15149.25,15050.0,15077.0,203771,930,2023-08-28T22:00:00+00:00,2023-08-29T13:29:00+00:00,15291.0,15430.0,15288.75,15413.5,509217,330,2023-08-29T14:30:00+00:00,2023-08-29T19:59:00+00:00,168,316,0.5333333333333333,99.25,235.25,141.25,0.6004250797024442,0.8672566371681416,0.8672566371681416,False,True,False,False,broken,broken_up,False,True,False,True,True,False,True,0.9551325628823929,0,0.0
MNQ,2023-08-30,15417.0,15507.5,15374.25,15406.25,316231,60,2023-08-30T13:30:00+00:00,2023-08-30T14:29:00+00:00,15438.657708289194,15424.25,15468.25,15361.25,15417.0,237938,930,2023-08-29T22:00:00+00:00,2023-08-30T13:29:00+00:00,15406.75,15524.5,15403.0,15501.5,550269,330,2023-08-30T14:30:00+00:00,2023-08-30T19:59:00+00:00,168,321,0.525,107.0,133.25,121.5,0.9118198874296435,0.779835390946502,0.779835390946502,False,True,False,False,broken,broken_up,False,True,False,True,True,False,True,0.8469217970049917,16,0.048484848484848485
MNQ,2023-08-31,15492.25,15594.5,15488.75,15593.5,281990,60,2023-08-31T13:30:00+00:00,2023-08-31T14:29:00+00:00,15547.525032507065,15512.5,15544.0,15458.5,15491.75,242186,930,2023-08-30T22:00:00+00:00,2023-08-31T13:29:00+00:00,15593.5,15606.75,15493.75,15532.25,571100,330,2023-08-31T14:30:00+00:00,2023-08-31T19:59:00+00:00,169,322,0.5264797507788161,85.5,105.75,113.0,1.0685579196217494,0.5420353982300885,-0.5420353982300885,False,True,False,False,broken,broken_up,False,True,False,True,True,False,True,0.3686440677966102,23,0.0696969696969697
MNQ,2023-09-01,15633.5,15652.0,15498.25,15583.75,312044,60,2023-09-01T13:30:00+00:00,2023-09-01T14:29:00+00:00,15562.79194360411,15534.75,15661.25,15502.0,15634.5,239325,930,2023-08-31T22:00:00+00:00,2023-09-01T13:29:00+00:00,15583.75,15583.75,15453.5,15520.0,500472,330,2023-09-01T14:30:00+00:00,2023-09-01T19:59:00+00:00,169,322,0.5264797507788161,159.25,153.75,130.25,0.8471544715447155,0.4894433781190019,-0.4894433781190019,False,False,True,False,broken,broken_down,False,False,True,True,False,True,True,0.3350125944584383,2,0.006060606060606061
MNQ,2023-09-04,15555.0,15578.5,15548.5,15550.0,31656,60,2023-09-04T13:30:00+00:00,2023-09-04T14:29:00+00:00,15564.429518364079,15517.75,15570.5,15500.75,15555.0,91777,930,2023-09-03T22:00:00+00:00,2023-09-04T13:29:00+00:00,15550.25,15551.0,15511.75,15523.25,44276,150,2023-09-04T14:30:00+00:00,2023-09-04T16:59:00+00:00,80,145,0.5555555555555556,69.75,30.0,39.25,1.3083333333333333,0.6878980891719745,-0.6878980891719745,False,True,False,False,broken,broken_up,False,False,True,True,False,False,False,0.17228464419475656,0,0.0
MNQ,2023-09-05,15481.5,15523.5,15443.25,15489.25,263481,60,2023-09-05T13:30:00+00:00,2023-09-05T14:29:00+00:00,15479.029388267085,15528.75,15534.25,15418.5,15481.5,255755,930,2023-09-04T22:00:00+00:00,2023-09-05T13:29:00+00:00,15489.75,15587.0,15477.0,15534.25,464509,330,2023-09-05T14:30:00+00:00,2023-09-05T19:59:00+00:00,168,325,0.5185185185185185,115.75,80.25,110.0,1.3707165109034267,0.40454545454545454,0.40454545454545454,True,False,False,False,trapped,trapped,False,True,False,True,True,False,True,0.6330434782608696,1,0.0030303030303030303
MNQ,2023-09-06,15500.0,15514.25,15385.5,15387.0,284970,60,2023-09-06T13:30:00+00:00,2023-09-06T14:29:00+00:00,15447.994202606124,15512.5,15532.75,15438.5,15499.75,187541,930,2023-09-05T22:00:00+00:00,2023-09-06T13:29:00+00:00,15387.0,15422.75,15310.5,15398.25,536163,330,2023-09-06T14:30:00+00:00,2023-09-06T19:59:00+00:00,163,320,0.5109717868338558,94.25,128.75,112.25,0.8718446601941747,0.10022271714922049,0.10022271714922049,False,False,True,False,broken,broken_down,False,False,True,True,False,True,True,0.4306748466257669,0,0.0
MNQ,2023-09-07,15200.5,15240.75,15157.5,15210.75,300229,60,2023-09-07T13:30:00+00:00,2023-09-07T14:29:00+00:00,15200.512567628937,15388.75,15395.5,15183.0,15200.5,277076,930,2023-09-06T22:00:00+00:00,2023-09-07T13:29:00+00:00,15210.5,15310.75,15186.75,15277.0,567898,330,2023-09-07T14:30:00+00:00,2023-09-07T19:59:00+00:00,152,320,0.47648902821316613,212.5,83.25,124.0,1.4894894894894894,0.5362903225806451,0.5362903225806451,False,False,True,False,broken,broken_down,False,True,False,True,False,False,False,0.7797716150081566,6,0.01818181818181818
MNQ,2023-09-08,15272.75,15390.5,15270.5,15375.25,242079,60,2023-09-08T13:30:00+00:00,2023-09-08T14:29:00+00:00,15348.647577168336,15287.0,15344.25,15222.75,15272.25,232102,930,2023-09-07T22:00:00+00:00,2023-09-08T13:29:00+00:00,15375.75,15387.0,15255.5,15295.25,535241,330,2023-09-08T14:30:00+00:00,2023-09-08T19:59:00+00:00,143,326,0.44,121.5,120.0,131.5,1.0958333333333334,0.6121673003802282,-0.6121673003802282,False,True,False,False,broken,broken_up,False,False,True,True,False,False,False,0.29444444444444445,23,0.0696969696969697
MNQ,2023-09-11,15618.75,15647.0,15537.0,15578.5,175410,60,2023-09-11T13:30:00+00:00,2023-09-11T14:29:00+00:00,15580.946464948785,15308.0,15634.0,15298.25,15618.75,123067,930,2023-09-10T22:00:00+00:00,2023-09-11T13:29:00+00:00,15578.75,15696.0,15540.25,15674.25,283170,330,2023-09-11T14:30:00+00:00,2023-09-11T19:59:00+00:00,176,323,0.546583850931677,335.75,110.0,155.75,1.415909090909091,0.6131621187800963,0.6131621187800963,False,True,False,False,broken,broken_up,False,True,False,True,True,False,True,0.8632075471698113,32,0.09696969696969697
MNQ,2023-09-12,15600.5,15658.75,15580.0,15582.25,187754,60,2023-09-12T13:30:00+00:00,2023-09-12T14:29:00+00:00,15625.253013695223,15667.0,15680.0,15591.5,15600.5,134657,930,2023-09-11T22:00:00+00:00,2023-09-12T13:29:00+00:00,15582.25,15615.75,15484.0,15497.75,458539,330,2023-09-12T14:30:00+00:00,2023-09-12T19:59:00+00:00,160,323,0.4968944099378882,88.5,78.75,131.75,1.673015873015873,0.6413662239089184,-0.6413662239089184,False,False,True,False,broken,broken_down,False,False,True,True,False,True,True,0.07868383404864092,0,0.0
MNQ,2023-09-13,15503.75,15561.75,15454.0,15522.75,264478,60,2023-09-13T13:30:00+00:00,2023-09-13T14:29:00+00:00,15519.531250866488,15503.75,15530.0,15406.25,15504.25,294758,930,2023-09-12T22:00:00+00:00,2023-09-13T13:29:00+00:00,15523.25,15620.0,15508.25,15554.75,501190,330,2023-09-13T14:30:00+00:00,2023-09-13T19:59:00+00:00,169,322,0.5264797507788161,123.75,107.75,111.75,1.037122969837587,0.28187919463087246,0.28187919463087246,False,True,False,False,broken,broken_up,False,True,False,True,True,False,True,0.6069277108433735,8,0.024242424242424242
MNQ,2023-09-14,15619.5,15638.75,15531.0,15581.0,282952,60,2023-09-14T13:30:00+00:00,2023-09-14T14:29:00+00:00,15577.450609702943,15571.0,15647.75,15562.5,15620.0,269469,930,2023-09-13T22:00:00+00:00,2023-09-14T13:29:00+00:00,15580.75,15714.75,15579.0,15672.25,542425,330,2023-09-14T14:30:00+00:00,2023-09-14T19:59:00+00:00,159,319,0.5,85.25,107.75,135.75,1.259860788863109,0.6740331491712708,0.6740331491712708,False,False,True,False,broken,broken_down,False,True,False,True,True,False,True,0.7687074829931972,0,0.0
MNQ,2023-09-15,15610.5,15627.75,15469.0,15496.0,304221,60,2023-09-15T13:30:00+00:00,2023-09-15T14:29:00+00:00,15530.077680096594,15677.5,15719.75,15592.0,15610.25,232206,930,2023-09-14T22:00:00+00:00,2023-09-15T13:29:00+00:00,15496.25,15506.75,15356.75,15391.25,627866,330,2023-09-15T14:30:00+00:00,2023-09-15T19:59:00+00:00,168,324,0.5201238390092879,127.75,158.75,150.0,0.9448818897637795,0.7,-0.7,False,False,True,False,broken,broken_down,False,False,True,True,False,True,True,0.12730627306273062,0,0.0
MNQ,2023-09-18,15355.75,15441.25,15343.25,15404.75,289130,60,2023-09-18T13:30:00+00:00,2023-09-18T14:29:00+00:00,15405.393466318497,15383.75,15428.5,15330.5,15355.75,199168,930,2023-09-17T22:00:00+00:00,2023-09-18T13:29:00+00:00,15405.25,15460.75,15364.25,15413.25,478646,330,2023-09-18T14:30:00+00:00,2023-09-18T19:59:00+00:00,154,321,0.48125,98.0,98.0,96.5,0.9846938775510204,0.08290155440414508,0.08290155440414508,False,True,False,False,broken,broken_up,False,True,False,True,True,False,True,0.5957446808510638,32,0.09696969696969697
MNQ,2023-09-19,15355.0,15373.25,15273.25,15301.0,277810,60,2023-09-19T13:30:00+00:00,2023-09-19T14:29:00+00:00,15320.690070851782,15424.5,15442.5,15345.0,15355.25,184385,930,2023-09-18T22:00:00+00:00,2023-09-19T13:29:00+00:00,15300.75,15408.0,15248.5,15377.25,577021,330,2023-09-19T14:30:00+00:00,2023-09-19T19:59:00+00:00,170,323,0.5279503105590062,97.5,100.0,159.5,1.595,0.47962382445141066,0.47962382445141066,False,False,True,False,broken,broken_down,False,True,True,True,False,True,True,0.8072100313479624,9,0.02727272727272727
MNQ,2023-09-20,15419.25,15435.25,15360.25,15373.75,225651,60,2023-09-20T13:30:00+00:00,2023-09-20T14:29:00+00:00,15399.211850010268,15378.75,15436.5,15342.0,15419.75,165907,930,2023-09-19T22:00:00+00:00,2023-09-20T13:29:00+00:00,15373.5,15392.0,15148.25,15152.0,757544,330,2023-09-20T14:30:00+00:00,2023-09-20T19:59:00+00:00,170,319,0.5345911949685535,94.5,75.0,243.75,3.25,0.9087179487179488,-0.9087179487179488,True,False,False,False,trapped,trapped,True,False,True,True,False,True,True,0.013066202090592335,0,0.0
MNQ,2023-09-21,14988.5,15020.0,14919.0,14966.25,328113,60,2023-09-21T13:30:00+00:00,2023-09-21T14:29:00+00:00,14974.4402616883,15133.0,15148.0,14943.0,14988.25,293745,930,2023-09-20T22:00:00+00:00,2023-09-21T13:29:00+00:00,14966.75,15018.75,14859.25,14861.5,615159,330,2023-09-21T14:30:00+00:00,2023-09-21T19:59:00+00:00,167,326,0.5138461538461538,205.0,101.0,159.5,1.5792079207920793,0.6598746081504702,-0.6598746081504702,False,False,True,False,broken,broken_down,False,False,True,True,False,True,True,0.013996889580093312,24,0.07272727272727272
MNQ,2023-09-22,14937.25,14964.25,14888.0,14952.25,240275,60,2023-09-22T13:30:00+00:00,2023-09-22T14:29:00+00:00,14928.630729372593,14850.0,14972.75,14835.75,14937.5,223098,930,2023-09-21T22:00:00+00:00,2023-09-22T13:29:00+00:00,14953.0,15027.25,14852.75,14867.5,649523,330,2023-09-22T14:30:00+00:00,2023-09-22T19:59:00+00:00,161,325,0.49691358024691357,137.0,76.25,174.5,2.2885245901639344,0.4899713467048711,-0.4899713467048711,True,False,False,False,trapped,trapped,False,True,True,True,True,False,True,0.08452722063037249,8,0.024242424242424242
MNQ,2023-09-25,14825.25,14896.5,14782.5,14828.5,266677,60,2023-09-25T13:30:00+00:00,2023-09-25T14:29:00+00:00,14847.379051561751,14879.0,14946.0,14782.5,14824.75,297796,930,2023-09-24T22:00:00+00:00,2023-09-25T13:29:00+00:00,14828.25,14939.0,14816.75,14936.75,588302,330,2023-09-25T14:30:00+00:00,2023-09-25T19:59:00+00:00,167,324,0.5170278637770898,163.5,114.0,122.25,1.0723684210526316,0.8875255623721882,0.8875255623721882,False,False,True,False,broken,broken_down,False,True,False,True,False,False,False,0.9856230031948882,19,0.05757575757575758
MNQ,2023-09-26,14825.0,14846.0,14724.75,14765.5,296538,60,2023-09-26T13:30:00+00:00,2023-09-26T14:29:00+00:00,14785.715973163642,14952.5,14952.5,14795.25,14824.75,296104,930,2023-09-25T22:00:00+00:00,2023-09-26T13:29:00+00:00,14765.75,14805.75,14666.25,14709.0,643708,330,2023-09-26T14:30:00+00:00,2023-09-26T19:59:00+00:00,171,322,0.5327102803738317,157.25,121.25,139.5,1.1505154639175257,0.4068100358422939,-0.4068100358422939,False,False,True,False,broken,broken_down,False,False,True,True,False,True,True,0.23783031988873435,3,0.00909090909090909
MNQ,2023-09-27,14753.25,14806.25,14705.25,14762.0,254086,60,2023-09-27T13:30:00+00:00,2023-09-27T14:29:00+00:00,14757.103366248697,14726.5,14796.0,14713.0,14753.5,236759,930,2023-09-26T22:00:00+00:00,2023-09-27T13:29:00+00:00,14762.0,14821.25,14587.25,14744.25,857378,330,2023-09-27T14:30:00+00:00,2023-09-27T19:59:00+00:00,157,321,0.490625,83.0,101.0,234.0,2.3168316831683167,0.07585470085470085,-0.07585470085470085,False,True,True,True,broken,broken_both,False,True,True,True,True,True,True,0.6709401709401709,13,0.03939393939393939
MNQ,2023-09-28,14695.25,14773.5,14656.25,14725.75,276180,60,2023-09-28T13:30:00+00:00,2023-09-28T14:29:00+00:00,14717.190033975427,14771.0,14794.0,14677.75,14695.25,346897,930,2023-09-27T22:00:00+00:00,2023-09-28T13:29:00+00:00,14726.25,14948.0,14679.25,14858.5,788725,330,2023-09-28T14:30:00+00:00,2023-09-28T19:59:00+00:00,182,324,0.5634674922600619,116.25,117.25,268.75,2.2921108742004264,0.49209302325581394,0.49209302325581394,False,False,True,False,broken,broken_down,False,True,False,True,True,False,True,0.6932305055698372,3,0.00909090909090909
MNQ,2023-09-29,15002.0,15060.75,14969.5,14981.0,255845,60,2023-09-29T13:30:00+00:00,2023-09-29T14:29:00+00:00,15011.145761431071,14877.0,15010.0,14825.0,15002.0,294155,930,2023-09-28T22:00:00+00:00,2023-09-29T13:29:00+00:00,14981.5,15025.75,14811.0,14867.75,896536,330,2023-09-29T14:30:00+00:00,2023-09-29T19:59:00+00:00,158,325,0.4876543209876543,185.0,91.25,214.75,2.3534246575342466,0.529685681024447,-0.529685681024447,False,True,False,False,broken,broken_up,False,False,True,True,False,True,True,0.22722722722722724,11,0.03333333333333333
MNQ,2023-10-02,14874.0,14992.75,14847.25,14932.5,300293,60,2023-10-02T13:30:00+00:00,2023-10-02T14:29:00+00:00,14939.01939328145,14962.25,15011.0,14824.75,14874.0,327730,930,2023-10-01T22:00:00+00:00,2023-10-02T13:29:00+00:00,14932.5,15046.25,14864.5,14988.25,902470,330,2023-10-02T14:30:00+00:00,2023-10-02T19:59:00+00:00,166,326,0.5107692307692308,186.25,145.5,181.75,1.2491408934707904,0.30674002751031637,0.30674002751031637,True,False,False,False,trapped,trapped,False,True,False,True,True,False,True,0.7085427135678392,36,0.10909090909090909
MNQ,2023-10-03,14879.5,14974.0,14770.75,14776.5,361130,60,2023-10-03T13:30:00+00:00,2023-10-03T14:29:00+00:00,14862.951226705065,14992.0,15031.0,14847.25,14879.75,365430,930,2023-10-02T22:00:00+00:00,2023-10-03T13:29:00+00:00,14777.25,14811.25,14651.5,14720.0,748624,330,2023-10-03T14:30:00+00:00,2023-10-03T19:59:00+00:00,175,319,0.550314465408805,183.75,203.25,159.75,0.7859778597785978,0.35837245696400627,-0.35837245696400627,False,False,True,False,broken,broken_down,False,False,True,True,False,True,True,0.2124031007751938,0,0.0
MNQ,2023-10-04,14753.25,14834.5,14734.25,14738.5,287417,60,2023-10-04T13:30:00+00:00,2023-10-04T14:29:00+00:00,14783.83553077932,14715.0,14799.75,14589.25,14753.5,428275,930,2023-10-03T22:00:00+00:00,2023-10-04T13:29:00+00:00,14739.0,14955.75,14739.0,14919.25,786830,330,2023-10-04T14:30:00+00:00,2023-10-04T19:59:00+00:00,157,319,0.4937106918238994,210.5,100.25,216.75,2.162094763092269,0.831603229527105,0.831603229527105,False,True,False,False,broken,broken_up,False,True,False,True,True,False,True,0.835214446952596,14,0.04242424242424243
MNQ,2023-10-05,14909.25,14926.5,14763.5,14799.75,266692,60,2023-10-05T13:30:00+00:00,2023-10-05T14:29:00+00:00,14830.89304672306,14904.25,14958.75,14851.0,14909.75,361005,930,2023-10-04T22:00:00+00:00,2023-10-05T13:29:00+00:00,14800.25,14906.75,14716.0,14865.75,717675,330,2023-10-05T14:30:00+00:00,2023-10-05T19:59:00+00:00,173,320,0.542319749216301,107.75,163.0,190.75,1.1702453987730062,0.34338138925294887,0.34338138925294887,False,False,True,False,broken,broken_down,False,False,True,True,False,True,True,0.7114014251781473,3,0.00909090909090909
MNQ,2023-10-06,14736.25,14845.0,14702.0,14841.0,410154,60,2023-10-06T13:30:00+00:00,2023-10-06T14:29:00+00:00,14762.567132101602,14856.0,14922.0,14660.25,14736.25,411730,930,2023-10-05T22:00:00+00:00,2023-10-06T13:29:00+00:00,14841.0,15160.5,14841.0,15113.0,738027,330,2023-10-06T14:30:00+00:00,2023-10-06T19:59:00+00:00,169,322,0.5264797507788161,261.75,143.0,319.5,2.234265734265734,0.8513302034428795,0.8513302034428795,True,False,False,False,trapped,trapped,False,True,False,True,True,False,True,0.8964013086150491,0,0.0
MNQ,2023-10-09,15012.25,15067.0,14949.25,15033.5,241290,60,2023-10-09T13:30:00+00:00,2023-10-09T14:29:00+00:00,15018.841950212054,15076.0,15076.0,14971.5,15012.75,318515,930,2023-10-08T22:00:00+00:00,2023-10-09T13:29:00+00:00,15033.5,15212.75,14965.0,15190.5,551596,330,2023-10-09T14:30:00+00:00,2023-10-09T19:59:00+00:00,164,320,0.5141065830721003,104.5,117.75,247.75,2.1040339702760087,0.6337033299697276,0.6337033299697276,False,False,True,False,broken,broken_down,False,True,False,True,True,False,True,0.9155597722960152,6,0.01818181818181818
MNQ,2023-10-10,15200.25,15295.0,15180.0,15289.25,239213,60,2023-10-10T13:30:00+00:00,2023-10-10T14:29:00+00:00,15233.608945444712,15199.0,15239.25,15173.0,15200.5,277377,930,2023-10-09T22:00:00+00:00,2023-10-10T13:29:00+00:00,15289.75,15383.5,15255.25,15270.25,630030,330,2023-10-10T14:30:00+00:00,2023-10-10T19:59:00+00:00,179,323,0.5559006211180124,66.25,115.0,128.25,1.1152173913043477,0.15204678362573099,-0.15204678362573099,False,True,False,False,broken,broken_up,False,True,False,True,True,False,True,0.44348894348894347,0,0.0
MNQ,2023-10-11,15325.25,15387.5,15300.75,15317.25,242456,60,2023-10-11T13:30:00+00:00,2023-10-11T14:29:00+00:00,15338.333440912991,15278.75,15346.25,15273.5,15325.25,281459,930,2023-10-10T22:00:00+00:00,2023-10-11T13:29:00+00:00,15317.25,15385.25,15253.0,15377.0,618219,330,2023-10-11T14:30:00+00:00,2023-10-11T19:59:00+00:00,172,323,0.5341614906832298,72.75,86.75,132.25,1.5244956772334295,0.45179584120982985,0.45179584120982985,False,True,False,False,broken,broken_up,False,False,True,True,False,True,True,0.9219330855018587,18,0.05454545454545454
MNQ,2023-10-12,15393.0,15461.0,15365.5,15418.0,275271,60,2023-10-12T13:30:00+00:00,2023-10-12T14:29:00+00:00,15405.769375149095,15408.25,15448.0,15361.5,15393.25,262924,930,2023-10-11T22:00:00+00:00,2023-10-12T13:29:00+00:00,15418.5,15469.5,15216.25,15314.75,770469,330,2023-10-12T14:30:00+00:00,2023-10-12T19:59:00+00:00,170,324,0.5263157894736842,86.5,95.5,253.25,2.6518324607329844,0.4096742349457058,-0.4096742349457058,False,True,False,False,broken,broken_up,False,True,True,True,True,True,True,0.3889437314906219,5,0.015151515151515152
MNQ,2023-10-13,15342.25,15367.0,15266.25,15278.25,291150,60,2023-10-13T13:30:00+00:00,2023-10-13T14:29:00+00:00,15316.725426469744,15326.0,15348.75,15217.5,15342.5,305880,930,2023-10-12T22:00:00+00:00,2023-10-13T13:29:00+00:00,15278.0,15296.75,15062.0,15121.5,884745,330,2023-10-13T14:30:00+00:00,2023-10-13T19:59:00+00:00,194,325,0.5987654320987654,131.25,100.75,234.75,2.3300248138957818,0.6666666666666666,-0.6666666666666666,False,True,False,False,broken,broken_up,False,False,True,True,False,True,True,0.19508196721311474,0,0.0
MNQ,2023-10-16,15175.75,15300.5,15168.75,15297.5,293462,60,2023-10-16T13:30:00+00:00,2023-10-16T14:29:00+00:00,15230.682422255692,15119.75,15188.0,15083.0,15176.0,302878,930,2023-10-15T22:00:00+00:00,2023-10-16T13:29:00+00:00,15298.0,15338.0,15211.75,15293.5,599480,330,2023-10-16T14:30:00+00:00,2023-10-16T19:59:00+00:00,168,326,0.5169230769230769,105.0,131.75,126.25,0.9582542694497154,0.03564356435643564,-0.03564356435643564,False,True,False,False,broken,broken_up,False,True,False,True,True,False,True,0.7370753323485968,2,0.006060606060606061
MNQ,2023-10-17,15138.75,15204.25,15050.0,15183.25,309944,60,2023-10-17T13:30:00+00:00,2023-10-17T14:29:00+00:00,15123.040431228437,15304.75,15305.5,15135.5,15139.0,271391,930,2023-10-16T22:00:00+00:00,2023-10-17T13:29:00+00:00,15183.75,15309.25,15178.0,15240.75,712427,330,2023-10-17T14:30:00+00:00,2023-10-17T19:59:00+00:00,183,320,0.5736677115987461,170.0,154.25,131.25,0.8508914100486223,0.4342857142857143,0.4342857142857143,False,False,True,False,broken,broken_down,False,True,False,True,True,False,True,0.7357762777242044,0,0.0
MNQ,2023-10-18,15130.5,15224.0,15121.5,15157.75,355379,60,2023-10-18T13:30:00+00:00,2023-10-18T14:29:00+00:00,15164.052458314452,15243.0,15243.0,15124.0,15130.0,281218,930,2023-10-17T22:00:00+00:00,2023-10-18T13:29:00+00:00,15157.25,15177.75,14979.0,15023.75,899609,330,2023-10-18T14:30:00+00:00,2023-10-18T19:59:00+00:00,159,326,0.48923076923076925,119.0,102.5,198.75,1.9390243902439024,0.6716981132075471,-0.6716981132075471,False,False,True,False,broken,broken_down,False,False,True,True,False,True,True,0.1826530612244898,9,0.02727272727272727
MNQ,2023-10-19,15087.75,15109.25,15003.0,15003.5,299193,60,2023-10-19T13:30:00+00:00,2023-10-19T14:29:00+00:00,15059.437006380496,15048.0,15106.25,14936.75,15087.75,362156,930,2023-10-18T22:00:00+00:00,2023-10-19T13:29:00+00:00,15003.5,15138.0,14852.0,14885.75,1295090,330,2023-10-19T14:30:00+00:00,2023-10-19T19:59:00+00:00,179,328,0.5474006116207951,169.5,106.25,286.0,2.691764705882353,0.4117132867132867,-0.4117132867132867,False,True,False,False,broken,broken_up,False,True,True,True,True,True,True,0.11800699300699301,30,0.09090909090909091
MNQ,2023-10-20,14862.0,14885.75,14760.5,14765.75,318949,60,2023-10-20T13:30:00+00:00,2023-10-20T14:29:00+00:00,14830.023055148838,14850.25,14887.75,14796.25,14862.25,302204,930,2023-10-19T22:00:00+00:00,2023-10-20T13:29:00+00:00,14765.5,14803.5,14651.5,14661.5,828412,330,2023-10-20T14:30:00+00:00,2023-10-20T19:59:00+00:00,162,324,0.5015479876160991,91.5,125.25,152.0,1.2135728542914173,0.6842105263157895,-0.6842105263157895,False,False,True,False,broken,broken_down,False,False,True,True,False,True,True,0.042689434364994665,0,0.0
MNQ,2023-10-23,14602.0,14687.75,14514.25,14666.25,322361,60,2023-10-23T13:30:00+00:00,2023-10-23T14:29:00+00:00,14607.482157684502,14678.75,14715.75,14520.5,14602.25,305750,930,2023-10-22T22:00:00+00:00,2023-10-23T13:29:00+00:00,14666.25,14854.25,14633.75,14706.25,732986,330,2023-10-23T14:30:00+00:00,2023-10-23T19:59:00+00:00,150,316,0.47619047619047616,195.25,173.5,220.5,1.2708933717579252,0.18140589569160998,0.18140589569160998,False,False,True,False,broken,broken_down,False,True,False,True,True,False,True,0.5647058823529412,0,0.0
MNQ,2023-10-24,14778.25,14849.5,14759.0,14848.0,345296,60,2023-10-24T13:30:00+00:00,2023-10-24T14:29:00+00:00,14804.159729140607,14746.0,14823.25,14720.0,14778.25,260574,930,2023-10-23T22:00:00+00:00,2023-10-24T13:29:00+00:00,14848.0,14877.75,14705.75,14846.5,692031,330,2023-10-24T14:30:00+00:00,2023-10-24T19:59:00+00:00,177,323,0.5496894409937888,103.25,90.5,172.0,1.9005524861878453,0.00872093023255814,-0.00872093023255814,False,True,False,False,broken,broken_up,False,True,True,True,True,True,True,0.8183139534883721,27,0.08181818181818182
MNQ,2023-10-25,14741.5,14749.0,14597.0,14611.5,302100,60,2023-10-25T13:30:00+00:00,2023-10-25T14:29:00+00:00,14641.336906101735,14831.5,14854.5,14713.0,14741.5,267350,930,2023-10-24T22:00:00+00:00,2023-10-25T13:29:00+00:00,14611.75,14685.0,14451.75,14476.5,782505,330,2023-10-25T14:30:00+00:00,2023-10-25T19:59:00+00:00,164,324,0.5077399380804953,141.5,152.0,233.25,1.5345394736842106,0.579849946409432,-0.579849946409432,False,False,True,False,broken,broken_down,False,False,True,True,False,True,True,0.0832632464255677,22,0.06666666666666667
MNQ,2023-10-26,14420.75,14459.25,14270.0,14317.5,371860,60,2023-10-26T13:30:00+00:00,2023-10-26T14:29:00+00:00,14357.012213825994,14430.75,14430.75,14257.25,14421.0,420128,930,2023-10-25T22:00:00+00:00,2023-10-26T13:29:00+00:00,14318.0,14384.25,14136.5,14194.5,957574,330,2023-10-26T14:30:00+00:00,2023-10-26T19:59:00+00:00,168,327,0.5153374233128835,173.5,189.25,247.75,1.309114927344782,0.49848637739656915,-0.49848637739656915,False,True,False,False,broken,broken_up,False,False,True,True,False,True,True,0.17970565453137102,4,0.012121212121212121
MNQ,2023-10-27,14306.75,14370.25,14291.0,14325.0,294047,60,2023-10-27T13:30:00+00:00,2023-10-27T14:29:00+00:00,14325.735002397574,14244.0,14343.5,14244.0,14307.0,306770,930,2023-10-26T22:00:00+00:00,2023-10-27T13:29:00+00:00,14324.75,14407.5,14209.5,14266.25,848059,330,2023-10-27T14:30:00+00:00,2023-10-27T19:59:00+00:00,172,326,0.5292307692307693,99.5,79.25,198.0,2.498422712933754,0.29545454545454547,-0.29545454545454547,False,True,False,False,broken,broken_up,False,True,True,True,True,True,True,0.2866161616161616,22,0.06666666666666667
MNQ,2023-10-30,14365.25,14476.25,14331.0,14341.5,294459,60,2023-10-30T13:30:00+00:00,2023-10-30T14:29:00+00:00,14408.700351888268,14329.0,14391.75,14302.25,14365.25,196884,930,2023-10-29T22:00:00+00:00,2023-10-30T13:29:00+00:00,14341.75,14472.0,14306.25,14418.75,686085,330,2023-10-30T14:30:00+00:00,2023-10-30T19:59:00+00:00,160,322,0.4984423676012461,89.5,145.25,165.75,1.1411359724612737,0.4645550527903469,0.4645550527903469,False,True,False,False,broken,broken_up,False,False,True,True,False,False,False,0.6617647058823529,21,0.06363636363636363
MNQ,2023-10-31,14419.25,14429.0,14311.25,14396.75,262653,60,2023-10-31T13:30:00+00:00,2023-10-31T14:29:00+00:00,14364.5621393372,14412.0,14455.0,14320.25,14419.5,276937,930,2023-10-30T22:00:00+00:00,2023-10-31T13:29:00+00:00,14396.75,14503.5,14344.5,14489.25,686350,330,2023-10-31T14:30:00+00:00,2023-10-31T19:59:00+00:00,178,323,0.5527950310559007,134.75,117.75,159.0,1.3503184713375795,0.5817610062893082,0.5817610062893082,False,False,True,False,broken,broken_down,False,True,False,True,True,False,True,0.9258777633289987,2,0.006060606060606061
MNQ,2023-11-01,14519.75,14639.0,14515.25,14630.75,246054,60,2023-11-01T13:30:00+00:00,2023-11-01T14:29:00+00:00,14565.963888685683,14458.0,14534.5,14411.0,14520.25,253237,930,2023-10-31T22:00:00+00:00,2023-11-01T13:29:00+00:00,14631.0,14762.0,14558.25,14742.75,766544,330,2023-11-01T14:30:00+00:00,2023-11-01T19:59:00+00:00,162,321,0.50625,123.5,123.75,203.75,1.6464646464646464,0.5484662576687117,0.5484662576687117,False,True,False,False,broken,broken_up,False,True,False,True,True,False,True,0.9219858156028369,6,0.01818181818181818
MNQ,2023-11-02,14920.5,14952.5,14869.0,14927.75,255168,60,2023-11-02T13:30:00+00:00,2023-11-02T14:29:00+00:00,14913.146916279991,14760.0,14953.0,14759.75,14920.75,262946,930,2023-11-01T22:00:00+00:00,2023-11-02T13:29:00+00:00,14928.25,15008.75,14911.5,14999.25,492455,330,2023-11-02T14:30:00+00:00,2023-11-02T19:59:00+00:00,187,320,0.5862068965517241,193.25,83.5,97.25,1.1646706586826348,0.7300771208226221,0.7300771208226221,True,False,False,False,trapped,trapped,True,True,False,True,True,False,True,0.9320214669051878,3,0.00909090909090909
MNQ,2023-11-03,15051.0,15163.25,15040.25,15075.0,271839,60,2023-11-03T13:30:00+00:00,2023-11-03T14:29:00+00:00,15096.09305140175,14931.25,15066.25,14924.25,15051.0,258754,930,2023-11-02T22:00:00+00:00,2023-11-03T13:29:00+00:00,15075.25,15228.5,15062.75,15174.25,542392,330,2023-11-03T14:30:00+00:00,2023-11-03T19:59:00+00:00,178,326,0.5476923076923077,142.0,123.0,165.75,1.3475609756097562,0.5972850678733032,0.5972850678733032,False,True,False,False,broken,broken_up,False,True,False,True,True,False,True,0.7118193891102258,12,0.03636363636363636
MNQ,2023-11-06,15204.25,15257.5,15184.5,15212.5,228151,60,2023-11-06T14:30:00+00:00,2023-11-06T15:29:00+00:00,15216.425896299672,15187.0,15225.25,15163.0,15204.0,175610,930,2023-11-05T23:00:00+00:00,2023-11-06T14:29:00+00:00,15212.25,15246.25,15138.0,15233.5,442540,330,2023-11-06T15:30:00+00:00,2023-11-06T20:59:00+00:00,164,318,0.5173501577287066,62.25,73.0,108.25,1.4828767123287672,0.19630484988452657,0.19630484988452657,False,True,False,False,broken,broken_up,False,False,True,True,False,True,True,0.799163179916318,19,0.05757575757575758
MNQ,2023-11-07,15275.75,15344.25,15224.5,15338.5,254316,60,2023-11-07T14:30:00+00:00,2023-11-07T15:29:00+00:00,15281.055153824378,15216.75,15284.25,15175.75,15275.5,211067,930,2023-11-06T23:00:00+00:00,2023-11-07T14:29:00+00:00,15338.0,15412.75,15329.5,15374.75,510307,330,2023-11-07T15:30:00+00:00,2023-11-07T20:59:00+00:00,168,320,0.5266457680250783,108.5,119.75,83.25,0.6951983298538622,0.44144144144144143,0.44144144144144143,False,True,False,False,broken,broken_up,False,True,False,True,True,False,True,0.798140770252324,0,0.0
MNQ,2023-11-08,15388.5,15417.75,15339.75,15350.25,248093,60,2023-11-08T14:30:00+00:00,2023-11-08T15:29:00+00:00,15382.609528147375,15372.0,15390.0,15336.25,15388.75,173169,930,2023-11-07T23:00:00+00:00,2023-11-08T14:29:00+00:00,15350.25,15394.5,15286.5,15384.0,506227,330,2023-11-08T15:30:00+00:00,2023-11-08T20:59:00+00:00,174,324,0.5386996904024768,53.75,78.0,108.0,1.3846153846153846,0.3125,0.3125,False,True,False,False,broken,broken_up,False,False,True,True,False,True,True,0.7428571428571429,12,0.03636363636363636
MNQ,2023-11-09,15404.0,15432.75,15352.5,15363.0,250458,60,2023-11-09T14:30:00+00:00,2023-11-09T15:29:00+00:00,15386.036072248971,15360.0,15410.75,15344.5,15404.0,193771,930,2023-11-08T23:00:00+00:00,2023-11-09T14:29:00+00:00,15363.25,15453.25,15236.75,15258.5,785197,330,2023-11-09T15:30:00+00:00,2023-11-09T20:59:00+00:00,173,323,0.5372670807453416,66.25,80.25,216.5,2.6978193146417446,0.4838337182448037,-0.4838337182448037,False,True,False,False,broken,broken_up,False,True,True,True,True,True,True,0.10046189376443418,14,0.04242424242424243
MNQ,2023-11-10,15328.0,15389.0,15305.5,15334.25,271222,60,2023-11-10T14:30:00+00:00,2023-11-10T15:29:00+00:00,15350.747391128545,15254.75,15331.0,15207.0,15327.75,234490,930,2023-11-09T23:00:00+00:00,2023-11-10T14:29:00+00:00,15334.0,15605.0,15322.5,15597.25,558945,330,2023-11-10T15:30:00+00:00,2023-11-10T20:59:00+00:00,178,325,0.5493827160493827,124.0,83.5,282.5,3.3832335329341316,0.9318584070796461,0.9318584070796461,False,True,False,False,broken,broken_up,False,True,False,True,True,False,True,0.9741235392320534,4,0.012121212121212121
MNQ,2023-11-13,15529.5,15539.0,15465.25,15521.75,220222,60,2023-11-13T14:30:00+00:00,2023-11-13T15:29:00+00:00,15502.708041960688,15585.75,15601.0,15509.5,15529.75,197356,930,2023-11-12T23:00:00+00:00,2023-11-13T14:29:00+00:00,15522.0,15589.5,15515.25,15547.75,446621,330,2023-11-13T15:30:00+00:00,2023-11-13T20:59:00+00:00,166,320,0.5203761755485894,91.5,73.75,74.25,1.006779661016949,0.3468013468013468,0.3468013468013468,False,False,True,False,broken,broken_down,False,True,False,True,False,False,False,0.6639839034205232,0,0.0
MNQ,2023-11-14,15812.25,15888.0,15790.0,15883.5,253015,60,2023-11-14T14:30:00+00:00,2023-11-14T15:29:00+00:00,15847.872766766135,15559.5,15839.75,15551.75,15812.25,277629,930,2023-11-13T23:00:00+00:00,2023-11-14T14:29:00+00:00,15883.5,15918.75,15822.0,15878.75,470978,330,2023-11-14T15:30:00+00:00,2023-11-14T20:59:00+00:00,172,321,0.5375,288.0,98.0,96.75,0.9872448979591837,0.04909560723514212,-0.04909560723514212,False,True,False,False,broken,broken_up,False,True,False,True,True,False,True,0.6893203883495146,19,0.05757575757575758
MNQ,2023-11-15,15957.0,15974.0,15905.75,15938.0,227056,60,2023-11-15T14:30:00+00:00,2023-11-15T15:29:00+00:00,15938.529648706337,15894.25,16049.0,15894.25,15957.0,282422,930,2023-11-14T23:00:00+00:00,2023-11-15T14:29:00+00:00,15938.0,15977.25,15832.5,15890.5,546401,330,2023-11-15T15:30:00+00:00,2023-11-15T20:59:00+00:00,153,319,0.4811320754716981,154.75,68.25,144.75,2.120879120879121,0.3281519861830743,-0.3281519861830743,True,False,False,False,trapped,trapped,False,True,True,True,False,True,True,0.4006908462867012,9,0.02727272727272727
MNQ,2023-11-16,15851.0,15905.75,15825.0,15875.25,237789,60,2023-11-16T14:30:00+00:00,2023-11-16T15:29:00+00:00,15867.554317062608,15844.0,15883.25,15821.75,15851.0,239912,930,2023-11-15T23:00:00+00:00,2023-11-16T14:29:00+00:00,15875.5,15907.25,15797.75,15897.25,571715,330,2023-11-16T15:30:00+00:00,2023-11-16T20:59:00+00:00,175,323,0.5434782608695652,61.5,80.75,109.5,1.3560371517027863,0.19863013698630136,0.19863013698630136,False,True,False,False,broken,broken_up,False,True,True,True,True,True,True,0.908675799086758,42,0.12727272727272726
MNQ,2023-11-17,15862.5,15880.75,15827.0,15870.25,206533,60,2023-11-17T14:30:00+00:00,2023-11-17T15:29:00+00:00,15857.199316009224,15898.25,15920.75,15860.0,15863.0,182361,930,2023-11-16T23:00:00+00:00,2023-11-17T14:29:00+00:00,15870.0,15940.0,15824.5,15897.5,468862,330,2023-11-17T15:30:00+00:00,2023-11-17T20:59:00+00:00,166,321,0.51875,60.75,53.75,115.5,2.1488372093023256,0.23809523809523808,0.23809523809523808,False,False,True,False,broken,broken_down,False,True,True,True,True,True,True,0.6320346320346321,35,0.10606060606060606
MNQ,2023-11-20,15895.0,16003.0,15894.75,15960.25,224018,60,2023-11-20T14:30:00+00:00,2023-11-20T15:29:00+00:00,15968.227176685206,15891.25,15931.75,15837.5,15895.25,201615,930,2023-11-19T23:00:00+00:00,2023-11-20T14:29:00+00:00,15960.5,16116.75,15942.25,16088.75,420547,330,2023-11-20T15:30:00+00:00,2023-11-20T20:59:00+00:00,169,318,0.5331230283911672,94.25,108.25,174.5,1.6120092378752886,0.7349570200573066,0.7349570200573066,False,True,False,False,broken,broken_up,False,True,False,True,True,False,True,0.8738738738738738,7,0.021212121212121213
MNQ,2023-11-21,16013.0,16021.25,15921.5,15926.75,219898,60,2023-11-21T14:30:00+00:00,2023-11-21T15:29:00+00:00,15985.659213210973,16089.75,16122.5,16000.0,16013.25,198170,930,2023-11-20T23:00:00+00:00,2023-11-21T14:29:00+00:00,15927.0,16000.75,15917.0,15988.75,414821,330,2023-11-21T15:30:00+00:00,2023-11-21T20:59:00+00:00,166,327,0.50920245398773,122.5,99.75,83.75,0.8395989974937343,0.7373134328358208,0.7373134328358208,False,False,True,False,broken,broken_down,False,False,True,True,False,True,True,0.6882494004796164,32,0.09696969696969697
MNQ,2023-11-22,16069.75,16173.25,16005.25,16061.75,331798,60,2023-11-22T14:30:00+00:00,2023-11-22T15:29:00+00:00,16082.066773307855,15970.0,16079.25,15942.5,16069.75,230554,930,2023-11-21T23:00:00+00:00,2023-11-22T14:29:00+00:00,16061.25,16104.75,16012.0,16047.5,492576,330,2023-11-22T15:30:00+00:00,2023-11-22T20:59:00+00:00,172,324,0.5325077399380805,136.75,168.0,92.75,0.5520833333333334,0.14824797843665768,-0.14824797843665768,False,True,False,False,broken,broken_up,False,False,False,False,False,False,False,0.25148809523809523,39,0.11818181818181818
MNQ,2023-11-23,16063.0,16069.5,16051.5,16057.75,23231,60,2023-11-23T14:30:00+00:00,2023-11-23T15:29:00+00:00,16059.456351426972,16039.75,16086.75,16034.0,16063.5,90596,930,2023-11-22T23:00:00+00:00,2023-11-23T14:29:00+00:00,16058.25,16074.5,16057.25,16062.25,22846,150,2023-11-23T15:30:00+00:00,2023-11-23T17:59:00+00:00,52,125,0.41935483870967744,52.75,18.0,17.25,0.9583333333333334,0.2318840579710145,0.2318840579710145,True,False,False,False,trapped,trapped,False,True,False,True,False,False,False,0.4673913043478261,6,0.04
MNQ,2023-11-24,16028.25,16053.25,15990.0,15996.0,146173,60,2023-11-24T14:30:00+00:00,2023-11-24T15:29:00+00:00,16019.740649778003,16062.5,16076.25,16024.5,16028.25,134185,930,2023-11-23T23:00:00+00:00,2023-11-24T14:29:00+00:00,15996.0,16026.0,15981.75,16010.75,128048,165,2023-11-24T15:30:00+00:00,2023-11-24T18:14:00+00:00,75,157,0.4807692307692308,51.75,63.25,44.25,0.6996047430830039,0.3333333333333333,0.3333333333333333,False,False,True,False,broken,broken_down,False,False,True,True,False,True,True,0.40559440559440557,29,0.17575757575757575
MNQ,2023-11-27,15999.0,16050.0,15970.25,16014.75,231834,60,2023-11-27T14:30:00+00:00,2023-11-27T15:29:00+00:00,16010.437778036585,16008.5,16021.75,15938.75,15998.75,199508,930,2023-11-26T23:00:00+00:00,2023-11-27T14:29:00+00:00,16015.0,16089.0,15997.75,16007.25,466771,330,2023-11-27T15:30:00+00:00,2023-11-27T20:59:00+00:00,154,319,0.48427672955974843,83.0,79.75,91.25,1.1442006269592477,0.08493150684931507,-0.08493150684931507,False,True,False,False,broken,broken_up,False,True,False,True,True,False,True,0.31157894736842107,18,0.05454545454545454
MNQ,2023-11-28,15974.25,16007.25,15958.25,15985.25,215772,60,2023-11-28T14:30:00+00:00,2023-11-28T15:29:00+00:00,15983.375499755915,16004.0,16014.0,15945.0,15974.5,216080,930,2023-11-27T23:00:00+00:00,2023-11-28T14:29:00+00:00,15984.75,16071.5,15968.75,16047.75,592854,330,2023-11-28T15:30:00+00:00,2023-11-28T20:59:00+00:00,162,323,0.5031055900621118,69.0,49.0,102.75,2.0969387755102042,0.6131386861313869,0.6131386861313869,True,False,False,False,trapped,trapped,False,True,False,True,True,False,True,0.7902869757174393,16,0.048484848484848485
MNQ,2023-11-29,16147.25,16207.75,16085.0,16108.0,264515,60,2023-11-29T14:30:00+00:00,2023-11-29T15:29:00+00:00,16155.411817540278,16054.75,16173.0,16040.5,16147.25,224595,930,2023-11-28T23:00:00+00:00,2023-11-29T14:29:00+00:00,16108.75,16132.75,16013.5,16025.75,536021,330,2023-11-29T15:30:00+00:00,2023-11-29T20:59:00+00:00,168,318,0.5299684542586751,132.5,122.75,119.25,0.9714867617107943,0.6960167714884696,-0.6960167714884696,False,True,False,False,broken,broken_up,False,False,True,True,False,True,True,0.06306306306306306,0,0.0
MNQ,2023-11-30,16032.5,16051.5,15918.75,15949.0,285284,60,2023-11-30T14:30:00+00:00,2023-11-30T15:29:00+00:00,15978.985140538316,16041.5,16098.0,16026.25,16032.75,228676,930,2023-11-29T23:00:00+00:00,2023-11-30T14:29:00+00:00,15949.25,15991.5,15855.75,15980.75,605488,330,2023-11-30T15:30:00+00:00,2023-11-30T20:59:00+00:00,139,317,0.439873417721519,71.75,132.75,135.75,1.0225988700564972,0.23204419889502761,0.23204419889502761,False,False,True,False,broken,broken_down,False,False,True,True,False,True,True,0.6385696040868455,4,0.012121212121212121
MNQ,2023-12-01,15933.5,15963.75,15873.5,15881.25,287769,60,2023-12-01T14:30:00+00:00,2023-12-01T15:29:00+00:00,15917.014557393833,15955.0,16000.75,15919.25,15933.25,182903,930,2023-11-30T23:00:00+00:00,2023-12-01T14:29:00+00:00,15880.75,16050.0,15864.5,16025.0,636083,330,2023-12-01T15:30:00+00:00,2023-12-01T20:59:00+00:00,169,327,0.5184049079754601,81.5,90.25,185.5,2.0554016620498614,0.7776280323450134,0.7776280323450134,False,False,True,False,broken,broken_down,False,True,True,True,True,True,True,0.8652291105121294,8,0.024242424242424242
MNQ,2023-12-04,15862.25,15876.25,15746.75,15752.5,280853,60,2023-12-04T14:30:00+00:00,2023-12-04T15:29:00+00:00,15829.68189468037,16021.75,16027.0,15848.5,15862.0,228795,930,2023-12-03T23:00:00+00:00,2023-12-04T14:29:00+00:00,15753.0,15885.25,15721.25,15871.25,563181,330,2023-12-04T15:30:00+00:00,2023-12-04T20:59:00+00:00,170,327,0.5214723926380368,178.5,129.5,164.0,1.2664092664092663,0.7210365853658537,0.7210365853658537,False,False,True,False,broken,broken_down,False,True,True,True,False,True,True,0.9146341463414634,62,0.18787878787878787
MNQ,2023-12-05,15791.0,15936.75,15783.25,15891.5,302555,60,2023-12-05T14:30:00+00:00,2023-12-05T15:29:00+00:00,15869.090365112677,15860.75,15862.5,15761.25,15790.75,224367,930,2023-12-04T23:00:00+00:00,2023-12-05T14:29:00+00:00,15891.5,15961.75,15827.5,15912.0,610891,330,2023-12-05T15:30:00+00:00,2023-12-05T20:59:00+00:00,168,325,0.5185185185185185,101.25,153.5,134.25,0.8745928338762216,0.1527001862197393,0.1527001862197393,False,True,False,False,broken,broken_up,False,True,False,True,True,False,True,0.7212885154061625,67,0.20303030303030303
MNQ,2023-12-06,16033.75,16039.0,15876.0,15896.25,297631,60,2023-12-06T14:30:00+00:00,2023-12-06T15:29:00+00:00,15947.73945170362,15898.75,16037.25,15891.0,16034.0,260784,930,2023-12-05T23:00:00+00:00,2023-12-06T14:29:00+00:00,15896.75,15949.75,15802.0,15815.0,577847,330,2023-12-06T15:30:00+00:00,2023-12-06T20:59:00+00:00,172,324,0.5325077399380805,146.25,163.0,147.75,0.906441717791411,0.5532994923857868,-0.5532994923857868,False,True,True,True,broken,broken_both,False,False,True,True,False,True,True,0.05485232067510549,2,0.006060606060606061
MNQ,2023-12-07,15934.25,15997.25,15888.0,15992.0,306135,60,2023-12-07T14:30:00+00:00,2023-12-07T15:29:00+00:00,15942.642026665795,15816.25,15939.75,15791.25,15934.25,220132,930,2023-12-06T23:00:00+00:00,2023-12-07T14:29:00+00:00,15992.5,16065.75,15930.75,16035.25,511894,330,2023-12-07T15:30:00+00:00,2023-12-07T20:59:00+00:00,174,324,0.5386996904024768,148.5,109.25,135.0,1.2356979405034325,0.31666666666666665,0.31666666666666665,False,True,False,False,broken,broken_up,False,True,False,True,True,False,True,0.8284106891701828,6,0.01818181818181818
MNQ,2023-12-08,15956.0,16113.25,15946.75,16097.75,287396,60,2023-12-08T14:30:00+00:00,2023-12-08T15:29:00+00:00,16029.121785213896,16018.5,16038.75,15890.0,15955.75,227222,930,2023-12-07T23:00:00+00:00,2023-12-08T14:29:00+00:00,16097.75,16119.0,15989.75,16098.5,515033,330,2023-12-08T15:30:00+00:00,2023-12-08T20:59:00+00:00,176,320,0.5517241379310345,148.75,166.5,129.25,0.7762762762762763,0.005802707930367505,0.005802707930367505,False,True,False,False,broken,broken_up,False,True,False,True,True,False,True,0.8809869375907112,30,0.09090909090909091
MNQ,2023-12-11,16290.0,16388.0,16281.5,16359.5,131803,60,2023-12-11T14:30:00+00:00,2023-12-11T15:29:00+00:00,16347.325066576634,16092.0,16319.25,16082.0,16290.0,95094,930,2023-12-10T23:00:00+00:00,2023-12-11T14:29:00+00:00,16359.5,16459.75,16334.0,16447.25,260124,330,2023-12-11T15:30:00+00:00,2023-12-11T20:59:00+00:00,170,320,0.5329153605015674,237.25,106.5,125.75,1.1807511737089202,0.6978131212723658,0.6978131212723658,False,True,False,False,broken,broken_up,False,True,False,True,True,False,True,0.9298737727910238,10,0.030303030303030304
MNQ,2023-12-12,16444.5,16490.5,16396.5,16466.5,151988,60,2023-12-12T14:30:00+00:00,2023-12-12T15:29:00+00:00,16443.246090700144,16453.5,16546.75,16440.0,16444.75,136455,930,2023-12-11T23:00:00+00:00,2023-12-12T14:29:00+00:00,16467.0,16579.5,16458.75,16577.25,252037,330,2023-12-12T15:30:00+00:00,2023-12-12T20:59:00+00:00,171,308,0.5570032573289903,106.75,94.0,120.75,1.2845744680851063,0.9130434782608695,0.9130434782608695,False,False,True,False,broken,broken_down,False,True,False,True,True,False,True,0.9877049180327869,0,0.0
MNQ,2023-12-13,16609.5,16657.25,16596.75,16628.0,149371,60,2023-12-13T14:30:00+00:00,2023-12-13T15:29:00+00:00,16626.253273169932,16597.5,16635.75,16589.5,16609.75,113832,930,2023-12-12T23:00:00+00:00,2023-12-13T14:29:00+00:00,16628.0,16806.0,16576.0,16779.75,498808,330,2023-12-13T15:30:00+00:00,2023-12-13T20:59:00+00:00,168,320,0.5266457680250783,46.25,60.5,230.0,3.8016528925619837,0.6597826086956522,0.6597826086956522,False,True,False,False,broken,broken_up,False,True,True,True,True,True,True,0.8858695652173914,9,0.02727272727272727
MNQ,2023-12-14,16820.5,16877.25,16785.0,16794.5,267123,60,2023-12-14T14:30:00+00:00,2023-12-14T15:29:00+00:00,16830.950184621568,16774.0,16885.5,16774.0,16820.5,252949,930,2023-12-13T23:00:00+00:00,2023-12-14T14:29:00+00:00,16795.0,16820.25,16627.25,16755.5,565762,330,2023-12-14T15:30:00+00:00,2023-12-14T20:59:00+00:00,168,325,0.5185185185185185,111.5,92.25,193.0,2.092140921409214,0.20466321243523317,-0.20466321243523317,True,False,False,False,trapped,trapped,False,False,True,True,False,True,True,0.513,0,0.0
MNQ,2023-12-15,16787.75,16866.0,16780.25,16863.0,214871,60,2023-12-15T14:30:00+00:00,2023-12-15T15:29:00+00:00,16824.610364280583,16740.0,16818.5,16732.25,16788.0,199048,930,2023-12-14T23:00:00+00:00,2023-12-15T14:29:00+00:00,16863.5,16887.25,16762.75,16819.75,496030,330,2023-12-15T15:30:00+00:00,2023-12-15T20:59:00+00:00,162,323,0.5031055900621118,86.25,85.75,124.5,1.4518950437317784,0.3514056224899598,-0.3514056224899598,False,True,False,False,broken,broken_up,False,True,True,True,True,False,True,0.4578313253012048,26,0.07878787878787878
MNQ,2023-12-18,16846.5,16906.5,16832.0,16902.0,192871,60,2023-12-18T14:30:00+00:00,2023-12-18T15:29:00+00:00,16873.8176302641,16820.25,16858.75,16802.25,16846.5,163206,930,2023-12-17T23:00:00+00:00,2023-12-18T14:29:00+00:00,16902.5,16974.25,16855.75,16938.0,357301,330,2023-12-18T15:30:00+00:00,2023-12-18T20:59:00+00:00,148,323,0.45962732919254656,56.5,74.5,118.5,1.5906040268456376,0.29957805907172996,0.29957805907172996,False,True,False,False,broken,broken_up,False,True,False,True,True,False,True,0.7451669595782073,10,0.030303030303030304
MNQ,2023-12-19,16952.5,16997.75,16944.5,16991.0,231797,60,2023-12-19T14:30:00+00:00,2023-12-19T15:29:00+00:00,16975.891137863448,16920.0,16989.25,16911.0,16952.5,141376,930,2023-12-18T23:00:00+00:00,2023-12-19T14:29:00+00:00,16992.0,17027.5,16965.0,17021.0,381038,330,2023-12-19T15:30:00+00:00,2023-12-19T20:59:00+00:00,150,318,0.47318611987381703,78.25,53.25,62.5,1.1737089201877935,0.464,0.464,False,True,False,False,broken,broken_up,False,True,False,True,True,False,True,0.9216867469879518,26,0.07878787878787878
MNQ,2023-12-20,16986.0,17054.75,16970.75,17052.5,167489,60,2023-12-20T14:30:00+00:00,2023-12-20T15:29:00+00:00,17017.447251759815,17023.0,17046.0,16961.5,16986.25,152492,930,2023-12-19T23:00:00+00:00,2023-12-20T14:29:00+00:00,17052.25,17073.5,16760.5,16764.0,715489,330,2023-12-20T15:30:00+00:00,2023-12-20T20:59:00+00:00,149,321,0.465625,84.5,84.0,313.0,3.7261904761904763,0.920926517571885,-0.920926517571885,False,True,False,False,broken,broken_up,False,True,True,True,True,True,True,0.011182108626198083,3,0.00909090909090909
MNQ,2023-12-21,16922.25,16958.75,16843.5,16878.75,277111,60,2023-12-21T14:30:00+00:00,2023-12-21T15:29:00+00:00,16902.656965078975,16793.75,16971.25,16790.0,16922.25,236595,930,2023-12-20T23:00:00+00:00,2023-12-21T14:29:00+00:00,16879.0,16966.0,16814.5,16950.75,593770,330,2023-12-21T15:30:00+00:00,2023-12-21T20:59:00+00:00,173,324,0.5356037151702786,181.25,115.25,151.5,1.314533622559653,0.4735973597359736,0.4735973597359736,True,False,False,False,trapped,trapped,False,True,True,True,False,False,False,0.8993399339933993,25,0.07575757575757576
MNQ,2023-12-22,16999.25,17041.25,16989.25,17025.5,172772,60,2023-12-22T14:30:00+00:00,2023-12-22T15:29:00+00:00,17017.229564107613,16954.5,17014.25,16891.5,16999.5,198120,930,2023-12-21T23:00:00+00:00,2023-12-22T14:29:00+00:00,17025.75,17034.5,16896.0,16980.25,464586,330,2023-12-22T15:30:00+00:00,2023-12-22T20:59:00+00:00,182,320,0.5705329153605015,122.75,52.0,138.5,2.6634615384615383,0.3285198555956679,-0.3285198555956679,False,True,False,False,broken,broken_up,False,False,True,True,False,False,False,0.5800344234079173,28,0.08484848484848485
MNQ,2023-12-26,17009.5,17057.0,17005.25,17043.5,124412,60,2023-12-26T14:30:00+00:00,2023-12-26T15:29:00+00:00,17037.165384635995,16963.5,17037.5,16963.5,17009.75,108733,930,2023-12-25T23:00:00+00:00,2023-12-26T14:29:00+00:00,17043.75,17111.5,17022.75,17084.0,271758,330,2023-12-26T15:30:00+00:00,2023-12-26T20:59:00+00:00,166,315,0.5286624203821656,74.0,51.75,88.75,1.714975845410628,0.4535211267605634,0.4535211267605634,False,True,False,False,broken,broken_up,False,True,False,True,True,False,True,0.7411764705882353,22,0.06666666666666667
MNQ,2023-12-27,17092.0,17124.5,17055.5,17081.0,167164,60,2023-12-27T14:30:00+00:00,2023-12-27T15:29:00+00:00,17096.755592312544,17085.0,17106.25,17072.25,17092.0,108443,930,2023-12-26T23:00:00+00:00,2023-12-27T14:29:00+00:00,17081.0,17127.5,17058.0,17116.75,389247,330,2023-12-27T15:30:00+00:00,2023-12-27T20:59:00+00:00,168,320,0.5266457680250783,34.0,69.0,69.5,1.0072463768115942,0.5143884892086331,0.5143884892086331,False,True,True,True,broken,broken_both,False,True,False,True,True,False,True,0.8506944444444444,15,0.045454545454545456
MNQ,2023-12-28,17148.75,17159.0,17102.75,17129.0,133788,60,2023-12-28T14:30:00+00:00,2023-12-28T15:29:00+00:00,17124.326769466123,17129.0,17165.5,17117.75,17148.5,120294,930,2023-12-27T23:00:00+00:00,2023-12-28T14:29:00+00:00,17128.75,17144.5,17078.0,17090.75,349353,330,2023-12-28T15:30:00+00:00,2023-12-28T20:59:00+00:00,149,307,0.4869281045751634,47.75,56.25,66.5,1.1822222222222223,0.5714285714285714,-0.5714285714285714,False,False,True,False,broken,broken_down,False,False,True,True,False,True,True,0.1574074074074074,49,0.1484848484848485
MNQ,2023-12-29,17089.0,17107.5,17072.0,17095.0,117274,60,2023-12-29T14:30:00+00:00,2023-12-29T15:29:00+00:00,17093.180981433794,17089.75,17130.5,17066.0,17089.0,121329,930,2023-12-28T23:00:00+00:00,2023-12-29T14:29:00+00:00,17095.0,17095.5,16937.75,17019.0,574220,330,2023-12-29T15:30:00+00:00,2023-12-29T20:59:00+00:00,161,324,0.4984520123839009,64.5,35.5,157.75,4.443661971830986,0.48177496038034867,-0.48177496038034867,True,False,False,False,trapped,trapped,False,False,True,True,False,True,True,0.4786450662739323,1,0.0030303030303030303
MNQ,2024-01-02,16862.0,16873.5,16716.75,16723.5,303480,60,2024-01-02T14:30:00+00:00,2024-01-02T15:29:00+00:00,16774.569928825626,17018.75,17038.5,16815.75,16862.25,254434,930,2024-01-01T23:00:00+00:00,2024-01-02T14:29:00+00:00,16723.5,16787.75,16622.0,16721.0,494568,330,2024-01-02T15:30:00+00:00,2024-01-02T20:59:00+00:00,158,323,0.4906832298136646,222.75,156.75,165.75,1.0574162679425838,0.015082956259426848,-0.015082956259426848,False,False,True,False,broken,broken_down,False,False,True,True,False,True,True,0.39363817097415504,19,0.05757575757575758
MNQ,2024-01-03,16610.0,16653.75,16556.75,16579.0,280288,60,2024-01-03T14:30:00+00:00,2024-01-03T15:29:00+00:00,16605.645028209077,16740.0,16740.0,16592.0,16609.75,226552,930,2024-01-02T23:00:00+00:00,2024-01-03T14:29:00+00:00,16579.5,16628.5,16522.25,16540.5,634960,330,2024-01-03T15:30:00+00:00,2024-01-03T20:59:00+00:00,167,321,0.521875,148.0,97.0,106.25,1.0953608247422681,0.36705882352941177,-0.36705882352941177,False,False,True,False,broken,broken_down,False,False,True,True,False,True,True,0.13878326996197718,26,0.07878787878787878
MNQ,2024-01-04,16453.25,16533.0,16443.0,16507.5,238774,60,2024-01-04T14:30:00+00:00,2024-01-04T15:29:00+00:00,16486.49642025514,16543.25,16587.25,16443.75,16453.0,232562,930,2024-01-03T23:00:00+00:00,2024-01-04T14:29:00+00:00,16507.25,16584.0,16435.75,16444.0,481805,330,2024-01-04T15:30:00+00:00,2024-01-04T20:59:00+00:00,177,325,0.5462962962962963,143.5,90.0,148.25,1.6472222222222221,0.4266441821247892,-0.4266441821247892,False,False,True,False,broken,broken_down,False,True,True,True,False,True,True,0.05564924114671164,40,0.12121212121212122
MNQ,2024-01-05,16449.0,16555.5,16437.25,16538.75,246921,60,2024-01-05T14:30:00+00:00,2024-01-05T15:29:00+00:00,16502.329419125952,16454.0,16469.25,16334.25,16449.25,304868,930,2024-01-04T23:00:00+00:00,2024-01-05T14:29:00+00:00,16538.75,16577.0,16403.5,16463.75,534745,330,2024-01-05T15:30:00+00:00,2024-01-05T20:59:00+00:00,167,323,0.5186335403726708,135.0,118.25,173.5,1.46723044397463,0.4322766570605187,-0.4322766570605187,False,True,False,False,broken,broken_up,False,True,True,True,True,False,True,0.3472622478386167,15,0.045454545454545456
MNQ,2024-01-08,16512.0,16644.25,16505.25,16640.75,200388,60,2024-01-08T14:30:00+00:00,2024-01-08T15:29:00+00:00,16593.987584086874,16472.25,16514.5,16378.25,16511.0,236430,930,2024-01-07T23:00:00+00:00,2024-01-08T14:29:00+00:00,16641.0,16811.5,16640.5,16801.5,425498,330,2024-01-08T15:30:00+00:00,2024-01-08T20:59:00+00:00,171,324,0.5294117647058824,136.25,139.0,171.0,1.2302158273381294,0.9385964912280702,0.9385964912280702,False,True,False,False,broken,broken_up,False,True,False,True,True,False,True,0.9673469387755103,0,0.0
MNQ,2024-01-09,16669.0,16746.75,16660.75,16727.75,231790,60,2024-01-09T14:30:00+00:00,2024-01-09T15:29:00+00:00,16700.914073802436,16790.0,16796.0,16658.5,16669.0,229077,930,2024-01-08T23:00:00+00:00,2024-01-09T14:29:00+00:00,16727.5,16868.5,16711.75,16831.75,549347,330,2024-01-09T15:30:00+00:00,2024-01-09T20:59:00+00:00,151,323,0.468944099378882,137.5,86.0,156.75,1.822674418604651,0.6650717703349283,0.6650717703349283,True,False,False,False,trapped,trapped,True,True,False,True,True,False,True,0.8231046931407943,0,0.0
MNQ,2024-01-10,16840.0,16874.0,16801.75,16857.25,222693,60,2024-01-10T14:30:00+00:00,2024-01-10T15:29:00+00:00,16842.550996962935,16829.5,16907.25,16806.75,16840.25,232818,930,2024-01-09T23:00:00+00:00,2024-01-10T14:29:00+00:00,16857.25,16983.25,16853.0,16941.5,516778,330,2024-01-10T15:30:00+00:00,2024-01-10T20:59:00+00:00,153,319,0.4811320754716981,100.5,72.25,130.25,1.8027681660899655,0.6468330134357005,0.6468330134357005,False,False,True,False,broken,broken_down,False,True,False,True,True,False,True,0.7699724517906336,0,0.0
MNQ,2024-01-11,16984.5,17043.0,16824.5,16891.25,334150,60,2024-01-11T14:30:00+00:00,2024-01-11T15:29:00+00:00,16930.002861738736,16955.5,17056.0,16892.25,16984.5,334368,930,2024-01-10T23:00:00+00:00,2024-01-11T14:29:00+00:00,16891.25,16983.75,16753.0,16965.25,690001,330,2024-01-11T15:30:00+00:00,2024-01-11T20:59:00+00:00,177,326,0.5446153846153846,163.75,218.5,230.75,1.0560640732265447,0.3206933911159263,0.3206933911159263,False,False,True,False,broken,broken_down,False,False,True,True,False,True,True,0.7318965517241379,18,0.05454545454545454
MNQ,2024-01-12,17008.25,17042.5,16935.25,16965.5,259807,60,2024-01-12T14:30:00+00:00,2024-01-12T15:29:00+00:00,16988.604900945702,16958.0,17008.5,16866.25,17008.25,328504,930,2024-01-11T23:00:00+00:00,2024-01-12T14:29:00+00:00,16965.5,16995.25,16913.25,16972.0,534314,330,2024-01-12T15:30:00+00:00,2024-01-12T20:59:00+00:00,167,323,0.5186335403726708,142.25,107.25,82.0,0.7645687645687645,0.07926829268292683,0.07926829268292683,False,True,False,False,broken,broken_up,False,False,True,True,False,False,False,0.45454545454545453,19,0.05757575757575758
MNQ,2024-01-15,16957.75,16967.5,16936.0,16957.0,38290,60,2024-01-15T14:30:00+00:00,2024-01-15T15:29:00+00:00,16951.384935144077,16962.0,17023.25,16938.5,16957.75,160703,930,2024-01-14T23:00:00+00:00,2024-01-15T14:29:00+00:00,16956.75,16980.0,16954.25,16967.5,41025,150,2024-01-15T15:30:00+00:00,2024-01-15T17:59:00+00:00,65,136,0.48148148148148145,84.75,31.5,25.75,0.8174603174603174,0.4174757281553398,0.4174757281553398,False,False,True,False,broken,broken_down,False,True,False,True,False,False,False,0.7159090909090909,0,0.0
MNQ,2024-01-16,16916.5,17003.75,16855.0,16991.75,318025,60,2024-01-16T14:30:00+00:00,2024-01-16T15:29:00+00:00,16920.57571810392,16966.0,16966.0,16812.0,16916.75,324405,930,2024-01-15T23:00:00+00:00,2024-01-16T14:29:00+00:00,16992.25,17034.0,16862.0,16967.75,692953,330,2024-01-16T15:30:00+00:00,2024-01-16T20:59:00+00:00,181,323,0.562111801242236,154.0,148.75,172.0,1.1563025210084035,0.14244186046511628,-0.14244186046511628,False,True,False,False,broken,broken_up,False,True,False,True,True,False,True,0.6298882681564246,35,0.10606060606060606
MNQ,2024-01-17,16825.0,16842.75,16689.0,16750.0,296303,60,2024-01-17T14:30:00+00:00,2024-01-17T15:29:00+00:00,16745.129695784384,16979.5,16981.25,16805.5,16825.0,323576,930,2024-01-16T23:00:00+00:00,2024-01-17T14:29:00+00:00,16750.0,16885.25,16727.0,16868.75,600541,330,2024-01-17T15:30:00+00:00,2024-01-17T20:59:00+00:00,161,322,0.5015576323987538,175.75,153.75,158.25,1.0292682926829269,0.7503949447077409,0.7503949447077409,False,False,True,False,broken,broken_down,False,True,False,True,False,False,False,0.9159235668789809,10,0.030303030303030304
MNQ,2024-01-18,16996.75,17054.75,16986.0,17033.25,274986,60,2024-01-18T14:30:00+00:00,2024-01-18T15:29:00+00:00,17022.587087160806,16859.5,17044.75,16833.75,16996.75,339070,930,2024-01-17T23:00:00+00:00,2024-01-18T14:29:00+00:00,17033.5,17126.0,16942.5,17109.0,751494,330,2024-01-18T15:30:00+00:00,2024-01-18T20:59:00+00:00,164,321,0.5125,211.0,68.75,183.5,2.669090909090909,0.4114441416893733,0.4114441416893733,False,True,False,False,broken,broken_up,False,True,True,True,True,False,True,0.9073569482288828,20,0.06060606060606061
MNQ,2024-01-19,17190.5,17233.0,17166.25,17216.0,265936,60,2024-01-19T14:30:00+00:00,2024-01-19T15:29:00+00:00,17195.778114533823,17117.75,17255.5,17107.25,17189.5,298303,930,2024-01-18T23:00:00+00:00,2024-01-19T14:29:00+00:00,17216.0,17448.25,17192.75,17442.5,686440,330,2024-01-19T15:30:00+00:00,2024-01-19T20:59:00+00:00,149,321,0.465625,148.25,66.75,255.5,3.8277153558052435,0.8864970645792564,0.8864970645792564,True,False,False,False,trapped,trapped,False,True,False,True,True,False,True,0.9796099290780141,2,0.006060606060606061
MNQ,2024-01-22,17528.0,17584.75,17484.0,17488.0,304014,60,2024-01-22T14:30:00+00:00,2024-01-22T15:29:00+00:00,17530.521132250487,17465.75,17582.5,17464.0,17528.25,279757,930,2024-01-21T23:00:00+00:00,2024-01-22T14:29:00+00:00,17488.25,17514.0,17434.25,17460.5,564829,330,2024-01-22T15:30:00+00:00,2024-01-22T20:59:00+00:00,166,322,0.5171339563862928,118.5,100.75,79.75,0.7915632754342432,0.34796238244514105,-0.34796238244514105,False,True,False,False,broken,broken_up,False,False,True,True,False,True,True,0.1744186046511628,0,0.0
MNQ,2024-01-23,17487.75,17488.25,17409.25,17465.25,261255,60,2024-01-23T14:30:00+00:00,2024-01-23T15:29:00+00:00,17458.100522478035,17457.0,17525.5,17421.5,17488.0,237589,930,2024-01-22T23:00:00+00:00,2024-01-23T14:29:00+00:00,17465.25,17539.0,17426.75,17529.25,436744,330,2024-01-23T15:30:00+00:00,2024-01-23T20:59:00+00:00,144,318,0.45425867507886436,104.0,79.0,112.25,1.4208860759493671,0.5701559020044543,0.5701559020044543,False,False,True,False,broken,broken_down,False,True,False,True,True,False,True,0.9248554913294798,29,0.08787878787878788
MNQ,2024-01-24,17692.75,17718.0,17637.25,17715.5,269267,60,2024-01-24T14:30:00+00:00,2024-01-24T15:29:00+00:00,17671.056414884355,17551.5,17694.0,17551.5,17692.5,235035,930,2024-01-23T23:00:00+00:00,2024-01-24T14:29:00+00:00,17715.75,17794.0,17604.25,17624.75,733729,330,2024-01-24T15:30:00+00:00,2024-01-24T20:59:00+00:00,152,321,0.475,142.5,80.75,189.75,2.34984520123839,0.4795783926218709,-0.4795783926218709,False,True,False,False,broken,broken_up,False,True,True,True,True,False,True,0.1080368906455863,10,0.030303030303030304
MNQ,2024-01-25,17722.5,17735.25,17649.75,17730.25,272642,60,2024-01-25T14:30:00+00:00,2024-01-25T15:29:00+00:00,17693.113926871134,17618.75,17727.0,17588.5,17721.75,279954,930,2024-01-24T23:00:00+00:00,2024-01-25T14:29:00+00:00,17730.25,17752.0,17541.75,17637.75,717687,330,2024-01-25T15:30:00+00:00,2024-01-25T20:59:00+00:00,149,322,0.46417445482866043,138.5,85.5,210.25,2.4590643274853803,0.4399524375743163,-0.4399524375743163,False,True,False,False,broken,broken_up,False,True,True,True,True,True,True,0.45659928656361476,27,0.08181818181818182
MNQ,2024-01-26,17557.75,17582.0,17504.0,17580.5,250692,60,2024-01-26T14:30:00+00:00,2024-01-26T15:29:00+00:00,17542.351745368822,17574.25,17611.5,17465.75,17558.25,355717,930,2024-01-25T23:00:00+00:00,2024-01-26T14:29:00+00:00,17580.75,17631.25,17501.0,17528.75,559574,330,2024-01-26T15:30:00+00:00,2024-01-26T20:59:00+00:00,155,326,0.47692307692307695,145.75,78.0,130.25,1.669871794871795,0.39923224568138194,-0.39923224568138194,True,False,False,False,trapped,trapped,False,True,True,True,True,False,True,0.21305182341650672,30,0.09090909090909091
MNQ,2024-01-29,17548.25,17584.75,17524.75,17550.75,238998,60,2024-01-29T14:30:00+00:00,2024-01-29T15:29:00+00:00,17554.37503765722,17502.5,17591.0,17456.25,17548.25,205257,930,2024-01-28T23:00:00+00:00,2024-01-29T14:29:00+00:00,17550.75,17716.25,17520.0,17707.75,535816,330,2024-01-29T15:30:00+00:00,2024-01-29T20:59:00+00:00,166,323,0.515527950310559,134.75,60.0,196.25,3.2708333333333335,0.8,0.8,True,False,False,False,trapped,trapped,True,True,True,True,True,False,True,0.956687898089172,11,0.03333333333333333
MNQ,2024-01-30,17661.25,17685.0,17616.25,17654.75,212943,60,2024-01-30T14:30:00+00:00,2024-01-30T15:29:00+00:00,17656.40823600682,17708.0,17735.75,17644.75,17661.25,206840,930,2024-01-29T23:00:00+00:00,2024-01-30T14:29:00+00:00,17655.0,17667.5,17548.25,17583.75,514039,330,2024-01-30T15:30:00+00:00,2024-01-30T20:59:00+00:00,163,320,0.5109717868338558,91.0,68.75,119.25,1.7345454545454546,0.5974842767295597,-0.5974842767295597,False,False,True,False,broken,broken_down,False,False,True,True,False,True,True,0.2595978062157221,6,0.01818181818181818
MNQ,2024-01-31,17399.75,17426.25,17318.0,17324.25,221595,60,2024-01-31T14:30:00+00:00,2024-01-31T15:29:00+00:00,17372.76269621005,17427.5,17468.75,17333.5,17399.75,298477,930,2024-01-30T23:00:00+00:00,2024-01-31T14:29:00+00:00,17324.0,17483.75,17231.5,17238.25,843963,330,2024-01-31T15:30:00+00:00,2024-01-31T20:59:00+00:00,160,323,0.4968944099378882,135.25,108.25,252.25,2.3302540415704387,0.3399405351833499,-0.3399405351833499,False,False,True,False,broken,broken_down,False,True,True,True,True,True,True,0.026759167492566897,16,0.048484848484848485
MNQ,2024-02-01,17307.25,17369.25,17270.0,17368.5,248131,60,2024-02-01T14:30:00+00:00,2024-02-01T15:29:00+00:00,17322.32130171831,17275.0,17363.75,17262.75,17306.5,243741,930,2024-01-31T23:00:00+00:00,2024-02-01T14:29:00+00:00,17368.25,17453.5,17264.0,17440.0,674793,330,2024-02-01T15:30:00+00:00,2024-02-01T20:59:00+00:00,154,325,0.47530864197530864,101.0,99.25,189.5,1.9093198992443325,0.3786279683377309,0.3786279683377309,False,True,False,False,broken,broken_up,False,True,True,True,True,False,True,0.9287598944591029,10,0.030303030303030304
MNQ,2024-02-02,17508.25,17624.0,17465.75,17584.75,312962,60,2024-02-02T14:30:00+00:00,2024-02-02T15:29:00+00:00,17568.176820721575,17592.0,17643.75,17483.0,17508.0,299359,930,2024-02-01T23:00:00+00:00,2024-02-02T14:29:00+00:00,17586.0,17775.5,17548.25,17729.5,705453,330,2024-02-02T15:30:00+00:00,2024-02-02T20:59:00+00:00,156,325,0.48148148148148145,160.75,158.25,227.25,1.4360189573459716,0.6314631463146315,0.6314631463146315,False,False,True,False,broken,broken_down,False,True,False,True,True,False,True,0.8514931396287329,2,0.006060606060606061
MNQ,2024-02-05,17722.5,17737.25,17600.75,17626.25,245363,60,2024-02-05T14:30:00+00:00,2024-02-05T15:29:00+00:00,17676.26907615791,17695.25,17739.5,17663.5,17722.25,224103,930,2024-02-04T23:00:00+00:00,2024-02-05T14:29:00+00:00,17626.0,17745.0,17553.75,17697.25,568366,330,2024-02-05T15:30:00+00:00,2024-02-05T20:59:00+00:00,162,322,0.5046728971962616,76.0,136.5,191.25,1.401098901098901,0.37254901960784315,0.37254901960784315,False,False,True,False,broken,broken_down,False,True,True,True,True,True,True,0.7503267973856209,15,0.045454545454545456
MNQ,2024-02-06,17741.5,17767.5,17598.0,17623.75,317931,60,2024-02-06T14:30:00+00:00,2024-02-06T15:29:00+00:00,17674.88091729547,17702.0,17768.25,17670.75,17741.25,226766,930,2024-02-05T23:00:00+00:00,2024-02-06T14:29:00+00:00,17623.5,17663.75,17560.75,17661.75,660831,330,2024-02-06T15:30:00+00:00,2024-02-06T20:59:00+00:00,161,323,0.5,97.5,169.5,103.0,0.6076696165191741,0.3713592233009709,0.3713592233009709,False,False,True,False,broken,broken_down,False,False,True,True,False,True,True,0.48851269649334944,0,0.0
MNQ,2024-02-07,17773.5,17867.75,17718.25,17864.75,282097,60,2024-02-07T14:30:00+00:00,2024-02-07T15:29:00+00:00,17768.580485908515,17648.0,17779.0,17629.5,17773.75,249917,930,2024-02-06T23:00:00+00:00,2024-02-07T14:29:00+00:00,17865.0,17876.0,17779.5,17841.25,593523,330,2024-02-07T15:30:00+00:00,2024-02-07T20:59:00+00:00,165,323,0.5124223602484472,149.5,149.5,96.5,0.6454849498327759,0.24611398963730569,-0.24611398963730569,False,True,False,False,broken,broken_up,False,True,False,True,True,False,True,0.7797147385103012,0,0.0
MNQ,2024-02-08,17835.5,17866.0,17807.5,17839.25,203882,60,2024-02-08T14:30:00+00:00,2024-02-08T15:29:00+00:00,17838.772085078625,17851.0,17862.5,17791.5,17835.5,174501,930,2024-02-07T23:00:00+00:00,2024-02-08T14:29:00+00:00,17839.75,17896.5,17823.5,17865.25,502770,330,2024-02-08T15:30:00+00:00,2024-02-08T20:59:00+00:00,165,316,0.5238095238095238,71.0,58.5,73.0,1.2478632478632479,0.3493150684931507,0.3493150684931507,False,True,False,False,broken,broken_up,False,True,False,True,True,False,True,0.648876404494382,10,0.030303030303030304
MNQ,2024-02-09,17909.0,17969.75,17875.25,17969.5,211382,60,2024-02-09T14:30:00+00:00,2024-02-09T15:29:00+00:00,17920.336176527173,17857.25,17971.5,17851.75,17908.75,213989,930,2024-02-08T23:00:00+00:00,2024-02-09T14:29:00+00:00,17969.75,18071.0,17961.5,18039.0,444440,330,2024-02-09T15:30:00+00:00,2024-02-09T20:59:00+00:00,173,318,0.5457413249211357,119.75,94.5,109.5,1.1587301587301588,0.632420091324201,0.632420091324201,True,False,False,False,trapped,trapped,True,True,False,True,True,False,True,0.8365261813537676,0,0.0
MNQ,2024-02-12,18029.5,18051.0,18007.25,18032.75,178646,60,2024-02-12T14:30:00+00:00,2024-02-12T15:29:00+00:00,18030.29212194321,18039.25,18059.5,18003.25,18029.5,118308,930,2024-02-11T23:00:00+00:00,2024-02-12T14:29:00+00:00,18032.5,18121.5,17936.25,17963.5,636441,330,2024-02-12T15:30:00+00:00,2024-02-12T20:59:00+00:00,150,323,0.4658385093167702,56.25,43.75,185.25,4.234285714285714,0.3724696356275304,-0.3724696356275304,True,False,False,False,trapped,trapped,False,True,True,True,True,True,True,0.14709851551956815,4,0.012121212121212121
MNQ,2024-02-13,17628.25,17742.5,17586.5,17742.25,295145,60,2024-02-13T14:30:00+00:00,2024-02-13T15:29:00+00:00,17658.721825712786,17929.75,17963.5,17615.75,17628.25,380571,930,2024-02-12T23:00:00+00:00,2024-02-13T14:29:00+00:00,17742.0,17792.0,17546.25,17680.25,781338,330,2024-02-13T15:30:00+00:00,2024-02-13T20:59:00+00:00,168,322,0.5233644859813084,347.75,156.0,245.75,1.5753205128205128,0.25127161749745675,-0.25127161749745675,False,False,True,False,broken,broken_down,False,True,True,True,False,True,True,0.5452695829094608,7,0.021212121212121213
MNQ,2024-02-14,17788.75,17847.0,17743.0,17837.0,276449,60,2024-02-14T14:30:00+00:00,2024-02-14T15:29:00+00:00,17791.051915543194,17703.0,17811.75,17669.25,17788.5,240599,930,2024-02-13T23:00:00+00:00,2024-02-14T14:29:00+00:00,17837.25,17887.0,17690.5,17869.5,745193,330,2024-02-14T15:30:00+00:00,2024-02-14T20:59:00+00:00,171,327,0.5245398773006135,142.5,104.0,196.5,1.8894230769230769,0.16412213740458015,0.16412213740458015,False,True,False,False,broken,broken_up,False,True,True,True,True,False,True,0.910941475826972,26,0.07878787878787878
MNQ,2024-02-15,17888.25,17903.0,17797.25,17818.75,284340,60,2024-02-15T14:30:00+00:00,2024-02-15T15:29:00+00:00,17846.670263299802,17873.25,17934.0,17843.75,17888.25,230904,930,2024-02-14T23:00:00+00:00,2024-02-15T14:29:00+00:00,17819.25,17932.75,17780.25,17914.0,673173,330,2024-02-15T15:30:00+00:00,2024-02-15T20:59:00+00:00,173,323,0.5372670807453416,90.25,105.75,152.5,1.442080378250591,0.6213114754098361,0.6213114754098361,False,False,True,False,broken,broken_down,False,True,True,True,False,True,True,0.8770491803278688,18,0.05454545454545454
MNQ,2024-02-16,17926.75,17930.5,17713.75,17767.0,350574,60,2024-02-16T14:30:00+00:00,2024-02-16T15:29:00+00:00,17814.086568979255,17949.25,18026.25,17903.0,17926.75,241758,930,2024-02-15T23:00:00+00:00,2024-02-16T14:29:00+00:00,17768.0,17903.5,17722.5,17746.75,757546,330,2024-02-16T15:30:00+00:00,2024-02-16T20:59:00+00:00,163,324,0.5046439628482973,123.25,216.75,181.0,0.8350634371395617,0.11740331491712708,-0.11740331491712708,False,False,True,False,broken,broken_down,False,False,False,False,False,False,False,0.1522491349480969,18,0.05454545454545454
MNQ,2024-02-19,17789.25,17807.25,17776.5,17783.5,41651,60,2024-02-19T14:30:00+00:00,2024-02-19T15:29:00+00:00,17792.811417092827,17728.5,17803.25,17725.25,17789.25,162922,930,2024-02-18T23:00:00+00:00,2024-02-19T14:29:00+00:00,17783.75,17796.75,17772.25,17788.5,37817,150,2024-02-19T15:30:00+00:00,2024-02-19T17:59:00+00:00,82,140,0.5899280575539568,78.0,30.75,24.5,0.7967479674796748,0.19387755102040816,0.19387755102040816,False,True,False,False,broken,broken_up,False,False,True,True,False,False,False,0.4642857142857143,6,0.04
MNQ,2024-02-20,17661.75,17724.0,17503.75,17508.5,352333,60,2024-02-20T14:30:00+00:00,2024-02-20T15:29:00+00:00,17582.957860887287,17788.5,17790.0,17613.75,17662.0,335451,930,2024-02-19T23:00:00+00:00,2024-02-20T14:29:00+00:00,17508.75,17614.25,17452.5,17612.25,771968,330,2024-02-20T15:30:00+00:00,2024-02-20T20:59:00+00:00,146,323,0.453416149068323,176.25,220.25,161.75,0.7343927355278093,0.6398763523956723,0.6398763523956723,False,False,True,False,broken,broken_down,False,False,True,True,False,True,True,0.5883977900552486,29,0.08787878787878788
MNQ,2024-02-21,17495.0,17525.75,17448.5,17473.75,298564,60,2024-02-21T14:30:00+00:00,2024-02-21T15:29:00+00:00,17487.49420336455,17574.75,17590.75,17480.75,17495.25,266581,930,2024-02-20T23:00:00+00:00,2024-02-21T14:29:00+00:00,17474.25,17542.5,17373.0,17536.75,718525,330,2024-02-21T15:30:00+00:00,2024-02-21T20:59:00+00:00,161,324,0.4984520123839009,110.0,77.25,169.5,2.1941747572815533,0.3687315634218289,0.3687315634218289,False,False,True,False,broken,broken_down,False,True,True,True,False,True,True,0.9660766961651918,28,0.08484848484848485
MNQ,2024-02-22,17896.0,17970.25,17864.0,17957.0,319392,60,2024-02-22T14:30:00+00:00,2024-02-22T15:29:00+00:00,17914.83648515513,17704.0,17925.75,17675.5,17895.75,347378,930,2024-02-21T23:00:00+00:00,2024-02-22T14:29:00+00:00,17957.5,18087.0,17896.25,18044.75,618700,330,2024-02-22T15:30:00+00:00,2024-02-22T20:59:00+00:00,142,322,0.4423676012461059,250.25,106.25,190.75,1.795294117647059,0.45740498034076016,0.45740498034076016,False,True,False,False,broken,broken_up,False,True,False,True,True,False,True,0.8105381165919282,11,0.03333333333333333
MNQ,2024-02-23,18105.75,18145.0,18043.75,18048.75,269152,60,2024-02-23T14:30:00+00:00,2024-02-23T15:29:00+00:00,18096.81549180389,18025.25,18113.0,17999.0,18105.5,219313,930,2024-02-22T23:00:00+00:00,2024-02-23T14:29:00+00:00,18049.75,18073.0,17946.0,17986.0,762024,330,2024-02-23T15:30:00+00:00,2024-02-23T20:59:00+00:00,165,321,0.515625,114.0,101.25,127.0,1.254320987654321,0.5019685039370079,-0.5019685039370079,False,True,False,False,broken,broken_up,False,False,True,True,False,True,True,0.20100502512562815,0,0.0
MNQ,2024-02-26,18017.0,18050.75,17966.0,18021.0,252530,60,2024-02-26T14:30:00+00:00,2024-02-26T15:29:00+00:00,18007.318732757823,17962.75,18028.0,17922.0,18017.0,233018,930,2024-02-25T23:00:00+00:00,2024-02-26T14:29:00+00:00,18021.0,18059.75,17973.5,17977.25,564567,330,2024-02-26T15:30:00+00:00,2024-02-26T20:59:00+00:00,149,325,0.45987654320987653,106.0,84.75,86.25,1.0176991150442478,0.5072463768115942,-0.5072463768115942,False,True,False,False,broken,broken_up,False,True,False,True,True,False,True,0.12,32,0.09696969696969697
MNQ,2024-02-27,18018.25,18032.5,17938.0,18010.0,277188,60,2024-02-27T14:30:00+00:00,2024-02-27T15:29:00+00:00,17991.583303269505,17953.75,18040.5,17927.75,18018.25,224474,930,2024-02-26T23:00:00+00:00,2024-02-27T14:29:00+00:00,18010.0,18031.75,17908.5,18017.5,595635,330,2024-02-27T15:30:00+00:00,2024-02-27T20:59:00+00:00,170,325,0.5246913580246914,112.75,94.5,123.25,1.3042328042328042,0.060851926977687626,0.060851926977687626,True,False,False,False,trapped,trapped,False,False,True,True,False,True,True,0.8790322580645161,27,0.08181818181818182
MNQ,2024-02-28,17923.5,17946.5,17876.25,17903.5,273238,60,2024-02-28T14:30:00+00:00,2024-02-28T15:29:00+00:00,17910.128951378163,18014.0,18019.75,17892.0,17923.5,263880,930,2024-02-27T23:00:00+00:00,2024-02-28T14:29:00+00:00,17903.5,17975.0,17884.0,17917.5,579370,330,2024-02-28T15:30:00+00:00,2024-02-28T20:59:00+00:00,148,324,0.4582043343653251,127.75,70.25,91.0,1.295373665480427,0.15384615384615385,0.15384615384615385,False,False,True,False,broken,broken_down,False,True,False,True,False,False,False,0.4177215189873418,41,0.12424242424242424
MNQ,2024-02-29,18030.25,18072.25,17981.0,18017.5,243299,60,2024-02-29T14:30:00+00:00,2024-02-29T15:29:00+00:00,18035.65378642466,17868.25,18034.5,17826.25,18030.25,322353,930,2024-02-28T23:00:00+00:00,2024-02-29T14:29:00+00:00,18017.75,18109.0,17898.0,18066.75,671972,330,2024-02-29T15:30:00+00:00,2024-02-29T20:59:00+00:00,154,317,0.4873417721518987,208.25,91.25,211.0,2.3123287671232875,0.23222748815165878,0.23222748815165878,False,True,False,False,broken,broken_up,False,True,True,True,True,False,True,0.7997630331753555,33,0.1
MNQ,2024-03-01,18096.5,18196.75,18093.5,18180.0,277750,60,2024-03-01T14:30:00+00:00,2024-03-01T15:29:00+00:00,18143.32522892289,18071.5,18162.75,18030.25,18096.5,293452,930,2024-02-29T23:00:00+00:00,2024-03-01T14:29:00+00:00,18180.0,18372.5,18144.25,18334.75,653614,330,2024-03-01T15:30:00+00:00,2024-03-01T20:59:00+00:00,168,324,0.5201238390092879,132.5,103.25,228.25,2.2106537530266346,0.6779846659364732,0.6779846659364732,False,True,False,False,broken,broken_up,False,True,False,True,True,False,True,0.8646953405017921,0,0.0
MNQ,2024-03-04,18330.0,18335.0,18280.0,18290.25,199915,60,2024-03-04T14:30:00+00:00,2024-03-04T15:29:00+00:00,18302.950256775795,18335.0,18378.25,18310.25,18330.0,194553,930,2024-03-03T23:00:00+00:00,2024-03-04T14:29:00+00:00,18290.25,18346.75,18252.0,18258.25,494552,330,2024-03-04T15:30:00+00:00,2024-03-04T20:59:00+00:00,171,322,0.5327102803738317,68.0,55.0,94.75,1.7227272727272727,0.33773087071240104,-0.33773087071240104,False,False,True,False,broken,broken_down,False,True,True,True,False,True,True,0.06596306068601583,66,0.2
MNQ,2024-03-05,18133.75,18135.0,17952.0,17961.75,340250,60,2024-03-05T14:30:00+00:00,2024-03-05T15:29:00+00:00,18040.276771001718,18248.5,18254.0,18107.25,18133.75,302429,930,2024-03-04T23:00:00+00:00,2024-03-05T14:29:00+00:00,17962.0,17979.0,17832.5,17931.75,727266,330,2024-03-05T15:30:00+00:00,2024-03-05T20:59:00+00:00,156,323,0.484472049689441,146.75,183.0,146.5,0.8005464480874317,0.20648464163822525,-0.20648464163822525,False,False,True,False,broken,broken_down,False,False,True,True,False,True,True,0.328099173553719,0,0.0
MNQ,2024-03-06,18104.0,18126.25,17963.5,18017.25,327930,60,2024-03-06T14:30:00+00:00,2024-03-06T15:29:00+00:00,18047.107073409974,17982.0,18106.0,17942.5,18104.0,261580,930,2024-03-05T23:00:00+00:00,2024-03-06T14:29:00+00:00,18017.25,18174.25,17984.25,18044.5,946201,330,2024-03-06T15:30:00+00:00,2024-03-06T20:59:00+00:00,159,326,0.48923076923076925,163.5,162.75,190.0,1.1674347158218126,0.14342105263157895,0.14342105263157895,False,True,False,False,broken,broken_up,False,True,False,True,True,False,True,0.38434163701067614,48,0.14545454545454545
MNQ,2024-03-07,18182.25,18238.75,18119.0,18237.75,310518,60,2024-03-07T14:30:00+00:00,2024-03-07T15:29:00+00:00,18191.30316438982,18040.0,18188.25,17915.5,18182.25,346308,930,2024-03-06T23:00:00+00:00,2024-03-07T14:29:00+00:00,18237.5,18360.0,18218.5,18308.75,643405,330,2024-03-07T15:30:00+00:00,2024-03-07T20:59:00+00:00,159,317,0.5031645569620253,272.75,119.75,141.5,1.1816283924843425,0.5035335689045937,0.5035335689045937,False,True,False,False,broken,broken_up,False,True,False,True,True,False,True,0.7873443983402489,0,0.0
MNQ,2024-03-08,18318.5,18434.5,18288.0,18427.75,271099,60,2024-03-08T14:30:00+00:00,2024-03-08T15:29:00+00:00,18363.80236494172,18275.0,18375.5,18211.0,18318.5,367916,930,2024-03-07T23:00:00+00:00,2024-03-08T14:29:00+00:00,18428.0,18436.25,18012.25,18040.0,1150408,330,2024-03-08T15:30:00+00:00,2024-03-08T20:59:00+00:00,164,323,0.5093167701863354,164.5,146.5,424.0,2.89419795221843,0.9150943396226415,-0.9150943396226415,False,True,False,False,broken,broken_up,False,True,True,True,True,True,True,0.06544811320754718,10,0.030303030303030304
MNQ,2024-03-11,18224.75,18249.0,18137.75,18175.25,209538,60,2024-03-11T13:30:00+00:00,2024-03-11T14:29:00+00:00,18187.460400181986,18058.0,18304.0,17974.75,18224.75,213350,930,2024-03-10T22:00:00+00:00,2024-03-11T13:29:00+00:00,18175.0,18271.5,18162.5,18215.25,408429,330,2024-03-11T14:30:00+00:00,2024-03-11T19:59:00+00:00,160,320,0.5015673981191222,329.25,111.25,109.0,0.9797752808988764,0.36926605504587157,0.36926605504587157,True,False,False,False,trapped,trapped,False,True,False,True,False,False,False,0.5794392523364486,20,0.06060606060606061
MNQ,2024-03-12,18311.25,18367.0,18174.0,18364.25,308381,60,2024-03-12T13:30:00+00:00,2024-03-12T14:29:00+00:00,18271.918334516933,18256.25,18381.0,18200.0,18311.25,307358,930,2024-03-11T22:00:00+00:00,2024-03-12T13:29:00+00:00,18364.5,18491.0,18323.25,18475.75,575678,330,2024-03-12T14:30:00+00:00,2024-03-12T19:59:00+00:00,175,320,0.54858934169279,181.0,193.0,167.75,0.8691709844559585,0.6631892697466468,0.6631892697466468,False,False,True,False,broken,broken_down,False,True,False,True,True,False,True,0.9518927444794952,0,0.0
MNQ,2024-03-13,18428.25,18429.5,18303.0,18341.75,317922,60,2024-03-13T13:30:00+00:00,2024-03-13T14:29:00+00:00,18357.94924252909,18470.5,18506.75,18412.0,18428.25,207757,930,2024-03-12T22:00:00+00:00,2024-03-13T13:29:00+00:00,18342.0,18404.5,18281.5,18330.75,719512,330,2024-03-13T14:30:00+00:00,2024-03-13T19:59:00+00:00,163,319,0.5125786163522013,94.75,126.5,123.0,0.9723320158102767,0.09146341463414634,-0.09146341463414634,False,False,True,False,broken,broken_down,False,False,True,True,False,True,True,0.3327702702702703,28,0.08484848484848485
MNQ,2024-03-14,18375.0,18398.0,18203.5,18313.0,378309,60,2024-03-14T13:30:00+00:00,2024-03-14T14:29:00+00:00,18299.299045224936,18341.25,18428.25,18340.25,18375.0,236490,930,2024-03-13T22:00:00+00:00,2024-03-14T13:29:00+00:00,18313.0,18342.0,18161.25,18278.25,828821,330,2024-03-14T14:30:00+00:00,2024-03-14T19:59:00+00:00,161,325,0.49691358024691357,88.0,194.5,180.75,0.929305912596401,0.19225449515905949,-0.19225449515905949,False,False,True,False,broken,broken_down,False,False,True,True,False,True,True,0.4941921858500528,49,0.1484848484848485
MNQ,2024-03-15,18152.25,18174.75,18029.25,18106.25,367524,60,2024-03-15T13:30:00+00:00,2024-03-15T14:29:00+00:00,18103.46235098479,18251.0,18323.0,18130.25,18152.0,301976,930,2024-03-14T22:00:00+00:00,2024-03-15T13:29:00+00:00,18106.75,18171.25,18006.25,18058.25,749168,330,2024-03-15T14:30:00+00:00,2024-03-15T19:59:00+00:00,168,325,0.5185185185185185,192.75,145.5,165.0,1.134020618556701,0.29393939393939394,-0.29393939393939394,False,False,True,False,broken,broken_down,False,False,True,True,False,True,True,0.3086053412462908,14,0.04242424242424243
MNQ,2024-03-18,18284.5,18380.75,18277.5,18372.25,353472,60,2024-03-18T13:30:00+00:00,2024-03-18T14:29:00+00:00,18326.673853468827,18072.75,18296.0,18062.25,18283.75,299941,930,2024-03-17T22:00:00+00:00,2024-03-18T13:29:00+00:00,18372.5,18380.0,18219.0,18229.25,750509,330,2024-03-18T14:30:00+00:00,2024-03-18T19:59:00+00:00,165,323,0.5124223602484472,233.75,103.25,161.0,1.5593220338983051,0.889751552795031,-0.889751552795031,False,True,False,False,broken,broken_up,False,False,True,True,False,False,False,0.0633693972179289,2,0.006060606060606061
MNQ,2024-03-19,18143.5,18152.75,18053.25,18075.5,330061,60,2024-03-19T13:30:00+00:00,2024-03-19T14:29:00+00:00,18095.999958341035,18224.0,18252.75,18077.75,18143.5,371241,930,2024-03-18T22:00:00+00:00,2024-03-19T13:29:00+00:00,18075.25,18289.5,18067.5,18270.0,686923,330,2024-03-19T14:30:00+00:00,2024-03-19T19:59:00+00:00,157,319,0.4937106918238994,175.0,99.5,222.0,2.2311557788944723,0.8772522522522522,0.8772522522522522,False,False,True,False,broken,broken_down,False,True,False,True,True,False,True,0.9174603174603174,3,0.00909090909090909
MNQ,2024-03-20,18318.0,18334.75,18245.75,18296.25,241344,60,2024-03-20T13:30:00+00:00,2024-03-20T14:29:00+00:00,18279.399814510954,18275.0,18331.0,18227.5,18317.75,230478,930,2024-03-19T22:00:00+00:00,2024-03-20T13:29:00+00:00,18296.0,18497.75,18244.0,18484.5,810650,330,2024-03-20T14:30:00+00:00,2024-03-20T19:59:00+00:00,155,320,0.48589341692789967,103.5,89.0,253.75,2.851123595505618,0.7428571428571429,0.7428571428571429,False,True,False,False,broken,broken_up,False,True,True,True,True,False,True,0.9477832512315271,38,0.11515151515151516
MNQ,2024-03-21,18687.75,18708.5,18625.75,18659.0,306084,60,2024-03-21T13:30:00+00:00,2024-03-21T14:29:00+00:00,18662.02336341222,18537.0,18696.0,18526.5,18687.75,288609,930,2024-03-20T22:00:00+00:00,2024-03-21T13:29:00+00:00,18659.5,18707.5,18552.25,18558.75,809259,330,2024-03-21T14:30:00+00:00,2024-03-21T19:59:00+00:00,157,322,0.48909657320872274,169.5,82.75,155.25,1.8761329305135952,0.6489533011272142,-0.6489533011272142,False,True,False,False,broken,broken_up,False,False,True,True,False,False,False,0.0416,24,0.07272727272727272
MNQ,2024-03-22,18537.5,18565.25,18500.25,18533.0,260489,60,2024-03-22T13:30:00+00:00,2024-03-22T14:29:00+00:00,18531.53015866313,18579.5,18606.25,18492.75,18537.25,300268,930,2024-03-21T22:00:00+00:00,2024-03-22T13:29:00+00:00,18533.25,18626.0,18501.75,18572.25,625089,330,2024-03-22T14:30:00+00:00,2024-03-22T19:59:00+00:00,166,322,0.5171339563862928,113.5,65.0,124.25,1.9115384615384616,0.31388329979879276,0.31388329979879276,True,False,False,False,trapped,trapped,False,True,False,True,True,False,True,0.5725646123260437,7,0.021212121212121213
MNQ,2024-03-25,18458.75,18542.25,18415.0,18513.0,285906,60,2024-03-25T13:30:00+00:00,2024-03-25T14:29:00+00:00,18476.398222667594,18566.75,18601.25,18456.75,18458.75,254635,930,2024-03-24T22:00:00+00:00,2024-03-25T13:29:00+00:00,18512.75,18571.75,18499.0,18509.75,520649,330,2024-03-25T14:30:00+00:00,2024-03-25T19:59:00+00:00,172,324,0.5325077399380805,144.5,127.25,72.75,0.5717092337917485,0.041237113402061855,-0.041237113402061855,False,False,True,False,broken,broken_down,False,True,False,True,False,False,False,0.6044657097288676,0,0.0
MNQ,2024-03-26,18568.75,18609.25,18547.25,18555.25,229462,60,2024-03-26T13:30:00+00:00,2024-03-26T14:29:00+00:00,18582.747475616878,18534.0,18618.75,18516.75,18568.5,244569,930,2024-03-25T22:00:00+00:00,2024-03-26T13:29:00+00:00,18555.5,18588.75,18439.25,18450.5,576380,330,2024-03-26T14:30:00+00:00,2024-03-26T19:59:00+00:00,175,316,0.5555555555555556,102.0,62.0,149.5,2.411290322580645,0.7023411371237458,-0.7023411371237458,True,False,False,False,trapped,trapped,False,False,True,True,False,True,True,0.0661764705882353,3,0.00909090909090909
MNQ,2024-03-27,18566.25,18572.0,18378.5,18414.75,354177,60,2024-03-27T13:30:00+00:00,2024-03-27T14:29:00+00:00,18460.590910288734,18478.0,18572.25,18468.0,18566.5,211898,930,2024-03-26T22:00:00+00:00,2024-03-27T13:29:00+00:00,18414.75,18508.0,18390.0,18507.0,634994,330,2024-03-27T14:30:00+00:00,2024-03-27T19:59:00+00:00,169,319,0.5314465408805031,104.25,193.5,118.0,0.6098191214470284,0.7817796610169492,0.7817796610169492,False,False,True,False,broken,broken_down,False,False,False,False,False,False,False,0.6640826873385013,2,0.006060606060606061
MNQ,2024-03-28,18500.0,18539.25,18457.0,18490.5,244711,60,2024-03-28T13:30:00+00:00,2024-03-28T14:29:00+00:00,18500.57805976574,18506.0,18527.75,18459.25,18500.0,235300,930,2024-03-27T22:00:00+00:00,2024-03-28T13:29:00+00:00,18490.5,18518.75,18447.75,18462.75,526168,330,2024-03-28T14:30:00+00:00,2024-03-28T19:59:00+00:00,162,322,0.5046728971962616,68.5,82.25,71.0,0.8632218844984803,0.3908450704225352,-0.3908450704225352,False,True,True,True,broken,broken_both,False,False,True,True,False,True,True,0.16393442622950818,41,0.12424242424242424
MNQ,2024-04-01,18500.75,18607.25,18482.25,18535.0,298076,60,2024-04-01T13:30:00+00:00,2024-04-01T14:29:00+00:00,18562.971840794515,18500.0,18611.75,18478.25,18500.75,259472,930,2024-03-31T22:00:00+00:00,2024-04-01T13:29:00+00:00,18535.25,18541.75,18414.5,18495.0,641402,330,2024-04-01T14:30:00+00:00,2024-04-01T19:59:00+00:00,161,322,0.5015576323987538,133.5,125.0,127.25,1.018,0.3163064833005894,-0.3163064833005894,True,False,False,False,trapped,trapped,True,False,True,True,False,True,True,0.4176394293125811,0,0.0
MNQ,2024-04-02,18287.5,18292.25,18201.0,18238.5,281085,60,2024-04-02T13:30:00+00:00,2024-04-02T14:29:00+00:00,18245.299825971975,18497.75,18514.0,18268.75,18287.5,342693,930,2024-04-01T22:00:00+00:00,2024-04-02T13:29:00+00:00,18238.5,18345.75,18207.0,18330.75,554647,330,2024-04-02T14:30:00+00:00,2024-04-02T19:59:00+00:00,173,319,0.5440251572327044,245.25,91.25,138.75,1.5205479452054795,0.6648648648648648,0.6648648648648648,False,False,True,False,broken,broken_down,False,True,False,True,False,False,False,0.8963730569948186,22,0.06666666666666667
MNQ,2024-04-03,18240.75,18418.25,18239.0,18409.25,260907,60,2024-04-03T13:30:00+00:00,2024-04-03T14:29:00+00:00,18325.23967416232,18347.75,18347.75,18232.75,18241.25,296273,930,2024-04-02T22:00:00+00:00,2024-04-03T13:29:00+00:00,18409.25,18452.0,18303.25,18370.75,693825,330,2024-04-03T14:30:00+00:00,2024-04-03T19:59:00+00:00,170,322,0.5295950155763239,115.0,179.25,148.75,0.8298465829846583,0.25882352941176473,-0.25882352941176473,False,True,False,False,broken,broken_up,False,True,False,True,True,False,True,0.6185446009389671,3,0.00909090909090909
MNQ,2024-04-04,18541.5,18568.25,18486.75,18509.25,215609,60,2024-04-04T13:30:00+00:00,2024-04-04T14:29:00+00:00,18526.538276463416,18389.0,18552.0,18377.75,18541.75,251221,930,2024-04-03T22:00:00+00:00,2024-04-04T13:29:00+00:00,18509.5,18566.5,18062.5,18075.75,962043,330,2024-04-04T14:30:00+00:00,2024-04-04T19:59:00+00:00,175,322,0.5451713395638629,174.25,81.5,504.0,6.184049079754601,0.8606150793650794,-0.8606150793650794,False,True,False,False,broken,broken_up,False,False,True,True,False,True,True,0.02619871478002966,9,0.02727272727272727
MNQ,2024-04-05,18138.25,18253.25,18102.5,18203.0,342831,60,2024-04-05T13:30:00+00:00,2024-04-05T14:29:00+00:00,18186.617224424474,18088.0,18190.5,18043.5,18138.5,428056,930,2024-04-04T22:00:00+00:00,2024-04-05T13:29:00+00:00,18203.5,18407.75,18192.25,18293.25,981858,330,2024-04-05T14:30:00+00:00,2024-04-05T19:59:00+00:00,157,325,0.4845679012345679,147.0,150.75,215.5,1.429519071310116,0.41647331786542924,0.41647331786542924,False,True,False,False,broken,broken_up,False,True,False,True,True,False,True,0.6248976248976249,0,0.0
MNQ,2024-04-08,18330.25,18341.5,18237.75,18340.0,317316,60,2024-04-08T13:30:00+00:00,2024-04-08T14:29:00+00:00,18295.675725722416,18346.5,18373.5,18247.25,18329.75,357862,930,2024-04-07T22:00:00+00:00,2024-04-08T13:29:00+00:00,18339.75,18377.5,18252.25,18297.25,647005,330,2024-04-08T14:30:00+00:00,2024-04-08T19:59:00+00:00,158,320,0.4952978056426332,126.25,103.75,125.25,1.2072289156626506,0.3393213572854291,-0.3393213572854291,False,False,True,False,broken,broken_down,False,True,False,True,True,False,True,0.4257602862254025,61,0.18484848484848485
MNQ,2024-04-09,18391.0,18405.0,18270.5,18282.5,330952,60,2024-04-09T13:30:00+00:00,2024-04-09T14:29:00+00:00,18356.78564590434,18317.0,18395.5,18253.75,18391.5,281347,930,2024-04-08T22:00:00+00:00,2024-04-09T13:29:00+00:00,18282.5,18365.0,18160.25,18362.25,966802,330,2024-04-09T14:30:00+00:00,2024-04-09T19:59:00+00:00,160,321,0.5,141.75,134.5,204.75,1.5223048327137547,0.3894993894993895,0.3894993894993895,False,True,False,False,broken,broken_up,False,False,True,True,False,True,True,0.8253319713993871,1,0.0030303030303030303
MNQ,2024-04-10,18140.0,18208.25,18107.25,18177.25,376006,60,2024-04-10T13:30:00+00:00,2024-04-10T14:29:00+00:00,18164.962051802366,18384.0,18470.0,18054.0,18139.75,436289,930,2024-04-09T22:00:00+00:00,2024-04-10T13:29:00+00:00,18178.5,18232.25,18114.0,18191.5,884680,330,2024-04-10T14:30:00+00:00,2024-04-10T19:59:00+00:00,169,322,0.5264797507788161,416.0,101.0,118.25,1.1707920792079207,0.10993657505285412,0.10993657505285412,True,False,False,False,trapped,trapped,False,True,False,True,False,False,False,0.674,60,0.18181818181818182
MNQ,2024-04-11,18265.25,18274.25,18169.0,18209.0,365943,60,2024-04-11T13:30:00+00:00,2024-04-11T14:29:00+00:00,18235.155146202185,18190.75,18286.25,18085.0,18265.0,417753,930,2024-04-10T22:00:00+00:00,2024-04-11T13:29:00+00:00,18209.25,18519.25,18202.0,18481.75,753897,330,2024-04-11T14:30:00+00:00,2024-04-11T19:59:00+00:00,175,325,0.5401234567901234,201.25,105.25,317.25,3.014251781472684,0.8589440504334122,0.8589440504334122,True,False,False,False,trapped,trapped,False,True,False,True,True,False,True,0.892933618843683,8,0.024242424242424242
MNQ,2024-04-12,18296.75,18343.25,18258.75,18275.0,291225,60,2024-04-12T13:30:00+00:00,2024-04-12T14:29:00+00:00,18302.65115746702,18485.5,18507.75,18274.25,18296.5,374987,930,2024-04-11T22:00:00+00:00,2024-04-12T13:29:00+00:00,18274.75,18291.5,18120.0,18181.5,911663,330,2024-04-12T14:30:00+00:00,2024-04-12T19:59:00+00:00,168,325,0.5185185185185185,233.5,84.5,171.5,2.029585798816568,0.543731778425656,-0.543731778425656,False,False,True,False,broken,broken_down,False,False,True,True,False,True,True,0.27547592385218367,0,0.0
MNQ,2024-04-15,18335.25,18339.0,18191.0,18228.5,300851,60,2024-04-15T13:30:00+00:00,2024-04-15T14:29:00+00:00,18269.634136998047,18151.75,18351.0,18147.5,18335.75,401224,930,2024-04-14T22:00:00+00:00,2024-04-15T13:29:00+00:00,18229.0,18249.25,17841.5,17876.0,931401,330,2024-04-15T14:30:00+00:00,2024-04-15T19:59:00+00:00,169,325,0.5216049382716049,203.5,148.0,407.75,2.7550675675675675,0.8657265481299816,-0.8657265481299816,True,False,False,False,trapped,trapped,False,False,True,True,False,True,True,0.06934673366834171,0,0.0
MNQ,2024-04-16,17867.75,17931.0,17822.0,17859.0,308366,60,2024-04-16T13:30:00+00:00,2024-04-16T14:29:00+00:00,17876.63323210082,17882.0,17918.0,17791.25,17868.0,454437,930,2024-04-15T22:00:00+00:00,2024-04-16T13:29:00+00:00,17858.5,17988.0,17818.0,17876.75,926275,330,2024-04-16T14:30:00+00:00,2024-04-16T19:59:00+00:00,171,324,0.5294117647058824,126.75,109.0,170.0,1.5596330275229358,0.10735294117647058,0.10735294117647058,False,True,False,False,broken,broken_up,False,True,True,True,True,False,True,0.34558823529411764,43,0.1303030303030303
MNQ,2024-04-17,17957.25,17959.5,17808.5,17849.5,311219,60,2024-04-17T13:30:00+00:00,2024-04-17T14:29:00+00:00,17883.833414198147,17897.75,17968.25,17778.0,17957.5,396936,930,2024-04-16T22:00:00+00:00,2024-04-17T13:29:00+00:00,17849.5,17858.75,17616.0,17654.5,1042172,330,2024-04-17T14:30:00+00:00,2024-04-17T19:59:00+00:00,175,328,0.5351681957186545,190.25,151.0,242.75,1.6076158940397351,0.8032955715756952,-0.8032955715756952,True,False,False,False,trapped,trapped,True,False,True,True,False,True,True,0.11208151382823872,0,0.0
MNQ,2024-04-18,17673.0,17678.75,17551.0,17652.25,327267,60,2024-04-18T13:30:00+00:00,2024-04-18T14:29:00+00:00,17619.144336275884,17674.0,17771.0,17663.25,17673.25,323567,930,2024-04-17T22:00:00+00:00,2024-04-18T13:29:00+00:00,17652.25,17746.0,17522.0,17545.0,916830,330,2024-04-18T14:30:00+00:00,2024-04-18T19:59:00+00:00,167,326,0.5138461538461538,107.75,127.75,224.0,1.7534246575342465,0.47879464285714285,-0.47879464285714285,False,False,True,False,broken,broken_down,False,True,True,True,False,True,True,0.10267857142857142,12,0.03636363636363636
MNQ,2024-04-19,17494.5,17516.25,17341.5,17376.25,351380,60,2024-04-19T13:30:00+00:00,2024-04-19T14:29:00+00:00,17441.177101476085,17530.0,17552.5,17180.25,17494.5,725813,930,2024-04-18T22:00:00+00:00,2024-04-19T13:29:00+00:00,17376.5,17423.0,17113.75,17182.25,975402,330,2024-04-19T14:30:00+00:00,2024-04-19T19:59:00+00:00,151,319,0.4748427672955975,372.25,174.75,309.25,1.7696709585121602,0.6281325788197252,-0.6281325788197252,True,False,False,False,trapped,trapped,False,False,True,True,False,True,True,0.1701863354037267,0,0.0
MNQ,2024-04-22,17288.5,17331.5,17182.75,17193.5,319398,60,2024-04-22T13:30:00+00:00,2024-04-22T14:29:00+00:00,17275.8946786872,17228.25,17314.5,17196.0,17288.75,313832,930,2024-04-21T22:00:00+00:00,2024-04-22T13:29:00+00:00,17193.5,17448.0,17148.75,17350.75,784127,330,2024-04-22T14:30:00+00:00,2024-04-22T19:59:00+00:00,168,325,0.5185185185185185,118.5,148.75,299.25,2.011764705882353,0.5254803675856308,0.5254803675856308,False,True,True,True,broken,broken_both,False,True,True,True,True,True,True,0.6750208855472013,10,0.030303030303030304
MNQ,2024-04-23,17428.75,17570.75,17413.5,17565.25,325972,60,2024-04-23T13:30:00+00:00,2024-04-23T14:29:00+00:00,17490.605713578672,17350.0,17437.25,17285.5,17428.25,290883,930,2024-04-22T22:00:00+00:00,2024-04-23T13:29:00+00:00,17565.25,17656.5,17541.0,17608.0,631621,330,2024-04-23T14:30:00+00:00,2024-04-23T19:59:00+00:00,174,326,0.5353846153846153,151.75,157.25,115.5,0.7344992050874404,0.37012987012987014,0.37012987012987014,False,True,False,False,broken,broken_up,False,True,False,True,True,False,True,0.8004115226337448,0,0.0
MNQ,2024-04-24,17731.0,17795.75,17711.75,17727.75,336351,60,2024-04-24T13:30:00+00:00,2024-04-24T14:29:00+00:00,17748.920465030085,17680.25,17754.25,17664.0,17731.0,317977,930,2024-04-23T22:00:00+00:00,2024-04-24T13:29:00+00:00,17727.75,17742.25,17567.25,17658.25,847139,330,2024-04-24T14:30:00+00:00,2024-04-24T19:59:00+00:00,171,322,0.5327102803738317,90.25,84.0,175.0,2.0833333333333335,0.39714285714285713,-0.39714285714285713,False,True,False,False,broken,broken_up,False,False,True,True,False,True,True,0.3982494529540481,0,0.0
MNQ,2024-04-25,17354.0,17447.75,17308.0,17432.25,403546,60,2024-04-25T13:30:00+00:00,2024-04-25T14:29:00+00:00,17366.649626890943,17451.5,17525.0,17331.75,17354.0,414476,930,2024-04-24T22:00:00+00:00,2024-04-25T13:29:00+00:00,17432.25,17605.5,17341.5,17567.5,841994,330,2024-04-25T14:30:00+00:00,2024-04-25T19:59:00+00:00,166,320,0.5203761755485894,193.25,139.75,264.0,1.889087656529517,0.5123106060606061,0.5123106060606061,False,False,True,False,broken,broken_down,False,True,False,True,True,False,True,0.8722689075630252,18,0.05454545454545454
MNQ,2024-04-26,17697.25,17840.5,17668.25,17795.25,330453,60,2024-04-26T13:30:00+00:00,2024-04-26T14:29:00+00:00,17771.631151026017,17811.0,17822.5,17677.5,17697.25,383206,930,2024-04-25T22:00:00+00:00,2024-04-26T13:29:00+00:00,17795.5,17901.25,17781.25,17839.25,657959,330,2024-04-26T14:30:00+00:00,2024-04-26T19:59:00+00:00,179,324,0.5541795665634675,145.0,172.25,120.0,0.6966618287373004,0.3645833333333333,0.3645833333333333,False,True,True,True,broken,broken_both,False,True,False,True,True,False,True,0.7339055793991416,0,0.0
MNQ,2024-04-29,17921.5,17949.0,17828.75,17893.75,289827,60,2024-04-29T13:30:00+00:00,2024-04-29T14:29:00+00:00,17884.097991790506,17864.5,17929.25,17852.5,17922.25,221969,930,2024-04-28T22:00:00+00:00,2024-04-29T13:29:00+00:00,17893.75,17931.5,17791.25,17905.25,610654,330,2024-04-29T14:30:00+00:00,2024-04-29T19:59:00+00:00,160,322,0.4984423676012461,76.75,120.25,140.25,1.1663201663201663,0.08199643493761141,0.08199643493761141,False,True,True,True,broken,broken_both,False,False,True,True,False,True,True,0.722662440570523,56,0.1696969696969697
MNQ,2024-04-30,17836.25,17895.0,17824.0,17826.0,262300,60,2024-04-30T13:30:00+00:00,2024-04-30T14:29:00+00:00,17857.33296956411,17912.75,17921.0,17790.5,17836.0,242171,930,2024-04-29T22:00:00+00:00,2024-04-30T13:29:00+00:00,17825.75,17878.75,17563.5,17563.5,814795,330,2024-04-30T14:30:00+00:00,2024-04-30T19:59:00+00:00,155,323,0.4813664596273292,130.5,71.0,315.25,4.440140845070423,0.8318794607454402,-0.8318794607454402,True,False,False,False,trapped,trapped,False,False,True,True,False,True,True,0.0,5,0.015151515151515152
MNQ,2024-05-01,17501.5,17517.5,17425.5,17468.0,266722,60,2024-05-01T13:30:00+00:00,2024-05-01T14:29:00+00:00,17472.62855113814,17471.5,17529.0,17412.0,17501.0,267596,930,2024-04-30T22:00:00+00:00,2024-05-01T13:29:00+00:00,17467.75,17791.75,17399.0,17431.5,1049742,330,2024-05-01T14:30:00+00:00,2024-05-01T19:59:00+00:00,163,319,0.5125786163522013,117.0,92.0,392.75,4.269021739130435,0.09229789942711648,-0.09229789942711648,True,False,False,False,trapped,trapped,False,True,True,True,True,True,True,0.08274984086569065,26,0.07878787878787878
MNQ,2024-05-02,17582.75,17602.5,17386.0,17498.0,373627,60,2024-05-02T13:30:00+00:00,2024-05-02T14:29:00+00:00,17494.685487576287,17484.0,17620.0,17484.0,17583.0,276379,930,2024-05-01T22:00:00+00:00,2024-05-02T13:29:00+00:00,17498.0,17685.75,17444.25,17648.25,768239,330,2024-05-02T14:30:00+00:00,2024-05-02T19:59:00+00:00,168,326,0.5169230769230769,136.0,216.5,241.5,1.115473441108545,0.6221532091097308,0.6221532091097308,False,False,True,False,broken,broken_down,False,True,False,True,True,False,True,0.8748957464553795,16,0.048484848484848485
MNQ,2024-05-03,17958.0,18050.0,17893.5,17943.75,308783,60,2024-05-03T13:30:00+00:00,2024-05-03T14:29:00+00:00,17955.03635616814,17745.0,17968.0,17719.0,17957.25,310186,930,2024-05-02T22:00:00+00:00,2024-05-03T13:29:00+00:00,17943.75,18028.0,17895.25,18001.5,529049,330,2024-05-03T14:30:00+00:00,2024-05-03T19:59:00+00:00,159,323,0.4937888198757764,249.0,156.5,132.75,0.8482428115015974,0.4350282485875706,0.4350282485875706,False,True,False,False,broken,broken_up,False,False,False,False,False,False,False,0.6900958466453674,10,0.030303030303030304
MNQ,2024-05-06,18074.25,18116.75,18042.5,18094.25,215065,60,2024-05-06T13:30:00+00:00,2024-05-06T14:29:00+00:00,18088.53674470509,18046.75,18078.0,17983.75,18074.25,170374,930,2024-05-05T22:00:00+00:00,2024-05-06T13:29:00+00:00,18094.75,18198.25,18067.25,18198.0,477383,330,2024-05-06T14:30:00+00:00,2024-05-06T19:59:00+00:00,173,324,0.5356037151702786,94.25,74.25,131.0,1.7643097643097643,0.7881679389312977,0.7881679389312977,False,True,False,False,broken,broken_up,False,True,False,True,True,False,True,0.9983948635634029,22,0.06666666666666667
MNQ,2024-05-07,18211.25,18236.25,18181.25,18188.5,215484,60,2024-05-07T13:30:00+00:00,2024-05-07T14:29:00+00:00,18207.736069731396,18184.75,18213.5,18150.75,18210.75,169587,930,2024-05-06T22:00:00+00:00,2024-05-07T13:29:00+00:00,18188.25,18267.75,18165.75,18196.25,563623,330,2024-05-07T14:30:00+00:00,2024-05-07T19:59:00+00:00,155,320,0.48589341692789967,62.75,55.0,102.0,1.8545454545454545,0.0784313725490196,0.0784313725490196,False,True,False,False,broken,broken_up,False,True,True,True,True,False,True,0.29901960784313725,24,0.07272727272727272
MNQ,2024-05-08,18083.75,18211.0,18079.0,18204.25,235594,60,2024-05-08T13:30:00+00:00,2024-05-08T14:29:00+00:00,18150.085182559826,18195.0,18216.5,18072.5,18084.0,198847,930,2024-05-07T22:00:00+00:00,2024-05-08T13:29:00+00:00,18204.0,18242.25,18138.25,18183.5,517881,330,2024-05-08T14:30:00+00:00,2024-05-08T19:59:00+00:00,169,316,0.5365079365079365,144.0,132.0,104.0,0.7878787878787878,0.1971153846153846,-0.1971153846153846,True,False,False,False,trapped,trapped,True,True,False,True,True,False,True,0.6401225114854517,15,0.045454545454545456
MNQ,2024-05-09,18186.75,18204.0,18108.0,18151.25,262078,60,2024-05-09T13:30:00+00:00,2024-05-09T14:29:00+00:00,18153.95929615102,18164.0,18210.75,18104.25,18187.0,201626,930,2024-05-08T22:00:00+00:00,2024-05-09T13:29:00+00:00,18151.25,18239.0,18150.75,18215.75,505628,330,2024-05-09T14:30:00+00:00,2024-05-09T19:59:00+00:00,162,321,0.50625,106.5,96.0,88.25,0.9192708333333334,0.7308781869688386,0.7308781869688386,True,False,False,False,trapped,trapped,True,True,False,True,True,False,True,0.8225190839694656,1,0.0030303030303030303
MNQ,2024-05-10,18274.25,18348.0,18225.0,18231.75,273328,60,2024-05-10T13:30:00+00:00,2024-05-10T14:29:00+00:00,18291.512049015593,18222.0,18307.0,18213.5,18274.25,186113,930,2024-05-09T22:00:00+00:00,2024-05-10T13:29:00+00:00,18231.5,18270.75,18188.25,18254.0,548727,330,2024-05-10T14:30:00+00:00,2024-05-10T19:59:00+00:00,169,322,0.5264797507788161,93.5,123.0,82.5,0.6707317073170732,0.2727272727272727,0.2727272727272727,False,True,False,False,broken,broken_up,False,False,True,True,False,True,True,0.41158059467918623,0,0.0
MNQ,2024-05-13,18332.25,18336.75,18252.25,18304.75,228660,60,2024-05-13T13:30:00+00:00,2024-05-13T14:29:00+00:00,18289.045967448026,18237.5,18335.75,18229.0,18332.0,154186,930,2024-05-12T22:00:00+00:00,2024-05-13T13:29:00+00:00,18304.75,18309.25,18234.75,18295.5,439882,330,2024-05-13T14:30:00+00:00,2024-05-13T19:59:00+00:00,183,311,0.5903225806451613,106.75,84.5,74.5,0.8816568047337278,0.12416107382550336,-0.12416107382550336,False,True,False,False,broken,broken_up,False,False,True,True,False,False,False,0.5955882352941176,62,0.18787878787878787
MNQ,2024-05-14,18274.0,18371.5,18265.25,18364.5,274005,60,2024-05-14T13:30:00+00:00,2024-05-14T14:29:00+00:00,18306.477497673397,18284.75,18308.5,18167.5,18274.0,207802,930,2024-05-13T22:00:00+00:00,2024-05-14T13:29:00+00:00,18364.25,18433.75,18283.25,18411.25,593152,330,2024-05-14T14:30:00+00:00,2024-05-14T19:59:00+00:00,164,322,0.5109034267912772,141.0,106.25,150.5,1.4164705882352941,0.3122923588039867,0.3122923588039867,False,True,False,False,broken,broken_up,False,True,False,True,True,False,True,0.8664688427299704,43,0.1303030303030303
MNQ,2024-05-15,18509.25,18542.5,18447.25,18531.0,305995,60,2024-05-15T13:30:00+00:00,2024-05-15T14:29:00+00:00,18503.20035349161,18411.0,18547.0,18392.75,18509.5,246684,930,2024-05-14T22:00:00+00:00,2024-05-15T13:29:00+00:00,18531.25,18706.75,18527.25,18693.25,561087,330,2024-05-15T14:30:00+00:00,2024-05-15T19:59:00+00:00,157,319,0.4937106918238994,154.25,95.25,179.5,1.8845144356955381,0.9025069637883009,0.9025069637883009,True,False,False,False,trapped,trapped,True,True,False,True,True,False,True,0.9479768786127167,0,0.0
MNQ,2024-05-16,18678.5,18723.0,18672.0,18716.5,212744,60,2024-05-16T13:30:00+00:00,2024-05-16T14:29:00+00:00,18697.418353749108,18694.5,18738.75,18678.5,18678.5,178142,930,2024-05-15T22:00:00+00:00,2024-05-16T13:29:00+00:00,18716.5,18760.75,18643.75,18650.75,622242,330,2024-05-16T14:30:00+00:00,2024-05-16T19:59:00+00:00,156,322,0.48598130841121495,60.25,51.0,117.0,2.2941176470588234,0.561965811965812,-0.561965811965812,False,False,True,False,broken,broken_down,False,True,True,True,True,True,True,0.05982905982905983,34,0.10303030303030303
MNQ,2024-05-17,18651.0,18667.5,18620.5,18664.5,217864,60,2024-05-17T13:30:00+00:00,2024-05-17T14:29:00+00:00,18644.401291248978,18640.0,18686.5,18617.0,18651.25,153299,930,2024-05-16T22:00:00+00:00,2024-05-17T13:29:00+00:00,18664.25,18677.0,18545.0,18638.5,529876,330,2024-05-17T14:30:00+00:00,2024-05-17T19:59:00+00:00,153,316,0.4857142857142857,69.5,47.0,132.0,2.8085106382978724,0.19507575757575757,-0.19507575757575757,True,False,False,False,trapped,trapped,False,True,True,True,False,True,True,0.7083333333333334,34,0.10303030303030303
MNQ,2024-05-20,18643.75,18757.5,18635.25,18752.5,208166,60,2024-05-20T13:30:00+00:00,2024-05-20T14:29:00+00:00,18716.8109321407,18633.75,18690.75,18631.5,18643.5,132809,930,2024-05-19T22:00:00+00:00,2024-05-20T13:29:00+00:00,18752.25,18794.5,18707.25,18766.5,457307,330,2024-05-20T14:30:00+00:00,2024-05-20T19:59:00+00:00,168,323,0.5217391304347826,59.25,122.25,87.25,0.7137014314928425,0.16332378223495703,0.16332378223495703,False,True,False,False,broken,broken_up,False,True,False,True,True,False,True,0.8241758241758241,2,0.006060606060606061
MNQ,2024-05-21,18686.25,18731.75,18678.0,18731.0,193172,60,2024-05-21T13:30:00+00:00,2024-05-21T14:29:00+00:00,18706.89122776593,18747.75,18763.5,18681.0,18686.0,155045,930,2024-05-20T22:00:00+00:00,2024-05-21T13:29:00+00:00,18730.75,18808.75,18726.75,18800.5,433208,330,2024-05-21T14:30:00+00:00,2024-05-21T19:59:00+00:00,155,317,0.49050632911392406,82.5,53.75,82.0,1.5255813953488373,0.850609756097561,0.850609756097561,False,False,True,False,broken,broken_down,False,True,False,True,True,False,True,0.9369024856596558,0,0.0
MNQ,2024-05-22,18808.0,18834.25,18789.0,18817.25,182864,60,2024-05-22T13:30:00+00:00,2024-05-22T14:29:00+00:00,18815.092700950798,18799.0,18824.0,18755.25,18808.0,140423,930,2024-05-21T22:00:00+00:00,2024-05-22T13:29:00+00:00,18816.75,18838.5,18684.0,18793.75,599611,330,2024-05-22T14:30:00+00:00,2024-05-22T19:59:00+00:00,155,314,0.4952076677316294,68.75,45.25,154.5,3.414364640883978,0.1488673139158576,-0.1488673139158576,False,True,False,False,broken,broken_up,False,True,True,True,True,True,True,0.7103559870550162,36,0.10909090909090909
MNQ,2024-05-23,18981.5,18982.5,18838.0,18893.75,362658,60,2024-05-23T13:30:00+00:00,2024-05-23T14:29:00+00:00,18896.539056539954,18854.0,19022.5,18843.0,18982.0,217321,930,2024-05-22T22:00:00+00:00,2024-05-23T13:29:00+00:00,18893.5,18933.75,18621.5,18696.5,955131,330,2024-05-23T14:30:00+00:00,2024-05-23T19:59:00+00:00,144,322,0.4485981308411215,179.5,144.5,312.25,2.160899653979239,0.6309047237790232,-0.6309047237790232,False,False,True,False,broken,broken_down,False,False,True,True,False,True,True,0.2077562326869806,21,0.06363636363636363
MNQ,2024-05-24,18762.25,18838.0,18731.75,18833.0,253966,60,2024-05-24T13:30:00+00:00,2024-05-24T14:29:00+00:00,18776.236188768053,18685.75,18772.5,18678.0,18762.25,192087,930,2024-05-23T22:00:00+00:00,2024-05-24T13:29:00+00:00,18833.25,18926.0,18813.5,18874.0,539683,330,2024-05-24T14:30:00+00:00,2024-05-24T19:59:00+00:00,158,323,0.4906832298136646,94.5,106.25,112.5,1.0588235294117647,0.3622222222222222,0.3622222222222222,False,True,False,False,broken,broken_up,False,True,False,True,True,False,True,0.7323037323037324,0,0.0
MNQ,2024-05-27,18879.25,18911.25,18876.0,18879.75,30854,60,2024-05-27T13:30:00+00:00,2024-05-27T14:29:00+00:00,18890.851288865844,18875.0,18889.0,18834.0,18879.0,84328,930,2024-05-26T22:00:00+00:00,2024-05-27T13:29:00+00:00,18879.25,18957.25,18878.0,18951.0,50212,150,2024-05-27T14:30:00+00:00,2024-05-27T16:59:00+00:00,71,140,0.5107913669064749,55.0,35.25,79.25,2.24822695035461,0.9053627760252366,0.9053627760252366,False,True,False,False,broken,broken_up,False,True,False,True,True,False,True,0.9230769230769231,1,0.006666666666666667
MNQ,2024-05-28,18920.25,18937.0,18838.75,18895.5,230787,60,2024-05-28T13:30:00+00:00,2024-05-28T14:29:00+00:00,18884.49560200531,18950.0,18980.5,18885.0,18920.25,201855,930,2024-05-27T22:00:00+00:00,2024-05-28T13:29:00+00:00,18895.75,18945.75,18819.5,18943.0,622635,330,2024-05-28T14:30:00+00:00,2024-05-28T19:59:00+00:00,154,325,0.47530864197530864,95.5,98.25,126.25,1.2849872773536897,0.37425742574257426,0.37425742574257426,False,False,True,False,broken,broken_down,False,True,True,True,False,True,True,0.9782178217821782,21,0.06363636363636363
MNQ,2024-05-29,18765.5,18867.75,18761.0,18852.0,256285,60,2024-05-29T13:30:00+00:00,2024-05-29T14:29:00+00:00,18819.498860968582,18950.0,18951.0,18755.0,18765.75,251921,930,2024-05-28T22:00:00+00:00,2024-05-29T13:29:00+00:00,18852.5,18880.0,18785.0,18811.0,569775,330,2024-05-29T14:30:00+00:00,2024-05-29T19:59:00+00:00,168,318,0.5299684542586751,196.0,106.75,95.0,0.8899297423887588,0.4368421052631579,-0.4368421052631579,True,False,False,False,trapped,trapped,True,True,False,True,False,False,False,0.42016806722689076,10,0.030303030303030304
MNQ,2024-05-30,18764.75,18769.25,18684.25,18718.5,261284,60,2024-05-30T13:30:00+00:00,2024-05-30T14:29:00+00:00,18729.2401527967,18754.0,18787.0,18657.25,18765.0,269531,930,2024-05-29T22:00:00+00:00,2024-05-30T13:29:00+00:00,18718.5,18729.0,18548.0,18604.25,682218,330,2024-05-30T14:30:00+00:00,2024-05-30T19:59:00+00:00,169,318,0.5331230283911672,129.75,85.0,181.0,2.1294117647058823,0.6312154696132597,-0.6312154696132597,True,False,False,False,trapped,trapped,False,False,True,True,False,True,True,0.2542372881355932,0,0.0
MNQ,2024-05-31,18602.0,18630.75,18416.25,18421.5,323437,60,2024-05-31T13:30:00+00:00,2024-05-31T14:29:00+00:00,18530.26780537374,18591.0,18668.0,18485.0,18602.0,342349,930,2024-05-30T22:00:00+00:00,2024-05-31T13:29:00+00:00,18421.0,18601.0,18241.25,18598.75,912977,330,2024-05-31T14:30:00+00:00,2024-05-31T19:59:00+00:00,145,326,0.4461538461538462,183.0,214.5,359.75,1.6771561771561772,0.49409312022237667,0.49409312022237667,False,False,True,False,broken,broken_down,False,False,True,True,False,True,True,0.9178433889602053,3,0.00909090909090909
MNQ,2024-06-03,18712.75,18755.5,18645.25,18697.5,309131,60,2024-06-03T13:30:00+00:00,2024-06-03T14:29:00+00:00,18698.799520537683,18589.25,18716.25,18539.0,18712.75,268761,930,2024-06-02T22:00:00+00:00,2024-06-03T13:29:00+00:00,18697.75,18701.5,18436.0,18652.75,828603,330,2024-06-03T14:30:00+00:00,2024-06-03T19:59:00+00:00,153,322,0.4766355140186916,177.25,110.25,265.5,2.4081632653061225,0.1694915254237288,-0.1694915254237288,False,True,False,False,broken,broken_up,False,False,True,True,False,True,True,0.6784037558685446,1,0.0030303030303030303
MNQ,2024-06-04,18638.25,18664.25,18567.75,18620.0,324373,60,2024-06-04T13:30:00+00:00,2024-06-04T14:29:00+00:00,18612.119791361587,18663.0,18677.0,18511.25,18638.0,256535,930,2024-06-03T22:00:00+00:00,2024-06-04T13:29:00+00:00,18619.75,18753.25,18570.5,18701.75,760711,330,2024-06-04T14:30:00+00:00,2024-06-04T19:59:00+00:00,153,323,0.4751552795031056,165.75,96.5,182.75,1.8937823834196892,0.4487004103967168,0.4487004103967168,True,False,False,False,trapped,trapped,False,True,False,True,True,False,True,0.7223719676549866,29,0.08787878787878788
MNQ,2024-06-05,18849.0,18894.0,18800.0,18891.5,248856,60,2024-06-05T13:30:00+00:00,2024-06-05T14:29:00+00:00,18843.695197892222,18713.75,18853.25,18695.5,18848.75,246315,930,2024-06-04T22:00:00+00:00,2024-06-05T13:29:00+00:00,18891.75,19080.0,18891.75,19077.25,605129,330,2024-06-05T14:30:00+00:00,2024-06-05T19:59:00+00:00,152,318,0.4794952681388013,157.75,94.0,188.25,2.002659574468085,0.9853917662682603,0.9853917662682603,False,True,False,False,broken,broken_up,False,True,False,True,True,False,True,0.9901785714285715,0,0.0
MNQ,2024-06-06,19103.0,19115.75,19032.25,19080.0,283600,60,2024-06-06T13:30:00+00:00,2024-06-06T14:29:00+00:00,19073.11536083686,19088.0,19124.25,19057.0,19102.75,218446,930,2024-06-05T22:00:00+00:00,2024-06-06T13:29:00+00:00,19080.5,19106.5,19017.75,19065.75,592126,330,2024-06-06T14:30:00+00:00,2024-06-06T19:59:00+00:00,160,320,0.5015673981191222,67.25,83.5,88.75,1.062874251497006,0.16619718309859155,-0.16619718309859155,False,False,True,False,broken,broken_down,False,False,True,True,False,True,True,0.4897959183673469,44,0.13333333333333333
MNQ,2024-06-07,19040.5,19064.25,18992.25,19038.5,200199,60,2024-06-07T13:30:00+00:00,2024-06-07T14:29:00+00:00,19029.785903442742,19068.0,19150.0,18940.0,19040.75,270111,930,2024-06-06T22:00:00+00:00,2024-06-07T13:29:00+00:00,19038.25,19155.25,18997.0,19040.5,757068,330,2024-06-07T14:30:00+00:00,2024-06-07T19:59:00+00:00,151,323,0.468944099378882,210.0,72.0,158.25,2.1979166666666665,0.014218009478672985,0.014218009478672985,True,False,False,False,trapped,trapped,False,True,False,True,True,False,True,0.2960122699386503,29,0.08787878787878788
MNQ,2024-06-10,18988.5,19037.75,18977.5,19035.25,214154,60,2024-06-10T13:30:00+00:00,2024-06-10T14:29:00+00:00,19005.078877038643,19026.25,19060.0,18973.25,18989.25,222565,930,2024-06-09T22:00:00+00:00,2024-06-10T13:29:00+00:00,19035.25,19129.75,19022.25,19112.5,637472,330,2024-06-10T14:30:00+00:00,2024-06-10T19:59:00+00:00,158,324,0.4891640866873065,86.75,60.25,107.5,1.7842323651452283,0.7186046511627907,0.7186046511627907,True,False,False,False,trapped,trapped,True,True,False,True,True,False,True,0.8866995073891626,0,0.0
MNQ,2024-06-11,19058.0,19091.5,18994.75,19086.75,253763,60,2024-06-11T13:30:00+00:00,2024-06-11T14:29:00+00:00,19049.873369049074,19106.0,19113.5,19029.0,19057.5,182632,930,2024-06-10T22:00:00+00:00,2024-06-11T13:29:00+00:00,19087.0,19247.25,19063.0,19242.5,596685,330,2024-06-11T14:30:00+00:00,2024-06-11T19:59:00+00:00,162,322,0.5046728971962616,84.5,96.75,184.25,1.9043927648578811,0.8439620081411127,0.8439620081411127,False,False,True,False,broken,broken_down,False,True,False,True,True,False,True,0.9811881188118812,0,0.0
MNQ,2024-06-12,19401.75,19544.0,19374.5,19543.25,238437,60,2024-06-12T13:30:00+00:00,2024-06-12T14:29:00+00:00,19475.35884496394,19250.0,19458.5,19232.0,19401.75,233720,930,2024-06-11T22:00:00+00:00,2024-06-12T13:29:00+00:00,19543.25,19588.5,19433.0,19491.75,734709,330,2024-06-12T14:30:00+00:00,2024-06-12T19:59:00+00:00,158,326,0.48615384615384616,226.5,169.5,155.5,0.9174041297935103,0.3311897106109325,-0.3311897106109325,False,True,False,False,broken,broken_up,False,True,False,True,True,False,True,0.5478971962616822,15,0.045454545454545456
MNQ,2024-06-13,19636.75,19663.75,19534.75,19574.25,288844,60,2024-06-13T13:30:00+00:00,2024-06-13T14:29:00+00:00,19613.851896987067,19603.5,19690.0,19582.5,19636.25,288104,930,2024-06-12T22:00:00+00:00,2024-06-13T13:29:00+00:00,19574.25,19632.75,19500.0,19593.0,657695,330,2024-06-13T14:30:00+00:00,2024-06-13T19:59:00+00:00,156,323,0.484472049689441,107.5,129.0,132.75,1.0290697674418605,0.14124293785310735,0.14124293785310735,False,False,True,False,broken,broken_down,False,False,True,True,False,True,True,0.5679389312977099,11,0.03333333333333333
MNQ,2024-06-14,19577.75,19649.0,19557.0,19624.25,246421,60,2024-06-14T13:30:00+00:00,2024-06-14T14:29:00+00:00,19609.269289819724,19602.5,19659.25,19501.5,19577.75,352634,930,2024-06-13T22:00:00+00:00,2024-06-14T13:29:00+00:00,19624.25,19691.25,19563.25,19687.5,646445,330,2024-06-14T14:30:00+00:00,2024-06-14T19:59:00+00:00,143,323,0.4440993788819876,157.75,92.0,128.0,1.391304347826087,0.494140625,0.494140625,True,False,False,False,trapped,trapped,False,True,False,True,True,False,True,0.9720670391061452,20,0.06060606060606061
MNQ,2024-06-17,19958.0,19984.0,19904.0,19947.5,169150,60,2024-06-17T13:30:00+00:00,2024-06-17T14:29:00+00:00,19948.691258252045,19696.0,20012.75,19670.0,19957.75,147222,930,2024-06-16T22:00:00+00:00,2024-06-17T13:29:00+00:00,19947.75,20271.5,19945.25,20197.0,486046,330,2024-06-17T14:30:00+00:00,2024-06-17T19:59:00+00:00,165,326,0.5076923076923077,342.75,80.0,326.25,4.078125,0.7639846743295019,0.7639846743295019,True,False,False,False,trapped,trapped,False,True,False,True,True,False,True,0.7972789115646258,2,0.006060606060606061
MNQ,2024-06-18,20191.75,20219.25,20164.25,20180.0,180376,60,2024-06-18T13:30:00+00:00,2024-06-18T14:29:00+00:00,20190.774250269806,20186.0,20270.0,20158.0,20191.5,189291,930,2024-06-17T22:00:00+00:00,2024-06-18T13:29:00+00:00,20179.5,20229.0,20127.0,20200.25,477332,330,2024-06-18T14:30:00+00:00,2024-06-18T19:59:00+00:00,179,320,0.5611285266457681,112.0,55.0,102.0,1.8545454545454545,0.2034313725490196,0.2034313725490196,True,False,False,False,trapped,trapped,False,True,True,True,False,True,True,0.7181372549019608,68,0.20606060606060606
MNQ,2024-06-19,20242.75,20252.25,20235.0,20235.5,24878,60,2024-06-19T13:30:00+00:00,2024-06-19T14:29:00+00:00,20241.418153924486,20204.0,20250.5,20203.0,20242.75,88307,930,2024-06-18T22:00:00+00:00,2024-06-19T13:29:00+00:00,20235.25,20248.0,20223.5,20230.75,37005,150,2024-06-19T14:30:00+00:00,2024-06-19T16:59:00+00:00,69,132,0.5267175572519084,47.5,17.25,24.5,1.4202898550724639,0.1836734693877551,-0.1836734693877551,False,True,False,False,broken,broken_up,False,False,True,True,False,False,False,0.25217391304347825,22,0.14666666666666667
MNQ,2024-06-20,20245.5,20263.5,20118.25,20166.75,276877,60,2024-06-20T13:30:00+00:00,2024-06-20T14:29:00+00:00,20201.384302415878,20231.0,20371.5,20226.5,20246.5,237115,930,2024-06-19T22:00:00+00:00,2024-06-20T13:29:00+00:00,20167.0,20229.0,19958.5,20035.25,917304,330,2024-06-20T14:30:00+00:00,2024-06-20T19:59:00+00:00,154,328,0.4709480122324159,145.0,145.25,270.5,1.8623063683304648,0.48706099815157117,-0.48706099815157117,False,False,True,False,broken,broken_down,False,False,True,True,False,True,True,0.25163934426229506,11,0.03333333333333333
MNQ,2024-06-21,20017.0,20027.75,19914.0,19964.5,272525,60,2024-06-21T13:30:00+00:00,2024-06-21T14:29:00+00:00,19972.85679295478,20044.0,20085.5,19947.5,20017.25,275102,930,2024-06-20T22:00:00+00:00,2024-06-21T13:29:00+00:00,19965.0,20073.0,19942.75,19975.25,642616,330,2024-06-21T14:30:00+00:00,2024-06-21T19:59:00+00:00,161,325,0.49691358024691357,138.0,113.75,130.25,1.145054945054945,0.07869481765834933,0.07869481765834933,False,False,True,False,broken,broken_down,False,True,False,True,False,False,False,0.38522012578616355,23,0.0696969696969697
MNQ,2024-06-24,19922.0,19995.5,19866.75,19892.5,296600,60,2024-06-24T13:30:00+00:00,2024-06-24T14:29:00+00:00,19935.280822094854,20014.25,20030.0,19895.5,19922.5,281568,930,2024-06-23T22:00:00+00:00,2024-06-24T13:29:00+00:00,19892.5,19941.5,19740.5,19745.0,830138,330,2024-06-24T14:30:00+00:00,2024-06-24T19:59:00+00:00,181,326,0.556923076923077,134.5,128.75,201.0,1.5611650485436894,0.7338308457711443,-0.7338308457711443,False,False,True,False,broken,broken_down,False,False,True,True,False,True,True,0.01764705882352941,5,0.015151515151515152
MNQ,2024-06-25,19830.25,19897.75,19792.25,19880.75,273770,60,2024-06-25T13:30:00+00:00,2024-06-25T14:29:00+00:00,19846.639957202522,19758.5,19851.0,19725.25,19830.25,254163,930,2024-06-24T22:00:00+00:00,2024-06-25T13:29:00+00:00,19880.75,19981.0,19837.5,19967.25,671014,330,2024-06-25T14:30:00+00:00,2024-06-25T19:59:00+00:00,165,324,0.5108359133126935,125.75,105.5,143.5,1.3601895734597156,0.6027874564459931,0.6027874564459931,False,True,False,False,broken,broken_up,False,True,False,True,True,False,True,0.9271523178807947,3,0.00909090909090909
MNQ,2024-06-26,19929.0,20024.0,19918.5,19959.75,259342,60,2024-06-26T13:30:00+00:00,2024-06-26T14:29:00+00:00,19972.49563189405,19972.0,20070.5,19901.0,19929.0,289522,930,2024-06-25T22:00:00+00:00,2024-06-26T13:29:00+00:00,19959.25,20028.0,19912.0,20005.0,697517,330,2024-06-26T14:30:00+00:00,2024-06-26T19:59:00+00:00,157,320,0.49216300940438873,169.5,105.5,116.0,1.099526066350711,0.39439655172413796,0.39439655172413796,True,False,False,False,trapped,trapped,False,True,True,True,False,False,False,0.8017241379310345,84,0.2545454545454545
MNQ,2024-06-27,19990.5,20116.5,19989.75,20080.5,335835,60,2024-06-27T13:30:00+00:00,2024-06-27T14:29:00+00:00,20064.62633163111,19951.0,20007.0,19873.5,19990.5,235977,930,2024-06-26T22:00:00+00:00,2024-06-27T13:29:00+00:00,20080.25,20084.5,19954.25,20047.75,716059,330,2024-06-27T14:30:00+00:00,2024-06-27T19:59:00+00:00,163,321,0.509375,133.5,126.75,130.25,1.0276134122287968,0.2495201535508637,-0.2495201535508637,False,True,False,False,broken,broken_up,False,False,True,True,False,False,False,0.576271186440678,14,0.04242424242424243
MNQ,2024-06-28,20070.25,20273.25,20039.0,20215.75,303233,60,2024-06-28T13:30:00+00:00,2024-06-28T14:29:00+00:00,20162.556660774604,20066.75,20172.75,20058.5,20071.25,277085,930,2024-06-27T22:00:00+00:00,2024-06-28T13:29:00+00:00,20215.5,20247.5,19906.0,19932.5,940637,330,2024-06-28T14:30:00+00:00,2024-06-28T19:59:00+00:00,165,327,0.5061349693251533,114.25,234.25,341.5,1.4578441835645677,0.828696925329429,-0.828696925329429,False,True,True,True,broken,broken_both,False,False,True,True,False,True,True,0.07215793056501021,2,0.006060606060606061
MNQ,2024-07-01,19971.0,19985.75,19811.5,19936.25,384487,60,2024-07-01T13:30:00+00:00,2024-07-01T14:29:00+00:00,19901.140562186323,19971.25,20020.25,19901.0,19971.25,319936,930,2024-06-30T22:00:00+00:00,2024-07-01T13:29:00+00:00,19936.0,20074.0,19863.5,20049.0,775243,330,2024-07-01T14:30:00+00:00,2024-07-01T19:59:00+00:00,164,324,0.5077399380804953,119.25,174.25,210.5,1.2080344332855093,0.5368171021377672,0.5368171021377672,False,False,True,False,broken,broken_down,False,True,False,True,True,False,True,0.9047619047619048,21,0.06363636363636363
MNQ,2024-07-02,19982.0,20096.5,19976.5,20058.75,380307,60,2024-07-02T13:30:00+00:00,2024-07-02T14:29:00+00:00,20048.331689047707,20048.0,20054.25,19909.75,19982.25,304200,930,2024-07-01T22:00:00+00:00,2024-07-02T13:29:00+00:00,20058.25,20259.5,20056.75,20256.25,681225,330,2024-07-02T14:30:00+00:00,2024-07-02T19:59:00+00:00,170,320,0.5329153605015674,144.5,120.0,202.75,1.6895833333333334,0.9765721331689272,0.9765721331689272,False,True,False,False,broken,broken_up,False,True,False,True,True,False,True,0.9885159010600707,0,0.0
MNQ,2024-07-03,20216.25,20296.5,20216.0,20260.75,258459,60,2024-07-03T13:30:00+00:00,2024-07-03T14:29:00+00:00,20262.25626695143,20243.5,20282.75,20205.0,20216.25,211102,930,2024-07-02T22:00:00+00:00,2024-07-03T13:29:00+00:00,20260.0,20435.5,20251.75,20419.0,394105,165,2024-07-03T14:30:00+00:00,2024-07-03T17:14:00+00:00,93,164,0.5705521472392638,77.75,80.5,183.75,2.282608695652174,0.8653061224489796,0.8653061224489796,False,True,False,False,broken,broken_up,False,True,False,True,True,False,True,0.9248291571753986,5,0.030303030303030304
MNQ,2024-07-04,20405.5,20406.25,20372.0,20380.25,25684,60,2024-07-04T13:30:00+00:00,2024-07-04T14:29:00+00:00,20385.784590276693,20420.0,20420.5,20390.0,20405.0,70885,930,2024-07-03T22:00:00+00:00,2024-07-04T13:29:00+00:00,20380.0,20393.5,20369.5,20381.5,34527,150,2024-07-04T14:30:00+00:00,2024-07-04T16:59:00+00:00,70,142,0.49645390070921985,30.5,34.25,24.0,0.7007299270072993,0.0625,0.0625,False,False,True,False,broken,broken_down,False,False,True,True,False,True,True,0.32653061224489793,25,0.16666666666666666
MNQ,2024-07-05,20441.5,20544.5,20428.0,20517.5,310788,60,2024-07-05T13:30:00+00:00,2024-07-05T14:29:00+00:00,20486.667627932868,20381.5,20494.75,20361.0,20441.5,214870,930,2024-07-04T22:00:00+00:00,2024-07-05T13:29:00+00:00,20517.5,20639.75,20490.25,20622.0,570200,330,2024-07-05T14:30:00+00:00,2024-07-05T19:59:00+00:00,156,323,0.484472049689441,133.75,116.5,149.5,1.2832618025751072,0.6989966555183946,0.6989966555183946,False,True,False,False,broken,broken_up,False,True,False,True,True,False,True,0.9161747343565525,0,0.0
MNQ,2024-07-08,20632.0,20654.0,20596.5,20624.25,292147,60,2024-07-08T13:30:00+00:00,2024-07-08T14:29:00+00:00,20624.22568547113,20591.0,20642.0,20579.25,20632.25,166442,930,2024-07-07T22:00:00+00:00,2024-07-08T13:29:00+00:00,20624.0,20688.25,20588.0,20666.25,584196,330,2024-07-08T14:30:00+00:00,2024-07-08T19:59:00+00:00,153,320,0.47962382445141066,62.75,57.5,100.25,1.7434782608695651,0.42144638403990026,0.42144638403990026,False,True,False,False,broken,broken_up,False,True,True,True,True,False,True,0.7805486284289277,59,0.1787878787878788
MNQ,2024-07-09,20723.0,20771.75,20693.25,20704.25,306979,60,2024-07-09T13:30:00+00:00,2024-07-09T14:29:00+00:00,20737.33971270565,20680.5,20748.75,20672.5,20723.0,190675,930,2024-07-08T22:00:00+00:00,2024-07-09T13:29:00+00:00,20704.5,20742.25,20616.0,20679.5,718835,330,2024-07-09T14:30:00+00:00,2024-07-09T19:59:00+00:00,164,320,0.5141065830721003,76.25,78.5,126.25,1.60828025477707,0.19801980198019803,-0.19801980198019803,False,True,False,False,broken,broken_up,False,False,True,True,False,True,True,0.40770465489566615,4,0.012121212121212121
MNQ,2024-07-10,20758.0,20795.75,20721.5,20772.0,272696,60,2024-07-10T13:30:00+00:00,2024-07-10T14:29:00+00:00,20761.146108976052,20687.75,20767.5,20682.0,20758.25,143175,930,2024-07-09T22:00:00+00:00,2024-07-10T13:29:00+00:00,20772.0,20917.5,20703.0,20893.75,627328,330,2024-07-10T14:30:00+00:00,2024-07-10T19:59:00+00:00,160,326,0.49230769230769234,85.5,74.25,214.5,2.888888888888889,0.5675990675990676,0.5675990675990676,False,True,False,False,broken,broken_up,False,True,True,True,True,False,True,0.8892773892773893,20,0.06060606060606061
MNQ,2024-07-11,20894.5,20902.25,20656.25,20691.75,462031,60,2024-07-11T13:30:00+00:00,2024-07-11T14:29:00+00:00,20800.921552882814,20894.75,20983.5,20853.5,20894.75,256625,930,2024-07-10T22:00:00+00:00,2024-07-11T13:29:00+00:00,20691.5,20726.5,20376.25,20429.5,1053577,330,2024-07-11T14:30:00+00:00,2024-07-11T19:59:00+00:00,149,325,0.45987654320987653,130.0,246.0,350.25,1.423780487804878,0.7480371163454675,-0.7480371163454675,False,False,True,False,broken,broken_down,False,False,True,True,False,True,True,0.10123574144486693,0,0.0
MNQ,2024-07-12,20443.25,20586.75,20425.25,20550.25,323304,60,2024-07-12T13:30:00+00:00,2024-07-12T14:29:00+00:00,20509.88091806267,20430.75,20467.5,20332.25,20444.0,262095,930,2024-07-11T22:00:00+00:00,2024-07-12T13:29:00+00:00,20550.5,20741.0,20510.0,20540.25,801255,330,2024-07-12T14:30:00+00:00,2024-07-12T19:59:00+00:00,164,316,0.5206349206349207,135.25,161.5,231.0,1.4303405572755419,0.044372294372294376,-0.044372294372294376,False,True,False,False,broken,broken_up,False,True,False,True,True,False,True,0.3642121931908155,0,0.0
MNQ,2024-07-15,20610.0,20686.25,20581.5,20681.25,338554,60,2024-07-15T13:30:00+00:00,2024-07-15T14:29:00+00:00,20634.934144429935,20578.75,20652.0,20506.25,20609.75,220835,930,2024-07-14T22:00:00+00:00,2024-07-15T13:29:00+00:00,20681.5,20796.5,20506.25,20593.5,891468,330,2024-07-15T14:30:00+00:00,2024-07-15T19:59:00+00:00,154,326,0.47384615384615386,145.75,104.75,290.25,2.7708830548926016,0.3031869078380706,-0.3031869078380706,False,True,False,False,broken,broken_up,False,True,True,True,True,False,True,0.3006029285099053,26,0.07878787878787878
MNQ,2024-07-16,20649.25,20684.0,20485.5,20523.75,383142,60,2024-07-16T13:30:00+00:00,2024-07-16T14:29:00+00:00,20577.146584251615,20625.0,20655.0,20541.5,20648.75,227544,930,2024-07-15T22:00:00+00:00,2024-07-16T13:29:00+00:00,20523.5,20614.5,20464.0,20599.75,799442,330,2024-07-16T14:30:00+00:00,2024-07-16T19:59:00+00:00,175,326,0.5384615384615384,113.5,198.5,150.5,0.7581863979848866,0.5066445182724253,0.5066445182724253,False,True,True,True,broken,broken_both,False,False,True,True,False,True,True,0.6170454545454546,49,0.1484848484848485
MNQ,2024-07-17,20260.0,20281.5,20098.0,20131.0,417667,60,2024-07-17T13:30:00+00:00,2024-07-17T14:29:00+00:00,20188.48568915747,20592.0,20597.75,20254.5,20260.25,392255,930,2024-07-16T22:00:00+00:00,2024-07-17T13:29:00+00:00,20131.0,20179.5,19988.0,19992.5,934136,330,2024-07-17T14:30:00+00:00,2024-07-17T19:59:00+00:00,167,328,0.5107033639143731,343.25,183.5,191.5,1.0435967302452316,0.7232375979112271,-0.7232375979112271,False,False,True,False,broken,broken_down,False,False,True,True,False,True,True,0.015332197614991482,0,0.0
MNQ,2024-07-18,20141.5,20149.25,20019.75,20046.5,345748,60,2024-07-18T13:30:00+00:00,2024-07-18T14:29:00+00:00,20075.292416249213,20024.25,20162.75,20018.5,20141.0,336103,930,2024-07-17T22:00:00+00:00,2024-07-18T13:29:00+00:00,20046.5,20047.75,19758.75,19893.5,1282922,330,2024-07-18T14:30:00+00:00,2024-07-18T19:59:00+00:00,169,328,0.5168195718654435,144.25,129.5,289.0,2.2316602316602316,0.5294117647058824,-0.5294117647058824,True,False,False,False,trapped,trapped,True,False,True,True,False,True,True,0.34507042253521125,0,0.0
MNQ,2024-07-19,19868.5,19976.75,19798.25,19801.75,376712,60,2024-07-19T13:30:00+00:00,2024-07-19T14:29:00+00:00,19886.168434595485,19950.0,19979.5,19752.0,19868.5,380875,930,2024-07-18T22:00:00+00:00,2024-07-19T13:29:00+00:00,19802.0,19875.25,19654.0,19712.75,1027745,330,2024-07-19T14:30:00+00:00,2024-07-19T19:59:00+00:00,157,326,0.48307692307692307,227.5,178.5,221.25,1.2394957983193278,0.4033898305084746,-0.4033898305084746,True,False,False,False,trapped,trapped,True,False,True,True,False,True,True,0.1820294345468629,0,0.0
MNQ,2024-07-22,19955.0,20026.75,19882.25,19961.75,408094,60,2024-07-22T13:30:00+00:00,2024-07-22T14:29:00+00:00,19949.9884101457,19747.75,19958.5,19718.75,19955.0,388994,930,2024-07-21T22:00:00+00:00,2024-07-22T13:29:00+00:00,19961.75,20044.25,19809.0,19998.0,881218,330,2024-07-22T14:30:00+00:00,2024-07-22T19:59:00+00:00,170,324,0.5263157894736842,239.75,144.5,235.25,1.6280276816608996,0.15409139213602552,0.15409139213602552,False,True,False,False,broken,broken_up,False,True,True,True,True,False,True,0.8034006376195537,10,0.030303030303030304
MNQ,2024-07-23,19957.75,20047.75,19933.25,20018.5,336731,60,2024-07-23T13:30:00+00:00,2024-07-23T14:29:00+00:00,20000.484448763753,19982.0,20015.75,19868.25,19957.5,313160,930,2024-07-22T22:00:00+00:00,2024-07-23T13:29:00+00:00,20018.75,20085.0,19904.0,19924.5,842653,330,2024-07-23T14:30:00+00:00,2024-07-23T19:59:00+00:00,163,324,0.5046439628482973,147.5,114.5,181.0,1.5807860262008733,0.5207182320441989,-0.5207182320441989,False,True,False,False,broken,broken_up,False,True,True,True,True,False,True,0.1132596685082873,9,0.02727272727272727
MNQ,2024-07-24,19640.0,19655.0,19466.0,19485.25,360979,60,2024-07-24T13:30:00+00:00,2024-07-24T14:29:00+00:00,19532.21328341353,19886.75,19886.75,19607.5,19640.25,421373,930,2024-07-23T22:00:00+00:00,2024-07-24T13:29:00+00:00,19485.75,19497.75,19166.5,19204.75,981807,330,2024-07-24T14:30:00+00:00,2024-07-24T19:59:00+00:00,156,317,0.4936708860759494,279.25,189.0,331.25,1.7526455026455026,0.8483018867924528,-0.8483018867924528,False,False,True,False,broken,broken_down,False,False,True,True,False,True,True,0.07830092118730808,0,0.0
MNQ,2024-07-25,19217.25,19226.5,18883.5,19077.25,535857,60,2024-07-25T13:30:00+00:00,2024-07-25T14:29:00+00:00,19060.095553788913,19258.0,19304.75,19062.0,19218.25,624074,930,2024-07-24T22:00:00+00:00,2024-07-25T13:29:00+00:00,19077.75,19390.5,18981.5,18991.25,1261580,330,2024-07-25T14:30:00+00:00,2024-07-25T19:59:00+00:00,168,328,0.5137614678899083,242.75,343.0,409.0,1.1924198250728864,0.2114914425427873,-0.2114914425427873,False,False,True,False,broken,broken_down,False,True,False,True,True,False,True,0.21252465483234714,7,0.021212121212121213
MNQ,2024-07-26,19163.75,19192.5,19043.5,19137.0,420702,60,2024-07-26T13:30:00+00:00,2024-07-26T14:29:00+00:00,19112.540791145908,19000.25,19237.25,18994.75,19163.5,375290,930,2024-07-25T22:00:00+00:00,2024-07-26T13:29:00+00:00,19137.25,19299.0,19040.75,19175.75,1005808,330,2024-07-26T14:30:00+00:00,2024-07-26T19:59:00+00:00,167,324,0.5170278637770898,242.5,149.0,258.25,1.733221476510067,0.14908034849951599,0.14908034849951599,True,False,False,False,trapped,trapped,False,True,True,True,True,False,True,0.5227492739593417,28,0.08484848484848485
MNQ,2024-07-29,19284.75,19377.25,19222.5,19293.0,423138,60,2024-07-29T13:30:00+00:00,2024-07-29T14:29:00+00:00,19305.292900503697,19172.75,19362.0,19168.0,19285.5,327008,930,2024-07-28T22:00:00+00:00,2024-07-29T13:29:00+00:00,19292.75,19349.0,19113.0,19209.0,959232,330,2024-07-29T14:30:00+00:00,2024-07-29T19:59:00+00:00,155,326,0.47692307692307695,194.0,154.75,236.0,1.5250403877221326,0.3548728813559322,-0.3548728813559322,False,True,False,False,broken,broken_up,False,False,True,True,False,True,True,0.3632923368022706,35,0.10606060606060606
MNQ,2024-07-30,19287.25,19319.25,19159.0,19166.25,404585,60,2024-07-30T13:30:00+00:00,2024-07-30T14:29:00+00:00,19233.62375417609,19220.0,19293.5,19076.25,19287.5,282429,930,2024-07-29T22:00:00+00:00,2024-07-30T13:29:00+00:00,19166.25,19178.25,18802.5,18939.25,1209733,330,2024-07-30T14:30:00+00:00,2024-07-30T19:59:00+00:00,167,327,0.5122699386503068,217.25,160.25,375.75,2.344773790951638,0.6041250831669993,-0.6041250831669993,False,True,False,False,broken,broken_up,False,False,True,True,False,True,True,0.26463473633284956,0,0.0
MNQ,2024-07-31,19371.0,19471.75,19310.5,19442.25,400061,60,2024-07-31T13:30:00+00:00,2024-07-31T14:29:00+00:00,19389.11885083358,18870.0,19380.75,18862.0,19371.25,434915,930,2024-07-30T22:00:00+00:00,2024-07-31T13:29:00+00:00,19442.25,19573.5,19344.25,19496.0,959715,330,2024-07-31T14:30:00+00:00,2024-07-31T19:59:00+00:00,165,323,0.5124223602484472,518.75,161.25,229.25,1.4217054263565891,0.23446019629225737,0.23446019629225737,False,True,False,False,broken,broken_up,False,True,False,True,True,False,True,0.7053231939163498,15,0.045454545454545456
MNQ,2024-08-01,19525.25,19681.75,19445.0,19446.0,456549,60,2024-08-01T13:30:00+00:00,2024-08-01T14:29:00+00:00,19574.820490060578,19588.0,19716.75,19504.75,19526.0,473349,930,2024-07-31T22:00:00+00:00,2024-08-01T13:29:00+00:00,19447.0,19471.25,18868.0,19028.0,1277706,330,2024-08-01T14:30:00+00:00,2024-08-01T19:59:00+00:00,151,326,0.4646153846153846,212.0,236.75,603.25,2.5480464625131996,0.694571073352673,-0.694571073352673,False,False,True,False,broken,broken_down,False,False,True,True,False,True,True,0.1966205837173579,0,0.0
MNQ,2024-08-02,18651.25,18761.25,18385.75,18486.5,483935,60,2024-08-02T13:30:00+00:00,2024-08-02T14:29:00+00:00,18567.097713880306,18961.0,18981.5,18508.0,18651.0,724876,930,2024-08-01T22:00:00+00:00,2024-08-02T13:29:00+00:00,18486.5,18633.25,18404.25,18561.25,1173773,330,2024-08-02T14:30:00+00:00,2024-08-02T19:59:00+00:00,165,329,0.5030487804878049,473.5,375.5,229.0,0.6098535286284953,0.32641921397379914,0.32641921397379914,False,False,True,False,broken,broken_down,False,False,False,False,False,False,False,0.4673768308921438,37,0.11212121212121212
MNQ,2024-08-05,17562.5,18112.5,17509.25,17858.0,499921,60,2024-08-05T13:30:00+00:00,2024-08-05T14:29:00+00:00,17860.098690093033,18391.75,18394.0,17346.0,17564.25,1712084,930,2024-08-04T22:00:00+00:00,2024-08-05T13:29:00+00:00,17858.5,18289.25,17850.25,18020.5,1159508,330,2024-08-05T14:30:00+00:00,2024-08-05T19:59:00+00:00,160,325,0.49382716049382713,1048.0,603.25,439.0,0.7277248238707004,0.3690205011389522,0.3690205011389522,True,False,False,False,trapped,trapped,False,True,False,True,False,False,False,0.655448717948718,4,0.012121212121212121
MNQ,2024-08-06,18077.25,18229.75,17961.25,18161.25,403424,60,2024-08-06T13:30:00+00:00,2024-08-06T14:29:00+00:00,18122.130414691903,18164.5,18435.5,18017.75,18077.25,720388,930,2024-08-05T22:00:00+00:00,2024-08-06T13:29:00+00:00,18162.0,18483.0,18127.25,18171.25,895563,330,2024-08-06T14:30:00+00:00,2024-08-06T19:59:00+00:00,165,325,0.5092592592592593,417.75,268.5,355.75,1.324953445065177,0.02600140548137737,0.02600140548137737,False,False,True,False,broken,broken_down,False,True,False,True,True,False,True,0.40249161475802586,0,0.0
MNQ,2024-08-07,18453.5,18558.5,18405.25,18433.5,410396,60,2024-08-07T13:30:00+00:00,2024-08-07T14:29:00+00:00,18499.92581900571,18040.25,18462.5,18027.5,18454.5,643271,930,2024-08-06T22:00:00+00:00,2024-08-07T13:29:00+00:00,18433.75,18549.5,17951.0,17972.25,1043744,330,2024-08-07T14:30:00+00:00,2024-08-07T19:59:00+00:00,177,326,0.5446153846153846,435.0,153.25,598.5,3.905383360522023,0.77109440267335,-0.77109440267335,False,True,False,False,broken,broken_up,False,False,True,True,False,True,True,0.03497942386831276,8,0.024242424242424242
MNQ,2024-08-08,18225.25,18390.0,18064.75,18381.0,376409,60,2024-08-08T13:30:00+00:00,2024-08-08T14:29:00+00:00,18212.44677952263,17881.25,18253.5,17745.0,18225.25,688569,930,2024-08-07T22:00:00+00:00,2024-08-08T13:29:00+00:00,18381.25,18555.75,18323.5,18519.0,740529,330,2024-08-08T14:30:00+00:00,2024-08-08T19:59:00+00:00,167,324,0.5170278637770898,508.5,325.25,232.25,0.7140661029976941,0.5931108719052745,0.5931108719052745,False,True,False,False,broken,broken_up,False,True,False,True,True,False,True,0.925152749490835,0,0.0
MNQ,2024-08-09,18451.0,18565.75,18404.25,18495.25,337219,60,2024-08-09T13:30:00+00:00,2024-08-09T14:29:00+00:00,18483.99439607496,18551.75,18652.5,18383.0,18450.75,515412,930,2024-08-08T22:00:00+00:00,2024-08-09T13:29:00+00:00,18495.75,18674.75,18436.25,18610.0,739603,330,2024-08-09T14:30:00+00:00,2024-08-09T19:59:00+00:00,178,324,0.5510835913312694,269.5,161.5,238.5,1.4767801857585139,0.4790356394129979,0.4790356394129979,True,False,False,False,trapped,trapped,False,True,False,True,True,False,True,0.7606284658040665,19,0.05757575757575758
MNQ,2024-08-12,18641.25,18727.75,18524.0,18697.5,356577,60,2024-08-12T13:30:00+00:00,2024-08-12T14:29:00+00:00,18615.911382627968,18591.75,18694.5,18514.5,18641.0,315447,930,2024-08-11T22:00:00+00:00,2024-08-12T13:29:00+00:00,18697.5,18765.5,18576.25,18644.5,785396,330,2024-08-12T14:30:00+00:00,2024-08-12T19:59:00+00:00,172,326,0.5292307692307693,180.0,203.75,189.25,0.9288343558282208,0.2800528401585205,-0.2800528401585205,False,True,False,False,broken,broken_up,False,True,False,True,True,False,True,0.4989648033126294,59,0.1787878787878788
MNQ,2024-08-13,18821.75,18922.0,18815.75,18904.75,265836,60,2024-08-13T13:30:00+00:00,2024-08-13T14:29:00+00:00,18881.526841110055,18644.0,18846.5,18628.75,18822.0,331991,930,2024-08-12T22:00:00+00:00,2024-08-13T13:29:00+00:00,18905.0,19112.75,18855.75,19101.25,579425,330,2024-08-13T14:30:00+00:00,2024-08-13T19:59:00+00:00,169,321,0.528125,217.75,106.25,257.0,2.418823529411765,0.7636186770428015,0.7636186770428015,False,True,False,False,broken,broken_up,False,True,False,True,True,False,True,0.9612794612794613,4,0.012121212121212121
MNQ,2024-08-14,19137.0,19175.0,18965.75,19007.5,336644,60,2024-08-14T13:30:00+00:00,2024-08-14T14:29:00+00:00,19052.316325257543,19100.0,19162.75,19004.25,19137.75,297125,930,2024-08-13T22:00:00+00:00,2024-08-14T13:29:00+00:00,19008.0,19203.75,18925.5,19108.0,750911,330,2024-08-14T14:30:00+00:00,2024-08-14T19:59:00+00:00,156,324,0.48297213622291024,158.5,209.25,278.25,1.3297491039426523,0.35938903863432164,0.35938903863432164,False,True,True,True,broken,broken_both,False,True,True,True,True,True,True,0.655884995507637,25,0.07575757575757576
MNQ,2024-08-15,19352.25,19490.0,19336.25,19475.25,288964,60,2024-08-15T13:30:00+00:00,2024-08-15T14:29:00+00:00,19414.581264736556,19148.25,19370.25,19100.25,19352.5,336279,930,2024-08-14T22:00:00+00:00,2024-08-15T13:29:00+00:00,19475.25,19603.5,19467.5,19588.0,533270,330,2024-08-15T14:30:00+00:00,2024-08-15T19:59:00+00:00,162,321,0.50625,270.0,153.75,136.0,0.8845528455284553,0.8290441176470589,0.8290441176470589,False,True,False,False,broken,broken_up,False,True,False,True,True,False,True,0.9420018709073901,0,0.0
MNQ,2024-08-16,19503.25,19591.5,19462.5,19567.25,255029,60,2024-08-16T13:30:00+00:00,2024-08-16T14:29:00+00:00,19524.301756205507,19569.0,19683.0,19445.25,19502.5,349663,930,2024-08-15T22:00:00+00:00,2024-08-16T13:29:00+00:00,19567.5,19662.5,19492.5,19603.75,518073,330,2024-08-16T14:30:00+00:00,2024-08-16T19:59:00+00:00,166,324,0.5139318885448917,237.75,129.0,170.0,1.317829457364341,0.21323529411764705,0.21323529411764705,True,False,False,False,trapped,trapped,False,True,False,True,False,False,False,0.70625,25,0.07575757575757576
MNQ,2024-08-19,19604.75,19625.5,19529.25,19611.0,283664,60,2024-08-19T13:30:00+00:00,2024-08-19T14:29:00+00:00,19588.84422855914,19628.25,19688.0,19525.0,19604.25,274189,930,2024-08-18T22:00:00+00:00,2024-08-19T13:29:00+00:00,19611.5,19861.5,19592.5,19860.25,516222,330,2024-08-19T14:30:00+00:00,2024-08-19T19:59:00+00:00,162,316,0.5142857142857142,163.0,96.25,269.0,2.794805194805195,0.9247211895910781,0.9247211895910781,True,False,False,False,trapped,trapped,True,True,False,True,True,False,True,0.9962377727614747,0,0.0
MNQ,2024-08-20,19817.75,19924.75,19803.0,19825.0,282401,60,2024-08-20T13:30:00+00:00,2024-08-20T14:29:00+00:00,19861.09894765481,19854.0,19930.75,19811.5,19817.25,211037,930,2024-08-19T22:00:00+00:00,2024-08-20T13:29:00+00:00,19825.25,19868.0,19743.0,19811.75,628158,330,2024-08-20T14:30:00+00:00,2024-08-20T19:59:00+00:00,168,322,0.5233644859813084,119.25,121.75,125.0,1.0266940451745379,0.108,-0.108,False,False,True,False,broken,broken_down,False,False,True,True,False,True,True,0.3782668500687758,10,0.030303030303030304
MNQ,2024-08-21,19842.0,19915.0,19813.25,19874.75,260399,60,2024-08-21T13:30:00+00:00,2024-08-21T14:29:00+00:00,19868.25896252802,19805.0,19866.0,19785.75,19842.5,201146,930,2024-08-20T22:00:00+00:00,2024-08-21T13:29:00+00:00,19875.25,19982.0,19771.25,19906.0,771361,330,2024-08-21T14:30:00+00:00,2024-08-21T19:59:00+00:00,161,320,0.5047021943573667,80.25,101.75,210.75,2.0712530712530715,0.14590747330960854,0.14590747330960854,False,True,False,False,broken,broken_up,False,True,True,True,True,True,True,0.6393831553973903,70,0.21212121212121213
MNQ,2024-08-22,19998.0,20025.75,19881.25,19916.25,283968,60,2024-08-22T13:30:00+00:00,2024-08-22T14:29:00+00:00,19955.822123736947,19917.75,20003.75,19865.75,19997.75,221859,930,2024-08-21T22:00:00+00:00,2024-08-22T13:29:00+00:00,19916.25,19916.25,19542.0,19584.75,995096,330,2024-08-22T14:30:00+00:00,2024-08-22T19:59:00+00:00,159,325,0.49074074074074076,138.0,144.5,374.25,2.5899653979238755,0.8857715430861723,-0.8857715430861723,False,True,False,False,broken,broken_up,False,False,True,True,False,True,True,0.08837209302325581,0,0.0
MNQ,2024-08-23,19755.75,19903.25,19706.5,19882.25,341102,60,2024-08-23T13:30:00+00:00,2024-08-23T14:29:00+00:00,19809.278699137893,19621.25,19778.5,19610.75,19756.0,196607,930,2024-08-22T22:00:00+00:00,2024-08-23T13:29:00+00:00,19882.5,19893.25,19592.0,19789.0,833139,330,2024-08-23T14:30:00+00:00,2024-08-23T19:59:00+00:00,162,326,0.49846153846153846,167.75,196.75,301.25,1.531130876747141,0.3103734439834025,-0.3103734439834025,False,True,False,False,broken,broken_up,False,False,True,True,False,True,True,0.6329317269076306,10,0.030303030303030304
MNQ,2024-08-26,19763.25,19801.5,19608.25,19617.0,281619,60,2024-08-26T13:30:00+00:00,2024-08-26T14:29:00+00:00,19706.61240807616,19788.0,19846.25,19716.25,19763.25,260344,930,2024-08-25T22:00:00+00:00,2024-08-26T13:29:00+00:00,19617.0,19643.25,19506.5,19593.25,693278,330,2024-08-26T14:30:00+00:00,2024-08-26T19:59:00+00:00,161,324,0.4984520123839009,130.0,193.25,136.75,0.7076326002587322,0.1736745886654479,-0.1736745886654479,False,False,True,False,broken,broken_down,False,False,True,True,False,True,True,0.2940677966101695,0,0.0
MNQ,2024-08-27,19523.5,19634.25,19441.75,19630.25,315561,60,2024-08-27T13:30:00+00:00,2024-08-27T14:29:00+00:00,19532.43763699147,19555.25,19647.0,19477.0,19523.75,278347,930,2024-08-26T22:00:00+00:00,2024-08-27T13:29:00+00:00,19630.75,19694.5,19577.75,19651.25,548138,330,2024-08-27T14:30:00+00:00,2024-08-27T19:59:00+00:00,173,322,0.5389408099688473,170.0,192.5,116.75,0.6064935064935065,0.17558886509635974,0.17558886509635974,False,False,True,False,broken,broken_down,False,True,False,True,True,False,True,0.8288822947576657,0,0.0
MNQ,2024-08-28,19625.5,19656.75,19513.25,19580.75,280288,60,2024-08-28T13:30:00+00:00,2024-08-28T14:29:00+00:00,19574.176147093942,19638.0,19690.0,19560.0,19625.5,227020,930,2024-08-27T22:00:00+00:00,2024-08-28T13:29:00+00:00,19580.75,19592.75,19277.75,19421.5,786658,330,2024-08-28T14:30:00+00:00,2024-08-28T19:59:00+00:00,162,321,0.50625,130.0,143.5,315.0,2.1951219512195124,0.5055555555555555,-0.5055555555555555,False,False,True,False,broken,broken_down,False,False,True,True,False,True,True,0.379287598944591,2,0.006060606060606061
MNQ,2024-08-29,19497.5,19685.25,19478.0,19599.25,415370,60,2024-08-29T13:30:00+00:00,2024-08-29T14:29:00+00:00,19585.745154922115,19240.75,19516.5,19139.0,19497.75,424435,930,2024-08-28T22:00:00+00:00,2024-08-29T13:29:00+00:00,19598.75,19692.0,19337.0,19393.25,832706,330,2024-08-29T14:30:00+00:00,2024-08-29T19:59:00+00:00,166,325,0.5123456790123457,377.5,207.25,355.0,1.712907117008444,0.5788732394366197,-0.5788732394366197,False,True,False,False,broken,broken_up,False,True,True,True,True,False,True,0.15845070422535212,9,0.02727272727272727
MNQ,2024-08-30,19559.25,19628.0,19513.0,19547.75,271629,60,2024-08-30T13:30:00+00:00,2024-08-30T14:29:00+00:00,19566.695524348772,19449.0,19574.75,19393.5,19559.5,257577,930,2024-08-29T22:00:00+00:00,2024-08-30T13:29:00+00:00,19547.75,19633.0,19370.0,19610.25,770151,330,2024-08-30T14:30:00+00:00,2024-08-30T19:59:00+00:00,159,323,0.4937888198757764,181.25,115.0,263.0,2.2869565217391306,0.2376425855513308,0.2376425855513308,False,True,False,False,broken,broken_up,False,True,True,True,True,True,True,0.9134980988593155,7,0.021212121212121213
MNQ,2024-09-02,19618.75,19645.25,19587.75,19607.0,42060,60,2024-09-02T13:30:00+00:00,2024-09-02T14:29:00+00:00,19616.335072911716,19600.0,19638.0,19511.5,19618.0,161064,930,2024-09-01T22:00:00+00:00,2024-09-02T13:29:00+00:00,19607.0,19669.75,19605.5,19646.75,73216,150,2024-09-02T14:30:00+00:00,2024-09-02T16:59:00+00:00,60,142,0.425531914893617,126.5,57.5,64.25,1.117391304347826,0.6186770428015564,0.6186770428015564,False,True,False,False,broken,broken_up,False,True,False,True,True,False,True,0.7195121951219512,1,0.006666666666666667
MNQ,2024-09-03,19477.75,19483.25,19283.0,19317.0,346113,60,2024-09-03T13:30:00+00:00,2024-09-03T14:29:00+00:00,19363.519102383707,19646.75,19683.0,19445.25,19478.25,355424,930,2024-09-02T22:00:00+00:00,2024-09-03T13:29:00+00:00,19317.0,19317.25,18911.0,19012.0,770029,330,2024-09-03T14:30:00+00:00,2024-09-03T19:59:00+00:00,163,324,0.5046439628482973,237.75,200.25,406.25,2.0287141073657926,0.7507692307692307,-0.7507692307692307,False,False,True,False,broken,broken_down,False,False,True,True,False,True,True,0.1764962865880297,0,0.0
MNQ,2024-09-04,18878.0,19001.5,18836.0,18992.5,346987,60,2024-09-04T13:30:00+00:00,2024-09-04T14:29:00+00:00,18936.457316364398,18991.0,19007.0,18824.25,18878.75,431443,930,2024-09-03T22:00:00+00:00,2024-09-04T13:29:00+00:00,18992.5,19115.0,18907.5,18957.25,696953,330,2024-09-04T14:30:00+00:00,2024-09-04T19:59:00+00:00,164,326,0.5046153846153846,182.75,165.5,207.5,1.2537764350453173,0.16987951807228915,-0.16987951807228915,True,False,False,False,trapped,trapped,True,True,False,True,True,False,True,0.4345878136200717,14,0.04242424242424243
MNQ,2024-09-05,18886.5,19150.25,18884.75,19106.25,336730,60,2024-09-05T13:30:00+00:00,2024-09-05T14:29:00+00:00,19035.985330234904,18968.5,19008.25,18828.0,18888.0,401997,930,2024-09-04T22:00:00+00:00,2024-09-05T13:29:00+00:00,19106.0,19135.5,18842.0,18975.5,710757,330,2024-09-05T14:30:00+00:00,2024-09-05T19:59:00+00:00,157,323,0.48757763975155277,180.25,265.5,293.5,1.1054613935969868,0.444633730834753,-0.444633730834753,False,True,False,False,broken,broken_up,False,False,True,True,False,False,False,0.43309002433090027,5,0.015151515151515152
MNQ,2024-09-06,18929.75,18967.25,18640.0,18640.75,397618,60,2024-09-06T13:30:00+00:00,2024-09-06T14:29:00+00:00,18792.847526604262,18920.0,18972.5,18703.75,18929.5,513866,930,2024-09-05T22:00:00+00:00,2024-09-06T13:29:00+00:00,18641.5,18660.75,18428.75,18458.25,841594,330,2024-09-06T14:30:00+00:00,2024-09-06T19:59:00+00:00,160,325,0.49382716049382713,268.75,327.25,232.0,0.7089381207028266,0.7898706896551724,-0.7898706896551724,False,False,True,False,broken,broken_down,False,False,True,True,False,True,True,0.05478180129990715,0,0.0
MNQ,2024-09-09,18628.75,18720.5,18605.0,18621.25,279923,60,2024-09-09T13:30:00+00:00,2024-09-09T14:29:00+00:00,18659.70274861301,18399.5,18646.75,18386.75,18629.25,339877,930,2024-09-08T22:00:00+00:00,2024-09-09T13:29:00+00:00,18621.5,18730.0,18497.25,18688.75,746544,330,2024-09-09T14:30:00+00:00,2024-09-09T19:59:00+00:00,159,320,0.49843260188087773,260.0,115.5,232.75,2.015151515151515,0.2889366272824919,0.2889366272824919,False,True,False,False,broken,broken_up,False,True,True,True,True,False,True,0.8227712137486574,31,0.09393939393939393
MNQ,2024-09-10,18758.5,18821.75,18686.75,18781.0,368486,60,2024-09-10T13:30:00+00:00,2024-09-10T14:29:00+00:00,18755.818547606515,18723.75,18778.0,18582.5,18757.75,317184,930,2024-09-09T22:00:00+00:00,2024-09-10T13:29:00+00:00,18781.25,18876.75,18589.75,18855.25,746248,330,2024-09-10T14:30:00+00:00,2024-09-10T19:59:00+00:00,173,327,0.5306748466257669,195.5,135.0,287.0,2.1259259259259258,0.2578397212543554,0.2578397212543554,False,True,False,False,broken,broken_up,False,True,True,True,True,False,True,0.9250871080139372,33,0.1
MNQ,2024-09-11,18902.75,18906.5,18643.5,18655.25,393310,60,2024-09-11T13:30:00+00:00,2024-09-11T14:29:00+00:00,18779.093214851728,18841.75,18929.25,18704.75,18902.25,415880,930,2024-09-10T22:00:00+00:00,2024-09-11T13:29:00+00:00,18655.5,19293.5,18547.75,19255.25,959996,330,2024-09-11T14:30:00+00:00,2024-09-11T19:59:00+00:00,155,326,0.47692307692307695,224.5,263.0,745.75,2.835551330798479,0.8042239356352665,0.8042239356352665,False,False,True,False,broken,broken_down,False,True,True,True,True,True,True,0.9487093530003352,5,0.015151515151515152
MNQ,2024-09-12,19259.5,19350.0,19185.25,19337.0,350736,60,2024-09-12T13:30:00+00:00,2024-09-12T14:29:00+00:00,19264.785385826755,19246.0,19342.5,19228.0,19259.0,298993,930,2024-09-11T22:00:00+00:00,2024-09-12T13:29:00+00:00,19336.5,19483.25,19246.75,19451.75,821563,330,2024-09-12T14:30:00+00:00,2024-09-12T19:59:00+00:00,160,324,0.4953560371517028,114.5,164.75,236.5,1.4355083459787557,0.48731501057082455,0.48731501057082455,False,True,True,True,broken,broken_both,False,True,False,True,True,False,True,0.8942953020134228,16,0.048484848484848485
MNQ,2024-09-13,19409.25,19529.25,19396.0,19461.75,243843,60,2024-09-13T13:30:00+00:00,2024-09-13T14:29:00+00:00,19476.494778402495,19410.0,19488.5,19406.0,19409.0,222556,930,2024-09-12T22:00:00+00:00,2024-09-13T13:29:00+00:00,19462.0,19577.0,19413.0,19527.25,565143,330,2024-09-13T14:30:00+00:00,2024-09-13T19:59:00+00:00,177,324,0.5479876160990712,82.5,133.25,164.0,1.2307692307692308,0.3978658536585366,0.3978658536585366,False,True,True,True,broken,broken_both,False,True,False,True,True,False,True,0.7251381215469613,1,0.0030303030303030303
MNQ,2024-09-16,19671.0,19697.75,19560.75,19620.0,191655,60,2024-09-16T13:30:00+00:00,2024-09-16T14:29:00+00:00,19637.93082318054,19498.25,19781.75,19478.5,19670.75,113595,930,2024-09-15T22:00:00+00:00,2024-09-16T13:29:00+00:00,19620.0,19684.25,19529.25,19670.5,348680,330,2024-09-16T14:30:00+00:00,2024-09-16T19:59:00+00:00,160,327,0.49079754601226994,303.25,137.0,155.0,1.1313868613138687,0.3258064516129032,0.3258064516129032,True,False,False,False,trapped,trapped,False,False,True,True,False,False,False,0.8382789317507419,15,0.045454545454545456
MNQ,2024-09-17,19795.25,19828.75,19709.0,19797.5,248839,60,2024-09-17T13:30:00+00:00,2024-09-17T14:29:00+00:00,19779.791707020733,19658.0,19820.0,19632.75,19795.25,171383,930,2024-09-16T22:00:00+00:00,2024-09-17T13:29:00+00:00,19798.0,19850.5,19574.5,19682.25,630918,330,2024-09-17T14:30:00+00:00,2024-09-17T19:59:00+00:00,142,325,0.4382716049382716,187.25,119.75,276.0,2.3048016701461376,0.41938405797101447,-0.41938405797101447,False,True,False,False,broken,broken_up,False,True,True,True,True,True,True,0.3903985507246377,24,0.07272727272727272
MNQ,2024-09-18,19731.0,19736.75,19646.75,19700.0,198257,60,2024-09-18T13:30:00+00:00,2024-09-18T14:29:00+00:00,19690.960173747542,19686.5,19738.25,19657.75,19730.75,153052,930,2024-09-17T22:00:00+00:00,2024-09-18T13:29:00+00:00,19700.0,19899.75,19560.75,19583.75,936353,330,2024-09-18T14:30:00+00:00,2024-09-18T19:59:00+00:00,144,321,0.45,80.5,90.0,339.0,3.7666666666666666,0.34292035398230086,-0.34292035398230086,False,False,True,False,broken,broken_down,False,True,True,True,True,True,True,0.06784660766961652,64,0.19393939393939394
MNQ,2024-09-19,20052.5,20136.25,19963.25,20129.0,295969,60,2024-09-19T13:30:00+00:00,2024-09-19T14:29:00+00:00,20039.104772797153,19646.0,20058.0,19635.5,20052.5,329992,930,2024-09-18T22:00:00+00:00,2024-09-19T13:29:00+00:00,20129.0,20203.0,20049.0,20081.75,642801,330,2024-09-19T14:30:00+00:00,2024-09-19T19:59:00+00:00,164,328,0.5015290519877675,422.5,173.0,154.0,0.8901734104046243,0.3068181818181818,-0.3068181818181818,False,True,False,False,broken,broken_up,False,True,False,True,True,False,True,0.4942648592283629,0,0.0
MNQ,2024-09-20,20035.0,20082.5,19971.75,20000.75,266013,60,2024-09-20T13:30:00+00:00,2024-09-20T14:29:00+00:00,20026.17169398989,20070.0,20075.0,19981.25,20035.0,257434,930,2024-09-19T22:00:00+00:00,2024-09-20T13:29:00+00:00,20000.75,20084.0,19860.0,20033.0,688507,330,2024-09-20T14:30:00+00:00,2024-09-20T19:59:00+00:00,169,326,0.52,93.75,110.75,224.0,2.0225733634311513,0.14397321428571427,0.14397321428571427,False,True,True,True,broken,broken_both,False,True,True,True,True,True,True,0.7723214285714286,24,0.07272727272727272
MNQ,2024-09-23,20076.5,20120.25,20031.75,20100.75,244395,60,2024-09-23T13:30:00+00:00,2024-09-23T14:29:00+00:00,20074.635134379456,20039.0,20164.0,19955.0,20076.75,296467,930,2024-09-22T22:00:00+00:00,2024-09-23T13:29:00+00:00,20100.75,20126.75,20018.5,20076.5,542537,330,2024-09-23T14:30:00+00:00,2024-09-23T19:59:00+00:00,173,324,0.5356037151702786,209.0,88.5,108.25,1.2231638418079096,0.22401847575057737,-0.22401847575057737,True,False,False,False,trapped,trapped,False,True,True,True,False,False,False,0.535796766743649,94,0.28484848484848485
MNQ,2024-09-24,20135.25,20154.0,19963.75,19986.75,262081,60,2024-09-24T13:30:00+00:00,2024-09-24T14:29:00+00:00,20057.166637413626,20065.25,20179.25,20022.5,20135.0,279795,930,2024-09-23T22:00:00+00:00,2024-09-24T13:29:00+00:00,19987.5,20214.75,19952.0,20171.0,587519,330,2024-09-24T14:30:00+00:00,2024-09-24T19:59:00+00:00,172,322,0.5358255451713395,156.75,190.25,262.75,1.38107752956636,0.698382492863939,0.698382492863939,False,False,True,False,broken,broken_down,False,True,True,True,True,True,True,0.8334919124643198,2,0.006060606060606061
MNQ,2024-09-25,20140.75,20272.75,20138.25,20227.5,245714,60,2024-09-25T13:30:00+00:00,2024-09-25T14:29:00+00:00,20210.982642421677,20184.25,20192.5,20063.75,20140.75,218675,930,2024-09-24T22:00:00+00:00,2024-09-25T13:29:00+00:00,20227.0,20249.5,20135.5,20194.75,548702,330,2024-09-25T14:30:00+00:00,2024-09-25T19:59:00+00:00,162,320,0.5078369905956113,128.75,134.5,114.0,0.8475836431226765,0.28289473684210525,-0.28289473684210525,False,True,False,False,broken,broken_up,False,False,True,True,False,False,False,0.43169398907103823,25,0.07575757575757576
MNQ,2024-09-26,20503.25,20518.0,20338.25,20346.25,264885,60,2024-09-26T13:30:00+00:00,2024-09-26T14:29:00+00:00,20419.95258854471,20241.75,20537.75,20229.0,20503.5,307341,930,2024-09-25T22:00:00+00:00,2024-09-26T13:29:00+00:00,20345.75,20366.5,20188.0,20341.5,715976,330,2024-09-26T14:30:00+00:00,2024-09-26T19:59:00+00:00,162,322,0.5046728971962616,308.75,179.75,178.5,0.9930458970792768,0.023809523809523808,-0.023809523809523808,True,False,False,False,trapped,trapped,False,False,True,True,False,True,True,0.46515151515151515,0,0.0
MNQ,2024-09-27,20377.0,20383.0,20285.0,20313.5,247300,60,2024-09-27T13:30:00+00:00,2024-09-27T14:29:00+00:00,20333.108784202726,20344.5,20396.0,20236.5,20377.25,316843,930,2024-09-26T22:00:00+00:00,2024-09-27T13:29:00+00:00,20313.25,20335.0,20173.0,20223.0,638652,330,2024-09-27T14:30:00+00:00,2024-09-27T19:59:00+00:00,171,324,0.5294117647058824,159.5,98.0,162.0,1.653061224489796,0.5570987654320988,-0.5570987654320988,True,False,False,False,trapped,trapped,False,False,True,True,False,True,True,0.23809523809523808,1,0.0030303030303030303
MNQ,2024-09-30,20179.0,20264.0,20127.5,20184.5,225535,60,2024-09-30T13:30:00+00:00,2024-09-30T14:29:00+00:00,20204.48427812387,20198.25,20286.5,20118.0,20179.25,313616,930,2024-09-29T22:00:00+00:00,2024-09-30T13:29:00+00:00,20184.75,20286.75,20057.5,20270.25,751153,330,2024-09-30T14:30:00+00:00,2024-09-30T19:59:00+00:00,162,321,0.50625,168.5,136.5,229.25,1.6794871794871795,0.37295528898582336,0.37295528898582336,True,False,False,False,trapped,trapped,False,True,True,True,True,True,True,0.9280261723009815,44,0.13333333333333333
MNQ,2024-10-01,20252.0,20266.25,19882.0,19906.25,417954,60,2024-10-01T13:30:00+00:00,2024-10-01T14:29:00+00:00,20032.172430857623,20232.0,20331.5,20213.25,20252.0,273927,930,2024-09-30T22:00:00+00:00,2024-10-01T13:29:00+00:00,19906.0,20080.5,19818.0,19978.5,904500,330,2024-10-01T14:30:00+00:00,2024-10-01T19:59:00+00:00,140,324,0.43343653250773995,118.25,384.25,262.5,0.6831489915419648,0.2761904761904762,0.2761904761904762,False,False,True,False,broken,broken_down,False,False,True,True,False,True,True,0.3580591187953151,21,0.06363636363636363
MNQ,2024-10-02,19943.25,20013.5,19833.5,20004.5,327429,60,2024-10-02T13:30:00+00:00,2024-10-02T14:29:00+00:00,19928.519433220637,19972.0,20011.5,19877.75,19943.0,372906,930,2024-10-01T22:00:00+00:00,2024-10-02T13:29:00+00:00,20004.5,20089.5,19968.0,20009.75,646251,330,2024-10-02T14:30:00+00:00,2024-10-02T19:59:00+00:00,159,323,0.4937888198757764,133.75,180.0,121.5,0.675,0.043209876543209874,0.043209876543209874,False,True,True,True,broken,broken_both,False,True,False,True,True,False,True,0.6884765625,0,0.0
MNQ,2024-10-03,19912.25,20115.0,19894.5,19962.25,344914,60,2024-10-03T13:30:00+00:00,2024-10-03T14:29:00+00:00,20010.502079987087,20056.5,20068.25,19851.0,19912.5,351912,930,2024-10-02T22:00:00+00:00,2024-10-03T13:29:00+00:00,19962.0,20059.75,19879.0,19988.0,698889,330,2024-10-03T14:30:00+00:00,2024-10-03T19:59:00+00:00,169,325,0.5216049382716049,217.25,220.5,180.75,0.8197278911564626,0.14384508990318118,0.14384508990318118,False,True,False,False,broken,broken_up,False,False,True,True,False,False,False,0.461864406779661,22,0.06666666666666667
MNQ,2024-10-04,20227.5,20239.75,20013.0,20038.75,345858,60,2024-10-04T13:30:00+00:00,2024-10-04T14:29:00+00:00,20124.54566975464,19971.75,20263.0,19941.25,20227.75,351503,930,2024-10-03T22:00:00+00:00,2024-10-04T13:29:00+00:00,20039.0,20245.25,20018.5,20227.25,745175,330,2024-10-04T14:30:00+00:00,2024-10-04T19:59:00+00:00,152,326,0.4676923076923077,321.75,226.75,226.75,1.0,0.8302094818081588,0.8302094818081588,True,False,False,False,trapped,trapped,False,True,False,True,False,False,False,0.922497308934338,28,0.08484848484848485
MNQ,2024-10-07,20137.0,20183.5,20088.75,20179.75,262637,60,2024-10-07T13:30:00+00:00,2024-10-07T14:29:00+00:00,20135.632716448938,20219.0,20268.0,20058.0,20137.25,307333,930,2024-10-06T22:00:00+00:00,2024-10-07T13:29:00+00:00,20179.25,20187.75,19948.0,19999.0,655248,330,2024-10-07T14:30:00+00:00,2024-10-07T19:59:00+00:00,159,325,0.49074074074074076,210.0,94.75,239.75,2.530343007915567,0.7518248175182481,-0.7518248175182481,True,False,False,False,trapped,trapped,False,True,True,True,False,True,True,0.2127215849843587,50,0.15151515151515152
MNQ,2024-10-08,20103.25,20202.75,20069.5,20185.25,256217,60,2024-10-08T13:30:00+00:00,2024-10-08T14:29:00+00:00,20138.091410471072,20032.0,20107.75,19902.5,20103.5,335142,930,2024-10-07T22:00:00+00:00,2024-10-08T13:29:00+00:00,20184.75,20329.5,20164.0,20300.0,549425,330,2024-10-08T14:30:00+00:00,2024-10-08T19:59:00+00:00,162,321,0.50625,205.25,133.25,165.5,1.2420262664165103,0.6963746223564955,0.6963746223564955,False,True,False,False,broken,broken_up,False,True,False,True,True,False,True,0.8865384615384615,0,0.0
MNQ,2024-10-09,20282.75,20355.0,20238.25,20343.5,251035,60,2024-10-09T13:30:00+00:00,2024-10-09T14:29:00+00:00,20282.75798494234,20298.0,20300.75,20195.5,20282.25,230065,930,2024-10-08T22:00:00+00:00,2024-10-09T13:29:00+00:00,20343.75,20482.25,20314.5,20458.5,568359,330,2024-10-09T14:30:00+00:00,2024-10-09T19:59:00+00:00,167,322,0.5202492211838006,105.25,116.75,167.75,1.436830835117773,0.684053651266766,0.684053651266766,False,True,False,False,broken,broken_up,False,True,False,True,True,False,True,0.9026639344262295,0,0.0
MNQ,2024-10-10,20359.75,20416.5,20301.25,20403.5,264810,60,2024-10-10T13:30:00+00:00,2024-10-10T14:29:00+00:00,20369.948826517124,20447.75,20474.5,20322.25,20359.25,254331,930,2024-10-09T22:00:00+00:00,2024-10-10T13:29:00+00:00,20403.25,20508.0,20360.25,20429.5,579488,330,2024-10-10T14:30:00+00:00,2024-10-10T19:59:00+00:00,144,322,0.4485981308411215,152.25,115.25,147.75,1.2819956616052062,0.17766497461928935,0.17766497461928935,False,False,True,False,broken,broken_down,False,True,False,True,True,False,True,0.6203143893591294,5,0.015151515151515152
MNQ,2024-10-11,20340.5,20481.0,20313.25,20456.25,248864,60,2024-10-11T13:30:00+00:00,2024-10-11T14:29:00+00:00,20382.26236016458,20441.5,20468.5,20339.0,20341.0,215145,930,2024-10-10T22:00:00+00:00,2024-10-11T13:29:00+00:00,20456.25,20494.5,20391.0,20449.0,501565,330,2024-10-11T14:30:00+00:00,2024-10-11T19:59:00+00:00,160,323,0.4968944099378882,129.5,167.75,103.5,0.61698956780924,0.07004830917874397,-0.07004830917874397,False,True,True,True,broken,broken_both,False,True,False,True,True,False,True,0.7489655172413793,0,0.0
MNQ,2024-10-14,20551.0,20680.0,20540.75,20642.0,208546,60,2024-10-14T13:30:00+00:00,2024-10-14T14:29:00+00:00,20619.38563634242,20433.75,20566.25,20382.5,20550.75,189187,930,2024-10-13T22:00:00+00:00,2024-10-14T13:29:00+00:00,20641.75,20666.75,20525.0,20621.5,452757,330,2024-10-14T14:30:00+00:00,2024-10-14T19:59:00+00:00,144,319,0.4528301886792453,183.75,139.25,141.75,1.0179533213644525,0.14285714285714285,-0.14285714285714285,False,True,False,False,broken,broken_up,False,False,True,True,False,False,False,0.6225806451612903,22,0.06666666666666667
MNQ,2024-10-15,20631.75,20659.25,20510.0,20515.75,261555,60,2024-10-15T13:30:00+00:00,2024-10-15T14:29:00+00:00,20606.82083882931,20637.5,20652.0,20563.0,20631.5,185935,930,2024-10-14T22:00:00+00:00,2024-10-15T13:29:00+00:00,20515.75,20515.75,20254.0,20343.75,759041,330,2024-10-15T14:30:00+00:00,2024-10-15T19:59:00+00:00,160,325,0.49382716049382713,89.0,149.25,261.75,1.7537688442211055,0.6571155682903533,-0.6571155682903533,False,True,True,True,broken,broken_both,False,False,True,True,False,True,True,0.22146822948797038,0,0.0
MNQ,2024-10-16,20353.25,20357.5,20205.25,20331.75,313966,60,2024-10-16T13:30:00+00:00,2024-10-16T14:29:00+00:00,20275.788839662044,20340.0,20397.5,20306.75,20353.0,209042,930,2024-10-15T22:00:00+00:00,2024-10-16T13:29:00+00:00,20331.75,20379.5,20245.75,20346.5,535409,330,2024-10-16T14:30:00+00:00,2024-10-16T19:59:00+00:00,165,323,0.5124223602484472,90.75,152.25,133.75,0.8784893267651889,0.1102803738317757,0.1102803738317757,False,False,True,False,broken,broken_down,False,True,False,True,False,False,False,0.8106169296987088,32,0.09696969696969697
MNQ,2024-10-17,20573.0,20576.0,20365.25,20443.75,354996,60,2024-10-17T13:30:00+00:00,2024-10-17T14:29:00+00:00,20444.3360209223,20332.0,20594.5,20276.75,20573.25,311410,930,2024-10-16T22:00:00+00:00,2024-10-17T13:29:00+00:00,20443.75,20529.0,20353.75,20364.0,638534,330,2024-10-17T14:30:00+00:00,2024-10-17T19:59:00+00:00,156,324,0.48297213622291024,317.75,210.75,175.25,0.8315539739027283,0.4550641940085592,-0.4550641940085592,True,False,False,False,trapped,trapped,False,False,True,True,False,False,False,0.04611923509561305,17,0.051515151515151514
MNQ,2024-10-18,20466.0,20523.25,20433.0,20499.5,254926,60,2024-10-18T13:30:00+00:00,2024-10-18T14:29:00+00:00,20477.111961248884,20385.5,20509.75,20321.0,20466.25,239457,930,2024-10-17T22:00:00+00:00,2024-10-18T13:29:00+00:00,20499.25,20532.0,20442.25,20482.5,481917,330,2024-10-18T14:30:00+00:00,2024-10-18T19:59:00+00:00,146,316,0.4634920634920635,188.75,90.25,89.75,0.9944598337950139,0.18662952646239556,-0.18662952646239556,False,True,False,False,broken,broken_up,False,True,False,True,True,False,True,0.5,48,0.14545454545454545
MNQ,2024-10-21,20427.75,20554.25,20423.0,20507.5,246101,60,2024-10-21T13:30:00+00:00,2024-10-21T14:29:00+00:00,20493.270681888058,20495.75,20526.0,20342.5,20428.25,230045,930,2024-10-20T22:00:00+00:00,2024-10-21T13:29:00+00:00,20508.0,20523.0,20345.0,20520.5,611215,330,2024-10-21T14:30:00+00:00,2024-10-21T19:59:00+00:00,161,324,0.4984520123839009,183.5,131.25,178.0,1.3561904761904762,0.0702247191011236,0.0702247191011236,False,True,False,False,broken,broken_up,False,False,True,True,False,False,False,0.8387096774193549,17,0.051515151515151514
MNQ,2024-10-22,20402.75,20519.5,20368.75,20487.5,284651,60,2024-10-22T13:30:00+00:00,2024-10-22T14:29:00+00:00,20455.720640948624,20539.0,20543.75,20360.25,20402.25,295086,930,2024-10-21T22:00:00+00:00,2024-10-22T13:29:00+00:00,20487.25,20602.0,20425.25,20540.25,554735,330,2024-10-22T14:30:00+00:00,2024-10-22T19:59:00+00:00,144,322,0.4485981308411215,183.5,150.75,176.75,1.1724709784411278,0.29985855728429983,0.29985855728429983,True,False,False,False,trapped,trapped,True,True,False,True,True,False,True,0.7352625937834941,15,0.045454545454545456
MNQ,2024-10-23,20434.75,20462.75,20346.0,20418.25,273939,60,2024-10-23T13:30:00+00:00,2024-10-23T14:29:00+00:00,20408.978877292633,20522.75,20542.5,20423.75,20434.75,233757,930,2024-10-22T22:00:00+00:00,2024-10-23T13:29:00+00:00,20418.5,20458.0,20079.0,20218.5,841892,330,2024-10-23T14:30:00+00:00,2024-10-23T19:59:00+00:00,160,326,0.49230769230769234,118.75,116.75,379.0,3.246252676659529,0.5277044854881267,-0.5277044854881267,False,False,True,False,broken,broken_down,False,False,True,True,False,True,True,0.36351791530944627,6,0.01818181818181818
MNQ,2024-10-24,20372.5,20379.5,20296.0,20315.5,262847,60,2024-10-24T13:30:00+00:00,2024-10-24T14:29:00+00:00,20337.688876355194,20299.5,20428.0,20268.0,20372.75,240197,930,2024-10-23T22:00:00+00:00,2024-10-24T13:29:00+00:00,20315.5,20408.75,20260.5,20380.0,639888,330,2024-10-24T14:30:00+00:00,2024-10-24T19:59:00+00:00,143,319,0.449685534591195,160.0,83.5,148.25,1.7754491017964071,0.4350758853288364,0.4350758853288364,True,False,False,False,trapped,trapped,False,True,True,True,False,True,True,0.806070826306914,26,0.07878787878787878
MNQ,2024-10-25,20491.0,20707.5,20490.0,20693.75,273879,60,2024-10-25T13:30:00+00:00,2024-10-25T14:29:00+00:00,20625.475994265107,20385.0,20511.75,20363.25,20491.25,216825,930,2024-10-24T22:00:00+00:00,2024-10-25T13:29:00+00:00,20694.0,20703.0,20460.0,20495.0,791777,330,2024-10-25T14:30:00+00:00,2024-10-25T19:59:00+00:00,173,327,0.5306748466257669,148.5,217.5,243.0,1.1172413793103448,0.8189300411522634,-0.8189300411522634,False,True,False,False,broken,broken_up,False,False,True,True,False,False,False,0.1414141414141414,17,0.051515151515151514
MNQ,2024-10-28,20625.25,20627.0,20528.0,20599.5,229407,60,2024-10-28T13:30:00+00:00,2024-10-28T14:29:00+00:00,20573.882135244352,20524.0,20676.75,20522.0,20625.5,302965,930,2024-10-27T22:00:00+00:00,2024-10-28T13:29:00+00:00,20599.5,20617.75,20486.0,20500.0,558287,330,2024-10-28T14:30:00+00:00,2024-10-28T19:59:00+00:00,182,326,0.56,154.75,99.0,131.75,1.3308080808080809,0.7552182163187856,-0.7552182163187856,True,False,False,False,trapped,trapped,True,False,True,True,False,True,True,0.09929078014184398,5,0.015151515151515152
MNQ,2024-10-29,20511.0,20603.0,20432.0,20543.5,294764,60,2024-10-29T13:30:00+00:00,2024-10-29T14:29:00+00:00,20507.92672980192,20508.0,20555.0,20451.0,20510.75,250638,930,2024-10-28T22:00:00+00:00,2024-10-29T13:29:00+00:00,20543.5,20746.5,20542.0,20695.25,595418,330,2024-10-29T14:30:00+00:00,2024-10-29T19:59:00+00:00,154,315,0.49044585987261147,104.0,171.0,204.5,1.195906432748538,0.7420537897310513,0.7420537897310513,False,True,True,True,broken,broken_both,False,True,False,True,True,False,True,0.8370429252782194,0,0.0
MNQ,2024-10-30,20661.75,20699.5,20543.0,20689.5,288928,60,2024-10-30T13:30:00+00:00,2024-10-30T14:29:00+00:00,20626.061228633658,20725.0,20789.75,20639.75,20661.25,281473,930,2024-10-29T22:00:00+00:00,2024-10-30T13:29:00+00:00,20689.5,20693.0,20515.0,20536.0,606088,330,2024-10-30T14:30:00+00:00,2024-10-30T19:59:00+00:00,161,321,0.503125,150.0,156.5,178.0,1.1373801916932906,0.8623595505617978,-0.8623595505617978,False,False,True,False,broken,broken_down,False,False,True,True,False,True,True,0.11382113821138211,11,0.03333333333333333
MNQ,2024-10-31,20365.75,20369.0,20119.0,20140.25,353187,60,2024-10-31T13:30:00+00:00,2024-10-31T14:29:00+00:00,20207.55456245558,20486.0,20496.5,20287.0,20365.25,346360,930,2024-10-30T22:00:00+00:00,2024-10-31T13:29:00+00:00,20140.5,20157.0,20007.75,20012.5,756959,330,2024-10-31T14:30:00+00:00,2024-10-31T19:59:00+00:00,147,327,0.450920245398773,209.5,250.0,149.25,0.597,0.8576214405360134,-0.8576214405360134,False,False,True,False,broken,broken_down,False,False,True,True,False,True,True,0.01314878892733564,0,0.0
MNQ,2024-11-01,20068.5,20270.5,20057.25,20270.5,279005,60,2024-11-01T13:30:00+00:00,2024-11-01T14:29:00+00:00,20165.38748767943,20065.25,20147.0,20017.75,20068.75,270214,930,2024-10-31T22:00:00+00:00,2024-11-01T13:29:00+00:00,20270.5,20287.25,20123.0,20146.75,791913,330,2024-11-01T14:30:00+00:00,2024-11-01T19:59:00+00:00,149,318,0.47003154574132494,129.25,213.25,164.25,0.7702227432590856,0.7534246575342466,-0.7534246575342466,False,True,False,False,broken,broken_up,False,True,False,True,True,False,True,0.38913043478260867,57,0.17272727272727273
MNQ,2024-11-04,20120.25,20204.25,20013.25,20183.25,262384,60,2024-11-04T14:30:00+00:00,2024-11-04T15:29:00+00:00,20113.576405509993,20141.75,20249.0,20066.25,20120.5,319945,930,2024-11-03T23:00:00+00:00,2024-11-04T14:29:00+00:00,20183.25,20226.75,20028.75,20085.75,568077,330,2024-11-04T15:30:00+00:00,2024-11-04T20:59:00+00:00,176,324,0.544891640866873,182.75,191.0,198.0,1.036649214659686,0.49242424242424243,-0.49242424242424243,False,False,True,False,broken,broken_down,False,True,False,True,False,False,False,0.3395784543325527,22,0.06666666666666667
MNQ,2024-11-05,20152.25,20324.5,20147.0,20266.0,265115,60,2024-11-05T14:30:00+00:00,2024-11-05T15:29:00+00:00,20252.78722629802,20128.0,20171.25,20041.75,20152.25,248741,930,2024-11-04T23:00:00+00:00,2024-11-05T14:29:00+00:00,20266.5,20373.0,20232.5,20341.25,529632,330,2024-11-05T15:30:00+00:00,2024-11-05T20:59:00+00:00,164,322,0.5109034267912772,129.5,177.5,140.5,0.7915492957746478,0.5320284697508897,0.5320284697508897,False,True,False,False,broken,broken_up,False,True,False,True,True,False,True,0.8595132743362832,9,0.02727272727272727
MNQ,2024-11-06,20684.75,20806.75,20643.5,20795.25,379957,60,2024-11-06T14:30:00+00:00,2024-11-06T15:29:00+00:00,20723.88711661232,20365.0,20731.5,20323.5,20685.0,573034,930,2024-11-05T23:00:00+00:00,2024-11-06T14:29:00+00:00,20795.25,20935.75,20692.25,20893.5,559017,330,2024-11-06T15:30:00+00:00,2024-11-06T20:59:00+00:00,152,322,0.4735202492211838,408.0,163.25,243.5,1.4915773353751913,0.40349075975359344,0.40349075975359344,False,True,False,False,broken,broken_up,False,True,False,True,True,False,True,0.8554319931565441,15,0.045454545454545456
MNQ,2024-11-07,21006.25,21129.5,21003.75,21110.5,217966,60,2024-11-07T14:30:00+00:00,2024-11-07T15:29:00+00:00,21078.69854510948,20924.25,21020.5,20860.75,21006.5,273256,930,2024-11-06T23:00:00+00:00,2024-11-07T14:29:00+00:00,21111.5,21253.5,21086.5,21221.75,525035,330,2024-11-07T15:30:00+00:00,2024-11-07T20:59:00+00:00,154,323,0.4782608695652174,159.75,125.75,167.0,1.3280318091451293,0.6601796407185628,0.6601796407185628,False,True,False,False,broken,broken_up,False,True,False,True,True,False,True,0.8728728728728729,0,0.0
MNQ,2024-11-08,21186.25,21232.0,21161.5,21192.5,249716,60,2024-11-08T14:30:00+00:00,2024-11-08T15:29:00+00:00,21199.917522972766,21225.0,21263.5,21121.5,21186.25,250187,930,2024-11-07T23:00:00+00:00,2024-11-08T14:29:00+00:00,21192.0,21266.5,21171.0,21234.0,451212,330,2024-11-08T15:30:00+00:00,2024-11-08T20:59:00+00:00,164,318,0.5173501577287066,142.0,70.5,95.5,1.3546099290780143,0.4397905759162304,0.4397905759162304,True,False,False,False,trapped,trapped,False,True,False,True,True,False,True,0.6904761904761905,37,0.11212121212121212
MNQ,2024-11-11,21282.75,21292.5,21155.25,21188.75,266131,60,2024-11-11T14:30:00+00:00,2024-11-11T15:29:00+00:00,21210.00877857146,21242.0,21340.5,21242.0,21282.25,236801,930,2024-11-10T23:00:00+00:00,2024-11-11T14:29:00+00:00,21188.75,21244.25,21098.25,21220.0,531436,330,2024-11-11T15:30:00+00:00,2024-11-11T20:59:00+00:00,164,323,0.5093167701863354,98.5,137.25,146.0,1.0637522768670309,0.21404109589041095,0.21404109589041095,False,False,True,False,broken,broken_down,False,False,True,True,False,True,True,0.6267696267696268,34,0.10303030303030303
MNQ,2024-11-12,21214.5,21252.25,21179.0,21216.25,267621,60,2024-11-12T14:30:00+00:00,2024-11-12T15:29:00+00:00,21216.26388530796,21218.0,21249.75,21129.5,21214.25,273401,930,2024-11-11T23:00:00+00:00,2024-11-12T14:29:00+00:00,21216.5,21236.5,21054.75,21185.25,629921,330,2024-11-12T15:30:00+00:00,2024-11-12T20:59:00+00:00,163,324,0.5046439628482973,120.25,73.25,181.75,2.4812286689419794,0.171939477303989,-0.171939477303989,False,True,False,False,broken,broken_up,False,False,True,True,False,True,True,0.660759493670886,13,0.03939393939393939
MNQ,2024-11-13,21158.75,21184.75,21057.5,21100.0,285447,60,2024-11-13T14:30:00+00:00,2024-11-13T15:29:00+00:00,21127.794818594462,21180.5,21243.5,21101.25,21158.5,295473,930,2024-11-12T23:00:00+00:00,2024-11-13T14:29:00+00:00,21100.0,21268.75,21086.0,21159.0,699370,330,2024-11-13T15:30:00+00:00,2024-11-13T20:59:00+00:00,159,327,0.48773006134969327,142.25,127.25,182.75,1.4361493123772102,0.3228454172366621,0.3228454172366621,False,False,True,False,broken,broken_down,False,True,False,True,True,False,True,0.4804733727810651,28,0.08484848484848485
MNQ,2024-11-14,21137.5,21174.5,21040.25,21099.0,303074,60,2024-11-14T14:30:00+00:00,2024-11-14T15:29:00+00:00,21101.25612859126,21166.0,21191.25,21089.75,21137.25,261749,930,2024-11-13T23:00:00+00:00,2024-11-14T14:29:00+00:00,21099.0,21140.5,20971.0,21008.75,727103,330,2024-11-14T15:30:00+00:00,2024-11-14T20:59:00+00:00,153,324,0.47368421052631576,101.5,134.25,169.5,1.2625698324022345,0.532448377581121,-0.532448377581121,False,False,True,False,broken,broken_down,False,False,True,True,False,True,True,0.1855036855036855,50,0.15151515151515152
MNQ,2024-11-15,20758.5,20774.0,20582.5,20589.5,332849,60,2024-11-15T14:30:00+00:00,2024-11-15T15:29:00+00:00,20681.6445638012,20980.0,20981.0,20752.0,20758.5,360999,930,2024-11-14T23:00:00+00:00,2024-11-15T14:29:00+00:00,20589.25,20608.5,20405.25,20491.75,783654,330,2024-11-15T15:30:00+00:00,2024-11-15T20:59:00+00:00,174,324,0.5386996904024768,229.0,191.5,203.25,1.0613577023498695,0.4797047970479705,-0.4797047970479705,False,False,True,False,broken,broken_down,False,False,True,True,False,True,True,0.23457627118644067,0,0.0
MNQ,2024-11-18,20557.0,20653.5,20500.5,20652.25,255421,60,2024-11-18T14:30:00+00:00,2024-11-18T15:29:00+00:00,20557.788264929924,20504.75,20657.75,20476.25,20557.25,373021,930,2024-11-17T23:00:00+00:00,2024-11-18T14:29:00+00:00,20652.5,20724.5,20590.5,20631.25,597374,330,2024-11-18T15:30:00+00:00,2024-11-18T20:59:00+00:00,158,326,0.48615384615384616,181.5,153.0,134.0,0.8758169934640523,0.15858208955223882,-0.15858208955223882,True,False,False,False,trapped,trapped,True,True,False,True,True,False,True,0.5837053571428571,0,0.0
MNQ,2024-11-19,20522.0,20604.5,20508.0,20602.5,245823,60,2024-11-19T14:30:00+00:00,2024-11-19T15:29:00+00:00,20553.142244623163,20634.25,20696.75,20382.0,20521.75,462936,930,2024-11-18T23:00:00+00:00,2024-11-19T14:29:00+00:00,20602.25,20792.5,20582.5,20765.25,542171,330,2024-11-19T15:30:00+00:00,2024-11-19T20:59:00+00:00,177,324,0.5479876160990712,314.75,96.5,210.0,2.1761658031088085,0.7761904761904762,0.7761904761904762,True,False,False,False,trapped,trapped,False,True,False,True,True,False,True,0.9042179261862917,0,0.0
MNQ,2024-11-20,20753.0,20756.0,20477.25,20519.25,340523,60,2024-11-20T14:30:00+00:00,2024-11-20T15:29:00+00:00,20608.29145290235,20766.0,20843.5,20733.0,20753.25,313424,930,2024-11-19T23:00:00+00:00,2024-11-20T14:29:00+00:00,20518.75,20764.25,20510.5,20752.0,715382,330,2024-11-20T15:30:00+00:00,2024-11-20T20:59:00+00:00,166,323,0.515527950310559,110.5,278.75,253.75,0.9103139013452914,0.9192118226600985,0.9192118226600985,False,False,True,False,broken,broken_down,False,True,False,True,False,False,False,0.9573170731707317,44,0.13333333333333333
MNQ,2024-11-21,20875.25,20907.0,20523.25,20528.75,478842,60,2024-11-21T14:30:00+00:00,2024-11-21T15:29:00+00:00,20691.405673652967,20739.25,20889.25,20595.75,20875.5,509796,930,2024-11-20T23:00:00+00:00,2024-11-21T14:29:00+00:00,20528.75,20878.75,20514.0,20823.5,726406,330,2024-11-21T15:30:00+00:00,2024-11-21T20:59:00+00:00,155,323,0.4813664596273292,293.5,383.75,364.75,0.9504885993485342,0.8080877313228239,0.8080877313228239,False,True,True,True,broken,broken_both,False,False,True,True,False,True,True,0.787531806615776,6,0.01818181818181818
MNQ,2024-11-22,20790.5,20873.25,20722.0,20741.5,368858,60,2024-11-22T14:30:00+00:00,2024-11-22T15:29:00+00:00,20802.032141094947,20804.0,20844.75,20693.0,20790.75,383809,930,2024-11-21T23:00:00+00:00,2024-11-22T14:29:00+00:00,20742.25,20880.5,20735.0,20847.5,682151,330,2024-11-22T15:30:00+00:00,2024-11-22T20:59:00+00:00,157,324,0.48606811145510836,151.75,151.25,145.5,0.9619834710743802,0.7233676975945017,0.7233676975945017,False,True,False,False,broken,broken_up,False,True,False,True,True,False,True,0.7917981072555205,17,0.051515151515151514
MNQ,2024-11-25,21016.0,21081.25,20869.5,20930.25,415577,60,2024-11-25T14:30:00+00:00,2024-11-25T15:29:00+00:00,20967.19705774542,20909.0,21045.5,20908.0,21016.5,258620,930,2024-11-24T23:00:00+00:00,2024-11-25T14:29:00+00:00,20930.0,20962.25,20780.25,20878.0,608367,330,2024-11-25T15:30:00+00:00,2024-11-25T20:59:00+00:00,160,324,0.4953560371517028,137.5,211.75,182.0,0.859504132231405,0.2857142857142857,-0.2857142857142857,False,True,True,True,broken,broken_both,False,False,True,True,False,True,True,0.32475083056478404,0,0.0
MNQ,2024-11-26,20938.75,21025.0,20919.0,20955.0,305882,60,2024-11-26T14:30:00+00:00,2024-11-26T15:29:00+00:00,20969.755637794966,20910.0,20979.5,20755.25,20937.75,386795,930,2024-11-25T23:00:00+00:00,2024-11-26T14:29:00+00:00,20954.75,21008.5,20903.75,20989.5,572014,330,2024-11-26T15:30:00+00:00,2024-11-26T20:59:00+00:00,169,321,0.528125,224.25,106.0,104.75,0.9882075471698113,0.3317422434367542,0.3317422434367542,False,True,False,False,broken,broken_up,False,False,True,True,False,False,False,0.7072164948453609,44,0.13333333333333333
MNQ,2024-11-27,20936.25,20939.75,20765.5,20775.0,278508,60,2024-11-27T14:30:00+00:00,2024-11-27T15:29:00+00:00,20847.422650636006,20998.25,21019.25,20904.5,20937.0,271096,930,2024-11-26T23:00:00+00:00,2024-11-27T14:29:00+00:00,20775.0,20830.0,20675.0,20816.75,655387,330,2024-11-27T15:30:00+00:00,2024-11-27T20:59:00+00:00,163,327,0.5,114.75,174.25,155.0,0.8895265423242468,0.2693548387096774,0.2693548387096774,False,False,True,False,broken,broken_down,False,False,True,True,False,True,True,0.5354107648725213,0,0.0
MNQ,2024-11-28,20874.5,20902.0,20873.75,20892.5,36090,60,2024-11-28T14:30:00+00:00,2024-11-28T15:29:00+00:00,20889.44366860626,20814.75,20878.0,20806.5,20873.75,99198,930,2024-11-27T23:00:00+00:00,2024-11-28T14:29:00+00:00,20892.75,20909.5,20878.25,20889.5,43623,150,2024-11-28T15:30:00+00:00,2024-11-28T17:59:00+00:00,75,140,0.539568345323741,71.5,28.25,31.25,1.1061946902654867,0.104,-0.104,False,True,False,False,broken,broken_up,False,True,False,True,True,False,True,0.4405594405594406,32,0.21333333333333335
MNQ,2024-11-29,20831.5,20973.75,20805.75,20945.5,198588,60,2024-11-29T14:30:00+00:00,2024-11-29T15:29:00+00:00,20896.509269190487,20887.0,20937.75,20812.0,20831.0,254128,930,2024-11-28T23:00:00+00:00,2024-11-29T14:29:00+00:00,20945.25,21018.0,20936.5,20991.5,235852,165,2024-11-29T15:30:00+00:00,2024-11-29T18:14:00+00:00,70,159,0.4430379746835443,125.75,168.0,81.5,0.4851190476190476,0.5674846625766872,0.5674846625766872,False,True,True,True,broken,broken_both,False,True,False,True,True,False,True,0.8751472320376914,0,0.0
MNQ,2024-12-02,21042.75,21196.5,21026.5,21182.25,277056,60,2024-12-02T14:30:00+00:00,2024-12-02T15:29:00+00:00,21141.8811903851,20994.5,21046.75,20939.75,21043.0,254768,930,2024-12-01T23:00:00+00:00,2024-12-02T14:29:00+00:00,21181.75,21259.5,21141.0,21217.0,556363,330,2024-12-02T15:30:00+00:00,2024-12-02T20:59:00+00:00,151,318,0.47634069400630913,107.0,170.0,118.5,0.6970588235294117,0.2974683544303797,0.2974683544303797,False,True,False,False,broken,broken_up,False,True,False,True,True,False,True,0.8175965665236051,1,0.0030303030303030303
MNQ,2024-12-03,21158.0,21234.0,21134.75,21177.0,253544,60,2024-12-03T14:30:00+00:00,2024-12-03T15:29:00+00:00,21190.39541690331,21215.0,21243.75,21145.0,21157.5,211526,930,2024-12-02T23:00:00+00:00,2024-12-03T14:29:00+00:00,21177.0,21289.0,21162.0,21279.0,513641,330,2024-12-03T15:30:00+00:00,2024-12-03T20:59:00+00:00,161,322,0.5015576323987538,98.75,99.25,127.0,1.279596977329975,0.8031496062992126,0.8031496062992126,False,False,True,False,broken,broken_down,False,True,False,True,True,False,True,0.9351701782820098,14,0.04242424242424243
MNQ,2024-12-04,21418.0,21466.75,21388.25,21457.25,249722,60,2024-12-04T14:30:00+00:00,2024-12-04T15:29:00+00:00,21424.866529580897,21321.25,21456.75,21305.5,21418.0,215647,930,2024-12-03T23:00:00+00:00,2024-12-04T14:29:00+00:00,21456.75,21550.0,21439.0,21537.25,482158,330,2024-12-04T15:30:00+00:00,2024-12-04T20:59:00+00:00,161,321,0.503125,151.25,78.5,111.0,1.414012738853503,0.7252252252252253,0.7252252252252253,False,True,False,False,broken,broken_up,False,True,False,True,True,False,True,0.9211746522411128,0,0.0
MNQ,2024-12-05,21535.25,21552.0,21497.75,21518.25,221571,60,2024-12-05T14:30:00+00:00,2024-12-05T15:29:00+00:00,21523.636778203527,21511.0,21538.0,21489.0,21535.25,151852,930,2024-12-04T23:00:00+00:00,2024-12-05T14:29:00+00:00,21518.0,21567.75,21459.25,21475.25,536690,330,2024-12-05T15:30:00+00:00,2024-12-05T20:59:00+00:00,156,319,0.49056603773584906,49.0,54.25,108.5,2.0,0.39400921658986177,-0.39400921658986177,False,True,False,False,broken,broken_up,False,True,True,True,True,True,True,0.14746543778801843,21,0.06363636363636363
MNQ,2024-12-06,21491.0,21645.5,21485.0,21634.0,239686,60,2024-12-06T14:30:00+00:00,2024-12-06T15:29:00+00:00,21582.086727357182,21449.25,21530.0,21424.0,21491.25,201911,930,2024-12-05T23:00:00+00:00,2024-12-06T14:29:00+00:00,21634.0,21669.5,21572.75,21658.25,546661,330,2024-12-06T15:30:00+00:00,2024-12-06T20:59:00+00:00,176,324,0.544891640866873,106.0,160.5,96.75,0.602803738317757,0.25064599483204136,0.25064599483204136,False,True,False,False,broken,broken_up,False,True,False,True,True,False,True,0.9390243902439024,2,0.006060606060606061
MNQ,2024-12-09,21615.0,21649.0,21545.0,21554.25,240974,60,2024-12-09T14:30:00+00:00,2024-12-09T15:29:00+00:00,21611.289168817657,21648.75,21706.5,21586.0,21614.5,205596,930,2024-12-08T23:00:00+00:00,2024-12-09T14:29:00+00:00,21554.25,21577.0,21437.0,21485.75,643659,330,2024-12-09T15:30:00+00:00,2024-12-09T20:59:00+00:00,160,324,0.4953560371517028,120.5,104.0,140.0,1.3461538461538463,0.48928571428571427,-0.48928571428571427,False,False,True,False,broken,broken_down,False,False,True,True,False,True,True,0.22995283018867924,0,0.0
MNQ,2024-12-10,21532.75,21606.75,21505.25,21561.75,301398,60,2024-12-10T14:30:00+00:00,2024-12-10T15:29:00+00:00,21557.581296712873,21480.0,21538.0,21447.75,21532.5,165550,930,2024-12-09T23:00:00+00:00,2024-12-10T14:29:00+00:00,21561.75,21577.5,21352.75,21408.0,715817,330,2024-12-10T15:30:00+00:00,2024-12-10T20:59:00+00:00,150,323,0.4658385093167702,90.25,101.5,224.75,2.2142857142857144,0.6840934371523916,-0.6840934371523916,False,True,False,False,broken,broken_up,False,False,True,True,False,True,True,0.21751968503937008,9,0.02727272727272727
MNQ,2024-12-11,21590.25,21736.25,21573.0,21691.75,307620,60,2024-12-11T14:30:00+00:00,2024-12-11T15:29:00+00:00,21666.546365104132,21438.25,21590.5,21405.75,21590.0,210464,930,2024-12-10T23:00:00+00:00,2024-12-11T14:29:00+00:00,21691.25,21819.75,21673.75,21791.5,531354,330,2024-12-11T15:30:00+00:00,2024-12-11T20:59:00+00:00,161,323,0.5,184.75,163.25,146.0,0.8943338437978561,0.6866438356164384,0.6866438356164384,False,True,False,False,broken,broken_up,False,True,False,True,True,False,True,0.8855116514690983,0,0.0
MNQ,2024-12-12,21693.75,21719.25,21624.75,21708.0,304948,60,2024-12-12T14:30:00+00:00,2024-12-12T15:29:00+00:00,21671.771396270837,21756.75,21772.75,21648.0,21694.0,218974,930,2024-12-11T23:00:00+00:00,2024-12-12T14:29:00+00:00,21707.25,21744.5,21642.25,21643.25,564637,330,2024-12-12T15:30:00+00:00,2024-12-12T20:59:00+00:00,166,326,0.5107692307692308,124.75,94.5,102.25,1.082010582010582,0.6259168704156479,-0.6259168704156479,False,False,True,False,broken,broken_down,False,True,False,True,False,False,False,0.1544885177453027,20,0.06060606060606061
MNQ,2024-12-13,21795.0,21908.0,21790.25,21803.25,312402,60,2024-12-13T14:30:00+00:00,2024-12-13T15:29:00+00:00,21852.00292998551,21700.5,21844.0,21697.5,21795.5,232482,930,2024-12-12T23:00:00+00:00,2024-12-13T14:29:00+00:00,21803.5,21829.25,21666.75,21797.5,737614,330,2024-12-13T15:30:00+00:00,2024-12-13T20:59:00+00:00,160,323,0.4968944099378882,146.5,117.75,162.5,1.3800424628450105,0.036923076923076927,-0.036923076923076927,False,True,False,False,broken,broken_up,False,False,True,True,False,True,True,0.5419689119170984,0,0.0
MNQ,2024-12-16,21899.5,21996.25,21896.0,21995.0,157975,60,2024-12-16T14:30:00+00:00,2024-12-16T15:29:00+00:00,21946.904732816372,21785.25,21914.0,21762.25,21899.25,138982,930,2024-12-15T23:00:00+00:00,2024-12-16T14:29:00+00:00,21995.0,22152.5,21982.5,22111.5,276284,330,2024-12-16T15:30:00+00:00,2024-12-16T20:59:00+00:00,181,319,0.5691823899371069,151.75,100.25,170.0,1.6957605985037407,0.6852941176470588,0.6852941176470588,False,True,False,False,broken,broken_up,False,True,False,True,True,False,True,0.8401559454191033,0,0.0
MNQ,2024-12-17,22336.0,22367.25,22244.25,22247.5,270939,60,2024-12-17T14:30:00+00:00,2024-12-17T15:29:00+00:00,22302.610833065748,22113.0,22426.5,22078.75,22336.5,176012,930,2024-12-16T23:00:00+00:00,2024-12-17T14:29:00+00:00,22247.5,22386.25,22247.25,22315.5,456391,330,2024-12-17T15:30:00+00:00,2024-12-17T20:59:00+00:00,162,325,0.5,347.75,123.0,139.0,1.1300813008130082,0.4892086330935252,0.4892086330935252,True,False,False,False,trapped,trapped,False,True,False,True,False,False,False,0.5017605633802817,35,0.10606060606060606
MNQ,2024-12-18,22280.5,22315.75,22211.25,22312.5,207031,60,2024-12-18T14:30:00+00:00,2024-12-18T15:29:00+00:00,22271.80987790878,22306.0,22387.5,22205.5,22279.75,198010,930,2024-12-17T23:00:00+00:00,2024-12-18T14:29:00+00:00,22312.25,22351.75,21430.0,21496.75,802034,330,2024-12-18T15:30:00+00:00,2024-12-18T20:59:00+00:00,142,324,0.43962848297213625,182.0,104.5,921.75,8.820574162679426,0.8847301328993762,-0.8847301328993762,True,False,False,False,trapped,trapped,True,True,True,True,False,True,True,0.07241659886086249,5,0.015151515151515152
MNQ,2024-12-19,21677.0,21698.0,21497.25,21500.25,375912,60,2024-12-19T14:30:00+00:00,2024-12-19T15:29:00+00:00,21599.95675517142,21499.0,21682.25,21428.0,21677.0,454951,930,2024-12-18T23:00:00+00:00,2024-12-19T14:29:00+00:00,21499.75,21628.75,21363.25,21376.75,751124,330,2024-12-19T15:30:00+00:00,2024-12-19T20:59:00+00:00,182,327,0.558282208588957,254.25,200.75,265.5,1.3225404732254047,0.4632768361581921,-0.4632768361581921,False,True,False,False,broken,broken_up,False,False,True,True,False,True,True,0.040328603435399554,12,0.03636363636363636
MNQ,2024-12-20,21211.25,21461.5,21160.25,21457.5,399682,60,2024-12-20T14:30:00+00:00,2024-12-20T15:29:00+00:00,21278.187768859574,21429.75,21436.0,21007.0,21211.25,635562,930,2024-12-19T23:00:00+00:00,2024-12-20T14:29:00+00:00,21458.0,21812.5,21455.25,21567.5,1003202,330,2024-12-20T15:30:00+00:00,2024-12-20T20:59:00+00:00,168,327,0.5153374233128835,429.0,301.25,357.25,1.1858921161825726,0.3065080475857243,0.3065080475857243,False,True,False,False,broken,broken_up,False,True,False,True,True,False,True,0.6243771559984669,0,0.0
MNQ,2024-12-23,21619.25,21675.5,21476.0,21541.25,376173,60,2024-12-23T14:30:00+00:00,2024-12-23T15:29:00+00:00,21587.328699605412,21566.5,21741.5,21543.75,21619.25,427540,930,2024-12-22T23:00:00+00:00,2024-12-23T14:29:00+00:00,21541.0,21777.0,21522.0,21755.75,636057,330,2024-12-23T15:30:00+00:00,2024-12-23T20:59:00+00:00,163,321,0.509375,197.75,199.5,255.0,1.2781954887218046,0.842156862745098,0.842156862745098,False,False,True,False,broken,broken_down,False,True,False,True,True,False,True,0.9294019933554817,8,0.024242424242424242
MNQ,2024-12-24,21825.75,21941.0,21799.0,21924.25,193333,60,2024-12-24T14:30:00+00:00,2024-12-24T15:29:00+00:00,21880.19895206716,21738.75,21847.0,21708.5,21826.25,219425,930,2024-12-23T23:00:00+00:00,2024-12-24T14:29:00+00:00,21924.0,22050.0,21921.0,22046.25,236659,165,2024-12-24T15:30:00+00:00,2024-12-24T18:14:00+00:00,86,163,0.5308641975308642,138.5,142.0,129.0,0.9084507042253521,0.9476744186046512,0.9476744186046512,False,True,False,False,broken,broken_up,False,True,False,True,True,False,True,0.9850597609561753,0,0.0
MNQ,2024-12-26,21961.5,22008.5,21870.5,21991.25,250887,60,2024-12-26T14:30:00+00:00,2024-12-26T15:29:00+00:00,21955.531257764123,22050.0,22111.0,21894.25,21961.75,293494,930,2024-12-25T23:00:00+00:00,2024-12-26T14:29:00+00:00,21991.0,22075.0,21966.75,22007.25,483768,330,2024-12-26T15:30:00+00:00,2024-12-26T20:59:00+00:00,158,325,0.4876543209876543,216.75,138.0,108.25,0.7844202898550725,0.15011547344110854,0.15011547344110854,False,False,True,False,broken,broken_down,False,True,False,True,False,False,False,0.6687041564792175,0,0.0
MNQ,2024-12-27,21845.75,21863.0,21512.75,21560.75,393782,60,2024-12-27T14:30:00+00:00,2024-12-27T15:29:00+00:00,21663.87840141669,21984.0,22008.75,21844.0,21845.75,235907,930,2024-12-26T23:00:00+00:00,2024-12-27T14:29:00+00:00,21560.25,21716.5,21498.25,21703.0,767282,330,2024-12-27T15:30:00+00:00,2024-12-27T20:59:00+00:00,176,324,0.544891640866873,164.75,350.25,218.25,0.6231263383297645,0.6540664375715922,0.6540664375715922,False,False,True,False,broken,broken_down,False,False,True,True,False,True,True,0.5613433858807403,30,0.09090909090909091
MNQ,2024-12-30,21408.5,21417.0,21252.75,21280.0,326723,60,2024-12-30T14:30:00+00:00,2024-12-30T15:29:00+00:00,21326.063231952856,21710.75,21742.5,21358.5,21409.0,407838,930,2024-12-29T23:00:00+00:00,2024-12-30T14:29:00+00:00,21280.0,21569.5,21276.0,21412.0,628637,330,2024-12-30T15:30:00+00:00,2024-12-30T20:59:00+00:00,171,327,0.5245398773006135,384.0,164.25,293.5,1.786910197869102,0.4497444633730835,0.4497444633730835,False,False,True,False,broken,broken_down,False,True,False,True,False,False,False,0.5027624309392266,11,0.03333333333333333
MNQ,2024-12-31,21456.0,21489.5,21333.0,21416.0,312898,60,2024-12-31T14:30:00+00:00,2024-12-31T15:29:00+00:00,21414.00200704383,21391.25,21524.75,21343.25,21455.75,284207,930,2024-12-30T23:00:00+00:00,2024-12-31T14:29:00+00:00,21416.25,21443.5,21181.75,21220.75,749902,330,2024-12-31T15:30:00+00:00,2024-12-31T20:59:00+00:00,156,328,0.47706422018348627,181.5,156.5,261.75,1.6725239616613419,0.7468958930276982,-0.7468958930276982,False,False,True,False,broken,broken_down,False,False,True,True,False,True,True,0.12672623883021933,5,0.015151515151515152
MNQ,2025-01-02,21348.0,21444.0,21166.5,21288.0,426849,60,2025-01-02T14:30:00+00:00,2025-01-02T15:29:00+00:00,21314.042346356673,21273.25,21490.75,21121.0,21348.25,509729,930,2025-01-01T23:00:00+00:00,2025-01-02T14:29:00+00:00,21288.5,21357.0,20983.25,21169.5,1024882,330,2025-01-02T15:30:00+00:00,2025-01-02T20:59:00+00:00,177,328,0.5412844036697247,369.75,277.5,373.75,1.3468468468468469,0.3183946488294314,-0.3183946488294314,True,False,False,False,trapped,trapped,False,False,True,True,False,True,True,0.4042322300596853,24,0.07272727272727272
MNQ,2025-01-03,21293.75,21440.75,21260.75,21334.0,419938,60,2025-01-03T14:30:00+00:00,2025-01-03T15:29:00+00:00,21360.31781556642,21191.5,21303.0,21144.25,21294.25,278442,930,2025-01-02T23:00:00+00:00,2025-01-03T14:29:00+00:00,21334.0,21559.25,21296.75,21508.25,623120,330,2025-01-03T15:30:00+00:00,2025-01-03T20:59:00+00:00,166,320,0.5203761755485894,158.75,180.0,262.5,1.4583333333333333,0.6638095238095238,0.6638095238095238,False,True,False,False,broken,broken_up,False,True,False,True,True,False,True,0.8291457286432161,16,0.048484848484848485
MNQ,2025-01-06,21732.75,21886.75,21723.75,21876.5,367666,60,2025-01-06T14:30:00+00:00,2025-01-06T15:29:00+00:00,21811.346624608566,21532.0,21761.0,21478.75,21732.0,377474,930,2025-01-05T23:00:00+00:00,2025-01-06T14:29:00+00:00,21877.25,21897.0,21646.5,21750.0,730283,330,2025-01-06T15:30:00+00:00,2025-01-06T20:59:00+00:00,169,321,0.528125,282.25,163.0,250.5,1.5368098159509203,0.5079840319361277,-0.5079840319361277,False,True,False,False,broken,broken_up,False,True,True,True,True,False,True,0.41317365269461076,1,0.0030303030303030303
MNQ,2025-01-07,21791.75,21806.25,21524.75,21577.5,484723,60,2025-01-07T14:30:00+00:00,2025-01-07T15:29:00+00:00,21662.840680484867,21781.0,21797.5,21659.0,21791.5,302951,930,2025-01-06T23:00:00+00:00,2025-01-07T14:29:00+00:00,21577.0,21586.5,21279.5,21359.5,1012187,330,2025-01-07T15:30:00+00:00,2025-01-07T20:59:00+00:00,169,326,0.52,138.5,281.5,307.0,1.0905861456483126,0.7084690553745928,-0.7084690553745928,False,True,True,True,broken,broken_both,False,False,True,True,False,True,True,0.15187470336971998,0,0.0
MNQ,2025-01-08,21355.75,21406.0,21231.25,21288.75,406327,60,2025-01-08T14:30:00+00:00,2025-01-08T15:29:00+00:00,21324.790650756655,21386.25,21448.25,21221.25,21356.0,499145,930,2025-01-07T23:00:00+00:00,2025-01-08T14:29:00+00:00,21288.75,21431.5,21166.0,21360.25,913066,330,2025-01-08T15:30:00+00:00,2025-01-08T20:59:00+00:00,165,327,0.5061349693251533,227.0,174.75,265.5,1.51931330472103,0.2693032015065913,0.2693032015065913,True,False,False,False,trapped,trapped,True,True,True,True,False,True,True,0.731638418079096,51,0.15454545454545454
MNQ,2025-01-10,21193.25,21197.25,20874.75,21030.25,472998,60,2025-01-10T14:30:00+00:00,2025-01-10T15:29:00+00:00,21025.47650994296,21302.0,21372.5,21044.5,21193.0,583657,930,2025-01-09T23:00:00+00:00,2025-01-10T14:29:00+00:00,21030.5,21175.75,20886.0,21016.0,1063295,330,2025-01-10T15:30:00+00:00,2025-01-10T20:59:00+00:00,159,325,0.49074074074074076,328.0,322.5,289.75,0.8984496124031007,0.05004314063848145,-0.05004314063848145,False,False,True,False,broken,broken_down,False,False,False,False,False,False,False,0.437984496124031,37,0.11212121212121212
MNQ,2025-01-13,20765.75,20855.75,20701.5,20718.5,412128,60,2025-01-13T14:30:00+00:00,2025-01-13T15:29:00+00:00,20771.52546013213,21027.5,21037.0,20693.5,20765.75,570205,930,2025-01-12T23:00:00+00:00,2025-01-13T14:29:00+00:00,20718.25,20964.75,20717.0,20948.0,899455,330,2025-01-13T15:30:00+00:00,2025-01-13T20:59:00+00:00,165,326,0.5076923076923077,343.5,154.25,247.75,1.606158833063209,0.9273461150353178,0.9273461150353178,True,False,False,False,trapped,trapped,True,True,False,True,False,False,False,0.936372269705603,28,0.08484848484848485
MNQ,2025-01-14,21071.25,21129.25,20965.75,21016.25,370765,60,2025-01-14T14:30:00+00:00,2025-01-14T15:29:00+00:00,21054.719512809104,21020.0,21143.75,20944.0,21071.25,466681,930,2025-01-13T23:00:00+00:00,2025-01-14T14:29:00+00:00,21016.25,21028.5,20773.25,20923.75,986015,330,2025-01-14T15:30:00+00:00,2025-01-14T20:59:00+00:00,166,328,0.5076452599388379,199.75,163.5,255.25,1.5611620795107033,0.3623898139079334,-0.3623898139079334,True,False,False,False,trapped,trapped,False,False,True,True,False,True,True,0.42275280898876405,0,0.0
MNQ,2025-01-15,21252.25,21408.5,21186.5,21391.75,353319,60,2025-01-15T14:30:00+00:00,2025-01-15T15:29:00+00:00,21320.86844183302,20975.75,21329.0,20908.75,21251.5,376658,930,2025-01-14T23:00:00+00:00,2025-01-15T14:29:00+00:00,21392.0,21452.75,21246.25,21396.0,740527,330,2025-01-15T15:30:00+00:00,2025-01-15T20:59:00+00:00,166,318,0.5236593059936908,420.25,222.0,206.5,0.9301801801801802,0.01937046004842615,0.01937046004842615,False,True,False,False,broken,broken_up,False,True,False,True,True,False,True,0.7868544600938967,15,0.045454545454545456
MNQ,2025-01-16,21495.0,21498.0,21336.0,21376.25,373553,60,2025-01-16T14:30:00+00:00,2025-01-16T15:29:00+00:00,21404.80683731626,21386.25,21566.75,21352.75,21494.75,422669,930,2025-01-15T23:00:00+00:00,2025-01-16T14:29:00+00:00,21375.75,21474.5,21244.25,21248.0,800931,330,2025-01-16T15:30:00+00:00,2025-01-16T20:59:00+00:00,163,324,0.5046439628482973,214.0,162.0,230.25,1.4212962962962963,0.5548317046688382,-0.5548317046688382,False,False,True,False,broken,broken_down,False,False,True,True,False,True,True,0.014778325123152709,33,0.1
MNQ,2025-01-17,21647.0,21653.5,21481.0,21528.0,415207,60,2025-01-17T14:30:00+00:00,2025-01-17T15:29:00+00:00,21543.2593007825,21225.0,21680.0,21208.75,21646.25,405089,930,2025-01-16T23:00:00+00:00,2025-01-17T14:29:00+00:00,21528.25,21672.5,21515.5,21600.25,653648,330,2025-01-17T15:30:00+00:00,2025-01-17T20:59:00+00:00,170,323,0.5279503105590062,471.25,172.5,157.0,0.9101449275362319,0.4585987261146497,0.4585987261146497,True,False,False,False,trapped,trapped,False,True,False,True,False,False,False,0.6227154046997389,8,0.024242424242424242
MNQ,2025-01-20,21723.5,21780.0,21676.75,21688.75,121371,60,2025-01-20T14:30:00+00:00,2025-01-20T15:29:00+00:00,21732.694035230823,21601.0,21726.5,21527.25,21723.0,322692,930,2025-01-19T23:00:00+00:00,2025-01-20T14:29:00+00:00,21688.75,21730.75,21623.0,21680.5,162677,150,2025-01-20T15:30:00+00:00,2025-01-20T17:59:00+00:00,66,146,0.45517241379310347,199.25,103.25,107.75,1.0435835351089588,0.0765661252900232,-0.0765661252900232,False,True,False,False,broken,broken_up,False,False,True,True,False,False,False,0.3662420382165605,0,0.0
MNQ,2025-01-21,21710.75,21718.5,21525.5,21639.0,383439,60,2025-01-21T14:30:00+00:00,2025-01-21T15:29:00+00:00,21622.556812383023,21685.5,21746.5,21370.25,21711.0,474438,930,2025-01-20T23:00:00+00:00,2025-01-21T14:29:00+00:00,21639.0,21772.0,21585.25,21714.5,601849,330,2025-01-21T15:30:00+00:00,2025-01-21T20:59:00+00:00,179,323,0.5559006211180124,376.25,193.0,186.75,0.9676165803108808,0.4042838018741633,0.4042838018741633,True,False,False,False,trapped,trapped,False,True,False,True,True,False,True,0.7667342799188641,31,0.09393939393939393
MNQ,2025-01-22,21914.25,22037.0,21902.5,22012.75,313782,60,2025-01-22T14:30:00+00:00,2025-01-22T15:29:00+00:00,21984.513781595717,21800.0,21934.5,21769.0,21914.0,272521,930,2025-01-21T23:00:00+00:00,2025-01-22T14:29:00+00:00,22013.0,22094.0,21981.75,21997.25,575506,330,2025-01-22T15:30:00+00:00,2025-01-22T20:59:00+00:00,169,324,0.5232198142414861,165.5,134.5,112.25,0.8345724907063197,0.1403118040089087,-0.1403118040089087,False,True,False,False,broken,broken_up,False,True,False,True,True,False,True,0.49477806788511747,3,0.00909090909090909
MNQ,2025-01-23,21889.0,21918.25,21866.0,21900.75,234493,60,2025-01-23T14:30:00+00:00,2025-01-23T15:29:00+00:00,21893.57247195723,21982.5,21985.0,21855.5,21888.5,277050,930,2025-01-22T23:00:00+00:00,2025-01-23T14:29:00+00:00,21901.0,22044.0,21892.25,22042.0,632290,330,2025-01-23T15:30:00+00:00,2025-01-23T20:59:00+00:00,139,322,0.43302180685358255,129.5,52.25,151.75,2.9043062200956937,0.929159802306425,0.929159802306425,True,False,False,False,trapped,trapped,False,True,False,True,True,False,True,0.9887640449438202,2,0.006060606060606061
MNQ,2025-01-24,22044.25,22078.0,21987.5,21993.75,289522,60,2025-01-24T14:30:00+00:00,2025-01-24T15:29:00+00:00,22030.354978781117,22018.0,22059.0,21971.25,22044.25,301471,930,2025-01-23T23:00:00+00:00,2025-01-24T14:29:00+00:00,21993.75,22035.75,21843.25,21908.5,662845,330,2025-01-24T15:30:00+00:00,2025-01-24T20:59:00+00:00,170,322,0.5295950155763239,87.75,90.5,192.5,2.1270718232044197,0.44285714285714284,-0.44285714285714284,False,True,False,False,broken,broken_up,False,False,True,True,False,True,True,0.2779552715654952,7,0.021212121212121213
MNQ,2025-01-27,21123.75,21370.5,21108.25,21367.5,448511,60,2025-01-27T14:30:00+00:00,2025-01-27T15:29:00+00:00,21275.382446026968,21773.75,21774.0,20763.75,21124.0,1073415,930,2025-01-26T23:00:00+00:00,2025-01-27T14:29:00+00:00,21367.75,21418.0,21096.75,21258.5,1050648,330,2025-01-27T15:30:00+00:00,2025-01-27T20:59:00+00:00,161,324,0.4984520123839009,1010.25,262.25,321.25,1.2249761677788369,0.34007782101167316,-0.34007782101167316,True,False,False,False,trapped,trapped,False,True,True,True,False,False,False,0.5035019455252918,14,0.04242424242424243
MNQ,2025-01-28,21302.5,21481.25,21160.75,21467.25,418359,60,2025-01-28T14:30:00+00:00,2025-01-28T15:29:00+00:00,21294.721210531305,21340.0,21423.25,21218.0,21302.0,512892,930,2025-01-27T23:00:00+00:00,2025-01-28T14:29:00+00:00,21466.75,21626.0,21387.25,21576.0,869771,330,2025-01-28T15:30:00+00:00,2025-01-28T20:59:00+00:00,165,323,0.5124223602484472,205.25,320.5,238.75,0.7449297971918877,0.45759162303664924,0.45759162303664924,False,True,True,True,broken,broken_both,False,True,False,True,True,False,True,0.892530897367007,0,0.0
MNQ,2025-01-29,21599.75,21606.25,21480.5,21503.0,320233,60,2025-01-29T14:30:00+00:00,2025-01-29T15:29:00+00:00,21532.62317047275,21558.0,21697.25,21531.0,21600.0,341476,930,2025-01-28T23:00:00+00:00,2025-01-29T14:29:00+00:00,21503.25,21601.0,21368.0,21530.0,1059453,330,2025-01-29T15:30:00+00:00,2025-01-29T20:59:00+00:00,164,325,0.5061728395061729,166.25,125.75,233.0,1.8528827037773359,0.1148068669527897,0.1148068669527897,False,False,True,False,broken,broken_down,False,False,True,True,False,True,True,0.6799580272822665,53,0.1606060606060606
MNQ,2025-01-30,21650.0,21748.75,21522.0,21532.0,420601,60,2025-01-30T14:30:00+00:00,2025-01-30T15:29:00+00:00,21632.96032938581,21555.75,21709.5,21505.5,21650.25,412807,930,2025-01-29T23:00:00+00:00,2025-01-30T14:29:00+00:00,21532.0,21700.0,21419.0,21624.25,930893,330,2025-01-30T15:30:00+00:00,2025-01-30T20:59:00+00:00,155,325,0.4783950617283951,204.0,226.75,281.0,1.239250275633958,0.32829181494661924,0.32829181494661924,False,True,False,False,broken,broken_up,False,False,True,True,False,True,True,0.6224412433661866,12,0.03636363636363636
MNQ,2025-01-31,21774.25,21921.5,21764.0,21896.5,291540,60,2025-01-31T14:30:00+00:00,2025-01-31T15:29:00+00:00,21849.582819110008,21684.0,21813.75,21660.5,21774.25,337593,930,2025-01-30T23:00:00+00:00,2025-01-31T14:29:00+00:00,21896.75,21965.75,21536.25,21580.25,1131678,330,2025-01-31T15:30:00+00:00,2025-01-31T20:59:00+00:00,160,327,0.49079754601226994,153.25,157.5,429.5,2.726984126984127,0.7369033760186263,-0.7369033760186263,False,True,False,False,broken,broken_up,False,True,True,True,True,True,True,0.10244470314318975,6,0.01818181818181818
MNQ,2025-02-03,21215.5,21363.5,21113.25,21353.5,465565,60,2025-02-03T14:30:00+00:00,2025-02-03T15:29:00+00:00,21225.664881738678,21280.25,21280.25,20940.25,21215.25,767705,930,2025-02-02T23:00:00+00:00,2025-02-03T14:29:00+00:00,21352.75,21520.0,21321.25,21406.75,1023175,330,2025-02-03T15:30:00+00:00,2025-02-03T20:59:00+00:00,175,329,0.5335365853658537,340.0,250.25,198.75,0.7942057942057942,0.27169811320754716,0.27169811320754716,False,True,False,False,broken,broken_up,False,True,False,True,True,False,True,0.7215734480639213,0,0.0
MNQ,2025-02-04,21421.75,21663.5,21405.0,21640.0,297553,60,2025-02-04T14:30:00+00:00,2025-02-04T15:29:00+00:00,21557.285237980013,21592.25,21600.0,21240.75,21421.5,482951,930,2025-02-03T23:00:00+00:00,2025-02-04T14:29:00+00:00,21640.5,21694.75,21550.25,21668.0,583797,330,2025-02-04T15:30:00+00:00,2025-02-04T20:59:00+00:00,173,322,0.5389408099688473,359.25,258.5,144.5,0.5589941972920697,0.1903114186851211,0.1903114186851211,False,True,False,False,broken,broken_up,False,True,False,True,True,False,True,0.907679033649698,4,0.012121212121212121
MNQ,2025-02-05,21550.5,21609.0,21501.0,21581.75,319005,60,2025-02-05T14:30:00+00:00,2025-02-05T15:29:00+00:00,21549.72819731143,21566.0,21624.5,21429.0,21550.25,353612,930,2025-02-04T23:00:00+00:00,2025-02-05T14:29:00+00:00,21581.25,21769.25,21545.0,21761.5,622679,330,2025-02-05T15:30:00+00:00,2025-02-05T20:59:00+00:00,168,322,0.5233644859813084,195.5,108.0,224.25,2.076388888888889,0.8037904124860646,0.8037904124860646,True,False,False,False,trapped,trapped,False,True,False,True,True,False,True,0.9711090400745573,2,0.006060606060606061
MNQ,2025-02-06,21776.75,21849.5,21738.0,21792.5,287840,60,2025-02-06T14:30:00+00:00,2025-02-06T15:29:00+00:00,21793.995061202982,21768.0,21833.0,21706.0,21777.5,289887,930,2025-02-05T23:00:00+00:00,2025-02-06T14:29:00+00:00,21792.0,21882.0,21711.75,21871.0,618065,330,2025-02-06T15:30:00+00:00,2025-02-06T20:59:00+00:00,160,322,0.4984423676012461,127.0,111.5,170.25,1.5269058295964126,0.46402349486049926,0.46402349486049926,False,True,False,False,broken,broken_up,False,True,True,True,True,False,True,0.9353891336270191,36,0.10909090909090909
MNQ,2025-02-07,21885.5,21967.75,21685.0,21745.0,395739,60,2025-02-07T14:30:00+00:00,2025-02-07T15:29:00+00:00,21827.81360252591,21819.75,21923.5,21790.0,21885.75,283999,930,2025-02-06T23:00:00+00:00,2025-02-07T14:29:00+00:00,21744.5,21804.25,21553.0,21588.25,874593,330,2025-02-07T15:30:00+00:00,2025-02-07T20:59:00+00:00,161,324,0.4984520123839009,133.5,282.75,251.25,0.8885941644562334,0.6218905472636815,-0.6218905472636815,False,True,True,True,broken,broken_both,False,False,True,True,False,True,True,0.08499095840867993,0,0.0
MNQ,2025-02-10,21764.5,21873.5,21742.25,21862.5,251415,60,2025-02-10T14:30:00+00:00,2025-02-10T15:29:00+00:00,21801.294410304345,21464.75,21791.5,21415.0,21764.5,295502,930,2025-02-09T23:00:00+00:00,2025-02-10T14:29:00+00:00,21863.25,21893.75,21817.25,21843.0,442777,330,2025-02-10T15:30:00+00:00,2025-02-10T20:59:00+00:00,164,320,0.5141065830721003,376.5,131.25,76.5,0.5828571428571429,0.2647058823529412,-0.2647058823529412,False,True,False,False,broken,broken_up,False,True,False,True,True,False,True,0.665016501650165,0,0.0
MNQ,2025-02-11,21706.25,21845.25,21700.25,21838.25,240835,60,2025-02-11T14:30:00+00:00,2025-02-11T15:29:00+00:00,21787.233159286094,21832.0,21832.0,21669.5,21705.75,299225,930,2025-02-10T23:00:00+00:00,2025-02-11T14:29:00+00:00,21838.5,21871.25,21715.75,21790.25,573182,330,2025-02-11T15:30:00+00:00,2025-02-11T20:59:00+00:00,148,322,0.46105919003115264,162.5,145.0,155.5,1.0724137931034483,0.3102893890675241,-0.3102893890675241,False,True,False,False,broken,broken_up,False,True,False,True,True,False,True,0.5263157894736842,26,0.07878787878787878
MNQ,2025-02-12,21550.5,21739.0,21535.75,21696.75,355133,60,2025-02-12T14:30:00+00:00,2025-02-12T15:29:00+00:00,21640.3073111576,21802.0,21848.5,21510.0,21551.0,404129,930,2025-02-11T23:00:00+00:00,2025-02-12T14:29:00+00:00,21697.0,21839.0,21646.5,21801.75,627333,330,2025-02-12T15:30:00+00:00,2025-02-12T20:59:00+00:00,159,324,0.49226006191950467,338.5,203.25,192.5,0.947109471094711,0.5441558441558442,0.5441558441558442,True,False,False,False,trapped,trapped,False,True,False,True,False,False,False,0.877164056059357,0,0.0
MNQ,2025-02-13,21869.25,21996.5,21835.0,21973.5,369584,60,2025-02-13T14:30:00+00:00,2025-02-13T15:29:00+00:00,21914.05007071013,21865.0,21927.0,21752.75,21869.5,381809,930,2025-02-12T23:00:00+00:00,2025-02-13T14:29:00+00:00,21973.75,22123.75,21890.5,22109.0,676359,330,2025-02-13T15:30:00+00:00,2025-02-13T20:59:00+00:00,151,322,0.470404984423676,174.25,161.5,233.25,1.4442724458204335,0.579849946409432,0.579849946409432,False,True,False,False,broken,broken_up,False,True,False,True,True,False,True,0.9489177489177489,3,0.00909090909090909
MNQ,2025-02-14,22108.5,22160.0,22088.0,22138.5,252136,60,2025-02-14T14:30:00+00:00,2025-02-14T15:29:00+00:00,22124.684847661574,22072.5,22162.0,22042.5,22108.25,274943,930,2025-02-13T23:00:00+00:00,2025-02-14T14:29:00+00:00,22138.75,22224.0,22091.75,22194.5,584876,330,2025-02-14T15:30:00+00:00,2025-02-14T20:59:00+00:00,165,323,0.5124223602484472,119.5,72.0,132.25,1.8368055555555556,0.4215500945179584,0.4215500945179584,True,False,False,False,trapped,trapped,True,True,False,True,True,False,True,0.7830882352941176,24,0.07272727272727272
MNQ,2025-02-17,22241.0,22242.0,22192.0,22228.5,65628,60,2025-02-17T14:30:00+00:00,2025-02-17T15:29:00+00:00,22212.75949289937,22238.0,22281.75,22196.0,22241.0,182398,930,2025-02-16T23:00:00+00:00,2025-02-17T14:29:00+00:00,22228.5,22252.25,22222.25,22235.25,65407,150,2025-02-17T15:30:00+00:00,2025-02-17T17:59:00+00:00,78,144,0.5454545454545454,85.75,50.0,30.0,0.6,0.225,0.225,False,False,True,False,broken,broken_down,False,True,False,True,False,False,False,0.7178423236514523,0,0.0
MNQ,2025-02-18,22257.75,22268.0,22130.25,22139.0,316273,60,2025-02-18T14:30:00+00:00,2025-02-18T15:29:00+00:00,22200.336482247927,22229.5,22320.0,22198.5,22257.75,242951,930,2025-02-17T23:00:00+00:00,2025-02-18T14:29:00+00:00,22139.5,22239.25,22103.0,22238.75,557960,330,2025-02-18T15:30:00+00:00,2025-02-18T20:59:00+00:00,166,319,0.5220125786163522,121.5,137.75,136.25,0.9891107078039928,0.728440366972477,0.728440366972477,False,False,True,False,broken,broken_down,False,False,True,True,False,True,True,0.8227272727272728,22,0.06666666666666667
MNQ,2025-02-19,22207.5,22221.5,22118.0,22149.0,249488,60,2025-02-19T14:30:00+00:00,2025-02-19T15:29:00+00:00,22168.436336617393,22227.0,22291.5,22179.0,22207.0,263038,930,2025-02-18T23:00:00+00:00,2025-02-19T14:29:00+00:00,22149.5,22299.75,22146.5,22246.75,608968,330,2025-02-19T15:30:00+00:00,2025-02-19T20:59:00+00:00,153,325,0.4722222222222222,112.5,103.5,153.25,1.4806763285024154,0.634584013050571,0.634584013050571,False,False,True,False,broken,broken_down,False,True,False,True,True,False,True,0.7083906464924347,9,0.02727272727272727
MNQ,2025-02-20,22210.0,22227.0,21950.75,22088.0,396008,60,2025-02-20T14:30:00+00:00,2025-02-20T15:29:00+00:00,22085.71756504919,22215.0,22235.0,22140.5,22210.25,244553,930,2025-02-19T23:00:00+00:00,2025-02-20T14:29:00+00:00,22087.25,22148.0,21975.75,22145.25,659093,330,2025-02-20T15:30:00+00:00,2025-02-20T20:59:00+00:00,159,322,0.4953271028037383,94.5,276.25,172.25,0.6235294117647059,0.3367198838896952,0.3367198838896952,False,False,True,False,broken,broken_down,False,False,False,False,False,False,False,0.7040723981900453,26,0.07878787878787878
MNQ,2025-02-21,22186.5,22188.0,21992.25,22005.5,352501,60,2025-02-21T14:30:00+00:00,2025-02-21T15:29:00+00:00,22096.39614875797,22134.75,22245.75,22104.25,22185.75,247163,930,2025-02-20T23:00:00+00:00,2025-02-21T14:29:00+00:00,22005.5,22029.5,21662.0,21682.5,1013386,330,2025-02-21T15:30:00+00:00,2025-02-21T20:59:00+00:00,152,327,0.4662576687116564,141.5,195.75,367.5,1.8773946360153257,0.8789115646258503,-0.8789115646258503,False,False,True,False,broken,broken_down,False,False,True,True,False,True,True,0.03897338403041825,0,0.0
MNQ,2025-02-24,21753.0,21801.75,21436.75,21507.0,446641,60,2025-02-24T14:30:00+00:00,2025-02-24T15:29:00+00:00,21602.202632912493,21700.75,21813.0,21677.75,21752.75,360703,930,2025-02-23T23:00:00+00:00,2025-02-24T14:29:00+00:00,21506.75,21661.25,21408.5,21421.75,902398,330,2025-02-24T15:30:00+00:00,2025-02-24T20:59:00+00:00,159,324,0.49226006191950467,135.25,365.0,252.75,0.6924657534246575,0.3363006923837784,-0.3363006923837784,False,False,True,False,broken,broken_down,False,False,True,True,False,True,True,0.033693579148124604,38,0.11515151515151516
MNQ,2025-02-25,21391.25,21397.5,21028.0,21048.25,533006,60,2025-02-25T14:30:00+00:00,2025-02-25T15:29:00+00:00,21224.574257763205,21440.25,21453.25,21285.5,21391.25,499594,930,2025-02-24T23:00:00+00:00,2025-02-25T14:29:00+00:00,21048.75,21281.75,20990.5,21150.25,1113444,330,2025-02-25T15:30:00+00:00,2025-02-25T20:59:00+00:00,159,327,0.48773006134969327,167.75,369.5,291.25,0.7882273342354533,0.3484978540772532,0.3484978540772532,False,False,True,False,broken,broken_down,False,False,True,True,False,True,True,0.3925061425061425,25,0.07575757575757576
MNQ,2025-02-26,21238.5,21372.0,21188.5,21282.75,414263,60,2025-02-26T14:30:00+00:00,2025-02-26T15:29:00+00:00,21277.98239825908,21225.0,21332.5,21198.5,21238.5,320683,930,2025-02-25T23:00:00+00:00,2025-02-26T14:29:00+00:00,21282.5,21409.75,21064.75,21192.0,969933,330,2025-02-26T15:30:00+00:00,2025-02-26T20:59:00+00:00,177,326,0.5446153846153846,134.0,183.5,345.0,1.880108991825613,0.26231884057971017,-0.26231884057971017,False,True,True,True,broken,broken_both,False,True,True,True,True,True,True,0.36884057971014494,3,0.00909090909090909
MNQ,2025-02-27,21340.5,21381.0,20896.5,21127.0,607103,60,2025-02-27T14:30:00+00:00,2025-02-27T15:29:00+00:00,21125.67295156945,21250.75,21386.5,21107.75,21340.5,506921,930,2025-02-26T23:00:00+00:00,2025-02-27T14:29:00+00:00,21126.5,21160.0,20597.5,20608.5,1363432,330,2025-02-27T15:30:00+00:00,2025-02-27T20:59:00+00:00,152,328,0.4648318042813456,278.75,484.5,562.5,1.1609907120743035,0.9208888888888889,-0.9208888888888889,False,False,True,False,broken,broken_down,False,False,True,True,False,True,True,0.014039566049776643,10,0.030303030303030304
MNQ,2025-02-28,20590.75,20759.0,20460.25,20756.25,500928,60,2025-02-28T14:30:00+00:00,2025-02-28T15:29:00+00:00,20601.76654495922,20649.5,20687.75,20516.5,20590.5,569629,930,2025-02-27T23:00:00+00:00,2025-02-28T14:29:00+00:00,20756.5,20944.25,20483.75,20920.25,1324356,330,2025-02-28T15:30:00+00:00,2025-02-28T20:59:00+00:00,155,326,0.47692307692307695,171.25,298.75,460.5,1.5414225941422595,0.3555917480998914,0.3555917480998914,False,True,True,True,broken,broken_both,False,True,False,True,True,False,True,0.9504132231404959,22,0.06666666666666667
MNQ,2025-03-03,21055.75,21120.75,20759.75,20958.25,519374,60,2025-03-03T14:30:00+00:00,2025-03-03T15:29:00+00:00,20921.99846257225,21000.0,21101.0,20836.5,21056.5,530307,930,2025-03-02T23:00:00+00:00,2025-03-03T14:29:00+00:00,20958.5,20989.25,20317.5,20473.25,1373513,330,2025-03-03T15:30:00+00:00,2025-03-03T20:59:00+00:00,171,327,0.5245398773006135,264.5,361.0,671.75,1.860803324099723,0.7223669519910682,-0.7223669519910682,False,True,True,True,broken,broken_both,False,False,True,True,False,True,True,0.19389978213507625,51,0.15454545454545454
MNQ,2025-03-04,20342.5,20430.0,20075.75,20159.25,559360,60,2025-03-04T14:30:00+00:00,2025-03-04T15:29:00+00:00,20253.939167381774,20525.0,20591.75,20261.5,20343.0,723527,930,2025-03-03T23:00:00+00:00,2025-03-04T14:29:00+00:00,20158.75,20733.0,20108.75,20397.25,1295503,330,2025-03-04T15:30:00+00:00,2025-03-04T20:59:00+00:00,164,327,0.5030674846625767,330.25,354.25,624.25,1.7621736062103035,0.38205847016419703,0.38205847016419703,False,False,True,False,broken,broken_down,False,True,False,True,True,False,True,0.4891593761886649,9,0.02727272727272727
MNQ,2025-03-05,20421.25,20496.75,20270.25,20329.5,499309,60,2025-03-05T14:30:00+00:00,2025-03-05T15:29:00+00:00,20392.376149505286,20553.25,20631.25,20379.25,20420.75,615360,930,2025-03-04T23:00:00+00:00,2025-03-05T14:29:00+00:00,20330.0,20725.5,20215.0,20658.0,1271833,330,2025-03-05T15:30:00+00:00,2025-03-05T20:59:00+00:00,179,328,0.5474006116207951,252.0,226.5,510.5,2.253863134657837,0.6425073457394711,0.6425073457394711,False,False,True,False,broken,broken_down,False,True,True,True,True,True,True,0.8677766895200784,15,0.045454545454545456
MNQ,2025-03-06,20311.0,20483.5,20228.25,20457.75,479751,60,2025-03-06T14:30:00+00:00,2025-03-06T15:29:00+00:00,20339.160401611116,20608.0,20648.5,20299.25,20311.0,542137,930,2025-03-05T23:00:00+00:00,2025-03-06T14:29:00+00:00,20458.25,20513.25,20002.75,20094.0,1350600,330,2025-03-06T15:30:00+00:00,2025-03-06T20:59:00+00:00,171,328,0.5229357798165137,349.25,255.25,510.5,2.0,0.7135161606268364,-0.7135161606268364,False,False,True,False,broken,broken_down,False,True,True,True,False,True,True,0.17874632713026445,9,0.02727272727272727
MNQ,2025-03-07,20037.25,20242.25,20024.25,20058.75,462449,60,2025-03-07T14:30:00+00:00,2025-03-07T15:29:00+00:00,20128.11438774871,20212.0,20270.75,20027.0,20037.5,533309,930,2025-03-06T23:00:00+00:00,2025-03-07T14:29:00+00:00,20058.5,20286.75,19766.0,20224.75,1648445,330,2025-03-07T15:30:00+00:00,2025-03-07T20:59:00+00:00,156,328,0.47706422018348627,243.75,218.0,520.75,2.3887614678899083,0.31925108017282766,0.31925108017282766,False,False,True,False,broken,broken_down,False,True,True,True,True,True,True,0.8809409505520883,16,0.048484848484848485
MNQ,2025-03-10,19881.75,19902.0,19654.25,19668.25,482967,60,2025-03-10T13:30:00+00:00,2025-03-10T14:29:00+00:00,19778.023264356914,20149.5,20156.0,19860.5,19881.5,626963,930,2025-03-09T22:00:00+00:00,2025-03-10T13:29:00+00:00,19668.25,19702.75,19271.75,19463.25,1461020,330,2025-03-10T14:30:00+00:00,2025-03-10T19:59:00+00:00,156,327,0.4785276073619632,295.5,247.75,431.0,1.739656912209889,0.4756380510440835,-0.4756380510440835,False,False,True,False,broken,broken_down,False,False,True,True,False,True,True,0.303847679492265,0,0.0
MNQ,2025-03-11,19420.0,19613.5,19313.5,19322.0,572074,60,2025-03-11T13:30:00+00:00,2025-03-11T14:29:00+00:00,19472.46964815741,19439.0,19583.75,19140.0,19420.0,764133,930,2025-03-10T22:00:00+00:00,2025-03-11T13:29:00+00:00,19321.75,19687.5,19201.0,19392.75,1630102,330,2025-03-11T14:30:00+00:00,2025-03-11T19:59:00+00:00,159,329,0.4847560975609756,443.75,300.0,486.5,1.6216666666666666,0.1459403905447071,0.1459403905447071,False,True,False,False,broken,broken_up,False,True,True,True,True,False,True,0.39414182939362796,46,0.1393939393939394
MNQ,2025-03-12,19696.5,19776.75,19580.0,19629.75,496651,60,2025-03-12T13:30:00+00:00,2025-03-12T14:29:00+00:00,19674.962153504166,19412.0,19788.75,19387.0,19696.25,505760,930,2025-03-11T22:00:00+00:00,2025-03-12T13:29:00+00:00,19630.25,19727.75,19395.0,19609.25,1362350,330,2025-03-12T14:30:00+00:00,2025-03-12T19:59:00+00:00,150,326,0.46153846153846156,401.75,196.75,332.75,1.6912325285895806,0.06311044327573254,-0.06311044327573254,True,False,False,False,trapped,trapped,True,False,True,True,False,False,False,0.5612311722331369,43,0.1303030303030303
MNQ,2025-03-13,19573.75,19577.0,19324.0,19475.75,558010,60,2025-03-13T13:30:00+00:00,2025-03-13T14:29:00+00:00,19469.107089478683,19575.0,19693.75,19400.5,19573.75,605168,930,2025-03-12T22:00:00+00:00,2025-03-13T13:29:00+00:00,19476.25,19531.5,19165.5,19252.0,1430430,330,2025-03-13T14:30:00+00:00,2025-03-13T19:59:00+00:00,169,325,0.5216049382716049,293.25,253.0,366.0,1.4466403162055337,0.6127049180327869,-0.6127049180327869,False,False,True,False,broken,broken_down,False,False,True,True,False,True,True,0.21020656136087484,9,0.02727272727272727
MNQ,2025-03-14,19465.0,19620.75,19426.25,19475.0,471137,60,2025-03-14T13:30:00+00:00,2025-03-14T14:29:00+00:00,19530.633822893695,19310.0,19533.75,19298.25,19465.0,450000,930,2025-03-13T22:00:00+00:00,2025-03-14T13:29:00+00:00,19475.25,19742.75,19467.25,19705.25,1106052,330,2025-03-14T14:30:00+00:00,2025-03-14T19:59:00+00:00,165,323,0.5124223602484472,235.5,194.5,275.5,1.416452442159383,0.8348457350272233,0.8348457350272233,False,True,False,False,broken,broken_up,False,True,False,True,True,False,True,0.8815165876777251,3,0.00909090909090909
MNQ,2025-03-17,19702.75,19848.0,19684.0,19716.5,212532,60,2025-03-17T13:30:00+00:00,2025-03-17T14:29:00+00:00,19775.85957722445,19669.5,19778.5,19551.0,19703.25,275923,930,2025-03-16T22:00:00+00:00,2025-03-17T13:29:00+00:00,19716.75,19959.25,19628.5,19832.5,530884,330,2025-03-17T14:30:00+00:00,2025-03-17T19:59:00+00:00,155,325,0.4783950617283951,227.5,164.0,330.75,2.0167682926829267,0.34996220710506426,0.34996220710506426,False,True,False,False,broken,broken_up,False,True,True,True,True,False,True,0.6167800453514739,2,0.006060606060606061
MNQ,2025-03-18,19898.25,19900.75,19634.5,19700.0,328946,60,2025-03-18T13:30:00+00:00,2025-03-18T14:29:00+00:00,19729.66690834767,19830.5,20038.25,19816.5,19898.5,271427,930,2025-03-17T22:00:00+00:00,2025-03-18T13:29:00+00:00,19700.0,19783.5,19604.25,19706.5,754958,330,2025-03-18T14:30:00+00:00,2025-03-18T19:59:00+00:00,147,323,0.45652173913043476,221.75,266.25,179.25,0.6732394366197183,0.03626220362622036,0.03626220362622036,False,False,True,False,broken,broken_down,False,False,True,True,False,True,True,0.3448566610455312,60,0.18181818181818182
MNQ,2025-03-19,19788.25,19900.0,19706.5,19848.0,299876,60,2025-03-19T13:30:00+00:00,2025-03-19T14:29:00+00:00,19815.83267306042,19701.75,19797.25,19658.75,19788.5,289341,930,2025-03-18T22:00:00+00:00,2025-03-19T13:29:00+00:00,19847.5,20142.25,19765.5,19953.0,973028,330,2025-03-19T14:30:00+00:00,2025-03-19T19:59:00+00:00,154,326,0.47384615384615386,138.5,193.5,376.75,1.9470284237726099,0.28002654280026545,0.28002654280026545,False,True,False,False,broken,broken_up,False,True,False,True,True,False,True,0.5656913367756741,36,0.10909090909090909
MNQ,2025-03-20,19786.5,20086.25,19756.75,20055.0,349048,60,2025-03-20T13:30:00+00:00,2025-03-20T14:29:00+00:00,19944.945024514298,19954.0,20093.25,19734.5,19786.0,398252,930,2025-03-19T22:00:00+00:00,2025-03-20T13:29:00+00:00,20054.5,20105.0,19795.5,19881.5,1030545,330,2025-03-20T14:30:00+00:00,2025-03-20T19:59:00+00:00,152,325,0.4691358024691358,358.75,329.5,309.5,0.9393019726858877,0.5589660743134087,-0.5589660743134087,True,False,False,False,trapped,trapped,True,True,False,True,True,False,True,0.3582196697774587,6,0.01818181818181818
MNQ,2025-03-21,19657.75,19773.0,19607.0,19744.75,386160,60,2025-03-21T13:30:00+00:00,2025-03-21T14:29:00+00:00,19697.658316069334,19898.5,19933.0,19602.5,19658.0,431052,930,2025-03-20T22:00:00+00:00,2025-03-21T13:29:00+00:00,19744.75,19973.25,19675.0,19952.75,942598,330,2025-03-21T14:30:00+00:00,2025-03-21T19:59:00+00:00,167,327,0.5122699386503068,330.5,166.0,298.25,1.7966867469879517,0.6974015088013411,0.6974015088013411,True,False,False,False,trapped,trapped,True,True,False,True,True,False,True,0.9440273037542662,8,0.024242424242424242
MNQ,2025-03-24,20256.25,20347.5,20228.75,20339.0,308822,60,2025-03-24T13:30:00+00:00,2025-03-24T14:29:00+00:00,20293.83520604102,20052.25,20287.0,20048.0,20256.5,334053,930,2025-03-23T22:00:00+00:00,2025-03-24T13:29:00+00:00,20339.25,20409.25,20308.25,20366.0,649989,330,2025-03-24T14:30:00+00:00,2025-03-24T19:59:00+00:00,166,323,0.515527950310559,239.0,118.75,101.0,0.8505263157894737,0.26485148514851486,0.26485148514851486,False,True,False,False,broken,broken_up,False,True,False,True,True,False,True,0.760387811634349,0,0.0
MNQ,2025-03-25,20401.5,20454.75,20362.5,20453.75,299296,60,2025-03-25T13:30:00+00:00,2025-03-25T14:29:00+00:00,20405.217172409033,20358.25,20447.25,20292.0,20401.0,281272,930,2025-03-24T22:00:00+00:00,2025-03-25T13:29:00+00:00,20454.0,20496.5,20402.0,20488.25,648703,330,2025-03-25T14:30:00+00:00,2025-03-25T19:59:00+00:00,165,323,0.5124223602484472,155.25,92.25,94.5,1.024390243902439,0.36243386243386244,0.36243386243386244,False,True,False,False,broken,broken_up,False,True,False,True,True,False,True,0.9384328358208955,2,0.006060606060606061
MNQ,2025-03-26,20439.25,20475.0,20226.0,20285.25,386080,60,2025-03-26T13:30:00+00:00,2025-03-26T14:29:00+00:00,20356.638367264128,20513.0,20536.75,20428.0,20439.75,250932,930,2025-03-25T22:00:00+00:00,2025-03-26T13:29:00+00:00,20285.0,20320.5,20041.25,20112.5,942601,330,2025-03-26T14:30:00+00:00,2025-03-26T19:59:00+00:00,173,326,0.5323076923076923,108.75,249.0,279.25,1.1214859437751004,0.6177260519247986,-0.6177260519247986,False,False,True,False,broken,broken_down,False,False,True,True,False,True,True,0.1642651296829971,0,0.0
MNQ,2025-03-27,20028.75,20123.0,19937.75,20121.25,425241,60,2025-03-27T13:30:00+00:00,2025-03-27T14:29:00+00:00,20031.648171468256,20057.5,20148.0,20003.0,20029.0,422936,930,2025-03-26T22:00:00+00:00,2025-03-27T13:29:00+00:00,20120.5,20199.0,19975.0,19995.25,1022182,330,2025-03-27T14:30:00+00:00,2025-03-27T19:59:00+00:00,164,326,0.5046153846153846,145.0,185.25,224.0,1.2091767881241566,0.5591517857142857,-0.5591517857142857,False,False,True,False,broken,broken_down,False,True,False,True,True,False,True,0.22009569377990432,27,0.08181818181818182
MNQ,2025-03-28,19911.0,19941.25,19630.75,19638.75,413143,60,2025-03-28T13:30:00+00:00,2025-03-28T14:29:00+00:00,19808.3044472495,19998.25,20011.25,19845.75,19911.25,417398,930,2025-03-27T22:00:00+00:00,2025-03-28T13:29:00+00:00,19638.75,19660.75,19421.5,19461.5,1055976,330,2025-03-28T14:30:00+00:00,2025-03-28T19:59:00+00:00,174,325,0.5370370370370371,165.5,310.5,239.25,0.7705314009661836,0.7408568443051202,-0.7408568443051202,False,False,True,False,broken,broken_down,False,False,True,True,False,True,True,0.07696007696007696,0,0.0
MNQ,2025-03-31,19166.75,19192.25,18976.75,19059.75,408823,60,2025-03-31T13:30:00+00:00,2025-03-31T14:29:00+00:00,19084.552225535255,19317.75,19365.0,19118.25,19167.5,514145,930,2025-03-30T22:00:00+00:00,2025-03-31T13:29:00+00:00,19060.5,19489.5,19060.25,19450.25,1211592,330,2025-03-31T14:30:00+00:00,2025-03-31T19:59:00+00:00,158,324,0.4891640866873065,246.75,215.5,429.25,1.9918793503480279,0.9079790331974374,0.9079790331974374,False,False,True,False,broken,broken_down,False,True,False,True,True,False,True,0.9234519746465139,3,0.00909090909090909
MNQ,2025-04-01,19380.5,19462.25,19261.25,19333.0,466433,60,2025-04-01T13:30:00+00:00,2025-04-01T14:29:00+00:00,19364.431662925508,19413.0,19511.5,19283.75,19380.5,478401,930,2025-03-31T22:00:00+00:00,2025-04-01T13:29:00+00:00,19333.5,19643.25,19327.75,19603.25,1275440,330,2025-04-01T14:30:00+00:00,2025-04-01T19:59:00+00:00,165,325,0.5092592592592593,227.75,201.0,315.5,1.5696517412935322,0.8549920760697306,0.8549920760697306,False,False,True,False,broken,broken_down,False,True,False,True,True,False,True,0.8952879581151832,6,0.01818181818181818
MNQ,2025-04-02,19328.0,19620.5,19317.0,19598.75,460038,60,2025-04-02T13:30:00+00:00,2025-04-02T14:29:00+00:00,19524.92822984188,19597.75,19693.25,19317.0,19328.0,425044,930,2025-04-01T22:00:00+00:00,2025-04-02T13:29:00+00:00,19598.25,19890.0,19560.75,19746.5,1281395,330,2025-04-02T14:30:00+00:00,2025-04-02T19:59:00+00:00,169,329,0.5152439024390244,376.25,303.5,329.25,1.084843492586491,0.45026575550493547,0.45026575550493547,False,False,True,False,broken,broken_down,False,True,False,True,True,False,True,0.7495636998254799,0,0.0
MNQ,2025-04-03,18923.75,19074.0,18856.0,18921.5,401235,60,2025-04-03T13:30:00+00:00,2025-04-03T14:29:00+00:00,18964.331953842513,19023.5,19176.75,18817.5,18923.75,879331,928,2025-04-02T22:02:00+00:00,2025-04-03T13:29:00+00:00,18922.25,18988.25,18664.75,18686.25,1178242,330,2025-04-03T14:30:00+00:00,2025-04-03T19:59:00+00:00,176,327,0.5398773006134969,359.25,218.0,323.5,1.4839449541284404,0.7295208655332303,-0.7295208655332303,True,False,False,False,trapped,trapped,False,False,True,True,False,True,True,0.05253512522907758,10,0.030303030303030304
MNQ,2025-04-04,18153.0,18248.75,17912.75,17915.5,418243,60,2025-04-04T13:30:00+00:00,2025-04-04T14:29:00+00:00,18083.485288058215,18656.5,18713.25,17819.5,18152.5,1188939,930,2025-04-03T22:00:00+00:00,2025-04-04T13:29:00+00:00,17916.0,18147.0,17528.25,17535.75,1598857,330,2025-04-04T14:30:00+00:00,2025-04-04T19:59:00+00:00,158,329,0.4817073170731707,893.75,336.0,618.75,1.8415178571428572,0.6145454545454545,-0.6145454545454545,True,False,False,False,trapped,trapped,False,False,True,True,False,True,True,0.010409437890353921,11,0.03333333333333333
MNQ,2025-04-07,16928.0,18360.25,16673.5,17361.75,674152,60,2025-04-07T13:30:00+00:00,2025-04-07T14:29:00+00:00,17356.614625237828,17126.25,17278.25,16452.5,16929.0,1341165,930,2025-04-06T22:00:00+00:00,2025-04-07T13:29:00+00:00,17367.0,17821.75,17150.75,17560.25,1444344,330,2025-04-07T14:30:00+00:00,2025-04-07T19:59:00+00:00,166,328,0.5076452599388379,825.75,1686.75,671.0,0.39780643248851344,0.28800298062593144,0.28800298062593144,False,True,False,False,broken,broken_up,False,False,False,False,False,False,False,0.5257151326515488,33,0.1
MNQ,2025-04-08,18149.0,18357.25,18062.25,18283.75,471520,60,2025-04-08T13:30:00+00:00,2025-04-08T14:29:00+00:00,18216.47985486653,17650.25,18170.5,17644.0,18148.75,746496,930,2025-04-07T22:00:00+00:00,2025-04-08T13:29:00+00:00,18283.25,18332.5,16972.0,17239.25,1597956,330,2025-04-08T14:30:00+00:00,2025-04-08T19:59:00+00:00,145,329,0.4420731707317073,526.5,295.0,1360.5,4.611864406779661,0.7673649393605292,-0.7673649393605292,False,True,False,False,broken,broken_up,False,False,True,True,False,True,True,0.19292546471756,6,0.01818181818181818
MNQ,2025-04-09,17207.75,17597.25,17196.25,17444.25,368381,60,2025-04-09T13:30:00+00:00,2025-04-09T14:29:00+00:00,17413.60110411051,17226.0,17426.0,16735.0,17206.75,1168063,930,2025-04-08T22:00:00+00:00,2025-04-09T13:29:00+00:00,17445.25,19388.0,17214.5,19272.0,1463463,330,2025-04-09T14:30:00+00:00,2025-04-09T19:59:00+00:00,171,328,0.5229357798165137,691.0,401.0,2173.5,5.420199501246882,0.8404646882907753,0.8404646882907753,False,True,False,False,broken,broken_up,False,True,False,True,True,False,True,0.9470742557317212,21,0.06363636363636363
MNQ,2025-04-10,18791.0,18871.75,18563.5,18643.5,384621,60,2025-04-10T13:30:00+00:00,2025-04-10T14:29:00+00:00,18718.3678788123,19266.0,19384.5,18706.0,18791.25,752473,930,2025-04-09T22:00:00+00:00,2025-04-10T13:29:00+00:00,18644.0,18801.25,17918.25,18483.25,1663118,330,2025-04-10T14:30:00+00:00,2025-04-10T19:59:00+00:00,169,328,0.5168195718654435,678.5,308.25,883.0,2.86455798864558,0.18204983012457532,-0.18204983012457532,False,False,True,False,broken,broken_down,False,False,True,True,False,True,True,0.5925537493445202,8,0.024242424242424242
MNQ,2025-04-11,18415.0,18648.0,18277.25,18304.0,389283,60,2025-04-11T13:30:00+00:00,2025-04-11T14:29:00+00:00,18480.042731765836,18470.0,18793.25,18071.75,18414.5,892123,930,2025-04-10T22:00:00+00:00,2025-04-11T13:29:00+00:00,18304.75,18873.25,18270.0,18808.75,1174981,330,2025-04-11T14:30:00+00:00,2025-04-11T19:59:00+00:00,193,329,0.5884146341463414,721.5,370.75,603.25,1.6271072151045178,0.8354745130542892,0.8354745130542892,True,False,False,False,trapped,trapped,False,True,True,True,True,False,True,0.8930791545793618,11,0.03333333333333333
MNQ,2025-04-14,19232.75,19255.25,18987.0,19136.0,418656,60,2025-04-14T13:30:00+00:00,2025-04-14T14:29:00+00:00,19098.67924660501,19163.75,19255.75,18924.75,19232.5,534356,930,2025-04-13T22:00:00+00:00,2025-04-14T13:29:00+00:00,19136.0,19193.0,18738.5,18941.0,1175474,330,2025-04-14T14:30:00+00:00,2025-04-14T19:59:00+00:00,166,329,0.5060975609756098,331.0,268.25,454.5,1.6943150046598323,0.429042904290429,-0.429042904290429,True,False,False,False,trapped,trapped,True,False,True,True,False,True,True,0.3918722786647315,3,0.00909090909090909
MNQ,2025-04-15,18987.0,19144.75,18925.75,18967.75,385119,60,2025-04-15T13:30:00+00:00,2025-04-15T14:29:00+00:00,19045.358651914514,18903.75,19040.5,18809.75,18987.0,442189,930,2025-04-14T22:00:00+00:00,2025-04-15T13:29:00+00:00,18968.0,19090.75,18884.5,18959.75,964344,330,2025-04-15T14:30:00+00:00,2025-04-15T19:59:00+00:00,170,326,0.5230769230769231,230.75,219.0,206.25,0.9417808219178082,0.04,-0.04,False,True,False,False,broken,broken_up,False,False,True,True,False,False,False,0.28914505283381364,51,0.15454545454545454
MNQ,2025-04-16,18584.75,18679.0,18509.75,18618.25,344615,60,2025-04-16T13:30:00+00:00,2025-04-16T14:29:00+00:00,18595.93012202023,18810.0,18861.0,18504.5,18584.75,583939,930,2025-04-15T22:00:00+00:00,2025-04-16T13:29:00+00:00,18618.0,18735.25,18116.25,18387.5,1196588,330,2025-04-16T14:30:00+00:00,2025-04-16T19:59:00+00:00,154,327,0.4723926380368098,356.5,169.25,619.0,3.657311669128508,0.37237479806138934,-0.37237479806138934,True,False,False,False,trapped,trapped,True,True,True,True,False,True,True,0.43820678513731826,20,0.06060606060606061
MNQ,2025-04-17,18498.5,18509.5,18315.5,18321.25,389751,60,2025-04-17T13:30:00+00:00,2025-04-17T14:29:00+00:00,18423.924781249225,18381.0,18652.0,18346.0,18498.5,522025,930,2025-04-16T22:00:00+00:00,2025-04-17T13:29:00+00:00,18321.5,18526.0,18261.25,18373.0,1085511,330,2025-04-17T14:30:00+00:00,2025-04-17T19:59:00+00:00,184,328,0.5626911314984709,306.0,194.0,264.75,1.3646907216494846,0.19452313503305005,0.19452313503305005,False,False,True,False,broken,broken_down,False,True,True,True,False,True,True,0.42209631728045327,40,0.12121212121212122
MNQ,2025-04-21,18128.75,18165.75,17897.75,17926.0,301377,60,2025-04-21T13:30:00+00:00,2025-04-21T14:29:00+00:00,18025.386252655862,18307.5,18384.75,18074.25,18129.25,408124,930,2025-04-20T22:00:00+00:00,2025-04-21T13:29:00+00:00,17925.5,17988.0,17700.0,17922.25,875425,330,2025-04-21T14:30:00+00:00,2025-04-21T19:59:00+00:00,164,325,0.5061728395061729,310.5,268.0,288.0,1.0746268656716418,0.011284722222222222,-0.011284722222222222,False,False,True,False,broken,broken_down,False,False,True,True,False,True,True,0.47718733225979604,0,0.0
MNQ,2025-04-22,18152.25,18305.75,18100.25,18279.25,322218,60,2025-04-22T13:30:00+00:00,2025-04-22T14:29:00+00:00,18216.285490982296,17912.0,18170.75,17863.75,18152.25,388439,930,2025-04-21T22:00:00+00:00,2025-04-22T13:29:00+00:00,18279.5,18513.5,18210.5,18379.75,1131237,330,2025-04-22T14:30:00+00:00,2025-04-22T19:59:00+00:00,161,327,0.4938650306748466,307.0,205.5,303.0,1.4744525547445255,0.33085808580858084,0.33085808580858084,False,True,False,False,broken,broken_up,False,True,False,True,True,False,True,0.6763460375075621,2,0.006060606060606061
MNQ,2025-04-23,18949.0,19145.0,18917.0,19101.75,388356,60,2025-04-23T13:30:00+00:00,2025-04-23T14:29:00+00:00,19034.185567709355,18618.25,18972.25,18618.25,18948.5,501024,930,2025-04-22T22:00:00+00:00,2025-04-23T13:29:00+00:00,19101.5,19165.75,18729.75,18788.0,1185281,330,2025-04-23T14:30:00+00:00,2025-04-23T19:59:00+00:00,159,325,0.49074074074074076,354.0,228.0,436.0,1.912280701754386,0.7190366972477065,-0.7190366972477065,False,True,False,False,broken,broken_up,False,True,True,True,True,False,True,0.13360091743119265,6,0.01818181818181818
MNQ,2025-04-24,18875.5,19142.0,18846.5,19139.75,350199,60,2025-04-24T13:30:00+00:00,2025-04-24T14:29:00+00:00,19008.298141675637,18832.0,18877.75,18595.0,18875.25,501185,930,2025-04-23T22:00:00+00:00,2025-04-24T13:29:00+00:00,19139.25,19338.5,19087.5,19319.25,979462,330,2025-04-24T14:30:00+00:00,2025-04-24T19:59:00+00:00,168,326,0.5169230769230769,282.75,295.5,251.0,0.8494077834179357,0.7171314741035857,0.7171314741035857,False,True,False,False,broken,broken_up,False,True,False,True,True,False,True,0.9608739837398373,0,0.0
MNQ,2025-04-25,19302.25,19405.75,19236.0,19271.0,409656,60,2025-04-25T13:30:00+00:00,2025-04-25T14:29:00+00:00,19315.262690525713,19396.75,19497.25,19215.25,19302.25,510928,930,2025-04-24T22:00:00+00:00,2025-04-25T13:29:00+00:00,19271.75,19554.5,19234.5,19530.0,1024961,330,2025-04-25T14:30:00+00:00,2025-04-25T19:59:00+00:00,162,325,0.5,282.0,169.75,320.0,1.8851251840942562,0.80703125,0.80703125,True,False,False,False,trapped,trapped,False,True,True,True,True,False,True,0.9234375,10,0.030303030303030304
MNQ,2025-04-28,19548.25,19622.75,19433.0,19489.0,354143,60,2025-04-28T13:30:00+00:00,2025-04-28T14:29:00+00:00,19523.523582517042,19524.5,19569.5,19392.0,19547.75,355428,930,2025-04-27T22:00:00+00:00,2025-04-28T13:29:00+00:00,19489.25,19579.0,19257.75,19524.0,959807,330,2025-04-28T14:30:00+00:00,2025-04-28T19:59:00+00:00,146,326,0.4492307692307692,177.5,189.75,321.25,1.6930171277997366,0.10817120622568094,0.10817120622568094,False,True,False,False,broken,broken_up,False,False,True,True,False,True,True,0.7294520547945206,17,0.051515151515151514
MNQ,2025-04-29,19427.25,19601.0,19404.0,19497.25,316922,60,2025-04-29T13:30:00+00:00,2025-04-29T14:29:00+00:00,19507.448129718563,19479.75,19631.5,19379.25,19426.5,398144,930,2025-04-28T22:00:00+00:00,2025-04-29T13:29:00+00:00,19497.25,19692.5,19470.75,19645.0,876161,330,2025-04-29T14:30:00+00:00,2025-04-29T19:59:00+00:00,164,322,0.5109034267912772,252.25,197.0,221.75,1.1256345177664975,0.6662908680947013,0.6662908680947013,True,False,False,False,trapped,trapped,False,True,False,True,True,False,True,0.8353552859618717,16,0.048484848484848485
MNQ,2025-04-30,19301.25,19315.0,19102.25,19309.25,376676,60,2025-04-30T13:30:00+00:00,2025-04-30T14:29:00+00:00,19211.580144253065,19595.0,19623.25,19231.5,19301.5,443231,930,2025-04-29T22:00:00+00:00,2025-04-30T13:29:00+00:00,19309.25,19715.75,19275.75,19642.5,1108748,330,2025-04-30T14:30:00+00:00,2025-04-30T19:59:00+00:00,153,325,0.4722222222222222,391.75,212.75,440.0,2.0681551116333723,0.7573863636363637,0.7573863636363637,False,False,True,False,broken,broken_down,False,True,False,True,True,False,True,0.8806030969845151,0,0.0
MNQ,2025-05-01,19971.5,20005.25,19858.0,19999.75,349866,60,2025-05-01T13:30:00+00:00,2025-05-01T14:29:00+00:00,19938.62901606139,19835.0,20035.75,19812.0,19971.25,419995,930,2025-04-30T22:00:00+00:00,2025-05-01T13:29:00+00:00,19998.75,20125.25,19856.5,19877.5,914528,330,2025-05-01T14:30:00+00:00,2025-05-01T19:59:00+00:00,149,328,0.45565749235474007,223.75,147.25,268.75,1.8251273344651953,0.4511627906976744,-0.4511627906976744,True,False,False,False,trapped,trapped,False,True,True,True,True,False,True,0.07813953488372093,20,0.06060606060606061
MNQ,2025-05-02,20091.25,20180.5,20019.5,20179.25,324062,60,2025-05-02T13:30:00+00:00,2025-05-02T14:29:00+00:00,20105.055156626408,19781.75,20141.5,19748.25,20091.5,486993,930,2025-05-01T22:00:00+00:00,2025-05-02T13:29:00+00:00,20179.25,20277.0,20122.75,20185.5,801218,330,2025-05-02T14:30:00+00:00,2025-05-02T19:59:00+00:00,159,323,0.4937888198757764,393.25,161.0,154.25,0.9580745341614907,0.04051863857374392,0.04051863857374392,False,True,False,False,broken,broken_up,False,True,False,True,True,False,True,0.6446601941747573,0,0.0
MNQ,2025-05-05,20010.25,20111.0,19985.25,20059.25,298753,60,2025-05-05T13:30:00+00:00,2025-05-05T14:29:00+00:00,20049.031605540364,20182.0,20200.0,19966.25,20009.75,381469,930,2025-05-04T22:00:00+00:00,2025-05-05T13:29:00+00:00,20059.5,20191.25,20009.0,20065.5,617453,330,2025-05-05T14:30:00+00:00,2025-05-05T19:59:00+00:00,167,322,0.5202492211838006,233.75,125.75,182.25,1.4493041749502982,0.03292181069958848,0.03292181069958848,True,False,False,False,trapped,trapped,False,True,False,True,False,False,False,0.3895631067961165,6,0.01818181818181818
MNQ,2025-05-06,19795.75,19910.0,19738.25,19900.0,332017,60,2025-05-06T13:30:00+00:00,2025-05-06T14:29:00+00:00,19823.824048919178,20009.75,20037.5,19783.75,19795.5,389041,930,2025-05-05T22:00:00+00:00,2025-05-06T13:29:00+00:00,19899.75,20027.0,19837.5,19875.75,872650,330,2025-05-06T14:30:00+00:00,2025-05-06T19:59:00+00:00,172,327,0.5276073619631901,253.75,171.75,189.5,1.1033478893740902,0.1266490765171504,-0.1266490765171504,False,False,True,False,broken,broken_down,False,True,False,True,False,False,False,0.47619047619047616,0,0.0
MNQ,2025-05-07,19899.75,19977.0,19858.0,19972.5,246232,60,2025-05-07T13:30:00+00:00,2025-05-07T14:29:00+00:00,19918.21545737354,19812.5,20136.25,19801.25,19899.5,440493,930,2025-05-06T22:00:00+00:00,2025-05-07T13:29:00+00:00,19972.0,20055.0,19678.5,19950.0,1106290,330,2025-05-07T14:30:00+00:00,2025-05-07T19:59:00+00:00,165,328,0.5045871559633027,335.0,119.0,376.5,3.1638655462184873,0.05843293492695883,-0.05843293492695883,True,False,False,False,trapped,trapped,False,True,True,True,False,True,True,0.7211155378486056,14,0.04242424242424243
MNQ,2025-05-08,20162.5,20174.5,20025.0,20091.25,301702,60,2025-05-08T13:30:00+00:00,2025-05-08T14:29:00+00:00,20093.361204102064,19935.5,20262.25,19910.25,20163.25,451798,930,2025-05-07T22:00:00+00:00,2025-05-08T13:29:00+00:00,20091.25,20337.5,19978.0,20152.75,989752,330,2025-05-08T14:30:00+00:00,2025-05-08T19:59:00+00:00,151,323,0.468944099378882,352.0,149.5,359.5,2.4046822742474916,0.17107093184979139,0.17107093184979139,True,False,False,False,trapped,trapped,False,True,True,True,True,False,True,0.4860917941585535,9,0.02727272727272727
MNQ,2025-05-09,20227.0,20279.75,20112.5,20133.75,267389,60,2025-05-09T13:30:00+00:00,2025-05-09T14:29:00+00:00,20226.689723586238,20164.0,20290.0,20080.5,20226.75,362878,930,2025-05-08T22:00:00+00:00,2025-05-09T13:29:00+00:00,20134.0,20187.0,20057.5,20136.5,782779,330,2025-05-09T14:30:00+00:00,2025-05-09T19:59:00+00:00,170,323,0.5279503105590062,209.5,167.25,129.5,0.7742899850523169,0.019305019305019305,0.019305019305019305,True,False,False,False,trapped,trapped,True,False,True,True,False,True,True,0.35545556805399325,0,0.0
MNQ,2025-05-12,20918.75,20922.25,20723.75,20741.25,347481,60,2025-05-12T13:30:00+00:00,2025-05-12T14:29:00+00:00,20801.667530982508,20373.75,20991.5,20373.75,20919.0,622628,930,2025-05-11T22:00:00+00:00,2025-05-12T13:29:00+00:00,20741.5,20954.25,20690.0,20949.75,759619,330,2025-05-12T14:30:00+00:00,2025-05-12T19:59:00+00:00,141,321,0.440625,617.75,198.5,264.25,1.3312342569269522,0.7880794701986755,0.7880794701986755,True,False,False,False,trapped,trapped,False,True,True,True,False,False,False,0.9829706717123936,17,0.051515151515151514
MNQ,2025-05-13,21004.25,21242.0,20973.25,21209.5,310348,60,2025-05-13T13:30:00+00:00,2025-05-13T14:29:00+00:00,21120.81603876938,20957.5,21064.0,20818.25,21003.75,346901,930,2025-05-12T22:00:00+00:00,2025-05-13T13:29:00+00:00,21210.25,21347.0,21186.5,21270.5,707271,330,2025-05-13T14:30:00+00:00,2025-05-13T19:59:00+00:00,173,320,0.542319749216301,245.75,268.75,160.5,0.5972093023255814,0.37538940809968846,0.37538940809968846,False,True,False,False,broken,broken_up,False,True,False,True,True,False,True,0.7953177257525084,0,0.0
MNQ,2025-05-14,21314.75,21404.75,21272.75,21342.75,337130,60,2025-05-14T13:30:00+00:00,2025-05-14T14:29:00+00:00,21333.69960969557,21248.25,21383.0,21237.0,21314.5,336511,930,2025-05-13T22:00:00+00:00,2025-05-14T13:29:00+00:00,21342.5,21419.75,21281.25,21396.75,728220,330,2025-05-14T14:30:00+00:00,2025-05-14T19:59:00+00:00,174,323,0.5403726708074534,146.0,132.0,138.5,1.0492424242424243,0.3916967509025271,0.3916967509025271,False,True,False,False,broken,broken_up,False,True,False,True,True,False,True,0.8435374149659864,28,0.08484848484848485
MNQ,2025-05-15,21302.75,21347.0,21248.25,21288.5,251286,60,2025-05-15T13:30:00+00:00,2025-05-15T14:29:00+00:00,21303.156289712388,21382.0,21412.5,21192.25,21302.75,333193,930,2025-05-14T22:00:00+00:00,2025-05-15T13:29:00+00:00,21287.75,21529.75,21256.75,21419.25,763037,330,2025-05-15T14:30:00+00:00,2025-05-15T19:59:00+00:00,147,323,0.45652173913043476,220.25,98.75,273.0,2.7645569620253165,0.4816849816849817,0.4816849816849817,True,False,False,False,trapped,trapped,False,True,False,True,True,False,True,0.6074600355239786,9,0.02727272727272727
MNQ,2025-05-16,21467.5,21470.25,21388.75,21412.75,231679,60,2025-05-16T13:30:00+00:00,2025-05-16T14:29:00+00:00,21427.053325938043,21397.25,21504.5,21348.75,21466.75,293896,930,2025-05-15T22:00:00+00:00,2025-05-16T13:29:00+00:00,21413.0,21513.0,21320.0,21505.25,575277,330,2025-05-16T14:30:00+00:00,2025-05-16T19:59:00+00:00,167,323,0.5186335403726708,155.75,81.5,193.0,2.3680981595092025,0.47797927461139894,0.47797927461139894,True,False,False,False,trapped,trapped,False,True,True,True,True,True,True,0.9598445595854922,35,0.10606060606060606
MNQ,2025-05-19,21202.25,21462.75,21201.5,21404.5,281310,60,2025-05-19T13:30:00+00:00,2025-05-19T14:29:00+00:00,21358.920958491817,21313.5,21417.5,21112.25,21202.5,463387,930,2025-05-18T22:00:00+00:00,2025-05-19T13:29:00+00:00,21404.75,21545.5,21377.0,21523.0,619142,330,2025-05-19T14:30:00+00:00,2025-05-19T19:59:00+00:00,168,324,0.5201238390092879,305.25,261.25,168.5,0.6449760765550239,0.701780415430267,0.701780415430267,False,True,False,False,broken,broken_up,False,True,False,True,True,False,True,0.934593023255814,0,0.0
MNQ,2025-05-20,21412.25,21439.75,21354.0,21394.75,254612,60,2025-05-20T13:30:00+00:00,2025-05-20T14:29:00+00:00,21401.78190017229,21516.75,21562.25,21393.5,21412.75,315483,930,2025-05-19T22:00:00+00:00,2025-05-20T13:29:00+00:00,21394.0,21473.75,21298.0,21447.25,624121,330,2025-05-20T14:30:00+00:00,2025-05-20T19:59:00+00:00,162,322,0.5046728971962616,168.75,85.75,175.75,2.0495626822157433,0.3029871977240398,0.3029871977240398,False,False,True,False,broken,broken_down,False,True,True,True,False,True,True,0.8492176386913229,30,0.09090909090909091
MNQ,2025-05-21,21279.0,21440.5,21277.0,21383.25,250416,60,2025-05-21T13:30:00+00:00,2025-05-21T14:29:00+00:00,21371.57857924414,21413.75,21444.0,21229.5,21279.5,347839,930,2025-05-20T22:00:00+00:00,2025-05-21T13:29:00+00:00,21383.5,21558.5,21071.75,21148.75,1066578,330,2025-05-21T14:30:00+00:00,2025-05-21T19:59:00+00:00,140,325,0.43209876543209874,214.5,163.5,486.75,2.977064220183486,0.48228043143297383,-0.48228043143297383,True,False,False,False,trapped,trapped,True,True,True,True,True,True,True,0.15819209039548024,3,0.00909090909090909
MNQ,2025-05-22,21171.0,21330.25,21113.75,21233.0,312787,60,2025-05-22T13:30:00+00:00,2025-05-22T14:29:00+00:00,21229.24571540164,21147.5,21243.75,21039.25,21170.75,402486,930,2025-05-21T22:00:00+00:00,2025-05-22T13:29:00+00:00,21233.5,21337.75,21166.25,21183.75,706591,330,2025-05-22T14:30:00+00:00,2025-05-22T19:59:00+00:00,157,322,0.48909657320872274,204.5,216.5,171.5,0.792147806004619,0.29008746355685133,-0.29008746355685133,False,True,False,False,broken,broken_up,False,True,False,True,True,False,True,0.3125,42,0.12727272727272726
MNQ,2025-05-23,20849.5,20993.75,20821.5,20943.75,307646,60,2025-05-23T13:30:00+00:00,2025-05-23T14:29:00+00:00,20911.78742613263,21222.0,21236.25,20727.5,20850.0,570710,930,2025-05-22T22:00:00+00:00,2025-05-23T13:29:00+00:00,20943.75,21083.75,20883.75,20978.75,704739,330,2025-05-23T14:30:00+00:00,2025-05-23T19:59:00+00:00,172,327,0.5276073619631901,508.75,172.25,200.0,1.1611030478955007,0.175,0.175,True,False,False,False,trapped,trapped,False,True,False,True,False,False,False,0.5996186844613918,12,0.03636363636363636
MNQ,2025-05-26,21261.0,21307.75,21258.25,21267.5,41997,60,2025-05-26T13:30:00+00:00,2025-05-26T14:29:00+00:00,21283.474371185242,20978.75,21290.0,20955.25,21261.5,281111,930,2025-05-25T22:00:00+00:00,2025-05-26T13:29:00+00:00,21268.25,21296.25,21215.5,21284.5,72574,150,2025-05-26T14:30:00+00:00,2025-05-26T16:59:00+00:00,80,140,0.5755395683453237,334.75,49.5,80.75,1.6313131313131313,0.20123839009287925,0.20123839009287925,False,True,False,False,broken,broken_up,False,False,True,True,False,False,False,0.7479674796747967,10,0.06666666666666667
MNQ,2025-05-27,21259.5,21383.5,21193.25,21369.5,233262,60,2025-05-27T13:30:00+00:00,2025-05-27T14:29:00+00:00,21291.29657245215,21284.5,21360.0,21142.0,21258.5,371867,930,2025-05-26T22:00:00+00:00,2025-05-27T13:29:00+00:00,21369.5,21488.25,21348.25,21465.75,517074,330,2025-05-27T14:30:00+00:00,2025-05-27T19:59:00+00:00,160,321,0.5,218.0,190.25,140.0,0.735873850197109,0.6875,0.6875,False,True,False,False,broken,broken_up,False,True,False,True,True,False,True,0.923728813559322,0,0.0
MNQ,2025-05-28,21504.75,21564.75,21438.25,21455.25,242610,60,2025-05-28T13:30:00+00:00,2025-05-28T14:29:00+00:00,21494.461359795558,21478.5,21537.75,21407.0,21505.0,272246,930,2025-05-27T22:00:00+00:00,2025-05-28T13:29:00+00:00,21456.0,21514.0,21349.0,21372.75,574345,330,2025-05-28T14:30:00+00:00,2025-05-28T19:59:00+00:00,151,323,0.468944099378882,130.75,126.5,165.0,1.3043478260869565,0.5045454545454545,-0.5045454545454545,False,True,False,False,broken,broken_up,False,False,True,True,False,True,True,0.1100811123986095,9,0.02727272727272727
MNQ,2025-05-29,21674.25,21679.25,21380.25,21456.5,333049,60,2025-05-29T13:30:00+00:00,2025-05-29T14:29:00+00:00,21500.561271014176,21518.0,21858.75,21490.0,21673.0,561064,930,2025-05-28T22:00:00+00:00,2025-05-29T13:29:00+00:00,21456.0,21522.0,21301.0,21411.75,773081,330,2025-05-29T14:30:00+00:00,2025-05-29T19:59:00+00:00,167,324,0.5170278637770898,368.75,299.0,221.0,0.7391304347826086,0.2002262443438914,-0.2002262443438914,False,False,True,False,broken,broken_down,False,False,True,True,False,True,True,0.29279576999339063,13,0.03939393939393939
MNQ,2025-05-30,21382.75,21394.75,21234.75,21384.25,244076,60,2025-05-30T13:30:00+00:00,2025-05-30T14:29:00+00:00,21322.784209290003,21370.75,21421.5,21226.0,21382.25,410409,930,2025-05-29T22:00:00+00:00,2025-05-30T13:29:00+00:00,21384.5,21433.25,21071.5,21369.5,907985,330,2025-05-30T14:30:00+00:00,2025-05-30T19:59:00+00:00,151,323,0.468944099378882,195.5,160.0,361.75,2.2609375,0.0414651002073255,-0.0414651002073255,True,False,False,False,trapped,trapped,True,True,True,True,True,True,True,0.8237733241188666,22,0.06666666666666667
MNQ,2025-06-02,21288.0,21458.0,21234.5,21379.0,298258,60,2025-06-02T13:30:00+00:00,2025-06-02T14:29:00+00:00,21345.024577435193,21304.5,21348.5,21163.0,21287.75,344220,930,2025-06-01T22:00:00+00:00,2025-06-02T13:29:00+00:00,21379.0,21543.75,21349.0,21533.25,510510,330,2025-06-02T14:30:00+00:00,2025-06-02T19:59:00+00:00,177,321,0.553125,185.5,223.5,194.75,0.8713646532438478,0.79204107830552,0.79204107830552,False,True,False,False,broken,broken_up,False,True,False,True,True,False,True,0.9660468876313663,0,0.0
MNQ,2025-06-03,21546.25,21638.75,21510.0,21621.25,254426,60,2025-06-03T13:30:00+00:00,2025-06-03T14:29:00+00:00,21581.767291864828,21551.75,21555.25,21398.25,21546.5,288358,930,2025-06-02T22:00:00+00:00,2025-06-03T13:29:00+00:00,21621.25,21759.75,21584.0,21704.0,566498,330,2025-06-03T14:30:00+00:00,2025-06-03T19:59:00+00:00,172,319,0.5408805031446541,157.0,128.75,175.75,1.3650485436893205,0.47083926031294454,0.47083926031294454,False,True,False,False,broken,broken_up,False,True,False,True,True,False,True,0.7767767767767768,0,0.0
MNQ,2025-06-04,21726.0,21793.5,21641.0,21744.0,277902,60,2025-06-04T13:30:00+00:00,2025-06-04T14:29:00+00:00,21730.84051272271,21685.75,21768.25,21655.25,21725.25,278661,930,2025-06-03T22:00:00+00:00,2025-06-04T13:29:00+00:00,21743.75,21802.75,21705.0,21757.5,540150,330,2025-06-04T14:30:00+00:00,2025-06-04T19:59:00+00:00,187,323,0.5807453416149069,113.0,152.5,97.75,0.6409836065573771,0.14066496163682865,0.14066496163682865,False,True,True,True,broken,broken_both,False,True,False,True,True,False,True,0.7202472952086554,29,0.08787878787878788
MNQ,2025-06-05,21812.25,21840.0,21691.75,21801.75,281849,60,2025-06-05T13:30:00+00:00,2025-06-05T14:29:00+00:00,21754.44770840651,21745.25,21899.0,21712.0,21812.0,300939,930,2025-06-04T22:00:00+00:00,2025-06-05T13:29:00+00:00,21801.75,21936.25,21503.5,21587.5,976489,330,2025-06-05T14:30:00+00:00,2025-06-05T19:59:00+00:00,163,321,0.509375,187.0,148.25,432.75,2.919055649241147,0.4950895436164067,-0.4950895436164067,False,False,True,False,broken,broken_down,False,True,True,True,True,True,True,0.19410745233968804,11,0.03333333333333333
MNQ,2025-06-06,21797.5,21863.5,21768.0,21784.75,243820,60,2025-06-06T13:30:00+00:00,2025-06-06T14:29:00+00:00,21821.298211795587,21487.5,21810.75,21471.0,21798.0,332288,930,2025-06-05T22:00:00+00:00,2025-06-06T13:29:00+00:00,21784.5,21880.0,21721.5,21789.5,621165,330,2025-06-06T14:30:00+00:00,2025-06-06T19:59:00+00:00,180,322,0.5607476635514018,339.75,95.5,158.5,1.6596858638743455,0.031545741324921134,0.031545741324921134,False,True,False,False,broken,broken_up,False,True,True,True,True,False,True,0.42902208201892744,32,0.09696969696969697
MNQ,2025-06-09,21798.0,21866.75,21750.25,21852.75,206308,60,2025-06-09T13:30:00+00:00,2025-06-09T14:29:00+00:00,21807.002200997216,21799.25,21824.0,21716.5,21797.5,270618,930,2025-06-08T22:00:00+00:00,2025-06-09T13:29:00+00:00,21852.5,21892.5,21813.25,21818.5,488449,330,2025-06-09T14:30:00+00:00,2025-06-09T19:59:00+00:00,167,323,0.5186335403726708,107.5,116.5,79.25,0.6802575107296137,0.42902208201892744,-0.42902208201892744,False,True,False,False,broken,broken_up,False,True,False,True,True,False,True,0.4797891036906854,0,0.0
MNQ,2025-06-10,21836.5,21893.25,21818.0,21872.75,209418,60,2025-06-10T13:30:00+00:00,2025-06-10T14:29:00+00:00,21860.107406001396,21822.0,21973.5,21732.0,21836.25,358788,930,2025-06-09T22:00:00+00:00,2025-06-10T13:29:00+00:00,21873.0,21992.25,21743.0,21964.75,644251,330,2025-06-10T14:30:00+00:00,2025-06-10T19:59:00+00:00,160,322,0.4984423676012461,241.5,75.25,249.25,3.3122923588039868,0.36810431293881646,0.36810431293881646,True,False,False,False,trapped,trapped,False,True,True,True,True,False,True,0.8896690070210632,23,0.0696969696969697
MNQ,2025-06-11,22017.0,22043.25,21915.0,22038.5,239142,60,2025-06-11T13:30:00+00:00,2025-06-11T14:29:00+00:00,21985.576907235038,21950.75,22094.0,21866.25,22016.75,389170,930,2025-06-10T22:00:00+00:00,2025-06-11T13:29:00+00:00,22038.5,22066.75,21790.25,21887.75,871430,330,2025-06-11T14:30:00+00:00,2025-06-11T19:59:00+00:00,169,322,0.5264797507788161,227.75,128.25,276.5,2.155945419103314,0.5452079566003617,-0.5452079566003617,True,False,False,False,trapped,trapped,False,True,True,True,False,True,True,0.352622061482821,15,0.045454545454545456
MNQ,2025-06-12,21829.25,21931.0,21816.0,21920.5,236824,60,2025-06-12T13:30:00+00:00,2025-06-12T14:29:00+00:00,21877.481746289788,21871.0,21895.0,21716.5,21829.25,405407,930,2025-06-11T22:00:00+00:00,2025-06-12T13:29:00+00:00,21920.5,21977.5,21881.75,21936.75,574198,330,2025-06-12T14:30:00+00:00,2025-06-12T19:59:00+00:00,178,327,0.5460122699386503,178.5,115.0,95.75,0.8326086956521739,0.16971279373368145,0.16971279373368145,False,True,False,False,broken,broken_up,False,True,False,True,True,False,True,0.7476780185758514,0,0.0
MNQ,2025-06-13,21680.0,21796.25,21617.5,21627.75,269665,60,2025-06-13T13:30:00+00:00,2025-06-13T14:29:00+00:00,21723.582627210304,21911.0,21920.0,21470.5,21680.5,620368,930,2025-06-12T22:00:00+00:00,2025-06-13T13:29:00+00:00,21627.25,21855.75,21601.25,21652.25,753873,330,2025-06-13T14:30:00+00:00,2025-06-13T19:59:00+00:00,162,326,0.49846153846153846,449.5,178.75,254.5,1.4237762237762237,0.09823182711198428,0.09823182711198428,True,False,False,False,trapped,trapped,False,True,True,True,False,False,False,0.20039292730844793,13,0.03939393939393939
MNQ,2025-06-16,22014.75,22200.5,22013.5,22197.0,155337,60,2025-06-16T13:30:00+00:00,2025-06-16T14:29:00+00:00,22125.627602674616,21566.5,22062.75,21505.0,22016.5,195633,930,2025-06-15T22:00:00+00:00,2025-06-16T13:29:00+00:00,22197.0,22224.5,22136.5,22176.0,343841,330,2025-06-16T14:30:00+00:00,2025-06-16T19:59:00+00:00,151,325,0.4660493827160494,557.75,187.0,88.0,0.47058823529411764,0.23863636363636365,-0.23863636363636365,False,True,False,False,broken,broken_up,False,True,False,True,True,False,True,0.7701421800947867,0,0.0
MNQ,2025-06-17,22063.75,22133.75,22026.25,22102.5,188907,60,2025-06-17T13:30:00+00:00,2025-06-17T14:29:00+00:00,22084.749534162314,22163.5,22177.5,21995.75,22063.25,365857,930,2025-06-16T22:00:00+00:00,2025-06-17T13:29:00+00:00,22102.5,22136.5,21908.0,21956.75,648525,330,2025-06-17T14:30:00+00:00,2025-06-17T19:59:00+00:00,157,326,0.48307692307692307,181.75,107.5,228.5,2.125581395348837,0.637855579868709,-0.637855579868709,True,False,False,False,trapped,trapped,False,True,True,True,False,True,True,0.21334792122538293,24,0.07272727272727272
MNQ,2025-06-18,21992.5,22081.75,21926.5,22073.0,204158,60,2025-06-18T13:30:00+00:00,2025-06-18T14:29:00+00:00,22005.32819719694,21937.5,22065.25,21862.75,21992.75,289501,930,2025-06-17T22:00:00+00:00,2025-06-18T13:29:00+00:00,22073.0,22098.75,21883.0,21948.5,711822,330,2025-06-18T14:30:00+00:00,2025-06-18T19:59:00+00:00,168,319,0.5283018867924528,202.5,155.25,215.75,1.3896940418679549,0.5770567786790266,-0.5770567786790266,False,True,False,False,broken,broken_up,False,True,True,True,True,False,True,0.30359212050984935,28,0.08484848484848485
MNQ,2025-06-19,21784.0,21786.75,21650.25,21717.0,85096,60,2025-06-19T13:30:00+00:00,2025-06-19T14:29:00+00:00,21707.741964957226,21960.25,21971.25,21737.25,21784.0,276805,930,2025-06-18T22:00:00+00:00,2025-06-19T13:29:00+00:00,21717.5,21742.0,21676.5,21704.25,109876,150,2025-06-19T14:30:00+00:00,2025-06-19T16:59:00+00:00,76,145,0.5277777777777778,234.0,136.5,65.5,0.47985347985347987,0.20229007633587787,-0.20229007633587787,False,False,True,False,broken,broken_down,False,False,False,False,False,False,False,0.3956043956043956,21,0.14
MNQ,2025-06-20,22074.75,22130.75,21888.5,21936.25,310100,60,2025-06-20T13:30:00+00:00,2025-06-20T14:29:00+00:00,22026.04493362356,21736.25,22103.0,21736.0,22074.25,401123,930,2025-06-19T22:00:00+00:00,2025-06-20T13:29:00+00:00,21936.25,21967.0,21760.0,21842.75,834866,330,2025-06-20T14:30:00+00:00,2025-06-20T19:59:00+00:00,154,323,0.4782608695652174,367.0,242.25,207.0,0.8544891640866873,0.45169082125603865,-0.45169082125603865,False,True,False,False,broken,broken_up,False,False,True,True,False,False,False,0.2231962238705327,0,0.0
MNQ,2025-06-23,21869.25,22011.75,21758.5,21984.5,255553,60,2025-06-23T13:30:00+00:00,2025-06-23T14:29:00+00:00,21909.176895464607,21648.25,21944.75,21562.0,21870.0,423605,930,2025-06-22T22:00:00+00:00,2025-06-23T13:29:00+00:00,21984.75,22093.0,21738.5,22073.0,862539,330,2025-06-23T14:30:00+00:00,2025-06-23T19:59:00+00:00,173,322,0.5389408099688473,382.75,253.25,354.5,1.399802566633761,0.24894217207334274,0.24894217207334274,False,True,False,False,broken,broken_up,False,True,True,True,True,False,True,0.9435825105782792,9,0.02727272727272727
MNQ,2025-06-24,22286.0,22333.25,22260.0,22307.75,213191,60,2025-06-24T13:30:00+00:00,2025-06-24T14:29:00+00:00,22302.317416072914,22077.25,22383.25,22064.5,22286.25,437968,930,2025-06-23T22:00:00+00:00,2025-06-24T13:29:00+00:00,22308.0,22447.75,22300.0,22405.25,461088,330,2025-06-24T14:30:00+00:00,2025-06-24T19:59:00+00:00,155,321,0.484375,318.75,73.25,147.75,2.0170648464163823,0.6582064297800339,0.6582064297800339,True,False,False,False,trapped,trapped,False,True,False,True,True,False,True,0.7736351531291611,1,0.0030303030303030303
MNQ,2025-06-25,22499.25,22548.25,22462.75,22488.25,245749,60,2025-06-25T13:30:00+00:00,2025-06-25T14:29:00+00:00,22507.859982814443,22410.75,22511.5,22385.0,22499.25,214523,930,2025-06-24T22:00:00+00:00,2025-06-25T13:29:00+00:00,22488.5,22524.5,22388.25,22463.0,550935,330,2025-06-25T14:30:00+00:00,2025-06-25T19:59:00+00:00,153,319,0.4811320754716981,126.5,85.5,136.25,1.5935672514619883,0.1871559633027523,-0.1871559633027523,False,True,False,False,broken,broken_up,False,False,True,True,False,False,False,0.4671875,4,0.012121212121212121
MNQ,2025-06-26,22552.75,22576.5,22476.25,22569.25,240468,60,2025-06-26T13:30:00+00:00,2025-06-26T14:29:00+00:00,22533.007905764316,22466.0,22585.0,22438.0,22552.5,239900,930,2025-06-25T22:00:00+00:00,2025-06-26T13:29:00+00:00,22569.0,22692.75,22549.75,22673.25,498491,330,2025-06-26T14:30:00+00:00,2025-06-26T19:59:00+00:00,151,319,0.4748427672955975,147.0,100.25,143.0,1.42643391521197,0.7290209790209791,0.7290209790209791,True,False,False,False,trapped,trapped,False,True,False,True,True,False,True,0.9099307159353349,0,0.0
MNQ,2025-06-27,22707.25,22823.75,22682.0,22783.25,218400,60,2025-06-27T13:30:00+00:00,2025-06-27T14:29:00+00:00,22761.583874007938,22676.5,22787.5,22660.0,22707.25,248373,930,2025-06-26T22:00:00+00:00,2025-06-27T13:29:00+00:00,22783.25,22820.0,22600.0,22752.0,722707,330,2025-06-27T14:30:00+00:00,2025-06-27T19:59:00+00:00,162,323,0.5031055900621118,127.5,141.75,220.0,1.5520282186948853,0.14204545454545456,-0.14204545454545456,False,True,False,False,broken,broken_up,False,False,True,True,False,True,True,0.6793296089385474,10,0.030303030303030304
MNQ,2025-06-30,22872.25,22875.5,22795.0,22841.75,226426,60,2025-06-30T13:30:00+00:00,2025-06-30T14:29:00+00:00,22827.86504273655,22751.25,22916.0,22750.0,22871.75,279461,930,2025-06-29T22:00:00+00:00,2025-06-30T13:29:00+00:00,22842.0,22934.0,22780.0,22885.75,599045,330,2025-06-30T14:30:00+00:00,2025-06-30T19:59:00+00:00,152,324,0.47058823529411764,166.0,80.5,154.0,1.9130434782608696,0.2840909090909091,0.2840909090909091,True,False,False,False,trapped,trapped,False,True,True,True,True,False,True,0.6866883116883117,57,0.17272727272727273
MNQ,2025-07-01,22803.0,22845.0,22748.5,22767.25,206198,60,2025-07-01T13:30:00+00:00,2025-07-01T14:29:00+00:00,22805.226162879047,22866.75,22915.0,22756.0,22802.75,266527,930,2025-06-30T22:00:00+00:00,2025-07-01T13:29:00+00:00,22767.0,22783.5,22593.75,22693.0,799870,330,2025-07-01T14:30:00+00:00,2025-07-01T19:59:00+00:00,179,322,0.557632398753894,159.0,96.5,189.75,1.9663212435233162,0.38998682476943347,-0.38998682476943347,False,False,True,False,broken,broken_down,False,False,True,True,False,True,True,0.39502487562189054,0,0.0
MNQ,2025-07-02,22654.25,22798.0,22650.75,22790.75,201116,60,2025-07-02T13:30:00+00:00,2025-07-02T14:29:00+00:00,22722.4953923772,22696.5,22781.0,22584.75,22653.5,297261,930,2025-07-01T22:00:00+00:00,2025-07-02T13:29:00+00:00,22790.75,22858.75,22772.25,22844.75,482026,330,2025-07-02T14:30:00+00:00,2025-07-02T19:59:00+00:00,155,321,0.484375,196.25,147.25,86.5,0.5874363327674024,0.6242774566473989,0.6242774566473989,False,True,False,False,broken,broken_up,False,True,False,True,True,False,True,0.9326923076923077,0,0.0
MNQ,2025-07-03,22932.0,23070.5,22929.75,23060.0,191653,60,2025-07-03T13:30:00+00:00,2025-07-03T14:29:00+00:00,23000.419459474502,22846.75,22939.5,22827.0,22932.0,234784,930,2025-07-02T22:00:00+00:00,2025-07-03T13:29:00+00:00,23060.0,23101.25,23028.0,23059.0,234372,165,2025-07-03T14:30:00+00:00,2025-07-03T17:14:00+00:00,94,162,0.5838509316770186,112.5,140.75,73.25,0.5204262877442274,0.013651877133105802,-0.013651877133105802,False,True,False,False,broken,broken_up,False,True,False,True,True,False,True,0.7536443148688047,0,0.0
MNQ,2025-07-04,22917.5,22933.5,22887.5,22932.0,35120,60,2025-07-04T13:30:00+00:00,2025-07-04T14:29:00+00:00,22915.728827353836,23059.0,23062.25,22881.25,22918.25,196865,930,2025-07-03T22:00:00+00:00,2025-07-04T13:29:00+00:00,22932.25,22946.0,22895.5,22904.5,46875,150,2025-07-04T14:30:00+00:00,2025-07-04T16:59:00+00:00,80,142,0.5673758865248227,181.0,46.0,50.5,1.0978260869565217,0.5495049504950495,-0.5495049504950495,True,False,False,False,trapped,trapped,True,True,False,True,False,False,False,0.2905982905982906,8,0.05333333333333334
MNQ,2025-07-07,22943.25,22978.0,22900.25,22937.5,222009,60,2025-07-07T13:30:00+00:00,2025-07-07T14:29:00+00:00,22940.328988164143,22968.5,23027.25,22908.25,22942.75,281084,930,2025-07-06T22:00:00+00:00,2025-07-07T13:29:00+00:00,22937.5,22962.75,22780.25,22883.75,731265,330,2025-07-07T14:30:00+00:00,2025-07-07T19:59:00+00:00,182,327,0.558282208588957,119.0,77.75,182.5,2.347266881028939,0.2945205479452055,-0.2945205479452055,False,False,True,False,broken,broken_down,False,False,True,True,False,True,True,0.5233881163084703,2,0.006060606060606061
MNQ,2025-07-08,22935.0,22944.0,22849.25,22875.5,218514,60,2025-07-08T13:30:00+00:00,2025-07-08T14:29:00+00:00,22895.10135391783,22840.25,22972.0,22809.5,22935.0,235506,930,2025-07-07T22:00:00+00:00,2025-07-08T13:29:00+00:00,22875.0,22962.75,22841.0,22891.75,619326,330,2025-07-08T14:30:00+00:00,2025-07-08T19:59:00+00:00,169,324,0.5232198142414861,162.5,94.75,121.75,1.2849604221635884,0.1375770020533881,0.1375770020533881,True,False,False,False,trapped,trapped,False,True,True,True,False,False,False,0.41683778234086244,45,0.13636363636363635
MNQ,2025-07-09,22978.5,23111.25,22977.75,23048.75,230961,60,2025-07-09T13:30:00+00:00,2025-07-09T14:29:00+00:00,23064.87742302813,22909.0,22979.5,22843.25,22978.75,219696,930,2025-07-08T22:00:00+00:00,2025-07-09T13:29:00+00:00,23048.75,23057.5,22917.0,23051.0,648884,330,2025-07-09T14:30:00+00:00,2025-07-09T19:59:00+00:00,156,321,0.4875,136.25,133.5,140.5,1.0524344569288389,0.01601423487544484,0.01601423487544484,False,True,False,False,broken,broken_up,False,False,True,True,False,False,False,0.6898326898326899,0,0.0
MNQ,2025-07-10,23072.25,23089.75,22901.0,22938.0,292010,60,2025-07-10T13:30:00+00:00,2025-07-10T14:29:00+00:00,22975.404304076343,23043.25,23078.0,22978.0,23072.25,228822,930,2025-07-09T22:00:00+00:00,2025-07-10T13:29:00+00:00,22938.0,23050.0,22935.0,23015.0,500433,330,2025-07-10T14:30:00+00:00,2025-07-10T19:59:00+00:00,168,326,0.5169230769230769,100.0,188.75,115.0,0.609271523178808,0.6695652173913044,0.6695652173913044,False,True,True,True,broken,broken_both,False,False,False,False,False,False,False,0.6039735099337749,19,0.05757575757575758
MNQ,2025-07-11,22915.25,23004.5,22863.0,22990.75,238625,60,2025-07-11T13:30:00+00:00,2025-07-11T14:29:00+00:00,22939.465477213198,23010.75,23048.75,22830.75,22914.75,372948,930,2025-07-10T22:00:00+00:00,2025-07-11T13:29:00+00:00,22990.75,23021.75,22908.75,22955.25,564846,330,2025-07-11T14:30:00+00:00,2025-07-11T19:59:00+00:00,165,321,0.515625,218.0,141.5,113.0,0.7985865724381626,0.3141592920353982,-0.3141592920353982,True,False,False,False,trapped,trapped,False,True,False,True,False,False,False,0.5811023622047244,8,0.024242424242424242
MNQ,2025-07-14,22942.75,22988.0,22842.5,22938.75,260976,60,2025-07-14T13:30:00+00:00,2025-07-14T14:29:00+00:00,22926.27589318558,22864.5,22944.75,22802.25,22942.75,290441,930,2025-07-13T22:00:00+00:00,2025-07-14T13:29:00+00:00,22938.5,23067.75,22922.5,23034.5,443990,330,2025-07-14T14:30:00+00:00,2025-07-14T19:59:00+00:00,174,321,0.54375,142.5,145.5,145.25,0.9982817869415808,0.6609294320137694,0.6609294320137694,False,True,False,False,broken,broken_up,False,True,False,True,True,False,True,0.8523862375138734,4,0.012121212121212121
MNQ,2025-07-15,23200.25,23222.75,23119.0,23178.25,278848,60,2025-07-15T13:30:00+00:00,2025-07-15T14:29:00+00:00,23165.8981601685,23036.5,23219.5,22996.25,23200.0,363520,930,2025-07-14T22:00:00+00:00,2025-07-15T13:29:00+00:00,23178.75,23185.75,23050.0,23052.0,674439,330,2025-07-15T14:30:00+00:00,2025-07-15T19:59:00+00:00,162,323,0.5031055900621118,223.25,103.75,135.75,1.308433734939759,0.9337016574585635,-0.9337016574585635,False,True,False,False,broken,broken_up,False,False,True,True,False,False,False,0.011577424023154847,31,0.09393939393939393
MNQ,2025-07-16,23074.5,23090.0,22948.25,23005.5,286861,60,2025-07-16T13:30:00+00:00,2025-07-16T14:29:00+00:00,23001.73308123679,23018.75,23084.25,22928.5,23074.5,284676,930,2025-07-15T22:00:00+00:00,2025-07-16T13:29:00+00:00,23005.0,23100.0,22835.75,23074.5,791765,330,2025-07-16T14:30:00+00:00,2025-07-16T19:59:00+00:00,168,325,0.5185185185185185,155.75,141.75,264.25,1.8641975308641976,0.2630085146641438,0.2630085146641438,False,True,False,False,broken,broken_up,False,True,True,True,True,True,True,0.9035004730368968,32,0.09696969696969697
MNQ,2025-07-17,23100.25,23175.25,23065.75,23154.5,238627,60,2025-07-17T13:30:00+00:00,2025-07-17T14:29:00+00:00,23128.7189546866,23069.25,23158.25,23017.0,23100.5,281506,930,2025-07-16T22:00:00+00:00,2025-07-17T13:29:00+00:00,23154.25,23281.0,23146.75,23257.75,474602,330,2025-07-17T14:30:00+00:00,2025-07-17T19:59:00+00:00,170,319,0.5345911949685535,141.25,109.5,134.25,1.226027397260274,0.770949720670391,0.770949720670391,False,True,False,False,broken,broken_up,False,True,False,True,True,False,True,0.89198606271777,0,0.0
MNQ,2025-07-18,23300.5,23310.0,23186.75,23193.75,254116,60,2025-07-18T13:30:00+00:00,2025-07-18T14:29:00+00:00,23252.63009249057,23260.0,23320.5,23245.5,23300.5,219738,930,2025-07-17T22:00:00+00:00,2025-07-18T13:29:00+00:00,23193.75,23253.0,23170.0,23226.75,545810,330,2025-07-18T14:30:00+00:00,2025-07-18T19:59:00+00:00,170,321,0.53125,75.0,123.25,83.0,0.6734279918864098,0.39759036144578314,0.39759036144578314,False,False,True,False,broken,broken_down,False,False,True,True,False,True,True,0.40535714285714286,1,0.0030303030303030303
MNQ,2025-07-21,23256.25,23425.0,23255.0,23416.75,228632,60,2025-07-21T13:30:00+00:00,2025-07-21T14:29:00+00:00,23358.933921469143,23240.0,23309.0,23204.5,23256.25,204585,930,2025-07-20T22:00:00+00:00,2025-07-21T13:29:00+00:00,23416.5,23424.5,23328.25,23344.25,491305,330,2025-07-21T14:30:00+00:00,2025-07-21T19:59:00+00:00,146,315,0.46496815286624205,104.5,170.0,96.25,0.5661764705882353,0.7506493506493507,-0.7506493506493507,False,True,False,False,broken,broken_up,False,False,False,False,False,False,False,0.525,4,0.012121212121212121
MNQ,2025-07-22,23346.0,23349.75,23105.0,23169.0,367203,60,2025-07-22T13:30:00+00:00,2025-07-22T14:29:00+00:00,23201.946533888156,23338.0,23367.75,23267.25,23346.0,238012,930,2025-07-21T22:00:00+00:00,2025-07-22T13:29:00+00:00,23168.75,23257.0,23159.25,23221.0,580289,330,2025-07-22T14:30:00+00:00,2025-07-22T19:59:00+00:00,181,320,0.567398119122257,100.5,244.75,97.75,0.39938712972420837,0.5345268542199488,0.5345268542199488,False,False,True,False,broken,broken_down,False,False,False,False,False,False,False,0.473953013278856,42,0.12727272727272726
MNQ,2025-07-23,23261.5,23264.25,23142.5,23193.0,279014,60,2025-07-23T13:30:00+00:00,2025-07-23T14:29:00+00:00,23189.97610932307,23190.0,23283.25,23170.25,23261.25,268524,930,2025-07-22T22:00:00+00:00,2025-07-23T13:29:00+00:00,23192.75,23325.0,23148.0,23324.5,623854,330,2025-07-23T14:30:00+00:00,2025-07-23T19:59:00+00:00,161,315,0.5127388535031847,113.0,121.75,177.0,1.4537987679671458,0.7443502824858758,0.7443502824858758,False,False,True,False,broken,broken_down,False,True,False,True,True,False,True,0.9972602739726028,14,0.04242424242424243
MNQ,2025-07-24,23374.0,23400.75,23298.5,23332.75,266329,60,2025-07-24T13:30:00+00:00,2025-07-24T14:29:00+00:00,23350.287131079727,23401.0,23422.5,23326.75,23373.75,228976,930,2025-07-23T22:00:00+00:00,2025-07-24T13:29:00+00:00,23332.25,23425.0,23329.0,23376.5,508469,330,2025-07-24T14:30:00+00:00,2025-07-24T19:59:00+00:00,159,323,0.4937888198757764,95.75,102.25,96.0,0.9388753056234719,0.4609375,0.4609375,False,False,True,False,broken,broken_down,False,True,False,True,True,False,True,0.616600790513834,20,0.06060606060606061
MNQ,2025-07-25,23360.5,23416.0,23330.25,23404.75,216976,60,2025-07-25T13:30:00+00:00,2025-07-25T14:29:00+00:00,23381.389675586244,23391.25,23442.0,23343.25,23360.25,205729,930,2025-07-24T22:00:00+00:00,2025-07-25T13:29:00+00:00,23405.25,23477.0,23390.25,23422.75,447734,330,2025-07-25T14:30:00+00:00,2025-07-25T19:59:00+00:00,164,316,0.5206349206349207,98.75,85.75,86.75,1.0116618075801749,0.2017291066282421,0.2017291066282421,False,False,True,False,broken,broken_down,False,True,False,True,True,False,True,0.6303236797274276,0,0.0
MNQ,2025-07-28,23473.0,23527.75,23462.5,23503.5,231467,60,2025-07-28T13:30:00+00:00,2025-07-28T14:29:00+00:00,23501.151862180493,23516.0,23585.0,23464.75,23472.5,242839,930,2025-07-27T22:00:00+00:00,2025-07-28T13:29:00+00:00,23503.25,23518.5,23437.0,23491.75,445525,330,2025-07-28T14:30:00+00:00,2025-07-28T19:59:00+00:00,165,319,0.5188679245283019,120.25,65.25,81.5,1.2490421455938698,0.1411042944785276,-0.1411042944785276,False,False,True,False,broken,broken_down,False,False,True,True,False,True,True,0.6033057851239669,19,0.05757575757575758
MNQ,2025-07-29,23595.5,23652.25,23538.75,23559.25,260799,60,2025-07-29T13:30:00+00:00,2025-07-29T14:29:00+00:00,23592.339378218476,23505.25,23615.0,23503.0,23595.5,193676,930,2025-07-28T22:00:00+00:00,2025-07-29T13:29:00+00:00,23559.25,23576.25,23422.0,23457.0,654260,330,2025-07-29T14:30:00+00:00,2025-07-29T19:59:00+00:00,173,321,0.540625,112.0,113.5,154.25,1.3590308370044053,0.6628849270664505,-0.6628849270664505,False,True,False,False,broken,broken_up,False,False,True,True,False,True,True,0.15200868621064062,0,0.0
MNQ,2025-07-30,23487.25,23526.5,23450.25,23504.0,196397,60,2025-07-30T13:30:00+00:00,2025-07-30T14:29:00+00:00,23490.32030869446,23451.5,23521.5,23448.25,23486.75,193929,930,2025-07-29T22:00:00+00:00,2025-07-30T13:29:00+00:00,23503.75,23589.75,23355.0,23484.25,711711,330,2025-07-30T14:30:00+00:00,2025-07-30T19:59:00+00:00,174,318,0.5488958990536278,73.25,76.25,234.75,3.078688524590164,0.08306709265175719,-0.08306709265175719,False,True,False,False,broken,broken_up,False,True,True,True,True,True,True,0.5505857294994675,24,0.07272727272727272
MNQ,2025-07-31,23747.75,23752.25,23608.25,23640.0,327153,60,2025-07-31T13:30:00+00:00,2025-07-31T14:29:00+00:00,23664.707322975282,23698.0,23848.0,23688.25,23747.5,297200,930,2025-07-30T22:00:00+00:00,2025-07-31T13:29:00+00:00,23640.25,23657.0,23305.75,23354.0,1045971,330,2025-07-31T14:30:00+00:00,2025-07-31T19:59:00+00:00,155,322,0.48286604361370716,159.75,144.0,351.25,2.439236111111111,0.8149466192170819,-0.8149466192170819,False,False,True,False,broken,broken_down,False,False,True,True,False,True,True,0.10806270996640538,0,0.0
MNQ,2025-08-01,23088.25,23095.5,22799.25,22984.75,419775,60,2025-08-01T13:30:00+00:00,2025-08-01T14:29:00+00:00,22930.042537073434,23323.5,23347.5,23031.25,23088.25,569204,930,2025-07-31T22:00:00+00:00,2025-08-01T13:29:00+00:00,22984.75,23045.5,22788.25,22880.75,901682,330,2025-08-01T14:30:00+00:00,2025-08-01T19:59:00+00:00,169,326,0.52,316.25,296.25,257.25,0.8683544303797468,0.4042759961127308,-0.4042759961127308,False,False,True,False,broken,broken_down,False,False,True,True,False,True,True,0.30105777054515864,32,0.09696969696969697
MNQ,2025-08-04,23094.25,23263.75,23088.75,23249.5,256372,60,2025-08-04T13:30:00+00:00,2025-08-04T14:29:00+00:00,23199.86478242554,22850.5,23097.25,22822.0,23094.25,373820,930,2025-08-03T22:00:00+00:00,2025-08-04T13:29:00+00:00,23250.0,23308.0,23187.5,23296.75,526923,330,2025-08-04T14:30:00+00:00,2025-08-04T19:59:00+00:00,178,321,0.55625,275.25,175.0,120.5,0.6885714285714286,0.3879668049792531,0.3879668049792531,False,True,False,False,broken,broken_up,False,True,False,True,True,False,True,0.9486887115165337,18,0.05454545454545454
MNQ,2025-08-05,23348.75,23397.25,23262.0,23289.75,314022,60,2025-08-05T13:30:00+00:00,2025-08-05T14:29:00+00:00,23332.610226884313,23352.5,23404.25,23312.25,23348.5,311292,930,2025-08-04T22:00:00+00:00,2025-08-05T13:29:00+00:00,23289.75,23291.5,23113.5,23133.75,852703,330,2025-08-05T14:30:00+00:00,2025-08-05T19:59:00+00:00,169,321,0.528125,92.0,135.25,178.0,1.3160813308687616,0.8764044943820225,-0.8764044943820225,False,False,True,False,broken,broken_down,False,False,True,True,False,True,True,0.07136563876651983,0,0.0
MNQ,2025-08-06,23168.75,23285.0,23148.75,23199.5,365203,60,2025-08-06T13:30:00+00:00,2025-08-06T14:29:00+00:00,23210.32187806051,23092.0,23227.25,23045.25,23168.75,346112,930,2025-08-05T22:00:00+00:00,2025-08-06T13:29:00+00:00,23199.5,23444.75,23179.5,23424.75,611383,330,2025-08-06T14:30:00+00:00,2025-08-06T19:59:00+00:00,170,321,0.53125,182.0,136.25,265.25,1.9467889908256881,0.8491988689915174,0.8491988689915174,False,True,False,False,broken,broken_up,False,True,False,True,True,False,True,0.9324324324324325,2,0.006060606060606061
MNQ,2025-08-07,23601.0,23671.25,23543.0,23575.0,357838,60,2025-08-07T13:30:00+00:00,2025-08-07T14:29:00+00:00,23609.9248619487,23416.75,23638.0,23385.25,23601.25,350948,930,2025-08-06T22:00:00+00:00,2025-08-07T13:29:00+00:00,23574.5,23593.75,23330.0,23502.0,884220,330,2025-08-07T14:30:00+00:00,2025-08-07T19:59:00+00:00,171,328,0.5229357798165137,252.75,128.25,263.75,2.056530214424951,0.27488151658767773,-0.27488151658767773,False,True,False,False,broken,broken_up,False,False,True,True,False,True,True,0.504029304029304,0,0.0
MNQ,2025-08-08,23541.75,23686.5,23530.0,23675.75,255375,60,2025-08-08T13:30:00+00:00,2025-08-08T14:29:00+00:00,23622.949801925275,23519.5,23583.25,23503.25,23541.5,228853,930,2025-08-07T22:00:00+00:00,2025-08-08T13:29:00+00:00,23675.75,23724.5,23612.0,23713.75,580225,330,2025-08-08T14:30:00+00:00,2025-08-08T19:59:00+00:00,184,327,0.5644171779141104,80.0,156.5,112.5,0.7188498402555911,0.3377777777777778,0.3377777777777778,False,True,False,False,broken,broken_up,False,True,False,True,True,False,True,0.9447300771208226,10,0.030303030303030304
MNQ,2025-08-11,23715.75,23767.5,23681.0,23751.5,201512,60,2025-08-11T13:30:00+00:00,2025-08-11T14:29:00+00:00,23728.28222430095,23767.25,23773.5,23667.75,23715.0,261850,930,2025-08-10T22:00:00+00:00,2025-08-11T13:29:00+00:00,23752.0,23804.5,23587.0,23638.5,596769,330,2025-08-11T14:30:00+00:00,2025-08-11T19:59:00+00:00,178,325,0.5493827160493827,105.75,86.5,217.5,2.514450867052023,0.5218390804597701,-0.5218390804597701,True,False,False,False,trapped,trapped,False,True,True,True,True,True,True,0.2367816091954023,33,0.1
MNQ,2025-08-12,23733.0,23808.5,23622.0,23752.75,359352,60,2025-08-12T13:30:00+00:00,2025-08-12T14:29:00+00:00,23716.62268982316,23632.0,23822.25,23596.0,23732.75,329530,930,2025-08-11T22:00:00+00:00,2025-08-12T13:29:00+00:00,23753.0,23949.25,23732.5,23934.0,469000,330,2025-08-12T14:30:00+00:00,2025-08-12T19:59:00+00:00,168,318,0.5299684542586751,226.25,186.5,216.75,1.1621983914209115,0.8350634371395617,0.8350634371395617,True,False,False,False,trapped,trapped,False,True,False,True,True,False,True,0.9533995416348358,0,0.0
MNQ,2025-08-13,24044.5,24069.0,23947.25,23957.0,264102,60,2025-08-13T13:30:00+00:00,2025-08-13T14:29:00+00:00,24017.27821857969,23947.25,24046.5,23921.0,24044.5,210391,930,2025-08-12T22:00:00+00:00,2025-08-13T13:29:00+00:00,23957.0,23973.25,23886.0,23943.25,611467,330,2025-08-13T14:30:00+00:00,2025-08-13T19:59:00+00:00,158,322,0.49221183800623053,125.5,121.75,87.25,0.7166324435318275,0.15759312320916904,-0.15759312320916904,False,True,False,False,broken,broken_up,False,False,True,True,False,True,True,0.3128415300546448,0,0.0
MNQ,2025-08-14,23858.25,23960.25,23841.25,23951.75,234528,60,2025-08-14T13:30:00+00:00,2025-08-14T14:29:00+00:00,23917.486081974577,23930.0,23965.0,23793.25,23858.0,254674,930,2025-08-13T22:00:00+00:00,2025-08-14T13:29:00+00:00,23951.25,24005.5,23862.75,23921.5,648657,330,2025-08-14T14:30:00+00:00,2025-08-14T19:59:00+00:00,163,322,0.5077881619937694,171.75,119.0,142.75,1.199579831932773,0.2084063047285464,-0.2084063047285464,True,False,False,False,trapped,trapped,True,True,False,True,True,False,True,0.4885844748858447,33,0.1
MNQ,2025-08-15,23909.25,23910.75,23766.0,23855.5,285370,60,2025-08-15T13:30:00+00:00,2025-08-15T14:29:00+00:00,23839.816388665004,23891.25,23962.75,23871.5,23909.0,228144,930,2025-08-14T22:00:00+00:00,2025-08-15T13:29:00+00:00,23855.5,23862.75,23734.75,23805.75,602957,330,2025-08-15T14:30:00+00:00,2025-08-15T19:59:00+00:00,171,323,0.531055900621118,91.25,144.75,128.0,0.8842832469775475,0.388671875,-0.388671875,False,False,True,False,broken,broken_down,False,False,True,True,False,True,True,0.4034090909090909,16,0.048484848484848485
MNQ,2025-08-18,23768.75,23824.5,23735.0,23775.75,240043,60,2025-08-18T13:30:00+00:00,2025-08-18T14:29:00+00:00,23782.29284267124,23795.0,23882.0,23738.75,23768.5,233158,930,2025-08-17T22:00:00+00:00,2025-08-18T13:29:00+00:00,23775.5,23816.0,23718.75,23796.75,513377,330,2025-08-18T14:30:00+00:00,2025-08-18T19:59:00+00:00,153,325,0.4722222222222222,143.25,89.5,97.25,1.0865921787709498,0.2185089974293059,0.2185089974293059,False,False,True,False,broken,broken_down,False,False,True,True,False,True,True,0.7375886524822695,20,0.06060606060606061
MNQ,2025-08-19,23762.5,23770.75,23622.75,23627.0,334863,60,2025-08-19T13:30:00+00:00,2025-08-19T14:29:00+00:00,23688.577808188224,23799.0,23839.75,23730.75,23762.5,232355,930,2025-08-18T22:00:00+00:00,2025-08-19T13:29:00+00:00,23627.0,23659.0,23425.25,23470.25,798482,330,2025-08-19T14:30:00+00:00,2025-08-19T19:59:00+00:00,173,324,0.5356037151702786,109.0,148.0,233.75,1.5793918918918919,0.6705882352941176,-0.6705882352941176,False,False,True,False,broken,broken_down,False,False,True,True,False,True,True,0.13024602026049203,0,0.0
MNQ,2025-08-20,23425.75,23432.0,23063.25,23095.25,452055,60,2025-08-20T13:30:00+00:00,2025-08-20T14:29:00+00:00,23217.979989160613,23456.0,23489.0,23334.25,23426.75,340767,930,2025-08-19T22:00:00+00:00,2025-08-20T13:29:00+00:00,23096.0,23368.5,23035.25,23324.75,939007,330,2025-08-20T14:30:00+00:00,2025-08-20T19:59:00+00:00,169,324,0.5232198142414861,154.75,368.75,333.25,0.903728813559322,0.6864216054013503,0.6864216054013503,False,False,True,False,broken,broken_down,False,False,True,True,False,True,True,0.7296786389413988,33,0.1
MNQ,2025-08-21,23260.25,23348.25,23155.25,23344.75,376693,60,2025-08-21T13:30:00+00:00,2025-08-21T14:29:00+00:00,23253.633786222028,23322.0,23369.5,23207.5,23260.25,336112,930,2025-08-20T22:00:00+00:00,2025-08-21T13:29:00+00:00,23345.25,23345.75,23119.5,23218.0,853960,330,2025-08-21T14:30:00+00:00,2025-08-21T19:59:00+00:00,171,324,0.5294117647058824,162.0,193.0,226.25,1.172279792746114,0.5624309392265193,-0.5624309392265193,False,False,True,False,broken,broken_down,False,False,True,True,False,True,True,0.4306010928961749,13,0.03939393939393939
MNQ,2025-08-22,23264.75,23633.5,23206.25,23554.25,488661,60,2025-08-22T13:30:00+00:00,2025-08-22T14:29:00+00:00,23444.771281795216,23228.0,23281.0,23074.25,23264.75,307714,930,2025-08-21T22:00:00+00:00,2025-08-22T13:29:00+00:00,23554.25,23650.0,23507.0,23565.0,702018,330,2025-08-22T14:30:00+00:00,2025-08-22T19:59:00+00:00,166,327,0.50920245398773,206.75,427.25,143.0,0.3346986541837332,0.07517482517482517,0.07517482517482517,False,True,False,False,broken,broken_up,False,True,False,True,True,False,True,0.8084507042253521,0,0.0
MNQ,2025-08-25,23496.0,23561.0,23445.0,23541.0,301844,60,2025-08-25T13:30:00+00:00,2025-08-25T14:29:00+00:00,23506.441468661516,23600.0,23610.0,23462.0,23496.0,268921,930,2025-08-24T22:00:00+00:00,2025-08-25T13:29:00+00:00,23540.5,23616.75,23488.75,23495.5,536051,330,2025-08-25T14:30:00+00:00,2025-08-25T19:59:00+00:00,171,319,0.5377358490566038,148.0,116.0,128.0,1.103448275862069,0.3515625,-0.3515625,False,False,True,False,broken,broken_down,False,True,False,True,True,False,True,0.2940320232896652,2,0.006060606060606061
MNQ,2025-08-26,23470.25,23548.0,23426.75,23543.0,318730,60,2025-08-26T13:30:00+00:00,2025-08-26T14:29:00+00:00,23494.065764649284,23510.25,23520.5,23371.25,23470.5,331583,930,2025-08-25T22:00:00+00:00,2025-08-26T13:29:00+00:00,23542.75,23600.0,23479.0,23587.0,585345,330,2025-08-26T14:30:00+00:00,2025-08-26T19:59:00+00:00,167,321,0.521875,149.25,121.25,121.0,0.9979381443298969,0.365702479338843,0.365702479338843,False,True,False,False,broken,broken_up,False,True,False,True,True,False,True,0.924963924963925,4,0.012121212121212121
MNQ,2025-08-27,23541.5,23606.75,23488.5,23598.25,281523,60,2025-08-27T13:30:00+00:00,2025-08-27T14:29:00+00:00,23544.440082456258,23607.25,23629.0,23535.75,23541.5,218211,930,2025-08-26T22:00:00+00:00,2025-08-27T13:29:00+00:00,23598.5,23657.5,23542.0,23620.0,554761,330,2025-08-27T14:30:00+00:00,2025-08-27T19:59:00+00:00,157,324,0.48606811145510836,93.25,118.25,115.5,0.9767441860465116,0.18614718614718614,0.18614718614718614,False,False,True,False,broken,broken_down,False,True,False,True,True,False,True,0.7781065088757396,1,0.0030303030303030303
MNQ,2025-08-28,23640.5,23743.25,23572.5,23629.75,409695,60,2025-08-28T13:30:00+00:00,2025-08-28T14:29:00+00:00,23660.96814296814,23543.0,23662.0,23486.75,23640.5,317705,930,2025-08-27T22:00:00+00:00,2025-08-28T13:29:00+00:00,23630.0,23803.75,23628.75,23766.25,604640,330,2025-08-28T14:30:00+00:00,2025-08-28T19:59:00+00:00,171,319,0.5377358490566038,175.25,170.75,175.0,1.0248901903367496,0.7785714285714286,0.7785714285714286,False,True,False,False,broken,broken_up,False,True,False,True,True,False,True,0.8378378378378378,4,0.012121212121212121
MNQ,2025-08-29,23652.0,23668.0,23428.0,23498.5,412664,60,2025-08-29T13:30:00+00:00,2025-08-29T14:29:00+00:00,23530.122268560703,23761.0,23762.75,23612.0,23652.25,266693,930,2025-08-28T22:00:00+00:00,2025-08-29T13:29:00+00:00,23498.25,23515.75,23401.5,23473.25,699912,330,2025-08-29T14:30:00+00:00,2025-08-29T19:59:00+00:00,168,326,0.5169230769230769,150.75,240.0,114.25,0.47604166666666664,0.2188183807439825,-0.2188183807439825,False,False,True,False,broken,broken_down,False,False,True,True,False,True,True,0.2692307692307692,0,0.0
MNQ,2025-09-01,23476.0,23495.0,23443.25,23484.5,36762,60,2025-09-01T13:30:00+00:00,2025-09-01T14:29:00+00:00,23476.333496545347,23478.5,23555.25,23371.5,23476.75,238637,930,2025-08-31T22:00:00+00:00,2025-09-01T13:29:00+00:00,23484.5,23507.0,23479.25,23502.75,46578,150,2025-09-01T14:30:00+00:00,2025-09-01T16:59:00+00:00,68,142,0.48226950354609927,183.75,51.75,27.75,0.5362318840579711,0.6576576576576577,0.6576576576576577,True,False,False,False,trapped,trapped,False,True,False,True,False,False,False,0.9333333333333333,0,0.0
MNQ,2025-09-02,23100.25,23280.25,23025.0,23261.5,389089,60,2025-09-02T13:30:00+00:00,2025-09-02T14:29:00+00:00,23185.164656629542,23502.75,23511.0,23060.0,23100.5,485535,930,2025-09-01T22:00:00+00:00,2025-09-02T13:29:00+00:00,23261.25,23290.0,23026.5,23277.25,801636,330,2025-09-02T14:30:00+00:00,2025-09-02T19:59:00+00:00,182,326,0.56,451.0,255.25,263.5,1.0323212536728696,0.06072106261859583,0.06072106261859583,False,False,True,False,broken,broken_down,False,True,False,True,False,False,False,0.9518867924528301,19,0.05757575757575758
MNQ,2025-09-03,23423.5,23472.0,23369.75,23433.0,340327,60,2025-09-03T13:30:00+00:00,2025-09-03T14:29:00+00:00,23414.013349660767,23381.5,23458.5,23299.75,23423.25,312941,930,2025-09-02T22:00:00+00:00,2025-09-03T13:29:00+00:00,23433.5,23526.0,23318.25,23452.0,832221,330,2025-09-03T14:30:00+00:00,2025-09-03T19:59:00+00:00,174,324,0.5386996904024768,158.75,102.25,207.75,2.031784841075795,0.08904933814681107,0.08904933814681107,False,True,False,False,broken,broken_up,False,True,True,True,True,False,True,0.6438026474127557,35,0.10606060606060606
MNQ,2025-09-04,23480.25,23548.25,23410.0,23481.25,348122,60,2025-09-04T13:30:00+00:00,2025-09-04T14:29:00+00:00,23472.332054088318,23456.0,23535.75,23430.5,23480.0,274232,930,2025-09-03T22:00:00+00:00,2025-09-04T13:29:00+00:00,23481.0,23680.5,23479.5,23666.25,622242,330,2025-09-04T14:30:00+00:00,2025-09-04T19:59:00+00:00,167,322,0.5202492211838006,105.25,138.25,201.0,1.453887884267631,0.9216417910447762,0.9216417910447762,False,True,True,True,broken,broken_both,False,True,False,True,True,False,True,0.9473197781885397,0,0.0
MNQ,2025-09-05,23874.5,23902.5,23629.25,23654.5,463195,60,2025-09-05T13:30:00+00:00,2025-09-05T14:29:00+00:00,23792.19286045834,23694.0,23898.75,23691.75,23874.5,321117,930,2025-09-04T22:00:00+00:00,2025-09-05T13:29:00+00:00,23653.75,23693.75,23505.0,23690.5,1013045,330,2025-09-05T14:30:00+00:00,2025-09-05T19:59:00+00:00,169,322,0.5264797507788161,207.0,273.25,188.75,0.6907593778591034,0.1947019867549669,0.1947019867549669,False,True,True,True,broken,broken_both,False,False,True,True,False,True,True,0.4666666666666667,0,0.0
MNQ,2025-09-08,23784.25,23876.5,23771.25,23862.75,312764,60,2025-09-08T13:30:00+00:00,2025-09-08T14:29:00+00:00,23833.700292659425,23676.5,23797.25,23650.5,23783.5,266739,930,2025-09-07T22:00:00+00:00,2025-09-08T13:29:00+00:00,23862.5,23888.0,23758.5,23803.5,649594,330,2025-09-08T14:30:00+00:00,2025-09-08T19:59:00+00:00,151,322,0.470404984423676,146.75,105.25,129.5,1.2304038004750595,0.4555984555984556,-0.4555984555984556,False,True,False,False,broken,broken_up,False,True,True,True,True,False,True,0.3474903474903475,10,0.030303030303030304
MNQ,2025-09-09,23835.0,23857.75,23781.0,23810.75,275829,60,2025-09-09T13:30:00+00:00,2025-09-09T14:29:00+00:00,23821.71202598954,23799.75,23885.25,23790.75,23835.25,237529,930,2025-09-08T22:00:00+00:00,2025-09-09T13:29:00+00:00,23810.5,23887.75,23726.5,23867.25,611399,330,2025-09-09T14:30:00+00:00,2025-09-09T19:59:00+00:00,170,324,0.5263157894736842,94.5,76.75,161.25,2.1009771986970684,0.351937984496124,0.351937984496124,False,False,True,False,broken,broken_down,False,True,True,True,True,True,True,0.8728682170542635,11,0.03333333333333333
MNQ,2025-09-10,23998.5,24000.75,23894.25,23964.5,316404,60,2025-09-10T13:30:00+00:00,2025-09-10T14:29:00+00:00,23947.594786517657,23900.25,24041.0,23874.0,23998.0,261816,930,2025-09-09T22:00:00+00:00,2025-09-10T13:29:00+00:00,23963.5,23990.75,23785.0,23873.75,723041,330,2025-09-10T14:30:00+00:00,2025-09-10T19:59:00+00:00,165,325,0.5092592592592593,167.0,106.5,205.75,1.931924882629108,0.4362089914945322,-0.4362089914945322,True,False,False,False,trapped,trapped,False,False,True,True,False,True,True,0.41135573580533025,10,0.030303030303030304
MNQ,2025-09-11,23977.0,24003.25,23909.75,23965.75,297092,60,2025-09-11T13:30:00+00:00,2025-09-11T14:29:00+00:00,23962.665944948592,23856.75,23978.25,23845.0,23977.0,283961,930,2025-09-10T22:00:00+00:00,2025-09-11T13:29:00+00:00,23965.0,24048.75,23961.5,24011.75,545770,330,2025-09-11T14:30:00+00:00,2025-09-11T19:59:00+00:00,175,323,0.5434782608695652,133.25,93.5,87.25,0.9331550802139037,0.5358166189111748,0.5358166189111748,False,True,False,False,broken,broken_up,False,True,False,True,True,False,True,0.7338129496402878,1,0.0030303030303030303
MNQ,2025-09-12,24040.5,24076.5,24002.0,24071.75,248391,60,2025-09-12T13:30:00+00:00,2025-09-12T14:29:00+00:00,24039.56171519902,24028.0,24053.75,23968.75,24040.25,197534,930,2025-09-11T22:00:00+00:00,2025-09-12T13:29:00+00:00,24071.75,24159.0,24064.5,24109.5,554797,330,2025-09-12T14:30:00+00:00,2025-09-12T19:59:00+00:00,158,325,0.4876543209876543,85.0,74.5,94.5,1.2684563758389262,0.3994708994708995,0.3994708994708995,False,True,False,False,broken,broken_up,False,True,False,True,True,False,True,0.6847133757961783,0,0.0
MNQ,2025-09-15,24177.75,24265.5,24172.0,24254.5,117435,60,2025-09-15T13:30:00+00:00,2025-09-15T14:29:00+00:00,24231.008430905036,24112.25,24183.25,24075.5,24177.0,132635,930,2025-09-14T22:00:00+00:00,2025-09-15T13:29:00+00:00,24254.25,24315.75,24221.0,24311.5,239632,330,2025-09-15T14:30:00+00:00,2025-09-15T19:59:00+00:00,143,317,0.4525316455696203,107.75,93.5,94.75,1.0133689839572193,0.604221635883905,0.604221635883905,False,True,False,False,broken,broken_up,False,True,False,True,True,False,True,0.9704347826086956,1,0.0030303030303030303
MNQ,2025-09-16,24588.25,24600.25,24517.75,24539.0,208733,60,2025-09-16T13:30:00+00:00,2025-09-16T14:29:00+00:00,24551.712971435598,24294.5,24646.75,24284.25,24588.25,141382,930,2025-09-15T22:00:00+00:00,2025-09-16T13:29:00+00:00,24538.75,24561.25,24499.0,24524.0,385628,330,2025-09-16T14:30:00+00:00,2025-09-16T19:59:00+00:00,158,317,0.5,362.5,82.5,62.25,0.7545454545454545,0.23694779116465864,-0.23694779116465864,True,False,False,False,trapped,trapped,False,False,True,True,False,False,False,0.24691358024691357,17,0.051515151515151514
MNQ,2025-09-17,24521.0,24540.75,24436.25,24440.0,223056,60,2025-09-17T13:30:00+00:00,2025-09-17T14:29:00+00:00,24483.65956419016,24531.0,24553.0,24456.0,24521.25,172250,930,2025-09-16T22:00:00+00:00,2025-09-17T13:29:00+00:00,24440.25,24550.75,24241.75,24475.5,893921,330,2025-09-17T14:30:00+00:00,2025-09-17T19:59:00+00:00,146,324,0.4520123839009288,97.0,104.5,309.0,2.9569377990430623,0.11407766990291263,0.11407766990291263,False,False,True,False,broken,broken_down,False,True,True,True,False,True,True,0.7564724919093851,26,0.07878787878787878
MNQ,2025-09-18,24679.25,24790.0,24598.75,24786.5,310382,60,2025-09-18T13:30:00+00:00,2025-09-18T14:29:00+00:00,24694.12305884362,24504.0,24766.0,24492.5,24679.5,324686,930,2025-09-17T22:00:00+00:00,2025-09-18T13:29:00+00:00,24786.25,24815.75,24696.75,24698.25,589327,330,2025-09-18T14:30:00+00:00,2025-09-18T19:59:00+00:00,166,325,0.5123456790123457,273.5,191.25,119.0,0.6222222222222222,0.7394957983193278,-0.7394957983193278,False,True,False,False,broken,broken_up,False,True,False,True,True,False,True,0.45852534562211983,0,0.0
MNQ,2025-09-19,24768.0,24816.0,24737.25,24782.5,264298,60,2025-09-19T13:30:00+00:00,2025-09-19T14:29:00+00:00,24777.26369697589,24715.0,24784.5,24655.0,24768.25,255032,930,2025-09-18T22:00:00+00:00,2025-09-19T13:29:00+00:00,24782.5,24888.0,24708.0,24860.25,569624,330,2025-09-19T14:30:00+00:00,2025-09-19T19:59:00+00:00,143,321,0.446875,129.5,78.75,180.0,2.2857142857142856,0.43194444444444446,0.43194444444444446,False,True,False,False,broken,broken_up,False,True,True,True,True,False,True,0.8458333333333333,7,0.021212121212121213
MNQ,2025-09-22,24815.25,24905.75,24814.25,24903.5,228268,60,2025-09-22T13:30:00+00:00,2025-09-22T14:29:00+00:00,24860.963190197486,24851.5,24876.0,24748.5,24814.75,242704,930,2025-09-21T22:00:00+00:00,2025-09-22T13:29:00+00:00,24903.5,25027.25,24890.25,24998.5,544892,330,2025-09-22T14:30:00+00:00,2025-09-22T19:59:00+00:00,170,322,0.5295950155763239,127.5,91.5,137.0,1.4972677595628416,0.6934306569343066,0.6934306569343066,False,True,False,False,broken,broken_up,False,True,False,True,True,False,True,0.8650234741784038,0,0.0
MNQ,2025-09-23,25001.0,25009.75,24929.5,24953.25,254828,60,2025-09-23T13:30:00+00:00,2025-09-23T14:29:00+00:00,24958.773726461244,24999.75,25026.25,24973.0,25000.75,189805,930,2025-09-22T22:00:00+00:00,2025-09-23T13:29:00+00:00,24953.25,24975.0,24779.25,24831.0,784902,330,2025-09-23T14:30:00+00:00,2025-09-23T19:59:00+00:00,150,325,0.46296296296296297,53.25,80.25,195.75,2.439252336448598,0.6245210727969349,-0.6245210727969349,False,False,True,False,broken,broken_down,False,False,True,True,False,True,True,0.2245119305856833,22,0.06666666666666667
MNQ,2025-09-24,24885.0,24899.25,24785.0,24818.25,268013,60,2025-09-24T13:30:00+00:00,2025-09-24T14:29:00+00:00,24827.55382170516,24839.75,24913.25,24810.75,24884.5,197618,930,2025-09-23T22:00:00+00:00,2025-09-24T13:29:00+00:00,24818.25,24829.75,24628.0,24739.5,773668,330,2025-09-24T14:30:00+00:00,2025-09-24T19:59:00+00:00,169,326,0.52,102.5,114.25,201.75,1.7658643326039387,0.3903345724907063,-0.3903345724907063,False,False,True,False,broken,broken_down,False,False,True,True,False,True,True,0.4110599078341014,4,0.012121212121212121
MNQ,2025-09-25,24576.5,24641.75,24422.0,24619.75,422139,60,2025-09-25T13:30:00+00:00,2025-09-25T14:29:00+00:00,24519.95857959898,24747.0,24792.5,24540.25,24577.0,341200,930,2025-09-24T22:00:00+00:00,2025-09-25T13:29:00+00:00,24620.0,24697.0,24453.5,24632.0,1001173,330,2025-09-25T14:30:00+00:00,2025-09-25T19:59:00+00:00,161,329,0.49085365853658536,252.25,219.75,243.5,1.1080773606370875,0.049281314168377825,0.049281314168377825,False,False,True,False,broken,broken_down,False,True,False,True,False,False,False,0.7636363636363637,6,0.01818181818181818
MNQ,2025-09-26,24654.25,24733.25,24520.0,24569.25,407318,60,2025-09-26T13:30:00+00:00,2025-09-26T14:29:00+00:00,24642.119832661465,24640.0,24747.25,24568.25,24654.25,368504,930,2025-09-25T22:00:00+00:00,2025-09-26T13:29:00+00:00,24569.0,24737.5,24539.0,24725.5,762005,330,2025-09-26T14:30:00+00:00,2025-09-26T19:59:00+00:00,152,320,0.47648902821316613,179.0,213.25,198.5,0.9308323563892146,0.7884130982367759,0.7884130982367759,False,False,True,False,broken,broken_down,False,True,False,True,False,False,False,0.9448275862068966,4,0.012121212121212121
MNQ,2025-09-29,24851.25,24975.0,24848.25,24957.25,276977,60,2025-09-29T13:30:00+00:00,2025-09-29T14:29:00+00:00,24924.057890486692,24727.25,24909.5,24723.75,24851.25,279333,930,2025-09-28T22:00:00+00:00,2025-09-29T13:29:00+00:00,24957.0,24961.25,24780.5,24837.25,694828,330,2025-09-29T14:30:00+00:00,2025-09-29T19:59:00+00:00,157,322,0.48909657320872274,185.75,126.75,180.75,1.4260355029585798,0.6625172890733056,-0.6625172890733056,False,True,False,False,broken,broken_up,False,False,True,True,False,False,False,0.2917737789203085,3,0.00909090909090909
MNQ,2025-09-30,24820.5,24830.75,24722.5,24783.5,319110,60,2025-09-30T13:30:00+00:00,2025-09-30T14:29:00+00:00,24774.791953401647,24812.0,24856.75,24754.25,24820.75,277087,930,2025-09-29T22:00:00+00:00,2025-09-30T13:29:00+00:00,24783.75,24913.75,24731.25,24897.75,827947,330,2025-09-30T14:30:00+00:00,2025-09-30T19:59:00+00:00,171,325,0.5277777777777778,102.5,108.25,182.5,1.6859122401847575,0.6246575342465753,0.6246575342465753,False,False,True,False,broken,broken_down,False,True,False,True,True,False,True,0.9163398692810457,31,0.09393939393939393
MNQ,2025-10-01,24763.5,24893.0,24726.0,24884.0,317442,60,2025-10-01T13:30:00+00:00,2025-10-01T14:29:00+00:00,24808.430669224617,24844.5,24877.0,24633.75,24763.75,394395,930,2025-09-30T22:00:00+00:00,2025-10-01T13:29:00+00:00,24884.0,25037.0,24874.75,25011.5,596492,330,2025-10-01T14:30:00+00:00,2025-10-01T19:59:00+00:00,166,325,0.5123456790123457,243.25,167.0,162.25,0.9715568862275449,0.785824345146379,0.785824345146379,False,True,False,False,broken,broken_up,False,True,False,True,True,False,True,0.9180064308681672,0,0.0
MNQ,2025-10-02,25164.75,25169.0,25014.25,25076.0,356274,60,2025-10-02T13:30:00+00:00,2025-10-02T14:29:00+00:00,25070.02798969333,25009.5,25180.0,25001.0,25165.0,256569,930,2025-10-01T22:00:00+00:00,2025-10-02T13:29:00+00:00,25076.25,25126.75,24993.75,25108.25,642068,330,2025-10-02T14:30:00+00:00,2025-10-02T19:59:00+00:00,163,324,0.5046439628482973,179.0,154.75,133.0,0.8594507269789984,0.24060150375939848,0.24060150375939848,True,False,False,False,trapped,trapped,False,False,True,True,False,True,True,0.6533523537803139,28,0.08484848484848485
MNQ,2025-10-03,25133.5,25171.0,25051.0,25090.25,296805,60,2025-10-03T13:30:00+00:00,2025-10-03T14:29:00+00:00,25110.119061617334,25105.0,25197.0,25073.0,25133.0,232510,930,2025-10-02T22:00:00+00:00,2025-10-03T13:29:00+00:00,25090.0,25156.0,24923.0,24996.75,832623,330,2025-10-03T14:30:00+00:00,2025-10-03T19:59:00+00:00,164,321,0.5125,124.0,120.0,233.0,1.9416666666666667,0.4002145922746781,-0.4002145922746781,False,False,True,False,broken,broken_down,False,False,True,True,False,True,True,0.2973790322580645,25,0.07575757575757576
MNQ,2025-10-06,25214.25,25221.75,25117.0,25143.0,273430,60,2025-10-06T13:30:00+00:00,2025-10-06T14:29:00+00:00,25161.70370295871,24994.0,25241.5,24994.0,25214.25,313729,930,2025-10-05T22:00:00+00:00,2025-10-06T13:29:00+00:00,25143.25,25253.0,25110.25,25184.0,509582,330,2025-10-06T14:30:00+00:00,2025-10-06T19:59:00+00:00,168,319,0.5283018867924528,247.5,104.75,142.75,1.3627684964200477,0.28546409807355516,0.28546409807355516,True,False,False,False,trapped,trapped,False,True,True,True,True,False,True,0.5166374781085814,19,0.05757575757575758
MNQ,2025-10-07,25237.25,25265.5,25207.5,25213.25,244838,60,2025-10-07T13:30:00+00:00,2025-10-07T14:29:00+00:00,25238.368736674864,25184.0,25274.75,25122.75,25237.25,278132,930,2025-10-06T22:00:00+00:00,2025-10-07T13:29:00+00:00,25213.5,25231.25,24985.25,25045.25,942898,330,2025-10-07T14:30:00+00:00,2025-10-07T19:59:00+00:00,166,323,0.515527950310559,152.0,58.0,246.0,4.241379310344827,0.6839430894308943,-0.6839430894308943,True,False,False,False,trapped,trapped,False,False,True,True,False,True,True,0.21409455842997324,0,0.0
MNQ,2025-10-08,25080.25,25231.0,25073.25,25216.5,279588,60,2025-10-08T13:30:00+00:00,2025-10-08T14:29:00+00:00,25168.092959104113,25055.0,25111.25,25026.25,25080.25,266899,930,2025-10-07T22:00:00+00:00,2025-10-08T13:29:00+00:00,25216.75,25343.75,25172.75,25329.5,563132,330,2025-10-08T14:30:00+00:00,2025-10-08T19:59:00+00:00,175,324,0.541795665634675,85.0,157.75,171.0,1.0839936608557845,0.6593567251461988,0.6593567251461988,False,True,False,False,broken,broken_up,False,True,False,True,True,False,True,0.9473197781885397,0,0.0
MNQ,2025-10-09,25329.0,25334.75,25245.25,25251.75,303471,60,2025-10-09T13:30:00+00:00,2025-10-09T14:29:00+00:00,25281.480680471388,25354.5,25393.0,25294.25,25329.0,272822,930,2025-10-08T22:00:00+00:00,2025-10-09T13:29:00+00:00,25252.25,25295.5,25160.75,25294.75,797126,330,2025-10-09T14:30:00+00:00,2025-10-09T19:59:00+00:00,165,324,0.5108359133126935,98.75,89.5,134.75,1.505586592178771,0.31539888682745826,0.31539888682745826,False,False,True,False,broken,broken_down,False,False,True,True,False,True,True,0.7701149425287356,8,0.024242424242424242
MNQ,2025-10-10,25313.25,25388.0,25293.75,25334.75,287004,60,2025-10-10T13:30:00+00:00,2025-10-10T14:29:00+00:00,25342.95641001519,25284.75,25356.25,25251.25,25313.75,288405,930,2025-10-09T22:00:00+00:00,2025-10-10T13:29:00+00:00,25335.5,25359.75,24384.25,24402.75,1763693,330,2025-10-10T14:30:00+00:00,2025-10-10T19:59:00+00:00,168,328,0.5137614678899083,105.0,94.25,975.5,10.350132625994695,0.9561763198359815,-0.9561763198359815,False,True,False,False,broken,broken_up,False,False,True,True,False,True,True,0.01843088418430884,15,0.045454545454545456
MNQ,2025-10-13,24824.75,24913.75,24724.5,24824.5,417795,60,2025-10-13T13:30:00+00:00,2025-10-13T14:29:00+00:00,24829.827200540934,24482.0,24945.0,24482.0,24824.75,722999,930,2025-10-12T22:00:00+00:00,2025-10-13T13:29:00+00:00,24825.0,24965.0,24743.5,24920.75,805602,330,2025-10-13T14:30:00+00:00,2025-10-13T19:59:00+00:00,168,327,0.5153374233128835,463.0,189.25,221.5,1.1704095112285338,0.4322799097065463,0.4322799097065463,True,False,False,False,trapped,trapped,False,True,False,True,True,False,True,0.816008316008316,10,0.030303030303030304
MNQ,2025-10-14,24638.5,24725.0,24423.25,24721.75,452015,60,2025-10-14T13:30:00+00:00,2025-10-14T14:29:00+00:00,24559.977365426665,24905.0,25044.5,24502.5,24638.25,818041,930,2025-10-13T22:00:00+00:00,2025-10-14T13:29:00+00:00,24721.0,24947.25,24670.5,24757.0,1022027,330,2025-10-14T14:30:00+00:00,2025-10-14T19:59:00+00:00,162,326,0.49846153846153846,542.0,301.75,276.75,0.9171499585749793,0.13008130081300814,0.13008130081300814,False,False,True,False,broken,broken_down,False,True,False,True,False,False,False,0.6369274809160306,0,0.0
MNQ,2025-10-15,25002.25,25117.75,24897.0,25101.25,385606,60,2025-10-15T13:30:00+00:00,2025-10-15T14:29:00+00:00,25004.49612903672,24752.5,25025.25,24740.5,25001.75,450939,930,2025-10-14T22:00:00+00:00,2025-10-15T13:29:00+00:00,25101.5,25116.0,24663.5,24924.75,1242873,330,2025-10-15T14:30:00+00:00,2025-10-15T19:59:00+00:00,174,323,0.5403726708074534,284.75,220.75,452.5,2.0498301245753114,0.39060773480662986,-0.39060773480662986,False,True,False,False,broken,broken_up,False,False,True,True,False,True,True,0.5751238304898184,3,0.00909090909090909
MNQ,2025-10-16,25045.25,25125.5,25013.5,25081.5,440913,60,2025-10-16T13:30:00+00:00,2025-10-16T14:29:00+00:00,25068.965206854868,24939.0,25099.25,24874.5,25045.5,458154,930,2025-10-15T22:00:00+00:00,2025-10-16T13:29:00+00:00,25081.25,25179.75,24643.25,24830.75,1630831,330,2025-10-16T14:30:00+00:00,2025-10-16T19:59:00+00:00,156,328,0.47706422018348627,224.75,112.0,536.5,4.790178571428571,0.46691519105312207,-0.46691519105312207,False,True,False,False,broken,broken_up,False,True,True,True,True,True,True,0.3494874184529357,4,0.012121212121212121
MNQ,2025-10-17,24735.5,24960.75,24672.25,24908.75,470581,60,2025-10-17T13:30:00+00:00,2025-10-17T14:29:00+00:00,24820.899245294644,24793.75,24858.5,24410.25,24736.0,951683,930,2025-10-16T22:00:00+00:00,2025-10-17T13:29:00+00:00,24909.0,25054.25,24674.5,24988.5,1123335,330,2025-10-17T14:30:00+00:00,2025-10-17T19:59:00+00:00,165,325,0.5092592592592593,448.25,288.5,379.75,1.3162911611785095,0.20934825543120475,0.20934825543120475,False,True,False,False,broken,broken_up,False,True,False,True,True,False,True,0.8278795811518325,25,0.07575757575757576
MNQ,2025-10-20,25118.75,25283.5,25114.75,25281.5,283471,60,2025-10-20T13:30:00+00:00,2025-10-20T14:29:00+00:00,25219.03868149946,25067.0,25152.75,24956.0,25118.5,443655,930,2025-10-19T22:00:00+00:00,2025-10-20T13:29:00+00:00,25281.75,25355.0,25265.0,25299.75,570492,330,2025-10-20T14:30:00+00:00,2025-10-20T19:59:00+00:00,171,323,0.531055900621118,196.75,168.75,90.0,0.5333333333333333,0.2,0.2,False,True,False,False,broken,broken_up,False,True,False,True,True,False,True,0.7700312174817898,0,0.0
MNQ,2025-10-21,25301.0,25304.5,25204.75,25221.0,334161,60,2025-10-21T13:30:00+00:00,2025-10-21T14:29:00+00:00,25250.45118969598,25326.25,25368.0,25252.75,25301.25,311684,930,2025-10-20T22:00:00+00:00,2025-10-21T13:29:00+00:00,25221.0,25347.5,25203.0,25291.25,681131,330,2025-10-21T14:30:00+00:00,2025-10-21T19:59:00+00:00,166,324,0.5139318885448917,115.25,99.75,144.5,1.4486215538847118,0.486159169550173,0.486159169550173,False,False,True,False,broken,broken_down,False,True,True,True,False,True,True,0.610726643598616,11,0.03333333333333333
MNQ,2025-10-22,25265.25,25289.5,25116.5,25125.25,350362,60,2025-10-22T13:30:00+00:00,2025-10-22T14:29:00+00:00,25224.788230934486,25277.0,25338.5,25206.75,25265.25,333681,930,2025-10-21T22:00:00+00:00,2025-10-22T13:29:00+00:00,25125.5,25191.75,24805.25,25040.75,1365736,330,2025-10-22T14:30:00+00:00,2025-10-22T19:59:00+00:00,149,324,0.4613003095975232,131.75,173.0,386.5,2.2341040462427744,0.21927554980595085,-0.21927554980595085,False,False,True,False,broken,broken_down,False,False,True,True,False,True,True,0.48631905007743936,0,0.0
MNQ,2025-10-23,25016.25,25179.75,24998.75,25147.0,360706,60,2025-10-23T13:30:00+00:00,2025-10-23T14:29:00+00:00,25115.042661937056,25014.75,25128.25,24933.25,25016.25,416997,930,2025-10-22T22:00:00+00:00,2025-10-23T13:29:00+00:00,25147.25,25288.25,25119.5,25252.5,733684,330,2025-10-23T14:30:00+00:00,2025-10-23T19:59:00+00:00,164,322,0.5109034267912772,195.0,181.0,168.75,0.9323204419889503,0.6237037037037036,0.6237037037037036,False,True,False,False,broken,broken_up,False,True,False,True,True,False,True,0.8765112262521589,0,0.0
MNQ,2025-10-24,25466.5,25550.5,25430.0,25499.75,290448,60,2025-10-24T13:30:00+00:00,2025-10-24T14:29:00+00:00,25501.980915975782,25285.0,25522.5,25275.5,25466.75,316162,930,2025-10-23T22:00:00+00:00,2025-10-24T13:29:00+00:00,25499.5,25569.0,25432.5,25509.0,591206,330,2025-10-24T14:30:00+00:00,2025-10-24T19:59:00+00:00,157,321,0.490625,247.0,120.5,136.5,1.1327800829875518,0.0695970695970696,0.0695970695970696,False,True,False,False,broken,broken_up,False,True,False,True,True,False,True,0.5683453237410072,8,0.024242424242424242
MNQ,2025-10-27,25815.75,25876.75,25796.25,25868.5,228951,60,2025-10-27T13:30:00+00:00,2025-10-27T14:29:00+00:00,25841.193495551444,25698.5,25852.5,25698.5,25815.5,302115,930,2025-10-26T22:00:00+00:00,2025-10-27T13:29:00+00:00,25868.5,25981.5,25850.0,25961.0,413221,330,2025-10-27T14:30:00+00:00,2025-10-27T19:59:00+00:00,172,320,0.5391849529780565,154.0,80.5,131.5,1.6335403726708075,0.7034220532319392,0.7034220532319392,False,True,False,False,broken,broken_up,False,True,False,True,True,False,True,0.8893387314439946,0,0.0
MNQ,2025-10-28,26051.5,26094.0,26029.0,26045.75,217409,60,2025-10-28T13:30:00+00:00,2025-10-28T14:29:00+00:00,26061.168294934123,26002.5,26062.0,25942.25,26051.5,251754,930,2025-10-27T22:00:00+00:00,2025-10-28T13:29:00+00:00,26046.0,26232.0,26006.0,26160.25,638793,330,2025-10-28T14:30:00+00:00,2025-10-28T19:59:00+00:00,164,323,0.5093167701863354,119.75,65.0,226.0,3.476923076923077,0.5055309734513275,0.5055309734513275,False,True,False,False,broken,broken_up,False,True,True,True,True,False,True,0.6825221238938053,2,0.006060606060606061
MNQ,2025-10-29,26266.0,26326.5,26254.25,26297.75,241964,60,2025-10-29T13:30:00+00:00,2025-10-29T14:29:00+00:00,26286.00387902057,26180.25,26310.0,26164.75,26265.75,322046,930,2025-10-28T22:00:00+00:00,2025-10-29T13:29:00+00:00,26298.0,26308.5,26047.5,26280.25,969475,330,2025-10-29T14:30:00+00:00,2025-10-29T19:59:00+00:00,156,322,0.48598130841121495,145.25,72.25,261.0,3.612456747404844,0.06800766283524905,-0.06800766283524905,False,True,False,False,broken,broken_up,False,False,True,True,False,True,True,0.8342293906810035,5,0.015151515151515152
MNQ,2025-10-30,26125.75,26179.5,25941.5,26020.25,437846,60,2025-10-30T13:30:00+00:00,2025-10-30T14:29:00+00:00,26060.724024923526,26160.5,26399.5,26078.75,26125.25,653104,930,2025-10-29T22:00:00+00:00,2025-10-30T13:29:00+00:00,26019.75,26098.5,25868.25,25871.75,886075,330,2025-10-30T14:30:00+00:00,2025-10-30T19:59:00+00:00,153,325,0.4722222222222222,320.75,238.0,230.25,0.967436974789916,0.6427795874049945,-0.6427795874049945,False,False,True,False,broken,broken_down,False,False,True,True,False,True,True,0.011244979919678716,57,0.17272727272727273
MNQ,2025-10-31,26199.25,26199.5,26057.0,26106.5,332781,60,2025-10-31T13:30:00+00:00,2025-10-31T14:29:00+00:00,26114.838062169012,26156.0,26273.0,26127.25,26198.5,356641,930,2025-10-30T22:00:00+00:00,2025-10-31T13:29:00+00:00,26106.25,26183.0,25887.75,25992.75,1046450,330,2025-10-31T14:30:00+00:00,2025-10-31T19:59:00+00:00,175,324,0.541795665634675,145.75,142.5,295.25,2.0719298245614035,0.384419983065199,-0.384419983065199,False,False,True,False,broken,broken_down,False,False,True,True,False,True,True,0.3368083400160385,8,0.024242424242424242
MNQ,2025-11-03,26235.75,26265.75,26034.0,26044.0,319065,60,2025-11-03T14:30:00+00:00,2025-11-03T15:29:00+00:00,26140.697885488327,26026.0,26252.75,26012.5,26235.5,395128,930,2025-11-02T23:00:00+00:00,2025-11-03T14:29:00+00:00,26044.0,26166.0,26012.75,26110.25,669289,330,2025-11-03T15:30:00+00:00,2025-11-03T20:59:00+00:00,163,326,0.5015384615384615,240.25,231.75,153.25,0.6612729234088457,0.43230016313213704,0.43230016313213704,False,True,False,False,broken,broken_up,False,False,True,True,False,False,False,0.38537549407114624,19,0.05757575757575758
MNQ,2025-11-04,25741.5,25893.75,25663.0,25864.5,340442,60,2025-11-04T14:30:00+00:00,2025-11-04T15:29:00+00:00,25796.965617246602,26105.5,26105.5,25644.75,25741.5,649674,930,2025-11-03T23:00:00+00:00,2025-11-04T14:29:00+00:00,25864.25,25890.25,25545.0,25579.5,970764,330,2025-11-04T15:30:00+00:00,2025-11-04T20:59:00+00:00,167,327,0.5122699386503068,460.75,230.75,345.25,1.4962080173347778,0.8247646632874729,-0.8247646632874729,True,False,False,False,trapped,trapped,True,False,True,True,False,True,True,0.0989247311827957,8,0.024242424242424242
MNQ,2025-11-05,25542.25,25718.0,25487.75,25688.5,376466,60,2025-11-05T14:30:00+00:00,2025-11-05T15:29:00+00:00,25619.27430653322,25545.0,25595.75,25282.75,25542.0,716596,930,2025-11-04T23:00:00+00:00,2025-11-05T14:29:00+00:00,25689.0,25878.5,25658.25,25741.25,613254,330,2025-11-05T15:30:00+00:00,2025-11-05T20:59:00+00:00,165,322,0.514018691588785,313.0,230.25,220.25,0.9565689467969598,0.23723041997729852,0.23723041997729852,False,True,False,False,broken,broken_up,False,True,False,True,True,False,True,0.6487523992322457,0,0.0
MNQ,2025-11-06,25673.75,25684.75,25404.25,25506.25,454235,60,2025-11-06T14:30:00+00:00,2025-11-06T15:29:00+00:00,25543.04389578082,25732.0,25823.75,25616.75,25673.25,510822,930,2025-11-05T23:00:00+00:00,2025-11-06T14:29:00+00:00,25506.5,25514.0,25197.25,25259.0,1263877,330,2025-11-06T15:30:00+00:00,2025-11-06T20:59:00+00:00,178,329,0.5426829268292683,207.0,280.5,316.75,1.1292335115864527,0.7813733228097869,-0.7813733228097869,False,False,True,False,broken,broken_down,False,False,True,True,False,True,True,0.12666666666666668,0,0.0
MNQ,2025-11-07,25110.25,25111.5,24881.75,24969.5,475228,60,2025-11-07T14:30:00+00:00,2025-11-07T15:29:00+00:00,24985.783264734684,25311.0,25354.75,25062.0,25110.0,753364,930,2025-11-06T23:00:00+00:00,2025-11-07T14:29:00+00:00,24969.0,25173.0,24709.0,25164.0,1290207,330,2025-11-07T15:30:00+00:00,2025-11-07T20:59:00+00:00,154,327,0.4723926380368098,292.75,229.75,464.0,2.0195865070729053,0.4202586206896552,0.4202586206896552,False,False,True,False,broken,broken_down,False,True,True,True,False,True,True,0.9806034482758621,2,0.006060606060606061
MNQ,2025-11-10,25539.0,25666.5,25524.0,25642.75,307671,60,2025-11-10T14:30:00+00:00,2025-11-10T15:29:00+00:00,25620.144250947713,25319.75,25569.5,25268.75,25538.5,494070,930,2025-11-09T23:00:00+00:00,2025-11-10T14:29:00+00:00,25643.0,25760.0,25452.25,25713.0,920324,330,2025-11-10T15:30:00+00:00,2025-11-10T20:59:00+00:00,167,325,0.5154320987654321,300.75,142.5,307.75,2.1596491228070174,0.22745735174654752,0.22745735174654752,False,True,False,False,broken,broken_up,False,True,True,True,True,False,True,0.8472786352558895,7,0.021212121212121213
MNQ,2025-11-11,25605.25,25646.0,25533.0,25546.0,324499,60,2025-11-11T14:30:00+00:00,2025-11-11T15:29:00+00:00,25589.21876826534,25721.0,25768.75,25572.5,25605.25,445002,930,2025-11-10T23:00:00+00:00,2025-11-11T14:29:00+00:00,25546.5,25695.75,25478.5,25647.25,780526,330,2025-11-11T15:30:00+00:00,2025-11-11T20:59:00+00:00,167,325,0.5154320987654321,196.25,113.0,217.25,1.9225663716814159,0.46375143843498273,0.46375143843498273,False,False,True,False,broken,broken_down,False,True,True,True,False,True,True,0.7767548906789413,10,0.030303030303030304
MNQ,2025-11-12,25778.5,25780.5,25561.5,25613.0,378715,60,2025-11-12T14:30:00+00:00,2025-11-12T15:29:00+00:00,25630.946600125862,25676.5,25830.5,25629.25,25778.25,349728,930,2025-11-11T23:00:00+00:00,2025-11-12T14:29:00+00:00,25613.5,25651.5,25488.75,25625.75,980171,330,2025-11-12T15:30:00+00:00,2025-11-12T20:59:00+00:00,161,323,0.5,201.25,219.0,162.75,0.7431506849315068,0.07526881720430108,0.07526881720430108,False,False,True,False,broken,broken_down,False,False,True,True,False,True,True,0.4695801199657241,8,0.024242424242424242
MNQ,2025-11-13,25477.25,25501.5,25280.75,25384.25,466300,60,2025-11-13T14:30:00+00:00,2025-11-13T15:29:00+00:00,25389.852710343843,25626.25,25721.75,25434.5,25478.25,620125,930,2025-11-12T23:00:00+00:00,2025-11-13T14:29:00+00:00,25384.25,25386.25,25002.0,25100.0,1461539,330,2025-11-13T15:30:00+00:00,2025-11-13T20:59:00+00:00,181,326,0.556923076923077,287.25,220.75,384.25,1.740656851642129,0.7397527651268705,-0.7397527651268705,False,False,True,False,broken,broken_down,False,False,True,True,False,True,True,0.1961961961961962,0,0.0
MNQ,2025-11-14,24722.75,25028.25,24626.0,25010.75,549558,60,2025-11-14T14:30:00+00:00,2025-11-14T15:29:00+00:00,24871.044256778474,25100.0,25155.75,24657.5,24723.25,865383,930,2025-11-13T23:00:00+00:00,2025-11-14T14:29:00+00:00,25010.0,25293.5,24977.0,25106.0,1250702,330,2025-11-14T15:30:00+00:00,2025-11-14T20:59:00+00:00,159,328,0.48623853211009177,498.25,402.25,316.5,0.7868241143567433,0.3033175355450237,0.3033175355450237,False,False,True,False,broken,broken_down,False,True,False,True,True,False,True,0.7191011235955056,0,0.0
MNQ,2025-11-17,24997.75,25254.75,24955.25,25137.75,471807,60,2025-11-17T14:30:00+00:00,2025-11-17T15:29:00+00:00,25137.00669323827,25144.0,25362.0,24989.25,24997.75,689089,930,2025-11-16T23:00:00+00:00,2025-11-17T14:29:00+00:00,25137.25,25201.0,24732.0,24888.0,1399087,330,2025-11-17T15:30:00+00:00,2025-11-17T20:59:00+00:00,165,327,0.5061349693251533,372.75,299.5,469.0,1.5659432387312187,0.5314498933901919,-0.5314498933901919,False,False,True,False,broken,broken_down,False,False,True,True,False,True,True,0.2984218077474892,24,0.07272727272727272
MNQ,2025-11-18,24718.25,24832.0,24430.0,24545.75,621530,60,2025-11-18T14:30:00+00:00,2025-11-18T15:29:00+00:00,24602.86705736918,24904.75,24959.75,24603.75,24717.75,855171,930,2025-11-17T23:00:00+00:00,2025-11-18T14:29:00+00:00,24545.75,24810.25,24380.0,24585.0,1545025,330,2025-11-18T15:30:00+00:00,2025-11-18T20:59:00+00:00,150,324,0.46439628482972134,356.0,402.0,430.25,1.070273631840796,0.09122603137710633,0.09122603137710633,False,False,True,False,broken,broken_down,False,False,True,True,False,True,True,0.45353982300884954,14,0.04242424242424243
MNQ,2025-11-19,24610.75,24988.0,24572.75,24954.75,463411,60,2025-11-19T14:30:00+00:00,2025-11-19T15:29:00+00:00,24818.343787696016,24547.0,24731.5,24446.5,24610.75,670342,930,2025-11-18T23:00:00+00:00,2025-11-19T14:29:00+00:00,24954.25,24969.75,24508.0,24724.5,1602234,330,2025-11-19T15:30:00+00:00,2025-11-19T20:59:00+00:00,147,324,0.4551083591331269,285.0,415.25,461.75,1.1119807344972907,0.4975636166756903,-0.4975636166756903,False,True,False,False,broken,broken_up,False,False,True,True,False,False,False,0.4510416666666667,6,0.01818181818181818
MNQ,2025-11-20,25211.25,25300.25,25145.0,25258.5,457370,60,2025-11-20T14:30:00+00:00,2025-11-20T15:29:00+00:00,25219.87784306652,24968.75,25265.0,24950.5,25211.0,653745,930,2025-11-19T23:00:00+00:00,2025-11-20T14:29:00+00:00,25258.5,25310.0,24099.5,24137.0,2061054,330,2025-11-20T15:30:00+00:00,2025-11-20T20:59:00+00:00,182,326,0.56,314.5,155.25,1210.5,7.797101449275362,0.9264766625361421,-0.9264766625361421,False,True,False,False,broken,broken_up,False,True,True,True,True,True,True,0.030978934324659233,4,0.012121212121212121
MNQ,2025-11-21,24202.75,24298.25,24027.0,24046.0,511229,60,2025-11-21T14:30:00+00:00,2025-11-21T15:29:00+00:00,24164.518968016295,24096.75,24291.75,23904.0,24202.75,933346,930,2025-11-20T23:00:00+00:00,2025-11-21T14:29:00+00:00,24045.5,24596.5,23927.25,24313.75,1455760,330,2025-11-21T15:30:00+00:00,2025-11-21T20:59:00+00:00,154,326,0.47384615384615386,387.75,271.25,669.25,2.4672811059907835,0.40082181546507284,0.40082181546507284,False,True,False,False,broken,broken_up,False,True,True,True,True,False,True,0.5775121404557341,6,0.01818181818181818
MNQ,2025-11-24,24522.25,24769.5,24513.5,24739.0,488581,60,2025-11-24T14:30:00+00:00,2025-11-24T15:29:00+00:00,24677.07326250236,24449.75,24574.5,24361.25,24522.75,628560,930,2025-11-23T23:00:00+00:00,2025-11-24T14:29:00+00:00,24738.25,24993.25,24710.25,24935.5,755118,330,2025-11-24T15:30:00+00:00,2025-11-24T20:59:00+00:00,183,324,0.56656346749226,213.25,256.0,283.0,1.10546875,0.6969964664310954,0.6969964664310954,False,True,False,False,broken,broken_up,False,True,False,True,True,False,True,0.8796248045857217,0,0.0
MNQ,2025-11-25,24856.75,24882.0,24602.0,24781.5,595544,60,2025-11-25T14:30:00+00:00,2025-11-25T15:29:00+00:00,24747.537253894476,24973.25,24986.75,24821.75,24856.75,501929,930,2025-11-24T23:00:00+00:00,2025-11-25T14:29:00+00:00,24781.0,25135.75,24761.25,25079.25,980858,330,2025-11-25T15:30:00+00:00,2025-11-25T20:59:00+00:00,156,327,0.4785276073619632,165.0,280.0,374.5,1.3375,0.7963951935914553,0.7963951935914553,False,False,True,False,broken,broken_down,False,True,False,True,True,False,True,0.8941451990632319,0,0.0
MNQ,2025-11-26,25222.0,25281.5,25134.75,25191.0,412049,60,2025-11-26T14:30:00+00:00,2025-11-26T15:29:00+00:00,25205.83946488565,25070.0,25236.0,25061.75,25222.0,429907,930,2025-11-25T23:00:00+00:00,2025-11-26T14:29:00+00:00,25191.0,25375.5,25191.0,25296.0,793707,330,2025-11-26T15:30:00+00:00,2025-11-26T20:59:00+00:00,151,324,0.4674922600619195,174.25,146.75,184.5,1.2572402044293016,0.5691056910569106,0.5691056910569106,False,True,False,False,broken,broken_up,False,True,False,True,True,False,True,0.6697819314641744,4,0.012121212121212121
MNQ,2025-11-27,25301.5,25318.0,25287.0,25303.25,25255,60,2025-11-27T14:30:00+00:00,2025-11-27T15:29:00+00:00,25300.50834158253,25316.75,25339.5,25288.0,25301.0,167124,930,2025-11-26T23:00:00+00:00,2025-11-27T14:29:00+00:00,25303.5,25304.5,25285.75,25299.75,27677,150,2025-11-27T15:30:00+00:00,2025-11-27T17:59:00+00:00,77,141,0.55,51.5,31.0,18.75,0.6048387096774194,0.2,-0.2,False,False,True,False,broken,broken_down,False,False,True,True,False,True,True,0.43410852713178294,47,0.31333333333333335
MNQ,2025-11-28,25359.5,25421.5,25329.5,25369.75,93177,60,2025-11-28T14:30:00+00:00,2025-11-28T15:29:00+00:00,25376.945372785125,25303.5,25420.0,25303.0,25359.0,52488,285,2025-11-27T23:00:00+00:00,2025-11-28T14:29:00+00:00,25368.5,25500.25,25359.25,25484.75,212545,165,2025-11-28T15:30:00+00:00,2025-11-28T18:14:00+00:00,82,161,0.5125,117.0,92.0,141.0,1.5326086956521738,0.824468085106383,0.824468085106383,False,True,False,False,broken,broken_up,False,True,False,True,True,False,True,0.9092240117130308,7,0.04242424242424243
MNQ,2025-12-01,25254.75,25389.75,25209.0,25323.75,346477,60,2025-12-01T14:30:00+00:00,2025-12-01T15:29:00+00:00,25317.91866174859,25484.0,25542.25,25193.5,25254.75,608533,930,2025-11-30T23:00:00+00:00,2025-12-01T14:29:00+00:00,25324.0,25495.75,25266.25,25401.75,839483,330,2025-12-01T15:30:00+00:00,2025-12-01T20:59:00+00:00,168,327,0.5153374233128835,348.75,180.75,229.5,1.2697095435684647,0.33877995642701525,0.33877995642701525,True,False,False,False,trapped,trapped,True,True,False,True,False,False,False,0.6721883173496077,7,0.021212121212121213
MNQ,2025-12-02,25492.25,25654.25,25471.25,25573.0,357046,60,2025-12-02T14:30:00+00:00,2025-12-02T15:29:00+00:00,25590.714966932363,25422.75,25523.0,25324.0,25492.25,397642,930,2025-12-01T23:00:00+00:00,2025-12-02T14:29:00+00:00,25573.25,25670.0,25413.75,25600.0,1054036,330,2025-12-02T15:30:00+00:00,2025-12-02T20:59:00+00:00,170,324,0.5263157894736842,199.0,183.0,256.25,1.400273224043716,0.10439024390243902,0.10439024390243902,False,True,False,False,broken,broken_up,False,True,True,True,True,False,True,0.7268292682926829,25,0.07575757575757576
MNQ,2025-12-03,25495.0,25574.25,25430.0,25528.5,364024,60,2025-12-03T14:30:00+00:00,2025-12-03T15:29:00+00:00,25507.76117096675,25613.5,25678.5,25420.75,25495.0,456924,930,2025-12-02T23:00:00+00:00,2025-12-03T14:29:00+00:00,25528.0,25685.75,25500.5,25657.25,725023,330,2025-12-03T15:30:00+00:00,2025-12-03T20:59:00+00:00,146,320,0.45768025078369906,257.75,144.25,185.25,1.2842287694974004,0.6977058029689609,0.6977058029689609,True,False,False,False,trapped,trapped,True,True,False,True,True,False,True,0.8885630498533724,1,0.0030303030303030303
MNQ,2025-12-04,25711.75,25713.25,25520.0,25590.0,368744,60,2025-12-04T14:30:00+00:00,2025-12-04T15:29:00+00:00,25589.337792162944,25649.75,25732.5,25602.75,25711.5,353417,930,2025-12-03T23:00:00+00:00,2025-12-04T14:29:00+00:00,25591.0,25654.25,25487.0,25627.5,866823,330,2025-12-04T15:30:00+00:00,2025-12-04T20:59:00+00:00,153,326,0.4707692307692308,129.75,193.25,167.25,0.8654592496765847,0.21823617339312407,0.21823617339312407,False,False,True,False,broken,broken_down,False,False,True,True,False,True,True,0.6209944751381216,51,0.15454545454545454
MNQ,2025-12-05,25679.75,25867.75,25660.5,25837.0,330574,60,2025-12-05T14:30:00+00:00,2025-12-05T15:29:00+00:00,25779.9223479463,25631.0,25755.5,25579.0,25680.0,343278,930,2025-12-04T23:00:00+00:00,2025-12-05T14:29:00+00:00,25837.0,25861.75,25651.0,25726.0,837357,330,2025-12-05T15:30:00+00:00,2025-12-05T20:59:00+00:00,158,326,0.48615384615384616,176.5,207.25,210.75,1.016887816646562,0.5266903914590747,-0.5266903914590747,False,True,False,False,broken,broken_up,False,False,True,True,False,False,False,0.3460207612456747,3,0.00909090909090909
MNQ,2025-12-08,25791.5,25860.75,25656.75,25701.0,306123,60,2025-12-08T14:30:00+00:00,2025-12-08T15:29:00+00:00,25764.334258342777,25748.5,25833.0,25700.0,25791.25,283734,930,2025-12-07T23:00:00+00:00,2025-12-08T14:29:00+00:00,25700.25,25724.25,25563.75,25668.75,757473,330,2025-12-08T15:30:00+00:00,2025-12-08T20:59:00+00:00,178,327,0.5460122699386503,133.0,204.0,160.5,0.7867647058823529,0.19626168224299065,-0.19626168224299065,False,True,True,True,broken,broken_both,False,False,True,True,False,True,True,0.35353535353535354,0,0.0
MNQ,2025-12-09,25618.75,25670.0,25560.0,25657.0,276240,60,2025-12-09T14:30:00+00:00,2025-12-09T15:29:00+00:00,25621.883763213144,25713.0,25729.5,25589.0,25618.25,315707,930,2025-12-08T23:00:00+00:00,2025-12-09T14:29:00+00:00,25657.0,25738.5,25635.5,25703.0,585571,330,2025-12-09T15:30:00+00:00,2025-12-09T20:59:00+00:00,169,322,0.5264797507788161,140.5,110.0,103.0,0.9363636363636364,0.44660194174757284,0.44660194174757284,False,False,True,False,broken,broken_down,False,True,False,True,True,False,True,0.8011204481792717,0,0.0
MNQ,2025-12-10,25647.25,25673.0,25567.0,25635.75,284730,60,2025-12-10T14:30:00+00:00,2025-12-10T15:29:00+00:00,25628.236083599666,25681.0,25746.25,25615.75,25647.25,300598,930,2025-12-09T23:00:00+00:00,2025-12-10T14:29:00+00:00,25635.75,25869.75,25528.25,25800.25,1070301,330,2025-12-10T15:30:00+00:00,2025-12-10T20:59:00+00:00,157,326,0.48307692307692307,130.5,106.0,341.5,3.2216981132075473,0.4816983894582723,0.4816983894582723,False,False,True,False,broken,broken_down,False,True,True,True,True,True,True,0.7964860907759883,39,0.11818181818181818
MNQ,2025-12-11,25643.0,25649.75,25390.25,25599.0,487248,60,2025-12-11T14:30:00+00:00,2025-12-11T15:29:00+00:00,25528.02616292593,25777.75,25792.5,25382.0,25643.25,528430,930,2025-12-10T23:00:00+00:00,2025-12-11T14:29:00+00:00,25599.25,25723.0,25455.75,25714.75,871698,330,2025-12-11T15:30:00+00:00,2025-12-11T20:59:00+00:00,149,322,0.46417445482866043,410.5,259.5,267.25,1.0298651252408477,0.4321796071094481,0.4321796071094481,True,False,False,False,trapped,trapped,True,True,False,True,False,False,False,0.9752066115702479,22,0.06666666666666667
MNQ,2025-12-12,25559.75,25620.5,25315.0,25320.0,439695,60,2025-12-12T14:30:00+00:00,2025-12-12T15:29:00+00:00,25493.18247914273,25719.5,25733.75,25532.25,25559.75,379003,930,2025-12-11T23:00:00+00:00,2025-12-12T14:29:00+00:00,25319.75,25401.5,25117.75,25210.25,1339785,330,2025-12-12T15:30:00+00:00,2025-12-12T20:59:00+00:00,158,326,0.48615384615384616,201.5,305.5,283.75,0.9288052373158756,0.3859030837004405,-0.3859030837004405,False,False,True,False,broken,broken_down,False,False,True,True,False,True,True,0.1839880656389856,0,0.0
MNQ,2025-12-15,25408.0,25410.0,25034.5,25068.0,232948,60,2025-12-15T14:30:00+00:00,2025-12-15T15:29:00+00:00,25231.30298929375,25214.5,25408.75,25131.25,25408.0,215668,930,2025-12-14T23:00:00+00:00,2025-12-15T14:29:00+00:00,25068.5,25266.75,25055.0,25084.75,442391,330,2025-12-15T15:30:00+00:00,2025-12-15T20:59:00+00:00,181,326,0.556923076923077,277.5,375.5,211.75,0.5639147802929427,0.07674144037780402,0.07674144037780402,False,True,True,True,broken,broken_both,False,False,False,False,False,False,False,0.13382157123834887,7,0.021212121212121213
MNQ,2025-12-16,25231.75,25408.5,25176.0,25241.5,396675,60,2025-12-16T14:30:00+00:00,2025-12-16T15:29:00+00:00,25306.87895716476,25100.0,25383.5,25036.75,25231.5,417319,930,2025-12-15T23:00:00+00:00,2025-12-16T14:29:00+00:00,25241.75,25444.0,25170.0,25372.75,850725,330,2025-12-16T15:30:00+00:00,2025-12-16T20:59:00+00:00,157,328,0.4801223241590214,346.75,232.5,274.0,1.178494623655914,0.4781021897810219,0.4781021897810219,False,True,False,False,broken,broken_up,False,True,True,True,True,False,True,0.739963503649635,32,0.09696969696969697
MNQ,2025-12-17,25422.25,25449.25,25245.25,25318.5,360442,60,2025-12-17T14:30:00+00:00,2025-12-17T15:29:00+00:00,25323.36866379797,25333.0,25508.0,25265.25,25421.75,384832,930,2025-12-16T23:00:00+00:00,2025-12-17T14:29:00+00:00,25318.0,25331.75,24887.75,24892.0,1016245,330,2025-12-17T15:30:00+00:00,2025-12-17T20:59:00+00:00,169,325,0.5216049382716049,242.75,204.0,444.0,2.176470588235294,0.9594594594594594,-0.9594594594594594,False,False,True,False,broken,broken_down,False,False,True,True,False,True,True,0.007569011576135352,1,0.0030303030303030303
MNQ,2025-12-18,25279.0,25338.0,25160.75,25323.5,399905,60,2025-12-18T14:30:00+00:00,2025-12-18T15:29:00+00:00,25242.88502456833,24980.0,25286.0,24901.25,25279.5,437562,930,2025-12-17T23:00:00+00:00,2025-12-18T14:29:00+00:00,25324.0,25417.0,25184.75,25252.0,1012444,330,2025-12-18T15:30:00+00:00,2025-12-18T20:59:00+00:00,163,327,0.5,384.75,177.25,232.25,1.310296191819464,0.310010764262648,-0.310010764262648,False,True,False,False,broken,broken_up,False,True,False,True,True,False,True,0.35609756097560974,27,0.08181818181818182
MNQ,2025-12-19,25361.75,25601.0,25356.25,25509.0,364081,60,2025-12-19T14:30:00+00:00,2025-12-19T15:29:00+00:00,25506.359678203477,25237.5,25393.5,25209.0,25362.0,396022,930,2025-12-18T23:00:00+00:00,2025-12-19T14:29:00+00:00,25508.75,25597.5,25459.75,25581.25,574973,330,2025-12-19T15:30:00+00:00,2025-12-19T20:59:00+00:00,178,320,0.5579937304075235,184.5,244.75,137.75,0.5628192032686414,0.5263157894736842,0.5263157894736842,False,True,False,False,broken,broken_up,False,False,False,False,False,False,False,0.9193054136874361,18,0.05454545454545454
MNQ,2025-12-22,25780.5,25795.0,25671.0,25687.5,307915,60,2025-12-22T14:30:00+00:00,2025-12-22T15:29:00+00:00,25715.55008498016,25635.0,25785.75,25631.5,25781.0,259174,930,2025-12-21T23:00:00+00:00,2025-12-22T14:29:00+00:00,25688.5,25731.25,25629.5,25688.25,464726,330,2025-12-22T15:30:00+00:00,2025-12-22T20:59:00+00:00,176,323,0.546583850931677,154.25,124.0,101.75,0.8205645161290323,0.002457002457002457,-0.002457002457002457,False,True,False,False,broken,broken_up,False,False,True,True,False,True,True,0.3549848942598187,18,0.05454545454545454
MNQ,2025-12-23,25644.25,25751.25,25627.25,25673.5,280102,60,2025-12-23T14:30:00+00:00,2025-12-23T15:29:00+00:00,25690.238452718415,25701.25,25738.5,25608.5,25644.5,242467,930,2025-12-22T23:00:00+00:00,2025-12-23T14:29:00+00:00,25673.25,25820.25,25672.0,25811.25,356343,330,2025-12-23T15:30:00+00:00,2025-12-23T20:59:00+00:00,178,316,0.5650793650793651,130.0,124.0,148.25,1.1955645161290323,0.9308600337268128,0.9308600337268128,False,True,False,False,broken,broken_up,False,True,False,True,True,False,True,0.9533678756476683,6,0.01818181818181818
MNQ,2025-12-24,25795.75,25841.0,25781.75,25815.75,133630,60,2025-12-24T14:30:00+00:00,2025-12-24T15:29:00+00:00,25810.379023547604,25812.0,25831.75,25777.5,25795.25,133829,930,2025-12-23T23:00:00+00:00,2025-12-24T14:29:00+00:00,25816.0,25892.25,25807.0,25861.75,158145,165,2025-12-24T15:30:00+00:00,2025-12-24T18:14:00+00:00,71,158,0.45222929936305734,54.25,59.25,85.25,1.4388185654008439,0.5366568914956011,0.5366568914956011,False,True,False,False,broken,broken_up,False,True,False,True,True,False,True,0.7239819004524887,2,0.012121212121212121
MNQ,2025-12-26,25899.25,25935.0,25834.25,25883.0,195410,60,2025-12-26T14:30:00+00:00,2025-12-26T15:29:00+00:00,25882.75883953397,25870.0,25923.25,25842.5,25899.25,143654,930,2025-12-25T23:00:00+00:00,2025-12-26T14:29:00+00:00,25883.5,25911.0,25848.25,25866.75,302288,330,2025-12-26T15:30:00+00:00,2025-12-26T20:59:00+00:00,159,316,0.5047619047619047,80.75,100.75,62.75,0.6228287841191067,0.26693227091633465,-0.26693227091633465,False,True,True,True,broken,broken_both,False,False,False,False,False,False,False,0.3225806451612903,55,0.16666666666666666
MNQ,2025-12-29,25707.0,25818.75,25661.5,25745.0,283927,60,2025-12-29T14:30:00+00:00,2025-12-29T15:29:00+00:00,25733.790611084307,25869.0,25893.5,25656.0,25707.0,308074,930,2025-12-28T23:00:00+00:00,2025-12-29T14:29:00+00:00,25745.0,25774.5,25647.75,25741.25,501189,330,2025-12-29T15:30:00+00:00,2025-12-29T20:59:00+00:00,167,318,0.526813880126183,237.5,157.25,126.75,0.8060413354531002,0.029585798816568046,-0.029585798816568046,True,False,False,False,trapped,trapped,True,False,True,True,False,True,True,0.5467836257309941,8,0.024242424242424242
MNQ,2025-12-30,25692.5,25774.75,25673.5,25697.5,240190,60,2025-12-30T14:30:00+00:00,2025-12-30T15:29:00+00:00,25717.514677963278,25747.5,25755.0,25684.0,25692.5,212039,930,2025-12-29T23:00:00+00:00,2025-12-30T14:29:00+00:00,25697.25,25794.0,25668.25,25678.0,427746,330,2025-12-30T15:30:00+00:00,2025-12-30T20:59:00+00:00,152,318,0.4794952681388013,71.0,101.25,125.75,1.2419753086419754,0.15308151093439365,-0.15308151093439365,False,True,True,True,broken,broken_both,False,True,True,True,True,True,True,0.0775347912524851,34,0.10303030303030303
MNQ,2025-12-31,25679.0,25692.25,25568.25,25602.25,223336,60,2025-12-31T14:30:00+00:00,2025-12-31T15:29:00+00:00,25616.174335231826,25678.25,25718.25,25552.25,25678.5,239445,930,2025-12-30T23:00:00+00:00,2025-12-31T14:29:00+00:00,25602.25,25634.75,25444.5,25455.0,516475,330,2025-12-31T15:30:00+00:00,2025-12-31T20:59:00+00:00,162,325,0.5,166.0,124.0,190.25,1.534274193548387,0.7739816031537451,-0.7739816031537451,True,False,False,False,trapped,trapped,False,False,True,True,False,True,True,0.04238143289606458,8,0.024242424242424242
NQ,2023-01-03,11119.0,11182.0,10925.25,10948.25,141317,60,2023-01-03T14:30:00+00:00,2023-01-03T15:29:00+00:00,11052.10072095596,11122.5,11171.0,10952.0,11119.25,156043,930,2023-01-02T23:00:00+00:00,2023-01-03T14:29:00+00:00,10948.5,10986.0,10844.75,10942.75,341034,330,2023-01-03T15:30:00+00:00,2023-01-03T20:59:00+00:00,173,321,0.540625,219.0,256.75,141.25,0.5501460564751705,0.04070796460176991,-0.04070796460176991,False,True,True,True,broken,broken_both,False,False,True,True,False,True,True,0.29058561897702,0,0.0
NQ,2023-01-04,11033.5,11046.5,10863.5,10913.5,178737,60,2023-01-04T14:30:00+00:00,2023-01-04T15:29:00+00:00,10959.446703816224,10941.25,11051.25,10920.25,11033.5,112520,930,2023-01-03T23:00:00+00:00,2023-01-04T14:29:00+00:00,10913.5,11068.5,10876.0,10996.25,445408,330,2023-01-04T15:30:00+00:00,2023-01-04T20:59:00+00:00,171,324,0.5294117647058824,131.0,183.0,192.5,1.0519125683060109,0.42987012987012985,0.42987012987012985,False,False,True,False,broken,broken_down,False,True,False,True,True,False,True,0.6475609756097561,42,0.12727272727272726
NQ,2023-01-05,10922.5,10927.25,10814.75,10872.75,162297,60,2023-01-05T14:30:00+00:00,2023-01-05T15:29:00+00:00,10867.65919220113,10988.5,11046.75,10889.0,10922.25,127686,930,2023-01-04T23:00:00+00:00,2023-01-05T14:29:00+00:00,10872.5,10913.5,10805.0,10820.0,386432,330,2023-01-05T15:30:00+00:00,2023-01-05T20:59:00+00:00,138,321,0.43125,157.75,112.5,108.5,0.9644444444444444,0.4838709677419355,-0.4838709677419355,False,False,True,False,broken,broken_down,False,False,True,True,False,True,True,0.12269938650306748,48,0.14545454545454545
NQ,2023-01-06,10891.0,10945.0,10766.25,10891.75,181148,60,2023-01-06T14:30:00+00:00,2023-01-06T15:29:00+00:00,10862.294364736754,10838.75,10969.5,10751.0,10891.0,163014,930,2023-01-05T23:00:00+00:00,2023-01-06T14:29:00+00:00,10892.25,11165.75,10887.75,11114.5,365720,330,2023-01-06T15:30:00+00:00,2023-01-06T20:59:00+00:00,168,320,0.5266457680250783,218.5,178.75,278.0,1.5552447552447553,0.7994604316546763,0.7994604316546763,True,False,False,False,trapped,trapped,False,True,False,True,True,False,True,0.8717146433041302,0,0.0
NQ,2023-01-09,11199.75,11325.0,11194.75,11300.5,144486,60,2023-01-09T14:30:00+00:00,2023-01-09T15:29:00+00:00,11270.331138195626,11126.5,11205.25,11120.25,11199.75,109693,928,2023-01-08T23:00:00+00:00,2023-01-09T14:29:00+00:00,11301.0,11385.5,11159.75,11188.0,373065,330,2023-01-09T15:30:00+00:00,2023-01-09T20:59:00+00:00,166,327,0.50920245398773,85.0,130.25,225.75,1.7332053742802302,0.5005537098560354,-0.5005537098560354,False,True,False,False,broken,broken_up,False,True,True,True,True,False,True,0.12513842746400886,21,0.06363636363636363
NQ,2023-01-10,11142.75,11283.25,11138.0,11208.0,150031,60,2023-01-10T14:30:00+00:00,2023-01-10T15:29:00+00:00,11209.756746383526,11184.75,11205.75,11094.0,11142.75,124026,930,2023-01-09T23:00:00+00:00,2023-01-10T14:29:00+00:00,11208.5,11286.25,11120.75,11286.0,270881,330,2023-01-10T15:30:00+00:00,2023-01-10T20:59:00+00:00,175,321,0.546875,111.75,145.25,165.5,1.1394148020654045,0.46827794561933533,0.46827794561933533,False,True,False,False,broken,broken_up,False,True,True,True,True,False,True,0.9984894259818731,26,0.07878787878787878
NQ,2023-01-11,11323.75,11388.0,11291.0,11386.5,106307,60,2023-01-11T14:30:00+00:00,2023-01-11T15:29:00+00:00,11342.710781823713,11282.5,11333.75,11239.75,11323.75,94897,930,2023-01-10T23:00:00+00:00,2023-01-11T14:29:00+00:00,11386.5,11479.5,11313.25,11476.5,278574,330,2023-01-11T15:30:00+00:00,2023-01-11T20:59:00+00:00,167,323,0.5186335403726708,94.0,97.0,166.25,1.7139175257731958,0.5413533834586466,0.5413533834586466,False,True,False,False,broken,broken_up,False,True,False,True,True,False,True,0.9840848806366048,12,0.03636363636363636
NQ,2023-01-12,11490.0,11518.75,11311.25,11465.75,154933,60,2023-01-12T14:30:00+00:00,2023-01-12T15:29:00+00:00,11419.94250525496,11474.5,11579.75,11291.0,11490.5,212340,930,2023-01-11T23:00:00+00:00,2023-01-12T14:29:00+00:00,11466.0,11574.75,11388.25,11532.25,367838,330,2023-01-12T15:30:00+00:00,2023-01-12T20:59:00+00:00,157,320,0.49216300940438873,288.75,207.5,186.5,0.8987951807228916,0.3552278820375335,0.3552278820375335,True,False,False,False,trapped,trapped,False,True,False,True,False,False,False,0.8387096774193549,14,0.04242424242424243
NQ,2023-01-13,11424.0,11522.0,11408.75,11518.75,112076,60,2023-01-13T14:30:00+00:00,2023-01-13T15:29:00+00:00,11464.166879319986,11528.5,11536.25,11389.0,11424.25,114651,930,2023-01-12T23:00:00+00:00,2023-01-13T14:29:00+00:00,11519.0,11619.5,11454.0,11607.5,238033,330,2023-01-13T15:30:00+00:00,2023-01-13T20:59:00+00:00,158,319,0.4968553459119497,147.25,113.25,165.5,1.4613686534216335,0.5347432024169184,0.5347432024169184,True,False,False,False,trapped,trapped,False,True,False,True,True,False,True,0.9430604982206405,12,0.03636363636363636
NQ,2023-01-16,11591.25,11611.25,11582.0,11587.75,10450,60,2023-01-16T14:30:00+00:00,2023-01-16T15:29:00+00:00,11597.848524720892,11613.5,11638.75,11510.25,11590.25,63532,929,2023-01-15T23:00:00+00:00,2023-01-16T14:29:00+00:00,11587.25,11600.5,11560.5,11564.0,12463,150,2023-01-16T15:30:00+00:00,2023-01-16T17:59:00+00:00,70,142,0.49645390070921985,128.5,29.25,40.0,1.3675213675213675,0.58125,-0.58125,True,False,False,False,trapped,trapped,False,False,True,True,False,False,False,0.06896551724137931,13,0.08666666666666667
NQ,2023-01-17,11598.75,11685.0,11549.5,11658.25,125388,60,2023-01-17T14:30:00+00:00,2023-01-17T15:29:00+00:00,11624.806138413032,11570.0,11604.25,11530.5,11598.75,97298,930,2023-01-16T23:00:00+00:00,2023-01-17T14:29:00+00:00,11658.5,11663.5,11554.75,11627.5,249568,330,2023-01-17T15:30:00+00:00,2023-01-17T20:59:00+00:00,179,324,0.5541795665634675,73.75,135.5,108.75,0.8025830258302583,0.2850574712643678,-0.2850574712643678,False,True,False,False,broken,broken_up,False,False,False,False,False,False,False,0.5756457564575646,50,0.15151515151515152
NQ,2023-01-18,11695.0,11759.5,11672.25,11717.5,127680,60,2023-01-18T14:30:00+00:00,2023-01-18T15:29:00+00:00,11710.689093175646,11619.75,11721.75,11581.75,11695.0,126945,930,2023-01-17T23:00:00+00:00,2023-01-18T14:29:00+00:00,11717.75,11719.0,11470.5,11479.5,341086,330,2023-01-18T15:30:00+00:00,2023-01-18T20:59:00+00:00,175,319,0.550314465408805,140.0,87.25,248.5,2.848137535816619,0.9587525150905433,-0.9587525150905433,False,True,False,False,broken,broken_up,False,False,True,True,False,True,True,0.031141868512110725,1,0.0030303030303030303
NQ,2023-01-19,11407.25,11446.5,11348.75,11379.25,127414,60,2023-01-19T14:30:00+00:00,2023-01-19T15:29:00+00:00,11397.340325631405,11470.5,11487.0,11344.75,11407.25,130064,930,2023-01-18T23:00:00+00:00,2023-01-19T14:29:00+00:00,11380.0,11454.25,11308.5,11360.5,308994,330,2023-01-19T15:30:00+00:00,2023-01-19T20:59:00+00:00,143,323,0.4440993788819876,142.25,97.75,145.75,1.4910485933503836,0.13379073756432247,-0.13379073756432247,True,False,False,False,trapped,trapped,True,True,True,True,False,True,True,0.3567753001715266,15,0.045454545454545456
NQ,2023-01-20,11428.25,11491.75,11383.5,11486.75,115692,60,2023-01-20T14:30:00+00:00,2023-01-20T15:29:00+00:00,11441.736659261947,11401.0,11448.5,11365.25,11428.5,96059,930,2023-01-19T23:00:00+00:00,2023-01-20T14:29:00+00:00,11487.25,11686.75,11456.5,11676.25,339635,330,2023-01-20T15:30:00+00:00,2023-01-20T20:59:00+00:00,163,322,0.5077881619937694,83.25,108.25,230.25,2.1270207852193996,0.8208469055374593,0.8208469055374593,False,True,False,False,broken,broken_up,False,True,False,True,True,False,True,0.9653751030502885,0,0.0
NQ,2023-01-23,11704.0,11859.5,11671.75,11850.25,129904,60,2023-01-23T14:30:00+00:00,2023-01-23T15:29:00+00:00,11780.996862426613,11676.75,11723.25,11650.5,11703.75,84888,929,2023-01-22T23:00:00+00:00,2023-01-23T14:29:00+00:00,11850.5,11983.0,11843.25,11931.5,358325,330,2023-01-23T15:30:00+00:00,2023-01-23T20:59:00+00:00,172,320,0.5391849529780565,72.75,187.75,139.75,0.7443408788282291,0.5796064400715564,0.5796064400715564,False,True,False,False,broken,broken_up,False,True,False,True,True,False,True,0.8345381526104417,0,0.0
NQ,2023-01-24,11860.0,11951.5,11838.25,11899.25,134237,60,2023-01-24T14:30:00+00:00,2023-01-24T15:29:00+00:00,11888.487338935367,11933.0,11944.75,11835.75,11860.0,86958,930,2023-01-23T23:00:00+00:00,2023-01-24T14:29:00+00:00,11899.25,11942.75,11856.25,11905.75,245765,330,2023-01-24T15:30:00+00:00,2023-01-24T20:59:00+00:00,183,326,0.563076923076923,109.0,113.25,86.5,0.7637969094922737,0.07514450867052024,0.07514450867052024,False,True,False,False,broken,broken_up,False,False,False,False,False,False,False,0.5960264900662252,12,0.03636363636363636
NQ,2023-01-25,11712.5,11724.0,11614.75,11647.0,130391,60,2023-01-25T14:30:00+00:00,2023-01-25T15:29:00+00:00,11663.046785565466,11970.5,11976.5,11701.0,11712.5,132141,930,2023-01-24T23:00:00+00:00,2023-01-25T14:29:00+00:00,11647.25,11903.5,11604.5,11876.25,341395,330,2023-01-25T15:30:00+00:00,2023-01-25T20:59:00+00:00,164,324,0.5077399380804953,275.5,109.25,299.0,2.736842105263158,0.7658862876254181,0.7658862876254181,False,False,True,False,broken,broken_down,False,True,True,True,False,True,True,0.9088628762541806,10,0.030303030303030304
NQ,2023-01-26,12017.75,12075.0,11947.0,12022.75,150121,60,2023-01-26T14:30:00+00:00,2023-01-26T15:29:00+00:00,12013.631937459339,11874.75,12025.75,11867.25,12017.25,133137,930,2023-01-25T23:00:00+00:00,2023-01-26T14:29:00+00:00,12022.0,12111.25,11904.25,12105.0,310365,330,2023-01-26T15:30:00+00:00,2023-01-26T20:59:00+00:00,144,319,0.4528301886792453,158.5,128.0,207.0,1.6171875,0.40096618357487923,0.40096618357487923,False,True,False,False,broken,broken_up,False,True,True,True,True,False,True,0.9698067632850241,17,0.051515151515151514
NQ,2023-01-27,12047.25,12193.25,12041.75,12168.0,124104,60,2023-01-27T14:30:00+00:00,2023-01-27T15:29:00+00:00,12128.992788978061,12049.0,12078.75,12016.0,12047.0,94922,930,2023-01-26T23:00:00+00:00,2023-01-27T14:29:00+00:00,12167.25,12308.5,12092.25,12223.25,348328,330,2023-01-27T15:30:00+00:00,2023-01-27T20:59:00+00:00,175,325,0.5401234567901234,62.75,151.5,216.25,1.4273927392739274,0.2589595375722543,0.2589595375722543,False,True,False,False,broken,broken_up,False,True,False,True,True,False,True,0.6804123711340206,5,0.015151515151515152
NQ,2023-01-30,12082.25,12143.25,12027.5,12053.25,122256,60,2023-01-30T14:30:00+00:00,2023-01-30T15:29:00+00:00,12094.429796901582,12212.5,12252.0,12039.0,12083.5,135237,930,2023-01-29T23:00:00+00:00,2023-01-30T14:29:00+00:00,12053.25,12071.25,11960.0,11971.0,352766,330,2023-01-30T15:30:00+00:00,2023-01-30T20:59:00+00:00,165,327,0.5061349693251533,213.0,115.75,111.25,0.9611231101511879,0.7393258426966293,-0.7393258426966293,False,False,True,False,broken,broken_down,False,False,True,True,False,True,True,0.06002728512960437,0,0.0
NQ,2023-01-31,11974.25,12061.5,11969.0,12059.0,117985,60,2023-01-31T14:30:00+00:00,2023-01-31T15:29:00+00:00,12017.10414318204,11984.0,12017.25,11871.0,11975.0,148027,930,2023-01-30T23:00:00+00:00,2023-01-31T14:29:00+00:00,12059.0,12156.0,12041.75,12153.5,288118,330,2023-01-31T15:30:00+00:00,2023-01-31T20:59:00+00:00,179,323,0.5559006211180124,146.25,92.5,114.25,1.2351351351351352,0.8271334792122538,0.8271334792122538,False,True,False,False,broken,broken_up,False,True,False,True,True,False,True,0.9866310160427807,0,0.0
NQ,2023-02-01,12143.75,12158.0,12101.25,12139.5,89958,60,2023-02-01T14:30:00+00:00,2023-02-01T15:29:00+00:00,12130.907517026462,12116.0,12168.75,12084.75,12144.0,94936,930,2023-01-31T23:00:00+00:00,2023-02-01T14:29:00+00:00,12140.25,12516.25,12055.25,12420.75,435519,330,2023-02-01T15:30:00+00:00,2023-02-01T20:59:00+00:00,160,326,0.49230769230769234,84.0,56.75,461.0,8.123348017621145,0.6084598698481561,0.6084598698481561,True,False,False,False,trapped,trapped,False,True,True,True,True,True,True,0.7928416485900217,55,0.16666666666666666
NQ,2023-02-02,12681.25,12748.25,12647.25,12734.0,148236,60,2023-02-02T14:30:00+00:00,2023-02-02T15:29:00+00:00,12700.65026433075,12520.0,12682.0,12501.75,12681.0,163979,930,2023-02-01T23:00:00+00:00,2023-02-02T14:29:00+00:00,12733.75,12934.5,12691.0,12855.25,422320,330,2023-02-02T15:30:00+00:00,2023-02-02T20:59:00+00:00,152,321,0.475,180.25,101.0,243.5,2.410891089108911,0.4989733059548255,0.4989733059548255,False,True,False,False,broken,broken_up,False,True,False,True,True,False,True,0.7241079199303743,3,0.00909090909090909
NQ,2023-02-03,12574.25,12834.0,12558.5,12776.25,191618,60,2023-02-03T14:30:00+00:00,2023-02-03T15:29:00+00:00,12706.496044212963,12748.25,12761.0,12551.25,12575.25,214052,930,2023-02-02T23:00:00+00:00,2023-02-03T14:29:00+00:00,12776.5,12878.0,12578.5,12624.5,392807,330,2023-02-03T15:30:00+00:00,2023-02-03T20:59:00+00:00,163,324,0.5046439628482973,209.75,275.5,299.5,1.087114337568058,0.5075125208681135,-0.5075125208681135,False,True,False,False,broken,broken_up,False,True,False,True,True,False,True,0.20657276995305165,11,0.03333333333333333
NQ,2023-02-06,12509.0,12592.25,12473.5,12482.75,113771,60,2023-02-06T14:30:00+00:00,2023-02-06T15:29:00+00:00,12538.523410330106,12572.0,12605.5,12457.25,12508.75,146111,930,2023-02-05T23:00:00+00:00,2023-02-06T14:29:00+00:00,12483.0,12608.5,12455.75,12513.25,259948,330,2023-02-06T15:30:00+00:00,2023-02-06T20:59:00+00:00,177,326,0.5446153846153846,148.25,118.75,152.75,1.2863157894736843,0.19803600654664485,0.19803600654664485,True,False,False,False,trapped,trapped,False,True,True,True,True,True,True,0.37643207855973815,39,0.11818181818181818
NQ,2023-02-07,12504.0,12554.25,12477.0,12498.0,99237,60,2023-02-07T14:30:00+00:00,2023-02-07T15:29:00+00:00,12509.564387946699,12513.0,12573.5,12475.5,12503.5,109969,929,2023-02-06T23:00:00+00:00,2023-02-07T14:29:00+00:00,12497.75,12818.5,12459.25,12772.25,502525,330,2023-02-07T15:30:00+00:00,2023-02-07T20:59:00+00:00,168,326,0.5169230769230769,98.0,77.25,359.25,4.650485436893204,0.7640918580375783,0.7640918580375783,True,False,False,False,trapped,trapped,True,True,True,True,True,True,True,0.8712595685455811,19,0.05757575757575758
NQ,2023-02-08,12713.75,12752.0,12655.25,12670.25,116121,60,2023-02-08T14:30:00+00:00,2023-02-08T15:29:00+00:00,12700.852496533787,12747.0,12808.5,12699.5,12713.75,118035,930,2023-02-07T23:00:00+00:00,2023-02-08T14:29:00+00:00,12670.0,12670.0,12512.75,12543.25,326542,330,2023-02-08T15:30:00+00:00,2023-02-08T20:59:00+00:00,153,327,0.46932515337423314,109.0,96.75,157.25,1.6253229974160206,0.8060413354531002,-0.8060413354531002,False,False,True,False,broken,broken_down,False,False,True,True,False,True,True,0.12748171368861025,0,0.0
NQ,2023-02-09,12722.5,12728.5,12618.0,12620.0,112620,60,2023-02-09T14:30:00+00:00,2023-02-09T15:29:00+00:00,12675.879680932929,12555.0,12726.25,12541.25,12722.25,121465,930,2023-02-08T23:00:00+00:00,2023-02-09T14:29:00+00:00,12620.0,12663.25,12366.5,12427.25,359919,330,2023-02-09T15:30:00+00:00,2023-02-09T20:59:00+00:00,162,325,0.5,185.0,110.5,296.75,2.68552036199095,0.649536647009267,-0.649536647009267,False,True,False,False,broken,broken_up,False,False,True,True,False,True,True,0.16781767955801105,0,0.0
NQ,2023-02-10,12335.25,12422.0,12284.5,12385.5,133596,60,2023-02-10T14:30:00+00:00,2023-02-10T15:29:00+00:00,12358.236842794695,12448.75,12451.5,12270.5,12335.0,145843,930,2023-02-09T23:00:00+00:00,2023-02-10T14:29:00+00:00,12385.0,12409.0,12243.25,12346.0,305143,330,2023-02-10T15:30:00+00:00,2023-02-10T20:59:00+00:00,180,321,0.5625,181.0,137.5,165.75,1.2054545454545456,0.23529411764705882,-0.23529411764705882,True,False,False,False,trapped,trapped,False,False,True,True,False,True,True,0.5748251748251748,16,0.048484848484848485
NQ,2023-02-13,12402.25,12473.0,12352.0,12459.5,93699,60,2023-02-13T14:30:00+00:00,2023-02-13T15:29:00+00:00,12420.60242905474,12357.5,12433.5,12265.25,12402.0,97935,930,2023-02-12T23:00:00+00:00,2023-02-13T14:29:00+00:00,12459.5,12567.0,12445.75,12544.75,258165,330,2023-02-13T15:30:00+00:00,2023-02-13T20:59:00+00:00,159,325,0.49074074074074076,168.25,121.0,121.25,1.0020661157024793,0.7030927835051546,0.7030927835051546,False,True,False,False,broken,broken_up,False,True,False,True,True,False,True,0.8965116279069767,0,0.0
NQ,2023-02-14,12474.0,12673.5,12390.5,12592.0,149435,60,2023-02-14T14:30:00+00:00,2023-02-14T15:29:00+00:00,12548.609932412086,12547.25,12687.0,12460.0,12473.0,172150,930,2023-02-13T23:00:00+00:00,2023-02-14T14:29:00+00:00,12592.25,12665.5,12417.5,12630.75,373707,330,2023-02-14T15:30:00+00:00,2023-02-14T20:59:00+00:00,148,324,0.4582043343653251,227.0,283.0,248.0,0.8763250883392226,0.15524193548387097,0.15524193548387097,False,False,True,False,broken,broken_down,False,False,False,False,False,False,False,0.848939929328622,5,0.015151515151515152
NQ,2023-02-15,12553.5,12631.5,12524.25,12580.75,123911,60,2023-02-15T14:30:00+00:00,2023-02-15T15:29:00+00:00,12579.254750049096,12620.75,12623.75,12531.25,12553.25,128425,930,2023-02-14T23:00:00+00:00,2023-02-15T14:29:00+00:00,12581.0,12734.5,12556.25,12734.0,289783,330,2023-02-15T15:30:00+00:00,2023-02-15T20:59:00+00:00,172,322,0.5358255451713395,92.5,107.25,178.25,1.662004662004662,0.8583450210378681,0.8583450210378681,False,True,True,True,broken,broken_both,False,True,False,True,True,False,True,0.9976218787158145,7,0.021212121212121213
NQ,2023-02-16,12524.0,12622.25,12496.5,12614.75,132465,60,2023-02-16T14:30:00+00:00,2023-02-16T15:29:00+00:00,12563.355972646863,12740.0,12792.75,12514.0,12523.75,144473,930,2023-02-15T23:00:00+00:00,2023-02-16T14:29:00+00:00,12614.75,12694.25,12475.75,12481.5,372950,330,2023-02-16T15:30:00+00:00,2023-02-16T20:59:00+00:00,157,329,0.47865853658536583,278.75,125.75,218.5,1.7375745526838966,0.6098398169336384,-0.6098398169336384,False,False,True,False,broken,broken_down,False,True,True,True,False,True,True,0.02631578947368421,2,0.006060606060606061
NQ,2023-02-17,12390.0,12423.75,12296.25,12352.25,141096,60,2023-02-17T14:30:00+00:00,2023-02-17T15:29:00+00:00,12353.66942247359,12462.5,12466.25,12338.0,12389.5,136934,930,2023-02-16T23:00:00+00:00,2023-02-17T14:29:00+00:00,12352.5,12408.75,12265.75,12392.0,332923,330,2023-02-17T15:30:00+00:00,2023-02-17T20:59:00+00:00,152,325,0.4691358024691358,128.25,127.5,143.0,1.1215686274509804,0.2762237762237762,0.2762237762237762,False,False,True,False,broken,broken_down,False,False,True,True,False,True,True,0.7990506329113924,12,0.03636363636363636
NQ,2023-02-20,12393.25,12395.75,12371.25,12373.5,7786,60,2023-02-20T14:30:00+00:00,2023-02-20T15:29:00+00:00,12383.75616491138,12380.0,12417.75,12346.5,12393.5,51827,930,2023-02-19T23:00:00+00:00,2023-02-20T14:29:00+00:00,12373.5,12387.75,12366.0,12366.75,9614,150,2023-02-20T15:30:00+00:00,2023-02-20T17:59:00+00:00,65,138,0.4744525547445255,71.25,24.5,21.75,0.8877551020408163,0.3103448275862069,-0.3103448275862069,True,False,False,False,trapped,trapped,False,False,True,True,False,False,False,0.025210084033613446,5,0.03333333333333333
NQ,2023-02-21,12229.0,12290.0,12181.75,12186.75,121643,60,2023-02-21T14:30:00+00:00,2023-02-21T15:29:00+00:00,12232.823968497984,12369.25,12379.5,12224.5,12228.5,117553,929,2023-02-20T23:00:00+00:00,2023-02-21T14:29:00+00:00,12187.0,12228.0,12090.25,12098.0,279769,330,2023-02-21T15:30:00+00:00,2023-02-21T20:59:00+00:00,167,324,0.5170278637770898,155.0,108.25,137.75,1.2725173210161662,0.6460980036297641,-0.6460980036297641,False,False,True,False,broken,broken_down,False,False,True,True,False,True,True,0.03879849812265332,0,0.0
NQ,2023-02-22,12120.75,12174.5,12040.0,12058.75,126865,60,2023-02-22T14:30:00+00:00,2023-02-22T15:29:00+00:00,12108.522271706144,12108.0,12163.25,12063.25,12120.25,116346,930,2023-02-21T23:00:00+00:00,2023-02-22T14:29:00+00:00,12059.0,12190.5,12034.0,12103.0,371715,330,2023-02-22T15:30:00+00:00,2023-02-22T20:59:00+00:00,159,323,0.4937888198757764,100.0,134.5,156.5,1.1635687732342008,0.28115015974440893,0.28115015974440893,False,True,True,True,broken,broken_both,False,True,True,True,True,True,True,0.44089456869009586,32,0.09696969696969697
NQ,2023-02-23,12252.5,12259.75,12164.75,12190.25,120521,60,2023-02-23T14:30:00+00:00,2023-02-23T15:29:00+00:00,12214.416704696,12176.25,12261.0,12150.75,12252.0,123826,929,2023-02-22T23:00:00+00:00,2023-02-23T14:29:00+00:00,12190.5,12248.75,12028.5,12206.25,376189,330,2023-02-23T15:30:00+00:00,2023-02-23T20:59:00+00:00,162,324,0.5015479876160991,110.25,95.0,220.25,2.318421052631579,0.07150964812712826,0.07150964812712826,True,False,False,False,trapped,trapped,True,False,True,True,False,True,True,0.7686486486486487,15,0.045454545454545456
NQ,2023-02-24,11993.75,12043.0,11934.0,11959.0,131912,60,2023-02-24T14:30:00+00:00,2023-02-24T15:29:00+00:00,11977.67745984697,12190.0,12214.5,11973.5,11994.0,134560,930,2023-02-23T23:00:00+00:00,2023-02-24T14:29:00+00:00,11959.0,12021.0,11923.0,11998.0,353326,330,2023-02-24T15:30:00+00:00,2023-02-24T20:59:00+00:00,156,317,0.4936708860759494,241.0,109.0,98.0,0.8990825688073395,0.3979591836734694,0.3979591836734694,False,False,True,False,broken,broken_down,False,False,True,True,False,True,True,0.625,39,0.11818181818181818
NQ,2023-02-27,12131.0,12189.5,12106.25,12156.25,110704,60,2023-02-27T14:30:00+00:00,2023-02-27T15:29:00+00:00,12143.274793593731,12003.0,12153.0,11990.0,12131.75,111235,930,2023-02-26T23:00:00+00:00,2023-02-27T14:29:00+00:00,12156.5,12158.0,12058.5,12084.0,341873,330,2023-02-27T15:30:00+00:00,2023-02-27T20:59:00+00:00,184,327,0.5644171779141104,163.0,83.25,99.5,1.1951951951951951,0.7286432160804021,-0.7286432160804021,False,True,False,False,broken,broken_up,False,False,True,True,False,False,False,0.1946564885496183,8,0.024242424242424242
NQ,2023-02-28,12055.75,12124.0,12041.5,12070.5,119906,60,2023-02-28T14:30:00+00:00,2023-02-28T15:29:00+00:00,12086.650849415377,12093.5,12146.25,12029.5,12056.0,109793,929,2023-02-27T23:00:00+00:00,2023-02-28T14:29:00+00:00,12070.5,12172.75,12046.0,12064.5,389367,330,2023-02-28T15:30:00+00:00,2023-02-28T20:59:00+00:00,163,322,0.5077881619937694,116.75,82.5,126.75,1.5363636363636364,0.047337278106508875,-0.047337278106508875,True,False,False,False,trapped,trapped,False,True,False,True,True,False,True,0.17523809523809525,35,0.10606060606060606
NQ,2023-03-01,12052.0,12079.5,11953.0,11970.5,160331,60,2023-03-01T14:30:00+00:00,2023-03-01T15:29:00+00:00,12012.470750094075,12041.25,12141.75,11989.25,12052.0,139034,930,2023-02-28T23:00:00+00:00,2023-03-01T14:29:00+00:00,11970.0,12037.75,11924.75,11965.25,433882,330,2023-03-01T15:30:00+00:00,2023-03-01T20:59:00+00:00,151,323,0.468944099378882,152.5,126.5,113.0,0.8932806324110671,0.0420353982300885,-0.0420353982300885,False,False,True,False,broken,broken_down,False,False,True,True,False,True,True,0.2617124394184168,43,0.1303030303030303
NQ,2023-03-02,11857.5,11931.25,11846.25,11916.75,139675,60,2023-03-02T14:30:00+00:00,2023-03-02T15:29:00+00:00,11890.778149275104,11967.0,11991.75,11832.5,11857.25,154291,930,2023-03-01T23:00:00+00:00,2023-03-02T14:29:00+00:00,11917.0,12096.25,11883.25,12065.75,434730,330,2023-03-02T15:30:00+00:00,2023-03-02T20:59:00+00:00,163,323,0.5062111801242236,159.25,85.0,213.0,2.5058823529411764,0.6983568075117371,0.6983568075117371,True,False,False,False,trapped,trapped,False,True,False,True,True,False,True,0.878,19,0.05757575757575758
NQ,2023-03-03,12134.75,12225.5,12111.5,12224.75,166441,60,2023-03-03T14:30:00+00:00,2023-03-03T15:29:00+00:00,12167.3767356,12049.0,12154.75,12012.0,12134.25,114259,930,2023-03-02T23:00:00+00:00,2023-03-03T14:29:00+00:00,12224.5,12321.25,12170.5,12312.5,366989,330,2023-03-03T15:30:00+00:00,2023-03-03T20:59:00+00:00,158,321,0.49375,142.75,114.0,150.75,1.3223684210526316,0.5837479270315091,0.5837479270315091,False,True,False,False,broken,broken_up,False,True,False,True,True,False,True,0.9582836710369488,0,0.0
NQ,2023-03-06,12360.75,12442.25,12347.25,12434.0,127042,60,2023-03-06T14:30:00+00:00,2023-03-06T15:29:00+00:00,12385.461088327746,12306.25,12382.25,12276.25,12361.0,115808,930,2023-03-05T23:00:00+00:00,2023-03-06T14:29:00+00:00,12434.25,12486.25,12314.25,12323.75,349141,330,2023-03-06T15:30:00+00:00,2023-03-06T20:59:00+00:00,168,326,0.5169230769230769,106.0,95.0,172.0,1.8105263157894738,0.6424418604651163,-0.6424418604651163,False,True,False,False,broken,broken_up,False,True,True,True,True,False,True,0.055232558139534885,12,0.03636363636363636
NQ,2023-03-07,12324.25,12362.75,12180.25,12238.25,160269,60,2023-03-07T14:30:00+00:00,2023-03-07T15:29:00+00:00,12271.804714781607,12320.25,12381.25,12312.25,12324.0,84311,929,2023-03-06T23:00:00+00:00,2023-03-07T14:29:00+00:00,12238.25,12318.75,12142.25,12169.0,419161,330,2023-03-07T15:30:00+00:00,2023-03-07T20:59:00+00:00,160,320,0.5015673981191222,69.0,182.5,176.5,0.9671232876712329,0.3923512747875354,-0.3923512747875354,False,False,True,False,broken,broken_down,False,False,True,True,False,True,True,0.12131519274376418,21,0.06363636363636363
NQ,2023-03-08,12185.25,12216.0,12108.25,12187.25,137823,60,2023-03-08T14:30:00+00:00,2023-03-08T15:29:00+00:00,12167.94929970566,12170.0,12217.25,12138.75,12185.0,117310,930,2023-03-07T23:00:00+00:00,2023-03-08T14:29:00+00:00,12187.75,12254.5,12142.0,12231.25,355326,330,2023-03-08T15:30:00+00:00,2023-03-08T20:59:00+00:00,168,323,0.5217391304347826,78.5,107.75,112.5,1.0440835266821347,0.38666666666666666,0.38666666666666666,False,False,True,False,broken,broken_down,False,True,False,True,True,False,True,0.841025641025641,31,0.09393939393939393
NQ,2023-03-09,12246.25,12353.5,12230.0,12310.5,147275,60,2023-03-09T14:30:00+00:00,2023-03-09T15:29:00+00:00,12303.613879364004,12231.0,12276.25,12136.25,12246.0,131136,930,2023-03-08T23:00:00+00:00,2023-03-09T14:29:00+00:00,12310.75,12347.0,11977.5,12006.25,499916,330,2023-03-09T15:30:00+00:00,2023-03-09T20:59:00+00:00,169,322,0.5264797507788161,140.0,123.5,369.5,2.9919028340080973,0.8240866035182679,-0.8240866035182679,False,True,False,False,broken,broken_up,False,False,True,True,False,True,True,0.0764627659574468,19,0.05757575757575758
NQ,2023-03-10,12018.0,12027.5,11865.0,11921.0,152291,60,2023-03-10T14:30:00+00:00,2023-03-10T15:29:00+00:00,11935.755538191137,12005.0,12109.0,11921.5,12018.5,206034,930,2023-03-09T23:00:00+00:00,2023-03-10T14:29:00+00:00,11922.75,12079.5,11795.0,11841.25,437629,330,2023-03-10T15:30:00+00:00,2023-03-10T20:59:00+00:00,178,325,0.5493827160493827,187.5,162.5,284.5,1.7507692307692309,0.28646748681898065,-0.28646748681898065,False,False,True,False,broken,broken_down,False,True,True,True,False,True,True,0.1625659050966608,30,0.09090909090909091
NQ,2023-03-13,11886.5,12067.75,11822.0,11980.5,114743,60,2023-03-13T13:30:00+00:00,2023-03-13T14:29:00+00:00,11956.086207873244,11894.75,12222.75,11806.25,11887.75,157668,930,2023-03-12T22:00:00+00:00,2023-03-13T13:29:00+00:00,11981.5,12213.5,11964.5,12054.25,373025,330,2023-03-13T14:30:00+00:00,2023-03-13T19:59:00+00:00,175,328,0.5351681957186545,416.5,245.75,249.0,1.0132248219735505,0.2921686746987952,0.2921686746987952,True,False,False,False,trapped,trapped,True,True,False,True,False,False,False,0.5932311621966795,0,0.0
NQ,2023-03-14,12208.5,12309.5,12200.75,12306.25,110530,60,2023-03-14T13:30:00+00:00,2023-03-14T14:29:00+00:00,12261.224227962242,12080.0,12218.0,12032.25,12207.75,129639,930,2023-03-13T22:00:00+00:00,2023-03-14T13:29:00+00:00,12306.75,12356.5,12168.5,12328.5,379857,330,2023-03-14T14:30:00+00:00,2023-03-14T19:59:00+00:00,154,327,0.4723926380368098,185.75,108.75,188.0,1.728735632183908,0.11569148936170212,0.11569148936170212,False,True,False,False,broken,broken_up,False,True,True,True,True,False,True,0.851063829787234,38,0.11515151515151516
NQ,2023-03-15,12210.5,12276.25,12182.25,12199.5,116560,60,2023-03-15T13:30:00+00:00,2023-03-15T14:29:00+00:00,12228.677148392815,12329.75,12374.25,12096.75,12210.75,204261,930,2023-03-14T22:00:00+00:00,2023-03-15T13:29:00+00:00,12199.25,12407.5,12152.25,12392.0,438743,330,2023-03-15T14:30:00+00:00,2023-03-15T19:59:00+00:00,158,324,0.4891640866873065,277.5,94.0,255.25,2.7154255319148937,0.7551420176297747,0.7551420176297747,True,False,False,False,trapped,trapped,False,True,True,True,True,False,True,0.9392752203721841,36,0.10909090909090909
NQ,2023-03-16,12345.25,12435.0,12314.0,12407.25,99216,60,2023-03-16T13:30:00+00:00,2023-03-16T14:29:00+00:00,12377.474923399453,12398.75,12462.5,12333.25,12345.0,148859,930,2023-03-15T22:00:00+00:00,2023-03-16T13:29:00+00:00,12407.0,12735.75,12391.0,12716.5,429798,330,2023-03-16T14:30:00+00:00,2023-03-16T19:59:00+00:00,173,324,0.5356037151702786,129.25,121.0,344.75,2.8491735537190084,0.8977519941986947,0.8977519941986947,False,False,True,False,broken,broken_down,False,True,False,True,True,False,True,0.9543568464730291,0,0.0
NQ,2023-03-17,12712.5,12811.25,12669.75,12686.75,132034,60,2023-03-17T13:30:00+00:00,2023-03-17T14:29:00+00:00,12732.287840000809,12708.0,12767.75,12660.25,12710.5,140765,930,2023-03-16T22:00:00+00:00,2023-03-17T13:29:00+00:00,12687.75,12703.5,12569.5,12647.5,425575,330,2023-03-17T14:30:00+00:00,2023-03-17T19:59:00+00:00,158,326,0.48615384615384616,107.5,141.5,134.0,0.9469964664310954,0.3003731343283582,-0.3003731343283582,False,True,False,False,broken,broken_up,False,False,True,True,False,True,True,0.32264736297828334,0,0.0
NQ,2023-03-20,12623.0,12633.0,12529.5,12606.5,130868,60,2023-03-20T13:30:00+00:00,2023-03-20T14:29:00+00:00,12583.764742590498,12690.0,12750.0,12525.25,12623.75,192021,930,2023-03-19T22:00:00+00:00,2023-03-20T13:29:00+00:00,12606.5,12708.0,12565.25,12693.0,350656,330,2023-03-20T14:30:00+00:00,2023-03-20T19:59:00+00:00,170,320,0.5329153605015674,224.75,103.5,142.75,1.3792270531400965,0.6059544658493871,0.6059544658493871,True,False,False,False,trapped,trapped,True,True,False,True,False,False,False,0.9159663865546218,3,0.00909090909090909
NQ,2023-03-21,12775.25,12837.25,12734.0,12749.75,110051,60,2023-03-21T13:30:00+00:00,2023-03-21T14:29:00+00:00,12789.165583835374,12699.75,12792.0,12676.5,12776.0,103920,930,2023-03-20T22:00:00+00:00,2023-03-21T13:29:00+00:00,12750.25,12898.25,12712.5,12877.25,329135,330,2023-03-21T14:30:00+00:00,2023-03-21T19:59:00+00:00,150,318,0.47318611987381703,115.5,103.25,185.75,1.7990314769975786,0.6837146702557201,0.6837146702557201,False,True,False,False,broken,broken_up,False,True,True,True,True,False,True,0.8869448183041723,11,0.03333333333333333
NQ,2023-03-22,12872.75,12939.0,12851.25,12932.75,83907,60,2023-03-22T13:30:00+00:00,2023-03-22T14:29:00+00:00,12882.699350669986,12873.25,12886.5,12809.25,12872.5,75346,930,2023-03-21T22:00:00+00:00,2023-03-22T13:29:00+00:00,12932.5,13082.0,12696.0,12699.0,509521,330,2023-03-22T14:30:00+00:00,2023-03-22T19:59:00+00:00,152,320,0.47648902821316613,77.25,87.75,386.0,4.398860398860399,0.6049222797927462,-0.6049222797927462,False,True,False,False,broken,broken_up,False,True,True,True,True,True,True,0.007772020725388601,37,0.11212121212121212
NQ,2023-03-23,12855.0,12958.5,12847.25,12932.0,127686,60,2023-03-23T13:30:00+00:00,2023-03-23T14:29:00+00:00,12895.540906337943,12695.0,12858.0,12694.25,12855.25,119858,930,2023-03-22T22:00:00+00:00,2023-03-23T13:29:00+00:00,12932.25,13031.0,12733.5,12847.25,551892,330,2023-03-23T14:30:00+00:00,2023-03-23T19:59:00+00:00,150,324,0.46439628482972134,163.75,111.25,297.5,2.6741573033707864,0.2857142857142857,-0.2857142857142857,False,True,False,False,broken,broken_up,False,True,True,True,True,False,True,0.38235294117647056,11,0.03333333333333333
NQ,2023-03-24,12826.75,12844.75,12736.25,12824.25,139232,60,2023-03-24T13:30:00+00:00,2023-03-24T14:29:00+00:00,12793.78895716023,12871.5,12920.25,12753.5,12826.75,140357,930,2023-03-23T22:00:00+00:00,2023-03-24T13:29:00+00:00,12824.25,12896.0,12728.0,12894.5,375859,330,2023-03-24T14:30:00+00:00,2023-03-24T19:59:00+00:00,175,325,0.5401234567901234,166.75,108.5,168.0,1.5483870967741935,0.4181547619047619,0.4181547619047619,False,False,True,False,broken,broken_down,False,True,True,True,False,True,True,0.9910714285714286,40,0.12121212121212122
NQ,2023-03-27,12919.25,12965.25,12880.75,12897.5,106982,60,2023-03-27T13:30:00+00:00,2023-03-27T14:29:00+00:00,12922.946864114216,12916.0,12984.5,12848.75,12919.0,109905,930,2023-03-26T22:00:00+00:00,2023-03-27T13:29:00+00:00,12897.5,12898.75,12765.5,12799.75,324838,330,2023-03-27T14:30:00+00:00,2023-03-27T19:59:00+00:00,166,323,0.515527950310559,135.75,84.5,133.25,1.5769230769230769,0.7335834896810507,-0.7335834896810507,True,False,False,False,trapped,trapped,False,False,True,True,False,True,True,0.17146433041301626,0,0.0
NQ,2023-03-28,12776.25,12777.25,12673.0,12704.5,111797,60,2023-03-28T13:30:00+00:00,2023-03-28T14:29:00+00:00,12711.94499330632,12810.5,12833.5,12751.25,12776.25,86053,930,2023-03-27T22:00:00+00:00,2023-03-28T13:29:00+00:00,12704.75,12734.75,12634.25,12732.5,318446,330,2023-03-28T14:30:00+00:00,2023-03-28T19:59:00+00:00,165,323,0.5124223602484472,82.25,104.25,100.5,0.9640287769784173,0.27611940298507465,0.27611940298507465,False,False,True,False,broken,broken_down,False,False,True,True,False,True,True,0.6870629370629371,13,0.03939393939393939
NQ,2023-03-29,12887.25,12932.75,12881.0,12892.0,103928,60,2023-03-29T13:30:00+00:00,2023-03-29T14:29:00+00:00,12907.765453005928,12745.5,12890.0,12742.0,12887.75,109137,930,2023-03-28T22:00:00+00:00,2023-03-29T13:29:00+00:00,12892.25,12994.0,12854.5,12969.0,330012,330,2023-03-29T14:30:00+00:00,2023-03-29T19:59:00+00:00,159,317,0.5031645569620253,148.0,51.75,139.5,2.6956521739130435,0.5501792114695341,0.5501792114695341,False,True,False,False,broken,broken_up,False,True,True,True,True,False,True,0.8207885304659498,54,0.16363636363636364
NQ,2023-03-30,13064.75,13103.5,13028.25,13093.25,127438,60,2023-03-30T13:30:00+00:00,2023-03-30T14:29:00+00:00,13061.888834178191,12962.5,13074.75,12931.5,13064.75,115733,930,2023-03-29T22:00:00+00:00,2023-03-30T13:29:00+00:00,13093.5,13111.75,13011.25,13085.25,314999,330,2023-03-30T14:30:00+00:00,2023-03-30T19:59:00+00:00,170,322,0.5295950155763239,143.25,75.25,100.5,1.3355481727574752,0.08208955223880597,-0.08208955223880597,False,True,False,False,broken,broken_up,False,True,True,True,True,False,True,0.736318407960199,45,0.13636363636363635
NQ,2023-03-31,13092.0,13162.75,13080.25,13149.25,101903,60,2023-03-31T13:30:00+00:00,2023-03-31T14:29:00+00:00,13135.009492687488,13084.25,13138.75,13057.5,13091.75,113205,930,2023-03-30T22:00:00+00:00,2023-03-31T13:29:00+00:00,13149.0,13311.5,13145.75,13301.5,376692,330,2023-03-31T14:30:00+00:00,2023-03-31T19:59:00+00:00,151,321,0.471875,81.25,82.5,165.75,2.0090909090909093,0.9200603318250377,0.9200603318250377,False,True,False,False,broken,broken_up,False,True,False,True,True,False,True,0.9567567567567568,0,0.0
NQ,2023-04-03,13210.0,13268.25,13198.25,13260.25,105606,60,2023-04-03T13:30:00+00:00,2023-04-03T14:29:00+00:00,13236.948037201171,13262.0,13275.5,13179.5,13210.25,115421,930,2023-04-02T22:00:00+00:00,2023-04-03T13:29:00+00:00,13260.5,13278.75,13154.0,13268.5,302456,330,2023-04-03T14:30:00+00:00,2023-04-03T19:59:00+00:00,167,319,0.5251572327044025,96.0,70.0,124.75,1.7821428571428573,0.06412825651302605,0.06412825651302605,True,False,False,False,trapped,trapped,False,True,True,True,True,True,True,0.9178356713426854,19,0.05757575757575758
NQ,2023-04-04,13284.75,13326.75,13230.0,13277.0,126577,60,2023-04-04T13:30:00+00:00,2023-04-04T14:29:00+00:00,13281.7655603572,13259.0,13348.75,13226.5,13285.0,96228,929,2023-04-03T22:00:00+00:00,2023-04-04T13:29:00+00:00,13277.0,13301.5,13168.25,13223.5,333395,330,2023-04-04T14:30:00+00:00,2023-04-04T19:59:00+00:00,158,319,0.4968553459119497,122.25,96.75,133.25,1.3772609819121446,0.40150093808630394,-0.40150093808630394,True,False,False,False,trapped,trapped,True,False,True,True,False,True,True,0.34858044164037855,5,0.015151515151515152
NQ,2023-04-05,13173.75,13182.0,13088.0,13089.75,129309,60,2023-04-05T13:30:00+00:00,2023-04-05T14:29:00+00:00,13134.935741131707,13230.0,13247.25,13172.75,13173.75,97856,930,2023-04-04T22:00:00+00:00,2023-04-05T13:29:00+00:00,13089.5,13104.0,13006.0,13079.5,346034,330,2023-04-05T14:30:00+00:00,2023-04-05T19:59:00+00:00,161,325,0.49691358024691357,74.5,94.0,98.0,1.0425531914893618,0.10204081632653061,-0.10204081632653061,False,False,True,False,broken,broken_down,False,False,True,True,False,True,True,0.41761363636363635,0,0.0
NQ,2023-04-06,13012.5,13054.0,12953.25,13031.0,133851,60,2023-04-06T13:30:00+00:00,2023-04-06T14:29:00+00:00,12998.995067898883,13072.75,13079.75,12985.25,13012.75,118610,930,2023-04-05T22:00:00+00:00,2023-04-06T13:29:00+00:00,13031.25,13191.0,13007.75,13171.25,327259,330,2023-04-06T14:30:00+00:00,2023-04-06T19:59:00+00:00,146,313,0.46794871794871795,94.5,100.75,183.25,1.8188585607940446,0.7639836289222374,0.7639836289222374,False,False,True,False,broken,broken_down,False,True,False,True,True,False,True,0.9169295478443743,0,0.0
NQ,2023-04-10,13043.75,13050.25,12967.5,12994.25,114700,60,2023-04-10T13:30:00+00:00,2023-04-10T14:29:00+00:00,13000.321973263588,13179.75,13203.25,13036.75,13043.5,92900,930,2023-04-09T22:00:00+00:00,2023-04-10T13:29:00+00:00,12994.25,13164.75,12993.0,13164.5,325429,330,2023-04-10T14:30:00+00:00,2023-04-10T19:59:00+00:00,158,320,0.4952978056426332,166.5,82.75,171.75,2.0755287009063443,0.9912663755458515,0.9912663755458515,False,False,True,False,broken,broken_down,False,True,False,True,False,False,False,0.9987325728770595,1,0.0030303030303030303
NQ,2023-04-11,13159.25,13160.5,13068.5,13105.5,118448,60,2023-04-11T13:30:00+00:00,2023-04-11T14:29:00+00:00,13110.165370035797,13163.25,13208.75,13125.5,13159.5,96544,930,2023-04-10T22:00:00+00:00,2023-04-11T13:29:00+00:00,13105.25,13133.5,13053.5,13076.5,317028,330,2023-04-11T14:30:00+00:00,2023-04-11T19:59:00+00:00,159,321,0.496875,83.25,92.0,80.0,0.8695652173913043,0.359375,-0.359375,False,False,True,False,broken,broken_down,False,False,True,True,False,True,True,0.21495327102803738,11,0.03333333333333333
NQ,2023-04-12,13157.0,13180.5,13033.5,13118.75,135973,60,2023-04-12T13:30:00+00:00,2023-04-12T14:29:00+00:00,13100.147568512373,13073.75,13241.75,13038.5,13156.5,135317,929,2023-04-11T22:00:00+00:00,2023-04-12T13:29:00+00:00,13118.5,13129.0,12937.75,12958.5,394179,330,2023-04-12T14:30:00+00:00,2023-04-12T19:59:00+00:00,165,316,0.5238095238095238,203.25,147.0,191.25,1.3010204081632653,0.8366013071895425,-0.8366013071895425,False,False,True,False,broken,broken_down,False,False,True,True,False,True,True,0.0854788877445932,10,0.030303030303030304
NQ,2023-04-13,13027.75,13138.25,13019.75,13128.75,136165,60,2023-04-13T13:30:00+00:00,2023-04-13T14:29:00+00:00,13079.869090808947,12957.0,13038.0,12925.5,13027.75,106862,930,2023-04-12T22:00:00+00:00,2023-04-13T13:29:00+00:00,13129.25,13228.0,13102.5,13209.75,287576,330,2023-04-13T14:30:00+00:00,2023-04-13T19:59:00+00:00,149,318,0.47003154574132494,112.5,118.5,125.5,1.0590717299578059,0.6414342629482072,0.6414342629482072,False,True,False,False,broken,broken_up,False,True,False,True,True,False,True,0.9123649459783914,0,0.0
NQ,2023-04-14,13139.25,13255.0,13132.5,13141.75,143665,60,2023-04-14T13:30:00+00:00,2023-04-14T14:29:00+00:00,13191.522199793502,13183.0,13217.25,13101.0,13139.75,115193,930,2023-04-13T22:00:00+00:00,2023-04-14T13:29:00+00:00,13142.0,13190.75,13058.0,13181.0,340525,330,2023-04-14T14:30:00+00:00,2023-04-14T19:59:00+00:00,166,316,0.526984126984127,116.25,122.5,132.75,1.083673469387755,0.2937853107344633,0.2937853107344633,False,True,False,False,broken,broken_up,False,False,True,True,False,True,True,0.6243654822335025,0,0.0
NQ,2023-04-17,13162.5,13206.0,13138.25,13153.0,121272,60,2023-04-17T13:30:00+00:00,2023-04-17T14:29:00+00:00,13166.831205197133,13212.5,13218.0,13156.25,13162.5,88372,930,2023-04-16T22:00:00+00:00,2023-04-17T13:29:00+00:00,13153.25,13192.0,13076.75,13189.5,313859,330,2023-04-17T14:30:00+00:00,2023-04-17T19:59:00+00:00,160,316,0.5079365079365079,61.75,67.75,115.25,1.7011070110701108,0.31453362255965295,0.31453362255965295,False,False,True,False,broken,broken_down,False,False,True,True,False,True,True,0.8723404255319149,12,0.03636363636363636
NQ,2023-04-18,13280.0,13297.75,13167.0,13177.0,139368,60,2023-04-18T13:30:00+00:00,2023-04-18T14:29:00+00:00,13243.162734032681,13184.0,13298.75,13160.25,13280.25,101431,929,2023-04-17T22:00:00+00:00,2023-04-18T13:29:00+00:00,13177.25,13202.5,13138.0,13189.25,302743,330,2023-04-18T14:30:00+00:00,2023-04-18T19:59:00+00:00,169,318,0.5331230283911672,138.5,130.75,64.5,0.4933078393881453,0.18604651162790697,0.18604651162790697,True,False,False,False,trapped,trapped,True,False,True,True,False,True,True,0.3208137715179969,0,0.0
NQ,2023-04-19,13085.25,13132.75,13080.5,13117.75,118001,60,2023-04-19T13:30:00+00:00,2023-04-19T14:29:00+00:00,13109.389680313445,13170.5,13186.75,13065.0,13085.0,97998,929,2023-04-18T22:00:00+00:00,2023-04-19T13:29:00+00:00,13118.0,13226.75,13111.0,13182.75,288433,330,2023-04-19T14:30:00+00:00,2023-04-19T19:59:00+00:00,165,321,0.515625,121.75,52.25,115.75,2.215311004784689,0.5593952483801296,0.5593952483801296,True,False,False,False,trapped,trapped,False,True,False,True,True,False,True,0.6991452991452991,0,0.0
NQ,2023-04-20,13051.5,13151.75,13046.25,13133.25,131719,60,2023-04-20T13:30:00+00:00,2023-04-20T14:29:00+00:00,13111.764727057853,13162.0,13165.75,13025.0,13051.5,114517,930,2023-04-19T22:00:00+00:00,2023-04-20T13:29:00+00:00,13133.25,13200.0,13021.75,13077.0,409721,330,2023-04-20T14:30:00+00:00,2023-04-20T19:59:00+00:00,160,323,0.4968944099378882,140.75,105.5,178.25,1.6895734597156398,0.3155680224403927,-0.3155680224403927,True,False,False,False,trapped,trapped,False,True,True,True,True,True,True,0.30995792426367463,20,0.06060606060606061
NQ,2023-04-21,13057.75,13081.75,12982.5,13063.0,142934,60,2023-04-21T13:30:00+00:00,2023-04-21T14:29:00+00:00,13036.54715054967,13089.0,13107.75,13005.0,13057.5,102602,930,2023-04-20T22:00:00+00:00,2023-04-21T13:29:00+00:00,13062.75,13122.0,13004.0,13088.25,330331,330,2023-04-21T14:30:00+00:00,2023-04-21T19:59:00+00:00,178,319,0.559748427672956,102.75,99.25,118.0,1.1889168765743072,0.21610169491525424,0.21610169491525424,False,False,True,False,broken,broken_down,False,True,False,True,True,False,True,0.7580645161290323,7,0.021212121212121213
NQ,2023-04-24,13077.5,13134.0,13054.0,13094.25,118620,60,2023-04-24T13:30:00+00:00,2023-04-24T14:29:00+00:00,13095.484101191481,13070.0,13099.5,13014.25,13077.25,80306,930,2023-04-23T22:00:00+00:00,2023-04-24T13:29:00+00:00,13094.25,13098.0,12967.25,13059.25,361288,330,2023-04-24T14:30:00+00:00,2023-04-24T19:59:00+00:00,159,321,0.496875,85.25,80.0,130.75,1.634375,0.2676864244741874,-0.2676864244741874,False,True,False,False,broken,broken_up,False,False,True,True,False,True,True,0.5517241379310345,1,0.0030303030303030303
NQ,2023-04-25,12988.25,13015.5,12937.0,12948.25,132208,60,2023-04-25T13:30:00+00:00,2023-04-25T14:29:00+00:00,12976.051845702732,13050.25,13059.5,12966.75,12988.75,93186,930,2023-04-24T22:00:00+00:00,2023-04-25T13:29:00+00:00,12948.5,12975.0,12806.0,12808.5,402757,330,2023-04-25T14:30:00+00:00,2023-04-25T19:59:00+00:00,157,322,0.48909657320872274,92.75,78.5,169.0,2.1528662420382165,0.8284023668639053,-0.8284023668639053,False,False,True,False,broken,broken_down,False,False,True,True,False,True,True,0.011933174224343675,0,0.0
NQ,2023-04-26,12950.25,12967.5,12896.5,12918.75,143777,60,2023-04-26T13:30:00+00:00,2023-04-26T14:29:00+00:00,12930.737484089945,12940.0,12996.5,12885.25,12950.5,157127,930,2023-04-25T22:00:00+00:00,2023-04-26T13:29:00+00:00,12918.25,13012.25,12863.75,12882.5,411679,330,2023-04-26T14:30:00+00:00,2023-04-26T19:59:00+00:00,161,323,0.5,111.25,71.0,148.5,2.091549295774648,0.24074074074074073,-0.24074074074074073,True,False,False,False,trapped,trapped,False,True,True,True,True,True,True,0.12626262626262627,17,0.051515151515151514
NQ,2023-04-27,13040.75,13092.0,13013.5,13079.5,163783,60,2023-04-27T13:30:00+00:00,2023-04-27T14:29:00+00:00,13045.681134488927,12965.0,13048.0,12936.0,13040.75,116868,930,2023-04-26T22:00:00+00:00,2023-04-27T13:29:00+00:00,13079.5,13253.25,13073.0,13231.25,382500,330,2023-04-27T14:30:00+00:00,2023-04-27T19:59:00+00:00,162,321,0.50625,112.0,78.5,180.25,2.2961783439490446,0.841886269070735,0.841886269070735,False,True,False,False,broken,broken_up,False,True,False,True,True,False,True,0.908237747653806,0,0.0
NQ,2023-04-28,13220.25,13292.25,13172.25,13291.25,160172,60,2023-04-28T13:30:00+00:00,2023-04-28T14:29:00+00:00,13230.192956634119,13215.0,13236.0,13169.0,13220.25,123946,930,2023-04-27T22:00:00+00:00,2023-04-28T13:29:00+00:00,13291.25,13324.25,13183.5,13323.75,363276,330,2023-04-28T14:30:00+00:00,2023-04-28T19:59:00+00:00,159,320,0.49843260188087773,67.0,120.0,140.75,1.1729166666666666,0.23090586145648312,0.23090586145648312,False,True,False,False,broken,broken_up,False,True,False,True,True,False,True,0.9967105263157895,9,0.02727272727272727
NQ,2023-05-01,13300.75,13328.25,13279.5,13287.75,102475,60,2023-05-01T13:30:00+00:00,2023-05-01T14:29:00+00:00,13302.313344718224,13317.0,13370.25,13285.25,13301.25,66976,930,2023-04-30T22:00:00+00:00,2023-05-01T13:29:00+00:00,13287.5,13363.5,13258.75,13304.0,300131,330,2023-05-01T14:30:00+00:00,2023-05-01T19:59:00+00:00,170,321,0.53125,85.0,48.75,104.75,2.1487179487179486,0.1575178997613365,0.1575178997613365,False,False,True,False,broken,broken_down,False,True,True,True,False,True,True,0.431980906921241,37,0.11212121212121212
NQ,2023-05-02,13301.0,13313.25,13197.75,13211.0,147006,60,2023-05-02T13:30:00+00:00,2023-05-02T14:29:00+00:00,13263.904643914762,13290.0,13334.75,13267.75,13300.75,74111,930,2023-05-01T22:00:00+00:00,2023-05-02T13:29:00+00:00,13211.0,13221.5,13110.25,13184.75,414300,330,2023-05-02T14:30:00+00:00,2023-05-02T19:59:00+00:00,162,319,0.5094339622641509,67.0,115.5,111.25,0.9632034632034632,0.23595505617977527,-0.23595505617977527,False,False,True,False,broken,broken_down,False,False,True,True,False,True,True,0.3669950738916256,0,0.0
NQ,2023-05-03,13198.75,13242.0,13187.75,13195.25,93462,60,2023-05-03T13:30:00+00:00,2023-05-03T14:29:00+00:00,13214.163899053447,13162.0,13231.5,13157.0,13199.0,75923,929,2023-05-02T22:00:00+00:00,2023-05-03T13:29:00+00:00,13195.0,13314.0,13092.5,13100.0,450799,330,2023-05-03T14:30:00+00:00,2023-05-03T19:59:00+00:00,159,327,0.48773006134969327,74.5,54.25,221.5,4.082949308755761,0.4288939051918736,-0.4288939051918736,False,True,False,False,broken,broken_up,False,True,True,True,True,True,True,0.033860045146726865,50,0.15151515151515152
NQ,2023-05-04,13082.75,13086.0,13005.0,13008.75,148275,60,2023-05-04T13:30:00+00:00,2023-05-04T14:29:00+00:00,13047.244294385433,13064.0,13173.0,13044.25,13082.75,126532,930,2023-05-03T22:00:00+00:00,2023-05-04T13:29:00+00:00,13009.5,13131.25,13001.75,13048.0,351274,330,2023-05-04T14:30:00+00:00,2023-05-04T19:59:00+00:00,165,327,0.5061349693251533,128.75,81.0,129.5,1.5987654320987654,0.2972972972972973,0.2972972972972973,False,False,True,False,broken,broken_down,False,True,True,True,False,True,True,0.35714285714285715,52,0.15757575757575756
NQ,2023-05-05,13139.25,13242.0,13124.25,13234.5,132201,60,2023-05-05T13:30:00+00:00,2023-05-05T14:29:00+00:00,13186.424684129972,13060.0,13157.5,13055.75,13139.25,98724,930,2023-05-04T22:00:00+00:00,2023-05-05T13:29:00+00:00,13234.5,13359.0,13232.25,13324.0,315840,330,2023-05-05T14:30:00+00:00,2023-05-05T19:59:00+00:00,156,318,0.4921135646687697,101.75,117.75,126.75,1.0764331210191083,0.7061143984220908,0.7061143984220908,False,True,False,False,broken,broken_up,False,True,False,True,True,False,True,0.8509052183173589,0,0.0
NQ,2023-05-08,13301.0,13310.25,13261.25,13271.25,116641,60,2023-05-08T13:30:00+00:00,2023-05-08T14:29:00+00:00,13281.329400325214,13316.0,13335.0,13287.75,13300.75,71281,930,2023-05-07T22:00:00+00:00,2023-05-08T13:29:00+00:00,13271.25,13368.0,13254.5,13354.5,299539,330,2023-05-08T14:30:00+00:00,2023-05-08T19:59:00+00:00,166,315,0.5286624203821656,47.25,49.0,113.5,2.316326530612245,0.7334801762114538,0.7334801762114538,False,False,True,False,broken,broken_down,False,True,True,True,True,True,True,0.8810572687224669,4,0.012121212121212121
NQ,2023-05-09,13281.0,13317.5,13274.5,13282.0,153798,60,2023-05-09T13:30:00+00:00,2023-05-09T14:29:00+00:00,13290.31149408098,13338.5,13347.0,13269.0,13280.75,70545,928,2023-05-08T22:00:00+00:00,2023-05-09T13:29:00+00:00,13282.25,13303.5,13250.5,13266.25,311838,330,2023-05-09T14:30:00+00:00,2023-05-09T19:59:00+00:00,174,316,0.5523809523809524,78.0,43.0,53.0,1.2325581395348837,0.3018867924528302,-0.3018867924528302,True,False,False,False,trapped,trapped,False,False,True,True,False,True,True,0.23507462686567165,24,0.07272727272727272
NQ,2023-05-10,13366.5,13433.75,13321.25,13395.75,195458,60,2023-05-10T13:30:00+00:00,2023-05-10T14:29:00+00:00,13388.097002083994,13258.75,13408.5,13202.75,13367.0,141288,930,2023-05-09T22:00:00+00:00,2023-05-10T13:29:00+00:00,13396.5,13446.75,13262.25,13410.5,479553,330,2023-05-10T14:30:00+00:00,2023-05-10T19:59:00+00:00,157,323,0.48757763975155277,205.75,112.5,184.5,1.64,0.07588075880758807,0.07588075880758807,False,True,False,False,broken,broken_up,False,True,True,True,True,False,True,0.8035230352303523,23,0.0696969696969697
NQ,2023-05-11,13427.25,13433.25,13372.25,13404.0,145695,60,2023-05-11T13:30:00+00:00,2023-05-11T14:29:00+00:00,13395.047607444774,13410.0,13467.5,13403.5,13427.0,116767,930,2023-05-10T22:00:00+00:00,2023-05-11T13:29:00+00:00,13403.75,13470.25,13361.5,13447.25,373755,330,2023-05-11T14:30:00+00:00,2023-05-11T19:59:00+00:00,146,322,0.45482866043613707,64.0,61.0,108.75,1.7827868852459017,0.4,0.4,False,False,True,False,broken,broken_down,False,True,True,True,True,True,True,0.7885057471264367,5,0.015151515151515152
NQ,2023-05-12,13468.0,13487.25,13402.25,13407.75,117782,60,2023-05-12T13:30:00+00:00,2023-05-12T14:29:00+00:00,13445.596319896082,13446.0,13494.25,13444.75,13467.75,78430,930,2023-05-11T22:00:00+00:00,2023-05-12T13:29:00+00:00,13408.0,13425.75,13310.5,13397.5,406690,330,2023-05-12T14:30:00+00:00,2023-05-12T19:59:00+00:00,167,323,0.5186335403726708,49.5,85.0,115.25,1.3558823529411765,0.0911062906724512,-0.0911062906724512,False,False,True,False,broken,broken_down,False,False,True,True,False,True,True,0.49222065063649223,0,0.0
NQ,2023-05-15,13416.75,13428.25,13351.5,13366.0,109118,60,2023-05-15T13:30:00+00:00,2023-05-15T14:29:00+00:00,13389.304567837877,13378.75,13447.5,13350.0,13416.5,86093,930,2023-05-14T22:00:00+00:00,2023-05-15T13:29:00+00:00,13366.0,13480.0,13362.0,13472.0,284766,330,2023-05-15T14:30:00+00:00,2023-05-15T19:59:00+00:00,157,314,0.5015974440894568,97.5,76.75,118.0,1.5374592833876222,0.8983050847457628,0.8983050847457628,True,False,False,False,trapped,trapped,True,True,False,True,True,False,True,0.9377431906614786,10,0.030303030303030304
NQ,2023-05-16,13436.0,13515.75,13434.5,13505.0,137318,60,2023-05-16T13:30:00+00:00,2023-05-16T14:29:00+00:00,13480.350299426636,13461.0,13492.0,13426.25,13435.75,81820,930,2023-05-15T22:00:00+00:00,2023-05-16T13:29:00+00:00,13505.0,13554.5,13479.5,13482.25,317619,330,2023-05-16T14:30:00+00:00,2023-05-16T19:59:00+00:00,152,319,0.4779874213836478,65.75,81.25,75.0,0.9230769230769231,0.30333333333333334,-0.30333333333333334,False,True,False,False,broken,broken_up,False,True,False,True,True,False,True,0.39791666666666664,1,0.0030303030303030303
NQ,2023-05-17,13525.0,13540.0,13475.5,13514.75,121467,60,2023-05-17T13:30:00+00:00,2023-05-17T14:29:00+00:00,13509.186143149995,13498.5,13526.5,13474.25,13524.75,83503,930,2023-05-16T22:00:00+00:00,2023-05-17T13:29:00+00:00,13515.0,13669.0,13505.25,13644.75,393056,330,2023-05-17T14:30:00+00:00,2023-05-17T19:59:00+00:00,174,322,0.5420560747663551,52.25,64.5,163.75,2.5387596899224807,0.7923664122137405,0.7923664122137405,False,True,False,False,broken,broken_up,False,True,False,True,True,False,True,0.8746770025839793,2,0.006060606060606061
NQ,2023-05-18,13653.75,13775.75,13652.75,13773.5,158647,60,2023-05-18T13:30:00+00:00,2023-05-18T14:29:00+00:00,13717.13040954656,13640.5,13683.25,13628.25,13653.75,94134,930,2023-05-17T22:00:00+00:00,2023-05-18T13:29:00+00:00,13773.5,13901.25,13756.25,13889.75,461957,330,2023-05-18T14:30:00+00:00,2023-05-18T19:59:00+00:00,166,321,0.51875,55.0,123.0,145.0,1.1788617886178863,0.8017241379310345,0.8017241379310345,False,True,False,False,broken,broken_up,False,True,False,True,True,False,True,0.9537223340040242,0,0.0
NQ,2023-05-19,13898.25,13929.0,13861.75,13899.0,119353,60,2023-05-19T13:30:00+00:00,2023-05-19T14:29:00+00:00,13893.494847217915,13908.5,13960.25,13877.5,13898.0,124462,930,2023-05-18T22:00:00+00:00,2023-05-19T13:29:00+00:00,13898.75,13908.5,13814.25,13858.25,392116,330,2023-05-19T14:30:00+00:00,2023-05-19T19:59:00+00:00,178,320,0.5579937304075235,82.75,67.25,94.25,1.4014869888475836,0.4297082228116711,-0.4297082228116711,False,False,True,False,broken,broken_down,False,False,True,True,False,True,True,0.38344226579520696,9,0.02727272727272727
NQ,2023-05-22,13848.0,13946.75,13847.0,13903.0,162797,60,2023-05-22T13:30:00+00:00,2023-05-22T14:29:00+00:00,13902.042489009831,13805.5,13879.25,13794.25,13848.5,83559,930,2023-05-21T22:00:00+00:00,2023-05-22T13:29:00+00:00,13903.5,13942.75,13870.25,13905.0,269657,330,2023-05-22T14:30:00+00:00,2023-05-22T19:59:00+00:00,172,319,0.5408805031446541,85.0,99.75,72.5,0.7268170426065163,0.020689655172413793,0.020689655172413793,False,True,False,False,broken,broken_up,False,False,False,False,False,False,False,0.581453634085213,48,0.14545454545454545
NQ,2023-05-23,13831.0,13878.0,13822.25,13855.0,126149,60,2023-05-23T13:30:00+00:00,2023-05-23T14:29:00+00:00,13857.434464403204,13913.25,13979.25,13825.0,13831.25,112582,930,2023-05-22T22:00:00+00:00,2023-05-23T13:29:00+00:00,13854.75,13872.75,13710.0,13725.5,392050,330,2023-05-23T14:30:00+00:00,2023-05-23T19:59:00+00:00,164,322,0.5109034267912772,154.25,55.75,162.75,2.9192825112107625,0.794162826420891,-0.794162826420891,False,False,True,False,broken,broken_down,False,False,True,True,False,True,True,0.09226190476190477,29,0.08787878787878788
NQ,2023-05-24,13643.25,13675.0,13586.0,13591.25,144432,60,2023-05-24T13:30:00+00:00,2023-05-24T14:29:00+00:00,13633.426590598574,13729.0,13755.75,13627.75,13643.0,114475,930,2023-05-23T22:00:00+00:00,2023-05-24T13:29:00+00:00,13591.0,13705.75,13566.5,13652.75,384975,330,2023-05-24T14:30:00+00:00,2023-05-24T19:59:00+00:00,161,324,0.4984520123839009,128.0,89.0,139.25,1.5646067415730338,0.44344703770197486,0.44344703770197486,False,False,True,False,broken,broken_down,False,True,True,True,False,True,True,0.6193895870736086,21,0.06363636363636363
NQ,2023-05-25,13954.75,13965.75,13851.25,13886.0,189073,60,2023-05-25T13:30:00+00:00,2023-05-25T14:29:00+00:00,13885.982279772012,13877.0,13976.0,13803.0,13954.25,177755,930,2023-05-24T22:00:00+00:00,2023-05-25T13:29:00+00:00,13886.5,14031.25,13867.75,13978.25,422473,330,2023-05-25T14:30:00+00:00,2023-05-25T19:59:00+00:00,161,318,0.5078864353312302,173.0,114.5,163.5,1.4279475982532752,0.5611620795107034,0.5611620795107034,True,False,False,False,trapped,trapped,False,True,False,True,True,False,True,0.7055555555555556,8,0.024242424242424242
NQ,2023-05-26,14018.5,14205.0,14014.75,14202.0,155840,60,2023-05-26T13:30:00+00:00,2023-05-26T14:29:00+00:00,14111.131970290042,13977.75,14044.75,13924.5,14018.0,113227,930,2023-05-25T22:00:00+00:00,2023-05-26T13:29:00+00:00,14202.75,14368.5,14193.25,14333.0,424355,330,2023-05-26T14:30:00+00:00,2023-05-26T19:59:00+00:00,158,318,0.49842271293375395,120.25,190.25,175.25,0.9211563731931669,0.7432239657631954,0.7432239657631954,False,True,False,False,broken,broken_up,False,True,False,True,True,False,True,0.8996466431095407,0,0.0
NQ,2023-05-29,14378.25,14384.5,14368.0,14382.75,7584,60,2023-05-29T13:30:00+00:00,2023-05-29T14:29:00+00:00,14375.427347046414,14437.5,14459.75,14367.5,14378.25,73134,930,2023-05-28T22:00:00+00:00,2023-05-29T13:29:00+00:00,14382.75,14412.25,14375.75,14404.75,12556,150,2023-05-29T14:30:00+00:00,2023-05-29T16:59:00+00:00,72,138,0.5255474452554745,92.25,16.5,36.5,2.212121212121212,0.6027397260273972,0.6027397260273972,True,False,False,False,trapped,trapped,True,True,False,True,False,False,False,0.8305084745762712,0,0.0
NQ,2023-05-30,14510.0,14559.5,14400.0,14425.5,223160,60,2023-05-30T13:30:00+00:00,2023-05-30T14:29:00+00:00,14475.156924404015,14399.5,14570.0,14378.5,14509.5,127928,930,2023-05-29T22:00:00+00:00,2023-05-30T13:29:00+00:00,14425.75,14484.5,14336.75,14397.0,413305,330,2023-05-30T14:30:00+00:00,2023-05-30T19:59:00+00:00,164,324,0.5077399380804953,191.5,159.5,147.75,0.9263322884012539,0.19458544839255498,-0.19458544839255498,True,False,False,False,trapped,trapped,False,False,True,True,False,True,True,0.27048260381593714,6,0.01818181818181818
NQ,2023-05-31,14330.0,14412.25,14274.25,14297.75,163295,60,2023-05-31T13:30:00+00:00,2023-05-31T14:29:00+00:00,14354.566710044195,14397.25,14429.0,14315.0,14330.25,105124,930,2023-05-30T22:00:00+00:00,2023-05-31T13:29:00+00:00,14298.0,14365.0,14251.25,14301.75,376730,330,2023-05-31T14:30:00+00:00,2023-05-31T19:59:00+00:00,167,325,0.5154320987654321,114.0,138.0,113.75,0.8242753623188406,0.03296703296703297,0.03296703296703297,False,False,True,False,broken,broken_down,False,False,True,True,False,True,True,0.3136645962732919,8,0.024242424242424242
NQ,2023-06-01,14298.0,14342.0,14252.0,14301.0,149518,60,2023-06-01T13:30:00+00:00,2023-06-01T14:29:00+00:00,14297.5787263072,14289.5,14336.5,14248.25,14298.25,104817,930,2023-05-31T22:00:00+00:00,2023-06-01T13:29:00+00:00,14300.75,14528.25,14287.25,14473.25,336050,330,2023-06-01T14:30:00+00:00,2023-06-01T19:59:00+00:00,157,323,0.48757763975155277,88.25,90.0,241.0,2.6777777777777776,0.7157676348547718,0.7157676348547718,False,True,False,False,broken,broken_up,False,True,False,True,True,False,True,0.8009049773755657,6,0.01818181818181818
NQ,2023-06-02,14543.25,14627.75,14468.25,14523.0,186512,60,2023-06-02T13:30:00+00:00,2023-06-02T14:29:00+00:00,14546.335955148554,14494.0,14565.0,14473.0,14543.5,117466,930,2023-06-01T22:00:00+00:00,2023-06-02T13:29:00+00:00,14523.5,14609.0,14502.75,14579.5,295333,330,2023-06-02T14:30:00+00:00,2023-06-02T19:59:00+00:00,166,324,0.5139318885448917,92.0,159.5,106.25,0.6661442006269592,0.5270588235294118,0.5270588235294118,False,True,True,True,broken,broken_both,False,False,False,False,False,False,False,0.6974921630094044,3,0.00909090909090909
NQ,2023-06-05,14568.25,14652.25,14567.75,14606.5,155816,60,2023-06-05T13:30:00+00:00,2023-06-05T14:29:00+00:00,14611.258982282525,14577.0,14579.5,14512.75,14568.5,86334,930,2023-06-04T22:00:00+00:00,2023-06-05T13:29:00+00:00,14606.75,14694.75,14543.5,14587.25,355559,330,2023-06-05T14:30:00+00:00,2023-06-05T19:59:00+00:00,162,321,0.50625,66.75,84.5,151.25,1.7899408284023668,0.12892561983471074,-0.12892561983471074,False,True,False,False,broken,broken_up,False,True,True,True,True,False,True,0.2892561983471074,21,0.06363636363636363
NQ,2023-06-06,14561.0,14581.75,14504.5,14569.25,136668,60,2023-06-06T13:30:00+00:00,2023-06-06T14:29:00+00:00,14543.465157047249,14582.0,14615.0,14556.5,14561.0,77747,930,2023-06-05T22:00:00+00:00,2023-06-06T13:29:00+00:00,14569.0,14623.75,14527.75,14583.75,340947,330,2023-06-06T14:30:00+00:00,2023-06-06T19:59:00+00:00,171,322,0.5327102803738317,58.5,77.25,96.0,1.2427184466019416,0.15364583333333334,0.15364583333333334,False,False,True,False,broken,broken_down,False,True,False,True,True,False,True,0.6645702306079665,12,0.03636363636363636
NQ,2023-06-07,14592.25,14675.0,14531.25,14548.75,177986,60,2023-06-07T13:30:00+00:00,2023-06-07T14:29:00+00:00,14622.137674217824,14594.5,14614.25,14536.75,14592.0,74295,928,2023-06-06T22:00:00+00:00,2023-06-07T13:29:00+00:00,14548.5,14560.0,14305.5,14331.75,488052,330,2023-06-07T14:30:00+00:00,2023-06-07T19:59:00+00:00,163,321,0.509375,77.5,143.75,254.5,1.7704347826086957,0.8516699410609038,-0.8516699410609038,False,True,True,True,broken,broken_both,False,False,True,True,False,True,True,0.07104194857916103,0,0.0
NQ,2023-06-08,14338.0,14423.25,14328.0,14413.5,151974,60,2023-06-08T13:30:00+00:00,2023-06-08T14:29:00+00:00,14375.967043156505,14316.0,14372.0,14256.75,14337.5,126767,930,2023-06-07T22:00:00+00:00,2023-06-08T13:29:00+00:00,14413.75,14523.5,14395.75,14499.75,317924,330,2023-06-08T14:30:00+00:00,2023-06-08T19:59:00+00:00,169,320,0.5297805642633229,115.25,95.25,127.75,1.3412073490813647,0.6731898238747553,0.6731898238747553,False,True,False,False,broken,broken_up,False,True,False,True,True,False,True,0.8785166240409207,0,0.0
NQ,2023-06-09,14561.75,14687.5,14557.0,14669.25,125927,60,2023-06-09T13:30:00+00:00,2023-06-09T14:29:00+00:00,14633.031205910302,14517.0,14564.75,14460.25,14562.0,70245,930,2023-06-08T22:00:00+00:00,2023-06-09T13:29:00+00:00,14669.5,14679.5,14496.25,14556.5,314006,330,2023-06-09T14:30:00+00:00,2023-06-09T19:59:00+00:00,148,324,0.4582043343653251,104.5,130.5,183.25,1.4042145593869733,0.616643929058663,-0.616643929058663,False,True,False,False,broken,broken_up,False,False,True,True,False,False,False,0.3150326797385621,8,0.024242424242424242
NQ,2023-06-12,14804.0,14819.25,14764.0,14807.5,102869,60,2023-06-12T13:30:00+00:00,2023-06-12T14:29:00+00:00,14793.623636210454,14560.25,14831.75,14554.25,14803.75,48732,924,2023-06-11T22:00:00+00:00,2023-06-12T13:29:00+00:00,14807.5,14990.75,14784.25,14987.5,215081,330,2023-06-12T14:30:00+00:00,2023-06-12T19:59:00+00:00,177,319,0.5566037735849056,277.5,55.25,206.5,3.737556561085973,0.8716707021791767,0.8716707021791767,True,False,False,False,trapped,trapped,True,True,False,True,True,False,True,0.9856670341786108,13,0.03939393939393939
NQ,2023-06-13,15097.0,15130.0,14963.0,14995.0,168525,60,2023-06-13T13:30:00+00:00,2023-06-13T14:29:00+00:00,15045.779922365622,15006.5,15151.25,14979.5,15097.5,120136,930,2023-06-12T22:00:00+00:00,2023-06-13T13:29:00+00:00,14995.25,15115.75,14978.5,15096.5,314822,330,2023-06-13T14:30:00+00:00,2023-06-13T19:59:00+00:00,155,323,0.4813664596273292,171.75,167.0,137.25,0.8218562874251497,0.7377049180327869,0.7377049180327869,False,False,True,False,broken,broken_down,False,False,False,False,False,False,False,0.7994011976047904,20,0.06060606060606061
NQ,2023-06-14,15095.5,15171.75,15052.5,15144.75,111275,60,2023-06-14T13:30:00+00:00,2023-06-14T14:29:00+00:00,15111.824745001126,15110.25,15152.0,15081.0,15095.75,77809,929,2023-06-13T22:00:00+00:00,2023-06-14T13:29:00+00:00,15145.0,15216.0,14976.0,15203.25,452832,330,2023-06-14T14:30:00+00:00,2023-06-14T19:59:00+00:00,160,322,0.4984423676012461,71.0,119.25,240.0,2.0125786163522013,0.24270833333333333,0.24270833333333333,False,True,True,True,broken,broken_both,False,True,True,True,True,True,True,0.946875,8,0.024242424242424242
NQ,2023-06-15,15141.0,15270.25,15114.5,15265.25,153017,60,2023-06-15T13:30:00+00:00,2023-06-15T14:29:00+00:00,15195.808919379331,15222.0,15229.0,15066.0,15141.0,120680,930,2023-06-14T22:00:00+00:00,2023-06-15T13:29:00+00:00,15265.25,15441.0,15216.5,15377.5,387177,330,2023-06-15T14:30:00+00:00,2023-06-15T19:59:00+00:00,159,322,0.4953271028037383,163.0,155.75,224.5,1.4414125200642054,0.5,0.5,False,True,False,False,broken,broken_up,False,True,False,True,True,False,True,0.8055130168453293,0,0.0
NQ,2023-06-16,15471.0,15475.5,15333.0,15410.5,145617,60,2023-06-16T13:30:00+00:00,2023-06-16T14:29:00+00:00,15384.259348153031,15368.0,15474.5,15315.0,15471.0,122331,930,2023-06-15T22:00:00+00:00,2023-06-16T13:29:00+00:00,15410.5,15417.0,15258.5,15274.75,327220,330,2023-06-16T14:30:00+00:00,2023-06-16T19:59:00+00:00,162,324,0.5015479876160991,159.5,142.5,158.5,1.1122807017543859,0.8564668769716088,-0.8564668769716088,False,True,False,False,broken,broken_up,False,False,True,True,False,True,True,0.0748847926267281,32,0.09696969696969697
NQ,2023-06-19,15251.0,15253.0,15230.5,15244.0,11622,60,2023-06-19T13:30:00+00:00,2023-06-19T14:29:00+00:00,15240.78674066426,15303.25,15322.5,15234.0,15250.75,58157,930,2023-06-18T22:00:00+00:00,2023-06-19T13:29:00+00:00,15244.0,15250.5,15232.75,15239.25,15039,150,2023-06-19T14:30:00+00:00,2023-06-19T16:59:00+00:00,77,135,0.5746268656716418,88.5,22.5,17.75,0.7888888888888889,0.2676056338028169,-0.2676056338028169,False,False,True,False,broken,broken_down,False,False,False,False,False,False,False,0.3888888888888889,25,0.16666666666666666
NQ,2023-06-20,15211.5,15310.75,15130.5,15142.0,150499,60,2023-06-20T13:30:00+00:00,2023-06-20T14:29:00+00:00,15235.025688432039,15244.5,15257.75,15168.75,15212.5,96640,929,2023-06-19T22:00:00+00:00,2023-06-20T13:29:00+00:00,15142.0,15287.5,15126.5,15253.5,295244,330,2023-06-20T14:30:00+00:00,2023-06-20T19:59:00+00:00,173,321,0.540625,89.0,180.25,161.0,0.8932038834951457,0.6925465838509317,0.6925465838509317,False,True,True,True,broken,broken_both,False,False,True,True,False,True,True,0.689280868385346,27,0.08181818181818182
NQ,2023-06-21,15201.75,15219.25,15076.0,15102.75,143171,60,2023-06-21T13:30:00+00:00,2023-06-21T14:29:00+00:00,15142.822184660301,15247.5,15273.25,15181.75,15201.5,85505,929,2023-06-20T22:00:00+00:00,2023-06-21T13:29:00+00:00,15102.25,15149.75,15002.25,15045.25,379866,330,2023-06-21T14:30:00+00:00,2023-06-21T19:59:00+00:00,167,316,0.5301587301587302,91.5,143.25,147.5,1.0296684118673647,0.3864406779661017,-0.3864406779661017,False,False,True,False,broken,broken_down,False,False,True,True,False,True,True,0.19815668202764977,4,0.012121212121212121
NQ,2023-06-22,14981.5,15149.0,14964.0,15135.0,137912,60,2023-06-22T13:30:00+00:00,2023-06-22T14:29:00+00:00,15064.474313330238,15038.75,15058.0,14970.0,14982.0,112984,930,2023-06-21T22:00:00+00:00,2023-06-22T13:29:00+00:00,15134.75,15218.0,15056.0,15213.5,333762,330,2023-06-22T14:30:00+00:00,2023-06-22T19:59:00+00:00,159,325,0.49074074074074076,88.0,185.0,162.0,0.8756756756756757,0.4861111111111111,0.4861111111111111,False,True,True,True,broken,broken_both,False,True,False,True,True,False,True,0.9822834645669292,6,0.01818181818181818
NQ,2023-06-23,15043.5,15087.75,14985.25,15046.5,140320,60,2023-06-23T13:30:00+00:00,2023-06-23T14:29:00+00:00,15035.819786321741,15236.0,15236.0,15019.0,15043.25,116977,930,2023-06-22T22:00:00+00:00,2023-06-23T13:29:00+00:00,15046.5,15155.25,15007.0,15060.0,336435,330,2023-06-23T14:30:00+00:00,2023-06-23T19:59:00+00:00,188,326,0.5784615384615385,217.0,102.5,148.25,1.446341463414634,0.09106239460370995,0.09106239460370995,False,False,True,False,broken,broken_down,False,True,False,True,False,False,False,0.43970588235294117,14,0.04242424242424243
NQ,2023-06-26,15036.5,15152.5,15024.5,15124.5,111451,60,2023-06-26T13:30:00+00:00,2023-06-26T14:29:00+00:00,15104.470196169917,15057.75,15114.0,14998.75,15036.0,93276,930,2023-06-25T22:00:00+00:00,2023-06-26T13:29:00+00:00,15124.25,15127.0,14853.5,14857.25,418096,330,2023-06-26T14:30:00+00:00,2023-06-26T19:59:00+00:00,174,327,0.5337423312883436,115.25,128.0,273.5,2.13671875,0.9762340036563071,-0.9762340036563071,False,True,False,False,broken,broken_up,False,False,True,True,False,True,True,0.01254180602006689,2,0.006060606060606061
NQ,2023-06-27,14917.75,14979.0,14888.0,14931.75,141484,60,2023-06-27T13:30:00+00:00,2023-06-27T14:29:00+00:00,14935.181384467502,14875.0,14937.25,14862.25,14918.0,81960,930,2023-06-26T22:00:00+00:00,2023-06-27T13:29:00+00:00,14932.0,15139.25,14889.75,15108.25,317936,330,2023-06-27T14:30:00+00:00,2023-06-27T19:59:00+00:00,157,321,0.490625,75.0,91.0,249.5,2.741758241758242,0.7064128256513026,0.7064128256513026,False,True,False,False,broken,broken_up,False,True,False,True,True,False,True,0.8766169154228856,18,0.05454545454545454
NQ,2023-06-28,15029.5,15144.75,15025.5,15142.0,156306,60,2023-06-28T13:30:00+00:00,2023-06-28T14:29:00+00:00,15077.461849939644,15088.25,15092.75,15021.25,15029.5,96852,930,2023-06-27T22:00:00+00:00,2023-06-28T13:29:00+00:00,15142.0,15219.0,15058.75,15139.5,378181,330,2023-06-28T14:30:00+00:00,2023-06-28T19:59:00+00:00,165,323,0.5124223602484472,71.5,119.25,160.25,1.3438155136268344,0.015600624024960999,-0.015600624024960999,False,True,False,False,broken,broken_up,False,True,False,True,True,False,True,0.5891472868217055,9,0.02727272727272727
NQ,2023-06-29,15119.25,15144.75,15035.25,15061.75,153392,60,2023-06-29T13:30:00+00:00,2023-06-29T14:29:00+00:00,15096.09716228139,15161.0,15202.75,15101.25,15118.75,103178,930,2023-06-28T22:00:00+00:00,2023-06-29T13:29:00+00:00,15062.0,15139.75,15028.5,15103.25,316348,330,2023-06-29T14:30:00+00:00,2023-06-29T19:59:00+00:00,154,322,0.4797507788161994,101.5,109.5,111.25,1.0159817351598173,0.3707865168539326,0.3707865168539326,False,False,True,False,broken,broken_down,False,False,True,True,False,True,True,0.6430107526881721,24,0.07272727272727272
NQ,2023-06-30,15252.0,15376.75,15238.5,15353.0,119436,60,2023-06-30T13:30:00+00:00,2023-06-30T14:29:00+00:00,15310.4337008942,15106.0,15263.75,15099.0,15252.25,101839,928,2023-06-29T22:00:00+00:00,2023-06-30T13:29:00+00:00,15353.5,15369.25,15284.0,15331.0,275022,330,2023-06-30T14:30:00+00:00,2023-06-30T19:59:00+00:00,165,320,0.5172413793103449,164.75,138.25,85.25,0.6166365280289331,0.26392961876832843,-0.26392961876832843,False,True,False,False,broken,broken_up,False,False,False,False,False,False,False,0.6690777576853526,16,0.048484848484848485
NQ,2023-07-03,15355.25,15390.0,15337.25,15355.25,75965,60,2023-07-03T13:30:00+00:00,2023-07-03T14:29:00+00:00,15365.345098619982,15331.0,15392.0,15330.5,15355.25,81714,930,2023-07-02T22:00:00+00:00,2023-07-03T13:29:00+00:00,15355.25,15367.0,15308.0,15357.0,103467,165,2023-07-03T14:30:00+00:00,2023-07-03T17:14:00+00:00,78,158,0.4968152866242038,61.5,52.75,59.0,1.1184834123222749,0.029661016949152543,0.029661016949152543,True,False,False,False,trapped,trapped,True,False,True,True,False,True,True,0.5975609756097561,2,0.012121212121212121
NQ,2023-07-04,15363.75,15368.5,15349.0,15350.75,5529,60,2023-07-04T13:30:00+00:00,2023-07-04T14:29:00+00:00,15361.520513052392,15357.0,15364.75,15334.25,15363.5,29475,928,2023-07-03T22:00:00+00:00,2023-07-04T13:29:00+00:00,15350.75,15356.5,15340.5,15344.5,9147,150,2023-07-04T14:30:00+00:00,2023-07-04T16:59:00+00:00,75,133,0.5681818181818182,30.5,19.5,16.0,0.8205128205128205,0.390625,-0.390625,False,True,False,False,broken,broken_up,False,False,True,True,False,False,False,0.14285714285714285,0,0.0
NQ,2023-07-05,15293.5,15423.5,15292.5,15409.75,120471,60,2023-07-05T13:30:00+00:00,2023-07-05T14:29:00+00:00,15370.667352170507,15345.25,15356.5,15255.25,15293.75,81564,929,2023-07-04T22:00:00+00:00,2023-07-05T13:29:00+00:00,15410.0,15432.0,15324.25,15359.75,259589,330,2023-07-05T14:30:00+00:00,2023-07-05T19:59:00+00:00,167,319,0.5251572327044025,101.25,131.0,107.75,0.8225190839694656,0.46635730858468677,-0.46635730858468677,False,True,False,False,broken,broken_up,False,True,False,True,True,False,True,0.482078853046595,70,0.21212121212121213
NQ,2023-07-06,15196.0,15214.25,15111.5,15163.75,136295,60,2023-07-06T13:30:00+00:00,2023-07-06T14:29:00+00:00,15158.511192022206,15353.75,15366.0,15164.5,15196.0,149844,930,2023-07-05T22:00:00+00:00,2023-07-06T13:29:00+00:00,15163.75,15252.0,15113.5,15235.75,266145,330,2023-07-06T14:30:00+00:00,2023-07-06T19:59:00+00:00,170,327,0.5214723926380368,201.5,102.75,138.5,1.3479318734793186,0.51985559566787,0.51985559566787,False,False,True,False,broken,broken_down,False,True,False,True,False,False,False,0.8843416370106761,28,0.08484848484848485
NQ,2023-07-07,15220.5,15278.0,15188.75,15215.75,104436,60,2023-07-07T13:30:00+00:00,2023-07-07T14:29:00+00:00,15240.020509370968,15211.75,15314.0,15176.5,15221.0,134110,929,2023-07-06T22:00:00+00:00,2023-07-07T13:29:00+00:00,15216.0,15359.75,15172.25,15183.25,292153,330,2023-07-07T14:30:00+00:00,2023-07-07T19:59:00+00:00,169,323,0.5248447204968945,137.5,89.25,187.5,2.100840336134454,0.17466666666666666,-0.17466666666666666,True,False,False,False,trapped,trapped,False,True,True,True,True,True,True,0.058666666666666666,6,0.01818181818181818
NQ,2023-07-10,15168.5,15214.75,15085.5,15174.5,143032,60,2023-07-10T13:30:00+00:00,2023-07-10T14:29:00+00:00,15161.428602224209,15198.5,15198.5,15078.0,15168.75,126637,930,2023-07-09T22:00:00+00:00,2023-07-10T13:29:00+00:00,15175.0,15192.5,15063.25,15190.0,312082,330,2023-07-10T14:30:00+00:00,2023-07-10T19:59:00+00:00,173,321,0.540625,120.5,129.25,129.25,1.0,0.11605415860735009,0.11605415860735009,False,True,False,False,broken,broken_up,False,False,True,True,False,True,True,0.8366336633663366,37,0.11212121212121212
NQ,2023-07-11,15202.0,15233.5,15109.5,15173.25,139289,60,2023-07-11T13:30:00+00:00,2023-07-11T14:29:00+00:00,15166.589572160521,15195.75,15239.75,15176.0,15201.75,84546,930,2023-07-10T22:00:00+00:00,2023-07-11T13:29:00+00:00,15172.5,15278.75,15157.0,15258.5,310644,330,2023-07-11T14:30:00+00:00,2023-07-11T19:59:00+00:00,165,322,0.514018691588785,63.75,124.0,121.75,0.9818548387096774,0.7063655030800822,0.7063655030800822,False,False,True,False,broken,broken_down,False,True,False,True,True,False,True,0.880354505169867,13,0.03939393939393939
NQ,2023-07-12,15430.25,15507.75,15408.5,15488.25,132880,60,2023-07-12T13:30:00+00:00,2023-07-12T14:29:00+00:00,15455.624660721453,15258.0,15438.0,15254.5,15430.25,124731,929,2023-07-11T22:00:00+00:00,2023-07-12T13:29:00+00:00,15488.75,15504.0,15344.0,15451.75,369949,330,2023-07-12T14:30:00+00:00,2023-07-12T19:59:00+00:00,173,326,0.5323076923076923,183.5,99.25,160.0,1.6120906801007557,0.23125,-0.23125,False,True,False,False,broken,broken_up,False,False,True,True,False,False,False,0.6580152671755726,61,0.18484848484848485
NQ,2023-07-13,15576.25,15621.5,15552.25,15561.25,119419,60,2023-07-13T13:30:00+00:00,2023-07-13T14:29:00+00:00,15594.21520654167,15457.75,15581.25,15456.5,15576.0,110188,930,2023-07-12T22:00:00+00:00,2023-07-13T13:29:00+00:00,15561.25,15741.25,15560.25,15706.0,307513,330,2023-07-13T14:30:00+00:00,2023-07-13T19:59:00+00:00,175,314,0.5591054313099042,124.75,69.25,181.0,2.6137184115523464,0.7997237569060773,0.7997237569060773,False,True,False,False,broken,broken_up,False,True,False,True,True,False,True,0.8134920634920635,18,0.05454545454545454
NQ,2023-07-14,15722.0,15857.25,15721.5,15818.25,137622,60,2023-07-14T13:30:00+00:00,2023-07-14T14:29:00+00:00,15798.821933145377,15699.0,15738.5,15680.0,15721.75,94620,930,2023-07-13T22:00:00+00:00,2023-07-14T13:29:00+00:00,15818.0,15839.25,15663.0,15703.0,374380,330,2023-07-14T14:30:00+00:00,2023-07-14T19:59:00+00:00,178,323,0.5527950310559007,58.5,135.75,176.25,1.298342541436464,0.6524822695035462,-0.6524822695035462,False,True,False,False,broken,broken_up,False,False,True,True,False,True,True,0.2059202059202059,25,0.07575757575757576
NQ,2023-07-17,15729.75,15781.5,15708.75,15751.25,116374,60,2023-07-17T13:30:00+00:00,2023-07-17T14:29:00+00:00,15745.348272953297,15690.0,15729.5,15661.5,15729.5,81261,930,2023-07-16T22:00:00+00:00,2023-07-17T13:29:00+00:00,15751.75,15882.75,15738.75,15844.25,301737,330,2023-07-17T14:30:00+00:00,2023-07-17T19:59:00+00:00,165,323,0.5124223602484472,68.0,72.75,144.0,1.9793814432989691,0.6423611111111112,0.6423611111111112,False,True,False,False,broken,broken_up,False,True,False,True,True,False,True,0.7787356321839081,17,0.051515151515151514
NQ,2023-07-18,15815.25,15816.0,15733.0,15768.25,131788,60,2023-07-18T13:30:00+00:00,2023-07-18T14:29:00+00:00,15770.426051056747,15832.0,15843.75,15796.0,15815.0,81952,930,2023-07-17T22:00:00+00:00,2023-07-18T13:29:00+00:00,15768.0,16029.75,15752.75,15973.0,391378,330,2023-07-18T14:30:00+00:00,2023-07-18T19:59:00+00:00,178,325,0.5493827160493827,47.75,83.0,277.0,3.3373493975903616,0.740072202166065,0.740072202166065,False,False,True,False,broken,broken_down,False,True,False,True,True,False,True,0.8087615838247684,5,0.015151515151515152
NQ,2023-07-19,16012.75,16037.0,15971.0,15985.5,139303,60,2023-07-19T13:30:00+00:00,2023-07-19T14:29:00+00:00,16001.797332074686,15949.25,16017.5,15945.0,16013.0,85277,930,2023-07-18T22:00:00+00:00,2023-07-19T13:29:00+00:00,15985.25,16062.75,15911.25,15957.0,419194,330,2023-07-19T14:30:00+00:00,2023-07-19T19:59:00+00:00,173,325,0.5339506172839507,72.5,66.0,151.5,2.2954545454545454,0.18646864686468648,-0.18646864686468648,False,True,False,False,broken,broken_up,False,True,True,True,True,True,True,0.30198019801980197,13,0.03939393939393939
NQ,2023-07-20,15833.75,15895.0,15745.25,15754.75,165039,60,2023-07-20T13:30:00+00:00,2023-07-20T14:29:00+00:00,15835.886997921703,15922.75,15925.75,15805.25,15833.75,126881,930,2023-07-19T22:00:00+00:00,2023-07-20T13:29:00+00:00,15754.5,15785.0,15547.0,15588.0,487104,330,2023-07-20T14:30:00+00:00,2023-07-20T19:59:00+00:00,166,322,0.5171339563862928,120.5,149.75,238.0,1.5893155258764609,0.6995798319327731,-0.6995798319327731,False,False,True,False,broken,broken_down,False,False,True,True,False,True,True,0.11781609195402298,0,0.0
NQ,2023-07-21,15688.25,15719.25,15550.5,15551.0,160869,60,2023-07-21T13:30:00+00:00,2023-07-21T14:29:00+00:00,15640.654805566433,15590.75,15717.5,15554.5,15688.0,107365,930,2023-07-20T22:00:00+00:00,2023-07-21T13:29:00+00:00,15551.0,15654.5,15522.25,15537.5,408166,330,2023-07-21T14:30:00+00:00,2023-07-21T19:59:00+00:00,175,326,0.5384615384615384,163.0,168.75,132.25,0.7837037037037037,0.10207939508506617,-0.10207939508506617,False,True,True,True,broken,broken_both,False,False,True,True,False,True,True,0.07741116751269035,14,0.04242424242424243
NQ,2023-07-24,15578.5,15618.75,15483.75,15581.75,156735,60,2023-07-24T13:30:00+00:00,2023-07-24T14:29:00+00:00,15555.846243127997,15556.0,15594.25,15527.0,15578.75,83273,930,2023-07-23T22:00:00+00:00,2023-07-24T13:29:00+00:00,15581.5,15597.75,15518.5,15563.75,300319,330,2023-07-24T14:30:00+00:00,2023-07-24T19:59:00+00:00,169,319,0.5314465408805031,67.25,135.0,79.25,0.587037037037037,0.22397476340694006,-0.22397476340694006,False,True,True,True,broken,broken_both,False,False,False,False,False,False,False,0.5925925925925926,69,0.20909090909090908
NQ,2023-07-25,15589.0,15672.25,15587.75,15629.25,118561,60,2023-07-25T13:30:00+00:00,2023-07-25T14:29:00+00:00,15636.009580159864,15570.0,15629.25,15549.25,15588.75,75433,929,2023-07-24T22:00:00+00:00,2023-07-25T13:29:00+00:00,15629.25,15736.25,15604.0,15668.75,303097,330,2023-07-25T14:30:00+00:00,2023-07-25T19:59:00+00:00,162,324,0.5015479876160991,80.0,84.5,132.25,1.5650887573964498,0.29867674858223064,0.29867674858223064,False,True,False,False,broken,broken_up,False,True,False,True,True,False,True,0.5454545454545454,4,0.012121212121212121
NQ,2023-07-26,15619.0,15639.25,15566.0,15606.0,124054,60,2023-07-26T13:30:00+00:00,2023-07-26T14:29:00+00:00,15606.364723561244,15730.25,15739.25,15606.25,15619.5,102469,930,2023-07-25T22:00:00+00:00,2023-07-26T13:29:00+00:00,15605.75,15684.5,15515.0,15612.75,419231,330,2023-07-26T14:30:00+00:00,2023-07-26T19:59:00+00:00,158,321,0.49375,133.0,73.25,169.5,2.3139931740614332,0.04129793510324484,0.04129793510324484,False,False,True,False,broken,broken_down,False,True,True,True,False,True,True,0.5766961651917404,17,0.051515151515151514
NQ,2023-07-27,15834.75,15904.0,15770.5,15772.25,165807,60,2023-07-27T13:30:00+00:00,2023-07-27T14:29:00+00:00,15853.00421323185,15638.75,15844.5,15631.5,15834.75,125474,930,2023-07-26T22:00:00+00:00,2023-07-27T13:29:00+00:00,15772.25,15856.75,15511.25,15566.0,522223,330,2023-07-27T14:30:00+00:00,2023-07-27T19:59:00+00:00,156,324,0.48297213622291024,213.0,133.5,345.5,2.588014981273408,0.5969609261939218,-0.5969609261939218,False,True,False,False,broken,broken_up,False,False,True,True,False,True,True,0.1394016549968173,6,0.01818181818181818
NQ,2023-07-28,15737.75,15829.25,15715.75,15798.0,141538,60,2023-07-28T13:30:00+00:00,2023-07-28T14:29:00+00:00,15785.616299745181,15580.0,15762.0,15546.25,15737.5,148929,930,2023-07-27T22:00:00+00:00,2023-07-28T13:29:00+00:00,15797.5,15896.0,15774.5,15849.75,368360,330,2023-07-28T14:30:00+00:00,2023-07-28T19:59:00+00:00,154,321,0.48125,215.75,113.5,121.5,1.0704845814977975,0.43004115226337447,0.43004115226337447,False,True,False,False,broken,broken_up,False,True,False,True,True,False,True,0.7434119278779473,11,0.03333333333333333
NQ,2023-07-31,15860.0,15905.0,15805.25,15861.0,126414,60,2023-07-31T13:30:00+00:00,2023-07-31T14:29:00+00:00,15855.979067455608,15850.0,15917.0,15791.25,15860.0,111099,930,2023-07-30T22:00:00+00:00,2023-07-31T13:29:00+00:00,15860.5,15879.75,15800.25,15863.0,265337,330,2023-07-31T14:30:00+00:00,2023-07-31T19:59:00+00:00,161,320,0.5047021943573667,125.75,99.75,79.5,0.7969924812030075,0.031446540880503145,0.031446540880503145,True,False,False,False,trapped,trapped,False,False,True,True,False,False,False,0.5990453460620525,26,0.07878787878787878
NQ,2023-08-01,15796.5,15815.25,15728.25,15780.5,138759,60,2023-08-01T13:30:00+00:00,2023-08-01T14:29:00+00:00,15777.551820062123,15869.25,15889.25,15755.75,15796.25,96609,930,2023-07-31T22:00:00+00:00,2023-08-01T13:29:00+00:00,15780.75,15849.25,15776.5,15816.75,269516,330,2023-08-01T14:30:00+00:00,2023-08-01T19:59:00+00:00,167,322,0.5202492211838006,133.5,87.0,72.75,0.8362068965517241,0.4948453608247423,0.4948453608247423,False,False,True,False,broken,broken_down,False,True,False,True,False,False,False,0.731404958677686,1,0.0030303030303030303
NQ,2023-08-02,15667.5,15668.75,15524.5,15544.25,161272,60,2023-08-02T13:30:00+00:00,2023-08-02T14:29:00+00:00,15592.236038597317,15757.0,15789.75,15590.25,15667.5,173172,930,2023-08-01T22:00:00+00:00,2023-08-02T13:29:00+00:00,15544.5,15558.25,15414.0,15468.25,400490,330,2023-08-02T14:30:00+00:00,2023-08-02T19:59:00+00:00,171,322,0.5327102803738317,199.5,144.25,144.25,1.0,0.5285961871750433,-0.5285961871750433,False,False,True,False,broken,broken_down,False,False,True,True,False,True,True,0.2129538763493621,0,0.0
NQ,2023-08-03,15358.0,15466.75,15351.25,15355.75,136169,60,2023-08-03T13:30:00+00:00,2023-08-03T14:29:00+00:00,15409.97342579197,15455.75,15507.5,15339.5,15357.75,164501,930,2023-08-02T22:00:00+00:00,2023-08-03T13:29:00+00:00,15355.75,15523.5,15353.5,15430.25,299334,330,2023-08-03T14:30:00+00:00,2023-08-03T19:59:00+00:00,157,325,0.4845679012345679,168.0,115.5,170.0,1.4718614718614718,0.43823529411764706,0.43823529411764706,True,False,False,False,trapped,trapped,False,True,False,True,True,False,True,0.45863570391872277,10,0.030303030303030304
NQ,2023-08-04,15511.5,15583.5,15392.75,15465.75,175262,60,2023-08-04T13:30:00+00:00,2023-08-04T14:29:00+00:00,15487.173428923554,15441.0,15562.5,15401.75,15511.75,163449,930,2023-08-03T22:00:00+00:00,2023-08-04T13:29:00+00:00,15465.5,15610.25,15336.5,15358.0,407039,330,2023-08-04T14:30:00+00:00,2023-08-04T19:59:00+00:00,164,325,0.5061728395061729,160.75,190.75,273.75,1.4351245085190039,0.3926940639269406,-0.3926940639269406,False,True,True,True,broken,broken_both,False,True,True,True,True,True,True,0.07853881278538813,8,0.024242424242424242
NQ,2023-08-07,15433.5,15473.25,15357.0,15424.5,147386,60,2023-08-07T13:30:00+00:00,2023-08-07T14:29:00+00:00,15411.722874515446,15370.5,15466.5,15357.75,15434.5,110859,930,2023-08-06T22:00:00+00:00,2023-08-07T13:29:00+00:00,15424.0,15491.25,15334.25,15486.5,302040,330,2023-08-07T14:30:00+00:00,2023-08-07T19:59:00+00:00,165,323,0.5124223602484472,108.75,116.25,157.0,1.3505376344086022,0.3980891719745223,0.3980891719745223,False,True,True,True,broken,broken_both,False,True,True,True,True,True,True,0.9697452229299363,33,0.1
NQ,2023-08-08,15379.0,15379.5,15244.0,15285.25,154902,60,2023-08-08T13:30:00+00:00,2023-08-08T14:29:00+00:00,15301.904936669636,15495.0,15497.75,15318.75,15379.5,128363,930,2023-08-07T22:00:00+00:00,2023-08-08T13:29:00+00:00,15285.75,15370.0,15218.0,15350.25,335767,330,2023-08-08T14:30:00+00:00,2023-08-08T19:59:00+00:00,170,323,0.5279503105590062,179.0,135.5,152.0,1.121771217712177,0.4243421052631579,0.4243421052631579,False,False,True,False,broken,broken_down,False,False,True,True,False,True,True,0.8188854489164087,21,0.06363636363636363
NQ,2023-08-09,15361.0,15368.5,15257.25,15282.5,121713,60,2023-08-09T13:30:00+00:00,2023-08-09T14:29:00+00:00,15300.719640328753,15351.75,15432.5,15343.5,15360.75,102575,930,2023-08-08T22:00:00+00:00,2023-08-09T13:29:00+00:00,15282.0,15306.5,15146.5,15180.25,402790,330,2023-08-09T14:30:00+00:00,2023-08-09T19:59:00+00:00,167,320,0.5235109717868338,89.0,111.25,160.0,1.4382022471910112,0.6359375,-0.6359375,False,False,True,False,broken,broken_down,False,False,True,True,False,True,True,0.15202702702702703,3,0.00909090909090909
NQ,2023-08-10,15300.75,15442.25,15273.25,15399.0,154392,60,2023-08-10T13:30:00+00:00,2023-08-10T14:29:00+00:00,15379.24030444151,15202.5,15357.5,15200.75,15300.5,154457,930,2023-08-09T22:00:00+00:00,2023-08-10T13:29:00+00:00,15399.0,15420.75,15136.0,15200.5,468618,330,2023-08-10T14:30:00+00:00,2023-08-10T19:59:00+00:00,150,324,0.46439628482972134,156.75,169.0,284.75,1.6849112426035502,0.6971027216856892,-0.6971027216856892,False,True,False,False,broken,broken_up,False,False,True,True,False,True,True,0.21061224489795918,1,0.0030303030303030303
NQ,2023-08-11,15091.75,15174.25,15052.0,15147.0,131712,60,2023-08-11T13:30:00+00:00,2023-08-11T14:29:00+00:00,15103.436125789603,15219.0,15266.75,15079.25,15091.25,126162,930,2023-08-10T22:00:00+00:00,2023-08-11T13:29:00+00:00,15146.75,15165.5,15037.25,15101.0,342009,330,2023-08-11T14:30:00+00:00,2023-08-11T19:59:00+00:00,163,326,0.5015384615384615,187.5,122.25,128.25,1.049079754601227,0.3567251461988304,-0.3567251461988304,False,False,True,False,broken,broken_down,False,False,True,True,False,True,True,0.4653284671532847,61,0.18484848484848485
NQ,2023-08-14,15068.25,15173.0,15035.0,15147.0,117708,60,2023-08-14T13:30:00+00:00,2023-08-14T14:29:00+00:00,15106.927380325324,15104.0,15225.0,15020.75,15067.75,136368,930,2023-08-13T22:00:00+00:00,2023-08-14T13:29:00+00:00,15147.0,15273.5,15144.25,15272.5,282165,330,2023-08-14T14:30:00+00:00,2023-08-14T19:59:00+00:00,169,324,0.5232198142414861,204.25,138.0,129.25,0.9365942028985508,0.9709864603481625,0.9709864603481625,True,False,False,False,trapped,trapped,False,True,False,True,True,False,True,0.9958071278825996,0,0.0
NQ,2023-08-15,15225.0,15259.25,15113.0,15136.5,132157,60,2023-08-15T13:30:00+00:00,2023-08-15T14:29:00+00:00,15184.111877035144,15279.0,15335.0,15152.0,15224.5,153011,930,2023-08-14T22:00:00+00:00,2023-08-15T13:29:00+00:00,15136.75,15208.0,15074.75,15105.25,288616,330,2023-08-15T14:30:00+00:00,2023-08-15T19:59:00+00:00,152,318,0.4794952681388013,183.0,146.25,133.25,0.9111111111111111,0.23639774859287055,-0.23639774859287055,False,False,True,False,broken,broken_down,False,False,True,True,False,True,True,0.16531165311653118,23,0.0696969696969697
NQ,2023-08-16,15079.75,15144.0,15051.0,15103.75,119168,60,2023-08-16T13:30:00+00:00,2023-08-16T14:29:00+00:00,15098.940995765082,15110.75,15166.0,15064.0,15078.75,104001,930,2023-08-15T22:00:00+00:00,2023-08-16T13:29:00+00:00,15103.75,15141.75,14938.25,14939.0,389329,330,2023-08-16T14:30:00+00:00,2023-08-16T19:59:00+00:00,173,321,0.540625,102.0,93.0,203.5,2.1881720430107525,0.8095823095823096,-0.8095823095823096,False,False,True,False,broken,broken_down,False,False,True,True,False,True,True,0.0036452004860267314,12,0.03636363636363636
NQ,2023-08-17,14994.25,15007.5,14882.0,14887.25,130463,60,2023-08-17T13:30:00+00:00,2023-08-17T14:29:00+00:00,14936.869949078795,14940.25,15018.25,14887.5,14994.0,121679,930,2023-08-16T22:00:00+00:00,2023-08-17T13:29:00+00:00,14887.25,14957.5,14754.5,14772.25,402554,330,2023-08-17T14:30:00+00:00,2023-08-17T19:59:00+00:00,166,321,0.51875,130.75,125.5,203.0,1.6175298804780875,0.5665024630541872,-0.5665024630541872,False,False,True,False,broken,broken_down,False,False,True,True,False,True,True,0.07015810276679842,13,0.03939393939393939
NQ,2023-08-18,14632.25,14697.0,14609.25,14638.75,147650,60,2023-08-18T13:30:00+00:00,2023-08-18T14:29:00+00:00,14651.708119990968,14748.0,14791.0,14620.0,14631.75,155436,930,2023-08-17T22:00:00+00:00,2023-08-18T13:29:00+00:00,14638.75,14802.75,14634.5,14750.25,402115,330,2023-08-18T14:30:00+00:00,2023-08-18T19:59:00+00:00,160,322,0.4984423676012461,171.0,87.75,168.25,1.9173789173789173,0.662704309063893,0.662704309063893,False,False,True,False,broken,broken_down,False,True,False,True,True,False,True,0.7286821705426356,6,0.01818181818181818
NQ,2023-08-21,14808.75,14932.5,14805.5,14830.5,142597,60,2023-08-21T13:30:00+00:00,2023-08-21T14:29:00+00:00,14872.578684451051,14762.5,14858.5,14720.5,14808.5,112791,930,2023-08-20T22:00:00+00:00,2023-08-21T13:29:00+00:00,14830.75,15013.75,14788.75,14987.0,359080,330,2023-08-21T14:30:00+00:00,2023-08-21T19:59:00+00:00,165,322,0.514018691588785,138.0,127.0,225.0,1.7716535433070866,0.6944444444444444,0.6944444444444444,False,True,False,False,broken,broken_up,False,True,True,True,True,False,True,0.8811111111111111,13,0.03939393939393939
NQ,2023-08-22,15091.5,15092.25,14997.75,15011.25,143211,60,2023-08-22T13:30:00+00:00,2023-08-22T14:29:00+00:00,15035.941536730184,14974.5,15118.25,14943.0,15091.75,117730,930,2023-08-21T22:00:00+00:00,2023-08-22T13:29:00+00:00,15011.25,15055.0,14932.0,14960.25,346251,330,2023-08-22T14:30:00+00:00,2023-08-22T19:59:00+00:00,180,324,0.5572755417956656,175.25,94.5,123.0,1.3015873015873016,0.4146341463414634,-0.4146341463414634,True,False,False,False,trapped,trapped,False,False,True,True,False,True,True,0.17628705148205928,12,0.03636363636363636
NQ,2023-08-23,15009.25,15145.0,14999.5,15127.25,134135,60,2023-08-23T13:30:00+00:00,2023-08-23T14:29:00+00:00,15075.195305724334,14959.75,15083.0,14957.25,15009.0,128463,930,2023-08-22T22:00:00+00:00,2023-08-23T13:29:00+00:00,15127.25,15242.5,15124.25,15198.0,287309,330,2023-08-23T14:30:00+00:00,2023-08-23T19:59:00+00:00,170,322,0.5295950155763239,125.75,145.5,118.25,0.8127147766323024,0.5983086680761099,0.5983086680761099,False,True,False,False,broken,broken_up,False,True,False,True,True,False,True,0.8168724279835391,0,0.0
NQ,2023-08-24,15335.5,15339.75,15071.75,15073.25,202734,60,2023-08-24T13:30:00+00:00,2023-08-24T14:29:00+00:00,15203.355522507327,15333.0,15418.0,15294.0,15335.25,164936,930,2023-08-23T22:00:00+00:00,2023-08-24T13:29:00+00:00,15073.0,15086.5,14854.75,14859.25,442976,330,2023-08-24T14:30:00+00:00,2023-08-24T19:59:00+00:00,179,324,0.5541795665634675,124.0,268.0,231.75,0.8647388059701493,0.9223300970873787,-0.9223300970873787,False,False,True,False,broken,broken_down,False,False,True,True,False,True,True,0.009278350515463918,0,0.0
NQ,2023-08-25,14897.25,15048.75,14870.0,14887.5,189575,60,2023-08-25T13:30:00+00:00,2023-08-25T14:29:00+00:00,14941.143952701219,14833.0,14918.25,14785.25,14897.25,120526,930,2023-08-24T22:00:00+00:00,2023-08-25T13:29:00+00:00,14888.0,15027.0,14751.75,14977.5,489322,330,2023-08-25T14:30:00+00:00,2023-08-25T19:59:00+00:00,160,325,0.49382716049382713,133.0,178.75,275.25,1.53986013986014,0.32515894641235243,0.32515894641235243,False,True,False,False,broken,broken_up,False,False,True,True,False,True,True,0.76010101010101,2,0.006060606060606061
NQ,2023-08-28,15097.5,15126.5,15004.5,15092.25,133986,60,2023-08-28T13:30:00+00:00,2023-08-28T14:29:00+00:00,15065.026356609394,14991.0,15106.75,14973.5,15097.75,99929,929,2023-08-27T22:00:00+00:00,2023-08-28T13:29:00+00:00,15092.5,15110.25,14983.5,15090.25,338504,330,2023-08-28T14:30:00+00:00,2023-08-28T19:59:00+00:00,171,323,0.531055900621118,133.25,122.0,126.75,1.0389344262295082,0.01775147928994083,-0.01775147928994083,False,True,False,False,broken,broken_up,False,False,True,True,False,False,False,0.7465034965034965,15,0.045454545454545456
NQ,2023-08-29,15076.75,15297.5,15062.75,15291.25,159350,60,2023-08-29T13:30:00+00:00,2023-08-29T14:29:00+00:00,15187.09062754942,15098.75,15147.25,15049.75,15077.0,96667,929,2023-08-28T22:00:00+00:00,2023-08-29T13:29:00+00:00,15291.25,15430.5,15289.0,15413.5,332927,330,2023-08-29T14:30:00+00:00,2023-08-29T19:59:00+00:00,168,319,0.5283018867924528,97.5,234.75,141.5,0.6027689030883919,0.8639575971731449,0.8639575971731449,False,True,False,False,broken,broken_up,False,True,False,True,True,False,True,0.9537729435757988,0,0.0
NQ,2023-08-30,15416.25,15507.25,15375.0,15406.25,167573,60,2023-08-30T13:30:00+00:00,2023-08-30T14:29:00+00:00,15437.644267970774,15427.5,15468.0,15361.5,15416.5,116545,930,2023-08-29T22:00:00+00:00,2023-08-30T13:29:00+00:00,15406.5,15522.75,15403.0,15502.0,291012,330,2023-08-30T14:30:00+00:00,2023-08-30T19:59:00+00:00,166,324,0.5139318885448917,106.5,132.25,119.75,0.9054820415879017,0.7974947807933194,0.7974947807933194,False,True,False,False,broken,broken_up,False,True,False,True,True,False,True,0.8595600676818951,16,0.048484848484848485
NQ,2023-08-31,15492.25,15594.25,15488.75,15593.5,129354,60,2023-08-31T13:30:00+00:00,2023-08-31T14:29:00+00:00,15546.646990042827,15513.75,15544.25,15460.0,15492.0,121830,930,2023-08-30T22:00:00+00:00,2023-08-31T13:29:00+00:00,15593.75,15606.75,15493.0,15532.25,312142,330,2023-08-31T14:30:00+00:00,2023-08-31T19:59:00+00:00,169,321,0.528125,84.25,105.5,113.75,1.0781990521327014,0.5406593406593406,-0.5406593406593406,False,True,False,False,broken,broken_up,False,True,False,True,True,False,True,0.3686440677966102,21,0.06363636363636363
NQ,2023-09-01,15633.0,15652.75,15498.75,15583.75,158982,60,2023-09-01T13:30:00+00:00,2023-09-01T14:29:00+00:00,15562.948077455309,15534.0,15661.25,15502.0,15633.75,117619,930,2023-08-31T22:00:00+00:00,2023-09-01T13:29:00+00:00,15583.5,15583.5,15454.0,15520.0,279410,330,2023-09-01T14:30:00+00:00,2023-09-01T19:59:00+00:00,159,325,0.49074074074074076,159.25,154.0,129.5,0.8409090909090909,0.49034749034749037,-0.49034749034749037,False,False,True,False,broken,broken_down,False,False,True,True,False,True,True,0.3320754716981132,2,0.006060606060606061
NQ,2023-09-04,15555.0,15578.75,15548.5,15549.75,14898,60,2023-09-04T13:30:00+00:00,2023-09-04T14:29:00+00:00,15564.646166152057,15517.0,15570.5,15500.5,15555.0,41602,928,2023-09-03T22:00:00+00:00,2023-09-04T13:29:00+00:00,15550.25,15550.5,15512.25,15523.75,20438,150,2023-09-04T14:30:00+00:00,2023-09-04T16:59:00+00:00,82,141,0.5857142857142857,70.0,30.25,38.25,1.2644628099173554,0.6928104575163399,-0.6928104575163399,False,True,False,False,broken,broken_up,False,False,True,True,False,False,False,0.17293233082706766,0,0.0
NQ,2023-09-05,15481.75,15523.5,15442.75,15489.5,127684,60,2023-09-05T13:30:00+00:00,2023-09-05T14:29:00+00:00,15478.720021694182,15527.75,15534.75,15418.25,15481.5,109340,930,2023-09-04T22:00:00+00:00,2023-09-05T13:29:00+00:00,15489.75,15586.75,15477.0,15533.75,268984,330,2023-09-05T14:30:00+00:00,2023-09-05T19:59:00+00:00,170,321,0.53125,116.5,80.75,109.75,1.3591331269349844,0.4009111617312073,0.4009111617312073,True,False,False,False,trapped,trapped,False,True,False,True,True,False,True,0.6319444444444444,1,0.0030303030303030303
NQ,2023-09-06,15499.5,15514.25,15385.5,15386.5,154263,60,2023-09-06T13:30:00+00:00,2023-09-06T14:29:00+00:00,15448.685408469086,15511.25,15533.0,15438.75,15500.25,86371,930,2023-09-05T22:00:00+00:00,2023-09-06T13:29:00+00:00,15386.75,15422.75,15310.5,15398.0,334277,330,2023-09-06T14:30:00+00:00,2023-09-06T19:59:00+00:00,167,324,0.5170278637770898,94.25,128.75,112.25,0.8718446601941747,0.10022271714922049,0.10022271714922049,False,False,True,False,broken,broken_down,False,False,True,True,False,True,True,0.4294478527607362,0,0.0
NQ,2023-09-07,15200.5,15241.0,15157.5,15210.25,156697,60,2023-09-07T13:30:00+00:00,2023-09-07T14:29:00+00:00,15199.622388005728,15385.0,15395.75,15183.0,15200.5,143238,930,2023-09-06T22:00:00+00:00,2023-09-07T13:29:00+00:00,15211.0,15311.75,15186.75,15276.75,311738,330,2023-09-07T14:30:00+00:00,2023-09-07T19:59:00+00:00,148,319,0.46540880503144655,212.75,83.5,125.0,1.4970059880239521,0.526,0.526,False,False,True,False,broken,broken_down,False,True,False,True,False,False,False,0.773095623987034,6,0.01818181818181818
NQ,2023-09-08,15273.0,15390.75,15270.0,15375.5,124130,60,2023-09-08T13:30:00+00:00,2023-09-08T14:29:00+00:00,15347.604444936758,15286.25,15343.75,15223.0,15272.5,112676,930,2023-09-07T22:00:00+00:00,2023-09-08T13:29:00+00:00,15376.0,15387.25,15255.75,15295.25,286614,330,2023-09-08T14:30:00+00:00,2023-09-08T19:59:00+00:00,145,326,0.4461538461538462,120.75,120.75,131.5,1.0890269151138716,0.6140684410646388,-0.6140684410646388,False,True,False,False,broken,broken_up,False,False,True,True,False,False,False,0.29259259259259257,22,0.06666666666666667
NQ,2023-09-11,15618.75,15646.75,15537.25,15578.5,132637,60,2023-09-11T13:30:00+00:00,2023-09-11T14:29:00+00:00,15584.831437808956,15308.0,15634.0,15298.75,15618.5,79744,930,2023-09-10T22:00:00+00:00,2023-09-11T13:29:00+00:00,15578.75,15696.0,15540.25,15674.0,237406,330,2023-09-11T14:30:00+00:00,2023-09-11T19:59:00+00:00,178,327,0.5460122699386503,335.25,109.5,155.75,1.4223744292237444,0.6115569823434992,0.6115569823434992,False,True,False,False,broken,broken_up,False,True,False,True,True,False,True,0.8614173228346457,27,0.08181818181818182
NQ,2023-09-12,15600.5,15658.75,15580.25,15582.5,121605,60,2023-09-12T13:30:00+00:00,2023-09-12T14:29:00+00:00,15624.339737949369,15662.25,15680.0,15591.25,15600.5,83466,929,2023-09-11T22:00:00+00:00,2023-09-12T13:29:00+00:00,15582.5,15615.75,15483.75,15497.75,335836,330,2023-09-12T14:30:00+00:00,2023-09-12T19:59:00+00:00,158,319,0.4968553459119497,88.75,78.5,132.0,1.6815286624203822,0.6420454545454546,-0.6420454545454546,False,False,True,False,broken,broken_down,False,False,True,True,False,True,True,0.08,0,0.0
NQ,2023-09-13,15503.75,15561.5,15454.25,15523.0,166058,60,2023-09-13T13:30:00+00:00,2023-09-13T14:29:00+00:00,15517.709547768449,15500.75,15529.75,15406.0,15504.25,156050,930,2023-09-12T22:00:00+00:00,2023-09-13T13:29:00+00:00,15523.0,15619.75,15508.25,15554.5,353884,330,2023-09-13T14:30:00+00:00,2023-09-13T19:59:00+00:00,173,325,0.5339506172839507,123.75,107.25,111.5,1.0396270396270397,0.2825112107623318,0.2825112107623318,False,True,False,False,broken,broken_up,False,True,False,True,True,False,True,0.6057401812688822,6,0.01818181818181818
NQ,2023-09-14,15620.0,15638.75,15531.0,15580.5,144310,60,2023-09-14T13:30:00+00:00,2023-09-14T14:29:00+00:00,15580.875551474832,15569.0,15647.75,15563.25,15620.0,140238,930,2023-09-13T22:00:00+00:00,2023-09-14T13:29:00+00:00,15581.75,15714.5,15579.5,15672.5,314998,330,2023-09-14T14:30:00+00:00,2023-09-14T19:59:00+00:00,159,321,0.496875,84.5,107.75,135.0,1.2529002320185614,0.6722222222222223,0.6722222222222223,False,False,True,False,broken,broken_down,False,True,False,True,True,False,True,0.771117166212534,1,0.0030303030303030303
NQ,2023-09-15,15610.5,15627.5,15469.25,15496.5,162980,60,2023-09-15T13:30:00+00:00,2023-09-15T14:29:00+00:00,15531.480918926656,15677.0,15719.75,15592.25,15610.75,116355,930,2023-09-14T22:00:00+00:00,2023-09-15T13:29:00+00:00,15496.25,15506.75,15356.75,15390.75,383829,330,2023-09-15T14:30:00+00:00,2023-09-15T19:59:00+00:00,162,319,0.5094339622641509,127.5,158.25,150.0,0.9478672985781991,0.7033333333333334,-0.7033333333333334,False,False,True,False,broken,broken_down,False,False,True,True,False,True,True,0.12557710064635272,0,0.0
NQ,2023-09-18,15355.75,15439.5,15343.0,15404.5,137443,60,2023-09-18T13:30:00+00:00,2023-09-18T14:29:00+00:00,15404.916955271152,15382.25,15428.75,15330.5,15356.0,94008,929,2023-09-17T22:00:00+00:00,2023-09-18T13:29:00+00:00,15405.0,15461.0,15364.5,15413.25,258929,330,2023-09-18T14:30:00+00:00,2023-09-18T19:59:00+00:00,158,322,0.49221183800623053,98.25,96.5,96.5,1.0,0.08549222797927461,0.08549222797927461,False,True,False,False,broken,broken_up,False,True,False,True,True,False,True,0.5953389830508474,31,0.09393939393939393
NQ,2023-09-19,15355.0,15373.25,15273.0,15300.75,139015,60,2023-09-19T13:30:00+00:00,2023-09-19T14:29:00+00:00,15319.920816098982,15424.25,15442.25,15345.0,15355.25,86263,930,2023-09-18T22:00:00+00:00,2023-09-19T13:29:00+00:00,15300.5,15408.0,15248.5,15377.25,308858,330,2023-09-19T14:30:00+00:00,2023-09-19T19:59:00+00:00,162,316,0.5142857142857142,97.25,100.25,159.5,1.5910224438902743,0.48119122257053293,0.48119122257053293,False,False,True,False,broken,broken_down,False,True,True,True,False,True,True,0.8072100313479624,8,0.024242424242424242
NQ,2023-09-20,15419.25,15435.25,15361.0,15373.25,108328,60,2023-09-20T13:30:00+00:00,2023-09-20T14:29:00+00:00,15398.405493039658,15375.25,15436.25,15342.25,15419.25,79866,929,2023-09-19T22:00:00+00:00,2023-09-20T13:29:00+00:00,15373.5,15392.5,15147.5,15152.25,387384,330,2023-09-20T14:30:00+00:00,2023-09-20T19:59:00+00:00,171,321,0.534375,94.0,74.25,245.0,3.2996632996632997,0.9030612244897959,-0.9030612244897959,True,False,False,False,trapped,trapped,True,False,True,True,False,True,True,0.016507384882710686,0,0.0
NQ,2023-09-21,14988.0,15020.25,14919.0,14966.5,168499,60,2023-09-21T13:30:00+00:00,2023-09-21T14:29:00+00:00,14974.487906950979,15133.25,15149.0,14942.25,14988.25,163459,930,2023-09-20T22:00:00+00:00,2023-09-21T13:29:00+00:00,14966.75,15018.75,14859.25,14861.75,334507,330,2023-09-21T14:30:00+00:00,2023-09-21T19:59:00+00:00,170,324,0.5263157894736842,206.75,101.25,159.5,1.5753086419753086,0.658307210031348,-0.658307210031348,False,False,True,False,broken,broken_down,False,False,True,True,False,True,True,0.015527950310559006,23,0.0696969696969697
NQ,2023-09-22,14937.5,14964.0,14888.0,14952.0,120439,60,2023-09-22T13:30:00+00:00,2023-09-22T14:29:00+00:00,14928.415241325485,14854.5,14972.5,14836.25,14937.5,117215,930,2023-09-21T22:00:00+00:00,2023-09-22T13:29:00+00:00,14952.75,15027.5,14852.5,14866.75,363797,330,2023-09-22T14:30:00+00:00,2023-09-22T19:59:00+00:00,155,318,0.4889589905362776,136.25,76.0,175.0,2.3026315789473686,0.49142857142857144,-0.49142857142857144,True,False,False,False,trapped,trapped,False,True,True,True,True,False,True,0.08142857142857143,8,0.024242424242424242
NQ,2023-09-25,14824.5,14896.5,14782.5,14828.75,116240,60,2023-09-25T13:30:00+00:00,2023-09-25T14:29:00+00:00,14847.970498537508,14880.25,14946.0,14782.25,14825.5,127004,929,2023-09-24T22:00:00+00:00,2023-09-25T13:29:00+00:00,14828.25,14939.25,14817.0,14936.75,305183,330,2023-09-25T14:30:00+00:00,2023-09-25T19:59:00+00:00,163,324,0.5046439628482973,163.75,114.0,122.25,1.0723684210526316,0.8875255623721882,0.8875255623721882,True,False,False,False,trapped,trapped,True,True,False,True,False,False,False,0.9840510366826156,22,0.06666666666666667
NQ,2023-09-26,14825.0,14846.25,14724.5,14765.5,140007,60,2023-09-26T13:30:00+00:00,2023-09-26T14:29:00+00:00,14785.537254089675,14949.0,14949.0,14795.0,14824.75,130832,930,2023-09-25T22:00:00+00:00,2023-09-26T13:29:00+00:00,14765.5,14805.75,14666.25,14708.75,371834,330,2023-09-26T14:30:00+00:00,2023-09-26T19:59:00+00:00,175,322,0.5451713395638629,154.0,121.75,139.5,1.1457905544147844,0.4068100358422939,-0.4068100358422939,False,False,True,False,broken,broken_down,False,False,True,True,False,True,True,0.2361111111111111,3,0.00909090909090909
NQ,2023-09-27,14753.0,14806.0,14706.0,14762.25,122689,60,2023-09-27T13:30:00+00:00,2023-09-27T14:29:00+00:00,14756.402915094262,14725.25,14796.0,14713.5,14753.25,110185,930,2023-09-26T22:00:00+00:00,2023-09-27T13:29:00+00:00,14762.0,14821.5,14586.0,14743.75,455167,330,2023-09-27T14:30:00+00:00,2023-09-27T19:59:00+00:00,157,323,0.48757763975155277,82.5,100.0,235.5,2.355,0.07749469214437367,-0.07749469214437367,False,True,True,True,broken,broken_both,False,True,True,True,True,True,True,0.6698513800424628,13,0.03939393939393939
NQ,2023-09-28,14695.0,14773.25,14658.0,14725.75,128892,60,2023-09-28T13:30:00+00:00,2023-09-28T14:29:00+00:00,14716.765739275259,14772.5,14794.0,14677.75,14695.0,170330,930,2023-09-27T22:00:00+00:00,2023-09-28T13:29:00+00:00,14726.0,14947.5,14679.5,14858.5,411286,330,2023-09-28T14:30:00+00:00,2023-09-28T19:59:00+00:00,184,327,0.5644171779141104,116.25,115.25,268.0,2.3253796095444685,0.4944029850746269,0.4944029850746269,False,False,True,False,broken,broken_down,False,True,False,True,True,False,True,0.6925734024179621,3,0.00909090909090909
NQ,2023-09-29,15001.5,15060.75,14970.0,14981.0,135867,60,2023-09-29T13:30:00+00:00,2023-09-29T14:29:00+00:00,15010.861034442998,14876.5,15009.75,14825.5,15002.5,135530,930,2023-09-28T22:00:00+00:00,2023-09-29T13:29:00+00:00,14981.5,15026.0,14811.0,14868.25,443200,330,2023-09-29T14:30:00+00:00,2023-09-29T19:59:00+00:00,154,323,0.4782608695652174,184.25,90.75,215.0,2.369146005509642,0.5267441860465116,-0.5267441860465116,False,True,False,False,broken,broken_up,False,False,True,True,False,True,True,0.22922922922922923,11,0.03333333333333333
NQ,2023-10-02,14873.75,14992.25,14847.75,14932.5,154001,60,2023-10-02T13:30:00+00:00,2023-10-02T14:29:00+00:00,14937.523224416293,14965.0,15010.5,14826.0,14874.0,151236,930,2023-10-01T22:00:00+00:00,2023-10-02T13:29:00+00:00,14932.0,15046.0,14864.25,14988.0,433676,330,2023-10-02T14:30:00+00:00,2023-10-02T19:59:00+00:00,166,328,0.5076452599388379,184.5,144.5,181.75,1.2577854671280277,0.3081155433287483,0.3081155433287483,True,False,False,False,trapped,trapped,False,True,False,True,True,False,True,0.7074401008827238,40,0.12121212121212122
NQ,2023-10-03,14880.25,14974.75,14770.75,14776.25,186630,60,2023-10-03T13:30:00+00:00,2023-10-03T14:29:00+00:00,14868.719254675025,14989.5,15031.0,14847.25,14880.0,163238,930,2023-10-02T22:00:00+00:00,2023-10-03T13:29:00+00:00,14777.0,14811.0,14651.5,14719.5,386429,330,2023-10-03T14:30:00+00:00,2023-10-03T19:59:00+00:00,175,320,0.54858934169279,183.75,204.0,159.5,0.7818627450980392,0.3605015673981191,-0.3605015673981191,False,False,True,False,broken,broken_down,False,False,True,True,False,True,True,0.21036349574632637,0,0.0
NQ,2023-10-04,14753.0,14834.5,14734.5,14738.5,155310,60,2023-10-04T13:30:00+00:00,2023-10-04T14:29:00+00:00,14785.161206082457,14713.75,14799.75,14589.0,14753.25,210799,930,2023-10-03T22:00:00+00:00,2023-10-04T13:29:00+00:00,14739.0,14956.0,14739.0,14919.75,412416,330,2023-10-04T14:30:00+00:00,2023-10-04T19:59:00+00:00,157,320,0.49216300940438873,210.75,100.0,217.0,2.17,0.8329493087557603,0.8329493087557603,False,True,False,False,broken,broken_up,False,True,False,True,True,False,True,0.8363431151241535,14,0.04242424242424243
NQ,2023-10-05,14909.0,14926.5,14763.5,14800.0,136144,60,2023-10-05T13:30:00+00:00,2023-10-05T14:29:00+00:00,14831.001401090023,14903.0,14958.75,14850.75,14909.75,156486,930,2023-10-04T22:00:00+00:00,2023-10-05T13:29:00+00:00,14800.25,14907.0,14716.25,14866.0,363215,330,2023-10-05T14:30:00+00:00,2023-10-05T19:59:00+00:00,173,324,0.5356037151702786,108.0,163.0,190.75,1.1702453987730062,0.34469200524246396,0.34469200524246396,False,False,True,False,broken,broken_down,False,False,True,True,False,True,True,0.7122473246135553,3,0.00909090909090909
NQ,2023-10-06,14736.75,14844.75,14702.25,14840.5,172019,60,2023-10-06T13:30:00+00:00,2023-10-06T14:29:00+00:00,14764.069864375448,14853.75,14922.0,14660.0,14736.5,196554,930,2023-10-05T22:00:00+00:00,2023-10-06T13:29:00+00:00,14841.25,15160.25,14841.25,15113.25,441468,330,2023-10-06T14:30:00+00:00,2023-10-06T19:59:00+00:00,174,321,0.54375,262.0,142.5,319.0,2.23859649122807,0.8526645768025078,0.8526645768025078,True,False,False,False,trapped,trapped,False,True,False,True,True,False,True,0.8973799126637555,0,0.0
NQ,2023-10-09,15012.25,15066.75,14949.5,15033.5,132988,60,2023-10-09T13:30:00+00:00,2023-10-09T14:29:00+00:00,15015.682987061491,15040.25,15040.5,14971.75,15012.5,152980,930,2023-10-08T22:00:00+00:00,2023-10-09T13:29:00+00:00,15033.5,15212.75,14965.0,15190.75,313083,330,2023-10-09T14:30:00+00:00,2023-10-09T19:59:00+00:00,166,325,0.5123456790123457,68.75,117.25,247.75,2.113006396588486,0.6347124117053481,0.6347124117053481,False,True,True,True,broken,broken_both,False,True,False,True,True,False,True,0.9164292497625831,7,0.021212121212121213
NQ,2023-10-10,15201.0,15295.0,15180.0,15289.5,121168,60,2023-10-10T13:30:00+00:00,2023-10-10T14:29:00+00:00,15234.673641142874,15196.5,15239.25,15171.75,15200.5,126585,930,2023-10-09T22:00:00+00:00,2023-10-10T13:29:00+00:00,15290.0,15383.5,15255.25,15270.25,378442,330,2023-10-10T14:30:00+00:00,2023-10-10T19:59:00+00:00,177,324,0.5479876160990712,67.5,115.0,128.25,1.1152173913043477,0.1539961013645224,-0.1539961013645224,False,True,False,False,broken,broken_up,False,True,False,True,True,False,True,0.44348894348894347,0,0.0
NQ,2023-10-11,15325.25,15387.25,15300.75,15317.25,117293,60,2023-10-11T13:30:00+00:00,2023-10-11T14:29:00+00:00,15340.603510013385,15282.25,15345.75,15273.25,15325.0,135055,930,2023-10-10T22:00:00+00:00,2023-10-11T13:29:00+00:00,15317.25,15385.5,15253.0,15377.0,336677,330,2023-10-11T14:30:00+00:00,2023-10-11T19:59:00+00:00,170,324,0.5263157894736842,72.5,86.5,132.5,1.5317919075144508,0.4509433962264151,0.4509433962264151,False,True,False,False,broken,broken_up,False,False,True,True,False,True,True,0.9236499068901304,15,0.045454545454545456
NQ,2023-10-12,15392.75,15461.0,15366.0,15418.25,136707,60,2023-10-12T13:30:00+00:00,2023-10-12T14:29:00+00:00,15405.984911160363,15407.5,15448.0,15361.5,15393.25,137745,930,2023-10-11T22:00:00+00:00,2023-10-12T13:29:00+00:00,15418.5,15468.75,15216.25,15315.25,451438,330,2023-10-12T14:30:00+00:00,2023-10-12T19:59:00+00:00,172,325,0.5308641975308642,86.5,95.0,252.5,2.6578947368421053,0.4089108910891089,-0.4089108910891089,False,True,False,False,broken,broken_up,False,True,True,True,True,True,True,0.3920792079207921,5,0.015151515151515152
NQ,2023-10-13,15342.25,15366.75,15266.25,15277.75,133894,60,2023-10-13T13:30:00+00:00,2023-10-13T14:29:00+00:00,15318.347447109903,15324.0,15348.75,15217.25,15342.75,140339,930,2023-10-12T22:00:00+00:00,2023-10-13T13:29:00+00:00,15277.75,15296.5,15062.25,15121.5,478218,330,2023-10-13T14:30:00+00:00,2023-10-13T19:59:00+00:00,194,328,0.5932721712538226,131.5,100.5,234.25,2.3308457711442787,0.6670224119530416,-0.6670224119530416,False,True,False,False,broken,broken_up,False,False,True,True,False,True,True,0.19458128078817735,0,0.0
NQ,2023-10-16,15175.75,15300.5,15168.75,15298.25,145590,60,2023-10-16T13:30:00+00:00,2023-10-16T14:29:00+00:00,15231.092820592074,15120.0,15187.5,15083.0,15175.75,128855,930,2023-10-15T22:00:00+00:00,2023-10-16T13:29:00+00:00,15298.0,15336.75,15212.0,15293.5,347257,330,2023-10-16T14:30:00+00:00,2023-10-16T19:59:00+00:00,163,318,0.5141955835962145,104.5,131.75,124.75,0.9468690702087287,0.036072144288577156,-0.036072144288577156,False,True,False,False,broken,broken_up,False,True,False,True,True,False,True,0.7425595238095238,2,0.006060606060606061
NQ,2023-10-17,15138.5,15204.25,15050.25,15183.75,189337,60,2023-10-17T13:30:00+00:00,2023-10-17T14:29:00+00:00,15121.80555834306,15305.75,15306.5,15136.5,15139.0,140305,930,2023-10-16T22:00:00+00:00,2023-10-17T13:29:00+00:00,15183.25,15309.25,15178.25,15241.0,431292,330,2023-10-17T14:30:00+00:00,2023-10-17T19:59:00+00:00,187,324,0.5789473684210527,170.0,154.0,131.0,0.8506493506493507,0.44083969465648853,0.44083969465648853,False,False,True,False,broken,broken_down,False,True,False,True,True,False,True,0.7364864864864865,0,0.0
NQ,2023-10-18,15130.75,15223.75,15121.75,15157.5,166964,60,2023-10-18T13:30:00+00:00,2023-10-18T14:29:00+00:00,15163.424164290904,15236.5,15238.25,15124.0,15130.25,133921,930,2023-10-17T22:00:00+00:00,2023-10-18T13:29:00+00:00,15157.25,15177.25,14979.25,15023.5,520928,330,2023-10-18T14:30:00+00:00,2023-10-18T19:59:00+00:00,157,325,0.4845679012345679,114.25,102.0,198.0,1.9411764705882353,0.6755050505050505,-0.6755050505050505,False,False,True,False,broken,broken_down,False,False,True,True,False,True,True,0.18098159509202455,9,0.02727272727272727
NQ,2023-10-19,15087.5,15109.0,15003.0,15003.5,154938,60,2023-10-19T13:30:00+00:00,2023-10-19T14:29:00+00:00,15060.349358560628,15045.0,15107.0,14937.0,15087.5,168282,930,2023-10-18T22:00:00+00:00,2023-10-19T13:29:00+00:00,15003.75,15138.25,14852.25,14885.75,664962,330,2023-10-19T14:30:00+00:00,2023-10-19T19:59:00+00:00,175,326,0.5384615384615384,170.0,106.0,286.0,2.69811320754717,0.4125874125874126,-0.4125874125874126,False,True,False,False,broken,broken_up,False,True,True,True,True,True,True,0.11713286713286714,28,0.08484848484848485
NQ,2023-10-20,14862.5,14886.0,14760.25,14765.75,170956,60,2023-10-20T13:30:00+00:00,2023-10-20T14:29:00+00:00,14832.058625221309,14850.0,14887.5,14796.0,14862.75,145552,930,2023-10-19T22:00:00+00:00,2023-10-20T13:29:00+00:00,14765.25,14803.25,14651.75,14661.25,496605,330,2023-10-20T14:30:00+00:00,2023-10-20T19:59:00+00:00,158,323,0.4906832298136646,91.5,125.75,151.5,1.2047713717693838,0.6864686468646864,-0.6864686468646864,False,False,True,False,broken,broken_down,False,False,True,True,False,True,True,0.04055496264674493,0,0.0
NQ,2023-10-23,14602.5,14687.75,14514.25,14666.5,169086,60,2023-10-23T13:30:00+00:00,2023-10-23T14:29:00+00:00,14608.336255909224,14680.0,14716.0,14520.5,14602.0,161629,930,2023-10-22T22:00:00+00:00,2023-10-23T13:29:00+00:00,14666.25,14853.75,14634.25,14706.25,411124,330,2023-10-23T14:30:00+00:00,2023-10-23T19:59:00+00:00,154,328,0.4709480122324159,195.5,173.5,219.5,1.2651296829971181,0.18223234624145787,0.18223234624145787,False,False,True,False,broken,broken_down,False,True,False,True,True,False,True,0.5655375552282769,0,0.0
NQ,2023-10-24,14778.25,14849.5,14758.5,14847.75,157911,60,2023-10-24T13:30:00+00:00,2023-10-24T14:29:00+00:00,14804.161903962782,14744.0,14825.0,14720.0,14778.0,123121,930,2023-10-23T22:00:00+00:00,2023-10-24T13:29:00+00:00,14847.75,14878.0,14706.0,14846.25,376695,330,2023-10-24T14:30:00+00:00,2023-10-24T19:59:00+00:00,175,317,0.5537974683544303,105.0,91.0,172.0,1.89010989010989,0.00872093023255814,-0.00872093023255814,False,True,False,False,broken,broken_up,False,True,True,True,True,True,True,0.815406976744186,27,0.08181818181818182
NQ,2023-10-25,14741.5,14749.25,14596.75,14611.75,169790,60,2023-10-25T13:30:00+00:00,2023-10-25T14:29:00+00:00,14642.987347115066,14828.0,14855.0,14713.0,14741.5,132893,930,2023-10-24T22:00:00+00:00,2023-10-25T13:29:00+00:00,14612.0,14684.75,14451.25,14476.25,465021,330,2023-10-25T14:30:00+00:00,2023-10-25T19:59:00+00:00,162,326,0.49846153846153846,142.0,152.5,233.5,1.5311475409836066,0.5813704496788008,-0.5813704496788008,False,False,True,False,broken,broken_down,False,False,True,True,False,True,True,0.08389261744966443,21,0.06363636363636363
NQ,2023-10-26,14420.75,14459.0,14269.75,14317.5,191466,60,2023-10-26T13:30:00+00:00,2023-10-26T14:29:00+00:00,14358.479270906235,14425.0,14430.75,14257.0,14421.5,212070,930,2023-10-25T22:00:00+00:00,2023-10-26T13:29:00+00:00,14318.0,14385.0,14140.25,14194.5,536634,330,2023-10-26T14:30:00+00:00,2023-10-26T19:59:00+00:00,160,320,0.5015673981191222,173.75,189.25,244.75,1.2932628797886394,0.5045965270684372,-0.5045965270684372,False,True,False,False,broken,broken_up,False,False,True,True,False,True,True,0.17019607843137255,3,0.00909090909090909
NQ,2023-10-27,14307.0,14369.5,14291.0,14324.0,171509,60,2023-10-27T13:30:00+00:00,2023-10-27T14:29:00+00:00,14325.307848762064,14248.25,14343.5,14246.5,14306.25,144699,930,2023-10-26T22:00:00+00:00,2023-10-27T13:29:00+00:00,14325.0,14407.75,14209.75,14266.0,441575,330,2023-10-27T14:30:00+00:00,2023-10-27T19:59:00+00:00,170,325,0.5246913580246914,97.0,78.5,198.0,2.522292993630573,0.29797979797979796,-0.29797979797979796,False,True,False,False,broken,broken_up,False,True,True,True,True,True,True,0.2840909090909091,22,0.06666666666666667
NQ,2023-10-30,14365.75,14476.5,14330.75,14341.5,166099,60,2023-10-30T13:30:00+00:00,2023-10-30T14:29:00+00:00,14408.393546920812,14336.0,14391.75,14303.0,14365.25,96715,930,2023-10-29T22:00:00+00:00,2023-10-30T13:29:00+00:00,14341.75,14472.0,14306.25,14418.75,421322,330,2023-10-30T14:30:00+00:00,2023-10-30T19:59:00+00:00,154,317,0.4873417721518987,88.75,145.75,165.75,1.137221269296741,0.4645550527903469,0.4645550527903469,False,True,False,False,broken,broken_up,False,False,True,True,False,False,False,0.6607929515418502,20,0.06060606060606061
NQ,2023-10-31,14419.25,14428.75,14311.25,14396.75,150541,60,2023-10-31T13:30:00+00:00,2023-10-31T14:29:00+00:00,14365.238354224657,14410.5,14454.0,14320.25,14419.5,136149,930,2023-10-30T22:00:00+00:00,2023-10-31T13:29:00+00:00,14396.75,14503.75,14344.0,14489.5,401406,330,2023-10-31T14:30:00+00:00,2023-10-31T19:59:00+00:00,168,321,0.525,133.75,117.5,159.75,1.3595744680851063,0.5805946791862285,0.5805946791862285,False,False,True,False,broken,broken_down,False,True,False,True,True,False,True,0.925974025974026,2,0.006060606060606061
NQ,2023-11-01,14520.25,14638.5,14515.25,14631.0,158379,60,2023-11-01T13:30:00+00:00,2023-11-01T14:29:00+00:00,14567.351700141222,14460.0,14534.5,14410.75,14520.0,118279,930,2023-10-31T22:00:00+00:00,2023-11-01T13:29:00+00:00,14631.0,14762.0,14558.0,14742.75,440222,330,2023-11-01T14:30:00+00:00,2023-11-01T19:59:00+00:00,164,324,0.5077399380804953,123.75,123.25,204.0,1.6551724137931034,0.5477941176470589,0.5477941176470589,False,True,False,False,broken,broken_up,False,True,False,True,True,False,True,0.9219858156028369,7,0.021212121212121213
NQ,2023-11-02,14920.5,14952.5,14869.5,14928.25,145328,60,2023-11-02T13:30:00+00:00,2023-11-02T14:29:00+00:00,14914.184556084625,14761.25,14953.5,14760.0,14920.75,147530,930,2023-11-01T22:00:00+00:00,2023-11-02T13:29:00+00:00,14928.25,15008.5,14911.5,14999.5,313865,330,2023-11-02T14:30:00+00:00,2023-11-02T19:59:00+00:00,185,314,0.5910543130990416,193.5,83.0,97.0,1.1686746987951808,0.7345360824742269,0.7345360824742269,True,False,False,False,trapped,trapped,True,True,False,True,True,False,True,0.935251798561151,4,0.012121212121212121
NQ,2023-11-03,15051.0,15163.25,15040.5,15074.75,150792,60,2023-11-03T13:30:00+00:00,2023-11-03T14:29:00+00:00,15096.008138694364,14928.0,15065.5,14925.5,15051.0,136279,930,2023-11-02T22:00:00+00:00,2023-11-03T13:29:00+00:00,15075.25,15228.5,15062.75,15174.5,325280,330,2023-11-03T14:30:00+00:00,2023-11-03T19:59:00+00:00,183,323,0.5683229813664596,140.0,122.75,165.75,1.35030549898167,0.5987933634992458,0.5987933634992458,False,True,False,False,broken,broken_up,False,True,False,True,True,False,True,0.7127659574468085,12,0.03636363636363636
NQ,2023-11-06,15204.0,15257.5,15185.0,15212.75,121926,60,2023-11-06T14:30:00+00:00,2023-11-06T15:29:00+00:00,15216.969875170184,15187.0,15225.25,15162.75,15204.0,90358,930,2023-11-05T23:00:00+00:00,2023-11-06T14:29:00+00:00,15212.5,15246.0,15138.0,15233.75,266087,330,2023-11-06T15:30:00+00:00,2023-11-06T20:59:00+00:00,158,320,0.4952978056426332,62.5,72.5,108.0,1.4896551724137932,0.19675925925925927,0.19675925925925927,False,True,False,False,broken,broken_up,False,False,True,True,False,True,True,0.801255230125523,20,0.06060606060606061
NQ,2023-11-07,15275.75,15344.25,15224.0,15338.25,135976,60,2023-11-07T14:30:00+00:00,2023-11-07T15:29:00+00:00,15280.596465552744,15215.0,15284.5,15176.0,15276.0,113063,930,2023-11-06T23:00:00+00:00,2023-11-07T14:29:00+00:00,15338.0,15412.25,15329.25,15375.25,311101,330,2023-11-07T15:30:00+00:00,2023-11-07T20:59:00+00:00,166,323,0.515527950310559,108.5,120.25,83.0,0.6902286902286903,0.44879518072289154,0.44879518072289154,False,True,False,False,broken,broken_up,False,True,False,True,True,False,True,0.8034528552456839,0,0.0
NQ,2023-11-08,15388.5,15417.5,15339.75,15350.25,123487,60,2023-11-08T14:30:00+00:00,2023-11-08T15:29:00+00:00,15382.130562326398,15373.0,15390.0,15336.25,15388.75,97148,930,2023-11-07T23:00:00+00:00,2023-11-08T14:29:00+00:00,15350.25,15394.5,15286.75,15383.75,309859,330,2023-11-08T15:30:00+00:00,2023-11-08T20:59:00+00:00,178,319,0.559748427672956,53.75,77.75,107.75,1.3858520900321543,0.3109048723897912,0.3109048723897912,False,True,False,False,broken,broken_up,False,False,True,True,False,True,True,0.7418738049713193,15,0.045454545454545456
NQ,2023-11-09,15404.5,15432.75,15352.5,15363.0,131250,60,2023-11-09T14:30:00+00:00,2023-11-09T15:29:00+00:00,15385.611039999998,15356.25,15411.0,15345.25,15404.5,106633,930,2023-11-08T23:00:00+00:00,2023-11-09T14:29:00+00:00,15363.0,15453.75,15236.75,15258.75,447987,330,2023-11-09T15:30:00+00:00,2023-11-09T20:59:00+00:00,167,323,0.5186335403726708,65.75,80.25,217.0,2.70404984423676,0.4804147465437788,-0.4804147465437788,False,True,False,False,broken,broken_up,False,True,True,True,True,True,True,0.10138248847926268,13,0.03939393939393939
NQ,2023-11-10,15327.75,15390.75,15305.5,15334.25,139468,60,2023-11-10T14:30:00+00:00,2023-11-10T15:29:00+00:00,15351.062242473781,15254.75,15331.0,15207.25,15327.75,132661,930,2023-11-09T23:00:00+00:00,2023-11-10T14:29:00+00:00,15334.0,15604.5,15322.75,15597.25,367593,330,2023-11-10T15:30:00+00:00,2023-11-10T20:59:00+00:00,178,322,0.5545171339563862,123.75,85.25,281.75,3.304985337243402,0.9343389529724934,0.9343389529724934,False,True,False,False,broken,broken_up,False,True,False,True,True,False,True,0.975752508361204,4,0.012121212121212121
NQ,2023-11-13,15529.75,15539.0,15465.25,15521.75,129326,60,2023-11-13T14:30:00+00:00,2023-11-13T15:29:00+00:00,15501.87007897355,15586.25,15601.25,15509.5,15529.75,112326,930,2023-11-12T23:00:00+00:00,2023-11-13T14:29:00+00:00,15522.0,15589.5,15515.5,15547.75,276702,330,2023-11-13T15:30:00+00:00,2023-11-13T20:59:00+00:00,168,320,0.5266457680250783,91.75,73.75,74.0,1.0033898305084745,0.34797297297297297,0.34797297297297297,False,False,True,False,broken,broken_down,False,True,False,True,False,False,False,0.6639839034205232,0,0.0
NQ,2023-11-14,15812.0,15887.5,15790.25,15883.25,154746,60,2023-11-14T14:30:00+00:00,2023-11-14T15:29:00+00:00,15844.927645410331,15558.0,15839.75,15552.0,15812.25,173134,930,2023-11-13T23:00:00+00:00,2023-11-14T14:29:00+00:00,15883.25,15918.75,15822.0,15878.75,303146,330,2023-11-14T15:30:00+00:00,2023-11-14T20:59:00+00:00,174,321,0.54375,287.75,97.25,96.75,0.9948586118251928,0.046511627906976744,-0.046511627906976744,False,True,False,False,broken,broken_up,False,True,False,True,True,False,True,0.688715953307393,37,0.11212121212121212
NQ,2023-11-15,15957.25,15973.5,15906.0,15937.75,127604,60,2023-11-15T14:30:00+00:00,2023-11-15T15:29:00+00:00,15937.657484613857,15895.0,16049.5,15895.0,15957.5,153038,930,2023-11-14T23:00:00+00:00,2023-11-15T14:29:00+00:00,15937.75,15977.25,15832.5,15890.5,373778,330,2023-11-15T15:30:00+00:00,2023-11-15T20:59:00+00:00,161,324,0.4984520123839009,154.5,67.5,144.75,2.1444444444444444,0.32642487046632124,-0.32642487046632124,True,False,False,False,trapped,trapped,False,True,True,True,False,True,True,0.4006908462867012,9,0.02727272727272727
NQ,2023-11-16,15850.75,15905.75,15825.25,15875.25,131306,60,2023-11-16T14:30:00+00:00,2023-11-16T15:29:00+00:00,15866.729959027005,15846.75,15883.25,15822.0,15851.0,131328,930,2023-11-15T23:00:00+00:00,2023-11-16T14:29:00+00:00,15875.5,15906.75,15796.75,15897.25,350745,330,2023-11-16T15:30:00+00:00,2023-11-16T20:59:00+00:00,169,320,0.5297805642633229,61.25,80.5,110.0,1.3664596273291925,0.19772727272727272,0.19772727272727272,False,True,False,False,broken,broken_up,False,True,True,True,True,True,True,0.9136363636363637,41,0.12424242424242424
NQ,2023-11-17,15862.75,15880.75,15827.0,15870.25,121272,60,2023-11-17T14:30:00+00:00,2023-11-17T15:29:00+00:00,15857.455676770673,15897.75,15919.75,15860.0,15862.75,112913,930,2023-11-16T23:00:00+00:00,2023-11-17T14:29:00+00:00,15870.0,15940.0,15825.0,15897.5,308896,330,2023-11-17T15:30:00+00:00,2023-11-17T20:59:00+00:00,170,326,0.5230769230769231,59.75,53.75,115.0,2.13953488372093,0.2391304347826087,0.2391304347826087,False,False,True,False,broken,broken_down,False,True,True,True,True,True,True,0.6304347826086957,35,0.10606060606060606
NQ,2023-11-20,15895.0,16002.25,15894.75,15960.5,133714,60,2023-11-20T14:30:00+00:00,2023-11-20T15:29:00+00:00,15968.086994131754,15895.0,15932.0,15837.25,15895.25,114573,930,2023-11-19T23:00:00+00:00,2023-11-20T14:29:00+00:00,15960.5,16116.75,15942.25,16088.5,292742,330,2023-11-20T15:30:00+00:00,2023-11-20T20:59:00+00:00,173,319,0.5440251572327044,94.75,107.5,174.5,1.6232558139534883,0.7335243553008596,0.7335243553008596,False,True,False,False,broken,broken_up,False,True,False,True,True,False,True,0.8727477477477478,7,0.021212121212121213
NQ,2023-11-21,16013.0,16020.75,15922.0,15927.25,127028,60,2023-11-21T14:30:00+00:00,2023-11-21T15:29:00+00:00,15986.38988648172,16087.5,16122.5,16000.25,16013.75,118985,930,2023-11-20T23:00:00+00:00,2023-11-21T14:29:00+00:00,15927.0,16001.25,15916.75,15988.5,295270,330,2023-11-21T15:30:00+00:00,2023-11-21T20:59:00+00:00,162,320,0.5078369905956113,122.25,98.75,84.5,0.8556962025316456,0.727810650887574,0.727810650887574,False,False,True,False,broken,broken_down,False,False,True,True,False,True,True,0.6899038461538461,27,0.08181818181818182
NQ,2023-11-22,16069.75,16173.5,16005.5,16061.5,188502,60,2023-11-22T14:30:00+00:00,2023-11-22T15:29:00+00:00,16085.045188291546,15967.25,16079.25,15942.75,16070.25,129916,930,2023-11-21T23:00:00+00:00,2023-11-22T14:29:00+00:00,16061.5,16104.5,16012.25,16048.0,289539,330,2023-11-22T15:30:00+00:00,2023-11-22T20:59:00+00:00,174,321,0.54375,136.5,168.0,92.25,0.5491071428571429,0.14634146341463414,-0.14634146341463414,False,True,False,False,broken,broken_up,False,False,False,False,False,False,False,0.25297619047619047,46,0.1393939393939394
NQ,2023-11-23,16063.0,16069.25,16051.5,16058.0,11135,60,2023-11-23T14:30:00+00:00,2023-11-23T15:29:00+00:00,16059.472825924264,16036.75,16086.5,16034.5,16063.25,45915,929,2023-11-22T23:00:00+00:00,2023-11-23T14:29:00+00:00,16058.5,16074.75,16057.25,16062.5,12734,150,2023-11-23T15:30:00+00:00,2023-11-23T17:59:00+00:00,58,132,0.44274809160305345,52.0,17.75,17.5,0.9859154929577465,0.22857142857142856,0.22857142857142856,True,False,False,False,trapped,trapped,False,True,False,True,False,False,False,0.4731182795698925,6,0.04
NQ,2023-11-24,16028.5,16053.5,15990.5,15995.5,73005,60,2023-11-24T14:30:00+00:00,2023-11-24T15:29:00+00:00,16019.427160240166,16062.5,16077.0,16024.5,16028.25,74178,930,2023-11-23T23:00:00+00:00,2023-11-24T14:29:00+00:00,15996.0,16025.25,15981.75,16011.0,76965,165,2023-11-24T15:30:00+00:00,2023-11-24T18:14:00+00:00,79,157,0.5064102564102564,52.5,63.0,43.5,0.6904761904761905,0.3448275862068966,0.3448275862068966,False,False,True,False,broken,broken_down,False,False,True,True,False,True,True,0.4076655052264808,31,0.18787878787878787
NQ,2023-11-27,15999.0,16050.25,15970.25,16015.25,114807,60,2023-11-27T14:30:00+00:00,2023-11-27T15:29:00+00:00,16009.857882504259,16008.0,16021.75,15938.75,15998.75,100270,930,2023-11-26T23:00:00+00:00,2023-11-27T14:29:00+00:00,16015.0,16089.25,15997.75,16007.5,271928,330,2023-11-27T15:30:00+00:00,2023-11-27T20:59:00+00:00,158,320,0.4952978056426332,83.0,80.0,91.5,1.14375,0.08196721311475409,-0.08196721311475409,False,True,False,False,broken,broken_up,False,True,False,True,True,False,True,0.3130252100840336,18,0.05454545454545454
NQ,2023-11-28,15974.5,16007.5,15958.5,15984.75,111507,60,2023-11-28T14:30:00+00:00,2023-11-28T15:29:00+00:00,15983.517241070067,16005.25,16014.0,15945.25,15974.5,106131,930,2023-11-27T23:00:00+00:00,2023-11-28T14:29:00+00:00,15985.0,16071.5,15968.25,16048.0,360165,330,2023-11-28T15:30:00+00:00,2023-11-28T20:59:00+00:00,158,321,0.49375,68.75,49.0,103.25,2.107142857142857,0.6101694915254238,0.6101694915254238,True,False,False,False,trapped,trapped,False,True,False,True,True,False,True,0.7920353982300885,15,0.045454545454545456
NQ,2023-11-29,16147.25,16208.5,16085.0,16108.5,160516,60,2023-11-29T14:30:00+00:00,2023-11-29T15:29:00+00:00,16153.672835833602,16055.5,16173.25,16040.5,16147.25,132270,930,2023-11-28T23:00:00+00:00,2023-11-29T14:29:00+00:00,16108.75,16132.75,16013.5,16026.0,319727,330,2023-11-29T15:30:00+00:00,2023-11-29T20:59:00+00:00,176,324,0.544891640866873,132.75,123.5,119.25,0.9655870445344129,0.6939203354297694,-0.6939203354297694,False,True,False,False,broken,broken_up,False,False,True,True,False,True,True,0.0641025641025641,0,0.0
NQ,2023-11-30,16032.5,16051.5,15918.75,15948.75,173584,60,2023-11-30T14:30:00+00:00,2023-11-30T15:29:00+00:00,15978.81380532384,16040.25,16098.5,16027.25,16033.0,120870,930,2023-11-29T23:00:00+00:00,2023-11-30T14:29:00+00:00,15949.25,15991.25,15856.0,15981.0,359432,330,2023-11-30T15:30:00+00:00,2023-11-30T20:59:00+00:00,151,321,0.471875,71.25,132.75,135.25,1.0188323917137476,0.23475046210720887,0.23475046210720887,False,False,True,False,broken,broken_down,False,False,True,True,False,True,True,0.639386189258312,4,0.012121212121212121
NQ,2023-12-01,15933.5,15963.5,15873.5,15881.25,141414,60,2023-12-01T14:30:00+00:00,2023-12-01T15:29:00+00:00,15916.526684651686,15955.0,16000.75,15919.25,15933.25,100994,930,2023-11-30T23:00:00+00:00,2023-12-01T14:29:00+00:00,15880.75,16050.0,15864.0,16025.0,357712,330,2023-12-01T15:30:00+00:00,2023-12-01T20:59:00+00:00,167,325,0.5154320987654321,81.5,90.0,186.0,2.066666666666667,0.7755376344086021,0.7755376344086021,False,False,True,False,broken,broken_down,False,True,True,True,True,True,True,0.8655913978494624,8,0.024242424242424242
NQ,2023-12-04,15862.5,15876.5,15746.75,15752.75,164963,60,2023-12-04T14:30:00+00:00,2023-12-04T15:29:00+00:00,15830.917534538048,16022.0,16026.0,15848.5,15862.25,130233,930,2023-12-03T23:00:00+00:00,2023-12-04T14:29:00+00:00,15752.75,15885.75,15721.25,15871.25,396981,330,2023-12-04T15:30:00+00:00,2023-12-04T20:59:00+00:00,166,322,0.5171339563862928,177.5,129.75,164.5,1.2678227360308285,0.7203647416413373,0.7203647416413373,False,False,True,False,broken,broken_down,False,True,True,True,False,True,True,0.9118541033434651,60,0.18181818181818182
NQ,2023-12-05,15791.25,15936.75,15783.25,15891.5,172083,60,2023-12-05T14:30:00+00:00,2023-12-05T15:29:00+00:00,15867.021374859805,15863.25,15863.25,15761.25,15791.5,119825,930,2023-12-04T23:00:00+00:00,2023-12-05T14:29:00+00:00,15891.5,15961.0,15827.5,15912.0,368157,330,2023-12-05T15:30:00+00:00,2023-12-05T20:59:00+00:00,162,323,0.5031055900621118,102.0,153.5,133.5,0.8697068403908795,0.15355805243445692,0.15355805243445692,False,True,False,False,broken,broken_up,False,True,False,True,True,False,True,0.7243319268635724,54,0.16363636363636364
NQ,2023-12-06,16033.5,16037.75,15875.75,15897.0,163442,60,2023-12-06T14:30:00+00:00,2023-12-06T15:29:00+00:00,15948.349412941594,15897.0,16037.0,15891.0,16034.25,138126,930,2023-12-05T23:00:00+00:00,2023-12-06T14:29:00+00:00,15897.0,15949.75,15802.0,15815.0,347060,330,2023-12-06T15:30:00+00:00,2023-12-06T20:59:00+00:00,172,326,0.5292307692307693,146.0,162.0,147.75,0.9120370370370371,0.5549915397631133,-0.5549915397631133,False,True,True,True,broken,broken_both,False,False,True,True,False,True,True,0.05514316012725345,2,0.006060606060606061
NQ,2023-12-07,15934.25,15997.0,15887.5,15992.5,164554,60,2023-12-07T14:30:00+00:00,2023-12-07T15:29:00+00:00,15942.935173762613,15814.5,15940.0,15791.0,15934.5,122882,930,2023-12-06T23:00:00+00:00,2023-12-07T14:29:00+00:00,15992.5,16066.0,15930.75,16035.25,309166,330,2023-12-07T15:30:00+00:00,2023-12-07T20:59:00+00:00,168,320,0.5266457680250783,149.0,109.5,135.25,1.235159817351598,0.31608133086876156,0.31608133086876156,False,True,False,False,broken,broken_up,False,True,False,True,True,False,True,0.8277310924369747,6,0.01818181818181818
NQ,2023-12-08,15956.0,16113.5,15947.25,16097.75,130315,60,2023-12-08T14:30:00+00:00,2023-12-08T15:29:00+00:00,16028.376783818696,16017.5,16038.75,15888.25,15956.25,121060,930,2023-12-07T23:00:00+00:00,2023-12-08T14:29:00+00:00,16098.0,16118.75,15989.5,16098.75,264237,330,2023-12-08T15:30:00+00:00,2023-12-08T20:59:00+00:00,172,317,0.5443037974683544,150.5,166.25,129.25,0.7774436090225564,0.005802707930367505,0.005802707930367505,False,True,False,False,broken,broken_up,False,True,False,True,True,False,True,0.8833819241982507,28,0.08484848484848485
NQ,2023-12-11,16290.25,16387.5,16281.5,16359.5,101328,60,2023-12-11T14:30:00+00:00,2023-12-11T15:29:00+00:00,16343.025878829148,16093.0,16319.5,16082.25,16290.0,68993,928,2023-12-10T23:00:00+00:00,2023-12-11T14:29:00+00:00,16360.0,16459.5,16334.0,16447.75,216137,330,2023-12-11T15:30:00+00:00,2023-12-11T20:59:00+00:00,168,321,0.525,237.25,106.0,125.5,1.1839622641509433,0.6992031872509961,0.6992031872509961,False,True,False,False,broken,broken_up,False,True,False,True,True,False,True,0.9339887640449438,6,0.01818181818181818
NQ,2023-12-12,16444.25,16490.25,16396.5,16466.5,117535,60,2023-12-12T14:30:00+00:00,2023-12-12T15:29:00+00:00,16444.020988074473,16453.0,16548.0,16440.25,16445.0,125295,930,2023-12-11T23:00:00+00:00,2023-12-12T14:29:00+00:00,16466.75,16579.75,16458.75,16577.5,254296,330,2023-12-12T15:30:00+00:00,2023-12-12T20:59:00+00:00,171,313,0.5480769230769231,107.75,93.75,121.0,1.2906666666666666,0.9152892561983471,0.9152892561983471,False,False,True,False,broken,broken_down,False,True,False,True,True,False,True,0.9877216916780355,0,0.0
NQ,2023-12-13,16609.5,16657.25,16597.25,16628.0,105520,60,2023-12-13T14:30:00+00:00,2023-12-13T15:29:00+00:00,16627.20381365302,16596.0,16635.75,16590.0,16609.5,88894,930,2023-12-12T23:00:00+00:00,2023-12-13T14:29:00+00:00,16628.0,16806.5,16576.0,16779.5,409738,330,2023-12-13T15:30:00+00:00,2023-12-13T20:59:00+00:00,170,325,0.5246913580246914,45.75,60.0,230.5,3.841666666666667,0.6572668112798264,0.6572668112798264,False,True,False,False,broken,broken_up,False,True,True,True,True,True,True,0.8828633405639913,9,0.02727272727272727
NQ,2023-12-14,16820.5,16877.25,16786.0,16794.5,161873,60,2023-12-14T14:30:00+00:00,2023-12-14T15:29:00+00:00,16830.975698026643,16777.5,16885.0,16775.25,16820.5,162029,930,2023-12-13T23:00:00+00:00,2023-12-14T14:29:00+00:00,16794.75,16820.5,16628.0,16755.5,398584,330,2023-12-14T15:30:00+00:00,2023-12-14T20:59:00+00:00,170,326,0.5230769230769231,109.75,91.25,192.5,2.1095890410958904,0.2038961038961039,-0.2038961038961039,True,False,False,False,trapped,trapped,False,False,True,True,False,True,True,0.5115346038114343,0,0.0
NQ,2023-12-15,16787.5,16866.0,16780.0,16863.5,129319,60,2023-12-15T14:30:00+00:00,2023-12-15T15:29:00+00:00,16823.885768912533,16739.25,16818.5,16732.25,16788.0,132359,930,2023-12-14T23:00:00+00:00,2023-12-15T14:29:00+00:00,16863.5,16887.25,16762.5,16819.75,360077,330,2023-12-15T15:30:00+00:00,2023-12-15T20:59:00+00:00,162,319,0.5094339622641509,86.25,86.0,124.75,1.4505813953488371,0.35070140280561124,-0.35070140280561124,False,True,False,False,broken,broken_up,False,True,True,True,True,False,True,0.4589178356713427,32,0.09696969696969697
NQ,2023-12-18,16846.5,16905.5,16832.5,16901.75,108993,60,2023-12-18T14:30:00+00:00,2023-12-18T15:29:00+00:00,16873.183027809122,16820.25,16858.75,16802.25,16846.5,90589,930,2023-12-17T23:00:00+00:00,2023-12-18T14:29:00+00:00,16902.25,16974.0,16855.75,16938.25,232136,330,2023-12-18T15:30:00+00:00,2023-12-18T20:59:00+00:00,146,319,0.4591194968553459,56.5,73.0,118.25,1.61986301369863,0.3044397463002114,0.3044397463002114,False,True,False,False,broken,broken_up,False,True,False,True,True,False,True,0.7473498233215548,13,0.03939393939393939
NQ,2023-12-19,16952.25,16997.75,16944.5,16991.25,122866,60,2023-12-19T14:30:00+00:00,2023-12-19T15:29:00+00:00,16976.699804393946,16917.0,16989.25,16910.75,16952.5,89370,930,2023-12-18T23:00:00+00:00,2023-12-19T14:29:00+00:00,16991.25,17027.5,16965.25,17021.0,260800,330,2023-12-19T15:30:00+00:00,2023-12-19T20:59:00+00:00,148,316,0.46984126984126984,78.5,53.25,62.25,1.1690140845070423,0.4779116465863454,0.4779116465863454,False,True,False,False,broken,broken_up,False,True,False,True,True,False,True,0.9216867469879518,30,0.09090909090909091
NQ,2023-12-20,16985.5,17054.5,16971.0,17052.5,99744,60,2023-12-20T14:30:00+00:00,2023-12-20T15:29:00+00:00,17014.973424466632,17024.0,17046.0,16962.0,16986.0,95171,930,2023-12-19T23:00:00+00:00,2023-12-20T14:29:00+00:00,17052.25,17073.5,16760.25,16764.25,423391,330,2023-12-20T15:30:00+00:00,2023-12-20T20:59:00+00:00,143,321,0.446875,84.0,83.5,313.25,3.751497005988024,0.9193934557063048,-0.9193934557063048,False,True,False,False,broken,broken_up,False,True,True,True,True,True,True,0.012769353551476457,2,0.006060606060606061
NQ,2023-12-21,16922.25,16958.75,16843.25,16878.5,140868,60,2023-12-21T14:30:00+00:00,2023-12-21T15:29:00+00:00,16902.651243835837,16790.25,16970.25,16790.25,16922.5,135888,930,2023-12-20T23:00:00+00:00,2023-12-21T14:29:00+00:00,16878.75,16966.0,16815.0,16950.5,340085,330,2023-12-21T15:30:00+00:00,2023-12-21T20:59:00+00:00,175,322,0.5451713395638629,180.0,115.5,151.0,1.3073593073593073,0.47516556291390727,0.47516556291390727,True,False,False,False,trapped,trapped,False,True,True,True,False,False,False,0.8973509933774835,24,0.07272727272727272
NQ,2023-12-22,16999.25,17041.5,16989.25,17025.5,97773,60,2023-12-22T14:30:00+00:00,2023-12-22T15:29:00+00:00,17017.15418707959,16956.0,17014.0,16891.5,16999.75,105346,930,2023-12-21T23:00:00+00:00,2023-12-22T14:29:00+00:00,17025.5,17034.5,16896.0,16980.25,265854,330,2023-12-22T15:30:00+00:00,2023-12-22T20:59:00+00:00,180,324,0.5572755417956656,122.5,52.25,138.5,2.650717703349282,0.3267148014440433,-0.3267148014440433,False,True,False,False,broken,broken_up,False,False,True,True,False,False,False,0.5790378006872853,29,0.08787878787878788
NQ,2023-12-26,17009.5,17057.0,17005.5,17043.5,64564,60,2023-12-26T14:30:00+00:00,2023-12-26T15:29:00+00:00,17037.108571856348,16964.5,17037.25,16964.5,17009.5,51626,930,2023-12-25T23:00:00+00:00,2023-12-26T14:29:00+00:00,17043.75,17111.25,17022.5,17084.5,160119,330,2023-12-26T15:30:00+00:00,2023-12-26T20:59:00+00:00,160,319,0.5031446540880503,72.75,51.5,88.75,1.7233009708737863,0.4591549295774648,0.4591549295774648,False,True,False,False,broken,broken_up,False,True,False,True,True,False,True,0.7470449172576832,21,0.06363636363636363
NQ,2023-12-27,17091.75,17124.75,17055.5,17081.0,91463,60,2023-12-27T14:30:00+00:00,2023-12-27T15:29:00+00:00,17097.424004788823,17090.25,17106.25,17072.75,17092.0,58599,930,2023-12-26T23:00:00+00:00,2023-12-27T14:29:00+00:00,17081.0,17127.75,17058.25,17116.75,252605,330,2023-12-27T15:30:00+00:00,2023-12-27T20:59:00+00:00,172,319,0.5408805031446541,33.5,69.25,69.5,1.0036101083032491,0.5143884892086331,0.5143884892086331,False,True,True,True,broken,broken_both,False,True,False,True,True,False,True,0.8477508650519031,14,0.04242424242424243
NQ,2023-12-28,17148.25,17159.0,17102.75,17128.75,70379,60,2023-12-28T14:30:00+00:00,2023-12-28T15:29:00+00:00,17125.32903280808,17127.0,17165.25,17118.25,17148.5,66984,930,2023-12-27T23:00:00+00:00,2023-12-28T14:29:00+00:00,17128.5,17144.5,17077.75,17090.75,206633,330,2023-12-28T15:30:00+00:00,2023-12-28T20:59:00+00:00,161,313,0.5160256410256411,47.0,56.25,66.75,1.1866666666666668,0.5655430711610487,-0.5655430711610487,False,False,True,False,broken,broken_down,False,False,True,True,False,True,True,0.16,30,0.09090909090909091
NQ,2023-12-29,17089.0,17107.5,17073.75,17094.75,59882,60,2023-12-29T14:30:00+00:00,2023-12-29T15:29:00+00:00,17093.521532625273,17090.25,17131.0,17066.0,17088.75,62827,930,2023-12-28T23:00:00+00:00,2023-12-29T14:29:00+00:00,17095.0,17095.5,16938.25,17019.0,326898,330,2023-12-29T15:30:00+00:00,2023-12-29T20:59:00+00:00,159,319,0.5,65.0,33.75,157.25,4.659259259259259,0.48330683624801274,-0.48330683624801274,True,False,False,False,trapped,trapped,False,False,True,True,False,True,True,0.4771048744460857,1,0.0030303030303030303
NQ,2024-01-02,16861.75,16873.5,16716.75,16723.5,138925,60,2024-01-02T14:30:00+00:00,2024-01-02T15:29:00+00:00,16777.010890168556,17019.0,17038.5,16817.0,16862.0,121327,930,2024-01-01T23:00:00+00:00,2024-01-02T14:29:00+00:00,16723.5,16787.75,16622.5,16721.0,358053,330,2024-01-02T15:30:00+00:00,2024-01-02T20:59:00+00:00,156,323,0.484472049689441,221.5,156.75,165.25,1.0542264752791068,0.015128593040847202,-0.015128593040847202,False,False,True,False,broken,broken_down,False,False,True,True,False,True,True,0.39243027888446214,19,0.05757575757575758
NQ,2024-01-03,16610.0,16653.5,16556.5,16579.0,160322,60,2024-01-03T14:30:00+00:00,2024-01-03T15:29:00+00:00,16608.86249443828,16736.75,16737.25,16591.5,16609.75,122949,930,2024-01-02T23:00:00+00:00,2024-01-03T14:29:00+00:00,16579.5,16628.75,16522.0,16540.75,374310,330,2024-01-03T15:30:00+00:00,2024-01-03T20:59:00+00:00,163,322,0.5077881619937694,145.75,97.0,106.75,1.1005154639175259,0.3629976580796253,-0.3629976580796253,False,False,True,False,broken,broken_down,False,False,True,True,False,True,True,0.14258555133079848,21,0.06363636363636363
NQ,2024-01-04,16453.25,16533.25,16443.25,16507.5,125050,60,2024-01-04T14:30:00+00:00,2024-01-04T15:29:00+00:00,16486.49839797414,16545.25,16587.25,16444.0,16453.25,110019,930,2024-01-03T23:00:00+00:00,2024-01-04T14:29:00+00:00,16507.25,16583.75,16436.0,16443.75,302482,330,2024-01-04T15:30:00+00:00,2024-01-04T20:59:00+00:00,181,323,0.562111801242236,143.25,90.0,147.75,1.6416666666666666,0.42978003384094754,-0.42978003384094754,False,False,True,False,broken,broken_down,False,True,True,True,False,True,True,0.05245346869712352,38,0.11515151515151516
NQ,2024-01-05,16449.25,16555.25,16437.5,16539.0,125808,60,2024-01-05T14:30:00+00:00,2024-01-05T15:29:00+00:00,16499.94214596846,16455.0,16469.0,16334.25,16449.25,151498,930,2024-01-04T23:00:00+00:00,2024-01-05T14:29:00+00:00,16538.75,16577.25,16403.75,16463.75,333508,330,2024-01-05T15:30:00+00:00,2024-01-05T20:59:00+00:00,163,323,0.5062111801242236,134.75,117.75,173.5,1.473460721868365,0.4322766570605187,-0.4322766570605187,False,True,False,False,broken,broken_up,False,True,True,True,True,False,True,0.345821325648415,23,0.0696969696969697
NQ,2024-01-08,16512.0,16644.5,16505.5,16640.75,130753,60,2024-01-08T14:30:00+00:00,2024-01-08T15:29:00+00:00,16594.83259784989,16470.0,16514.25,16378.25,16511.0,108228,930,2024-01-07T23:00:00+00:00,2024-01-08T14:29:00+00:00,16641.25,16811.25,16640.25,16801.25,282218,330,2024-01-08T15:30:00+00:00,2024-01-08T20:59:00+00:00,165,321,0.515625,136.0,139.0,171.0,1.2302158273381294,0.935672514619883,0.935672514619883,False,True,False,False,broken,broken_up,False,True,False,True,True,False,True,0.9672935404742437,0,0.0
NQ,2024-01-09,16669.25,16747.0,16660.5,16727.5,120032,60,2024-01-09T14:30:00+00:00,2024-01-09T15:29:00+00:00,16700.779276915044,16788.0,16796.0,16657.75,16668.75,110242,929,2024-01-08T23:00:00+00:00,2024-01-09T14:29:00+00:00,16727.5,16868.5,16712.0,16831.75,357178,330,2024-01-09T15:30:00+00:00,2024-01-09T20:59:00+00:00,149,321,0.465625,138.25,86.5,156.5,1.8092485549132948,0.6661341853035144,0.6661341853035144,True,False,False,False,trapped,trapped,True,True,False,True,True,False,True,0.8233173076923077,0,0.0
NQ,2024-01-10,16840.0,16874.0,16801.5,16857.25,117079,60,2024-01-10T14:30:00+00:00,2024-01-10T15:29:00+00:00,16843.311608685875,16829.5,16906.25,16806.25,16840.0,97572,930,2024-01-09T23:00:00+00:00,2024-01-10T14:29:00+00:00,16857.25,16983.0,16853.25,16941.5,318767,330,2024-01-10T15:30:00+00:00,2024-01-10T20:59:00+00:00,143,318,0.45110410094637227,100.0,72.5,129.75,1.789655172413793,0.649325626204239,0.649325626204239,False,False,True,False,broken,broken_down,False,True,False,True,True,False,True,0.7713498622589532,0,0.0
NQ,2024-01-11,16984.5,17043.5,16824.5,16891.25,180695,60,2024-01-11T14:30:00+00:00,2024-01-11T15:29:00+00:00,16930.60729636496,16955.0,17057.0,16892.25,16984.5,152280,930,2024-01-10T23:00:00+00:00,2024-01-11T14:29:00+00:00,16891.25,16983.75,16753.0,16965.5,405194,330,2024-01-11T15:30:00+00:00,2024-01-11T20:59:00+00:00,181,328,0.5535168195718655,164.75,219.0,230.75,1.0536529680365296,0.3217768147345612,0.3217768147345612,False,False,True,False,broken,broken_down,False,False,True,True,False,True,True,0.7314974182444062,19,0.05757575757575758
NQ,2024-01-12,17008.0,17042.5,16935.25,16965.25,140959,60,2024-01-12T14:30:00+00:00,2024-01-12T15:29:00+00:00,16990.919548119193,16957.75,17008.75,16866.5,17008.75,137863,930,2024-01-11T23:00:00+00:00,2024-01-12T14:29:00+00:00,16966.25,16995.75,16913.5,16972.25,298283,330,2024-01-12T15:30:00+00:00,2024-01-12T20:59:00+00:00,165,314,0.5271565495207667,142.25,107.25,82.25,0.7668997668997669,0.0729483282674772,0.0729483282674772,False,True,False,False,broken,broken_up,False,False,True,True,False,False,False,0.45542635658914726,9,0.02727272727272727
NQ,2024-01-15,16957.75,16966.25,16936.25,16956.75,15138,60,2024-01-15T14:30:00+00:00,2024-01-15T15:29:00+00:00,16951.665406042186,16961.75,17024.25,16938.75,16957.75,66380,930,2024-01-14T23:00:00+00:00,2024-01-15T14:29:00+00:00,16956.75,16979.0,16954.25,16970.0,21376,150,2024-01-15T15:30:00+00:00,2024-01-15T17:59:00+00:00,58,136,0.42962962962962964,85.5,30.0,24.75,0.825,0.5353535353535354,0.5353535353535354,False,False,True,False,broken,broken_down,False,True,False,True,False,False,False,0.7894736842105263,0,0.0
NQ,2024-01-16,16917.0,17003.75,16855.0,16991.5,146306,60,2024-01-16T14:30:00+00:00,2024-01-16T15:29:00+00:00,16921.848443217186,16961.0,16965.0,16811.75,16916.75,137585,930,2024-01-15T23:00:00+00:00,2024-01-16T14:29:00+00:00,16991.75,17033.75,16862.0,16968.0,407276,330,2024-01-16T15:30:00+00:00,2024-01-16T20:59:00+00:00,181,323,0.562111801242236,153.25,148.75,171.75,1.1546218487394957,0.13828238719068414,-0.13828238719068414,False,True,False,False,broken,broken_up,False,True,False,True,True,False,True,0.6321678321678321,35,0.10606060606060606
NQ,2024-01-17,16825.25,16843.0,16689.25,16750.25,165061,60,2024-01-17T14:30:00+00:00,2024-01-17T15:29:00+00:00,16745.500402881364,16978.0,16982.0,16805.25,16825.0,155104,930,2024-01-16T23:00:00+00:00,2024-01-17T14:29:00+00:00,16750.0,16885.0,16727.0,16868.75,373529,330,2024-01-17T15:30:00+00:00,2024-01-17T20:59:00+00:00,155,322,0.48286604361370716,176.75,153.75,158.0,1.0276422764227642,0.7515822784810127,0.7515822784810127,False,False,True,False,broken,broken_down,False,True,False,True,False,False,False,0.9169859514687101,13,0.03939393939393939
NQ,2024-01-18,16997.0,17054.25,16986.25,17032.75,148987,60,2024-01-18T14:30:00+00:00,2024-01-18T15:29:00+00:00,17023.139974181195,16854.5,17044.75,16834.25,16996.25,157301,930,2024-01-17T23:00:00+00:00,2024-01-18T14:29:00+00:00,17033.5,17125.75,16942.5,17109.0,512053,330,2024-01-18T15:30:00+00:00,2024-01-18T20:59:00+00:00,162,323,0.5031055900621118,210.5,68.0,183.25,2.6948529411764706,0.4120054570259209,0.4120054570259209,False,True,False,False,broken,broken_up,False,True,True,True,True,False,True,0.9085948158253752,20,0.06060606060606061
NQ,2024-01-19,17190.75,17232.75,17166.25,17216.0,137055,60,2024-01-19T14:30:00+00:00,2024-01-19T15:29:00+00:00,17196.212010385127,17116.0,17255.25,17107.25,17189.75,144239,930,2024-01-18T23:00:00+00:00,2024-01-19T14:29:00+00:00,17216.0,17448.0,17192.75,17442.5,443441,330,2024-01-19T15:30:00+00:00,2024-01-19T20:59:00+00:00,149,322,0.46417445482866043,148.0,66.5,255.25,3.838345864661654,0.8873653281096964,0.8873653281096964,True,False,False,False,trapped,trapped,False,True,False,True,True,False,True,0.9804791481810116,3,0.00909090909090909
NQ,2024-01-22,17528.25,17585.0,17483.25,17488.0,155992,60,2024-01-22T14:30:00+00:00,2024-01-22T15:29:00+00:00,17530.788803271964,17466.0,17582.5,17466.0,17528.25,133674,930,2024-01-21T23:00:00+00:00,2024-01-22T14:29:00+00:00,17488.0,17513.75,17434.0,17460.75,326289,330,2024-01-22T15:30:00+00:00,2024-01-22T20:59:00+00:00,166,324,0.5139318885448917,116.5,101.75,79.75,0.7837837837837838,0.34169278996865204,-0.34169278996865204,False,True,False,False,broken,broken_up,False,False,True,True,False,True,True,0.1771523178807947,0,0.0
NQ,2024-01-23,17487.5,17488.0,17409.5,17465.25,119029,60,2024-01-23T14:30:00+00:00,2024-01-23T15:29:00+00:00,17458.19829481331,17461.0,17525.5,17420.5,17488.25,101351,930,2024-01-22T23:00:00+00:00,2024-01-23T14:29:00+00:00,17465.25,17539.0,17427.5,17529.5,255619,330,2024-01-23T15:30:00+00:00,2024-01-23T20:59:00+00:00,144,321,0.45,105.0,78.5,111.5,1.4203821656050954,0.5762331838565022,0.5762331838565022,False,False,True,False,broken,broken_down,False,True,False,True,True,False,True,0.9266409266409267,30,0.09090909090909091
NQ,2024-01-24,17692.5,17719.0,17637.5,17715.0,134147,60,2024-01-24T14:30:00+00:00,2024-01-24T15:29:00+00:00,17671.361328741354,17554.0,17694.5,17552.25,17692.75,119269,930,2024-01-23T23:00:00+00:00,2024-01-24T14:29:00+00:00,17715.75,17793.5,17604.0,17624.75,434925,330,2024-01-24T15:30:00+00:00,2024-01-24T20:59:00+00:00,156,327,0.4785276073619632,142.25,81.5,189.5,2.3251533742331287,0.48021108179419525,-0.48021108179419525,False,True,False,False,broken,broken_up,False,True,True,True,True,False,True,0.10949868073878628,10,0.030303030303030304
NQ,2024-01-25,17722.0,17734.75,17649.25,17730.0,130776,60,2024-01-25T14:30:00+00:00,2024-01-25T15:29:00+00:00,17693.355622081523,17614.75,17727.25,17589.25,17721.75,136895,930,2024-01-24T23:00:00+00:00,2024-01-25T14:29:00+00:00,17730.25,17752.0,17542.0,17638.0,412448,330,2024-01-25T15:30:00+00:00,2024-01-25T20:59:00+00:00,155,327,0.4754601226993865,138.0,85.5,210.0,2.456140350877193,0.4392857142857143,-0.4392857142857143,False,True,False,False,broken,broken_up,False,True,True,True,True,True,True,0.45714285714285713,27,0.08181818181818182
NQ,2024-01-26,17557.75,17582.0,17504.0,17580.75,117766,60,2024-01-26T14:30:00+00:00,2024-01-26T15:29:00+00:00,17543.1512738538,17571.25,17611.5,17466.0,17558.0,150931,930,2024-01-25T23:00:00+00:00,2024-01-26T14:29:00+00:00,17580.75,17632.0,17503.5,17529.25,341064,330,2024-01-26T15:30:00+00:00,2024-01-26T20:59:00+00:00,151,324,0.4674922600619195,145.5,78.0,128.5,1.6474358974358974,0.40077821011673154,-0.40077821011673154,True,False,False,False,trapped,trapped,False,True,True,True,True,False,True,0.20038910505836577,30,0.09090909090909091
NQ,2024-01-29,17548.0,17583.5,17526.0,17551.0,113996,60,2024-01-29T14:30:00+00:00,2024-01-29T15:29:00+00:00,17554.63975855878,17502.0,17591.5,17457.5,17548.25,102341,930,2024-01-28T23:00:00+00:00,2024-01-29T14:29:00+00:00,17550.75,17716.25,17519.75,17708.0,327714,330,2024-01-29T15:30:00+00:00,2024-01-29T20:59:00+00:00,170,319,0.5345911949685535,134.0,57.5,196.5,3.417391304347826,0.8002544529262087,0.8002544529262087,True,False,False,False,trapped,trapped,False,True,True,True,True,False,True,0.9580152671755725,12,0.03636363636363636
NQ,2024-01-30,17661.75,17684.75,17616.5,17654.75,110246,60,2024-01-30T14:30:00+00:00,2024-01-30T15:29:00+00:00,17657.479958456544,17711.75,17735.75,17645.25,17661.5,105097,929,2024-01-29T23:00:00+00:00,2024-01-30T14:29:00+00:00,17655.0,17667.75,17548.25,17583.75,286515,330,2024-01-30T15:30:00+00:00,2024-01-30T20:59:00+00:00,165,314,0.5271565495207667,90.5,68.25,119.5,1.750915750915751,0.5962343096234309,-0.5962343096234309,False,False,True,False,broken,broken_down,False,False,True,True,False,True,True,0.2600732600732601,7,0.021212121212121213
NQ,2024-01-31,17400.0,17426.5,17318.0,17323.5,126192,60,2024-01-31T14:30:00+00:00,2024-01-31T15:29:00+00:00,17371.675921743587,17415.5,17468.75,17333.75,17399.75,155012,930,2024-01-30T23:00:00+00:00,2024-01-31T14:29:00+00:00,17324.0,17484.0,17230.5,17238.75,497968,330,2024-01-31T15:30:00+00:00,2024-01-31T20:59:00+00:00,158,324,0.4891640866873065,135.0,108.5,253.5,2.3364055299539173,0.33629191321499013,-0.33629191321499013,False,False,True,False,broken,broken_down,False,True,True,True,True,True,True,0.03254437869822485,12,0.03636363636363636
NQ,2024-02-01,17307.0,17369.25,17270.0,17368.25,130649,60,2024-02-01T14:30:00+00:00,2024-02-01T15:29:00+00:00,17321.249642808845,17273.25,17363.75,17262.75,17307.0,129135,930,2024-01-31T23:00:00+00:00,2024-02-01T14:29:00+00:00,17368.25,17453.25,17264.0,17440.25,376807,330,2024-02-01T15:30:00+00:00,2024-02-01T20:59:00+00:00,150,323,0.4658385093167702,101.0,99.25,189.25,1.906801007556675,0.380449141347424,0.380449141347424,False,True,False,False,broken,broken_up,False,True,True,True,True,False,True,0.9313077939233818,14,0.04242424242424243
NQ,2024-02-02,17507.75,17624.0,17465.5,17585.0,163550,60,2024-02-02T14:30:00+00:00,2024-02-02T15:29:00+00:00,17568.097424335065,17588.0,17643.25,17483.25,17508.0,159230,930,2024-02-01T23:00:00+00:00,2024-02-02T14:29:00+00:00,17585.25,17775.5,17548.5,17729.75,406771,330,2024-02-02T15:30:00+00:00,2024-02-02T20:59:00+00:00,160,322,0.4984423676012461,160.0,158.5,227.0,1.4321766561514195,0.6365638766519823,0.6365638766519823,False,False,True,False,broken,broken_down,False,True,False,True,True,False,True,0.8524193548387097,2,0.006060606060606061
NQ,2024-02-05,17722.75,17737.25,17600.75,17625.5,138093,60,2024-02-05T14:30:00+00:00,2024-02-05T15:29:00+00:00,17677.369093050816,17696.0,17739.25,17664.0,17722.25,119012,930,2024-02-04T23:00:00+00:00,2024-02-05T14:29:00+00:00,17626.25,17745.5,17554.25,17697.25,339853,330,2024-02-05T15:30:00+00:00,2024-02-05T20:59:00+00:00,156,321,0.4875,75.25,136.5,191.25,1.401098901098901,0.3712418300653595,0.3712418300653595,False,False,True,False,broken,broken_down,False,True,True,True,True,True,True,0.7477124183006536,17,0.051515151515151514
NQ,2024-02-06,17741.0,17767.75,17598.25,17623.25,159783,60,2024-02-06T14:30:00+00:00,2024-02-06T15:29:00+00:00,17675.645018556414,17698.5,17769.0,17670.5,17741.0,104333,930,2024-02-05T23:00:00+00:00,2024-02-06T14:29:00+00:00,17623.5,17663.75,17560.75,17661.75,339103,330,2024-02-06T15:30:00+00:00,2024-02-06T20:59:00+00:00,160,322,0.4984423676012461,98.5,169.5,103.0,0.6076696165191741,0.3713592233009709,0.3713592233009709,False,False,True,False,broken,broken_down,False,False,True,True,False,True,True,0.48792270531400966,0,0.0
NQ,2024-02-07,17773.5,17867.75,17718.75,17865.0,147626,60,2024-02-07T14:30:00+00:00,2024-02-07T15:29:00+00:00,17770.34202929475,17645.75,17779.5,17629.75,17773.75,112878,930,2024-02-06T23:00:00+00:00,2024-02-07T14:29:00+00:00,17865.0,17875.5,17779.25,17841.25,328864,330,2024-02-07T15:30:00+00:00,2024-02-07T20:59:00+00:00,169,322,0.5264797507788161,149.75,149.0,96.25,0.6459731543624161,0.24675324675324675,-0.24675324675324675,False,True,False,False,broken,broken_up,False,True,False,True,True,False,True,0.7814992025518341,0,0.0
NQ,2024-02-08,17835.75,17866.0,17808.0,17839.0,99047,60,2024-02-08T14:30:00+00:00,2024-02-08T15:29:00+00:00,17838.432296451854,17856.25,17862.5,17792.25,17835.0,83642,930,2024-02-07T23:00:00+00:00,2024-02-08T14:29:00+00:00,17839.75,17896.5,17824.0,17865.5,272565,330,2024-02-08T15:30:00+00:00,2024-02-08T20:59:00+00:00,173,323,0.5372670807453416,70.25,58.0,72.5,1.25,0.35517241379310344,0.35517241379310344,False,True,False,False,broken,broken_up,False,True,False,True,True,False,True,0.6497175141242938,10,0.030303030303030304
NQ,2024-02-09,17909.0,17969.75,17875.0,17969.5,112896,60,2024-02-09T14:30:00+00:00,2024-02-09T15:29:00+00:00,17920.88633786848,17854.25,17972.0,17852.25,17908.75,105948,929,2024-02-08T23:00:00+00:00,2024-02-09T14:29:00+00:00,17969.75,18071.0,17961.5,18039.0,258624,330,2024-02-09T15:30:00+00:00,2024-02-09T20:59:00+00:00,171,321,0.534375,119.75,94.75,109.5,1.1556728232189974,0.632420091324201,0.632420091324201,True,False,False,False,trapped,trapped,True,True,False,True,True,False,True,0.8367346938775511,0,0.0
NQ,2024-02-12,18029.75,18051.0,18007.25,18032.75,86896,60,2024-02-12T14:30:00+00:00,2024-02-12T15:29:00+00:00,18030.338684557788,18040.0,18059.25,18003.0,18029.5,61691,923,2024-02-11T23:00:00+00:00,2024-02-12T14:29:00+00:00,18032.75,18121.5,17936.25,17963.5,367306,330,2024-02-12T15:30:00+00:00,2024-02-12T20:59:00+00:00,146,314,0.46645367412140576,56.25,43.75,185.25,4.234285714285714,0.3738191632928475,-0.3738191632928475,True,False,False,False,trapped,trapped,False,True,True,True,True,True,True,0.14709851551956815,5,0.015151515151515152
NQ,2024-02-13,17628.0,17742.75,17586.75,17742.25,168354,60,2024-02-13T14:30:00+00:00,2024-02-13T15:29:00+00:00,17656.883911777168,17928.5,17963.25,17615.75,17628.5,180952,930,2024-02-12T23:00:00+00:00,2024-02-13T14:29:00+00:00,17742.25,17791.75,17542.0,17680.5,473407,330,2024-02-13T15:30:00+00:00,2024-02-13T20:59:00+00:00,164,322,0.5109034267912772,347.5,156.0,249.75,1.6009615384615385,0.24724724724724725,-0.24724724724724725,False,False,True,False,broken,broken_down,False,True,True,True,False,True,True,0.5545545545545546,9,0.02727272727272727
NQ,2024-02-14,17788.75,17847.0,17743.0,17837.0,140023,60,2024-02-14T14:30:00+00:00,2024-02-14T15:29:00+00:00,17791.0380931466,17703.0,17811.75,17669.25,17788.5,116718,930,2024-02-13T23:00:00+00:00,2024-02-14T14:29:00+00:00,17837.25,17887.0,17690.25,17869.25,404345,330,2024-02-14T15:30:00+00:00,2024-02-14T20:59:00+00:00,167,322,0.5202492211838006,142.5,104.0,196.75,1.8918269230769231,0.16264294790343076,0.16264294790343076,False,True,False,False,broken,broken_up,False,True,True,True,True,False,True,0.9097839898348158,26,0.07878787878787878
NQ,2024-02-15,17888.0,17903.25,17797.0,17819.0,149020,60,2024-02-15T14:30:00+00:00,2024-02-15T15:29:00+00:00,17846.666450252764,17870.0,17933.5,17844.0,17888.0,104783,930,2024-02-14T23:00:00+00:00,2024-02-15T14:29:00+00:00,17819.0,17933.0,17780.5,17914.0,377090,330,2024-02-15T15:30:00+00:00,2024-02-15T20:59:00+00:00,171,322,0.5327102803738317,89.5,106.25,152.5,1.4352941176470588,0.6229508196721312,0.6229508196721312,False,False,True,False,broken,broken_down,False,True,True,True,False,True,True,0.8754098360655738,17,0.051515151515151514
NQ,2024-02-16,17926.75,17930.0,17717.0,17766.75,173855,60,2024-02-16T14:30:00+00:00,2024-02-16T15:29:00+00:00,17813.591675054882,17952.0,18026.0,17903.0,17926.5,128719,930,2024-02-15T23:00:00+00:00,2024-02-16T14:29:00+00:00,17767.5,17903.5,17722.25,17747.0,414001,330,2024-02-16T15:30:00+00:00,2024-02-16T20:59:00+00:00,165,324,0.5108359133126935,123.0,213.0,181.25,0.8509389671361502,0.11310344827586206,-0.11310344827586206,False,False,True,False,broken,broken_down,False,False,False,False,False,False,False,0.14084507042253522,18,0.05454545454545454
NQ,2024-02-19,17789.25,17807.5,17776.25,17782.75,17555,60,2024-02-19T14:30:00+00:00,2024-02-19T15:29:00+00:00,17793.21054305516,17729.25,17803.5,17726.25,17789.0,61469,930,2024-02-18T23:00:00+00:00,2024-02-19T14:29:00+00:00,17783.5,17796.5,17772.5,17788.75,16823,150,2024-02-19T15:30:00+00:00,2024-02-19T17:59:00+00:00,82,137,0.6029411764705882,77.25,31.25,24.0,0.768,0.21875,0.21875,False,True,False,False,broken,broken_up,False,False,True,True,False,False,False,0.4642857142857143,6,0.04
NQ,2024-02-20,17661.25,17724.0,17503.5,17508.25,185333,60,2024-02-20T14:30:00+00:00,2024-02-20T15:29:00+00:00,17582.800349910704,17787.75,17793.0,17614.0,17661.75,150571,930,2024-02-19T23:00:00+00:00,2024-02-20T14:29:00+00:00,17508.5,17614.5,17452.5,17612.5,428617,330,2024-02-20T15:30:00+00:00,2024-02-20T20:59:00+00:00,146,322,0.45482866043613707,179.0,220.5,162.0,0.7346938775510204,0.6419753086419753,0.6419753086419753,False,False,True,False,broken,broken_down,False,False,True,True,False,True,True,0.5893186003683242,28,0.08484848484848485
NQ,2024-02-21,17494.75,17525.5,17448.25,17473.5,138087,60,2024-02-21T14:30:00+00:00,2024-02-21T15:29:00+00:00,17487.196682164144,17573.0,17590.0,17480.5,17495.25,118702,930,2024-02-20T23:00:00+00:00,2024-02-21T14:29:00+00:00,17474.25,17542.5,17372.75,17537.0,403262,330,2024-02-21T15:30:00+00:00,2024-02-21T20:59:00+00:00,157,322,0.48909657320872274,109.5,77.25,169.75,2.197411003236246,0.3696612665684831,0.3696612665684831,False,False,True,False,broken,broken_down,False,True,True,True,False,True,True,0.96759941089838,28,0.08484848484848485
NQ,2024-02-22,17896.0,17970.25,17864.0,17957.0,180575,60,2024-02-22T14:30:00+00:00,2024-02-22T15:29:00+00:00,17914.080131062812,17702.5,17925.75,17676.0,17895.75,178085,930,2024-02-21T23:00:00+00:00,2024-02-22T14:29:00+00:00,17957.5,18087.0,17895.0,18044.75,362521,330,2024-02-22T15:30:00+00:00,2024-02-22T20:59:00+00:00,142,316,0.4507936507936508,249.75,106.25,192.0,1.8070588235294118,0.4544270833333333,0.4544270833333333,False,True,False,False,broken,broken_up,False,True,False,True,True,False,True,0.8105381165919282,13,0.03939393939393939
NQ,2024-02-23,18105.5,18144.75,18043.75,18048.5,145648,60,2024-02-23T14:30:00+00:00,2024-02-23T15:29:00+00:00,18098.423042769784,18023.25,18113.0,17999.25,18105.75,104592,930,2024-02-22T23:00:00+00:00,2024-02-23T14:29:00+00:00,18049.0,18073.0,17946.0,17986.5,382549,330,2024-02-23T15:30:00+00:00,2024-02-23T20:59:00+00:00,163,324,0.5046439628482973,113.75,101.0,127.0,1.2574257425742574,0.4921259842519685,-0.4921259842519685,False,True,False,False,broken,broken_up,False,False,True,True,False,True,True,0.2037735849056604,0,0.0
NQ,2024-02-26,18017.25,18050.75,17966.0,18021.0,123117,60,2024-02-26T14:30:00+00:00,2024-02-26T15:29:00+00:00,18008.711247566676,17961.5,18028.0,17922.0,18017.25,91916,930,2024-02-25T23:00:00+00:00,2024-02-26T14:29:00+00:00,18021.0,18059.5,17973.25,17977.5,289962,330,2024-02-26T15:30:00+00:00,2024-02-26T20:59:00+00:00,149,323,0.46273291925465837,106.0,84.75,86.25,1.0176991150442478,0.5043478260869565,-0.5043478260869565,False,True,False,False,broken,broken_up,False,True,False,True,True,False,True,0.12299465240641712,37,0.11212121212121212
NQ,2024-02-27,18018.25,18032.5,17941.0,18009.75,129617,60,2024-02-27T14:30:00+00:00,2024-02-27T15:29:00+00:00,17992.273720525343,17951.0,18040.25,17927.5,18018.25,94048,930,2024-02-26T23:00:00+00:00,2024-02-27T14:29:00+00:00,18010.0,18031.25,17908.75,18017.75,327601,330,2024-02-27T15:30:00+00:00,2024-02-27T20:59:00+00:00,168,323,0.5217391304347826,112.75,91.5,122.5,1.3387978142076502,0.06326530612244897,0.06326530612244897,True,False,False,False,trapped,trapped,False,False,True,True,False,True,True,0.8808080808080808,23,0.0696969696969697
NQ,2024-02-28,17923.75,17946.5,17876.0,17903.75,128041,60,2024-02-28T14:30:00+00:00,2024-02-28T15:29:00+00:00,17909.963721906788,18017.5,18019.75,17892.25,17923.25,109989,930,2024-02-27T23:00:00+00:00,2024-02-28T14:29:00+00:00,17903.75,17975.0,17884.0,17917.5,286341,330,2024-02-28T15:30:00+00:00,2024-02-28T20:59:00+00:00,152,323,0.4720496894409938,127.5,70.5,91.0,1.2907801418439717,0.1510989010989011,0.1510989010989011,False,False,True,False,broken,broken_down,False,True,False,True,False,False,False,0.41919191919191917,42,0.12727272727272726
NQ,2024-02-29,18030.0,18072.5,17981.0,18017.25,131369,60,2024-02-29T14:30:00+00:00,2024-02-29T15:29:00+00:00,18036.898207212762,17870.0,18035.0,17826.0,18030.0,142332,930,2024-02-28T23:00:00+00:00,2024-02-29T14:29:00+00:00,18017.5,18109.5,17898.25,18067.0,372707,330,2024-02-29T15:30:00+00:00,2024-02-29T20:59:00+00:00,152,318,0.4794952681388013,209.0,91.5,211.25,2.308743169398907,0.23431952662721894,0.23431952662721894,False,True,False,False,broken,broken_up,False,True,True,True,True,False,True,0.7988165680473372,33,0.1
NQ,2024-03-01,18096.5,18196.75,18093.75,18180.0,136992,60,2024-03-01T14:30:00+00:00,2024-03-01T15:29:00+00:00,18143.447608862807,18075.0,18163.0,18029.5,18096.5,121926,930,2024-02-29T23:00:00+00:00,2024-03-01T14:29:00+00:00,18180.0,18372.75,18143.75,18335.0,350978,330,2024-03-01T15:30:00+00:00,2024-03-01T20:59:00+00:00,170,319,0.5345911949685535,133.5,103.0,229.0,2.2233009708737863,0.6768558951965066,0.6768558951965066,False,True,False,False,broken,broken_up,False,True,False,True,True,False,True,0.8646953405017921,0,0.0
NQ,2024-03-04,18330.25,18334.75,18280.25,18289.75,122741,60,2024-03-04T14:30:00+00:00,2024-03-04T15:29:00+00:00,18304.148253232415,18336.0,18377.75,18310.75,18330.0,98067,930,2024-03-03T23:00:00+00:00,2024-03-04T14:29:00+00:00,18290.5,18346.5,18252.25,18258.5,323360,330,2024-03-04T15:30:00+00:00,2024-03-04T20:59:00+00:00,171,320,0.5360501567398119,67.0,54.5,94.25,1.7293577981651376,0.3395225464190981,-0.3395225464190981,False,False,True,False,broken,broken_down,False,True,True,True,False,True,True,0.06631299734748011,69,0.20909090909090908
NQ,2024-03-05,18133.75,18135.25,17952.25,17962.5,193731,60,2024-03-05T14:30:00+00:00,2024-03-05T15:29:00+00:00,18042.827226067755,18246.0,18252.0,18107.25,18134.0,129242,930,2024-03-04T23:00:00+00:00,2024-03-05T14:29:00+00:00,17962.0,17978.5,17832.5,17931.75,438261,330,2024-03-05T15:30:00+00:00,2024-03-05T20:59:00+00:00,156,325,0.48148148148148145,144.75,183.0,146.0,0.7978142076502732,0.2071917808219178,-0.2071917808219178,False,False,True,False,broken,broken_down,False,False,True,True,False,True,True,0.3278282411230388,0,0.0
NQ,2024-03-06,18104.25,18126.5,17963.5,18017.0,172585,60,2024-03-06T14:30:00+00:00,2024-03-06T15:29:00+00:00,18050.953544147327,17981.0,18105.75,17942.5,18104.5,126921,930,2024-03-05T23:00:00+00:00,2024-03-06T14:29:00+00:00,18017.25,18174.25,17984.5,18044.25,486618,330,2024-03-06T15:30:00+00:00,2024-03-06T20:59:00+00:00,163,326,0.5015384615384615,163.25,163.0,189.75,1.1641104294478528,0.1422924901185771,0.1422924901185771,False,True,False,False,broken,broken_up,False,True,False,True,True,False,True,0.3831553973902728,40,0.12121212121212122
NQ,2024-03-07,18182.25,18238.75,18118.75,18237.25,173970,60,2024-03-07T14:30:00+00:00,2024-03-07T15:29:00+00:00,18192.010073575904,18041.0,18188.5,17915.75,18182.5,160507,930,2024-03-06T23:00:00+00:00,2024-03-07T14:29:00+00:00,18237.5,18360.0,18218.5,18309.25,359675,330,2024-03-07T15:30:00+00:00,2024-03-07T20:59:00+00:00,157,319,0.4937106918238994,272.75,120.0,141.5,1.1791666666666667,0.5070671378091873,0.5070671378091873,False,True,False,False,broken,broken_up,False,True,False,True,True,False,True,0.7896373056994819,0,0.0
NQ,2024-03-08,18318.0,18434.75,18288.0,18428.0,142088,60,2024-03-08T14:30:00+00:00,2024-03-08T15:29:00+00:00,18360.18818091605,18279.0,18375.25,18211.0,18318.25,157339,930,2024-03-07T23:00:00+00:00,2024-03-08T14:29:00+00:00,18427.75,18436.5,18012.5,18040.5,663078,330,2024-03-08T15:30:00+00:00,2024-03-08T20:59:00+00:00,166,326,0.5107692307692308,164.25,146.75,424.0,2.889267461669506,0.9133254716981132,-0.9133254716981132,False,True,False,False,broken,broken_up,False,True,True,True,True,True,True,0.0660377358490566,9,0.02727272727272727
NQ,2024-03-11,18224.5,18248.5,18138.0,18175.0,149278,60,2024-03-11T13:30:00+00:00,2024-03-11T14:29:00+00:00,18185.372757539622,18056.0,18304.0,17975.25,18225.0,112863,930,2024-03-10T22:00:00+00:00,2024-03-11T13:29:00+00:00,18176.0,18271.25,18162.5,18216.25,299230,330,2024-03-11T14:30:00+00:00,2024-03-11T19:59:00+00:00,162,322,0.5046728971962616,328.75,110.5,108.75,0.9841628959276018,0.3701149425287356,0.3701149425287356,True,False,False,False,trapped,trapped,False,True,False,True,False,False,False,0.5872420262664165,13,0.03939393939393939
NQ,2024-03-12,18311.5,18367.25,18174.0,18364.75,167269,60,2024-03-12T13:30:00+00:00,2024-03-12T14:29:00+00:00,18272.523061655178,18253.0,18381.0,18204.0,18311.25,129967,930,2024-03-11T22:00:00+00:00,2024-03-12T13:29:00+00:00,18364.75,18491.0,18323.25,18475.75,365465,330,2024-03-12T14:30:00+00:00,2024-03-12T19:59:00+00:00,173,323,0.5372670807453416,177.0,193.25,167.75,0.8680465717981889,0.6616989567809239,0.6616989567809239,False,False,True,False,broken,broken_down,False,True,False,True,True,False,True,0.9518927444794952,0,0.0
NQ,2024-03-13,18428.25,18429.75,18302.75,18342.75,184372,60,2024-03-13T13:30:00+00:00,2024-03-13T14:29:00+00:00,18360.81428533978,18469.5,18506.75,18412.0,18428.5,97092,930,2024-03-12T22:00:00+00:00,2024-03-13T13:29:00+00:00,18342.25,18404.25,18281.75,18330.5,394479,330,2024-03-13T14:30:00+00:00,2024-03-13T19:59:00+00:00,161,321,0.503125,94.75,127.0,122.5,0.9645669291338582,0.09591836734693877,-0.09591836734693877,False,False,True,False,broken,broken_down,False,False,True,True,False,True,True,0.3293918918918919,29,0.08787878787878788
NQ,2024-03-14,18375.25,18398.0,18203.25,18313.0,201710,60,2024-03-14T13:30:00+00:00,2024-03-14T14:29:00+00:00,18298.64542866822,18342.0,18428.25,18337.5,18375.0,105685,930,2024-03-13T22:00:00+00:00,2024-03-14T13:29:00+00:00,18313.0,18342.0,18161.25,18278.25,456416,330,2024-03-14T14:30:00+00:00,2024-03-14T19:59:00+00:00,159,320,0.49843260188087773,90.75,194.75,180.75,0.9281129653401797,0.19225449515905949,-0.19225449515905949,False,False,True,False,broken,broken_down,False,False,True,True,False,True,True,0.4941921858500528,52,0.15757575757575756
NQ,2024-03-15,18152.5,18174.5,18029.0,18105.25,169451,60,2024-03-15T13:30:00+00:00,2024-03-15T14:29:00+00:00,18105.344732892303,18251.0,18322.75,18130.0,18152.5,128159,930,2024-03-14T22:00:00+00:00,2024-03-15T13:29:00+00:00,18106.5,18172.0,18006.25,18058.5,355814,330,2024-03-15T14:30:00+00:00,2024-03-15T19:59:00+00:00,162,321,0.50625,192.75,145.5,165.75,1.1391752577319587,0.2895927601809955,-0.2895927601809955,False,False,True,False,broken,broken_down,False,False,True,True,False,True,True,0.31054977711738485,15,0.045454545454545456
NQ,2024-03-18,18284.0,18381.0,18277.5,18372.25,164362,60,2024-03-18T13:30:00+00:00,2024-03-18T14:29:00+00:00,18326.658541816236,18073.5,18296.0,18062.25,18284.25,122835,930,2024-03-17T22:00:00+00:00,2024-03-18T13:29:00+00:00,18372.25,18380.0,18219.0,18229.5,333692,330,2024-03-18T14:30:00+00:00,2024-03-18T19:59:00+00:00,165,322,0.514018691588785,233.75,103.5,161.0,1.5555555555555556,0.8866459627329193,-0.8866459627329193,False,True,False,False,broken,broken_up,False,False,True,True,False,False,False,0.06481481481481481,2,0.006060606060606061
NQ,2024-03-19,18143.25,18152.5,18053.25,18075.25,143759,60,2024-03-19T13:30:00+00:00,2024-03-19T14:29:00+00:00,18096.450323689878,18222.0,18252.75,18077.75,18143.5,138574,930,2024-03-18T22:00:00+00:00,2024-03-19T13:29:00+00:00,18075.25,18289.25,18067.75,18270.0,358272,330,2024-03-19T14:30:00+00:00,2024-03-19T19:59:00+00:00,157,321,0.490625,175.0,99.25,221.5,2.2317380352644838,0.8792325056433409,0.8792325056433409,False,False,True,False,broken,broken_down,False,True,False,True,True,False,True,0.9184322033898306,3,0.00909090909090909
NQ,2024-03-20,18318.0,18334.5,18245.75,18296.25,98173,60,2024-03-20T13:30:00+00:00,2024-03-20T14:29:00+00:00,18280.33402344161,18274.0,18331.25,18227.5,18317.75,82445,930,2024-03-19T22:00:00+00:00,2024-03-20T13:29:00+00:00,18296.0,18497.75,18244.75,18484.5,401420,330,2024-03-20T14:30:00+00:00,2024-03-20T19:59:00+00:00,163,327,0.5,103.75,88.75,253.0,2.850704225352113,0.7450592885375494,0.7450592885375494,False,True,False,False,broken,broken_up,False,True,True,True,True,False,True,0.9476284584980237,46,0.1393939393939394
NQ,2024-03-21,18687.5,18709.0,18626.0,18659.0,138155,60,2024-03-21T13:30:00+00:00,2024-03-21T14:29:00+00:00,18663.004739242155,18539.75,18695.75,18526.75,18687.75,124481,930,2024-03-20T22:00:00+00:00,2024-03-21T13:29:00+00:00,18659.25,18707.5,18552.5,18558.75,324427,330,2024-03-21T14:30:00+00:00,2024-03-21T19:59:00+00:00,153,320,0.47962382445141066,169.0,83.0,155.0,1.8674698795180722,0.6483870967741936,-0.6483870967741936,False,True,False,False,broken,broken_up,False,False,True,True,False,False,False,0.039936102236421724,24,0.07272727272727272
NQ,2024-03-22,18537.5,18565.0,18500.0,18532.75,103651,60,2024-03-22T13:30:00+00:00,2024-03-22T14:29:00+00:00,18531.7721584934,18580.5,18607.0,18492.0,18537.25,112606,930,2024-03-21T22:00:00+00:00,2024-03-22T13:29:00+00:00,18533.0,18626.0,18502.5,18572.0,275337,330,2024-03-22T14:30:00+00:00,2024-03-22T19:59:00+00:00,164,322,0.5109034267912772,115.0,65.0,123.5,1.9,0.3157894736842105,0.3157894736842105,True,False,False,False,trapped,trapped,False,True,False,True,True,False,True,0.5714285714285714,7,0.021212121212121213
NQ,2024-03-25,18459.25,18542.0,18414.75,18512.5,121540,60,2024-03-25T13:30:00+00:00,2024-03-25T14:29:00+00:00,18474.798568372553,18567.0,18601.25,18456.5,18459.0,91076,930,2024-03-24T22:00:00+00:00,2024-03-25T13:29:00+00:00,18512.75,18571.75,18499.0,18509.5,229503,330,2024-03-25T14:30:00+00:00,2024-03-25T19:59:00+00:00,170,322,0.5295950155763239,144.75,127.25,72.75,0.5717092337917485,0.044673539518900345,-0.044673539518900345,False,False,True,False,broken,broken_down,False,True,False,True,False,False,False,0.6035031847133758,0,0.0
NQ,2024-03-26,18568.75,18608.5,18548.0,18555.5,105122,60,2024-03-26T13:30:00+00:00,2024-03-26T14:29:00+00:00,18582.53770698173,18531.25,18619.0,18516.75,18568.5,93547,930,2024-03-25T22:00:00+00:00,2024-03-26T13:29:00+00:00,18555.75,18588.75,18439.25,18450.5,295595,330,2024-03-26T14:30:00+00:00,2024-03-26T19:59:00+00:00,175,320,0.54858934169279,102.25,60.5,149.5,2.4710743801652892,0.7040133779264214,-0.7040133779264214,True,False,False,False,trapped,trapped,False,False,True,True,False,True,True,0.06646971935007386,3,0.00909090909090909
NQ,2024-03-27,18566.5,18571.75,18378.5,18415.25,166564,60,2024-03-27T13:30:00+00:00,2024-03-27T14:29:00+00:00,18461.7415207768,18477.5,18571.75,18468.0,18567.25,88026,930,2024-03-26T22:00:00+00:00,2024-03-27T13:29:00+00:00,18415.0,18507.75,18390.75,18506.75,320849,330,2024-03-27T14:30:00+00:00,2024-03-27T19:59:00+00:00,171,322,0.5327102803738317,103.75,193.25,117.0,0.6054333764553687,0.7841880341880342,0.7841880341880342,False,True,True,True,broken,broken_both,False,False,False,False,False,False,False,0.6636481241914618,1,0.0030303030303030303
NQ,2024-03-28,18500.0,18538.75,18457.25,18490.25,115201,60,2024-03-28T13:30:00+00:00,2024-03-28T14:29:00+00:00,18500.70682329146,18505.0,18527.75,18459.25,18500.25,92016,930,2024-03-27T22:00:00+00:00,2024-03-28T13:29:00+00:00,18490.5,18519.0,18448.75,18463.0,279219,330,2024-03-28T14:30:00+00:00,2024-03-28T19:59:00+00:00,164,322,0.5109034267912772,68.5,81.5,70.25,0.8619631901840491,0.3914590747330961,-0.3914590747330961,False,True,True,True,broken,broken_both,False,False,True,True,False,True,True,0.15833333333333333,40,0.12121212121212122
NQ,2024-04-01,18500.5,18607.0,18482.5,18535.0,146889,60,2024-04-01T13:30:00+00:00,2024-04-01T14:29:00+00:00,18563.8043341117,18503.0,18612.0,18478.0,18500.75,100227,930,2024-03-31T22:00:00+00:00,2024-04-01T13:29:00+00:00,18535.75,18541.75,18414.5,18495.25,300991,330,2024-04-01T14:30:00+00:00,2024-04-01T19:59:00+00:00,161,320,0.5047021943573667,134.0,124.5,127.25,1.0220883534136547,0.3182711198428291,-0.3182711198428291,True,False,False,False,trapped,trapped,True,False,True,True,False,True,True,0.41948051948051945,0,0.0
NQ,2024-04-02,18287.5,18292.0,18201.5,18238.5,152710,60,2024-04-02T13:30:00+00:00,2024-04-02T14:29:00+00:00,18247.60974395914,18497.25,18511.0,18269.0,18287.5,145524,930,2024-04-01T22:00:00+00:00,2024-04-02T13:29:00+00:00,18238.5,18347.0,18207.25,18330.5,295943,330,2024-04-02T14:30:00+00:00,2024-04-02T19:59:00+00:00,171,321,0.534375,242.0,90.5,139.75,1.5441988950276244,0.6583184257602862,0.6583184257602862,False,False,True,False,broken,broken_down,False,True,False,True,False,False,False,0.8865979381443299,19,0.05757575757575758
NQ,2024-04-03,18240.5,18418.5,18239.5,18409.25,124173,60,2024-04-03T13:30:00+00:00,2024-04-03T14:29:00+00:00,18321.6230742593,18345.0,18345.0,18232.5,18241.75,113065,930,2024-04-02T22:00:00+00:00,2024-04-03T13:29:00+00:00,18409.5,18451.75,18303.0,18370.5,335935,330,2024-04-03T14:30:00+00:00,2024-04-03T19:59:00+00:00,174,323,0.5403726708074534,112.5,179.0,148.75,0.8310055865921788,0.26218487394957984,-0.26218487394957984,False,True,False,False,broken,broken_up,False,True,False,True,True,False,True,0.6171967020023557,3,0.00909090909090909
NQ,2024-04-04,18541.25,18568.0,18486.75,18509.5,105502,60,2024-04-04T13:30:00+00:00,2024-04-04T14:29:00+00:00,18528.168902011337,18388.5,18552.0,18378.0,18541.75,105088,930,2024-04-03T22:00:00+00:00,2024-04-04T13:29:00+00:00,18509.5,18566.75,18069.25,18075.0,524714,330,2024-04-04T14:30:00+00:00,2024-04-04T19:59:00+00:00,179,321,0.559375,174.0,81.25,497.5,6.123076923076923,0.8733668341708543,-0.8733668341708543,False,True,False,False,broken,broken_up,False,False,True,True,False,True,True,0.011528822055137845,6,0.01818181818181818
NQ,2024-04-05,18138.0,18252.5,18102.5,18203.0,146605,60,2024-04-05T13:30:00+00:00,2024-04-05T14:29:00+00:00,18185.470232938853,18086.25,18190.25,18051.5,18138.5,167220,930,2024-04-04T22:00:00+00:00,2024-04-05T13:29:00+00:00,18203.25,18408.25,18192.5,18293.25,468345,330,2024-04-05T14:30:00+00:00,2024-04-05T19:59:00+00:00,153,320,0.47962382445141066,138.75,150.0,215.75,1.4383333333333332,0.4171494785631518,0.4171494785631518,False,True,False,False,broken,broken_up,False,True,False,True,True,False,True,0.6238757154538022,0,0.0
NQ,2024-04-08,18330.25,18341.25,18237.5,18340.0,124817,60,2024-04-08T13:30:00+00:00,2024-04-08T14:29:00+00:00,18295.909422060562,18348.25,18372.25,18246.5,18329.75,116936,930,2024-04-07T22:00:00+00:00,2024-04-08T13:29:00+00:00,18339.75,18376.0,18252.0,18297.0,270052,330,2024-04-08T14:30:00+00:00,2024-04-08T19:59:00+00:00,160,324,0.4953560371517028,125.75,103.75,124.0,1.1951807228915663,0.34475806451612906,-0.34475806451612906,False,False,True,False,broken,broken_down,False,True,False,True,True,False,True,0.4296028880866426,60,0.18181818181818182
NQ,2024-04-09,18391.25,18405.0,18270.5,18281.75,137015,60,2024-04-09T13:30:00+00:00,2024-04-09T14:29:00+00:00,18357.577541996616,18314.75,18395.5,18253.5,18391.5,103440,930,2024-04-08T22:00:00+00:00,2024-04-09T13:29:00+00:00,18282.25,18365.25,18160.75,18362.25,424663,330,2024-04-09T14:30:00+00:00,2024-04-09T19:59:00+00:00,160,321,0.5,142.0,134.5,204.5,1.520446096654275,0.39119804400978,0.39119804400978,False,True,False,False,broken,broken_up,False,False,True,True,False,True,True,0.8249744114636642,1,0.0030303030303030303
NQ,2024-04-10,18140.0,18208.0,18107.75,18177.5,203002,60,2024-04-10T13:30:00+00:00,2024-04-10T14:29:00+00:00,18165.012701845302,18381.0,18474.25,18053.5,18139.75,182426,929,2024-04-09T22:00:00+00:00,2024-04-10T13:29:00+00:00,18177.75,18234.0,18114.0,18191.5,459517,330,2024-04-10T14:30:00+00:00,2024-04-10T19:59:00+00:00,168,320,0.5266457680250783,420.75,100.25,120.0,1.1970074812967582,0.11458333333333333,0.11458333333333333,True,False,False,False,trapped,trapped,False,True,False,True,False,False,False,0.6633663366336634,60,0.18181818181818182
NQ,2024-04-11,18265.25,18274.0,18169.5,18208.75,147634,60,2024-04-11T13:30:00+00:00,2024-04-11T14:29:00+00:00,18236.192413897432,18184.0,18286.25,18088.0,18265.0,170406,930,2024-04-10T22:00:00+00:00,2024-04-11T13:29:00+00:00,18209.25,18518.75,18201.75,18482.25,384617,330,2024-04-11T14:30:00+00:00,2024-04-11T19:59:00+00:00,173,323,0.5372670807453416,198.25,104.5,317.0,3.0334928229665072,0.861198738170347,0.861198738170347,True,False,False,False,trapped,trapped,False,True,False,True,True,False,True,0.8954903364352184,9,0.02727272727272727
NQ,2024-04-12,18297.0,18343.25,18258.75,18274.5,142249,60,2024-04-12T13:30:00+00:00,2024-04-12T14:29:00+00:00,18303.634935922222,18486.25,18507.75,18274.75,18296.75,156350,929,2024-04-11T22:00:00+00:00,2024-04-12T13:29:00+00:00,18274.75,18291.25,18120.25,18181.0,455743,330,2024-04-12T14:30:00+00:00,2024-04-12T19:59:00+00:00,164,322,0.5109034267912772,233.0,84.5,171.0,2.0236686390532546,0.5482456140350878,-0.5482456140350878,False,False,True,False,broken,broken_down,False,False,True,True,False,True,True,0.27242152466367714,0,0.0
NQ,2024-04-15,18335.75,18339.0,18191.0,18229.0,145717,60,2024-04-15T13:30:00+00:00,2024-04-15T14:29:00+00:00,18272.7899736018,18151.0,18350.75,18146.75,18335.75,148638,930,2024-04-14T22:00:00+00:00,2024-04-15T13:29:00+00:00,18229.25,18249.25,17841.5,17876.25,475531,330,2024-04-15T14:30:00+00:00,2024-04-15T19:59:00+00:00,171,323,0.531055900621118,204.0,148.0,407.75,2.7550675675675675,0.8657265481299816,-0.8657265481299816,True,False,False,False,trapped,trapped,False,False,True,True,False,True,True,0.06984924623115578,0,0.0
NQ,2024-04-16,17868.25,17931.5,17822.0,17858.0,140663,60,2024-04-16T13:30:00+00:00,2024-04-16T14:29:00+00:00,17876.65636248812,17879.0,17918.5,17792.0,17867.5,167339,930,2024-04-15T22:00:00+00:00,2024-04-16T13:29:00+00:00,17858.5,17988.0,17818.0,17876.5,436802,330,2024-04-16T14:30:00+00:00,2024-04-16T19:59:00+00:00,171,323,0.531055900621118,126.5,109.5,170.0,1.552511415525114,0.10588235294117647,0.10588235294117647,False,True,False,False,broken,broken_up,False,True,True,True,True,False,True,0.34411764705882353,44,0.13333333333333333
NQ,2024-04-17,17957.25,17959.5,17808.25,17849.5,138228,60,2024-04-17T13:30:00+00:00,2024-04-17T14:29:00+00:00,17884.62180238447,17897.0,17968.5,17778.0,17957.5,148796,930,2024-04-16T22:00:00+00:00,2024-04-17T13:29:00+00:00,17849.5,17858.75,17615.25,17654.25,528283,330,2024-04-17T14:30:00+00:00,2024-04-17T19:59:00+00:00,177,325,0.5462962962962963,190.5,151.25,243.5,1.6099173553719008,0.8018480492813141,-0.8018480492813141,True,False,False,False,trapped,trapped,True,False,True,True,False,True,True,0.11328976034858387,0,0.0
NQ,2024-04-18,17673.5,17678.75,17552.0,17652.25,152722,60,2024-04-18T13:30:00+00:00,2024-04-18T14:29:00+00:00,17618.65403205388,17669.75,17770.75,17663.5,17673.0,126913,930,2024-04-17T22:00:00+00:00,2024-04-18T13:29:00+00:00,17652.0,17746.0,17521.5,17545.0,436594,330,2024-04-18T14:30:00+00:00,2024-04-18T19:59:00+00:00,167,326,0.5138461538461538,107.25,126.75,224.5,1.7712031558185404,0.4766146993318486,-0.4766146993318486,False,False,True,False,broken,broken_down,False,True,True,True,False,True,True,0.10467706013363029,11,0.03333333333333333
NQ,2024-04-19,17495.0,17517.0,17341.0,17376.0,157099,60,2024-04-19T13:30:00+00:00,2024-04-19T14:29:00+00:00,17441.354769922153,17530.75,17553.25,17181.75,17494.5,276253,930,2024-04-18T22:00:00+00:00,2024-04-19T13:29:00+00:00,17376.5,17422.25,17113.25,17181.75,559030,330,2024-04-19T14:30:00+00:00,2024-04-19T19:59:00+00:00,154,320,0.4827586206896552,371.5,176.0,309.0,1.7556818181818181,0.6302588996763754,-0.6302588996763754,True,False,False,False,trapped,trapped,False,False,True,True,False,True,True,0.1696594427244582,0,0.0
NQ,2024-04-22,17288.75,17331.5,17182.25,17192.75,133035,60,2024-04-22T13:30:00+00:00,2024-04-22T14:29:00+00:00,17275.135444933036,17228.25,17314.25,17195.75,17289.0,125946,930,2024-04-21T22:00:00+00:00,2024-04-22T13:29:00+00:00,17193.25,17448.0,17148.5,17350.5,362137,330,2024-04-22T14:30:00+00:00,2024-04-22T19:59:00+00:00,166,323,0.515527950310559,118.5,149.25,299.5,2.006700167504188,0.5250417362270451,0.5250417362270451,False,True,True,True,broken,broken_both,False,True,True,True,True,True,True,0.674457429048414,10,0.030303030303030304
NQ,2024-04-23,17428.75,17570.75,17413.75,17565.25,152803,60,2024-04-23T13:30:00+00:00,2024-04-23T14:29:00+00:00,17488.826551725644,17352.25,17437.0,17286.25,17428.25,116722,930,2024-04-22T22:00:00+00:00,2024-04-23T13:29:00+00:00,17565.5,17657.25,17541.25,17607.0,296858,330,2024-04-23T14:30:00+00:00,2024-04-23T19:59:00+00:00,170,327,0.5214723926380368,150.75,157.0,116.0,0.7388535031847133,0.3577586206896552,0.3577586206896552,False,True,False,False,broken,broken_up,False,True,False,True,True,False,True,0.7936344969199178,0,0.0
NQ,2024-04-24,17731.0,17795.5,17711.5,17727.5,138028,60,2024-04-24T13:30:00+00:00,2024-04-24T14:29:00+00:00,17749.009023531456,17682.0,17754.75,17664.25,17731.0,123359,930,2024-04-23T22:00:00+00:00,2024-04-24T13:29:00+00:00,17727.75,17742.25,17567.25,17658.25,356837,330,2024-04-24T14:30:00+00:00,2024-04-24T19:59:00+00:00,169,321,0.528125,90.5,84.0,175.0,2.0833333333333335,0.39714285714285713,-0.39714285714285713,False,True,False,False,broken,broken_up,False,False,True,True,False,True,True,0.39868565169769987,0,0.0
NQ,2024-04-25,17353.75,17447.0,17308.25,17432.25,181605,60,2024-04-25T13:30:00+00:00,2024-04-25T14:29:00+00:00,17364.91634683333,17450.0,17525.0,17332.0,17354.0,167848,930,2024-04-24T22:00:00+00:00,2024-04-25T13:29:00+00:00,17432.25,17605.0,17341.75,17567.25,403664,330,2024-04-25T14:30:00+00:00,2024-04-25T19:59:00+00:00,166,321,0.51875,193.0,138.75,263.25,1.8972972972972972,0.5128205128205128,0.5128205128205128,False,False,True,False,broken,broken_down,False,True,False,True,True,False,True,0.8727885425442291,13,0.03939393939393939
NQ,2024-04-26,17696.75,17840.5,17668.25,17795.25,157202,60,2024-04-26T13:30:00+00:00,2024-04-26T14:29:00+00:00,17763.905091856337,17808.25,17827.0,17676.5,17697.0,148777,930,2024-04-25T22:00:00+00:00,2024-04-26T13:29:00+00:00,17795.5,17901.5,17781.25,17839.25,302908,330,2024-04-26T14:30:00+00:00,2024-04-26T19:59:00+00:00,179,324,0.5541795665634675,150.5,172.25,120.25,0.6981132075471698,0.36382536382536385,0.36382536382536385,False,True,True,True,broken,broken_both,False,True,False,True,True,False,True,0.7331189710610932,0,0.0
NQ,2024-04-29,17921.5,17949.0,17830.0,17894.0,132112,60,2024-04-29T13:30:00+00:00,2024-04-29T14:29:00+00:00,17884.550315893583,17864.75,17929.0,17853.25,17921.75,90301,930,2024-04-28T22:00:00+00:00,2024-04-29T13:29:00+00:00,17894.0,17931.5,17791.25,17905.0,287784,330,2024-04-29T14:30:00+00:00,2024-04-29T19:59:00+00:00,160,322,0.4984423676012461,75.75,119.0,140.25,1.1785714285714286,0.0784313725490196,0.0784313725490196,False,True,True,True,broken,broken_both,False,False,True,True,False,True,True,0.7210776545166403,55,0.16666666666666666
NQ,2024-04-30,17836.25,17895.25,17824.0,17825.5,114376,60,2024-04-30T13:30:00+00:00,2024-04-30T14:29:00+00:00,17856.669589045487,17918.5,17920.25,17790.5,17835.75,104246,930,2024-04-29T22:00:00+00:00,2024-04-30T13:29:00+00:00,17825.5,17878.75,17563.5,17563.5,397768,330,2024-04-30T14:30:00+00:00,2024-04-30T19:59:00+00:00,159,326,0.48923076923076925,129.75,71.25,315.25,4.424561403508772,0.8310864393338621,-0.8310864393338621,True,False,False,False,trapped,trapped,False,False,True,True,False,True,True,0.0,5,0.015151515151515152
NQ,2024-05-01,17501.75,17517.5,17425.75,17468.25,125370,60,2024-05-01T13:30:00+00:00,2024-05-01T14:29:00+00:00,17475.42436255351,17462.5,17529.25,17412.0,17501.5,113498,930,2024-04-30T22:00:00+00:00,2024-05-01T13:29:00+00:00,17468.25,17793.25,17399.25,17431.5,514540,330,2024-05-01T14:30:00+00:00,2024-05-01T19:59:00+00:00,163,324,0.5046439628482973,117.25,91.75,394.0,4.294277929155314,0.0932741116751269,-0.0932741116751269,True,False,False,False,trapped,trapped,False,True,True,True,True,True,True,0.08185279187817258,23,0.0696969696969697
NQ,2024-05-02,17583.0,17602.5,17386.25,17498.25,170217,60,2024-05-02T13:30:00+00:00,2024-05-02T14:29:00+00:00,17499.192231093253,17487.0,17619.75,17487.0,17582.75,109553,929,2024-05-01T22:00:00+00:00,2024-05-02T13:29:00+00:00,17497.75,17685.5,17444.25,17648.25,319369,330,2024-05-02T14:30:00+00:00,2024-05-02T19:59:00+00:00,164,323,0.5093167701863354,132.75,216.25,241.25,1.115606936416185,0.6238341968911917,0.6238341968911917,False,False,True,False,broken,broken_down,False,True,False,True,True,False,True,0.8755221386800334,16,0.048484848484848485
NQ,2024-05-03,17957.5,18050.25,17893.75,17943.75,170384,60,2024-05-03T13:30:00+00:00,2024-05-03T14:29:00+00:00,17955.264720181083,17744.25,17968.0,17719.5,17957.75,124074,930,2024-05-02T22:00:00+00:00,2024-05-03T13:29:00+00:00,17943.75,18027.75,17895.25,18001.5,239864,330,2024-05-03T14:30:00+00:00,2024-05-03T19:59:00+00:00,165,323,0.5124223602484472,248.5,156.5,132.5,0.8466453674121406,0.4358490566037736,0.4358490566037736,False,True,False,False,broken,broken_up,False,False,False,False,False,False,False,0.6884984025559105,10,0.030303030303030304
NQ,2024-05-06,18074.25,18117.0,18042.75,18094.0,94682,60,2024-05-06T13:30:00+00:00,2024-05-06T14:29:00+00:00,18087.1421248671,18047.5,18078.25,17983.75,18074.25,71399,930,2024-05-05T22:00:00+00:00,2024-05-06T13:29:00+00:00,18094.25,18198.25,18067.25,18197.25,207082,330,2024-05-06T14:30:00+00:00,2024-05-06T19:59:00+00:00,171,321,0.534375,94.5,74.25,131.0,1.7643097643097643,0.7862595419847328,0.7862595419847328,False,True,False,False,broken,broken_up,False,True,False,True,True,False,True,0.9935691318327974,18,0.05454545454545454
NQ,2024-05-07,18211.25,18236.0,18181.75,18188.5,104802,60,2024-05-07T13:30:00+00:00,2024-05-07T14:29:00+00:00,18207.963470003753,18189.5,18213.5,18151.0,18210.25,74612,928,2024-05-06T22:00:00+00:00,2024-05-07T13:29:00+00:00,18188.25,18266.25,18166.5,18196.5,274597,330,2024-05-07T14:30:00+00:00,2024-05-07T19:59:00+00:00,155,317,0.49050632911392406,62.5,54.25,99.75,1.8387096774193548,0.08270676691729323,0.08270676691729323,False,True,False,False,broken,broken_up,False,True,True,True,True,False,True,0.3007518796992481,25,0.07575757575757576
NQ,2024-05-08,18084.0,18211.0,18078.5,18204.5,102871,60,2024-05-08T13:30:00+00:00,2024-05-08T14:29:00+00:00,18146.77464008321,18194.0,18216.75,18072.5,18083.25,90618,929,2024-05-07T22:00:00+00:00,2024-05-08T13:29:00+00:00,18204.5,18242.25,18138.75,18183.0,242625,330,2024-05-08T14:30:00+00:00,2024-05-08T19:59:00+00:00,171,321,0.534375,144.25,132.5,103.5,0.7811320754716982,0.20772946859903382,-0.20772946859903382,True,False,False,False,trapped,trapped,True,True,False,True,True,False,True,0.6381679389312978,10,0.030303030303030304
NQ,2024-05-09,18186.75,18204.0,18108.75,18151.25,113004,60,2024-05-09T13:30:00+00:00,2024-05-09T14:29:00+00:00,18154.018327522328,18160.75,18210.5,18103.75,18187.0,81781,928,2024-05-08T22:00:00+00:00,2024-05-09T13:29:00+00:00,18151.0,18239.25,18150.75,18215.75,262523,330,2024-05-09T14:30:00+00:00,2024-05-09T19:59:00+00:00,162,320,0.5078369905956113,106.75,95.25,88.5,0.9291338582677166,0.731638418079096,0.731638418079096,True,False,False,False,trapped,trapped,True,True,False,True,True,False,True,0.8199233716475096,1,0.0030303030303030303
NQ,2024-05-10,18274.25,18348.0,18225.5,18231.75,121230,60,2024-05-10T13:30:00+00:00,2024-05-10T14:29:00+00:00,18293.754542330003,18226.0,18306.75,18213.5,18274.25,83672,930,2024-05-09T22:00:00+00:00,2024-05-10T13:29:00+00:00,18232.0,18271.0,18188.5,18254.25,255692,330,2024-05-10T14:30:00+00:00,2024-05-10T19:59:00+00:00,163,317,0.5158227848101266,93.25,122.5,82.5,0.673469387755102,0.2696969696969697,0.2696969696969697,False,True,False,False,broken,broken_up,False,False,True,True,False,True,True,0.4122257053291536,0,0.0
NQ,2024-05-13,18331.75,18336.25,18252.25,18304.5,99336,60,2024-05-13T13:30:00+00:00,2024-05-13T14:29:00+00:00,18290.623217329736,18238.0,18335.25,18228.75,18331.75,72709,930,2024-05-12T22:00:00+00:00,2024-05-13T13:29:00+00:00,18304.75,18309.5,18235.0,18295.75,224313,330,2024-05-13T14:30:00+00:00,2024-05-13T19:59:00+00:00,185,318,0.583596214511041,106.5,84.0,74.5,0.8869047619047619,0.12080536912751678,-0.12080536912751678,False,True,False,False,broken,broken_up,False,False,True,True,False,False,False,0.6,66,0.2
NQ,2024-05-14,18274.25,18370.75,18265.5,18364.25,129788,60,2024-05-14T13:30:00+00:00,2024-05-14T14:29:00+00:00,18306.10183465857,18282.0,18308.75,18165.5,18273.5,102190,930,2024-05-13T22:00:00+00:00,2024-05-14T13:29:00+00:00,18364.5,18433.0,18283.25,18411.25,303328,330,2024-05-14T14:30:00+00:00,2024-05-14T19:59:00+00:00,166,327,0.50920245398773,143.25,105.25,149.75,1.4228028503562946,0.3121869782971619,0.3121869782971619,False,True,False,False,broken,broken_up,False,True,False,True,True,False,True,0.8701492537313433,40,0.12121212121212122
NQ,2024-05-15,18509.5,18542.5,18446.75,18531.0,138876,60,2024-05-15T13:30:00+00:00,2024-05-15T14:29:00+00:00,18503.489509226456,18409.75,18547.75,18393.0,18509.5,127310,930,2024-05-14T22:00:00+00:00,2024-05-15T13:29:00+00:00,18531.25,18707.0,18527.5,18692.75,309757,330,2024-05-15T14:30:00+00:00,2024-05-15T19:59:00+00:00,163,319,0.5125786163522013,154.75,95.75,179.5,1.8746736292428199,0.8997214484679665,0.8997214484679665,True,False,False,False,trapped,trapped,True,True,False,True,True,False,True,0.9452449567723343,0,0.0
NQ,2024-05-16,18678.75,18723.0,18672.0,18716.5,108462,60,2024-05-16T13:30:00+00:00,2024-05-16T14:29:00+00:00,18696.98858816913,18693.25,18738.75,18678.25,18678.75,88358,930,2024-05-15T22:00:00+00:00,2024-05-16T13:29:00+00:00,18716.5,18760.75,18643.75,18651.0,329895,330,2024-05-16T14:30:00+00:00,2024-05-16T19:59:00+00:00,152,317,0.4810126582278481,60.5,51.0,117.0,2.2941176470588234,0.5598290598290598,-0.5598290598290598,False,False,True,False,broken,broken_down,False,True,True,True,True,True,True,0.06196581196581197,35,0.10606060606060606
NQ,2024-05-17,18651.25,18667.5,18620.5,18664.5,106766,60,2024-05-17T13:30:00+00:00,2024-05-17T14:29:00+00:00,18645.084050634097,18642.0,18686.75,18617.0,18651.25,78202,929,2024-05-16T22:00:00+00:00,2024-05-17T13:29:00+00:00,18664.75,18677.0,18545.0,18638.5,285582,330,2024-05-17T14:30:00+00:00,2024-05-17T19:59:00+00:00,155,316,0.49206349206349204,69.75,47.0,132.0,2.8085106382978724,0.19886363636363635,-0.19886363636363635,True,False,False,False,trapped,trapped,False,True,True,True,False,True,True,0.7083333333333334,31,0.09393939393939393
NQ,2024-05-20,18643.5,18758.5,18635.25,18752.75,109976,60,2024-05-20T13:30:00+00:00,2024-05-20T14:29:00+00:00,18714.85684073495,18633.5,18689.5,18633.0,18643.5,64251,930,2024-05-19T22:00:00+00:00,2024-05-20T13:29:00+00:00,18752.25,18794.5,18707.0,18766.25,276433,330,2024-05-20T14:30:00+00:00,2024-05-20T19:59:00+00:00,168,322,0.5233644859813084,56.5,123.25,87.5,0.7099391480730223,0.16,0.16,False,True,False,False,broken,broken_up,False,True,False,True,True,False,True,0.8226059654631083,2,0.006060606060606061
NQ,2024-05-21,18686.0,18731.5,18678.0,18730.75,102760,60,2024-05-21T13:30:00+00:00,2024-05-21T14:29:00+00:00,18705.31908086804,18746.0,18763.25,18680.5,18686.0,80472,928,2024-05-20T22:00:00+00:00,2024-05-21T13:29:00+00:00,18730.75,18808.75,18727.25,18800.75,227002,330,2024-05-21T14:30:00+00:00,2024-05-21T19:59:00+00:00,153,316,0.4857142857142857,82.75,53.5,81.5,1.5233644859813085,0.8588957055214724,0.8588957055214724,False,False,True,False,broken,broken_down,False,True,False,True,True,False,True,0.9388145315487572,0,0.0
NQ,2024-05-22,18808.0,18832.75,18788.75,18816.75,98628,60,2024-05-22T13:30:00+00:00,2024-05-22T14:29:00+00:00,18814.985384474996,18798.25,18824.0,18755.0,18807.75,75171,930,2024-05-21T22:00:00+00:00,2024-05-22T13:29:00+00:00,18816.75,18838.75,18684.25,18793.75,352927,330,2024-05-22T14:30:00+00:00,2024-05-22T19:59:00+00:00,155,317,0.49050632911392406,69.0,44.0,154.5,3.5113636363636362,0.1488673139158576,-0.1488673139158576,False,True,False,False,broken,broken_up,False,True,True,True,True,True,True,0.7087378640776699,35,0.10606060606060606
NQ,2024-05-23,18981.5,18982.5,18838.0,18894.0,187905,60,2024-05-23T13:30:00+00:00,2024-05-23T14:29:00+00:00,18902.812343560134,18860.5,19023.25,18843.25,18982.0,111713,930,2024-05-22T22:00:00+00:00,2024-05-23T13:29:00+00:00,18893.5,18933.5,18621.5,18696.75,528287,330,2024-05-23T14:30:00+00:00,2024-05-23T19:59:00+00:00,142,325,0.4382716049382716,180.0,144.5,312.0,2.1591695501730106,0.6306089743589743,-0.6306089743589743,False,False,True,False,broken,broken_down,False,False,True,True,False,True,True,0.2084487534626039,21,0.06363636363636363
NQ,2024-05-24,18762.25,18838.0,18732.5,18833.5,131914,60,2024-05-24T13:30:00+00:00,2024-05-24T14:29:00+00:00,18774.908476987534,18684.0,18772.75,18680.0,18762.25,90356,930,2024-05-23T22:00:00+00:00,2024-05-24T13:29:00+00:00,18833.25,18926.0,18813.5,18874.25,303224,330,2024-05-24T14:30:00+00:00,2024-05-24T19:59:00+00:00,158,323,0.4906832298136646,92.75,105.5,112.5,1.066350710900474,0.36444444444444446,0.36444444444444446,False,True,False,False,broken,broken_up,False,True,False,True,True,False,True,0.7325581395348837,0,0.0
NQ,2024-05-27,18879.0,18911.0,18876.0,18879.5,13460,60,2024-05-27T13:30:00+00:00,2024-05-27T14:29:00+00:00,18890.89587048044,18874.75,18889.0,18833.5,18879.25,33771,930,2024-05-26T22:00:00+00:00,2024-05-27T13:29:00+00:00,18879.25,18956.0,18878.0,18950.75,25559,150,2024-05-27T14:30:00+00:00,2024-05-27T16:59:00+00:00,70,143,0.49295774647887325,55.5,35.0,78.0,2.2285714285714286,0.9166666666666666,0.9166666666666666,False,True,False,False,broken,broken_up,False,True,False,True,True,False,True,0.934375,1,0.006666666666666667
NQ,2024-05-28,18920.25,18936.5,18839.0,18895.5,114043,60,2024-05-28T13:30:00+00:00,2024-05-28T14:29:00+00:00,18884.349077394785,18950.5,18980.5,18885.0,18920.25,97058,930,2024-05-27T22:00:00+00:00,2024-05-28T13:29:00+00:00,18895.75,18945.5,18819.5,18943.0,330616,330,2024-05-28T14:30:00+00:00,2024-05-28T19:59:00+00:00,152,323,0.4720496894409938,95.5,97.5,126.0,1.2923076923076924,0.375,0.375,False,False,True,False,broken,broken_down,False,True,True,True,False,True,True,0.9801587301587301,21,0.06363636363636363
NQ,2024-05-29,18765.25,18867.75,18761.0,18852.0,132614,60,2024-05-29T13:30:00+00:00,2024-05-29T14:29:00+00:00,18817.306175567188,18949.5,18949.75,18755.25,18765.5,113488,930,2024-05-28T22:00:00+00:00,2024-05-29T13:29:00+00:00,18852.5,18879.75,18785.0,18810.75,298513,330,2024-05-29T14:30:00+00:00,2024-05-29T19:59:00+00:00,166,315,0.5286624203821656,194.5,106.75,94.75,0.8875878220140515,0.44063324538258575,-0.44063324538258575,True,False,False,False,trapped,trapped,True,True,False,True,False,False,False,0.4189473684210526,6,0.01818181818181818
NQ,2024-05-30,18764.75,18769.5,18684.25,18718.75,123419,60,2024-05-30T13:30:00+00:00,2024-05-30T14:29:00+00:00,18729.389177652283,18753.0,18787.0,18657.75,18765.0,114787,930,2024-05-29T22:00:00+00:00,2024-05-30T13:29:00+00:00,18718.5,18729.0,18546.25,18604.0,349794,330,2024-05-30T14:30:00+00:00,2024-05-30T19:59:00+00:00,167,323,0.5186335403726708,129.25,85.25,182.75,2.1436950146627565,0.6265389876880985,-0.6265389876880985,True,False,False,False,trapped,trapped,False,False,True,True,False,True,True,0.25867861142217247,0,0.0
NQ,2024-05-31,18602.0,18631.5,18415.0,18421.25,152292,60,2024-05-31T13:30:00+00:00,2024-05-31T14:29:00+00:00,18533.131489725878,18590.75,18668.25,18485.0,18602.0,142501,930,2024-05-30T22:00:00+00:00,2024-05-31T13:29:00+00:00,18421.0,18601.0,18241.25,18598.5,484711,330,2024-05-31T14:30:00+00:00,2024-05-31T19:59:00+00:00,147,324,0.4551083591331269,183.25,216.5,359.75,1.661662817551963,0.49339819318971506,0.49339819318971506,False,False,True,False,broken,broken_down,False,False,True,True,False,True,True,0.9154388212684177,2,0.006060606060606061
NQ,2024-06-03,18712.75,18755.5,18645.5,18697.5,137969,60,2024-06-03T13:30:00+00:00,2024-06-03T14:29:00+00:00,18700.75381728262,18590.25,18716.5,18539.25,18712.75,107909,930,2024-06-02T22:00:00+00:00,2024-06-03T13:29:00+00:00,18697.75,18701.75,18435.75,18652.75,396607,330,2024-06-03T14:30:00+00:00,2024-06-03T19:59:00+00:00,153,325,0.4722222222222222,177.25,110.0,266.0,2.418181818181818,0.16917293233082706,-0.16917293233082706,False,True,False,False,broken,broken_up,False,False,True,True,False,True,True,0.6786551993745114,1,0.0030303030303030303
NQ,2024-06-04,18637.75,18664.0,18567.75,18619.75,127983,60,2024-06-04T13:30:00+00:00,2024-06-04T14:29:00+00:00,18612.87936158188,18662.5,18677.0,18511.25,18638.5,103686,930,2024-06-03T22:00:00+00:00,2024-06-04T13:29:00+00:00,18619.5,18753.25,18570.75,18701.75,361651,330,2024-06-04T14:30:00+00:00,2024-06-04T19:59:00+00:00,151,323,0.468944099378882,165.75,96.25,182.5,1.896103896103896,0.4506849315068493,0.4506849315068493,True,False,False,False,trapped,trapped,False,True,False,True,True,False,True,0.7223719676549866,28,0.08484848484848485
NQ,2024-06-05,18848.75,18894.0,18800.0,18891.75,119095,60,2024-06-05T13:30:00+00:00,2024-06-05T14:29:00+00:00,18844.415729739565,18711.0,18853.75,18696.25,18849.0,99632,930,2024-06-04T22:00:00+00:00,2024-06-05T13:29:00+00:00,18892.0,19079.5,18892.0,19077.5,323675,330,2024-06-05T14:30:00+00:00,2024-06-05T19:59:00+00:00,148,324,0.4582043343653251,157.5,94.0,187.5,1.9946808510638299,0.9893333333333333,0.9893333333333333,False,True,False,False,broken,broken_up,False,True,False,True,True,False,True,0.9928443649373881,0,0.0
NQ,2024-06-06,19102.75,19115.75,19032.25,19080.5,122506,60,2024-06-06T13:30:00+00:00,2024-06-06T14:29:00+00:00,19074.619131579948,19089.5,19124.5,19057.0,19103.0,92744,930,2024-06-05T22:00:00+00:00,2024-06-06T13:29:00+00:00,19080.5,19106.5,19017.25,19065.75,285785,330,2024-06-06T14:30:00+00:00,2024-06-06T19:59:00+00:00,160,323,0.4968944099378882,67.5,83.5,89.25,1.0688622754491017,0.16526610644257703,-0.16526610644257703,False,False,True,False,broken,broken_down,False,False,True,True,False,True,True,0.49238578680203043,35,0.10606060606060606
NQ,2024-06-07,19040.5,19065.0,18992.5,19038.75,89990,60,2024-06-07T13:30:00+00:00,2024-06-07T14:29:00+00:00,19029.77253120717,19064.0,19146.75,18940.0,19040.75,127761,929,2024-06-06T22:00:00+00:00,2024-06-07T13:29:00+00:00,19038.25,19155.0,18997.0,19040.75,372203,330,2024-06-07T14:30:00+00:00,2024-06-07T19:59:00+00:00,153,323,0.4751552795031056,206.75,72.5,158.0,2.179310344827586,0.015822784810126583,0.015822784810126583,True,False,False,False,trapped,trapped,False,True,False,True,True,False,True,0.2969230769230769,29,0.08787878787878788
NQ,2024-06-10,18988.75,19037.5,18977.75,19034.75,104412,60,2024-06-10T13:30:00+00:00,2024-06-10T14:29:00+00:00,19005.202257243738,19025.0,19059.75,18974.25,18988.75,86361,929,2024-06-09T22:00:00+00:00,2024-06-10T13:29:00+00:00,19035.25,19129.75,19022.25,19112.5,361878,330,2024-06-10T14:30:00+00:00,2024-06-10T19:59:00+00:00,156,321,0.4875,85.5,59.75,107.5,1.799163179916318,0.7186046511627907,0.7186046511627907,True,False,False,False,trapped,trapped,True,True,False,True,True,False,True,0.8865131578947368,0,0.0
NQ,2024-06-11,19058.0,19091.25,18994.5,19087.25,130943,60,2024-06-11T13:30:00+00:00,2024-06-11T14:29:00+00:00,19052.301614061085,19107.25,19113.5,19029.5,19057.75,78579,930,2024-06-10T22:00:00+00:00,2024-06-11T13:29:00+00:00,19087.25,19247.5,19063.25,19242.0,329485,330,2024-06-11T14:30:00+00:00,2024-06-11T19:59:00+00:00,162,321,0.50625,84.0,96.75,184.25,1.9043927648578811,0.8398914518317503,0.8398914518317503,False,False,True,False,broken,broken_down,False,True,False,True,True,False,True,0.9782608695652174,0,0.0
NQ,2024-06-12,19402.25,19544.0,19374.75,19543.5,137158,60,2024-06-12T13:30:00+00:00,2024-06-12T14:29:00+00:00,19475.011175675743,19248.0,19458.75,19233.5,19402.0,116067,930,2024-06-11T22:00:00+00:00,2024-06-12T13:29:00+00:00,19543.5,19588.75,19433.0,19492.25,388428,330,2024-06-12T14:30:00+00:00,2024-06-12T19:59:00+00:00,158,321,0.49375,225.25,169.25,155.75,0.9202363367799113,0.3290529695024077,-0.3290529695024077,False,True,False,False,broken,broken_up,False,True,False,True,True,False,True,0.5490654205607477,15,0.045454545454545456
NQ,2024-06-13,19636.75,19663.5,19534.75,19574.0,125285,60,2024-06-13T13:30:00+00:00,2024-06-13T14:29:00+00:00,19616.035825650855,19602.0,19691.0,19582.25,19636.5,107022,930,2024-06-12T22:00:00+00:00,2024-06-13T13:29:00+00:00,19574.5,19632.25,19500.0,19592.5,293756,330,2024-06-13T14:30:00+00:00,2024-06-13T19:59:00+00:00,150,318,0.47318611987381703,108.75,128.75,132.25,1.0271844660194174,0.13610586011342155,0.13610586011342155,False,False,True,False,broken,broken_down,False,False,True,True,False,True,True,0.5657492354740061,5,0.015151515151515152
NQ,2024-06-14,19578.0,19648.5,19557.25,19624.25,114596,60,2024-06-14T13:30:00+00:00,2024-06-14T14:29:00+00:00,19607.55053550444,19602.75,19658.5,19501.5,19577.75,119104,930,2024-06-13T22:00:00+00:00,2024-06-14T13:29:00+00:00,19624.25,19692.5,19563.5,19687.5,264907,330,2024-06-14T14:30:00+00:00,2024-06-14T19:59:00+00:00,141,325,0.4351851851851852,157.0,91.25,129.0,1.4136986301369863,0.4903100775193798,0.4903100775193798,True,False,False,False,trapped,trapped,False,True,False,True,True,False,True,0.9630314232902033,23,0.0696969696969697
NQ,2024-06-17,19958.0,19984.0,19904.0,19947.75,93893,60,2024-06-17T13:30:00+00:00,2024-06-17T14:29:00+00:00,19950.175616570636,19695.0,20012.75,19670.0,19957.5,64784,930,2024-06-16T22:00:00+00:00,2024-06-17T13:29:00+00:00,19947.75,20271.25,19945.25,20196.5,326796,330,2024-06-17T14:30:00+00:00,2024-06-17T19:59:00+00:00,163,325,0.5030864197530864,342.75,80.0,326.0,4.075,0.7630368098159509,0.7630368098159509,True,False,False,False,trapped,trapped,False,True,False,True,True,False,True,0.7964601769911505,2,0.006060606060606061
NQ,2024-06-18,20191.75,20219.0,20164.25,20179.75,107431,60,2024-06-18T13:30:00+00:00,2024-06-18T14:29:00+00:00,20192.01612973288,20193.0,20270.5,20158.0,20191.75,88218,930,2024-06-17T22:00:00+00:00,2024-06-18T13:29:00+00:00,20179.75,20229.5,20127.0,20199.5,282218,330,2024-06-18T14:30:00+00:00,2024-06-18T19:59:00+00:00,179,320,0.5611285266457681,112.5,54.75,102.5,1.8721461187214612,0.1926829268292683,0.1926829268292683,True,False,False,False,trapped,trapped,False,True,True,True,False,True,True,0.7073170731707317,67,0.20303030303030303
NQ,2024-06-19,20242.75,20252.5,20235.25,20235.5,11717,60,2024-06-19T13:30:00+00:00,2024-06-19T14:29:00+00:00,20241.766813177434,20204.5,20250.5,20204.0,20242.5,38583,930,2024-06-18T22:00:00+00:00,2024-06-19T13:29:00+00:00,20235.25,20248.25,20223.5,20231.0,16583,150,2024-06-19T14:30:00+00:00,2024-06-19T16:59:00+00:00,73,136,0.5407407407407407,46.5,17.25,24.75,1.434782608695652,0.1717171717171717,-0.1717171717171717,False,True,False,False,broken,broken_up,False,False,True,True,False,False,False,0.25862068965517243,15,0.1
NQ,2024-06-20,20245.75,20263.25,20118.5,20167.0,162162,60,2024-06-20T13:30:00+00:00,2024-06-20T14:29:00+00:00,20205.151505901507,20232.0,20371.0,20227.5,20246.0,107732,930,2024-06-19T22:00:00+00:00,2024-06-20T13:29:00+00:00,20167.0,20228.75,19958.25,20035.25,498877,330,2024-06-20T14:30:00+00:00,2024-06-20T19:59:00+00:00,150,326,0.46153846153846156,143.5,144.75,270.5,1.8687392055267702,0.48706099815157117,-0.48706099815157117,False,False,True,False,broken,broken_down,False,False,True,True,False,True,True,0.25245901639344265,8,0.024242424242424242
NQ,2024-06-21,20017.0,20028.0,19914.25,19964.5,130082,60,2024-06-21T13:30:00+00:00,2024-06-21T14:29:00+00:00,19974.81760223039,20043.25,20086.0,19947.75,20017.25,115740,930,2024-06-20T22:00:00+00:00,2024-06-21T13:29:00+00:00,19965.0,20072.75,19943.0,19975.0,314401,330,2024-06-21T14:30:00+00:00,2024-06-21T19:59:00+00:00,159,327,0.48773006134969327,138.25,113.75,129.75,1.1406593406593406,0.07707129094412331,0.07707129094412331,False,False,True,False,broken,broken_down,False,True,False,True,False,False,False,0.3832807570977918,30,0.09090909090909091
NQ,2024-06-24,19922.5,19995.5,19866.75,19891.5,145044,60,2024-06-24T13:30:00+00:00,2024-06-24T14:29:00+00:00,19935.32156506531,20014.75,20030.25,19895.5,19922.5,105522,930,2024-06-23T22:00:00+00:00,2024-06-24T13:29:00+00:00,19892.5,19941.25,19740.5,19744.75,405102,330,2024-06-24T14:30:00+00:00,2024-06-24T19:59:00+00:00,175,324,0.541795665634675,134.75,128.75,200.75,1.5592233009708738,0.7359900373599004,-0.7359900373599004,False,False,True,False,broken,broken_down,False,False,True,True,False,True,True,0.016666666666666666,5,0.015151515151515152
NQ,2024-06-25,19830.0,19898.0,19792.25,19880.5,124979,60,2024-06-25T13:30:00+00:00,2024-06-25T14:29:00+00:00,19846.105839781085,19756.0,19851.0,19726.0,19830.0,102338,930,2024-06-24T22:00:00+00:00,2024-06-25T13:29:00+00:00,19880.5,19981.25,19837.75,19966.75,325423,330,2024-06-25T14:30:00+00:00,2024-06-25T19:59:00+00:00,165,324,0.5108359133126935,125.0,105.75,143.5,1.3569739952718676,0.6010452961672473,0.6010452961672473,False,True,False,False,broken,broken_up,False,True,False,True,True,False,True,0.9232804232804233,3,0.00909090909090909
NQ,2024-06-26,19929.25,20024.0,19919.25,19959.25,111370,60,2024-06-26T13:30:00+00:00,2024-06-26T14:29:00+00:00,19970.803278860258,19973.0,20070.5,19901.0,19929.0,114824,930,2024-06-25T22:00:00+00:00,2024-06-26T13:29:00+00:00,19959.25,20028.0,19912.0,20004.75,327288,330,2024-06-26T14:30:00+00:00,2024-06-26T19:59:00+00:00,159,324,0.49226006191950467,169.5,104.75,116.0,1.107398568019093,0.3922413793103448,0.3922413793103448,True,False,False,False,trapped,trapped,False,True,True,True,False,False,False,0.7995689655172413,84,0.2545454545454545
NQ,2024-06-27,19990.5,20116.75,19989.75,20080.5,150276,60,2024-06-27T13:30:00+00:00,2024-06-27T14:29:00+00:00,20063.1675034603,19946.0,20008.0,19874.25,19990.25,90528,930,2024-06-26T22:00:00+00:00,2024-06-27T13:29:00+00:00,20080.25,20084.5,19954.0,20048.0,322567,330,2024-06-27T14:30:00+00:00,2024-06-27T19:59:00+00:00,163,321,0.509375,133.75,127.0,130.5,1.0275590551181102,0.2471264367816092,-0.2471264367816092,False,True,False,False,broken,broken_up,False,False,True,True,False,False,False,0.5775729646697388,14,0.04242424242424243
NQ,2024-06-28,20070.5,20273.25,20039.25,20215.75,154287,60,2024-06-28T13:30:00+00:00,2024-06-28T14:29:00+00:00,20162.491636257968,20063.25,20178.0,20058.5,20070.5,110783,930,2024-06-27T22:00:00+00:00,2024-06-28T13:29:00+00:00,20215.5,20247.5,19906.25,19932.5,446709,330,2024-06-28T14:30:00+00:00,2024-06-28T19:59:00+00:00,161,323,0.5,119.5,234.0,341.25,1.4583333333333333,0.8293040293040294,-0.8293040293040294,False,True,True,True,broken,broken_both,False,False,True,True,False,True,True,0.07152588555858311,2,0.006060606060606061
NQ,2024-07-01,19971.75,19985.75,19811.75,19936.25,165184,60,2024-07-01T13:30:00+00:00,2024-07-01T14:29:00+00:00,19902.964497166795,19970.0,20020.75,19901.5,19971.25,115229,930,2024-06-30T22:00:00+00:00,2024-07-01T13:29:00+00:00,19936.0,20074.0,19863.75,20048.75,339342,330,2024-07-01T14:30:00+00:00,2024-07-01T19:59:00+00:00,162,325,0.5,119.25,174.0,210.25,1.2083333333333333,0.5362663495838288,0.5362663495838288,False,False,True,False,broken,broken_down,False,True,False,True,True,False,True,0.90371782650143,23,0.0696969696969697
NQ,2024-07-02,19982.25,20098.0,19976.75,20058.75,153397,60,2024-07-02T13:30:00+00:00,2024-07-02T14:29:00+00:00,20047.108437040275,20045.75,20054.5,19910.0,19982.25,104240,930,2024-07-01T22:00:00+00:00,2024-07-02T13:29:00+00:00,20058.25,20259.25,20056.75,20256.5,333241,330,2024-07-02T14:30:00+00:00,2024-07-02T19:59:00+00:00,172,321,0.5375,144.5,121.25,202.5,1.6701030927835052,0.9790123456790123,0.9790123456790123,False,True,False,False,broken,broken_up,False,True,False,True,True,False,True,0.9902654867256637,0,0.0
NQ,2024-07-03,20216.25,20300.0,20216.0,20260.75,119337,60,2024-07-03T13:30:00+00:00,2024-07-03T14:29:00+00:00,20261.735983670893,20241.0,20283.75,20205.0,20216.0,84095,930,2024-07-02T22:00:00+00:00,2024-07-03T13:29:00+00:00,20260.0,20435.25,20251.75,20419.5,186209,165,2024-07-03T14:30:00+00:00,2024-07-03T17:14:00+00:00,91,164,0.558282208588957,78.75,84.0,183.5,2.1845238095238093,0.8692098092643051,0.8692098092643051,False,True,False,False,broken,broken_up,False,True,False,True,True,False,True,0.928164196123147,5,0.030303030303030304
NQ,2024-07-04,20405.25,20406.25,20372.0,20380.0,11856,60,2024-07-04T13:30:00+00:00,2024-07-04T14:29:00+00:00,20385.478569219526,20419.25,20420.5,20390.25,20405.5,26440,927,2024-07-03T22:00:00+00:00,2024-07-04T13:29:00+00:00,20380.25,20393.75,20369.75,20381.25,14398,150,2024-07-04T14:30:00+00:00,2024-07-04T16:59:00+00:00,70,141,0.5,30.25,34.25,24.0,0.7007299270072993,0.041666666666666664,0.041666666666666664,False,False,True,False,broken,broken_down,False,False,True,True,False,True,True,0.3150684931506849,22,0.14666666666666667
NQ,2024-07-05,20441.5,20544.25,20428.25,20517.5,147896,60,2024-07-05T13:30:00+00:00,2024-07-05T14:29:00+00:00,20485.435297438744,20381.25,20496.0,20361.0,20441.5,88434,929,2024-07-04T22:00:00+00:00,2024-07-05T13:29:00+00:00,20517.25,20639.5,20490.5,20621.75,287508,330,2024-07-05T14:30:00+00:00,2024-07-05T19:59:00+00:00,158,323,0.4906832298136646,135.0,116.0,149.0,1.2844827586206897,0.7013422818791947,0.7013422818791947,False,True,False,False,broken,broken_up,False,True,False,True,True,False,True,0.9159763313609467,0,0.0
NQ,2024-07-08,20632.5,20653.5,20596.75,20624.0,124162,60,2024-07-08T13:30:00+00:00,2024-07-08T14:29:00+00:00,20623.88295466138,20591.5,20641.75,20579.25,20632.5,72629,930,2024-07-07T22:00:00+00:00,2024-07-08T13:29:00+00:00,20624.0,20688.0,20588.0,20666.5,279053,330,2024-07-08T14:30:00+00:00,2024-07-08T19:59:00+00:00,153,314,0.48881789137380194,62.5,56.75,100.0,1.7621145374449338,0.425,0.425,False,True,False,False,broken,broken_up,False,True,True,True,True,False,True,0.785,58,0.17575757575757575
NQ,2024-07-09,20723.25,20771.75,20693.25,20704.25,131374,60,2024-07-09T13:30:00+00:00,2024-07-09T14:29:00+00:00,20737.58813197436,20681.0,20748.75,20672.5,20723.0,88517,929,2024-07-08T22:00:00+00:00,2024-07-09T13:29:00+00:00,20704.25,20742.0,20615.75,20679.5,332587,330,2024-07-09T14:30:00+00:00,2024-07-09T19:59:00+00:00,166,322,0.5171339563862928,76.25,78.5,126.25,1.60828025477707,0.19603960396039605,-0.19603960396039605,False,True,False,False,broken,broken_up,False,False,True,True,False,True,True,0.40865384615384615,4,0.012121212121212121
NQ,2024-07-10,20758.0,20796.5,20721.5,20771.75,137734,60,2024-07-10T13:30:00+00:00,2024-07-10T14:29:00+00:00,20760.616169573237,20686.0,20767.25,20684.5,20758.25,66822,930,2024-07-09T22:00:00+00:00,2024-07-10T13:29:00+00:00,20772.0,20916.75,20703.0,20894.5,340846,330,2024-07-10T14:30:00+00:00,2024-07-10T19:59:00+00:00,160,326,0.49230769230769234,82.75,75.0,213.75,2.85,0.5730994152046783,0.5730994152046783,False,True,False,False,broken,broken_up,False,True,True,True,True,False,True,0.895906432748538,18,0.05454545454545454
NQ,2024-07-11,20894.5,20902.25,20657.0,20691.0,197292,60,2024-07-11T13:30:00+00:00,2024-07-11T14:29:00+00:00,20808.076824368614,20895.5,20983.75,20853.25,20894.75,125497,930,2024-07-10T22:00:00+00:00,2024-07-11T13:29:00+00:00,20691.5,20726.5,20377.25,20429.75,545915,330,2024-07-11T14:30:00+00:00,2024-07-11T19:59:00+00:00,155,327,0.4754601226993865,130.5,245.25,349.25,1.4240570846075433,0.7494631352899069,-0.7494631352899069,False,False,True,False,broken,broken_down,False,False,True,True,False,True,True,0.1,0,0.0
NQ,2024-07-12,20443.25,20587.0,20425.25,20550.5,154708,60,2024-07-12T13:30:00+00:00,2024-07-12T14:29:00+00:00,20508.33797702769,20432.75,20468.5,20335.0,20443.5,118163,930,2024-07-11T22:00:00+00:00,2024-07-12T13:29:00+00:00,20550.5,20741.0,20510.25,20540.5,421879,330,2024-07-12T14:30:00+00:00,2024-07-12T19:59:00+00:00,170,322,0.5295950155763239,133.5,161.75,230.75,1.4265842349304483,0.04333694474539545,-0.04333694474539545,False,True,False,False,broken,broken_up,False,True,False,True,True,False,True,0.36500395882818687,0,0.0
NQ,2024-07-15,20610.0,20687.5,20581.75,20681.5,146091,60,2024-07-15T13:30:00+00:00,2024-07-15T14:29:00+00:00,20633.948431114855,20580.0,20652.5,20508.0,20609.5,89343,930,2024-07-14T22:00:00+00:00,2024-07-15T13:29:00+00:00,20681.25,20797.0,20506.25,20593.25,440346,330,2024-07-15T14:30:00+00:00,2024-07-15T19:59:00+00:00,154,325,0.47530864197530864,144.5,105.75,290.75,2.7494089834515365,0.30266552020636284,-0.30266552020636284,False,True,False,False,broken,broken_up,False,True,True,True,True,True,True,0.2992261392949269,25,0.07575757575757576
NQ,2024-07-16,20649.25,20684.5,20485.5,20523.75,157671,60,2024-07-16T13:30:00+00:00,2024-07-16T14:29:00+00:00,20577.93170113718,20628.0,20655.0,20541.75,20648.75,90464,930,2024-07-15T22:00:00+00:00,2024-07-16T13:29:00+00:00,20523.75,20614.25,20464.5,20599.5,359787,330,2024-07-16T14:30:00+00:00,2024-07-16T19:59:00+00:00,169,324,0.5232198142414861,113.25,199.0,149.75,0.7525125628140703,0.5058430717863105,0.5058430717863105,False,True,True,True,broken,broken_both,False,False,True,True,False,True,True,0.6136363636363636,39,0.11818181818181818
NQ,2024-07-17,20260.5,20281.5,20097.75,20130.75,186613,60,2024-07-17T13:30:00+00:00,2024-07-17T14:29:00+00:00,20192.87582903299,20591.0,20597.75,20254.5,20260.25,162386,930,2024-07-16T22:00:00+00:00,2024-07-17T13:29:00+00:00,20130.75,20179.5,19987.75,19992.0,459627,330,2024-07-17T14:30:00+00:00,2024-07-17T19:59:00+00:00,167,327,0.5122699386503068,343.25,183.75,191.75,1.0435374149659864,0.7235984354628422,-0.7235984354628422,False,False,True,False,broken,broken_down,False,False,True,True,False,True,True,0.01446808510638298,0,0.0
NQ,2024-07-18,20141.5,20149.25,20019.75,20046.5,156314,60,2024-07-18T13:30:00+00:00,2024-07-18T14:29:00+00:00,20076.859914978824,20024.25,20162.5,20018.5,20141.0,148065,930,2024-07-17T22:00:00+00:00,2024-07-18T13:29:00+00:00,20046.75,20047.75,19758.75,19891.25,620062,330,2024-07-18T14:30:00+00:00,2024-07-18T19:59:00+00:00,173,327,0.5306748466257669,144.0,129.5,289.0,2.2316602316602316,0.5380622837370242,-0.5380622837370242,True,False,False,False,trapped,trapped,True,False,True,True,False,True,True,0.3393085787451985,0,0.0
NQ,2024-07-19,19868.5,19976.5,19798.75,19801.5,148438,60,2024-07-19T13:30:00+00:00,2024-07-19T14:29:00+00:00,19885.729581261767,19955.0,19979.75,19753.5,19868.75,147882,930,2024-07-18T22:00:00+00:00,2024-07-19T13:29:00+00:00,19801.75,19875.25,19654.0,19711.75,448930,330,2024-07-19T14:30:00+00:00,2024-07-19T19:59:00+00:00,159,325,0.49074074074074076,226.25,177.75,221.25,1.2447257383966244,0.4067796610169492,-0.4067796610169492,True,False,False,False,trapped,trapped,True,False,True,True,False,True,True,0.17906976744186046,0,0.0
NQ,2024-07-22,19954.75,20026.75,19882.75,19961.75,149339,60,2024-07-22T13:30:00+00:00,2024-07-22T14:29:00+00:00,19949.55241988586,19749.0,19958.5,19718.75,19954.75,133267,930,2024-07-21T22:00:00+00:00,2024-07-22T13:29:00+00:00,19962.0,20044.75,19809.75,19998.25,345717,330,2024-07-22T14:30:00+00:00,2024-07-22T19:59:00+00:00,169,326,0.52,239.75,144.0,235.0,1.6319444444444444,0.15425531914893617,0.15425531914893617,False,True,False,False,broken,broken_up,False,True,True,True,True,False,True,0.8021276595744681,11,0.03333333333333333
NQ,2024-07-23,19957.75,20047.75,19933.5,20018.0,124944,60,2024-07-23T13:30:00+00:00,2024-07-23T14:29:00+00:00,19999.508096293812,19982.0,20015.5,19868.25,19957.0,107957,930,2024-07-22T22:00:00+00:00,2024-07-23T13:29:00+00:00,20019.0,20084.75,19904.0,19924.75,331693,330,2024-07-23T14:30:00+00:00,2024-07-23T19:59:00+00:00,167,328,0.5107033639143731,147.25,114.25,180.75,1.5820568927789935,0.5214384508990318,-0.5214384508990318,False,True,False,False,broken,broken_up,False,True,True,True,True,False,True,0.11479944674965421,9,0.02727272727272727
NQ,2024-07-24,19640.5,19653.75,19466.25,19485.25,160644,60,2024-07-24T13:30:00+00:00,2024-07-24T14:29:00+00:00,19535.047519670825,19883.0,19883.0,19607.5,19640.25,161033,930,2024-07-23T22:00:00+00:00,2024-07-24T13:29:00+00:00,19486.0,19498.0,19168.75,19204.5,469991,330,2024-07-24T14:30:00+00:00,2024-07-24T19:59:00+00:00,158,323,0.4906832298136646,275.5,187.5,329.25,1.756,0.8549734244495064,-0.8549734244495064,False,False,True,False,broken,broken_down,False,False,True,True,False,True,True,0.07371134020618557,0,0.0
NQ,2024-07-25,19217.0,19226.75,18883.25,19077.5,215553,60,2024-07-25T13:30:00+00:00,2024-07-25T14:29:00+00:00,19060.6569513453,19260.0,19304.5,19062.0,19217.5,207030,930,2024-07-24T22:00:00+00:00,2024-07-25T13:29:00+00:00,19077.75,19390.5,18982.0,18991.0,514522,330,2024-07-25T14:30:00+00:00,2024-07-25T19:59:00+00:00,170,328,0.5198776758409785,242.5,343.5,408.5,1.1892285298398835,0.21236230110159118,-0.21236230110159118,False,False,True,False,broken,broken_down,False,True,False,True,True,False,True,0.21241991128634796,7,0.021212121212121213
NQ,2024-07-26,19163.0,19192.25,19045.25,19137.25,152258,60,2024-07-26T13:30:00+00:00,2024-07-26T14:29:00+00:00,19113.5304751365,19003.0,19236.5,18995.0,19163.0,118878,930,2024-07-25T22:00:00+00:00,2024-07-26T13:29:00+00:00,19137.25,19297.75,19040.25,19175.25,400038,330,2024-07-26T14:30:00+00:00,2024-07-26T19:59:00+00:00,163,325,0.5030864197530864,241.5,147.0,257.5,1.751700680272109,0.14757281553398058,0.14757281553398058,True,False,False,False,trapped,trapped,False,True,True,True,True,False,True,0.5242718446601942,27,0.08181818181818182
NQ,2024-07-29,19285.25,19377.25,19222.0,19293.5,137060,60,2024-07-29T13:30:00+00:00,2024-07-29T14:29:00+00:00,19302.064339218832,19171.75,19362.0,19167.75,19285.25,108501,929,2024-07-28T22:00:00+00:00,2024-07-29T13:29:00+00:00,19292.5,19348.75,19113.25,19209.0,333495,330,2024-07-29T14:30:00+00:00,2024-07-29T19:59:00+00:00,159,323,0.4937888198757764,194.25,155.25,235.5,1.5169082125603865,0.35456475583864117,-0.35456475583864117,False,True,False,False,broken,broken_up,False,False,True,True,False,True,True,0.3626893939393939,37,0.11212121212121212
NQ,2024-07-30,19288.0,19319.75,19159.0,19166.75,134257,60,2024-07-30T13:30:00+00:00,2024-07-30T14:29:00+00:00,19235.872711168384,19217.0,19293.25,19076.0,19287.75,86595,929,2024-07-29T22:00:00+00:00,2024-07-30T13:29:00+00:00,19166.25,19178.0,18803.0,18938.75,463779,330,2024-07-30T14:30:00+00:00,2024-07-30T19:59:00+00:00,163,324,0.5046439628482973,217.25,160.75,375.0,2.332814930015552,0.6066666666666667,-0.6066666666666667,False,True,False,False,broken,broken_up,False,False,True,True,False,True,True,0.262699564586357,0,0.0
NQ,2024-07-31,19371.75,19471.75,19310.75,19442.5,161923,60,2024-07-31T13:30:00+00:00,2024-07-31T14:29:00+00:00,19385.879444242015,18865.75,19380.75,18861.75,19371.25,164110,930,2024-07-30T22:00:00+00:00,2024-07-31T13:29:00+00:00,19442.25,19573.25,19344.75,19496.5,383737,330,2024-07-31T14:30:00+00:00,2024-07-31T19:59:00+00:00,173,325,0.5339506172839507,519.0,161.0,228.5,1.4192546583850931,0.237417943107221,0.237417943107221,False,True,False,False,broken,broken_up,False,True,False,True,True,False,True,0.7076190476190476,13,0.03939393939393939
NQ,2024-08-01,19525.0,19682.0,19445.0,19446.25,174298,60,2024-08-01T13:30:00+00:00,2024-08-01T14:29:00+00:00,19576.057525999535,19593.25,19717.0,19504.75,19525.25,163784,930,2024-07-31T22:00:00+00:00,2024-08-01T13:29:00+00:00,19446.75,19471.25,18868.25,19027.25,524656,330,2024-08-01T14:30:00+00:00,2024-08-01T19:59:00+00:00,151,328,0.4617737003058104,212.25,237.0,603.0,2.5443037974683542,0.6956882255389718,-0.6956882255389718,False,False,True,False,broken,broken_down,False,False,True,True,False,True,True,0.19539170506912443,0,0.0
NQ,2024-08-02,18650.5,18761.0,18385.75,18486.75,173390,60,2024-08-02T13:30:00+00:00,2024-08-02T14:29:00+00:00,18565.86003614203,18956.5,18979.75,18508.5,18650.25,206305,930,2024-08-01T22:00:00+00:00,2024-08-02T13:29:00+00:00,18487.0,18633.0,18404.5,18561.0,427512,330,2024-08-02T14:30:00+00:00,2024-08-02T19:59:00+00:00,167,326,0.5138461538461538,471.25,375.25,228.5,0.608927381745503,0.3238512035010941,0.3238512035010941,False,False,True,False,broken,broken_down,False,False,False,False,False,False,False,0.4670219853431046,35,0.10606060606060606
NQ,2024-08-05,17561.75,18112.5,17509.25,17858.0,163598,60,2024-08-05T13:30:00+00:00,2024-08-05T14:29:00+00:00,17870.391007225026,18390.0,18390.0,17351.0,17561.75,321891,930,2024-08-04T22:00:00+00:00,2024-08-05T13:29:00+00:00,17858.0,18289.0,17850.75,18021.5,403445,330,2024-08-05T14:30:00+00:00,2024-08-05T19:59:00+00:00,164,326,0.5046153846153846,1039.0,603.25,438.25,0.7264815582262744,0.3730747290359384,0.3730747290359384,True,False,False,False,trapped,trapped,False,True,False,True,False,False,False,0.6569413273485092,4,0.012121212121212121
NQ,2024-08-06,18078.0,18229.75,17966.0,18162.0,129343,60,2024-08-06T13:30:00+00:00,2024-08-06T14:29:00+00:00,18125.884466109495,18165.75,18437.0,18016.5,18079.0,160450,930,2024-08-05T22:00:00+00:00,2024-08-06T13:29:00+00:00,18161.75,18483.25,18127.5,18172.0,358831,330,2024-08-06T14:30:00+00:00,2024-08-06T19:59:00+00:00,171,327,0.5245398773006135,420.5,263.75,355.75,1.3488151658767773,0.02881236823612087,0.02881236823612087,False,False,True,False,broken,broken_down,False,True,False,True,True,False,True,0.3982600289995167,0,0.0
NQ,2024-08-07,18453.25,18558.5,18405.75,18434.0,132876,60,2024-08-07T13:30:00+00:00,2024-08-07T14:29:00+00:00,18498.62718248593,18033.0,18461.75,18030.25,18453.0,134683,930,2024-08-06T22:00:00+00:00,2024-08-07T13:29:00+00:00,18433.5,18548.75,17951.75,17972.5,412055,330,2024-08-07T14:30:00+00:00,2024-08-07T19:59:00+00:00,167,326,0.5138461538461538,431.5,152.75,597.0,3.9083469721767594,0.7721943048576214,-0.7721943048576214,False,True,False,False,broken,broken_up,False,False,True,True,False,True,True,0.03419859909353111,9,0.02727272727272727
NQ,2024-08-08,18224.5,18390.0,18064.25,18381.5,129191,60,2024-08-08T13:30:00+00:00,2024-08-08T14:29:00+00:00,18222.803758904774,17873.0,18252.25,17741.75,18225.0,155515,930,2024-08-07T22:00:00+00:00,2024-08-08T13:29:00+00:00,18382.0,18555.25,18323.25,18519.25,341339,330,2024-08-08T14:30:00+00:00,2024-08-08T19:59:00+00:00,169,326,0.52,510.5,325.75,232.0,0.7122026093630084,0.5915948275862069,0.5915948275862069,False,True,False,False,broken,broken_up,False,True,False,True,True,False,True,0.9266802443991853,0,0.0
NQ,2024-08-09,18451.0,18566.5,18404.5,18495.75,107055,60,2024-08-09T13:30:00+00:00,2024-08-09T14:29:00+00:00,18483.49381548425,18550.25,18651.0,18383.0,18450.0,122846,930,2024-08-08T22:00:00+00:00,2024-08-09T13:29:00+00:00,18495.25,18674.5,18436.25,18609.75,254507,330,2024-08-09T14:30:00+00:00,2024-08-09T19:59:00+00:00,186,326,0.5723076923076923,268.0,162.0,238.25,1.470679012345679,0.4805876180482686,0.4805876180482686,True,False,False,False,trapped,trapped,False,True,False,True,True,False,True,0.7601851851851852,19,0.05757575757575758
NQ,2024-08-12,18641.25,18728.0,18523.5,18697.0,108250,60,2024-08-12T13:30:00+00:00,2024-08-12T14:29:00+00:00,18618.13840184758,18590.0,18693.5,18515.0,18641.25,72082,930,2024-08-11T22:00:00+00:00,2024-08-12T13:29:00+00:00,18697.0,18765.25,18576.25,18645.25,269701,330,2024-08-12T14:30:00+00:00,2024-08-12T19:59:00+00:00,168,323,0.5217391304347826,178.5,204.5,189.0,0.9242053789731052,0.27380952380952384,-0.27380952380952384,False,True,False,False,broken,broken_up,False,True,False,True,True,False,True,0.5036194415718718,64,0.19393939393939394
NQ,2024-08-13,18821.75,18922.5,18816.25,18905.0,94375,60,2024-08-13T13:30:00+00:00,2024-08-13T14:29:00+00:00,18880.614553642386,18648.25,18847.0,18628.5,18822.25,111434,930,2024-08-12T22:00:00+00:00,2024-08-13T13:29:00+00:00,18905.25,19112.5,18856.0,19101.25,265474,330,2024-08-13T14:30:00+00:00,2024-08-13T19:59:00+00:00,167,323,0.5186335403726708,218.5,106.25,256.5,2.4141176470588235,0.7641325536062378,0.7641325536062378,False,True,False,False,broken,broken_up,False,True,False,True,True,False,True,0.9620253164556962,3,0.00909090909090909
NQ,2024-08-14,19137.25,19175.5,18966.0,19007.75,120460,60,2024-08-14T13:30:00+00:00,2024-08-14T14:29:00+00:00,19052.46213957607,19099.25,19163.5,19000.0,19137.25,107671,930,2024-08-13T22:00:00+00:00,2024-08-14T13:29:00+00:00,19007.75,19203.5,18925.5,19107.25,301033,330,2024-08-14T14:30:00+00:00,2024-08-14T19:59:00+00:00,160,324,0.4953560371517028,163.5,209.5,278.0,1.3269689737470167,0.3579136690647482,0.3579136690647482,False,True,True,True,broken,broken_both,False,True,True,True,True,True,True,0.6537769784172662,24,0.07272727272727272
NQ,2024-08-15,19352.0,19489.75,19336.25,19475.0,114382,60,2024-08-15T13:30:00+00:00,2024-08-15T14:29:00+00:00,19412.185986431432,19142.5,19371.5,19100.5,19352.25,115435,930,2024-08-14T22:00:00+00:00,2024-08-15T13:29:00+00:00,19475.25,19603.25,19467.5,19587.25,268096,330,2024-08-15T14:30:00+00:00,2024-08-15T19:59:00+00:00,160,320,0.5015673981191222,271.0,153.5,135.75,0.8843648208469055,0.8250460405156538,0.8250460405156538,False,True,False,False,broken,broken_up,False,True,False,True,True,False,True,0.9400749063670412,0,0.0
NQ,2024-08-16,19503.5,19591.25,19462.5,19567.5,105069,60,2024-08-16T13:30:00+00:00,2024-08-16T14:29:00+00:00,19524.55772159248,19570.25,19683.0,19447.5,19502.5,113709,930,2024-08-15T22:00:00+00:00,2024-08-16T13:29:00+00:00,19567.5,19660.75,19495.0,19603.5,221278,330,2024-08-16T14:30:00+00:00,2024-08-16T19:59:00+00:00,164,322,0.5109034267912772,235.5,128.75,165.75,1.287378640776699,0.2171945701357466,0.2171945701357466,True,False,False,False,trapped,trapped,False,True,False,True,False,False,False,0.7112232030264817,24,0.07272727272727272
NQ,2024-08-19,19604.5,19625.5,19529.0,19611.25,105680,60,2024-08-19T13:30:00+00:00,2024-08-19T14:29:00+00:00,19589.35221186601,19629.0,19688.0,19525.25,19604.5,77612,929,2024-08-18T22:00:00+00:00,2024-08-19T13:29:00+00:00,19611.5,19861.25,19592.75,19860.0,223411,330,2024-08-19T14:30:00+00:00,2024-08-19T19:59:00+00:00,168,319,0.5283018867924528,162.75,96.5,268.5,2.7823834196891193,0.925512104283054,0.925512104283054,True,False,False,False,trapped,trapped,True,True,False,True,True,False,True,0.9962377727614747,0,0.0
NQ,2024-08-20,19817.75,19925.0,19803.25,19825.25,115135,60,2024-08-20T13:30:00+00:00,2024-08-20T14:29:00+00:00,19862.081565119213,19857.75,19931.0,19812.25,19817.5,78032,930,2024-08-19T22:00:00+00:00,2024-08-20T13:29:00+00:00,19825.25,19867.75,19743.0,19811.75,274023,330,2024-08-20T14:30:00+00:00,2024-08-20T19:59:00+00:00,172,325,0.5308641975308642,118.75,121.75,124.75,1.0246406570841888,0.10821643286573146,-0.10821643286573146,False,False,True,False,broken,broken_down,False,False,True,True,False,True,True,0.37774725274725274,7,0.021212121212121213
NQ,2024-08-21,19842.0,19911.25,19813.0,19875.25,96093,60,2024-08-21T13:30:00+00:00,2024-08-21T14:29:00+00:00,19866.528359679338,19803.0,19863.75,19785.5,19842.5,64200,929,2024-08-20T22:00:00+00:00,2024-08-21T13:29:00+00:00,19875.25,19981.75,19771.5,19905.75,299362,330,2024-08-21T14:30:00+00:00,2024-08-21T19:59:00+00:00,157,321,0.490625,78.25,98.25,210.25,2.1399491094147582,0.1450653983353151,0.1450653983353151,False,True,False,False,broken,broken_up,False,True,True,True,True,True,True,0.638525564803805,65,0.19696969696969696
NQ,2024-08-22,19997.5,20025.25,19883.25,19916.25,120254,60,2024-08-22T13:30:00+00:00,2024-08-22T14:29:00+00:00,19955.53108143319,19921.25,20003.5,19866.0,19997.25,70250,930,2024-08-21T22:00:00+00:00,2024-08-22T13:29:00+00:00,19916.25,19916.5,19542.0,19585.5,413988,330,2024-08-22T14:30:00+00:00,2024-08-22T19:59:00+00:00,161,324,0.4984520123839009,137.5,142.0,374.5,2.637323943661972,0.883177570093458,-0.883177570093458,False,True,False,False,broken,broken_up,False,False,True,True,False,True,True,0.0900155199172271,0,0.0
NQ,2024-08-23,19755.25,19904.25,19706.5,19883.25,124296,60,2024-08-23T13:30:00+00:00,2024-08-23T14:29:00+00:00,19804.219367477635,19621.5,19778.25,19612.5,19756.0,66958,930,2024-08-22T22:00:00+00:00,2024-08-23T13:29:00+00:00,19882.75,19893.5,19591.75,19789.0,371923,330,2024-08-23T14:30:00+00:00,2024-08-23T19:59:00+00:00,160,324,0.4953560371517028,165.75,197.75,301.75,1.5259165613147914,0.3106876553438277,-0.3106876553438277,False,True,False,False,broken,broken_up,False,False,True,True,False,True,True,0.6312,10,0.030303030303030304
NQ,2024-08-26,19763.0,19801.5,19608.5,19617.0,97735,60,2024-08-26T13:30:00+00:00,2024-08-26T14:29:00+00:00,19707.437071332344,19787.75,19846.25,19716.25,19763.5,73473,929,2024-08-25T22:00:00+00:00,2024-08-26T13:29:00+00:00,19616.75,19643.0,19505.5,19593.25,282934,330,2024-08-26T14:30:00+00:00,2024-08-26T19:59:00+00:00,161,324,0.4984520123839009,130.0,193.0,137.5,0.7124352331606217,0.1709090909090909,-0.1709090909090909,False,False,True,False,broken,broken_down,False,False,True,True,False,True,True,0.2964527027027027,0,0.0
NQ,2024-08-27,19523.5,19634.0,19441.5,19629.5,99953,60,2024-08-27T13:30:00+00:00,2024-08-27T14:29:00+00:00,19533.872805218452,19558.75,19647.0,19476.0,19524.0,83313,930,2024-08-26T22:00:00+00:00,2024-08-27T13:29:00+00:00,19630.5,19694.25,19577.75,19651.25,240508,330,2024-08-27T14:30:00+00:00,2024-08-27T19:59:00+00:00,171,323,0.531055900621118,171.0,192.5,116.5,0.6051948051948052,0.1781115879828326,0.1781115879828326,False,False,True,False,broken,broken_down,False,True,False,True,True,False,True,0.8298714144411474,0,0.0
NQ,2024-08-28,19625.75,19656.5,19513.25,19580.5,83838,60,2024-08-28T13:30:00+00:00,2024-08-28T14:29:00+00:00,19576.361789005783,19635.5,19691.0,19560.75,19625.5,70614,930,2024-08-27T22:00:00+00:00,2024-08-28T13:29:00+00:00,19580.25,19592.75,19278.5,19421.25,330159,330,2024-08-28T14:30:00+00:00,2024-08-28T19:59:00+00:00,166,324,0.5139318885448917,130.25,143.25,314.25,2.193717277486911,0.5059665871121718,-0.5059665871121718,False,False,True,False,broken,broken_down,False,False,True,True,False,True,True,0.3776455026455027,2,0.006060606060606061
NQ,2024-08-29,19498.0,19685.0,19478.25,19599.0,145427,60,2024-08-29T13:30:00+00:00,2024-08-29T14:29:00+00:00,19584.924259250347,19217.0,19516.25,19140.25,19497.25,140317,930,2024-08-28T22:00:00+00:00,2024-08-29T13:29:00+00:00,19599.25,19693.5,19337.0,19393.5,358967,330,2024-08-29T14:30:00+00:00,2024-08-29T19:59:00+00:00,164,324,0.5077399380804953,376.0,206.75,356.5,1.724304715840387,0.5771388499298737,-0.5771388499298737,False,True,False,False,broken,broken_up,False,True,True,True,True,False,True,0.1584852734922861,9,0.02727272727272727
NQ,2024-08-30,19559.25,19628.75,19514.0,19547.75,91900,60,2024-08-30T13:30:00+00:00,2024-08-30T14:29:00+00:00,19566.510406238664,19445.75,19573.0,19394.0,19559.5,78812,930,2024-08-29T22:00:00+00:00,2024-08-30T13:29:00+00:00,19547.5,19632.75,19370.5,19610.25,298547,330,2024-08-30T14:30:00+00:00,2024-08-30T19:59:00+00:00,161,326,0.49538461538461537,179.0,114.75,262.25,2.2854030501089326,0.23927550047664442,0.23927550047664442,False,True,False,False,broken,broken_up,False,True,True,True,True,True,True,0.9142040038131554,7,0.021212121212121213
NQ,2024-09-02,19618.75,19645.5,19587.5,19606.75,11340,60,2024-09-02T13:30:00+00:00,2024-09-02T14:29:00+00:00,19614.969782480894,19599.0,19637.75,19511.0,19618.0,40627,930,2024-09-01T22:00:00+00:00,2024-09-02T13:29:00+00:00,19606.75,19670.25,19606.25,19647.0,19554,150,2024-09-02T14:30:00+00:00,2024-09-02T16:59:00+00:00,59,141,0.42142857142857143,126.75,58.0,64.0,1.103448275862069,0.62890625,0.62890625,False,True,False,False,broken,broken_up,False,True,False,True,True,False,True,0.7190332326283988,1,0.006666666666666667
NQ,2024-09-03,19478.0,19483.25,19283.0,19316.5,131316,60,2024-09-03T13:30:00+00:00,2024-09-03T14:29:00+00:00,19368.607606841513,19646.5,19683.0,19445.5,19477.75,111516,929,2024-09-02T22:00:00+00:00,2024-09-03T13:29:00+00:00,19317.0,19318.25,18911.0,19012.25,348101,330,2024-09-03T14:30:00+00:00,2024-09-03T19:59:00+00:00,163,327,0.5,237.5,200.25,407.25,2.033707865168539,0.7483118477593615,-0.7483118477593615,False,False,True,False,broken,broken_down,False,False,True,True,False,True,True,0.17693315858453473,0,0.0
NQ,2024-09-04,18878.25,19002.0,18838.25,18992.0,127534,60,2024-09-04T13:30:00+00:00,2024-09-04T14:29:00+00:00,18932.704283432915,18993.75,19005.75,18825.75,18878.5,132978,930,2024-09-03T22:00:00+00:00,2024-09-04T13:29:00+00:00,18992.5,19114.75,18907.75,18957.0,299006,330,2024-09-04T14:30:00+00:00,2024-09-04T19:59:00+00:00,166,326,0.5107692307692308,180.0,163.75,207.0,1.2641221374045801,0.17149758454106281,-0.17149758454106281,True,False,False,False,trapped,trapped,True,True,False,True,True,False,True,0.4294755877034358,14,0.04242424242424243
NQ,2024-09-05,18886.5,19150.5,18885.0,19105.5,125254,60,2024-09-05T13:30:00+00:00,2024-09-05T14:29:00+00:00,19032.037058031412,18965.75,19006.0,18827.25,18887.0,119913,930,2024-09-04T22:00:00+00:00,2024-09-05T13:29:00+00:00,19105.75,19135.75,18842.0,18975.5,311730,330,2024-09-05T14:30:00+00:00,2024-09-05T19:59:00+00:00,165,326,0.5076923076923077,178.75,265.5,293.75,1.106403013182674,0.44340425531914895,-0.44340425531914895,False,True,False,False,broken,broken_up,False,False,True,True,False,False,False,0.4327390599675851,5,0.015151515151515152
NQ,2024-09-06,18929.75,18967.25,18640.0,18641.25,144509,60,2024-09-06T13:30:00+00:00,2024-09-06T14:29:00+00:00,18794.294736544663,18921.0,18972.25,18703.0,18929.0,150798,930,2024-09-05T22:00:00+00:00,2024-09-06T13:29:00+00:00,18641.25,18660.5,18430.25,18458.25,390597,330,2024-09-06T14:30:00+00:00,2024-09-06T19:59:00+00:00,162,326,0.49846153846153846,269.25,327.25,230.25,0.7035905271199389,0.7947882736156352,-0.7947882736156352,False,False,True,False,broken,broken_down,False,False,True,True,False,True,True,0.0521415270018622,0,0.0
NQ,2024-09-09,18628.75,18720.75,18604.75,18621.75,97443,60,2024-09-09T13:30:00+00:00,2024-09-09T14:29:00+00:00,18658.210823250516,18400.0,18645.75,18386.0,18629.25,108840,930,2024-09-08T22:00:00+00:00,2024-09-09T13:29:00+00:00,18621.5,18730.0,18497.25,18688.5,303702,330,2024-09-09T14:30:00+00:00,2024-09-09T19:59:00+00:00,161,324,0.4984520123839009,259.75,116.0,232.75,2.0064655172413794,0.2878625134264232,0.2878625134264232,False,True,False,False,broken,broken_up,False,True,True,True,True,False,True,0.8216970998925887,27,0.08181818181818182
NQ,2024-09-10,18758.25,18821.75,18686.75,18780.75,123433,60,2024-09-10T13:30:00+00:00,2024-09-10T14:29:00+00:00,18757.767387975662,18727.0,18778.0,18582.25,18758.25,101831,930,2024-09-09T22:00:00+00:00,2024-09-10T13:29:00+00:00,18780.75,18878.5,18589.75,18855.5,289156,330,2024-09-10T14:30:00+00:00,2024-09-10T19:59:00+00:00,170,323,0.5279503105590062,195.75,135.0,288.75,2.138888888888889,0.25887445887445887,0.25887445887445887,False,True,False,False,broken,broken_up,False,True,True,True,True,False,True,0.9203463203463204,33,0.1
NQ,2024-09-11,18902.0,18906.5,18643.5,18655.0,127436,60,2024-09-11T13:30:00+00:00,2024-09-11T14:29:00+00:00,18781.10610554841,18837.75,18927.5,18705.0,18902.25,130540,930,2024-09-10T22:00:00+00:00,2024-09-11T13:29:00+00:00,18655.25,19293.5,18547.0,19254.5,431285,330,2024-09-11T14:30:00+00:00,2024-09-11T19:59:00+00:00,155,323,0.4813664596273292,222.5,263.0,746.5,2.838403041825095,0.8027461486939049,0.8027461486939049,False,False,True,False,broken,broken_down,False,True,True,True,True,True,True,0.9477561955793704,5,0.015151515151515152
NQ,2024-09-12,19258.75,19350.0,19185.0,19337.25,123789,60,2024-09-12T13:30:00+00:00,2024-09-12T14:29:00+00:00,19264.30980943379,19241.5,19342.75,19226.25,19259.0,114702,930,2024-09-11T22:00:00+00:00,2024-09-12T13:29:00+00:00,19336.5,19483.5,19246.25,19451.5,307297,330,2024-09-12T14:30:00+00:00,2024-09-12T19:59:00+00:00,168,326,0.5169230769230769,116.5,165.0,237.25,1.437878787878788,0.48472075869336145,0.48472075869336145,False,True,True,True,broken,broken_both,False,True,False,True,True,False,True,0.8927973199329984,15,0.045454545454545456
NQ,2024-09-13,19409.25,19529.25,19398.25,19462.25,95360,60,2024-09-13T13:30:00+00:00,2024-09-13T14:29:00+00:00,19474.24894435123,19419.5,19488.5,19406.0,19409.25,65707,929,2024-09-12T22:00:00+00:00,2024-09-13T13:29:00+00:00,19462.5,19577.25,19413.25,19527.25,244187,330,2024-09-13T14:30:00+00:00,2024-09-13T19:59:00+00:00,163,321,0.509375,82.5,131.0,164.0,1.251908396946565,0.3948170731707317,0.3948170731707317,False,True,True,True,broken,broken_both,False,True,False,True,True,False,True,0.7206703910614525,1,0.0030303030303030303
NQ,2024-09-16,19670.75,19697.5,19561.25,19620.0,66459,60,2024-09-16T13:30:00+00:00,2024-09-16T14:29:00+00:00,19636.071334707613,19498.0,19781.5,19479.0,19671.0,46591,922,2024-09-15T22:00:00+00:00,2024-09-16T13:29:00+00:00,19620.0,19684.5,19529.0,19670.5,147617,330,2024-09-16T14:30:00+00:00,2024-09-16T19:59:00+00:00,160,326,0.49230769230769234,302.5,136.25,155.5,1.1412844036697247,0.3247588424437299,0.3247588424437299,True,False,False,False,trapped,trapped,False,False,True,True,False,False,False,0.8397626112759644,10,0.030303030303030304
NQ,2024-09-17,19795.5,19828.75,19709.0,19798.5,84269,60,2024-09-17T13:30:00+00:00,2024-09-17T14:29:00+00:00,19781.302181110495,19655.0,19819.5,19633.0,19795.0,68828,930,2024-09-16T22:00:00+00:00,2024-09-17T13:29:00+00:00,19798.75,19850.25,19574.5,19682.5,247393,330,2024-09-17T14:30:00+00:00,2024-09-17T19:59:00+00:00,138,324,0.42724458204334365,186.5,119.75,275.75,2.3027139874739038,0.4215775158658205,-0.4215775158658205,False,True,False,False,broken,broken_up,False,True,True,True,True,True,True,0.3916591115140526,23,0.0696969696969697
NQ,2024-09-18,19730.5,19736.5,19647.0,19700.5,65583,60,2024-09-18T13:30:00+00:00,2024-09-18T14:29:00+00:00,19692.47678514249,19686.75,19736.0,19657.25,19731.0,62653,929,2024-09-17T22:00:00+00:00,2024-09-18T13:29:00+00:00,19700.0,19900.0,19558.0,19583.75,363495,330,2024-09-18T14:30:00+00:00,2024-09-18T19:59:00+00:00,148,327,0.4539877300613497,78.75,89.5,342.0,3.82122905027933,0.3399122807017544,-0.3399122807017544,False,True,True,True,broken,broken_both,False,True,True,True,True,True,True,0.07529239766081872,57,0.17272727272727273
NQ,2024-09-19,20052.25,20136.0,19964.0,20129.0,108567,60,2024-09-19T13:30:00+00:00,2024-09-19T14:29:00+00:00,20041.40400704941,19648.75,20057.25,19636.75,20052.25,146291,930,2024-09-18T22:00:00+00:00,2024-09-19T13:29:00+00:00,20128.75,20203.0,20049.0,20081.5,292910,330,2024-09-19T14:30:00+00:00,2024-09-19T19:59:00+00:00,166,329,0.5060975609756098,420.5,172.0,154.0,0.8953488372093024,0.3068181818181818,-0.3068181818181818,False,True,False,False,broken,broken_up,False,True,False,True,True,False,True,0.4916317991631799,0,0.0
NQ,2024-09-20,20035.0,20082.5,19972.25,20000.75,88463,60,2024-09-20T13:30:00+00:00,2024-09-20T14:29:00+00:00,20026.42515703364,20066.0,20075.0,19981.0,20035.0,92391,930,2024-09-19T22:00:00+00:00,2024-09-20T13:29:00+00:00,20000.75,20084.0,19860.0,20032.75,272630,330,2024-09-20T14:30:00+00:00,2024-09-20T19:59:00+00:00,177,325,0.5462962962962963,94.0,110.25,224.0,2.0317460317460316,0.14285714285714285,0.14285714285714285,False,True,True,True,broken,broken_both,False,True,True,True,True,True,True,0.7712053571428571,22,0.06666666666666667
NQ,2024-09-23,20077.25,20120.25,20031.25,20100.75,81114,60,2024-09-23T13:30:00+00:00,2024-09-23T14:29:00+00:00,20073.598777646275,20040.0,20164.0,19955.25,20076.75,92623,930,2024-09-22T22:00:00+00:00,2024-09-23T13:29:00+00:00,20100.5,20126.75,20018.75,20076.5,208552,330,2024-09-23T14:30:00+00:00,2024-09-23T19:59:00+00:00,171,321,0.534375,208.75,89.0,108.0,1.2134831460674158,0.2222222222222222,-0.2222222222222222,True,False,False,False,trapped,trapped,False,True,True,True,False,False,False,0.5347222222222222,92,0.2787878787878788
NQ,2024-09-24,20135.0,20154.0,19964.0,19987.0,92534,60,2024-09-24T13:30:00+00:00,2024-09-24T14:29:00+00:00,20055.10990194595,20063.25,20179.25,20022.5,20134.25,88888,930,2024-09-23T22:00:00+00:00,2024-09-24T13:29:00+00:00,19987.5,20214.75,19953.0,20170.25,255327,330,2024-09-24T14:30:00+00:00,2024-09-24T19:59:00+00:00,174,325,0.5370370370370371,156.75,190.0,261.75,1.3776315789473683,0.6981852913085005,0.6981852913085005,False,False,True,False,broken,broken_down,False,True,True,True,True,True,True,0.8299904489016237,3,0.00909090909090909
NQ,2024-09-25,20141.0,20271.0,20138.0,20227.25,91326,60,2024-09-25T13:30:00+00:00,2024-09-25T14:29:00+00:00,20210.1968935462,20183.75,20192.25,20064.25,20141.0,70062,930,2024-09-24T22:00:00+00:00,2024-09-25T13:29:00+00:00,20227.0,20249.75,20135.5,20195.0,216846,330,2024-09-25T14:30:00+00:00,2024-09-25T19:59:00+00:00,164,317,0.5189873417721519,128.0,133.0,114.25,0.8590225563909775,0.2800875273522976,-0.2800875273522976,False,True,False,False,broken,broken_up,False,False,True,True,False,False,False,0.43911439114391143,26,0.07878787878787878
NQ,2024-09-26,20503.0,20517.5,20338.25,20346.0,100608,60,2024-09-26T13:30:00+00:00,2024-09-26T14:29:00+00:00,20425.25785805635,20242.0,20538.0,20232.0,20503.5,110253,930,2024-09-25T22:00:00+00:00,2024-09-26T13:29:00+00:00,20345.75,20366.25,20188.0,20341.5,282202,330,2024-09-26T14:30:00+00:00,2024-09-26T19:59:00+00:00,158,322,0.49221183800623053,306.0,179.25,178.25,0.9944211994421199,0.023842917251051893,-0.023842917251051893,True,False,False,False,trapped,trapped,False,False,True,True,False,True,True,0.4658573596358118,0,0.0
NQ,2024-09-27,20377.5,20383.0,20285.25,20313.75,81551,60,2024-09-27T13:30:00+00:00,2024-09-27T14:29:00+00:00,20333.461003952536,20345.0,20395.75,20235.0,20377.5,99433,930,2024-09-26T22:00:00+00:00,2024-09-27T13:29:00+00:00,20313.25,20333.75,20173.0,20223.0,236098,330,2024-09-27T14:30:00+00:00,2024-09-27T19:59:00+00:00,163,324,0.5046439628482973,160.75,97.75,160.75,1.6445012787723785,0.5614307931570762,-0.5614307931570762,True,False,False,False,trapped,trapped,False,False,True,True,False,True,True,0.23809523809523808,1,0.0030303030303030303
NQ,2024-09-30,20179.5,20262.5,20127.5,20185.0,87826,60,2024-09-30T13:30:00+00:00,2024-09-30T14:29:00+00:00,20207.09967435611,20198.5,20287.0,20119.5,20179.5,88979,930,2024-09-29T22:00:00+00:00,2024-09-30T13:29:00+00:00,20184.5,20286.75,20056.0,20270.25,308146,330,2024-09-30T14:30:00+00:00,2024-09-30T19:59:00+00:00,164,322,0.5109034267912772,167.5,135.0,230.75,1.7092592592592593,0.37161430119176597,0.37161430119176597,True,False,False,False,trapped,trapped,True,True,True,True,False,True,True,0.9284940411700975,37,0.11212121212121212
NQ,2024-10-01,20252.0,20266.0,19882.0,19906.25,157046,60,2024-10-01T13:30:00+00:00,2024-10-01T14:29:00+00:00,20041.3576887239,20234.25,20331.75,20213.25,20252.0,78277,930,2024-09-30T22:00:00+00:00,2024-10-01T13:29:00+00:00,19906.25,20081.25,19818.0,19978.25,397747,330,2024-10-01T14:30:00+00:00,2024-10-01T19:59:00+00:00,140,327,0.4294478527607362,118.5,384.0,263.25,0.685546875,0.27350427350427353,0.27350427350427353,False,False,True,False,broken,broken_down,False,False,True,True,False,True,True,0.35770089285714285,29,0.08787878787878788
NQ,2024-10-02,19942.75,20014.75,19833.5,20004.25,108069,60,2024-10-02T13:30:00+00:00,2024-10-02T14:29:00+00:00,19928.910113754482,19975.25,20010.75,19878.75,19943.0,102301,930,2024-10-01T22:00:00+00:00,2024-10-02T13:29:00+00:00,20004.25,20090.25,19968.5,20010.0,248263,330,2024-10-02T14:30:00+00:00,2024-10-02T19:59:00+00:00,155,321,0.484375,132.0,181.25,121.75,0.6717241379310345,0.04722792607802875,0.04722792607802875,False,True,True,True,broken,broken_both,False,True,False,True,True,False,True,0.6874391431353457,0,0.0
NQ,2024-10-03,19912.0,20113.75,19894.75,19962.0,125756,60,2024-10-03T13:30:00+00:00,2024-10-03T14:29:00+00:00,20013.834712989177,20055.5,20068.0,19852.0,19912.25,100940,930,2024-10-02T22:00:00+00:00,2024-10-03T13:29:00+00:00,19961.75,20059.5,19879.0,19988.0,283307,330,2024-10-03T14:30:00+00:00,2024-10-03T19:59:00+00:00,171,326,0.5261538461538462,216.0,219.0,180.5,0.8242009132420092,0.14542936288088643,0.14542936288088643,False,True,False,False,broken,broken_up,False,False,True,True,False,False,False,0.4643237486687966,20,0.06060606060606061
NQ,2024-10-04,20227.25,20239.0,20013.25,20039.0,131728,60,2024-10-04T13:30:00+00:00,2024-10-04T14:29:00+00:00,20128.188078844283,19965.5,20263.75,19941.5,20227.5,121295,930,2024-10-03T22:00:00+00:00,2024-10-04T13:29:00+00:00,20039.25,20245.5,20018.75,20227.25,287039,330,2024-10-04T14:30:00+00:00,2024-10-04T19:59:00+00:00,152,326,0.4676923076923077,322.25,225.75,226.75,1.0044296788482836,0.8291069459757442,0.8291069459757442,True,False,False,False,trapped,trapped,False,True,False,True,False,False,False,0.9214208826695371,21,0.06363636363636363
NQ,2024-10-07,20137.0,20181.75,20088.5,20179.25,81668,60,2024-10-07T13:30:00+00:00,2024-10-07T14:29:00+00:00,20136.197519224177,20220.0,20267.25,20058.0,20137.0,99540,930,2024-10-06T22:00:00+00:00,2024-10-07T13:29:00+00:00,20179.0,20187.25,19948.0,19999.0,251947,330,2024-10-07T14:30:00+00:00,2024-10-07T19:59:00+00:00,159,323,0.4937888198757764,209.25,93.25,239.25,2.5656836461126007,0.7523510971786834,-0.7523510971786834,True,False,False,False,trapped,trapped,False,True,True,True,False,True,True,0.21316614420062696,50,0.15151515151515152
NQ,2024-10-08,20103.25,20202.5,20069.75,20185.0,89370,60,2024-10-08T13:30:00+00:00,2024-10-08T14:29:00+00:00,20139.570830069748,20025.75,20106.75,19902.5,20103.5,103895,930,2024-10-07T22:00:00+00:00,2024-10-08T13:29:00+00:00,20184.75,20329.5,20164.75,20300.0,229276,330,2024-10-08T14:30:00+00:00,2024-10-08T19:59:00+00:00,156,320,0.4890282131661442,204.25,132.75,164.75,1.24105461393597,0.6995447647951442,0.6995447647951442,False,True,False,False,broken,broken_up,False,True,False,True,True,False,True,0.8864292589027911,0,0.0
NQ,2024-10-09,20282.0,20354.75,20238.5,20343.25,85417,60,2024-10-09T13:30:00+00:00,2024-10-09T14:29:00+00:00,20283.777508185336,20294.25,20300.75,20196.0,20282.25,74695,930,2024-10-08T22:00:00+00:00,2024-10-09T13:29:00+00:00,20343.75,20482.75,20314.25,20458.25,239502,330,2024-10-09T14:30:00+00:00,2024-10-09T19:59:00+00:00,167,324,0.5170278637770898,104.75,116.25,168.5,1.4494623655913978,0.6795252225519288,0.6795252225519288,False,True,False,False,broken,broken_up,False,True,False,True,True,False,True,0.8996929375639714,0,0.0
NQ,2024-10-10,20359.0,20415.75,20301.5,20403.5,91779,60,2024-10-10T13:30:00+00:00,2024-10-10T14:29:00+00:00,20369.78985752006,20445.25,20478.5,20322.25,20359.25,91847,930,2024-10-09T22:00:00+00:00,2024-10-10T13:29:00+00:00,20403.0,20508.25,20360.25,20429.5,251200,330,2024-10-10T14:30:00+00:00,2024-10-10T19:59:00+00:00,150,325,0.46296296296296297,156.25,114.25,148.0,1.2954048140043763,0.17905405405405406,0.17905405405405406,False,False,True,False,broken,broken_down,False,True,False,True,True,False,True,0.619105199516324,4,0.012121212121212121
NQ,2024-10-11,20340.25,20481.25,20314.75,20456.75,99600,60,2024-10-11T13:30:00+00:00,2024-10-11T14:29:00+00:00,20382.233944946453,20435.0,20468.25,20339.5,20340.25,72882,930,2024-10-10T22:00:00+00:00,2024-10-11T13:29:00+00:00,20456.25,20494.25,20391.0,20449.75,193166,330,2024-10-11T14:30:00+00:00,2024-10-11T19:59:00+00:00,156,321,0.4875,128.75,166.5,103.25,0.6201201201201201,0.06295399515738499,-0.06295399515738499,False,True,True,True,broken,broken_both,False,True,False,True,True,False,True,0.7520891364902507,0,0.0
NQ,2024-10-14,20550.5,20680.0,20541.0,20642.0,91296,60,2024-10-14T13:30:00+00:00,2024-10-14T14:29:00+00:00,20618.112977750032,20432.5,20566.5,20383.25,20550.75,68667,930,2024-10-13T22:00:00+00:00,2024-10-14T13:29:00+00:00,20641.75,20666.75,20525.0,20621.75,212372,330,2024-10-14T14:30:00+00:00,2024-10-14T19:59:00+00:00,149,316,0.473015873015873,183.25,139.0,141.75,1.0197841726618706,0.14109347442680775,-0.14109347442680775,False,True,False,False,broken,broken_up,False,False,True,True,False,False,False,0.6241935483870967,25,0.07575757575757576
NQ,2024-10-15,20631.75,20659.25,20510.25,20516.0,93708,60,2024-10-15T13:30:00+00:00,2024-10-15T14:29:00+00:00,20606.440391962264,20638.75,20651.0,20563.5,20631.5,66992,930,2024-10-14T22:00:00+00:00,2024-10-15T13:29:00+00:00,20515.5,20515.5,20254.0,20343.5,336493,330,2024-10-15T14:30:00+00:00,2024-10-15T19:59:00+00:00,162,325,0.5,87.5,149.0,261.5,1.75503355704698,0.6577437858508605,-0.6577437858508605,False,True,True,True,broken,broken_both,False,False,True,True,False,True,True,0.22085132634176435,0,0.0
NQ,2024-10-16,20352.5,20357.25,20206.25,20331.5,111540,60,2024-10-16T13:30:00+00:00,2024-10-16T14:29:00+00:00,20277.73192203096,20334.5,20398.5,20306.0,20353.25,74141,930,2024-10-15T22:00:00+00:00,2024-10-16T13:29:00+00:00,20331.75,20379.25,20245.75,20346.25,213604,330,2024-10-16T14:30:00+00:00,2024-10-16T19:59:00+00:00,163,320,0.5109717868338558,92.5,151.0,133.5,0.8841059602649006,0.10861423220973783,0.10861423220973783,False,False,True,False,broken,broken_down,False,True,False,True,False,False,False,0.8092485549132948,33,0.1
NQ,2024-10-17,20573.25,20576.0,20366.5,20443.75,138222,60,2024-10-17T13:30:00+00:00,2024-10-17T14:29:00+00:00,20446.387592664938,20328.0,20594.75,20276.75,20573.25,110029,929,2024-10-16T22:00:00+00:00,2024-10-17T13:29:00+00:00,20443.5,20528.75,20353.75,20364.0,262805,330,2024-10-17T14:30:00+00:00,2024-10-17T19:59:00+00:00,156,318,0.4921135646687697,318.0,209.5,175.0,0.8353221957040573,0.4542857142857143,-0.4542857142857143,True,False,False,False,trapped,trapped,False,False,True,True,False,False,False,0.04611923509561305,14,0.04242424242424243
NQ,2024-10-18,20465.75,20523.25,20433.0,20499.5,84181,60,2024-10-18T13:30:00+00:00,2024-10-18T14:29:00+00:00,20476.54694151095,20384.0,20508.5,20320.75,20466.25,80047,930,2024-10-17T22:00:00+00:00,2024-10-18T13:29:00+00:00,20499.75,20529.75,20442.0,20482.75,202969,330,2024-10-18T14:30:00+00:00,2024-10-18T19:59:00+00:00,148,317,0.46835443037974683,187.75,90.25,87.75,0.9722991689750693,0.19373219373219372,-0.19373219373219372,False,True,False,False,broken,broken_up,False,True,False,True,True,False,True,0.5142118863049095,46,0.1393939393939394
NQ,2024-10-21,20427.75,20554.5,20422.75,20507.25,87363,60,2024-10-21T13:30:00+00:00,2024-10-21T14:29:00+00:00,20493.435178508065,20496.25,20526.0,20343.75,20427.75,75567,930,2024-10-20T22:00:00+00:00,2024-10-21T13:29:00+00:00,20508.0,20523.0,20345.0,20520.5,266491,330,2024-10-21T14:30:00+00:00,2024-10-21T19:59:00+00:00,167,322,0.5202492211838006,182.25,131.75,178.0,1.3510436432637571,0.0702247191011236,0.0702247191011236,False,True,False,False,broken,broken_up,False,False,True,True,False,False,False,0.837708830548926,17,0.051515151515151514
NQ,2024-10-22,20402.75,20520.0,20369.5,20487.75,102997,60,2024-10-22T13:30:00+00:00,2024-10-22T14:29:00+00:00,20455.63543517449,20536.5,20544.0,20360.25,20402.5,101239,929,2024-10-21T22:00:00+00:00,2024-10-22T13:29:00+00:00,20487.25,20602.25,20425.25,20539.75,244697,330,2024-10-22T14:30:00+00:00,2024-10-22T19:59:00+00:00,144,321,0.45,183.75,150.5,177.0,1.176079734219269,0.2966101694915254,0.2966101694915254,True,False,False,False,trapped,trapped,False,True,False,True,True,False,True,0.7314715359828142,15,0.045454545454545456
NQ,2024-10-23,20435.0,20462.75,20346.0,20418.0,117872,60,2024-10-23T13:30:00+00:00,2024-10-23T14:29:00+00:00,20408.91935319669,20521.0,20542.5,20423.75,20434.25,78413,930,2024-10-22T22:00:00+00:00,2024-10-23T13:29:00+00:00,20418.5,20457.75,20079.0,20218.25,384507,330,2024-10-23T14:30:00+00:00,2024-10-23T19:59:00+00:00,159,326,0.48923076923076925,118.75,116.75,378.75,3.2441113490364026,0.5287128712871287,-0.5287128712871287,False,False,True,False,broken,broken_down,False,False,True,True,False,True,True,0.3628664495114006,6,0.01818181818181818
NQ,2024-10-24,20372.5,20378.5,20296.25,20315.5,99079,60,2024-10-24T13:30:00+00:00,2024-10-24T14:29:00+00:00,20337.975644014707,20294.25,20428.5,20268.0,20372.75,86394,930,2024-10-23T22:00:00+00:00,2024-10-24T13:29:00+00:00,20315.75,20408.5,20261.75,20380.0,258037,330,2024-10-24T14:30:00+00:00,2024-10-24T19:59:00+00:00,145,324,0.44891640866873067,160.5,82.25,146.75,1.78419452887538,0.43781942078364566,0.43781942078364566,True,False,False,False,trapped,trapped,False,True,True,True,False,True,True,0.8057921635434412,27,0.08181818181818182
NQ,2024-10-25,20491.25,20707.25,20490.25,20693.75,135536,60,2024-10-25T13:30:00+00:00,2024-10-25T14:29:00+00:00,20618.96742870283,20388.5,20512.0,20364.0,20491.25,78278,930,2024-10-24T22:00:00+00:00,2024-10-25T13:29:00+00:00,20694.0,20703.0,20460.0,20495.0,340935,330,2024-10-25T14:30:00+00:00,2024-10-25T19:59:00+00:00,167,325,0.5154320987654321,148.0,217.0,243.0,1.119815668202765,0.8189300411522634,-0.8189300411522634,False,True,False,False,broken,broken_up,False,False,True,True,False,False,False,0.14155712841253792,11,0.03333333333333333
NQ,2024-10-28,20625.25,20626.75,20528.5,20599.25,87702,60,2024-10-28T13:30:00+00:00,2024-10-28T14:29:00+00:00,20575.137452205574,20525.5,20676.5,20525.25,20626.0,101163,930,2024-10-27T22:00:00+00:00,2024-10-28T13:29:00+00:00,20599.5,20618.0,20486.0,20500.5,225900,330,2024-10-28T14:30:00+00:00,2024-10-28T19:59:00+00:00,176,326,0.5415384615384615,151.25,98.25,132.0,1.3435114503816794,0.75,-0.75,True,False,False,False,trapped,trapped,True,False,True,True,False,True,True,0.10301953818827708,5,0.015151515151515152
NQ,2024-10-29,20511.0,20603.0,20432.25,20543.25,101138,60,2024-10-29T13:30:00+00:00,2024-10-29T14:29:00+00:00,20509.887895746404,20513.0,20554.75,20451.0,20510.75,87555,930,2024-10-28T22:00:00+00:00,2024-10-29T13:29:00+00:00,20543.75,20746.5,20542.0,20695.0,273406,330,2024-10-29T14:30:00+00:00,2024-10-29T19:59:00+00:00,160,315,0.5095541401273885,103.75,170.75,204.5,1.197657393850659,0.7396088019559902,0.7396088019559902,False,True,True,True,broken,broken_both,False,True,False,True,True,False,True,0.8361177406523469,0,0.0
NQ,2024-10-30,20661.25,20699.5,20542.75,20689.5,115852,60,2024-10-30T13:30:00+00:00,2024-10-30T14:29:00+00:00,20627.182221713916,20734.0,20788.5,20639.75,20661.5,104753,930,2024-10-29T22:00:00+00:00,2024-10-30T13:29:00+00:00,20689.75,20692.75,20514.75,20534.5,255824,330,2024-10-30T14:30:00+00:00,2024-10-30T19:59:00+00:00,167,325,0.5154320987654321,148.75,156.75,178.0,1.1355661881977672,0.8721910112359551,-0.8721910112359551,False,False,True,False,broken,broken_down,False,False,True,True,False,True,True,0.10690121786197564,11,0.03333333333333333
NQ,2024-10-31,20366.0,20369.25,20119.0,20140.0,151255,60,2024-10-31T13:30:00+00:00,2024-10-31T14:29:00+00:00,20209.06065584609,20482.0,20495.75,20287.0,20365.0,125740,930,2024-10-30T22:00:00+00:00,2024-10-31T13:29:00+00:00,20140.75,20157.0,20009.25,20011.25,362095,330,2024-10-31T14:30:00+00:00,2024-10-31T19:59:00+00:00,149,326,0.4584615384615385,208.75,250.25,147.75,0.5904095904095904,0.8764805414551607,-0.8764805414551607,False,False,True,False,broken,broken_down,False,False,True,True,False,True,True,0.005555555555555556,0,0.0
NQ,2024-11-01,20069.0,20271.0,20057.5,20270.0,110959,60,2024-11-01T13:30:00+00:00,2024-11-01T14:29:00+00:00,20162.72912442133,20071.0,20146.5,20017.0,20068.75,98594,930,2024-10-31T22:00:00+00:00,2024-11-01T13:29:00+00:00,20270.75,20288.0,20122.75,20147.0,315078,330,2024-11-01T14:30:00+00:00,2024-11-01T19:59:00+00:00,153,327,0.46932515337423314,129.5,213.5,165.25,0.7740046838407494,0.7488653555219364,-0.7488653555219364,False,True,False,False,broken,broken_up,False,True,False,True,True,False,True,0.3882863340563991,59,0.1787878787878788
NQ,2024-11-04,20120.25,20204.25,20013.0,20183.5,108965,60,2024-11-04T14:30:00+00:00,2024-11-04T15:29:00+00:00,20112.44601630493,20138.0,20248.5,20070.5,20120.5,118979,930,2024-11-03T23:00:00+00:00,2024-11-04T14:29:00+00:00,20183.25,20226.75,20028.75,20085.25,273898,330,2024-11-04T15:30:00+00:00,2024-11-04T20:59:00+00:00,174,322,0.5420560747663551,178.0,191.25,198.0,1.035294117647059,0.494949494949495,-0.494949494949495,False,False,True,False,broken,broken_down,False,True,False,True,False,False,False,0.33801169590643276,18,0.05454545454545454
NQ,2024-11-05,20152.25,20321.25,20147.0,20267.0,103274,60,2024-11-05T14:30:00+00:00,2024-11-05T15:29:00+00:00,20251.63862072416,20130.75,20171.25,20041.75,20152.25,73686,930,2024-11-04T23:00:00+00:00,2024-11-05T14:29:00+00:00,20266.75,20372.75,20232.5,20341.25,245752,330,2024-11-05T15:30:00+00:00,2024-11-05T20:59:00+00:00,160,320,0.5015673981191222,129.5,174.25,140.25,0.8048780487804879,0.5311942959001783,0.5311942959001783,False,True,False,False,broken,broken_up,False,True,False,True,True,False,True,0.8604651162790697,9,0.02727272727272727
NQ,2024-11-06,20684.75,20805.25,20644.0,20795.5,124673,60,2024-11-06T14:30:00+00:00,2024-11-06T15:29:00+00:00,20727.23775864328,20360.5,20731.25,20323.5,20685.75,201023,930,2024-11-05T23:00:00+00:00,2024-11-06T14:29:00+00:00,20795.0,20931.0,20692.0,20893.75,272928,330,2024-11-06T15:30:00+00:00,2024-11-06T20:59:00+00:00,152,323,0.4720496894409938,407.75,161.25,239.0,1.4821705426356588,0.4131799163179916,0.4131799163179916,False,True,False,False,broken,broken_up,False,True,False,True,True,False,True,0.8702090592334495,13,0.03939393939393939
NQ,2024-11-07,21006.75,21129.25,21004.0,21111.0,91042,60,2024-11-07T14:30:00+00:00,2024-11-07T15:29:00+00:00,21078.244041211747,20923.5,21020.5,20861.5,21006.5,92660,930,2024-11-06T23:00:00+00:00,2024-11-07T14:29:00+00:00,21111.25,21253.0,21086.5,21221.75,254776,330,2024-11-07T15:30:00+00:00,2024-11-07T20:59:00+00:00,160,323,0.4968944099378882,159.0,125.25,166.5,1.3293413173652695,0.6636636636636637,0.6636636636636637,False,True,False,False,broken,broken_up,False,True,False,True,True,False,True,0.8744979919678715,0,0.0
NQ,2024-11-08,21185.5,21232.25,21161.25,21192.75,85988,60,2024-11-08T14:30:00+00:00,2024-11-08T15:29:00+00:00,21200.716784124914,21224.25,21263.25,21121.75,21186.0,91192,930,2024-11-07T23:00:00+00:00,2024-11-08T14:29:00+00:00,21192.0,21265.0,21170.75,21234.0,207176,330,2024-11-08T15:30:00+00:00,2024-11-08T20:59:00+00:00,164,317,0.5189873417721519,141.5,71.0,94.25,1.3274647887323943,0.44562334217506633,0.44562334217506633,True,False,False,False,trapped,trapped,False,True,False,True,True,False,True,0.7012048192771084,44,0.13333333333333333
NQ,2024-11-11,21283.0,21292.75,21155.25,21189.25,108542,60,2024-11-11T14:30:00+00:00,2024-11-11T15:29:00+00:00,21211.336468064586,21249.75,21340.75,21249.0,21282.75,85616,930,2024-11-10T23:00:00+00:00,2024-11-11T14:29:00+00:00,21189.0,21244.25,21098.25,21220.25,241230,330,2024-11-11T15:30:00+00:00,2024-11-11T20:59:00+00:00,166,325,0.5123456790123457,91.75,137.5,146.0,1.0618181818181818,0.21404109589041095,0.21404109589041095,False,False,True,False,broken,broken_down,False,False,True,True,False,True,True,0.6272493573264781,28,0.08484848484848485
NQ,2024-11-12,21214.25,21251.75,21179.5,21216.25,99313,60,2024-11-12T14:30:00+00:00,2024-11-12T15:29:00+00:00,21216.616795719932,21221.0,21249.5,21128.5,21214.0,103822,930,2024-11-11T23:00:00+00:00,2024-11-12T14:29:00+00:00,21216.5,21236.25,21054.75,21185.0,288463,330,2024-11-12T15:30:00+00:00,2024-11-12T20:59:00+00:00,163,322,0.5077881619937694,121.0,72.25,181.5,2.5121107266435985,0.17355371900826447,-0.17355371900826447,False,True,False,False,broken,broken_up,False,False,True,True,False,True,True,0.6611675126903553,14,0.04242424242424243
NQ,2024-11-13,21158.75,21184.5,21056.5,21100.0,101604,60,2024-11-13T14:30:00+00:00,2024-11-13T15:29:00+00:00,21127.737944208235,21178.0,21243.5,21101.25,21158.5,103580,930,2024-11-12T23:00:00+00:00,2024-11-13T14:29:00+00:00,21099.75,21268.5,21086.25,21158.75,306053,330,2024-11-13T15:30:00+00:00,2024-11-13T20:59:00+00:00,159,326,0.48923076923076925,142.25,128.0,182.25,1.423828125,0.32373113854595337,0.32373113854595337,False,False,True,False,broken,broken_down,False,True,False,True,True,False,True,0.482311320754717,28,0.08484848484848485
NQ,2024-11-14,21137.75,21174.75,21040.5,21099.25,105894,60,2024-11-14T14:30:00+00:00,2024-11-14T15:29:00+00:00,21102.755500783802,21167.0,21190.25,21090.25,21137.0,95240,930,2024-11-13T23:00:00+00:00,2024-11-14T14:29:00+00:00,21099.0,21140.25,20971.25,21008.5,325711,330,2024-11-14T15:30:00+00:00,2024-11-14T20:59:00+00:00,153,325,0.4722222222222222,100.0,134.25,169.0,1.2588454376163873,0.5355029585798816,-0.5355029585798816,False,False,True,False,broken,broken_down,False,False,True,True,False,True,True,0.18304668304668303,49,0.1484848484848485
NQ,2024-11-15,20758.75,20773.75,20582.75,20589.5,134466,60,2024-11-15T14:30:00+00:00,2024-11-15T15:29:00+00:00,20682.57217561812,20977.5,20981.5,20752.5,20758.75,129662,930,2024-11-14T23:00:00+00:00,2024-11-15T14:29:00+00:00,20589.25,20608.25,20405.25,20491.75,390625,330,2024-11-15T15:30:00+00:00,2024-11-15T20:59:00+00:00,174,327,0.5337423312883436,229.0,191.0,203.0,1.0628272251308901,0.4802955665024631,-0.4802955665024631,False,False,True,False,broken,broken_down,False,False,True,True,False,True,True,0.23473541383989144,0,0.0
NQ,2024-11-18,20557.0,20653.0,20501.0,20651.75,101196,60,2024-11-18T14:30:00+00:00,2024-11-18T15:29:00+00:00,20558.491718216792,20504.0,20657.0,20476.0,20557.0,139090,930,2024-11-17T23:00:00+00:00,2024-11-18T14:29:00+00:00,20652.75,20724.25,20589.5,20631.75,267912,330,2024-11-18T15:30:00+00:00,2024-11-18T20:59:00+00:00,162,324,0.5015479876160991,181.0,152.0,134.75,0.8865131578947368,0.15584415584415584,-0.15584415584415584,True,False,False,False,trapped,trapped,True,True,False,True,True,False,True,0.5856662933930571,0,0.0
NQ,2024-11-19,20521.5,20605.0,20508.0,20602.5,89831,60,2024-11-19T14:30:00+00:00,2024-11-19T15:29:00+00:00,20553.31789044613,20633.25,20697.0,20382.5,20521.75,174503,930,2024-11-18T23:00:00+00:00,2024-11-19T14:29:00+00:00,20602.25,20792.5,20582.5,20765.25,267550,330,2024-11-19T15:30:00+00:00,2024-11-19T20:59:00+00:00,175,324,0.541795665634675,314.5,97.0,210.0,2.1649484536082473,0.7761904761904762,0.7761904761904762,True,False,False,False,trapped,trapped,False,True,False,True,True,False,True,0.9042179261862917,0,0.0
NQ,2024-11-20,20753.0,20756.0,20477.0,20519.25,139085,60,2024-11-20T14:30:00+00:00,2024-11-20T15:29:00+00:00,20609.33233394447,20762.25,20843.25,20732.75,20753.25,110863,930,2024-11-19T23:00:00+00:00,2024-11-20T14:29:00+00:00,20518.75,20764.5,20510.5,20752.25,326615,330,2024-11-20T15:30:00+00:00,2024-11-20T20:59:00+00:00,164,324,0.5077399380804953,110.5,279.0,254.0,0.910394265232975,0.9192913385826772,0.9192913385826772,False,False,True,False,broken,broken_down,False,True,False,True,False,False,False,0.957391304347826,45,0.13636363636363635
NQ,2024-11-21,20876.0,20905.75,20523.25,20529.0,192298,60,2024-11-21T14:30:00+00:00,2024-11-21T15:29:00+00:00,20688.645895519803,20738.0,20888.75,20595.25,20876.0,170893,930,2024-11-20T23:00:00+00:00,2024-11-21T14:29:00+00:00,20528.75,20878.75,20514.25,20823.75,314208,330,2024-11-21T15:30:00+00:00,2024-11-21T20:59:00+00:00,151,326,0.4646153846153846,293.5,382.5,364.5,0.9529411764705882,0.8093278463648834,0.8093278463648834,False,True,True,True,broken,broken_both,False,False,True,True,False,True,True,0.7905491698595147,2,0.006060606060606061
NQ,2024-11-22,20791.25,20873.0,20722.25,20740.75,122783,60,2024-11-22T14:30:00+00:00,2024-11-22T15:29:00+00:00,20803.652199408712,20794.0,20844.5,20693.25,20790.0,120817,930,2024-11-21T23:00:00+00:00,2024-11-22T14:29:00+00:00,20742.25,20880.0,20735.25,20847.25,278853,330,2024-11-22T15:30:00+00:00,2024-11-22T20:59:00+00:00,155,323,0.4813664596273292,151.25,150.75,144.75,0.9601990049751243,0.7253886010362695,0.7253886010362695,False,True,False,False,broken,broken_up,False,True,False,True,True,False,True,0.7923930269413629,17,0.051515151515151514
NQ,2024-11-25,21016.5,21081.0,20869.25,20930.5,145642,60,2024-11-25T14:30:00+00:00,2024-11-25T15:29:00+00:00,20963.41351968068,20935.0,21045.5,20928.5,21015.75,95768,930,2024-11-24T23:00:00+00:00,2024-11-25T14:29:00+00:00,20930.0,20961.5,20780.25,20878.0,276979,330,2024-11-25T15:30:00+00:00,2024-11-25T20:59:00+00:00,164,328,0.5015290519877675,117.0,211.75,181.25,0.8559622195985832,0.2868965517241379,-0.2868965517241379,False,True,True,True,broken,broken_both,False,False,True,True,False,True,True,0.3250207813798836,0,0.0
NQ,2024-11-26,20938.75,21024.75,20919.5,20954.75,104506,60,2024-11-26T14:30:00+00:00,2024-11-26T15:29:00+00:00,20969.828340797016,20906.25,20979.5,20755.0,20937.75,126033,930,2024-11-25T23:00:00+00:00,2024-11-26T14:29:00+00:00,20955.0,21008.75,20903.75,20989.75,253867,330,2024-11-26T15:30:00+00:00,2024-11-26T20:59:00+00:00,171,321,0.534375,224.5,105.25,105.0,0.997624703087886,0.33095238095238094,0.33095238095238094,False,True,False,False,broken,broken_up,False,False,True,True,False,False,False,0.7107438016528925,42,0.12727272727272726
NQ,2024-11-27,20936.25,20939.5,20765.5,20775.25,107498,60,2024-11-27T14:30:00+00:00,2024-11-27T15:29:00+00:00,20848.881693922984,20990.75,21019.0,20904.25,20936.75,89442,930,2024-11-26T23:00:00+00:00,2024-11-27T14:29:00+00:00,20774.75,20829.75,20675.0,20816.25,302785,330,2024-11-27T15:30:00+00:00,2024-11-27T20:59:00+00:00,157,323,0.48757763975155277,114.75,174.0,154.75,0.889367816091954,0.2681744749596123,0.2681744749596123,False,False,True,False,broken,broken_down,False,False,True,True,False,True,True,0.5340264650283554,0,0.0
NQ,2024-11-28,20874.0,20902.0,20874.0,20892.0,11319,60,2024-11-28T14:30:00+00:00,2024-11-28T15:29:00+00:00,20889.665952528198,20813.0,20878.0,20807.25,20874.25,29857,930,2024-11-27T23:00:00+00:00,2024-11-28T14:29:00+00:00,20892.75,20909.5,20878.0,20890.0,13573,150,2024-11-28T15:30:00+00:00,2024-11-28T17:59:00+00:00,73,139,0.5289855072463768,70.75,28.0,31.5,1.125,0.0873015873015873,-0.0873015873015873,False,True,False,False,broken,broken_up,False,True,False,True,True,False,True,0.4507042253521127,27,0.18
NQ,2024-11-29,20830.5,20973.5,20805.5,20945.75,80997,60,2024-11-29T14:30:00+00:00,2024-11-29T15:29:00+00:00,20901.74693507167,20884.0,20937.75,20812.25,20830.5,76474,930,2024-11-28T23:00:00+00:00,2024-11-29T14:29:00+00:00,20945.75,21017.5,20936.25,20991.25,125172,165,2024-11-29T15:30:00+00:00,2024-11-29T18:14:00+00:00,70,159,0.4430379746835443,125.5,168.0,81.25,0.4836309523809524,0.56,0.56,False,True,True,True,broken,broken_both,False,True,False,True,True,False,True,0.8761792452830188,0,0.0
NQ,2024-12-02,21042.75,21196.5,21026.5,21182.5,117834,60,2024-12-02T14:30:00+00:00,2024-12-02T15:29:00+00:00,21139.45709995983,20995.25,21046.5,20940.0,21043.0,80750,930,2024-12-01T23:00:00+00:00,2024-12-02T14:29:00+00:00,21181.75,21259.75,21141.0,21217.0,254628,330,2024-12-02T15:30:00+00:00,2024-12-02T20:59:00+00:00,151,315,0.48089171974522293,106.5,170.0,118.75,0.6985294117647058,0.2968421052631579,0.2968421052631579,False,True,False,False,broken,broken_up,False,True,False,True,True,False,True,0.8167202572347267,0,0.0
NQ,2024-12-03,21158.0,21234.0,21134.25,21177.5,102158,60,2024-12-03T14:30:00+00:00,2024-12-03T15:29:00+00:00,21190.925287300066,21220.0,21243.5,21144.5,21157.25,77989,930,2024-12-02T23:00:00+00:00,2024-12-03T14:29:00+00:00,21177.0,21289.75,21164.5,21279.0,239237,330,2024-12-03T15:30:00+00:00,2024-12-03T20:59:00+00:00,159,319,0.5,99.0,99.75,125.25,1.255639097744361,0.8143712574850299,0.8143712574850299,False,False,True,False,broken,broken_down,False,True,False,True,True,False,True,0.9308681672025724,13,0.03939393939393939
NQ,2024-12-04,21417.5,21464.25,21388.25,21457.0,101449,60,2024-12-04T14:30:00+00:00,2024-12-04T15:29:00+00:00,21424.84430272025,21323.0,21457.0,21305.75,21418.0,90366,929,2024-12-03T23:00:00+00:00,2024-12-04T14:29:00+00:00,21456.75,21548.5,21439.5,21537.5,246281,330,2024-12-04T15:30:00+00:00,2024-12-04T20:59:00+00:00,167,321,0.521875,151.25,76.0,109.0,1.4342105263157894,0.7408256880733946,0.7408256880733946,False,True,False,False,broken,broken_up,False,True,False,True,True,False,True,0.9313572542901716,0,0.0
NQ,2024-12-05,21535.25,21551.5,21497.75,21517.75,88139,60,2024-12-05T14:30:00+00:00,2024-12-05T15:29:00+00:00,21524.049787835123,21513.25,21537.75,21489.0,21535.25,63403,930,2024-12-04T23:00:00+00:00,2024-12-05T14:29:00+00:00,21517.75,21567.25,21459.0,21475.5,246021,330,2024-12-05T15:30:00+00:00,2024-12-05T20:59:00+00:00,150,317,0.47468354430379744,48.75,53.75,108.25,2.013953488372093,0.3903002309468822,-0.3903002309468822,False,True,False,False,broken,broken_up,False,True,True,True,True,True,True,0.15242494226327943,21,0.06363636363636363
NQ,2024-12-06,21491.0,21645.25,21486.0,21633.5,102697,60,2024-12-06T14:30:00+00:00,2024-12-06T15:29:00+00:00,21583.87551486412,21450.0,21529.75,21424.75,21491.0,81407,930,2024-12-05T23:00:00+00:00,2024-12-06T14:29:00+00:00,21633.75,21669.25,21573.0,21658.5,249145,330,2024-12-06T15:30:00+00:00,2024-12-06T20:59:00+00:00,170,322,0.5295950155763239,105.0,159.25,96.25,0.6043956043956044,0.2571428571428571,0.2571428571428571,False,True,False,False,broken,broken_up,False,True,False,True,True,False,True,0.9413369713506139,2,0.006060606060606061
NQ,2024-12-09,21615.0,21648.75,21545.0,21554.0,98592,60,2024-12-09T14:30:00+00:00,2024-12-09T15:29:00+00:00,21611.41973317646,21649.0,21706.25,21586.0,21614.5,88919,930,2024-12-08T23:00:00+00:00,2024-12-09T14:29:00+00:00,21554.25,21577.0,21436.0,21485.5,304546,330,2024-12-09T15:30:00+00:00,2024-12-09T20:59:00+00:00,154,318,0.48580441640378547,120.25,103.75,141.0,1.3590361445783132,0.4875886524822695,-0.4875886524822695,False,False,True,False,broken,broken_down,False,False,True,True,False,True,True,0.23266745005875442,0,0.0
NQ,2024-12-10,21532.75,21606.75,21505.5,21561.75,113299,60,2024-12-10T14:30:00+00:00,2024-12-10T15:29:00+00:00,21556.53152793346,21479.25,21538.0,21448.0,21532.5,67585,930,2024-12-09T23:00:00+00:00,2024-12-10T14:29:00+00:00,21561.5,21577.5,21352.75,21408.0,331284,330,2024-12-10T15:30:00+00:00,2024-12-10T20:59:00+00:00,150,323,0.4658385093167702,90.0,101.25,224.75,2.219753086419753,0.6829810901001112,-0.6829810901001112,False,True,False,False,broken,broken_up,False,False,True,True,False,True,True,0.21751968503937008,11,0.03333333333333333
NQ,2024-12-11,21589.5,21736.25,21573.0,21691.25,142302,60,2024-12-11T14:30:00+00:00,2024-12-11T15:29:00+00:00,21666.450599780746,21436.0,21590.0,21405.75,21590.0,84387,930,2024-12-10T23:00:00+00:00,2024-12-11T14:29:00+00:00,21691.25,21820.0,21672.75,21791.75,278429,330,2024-12-11T15:30:00+00:00,2024-12-11T20:59:00+00:00,167,322,0.5202492211838006,184.25,163.25,147.25,0.9019908116385911,0.6825127334465195,0.6825127334465195,False,True,False,False,broken,broken_up,False,True,False,True,True,False,True,0.8856275303643725,0,0.0
NQ,2024-12-12,21694.0,21719.25,21624.75,21707.5,122736,60,2024-12-12T14:30:00+00:00,2024-12-12T15:29:00+00:00,21672.33071253205,21756.75,21772.5,21648.75,21693.75,89534,929,2024-12-11T23:00:00+00:00,2024-12-12T14:29:00+00:00,21707.5,21745.0,21642.25,21643.25,253263,330,2024-12-12T15:30:00+00:00,2024-12-12T20:59:00+00:00,164,322,0.5109034267912772,123.75,94.5,102.75,1.0873015873015872,0.6253041362530414,-0.6253041362530414,False,False,True,False,broken,broken_down,False,True,False,True,False,False,False,0.15384615384615385,20,0.06060606060606061
NQ,2024-12-13,21795.25,21908.0,21790.0,21803.25,129029,60,2024-12-13T14:30:00+00:00,2024-12-13T15:29:00+00:00,21850.923468109235,21720.75,21843.75,21698.0,21795.25,95384,930,2024-12-12T23:00:00+00:00,2024-12-13T14:29:00+00:00,21803.25,21829.25,21666.5,21797.5,323450,330,2024-12-13T15:30:00+00:00,2024-12-13T20:59:00+00:00,160,318,0.5047318611987381,145.75,118.0,162.75,1.3792372881355932,0.03533026113671275,-0.03533026113671275,False,True,False,False,broken,broken_up,False,False,True,True,False,True,True,0.5424430641821946,0,0.0
NQ,2024-12-16,21899.5,21995.75,21896.0,21995.25,74204,60,2024-12-16T14:30:00+00:00,2024-12-16T15:29:00+00:00,21947.039690133508,21780.25,21913.5,21762.0,21899.0,53477,930,2024-12-15T23:00:00+00:00,2024-12-16T14:29:00+00:00,21995.25,22152.5,21982.75,22111.5,158396,330,2024-12-16T15:30:00+00:00,2024-12-16T20:59:00+00:00,185,318,0.583596214511041,151.5,99.75,169.75,1.7017543859649122,0.6848306332842415,0.6848306332842415,False,True,False,False,broken,broken_up,False,True,False,True,True,False,True,0.8401559454191033,0,0.0
NQ,2024-12-17,22336.0,22366.75,22244.25,22247.75,122998,60,2024-12-17T14:30:00+00:00,2024-12-17T15:29:00+00:00,22303.17292422099,22115.0,22425.75,22080.25,22336.0,73555,928,2024-12-16T23:00:00+00:00,2024-12-17T14:29:00+00:00,22247.5,22386.0,22247.5,22315.25,243076,330,2024-12-17T15:30:00+00:00,2024-12-17T20:59:00+00:00,162,325,0.5,345.5,122.5,138.5,1.1306122448979592,0.4891696750902527,0.4891696750902527,True,False,False,False,trapped,trapped,False,True,False,True,False,False,False,0.5008818342151675,36,0.10909090909090909
NQ,2024-12-18,22280.5,22316.0,22211.25,22312.5,82833,60,2024-12-18T14:30:00+00:00,2024-12-18T15:29:00+00:00,22271.77672948382,22309.25,22387.75,22206.0,22280.0,76853,930,2024-12-17T23:00:00+00:00,2024-12-18T14:29:00+00:00,22312.25,22351.75,21430.0,21496.75,430629,330,2024-12-18T15:30:00+00:00,2024-12-18T20:59:00+00:00,144,327,0.44171779141104295,181.75,104.75,921.75,8.799522673031026,0.8847301328993762,-0.8847301328993762,True,False,False,False,trapped,trapped,True,True,True,True,False,True,True,0.07241659886086249,6,0.01818181818181818
NQ,2024-12-19,21677.0,21697.75,21497.0,21501.5,141669,60,2024-12-19T14:30:00+00:00,2024-12-19T15:29:00+00:00,21603.165118456873,21499.75,21682.0,21427.75,21677.0,160342,930,2024-12-18T23:00:00+00:00,2024-12-19T14:29:00+00:00,21499.75,21628.75,21363.0,21376.75,365317,330,2024-12-19T15:30:00+00:00,2024-12-19T20:59:00+00:00,174,325,0.5370370370370371,254.25,200.75,265.75,1.323785803237858,0.4628410159924741,-0.4628410159924741,False,True,False,False,broken,broken_up,False,False,True,True,False,True,True,0.041075429424943986,14,0.04242424242424243
NQ,2024-12-20,21210.5,21461.25,21160.5,21457.75,144844,60,2024-12-20T14:30:00+00:00,2024-12-20T15:29:00+00:00,21279.225115181387,21429.25,21429.25,21006.5,21211.0,210079,930,2024-12-19T23:00:00+00:00,2024-12-20T14:29:00+00:00,21458.25,21812.25,21455.75,21567.5,453578,330,2024-12-20T15:30:00+00:00,2024-12-20T20:59:00+00:00,164,326,0.5046153846153846,422.75,300.75,356.5,1.1853699085619285,0.3064516129032258,0.3064516129032258,False,True,False,False,broken,broken_up,False,True,False,True,True,False,True,0.6244725738396625,0,0.0
NQ,2024-12-23,21619.25,21675.5,21476.75,21541.25,118396,60,2024-12-23T14:30:00+00:00,2024-12-23T15:29:00+00:00,21588.83440389315,21566.0,21741.75,21544.25,21619.5,113858,930,2024-12-22T23:00:00+00:00,2024-12-23T14:29:00+00:00,21541.75,21776.75,21522.75,21755.5,256108,330,2024-12-23T15:30:00+00:00,2024-12-23T20:59:00+00:00,167,327,0.5122699386503068,197.5,198.75,254.0,1.2779874213836477,0.8415354330708661,0.8415354330708661,False,False,True,False,broken,broken_down,False,True,False,True,True,False,True,0.9291666666666667,7,0.021212121212121213
NQ,2024-12-24,21826.25,21941.25,21799.25,21924.25,75341,60,2024-12-24T14:30:00+00:00,2024-12-24T15:29:00+00:00,21881.90237608562,21743.25,21847.5,21709.0,21826.5,57443,930,2024-12-23T23:00:00+00:00,2024-12-24T14:29:00+00:00,21924.25,22049.75,21921.75,22046.5,124113,165,2024-12-24T15:30:00+00:00,2024-12-24T18:14:00+00:00,83,161,0.51875,138.5,142.0,128.0,0.9014084507042254,0.955078125,0.955078125,False,True,False,False,broken,broken_up,False,True,False,True,True,False,True,0.9870259481037924,0,0.0
NQ,2024-12-26,21961.5,22008.0,21870.25,21991.0,91518,60,2024-12-26T14:30:00+00:00,2024-12-26T15:29:00+00:00,21957.334689168616,22049.5,22111.25,21894.25,21961.75,82913,929,2024-12-25T23:00:00+00:00,2024-12-26T14:29:00+00:00,21991.0,22076.25,21968.25,22007.25,210647,330,2024-12-26T15:30:00+00:00,2024-12-26T20:59:00+00:00,159,320,0.49843260188087773,217.0,137.75,108.0,0.7840290381125227,0.15046296296296297,0.15046296296296297,False,False,True,False,broken,broken_down,False,True,False,True,False,False,False,0.6650485436893204,0,0.0
NQ,2024-12-27,21846.0,21863.0,21512.75,21560.75,145094,60,2024-12-27T14:30:00+00:00,2024-12-27T15:29:00+00:00,21668.500067772155,21990.75,22008.0,21844.0,21845.75,65942,930,2024-12-26T23:00:00+00:00,2024-12-27T14:29:00+00:00,21560.0,21716.5,21498.75,21703.0,328903,330,2024-12-27T15:30:00+00:00,2024-12-27T20:59:00+00:00,178,327,0.5460122699386503,164.0,350.25,217.75,0.6216987865810135,0.6567164179104478,0.6567164179104478,False,False,True,False,broken,broken_down,False,False,True,True,False,True,True,0.5607412491420728,32,0.09696969696969697
NQ,2024-12-30,21409.0,21416.0,21253.0,21279.75,112385,60,2024-12-30T14:30:00+00:00,2024-12-30T15:29:00+00:00,21327.1858974359,21711.0,21742.75,21358.5,21409.5,112454,930,2024-12-29T23:00:00+00:00,2024-12-30T14:29:00+00:00,21280.25,21571.0,21276.25,21411.75,272173,330,2024-12-30T15:30:00+00:00,2024-12-30T20:59:00+00:00,169,326,0.52,384.25,163.0,294.75,1.8082822085889572,0.44614079728583544,0.44614079728583544,False,False,True,False,broken,broken_down,False,True,False,True,False,False,False,0.4992138364779874,11,0.03333333333333333
NQ,2024-12-31,21456.0,21488.5,21333.5,21416.0,93034,60,2024-12-31T14:30:00+00:00,2024-12-31T15:29:00+00:00,21416.442803168735,21390.25,21524.75,21343.5,21456.0,78278,930,2024-12-30T23:00:00+00:00,2024-12-31T14:29:00+00:00,21417.0,21443.25,21182.0,21220.25,283928,330,2024-12-31T15:30:00+00:00,2024-12-31T20:59:00+00:00,150,326,0.46153846153846156,181.25,155.0,261.25,1.685483870967742,0.75311004784689,-0.75311004784689,False,False,True,False,broken,broken_down,False,False,True,True,False,True,True,0.12479608482871125,6,0.01818181818181818
NQ,2025-01-02,21347.75,21444.0,21166.5,21288.0,132806,60,2025-01-02T14:30:00+00:00,2025-01-02T15:29:00+00:00,21312.438366865954,21269.0,21490.5,21121.75,21347.75,149259,930,2025-01-01T23:00:00+00:00,2025-01-02T14:29:00+00:00,21288.25,21357.5,20983.75,21169.0,365820,330,2025-01-02T15:30:00+00:00,2025-01-02T20:59:00+00:00,173,326,0.5323076923076923,368.75,277.5,373.75,1.3468468468468469,0.31906354515050167,-0.31906354515050167,True,False,False,False,trapped,trapped,False,False,True,True,False,True,True,0.4024986420423683,24,0.07272727272727272
NQ,2025-01-03,21293.75,21440.75,21261.5,21334.0,123370,60,2025-01-03T14:30:00+00:00,2025-01-03T15:29:00+00:00,21360.20239861122,21186.75,21303.0,21144.0,21293.25,84540,929,2025-01-02T23:00:00+00:00,2025-01-03T14:29:00+00:00,21334.0,21559.25,21298.0,21508.25,256075,330,2025-01-03T15:30:00+00:00,2025-01-03T20:59:00+00:00,162,317,0.5126582278481012,159.0,179.25,261.25,1.4574616457461647,0.6669856459330143,0.6669856459330143,False,True,False,False,broken,broken_up,False,True,False,True,True,False,True,0.8287153652392947,16,0.048484848484848485
NQ,2025-01-06,21732.75,21886.75,21723.5,21877.5,109322,60,2025-01-06T14:30:00+00:00,2025-01-06T15:29:00+00:00,21811.718180390653,21532.25,21760.5,21478.25,21732.5,128567,930,2025-01-05T23:00:00+00:00,2025-01-06T14:29:00+00:00,21877.0,21896.75,21647.75,21750.5,306386,330,2025-01-06T15:30:00+00:00,2025-01-06T20:59:00+00:00,177,325,0.5462962962962963,282.25,163.25,249.0,1.5252679938744258,0.5080321285140562,-0.5080321285140562,False,True,False,False,broken,broken_up,False,True,True,True,True,False,True,0.4126506024096386,2,0.006060606060606061
NQ,2025-01-07,21791.75,21806.0,21525.25,21577.25,151201,60,2025-01-07T14:30:00+00:00,2025-01-07T15:29:00+00:00,21663.55437298695,21781.25,21797.25,21661.0,21791.75,92002,930,2025-01-06T23:00:00+00:00,2025-01-07T14:29:00+00:00,21577.0,21586.25,21279.5,21359.0,373966,330,2025-01-07T15:30:00+00:00,2025-01-07T20:59:00+00:00,169,325,0.5216049382716049,136.25,280.75,306.75,1.0926090828138915,0.710676446617767,-0.710676446617767,False,True,True,True,broken,broken_both,False,False,True,True,False,True,True,0.150997150997151,0,0.0
NQ,2025-01-08,21355.75,21406.25,21231.0,21288.75,127881,60,2025-01-08T14:30:00+00:00,2025-01-08T15:29:00+00:00,21325.8834228697,21380.75,21448.25,21221.5,21356.0,153450,930,2025-01-07T23:00:00+00:00,2025-01-08T14:29:00+00:00,21288.5,21431.75,21166.25,21360.25,328588,330,2025-01-08T15:30:00+00:00,2025-01-08T20:59:00+00:00,163,324,0.5046439628482973,226.75,175.25,265.5,1.514978601997147,0.2702448210922787,0.2702448210922787,True,False,False,False,trapped,trapped,True,True,True,True,False,True,True,0.7306967984934086,54,0.16363636363636364
NQ,2025-01-10,21192.5,21197.25,20874.75,21029.75,142802,60,2025-01-10T14:30:00+00:00,2025-01-10T15:29:00+00:00,21020.222509138526,21302.75,21372.5,21045.0,21192.75,153883,930,2025-01-09T23:00:00+00:00,2025-01-10T14:29:00+00:00,21030.5,21176.5,20885.0,21015.5,376582,330,2025-01-10T15:30:00+00:00,2025-01-10T20:59:00+00:00,159,324,0.49226006191950467,327.5,322.5,291.5,0.9038759689922481,0.051457975986277875,-0.051457975986277875,False,False,True,False,broken,broken_down,False,False,False,False,False,False,False,0.43643410852713177,41,0.12424242424242424
NQ,2025-01-13,20765.75,20855.5,20702.0,20717.25,117252,60,2025-01-13T14:30:00+00:00,2025-01-13T15:29:00+00:00,20769.8996299992,21027.5,21037.0,20694.0,20765.0,160199,930,2025-01-12T23:00:00+00:00,2025-01-13T14:29:00+00:00,20718.5,20964.5,20717.0,20948.25,313694,330,2025-01-13T15:30:00+00:00,2025-01-13T20:59:00+00:00,163,327,0.5,343.0,153.5,247.5,1.6123778501628665,0.9282828282828283,0.9282828282828283,True,False,False,False,trapped,trapped,True,True,False,True,False,False,False,0.9380952380952381,32,0.09696969696969697
NQ,2025-01-14,21071.5,21129.75,20966.25,21016.5,123695,60,2025-01-14T14:30:00+00:00,2025-01-14T15:29:00+00:00,21053.97302706927,21020.0,21143.75,20944.0,21071.25,141799,930,2025-01-13T23:00:00+00:00,2025-01-14T14:29:00+00:00,21016.75,21028.5,20773.5,20923.0,379799,330,2025-01-14T15:30:00+00:00,2025-01-14T20:59:00+00:00,164,325,0.5061728395061729,199.75,163.5,255.0,1.5596330275229358,0.36764705882352944,-0.36764705882352944,True,False,False,False,trapped,trapped,False,False,True,True,False,True,True,0.41964912280701755,0,0.0
NQ,2025-01-15,21251.25,21408.0,21186.75,21392.0,122644,60,2025-01-15T14:30:00+00:00,2025-01-15T15:29:00+00:00,21322.67633353446,20977.0,21329.0,20909.0,21252.0,120297,930,2025-01-14T23:00:00+00:00,2025-01-15T14:29:00+00:00,21392.25,21452.75,21246.25,21395.75,285437,330,2025-01-15T15:30:00+00:00,2025-01-15T20:59:00+00:00,170,323,0.5279503105590062,420.0,221.25,206.5,0.9333333333333333,0.01694915254237288,0.01694915254237288,False,True,False,False,broken,broken_up,False,True,False,True,True,False,True,0.7857142857142857,14,0.04242424242424243
NQ,2025-01-16,21494.5,21498.0,21336.25,21376.25,120953,60,2025-01-16T14:30:00+00:00,2025-01-16T15:29:00+00:00,21406.15541849589,21389.0,21567.25,21353.0,21494.75,130117,930,2025-01-15T23:00:00+00:00,2025-01-16T14:29:00+00:00,21375.5,21474.75,21243.5,21248.0,311016,330,2025-01-16T15:30:00+00:00,2025-01-16T20:59:00+00:00,163,325,0.5030864197530864,214.25,161.75,231.25,1.4296754250386399,0.5513513513513514,-0.5513513513513514,False,False,True,False,broken,broken_down,False,False,True,True,False,True,True,0.01768172888015717,31,0.09393939393939393
NQ,2025-01-17,21647.25,21653.75,21481.25,21528.5,137805,60,2025-01-17T14:30:00+00:00,2025-01-17T15:29:00+00:00,21544.194651863145,21227.5,21682.5,21209.25,21646.75,136149,930,2025-01-16T23:00:00+00:00,2025-01-17T14:29:00+00:00,21528.0,21672.0,21516.0,21600.75,289682,330,2025-01-17T15:30:00+00:00,2025-01-17T20:59:00+00:00,168,321,0.525,473.25,172.5,156.0,0.9043478260869565,0.46634615384615385,0.46634615384615385,True,False,False,False,trapped,trapped,False,True,False,True,False,False,False,0.6264744429882044,7,0.021212121212121213
NQ,2025-01-20,21723.75,21778.75,21677.0,21688.5,31241,60,2025-01-20T14:30:00+00:00,2025-01-20T15:29:00+00:00,21733.30270317852,21600.0,21726.75,21526.5,21723.25,83434,930,2025-01-19T23:00:00+00:00,2025-01-20T14:29:00+00:00,21688.25,21730.75,21620.0,21683.0,40441,150,2025-01-20T15:30:00+00:00,2025-01-20T17:59:00+00:00,68,149,0.4594594594594595,200.25,101.75,110.75,1.0884520884520885,0.04740406320541761,-0.04740406320541761,False,True,False,False,broken,broken_up,False,False,True,True,False,False,False,0.3968503937007874,0,0.0
NQ,2025-01-21,21710.75,21718.25,21525.75,21639.25,119320,60,2025-01-21T14:30:00+00:00,2025-01-21T15:29:00+00:00,21624.134343921112,21687.25,21746.25,21377.75,21710.75,109344,930,2025-01-20T23:00:00+00:00,2025-01-21T14:29:00+00:00,21639.25,21772.0,21585.75,21714.5,253699,330,2025-01-21T15:30:00+00:00,2025-01-21T20:59:00+00:00,169,323,0.5248447204968945,368.5,192.5,186.25,0.9675324675324676,0.4040268456375839,0.4040268456375839,True,False,False,False,trapped,trapped,False,True,False,True,True,False,True,0.766497461928934,31,0.09393939393939393
NQ,2025-01-22,21913.75,22037.0,21902.5,22013.0,119092,60,2025-01-22T14:30:00+00:00,2025-01-22T15:29:00+00:00,21984.57602105935,21809.25,21934.25,21768.25,21914.25,86752,930,2025-01-21T23:00:00+00:00,2025-01-22T14:29:00+00:00,22012.75,22093.5,21982.0,21997.75,265305,330,2025-01-22T15:30:00+00:00,2025-01-22T20:59:00+00:00,175,325,0.5401234567901234,166.0,134.5,111.5,0.828996282527881,0.13452914798206278,-0.13452914798206278,False,True,False,False,broken,broken_up,False,True,False,True,True,False,True,0.4986910994764398,3,0.00909090909090909
NQ,2025-01-23,21888.75,21918.0,21866.0,21901.25,84794,60,2025-01-23T14:30:00+00:00,2025-01-23T15:29:00+00:00,21893.811284800027,21981.75,21984.75,21855.5,21889.25,90723,930,2025-01-22T23:00:00+00:00,2025-01-23T14:29:00+00:00,21901.25,22043.75,21892.5,22041.75,271946,330,2025-01-23T15:30:00+00:00,2025-01-23T20:59:00+00:00,141,325,0.4351851851851852,129.25,52.0,151.25,2.9086538461538463,0.9289256198347108,0.9289256198347108,True,False,False,False,trapped,trapped,False,True,False,True,True,False,True,0.9887482419127989,2,0.006060606060606061
NQ,2025-01-24,22044.25,22078.25,21987.25,21993.5,101047,60,2025-01-24T14:30:00+00:00,2025-01-24T15:29:00+00:00,22030.45340946952,22018.5,22058.5,21971.75,22044.0,128811,930,2025-01-23T23:00:00+00:00,2025-01-24T14:29:00+00:00,21994.0,22035.75,21844.0,21908.5,276432,330,2025-01-24T15:30:00+00:00,2025-01-24T20:59:00+00:00,174,324,0.5386996904024768,86.75,91.0,191.75,2.107142857142857,0.44589308996088656,-0.44589308996088656,False,True,False,False,broken,broken_up,False,False,True,True,False,True,True,0.2753468516542156,7,0.021212121212121213
NQ,2025-01-27,21123.5,21370.25,21109.0,21367.5,178721,60,2025-01-27T14:30:00+00:00,2025-01-27T15:29:00+00:00,21273.983596872593,21771.0,21771.0,20763.75,21123.75,389802,930,2025-01-26T23:00:00+00:00,2025-01-27T14:29:00+00:00,21367.5,21418.5,21095.0,21258.0,439837,330,2025-01-27T15:30:00+00:00,2025-01-27T20:59:00+00:00,163,322,0.5077881619937694,1007.25,261.25,323.5,1.2382775119617224,0.3384853168469861,-0.3384853168469861,True,False,False,False,trapped,trapped,False,True,True,True,False,False,False,0.5038639876352395,14,0.04242424242424243
NQ,2025-01-28,21302.75,21481.75,21159.5,21467.0,150846,60,2025-01-28T14:30:00+00:00,2025-01-28T15:29:00+00:00,21296.16635453818,21343.25,21423.5,21219.0,21302.0,146011,930,2025-01-27T23:00:00+00:00,2025-01-28T14:29:00+00:00,21467.25,21626.0,21387.5,21575.5,337555,330,2025-01-28T15:30:00+00:00,2025-01-28T20:59:00+00:00,161,321,0.503125,204.5,322.25,238.5,0.7401086113266098,0.45387840670859536,0.45387840670859536,False,True,True,True,broken,broken_both,False,True,False,True,True,False,True,0.8917470525187567,0,0.0
NQ,2025-01-29,21599.75,21606.25,21480.5,21502.75,111920,60,2025-01-29T14:30:00+00:00,2025-01-29T15:29:00+00:00,21533.626532344526,21559.0,21697.0,21530.5,21600.0,101556,930,2025-01-28T23:00:00+00:00,2025-01-29T14:29:00+00:00,21503.25,21600.75,21367.0,21530.25,371726,330,2025-01-29T15:30:00+00:00,2025-01-29T20:59:00+00:00,160,322,0.4984423676012461,166.5,125.75,233.75,1.8588469184890657,0.11550802139037433,0.11550802139037433,False,False,True,False,broken,broken_down,False,False,True,True,False,True,True,0.6823406478578893,48,0.14545454545454545
NQ,2025-01-30,21650.0,21748.75,21522.0,21531.5,134697,60,2025-01-30T14:30:00+00:00,2025-01-30T15:29:00+00:00,21636.40235553378,21547.75,21715.5,21505.75,21650.25,110528,930,2025-01-29T23:00:00+00:00,2025-01-30T14:29:00+00:00,21532.0,21700.0,21419.5,21623.0,343491,330,2025-01-30T15:30:00+00:00,2025-01-30T20:59:00+00:00,153,324,0.47368421052631576,209.75,226.75,280.5,1.237045203969129,0.3244206773618538,0.3244206773618538,False,True,False,False,broken,broken_up,False,False,True,True,False,True,True,0.6180713743356112,10,0.030303030303030304
NQ,2025-01-31,21774.0,21923.5,21765.0,21897.0,103293,60,2025-01-31T14:30:00+00:00,2025-01-31T15:29:00+00:00,21849.74475279061,21680.0,21813.0,21660.0,21774.5,100891,930,2025-01-30T23:00:00+00:00,2025-01-31T14:29:00+00:00,21896.5,21966.0,21535.75,21580.75,418708,330,2025-01-31T15:30:00+00:00,2025-01-31T20:59:00+00:00,161,326,0.49538461538461537,153.0,158.5,430.25,2.7145110410094637,0.7338756536897153,-0.7338756536897153,False,True,False,False,broken,broken_up,False,True,True,True,True,True,True,0.10459035444509006,6,0.01818181818181818
NQ,2025-02-03,21215.5,21362.5,21113.25,21352.25,167310,60,2025-02-03T14:30:00+00:00,2025-02-03T15:29:00+00:00,21224.285218058296,21200.0,21272.0,20943.0,21215.5,191563,930,2025-02-02T23:00:00+00:00,2025-02-03T14:29:00+00:00,21352.25,21519.75,21321.25,21406.25,334935,330,2025-02-03T15:30:00+00:00,2025-02-03T20:59:00+00:00,173,328,0.5290519877675841,329.0,249.25,198.5,0.7963891675025075,0.27204030226700254,0.27204030226700254,False,True,False,False,broken,broken_up,False,True,False,True,True,False,True,0.7207872078720787,0,0.0
NQ,2025-02-04,21421.25,21663.5,21405.25,21640.5,112115,60,2025-02-04T14:30:00+00:00,2025-02-04T15:29:00+00:00,21556.217135679137,21592.0,21600.0,21242.5,21421.25,115798,930,2025-02-03T23:00:00+00:00,2025-02-04T14:29:00+00:00,21640.5,21694.0,21550.0,21668.25,238487,330,2025-02-04T15:30:00+00:00,2025-02-04T20:59:00+00:00,169,320,0.5297805642633229,357.5,258.25,144.0,0.5575992255566312,0.19270833333333334,0.19270833333333334,False,True,False,False,broken,broken_up,False,True,False,True,True,False,True,0.9108225108225109,3,0.00909090909090909
NQ,2025-02-05,21551.0,21613.75,21501.0,21581.25,115023,60,2025-02-05T14:30:00+00:00,2025-02-05T15:29:00+00:00,21550.192982418015,21562.0,21623.75,21429.75,21550.5,115470,930,2025-02-04T23:00:00+00:00,2025-02-05T14:29:00+00:00,21581.0,21769.0,21545.5,21761.25,241993,330,2025-02-05T15:30:00+00:00,2025-02-05T20:59:00+00:00,168,321,0.525,194.0,112.75,223.5,1.982261640798226,0.8064876957494407,0.8064876957494407,True,False,False,False,trapped,trapped,False,True,False,True,True,False,True,0.9710820895522388,2,0.006060606060606061
NQ,2025-02-06,21777.0,21848.75,21738.25,21792.75,97147,60,2025-02-06T14:30:00+00:00,2025-02-06T15:29:00+00:00,21792.294110128638,21764.5,21832.75,21705.75,21777.25,84264,930,2025-02-05T23:00:00+00:00,2025-02-06T14:29:00+00:00,21791.75,21882.25,21711.5,21870.75,228884,330,2025-02-06T15:30:00+00:00,2025-02-06T20:59:00+00:00,158,319,0.4968553459119497,127.0,110.5,170.75,1.5452488687782806,0.46266471449487556,0.46266471449487556,False,True,False,False,broken,broken_up,False,True,True,True,True,False,True,0.9326500732064422,36,0.10909090909090909
NQ,2025-02-07,21886.0,21968.0,21686.0,21745.0,138626,60,2025-02-07T14:30:00+00:00,2025-02-07T15:29:00+00:00,21830.48327574433,21817.75,21930.0,21790.25,21885.75,81346,930,2025-02-06T23:00:00+00:00,2025-02-07T14:29:00+00:00,21744.25,21804.0,21552.75,21588.25,357500,330,2025-02-07T15:30:00+00:00,2025-02-07T20:59:00+00:00,163,326,0.5015384615384615,139.75,282.0,251.25,0.8909574468085106,0.6208955223880597,-0.6208955223880597,False,True,True,True,broken,broken_both,False,False,True,True,False,True,True,0.08549066827212523,0,0.0
NQ,2025-02-10,21764.25,21873.5,21744.0,21863.0,90092,60,2025-02-10T14:30:00+00:00,2025-02-10T15:29:00+00:00,21803.015860638752,21463.25,21791.5,21418.0,21764.5,91133,930,2025-02-09T23:00:00+00:00,2025-02-10T14:29:00+00:00,21863.25,21894.0,21817.25,21843.75,191863,330,2025-02-10T15:30:00+00:00,2025-02-10T20:59:00+00:00,164,318,0.5173501577287066,373.5,129.5,76.75,0.5926640926640927,0.254071661237785,-0.254071661237785,False,True,False,False,broken,broken_up,False,True,False,True,True,False,True,0.665,0,0.0
NQ,2025-02-11,21706.0,21845.25,21700.75,21838.25,82933,60,2025-02-11T14:30:00+00:00,2025-02-11T15:29:00+00:00,21785.919220937387,21832.0,21832.25,21669.5,21705.5,88975,930,2025-02-10T23:00:00+00:00,2025-02-11T14:29:00+00:00,21838.5,21871.5,21715.75,21791.0,236550,330,2025-02-11T15:30:00+00:00,2025-02-11T20:59:00+00:00,148,323,0.45962732919254656,162.75,144.5,155.75,1.0778546712802768,0.30497592295345105,-0.30497592295345105,False,True,False,False,broken,broken_up,False,True,False,True,True,False,True,0.5285505124450952,29,0.08787878787878788
NQ,2025-02-12,21551.0,21739.5,21536.25,21697.0,136170,60,2025-02-12T14:30:00+00:00,2025-02-12T15:29:00+00:00,21638.912242662358,21794.25,21850.0,21510.75,21551.0,130557,930,2025-02-11T23:00:00+00:00,2025-02-12T14:29:00+00:00,21697.25,21839.0,21646.0,21802.0,256875,330,2025-02-12T15:30:00+00:00,2025-02-12T20:59:00+00:00,165,320,0.5172413793103449,339.25,203.25,193.0,0.949569495694957,0.5427461139896373,0.5427461139896373,True,False,False,False,trapped,trapped,False,True,False,True,False,False,False,0.8777869529314616,0,0.0
NQ,2025-02-13,21870.0,21996.5,21834.75,21973.5,127272,60,2025-02-13T14:30:00+00:00,2025-02-13T15:29:00+00:00,21914.972156745655,21861.25,21927.0,21753.0,21869.75,110765,929,2025-02-12T23:00:00+00:00,2025-02-13T14:29:00+00:00,21973.75,22124.0,21890.5,22109.75,274361,330,2025-02-13T15:30:00+00:00,2025-02-13T20:59:00+00:00,159,325,0.49074074074074076,174.0,161.75,233.5,1.4435857805255023,0.582441113490364,0.582441113490364,False,True,False,False,broken,broken_up,False,True,False,True,True,False,True,0.9507346585998271,3,0.00909090909090909
NQ,2025-02-14,22108.0,22160.0,22090.0,22138.75,88076,60,2025-02-14T14:30:00+00:00,2025-02-14T15:29:00+00:00,22124.824929606246,22071.0,22163.5,22042.5,22108.75,87972,930,2025-02-13T23:00:00+00:00,2025-02-14T14:29:00+00:00,22138.75,22225.0,22092.0,22194.25,238026,330,2025-02-14T15:30:00+00:00,2025-02-14T20:59:00+00:00,169,325,0.5216049382716049,121.0,70.0,133.0,1.9,0.41729323308270677,0.41729323308270677,True,False,False,False,trapped,trapped,True,True,False,True,True,False,True,0.7722222222222223,23,0.0696969696969697
NQ,2025-02-17,22241.25,22243.0,22192.5,22227.75,18951,60,2025-02-17T14:30:00+00:00,2025-02-17T15:29:00+00:00,22212.760773398062,22235.75,22281.75,22196.25,22241.0,59922,930,2025-02-16T23:00:00+00:00,2025-02-17T14:29:00+00:00,22228.5,22251.75,22222.5,22235.25,22301,150,2025-02-17T15:30:00+00:00,2025-02-17T17:59:00+00:00,74,144,0.5174825174825175,85.5,50.5,29.25,0.5792079207920792,0.23076923076923078,0.23076923076923078,False,False,True,False,broken,broken_down,False,True,False,True,False,False,False,0.7215189873417721,0,0.0
NQ,2025-02-18,22257.75,22268.0,22130.25,22139.0,115104,60,2025-02-18T14:30:00+00:00,2025-02-18T15:29:00+00:00,22202.419850019694,22224.75,22319.75,22198.25,22258.25,83426,930,2025-02-17T23:00:00+00:00,2025-02-18T14:29:00+00:00,22139.25,22239.5,22102.75,22238.75,241254,330,2025-02-18T15:30:00+00:00,2025-02-18T20:59:00+00:00,164,321,0.5125,121.5,137.75,136.75,0.9927404718693285,0.7276051188299817,0.7276051188299817,False,False,True,False,broken,broken_down,False,False,True,True,False,True,True,0.8229954614220878,21,0.06363636363636363
NQ,2025-02-19,22207.25,22221.5,22118.0,22149.0,97754,60,2025-02-19T14:30:00+00:00,2025-02-19T15:29:00+00:00,22167.88738568243,22224.5,22291.25,22179.5,22207.0,91613,930,2025-02-18T23:00:00+00:00,2025-02-19T14:29:00+00:00,22149.25,22299.75,22147.0,22247.0,287818,330,2025-02-19T15:30:00+00:00,2025-02-19T20:59:00+00:00,153,323,0.4751552795031056,111.75,103.5,152.75,1.4758454106280192,0.6399345335515548,0.6399345335515548,False,False,True,False,broken,broken_down,False,True,False,True,True,False,True,0.7097661623108665,10,0.030303030303030304
NQ,2025-02-20,22209.5,22225.5,21951.0,22088.0,161841,60,2025-02-20T14:30:00+00:00,2025-02-20T15:29:00+00:00,22086.01911443948,22213.0,22235.5,22141.0,22209.75,78692,930,2025-02-19T23:00:00+00:00,2025-02-20T14:29:00+00:00,22087.5,22148.25,21975.0,22144.75,300203,330,2025-02-20T15:30:00+00:00,2025-02-20T20:59:00+00:00,165,319,0.5188679245283019,94.5,274.5,173.25,0.6311475409836066,0.33044733044733043,0.33044733044733043,False,False,True,False,broken,broken_down,False,False,False,False,False,False,False,0.7058287795992714,24,0.07272727272727272
NQ,2025-02-21,22186.25,22188.0,21992.25,22006.0,131656,60,2025-02-21T14:30:00+00:00,2025-02-21T15:29:00+00:00,22099.021789106966,22136.0,22245.5,22103.75,22185.75,82963,930,2025-02-20T23:00:00+00:00,2025-02-21T14:29:00+00:00,22005.25,22029.75,21662.5,21682.5,461815,330,2025-02-21T15:30:00+00:00,2025-02-21T20:59:00+00:00,150,327,0.4601226993865031,141.75,195.75,367.25,1.876117496807152,0.8788291354663036,-0.8788291354663036,False,False,True,False,broken,broken_down,False,False,True,True,False,True,True,0.038058991436726926,0,0.0
NQ,2025-02-24,21752.5,21801.75,21436.25,21506.5,161251,60,2025-02-24T14:30:00+00:00,2025-02-24T15:29:00+00:00,21605.925323460528,21700.75,21813.0,21676.75,21752.5,107164,929,2025-02-23T23:00:00+00:00,2025-02-24T14:29:00+00:00,21506.5,21660.5,21408.75,21421.0,368670,330,2025-02-24T15:30:00+00:00,2025-02-24T20:59:00+00:00,165,325,0.5092592592592593,136.25,365.5,251.75,0.688782489740082,0.33962264150943394,-0.33962264150943394,False,False,True,False,broken,broken_down,False,False,True,True,False,True,True,0.031170483460559797,31,0.09393939393939393
NQ,2025-02-25,21391.0,21397.5,21028.25,21048.25,179189,60,2025-02-25T14:30:00+00:00,2025-02-25T15:29:00+00:00,21223.526312534064,21442.5,21453.75,21286.0,21391.5,145249,930,2025-02-24T23:00:00+00:00,2025-02-25T14:29:00+00:00,21048.75,21281.25,20990.0,21149.75,448649,330,2025-02-25T15:30:00+00:00,2025-02-25T20:59:00+00:00,151,325,0.4660493827160494,167.75,369.25,291.25,0.7887610020311442,0.34678111587982835,0.34678111587982835,False,False,True,False,broken,broken_down,False,False,True,True,False,True,True,0.3920245398773006,27,0.08181818181818182
NQ,2025-02-26,21238.75,21373.0,21189.0,21282.25,124331,60,2025-02-26T14:30:00+00:00,2025-02-26T15:29:00+00:00,21277.214184314453,21230.5,21332.5,21200.0,21238.25,94815,930,2025-02-25T23:00:00+00:00,2025-02-26T14:29:00+00:00,21282.25,21409.25,21064.5,21191.25,381175,330,2025-02-26T15:30:00+00:00,2025-02-26T20:59:00+00:00,181,324,0.5603715170278638,132.5,184.0,344.75,1.8736413043478262,0.2639593908629442,-0.2639593908629442,False,True,True,True,broken,broken_both,False,True,True,True,True,True,True,0.36765772298767224,3,0.00909090909090909
NQ,2025-02-27,21340.75,21381.0,20896.25,21127.0,200243,60,2025-02-27T14:30:00+00:00,2025-02-27T15:29:00+00:00,21118.266382178983,21249.0,21386.5,21108.0,21341.5,149426,930,2025-02-26T23:00:00+00:00,2025-02-27T14:29:00+00:00,21126.5,21159.75,20597.75,20608.25,465408,330,2025-02-27T15:30:00+00:00,2025-02-27T20:59:00+00:00,152,326,0.4676923076923077,278.5,484.75,562.0,1.1593604951005674,0.922153024911032,-0.922153024911032,False,False,True,False,broken,broken_down,False,False,True,True,False,True,True,0.013405681455473986,9,0.02727272727272727
NQ,2025-02-28,20590.25,20758.5,20460.5,20756.75,169639,60,2025-02-28T14:30:00+00:00,2025-02-28T15:29:00+00:00,20603.302615161214,20649.5,20688.0,20515.5,20590.25,151079,930,2025-02-27T23:00:00+00:00,2025-02-28T14:29:00+00:00,20756.25,20944.25,20484.25,20919.75,483593,330,2025-02-28T15:30:00+00:00,2025-02-28T20:59:00+00:00,153,327,0.46932515337423314,172.5,298.0,460.0,1.5436241610738255,0.35543478260869565,0.35543478260869565,False,True,True,True,broken,broken_both,False,True,False,True,True,False,True,0.9493540051679586,22,0.06666666666666667
NQ,2025-03-03,21055.5,21121.0,20760.0,20957.75,163667,60,2025-03-03T14:30:00+00:00,2025-03-03T15:29:00+00:00,20922.504199074952,21005.25,21101.0,20837.75,21056.25,140950,930,2025-03-02T23:00:00+00:00,2025-03-03T14:29:00+00:00,20958.0,20989.25,20316.75,20473.0,498799,330,2025-03-03T15:30:00+00:00,2025-03-03T20:59:00+00:00,165,326,0.5076923076923077,263.25,361.0,672.5,1.8628808864265929,0.7211895910780669,-0.7211895910780669,False,True,True,True,broken,broken_both,False,False,True,True,False,True,True,0.19428038545228474,52,0.15757575757575756
NQ,2025-03-04,20342.5,20430.0,20075.25,20159.25,178092,60,2025-03-04T14:30:00+00:00,2025-03-04T15:29:00+00:00,20252.68947744237,20527.0,20592.0,20262.0,20342.75,201627,930,2025-03-03T23:00:00+00:00,2025-03-04T14:29:00+00:00,20159.0,20732.5,20108.5,20397.5,522960,330,2025-03-04T15:30:00+00:00,2025-03-04T20:59:00+00:00,160,327,0.49079754601226994,330.0,354.75,624.0,1.758985200845666,0.38221153846153844,0.38221153846153844,False,False,True,False,broken,broken_down,False,True,False,True,True,False,True,0.4903004944845949,9,0.02727272727272727
NQ,2025-03-05,20421.25,20497.0,20270.25,20329.75,155825,60,2025-03-05T14:30:00+00:00,2025-03-05T15:29:00+00:00,20390.52802074977,20555.0,20629.75,20379.5,20420.75,153771,930,2025-03-04T23:00:00+00:00,2025-03-05T14:29:00+00:00,20330.25,20725.0,20215.0,20658.0,445328,330,2025-03-05T15:30:00+00:00,2025-03-05T20:59:00+00:00,169,325,0.5216049382716049,250.25,226.75,510.0,2.249173098125689,0.6426470588235295,0.6426470588235295,False,False,True,False,broken,broken_down,False,True,True,True,True,True,True,0.8686274509803922,16,0.048484848484848485
NQ,2025-03-06,20310.75,20483.75,20228.25,20458.25,134469,60,2025-03-06T14:30:00+00:00,2025-03-06T15:29:00+00:00,20338.401523771274,20605.25,20647.5,20299.0,20310.25,136529,930,2025-03-05T23:00:00+00:00,2025-03-06T14:29:00+00:00,20458.5,20513.25,20003.0,20091.75,454440,330,2025-03-06T15:30:00+00:00,2025-03-06T20:59:00+00:00,165,325,0.5092592592592593,348.5,255.5,510.25,1.9970645792563602,0.718765311121999,-0.718765311121999,False,False,True,False,broken,broken_down,False,True,True,True,False,True,True,0.1739343459088682,9,0.02727272727272727
NQ,2025-03-07,20036.5,20242.0,20023.75,20059.75,116315,60,2025-03-07T14:30:00+00:00,2025-03-07T15:29:00+00:00,20130.366867987792,20214.5,20273.75,20026.5,20037.5,135111,930,2025-03-06T23:00:00+00:00,2025-03-07T14:29:00+00:00,20059.0,20286.25,19765.5,20224.0,480839,330,2025-03-07T15:30:00+00:00,2025-03-07T20:59:00+00:00,156,327,0.4785276073619632,247.25,218.25,520.75,2.38602520045819,0.31685069611137784,0.31685069611137784,False,False,True,False,broken,broken_down,False,True,True,True,True,True,True,0.8804608737397984,17,0.051515151515151514
NQ,2025-03-10,19881.0,19904.5,19654.25,19668.0,123197,60,2025-03-10T13:30:00+00:00,2025-03-10T14:29:00+00:00,19775.769159692743,20147.0,20156.5,19861.0,19882.0,154806,930,2025-03-09T22:00:00+00:00,2025-03-10T13:29:00+00:00,19668.5,19703.0,19272.25,19463.5,469608,330,2025-03-10T14:30:00+00:00,2025-03-10T19:59:00+00:00,156,325,0.48148148148148145,295.5,250.25,430.75,1.7212787212787213,0.4759141033081834,-0.4759141033081834,False,False,True,False,broken,broken_down,False,False,True,True,False,True,True,0.302491103202847,0,0.0
NQ,2025-03-11,19420.5,19614.0,19313.5,19321.75,148704,60,2025-03-11T13:30:00+00:00,2025-03-11T14:29:00+00:00,19475.07514872947,19440.0,19585.0,19139.25,19419.5,195491,930,2025-03-10T22:00:00+00:00,2025-03-11T13:29:00+00:00,19321.75,19686.75,19201.0,19393.0,469236,330,2025-03-11T14:30:00+00:00,2025-03-11T19:59:00+00:00,163,328,0.4984709480122324,445.75,300.5,485.75,1.6164725457570714,0.14668039114770973,0.14668039114770973,False,True,False,False,broken,broken_up,False,True,True,True,True,False,True,0.3952650540401441,46,0.1393939393939394
NQ,2025-03-12,19696.5,19777.75,19580.0,19630.75,131663,60,2025-03-12T13:30:00+00:00,2025-03-12T14:29:00+00:00,19675.81184032973,19412.75,19788.75,19387.0,19696.0,143910,930,2025-03-11T22:00:00+00:00,2025-03-12T13:29:00+00:00,19631.0,19727.75,19395.25,19609.0,394119,330,2025-03-12T14:30:00+00:00,2025-03-12T19:59:00+00:00,152,326,0.4676923076923077,401.75,197.75,332.5,1.6814159292035398,0.06616541353383458,-0.06616541353383458,True,False,False,False,trapped,trapped,True,False,True,True,False,False,False,0.5588235294117647,40,0.12121212121212122
NQ,2025-03-13,19574.0,19577.0,19324.5,19476.0,144797,60,2025-03-13T13:30:00+00:00,2025-03-13T14:29:00+00:00,19467.93871017125,19572.0,19694.0,19400.75,19573.75,167087,930,2025-03-12T22:00:00+00:00,2025-03-13T13:29:00+00:00,19476.5,19531.25,19170.0,19251.5,396203,330,2025-03-13T14:30:00+00:00,2025-03-13T19:59:00+00:00,169,326,0.52,293.25,252.5,361.25,1.4306930693069306,0.6228373702422145,-0.6228373702422145,False,False,True,False,broken,broken_down,False,False,True,True,False,True,True,0.20024570024570024,10,0.030303030303030304
NQ,2025-03-14,19465.0,19620.75,19436.75,19475.5,148821,60,2025-03-14T13:30:00+00:00,2025-03-14T14:29:00+00:00,19531.28434159158,19312.75,19533.5,19296.75,19465.25,150788,930,2025-03-13T22:00:00+00:00,2025-03-14T13:29:00+00:00,19475.75,19742.5,19467.75,19705.25,363056,330,2025-03-14T14:30:00+00:00,2025-03-14T19:59:00+00:00,169,325,0.5216049382716049,236.75,184.0,274.75,1.4932065217391304,0.835304822565969,0.835304822565969,False,True,False,False,broken,broken_up,False,True,False,True,True,False,True,0.8781684382665577,3,0.00909090909090909
NQ,2025-03-17,19702.75,19847.75,19683.25,19716.0,80377,60,2025-03-17T13:30:00+00:00,2025-03-17T14:29:00+00:00,19775.026470051547,19668.25,19778.5,19550.5,19702.25,87874,930,2025-03-16T22:00:00+00:00,2025-03-17T13:29:00+00:00,19717.25,19959.25,19628.75,19831.75,213802,330,2025-03-17T14:30:00+00:00,2025-03-17T19:59:00+00:00,153,326,0.4707692307692308,228.0,164.5,330.5,2.0091185410334345,0.3464447806354009,0.3464447806354009,False,True,False,False,broken,broken_up,False,True,True,True,True,False,True,0.6142208774583964,2,0.006060606060606061
NQ,2025-03-18,19898.0,19900.25,19634.5,19699.5,104615,60,2025-03-18T13:30:00+00:00,2025-03-18T14:29:00+00:00,19729.181905877103,19821.0,20038.5,19813.25,19897.0,93692,930,2025-03-17T22:00:00+00:00,2025-03-18T13:29:00+00:00,19699.75,19783.5,19604.25,19706.25,257768,330,2025-03-18T14:30:00+00:00,2025-03-18T19:59:00+00:00,153,326,0.4707692307692308,225.25,265.75,179.25,0.6745061147695203,0.03626220362622036,0.03626220362622036,False,False,True,False,broken,broken_down,False,False,True,True,False,True,True,0.34459459459459457,61,0.18484848484848485
NQ,2025-03-19,19789.0,19900.75,19706.25,19847.5,79860,60,2025-03-19T13:30:00+00:00,2025-03-19T14:29:00+00:00,19816.029418148424,19704.75,19797.5,19660.0,19788.25,91771,930,2025-03-18T22:00:00+00:00,2025-03-19T13:29:00+00:00,19847.5,20143.0,19769.0,19953.5,326021,330,2025-03-19T14:30:00+00:00,2025-03-19T19:59:00+00:00,150,326,0.46153846153846156,137.5,194.5,374.0,1.922879177377892,0.28342245989304815,0.28342245989304815,False,True,False,False,broken,broken_up,False,True,False,True,True,False,True,0.5661133371493989,34,0.10303030303030303
NQ,2025-03-20,19786.5,20086.75,19756.0,20055.0,104903,60,2025-03-20T13:30:00+00:00,2025-03-20T14:29:00+00:00,19945.09849734199,19949.75,20092.75,19735.25,19786.5,125341,930,2025-03-19T22:00:00+00:00,2025-03-20T13:29:00+00:00,20054.25,20105.0,19795.0,19881.25,327132,330,2025-03-20T14:30:00+00:00,2025-03-20T19:59:00+00:00,152,327,0.4662576687116564,357.5,330.75,310.0,0.9372637944066515,0.5580645161290323,-0.5580645161290323,True,False,False,False,trapped,trapped,True,True,False,True,True,False,True,0.35888252148997135,6,0.01818181818181818
NQ,2025-03-21,19657.25,19773.5,19607.5,19743.75,112005,60,2025-03-21T13:30:00+00:00,2025-03-21T14:29:00+00:00,19696.49525467613,19898.5,19932.75,19602.25,19657.25,124332,930,2025-03-20T22:00:00+00:00,2025-03-21T13:29:00+00:00,19744.75,19974.0,19679.25,19953.0,334820,330,2025-03-21T14:30:00+00:00,2025-03-21T19:59:00+00:00,167,326,0.5138461538461538,330.5,166.0,294.75,1.7756024096385543,0.7065309584393554,0.7065309584393554,True,False,False,False,trapped,trapped,True,True,False,True,True,False,True,0.9427012278308322,7,0.021212121212121213
NQ,2025-03-24,20256.25,20347.5,20229.25,20338.75,103154,60,2025-03-24T13:30:00+00:00,2025-03-24T14:29:00+00:00,20293.581964021432,20050.5,20286.0,20050.5,20256.5,137929,930,2025-03-23T22:00:00+00:00,2025-03-24T13:29:00+00:00,20339.75,20409.5,20308.25,20365.75,287308,330,2025-03-24T14:30:00+00:00,2025-03-24T19:59:00+00:00,166,327,0.50920245398773,235.5,118.25,101.25,0.8562367864693446,0.25679012345679014,0.25679012345679014,False,True,False,False,broken,broken_up,False,True,False,True,True,False,True,0.7572815533980582,0,0.0
NQ,2025-03-25,20401.25,20454.75,20361.75,20453.25,93496,60,2025-03-25T13:30:00+00:00,2025-03-25T14:29:00+00:00,20405.153702653948,20353.0,20447.5,20293.0,20401.5,96538,930,2025-03-24T22:00:00+00:00,2025-03-25T13:29:00+00:00,20453.5,20495.25,20402.0,20487.75,260969,330,2025-03-25T14:30:00+00:00,2025-03-25T19:59:00+00:00,169,322,0.5264797507788161,154.5,93.0,93.25,1.0026881720430108,0.3672922252010724,0.3672922252010724,False,True,False,False,broken,broken_up,False,True,False,True,True,False,True,0.9438202247191011,2,0.006060606060606061
NQ,2025-03-26,20439.0,20475.0,20227.0,20285.0,134704,60,2025-03-26T13:30:00+00:00,2025-03-26T14:29:00+00:00,20355.582407228692,20511.5,20536.75,20429.5,20439.5,77765,930,2025-03-25T22:00:00+00:00,2025-03-26T13:29:00+00:00,20284.5,20320.5,20045.0,20112.5,381164,330,2025-03-26T14:30:00+00:00,2025-03-26T19:59:00+00:00,177,326,0.5446153846153846,107.25,248.0,275.5,1.1108870967741935,0.6243194192377496,-0.6243194192377496,False,False,True,False,broken,broken_down,False,False,True,True,False,True,True,0.1569767441860465,0,0.0
NQ,2025-03-27,20028.5,20122.0,19937.25,20120.75,138466,60,2025-03-27T13:30:00+00:00,2025-03-27T14:29:00+00:00,20032.34434626551,20046.0,20147.75,20003.25,20028.0,129736,930,2025-03-26T22:00:00+00:00,2025-03-27T13:29:00+00:00,20120.5,20199.5,19975.0,19994.5,341487,330,2025-03-27T14:30:00+00:00,2025-03-27T19:59:00+00:00,166,324,0.5139318885448917,144.5,184.75,224.5,1.2151556156968877,0.5612472160356348,-0.5612472160356348,False,False,True,False,broken,broken_down,False,True,False,True,True,False,True,0.21830314585319352,29,0.08787878787878788
NQ,2025-03-28,19911.0,19941.5,19631.25,19638.75,135064,60,2025-03-28T13:30:00+00:00,2025-03-28T14:29:00+00:00,19809.727643314778,19995.25,20011.75,19845.25,19910.25,119246,930,2025-03-27T22:00:00+00:00,2025-03-28T13:29:00+00:00,19638.75,19660.75,19421.5,19461.5,401681,330,2025-03-28T14:30:00+00:00,2025-03-28T19:59:00+00:00,180,325,0.5555555555555556,166.5,310.25,239.25,0.7711522965350524,0.7408568443051202,-0.7408568443051202,False,False,True,False,broken,broken_down,False,False,True,True,False,True,True,0.07692307692307693,0,0.0
NQ,2025-03-31,19166.5,19191.75,18976.75,19059.75,152085,60,2025-03-31T13:30:00+00:00,2025-03-31T14:29:00+00:00,19084.748166047495,19319.75,19365.0,19118.5,19167.0,187444,930,2025-03-30T22:00:00+00:00,2025-03-31T13:29:00+00:00,19060.25,19489.75,19059.75,19450.0,469462,330,2025-03-31T14:30:00+00:00,2025-03-31T19:59:00+00:00,152,326,0.4676923076923077,246.5,215.0,430.0,2.0,0.9063953488372093,0.9063953488372093,False,False,True,False,broken,broken_down,False,True,False,True,True,False,True,0.922514619883041,3,0.00909090909090909
NQ,2025-04-01,19380.5,19462.5,19261.25,19333.0,154879,60,2025-04-01T13:30:00+00:00,2025-04-01T14:29:00+00:00,19367.00090608367,19411.25,19511.0,19283.25,19381.0,148731,930,2025-03-31T22:00:00+00:00,2025-04-01T13:29:00+00:00,19332.5,19644.0,19327.75,19603.5,460502,330,2025-04-01T14:30:00+00:00,2025-04-01T19:59:00+00:00,165,327,0.5061349693251533,227.75,201.25,316.25,1.5714285714285714,0.8569169960474309,0.8569169960474309,False,False,True,False,broken,broken_down,False,True,False,True,True,False,True,0.8941868060091444,4,0.012121212121212121
NQ,2025-04-02,19328.0,19620.75,19316.5,19598.75,144080,60,2025-04-02T13:30:00+00:00,2025-04-02T14:29:00+00:00,19519.449828220433,19600.5,19697.0,19319.5,19327.25,133325,930,2025-04-01T22:00:00+00:00,2025-04-02T13:29:00+00:00,19598.25,19890.25,19560.5,19746.5,454266,330,2025-04-02T14:30:00+00:00,2025-04-02T19:59:00+00:00,167,327,0.5122699386503068,377.5,304.25,329.75,1.0838126540673787,0.4495830174374526,0.4495830174374526,False,False,True,False,broken,broken_down,False,True,False,True,True,False,True,0.7494553376906318,0,0.0
NQ,2025-04-03,18924.25,19074.25,18856.25,18922.0,155941,60,2025-04-03T13:30:00+00:00,2025-04-03T14:29:00+00:00,18964.66977574852,19020.0,19177.0,18819.0,18923.75,228937,928,2025-04-02T22:02:00+00:00,2025-04-03T13:29:00+00:00,18922.25,18987.75,18664.75,18685.75,457876,330,2025-04-03T14:30:00+00:00,2025-04-03T19:59:00+00:00,182,327,0.558282208588957,358.0,218.0,323.0,1.481651376146789,0.7321981424148607,-0.7321981424148607,True,False,False,False,trapped,trapped,False,False,True,True,False,True,True,0.05128205128205128,10,0.030303030303030304
NQ,2025-04-04,18154.5,18248.75,17912.75,17916.0,169111,60,2025-04-04T13:30:00+00:00,2025-04-04T14:29:00+00:00,18086.58454506212,18660.0,18713.0,17820.75,18149.25,272429,930,2025-04-03T22:00:00+00:00,2025-04-04T13:29:00+00:00,17916.0,18148.0,17528.5,17534.75,678720,330,2025-04-04T14:30:00+00:00,2025-04-04T19:59:00+00:00,158,329,0.4817073170731707,892.25,336.0,619.5,1.84375,0.6154156577885391,-0.6154156577885391,True,False,False,False,trapped,trapped,False,False,True,True,False,True,True,0.008677542519958347,12,0.03636363636363636
NQ,2025-04-07,16925.0,18361.5,16673.5,17359.25,279915,60,2025-04-07T13:30:00+00:00,2025-04-07T14:29:00+00:00,17359.438573614607,17100.0,17278.0,16460.0,16928.0,374691,930,2025-04-06T22:00:00+00:00,2025-04-07T13:29:00+00:00,17366.75,17824.0,17149.75,17560.75,442388,330,2025-04-07T14:30:00+00:00,2025-04-07T19:59:00+00:00,166,328,0.5076452599388379,818.0,1688.0,674.25,0.3994372037914692,0.28772710418984054,0.28772710418984054,False,True,False,False,broken,broken_up,False,False,False,False,False,False,False,0.525622037914692,33,0.1
NQ,2025-04-08,18150.5,18357.25,18059.25,18283.5,131800,60,2025-04-08T13:30:00+00:00,2025-04-08T14:29:00+00:00,18218.8536033131,17665.0,18170.0,17644.5,18150.75,193053,930,2025-04-07T22:00:00+00:00,2025-04-08T13:29:00+00:00,18284.0,18331.75,16973.5,17239.5,583144,330,2025-04-08T14:30:00+00:00,2025-04-08T19:59:00+00:00,149,328,0.45565749235474007,525.5,298.0,1358.25,4.557885906040268,0.7690042333885514,-0.7690042333885514,False,True,False,False,broken,broken_up,False,False,True,True,False,True,True,0.1922312556458898,6,0.01818181818181818
NQ,2025-04-09,17208.5,17597.5,17202.25,17445.25,124591,60,2025-04-09T13:30:00+00:00,2025-04-09T14:29:00+00:00,17410.561578150373,17220.25,17425.0,16735.0,17209.5,294097,930,2025-04-08T22:00:00+00:00,2025-04-09T13:29:00+00:00,17446.5,19386.75,17206.0,19269.5,593362,330,2025-04-09T14:30:00+00:00,2025-04-09T19:59:00+00:00,171,329,0.5213414634146342,690.0,395.25,2180.75,5.517394054395952,0.8359509343115901,0.8359509343115901,False,True,False,False,broken,broken_up,False,True,False,True,True,False,True,0.9463263904783703,19,0.05757575757575758
NQ,2025-04-10,18790.75,18871.5,18568.5,18642.5,128390,60,2025-04-10T13:30:00+00:00,2025-04-10T14:29:00+00:00,18716.430855206792,19266.75,19383.5,18703.5,18789.5,212094,930,2025-04-09T22:00:00+00:00,2025-04-10T13:29:00+00:00,18643.75,18801.0,17919.0,18483.0,587576,330,2025-04-10T14:30:00+00:00,2025-04-10T19:59:00+00:00,165,329,0.5030487804878049,680.0,303.0,882.0,2.910891089108911,0.1822562358276644,-0.1822562358276644,False,False,True,False,broken,broken_down,False,False,True,True,False,True,True,0.5921259842519685,8,0.024242424242424242
NQ,2025-04-11,18415.5,18647.75,18276.0,18304.5,113288,60,2025-04-11T13:30:00+00:00,2025-04-11T14:29:00+00:00,18483.341761704683,18464.75,18795.0,18067.0,18413.5,193125,930,2025-04-10T22:00:00+00:00,2025-04-11T13:29:00+00:00,18305.5,18873.5,18270.0,18809.5,338514,330,2025-04-11T14:30:00+00:00,2025-04-11T19:59:00+00:00,187,327,0.5736196319018405,728.0,371.75,603.5,1.6234028244788163,0.8351284175642087,0.8351284175642087,True,False,False,False,trapped,trapped,False,True,True,True,True,False,True,0.8939519469759735,11,0.03333333333333333
NQ,2025-04-14,19232.0,19254.75,18987.75,19135.75,103671,60,2025-04-14T13:30:00+00:00,2025-04-14T14:29:00+00:00,19102.49039348838,19225.0,19256.0,18931.5,19233.5,132425,930,2025-04-13T22:00:00+00:00,2025-04-14T13:29:00+00:00,19136.25,19193.0,18737.5,18942.25,308065,330,2025-04-14T14:30:00+00:00,2025-04-14T19:59:00+00:00,168,326,0.5169230769230769,324.5,267.0,455.5,1.705992509363296,0.42590559824368823,-0.42590559824368823,True,False,False,False,trapped,trapped,True,False,True,True,False,True,True,0.3958434026099565,2,0.006060606060606061
NQ,2025-04-15,18986.75,19144.75,18924.5,18967.75,108363,60,2025-04-15T13:30:00+00:00,2025-04-15T14:29:00+00:00,19044.349082866538,18902.5,19040.5,18809.0,18987.25,109626,930,2025-04-14T22:00:00+00:00,2025-04-15T13:29:00+00:00,18967.5,19090.5,18884.25,18959.5,292543,330,2025-04-15T14:30:00+00:00,2025-04-15T19:59:00+00:00,172,324,0.5325077399380805,231.5,220.25,206.25,0.9364358683314415,0.03878787878787879,-0.03878787878787879,False,True,False,False,broken,broken_up,False,False,True,True,False,False,False,0.2888675623800384,48,0.14545454545454545
NQ,2025-04-16,18584.25,18679.5,18509.25,18618.0,96576,60,2025-04-16T13:30:00+00:00,2025-04-16T14:29:00+00:00,18597.706611891153,18790.0,18861.25,18504.5,18584.75,152374,930,2025-04-15T22:00:00+00:00,2025-04-16T13:29:00+00:00,18618.0,18735.0,18116.25,18386.75,398607,330,2025-04-16T14:30:00+00:00,2025-04-16T19:59:00+00:00,154,328,0.4709480122324159,356.75,170.25,618.75,3.6343612334801763,0.37373737373737376,-0.37373737373737376,True,False,False,False,trapped,trapped,True,True,True,True,False,True,True,0.43717171717171716,17,0.051515151515151514
NQ,2025-04-17,18498.25,18509.5,18315.25,18321.5,106926,60,2025-04-17T13:30:00+00:00,2025-04-17T14:29:00+00:00,18423.953268303936,18391.25,18652.75,18345.25,18498.0,142940,930,2025-04-16T22:00:00+00:00,2025-04-17T13:29:00+00:00,18321.5,18526.0,18261.5,18373.25,358737,330,2025-04-17T14:30:00+00:00,2025-04-17T19:59:00+00:00,180,328,0.5504587155963303,307.5,194.25,264.5,1.3616473616473617,0.1956521739130435,0.1956521739130435,False,False,True,False,broken,broken_down,False,True,True,True,False,True,True,0.4224952741020794,41,0.12424242424242424
NQ,2025-04-21,18129.25,18165.0,17899.75,17926.5,84457,60,2025-04-21T13:30:00+00:00,2025-04-21T14:29:00+00:00,18028.97267347092,18306.25,18383.5,18080.0,18128.5,95278,930,2025-04-20T22:00:00+00:00,2025-04-21T13:29:00+00:00,17925.75,17988.25,17700.0,17922.25,277039,330,2025-04-21T14:30:00+00:00,2025-04-21T19:59:00+00:00,162,323,0.5031055900621118,303.5,265.25,288.25,1.0867106503298776,0.012142237640936688,-0.012142237640936688,False,False,True,False,broken,broken_down,False,False,True,True,False,True,True,0.47795698924731184,0,0.0
NQ,2025-04-22,18152.25,18306.0,18100.5,18279.75,96554,60,2025-04-22T13:30:00+00:00,2025-04-22T14:29:00+00:00,18219.09241633352,17914.0,18171.5,17863.75,18152.0,117586,930,2025-04-21T22:00:00+00:00,2025-04-22T13:29:00+00:00,18279.25,18514.0,18211.25,18380.0,379420,330,2025-04-22T14:30:00+00:00,2025-04-22T19:59:00+00:00,161,326,0.49538461538461537,307.75,205.5,302.75,1.47323600973236,0.33278282411230387,0.33278282411230387,False,True,False,False,broken,broken_up,False,True,False,True,True,False,True,0.6759371221281741,3,0.00909090909090909
NQ,2025-04-23,18949.0,19144.5,18916.5,19101.5,143824,60,2025-04-23T13:30:00+00:00,2025-04-23T14:29:00+00:00,19033.63662705807,18646.0,18972.0,18623.75,18948.5,159947,930,2025-04-22T22:00:00+00:00,2025-04-23T13:29:00+00:00,19101.5,19165.5,18729.75,18788.25,393458,330,2025-04-23T14:30:00+00:00,2025-04-23T19:59:00+00:00,161,327,0.4938650306748466,348.25,228.0,435.75,1.9111842105263157,0.7188755020080321,-0.7188755020080321,False,True,False,False,broken,broken_up,False,True,True,True,True,False,True,0.1342512908777969,6,0.01818181818181818
NQ,2025-04-24,18875.25,19142.5,18846.5,19140.25,97252,60,2025-04-24T13:30:00+00:00,2025-04-24T14:29:00+00:00,19006.095863495524,18826.5,18877.0,18594.75,18875.5,143466,930,2025-04-23T22:00:00+00:00,2025-04-24T13:29:00+00:00,19139.5,19338.25,19087.25,19319.75,323985,330,2025-04-24T14:30:00+00:00,2025-04-24T19:59:00+00:00,166,327,0.50920245398773,282.25,296.0,251.0,0.847972972972973,0.7181274900398407,0.7181274900398407,False,True,False,False,broken,broken_up,False,True,False,True,True,False,True,0.9623792577529232,0,0.0
NQ,2025-04-25,19302.0,19405.75,19235.75,19271.0,108472,60,2025-04-25T13:30:00+00:00,2025-04-25T14:29:00+00:00,19314.429130712688,19405.0,19497.5,19216.25,19302.5,147186,930,2025-04-24T22:00:00+00:00,2025-04-25T13:29:00+00:00,19271.5,19554.25,19233.75,19530.0,309587,330,2025-04-25T14:30:00+00:00,2025-04-25T19:59:00+00:00,162,324,0.5015479876160991,281.25,170.0,320.5,1.8852941176470588,0.8065522620904836,0.8065522620904836,True,False,False,False,trapped,trapped,False,True,True,True,True,False,True,0.9243369734789392,10,0.030303030303030304
NQ,2025-04-28,19548.25,19623.0,19433.25,19489.75,100758,60,2025-04-28T13:30:00+00:00,2025-04-28T14:29:00+00:00,19524.16192676181,19524.5,19569.5,19392.25,19547.75,91699,930,2025-04-27T22:00:00+00:00,2025-04-28T13:29:00+00:00,19489.25,19578.75,19257.25,19524.5,299801,330,2025-04-28T14:30:00+00:00,2025-04-28T19:59:00+00:00,142,327,0.43558282208588955,177.25,189.75,321.5,1.69433465085639,0.10964230171073094,0.10964230171073094,False,True,False,False,broken,broken_up,False,False,True,True,False,True,True,0.7306903622693096,17,0.051515151515151514
NQ,2025-04-29,19426.75,19601.25,19403.75,19496.0,107729,60,2025-04-29T13:30:00+00:00,2025-04-29T14:29:00+00:00,19504.811860470872,19478.25,19631.0,19378.0,19426.5,122852,930,2025-04-28T22:00:00+00:00,2025-04-29T13:29:00+00:00,19496.75,19688.5,19471.0,19644.75,313831,330,2025-04-29T14:30:00+00:00,2025-04-29T19:59:00+00:00,166,327,0.50920245398773,253.0,197.5,217.5,1.1012658227848102,0.6804597701149425,0.6804597701149425,True,False,False,False,trapped,trapped,False,True,False,True,True,False,True,0.8463564530289728,17,0.051515151515151514
NQ,2025-04-30,19301.25,19315.0,19103.75,19309.25,130019,60,2025-04-30T13:30:00+00:00,2025-04-30T14:29:00+00:00,19210.967569483433,19599.75,19622.75,19232.0,19301.75,136847,930,2025-04-29T22:00:00+00:00,2025-04-30T13:29:00+00:00,19309.25,19715.75,19275.75,19642.5,395057,330,2025-04-30T14:30:00+00:00,2025-04-30T19:59:00+00:00,153,326,0.4707692307692308,390.75,211.25,440.0,2.0828402366863905,0.7573863636363637,0.7573863636363637,False,False,True,False,broken,broken_down,False,True,False,True,True,False,True,0.8803104575163399,0,0.0
NQ,2025-05-01,19971.0,20005.5,19860.0,19999.75,109590,60,2025-05-01T13:30:00+00:00,2025-05-01T14:29:00+00:00,19939.519490829454,19834.0,20035.75,19805.0,19971.5,124932,930,2025-04-30T22:00:00+00:00,2025-05-01T13:29:00+00:00,19999.0,20125.75,19857.75,19877.75,316243,330,2025-05-01T14:30:00+00:00,2025-05-01T19:59:00+00:00,153,326,0.4707692307692308,230.75,145.5,268.0,1.8419243986254294,0.45242537313432835,-0.45242537313432835,True,False,False,False,trapped,trapped,False,True,True,True,True,False,True,0.07462686567164178,22,0.06666666666666667
NQ,2025-05-02,20091.0,20180.25,20019.75,20179.25,95744,60,2025-05-02T13:30:00+00:00,2025-05-02T14:29:00+00:00,20102.270076976107,19782.5,20141.25,19749.5,20091.5,140544,930,2025-05-01T22:00:00+00:00,2025-05-02T13:29:00+00:00,20179.0,20276.75,20122.0,20185.75,259062,330,2025-05-02T14:30:00+00:00,2025-05-02T19:59:00+00:00,159,320,0.49843260188087773,391.75,160.5,154.75,0.9641744548286605,0.04361873990306947,0.04361873990306947,False,True,False,False,broken,broken_up,False,True,False,True,True,False,True,0.6459143968871596,0,0.0
NQ,2025-05-05,20010.25,20111.0,19985.25,20059.5,78465,60,2025-05-05T13:30:00+00:00,2025-05-05T14:29:00+00:00,20048.376543681898,20181.5,20201.75,19966.0,20010.75,105259,930,2025-05-04T22:00:00+00:00,2025-05-05T13:29:00+00:00,20059.75,20191.5,20009.0,20065.5,205638,330,2025-05-05T14:30:00+00:00,2025-05-05T19:59:00+00:00,163,321,0.509375,235.75,125.75,182.5,1.4512922465208749,0.031506849315068496,0.031506849315068496,True,False,False,False,trapped,trapped,False,True,False,True,False,False,False,0.3890909090909091,6,0.01818181818181818
NQ,2025-05-06,19795.5,19909.5,19739.0,19899.75,101795,60,2025-05-06T13:30:00+00:00,2025-05-06T14:29:00+00:00,19823.420998903024,20014.25,20036.75,19784.0,19795.5,113273,930,2025-05-05T22:00:00+00:00,2025-05-06T13:29:00+00:00,19899.5,20026.25,19837.5,19875.75,273577,330,2025-05-06T14:30:00+00:00,2025-05-06T19:59:00+00:00,172,325,0.5308641975308642,252.75,170.5,188.75,1.1070381231671553,0.12582781456953643,-0.12582781456953643,False,False,True,False,broken,broken_down,False,True,False,True,False,False,False,0.4760661444734552,0,0.0
NQ,2025-05-07,19899.5,19977.0,19857.5,19973.0,74492,60,2025-05-07T13:30:00+00:00,2025-05-07T14:29:00+00:00,19915.920715199845,19809.0,20133.75,19799.5,19899.75,127366,930,2025-05-06T22:00:00+00:00,2025-05-07T13:29:00+00:00,19972.0,20053.5,19678.75,19949.25,365178,330,2025-05-07T14:30:00+00:00,2025-05-07T19:59:00+00:00,167,325,0.5154320987654321,334.25,119.5,374.75,3.1359832635983262,0.06070713809206137,-0.06070713809206137,True,False,False,False,trapped,trapped,False,True,True,True,False,True,True,0.7218145430286858,13,0.03939393939393939
NQ,2025-05-08,20163.0,20174.0,20025.0,20091.25,81967,60,2025-05-08T13:30:00+00:00,2025-05-08T14:29:00+00:00,20097.297102289132,19934.5,20262.5,19910.75,20163.25,130086,930,2025-05-07T22:00:00+00:00,2025-05-08T13:29:00+00:00,20091.5,20337.25,19979.0,20152.25,330275,330,2025-05-08T14:30:00+00:00,2025-05-08T19:59:00+00:00,154,323,0.4782608695652174,351.75,149.0,358.25,2.4043624161073827,0.16957431960921143,0.16957431960921143,True,False,False,False,trapped,trapped,False,True,True,True,True,False,True,0.48360083740404747,5,0.015151515151515152
NQ,2025-05-09,20227.0,20279.75,20111.75,20133.75,78044,60,2025-05-09T13:30:00+00:00,2025-05-09T14:29:00+00:00,20228.092751097673,20157.0,20288.75,20080.75,20226.75,104859,930,2025-05-08T22:00:00+00:00,2025-05-09T13:29:00+00:00,20134.25,20185.5,20058.0,20136.25,251098,330,2025-05-09T14:30:00+00:00,2025-05-09T19:59:00+00:00,166,322,0.5171339563862928,208.0,168.0,127.5,0.7589285714285714,0.01568627450980392,0.01568627450980392,True,False,False,False,trapped,trapped,True,False,True,True,False,True,True,0.3528748590755355,0,0.0
NQ,2025-05-12,20919.0,20922.25,20723.5,20741.75,113793,60,2025-05-12T13:30:00+00:00,2025-05-12T14:29:00+00:00,20804.51662302016,20398.5,20991.5,20376.75,20919.0,193620,930,2025-05-11T22:00:00+00:00,2025-05-12T13:29:00+00:00,20741.75,20954.25,20690.0,20949.75,295449,330,2025-05-12T14:30:00+00:00,2025-05-12T19:59:00+00:00,143,325,0.44135802469135804,614.75,198.75,264.25,1.3295597484276729,0.7871333964049196,0.7871333964049196,True,False,False,False,trapped,trapped,False,True,True,True,False,False,False,0.9829706717123936,12,0.03636363636363636
NQ,2025-05-13,21004.5,21246.5,20972.75,21210.25,109311,60,2025-05-13T13:30:00+00:00,2025-05-13T14:29:00+00:00,21121.08067577829,20954.75,21065.75,20818.0,21003.75,114901,930,2025-05-12T22:00:00+00:00,2025-05-13T13:29:00+00:00,21210.25,21346.5,21187.0,21270.75,274665,330,2025-05-13T14:30:00+00:00,2025-05-13T19:59:00+00:00,177,322,0.5514018691588785,247.75,273.75,159.5,0.582648401826484,0.3793103448275862,0.3793103448275862,False,True,False,False,broken,broken_up,False,True,False,True,True,False,True,0.797324414715719,0,0.0
NQ,2025-05-14,21314.75,21405.25,21273.75,21342.75,105111,60,2025-05-14T13:30:00+00:00,2025-05-14T14:29:00+00:00,21333.978588508024,21250.0,21382.5,21238.25,21314.5,123842,930,2025-05-13T22:00:00+00:00,2025-05-14T13:29:00+00:00,21342.25,21419.5,21281.5,21397.0,261300,330,2025-05-14T14:30:00+00:00,2025-05-14T19:59:00+00:00,176,323,0.546583850931677,144.25,131.5,138.0,1.049429657794677,0.3967391304347826,0.3967391304347826,False,True,False,False,broken,broken_up,False,True,False,True,True,False,True,0.8456260720411664,26,0.07878787878787878
NQ,2025-05-15,21302.5,21346.5,21247.75,21288.0,87349,60,2025-05-15T13:30:00+00:00,2025-05-15T14:29:00+00:00,21302.50426831828,21379.75,21412.0,21192.0,21302.5,114562,930,2025-05-14T22:00:00+00:00,2025-05-15T13:29:00+00:00,21287.75,21529.75,21257.25,21419.5,316220,330,2025-05-15T14:30:00+00:00,2025-05-15T19:59:00+00:00,147,327,0.450920245398773,220.0,98.75,272.5,2.759493670886076,0.4834862385321101,0.4834862385321101,True,False,False,False,trapped,trapped,False,True,False,True,True,False,True,0.6090425531914894,8,0.024242424242424242
NQ,2025-05-16,21467.5,21470.0,21388.25,21412.75,80012,60,2025-05-16T13:30:00+00:00,2025-05-16T14:29:00+00:00,21427.278917537373,21396.0,21504.75,21348.75,21467.75,97799,930,2025-05-15T22:00:00+00:00,2025-05-16T13:29:00+00:00,21413.25,21512.0,21320.25,21505.75,212152,330,2025-05-16T14:30:00+00:00,2025-05-16T19:59:00+00:00,165,318,0.5205047318611987,156.0,81.75,191.75,2.345565749235474,0.48239895697522817,0.48239895697522817,True,False,False,False,trapped,trapped,False,True,True,True,True,True,True,0.9674054758800521,33,0.1
NQ,2025-05-19,21203.25,21462.5,21202.25,21404.75,101620,60,2025-05-19T13:30:00+00:00,2025-05-19T14:29:00+00:00,21352.04208981172,21310.75,21418.0,21112.5,21201.75,145128,930,2025-05-18T22:00:00+00:00,2025-05-19T13:29:00+00:00,21405.0,21544.5,21377.25,21523.25,242345,330,2025-05-19T14:30:00+00:00,2025-05-19T19:59:00+00:00,168,325,0.5185185185185185,305.5,260.25,167.25,0.6426512968299711,0.7070254110612855,0.7070254110612855,False,True,False,False,broken,broken_up,False,True,False,True,True,False,True,0.9379108838568299,0,0.0
NQ,2025-05-20,21413.0,21439.75,21354.75,21395.0,82488,60,2025-05-20T13:30:00+00:00,2025-05-20T14:29:00+00:00,21402.755582630205,21513.0,21562.25,21393.75,21412.75,98528,930,2025-05-19T22:00:00+00:00,2025-05-20T13:29:00+00:00,21393.25,21474.25,21298.0,21447.5,236430,330,2025-05-20T14:30:00+00:00,2025-05-20T19:59:00+00:00,166,322,0.5171339563862928,168.5,85.0,176.25,2.073529411764706,0.3078014184397163,0.3078014184397163,False,False,True,False,broken,broken_down,False,True,True,True,False,True,True,0.8482269503546099,34,0.10303030303030303
NQ,2025-05-21,21278.75,21441.25,21277.0,21383.0,82382,60,2025-05-21T13:30:00+00:00,2025-05-21T14:29:00+00:00,21368.499064318257,21414.75,21444.0,21229.75,21279.25,101677,930,2025-05-20T22:00:00+00:00,2025-05-21T13:29:00+00:00,21383.75,21558.5,21072.75,21149.0,395713,330,2025-05-21T14:30:00+00:00,2025-05-21T19:59:00+00:00,142,325,0.4382716049382716,214.25,164.25,485.75,2.95738203957382,0.48327328872876996,-0.48327328872876996,True,False,False,False,trapped,trapped,True,True,True,True,True,True,True,0.15697375193000515,3,0.00909090909090909
NQ,2025-05-22,21171.25,21330.5,21113.75,21233.5,103785,60,2025-05-22T13:30:00+00:00,2025-05-22T14:29:00+00:00,21228.772743331567,21145.0,21243.5,21040.0,21170.75,124138,930,2025-05-21T22:00:00+00:00,2025-05-22T13:29:00+00:00,21233.75,21337.5,21166.0,21183.5,265173,330,2025-05-22T14:30:00+00:00,2025-05-22T19:59:00+00:00,161,323,0.5,203.5,216.75,171.5,0.7912341407151096,0.29300291545189505,-0.29300291545189505,False,True,False,False,broken,broken_up,False,True,False,True,True,False,True,0.311731843575419,42,0.12727272727272726
NQ,2025-05-23,20849.0,20994.25,20822.5,20943.0,98658,60,2025-05-23T13:30:00+00:00,2025-05-23T14:29:00+00:00,20906.485100887243,21223.75,21236.0,20727.0,20850.0,168168,930,2025-05-22T22:00:00+00:00,2025-05-23T13:29:00+00:00,20943.75,21083.0,20885.25,20978.5,238040,330,2025-05-23T14:30:00+00:00,2025-05-23T19:59:00+00:00,170,326,0.5230769230769231,509.0,171.75,197.75,1.1513828238719068,0.17572692793931732,0.17572692793931732,True,False,False,False,trapped,trapped,False,True,False,True,False,False,False,0.5988483685220729,9,0.02727272727272727
NQ,2025-05-26,21260.0,21307.75,21258.75,21266.75,9394,60,2025-05-26T13:30:00+00:00,2025-05-26T14:29:00+00:00,21283.29829323682,20978.0,21289.0,20954.25,21260.75,62827,930,2025-05-25T22:00:00+00:00,2025-05-26T13:29:00+00:00,21268.5,21294.0,21215.5,21283.5,15098,150,2025-05-26T14:30:00+00:00,2025-05-26T16:59:00+00:00,88,145,0.6111111111111112,334.75,49.0,78.5,1.6020408163265305,0.1910828025477707,0.1910828025477707,False,True,False,False,broken,broken_up,False,False,True,True,False,False,False,0.7371273712737128,8,0.05333333333333334
NQ,2025-05-27,21259.5,21383.5,21192.75,21369.75,84506,60,2025-05-27T13:30:00+00:00,2025-05-27T14:29:00+00:00,21291.865099322335,21281.25,21359.75,21141.5,21259.25,106088,930,2025-05-26T22:00:00+00:00,2025-05-27T13:29:00+00:00,21369.75,21488.5,21349.0,21466.5,229314,330,2025-05-27T14:30:00+00:00,2025-05-27T19:59:00+00:00,158,318,0.49842271293375395,218.25,190.75,139.5,0.7313237221494102,0.6935483870967742,0.6935483870967742,False,True,False,False,broken,broken_up,False,True,False,True,True,False,True,0.9256128486897718,0,0.0
NQ,2025-05-28,21505.25,21567.5,21438.25,21455.75,84925,60,2025-05-28T13:30:00+00:00,2025-05-28T14:29:00+00:00,21496.260771268768,21480.0,21537.5,21407.0,21505.25,80739,930,2025-05-27T22:00:00+00:00,2025-05-28T13:29:00+00:00,21456.0,21514.25,21349.0,21372.5,219008,330,2025-05-28T14:30:00+00:00,2025-05-28T19:59:00+00:00,159,323,0.4937888198757764,130.5,129.25,165.25,1.2785299806576402,0.5052950075642966,-0.5052950075642966,False,True,False,False,broken,broken_up,False,False,True,True,False,True,True,0.10755148741418764,8,0.024242424242424242
NQ,2025-05-29,21674.25,21679.75,21380.5,21456.25,108821,60,2025-05-29T13:30:00+00:00,2025-05-29T14:29:00+00:00,21506.50748400278,21513.0,21858.75,21489.0,21673.75,173056,930,2025-05-28T22:00:00+00:00,2025-05-29T13:29:00+00:00,21456.0,21522.25,21301.0,21411.5,262645,330,2025-05-29T14:30:00+00:00,2025-05-29T19:59:00+00:00,165,329,0.5030487804878049,369.75,299.25,221.25,0.7393483709273183,0.20112994350282487,-0.20112994350282487,False,False,True,False,broken,broken_down,False,False,True,True,False,True,True,0.29174917491749175,9,0.02727272727272727
NQ,2025-05-30,21382.0,21392.75,21234.75,21384.0,81105,60,2025-05-30T13:30:00+00:00,2025-05-30T14:29:00+00:00,21323.158692435733,21371.25,21421.0,21226.25,21382.5,111835,930,2025-05-29T22:00:00+00:00,2025-05-30T13:29:00+00:00,21384.5,21433.5,21071.5,21369.5,327641,330,2025-05-30T14:30:00+00:00,2025-05-30T19:59:00+00:00,157,324,0.48606811145510836,194.75,158.0,362.0,2.2911392405063293,0.04143646408839779,-0.04143646408839779,True,False,False,False,trapped,trapped,True,True,True,True,True,True,True,0.8232044198895028,21,0.06363636363636363
NQ,2025-06-02,21287.75,21458.0,21234.75,21378.75,103019,60,2025-06-02T13:30:00+00:00,2025-06-02T14:29:00+00:00,21347.073524463125,21303.75,21348.5,21163.0,21287.25,95753,930,2025-06-01T22:00:00+00:00,2025-06-02T13:29:00+00:00,21379.0,21543.75,21349.0,21534.25,212455,330,2025-06-02T14:30:00+00:00,2025-06-02T19:59:00+00:00,171,323,0.531055900621118,185.5,223.25,194.75,0.8723404255319149,0.7971758664955071,0.7971758664955071,False,True,False,False,broken,broken_up,False,True,False,True,True,False,True,0.9692556634304207,0,0.0
NQ,2025-06-03,21547.0,21638.5,21509.75,21621.25,82231,60,2025-06-03T13:30:00+00:00,2025-06-03T14:29:00+00:00,21582.658699273998,21555.0,21558.0,21399.25,21546.25,87844,930,2025-06-02T22:00:00+00:00,2025-06-03T13:29:00+00:00,21621.25,21759.75,21584.0,21704.5,233757,330,2025-06-03T14:30:00+00:00,2025-06-03T19:59:00+00:00,174,317,0.5506329113924051,158.75,128.75,175.75,1.3650485436893205,0.47368421052631576,0.47368421052631576,False,True,False,False,broken,broken_up,False,True,False,True,True,False,True,0.779,0,0.0
NQ,2025-06-04,21725.75,21793.25,21641.0,21743.25,90125,60,2025-06-04T13:30:00+00:00,2025-06-04T14:29:00+00:00,21731.67009893666,21688.25,21767.0,21655.25,21725.5,87963,930,2025-06-03T22:00:00+00:00,2025-06-04T13:29:00+00:00,21743.5,21803.0,21705.5,21757.25,203857,330,2025-06-04T14:30:00+00:00,2025-06-04T19:59:00+00:00,188,326,0.5784615384615385,111.75,152.25,97.5,0.6403940886699507,0.14102564102564102,0.14102564102564102,False,True,True,True,broken,broken_both,False,True,False,True,True,False,True,0.7175925925925926,27,0.08181818181818182
NQ,2025-06-05,21812.25,21840.5,21691.5,21801.25,91299,60,2025-06-05T13:30:00+00:00,2025-06-05T14:29:00+00:00,21756.67499826577,21744.75,21898.0,21712.5,21812.0,99318,930,2025-06-04T22:00:00+00:00,2025-06-05T13:29:00+00:00,21801.5,21935.0,21503.5,21586.75,372248,330,2025-06-05T14:30:00+00:00,2025-06-05T19:59:00+00:00,169,323,0.5248447204968945,185.5,149.0,431.5,2.8959731543624163,0.4976825028968714,-0.4976825028968714,False,False,True,False,broken,broken_down,False,True,True,True,True,True,True,0.1929316338354577,11,0.03333333333333333
NQ,2025-06-06,21797.75,21864.25,21762.75,21784.75,87654,60,2025-06-06T13:30:00+00:00,2025-06-06T14:29:00+00:00,21820.07878895049,21471.0,21812.0,21471.0,21798.0,112500,930,2025-06-05T22:00:00+00:00,2025-06-06T13:29:00+00:00,21784.75,21873.5,21722.0,21789.5,246492,330,2025-06-06T14:30:00+00:00,2025-06-06T19:59:00+00:00,176,323,0.546583850931677,341.0,101.5,151.5,1.4926108374384237,0.03135313531353135,0.03135313531353135,False,True,False,False,broken,broken_up,False,True,True,True,True,False,True,0.44554455445544555,27,0.08181818181818182
NQ,2025-06-09,21797.5,21866.25,21750.75,21853.0,70720,60,2025-06-09T13:30:00+00:00,2025-06-09T14:29:00+00:00,21807.10238734917,21799.25,21824.25,21716.0,21797.75,72955,930,2025-06-08T22:00:00+00:00,2025-06-09T13:29:00+00:00,21852.5,21890.75,21813.0,21818.75,193436,330,2025-06-09T14:30:00+00:00,2025-06-09T19:59:00+00:00,171,320,0.5360501567398119,108.25,115.5,77.75,0.6731601731601732,0.4340836012861736,-0.4340836012861736,False,True,False,False,broken,broken_up,False,True,False,True,True,False,True,0.4857142857142857,0,0.0
NQ,2025-06-10,21836.25,21893.25,21818.0,21873.25,64227,60,2025-06-10T13:30:00+00:00,2025-06-10T14:29:00+00:00,21860.01546857241,21824.0,21973.25,21732.0,21836.0,97033,930,2025-06-09T22:00:00+00:00,2025-06-10T13:29:00+00:00,21873.25,21992.25,21742.75,21964.5,253318,330,2025-06-10T14:30:00+00:00,2025-06-10T19:59:00+00:00,158,324,0.4891640866873065,241.25,75.25,249.5,3.3156146179401995,0.3657314629258517,0.3657314629258517,True,False,False,False,trapped,trapped,False,True,True,True,True,False,True,0.8887775551102205,22,0.06666666666666667
NQ,2025-06-11,22017.25,22043.25,21915.75,22038.5,84895,60,2025-06-11T13:30:00+00:00,2025-06-11T14:29:00+00:00,21986.64091819306,21945.75,22106.0,21865.75,22017.0,103016,930,2025-06-10T22:00:00+00:00,2025-06-11T13:29:00+00:00,22038.75,22066.25,21790.75,21887.75,309345,330,2025-06-11T14:30:00+00:00,2025-06-11T19:59:00+00:00,179,329,0.5457317073170732,240.25,127.5,275.5,2.16078431372549,0.5480943738656987,-0.5480943738656987,True,False,False,False,trapped,trapped,False,True,True,True,False,True,True,0.35208711433756806,15,0.045454545454545456
NQ,2025-06-12,21829.5,21930.5,21818.5,21920.5,67945,60,2025-06-12T13:30:00+00:00,2025-06-12T14:29:00+00:00,21878.700074815413,21871.0,21894.25,21713.25,21828.75,85923,930,2025-06-11T22:00:00+00:00,2025-06-12T13:29:00+00:00,21921.0,21977.25,21881.0,21936.5,211905,330,2025-06-12T14:30:00+00:00,2025-06-12T19:59:00+00:00,166,320,0.5203761755485894,181.0,112.0,96.25,0.859375,0.16103896103896104,0.16103896103896104,False,True,False,False,broken,broken_up,False,True,False,True,True,False,True,0.7433070866141732,0,0.0
NQ,2025-06-13,21679.75,21794.75,21617.0,21627.75,79376,60,2025-06-13T13:30:00+00:00,2025-06-13T14:29:00+00:00,21724.23423641907,21909.0,21915.75,21471.0,21680.75,130428,930,2025-06-12T22:00:00+00:00,2025-06-13T13:29:00+00:00,21627.5,21854.75,21600.25,21652.25,258947,330,2025-06-13T14:30:00+00:00,2025-06-13T19:59:00+00:00,164,327,0.5030674846625767,444.75,177.75,254.5,1.431786216596343,0.09724950884086445,0.09724950884086445,True,False,False,False,trapped,trapped,False,True,True,True,False,False,False,0.2043222003929273,13,0.03939393939393939
NQ,2025-06-16,22014.5,22201.5,22014.0,22197.25,60877,60,2025-06-16T13:30:00+00:00,2025-06-16T14:29:00+00:00,22124.49380170946,21554.0,22062.75,21501.75,22015.75,52222,928,2025-06-15T22:00:00+00:00,2025-06-16T13:29:00+00:00,22197.5,22222.0,22137.0,22176.0,140536,330,2025-06-16T14:30:00+00:00,2025-06-16T19:59:00+00:00,155,324,0.47987616099071206,561.0,187.5,85.0,0.4533333333333333,0.2529411764705882,-0.2529411764705882,False,True,False,False,broken,broken_up,False,True,False,True,True,False,True,0.7788461538461539,0,0.0
NQ,2025-06-17,22064.0,22133.5,22026.0,22103.0,61091,60,2025-06-17T13:30:00+00:00,2025-06-17T14:29:00+00:00,22084.44919737223,22176.0,22177.25,21996.0,22063.0,92101,930,2025-06-16T22:00:00+00:00,2025-06-17T13:29:00+00:00,22102.5,22135.0,21909.5,21956.5,235005,330,2025-06-17T14:30:00+00:00,2025-06-17T19:59:00+00:00,157,327,0.4815950920245399,181.25,107.5,225.5,2.097674418604651,0.647450110864745,-0.647450110864745,True,False,False,False,trapped,trapped,False,True,True,True,False,True,True,0.20842572062084258,22,0.06666666666666667
NQ,2025-06-18,21993.0,22083.0,21926.25,22073.0,74415,60,2025-06-18T13:30:00+00:00,2025-06-18T14:29:00+00:00,22005.897658402202,21927.5,22066.25,21862.25,21993.0,82753,930,2025-06-17T22:00:00+00:00,2025-06-18T13:29:00+00:00,22072.75,22097.75,21882.25,21949.0,270881,330,2025-06-18T14:30:00+00:00,2025-06-18T19:59:00+00:00,168,321,0.525,204.0,156.75,215.5,1.3748006379585327,0.574245939675174,-0.574245939675174,False,True,False,False,broken,broken_up,False,True,True,True,True,False,True,0.30974477958236657,31,0.09393939393939393
NQ,2025-06-19,21784.5,21786.75,21650.25,21717.25,22047,60,2025-06-19T13:30:00+00:00,2025-06-19T14:29:00+00:00,21707.845035605747,21956.75,21970.75,21735.25,21784.25,60931,930,2025-06-18T22:00:00+00:00,2025-06-19T13:29:00+00:00,21717.75,21741.75,21675.5,21703.0,30501,150,2025-06-19T14:30:00+00:00,2025-06-19T16:59:00+00:00,78,145,0.5416666666666666,235.5,136.5,66.25,0.48534798534798534,0.22264150943396227,-0.22264150943396227,False,False,True,False,broken,broken_down,False,False,False,False,False,False,False,0.38644688644688646,22,0.14666666666666667
NQ,2025-06-20,22075.0,22130.5,21888.5,21936.5,103424,60,2025-06-20T13:30:00+00:00,2025-06-20T14:29:00+00:00,22027.767987443272,21748.25,22103.0,21745.75,22074.75,110315,930,2025-06-19T22:00:00+00:00,2025-06-20T13:29:00+00:00,21936.75,21966.0,21765.0,21842.75,284905,330,2025-06-20T14:30:00+00:00,2025-06-20T19:59:00+00:00,156,325,0.48148148148148145,357.25,242.0,201.0,0.8305785123966942,0.46766169154228854,-0.46766169154228854,False,True,False,False,broken,broken_up,False,False,True,True,False,False,False,0.21272229822161423,0,0.0
NQ,2025-06-23,21869.25,22012.25,21758.5,21983.5,93602,60,2025-06-23T13:30:00+00:00,2025-06-23T14:29:00+00:00,21909.006315748236,21648.25,21944.25,21566.75,21869.5,113315,930,2025-06-22T22:00:00+00:00,2025-06-23T13:29:00+00:00,21985.0,22093.0,21738.25,22072.75,320682,330,2025-06-23T14:30:00+00:00,2025-06-23T19:59:00+00:00,185,325,0.5709876543209876,377.5,253.75,354.75,1.3980295566502463,0.24735729386892177,0.24735729386892177,False,True,False,False,broken,broken_up,False,True,True,True,True,False,True,0.9429175475687104,10,0.030303030303030304
NQ,2025-06-24,22286.25,22333.5,22260.0,22307.75,78236,60,2025-06-24T13:30:00+00:00,2025-06-24T14:29:00+00:00,22301.574102714865,22079.0,22384.5,22065.75,22286.5,130020,930,2025-06-23T22:00:00+00:00,2025-06-24T13:29:00+00:00,22308.0,22448.25,22300.75,22405.5,218744,330,2025-06-24T14:30:00+00:00,2025-06-24T19:59:00+00:00,159,324,0.49226006191950467,318.75,73.5,147.5,2.006802721088435,0.6610169491525424,0.6610169491525424,True,False,False,False,trapped,trapped,False,True,False,True,True,False,True,0.7729083665338645,1,0.0030303030303030303
NQ,2025-06-25,22499.5,22548.25,22463.75,22488.0,89762,60,2025-06-25T13:30:00+00:00,2025-06-25T14:29:00+00:00,22509.870063798342,22412.0,22511.5,22384.5,22499.25,68460,930,2025-06-24T22:00:00+00:00,2025-06-25T13:29:00+00:00,22488.5,22524.75,22388.5,22463.25,217118,330,2025-06-25T14:30:00+00:00,2025-06-25T19:59:00+00:00,155,324,0.47987616099071206,127.0,84.5,136.25,1.6124260355029585,0.1853211009174312,-0.1853211009174312,False,True,False,False,broken,broken_up,False,False,True,True,False,False,False,0.4679186228482003,3,0.00909090909090909
NQ,2025-06-26,22552.25,22575.0,22476.0,22569.25,84399,60,2025-06-26T13:30:00+00:00,2025-06-26T14:29:00+00:00,22533.447661307204,22461.25,22585.0,22437.75,22552.25,79706,930,2025-06-25T22:00:00+00:00,2025-06-26T13:29:00+00:00,22569.0,22694.0,22550.0,22673.25,224718,330,2025-06-26T14:30:00+00:00,2025-06-26T19:59:00+00:00,151,319,0.4748427672955975,147.25,99.0,144.0,1.4545454545454546,0.7239583333333334,0.7239583333333334,True,False,False,False,trapped,trapped,False,True,False,True,True,False,True,0.9048165137614679,0,0.0
NQ,2025-06-27,22707.5,22825.5,22685.25,22783.25,78530,60,2025-06-27T13:30:00+00:00,2025-06-27T14:29:00+00:00,22762.730062821003,22676.25,22788.0,22660.25,22707.25,78785,930,2025-06-26T22:00:00+00:00,2025-06-27T13:29:00+00:00,22783.25,22820.0,22600.0,22752.0,294875,330,2025-06-27T14:30:00+00:00,2025-06-27T19:59:00+00:00,166,324,0.5139318885448917,127.75,140.25,220.0,1.5686274509803921,0.14204545454545456,-0.14204545454545456,False,True,False,False,broken,broken_up,False,False,True,True,False,True,True,0.6740576496674058,9,0.02727272727272727
NQ,2025-06-30,22871.75,22875.5,22794.25,22841.75,80336,60,2025-06-30T13:30:00+00:00,2025-06-30T14:29:00+00:00,22828.556033409677,22751.5,22915.0,22751.5,22871.75,84522,930,2025-06-29T22:00:00+00:00,2025-06-30T13:29:00+00:00,22842.0,22934.75,22781.0,22885.5,242943,330,2025-06-30T14:30:00+00:00,2025-06-30T19:59:00+00:00,156,321,0.4875,163.5,81.25,153.75,1.8923076923076922,0.28292682926829266,0.28292682926829266,True,False,False,False,trapped,trapped,False,True,True,True,True,False,True,0.6796747967479675,50,0.15151515151515152
NQ,2025-07-01,22802.25,22848.25,22748.75,22767.25,79905,60,2025-07-01T13:30:00+00:00,2025-07-01T14:29:00+00:00,22806.29147007905,22867.5,22914.75,22755.75,22802.5,77663,930,2025-06-30T22:00:00+00:00,2025-07-01T13:29:00+00:00,22767.0,22783.5,22594.5,22693.0,313196,330,2025-07-01T14:30:00+00:00,2025-07-01T19:59:00+00:00,173,324,0.5356037151702786,159.0,99.5,189.0,1.899497487437186,0.3915343915343915,-0.3915343915343915,False,False,True,False,broken,broken_down,False,False,True,True,False,True,True,0.38817733990147785,0,0.0
NQ,2025-07-02,22654.25,22798.25,22651.25,22790.5,77529,60,2025-07-02T13:30:00+00:00,2025-07-02T14:29:00+00:00,22723.43090112517,22694.5,22781.25,22582.0,22653.5,91854,930,2025-07-01T22:00:00+00:00,2025-07-02T13:29:00+00:00,22790.5,22854.0,22771.0,22844.5,219012,330,2025-07-02T14:30:00+00:00,2025-07-02T19:59:00+00:00,159,327,0.48773006134969327,199.25,147.0,83.0,0.564625850340136,0.6506024096385542,0.6506024096385542,False,True,False,False,broken,broken_up,False,True,False,True,True,False,True,0.9531442663378545,0,0.0
NQ,2025-07-03,22932.0,23066.0,22930.25,23060.0,82436,60,2025-07-03T13:30:00+00:00,2025-07-03T14:29:00+00:00,23000.30354153525,22845.0,22940.5,22827.0,22932.0,70412,929,2025-07-02T22:00:00+00:00,2025-07-03T13:29:00+00:00,23060.0,23102.5,23027.5,23059.0,111812,165,2025-07-03T14:30:00+00:00,2025-07-03T17:14:00+00:00,94,160,0.5911949685534591,113.5,135.75,75.0,0.5524861878453039,0.013333333333333334,-0.013333333333333334,False,True,False,False,broken,broken_up,False,True,False,True,True,False,True,0.7474600870827286,0,0.0
NQ,2025-07-04,22918.0,22935.0,22888.0,22932.25,9067,60,2025-07-04T13:30:00+00:00,2025-07-04T14:29:00+00:00,22915.900196683946,23059.25,23062.5,22882.0,22919.0,51816,930,2025-07-03T22:00:00+00:00,2025-07-04T13:29:00+00:00,22932.75,22945.5,22896.0,22906.75,11613,150,2025-07-04T14:30:00+00:00,2025-07-04T16:59:00+00:00,76,140,0.5467625899280576,180.5,47.0,49.5,1.053191489361702,0.5252525252525253,-0.5252525252525253,True,False,False,False,trapped,trapped,True,True,False,True,False,False,False,0.32608695652173914,8,0.05333333333333334
NQ,2025-07-07,22943.25,22977.5,22900.5,22937.75,74747,60,2025-07-07T13:30:00+00:00,2025-07-07T14:29:00+00:00,22941.607674332525,22970.0,23028.5,22908.25,22943.25,80919,930,2025-07-06T22:00:00+00:00,2025-07-07T13:29:00+00:00,22937.5,22962.5,22779.75,22883.25,289803,330,2025-07-07T14:30:00+00:00,2025-07-07T19:59:00+00:00,181,322,0.5638629283489096,120.25,77.0,182.75,2.3733766233766236,0.2968536251709986,-0.2968536251709986,False,False,True,False,broken,broken_down,False,False,True,True,False,True,True,0.5233881163084703,5,0.015151515151515152
NQ,2025-07-08,22935.5,22943.5,22849.0,22875.0,77321,60,2025-07-08T13:30:00+00:00,2025-07-08T14:29:00+00:00,22896.366700723822,22837.75,22972.75,22808.5,22935.0,70223,930,2025-07-07T22:00:00+00:00,2025-07-08T13:29:00+00:00,22875.0,22962.75,22841.0,22891.75,259390,330,2025-07-08T14:30:00+00:00,2025-07-08T19:59:00+00:00,167,323,0.5186335403726708,164.25,94.5,121.75,1.2883597883597884,0.1375770020533881,0.1375770020533881,True,False,False,False,trapped,trapped,False,True,True,True,False,False,False,0.41683778234086244,46,0.1393939393939394
NQ,2025-07-09,22978.75,23112.0,22978.0,23048.75,97723,60,2025-07-09T13:30:00+00:00,2025-07-09T14:29:00+00:00,23065.344634835197,22906.5,22978.75,22843.5,22978.75,62062,928,2025-07-08T22:00:00+00:00,2025-07-09T13:29:00+00:00,23049.0,23058.0,22919.75,23051.0,271553,330,2025-07-09T14:30:00+00:00,2025-07-09T19:59:00+00:00,156,321,0.4875,135.25,134.0,138.25,1.0317164179104477,0.014466546112115732,0.014466546112115732,False,True,False,False,broken,broken_up,False,False,True,True,False,False,False,0.682704811443433,0,0.0
NQ,2025-07-10,23072.25,23090.0,22901.25,22938.25,98886,60,2025-07-10T13:30:00+00:00,2025-07-10T14:29:00+00:00,22977.192923332594,23041.0,23078.75,22976.5,23072.0,66474,930,2025-07-09T22:00:00+00:00,2025-07-10T13:29:00+00:00,22938.25,23050.0,22934.75,23015.0,209069,330,2025-07-10T14:30:00+00:00,2025-07-10T19:59:00+00:00,168,320,0.5266457680250783,102.25,188.75,115.25,0.6105960264900663,0.665943600867679,0.665943600867679,False,True,True,True,broken,broken_both,False,False,False,False,False,False,False,0.6026490066225165,13,0.03939393939393939
NQ,2025-07-11,22915.25,23004.5,22863.0,22991.0,84204,60,2025-07-11T13:30:00+00:00,2025-07-11T14:29:00+00:00,22941.196839421726,23011.75,23048.75,22831.5,22914.5,105578,930,2025-07-10T22:00:00+00:00,2025-07-11T13:29:00+00:00,22990.75,23021.5,22908.75,22955.25,252294,330,2025-07-11T14:30:00+00:00,2025-07-11T19:59:00+00:00,169,319,0.5314465408805031,217.25,141.5,112.75,0.7968197879858657,0.3148558758314856,-0.3148558758314856,True,False,False,False,trapped,trapped,False,True,False,True,False,False,False,0.582018927444795,10,0.030303030303030304
NQ,2025-07-14,22942.75,22989.25,22842.25,22940.0,100686,60,2025-07-14T13:30:00+00:00,2025-07-14T14:29:00+00:00,22926.79485396844,22860.75,22944.5,22803.0,22943.0,88050,930,2025-07-13T22:00:00+00:00,2025-07-14T13:29:00+00:00,22938.5,23066.5,22923.0,23034.25,208987,330,2025-07-14T14:30:00+00:00,2025-07-14T19:59:00+00:00,168,318,0.5299684542586751,141.5,147.0,143.5,0.9761904761904762,0.6672473867595818,0.6672473867595818,False,True,False,False,broken,broken_up,False,True,False,True,True,False,True,0.8561872909698997,5,0.015151515151515152
NQ,2025-07-15,23200.25,23222.75,23120.5,23178.75,100958,60,2025-07-15T13:30:00+00:00,2025-07-15T14:29:00+00:00,23166.950372927357,23034.25,23219.0,22996.0,23200.0,117165,930,2025-07-14T22:00:00+00:00,2025-07-15T13:29:00+00:00,23178.75,23185.5,23050.0,23052.25,279928,330,2025-07-15T14:30:00+00:00,2025-07-15T19:59:00+00:00,164,321,0.5125,223.0,102.25,135.5,1.3251833740831296,0.933579335793358,-0.933579335793358,False,True,False,False,broken,broken_up,False,False,True,True,False,False,False,0.013024602026049204,30,0.09090909090909091
NQ,2025-07-16,23074.25,23089.5,22948.75,23005.5,99411,60,2025-07-16T13:30:00+00:00,2025-07-16T14:29:00+00:00,23004.31603813126,23018.75,23085.0,22929.0,23074.5,88241,930,2025-07-15T22:00:00+00:00,2025-07-16T13:29:00+00:00,23005.0,23100.0,22835.5,23074.5,340810,330,2025-07-16T14:30:00+00:00,2025-07-16T19:59:00+00:00,164,327,0.5030674846625767,156.0,140.75,264.5,1.8792184724689165,0.2627599243856333,0.2627599243856333,False,True,False,False,broken,broken_up,False,True,True,True,True,True,True,0.9035916824196597,31,0.09393939393939393
NQ,2025-07-17,23100.25,23175.25,23065.75,23154.5,93984,60,2025-07-17T13:30:00+00:00,2025-07-17T14:29:00+00:00,23128.693179158156,23065.5,23158.5,23017.0,23100.5,86399,930,2025-07-16T22:00:00+00:00,2025-07-17T13:29:00+00:00,23154.0,23279.75,23146.25,23257.75,237358,330,2025-07-17T14:30:00+00:00,2025-07-17T19:59:00+00:00,162,316,0.5142857142857142,141.5,109.5,133.5,1.2191780821917808,0.7771535580524345,0.7771535580524345,False,True,False,False,broken,broken_up,False,True,False,True,True,False,True,0.897196261682243,0,0.0
NQ,2025-07-18,23301.0,23310.0,23186.75,23193.0,101875,60,2025-07-18T13:30:00+00:00,2025-07-18T14:29:00+00:00,23256.027016768916,23261.25,23320.75,23245.25,23300.75,72650,930,2025-07-17T22:00:00+00:00,2025-07-18T13:29:00+00:00,23194.0,23254.25,23169.5,23226.5,251500,330,2025-07-18T14:30:00+00:00,2025-07-18T19:59:00+00:00,168,324,0.5201238390092879,75.5,123.25,84.75,0.6876267748478702,0.3834808259587021,0.3834808259587021,False,False,True,False,broken,broken_down,False,False,True,True,False,True,True,0.40569395017793597,0,0.0
NQ,2025-07-21,23256.25,23419.25,23255.25,23416.75,88550,60,2025-07-21T13:30:00+00:00,2025-07-21T14:29:00+00:00,23360.159678147942,23232.5,23308.5,23203.75,23255.5,63539,930,2025-07-20T22:00:00+00:00,2025-07-21T13:29:00+00:00,23417.0,23424.75,23328.5,23344.75,224614,330,2025-07-21T14:30:00+00:00,2025-07-21T19:59:00+00:00,148,314,0.4728434504792332,104.75,164.0,96.25,0.586890243902439,0.7506493506493507,-0.7506493506493507,False,True,False,False,broken,broken_up,False,True,False,True,True,False,True,0.528023598820059,7,0.021212121212121213
NQ,2025-07-22,23346.0,23349.75,23108.0,23169.0,154273,60,2025-07-22T13:30:00+00:00,2025-07-22T14:29:00+00:00,23200.575007724405,23339.5,23367.0,23267.5,23345.75,79746,930,2025-07-21T22:00:00+00:00,2025-07-22T13:29:00+00:00,23168.75,23257.75,23159.5,23221.25,276164,330,2025-07-22T14:30:00+00:00,2025-07-22T19:59:00+00:00,179,321,0.559375,99.5,241.75,98.25,0.40641158221303,0.5343511450381679,0.5343511450381679,False,False,True,False,broken,broken_down,False,False,False,False,False,False,False,0.46845915201654603,37,0.11212121212121212
NQ,2025-07-23,23261.5,23263.75,23146.75,23193.0,102739,60,2025-07-23T13:30:00+00:00,2025-07-23T14:29:00+00:00,23190.918923193727,23191.25,23283.75,23170.25,23261.25,87376,930,2025-07-22T22:00:00+00:00,2025-07-23T13:29:00+00:00,23193.0,23324.75,23150.5,23324.5,286401,330,2025-07-23T14:30:00+00:00,2025-07-23T19:59:00+00:00,157,323,0.48757763975155277,113.5,117.0,174.25,1.4893162393162394,0.7546628407460545,0.7546628407460545,False,False,True,False,broken,broken_down,False,True,False,True,True,False,True,0.9985955056179775,16,0.048484848484848485
NQ,2025-07-24,23374.0,23401.0,23298.25,23332.0,100077,60,2025-07-24T13:30:00+00:00,2025-07-24T14:29:00+00:00,23351.06551788456,23402.25,23422.75,23327.25,23373.75,74058,930,2025-07-23T22:00:00+00:00,2025-07-24T13:29:00+00:00,23332.5,23424.5,23329.25,23376.75,241924,330,2025-07-24T14:30:00+00:00,2025-07-24T19:59:00+00:00,161,323,0.5,95.5,102.75,95.25,0.927007299270073,0.4645669291338583,0.4645669291338583,False,False,True,False,broken,broken_down,False,True,False,True,True,False,True,0.6217821782178218,19,0.05757575757575758
NQ,2025-07-25,23360.0,23416.0,23330.75,23405.0,86768,60,2025-07-25T13:30:00+00:00,2025-07-25T14:29:00+00:00,23381.494645683502,23391.5,23441.75,23346.75,23360.5,68703,930,2025-07-24T22:00:00+00:00,2025-07-25T13:29:00+00:00,23405.0,23476.0,23391.0,23422.5,216276,330,2025-07-25T14:30:00+00:00,2025-07-25T19:59:00+00:00,168,321,0.525,95.0,85.25,85.0,0.9970674486803519,0.20588235294117646,0.20588235294117646,False,False,True,False,broken,broken_down,False,True,False,True,True,False,True,0.6316695352839932,0,0.0
NQ,2025-07-28,23472.75,23529.0,23464.75,23502.75,93298,60,2025-07-28T13:30:00+00:00,2025-07-28T14:29:00+00:00,23501.312464718787,23520.0,23585.25,23466.25,23472.5,79612,930,2025-07-27T22:00:00+00:00,2025-07-28T13:29:00+00:00,23503.25,23519.0,23436.75,23491.75,229590,330,2025-07-28T14:30:00+00:00,2025-07-28T19:59:00+00:00,159,315,0.5063694267515924,119.0,64.25,82.25,1.2801556420233462,0.1398176291793313,-0.1398176291793313,False,False,True,False,broken,broken_down,False,False,True,True,False,True,True,0.5962059620596206,17,0.051515151515151514
NQ,2025-07-29,23595.25,23652.5,23538.75,23559.5,110931,60,2025-07-29T13:30:00+00:00,2025-07-29T14:29:00+00:00,23593.609991045483,23504.25,23613.5,23503.0,23595.5,68199,930,2025-07-28T22:00:00+00:00,2025-07-29T13:29:00+00:00,23559.0,23576.5,23421.25,23457.0,337694,330,2025-07-29T14:30:00+00:00,2025-07-29T19:59:00+00:00,169,325,0.5216049382716049,110.5,113.75,155.25,1.3648351648351649,0.6570048309178744,-0.6570048309178744,False,True,False,False,broken,broken_up,False,False,True,True,False,True,True,0.1545945945945946,0,0.0
NQ,2025-07-30,23487.0,23526.25,23450.75,23504.0,82985,60,2025-07-30T13:30:00+00:00,2025-07-30T14:29:00+00:00,23490.03121045972,23452.0,23522.0,23449.25,23486.75,67749,929,2025-07-29T22:00:00+00:00,2025-07-30T13:29:00+00:00,23504.0,23589.5,23356.5,23484.0,325975,330,2025-07-30T14:30:00+00:00,2025-07-30T19:59:00+00:00,168,322,0.5233644859813084,72.75,75.5,233.0,3.0860927152317883,0.08583690987124463,-0.08583690987124463,False,True,False,False,broken,broken_up,False,True,True,True,True,True,True,0.5472103004291845,24,0.07272727272727272
NQ,2025-07-31,23747.25,23752.0,23609.25,23639.75,129926,60,2025-07-31T13:30:00+00:00,2025-07-31T14:29:00+00:00,23665.55338808245,23705.0,23845.0,23686.0,23747.25,108886,930,2025-07-30T22:00:00+00:00,2025-07-31T13:29:00+00:00,23640.0,23656.75,23305.5,23354.25,449589,330,2025-07-31T14:30:00+00:00,2025-07-31T19:59:00+00:00,155,320,0.48589341692789967,159.0,142.75,351.25,2.460595446584939,0.8135231316725978,-0.8135231316725978,False,False,True,False,broken,broken_down,False,False,True,True,False,True,True,0.10918253079507279,0,0.0
NQ,2025-08-01,23087.5,23095.75,22800.0,22984.75,172532,60,2025-08-01T13:30:00+00:00,2025-08-01T14:29:00+00:00,22934.87414363712,23308.5,23347.5,23031.5,23088.0,196167,930,2025-07-31T22:00:00+00:00,2025-08-01T13:29:00+00:00,22984.75,23045.5,22775.0,22880.5,404502,330,2025-08-01T14:30:00+00:00,2025-08-01T19:59:00+00:00,169,325,0.5216049382716049,316.0,295.75,270.5,0.9146238377007607,0.3853974121996303,-0.3853974121996303,False,False,True,False,broken,broken_down,False,False,True,True,False,True,True,0.3289166017147311,27,0.08181818181818182
NQ,2025-08-04,23094.0,23264.25,23088.75,23249.5,102827,60,2025-08-04T13:30:00+00:00,2025-08-04T14:29:00+00:00,23197.603647388332,22850.0,23098.25,22821.75,23094.5,112055,930,2025-08-03T22:00:00+00:00,2025-08-04T13:29:00+00:00,23250.0,23307.25,23187.75,23296.75,225135,330,2025-08-04T14:30:00+00:00,2025-08-04T19:59:00+00:00,176,323,0.546583850931677,276.5,175.5,119.5,0.6809116809116809,0.3912133891213389,0.3912133891213389,False,True,False,False,broken,broken_up,False,True,False,True,True,False,True,0.9519450800915332,13,0.03939393939393939
NQ,2025-08-05,23348.25,23397.25,23261.75,23289.5,104842,60,2025-08-05T13:30:00+00:00,2025-08-05T14:29:00+00:00,23333.11560093601,23354.0,23404.25,23312.5,23347.75,89260,930,2025-08-04T22:00:00+00:00,2025-08-05T13:29:00+00:00,23289.75,23291.5,23113.5,23133.5,320874,330,2025-08-05T14:30:00+00:00,2025-08-05T19:59:00+00:00,173,329,0.5274390243902439,91.75,135.5,178.0,1.3136531365313653,0.8778089887640449,-0.8778089887640449,False,False,True,False,broken,broken_down,False,False,True,True,False,True,True,0.07048458149779736,0,0.0
NQ,2025-08-06,23169.25,23285.0,23148.5,23199.5,122873,60,2025-08-06T13:30:00+00:00,2025-08-06T14:29:00+00:00,23209.460544627374,23091.75,23227.0,23045.5,23168.75,98993,930,2025-08-05T22:00:00+00:00,2025-08-06T13:29:00+00:00,23200.0,23445.25,23179.5,23424.75,276529,330,2025-08-06T14:30:00+00:00,2025-08-06T19:59:00+00:00,172,321,0.5375,181.5,136.5,265.75,1.9468864468864469,0.845719661335842,0.845719661335842,False,True,False,False,broken,broken_up,False,True,False,True,True,False,True,0.9309182813816343,2,0.006060606060606061
NQ,2025-08-07,23601.0,23671.0,23542.5,23575.0,121592,60,2025-08-07T13:30:00+00:00,2025-08-07T14:29:00+00:00,23609.70081981819,23418.5,23639.0,23384.5,23601.5,109518,930,2025-08-06T22:00:00+00:00,2025-08-07T13:29:00+00:00,23574.25,23592.75,23329.0,23501.0,306377,330,2025-08-07T14:30:00+00:00,2025-08-07T19:59:00+00:00,169,327,0.5184049079754601,254.5,128.5,263.75,2.0525291828793772,0.2777251184834123,-0.2777251184834123,False,True,False,False,broken,broken_up,False,False,True,True,False,True,True,0.5029239766081871,0,0.0
NQ,2025-08-08,23541.75,23683.5,23530.0,23675.75,98629,60,2025-08-08T13:30:00+00:00,2025-08-08T14:29:00+00:00,23622.74338936824,23518.25,23583.0,23503.0,23541.5,72237,930,2025-08-07T22:00:00+00:00,2025-08-08T13:29:00+00:00,23676.0,23724.0,23612.0,23714.5,257346,330,2025-08-08T14:30:00+00:00,2025-08-08T19:59:00+00:00,182,325,0.5617283950617284,80.0,153.5,112.0,0.7296416938110749,0.34375,0.34375,False,True,False,False,broken,broken_up,False,True,False,True,True,False,True,0.9510309278350515,10,0.030303030303030304
NQ,2025-08-11,23715.75,23767.5,23680.75,23751.5,81131,60,2025-08-11T13:30:00+00:00,2025-08-11T14:29:00+00:00,23727.80817237965,23764.0,23773.0,23667.75,23715.0,78714,930,2025-08-10T22:00:00+00:00,2025-08-11T13:29:00+00:00,23752.0,23804.5,23587.5,23638.5,265251,330,2025-08-11T14:30:00+00:00,2025-08-11T19:59:00+00:00,176,322,0.5482866043613707,105.25,86.75,217.0,2.5014409221902016,0.5230414746543779,-0.5230414746543779,True,False,False,False,trapped,trapped,False,True,True,True,True,True,True,0.2350230414746544,30,0.09090909090909091
NQ,2025-08-12,23733.0,23808.25,23622.0,23752.75,126984,60,2025-08-12T13:30:00+00:00,2025-08-12T14:29:00+00:00,23719.029959154956,23635.0,23822.25,23596.0,23732.75,99443,930,2025-08-11T22:00:00+00:00,2025-08-12T13:29:00+00:00,23752.75,23950.0,23732.5,23934.5,240728,330,2025-08-12T14:30:00+00:00,2025-08-12T19:59:00+00:00,168,319,0.5283018867924528,226.25,186.25,217.5,1.167785234899329,0.835632183908046,0.835632183908046,True,False,False,False,trapped,trapped,False,True,False,True,True,False,True,0.9527439024390244,0,0.0
NQ,2025-08-13,24044.5,24068.5,23947.0,23956.5,100687,60,2025-08-13T13:30:00+00:00,2025-08-13T14:29:00+00:00,24018.77279589222,23945.0,24046.25,23921.75,24044.5,65836,930,2025-08-12T22:00:00+00:00,2025-08-13T13:29:00+00:00,23957.0,23973.25,23886.0,23943.0,268862,330,2025-08-13T14:30:00+00:00,2025-08-13T19:59:00+00:00,158,323,0.4906832298136646,124.5,121.5,87.25,0.7181069958847737,0.16045845272206305,-0.16045845272206305,False,True,False,False,broken,broken_up,False,False,True,True,False,True,True,0.31232876712328766,0,0.0
NQ,2025-08-14,23857.75,23960.25,23841.25,23951.75,94334,60,2025-08-14T13:30:00+00:00,2025-08-14T14:29:00+00:00,23915.70229539014,23927.75,23966.75,23793.25,23858.25,80516,929,2025-08-13T22:00:00+00:00,2025-08-14T13:29:00+00:00,23951.5,24007.75,23863.0,23922.0,282611,330,2025-08-14T14:30:00+00:00,2025-08-14T19:59:00+00:00,163,322,0.5077881619937694,173.5,119.0,144.75,1.2163865546218486,0.20379965457685664,-0.20379965457685664,True,False,False,False,trapped,trapped,True,True,False,True,True,False,True,0.484984984984985,31,0.09393939393939393
NQ,2025-08-15,23909.25,23911.0,23770.25,23855.75,102777,60,2025-08-15T13:30:00+00:00,2025-08-15T14:29:00+00:00,23839.25064378866,23888.75,23963.0,23871.0,23909.0,68445,930,2025-08-14T22:00:00+00:00,2025-08-15T13:29:00+00:00,23855.5,23862.5,23734.5,23806.0,250526,330,2025-08-15T14:30:00+00:00,2025-08-15T19:59:00+00:00,169,319,0.5314465408805031,92.0,140.75,128.0,0.9094138543516874,0.38671875,-0.38671875,False,False,True,False,broken,broken_down,False,False,True,True,False,True,True,0.40509915014164305,14,0.04242424242424243
NQ,2025-08-18,23768.25,23824.25,23735.0,23776.0,91458,60,2025-08-18T13:30:00+00:00,2025-08-18T14:29:00+00:00,23782.60391108487,23795.0,23881.75,23739.5,23768.25,71610,930,2025-08-17T22:00:00+00:00,2025-08-18T13:29:00+00:00,23775.75,23816.25,23719.0,23797.0,222132,330,2025-08-18T14:30:00+00:00,2025-08-18T19:59:00+00:00,155,323,0.4813664596273292,142.25,89.25,97.25,1.0896358543417366,0.2185089974293059,0.2185089974293059,False,False,True,False,broken,broken_down,False,False,True,True,False,True,True,0.7410926365795725,19,0.05757575757575758
NQ,2025-08-19,23762.5,23770.5,23623.0,23627.25,127461,60,2025-08-19T13:30:00+00:00,2025-08-19T14:29:00+00:00,23688.753232361272,23800.75,23838.0,23730.75,23762.25,69594,930,2025-08-18T22:00:00+00:00,2025-08-19T13:29:00+00:00,23627.25,23659.5,23426.0,23470.25,334308,330,2025-08-19T14:30:00+00:00,2025-08-19T19:59:00+00:00,175,325,0.5401234567901234,107.25,147.5,233.5,1.583050847457627,0.6723768736616702,-0.6723768736616702,False,False,True,False,broken,broken_down,False,False,True,True,False,True,True,0.12844702467343977,0,0.0
NQ,2025-08-20,23426.25,23432.0,23063.5,23095.25,178111,60,2025-08-20T13:30:00+00:00,2025-08-20T14:29:00+00:00,23216.86101504118,23461.0,23485.5,23334.25,23426.0,110789,930,2025-08-19T22:00:00+00:00,2025-08-20T13:29:00+00:00,23096.0,23368.75,23035.0,23324.75,402184,330,2025-08-20T14:30:00+00:00,2025-08-20T19:59:00+00:00,167,323,0.5186335403726708,151.25,368.5,333.75,0.9056987788331072,0.6853932584269663,0.6853932584269663,False,False,True,False,broken,broken_down,False,False,True,True,False,True,True,0.7298488664987406,35,0.10606060606060606
NQ,2025-08-21,23260.5,23348.25,23156.0,23344.75,115352,60,2025-08-21T13:30:00+00:00,2025-08-21T14:29:00+00:00,23252.88742501214,23323.0,23369.25,23208.25,23260.25,95562,930,2025-08-20T22:00:00+00:00,2025-08-21T13:29:00+00:00,23344.75,23345.5,23119.0,23217.5,297193,330,2025-08-21T14:30:00+00:00,2025-08-21T19:59:00+00:00,171,324,0.5294117647058824,161.0,192.25,226.5,1.1781534460338101,0.5618101545253863,-0.5618101545253863,False,False,True,False,broken,broken_down,False,False,True,True,False,True,True,0.4296619411123228,13,0.03939393939393939
NQ,2025-08-22,23264.5,23633.0,23205.5,23553.75,134909,60,2025-08-22T13:30:00+00:00,2025-08-22T14:29:00+00:00,23433.880020359396,23225.25,23280.75,23076.75,23265.0,69020,929,2025-08-21T22:00:00+00:00,2025-08-22T13:29:00+00:00,23554.5,23650.0,23507.25,23565.0,262537,330,2025-08-22T14:30:00+00:00,2025-08-22T19:59:00+00:00,164,322,0.5109034267912772,204.0,427.5,142.75,0.3339181286549708,0.07355516637478109,0.07355516637478109,False,True,False,False,broken,broken_up,False,True,False,True,True,False,True,0.8087739032620922,0,0.0
NQ,2025-08-25,23496.0,23561.0,23443.25,23540.75,97871,60,2025-08-25T13:30:00+00:00,2025-08-25T14:29:00+00:00,23505.59193904902,23602.0,23607.5,23462.0,23496.0,80487,930,2025-08-24T22:00:00+00:00,2025-08-25T13:29:00+00:00,23540.25,23616.25,23489.0,23495.5,203331,330,2025-08-25T14:30:00+00:00,2025-08-25T19:59:00+00:00,173,321,0.540625,145.5,117.75,127.25,1.0806794055201698,0.3516699410609037,-0.3516699410609037,False,False,True,False,broken,broken_down,False,True,False,True,True,False,True,0.3020231213872832,1,0.0030303030303030303
NQ,2025-08-26,23470.75,23548.0,23427.0,23543.0,107302,60,2025-08-26T13:30:00+00:00,2025-08-26T14:29:00+00:00,23494.237715357896,23505.75,23520.25,23371.5,23470.5,93177,930,2025-08-25T22:00:00+00:00,2025-08-26T13:29:00+00:00,23542.75,23600.0,23479.0,23587.0,222933,330,2025-08-26T14:30:00+00:00,2025-08-26T19:59:00+00:00,171,320,0.5360501567398119,148.75,121.0,121.0,1.0,0.365702479338843,0.365702479338843,False,True,False,False,broken,broken_up,False,True,False,True,True,False,True,0.9248554913294798,4,0.012121212121212121
NQ,2025-08-27,23541.0,23606.5,23487.5,23598.0,96194,60,2025-08-27T13:30:00+00:00,2025-08-27T14:29:00+00:00,23545.272292623937,23604.0,23629.0,23536.0,23541.25,64822,930,2025-08-26T22:00:00+00:00,2025-08-27T13:29:00+00:00,23598.25,23657.5,23542.0,23620.25,225317,330,2025-08-27T14:30:00+00:00,2025-08-27T19:59:00+00:00,157,316,0.4984126984126984,93.0,119.0,115.5,0.9705882352941176,0.19047619047619047,0.19047619047619047,False,False,True,False,broken,broken_down,False,True,False,True,True,False,True,0.7808823529411765,3,0.00909090909090909
NQ,2025-08-28,23640.25,23742.25,23572.5,23630.25,136135,60,2025-08-28T13:30:00+00:00,2025-08-28T14:29:00+00:00,23661.654749574565,23542.25,23662.0,23487.5,23640.5,93478,930,2025-08-27T22:00:00+00:00,2025-08-28T13:29:00+00:00,23630.25,23803.75,23628.75,23766.75,234953,330,2025-08-28T14:30:00+00:00,2025-08-28T19:59:00+00:00,173,325,0.5339506172839507,174.5,169.75,175.0,1.0309278350515463,0.78,0.78,False,True,False,False,broken,broken_up,False,True,False,True,True,False,True,0.84,4,0.012121212121212121
NQ,2025-08-29,23652.0,23668.0,23428.0,23498.0,149665,60,2025-08-29T13:30:00+00:00,2025-08-29T14:29:00+00:00,23531.46685597835,23760.5,23762.0,23612.5,23652.5,79770,930,2025-08-28T22:00:00+00:00,2025-08-29T13:29:00+00:00,23498.0,23515.5,23397.5,23473.5,277857,330,2025-08-29T14:30:00+00:00,2025-08-29T19:59:00+00:00,168,322,0.5233644859813084,149.5,240.0,118.0,0.49166666666666664,0.2076271186440678,-0.2076271186440678,False,False,True,False,broken,broken_down,False,False,True,True,False,True,True,0.2809611829944547,0,0.0
NQ,2025-09-01,23476.0,23494.75,23441.75,23484.5,9766,60,2025-09-01T13:30:00+00:00,2025-09-01T14:29:00+00:00,23476.257688238104,23479.0,23552.5,23370.5,23476.75,64636,930,2025-08-31T22:00:00+00:00,2025-09-01T13:29:00+00:00,23485.0,23506.75,23479.5,23502.25,13278,150,2025-09-01T14:30:00+00:00,2025-09-01T16:59:00+00:00,64,140,0.460431654676259,182.0,53.0,27.25,0.5141509433962265,0.6330275229357798,0.6330275229357798,True,False,False,False,trapped,trapped,False,True,False,True,False,False,False,0.9307692307692308,0,0.0
NQ,2025-09-02,23100.25,23280.0,23025.25,23262.25,141820,60,2025-09-02T13:30:00+00:00,2025-09-02T14:29:00+00:00,23177.231816739528,23502.25,23509.5,23060.25,23100.25,143543,930,2025-09-01T22:00:00+00:00,2025-09-02T13:29:00+00:00,23261.25,23290.25,23027.0,23276.75,325092,330,2025-09-02T14:30:00+00:00,2025-09-02T19:59:00+00:00,184,325,0.5679012345679012,449.25,254.75,263.25,1.0333660451422964,0.05887939221272555,0.05887939221272555,False,False,True,False,broken,broken_down,False,True,False,True,False,False,False,0.9490566037735849,23,0.0696969696969697
NQ,2025-09-03,23423.5,23472.25,23370.0,23433.25,117617,60,2025-09-03T13:30:00+00:00,2025-09-03T14:29:00+00:00,23412.74477258106,23382.0,23458.5,23298.25,23423.5,99597,930,2025-09-02T22:00:00+00:00,2025-09-03T13:29:00+00:00,23433.5,23525.25,23318.25,23452.25,321586,330,2025-09-03T14:30:00+00:00,2025-09-03T19:59:00+00:00,174,326,0.5353846153846153,160.25,102.25,207.0,2.024449877750611,0.09057971014492754,0.09057971014492754,False,True,False,False,broken,broken_up,False,True,True,True,True,False,True,0.6473429951690821,34,0.10303030303030303
NQ,2025-09-04,23480.5,23548.25,23410.0,23481.25,115097,60,2025-09-04T13:30:00+00:00,2025-09-04T14:29:00+00:00,23474.155026484903,23456.75,23535.0,23431.25,23479.75,82556,930,2025-09-03T22:00:00+00:00,2025-09-04T13:29:00+00:00,23481.0,23680.25,23479.5,23666.5,255701,330,2025-09-04T14:30:00+00:00,2025-09-04T19:59:00+00:00,171,324,0.5294117647058824,103.75,138.25,200.75,1.4520795660036165,0.9240348692403487,0.9240348692403487,False,True,True,True,broken,broken_both,False,True,False,True,True,False,True,0.9491211840888066,0,0.0
NQ,2025-09-05,23875.0,23902.0,23628.5,23654.0,165469,60,2025-09-05T13:30:00+00:00,2025-09-05T14:29:00+00:00,23797.955342591868,23700.0,23897.75,23691.75,23874.5,106350,930,2025-09-04T22:00:00+00:00,2025-09-05T13:29:00+00:00,23653.75,23694.25,23505.0,23691.0,377124,330,2025-09-05T14:30:00+00:00,2025-09-05T19:59:00+00:00,171,327,0.5245398773006135,206.0,273.5,189.25,0.6919561243144424,0.19682959048877147,0.19682959048877147,False,True,True,True,broken,broken_both,False,False,True,True,False,True,True,0.46851385390428213,0,0.0
NQ,2025-09-08,23784.25,23876.25,23771.75,23862.75,111821,60,2025-09-08T13:30:00+00:00,2025-09-08T14:29:00+00:00,23832.70178007709,23673.5,23795.0,23650.25,23784.0,74275,930,2025-09-07T22:00:00+00:00,2025-09-08T13:29:00+00:00,23862.5,23888.0,23760.0,23803.75,252640,330,2025-09-08T14:30:00+00:00,2025-09-08T19:59:00+00:00,159,326,0.48923076923076925,144.75,104.5,128.0,1.2248803827751196,0.458984375,-0.458984375,False,True,False,False,broken,broken_up,False,True,True,True,True,False,True,0.341796875,12,0.03636363636363636
NQ,2025-09-09,23835.5,23857.75,23781.25,23810.5,103098,60,2025-09-09T13:30:00+00:00,2025-09-09T14:29:00+00:00,23822.726069694207,23799.0,23885.25,23790.75,23835.25,72622,930,2025-09-08T22:00:00+00:00,2025-09-09T13:29:00+00:00,23810.25,23890.0,23726.0,23867.75,262913,330,2025-09-09T14:30:00+00:00,2025-09-09T19:59:00+00:00,164,319,0.5157232704402516,94.5,76.5,164.0,2.1437908496732025,0.35060975609756095,0.35060975609756095,False,False,True,False,broken,broken_down,False,True,True,True,True,True,True,0.864329268292683,8,0.024242424242424242
NQ,2025-09-10,23998.75,24000.5,23900.25,23964.75,121424,60,2025-09-10T13:30:00+00:00,2025-09-10T14:29:00+00:00,23947.92032258862,23898.5,24044.25,23874.0,23998.5,90646,930,2025-09-09T22:00:00+00:00,2025-09-10T13:29:00+00:00,23963.75,23991.0,23785.0,23874.25,284921,330,2025-09-10T14:30:00+00:00,2025-09-10T19:59:00+00:00,161,324,0.4984520123839009,170.25,100.25,206.0,2.054862842892768,0.4344660194174757,-0.4344660194174757,True,False,False,False,trapped,trapped,False,False,True,True,False,True,True,0.41415313225058004,9,0.02727272727272727
NQ,2025-09-11,23977.25,24004.0,23909.75,23965.5,111058,60,2025-09-11T13:30:00+00:00,2025-09-11T14:29:00+00:00,23963.362481015924,23853.75,23978.0,23838.0,23976.75,81179,929,2025-09-10T22:00:00+00:00,2025-09-11T13:29:00+00:00,23965.0,24046.0,23961.25,24011.5,222944,330,2025-09-11T14:30:00+00:00,2025-09-11T19:59:00+00:00,169,320,0.5297805642633229,140.0,94.25,84.75,0.8992042440318302,0.5486725663716814,0.5486725663716814,False,True,False,False,broken,broken_up,False,True,False,True,True,False,True,0.7467889908256881,1,0.0030303030303030303
NQ,2025-09-12,24040.75,24076.25,24001.5,24071.25,86985,60,2025-09-12T13:30:00+00:00,2025-09-12T14:29:00+00:00,24038.890088329405,24028.25,24051.5,23969.0,24040.25,62143,930,2025-09-11T22:00:00+00:00,2025-09-12T13:29:00+00:00,24071.25,24159.0,24064.5,24110.25,219718,330,2025-09-12T14:30:00+00:00,2025-09-12T19:59:00+00:00,156,316,0.49523809523809526,82.5,74.75,94.5,1.2642140468227425,0.4126984126984127,0.4126984126984127,False,True,False,False,broken,broken_up,False,True,False,True,True,False,True,0.6904761904761905,0,0.0
NQ,2025-09-15,24418.5,24508.0,24412.75,24498.0,48676,60,2025-09-15T13:30:00+00:00,2025-09-15T14:29:00+00:00,24467.91934765935,24115.25,24423.0,24099.75,24418.25,40105,926,2025-09-14T22:00:00+00:00,2025-09-15T13:29:00+00:00,24497.25,24556.75,24478.25,24553.25,119928,330,2025-09-15T14:30:00+00:00,2025-09-15T19:59:00+00:00,155,320,0.48589341692789967,323.25,95.25,78.5,0.8241469816272966,0.7133757961783439,0.7133757961783439,False,True,False,False,broken,broken_up,False,True,False,True,True,False,True,0.9756944444444444,0,0.0
NQ,2025-09-16,24588.25,24600.5,24520.75,24538.75,81328,60,2025-09-16T13:30:00+00:00,2025-09-16T14:29:00+00:00,24553.832924495047,24533.75,24647.25,24524.0,24588.75,52443,930,2025-09-15T22:00:00+00:00,2025-09-16T13:29:00+00:00,24539.0,24563.0,24499.25,24524.25,175873,330,2025-09-16T14:30:00+00:00,2025-09-16T19:59:00+00:00,150,319,0.4716981132075472,123.25,79.75,63.75,0.799373040752351,0.23137254901960785,-0.23137254901960785,False,False,True,False,broken,broken_down,False,False,True,True,False,True,True,0.24691358024691357,8,0.024242424242424242
NQ,2025-09-17,24521.0,24540.75,24436.0,24440.25,88198,60,2025-09-17T13:30:00+00:00,2025-09-17T14:29:00+00:00,24484.197840842957,24526.75,24553.0,24456.25,24521.5,58169,930,2025-09-16T22:00:00+00:00,2025-09-17T13:29:00+00:00,24440.0,24550.75,24242.0,24475.25,386078,330,2025-09-17T14:30:00+00:00,2025-09-17T19:59:00+00:00,146,320,0.45768025078369906,96.75,104.75,308.75,2.947494033412888,0.11417004048582996,0.11417004048582996,False,False,True,False,broken,broken_down,False,True,True,True,False,True,True,0.7554655870445344,26,0.07878787878787878
NQ,2025-09-18,24679.5,24788.5,24598.75,24786.75,121068,60,2025-09-18T13:30:00+00:00,2025-09-18T14:29:00+00:00,24696.648376669862,24498.5,24762.75,24495.25,24679.5,110811,930,2025-09-17T22:00:00+00:00,2025-09-18T13:29:00+00:00,24786.5,24816.0,24696.75,24698.25,270321,330,2025-09-18T14:30:00+00:00,2025-09-18T19:59:00+00:00,160,324,0.4953560371517028,267.5,189.75,119.25,0.6284584980237155,0.740041928721174,-0.740041928721174,False,True,False,False,broken,broken_up,False,True,False,True,True,False,True,0.4579976985040276,0,0.0
NQ,2025-09-19,24767.75,24817.5,24737.5,24782.75,104312,60,2025-09-19T13:30:00+00:00,2025-09-19T14:29:00+00:00,24776.926112687583,24717.75,24784.75,24655.0,24768.5,84018,930,2025-09-18T22:00:00+00:00,2025-09-19T13:29:00+00:00,24782.75,24888.0,24708.0,24860.5,271466,330,2025-09-19T14:30:00+00:00,2025-09-19T19:59:00+00:00,141,322,0.4392523364485981,129.75,80.0,180.0,2.25,0.43194444444444446,0.43194444444444446,False,True,False,False,broken,broken_up,False,True,True,True,True,False,True,0.8472222222222222,7,0.021212121212121213
NQ,2025-09-22,24815.5,24906.0,24814.25,24903.5,89598,60,2025-09-22T13:30:00+00:00,2025-09-22T14:29:00+00:00,24859.895930526724,24850.0,24876.0,24748.75,24815.0,81506,929,2025-09-21T22:00:00+00:00,2025-09-22T13:29:00+00:00,24903.25,25027.25,24890.0,24998.75,276612,330,2025-09-22T14:30:00+00:00,2025-09-22T19:59:00+00:00,168,319,0.5283018867924528,127.25,91.75,137.25,1.4959128065395095,0.6958105646630237,0.6958105646630237,False,True,False,False,broken,broken_up,False,True,False,True,True,False,True,0.8661971830985915,0,0.0
NQ,2025-09-23,25001.0,25009.75,24929.5,24953.25,104038,60,2025-09-23T13:30:00+00:00,2025-09-23T14:29:00+00:00,24960.555358779166,24995.0,25026.0,24973.0,25000.5,63531,930,2025-09-22T22:00:00+00:00,2025-09-23T13:29:00+00:00,24953.25,24975.25,24780.5,24831.5,368390,330,2025-09-23T14:30:00+00:00,2025-09-23T19:59:00+00:00,148,323,0.45962732919254656,53.0,80.25,194.75,2.426791277258567,0.6251604621309371,-0.6251604621309371,False,False,True,False,broken,broken_down,False,False,True,True,False,True,True,0.22246455834242093,22,0.06666666666666667
NQ,2025-09-24,24885.25,24899.25,24784.5,24818.75,107718,60,2025-09-24T13:30:00+00:00,2025-09-24T14:29:00+00:00,24828.92287964871,24839.5,24913.5,24810.5,24885.0,70852,930,2025-09-23T22:00:00+00:00,2025-09-24T13:29:00+00:00,24817.75,24829.75,24627.0,24739.5,329629,330,2025-09-24T14:30:00+00:00,2025-09-24T19:59:00+00:00,165,325,0.5092592592592593,103.0,114.75,202.75,1.766884531590414,0.38594327990135635,-0.38594327990135635,False,False,True,False,broken,broken_down,False,False,True,True,False,True,True,0.4132231404958678,2,0.006060606060606061
NQ,2025-09-25,24576.25,24641.75,24422.5,24620.0,173648,60,2025-09-25T13:30:00+00:00,2025-09-25T14:29:00+00:00,24518.39341176787,24746.0,24793.5,24540.5,24576.75,115950,930,2025-09-24T22:00:00+00:00,2025-09-25T13:29:00+00:00,24619.75,24696.75,24453.5,24632.25,381723,330,2025-09-25T14:30:00+00:00,2025-09-25T19:59:00+00:00,161,328,0.4923547400611621,253.0,219.25,243.25,1.1094640820980615,0.051387461459403906,0.051387461459403906,False,False,True,False,broken,broken_down,False,True,False,True,False,False,False,0.764813126709207,7,0.021212121212121213
NQ,2025-09-26,24654.25,24733.25,24520.0,24569.0,138672,60,2025-09-26T13:30:00+00:00,2025-09-26T14:29:00+00:00,24643.359206737245,24642.5,24747.5,24569.25,24653.75,113285,930,2025-09-25T22:00:00+00:00,2025-09-26T13:29:00+00:00,24569.0,24737.0,24539.0,24725.5,278324,330,2025-09-26T14:30:00+00:00,2025-09-26T19:59:00+00:00,156,324,0.48297213622291024,178.25,213.25,198.0,0.9284876905041032,0.7904040404040404,0.7904040404040404,False,False,True,False,broken,broken_down,False,True,False,True,False,False,False,0.9470046082949308,3,0.00909090909090909
NQ,2025-09-29,24850.75,24975.5,24848.25,24957.25,105342,60,2025-09-29T13:30:00+00:00,2025-09-29T14:29:00+00:00,24922.77632457456,24726.5,24909.5,24721.75,24850.75,84619,930,2025-09-28T22:00:00+00:00,2025-09-29T13:29:00+00:00,24957.0,24961.0,24780.5,24837.25,297422,330,2025-09-29T14:30:00+00:00,2025-09-29T19:59:00+00:00,159,318,0.501577287066246,187.75,127.25,180.5,1.418467583497053,0.6634349030470914,-0.6634349030470914,False,True,False,False,broken,broken_up,False,False,True,True,False,False,False,0.29102564102564105,2,0.006060606060606061
NQ,2025-09-30,24820.5,24831.0,24722.25,24783.5,98687,60,2025-09-30T13:30:00+00:00,2025-09-30T14:29:00+00:00,24775.11884121853,24817.75,24856.75,24754.75,24821.0,72518,930,2025-09-29T22:00:00+00:00,2025-09-30T13:29:00+00:00,24783.75,24913.75,24731.75,24898.25,312614,330,2025-09-30T14:30:00+00:00,2025-09-30T19:59:00+00:00,169,322,0.5264797507788161,102.0,108.75,182.0,1.6735632183908047,0.6291208791208791,0.6291208791208791,False,False,True,False,broken,broken_down,False,True,False,True,True,False,True,0.9190600522193212,34,0.10303030303030303
NQ,2025-10-01,24763.0,24893.0,24726.0,24883.25,107548,60,2025-10-01T13:30:00+00:00,2025-10-01T14:29:00+00:00,24809.63108023084,24843.0,24876.75,24633.25,24763.25,102376,930,2025-09-30T22:00:00+00:00,2025-10-01T13:29:00+00:00,24884.0,25036.75,24874.75,25011.75,241442,330,2025-10-01T14:30:00+00:00,2025-10-01T19:59:00+00:00,164,324,0.5077399380804953,243.5,167.0,162.0,0.9700598802395209,0.7885802469135802,0.7885802469135802,False,True,False,False,broken,broken_up,False,True,False,True,True,False,True,0.919549477071601,0,0.0
NQ,2025-10-02,25165.25,25169.0,25014.0,25075.75,116471,60,2025-10-02T13:30:00+00:00,2025-10-02T14:29:00+00:00,25073.49307266759,25009.25,25180.0,25001.75,25165.0,78595,930,2025-10-01T22:00:00+00:00,2025-10-02T13:29:00+00:00,25076.25,25126.5,24993.75,25109.5,244661,330,2025-10-02T14:30:00+00:00,2025-10-02T19:59:00+00:00,163,321,0.509375,178.25,155.0,132.75,0.8564516129032258,0.2504708097928437,0.2504708097928437,True,False,False,False,trapped,trapped,False,False,True,True,False,True,True,0.6604850213980028,33,0.1
NQ,2025-10-03,25133.5,25168.0,25051.0,25090.25,95894,60,2025-10-03T13:30:00+00:00,2025-10-03T14:29:00+00:00,25110.183091051927,25101.5,25196.5,25073.0,25133.0,61753,930,2025-10-02T22:00:00+00:00,2025-10-03T13:29:00+00:00,25090.0,25156.0,24923.25,24996.75,313425,330,2025-10-03T14:30:00+00:00,2025-10-03T19:59:00+00:00,172,323,0.5341614906832298,123.5,117.0,232.75,1.9893162393162394,0.40064446831364126,-0.40064446831364126,False,False,True,False,broken,broken_down,False,False,True,True,False,True,True,0.3003064351378958,24,0.07272727272727272
NQ,2025-10-06,25214.25,25221.75,25116.75,25143.0,90174,60,2025-10-06T13:30:00+00:00,2025-10-06T14:29:00+00:00,25162.445332542273,25000.0,25241.5,24995.0,25214.25,86715,930,2025-10-05T22:00:00+00:00,2025-10-06T13:29:00+00:00,25143.25,25252.75,25108.5,25184.25,219978,330,2025-10-06T14:30:00+00:00,2025-10-06T19:59:00+00:00,168,320,0.5266457680250783,246.5,105.0,144.25,1.3738095238095238,0.28422876949740034,0.28422876949740034,True,False,False,False,trapped,trapped,False,True,True,True,True,False,True,0.5251299826689775,18,0.05454545454545454
NQ,2025-10-07,25237.0,25264.75,25207.5,25213.25,81052,60,2025-10-07T13:30:00+00:00,2025-10-07T14:29:00+00:00,25238.083522512297,25184.5,25275.0,25122.5,25237.25,75851,930,2025-10-06T22:00:00+00:00,2025-10-07T13:29:00+00:00,25213.75,25231.25,24984.75,25045.25,363254,330,2025-10-07T14:30:00+00:00,2025-10-07T19:59:00+00:00,166,321,0.51875,152.5,57.25,246.5,4.3056768558951966,0.6835699797160243,-0.6835699797160243,True,False,False,False,trapped,trapped,False,False,True,True,False,True,True,0.21607142857142858,0,0.0
NQ,2025-10-08,25079.75,25231.0,25074.0,25216.75,106195,60,2025-10-08T13:30:00+00:00,2025-10-08T14:29:00+00:00,25168.35469576408,25059.75,25111.5,25026.25,25080.0,73311,930,2025-10-07T22:00:00+00:00,2025-10-08T13:29:00+00:00,25216.75,25344.25,25172.75,25330.0,239796,330,2025-10-08T14:30:00+00:00,2025-10-08T19:59:00+00:00,173,320,0.542319749216301,85.25,157.0,171.5,1.0923566878980893,0.6603498542274052,0.6603498542274052,False,True,False,False,broken,broken_up,False,True,False,True,True,False,True,0.9472710453283997,0,0.0
NQ,2025-10-09,25329.0,25334.75,25244.25,25251.75,101171,60,2025-10-09T13:30:00+00:00,2025-10-09T14:29:00+00:00,25282.189603904942,25351.5,25394.0,25294.25,25328.5,72773,930,2025-10-08T22:00:00+00:00,2025-10-09T13:29:00+00:00,25252.25,25295.75,25160.75,25294.5,307422,330,2025-10-09T14:30:00+00:00,2025-10-09T19:59:00+00:00,163,322,0.5077881619937694,99.75,90.5,135.0,1.4917127071823204,0.31296296296296294,0.31296296296296294,False,False,True,False,broken,broken_down,False,False,True,True,False,True,True,0.7686781609195402,10,0.030303030303030304
NQ,2025-10-10,25313.0,25388.0,25293.5,25335.0,104636,60,2025-10-10T13:30:00+00:00,2025-10-10T14:29:00+00:00,25343.147672247927,25287.75,25355.25,25251.0,25313.25,75482,930,2025-10-09T22:00:00+00:00,2025-10-10T13:29:00+00:00,25335.5,25356.75,24384.25,24402.25,689595,330,2025-10-10T14:30:00+00:00,2025-10-10T19:59:00+00:00,166,324,0.5139318885448917,104.25,94.5,972.5,10.291005291005291,0.9596401028277635,-0.9596401028277635,False,True,False,False,broken,broken_up,False,False,True,True,False,True,True,0.01793275217932752,14,0.04242424242424243
NQ,2025-10-13,24824.75,24913.5,24724.5,24824.0,136103,60,2025-10-13T13:30:00+00:00,2025-10-13T14:29:00+00:00,24826.969691459166,24542.0,24945.75,24542.0,24824.75,198656,930,2025-10-12T22:00:00+00:00,2025-10-13T13:29:00+00:00,24825.5,24965.0,24744.0,24920.5,300297,330,2025-10-13T14:30:00+00:00,2025-10-13T19:59:00+00:00,170,326,0.5230769230769231,403.75,189.0,221.0,1.1693121693121693,0.4298642533936652,0.4298642533936652,True,False,False,False,trapped,trapped,False,True,False,True,True,False,True,0.814968814968815,7,0.021212121212121213
NQ,2025-10-14,24638.75,24725.0,24421.0,24720.75,151167,60,2025-10-14T13:30:00+00:00,2025-10-14T14:29:00+00:00,24556.601165157303,24913.75,25044.25,24502.5,24637.75,195388,930,2025-10-13T22:00:00+00:00,2025-10-14T13:29:00+00:00,24721.0,24947.5,24670.25,24757.25,353190,330,2025-10-14T14:30:00+00:00,2025-10-14T19:59:00+00:00,164,324,0.5077399380804953,541.75,304.0,277.25,0.9120065789473685,0.13074842200180342,0.13074842200180342,False,False,True,False,broken,broken_down,False,True,False,True,False,False,False,0.6386514719848053,0,0.0
NQ,2025-10-15,25002.5,25113.25,24897.0,25101.0,121009,60,2025-10-15T13:30:00+00:00,2025-10-15T14:29:00+00:00,25005.9036531718,24754.0,25025.5,24740.5,25001.75,101968,930,2025-10-14T22:00:00+00:00,2025-10-15T13:29:00+00:00,25102.0,25115.0,24663.25,24924.5,380404,330,2025-10-15T14:30:00+00:00,2025-10-15T19:59:00+00:00,172,325,0.5308641975308642,285.0,216.25,451.75,2.089017341040462,0.3929164360819037,-0.3929164360819037,False,True,False,False,broken,broken_up,False,True,True,True,True,True,True,0.5783065855008301,3,0.00909090909090909
NQ,2025-10-16,25045.25,25125.5,25013.75,25081.0,119462,60,2025-10-16T13:30:00+00:00,2025-10-16T14:29:00+00:00,25069.673205008006,24937.0,25099.5,24874.75,25045.5,104148,930,2025-10-15T22:00:00+00:00,2025-10-16T13:29:00+00:00,25081.5,25179.5,24643.5,24830.75,485152,330,2025-10-16T14:30:00+00:00,2025-10-16T19:59:00+00:00,154,328,0.4709480122324159,224.75,111.75,536.0,4.796420581655481,0.46781716417910446,-0.46781716417910446,False,True,False,False,broken,broken_up,False,True,True,True,True,True,True,0.3493470149253731,4,0.012121212121212121
NQ,2025-10-17,24736.25,24960.75,24672.5,24908.75,136462,60,2025-10-17T13:30:00+00:00,2025-10-17T14:29:00+00:00,24815.97988573131,24793.75,24858.5,24410.0,24736.0,220338,930,2025-10-16T22:00:00+00:00,2025-10-17T13:29:00+00:00,24909.0,25055.75,24675.0,24989.0,361076,330,2025-10-17T14:30:00+00:00,2025-10-17T19:59:00+00:00,165,329,0.5030487804878049,448.5,288.25,380.75,1.320901994796184,0.21011162179908077,0.21011162179908077,False,True,False,False,broken,broken_up,False,True,False,True,True,False,True,0.8258317025440313,21,0.06363636363636363
NQ,2025-10-20,25119.0,25283.5,25114.75,25281.75,93388,60,2025-10-20T13:30:00+00:00,2025-10-20T14:29:00+00:00,25218.95157657658,25065.75,25152.5,24955.75,25118.5,99173,930,2025-10-19T22:00:00+00:00,2025-10-20T13:29:00+00:00,25281.75,25354.5,25265.75,25300.25,222399,330,2025-10-20T14:30:00+00:00,2025-10-20T19:59:00+00:00,165,314,0.5271565495207667,196.75,168.75,88.75,0.5259259259259259,0.2084507042253521,0.2084507042253521,False,True,False,False,broken,broken_up,False,True,False,True,True,False,True,0.7737226277372263,0,0.0
NQ,2025-10-21,25300.75,25304.5,25205.25,25221.25,100722,60,2025-10-21T13:30:00+00:00,2025-10-21T14:29:00+00:00,25252.056056108235,25326.75,25368.0,25253.0,25301.0,76258,930,2025-10-20T22:00:00+00:00,2025-10-21T13:29:00+00:00,25220.75,25348.5,25203.25,25291.25,231537,330,2025-10-21T14:30:00+00:00,2025-10-21T19:59:00+00:00,164,322,0.5109034267912772,115.0,99.25,145.25,1.4634760705289673,0.4853700516351119,0.4853700516351119,False,False,True,False,broken,broken_down,False,True,True,True,False,True,True,0.6058519793459552,11,0.03333333333333333
NQ,2025-10-22,25265.5,25289.25,25114.25,25125.25,118644,60,2025-10-22T13:30:00+00:00,2025-10-22T14:29:00+00:00,25223.873165379904,25283.75,25338.25,25206.5,25265.0,81963,930,2025-10-21T22:00:00+00:00,2025-10-22T13:29:00+00:00,25125.25,25192.25,24804.75,25040.5,465393,330,2025-10-22T14:30:00+00:00,2025-10-22T19:59:00+00:00,145,328,0.4434250764525994,131.75,175.0,387.5,2.2142857142857144,0.21870967741935485,-0.21870967741935485,False,False,True,False,broken,broken_down,False,False,True,True,False,True,True,0.48658410732714136,0,0.0
NQ,2025-10-23,25016.25,25179.75,24999.0,25147.25,125203,60,2025-10-23T13:30:00+00:00,2025-10-23T14:29:00+00:00,25111.536532670943,25012.25,25128.0,24937.0,25016.0,107957,930,2025-10-22T22:00:00+00:00,2025-10-23T13:29:00+00:00,25147.0,25288.0,25119.5,25253.0,271900,330,2025-10-23T14:30:00+00:00,2025-10-23T19:59:00+00:00,162,326,0.49846153846153846,191.0,180.75,168.5,0.9322268326417704,0.629080118694362,0.629080118694362,False,True,False,False,broken,broken_up,False,True,False,True,True,False,True,0.8788927335640139,0,0.0
NQ,2025-10-24,25466.5,25548.75,25429.75,25499.75,104205,60,2025-10-24T13:30:00+00:00,2025-10-24T14:29:00+00:00,25501.41742158886,25283.25,25523.25,25276.0,25466.75,97807,930,2025-10-23T22:00:00+00:00,2025-10-24T13:29:00+00:00,25499.25,25570.75,25431.5,25509.5,242110,330,2025-10-24T14:30:00+00:00,2025-10-24T19:59:00+00:00,157,318,0.4952681388012618,247.25,119.0,139.25,1.1701680672268908,0.07360861759425494,0.07360861759425494,False,True,False,False,broken,broken_up,False,True,False,True,True,False,True,0.5656028368794326,10,0.030303030303030304
NQ,2025-10-27,25815.75,25875.75,25796.5,25868.5,91797,60,2025-10-27T13:30:00+00:00,2025-10-27T14:29:00+00:00,25841.213811453534,25723.5,25852.5,25700.0,25815.75,90943,930,2025-10-26T22:00:00+00:00,2025-10-27T13:29:00+00:00,25868.5,25981.25,25851.25,25961.0,217679,330,2025-10-27T14:30:00+00:00,2025-10-27T19:59:00+00:00,174,319,0.5471698113207547,152.5,79.25,130.0,1.640378548895899,0.7115384615384616,0.7115384615384616,False,True,False,False,broken,broken_up,False,True,False,True,True,False,True,0.8903924221921515,0,0.0
NQ,2025-10-28,26051.5,26094.75,26029.5,26045.75,78807,60,2025-10-28T13:30:00+00:00,2025-10-28T14:29:00+00:00,26061.81172357786,26002.5,26063.5,25943.0,26051.75,77941,930,2025-10-27T22:00:00+00:00,2025-10-28T13:29:00+00:00,26045.5,26231.5,26006.0,26160.0,265092,330,2025-10-28T14:30:00+00:00,2025-10-28T19:59:00+00:00,158,317,0.5,120.5,65.25,225.5,3.4559386973180075,0.5077605321507761,0.5077605321507761,False,True,False,False,broken,broken_up,False,True,True,True,True,False,True,0.6829268292682927,1,0.0030303030303030303
NQ,2025-10-29,26266.0,26326.5,26254.75,26298.0,92853,60,2025-10-29T13:30:00+00:00,2025-10-29T14:29:00+00:00,26284.763444189568,26179.75,26309.75,26164.5,26265.75,88351,930,2025-10-28T22:00:00+00:00,2025-10-29T13:29:00+00:00,26298.25,26308.5,26049.25,26281.25,326976,330,2025-10-29T14:30:00+00:00,2025-10-29T19:59:00+00:00,158,323,0.4906832298136646,145.25,71.75,259.25,3.6132404181184667,0.06557377049180328,-0.06557377049180328,False,True,False,False,broken,broken_up,False,False,True,True,False,True,True,0.8367899008115419,6,0.01818181818181818
NQ,2025-10-30,26125.25,26182.5,25942.25,26020.25,147805,60,2025-10-30T13:30:00+00:00,2025-10-30T14:29:00+00:00,26056.785595322664,26154.5,26399.0,26079.5,26124.75,157882,930,2025-10-29T22:00:00+00:00,2025-10-30T13:29:00+00:00,26019.5,26098.75,25869.0,25872.0,305350,330,2025-10-30T14:30:00+00:00,2025-10-30T19:59:00+00:00,159,327,0.48773006134969327,319.5,240.25,229.75,0.9562955254942768,0.6420021762785637,-0.6420021762785637,False,False,True,False,broken,broken_down,False,False,True,True,False,True,True,0.009569377990430622,52,0.15757575757575756
NQ,2025-10-31,26199.25,26199.5,26060.0,26106.5,111792,60,2025-10-31T13:30:00+00:00,2025-10-31T14:29:00+00:00,26117.05832856256,26150.5,26274.0,26127.25,26198.75,93924,930,2025-10-30T22:00:00+00:00,2025-10-31T13:29:00+00:00,26106.25,26182.75,25888.75,25992.75,364167,330,2025-10-31T14:30:00+00:00,2025-10-31T19:59:00+00:00,179,326,0.5507692307692308,146.75,139.5,294.0,2.10752688172043,0.38605442176870747,-0.38605442176870747,False,False,True,False,broken,broken_down,False,False,True,True,False,True,True,0.33467417538214,8,0.024242424242424242
NQ,2025-11-03,26235.75,26266.0,26033.0,26044.25,107245,60,2025-11-03T14:30:00+00:00,2025-11-03T15:29:00+00:00,26147.269387073215,26028.25,26259.75,26012.75,26235.5,96184,930,2025-11-02T23:00:00+00:00,2025-11-03T14:29:00+00:00,26044.0,26166.25,26015.5,26110.25,248283,330,2025-11-03T15:30:00+00:00,2025-11-03T20:59:00+00:00,161,328,0.4923547400611621,247.0,233.0,150.75,0.6469957081545065,0.439469320066335,0.439469320066335,False,True,False,False,broken,broken_up,False,False,True,True,False,False,False,0.3782435129740519,37,0.11212121212121212
NQ,2025-11-04,25742.0,25893.5,25663.0,25864.0,127055,60,2025-11-04T14:30:00+00:00,2025-11-04T15:29:00+00:00,25792.8586268414,26104.5,26104.5,25645.0,25740.75,161945,930,2025-11-03T23:00:00+00:00,2025-11-04T14:29:00+00:00,25864.0,25890.25,25544.0,25578.0,348430,330,2025-11-04T15:30:00+00:00,2025-11-04T20:59:00+00:00,165,326,0.5076923076923077,459.5,230.5,346.25,1.502169197396963,0.8259927797833935,-0.8259927797833935,True,False,False,False,trapped,trapped,True,False,True,True,False,True,True,0.09728183118741059,11,0.03333333333333333
NQ,2025-11-05,25542.25,25718.5,25488.0,25688.25,129909,60,2025-11-05T14:30:00+00:00,2025-11-05T15:29:00+00:00,25619.29634975252,25545.0,25596.0,25282.0,25541.75,180709,930,2025-11-04T23:00:00+00:00,2025-11-05T14:29:00+00:00,25688.75,25880.0,25658.25,25741.0,275351,330,2025-11-05T15:30:00+00:00,2025-11-05T20:59:00+00:00,161,323,0.5,314.0,230.5,221.75,0.9620390455531453,0.23562570462232243,0.23562570462232243,False,True,False,False,broken,broken_up,False,True,False,True,True,False,True,0.6454081632653061,0,0.0
NQ,2025-11-06,25674.0,25685.75,25404.5,25506.0,163663,60,2025-11-06T14:30:00+00:00,2025-11-06T15:29:00+00:00,25542.27553875952,25738.5,25822.25,25617.25,25673.5,119941,930,2025-11-05T23:00:00+00:00,2025-11-06T14:29:00+00:00,25506.25,25513.75,25197.75,25258.25,441324,330,2025-11-06T15:30:00+00:00,2025-11-06T20:59:00+00:00,180,329,0.5487804878048781,205.0,281.25,316.0,1.1235555555555556,0.7848101265822784,-0.7848101265822784,False,False,True,False,broken,broken_down,False,False,True,True,False,True,True,0.12397540983606557,0,0.0
NQ,2025-11-07,25110.5,25111.0,24882.0,24969.25,159963,60,2025-11-07T14:30:00+00:00,2025-11-07T15:29:00+00:00,24986.762999360268,25314.75,25354.75,25061.75,25110.0,161957,930,2025-11-06T23:00:00+00:00,2025-11-07T14:29:00+00:00,24969.0,25173.0,24709.25,25164.25,410632,330,2025-11-07T15:30:00+00:00,2025-11-07T20:59:00+00:00,158,324,0.4891640866873065,293.0,229.0,463.75,2.0251091703056767,0.4210242587601078,0.4210242587601078,False,False,True,False,broken,broken_down,False,True,True,True,False,True,True,0.9811320754716981,2,0.006060606060606061
NQ,2025-11-10,25538.75,25666.5,25525.25,25642.75,115577,60,2025-11-10T14:30:00+00:00,2025-11-10T15:29:00+00:00,25617.11855876746,25320.75,25569.5,25269.0,25538.0,122234,930,2025-11-09T23:00:00+00:00,2025-11-10T14:29:00+00:00,25643.0,25760.5,25452.0,25713.0,353105,330,2025-11-10T15:30:00+00:00,2025-11-10T20:59:00+00:00,165,324,0.5108359133126935,300.5,141.25,308.5,2.184070796460177,0.22690437601296595,0.22690437601296595,False,True,False,False,broken,broken_up,False,True,True,True,True,False,True,0.8460291734197731,7,0.021212121212121213
NQ,2025-11-11,25605.0,25646.0,25532.75,25546.5,107467,60,2025-11-11T14:30:00+00:00,2025-11-11T15:29:00+00:00,25591.09413742513,25722.25,25768.75,25571.75,25604.75,99265,930,2025-11-10T23:00:00+00:00,2025-11-11T14:29:00+00:00,25546.5,25696.25,25478.5,25647.0,302595,330,2025-11-11T15:30:00+00:00,2025-11-11T20:59:00+00:00,165,325,0.5092592592592593,197.0,113.25,217.75,1.9227373068432672,0.46153846153846156,0.46153846153846156,False,False,True,False,broken,broken_down,False,True,True,True,False,True,True,0.7738231917336394,9,0.02727272727272727
NQ,2025-11-12,25778.5,25780.75,25561.5,25613.25,136481,60,2025-11-12T14:30:00+00:00,2025-11-12T15:29:00+00:00,25632.911454097393,25668.0,25830.0,25629.5,25777.75,93445,930,2025-11-11T23:00:00+00:00,2025-11-12T14:29:00+00:00,25613.5,25651.5,25488.75,25625.25,353664,330,2025-11-12T15:30:00+00:00,2025-11-12T20:59:00+00:00,153,325,0.4722222222222222,200.5,219.25,162.75,0.74230330672748,0.07219662058371736,0.07219662058371736,False,False,True,False,broken,broken_down,False,False,True,True,False,True,True,0.4674657534246575,9,0.02727272727272727
NQ,2025-11-13,25477.25,25502.0,25280.25,25384.0,153365,60,2025-11-13T14:30:00+00:00,2025-11-13T15:29:00+00:00,25392.26443234549,25624.0,25721.5,25435.0,25477.75,137542,930,2025-11-12T23:00:00+00:00,2025-11-13T14:29:00+00:00,25384.0,25386.25,25002.5,25100.0,450023,330,2025-11-13T15:30:00+00:00,2025-11-13T20:59:00+00:00,177,327,0.5429447852760736,286.5,221.75,383.75,1.7305524239007892,0.7400651465798046,-0.7400651465798046,False,False,True,False,broken,broken_down,False,False,True,True,False,True,True,0.19519519519519518,0,0.0
NQ,2025-11-14,24723.5,25028.5,24626.0,25009.5,196124,60,2025-11-14T14:30:00+00:00,2025-11-14T15:29:00+00:00,24868.75558065306,25095.25,25159.75,24657.0,24723.25,200773,930,2025-11-13T23:00:00+00:00,2025-11-14T14:29:00+00:00,25010.25,25293.25,24977.25,25105.25,427482,330,2025-11-14T15:30:00+00:00,2025-11-14T20:59:00+00:00,153,326,0.4707692307692308,502.75,402.5,316.0,0.7850931677018633,0.30063291139240506,0.30063291139240506,False,False,True,False,broken,broken_down,False,True,False,True,True,False,True,0.7182465342825028,0,0.0
NQ,2025-11-17,24997.75,25254.0,24955.0,25137.25,142375,60,2025-11-17T14:30:00+00:00,2025-11-17T15:29:00+00:00,25131.484314896104,25142.25,25361.25,24988.75,24997.75,141564,930,2025-11-16T23:00:00+00:00,2025-11-17T14:29:00+00:00,25137.0,25201.0,24731.75,24888.25,427093,330,2025-11-17T15:30:00+00:00,2025-11-17T20:59:00+00:00,171,329,0.5213414634146342,372.5,299.0,469.25,1.5693979933110367,0.5301012253596165,-0.5301012253596165,False,False,True,False,broken,broken_down,False,False,True,True,False,True,True,0.2996649114408808,16,0.048484848484848485
NQ,2025-11-18,24718.25,24832.0,24430.0,24545.75,203803,60,2025-11-18T14:30:00+00:00,2025-11-18T15:29:00+00:00,24603.96796784149,24905.5,24959.5,24603.75,24717.0,181288,930,2025-11-17T23:00:00+00:00,2025-11-18T14:29:00+00:00,24546.0,24810.25,24376.25,24585.0,450321,330,2025-11-18T15:30:00+00:00,2025-11-18T20:59:00+00:00,150,325,0.46296296296296297,355.75,402.0,434.0,1.0796019900497513,0.08986175115207373,0.08986175115207373,False,False,True,False,broken,broken_down,False,False,True,True,False,True,True,0.458036204059243,14,0.04242424242424243
NQ,2025-11-19,24611.5,24988.0,24572.5,24954.75,149133,60,2025-11-19T14:30:00+00:00,2025-11-19T15:29:00+00:00,24818.285758349924,24551.0,24733.25,24445.0,24610.75,133917,930,2025-11-18T23:00:00+00:00,2025-11-19T14:29:00+00:00,24954.5,24969.75,24507.0,24725.0,427771,330,2025-11-19T15:30:00+00:00,2025-11-19T20:59:00+00:00,147,324,0.4551083591331269,288.25,415.5,462.75,1.1137184115523466,0.4959481361426256,-0.4959481361426256,False,True,False,False,broken,broken_up,False,False,True,True,False,False,False,0.45322245322245325,6,0.01818181818181818
NQ,2025-11-20,25211.5,25299.75,25146.0,25258.25,135202,60,2025-11-20T14:30:00+00:00,2025-11-20T15:29:00+00:00,25221.098439125653,24966.75,25264.75,24955.25,25210.75,150576,930,2025-11-19T23:00:00+00:00,2025-11-20T14:29:00+00:00,25258.5,25310.0,24098.0,24138.25,662714,330,2025-11-20T15:30:00+00:00,2025-11-20T20:59:00+00:00,182,327,0.558282208588957,309.5,153.75,1212.0,7.882926829268293,0.9242986798679867,-0.9242986798679867,False,True,False,False,broken,broken_up,False,True,True,True,True,True,True,0.03320957095709571,4,0.012121212121212121
NQ,2025-11-21,24203.5,24298.0,24027.25,24045.75,176901,60,2025-11-21T14:30:00+00:00,2025-11-21T15:29:00+00:00,24167.622674546783,24110.0,24292.0,23904.5,24203.0,256981,930,2025-11-20T23:00:00+00:00,2025-11-21T14:29:00+00:00,24045.25,24596.25,23927.25,24313.75,449051,330,2025-11-21T15:30:00+00:00,2025-11-21T20:59:00+00:00,152,329,0.4634146341463415,387.5,270.75,669.0,2.4709141274238227,0.4013452914798206,0.4013452914798206,False,True,False,False,broken,broken_up,False,True,True,True,True,False,True,0.577727952167414,6,0.01818181818181818
NQ,2025-11-24,24522.25,24769.75,24516.75,24739.25,131767,60,2025-11-24T14:30:00+00:00,2025-11-24T15:29:00+00:00,24675.61686980301,24455.75,24574.5,24361.75,24522.75,130642,930,2025-11-23T23:00:00+00:00,2025-11-24T14:29:00+00:00,24737.75,24993.5,24710.75,24935.25,308604,330,2025-11-24T15:30:00+00:00,2025-11-24T20:59:00+00:00,185,323,0.5745341614906833,212.75,253.0,282.75,1.1175889328063242,0.6984969053934571,0.6984969053934571,False,True,False,False,broken,broken_up,False,True,False,True,True,False,True,0.8778185631882538,0,0.0
NQ,2025-11-25,24857.25,24879.5,24602.0,24781.25,178463,60,2025-11-25T14:30:00+00:00,2025-11-25T15:29:00+00:00,24748.499872989545,24966.25,24986.5,24822.0,24856.75,117717,930,2025-11-24T23:00:00+00:00,2025-11-25T14:29:00+00:00,24780.5,25135.25,24761.25,25080.0,307803,330,2025-11-25T15:30:00+00:00,2025-11-25T20:59:00+00:00,156,327,0.4785276073619632,164.5,277.5,374.0,1.3477477477477477,0.8008021390374331,0.8008021390374331,False,False,True,False,broken,broken_down,False,True,False,True,True,False,True,0.896390060947023,0,0.0
NQ,2025-11-26,25222.25,25280.25,25133.75,25191.0,122107,60,2025-11-26T14:30:00+00:00,2025-11-26T15:29:00+00:00,25206.90828876859,25071.25,25235.75,25061.25,25222.0,101869,930,2025-11-25T23:00:00+00:00,2025-11-26T14:29:00+00:00,25191.25,25376.0,25191.25,25296.5,275455,330,2025-11-26T15:30:00+00:00,2025-11-26T20:59:00+00:00,147,326,0.4523076923076923,174.5,146.5,184.75,1.2610921501706485,0.5696887686062246,0.5696887686062246,False,True,False,False,broken,broken_up,False,True,False,True,True,False,True,0.6718266253869969,4,0.012121212121212121
NQ,2025-11-27,25301.5,25317.75,25287.0,25303.5,6805,60,2025-11-27T14:30:00+00:00,2025-11-27T15:29:00+00:00,25300.713323536616,25313.0,25339.25,25290.25,25301.5,31703,930,2025-11-26T23:00:00+00:00,2025-11-27T14:29:00+00:00,25303.75,25304.5,25285.75,25301.75,8258,150,2025-11-27T15:30:00+00:00,2025-11-27T17:59:00+00:00,81,138,0.5912408759124088,49.0,30.75,18.75,0.6097560975609756,0.10666666666666667,-0.10666666666666667,False,False,True,False,broken,broken_down,False,False,True,True,False,True,True,0.5,50,0.3333333333333333
NQ,2025-11-28,25358.0,25422.0,25331.0,25369.5,31792,60,2025-11-28T14:30:00+00:00,2025-11-28T15:29:00+00:00,25376.917867178323,25302.25,25399.0,25301.75,25359.0,13702,283,2025-11-27T23:00:00+00:00,2025-11-28T14:29:00+00:00,25368.5,25499.75,25359.5,25484.5,104037,165,2025-11-28T15:30:00+00:00,2025-11-28T18:14:00+00:00,82,162,0.5093167701863354,97.25,91.0,140.25,1.5412087912087913,0.8270944741532977,0.8270944741532977,False,True,False,False,broken,broken_up,False,True,False,True,True,False,True,0.9096296296296297,7,0.04242424242424243
NQ,2025-12-01,25255.0,25389.0,25209.25,25323.75,120542,60,2025-12-01T14:30:00+00:00,2025-12-01T15:29:00+00:00,25317.274908330706,25482.5,25546.0,25193.25,25254.25,138644,930,2025-11-30T23:00:00+00:00,2025-12-01T14:29:00+00:00,25324.25,25495.75,25267.5,25402.25,295443,330,2025-12-01T15:30:00+00:00,2025-12-01T20:59:00+00:00,160,324,0.4953560371517028,352.75,179.75,228.25,1.2698191933240612,0.3417305585980285,0.3417305585980285,True,False,False,False,trapped,trapped,True,True,False,True,False,False,False,0.6736474694589878,7,0.021212121212121213
NQ,2025-12-02,25492.75,25654.75,25471.25,25573.25,118496,60,2025-12-02T14:30:00+00:00,2025-12-02T15:29:00+00:00,25590.180710741286,25411.5,25522.75,25324.75,25492.25,85358,930,2025-12-01T23:00:00+00:00,2025-12-02T14:29:00+00:00,25573.25,25670.0,25414.5,25600.5,339357,330,2025-12-02T15:30:00+00:00,2025-12-02T20:59:00+00:00,166,322,0.5171339563862928,198.0,183.5,255.5,1.3923705722070845,0.10665362035225048,0.10665362035225048,False,True,False,False,broken,broken_up,False,True,True,True,True,False,True,0.7279843444227005,23,0.0696969696969697
NQ,2025-12-03,25495.25,25574.5,25430.0,25528.5,112207,60,2025-12-03T14:30:00+00:00,2025-12-03T15:29:00+00:00,25508.521559112476,25611.0,25678.25,25421.5,25495.0,109432,930,2025-12-02T23:00:00+00:00,2025-12-03T14:29:00+00:00,25527.25,25685.25,25500.5,25657.5,251749,330,2025-12-03T15:30:00+00:00,2025-12-03T20:59:00+00:00,152,322,0.4735202492211838,256.75,144.5,184.75,1.278546712802768,0.7050067658998647,0.7050067658998647,True,False,False,False,trapped,trapped,True,True,False,True,True,False,True,0.89128305582762,1,0.0030303030303030303
NQ,2025-12-04,25712.0,25713.0,25520.5,25591.0,114095,60,2025-12-04T14:30:00+00:00,2025-12-04T15:29:00+00:00,25591.189888543173,25650.25,25732.5,25603.25,25711.75,74943,930,2025-12-03T23:00:00+00:00,2025-12-04T14:29:00+00:00,25590.5,25653.25,25488.75,25628.0,302430,330,2025-12-04T15:30:00+00:00,2025-12-04T20:59:00+00:00,157,323,0.48757763975155277,129.25,192.5,164.5,0.8545454545454545,0.22796352583586627,0.22796352583586627,False,False,True,False,broken,broken_down,False,False,True,True,False,True,True,0.620958751393534,51,0.15454545454545454
NQ,2025-12-05,25680.0,25868.0,25673.5,25837.5,107058,60,2025-12-05T14:30:00+00:00,2025-12-05T15:29:00+00:00,25780.564504754428,25629.75,25755.75,25579.75,25680.25,78982,930,2025-12-04T23:00:00+00:00,2025-12-05T14:29:00+00:00,25836.75,25861.25,25651.25,25725.75,290580,330,2025-12-05T15:30:00+00:00,2025-12-05T20:59:00+00:00,160,325,0.49382716049382713,176.0,194.5,210.0,1.0796915167095116,0.5285714285714286,-0.5285714285714286,False,True,False,False,broken,broken_up,False,False,True,True,False,False,False,0.34371395617070355,3,0.00909090909090909
NQ,2025-12-08,25791.0,25860.75,25657.0,25700.5,101863,60,2025-12-08T14:30:00+00:00,2025-12-08T15:29:00+00:00,25767.902088262334,25750.0,25833.0,25700.25,25791.75,67970,930,2025-12-07T23:00:00+00:00,2025-12-08T14:29:00+00:00,25700.25,25723.75,25564.75,25668.75,274109,330,2025-12-08T15:30:00+00:00,2025-12-08T20:59:00+00:00,176,326,0.5415384615384615,132.75,203.75,159.0,0.7803680981595092,0.19811320754716982,-0.19811320754716982,False,True,True,True,broken,broken_both,False,False,True,True,False,True,True,0.35135135135135137,0,0.0
NQ,2025-12-09,25618.5,25670.0,25560.0,25656.75,91214,60,2025-12-09T14:30:00+00:00,2025-12-09T15:29:00+00:00,25620.975759386354,25713.0,25729.5,25588.5,25618.0,72366,930,2025-12-08T23:00:00+00:00,2025-12-09T14:29:00+00:00,25656.75,25735.75,25635.5,25703.0,227098,330,2025-12-09T15:30:00+00:00,2025-12-09T20:59:00+00:00,173,321,0.540625,141.0,110.0,100.25,0.9113636363636364,0.4613466334164589,0.4613466334164589,False,False,True,False,broken,broken_down,False,True,False,True,True,False,True,0.813655761024182,0,0.0
NQ,2025-12-10,25647.25,25672.25,25567.0,25635.75,92337,60,2025-12-10T14:30:00+00:00,2025-12-10T15:29:00+00:00,25627.875886697635,25680.0,25745.75,25616.0,25647.25,70910,930,2025-12-09T23:00:00+00:00,2025-12-10T14:29:00+00:00,25635.5,25870.75,25528.75,25800.0,357897,330,2025-12-10T15:30:00+00:00,2025-12-10T20:59:00+00:00,157,323,0.48757763975155277,129.75,105.25,342.0,3.2494061757719717,0.48099415204678364,0.48099415204678364,False,False,True,False,broken,broken_down,False,True,True,True,True,True,True,0.7931286549707602,38,0.11515151515151516
NQ,2025-12-11,25643.5,25650.25,25390.25,25599.0,166628,60,2025-12-11T14:30:00+00:00,2025-12-11T15:29:00+00:00,25530.27624708933,25769.5,25796.0,25383.0,25642.75,120851,930,2025-12-10T23:00:00+00:00,2025-12-11T14:29:00+00:00,25599.5,25722.75,25455.5,25714.75,301781,330,2025-12-11T15:30:00+00:00,2025-12-11T20:59:00+00:00,153,327,0.46932515337423314,413.0,260.0,267.25,1.0278846153846153,0.431244153414406,0.431244153414406,True,False,False,False,trapped,trapped,True,True,False,True,False,False,False,0.9759398496240601,25,0.07575757575757576
NQ,2025-12-12,25560.25,25619.5,25315.0,25320.25,154543,60,2025-12-12T14:30:00+00:00,2025-12-12T15:29:00+00:00,25495.324938150978,25701.0,25733.25,25532.5,25559.5,82104,930,2025-12-11T23:00:00+00:00,2025-12-12T14:29:00+00:00,25319.5,25402.0,25118.0,25209.5,433768,330,2025-12-12T15:30:00+00:00,2025-12-12T20:59:00+00:00,154,325,0.47530864197530864,200.75,304.5,284.0,0.9326765188834154,0.3873239436619718,-0.3873239436619718,False,False,True,False,broken,broken_down,False,False,True,True,False,True,True,0.18245264207377868,0,0.0
NQ,2025-12-15,25666.75,25668.0,25285.75,25320.0,83765,60,2025-12-15T14:30:00+00:00,2025-12-15T15:29:00+00:00,25482.526922541238,25223.5,25666.75,25132.5,25666.75,48458,930,2025-12-14T23:00:00+00:00,2025-12-15T14:29:00+00:00,25321.25,25517.0,25307.0,25335.0,166517,330,2025-12-15T15:30:00+00:00,2025-12-15T20:59:00+00:00,183,328,0.5596330275229358,534.25,382.25,210.0,0.5493786788750817,0.06547619047619048,0.06547619047619048,False,True,False,False,broken,broken_up,False,False,False,False,False,False,False,0.12884238064094178,7,0.021212121212121213
NQ,2025-12-16,25232.0,25409.0,25178.75,25241.0,116037,60,2025-12-16T14:30:00+00:00,2025-12-16T15:29:00+00:00,25302.76682006601,25345.75,25386.5,25073.25,25232.0,105149,930,2025-12-15T23:00:00+00:00,2025-12-16T14:29:00+00:00,25241.75,25444.0,25171.75,25372.25,307111,330,2025-12-16T15:30:00+00:00,2025-12-16T20:59:00+00:00,153,328,0.46788990825688076,313.25,230.25,272.25,1.1824104234527688,0.4793388429752066,0.4793388429752066,False,True,False,False,broken,broken_up,False,True,True,True,True,False,True,0.736455463728191,31,0.09393939393939393
NQ,2025-12-17,25422.5,25447.75,25245.5,25318.5,132972,60,2025-12-17T14:30:00+00:00,2025-12-17T15:29:00+00:00,25324.622648001085,25332.0,25508.5,25264.5,25422.0,94962,930,2025-12-16T23:00:00+00:00,2025-12-17T14:29:00+00:00,25317.75,25331.5,24887.75,24892.25,377008,330,2025-12-17T15:30:00+00:00,2025-12-17T20:59:00+00:00,175,327,0.5368098159509203,244.0,202.25,443.75,2.1940667490729298,0.9588732394366197,-0.9588732394366197,False,False,True,False,broken,broken_down,False,False,True,True,False,True,True,0.008035714285714285,1,0.0030303030303030303
NQ,2025-12-18,25278.75,25337.75,25161.25,25323.5,148206,60,2025-12-18T14:30:00+00:00,2025-12-18T15:29:00+00:00,25245.36391295449,24983.5,25285.0,24901.25,25279.5,114310,930,2025-12-17T23:00:00+00:00,2025-12-18T14:29:00+00:00,25323.5,25412.5,25184.5,25251.75,382180,330,2025-12-18T15:30:00+00:00,2025-12-18T20:59:00+00:00,163,326,0.5015384615384615,383.75,176.5,228.0,1.291784702549575,0.31469298245614036,-0.31469298245614036,False,True,False,False,broken,broken_up,False,True,False,True,True,False,True,0.36019900497512436,24,0.07272727272727272
NQ,2025-12-19,25361.25,25600.25,25357.0,25508.75,134080,60,2025-12-19T14:30:00+00:00,2025-12-19T15:29:00+00:00,25501.03827192721,25240.0,25393.5,25209.75,25362.0,98411,930,2025-12-18T23:00:00+00:00,2025-12-19T14:29:00+00:00,25509.0,25597.5,25460.0,25580.75,235773,330,2025-12-19T15:30:00+00:00,2025-12-19T20:59:00+00:00,180,323,0.5590062111801242,183.75,243.25,137.5,0.5652620760534429,0.5218181818181818,0.5218181818181818,False,True,False,False,broken,broken_up,False,False,False,False,False,False,False,0.9198355601233299,14,0.04242424242424243
NQ,2025-12-22,25780.75,25794.75,25672.25,25687.75,102879,60,2025-12-22T14:30:00+00:00,2025-12-22T15:29:00+00:00,25716.595445458577,25635.25,25785.25,25632.25,25780.5,63207,930,2025-12-21T23:00:00+00:00,2025-12-22T14:29:00+00:00,25688.5,25727.25,25628.0,25688.25,186915,330,2025-12-22T15:30:00+00:00,2025-12-22T20:59:00+00:00,174,318,0.5488958990536278,153.0,122.5,99.25,0.810204081632653,0.0025188916876574307,-0.0025188916876574307,False,True,False,False,broken,broken_up,False,False,True,True,False,True,True,0.3613193403298351,16,0.048484848484848485
NQ,2025-12-23,25644.25,25751.25,25628.25,25673.25,97050,60,2025-12-23T14:30:00+00:00,2025-12-23T15:29:00+00:00,25690.962182723677,25701.0,25738.75,25608.25,25644.75,57460,930,2025-12-22T23:00:00+00:00,2025-12-23T14:29:00+00:00,25673.25,25820.5,25671.75,25811.25,165872,330,2025-12-23T15:30:00+00:00,2025-12-23T20:59:00+00:00,180,316,0.5714285714285714,130.5,123.0,148.75,1.2093495934959348,0.9277310924369748,0.9277310924369748,False,True,False,False,broken,broken_up,False,True,False,True,True,False,True,0.951885565669701,6,0.01818181818181818
NQ,2025-12-24,25795.0,25840.75,25784.0,25815.5,50686,60,2025-12-24T14:30:00+00:00,2025-12-24T15:29:00+00:00,25810.234088308407,25815.75,25831.75,25777.5,25795.75,32289,927,2025-12-23T23:00:00+00:00,2025-12-24T14:29:00+00:00,25816.0,25892.0,25808.75,25864.75,76869,165,2025-12-24T15:30:00+00:00,2025-12-24T18:14:00+00:00,69,161,0.43125,54.25,56.75,83.25,1.4669603524229076,0.5855855855855856,0.5855855855855856,False,True,False,False,broken,broken_up,False,True,False,True,True,False,True,0.7476851851851852,1,0.006060606060606061
NQ,2025-12-26,25899.0,25935.25,25834.25,25883.5,65551,60,2025-12-26T14:30:00+00:00,2025-12-26T15:29:00+00:00,25882.94667892176,25868.0,25923.25,25843.25,25899.5,34043,927,2025-12-25T23:00:00+00:00,2025-12-26T14:29:00+00:00,25883.5,25912.0,25847.75,25866.75,128070,330,2025-12-26T15:30:00+00:00,2025-12-26T20:59:00+00:00,163,320,0.5109717868338558,80.0,101.0,64.25,0.6361386138613861,0.2607003891050584,-0.2607003891050584,False,True,True,True,broken,broken_both,False,False,False,False,False,False,False,0.3217821782178218,52,0.15757575757575756
NQ,2025-12-29,25706.75,25819.0,25661.75,25745.0,87446,60,2025-12-29T14:30:00+00:00,2025-12-29T15:29:00+00:00,25733.507830546852,25863.25,25893.75,25656.75,25707.0,70611,930,2025-12-28T23:00:00+00:00,2025-12-29T14:29:00+00:00,25745.25,25774.25,25648.0,25741.0,176494,330,2025-12-29T15:30:00+00:00,2025-12-29T20:59:00+00:00,167,320,0.5235109717868338,237.0,157.25,126.25,0.8028616852146264,0.033663366336633666,-0.033663366336633666,True,False,False,False,trapped,trapped,True,False,True,True,False,True,True,0.543859649122807,7,0.021212121212121213
NQ,2025-12-30,25692.75,25774.75,25674.25,25697.5,79980,60,2025-12-30T14:30:00+00:00,2025-12-30T15:29:00+00:00,25717.719338167877,25740.0,25755.0,25684.75,25693.0,46294,930,2025-12-29T23:00:00+00:00,2025-12-30T14:29:00+00:00,25697.0,25793.75,25668.25,25678.0,161590,330,2025-12-30T15:30:00+00:00,2025-12-30T20:59:00+00:00,144,314,0.46006389776357826,70.25,100.5,125.5,1.2487562189054726,0.15139442231075698,-0.15139442231075698,False,True,True,True,broken,broken_both,False,True,True,True,True,True,True,0.07768924302788845,33,0.1
NQ,2025-12-31,25678.75,25692.0,25568.0,25602.5,69477,60,2025-12-31T14:30:00+00:00,2025-12-31T15:29:00+00:00,25617.849173107646,25683.25,25716.75,25552.5,25678.5,59395,930,2025-12-30T23:00:00+00:00,2025-12-31T14:29:00+00:00,25602.25,25634.5,25444.5,25455.25,174060,330,2025-12-31T15:30:00+00:00,2025-12-31T20:59:00+00:00,166,324,0.5139318885448917,164.25,124.0,190.0,1.532258064516129,0.7736842105263158,-0.7736842105263158,True,False,False,False,trapped,trapped,False,False,True,True,False,True,True,0.043434343434343436,12,0.03636363636363636
