root,session_date,morning_first_timestamp,morning_last_timestamp,morning_open,morning_high,morning_low,morning_close,morning_volume,morning_pv,morning_bar_count,morning_vwap,lunch_first_timestamp,lunch_last_timestamp,lunch_open,lunch_high,lunch_low,lunch_close,lunch_volume,lunch_pv,lunch_bar_count,lunch_vwap,cohort,morning_range,morning_reference_median_20,morning_range_ratio,morning_state,morning_range_ratio_bin,lunch_range,lunch_range_div_morning_range,lunch_range_contraction,lunch_trendiness,lunch_signed_trendiness,morning_signed_direction,lunch_signed_direction,trend_continuation_failure,new_high_or_low_during_lunch,close_location_within_lunch_range,vwap_cross,vwap_touch_after_morning_extension,year,month,week
MNQ,2023-01-03,2023-01-03 14:30:00+00:00,2023-01-03 16:29:00+00:00,11119.5,11181.75,10891.0,10914.5,374931,4128302197.75,120,11010.831853727752,2023-01-03 16:30:00+00:00,2023-01-03 18:59:00+00:00,10914.5,10920.0,10844.25,10914.75,166951,1816622991.6666667,150,10881.174666019771,primary_2023_2025,290.75,,,unclassified,,75.75,0.26053310404127256,True,0.0033003300330033004,0.0033003300330033004,-1,1,True,True,0.9306930693069307,False,False,2023,2023-01,2023-W01
MNQ,2023-01-04,2023-01-04 14:30:00+00:00,2023-01-04 16:29:00+00:00,11033.75,11046.75,10863.25,10992.5,443889,4863505354.833333,120,10956.580034272833,2023-01-04 16:30:00+00:00,2023-01-04 18:59:00+00:00,10992.5,11068.0,10976.25,11001.25,191628,2114472041.75,150,11034.254084737095,primary_2023_2025,183.5,,,unclassified,,91.75,0.5,False,0.09536784741144415,0.09536784741144415,-1,1,True,True,0.2724795640326976,False,False,2023,2023-01,2023-W01
MNQ,2023-01-05,2023-01-05 14:30:00+00:00,2023-01-05 16:29:00+00:00,10922.25,10927.25,10814.75,10848.25,382020,4149885576.3333335,120,10863.00606338237,2023-01-05 16:30:00+00:00,2023-01-05 18:59:00+00:00,10848.0,10913.75,10820.5,10872.5,218909,2378596108.3333335,150,10865.684409198953,primary_2023_2025,112.5,,,unclassified,,93.25,0.8288888888888889,False,0.26273458445040215,0.26273458445040215,-1,1,True,False,0.5576407506702413,True,True,2023,2023-01,2023-W01
MNQ,2023-01-06,2023-01-06 14:30:00+00:00,2023-01-06 16:29:00+00:00,10890.5,11022.25,10766.5,10986.5,513370,5597155410.666667,120,10902.770731960705,2023-01-06 16:30:00+00:00,2023-01-06 18:59:00+00:00,10986.5,11075.5,10970.5,11072.0,182402,2011285827.3333333,150,11026.665427645165,primary_2023_2025,255.75,,,unclassified,,105.0,0.41055718475073316,True,0.8142857142857143,0.8142857142857143,1,1,False,True,0.9666666666666667,False,False,2023,2023-01,2023-W01
MNQ,2023-01-09,2023-01-09 14:30:00+00:00,2023-01-09 16:29:00+00:00,11199.5,11385.5,11194.5,11373.5,361620,4084461137.9166665,120,11294.898340569289,2023-01-09 16:30:00+00:00,2023-01-09 18:59:00+00:00,11374.0,11381.25,11260.5,11282.5,221413,2510396564.5833335,150,11338.072130287443,primary_2023_2025,191.0,,,unclassified,,120.75,0.6321989528795812,False,0.7577639751552795,-0.7577639751552795,1,-1,True,False,0.18219461697722567,True,True,2023,2023-01,2023-W02
MNQ,2023-01-10,2023-01-10 14:30:00+00:00,2023-01-10 16:29:00+00:00,11143.0,11283.25,11120.75,11194.75,502529,5628118978.25,120,11199.590428114596,2023-01-10 16:30:00+00:00,2023-01-10 18:59:00+00:00,11194.5,11248.75,11156.75,11244.75,213287,2390069114.0,150,11205.882749534665,primary_2023_2025,162.5,,,unclassified,,92.0,0.5661538461538461,False,0.5461956521739131,0.5461956521739131,1,1,False,False,0.9565217391304348,True,True,2023,2023-01,2023-W02
MNQ,2023-01-11,2023-01-11 14:30:00+00:00,2023-01-11 16:29:00+00:00,11323.75,11388.75,11290.75,11369.25,369818,4195542823.1666665,120,11344.885384612611,2023-01-11 16:30:00+00:00,2023-01-11 18:59:00+00:00,11369.25,11442.5,11357.5,11409.25,216744,2470860546.1666665,150,11399.902863131927,primary_2023_2025,98.0,,,unclassified,,85.0,0.8673469387755102,False,0.47058823529411764,0.47058823529411764,1,1,False,True,0.6088235294117647,False,False,2023,2023-01,2023-W02
MNQ,2023-01-12,2023-01-12 14:30:00+00:00,2023-01-12 16:29:00+00:00,11490.25,11518.5,11311.0,11450.75,585652,6695639197.083333,120,11432.794897111822,2023-01-12 16:30:00+00:00,2023-01-12 18:59:00+00:00,11451.0,11571.75,11416.75,11565.25,291338,3353486957.5,150,11510.640415942995,primary_2023_2025,207.5,,,unclassified,,155.0,0.7469879518072289,False,0.7370967741935484,0.7370967741935484,-1,1,True,True,0.9580645161290322,True,True,2023,2023-01,2023-W02
MNQ,2023-01-13,2023-01-13 14:30:00+00:00,2023-01-13 16:29:00+00:00,11424.5,11538.5,11408.5,11485.25,374480,4299067145.0,120,11480.098122730185,2023-01-13 16:30:00+00:00,2023-01-13 18:59:00+00:00,11485.75,11568.5,11453.75,11560.75,212231,2442515903.3333335,150,11508.761224012202,primary_2023_2025,130.0,,,unclassified,,114.75,0.8826923076923077,False,0.6535947712418301,0.6535947712418301,1,1,False,True,0.9324618736383442,True,True,2023,2023-01,2023-W02
MNQ,2023-01-16,2023-01-16 14:30:00+00:00,2023-01-16 16:29:00+00:00,11590.5,11611.0,11581.5,11586.75,41594,482327664.0,120,11596.087512622013,2023-01-16 16:30:00+00:00,2023-01-16 17:59:00+00:00,11587.0,11587.0,11560.5,11564.25,19864,229887305.16666666,90,11573.0620804806,primary_2023_2025,29.5,,,unclassified,,26.5,0.8983050847457628,False,0.8584905660377359,-0.8584905660377359,-1,-1,False,True,0.14150943396226415,False,False,2023,2023-01,2023-W03
MNQ,2023-01-17,2023-01-17 14:30:00+00:00,2023-01-17 16:29:00+00:00,11598.5,11685.0,11549.25,11582.75,408375,4742796079.916667,120,11613.825723701664,2023-01-17 16:30:00+00:00,2023-01-17 18:59:00+00:00,11582.75,11649.75,11579.75,11645.0,175054,2033854006.75,150,11618.43777777143,primary_2023_2025,135.75,,,unclassified,,70.0,0.5156537753222836,False,0.8892857142857142,0.8892857142857142,-1,1,True,False,0.9321428571428572,True,True,2023,2023-01,2023-W03
MNQ,2023-01-18,2023-01-18 14:30:00+00:00,2023-01-18 16:29:00+00:00,11694.75,11759.5,11541.75,11564.25,505892,5902260212.416667,120,11667.03607176367,2023-01-18 16:30:00+00:00,2023-01-18 18:59:00+00:00,11563.75,11563.75,11483.25,11524.75,278389,3208540230.5,150,11525.384374023399,primary_2023_2025,217.75,,,unclassified,,80.5,0.36969001148105624,True,0.484472049689441,-0.484472049689441,-1,-1,False,True,0.515527950310559,False,False,2023,2023-01,2023-W03
MNQ,2023-01-19,2023-01-19 14:30:00+00:00,2023-01-19 16:29:00+00:00,11407.5,11446.75,11321.25,11331.75,429895,4891683606.916667,120,11378.786929172627,2023-01-19 16:30:00+00:00,2023-01-19 18:59:00+00:00,11332.0,11426.0,11308.5,11396.5,247225,2807963841.5,150,11357.928370917181,primary_2023_2025,125.5,,,unclassified,,117.5,0.9362549800796812,False,0.548936170212766,0.548936170212766,-1,1,True,True,0.7489361702127659,True,True,2023,2023-01,2023-W03
MNQ,2023-01-20,2023-01-20 14:30:00+00:00,2023-01-20 16:29:00+00:00,11428.25,11537.5,11383.0,11536.25,369197,4231476805.0,120,11461.297911413149,2023-01-20 16:30:00+00:00,2023-01-20 18:59:00+00:00,11536.5,11604.5,11506.25,11599.25,240622,2777531232.6666665,150,11543.130855311096,primary_2023_2025,154.5,,,unclassified,,98.25,0.6359223300970874,False,0.638676844783715,0.638676844783715,1,1,False,True,0.9465648854961832,False,False,2023,2023-01,2023-W03
MNQ,2023-01-23,2023-01-23 14:30:00+00:00,2023-01-23 16:29:00+00:00,11704.0,11957.25,11671.75,11911.25,414829,4905503070.083333,120,11825.361944520111,2023-01-23 16:30:00+00:00,2023-01-23 18:59:00+00:00,11911.5,11983.0,11905.0,11958.5,210588,2514737444.75,150,11941.504001889945,primary_2023_2025,285.5,,,unclassified,,78.0,0.2732049036777583,True,0.6025641025641025,0.6025641025641025,1,1,False,True,0.6858974358974359,False,False,2023,2023-01,2023-W04
MNQ,2023-01-24,2023-01-24 14:30:00+00:00,2023-01-24 16:29:00+00:00,11860.0,11951.75,11838.0,11936.75,414720,4933050911.666667,120,11894.895138085134,2023-01-24 16:30:00+00:00,2023-01-24 18:59:00+00:00,11936.75,11938.75,11872.5,11922.25,194501,2316916866.3333335,150,11912.10773380771,primary_2023_2025,113.75,,,unclassified,,66.25,0.5824175824175825,False,0.2188679245283019,-0.2188679245283019,1,-1,True,False,0.7509433962264151,True,True,2023,2023-01,2023-W04
MNQ,2023-01-25,2023-01-25 14:30:00+00:00,2023-01-25 16:29:00+00:00,11712.5,11744.0,11604.5,11724.25,485663,5665605252.083333,120,11665.713163414412,2023-01-25 16:30:00+00:00,2023-01-25 18:59:00+00:00,11724.25,11835.75,11719.5,11817.5,253852,2987711386.5,150,11769.501073460126,primary_2023_2025,139.5,,,unclassified,,116.25,0.8333333333333334,False,0.8021505376344086,0.8021505376344086,1,1,False,True,0.843010752688172,False,False,2023,2023-01,2023-W04
MNQ,2023-01-26,2023-01-26 14:30:00+00:00,2023-01-26 16:29:00+00:00,12017.75,12075.0,11904.0,11946.0,459060,5503028508.916667,120,11987.601857963375,2023-01-26 16:30:00+00:00,2023-01-26 18:59:00+00:00,11945.75,12046.75,11934.25,12027.75,219083,2627173260.5,150,11991.680141772753,primary_2023_2025,171.0,,,unclassified,,112.5,0.6578947368421053,False,0.7288888888888889,0.7288888888888889,-1,1,True,False,0.8311111111111111,True,True,2023,2023-01,2023-W04
MNQ,2023-01-27,2023-01-27 14:30:00+00:00,2023-01-27 16:29:00+00:00,12047.0,12192.5,12041.75,12157.75,433493,5259684245.166667,120,12133.262232992613,2023-01-27 16:30:00+00:00,2023-01-27 18:59:00+00:00,12158.25,12263.25,12152.25,12256.0,268881,3284173487.5833335,150,12214.226693531093,primary_2023_2025,150.75,,,unclassified,,111.0,0.736318407960199,False,0.8806306306306306,0.8806306306306306,1,1,False,True,0.9346846846846847,False,False,2023,2023-01,2023-W04
MNQ,2023-01-30,2023-01-30 14:30:00+00:00,2023-01-30 16:29:00+00:00,12082.75,12143.5,11982.5,12055.0,435731,5257625907.25,120,12066.21954198806,2023-01-30 16:30:00+00:00,2023-01-30 18:59:00+00:00,12055.25,12071.5,11997.75,12021.25,237495,2858435467.0833335,150,12035.771140795947,primary_2023_2025,161.0,,,unclassified,,73.75,0.4580745341614907,True,0.4610169491525424,-0.4610169491525424,-1,-1,False,False,0.31864406779661014,True,True,2023,2023-01,2023-W05
MNQ,2023-01-31,2023-01-31 14:30:00+00:00,2023-01-31 16:29:00+00:00,11974.25,12092.25,11969.25,12083.75,403714,4858988176.833333,120,12035.718793089496,2023-01-31 16:30:00+00:00,2023-01-31 18:59:00+00:00,12083.75,12101.75,12042.25,12095.25,165483,1998555024.4166667,150,12077.101722936293,primary_2023_2025,123.0,157.75,0.7797147385103012,standard,0_7_to_1_0,59.5,0.483739837398374,True,0.19327731092436976,0.19327731092436976,1,1,False,True,0.8907563025210085,False,False,2023,2023-01,2023-W05
MNQ,2023-02-01,2023-02-01 14:30:00+00:00,2023-02-01 16:29:00+00:00,12143.75,12157.75,12076.75,12130.25,279327,3386815907.1666665,120,12124.914194355242,2023-02-01 16:30:00+00:00,2023-02-01 18:59:00+00:00,12130.25,12162.5,12097.25,12135.25,119288,1446430364.0,150,12125.531185031185,primary_2023_2025,81.0,152.625,0.5307125307125307,standard,le_0_7,65.25,0.8055555555555556,False,0.07662835249042145,0.07662835249042145,-1,1,True,True,0.5823754789272031,True,True,2023,2023-02,2023-W05
MNQ,2023-02-02,2023-02-02 14:30:00+00:00,2023-02-02 16:29:00+00:00,12681.5,12831.5,12647.5,12809.25,434683,5537620082.666667,120,12739.444796936312,2023-02-02 16:30:00+00:00,2023-02-02 18:59:00+00:00,12809.25,12927.25,12771.25,12927.25,233136,2991914658.0,150,12833.344734403952,primary_2023_2025,184.0,145.125,1.2678725236864772,standard,1_0_to_1_3,156.0,0.8478260869565217,False,0.7564102564102564,0.7564102564102564,1,1,False,True,1.0,False,False,2023,2023-02,2023-W05
MNQ,2023-02-03,2023-02-03 14:30:00+00:00,2023-02-03 16:29:00+00:00,12574.5,12857.25,12558.25,12840.5,533659,6798821576.25,120,12740.01108619924,2023-02-03 16:30:00+00:00,2023-02-03 18:59:00+00:00,12841.25,12877.75,12617.25,12674.75,304584,3886251354.5,150,12759.210446051007,primary_2023_2025,299.0,152.625,1.959049959049959,exhaustion,1_5_to_2_0,260.5,0.8712374581939799,False,0.6391554702495201,-0.6391554702495201,1,-1,True,True,0.22072936660268713,True,True,2023,2023-02,2023-W05
MNQ,2023-02-06,2023-02-06 14:30:00+00:00,2023-02-06 16:29:00+00:00,12509.0,12598.25,12456.5,12591.5,408786,5124800419.666667,120,12536.633885863672,2023-02-06 16:30:00+00:00,2023-02-06 18:59:00+00:00,12591.25,12608.75,12502.25,12529.25,196446,2464268509.6666665,150,12544.253940862458,primary_2023_2025,141.75,152.625,0.9287469287469288,standard,0_7_to_1_0,106.5,0.7513227513227513,False,0.5821596244131455,-0.5821596244131455,1,-1,True,True,0.2535211267605634,True,True,2023,2023-02,2023-W06
MNQ,2023-02-07,2023-02-07 14:30:00+00:00,2023-02-07 16:29:00+00:00,12504.0,12568.25,12477.0,12558.0,327537,4099805260.25,120,12517.075201427626,2023-02-07 16:30:00+00:00,2023-02-07 18:59:00+00:00,12558.25,12778.25,12459.25,12514.25,438871,5530090213.333333,150,12600.719148299462,primary_2023_2025,91.25,146.25,0.6239316239316239,standard,le_0_7,319.0,3.495890410958904,False,0.13793103448275862,-0.13793103448275862,1,-1,True,True,0.1724137931034483,True,True,2023,2023-02,2023-W06
MNQ,2023-02-08,2023-02-08 14:30:00+00:00,2023-02-08 16:29:00+00:00,12713.75,12752.25,12519.25,12535.25,411226,5204929558.666667,120,12657.102320054342,2023-02-08 16:30:00+00:00,2023-02-08 18:59:00+00:00,12535.25,12623.0,12517.25,12567.25,231754,2912497639.5833335,150,12567.19469602826,primary_2023_2025,233.0,140.625,1.6568888888888889,exhaustion,1_5_to_2_0,105.75,0.453862660944206,True,0.30260047281323876,0.30260047281323876,-1,1,True,True,0.4728132387706856,False,False,2023,2023-02,2023-W06
MNQ,2023-02-09,2023-02-09 14:30:00+00:00,2023-02-09 16:29:00+00:00,12722.75,12729.5,12565.5,12580.0,420809,5324208042.583333,120,12652.315046929445,2023-02-09 16:30:00+00:00,2023-02-09 18:59:00+00:00,12580.25,12615.5,12491.0,12504.0,266351,3342876992.5,150,12550.645548543087,primary_2023_2025,164.0,146.25,1.1213675213675214,standard,1_0_to_1_3,124.5,0.7591463414634146,False,0.6124497991967871,-0.6124497991967871,-1,-1,False,True,0.10441767068273092,False,False,2023,2023-02,2023-W06
MNQ,2023-02-10,2023-02-10 14:30:00+00:00,2023-02-10 16:29:00+00:00,12335.0,12421.75,12284.5,12329.0,447309,5526438756.5,120,12354.857059661219,2023-02-10 16:30:00+00:00,2023-02-10 18:59:00+00:00,12329.75,12369.25,12243.0,12305.25,247829,3048442736.25,150,12300.589262152533,primary_2023_2025,137.25,146.25,0.9384615384615385,standard,0_7_to_1_0,126.25,0.9198542805100182,False,0.19405940594059407,-0.19405940594059407,-1,-1,False,True,0.49306930693069306,True,True,2023,2023-02,2023-W06
MNQ,2023-02-13,2023-02-13 14:30:00+00:00,2023-02-13 16:29:00+00:00,12402.0,12535.75,12352.0,12523.25,352180,4382675739.5,120,12444.419727128174,2023-02-13 16:30:00+00:00,2023-02-13 18:59:00+00:00,12523.75,12566.75,12501.0,12559.5,165172,2070659236.8333333,150,12536.381692013982,primary_2023_2025,183.75,146.25,1.2564102564102564,standard,1_0_to_1_3,65.75,0.3578231292517007,True,0.5437262357414449,0.5437262357414449,1,1,False,True,0.8897338403041825,False,False,2023,2023-02,2023-W07
MNQ,2023-02-14,2023-02-14 14:30:00+00:00,2023-02-14 16:29:00+00:00,12473.5,12673.25,12390.5,12469.25,572029,7167347595.916667,120,12529.692718230486,2023-02-14 16:30:00+00:00,2023-02-14 18:59:00+00:00,12470.0,12622.5,12417.5,12583.0,319367,3997321319.5833335,150,12516.388103915975,primary_2023_2025,282.75,152.625,1.8525798525798525,exhaustion,1_5_to_2_0,205.0,0.7250221043324492,False,0.551219512195122,0.551219512195122,-1,1,True,False,0.8073170731707318,True,True,2023,2023-02,2023-W07
MNQ,2023-02-15,2023-02-15 14:30:00+00:00,2023-02-15 16:29:00+00:00,12553.25,12635.0,12524.25,12632.25,400248,5036451550.333333,120,12583.327212961296,2023-02-15 16:30:00+00:00,2023-02-15 18:59:00+00:00,12632.5,12685.5,12605.75,12681.75,209741,2651555168.75,150,12642.045040073233,primary_2023_2025,110.75,157.75,0.7020602218700476,standard,0_7_to_1_0,79.75,0.7200902934537246,False,0.6175548589341693,0.6175548589341693,1,1,False,True,0.9529780564263323,False,False,2023,2023-02,2023-W07
MNQ,2023-02-16,2023-02-16 14:30:00+00:00,2023-02-16 16:29:00+00:00,12524.0,12674.0,12496.5,12643.0,421372,5306910293.0,120,12594.359124479082,2023-02-16 16:30:00+00:00,2023-02-16 18:59:00+00:00,12643.75,12694.5,12605.0,12663.5,234059,2961329226.0,150,12652.063052478221,primary_2023_2025,177.5,152.625,1.162981162981163,standard,1_0_to_1_3,89.5,0.504225352112676,False,0.2206703910614525,0.2206703910614525,1,1,False,True,0.6536312849162011,False,False,2023,2023-02,2023-W07
MNQ,2023-02-17,2023-02-17 14:30:00+00:00,2023-02-17 16:29:00+00:00,12389.75,12423.5,12287.75,12294.0,405603,5007672175.583333,120,12346.240475497798,2023-02-17 16:30:00+00:00,2023-02-17 18:59:00+00:00,12294.0,12348.0,12265.5,12308.0,234130,2880257349.5833335,150,12301.957671307964,primary_2023_2025,135.75,157.75,0.8605388272583201,standard,0_7_to_1_0,82.5,0.6077348066298343,False,0.1696969696969697,0.1696969696969697,-1,1,True,True,0.5151515151515151,True,True,2023,2023-02,2023-W07
MNQ,2023-02-20,2023-02-20 14:30:00+00:00,2023-02-20 16:29:00+00:00,12394.0,12396.5,12371.0,12381.0,25395,314440983.5,120,12382.003681827131,2023-02-20 16:30:00+00:00,2023-02-20 17:59:00+00:00,12381.0,12384.25,12363.5,12366.75,9042,111898331.83333333,90,12375.39613286146,primary_2023_2025,25.5,155.875,0.1635926222935044,standard,le_0_7,20.75,0.8137254901960784,False,0.6867469879518072,-0.6867469879518072,-1,-1,False,True,0.1566265060240964,True,True,2023,2023-02,2023-W08
MNQ,2023-02-21,2023-02-21 14:30:00+00:00,2023-02-21 16:29:00+00:00,12228.75,12291.25,12155.25,12161.0,315238,3851237931.4166665,120,12216.921600240665,2023-02-21 16:30:00+00:00,2023-02-21 18:59:00+00:00,12161.25,12175.25,12132.0,12138.5,155717,1892605272.25,150,12154.133924041691,primary_2023_2025,136.0,146.25,0.9299145299145299,standard,0_7_to_1_0,43.25,0.3180147058823529,True,0.5260115606936416,-0.5260115606936416,-1,-1,False,True,0.15028901734104047,False,False,2023,2023-02,2023-W08
MNQ,2023-02-22,2023-02-22 14:30:00+00:00,2023-02-22 16:29:00+00:00,12120.0,12174.5,12034.25,12089.75,353215,4274026445.25,120,12100.353737100633,2023-02-22 16:30:00+00:00,2023-02-22 18:59:00+00:00,12090.25,12169.25,12079.5,12148.25,163381,1980945477.3333333,150,12124.699183707611,primary_2023_2025,140.25,146.25,0.958974358974359,standard,0_7_to_1_0,89.75,0.6399286987522281,False,0.6462395543175488,0.6462395543175488,-1,1,True,False,0.766016713091922,True,True,2023,2023-02,2023-W08
MNQ,2023-02-23,2023-02-23 14:30:00+00:00,2023-02-23 16:29:00+00:00,12252.25,12260.25,12072.0,12081.25,370581,4512831259.583333,120,12177.718932118303,2023-02-23 16:30:00+00:00,2023-02-23 18:59:00+00:00,12081.5,12124.75,12028.0,12116.25,204486,2467998730.6666665,150,12069.27970945036,primary_2023_2025,188.25,146.25,1.2871794871794873,standard,1_0_to_1_3,96.75,0.5139442231075697,False,0.35917312661498707,0.35917312661498707,-1,1,True,True,0.9121447028423773,False,False,2023,2023-02,2023-W08
MNQ,2023-02-24,2023-02-24 14:30:00+00:00,2023-02-24 16:29:00+00:00,11994.0,12043.0,11922.75,11973.5,342491,4098543410.0,120,11966.86455994464,2023-02-24 16:30:00+00:00,2023-02-24 18:59:00+00:00,11974.0,12018.25,11931.0,11965.75,210373,2517519375.75,150,11966.931953007277,primary_2023_2025,120.25,146.25,0.8222222222222222,standard,0_7_to_1_0,87.25,0.7255717255717256,False,0.09455587392550144,-0.09455587392550144,-1,-1,False,False,0.3982808022922636,True,True,2023,2023-02,2023-W08
MNQ,2023-02-27,2023-02-27 14:30:00+00:00,2023-02-27 16:29:00+00:00,12131.25,12189.5,12076.5,12094.25,315511,3825637072.0833335,120,12125.209809113892,2023-02-27 16:30:00+00:00,2023-02-27 18:59:00+00:00,12094.5,12134.0,12065.5,12128.0,166911,2019870515.1666667,150,12101.482317921927,primary_2023_2025,113.0,141.0,0.8014184397163121,standard,0_7_to_1_0,68.5,0.6061946902654868,False,0.48905109489051096,0.48905109489051096,-1,1,True,True,0.9124087591240876,True,True,2023,2023-02,2023-W09
MNQ,2023-02-28,2023-02-28 14:30:00+00:00,2023-02-28 16:29:00+00:00,12056.0,12124.25,12041.25,12097.5,319760,3864408132.75,120,12085.339419408307,2023-02-28 16:30:00+00:00,2023-02-28 18:59:00+00:00,12097.5,12172.0,12068.0,12162.0,180151,2183997173.5,150,12123.147656688001,primary_2023_2025,83.0,138.75,0.5981981981981982,standard,le_0_7,104.0,1.2530120481927711,False,0.6201923076923077,0.6201923076923077,1,1,False,True,0.9038461538461539,True,True,2023,2023-02,2023-W09
MNQ,2023-03-01,2023-03-01 14:30:00+00:00,2023-03-01 16:29:00+00:00,12052.25,12080.0,11925.0,11953.75,377308,4527227324.583333,120,11998.757843945352,2023-03-01 16:30:00+00:00,2023-03-01 18:59:00+00:00,11954.5,12036.5,11947.75,11976.5,192748,2312063315.4166665,150,11995.26488169354,primary_2023_2025,155.0,138.75,1.117117117117117,standard,1_0_to_1_3,88.75,0.5725806451612904,False,0.24788732394366197,0.24788732394366197,-1,1,True,False,0.323943661971831,True,True,2023,2023-03,2023-W09
MNQ,2023-03-02,2023-03-02 14:30:00+00:00,2023-03-02 16:29:00+00:00,11857.0,11938.75,11846.25,11892.75,298276,3549465695.0,120,11899.937289624375,2023-03-02 16:30:00+00:00,2023-03-02 18:59:00+00:00,11893.0,12001.5,11883.0,11999.25,170272,2030996646.8333333,150,11927.95437202437,primary_2023_2025,92.5,141.0,0.6560283687943262,standard,le_0_7,118.5,1.281081081081081,False,0.8966244725738397,0.8966244725738397,1,1,False,True,0.9810126582278481,True,True,2023,2023-03,2023-W09
MNQ,2023-03-03,2023-03-03 14:30:00+00:00,2023-03-03 16:29:00+00:00,12134.5,12233.25,12111.0,12198.25,322762,3930978249.0,120,12179.18543384909,2023-03-03 16:30:00+00:00,2023-03-03 18:59:00+00:00,12199.0,12277.75,12182.5,12269.25,165594,2026217991.3333333,150,12236.059225173214,primary_2023_2025,122.25,138.75,0.8810810810810811,standard,0_7_to_1_0,95.25,0.7791411042944786,False,0.7375328083989501,0.7375328083989501,1,1,False,True,0.910761154855643,False,False,2023,2023-03,2023-W09
MNQ,2023-03-06,2023-03-06 14:30:00+00:00,2023-03-06 16:29:00+00:00,12361.0,12485.75,12347.25,12450.25,288907,3586277701.5833335,120,12413.259981874215,2023-03-06 16:30:00+00:00,2023-03-06 18:59:00+00:00,12450.5,12468.5,12354.0,12362.0,198854,2468343578.8333335,150,12412.843487349179,primary_2023_2025,138.5,136.625,1.0137236962488563,standard,1_0_to_1_3,114.5,0.8267148014440433,False,0.7729257641921398,-0.7729257641921398,1,-1,True,False,0.06986899563318777,True,True,2023,2023-03,2023-W10
MNQ,2023-03-07,2023-03-07 14:30:00+00:00,2023-03-07 16:29:00+00:00,12324.25,12367.5,12182.0,12215.5,463022,5677128338.916667,120,12261.033685044484,2023-03-07 16:30:00+00:00,2023-03-07 18:59:00+00:00,12216.0,12310.25,12169.25,12183.5,283642,3472662863.8333335,150,12243.11936819418,primary_2023_2025,185.5,136.625,1.3577310155535225,standard,1_3_to_1_5,141.0,0.7601078167115903,False,0.23049645390070922,-0.23049645390070922,-1,-1,False,True,0.10106382978723404,True,True,2023,2023-03,2023-W10
MNQ,2023-03-08,2023-03-08 14:30:00+00:00,2023-03-08 16:29:00+00:00,12185.25,12233.5,12108.5,12200.25,376499,4586648078.333333,120,12182.364570246755,2023-03-08 16:30:00+00:00,2023-03-08 18:59:00+00:00,12201.0,12254.5,12141.75,12155.5,244628,2983215139.0833335,150,12194.90466783579,primary_2023_2025,125.0,137.875,0.9066183136899365,standard,0_7_to_1_0,112.75,0.902,False,0.4035476718403548,-0.4035476718403548,1,-1,True,True,0.12195121951219512,True,True,2023,2023-03,2023-W10
MNQ,2023-03-09,2023-03-09 14:30:00+00:00,2023-03-09 16:29:00+00:00,12246.25,12353.75,12230.25,12283.5,341315,4200733747.0833335,120,12307.49819692464,2023-03-09 16:30:00+00:00,2023-03-09 18:59:00+00:00,12283.5,12313.25,12101.25,12115.0,288116,3521295537.1666665,150,12221.797946544679,primary_2023_2025,123.5,136.625,0.9039341262580055,standard,0_7_to_1_0,212.0,1.7165991902834008,False,0.7948113207547169,-0.7948113207547169,1,-1,True,True,0.06485849056603774,True,True,2023,2023-03,2023-W10
MNQ,2023-03-10,2023-03-10 14:30:00+00:00,2023-03-10 16:29:00+00:00,12018.0,12051.75,11865.75,12045.25,525445,6278562739.833333,120,11949.03889052771,2023-03-10 16:30:00+00:00,2023-03-10 18:59:00+00:00,12045.0,12079.5,11796.5,11809.25,372291,4441026292.416667,150,11928.911234536066,primary_2023_2025,186.0,135.875,1.3689052437902485,standard,1_3_to_1_5,283.0,1.521505376344086,False,0.8330388692579506,-0.8330388692579506,1,-1,True,True,0.045053003533568906,True,True,2023,2023-03,2023-W10
MNQ,2023-03-13,2023-03-13 13:30:00+00:00,2023-03-13 15:29:00+00:00,11887.25,12173.0,11821.25,12165.25,402679,4829479760.583333,120,11993.373780563012,2023-03-13 15:30:00+00:00,2023-03-13 17:59:00+00:00,12165.75,12204.0,12056.0,12132.25,267924,3250628997.0833335,150,12132.65327885271,primary_2023_2025,351.75,135.875,2.5887764489420424,exhaustion,gt_2_0,148.0,0.4207533759772566,True,0.22635135135135134,-0.22635135135135134,1,-1,True,True,0.5152027027027027,False,False,2023,2023-03,2023-W11
MNQ,2023-03-14,2023-03-14 13:30:00+00:00,2023-03-14 15:29:00+00:00,12207.75,12350.0,12202.0,12340.25,296199,3636099521.3333335,120,12275.866972317035,2023-03-14 15:30:00+00:00,2023-03-14 17:59:00+00:00,12340.75,12356.5,12227.5,12244.25,203642,2504772817.6666665,150,12299.883214988395,primary_2023_2025,148.0,135.875,1.0892364305427782,standard,1_0_to_1_3,129.0,0.8716216216216216,False,0.748062015503876,-0.748062015503876,1,-1,True,True,0.1298449612403101,True,True,2023,2023-03,2023-W11
MNQ,2023-03-15,2023-03-15 13:30:00+00:00,2023-03-15 15:29:00+00:00,12211.5,12274.5,12151.5,12240.0,392224,4793961430.083333,120,12222.50915314548,2023-03-15 15:30:00+00:00,2023-03-15 17:59:00+00:00,12240.25,12312.0,12182.0,12287.75,256418,3140398767.0,150,12247.185326303146,primary_2023_2025,123.0,135.875,0.9052437902483901,standard,0_7_to_1_0,130.0,1.056910569105691,False,0.36538461538461536,0.36538461538461536,1,1,False,True,0.8134615384615385,True,True,2023,2023-03,2023-W11
MNQ,2023-03-16,2023-03-16 13:30:00+00:00,2023-03-16 15:29:00+00:00,12345.25,12598.0,12314.0,12596.0,422934,5260250147.083333,120,12437.520149913067,2023-03-16 15:30:00+00:00,2023-03-16 17:59:00+00:00,12596.0,12687.5,12584.25,12662.5,264993,3349760193.5,150,12640.938415354367,primary_2023_2025,284.0,135.875,2.0901563937442504,exhaustion,gt_2_0,103.25,0.363556338028169,True,0.6440677966101694,0.6440677966101694,1,1,False,True,0.7578692493946732,False,False,2023,2023-03,2023-W11
MNQ,2023-03-17,2023-03-17 13:30:00+00:00,2023-03-17 15:29:00+00:00,12710.0,12810.0,12581.5,12607.0,474389,6021012286.25,120,12692.141441412006,2023-03-17 15:30:00+00:00,2023-03-17 17:59:00+00:00,12607.5,12694.0,12569.0,12679.5,285443,3608063830.3333335,150,12640.225300089101,primary_2023_2025,228.5,135.875,1.6816927322907085,exhaustion,1_5_to_2_0,125.0,0.5470459518599562,False,0.576,0.576,-1,1,True,True,0.884,True,True,2023,2023-03,2023-W11
MNQ,2023-03-20,2023-03-20 13:30:00+00:00,2023-03-20 15:29:00+00:00,12623.5,12694.75,12529.25,12692.25,347158,4375985957.583333,120,12605.171010270058,2023-03-20 15:30:00+00:00,2023-03-20 17:59:00+00:00,12692.25,12697.75,12565.5,12661.25,242333,3061362912.5833335,150,12632.876713379248,primary_2023_2025,165.5,137.25,1.2058287795992715,standard,1_0_to_1_3,132.25,0.7990936555891238,False,0.23440453686200377,-0.23440453686200377,1,-1,True,True,0.724007561436673,True,True,2023,2023-03,2023-W12
MNQ,2023-03-21,2023-03-21 13:30:00+00:00,2023-03-21 15:29:00+00:00,12775.5,12837.5,12713.5,12757.0,311728,3981483521.0833335,120,12772.299957281135,2023-03-21 15:30:00+00:00,2023-03-21 17:59:00+00:00,12757.25,12820.0,12711.75,12783.25,191752,2447983240.0833335,150,12766.402645517823,primary_2023_2025,124.0,139.375,0.8896860986547085,standard,0_7_to_1_0,108.25,0.8729838709677419,False,0.24018475750577367,0.24018475750577367,-1,1,True,True,0.6605080831408776,True,True,2023,2023-03,2023-W12
MNQ,2023-03-22,2023-03-22 13:30:00+00:00,2023-03-22 15:29:00+00:00,12872.5,12938.0,12851.0,12919.0,221266,2852966317.6666665,120,12893.830582496481,2023-03-22 15:30:00+00:00,2023-03-22 17:59:00+00:00,12919.5,12945.0,12871.25,12920.5,139349,1798452667.0833333,150,12906.10386212555,primary_2023_2025,87.0,139.375,0.6242152466367713,standard,le_0_7,73.75,0.8477011494252874,False,0.013559322033898305,0.013559322033898305,1,1,False,True,0.6677966101694915,True,True,2023,2023-03,2023-W12
MNQ,2023-03-23,2023-03-23 13:30:00+00:00,2023-03-23 15:29:00+00:00,12855.0,13031.5,12847.0,12976.5,364960,4720521992.416667,120,12934.354429024186,2023-03-23 15:30:00+00:00,2023-03-23 17:59:00+00:00,12976.5,13010.75,12887.25,12893.5,282905,3665477841.0833335,150,12956.567897645264,primary_2023_2025,184.5,131.75,1.4003795066413662,standard,1_3_to_1_5,123.5,0.6693766937669376,False,0.6720647773279352,-0.6720647773279352,1,-1,True,False,0.05060728744939271,True,True,2023,2023-03,2023-W12
MNQ,2023-03-24,2023-03-24 13:30:00+00:00,2023-03-24 15:29:00+00:00,12826.75,12844.75,12726.0,12750.5,433437,5542790933.5,120,12787.996718092825,2023-03-24 15:30:00+00:00,2023-03-24 17:59:00+00:00,12750.75,12855.0,12735.75,12812.25,290287,3715704198.1666665,150,12800.10540660335,primary_2023_2025,118.75,131.75,0.9013282732447818,standard,0_7_to_1_0,119.25,1.0042105263157894,False,0.5157232704402516,0.5157232704402516,-1,1,True,True,0.6415094339622641,True,True,2023,2023-03,2023-W12
MNQ,2023-03-27,2023-03-27 13:30:00+00:00,2023-03-27 15:29:00+00:00,12919.25,12965.25,12823.5,12848.5,316587,4083424908.0833335,120,12898.270958957044,2023-03-27 15:30:00+00:00,2023-03-27 17:59:00+00:00,12848.75,12855.5,12765.75,12806.5,228709,2927849142.1666665,150,12801.635012905774,primary_2023_2025,141.75,131.75,1.0759013282732448,standard,1_0_to_1_3,89.75,0.6331569664902998,False,0.47075208913649025,-0.47075208913649025,-1,-1,False,True,0.45403899721448465,False,False,2023,2023-03,2023-W13
MNQ,2023-03-28,2023-03-28 13:30:00+00:00,2023-03-28 15:29:00+00:00,12776.25,12777.0,12650.0,12704.0,311749,3958322804.3333335,120,12697.146756952976,2023-03-28 15:30:00+00:00,2023-03-28 17:59:00+00:00,12704.0,12723.25,12634.75,12640.0,178957,2269702090.5,150,12682.9466883106,primary_2023_2025,127.0,140.125,0.9063336306868867,standard,0_7_to_1_0,88.5,0.6968503937007874,False,0.7231638418079096,-0.7231638418079096,-1,-1,False,True,0.059322033898305086,True,True,2023,2023-03,2023-W13
MNQ,2023-03-29,2023-03-29 13:30:00+00:00,2023-03-29 15:29:00+00:00,12887.25,12933.0,12854.0,12897.5,279928,3609684180.6666665,120,12895.045085402913,2023-03-29 15:30:00+00:00,2023-03-29 17:59:00+00:00,12898.0,12937.0,12889.75,12908.0,170508,2201834631.9166665,150,12913.38020454563,primary_2023_2025,79.0,140.125,0.5637823371989296,standard,le_0_7,47.25,0.5981012658227848,False,0.21164021164021163,0.21164021164021163,1,1,False,True,0.3862433862433862,True,True,2023,2023-03,2023-W13
MNQ,2023-03-30,2023-03-30 13:30:00+00:00,2023-03-30 15:29:00+00:00,13064.75,13112.0,13028.25,13079.75,309462,4044979597.0833335,120,13071.005800658348,2023-03-30 15:30:00+00:00,2023-03-30 17:59:00+00:00,13080.0,13087.75,13011.25,13031.5,194217,2535630383.9166665,150,13055.656219160353,primary_2023_2025,83.75,132.75,0.6308851224105462,standard,le_0_7,76.5,0.9134328358208955,False,0.6339869281045751,-0.6339869281045751,1,-1,True,True,0.2647058823529412,True,True,2023,2023-03,2023-W13
MNQ,2023-03-31,2023-03-31 13:30:00+00:00,2023-03-31 15:29:00+00:00,13092.0,13200.5,13078.0,13187.5,249422,3280965518.5,120,13154.274757238736,2023-03-31 15:30:00+00:00,2023-03-31 17:59:00+00:00,13187.25,13240.25,13183.5,13228.5,159668,2110419856.5833333,150,13217.55052097686,primary_2023_2025,122.5,132.75,0.9227871939736346,standard,0_7_to_1_0,56.75,0.463265306122449,True,0.7268722466960352,0.7268722466960352,1,1,False,True,0.7929515418502202,False,False,2023,2023-03,2023-W13
MNQ,2023-04-03,2023-04-03 13:30:00+00:00,2023-04-03 15:29:00+00:00,13210.25,13268.25,13154.25,13185.25,306603,4053945050.5833335,120,13222.131063894787,2023-04-03 15:30:00+00:00,2023-04-03 17:59:00+00:00,13185.0,13209.75,13158.0,13175.0,156606,2064253521.3333333,150,13181.19051207063,primary_2023_2025,114.0,132.75,0.8587570621468926,standard,0_7_to_1_0,51.75,0.45394736842105265,True,0.1932367149758454,-0.1932367149758454,-1,-1,False,False,0.3285024154589372,False,False,2023,2023-04,2023-W14
MNQ,2023-04-04,2023-04-04 13:30:00+00:00,2023-04-04 15:29:00+00:00,13285.25,13326.75,13206.5,13237.25,358051,4751497366.5,120,13270.448529678733,2023-04-04 15:30:00+00:00,2023-04-04 17:59:00+00:00,13237.25,13251.5,13184.5,13229.5,210010,2777143426.9166665,150,13223.862801374537,primary_2023_2025,120.25,126.0,0.9543650793650794,standard,0_7_to_1_0,67.0,0.5571725571725572,False,0.11567164179104478,-0.11567164179104478,-1,-1,False,True,0.6716417910447762,False,False,2023,2023-04,2023-W14
MNQ,2023-04-05,2023-04-05 13:30:00+00:00,2023-04-05 15:29:00+00:00,13174.0,13182.5,13019.75,13038.0,344450,4512069549.0,120,13099.345475395558,2023-04-05 15:30:00+00:00,2023-04-05 17:59:00+00:00,13037.5,13064.5,13006.0,13057.25,187567,2444837139.5,150,13034.47375871022,primary_2023_2025,162.75,124.5,1.3072289156626506,standard,1_3_to_1_5,58.5,0.35944700460829493,True,0.33760683760683763,0.33760683760683763,-1,1,True,True,0.8760683760683761,False,False,2023,2023-04,2023-W14
MNQ,2023-04-06,2023-04-06 13:30:00+00:00,2023-04-06 15:29:00+00:00,13012.25,13081.0,12952.5,13073.0,328328,4273256274.1666665,120,13015.20514292618,2023-04-06 15:30:00+00:00,2023-04-06 17:59:00+00:00,13072.75,13173.5,13066.0,13171.0,214954,2823385171.0833335,150,13134.83429516703,primary_2023_2025,128.5,125.5,1.0239043824701195,standard,1_0_to_1_3,107.5,0.8365758754863813,False,0.913953488372093,0.913953488372093,1,1,False,True,0.9767441860465116,False,False,2023,2023-04,2023-W14
MNQ,2023-04-10,2023-04-10 13:30:00+00:00,2023-04-10 15:29:00+00:00,13043.5,13073.0,12967.5,13064.5,270828,3524898063.0833335,120,13015.26453351697,2023-04-10 15:30:00+00:00,2023-04-10 17:59:00+00:00,13064.75,13138.25,13014.0,13124.5,198844,2601956001.5833335,150,13085.413699097451,primary_2023_2025,105.5,127.75,0.8258317025440313,standard,0_7_to_1_0,124.25,1.1777251184834123,False,0.48088531187122735,0.48088531187122735,1,1,False,True,0.8893360160965795,True,True,2023,2023-04,2023-W15
MNQ,2023-04-11,2023-04-11 13:30:00+00:00,2023-04-11 15:29:00+00:00,13159.5,13160.75,13055.0,13074.75,314604,4120257019.6666665,120,13096.645368992977,2023-04-11 15:30:00+00:00,2023-04-11 17:59:00+00:00,13074.75,13124.5,13051.75,13122.25,185501,2427537940.3333335,150,13086.38735280852,primary_2023_2025,105.75,125.5,0.8426294820717132,standard,0_7_to_1_0,72.75,0.6879432624113475,False,0.6529209621993127,0.6529209621993127,-1,1,True,True,0.9690721649484536,True,True,2023,2023-04,2023-W15
MNQ,2023-04-12,2023-04-12 13:30:00+00:00,2023-04-12 15:29:00+00:00,13156.75,13181.0,12975.75,13026.25,437420,5717790226.666667,120,13071.625043817538,2023-04-12 15:30:00+00:00,2023-04-12 17:59:00+00:00,13026.0,13109.0,13010.75,13066.0,196778,2571990132.8333335,150,13070.516688010517,primary_2023_2025,205.25,123.5,1.6619433198380567,exhaustion,1_5_to_2_0,98.25,0.47868453105968334,True,0.4071246819338422,0.4071246819338422,-1,1,True,False,0.5623409669211196,True,True,2023,2023-04,2023-W15
MNQ,2023-04-13,2023-04-13 13:30:00+00:00,2023-04-13 15:29:00+00:00,13028.0,13141.5,13019.75,13129.5,313779,4108359111.0,120,13093.161463960303,2023-04-13 15:30:00+00:00,2023-04-13 17:59:00+00:00,13129.5,13198.0,13110.0,13192.0,168307,2213471964.3333335,150,13151.395749037969,primary_2023_2025,121.75,123.5,0.9858299595141701,standard,0_7_to_1_0,88.0,0.7227926078028748,False,0.7102272727272727,0.7102272727272727,1,1,False,True,0.9318181818181818,False,False,2023,2023-04,2023-W15
MNQ,2023-04-14,2023-04-14 13:30:00+00:00,2023-04-14 15:29:00+00:00,13139.25,13255.0,13115.25,13135.5,396477,5223431586.916667,120,13174.614383474116,2023-04-14 15:30:00+00:00,2023-04-14 17:59:00+00:00,13135.5,13142.0,13056.0,13107.5,218614,2863767051.9166665,150,13099.650763064883,primary_2023_2025,139.75,123.25,1.1338742393509127,standard,1_0_to_1_3,86.0,0.6153846153846154,False,0.32558139534883723,-0.32558139534883723,-1,-1,False,True,0.5988372093023255,False,False,2023,2023-04,2023-W15
MNQ,2023-04-17,2023-04-17 13:30:00+00:00,2023-04-17 15:29:00+00:00,13162.75,13206.0,13111.5,13119.5,340446,4478391094.75,120,13154.482927542107,2023-04-17 15:30:00+00:00,2023-04-17 17:59:00+00:00,13119.5,13128.75,13077.0,13096.5,201474,2639976474.6666665,150,13103.310971473573,primary_2023_2025,94.5,123.25,0.7667342799188641,standard,0_7_to_1_0,51.75,0.5476190476190477,False,0.4444444444444444,-0.4444444444444444,-1,-1,False,True,0.37681159420289856,False,False,2023,2023-04,2023-W16
MNQ,2023-04-18,2023-04-18 13:30:00+00:00,2023-04-18 15:29:00+00:00,13280.25,13297.75,13156.75,13186.0,360126,4760196004.833333,120,13218.14033097675,2023-04-18 15:30:00+00:00,2023-04-18 17:59:00+00:00,13186.0,13202.25,13151.5,13175.0,183182,2414338397.5833335,150,13179.998021548698,primary_2023_2025,141.0,122.125,1.1545547594677585,standard,1_0_to_1_3,50.75,0.3599290780141844,True,0.21674876847290642,-0.21674876847290642,-1,-1,False,True,0.4630541871921182,False,False,2023,2023-04,2023-W16
MNQ,2023-04-19,2023-04-19 13:30:00+00:00,2023-04-19 15:29:00+00:00,13085.25,13164.0,13078.25,13147.75,300995,3949641176.0,120,13121.949454309872,2023-04-19 15:30:00+00:00,2023-04-19 17:59:00+00:00,13147.5,13211.75,13137.5,13207.75,176235,2323803750.4166665,150,13185.824327838774,primary_2023_2025,85.75,122.125,0.7021494370522006,standard,0_7_to_1_0,74.25,0.8658892128279884,False,0.8114478114478114,0.8114478114478114,1,1,False,True,0.9461279461279462,False,False,2023,2023-04,2023-W16
MNQ,2023-04-20,2023-04-20 13:30:00+00:00,2023-04-20 15:29:00+00:00,13051.5,13157.75,13045.75,13123.25,304849,3999103530.1666665,120,13118.309491475015,2023-04-20 15:30:00+00:00,2023-04-20 17:59:00+00:00,13123.25,13199.75,13104.75,13170.0,196480,2584971466.3333335,150,13156.410150312162,primary_2023_2025,112.0,121.0,0.9256198347107438,standard,0_7_to_1_0,95.0,0.8482142857142857,False,0.4921052631578947,0.4921052631578947,1,1,False,True,0.6868421052631579,True,True,2023,2023-04,2023-W16
MNQ,2023-04-21,2023-04-21 13:30:00+00:00,2023-04-21 15:29:00+00:00,13057.75,13082.0,12982.75,13065.0,358366,4673158856.0,120,13040.18477199288,2023-04-21 15:30:00+00:00,2023-04-21 17:59:00+00:00,13065.25,13108.0,13049.0,13100.75,190924,2496851315.5833335,150,13077.723678444478,primary_2023_2025,99.25,121.0,0.8202479338842975,standard,0_7_to_1_0,59.0,0.5944584382871536,False,0.6016949152542372,0.6016949152542372,1,1,False,True,0.8771186440677966,False,False,2023,2023-04,2023-W16
MNQ,2023-04-24,2023-04-24 13:30:00+00:00,2023-04-24 15:29:00+00:00,13077.5,13134.0,12996.0,12998.25,338012,4416613987.666667,120,13066.441391627122,2023-04-24 15:30:00+00:00,2023-04-24 17:59:00+00:00,12998.0,13050.25,12967.25,13044.75,178731,2323886373.6666665,150,13002.144975782972,primary_2023_2025,138.0,119.5,1.1548117154811715,standard,1_0_to_1_3,83.0,0.6014492753623188,False,0.5632530120481928,0.5632530120481928,-1,1,True,True,0.9337349397590361,False,False,2023,2023-04,2023-W17
MNQ,2023-04-25,2023-04-25 13:30:00+00:00,2023-04-25 15:29:00+00:00,12988.5,13015.5,12930.0,12950.25,346873,4498011124.0,120,12967.31404289178,2023-04-25 15:30:00+00:00,2023-04-25 17:59:00+00:00,12950.0,12950.0,12853.25,12860.75,214233,2764170283.75,150,12902.635372468294,primary_2023_2025,85.5,121.0,0.7066115702479339,standard,0_7_to_1_0,96.75,1.131578947368421,False,0.9224806201550387,-0.9224806201550387,-1,-1,False,True,0.07751937984496124,False,False,2023,2023-04,2023-W17
MNQ,2023-04-26,2023-04-26 13:30:00+00:00,2023-04-26 15:29:00+00:00,12950.0,12996.5,12896.25,12976.5,373403,4831582184.916667,120,12939.32342513763,2023-04-26 15:30:00+00:00,2023-04-26 17:59:00+00:00,12976.25,13012.5,12906.0,12921.5,207593,2691860736.8333335,150,12967.011107471511,primary_2023_2025,100.25,117.125,0.855923159018143,standard,0_7_to_1_0,106.5,1.0623441396508728,False,0.5140845070422535,-0.5140845070422535,1,-1,True,True,0.14553990610328638,True,True,2023,2023-04,2023-W17
MNQ,2023-04-27,2023-04-27 13:30:00+00:00,2023-04-27 15:29:00+00:00,13040.75,13146.25,13013.25,13136.0,350334,4578701988.166667,120,13069.53361125859,2023-04-27 15:30:00+00:00,2023-04-27 17:59:00+00:00,13136.25,13218.5,13126.0,13201.0,179084,2357572803.3333335,150,13164.619973494748,primary_2023_2025,133.0,113.0,1.176991150442478,standard,1_0_to_1_3,92.5,0.6954887218045113,False,0.7,0.7,1,1,False,True,0.8108108108108109,False,False,2023,2023-04,2023-W17
MNQ,2023-04-28,2023-04-28 13:30:00+00:00,2023-04-28 15:29:00+00:00,13220.25,13293.25,13172.5,13215.0,375159,4963374070.166667,120,13230.054643942081,2023-04-28 15:30:00+00:00,2023-04-28 17:59:00+00:00,13215.25,13291.5,13214.25,13276.5,205678,2727020644.1666665,150,13258.689039015677,primary_2023_2025,120.75,117.125,1.030949839914621,standard,1_0_to_1_3,77.25,0.639751552795031,False,0.7928802588996764,0.7928802588996764,-1,1,True,False,0.8058252427184466,True,True,2023,2023-04,2023-W17
MNQ,2023-05-01,2023-05-01 13:30:00+00:00,2023-05-01 15:29:00+00:00,13301.0,13332.5,13258.75,13267.25,313696,4171723611.0833335,120,13298.619080521694,2023-05-01 15:30:00+00:00,2023-05-01 17:59:00+00:00,13267.75,13363.0,13262.5,13350.0,174203,2320724472.75,150,13321.95468935667,primary_2023_2025,73.75,120.5,0.6120331950207469,standard,le_0_7,100.5,1.3627118644067797,False,0.818407960199005,0.818407960199005,-1,1,True,True,0.8706467661691543,True,True,2023,2023-05,2023-W18
MNQ,2023-05-02,2023-05-02 13:30:00+00:00,2023-05-02 15:29:00+00:00,13301.0,13313.25,13117.0,13134.0,418256,5526708748.666667,120,13213.698664613697,2023-05-02 15:30:00+00:00,2023-05-02 17:59:00+00:00,13133.75,13222.0,13111.0,13203.75,204833,2695491209.8333335,150,13159.457752575676,primary_2023_2025,196.25,117.125,1.6755602988260405,exhaustion,1_5_to_2_0,111.0,0.5656050955414013,False,0.6306306306306306,0.6306306306306306,-1,1,True,True,0.8355855855855856,True,True,2023,2023-05,2023-W18
MNQ,2023-05-03,2023-05-03 13:30:00+00:00,2023-05-03 15:29:00+00:00,13199.0,13242.0,13179.25,13187.25,261660,3456193996.25,120,13208.721226973936,2023-05-03 15:30:00+00:00,2023-05-03 17:59:00+00:00,13187.5,13234.0,13177.0,13221.75,118849,1569741516.4166667,150,13207.864739431268,primary_2023_2025,62.75,120.5,0.520746887966805,standard,le_0_7,57.0,0.9083665338645418,False,0.6008771929824561,0.6008771929824561,-1,1,True,True,0.7850877192982456,True,True,2023,2023-05,2023-W18
MNQ,2023-05-04,2023-05-04 13:30:00+00:00,2023-05-04 15:29:00+00:00,13082.75,13107.25,13001.75,13070.5,376233,4909631246.166667,120,13049.443419813431,2023-05-04 15:30:00+00:00,2023-05-04 17:59:00+00:00,13070.75,13131.25,13030.5,13109.5,203929,2667265160.3333335,150,13079.3813549487,primary_2023_2025,105.5,116.375,0.9065520945220193,standard,0_7_to_1_0,100.75,0.9549763033175356,False,0.38461538461538464,0.38461538461538464,-1,1,True,True,0.7841191066997518,True,True,2023,2023-05,2023-W18
MNQ,2023-05-05,2023-05-05 13:30:00+00:00,2023-05-05 15:29:00+00:00,13139.0,13278.75,13124.25,13272.25,282925,3738805380.5833335,120,13214.828596212188,2023-05-05 15:30:00+00:00,2023-05-05 17:59:00+00:00,13272.25,13305.5,13239.25,13305.25,144694,1919967336.5,150,13269.156540699683,primary_2023_2025,154.5,108.875,1.4190585533869116,standard,1_3_to_1_5,66.25,0.42880258899676377,True,0.4981132075471698,0.4981132075471698,1,1,False,True,0.9962264150943396,False,False,2023,2023-05,2023-W18
MNQ,2023-05-08,2023-05-08 13:30:00+00:00,2023-05-08 15:29:00+00:00,13301.0,13310.25,13254.5,13289.25,258686,3435973016.6666665,120,13282.408080323892,2023-05-08 15:30:00+00:00,2023-05-08 17:59:00+00:00,13289.25,13354.75,13279.25,13345.75,139519,1858706006.75,150,13322.242897024778,primary_2023_2025,55.75,108.875,0.5120551090700345,standard,le_0_7,75.5,1.3542600896860986,False,0.7483443708609272,0.7483443708609272,-1,1,True,True,0.8807947019867549,True,True,2023,2023-05,2023-W19
MNQ,2023-05-09,2023-05-09 13:30:00+00:00,2023-05-09 15:29:00+00:00,13281.0,13317.5,13263.75,13275.0,278910,3706485015.4166665,120,13289.179360426899,2023-05-09 15:30:00+00:00,2023-05-09 17:59:00+00:00,13275.25,13290.75,13256.25,13285.5,143416,1903735609.8333333,150,13274.220518166267,primary_2023_2025,53.75,108.875,0.4936854190585534,standard,le_0_7,34.5,0.641860465116279,False,0.2971014492753623,0.2971014492753623,-1,1,True,True,0.8478260869565217,True,True,2023,2023-05,2023-W19
MNQ,2023-05-10,2023-05-10 13:30:00+00:00,2023-05-10 15:29:00+00:00,13366.75,13434.0,13298.25,13366.0,426461,5702036874.083333,120,13370.593967756331,2023-05-10 15:30:00+00:00,2023-05-10 17:59:00+00:00,13366.5,13393.0,13262.75,13310.0,244502,3260074090.4166665,150,13333.527293914432,primary_2023_2025,135.75,108.75,1.2482758620689656,standard,1_0_to_1_3,130.25,0.9594843462246777,False,0.43378119001919385,-0.43378119001919385,-1,-1,False,True,0.362763915547025,True,True,2023,2023-05,2023-W19
MNQ,2023-05-11,2023-05-11 13:30:00+00:00,2023-05-11 15:29:00+00:00,13427.0,13434.75,13361.5,13434.25,362236,4853150565.916667,120,13397.758825507864,2023-05-11 15:30:00+00:00,2023-05-11 17:59:00+00:00,13434.5,13459.75,13393.5,13426.25,215089,2889517238.5833335,150,13434.053989666294,primary_2023_2025,73.25,108.75,0.6735632183908046,standard,le_0_7,66.25,0.9044368600682594,False,0.12452830188679245,-0.12452830188679245,1,-1,True,True,0.49433962264150944,True,True,2023,2023-05,2023-W19
MNQ,2023-05-12,2023-05-12 13:30:00+00:00,2023-05-12 15:29:00+00:00,13467.75,13487.25,13375.75,13379.25,307531,4128021693.8333335,120,13423.107569101436,2023-05-12 15:30:00+00:00,2023-05-12 17:59:00+00:00,13379.25,13407.75,13315.5,13320.5,235183,3141009356.1666665,150,13355.596944365308,primary_2023_2025,111.5,102.875,1.0838396111786148,standard,1_0_to_1_3,92.25,0.827354260089686,False,0.6368563685636857,-0.6368563685636857,-1,-1,False,True,0.05420054200542006,False,False,2023,2023-05,2023-W19
MNQ,2023-05-15,2023-05-15 13:30:00+00:00,2023-05-15 15:29:00+00:00,13416.75,13436.5,13351.25,13429.25,274776,3680275732.1666665,120,13393.730646660068,2023-05-15 15:30:00+00:00,2023-05-15 17:59:00+00:00,13429.0,13479.0,13418.0,13449.75,189636,2549056760.75,150,13441.839949956759,primary_2023_2025,85.25,102.875,0.8286755771567437,standard,0_7_to_1_0,61.0,0.7155425219941349,False,0.3401639344262295,0.3401639344262295,1,1,False,True,0.5204918032786885,False,False,2023,2023-05,2023-W20
MNQ,2023-05-16,2023-05-16 13:30:00+00:00,2023-05-16 15:29:00+00:00,13436.25,13539.0,13434.5,13538.75,323610,4365922007.25,120,13491.307460368962,2023-05-16 15:30:00+00:00,2023-05-16 17:59:00+00:00,13538.75,13554.25,13501.0,13544.75,169638,2296122783.5,150,13535.427106544525,primary_2023_2025,104.5,102.875,1.0157958687727826,standard,1_0_to_1_3,53.25,0.5095693779904307,False,0.11267605633802817,0.11267605633802817,1,1,False,True,0.8215962441314554,False,False,2023,2023-05,2023-W20
MNQ,2023-05-17,2023-05-17 13:30:00+00:00,2023-05-17 15:29:00+00:00,13525.0,13561.5,13475.0,13536.75,285128,3854167330.4166665,120,13517.323203672267,2023-05-17 15:30:00+00:00,2023-05-17 17:59:00+00:00,13536.75,13669.25,13530.0,13667.5,225205,3061700158.5,150,13595.169549965587,primary_2023_2025,86.5,102.375,0.8449328449328449,standard,0_7_to_1_0,139.25,1.6098265895953756,False,0.9389587073608617,0.9389587073608617,1,1,False,True,0.9874326750448833,False,False,2023,2023-05,2023-W20
MNQ,2023-05-18,2023-05-18 13:30:00+00:00,2023-05-18 15:29:00+00:00,13653.75,13829.25,13652.75,13821.25,348668,4793629452.083333,120,13748.4066564277,2023-05-18 15:30:00+00:00,2023-05-18 17:59:00+00:00,13821.0,13855.5,13763.0,13769.5,266153,3674863503.5833335,150,13807.334516550005,primary_2023_2025,176.5,102.375,1.7240537240537241,exhaustion,1_5_to_2_0,92.5,0.5240793201133145,False,0.5567567567567567,-0.5567567567567567,1,-1,True,True,0.07027027027027027,False,False,2023,2023-05,2023-W20
MNQ,2023-05-19,2023-05-19 13:30:00+00:00,2023-05-19 15:29:00+00:00,13897.75,13929.0,13853.75,13854.25,315341,4379179495.333333,120,13887.123765489845,2023-05-19 15:30:00+00:00,2023-05-19 17:59:00+00:00,13854.5,13887.0,13821.25,13839.5,254552,3526198159.4166665,150,13852.565131747802,primary_2023_2025,75.25,102.375,0.7350427350427351,standard,0_7_to_1_0,65.75,0.8737541528239202,False,0.22813688212927757,-0.22813688212927757,-1,-1,False,True,0.27756653992395436,False,False,2023,2023-05,2023-W20
MNQ,2023-05-22,2023-05-22 13:30:00+00:00,2023-05-22 15:29:00+00:00,13848.25,13946.75,13847.0,13913.25,335680,4667603926.583333,120,13904.92113495988,2023-05-22 15:30:00+00:00,2023-05-22 17:59:00+00:00,13913.25,13924.5,13870.25,13903.75,175703,2441871416.5,150,13897.721817498848,primary_2023_2025,99.75,102.375,0.9743589743589743,standard,0_7_to_1_0,54.25,0.543859649122807,False,0.17511520737327188,-0.17511520737327188,1,-1,True,False,0.6175115207373272,True,True,2023,2023-05,2023-W21
MNQ,2023-05-23,2023-05-23 13:30:00+00:00,2023-05-23 15:29:00+00:00,13831.25,13880.0,13821.75,13869.0,254419,3525349419.0833335,120,13856.470700235963,2023-05-23 15:30:00+00:00,2023-05-23 17:59:00+00:00,13868.75,13873.0,13766.0,13774.0,237518,3280749124.5833335,150,13812.633672325186,primary_2023_2025,58.25,100.0,0.5825,standard,le_0_7,107.0,1.8369098712446352,False,0.8855140186915887,-0.8855140186915887,1,-1,True,True,0.07476635514018691,True,True,2023,2023-05,2023-W21
MNQ,2023-05-24,2023-05-24 13:30:00+00:00,2023-05-24 15:29:00+00:00,13642.75,13675.0,13566.75,13615.0,336408,4580631564.75,120,13616.297961849896,2023-05-24 15:30:00+00:00,2023-05-24 17:59:00+00:00,13615.0,13645.5,13576.25,13634.75,181895,2474657010.9166665,150,13604.865504366071,primary_2023_2025,108.25,100.0,1.0825,standard,1_0_to_1_3,69.25,0.6397228637413395,False,0.2851985559566787,0.2851985559566787,-1,1,True,False,0.8447653429602888,True,True,2023,2023-05,2023-W21
MNQ,2023-05-25,2023-05-25 13:30:00+00:00,2023-05-25 15:29:00+00:00,13954.75,13986.75,13851.25,13963.25,421312,5857768890.583333,120,13903.636475066774,2023-05-25 15:30:00+00:00,2023-05-25 17:59:00+00:00,13963.5,14003.25,13921.25,13990.75,222394,3106560908.9166665,150,13968.726264722369,primary_2023_2025,135.5,102.125,1.3268053855569155,standard,1_3_to_1_5,82.0,0.6051660516605166,False,0.3323170731707317,0.3323170731707317,1,1,False,True,0.8475609756097561,False,False,2023,2023-05,2023-W21
MNQ,2023-05-26,2023-05-26 13:30:00+00:00,2023-05-26 15:29:00+00:00,14018.0,14269.75,14014.75,14246.5,376341,5332956126.25,120,14170.542476769739,2023-05-26 15:30:00+00:00,2023-05-26 17:59:00+00:00,14246.75,14336.75,14246.0,14318.5,210118,3005038024.1666665,150,14301.668701237717,primary_2023_2025,255.0,102.125,2.4969400244798043,exhaustion,gt_2_0,90.75,0.3558823529411765,True,0.790633608815427,0.790633608815427,1,1,False,True,0.7988980716253443,False,False,2023,2023-05,2023-W21
MNQ,2023-05-29,2023-05-29 13:30:00+00:00,2023-05-29 15:29:00+00:00,14378.5,14389.5,14367.75,14382.75,21049,302658795.4166667,120,14378.77312065498,2023-05-29 15:30:00+00:00,2023-05-29 16:59:00+00:00,14383.0,14411.25,14375.25,14406.25,8790,126452338.58333333,90,14385.93157944634,primary_2023_2025,21.75,102.125,0.21297429620563035,standard,le_0_7,36.0,1.6551724137931034,False,0.6458333333333334,0.6458333333333334,1,1,False,True,0.8611111111111112,True,True,2023,2023-05,2023-W22
MNQ,2023-05-30,2023-05-30 13:30:00+00:00,2023-05-30 15:29:00+00:00,14510.0,14559.75,14399.25,14453.75,417300,6035305356.75,120,14462.749476994968,2023-05-30 15:30:00+00:00,2023-05-30 17:59:00+00:00,14453.5,14484.5,14344.0,14351.5,221674,3196570455.75,150,14420.141540054314,primary_2023_2025,160.5,102.125,1.5716034271725827,exhaustion,1_5_to_2_0,140.5,0.8753894080996885,False,0.7259786476868327,-0.7259786476868327,-1,-1,False,True,0.05338078291814947,True,True,2023,2023-05,2023-W22
MNQ,2023-05-31,2023-05-31 13:30:00+00:00,2023-05-31 15:29:00+00:00,14330.25,14412.25,14266.0,14268.75,381246,5463740241.166667,120,14331.272304933473,2023-05-31 15:30:00+00:00,2023-05-31 17:59:00+00:00,14269.0,14365.0,14252.5,14345.75,236777,3385110689.3333335,150,14296.619559050641,primary_2023_2025,146.25,102.125,1.4320685434516525,standard,1_3_to_1_5,112.5,0.7692307692307693,False,0.6822222222222222,0.6822222222222222,-1,1,True,True,0.8288888888888889,True,True,2023,2023-05,2023-W22
MNQ,2023-06-01,2023-06-01 13:30:00+00:00,2023-06-01 15:29:00+00:00,14298.25,14403.25,14252.0,14382.5,349663,5008679743.166667,120,14324.305812072387,2023-06-01 15:30:00+00:00,2023-06-01 17:59:00+00:00,14382.75,14487.0,14378.5,14486.5,186363,2691471230.5,150,14442.090063478265,primary_2023_2025,151.25,105.0,1.4404761904761905,standard,1_3_to_1_5,108.5,0.7173553719008264,False,0.956221198156682,0.956221198156682,1,1,False,True,0.9953917050691244,False,False,2023,2023-06,2023-W22
MNQ,2023-06-02,2023-06-02 13:30:00+00:00,2023-06-02 15:29:00+00:00,14543.25,14627.75,14470.0,14586.5,428898,6239906593.75,120,14548.695945772655,2023-06-02 15:30:00+00:00,2023-06-02 17:59:00+00:00,14586.75,14609.25,14553.5,14586.5,174824,2549368522.6666665,150,14582.485943958876,primary_2023_2025,157.75,106.375,1.4829612220916568,standard,1_3_to_1_5,55.75,0.35340729001584786,True,0.004484304932735426,-0.004484304932735426,1,-1,True,False,0.5919282511210763,False,False,2023,2023-06,2023-W22
MNQ,2023-06-05,2023-06-05 13:30:00+00:00,2023-06-05 15:29:00+00:00,14568.5,14678.25,14567.75,14672.0,366443,5358861931.166667,120,14623.998633257197,2023-06-05 15:30:00+00:00,2023-06-05 17:59:00+00:00,14671.75,14695.25,14610.0,14632.75,183968,2697936241.5833335,150,14665.247442942977,primary_2023_2025,110.5,106.375,1.0387779083431257,standard,1_0_to_1_3,85.25,0.7714932126696833,False,0.4574780058651026,-0.4574780058651026,1,-1,True,True,0.2668621700879765,True,True,2023,2023-06,2023-W23
MNQ,2023-06-06,2023-06-06 13:30:00+00:00,2023-06-06 15:29:00+00:00,14560.75,14606.75,14505.0,14562.5,319528,4651771050.416667,120,14558.25796304758,2023-06-06 15:30:00+00:00,2023-06-06 17:59:00+00:00,14562.75,14624.0,14527.75,14552.0,208130,3033410402.1666665,150,14574.594734861224,primary_2023_2025,101.75,109.375,0.9302857142857143,standard,0_7_to_1_0,96.25,0.9459459459459459,False,0.11168831168831168,-0.11168831168831168,1,-1,True,True,0.2519480519480519,True,True,2023,2023-06,2023-W23
MNQ,2023-06-07,2023-06-07 13:30:00+00:00,2023-06-07 15:29:00+00:00,14592.0,14675.5,14448.0,14486.25,432497,6298865310.583333,120,14563.951450722972,2023-06-07 15:30:00+00:00,2023-06-07 17:59:00+00:00,14486.75,14509.25,14340.75,14374.75,308403,4444097389.416667,150,14410.032942016345,primary_2023_2025,227.5,109.375,2.08,exhaustion,gt_2_0,168.5,0.7406593406593407,False,0.6646884272997032,-0.6646884272997032,-1,-1,False,True,0.20178041543026706,False,False,2023,2023-06,2023-W23
MNQ,2023-06-08,2023-06-08 13:30:00+00:00,2023-06-08 15:29:00+00:00,14337.75,14495.0,14328.0,14491.0,367650,5295329986.75,120,14403.182338501292,2023-06-08 15:30:00+00:00,2023-06-08 17:59:00+00:00,14491.0,14523.5,14421.0,14446.5,203499,2946517798.8333335,150,14479.274093893991,primary_2023_2025,167.0,109.375,1.526857142857143,exhaustion,1_5_to_2_0,102.5,0.6137724550898204,False,0.43414634146341463,-0.43414634146341463,1,-1,True,True,0.24878048780487805,False,False,2023,2023-06,2023-W23
MNQ,2023-06-09,2023-06-09 13:30:00+00:00,2023-06-09 15:29:00+00:00,14561.75,14688.0,14547.0,14551.25,395187,5778650139.916667,120,14622.571440651303,2023-06-09 15:30:00+00:00,2023-06-09 17:59:00+00:00,14551.25,14615.0,14496.0,14608.75,257136,3741848795.1666665,150,14552.022257352788,primary_2023_2025,141.0,111.0,1.2702702702702702,standard,1_0_to_1_3,119.0,0.8439716312056738,False,0.4831932773109244,0.4831932773109244,-1,1,True,True,0.9474789915966386,False,False,2023,2023-06,2023-W23
MNQ,2023-06-12,2023-06-12 13:30:00+00:00,2023-06-12 15:29:00+00:00,14804.0,14833.0,14764.0,14815.75,166361,2461905140.1666665,120,14798.571420986087,2023-06-12 15:30:00+00:00,2023-06-12 17:59:00+00:00,14815.75,14895.5,14815.75,14894.0,92281,1370590071.0833333,150,14852.353909074818,primary_2023_2025,69.0,123.0,0.5609756097560976,standard,le_0_7,79.75,1.1557971014492754,False,0.9811912225705329,0.9811912225705329,1,1,False,True,0.9811912225705329,False,False,2023,2023-06,2023-W24
MNQ,2023-06-13,2023-06-13 13:30:00+00:00,2023-06-13 15:29:00+00:00,15097.0,15130.0,14962.75,15093.25,337994,5084892977.166667,120,15044.32912172011,2023-06-13 15:30:00+00:00,2023-06-13 17:59:00+00:00,15093.25,15115.75,15038.0,15089.5,151282,2281281564.0,150,15079.662907682341,primary_2023_2025,167.25,123.0,1.3597560975609757,standard,1_3_to_1_5,77.75,0.4648729446935725,True,0.04823151125401929,-0.04823151125401929,-1,-1,False,False,0.662379421221865,True,True,2023,2023-06,2023-W24
MNQ,2023-06-14,2023-06-14 13:30:00+00:00,2023-06-14 15:29:00+00:00,15095.5,15215.75,15053.0,15197.0,262826,3978498304.75,120,15137.384827794815,2023-06-14 15:30:00+00:00,2023-06-14 17:59:00+00:00,15197.0,15204.0,15116.5,15134.5,132581,2010385584.6666667,150,15163.451660997178,primary_2023_2025,162.75,138.25,1.1772151898734178,standard,1_0_to_1_3,87.5,0.5376344086021505,False,0.7142857142857143,-0.7142857142857143,1,-1,True,False,0.2057142857142857,True,True,2023,2023-06,2023-W24
MNQ,2023-06-15,2023-06-15 13:30:00+00:00,2023-06-15 15:29:00+00:00,15141.0,15294.5,15114.25,15293.5,385938,5874383626.583333,120,15221.05526427388,2023-06-15 15:30:00+00:00,2023-06-15 17:59:00+00:00,15293.5,15359.25,15261.25,15352.0,178305,2728762167.5,150,15303.901559126216,primary_2023_2025,180.25,143.625,1.2550043516100957,standard,1_0_to_1_3,98.0,0.5436893203883495,False,0.5969387755102041,0.5969387755102041,1,1,False,True,0.9260204081632653,False,False,2023,2023-06,2023-W24
MNQ,2023-06-16,2023-06-16 13:30:00+00:00,2023-06-16 15:29:00+00:00,15471.0,15475.5,15324.25,15343.5,386901,5950373547.916667,120,15379.576552959716,2023-06-16 15:30:00+00:00,2023-06-16 17:59:00+00:00,15343.5,15415.5,15329.75,15373.0,186876,2872944424.5,150,15373.533383098953,primary_2023_2025,151.25,143.625,1.0530896431679722,standard,1_0_to_1_3,85.75,0.5669421487603306,False,0.34402332361516036,0.34402332361516036,-1,1,True,False,0.5043731778425656,True,True,2023,2023-06,2023-W24
MNQ,2023-06-19,2023-06-19 13:30:00+00:00,2023-06-19 15:29:00+00:00,15251.25,15253.25,15230.5,15234.0,37057,564779701.25,120,15240.83712254095,2023-06-19 15:30:00+00:00,2023-06-19 16:59:00+00:00,15234.5,15250.5,15232.5,15237.75,12492,190421689.0,90,15243.490954210694,primary_2023_2025,22.75,148.75,0.15294117647058825,standard,le_0_7,18.0,0.7912087912087912,False,0.18055555555555555,0.18055555555555555,-1,1,True,False,0.2916666666666667,True,True,2023,2023-06,2023-W25
MNQ,2023-06-20,2023-06-20 13:30:00+00:00,2023-06-20 15:29:00+00:00,15212.5,15310.25,15126.25,15176.5,360259,5478964801.833333,120,15208.405069223345,2023-06-20 15:30:00+00:00,2023-06-20 17:59:00+00:00,15177.0,15285.5,15159.0,15236.75,194638,2964406867.25,150,15230.360295779858,primary_2023_2025,184.0,148.75,1.2369747899159664,standard,1_0_to_1_3,126.5,0.6875,False,0.4723320158102767,0.4723320158102767,-1,1,True,False,0.6146245059288538,True,True,2023,2023-06,2023-W25
MNQ,2023-06-21,2023-06-21 13:30:00+00:00,2023-06-21 15:29:00+00:00,15201.75,15219.25,15002.5,15046.0,386649,5839289511.666667,120,15102.300824951486,2023-06-21 15:30:00+00:00,2023-06-21 17:59:00+00:00,15046.25,15094.25,15025.75,15092.5,208830,3145540366.75,150,15062.684320978786,primary_2023_2025,216.75,151.25,1.4330578512396694,standard,1_3_to_1_5,68.5,0.3160322952710496,True,0.6751824817518248,0.6751824817518248,-1,1,True,False,0.9744525547445255,False,False,2023,2023-06,2023-W25
MNQ,2023-06-22,2023-06-22 13:30:00+00:00,2023-06-22 15:29:00+00:00,14981.75,15149.25,14964.0,15109.0,400501,6040396112.0,120,15082.099949812859,2023-06-22 15:30:00+00:00,2023-06-22 17:59:00+00:00,15109.25,15180.75,15082.0,15153.5,220123,3330832630.3333335,150,15131.688330312296,primary_2023_2025,185.25,154.5,1.1990291262135921,standard,1_0_to_1_3,98.75,0.5330634278002699,False,0.4481012658227848,0.4481012658227848,1,1,False,True,0.7240506329113924,True,True,2023,2023-06,2023-W25
MNQ,2023-06-23,2023-06-23 13:30:00+00:00,2023-06-23 15:29:00+00:00,15043.5,15087.75,14984.75,15019.0,375596,5648818538.583333,120,15039.613144398058,2023-06-23 15:30:00+00:00,2023-06-23 17:59:00+00:00,15019.0,15155.5,15007.25,15126.0,189958,2868065181.3333335,150,15098.417446663649,primary_2023_2025,103.0,159.125,0.6472898664571878,standard,le_0_7,148.25,1.4393203883495145,False,0.7217537942664418,0.7217537942664418,-1,1,True,True,0.8010118043844857,True,True,2023,2023-06,2023-W25
MNQ,2023-06-26,2023-06-26 13:30:00+00:00,2023-06-26 15:29:00+00:00,15036.0,15152.25,14982.5,14998.75,386063,5821175723.0,120,15078.305154858144,2023-06-26 15:30:00+00:00,2023-06-26 17:59:00+00:00,14998.5,15028.75,14878.5,14901.0,287012,4287082087.9166665,150,14936.943709380328,primary_2023_2025,169.75,154.5,1.098705501618123,standard,1_0_to_1_3,150.25,0.8851251840942562,False,0.64891846921797,-0.64891846921797,-1,-1,False,True,0.1497504159733777,False,False,2023,2023-06,2023-W26
MNQ,2023-06-27,2023-06-27 13:30:00+00:00,2023-06-27 15:29:00+00:00,14917.75,14983.5,14888.25,14982.25,424204,6334552170.833333,120,14932.796887425231,2023-06-27 15:30:00+00:00,2023-06-27 17:59:00+00:00,14982.5,15116.5,14974.0,15114.5,209819,3155452691.0,150,15038.927318307684,primary_2023_2025,95.25,159.125,0.598586017282011,standard,le_0_7,142.5,1.4960629921259843,False,0.9263157894736842,0.9263157894736842,1,1,False,True,0.9859649122807017,False,False,2023,2023-06,2023-W26
MNQ,2023-06-28,2023-06-28 13:30:00+00:00,2023-06-28 15:29:00+00:00,15029.5,15206.75,15025.5,15144.75,433947,6558683238.583333,120,15114.019082015391,2023-06-28 15:30:00+00:00,2023-06-28 17:59:00+00:00,15145.25,15218.75,15059.0,15105.25,286741,4338713033.583333,150,15131.121930883037,primary_2023_2025,181.25,154.5,1.1731391585760518,standard,1_0_to_1_3,159.75,0.8813793103448276,False,0.25039123630672927,-0.25039123630672927,1,-1,True,True,0.2895148669796557,True,True,2023,2023-06,2023-W26
MNQ,2023-06-29,2023-06-29 13:30:00+00:00,2023-06-29 15:29:00+00:00,15119.0,15144.75,15028.5,15131.5,423736,6392995572.333333,120,15087.213671562797,2023-06-29 15:30:00+00:00,2023-06-29 17:59:00+00:00,15131.5,15140.0,15056.5,15061.75,196407,2966244499.3333335,150,15102.539620957163,primary_2023_2025,116.25,160.25,0.7254290171606864,standard,0_7_to_1_0,83.5,0.7182795698924731,False,0.8353293413173652,-0.8353293413173652,1,-1,True,False,0.06287425149700598,True,True,2023,2023-06,2023-W26
MNQ,2023-06-30,2023-06-30 13:30:00+00:00,2023-06-30 15:29:00+00:00,15251.75,15376.5,15238.25,15328.0,281004,4305768554.0,120,15322.801646951644,2023-06-30 15:30:00+00:00,2023-06-30 17:59:00+00:00,15328.0,15361.5,15282.5,15355.25,157439,2412974339.5833335,150,15326.407939477089,primary_2023_2025,138.25,160.25,0.8627145085803433,standard,0_7_to_1_0,79.0,0.5714285714285714,False,0.3449367088607595,0.3449367088607595,1,1,False,False,0.9208860759493671,True,True,2023,2023-06,2023-W26
MNQ,2023-07-03,2023-07-03 13:30:00+00:00,2023-07-03 15:29:00+00:00,15355.5,15389.75,15309.0,15321.5,218050,3347147773.8333335,120,15350.36814415654,2023-07-03 15:30:00+00:00,2023-07-03 17:14:00+00:00,15322.0,15366.5,15307.5,15356.5,71637,1098505463.0833333,105,15334.330905584171,primary_2023_2025,80.75,157.0,0.5143312101910829,standard,le_0_7,59.0,0.7306501547987616,False,0.5847457627118644,0.5847457627118644,-1,1,True,True,0.8305084745762712,True,True,2023,2023-07,2023-W27
MNQ,2023-07-04,2023-07-04 13:30:00+00:00,2023-07-04 15:29:00+00:00,15363.5,15368.25,15345.0,15352.75,18564,285069391.25,120,15356.032711161388,2023-07-04 15:30:00+00:00,2023-07-04 16:59:00+00:00,15353.25,15356.5,15341.0,15344.75,7267,111544203.41666667,90,15349.415634603918,primary_2023_2025,23.25,157.0,0.1480891719745223,standard,le_0_7,15.5,0.6666666666666666,False,0.5483870967741935,-0.5483870967741935,-1,-1,False,True,0.24193548387096775,True,True,2023,2023-07,2023-W27
MNQ,2023-07-05,2023-07-05 13:30:00+00:00,2023-07-05 15:29:00+00:00,15294.0,15431.75,15292.5,15362.0,306126,4708546473.666667,120,15381.073393526414,2023-07-05 15:30:00+00:00,2023-07-05 17:59:00+00:00,15362.0,15380.25,15338.5,15371.0,167733,2576693937.8333335,150,15361.878329448191,primary_2023_2025,139.25,157.0,0.8869426751592356,standard,0_7_to_1_0,41.75,0.2998204667863555,True,0.2155688622754491,0.2155688622754491,1,1,False,False,0.7784431137724551,False,False,2023,2023-07,2023-W27
MNQ,2023-07-06,2023-07-06 13:30:00+00:00,2023-07-06 15:29:00+00:00,15196.0,15214.0,15112.0,15136.5,355470,5386368673.416667,120,15152.80803841862,2023-07-06 15:30:00+00:00,2023-07-06 17:59:00+00:00,15136.25,15238.25,15136.0,15237.75,207804,3157495361.3333335,150,15194.584133767075,primary_2023_2025,102.0,146.125,0.69803250641574,standard,le_0_7,102.25,1.0024509803921569,False,0.9926650366748166,0.9926650366748166,-1,1,True,True,0.9951100244498777,True,True,2023,2023-07,2023-W27
MNQ,2023-07-07,2023-07-07 13:30:00+00:00,2023-07-07 15:29:00+00:00,15220.75,15278.0,15179.5,15249.0,370851,5649693594.75,120,15234.403021024616,2023-07-07 15:30:00+00:00,2023-07-07 17:59:00+00:00,15249.0,15359.75,15241.0,15329.5,198585,3040891444.5,150,15312.795248885868,primary_2023_2025,98.5,140.125,0.7029438001784122,standard,0_7_to_1_0,118.75,1.2055837563451777,False,0.6778947368421052,0.6778947368421052,1,1,False,True,0.7452631578947368,False,False,2023,2023-07,2023-W27
MNQ,2023-07-10,2023-07-10 13:30:00+00:00,2023-07-10 15:29:00+00:00,15168.75,15214.5,15085.5,15155.5,395666,5996742769.75,120,15156.072975059773,2023-07-10 15:30:00+00:00,2023-07-10 17:59:00+00:00,15155.5,15180.75,15063.5,15152.25,244002,3691350495.1666665,150,15128.361632964756,primary_2023_2025,129.0,138.75,0.9297297297297298,standard,0_7_to_1_0,117.25,0.9089147286821705,False,0.02771855010660981,-0.02771855010660981,-1,-1,False,True,0.7569296375266524,True,True,2023,2023-07,2023-W28
MNQ,2023-07-11,2023-07-11 13:30:00+00:00,2023-07-11 15:29:00+00:00,15202.0,15233.75,15109.0,15180.5,379987,5765972499.916667,120,15174.130956892386,2023-07-11 15:30:00+00:00,2023-07-11 17:59:00+00:00,15180.75,15250.0,15163.25,15203.75,204944,3116191275.0833335,150,15205.086633828429,primary_2023_2025,124.75,138.75,0.8990990990990991,standard,0_7_to_1_0,86.75,0.6953907815631263,False,0.26512968299711814,0.26512968299711814,-1,1,True,True,0.4668587896253602,True,True,2023,2023-07,2023-W28
MNQ,2023-07-12,2023-07-12 13:30:00+00:00,2023-07-12 15:29:00+00:00,15430.5,15507.75,15408.0,15450.25,359107,5552428742.166667,120,15461.766944578265,2023-07-12 15:30:00+00:00,2023-07-12 17:59:00+00:00,15450.0,15461.5,15344.0,15454.75,315854,4864329079.5,150,15400.56190360103,primary_2023_2025,99.75,133.625,0.7464920486435921,standard,0_7_to_1_0,117.5,1.1779448621553885,False,0.04042553191489362,0.04042553191489362,1,1,False,True,0.9425531914893617,False,False,2023,2023-07,2023-W28
MNQ,2023-07-13,2023-07-13 13:30:00+00:00,2023-07-13 15:29:00+00:00,15576.0,15621.75,15552.25,15599.25,333732,5204553183.083333,120,15595.007919777945,2023-07-13 15:30:00+00:00,2023-07-13 17:59:00+00:00,15599.75,15673.5,15592.75,15660.75,170284,2663383660.75,150,15640.833318162599,primary_2023_2025,69.5,126.875,0.547783251231527,standard,le_0_7,80.75,1.1618705035971224,False,0.7554179566563467,0.7554179566563467,1,1,False,True,0.8421052631578947,True,True,2023,2023-07,2023-W28
MNQ,2023-07-14,2023-07-14 13:30:00+00:00,2023-07-14 15:29:00+00:00,15721.5,15857.5,15721.0,15807.75,392700,6203759173.083333,120,15797.706068457685,2023-07-14 15:30:00+00:00,2023-07-14 17:59:00+00:00,15808.0,15832.25,15725.0,15740.5,235679,3717678514.3333335,150,15774.330824270866,primary_2023_2025,136.5,120.5,1.1327800829875518,standard,1_0_to_1_3,107.25,0.7857142857142857,False,0.6293706293706294,-0.6293706293706294,1,-1,True,False,0.1445221445221445,True,True,2023,2023-07,2023-W28
MNQ,2023-07-17,2023-07-17 13:30:00+00:00,2023-07-17 15:29:00+00:00,15729.75,15784.5,15708.75,15780.5,333796,5256956867.333333,120,15749.010974767023,2023-07-17 15:30:00+00:00,2023-07-17 17:59:00+00:00,15780.5,15821.0,15760.25,15819.25,161461,2549664915.25,150,15791.212213785373,primary_2023_2025,75.75,120.5,0.6286307053941909,standard,le_0_7,60.75,0.801980198019802,False,0.6378600823045267,0.6378600823045267,1,1,False,True,0.9711934156378601,False,False,2023,2023-07,2023-W29
MNQ,2023-07-18,2023-07-18 13:30:00+00:00,2023-07-18 15:29:00+00:00,15815.0,15816.0,15733.5,15783.5,335364,5290629802.0,120,15775.7833339297,2023-07-18 15:30:00+00:00,2023-07-18 17:59:00+00:00,15783.75,15954.0,15772.25,15952.5,288638,4584458618.5,150,15883.073671865797,primary_2023_2025,82.5,120.5,0.6846473029045643,standard,le_0_7,181.75,2.203030303030303,False,0.9284731774415406,0.9284731774415406,-1,1,True,True,0.9917469050894085,True,True,2023,2023-07,2023-W29
MNQ,2023-07-19,2023-07-19 13:30:00+00:00,2023-07-19 15:29:00+00:00,16012.75,16049.0,15971.25,16032.0,409742,6559193000.666667,120,16008.105101909658,2023-07-19 15:30:00+00:00,2023-07-19 17:59:00+00:00,16032.0,16062.5,15926.75,15948.25,343883,5499466068.416667,150,15992.259194018508,primary_2023_2025,77.75,109.625,0.7092360319270239,standard,0_7_to_1_0,135.75,1.7459807073954985,False,0.6169429097605893,-0.6169429097605893,1,-1,True,True,0.15837937384898712,True,True,2023,2023-07,2023-W29
MNQ,2023-07-20,2023-07-20 13:30:00+00:00,2023-07-20 15:29:00+00:00,15833.75,15895.0,15699.25,15742.75,446555,7053917763.666667,120,15796.30227780826,2023-07-20 15:30:00+00:00,2023-07-20 17:59:00+00:00,15742.75,15785.0,15679.25,15689.75,254217,3997431017.8333335,150,15724.483483926462,primary_2023_2025,195.75,102.5,1.9097560975609755,exhaustion,1_5_to_2_0,105.75,0.5402298850574713,False,0.5011820330969267,-0.5011820330969267,-1,-1,False,True,0.09929078014184398,False,False,2023,2023-07,2023-W29
MNQ,2023-07-21,2023-07-21 13:30:00+00:00,2023-07-21 15:29:00+00:00,15688.0,15719.5,15549.25,15632.75,456043,7125524311.583333,120,15624.676426528491,2023-07-21 15:30:00+00:00,2023-07-21 17:59:00+00:00,15633.25,15654.75,15555.0,15648.0,247223,3857472929.4166665,150,15603.21219877061,primary_2023_2025,170.25,102.5,1.6609756097560975,exhaustion,1_5_to_2_0,99.75,0.5859030837004405,False,0.14786967418546365,0.14786967418546365,-1,1,True,False,0.9323308270676691,True,True,2023,2023-07,2023-W29
MNQ,2023-07-24,2023-07-24 13:30:00+00:00,2023-07-24 15:29:00+00:00,15578.5,15618.25,15484.5,15554.75,412815,6422373734.083333,120,15557.510589691105,2023-07-24 15:30:00+00:00,2023-07-24 17:59:00+00:00,15555.25,15591.25,15518.5,15584.25,186599,2902306640.75,150,15553.70950942931,primary_2023_2025,133.75,109.125,1.2256586483390608,standard,1_0_to_1_3,72.75,0.5439252336448598,False,0.39862542955326463,0.39862542955326463,-1,1,True,False,0.9037800687285223,True,True,2023,2023-07,2023-W30
MNQ,2023-07-25,2023-07-25 13:30:00+00:00,2023-07-25 15:29:00+00:00,15588.75,15673.75,15588.25,15649.25,324517,5073072047.916667,120,15632.685030111417,2023-07-25 15:30:00+00:00,2023-07-25 17:59:00+00:00,15649.0,15709.25,15646.25,15690.25,170368,2671487255.3333335,150,15680.686838686452,primary_2023_2025,85.5,109.125,0.7835051546391752,standard,0_7_to_1_0,63.0,0.7368421052631579,False,0.6547619047619048,0.6547619047619048,1,1,False,True,0.6984126984126984,False,False,2023,2023-07,2023-W30
MNQ,2023-07-26,2023-07-26 13:30:00+00:00,2023-07-26 15:29:00+00:00,15619.25,15639.0,15515.0,15550.0,339458,5291720739.166667,120,15588.734804207492,2023-07-26 15:30:00+00:00,2023-07-26 17:59:00+00:00,15550.0,15599.0,15541.0,15559.0,137232,2136270843.3333333,150,15566.856442617853,primary_2023_2025,124.0,109.125,1.13631156930126,standard,1_0_to_1_3,58.0,0.46774193548387094,True,0.15517241379310345,0.15517241379310345,-1,1,True,False,0.3103448275862069,True,True,2023,2023-07,2023-W30
MNQ,2023-07-27,2023-07-27 13:30:00+00:00,2023-07-27 15:29:00+00:00,15835.25,15904.0,15761.25,15824.0,401494,6355775747.75,120,15830.313149760645,2023-07-27 15:30:00+00:00,2023-07-27 17:59:00+00:00,15824.0,15856.5,15705.25,15724.0,322277,5088898407.166667,150,15790.448611494667,primary_2023_2025,142.75,109.125,1.3081328751431844,standard,1_3_to_1_5,151.25,1.0595446584938704,False,0.6611570247933884,-0.6611570247933884,-1,-1,False,True,0.12396694214876033,True,True,2023,2023-07,2023-W30
MNQ,2023-07-28,2023-07-28 13:30:00+00:00,2023-07-28 15:29:00+00:00,15738.0,15875.75,15715.5,15863.75,365477,5775304938.583333,120,15802.102289838575,2023-07-28 15:30:00+00:00,2023-07-28 17:59:00+00:00,15863.75,15895.75,15775.0,15834.75,251236,3981796377.1666665,150,15848.828898592026,primary_2023_2025,160.25,113.0,1.418141592920354,standard,1_3_to_1_5,120.75,0.7535101404056163,False,0.2401656314699793,-0.2401656314699793,1,-1,True,True,0.494824016563147,True,True,2023,2023-07,2023-W30
MNQ,2023-07-31,2023-07-31 13:30:00+00:00,2023-07-31 15:29:00+00:00,15860.25,15905.0,15805.75,15852.5,333863,5293574329.166667,120,15855.528552629872,2023-07-31 15:30:00+00:00,2023-07-31 17:59:00+00:00,15853.0,15863.25,15809.0,15839.25,184885,2928682516.6666665,150,15840.563142854566,primary_2023_2025,99.25,113.0,0.8783185840707964,standard,0_7_to_1_0,54.25,0.5465994962216625,False,0.2534562211981567,-0.2534562211981567,-1,-1,False,False,0.5576036866359447,True,True,2023,2023-07,2023-W31
MNQ,2023-08-01,2023-08-01 13:30:00+00:00,2023-08-01 15:29:00+00:00,15796.5,15837.0,15728.0,15822.5,378807,5981862399.333333,120,15791.319588427175,2023-08-01 15:30:00+00:00,2023-08-01 17:59:00+00:00,15822.5,15844.0,15778.0,15827.75,169814,2685503126.6666665,150,15814.380007930244,primary_2023_2025,109.0,113.0,0.9646017699115044,standard,0_7_to_1_0,66.0,0.6055045871559633,False,0.07954545454545454,0.07954545454545454,1,1,False,True,0.7537878787878788,True,True,2023,2023-08,2023-W31
MNQ,2023-08-02,2023-08-02 13:30:00+00:00,2023-08-02 15:29:00+00:00,15667.75,15668.75,15483.75,15504.0,420335,6541923579.75,120,15563.594703629247,2023-08-02 15:30:00+00:00,2023-08-02 17:59:00+00:00,15503.75,15522.25,15413.25,15469.0,293349,4537321263.5,150,15467.314575812428,primary_2023_2025,185.0,116.5,1.5879828326180256,exhaustion,1_5_to_2_0,109.0,0.5891891891891892,False,0.31880733944954126,-0.31880733944954126,-1,-1,False,True,0.5114678899082569,False,False,2023,2023-08,2023-W31
MNQ,2023-08-03,2023-08-03 13:30:00+00:00,2023-08-03 15:29:00+00:00,15358.25,15479.25,15351.0,15462.0,426903,6580084197.5,120,15413.534684694181,2023-08-03 15:30:00+00:00,2023-08-03 17:59:00+00:00,15462.5,15523.75,15441.75,15452.75,218862,3387893717.5,150,15479.588587785911,primary_2023_2025,128.25,116.5,1.1008583690987124,standard,1_0_to_1_3,82.0,0.6393762183235867,False,0.11890243902439024,-0.11890243902439024,1,-1,True,True,0.13414634146341464,False,False,2023,2023-08,2023-W31
MNQ,2023-08-04,2023-08-04 13:30:00+00:00,2023-08-04 15:29:00+00:00,15511.75,15584.0,15392.75,15542.25,477756,7401794062.333333,120,15492.833292168665,2023-08-04 15:30:00+00:00,2023-08-04 17:59:00+00:00,15543.0,15610.25,15516.0,15524.75,232058,3611835555.4166665,150,15564.365612978938,primary_2023_2025,191.25,124.375,1.5376884422110553,exhaustion,1_5_to_2_0,94.25,0.4928104575163399,True,0.19363395225464192,-0.19363395225464192,1,-1,True,True,0.09283819628647215,False,False,2023,2023-08,2023-W31
MNQ,2023-08-07,2023-08-07 13:30:00+00:00,2023-08-07 15:29:00+00:00,15433.75,15473.25,15339.5,15360.5,447988,6900800145.25,120,15403.984359514094,2023-08-07 15:30:00+00:00,2023-08-07 17:59:00+00:00,15360.0,15448.0,15334.5,15446.25,227568,3506035148.0833335,150,15406.538476777638,primary_2023_2025,133.75,126.5,1.0573122529644268,standard,1_0_to_1_3,113.5,0.8485981308411215,False,0.7599118942731278,0.7599118942731278,-1,1,True,True,0.9845814977973568,True,True,2023,2023-08,2023-W32
MNQ,2023-08-08,2023-08-08 13:30:00+00:00,2023-08-08 15:29:00+00:00,15379.25,15379.5,15220.75,15260.0,407078,6222393345.5,120,15285.506329253853,2023-08-08 15:30:00+00:00,2023-08-08 17:59:00+00:00,15260.5,15305.75,15216.25,15300.5,212060,3237867821.1666665,150,15268.640107359552,primary_2023_2025,158.75,126.5,1.2549407114624507,standard,1_0_to_1_3,89.5,0.5637795275590551,False,0.44692737430167595,0.44692737430167595,-1,1,True,True,0.9413407821229051,True,True,2023,2023-08,2023-W32
MNQ,2023-08-09,2023-08-09 13:30:00+00:00,2023-08-09 15:29:00+00:00,15360.75,15369.0,15150.0,15171.25,424837,6484290004.5,120,15263.006763770576,2023-08-09 15:30:00+00:00,2023-08-09 17:59:00+00:00,15171.25,15263.5,15145.0,15248.5,249398,3791245999.6666665,150,15201.589426004484,primary_2023_2025,219.0,131.0,1.6717557251908397,exhaustion,1_5_to_2_0,118.5,0.541095890410959,False,0.6518987341772152,0.6518987341772152,-1,1,True,True,0.8734177215189873,True,True,2023,2023-08,2023-W32
MNQ,2023-08-10,2023-08-10 13:30:00+00:00,2023-08-10 15:29:00+00:00,15301.25,15441.75,15261.0,15296.75,516540,7930036480.083333,120,15352.221473812935,2023-08-10 15:30:00+00:00,2023-08-10 17:59:00+00:00,15297.0,15326.25,15136.0,15144.75,371440,5656175351.916667,150,15227.695864518271,primary_2023_2025,180.75,133.75,1.3514018691588785,standard,1_3_to_1_5,190.25,1.0525587828492393,False,0.8002628120893561,-0.8002628120893561,-1,-1,False,True,0.045992115637319315,False,False,2023,2023-08,2023-W32
MNQ,2023-08-11,2023-08-11 13:30:00+00:00,2023-08-11 15:29:00+00:00,15091.5,15174.25,15052.0,15057.25,402245,6076255596.0,120,15105.857365535929,2023-08-11 15:30:00+00:00,2023-08-11 17:59:00+00:00,15057.25,15119.25,15037.25,15084.75,256809,3871123907.9166665,150,15073.94175405327,primary_2023_2025,122.25,135.125,0.9047178538390379,standard,0_7_to_1_0,82.0,0.6707566462167689,False,0.3353658536585366,0.3353658536585366,-1,1,True,True,0.5792682926829268,True,True,2023,2023-08,2023-W32
MNQ,2023-08-14,2023-08-14 13:30:00+00:00,2023-08-14 15:29:00+00:00,15068.0,15248.5,15036.25,15221.25,365363,5534591822.833333,120,15148.200071800738,2023-08-14 15:30:00+00:00,2023-08-14 17:59:00+00:00,15221.5,15247.0,15172.25,15223.0,206659,3144169433.4166665,150,15214.287465905993,primary_2023_2025,212.25,133.75,1.5869158878504672,exhaustion,1_5_to_2_0,74.75,0.35217903415783275,True,0.020066889632107024,0.020066889632107024,1,1,False,False,0.6789297658862876,False,False,2023,2023-08,2023-W33
MNQ,2023-08-15,2023-08-15 13:30:00+00:00,2023-08-15 15:29:00+00:00,15225.0,15259.25,15108.0,15171.75,411568,6244215187.083333,120,15171.77036864706,2023-08-15 15:30:00+00:00,2023-08-15 17:59:00+00:00,15171.5,15208.0,15137.5,15155.75,217954,3306686862.75,150,15171.489684749993,primary_2023_2025,151.25,138.25,1.0940325497287522,standard,1_0_to_1_3,70.5,0.46611570247933887,True,0.22340425531914893,-0.22340425531914893,-1,-1,False,False,0.25886524822695034,True,True,2023,2023-08,2023-W33
MNQ,2023-08-16,2023-08-16 13:30:00+00:00,2023-08-16 15:29:00+00:00,15079.75,15144.5,15050.75,15099.75,346307,5230612919.0,120,15103.976873121248,2023-08-16 15:30:00+00:00,2023-08-16 17:59:00+00:00,15099.25,15100.75,14987.25,15050.0,239921,3607327003.5,150,15035.47835954335,primary_2023_2025,93.75,147.0,0.6377551020408163,standard,le_0_7,113.5,1.2106666666666666,False,0.43392070484581496,-0.43392070484581496,1,-1,True,True,0.552863436123348,False,False,2023,2023-08,2023-W33
MNQ,2023-08-17,2023-08-17 13:30:00+00:00,2023-08-17 15:29:00+00:00,14994.25,15008.0,14857.0,14869.0,394557,5884073629.25,120,14913.114275630644,2023-08-17 15:30:00+00:00,2023-08-17 17:59:00+00:00,14869.5,14957.75,14858.25,14879.0,256900,3828714499.3333335,150,14903.52082262878,primary_2023_2025,151.0,147.0,1.0272108843537415,standard,1_0_to_1_3,99.5,0.6589403973509934,False,0.09547738693467336,0.09547738693467336,-1,1,True,False,0.20854271356783918,True,True,2023,2023-08,2023-W33
MNQ,2023-08-18,2023-08-18 13:30:00+00:00,2023-08-18 15:29:00+00:00,14632.0,14715.0,14609.25,14670.75,466548,6841480788.25,120,14664.044831935835,2023-08-18 15:30:00+00:00,2023-08-18 17:59:00+00:00,14671.0,14751.25,14648.25,14730.0,289143,4253502199.5,150,14710.721682696798,primary_2023_2025,105.75,146.875,0.72,standard,0_7_to_1_0,103.0,0.9739952718676123,False,0.5728155339805825,0.5728155339805825,1,1,False,True,0.7936893203883495,True,True,2023,2023-08,2023-W33
MNQ,2023-08-21,2023-08-21 13:30:00+00:00,2023-08-21 15:29:00+00:00,14808.5,14932.25,14793.25,14811.5,412453,6127695637.416667,120,14856.712491887965,2023-08-21 15:30:00+00:00,2023-08-21 17:59:00+00:00,14811.5,14964.75,14788.25,14944.75,262057,3898469763.0833335,150,14876.419111427413,primary_2023_2025,139.0,138.25,1.0054249547920433,standard,1_0_to_1_3,176.5,1.2697841726618706,False,0.7549575070821529,0.7549575070821529,1,1,False,True,0.886685552407932,True,True,2023,2023-08,2023-W34
MNQ,2023-08-22,2023-08-22 13:30:00+00:00,2023-08-22 15:29:00+00:00,15091.75,15092.25,14969.25,15020.25,443553,6665379506.5,120,15027.244785854227,2023-08-22 15:30:00+00:00,2023-08-22 17:59:00+00:00,15021.0,15036.5,14931.0,14959.25,277364,4152347399.1666665,150,14970.751067790581,primary_2023_2025,123.0,140.875,0.8731144631765749,standard,0_7_to_1_0,105.5,0.8577235772357723,False,0.5853080568720379,-0.5853080568720379,-1,-1,False,True,0.2677725118483412,True,True,2023,2023-08,2023-W34
MNQ,2023-08-23,2023-08-23 13:30:00+00:00,2023-08-23 15:29:00+00:00,15008.75,15198.0,14999.25,15189.5,363027,5484180641.916667,120,15106.812005489033,2023-08-23 15:30:00+00:00,2023-08-23 17:59:00+00:00,15189.75,15242.5,15167.75,15236.5,184819,2808706281.1666665,150,15197.064593827834,primary_2023_2025,198.75,140.875,1.4108251996450754,standard,1_3_to_1_5,74.75,0.37610062893081764,True,0.6254180602006689,0.6254180602006689,1,1,False,True,0.919732441471572,False,False,2023,2023-08,2023-W34
MNQ,2023-08-24,2023-08-24 13:30:00+00:00,2023-08-24 15:29:00+00:00,15335.25,15339.5,14988.5,15018.25,621569,9408926331.25,120,15137.38029285566,2023-08-24 15:30:00+00:00,2023-08-24 17:59:00+00:00,15018.0,15039.5,14943.0,14975.0,312103,4677678700.333333,150,14987.61210348293,primary_2023_2025,351.0,146.875,2.389787234042553,exhaustion,gt_2_0,96.5,0.27492877492877493,True,0.44559585492227977,-0.44559585492227977,-1,-1,False,True,0.3316062176165803,False,False,2023,2023-08,2023-W34
MNQ,2023-08-25,2023-08-25 13:30:00+00:00,2023-08-25 15:29:00+00:00,14897.0,15049.0,14752.75,14861.0,724602,10787007988.5,120,14886.80405036144,2023-08-25 15:30:00+00:00,2023-08-25 17:59:00+00:00,14860.75,14908.5,14793.5,14881.25,364287,5412408859.916667,150,14857.540510412578,primary_2023_2025,296.25,151.125,1.9602977667493797,exhaustion,1_5_to_2_0,115.0,0.3881856540084388,True,0.1782608695652174,0.1782608695652174,-1,1,True,False,0.7630434782608696,True,True,2023,2023-08,2023-W34
MNQ,2023-08-28,2023-08-28 13:30:00+00:00,2023-08-28 15:29:00+00:00,15098.25,15126.75,14998.75,15016.5,468094,7046444479.666667,120,15053.481735862171,2023-08-28 15:30:00+00:00,2023-08-28 17:59:00+00:00,15016.75,15106.75,14983.5,15009.25,272957,4104344681.9166665,150,15036.598005974078,primary_2023_2025,128.0,151.125,0.8469809760132341,standard,0_7_to_1_0,123.25,0.962890625,False,0.060851926977687626,-0.060851926977687626,-1,-1,False,True,0.20892494929006086,True,True,2023,2023-08,2023-W35
MNQ,2023-08-29,2023-08-29 13:30:00+00:00,2023-08-29 15:29:00+00:00,15076.75,15354.0,15062.25,15345.0,448410,6830484375.75,120,15232.676291229009,2023-08-29 15:30:00+00:00,2023-08-29 17:59:00+00:00,15344.75,15400.25,15342.75,15371.75,196681,3023901327.3333335,150,15374.648935755531,primary_2023_2025,291.75,151.125,1.9305210918114144,exhaustion,1_5_to_2_0,57.5,0.19708654670094258,True,0.46956521739130436,0.46956521739130436,1,1,False,True,0.5043478260869565,False,False,2023,2023-08,2023-W35
MNQ,2023-08-30,2023-08-30 13:30:00+00:00,2023-08-30 15:29:00+00:00,15417.0,15507.5,15374.25,15462.5,492505,7605551380.916667,120,15442.58714310853,2023-08-30 15:30:00+00:00,2023-08-30 17:59:00+00:00,15463.0,15524.5,15458.0,15483.25,205093,3178299060.8333335,150,15496.867571459452,primary_2023_2025,133.25,155.0,0.8596774193548387,standard,0_7_to_1_0,66.5,0.49906191369606,True,0.30451127819548873,0.30451127819548873,1,1,False,True,0.37969924812030076,False,False,2023,2023-08,2023-W35
MNQ,2023-08-31,2023-08-31 13:30:00+00:00,2023-08-31 15:29:00+00:00,15492.25,15606.75,15488.75,15567.0,432286,6725450486.916667,120,15557.872535582153,2023-08-31 15:30:00+00:00,2023-08-31 17:59:00+00:00,15566.75,15582.75,15493.75,15557.0,250086,3887976633.9166665,150,15546.558519535945,primary_2023_2025,118.0,151.125,0.7808105872622002,standard,0_7_to_1_0,89.0,0.7542372881355932,False,0.10955056179775281,-0.10955056179775281,1,-1,True,False,0.7106741573033708,True,True,2023,2023-08,2023-W35
MNQ,2023-09-01,2023-09-01 13:30:00+00:00,2023-09-01 15:29:00+00:00,15633.5,15652.0,15482.5,15507.75,476404,7406952633.333333,120,15547.62897316843,2023-09-01 15:30:00+00:00,2023-09-01 17:59:00+00:00,15507.75,15523.25,15453.5,15503.25,207402,3212833078.1666665,150,15490.849066868528,primary_2023_2025,169.5,151.125,1.1215880893300247,standard,1_0_to_1_3,69.75,0.41150442477876104,True,0.06451612903225806,-0.06451612903225806,-1,-1,False,True,0.7132616487455197,False,False,2023,2023-09,2023-W35
MNQ,2023-09-04,2023-09-04 13:30:00+00:00,2023-09-04 15:29:00+00:00,15555.0,15578.5,15511.75,15519.5,59362,922967350.75,120,15548.117495198949,2023-09-04 15:30:00+00:00,2023-09-04 16:59:00+00:00,15519.75,15534.0,15518.25,15523.25,16570,257271308.33333334,90,15526.331221082279,primary_2023_2025,66.75,151.125,0.44168734491315137,standard,le_0_7,15.75,0.23595505617977527,True,0.2222222222222222,0.2222222222222222,-1,1,True,False,0.31746031746031744,False,False,2023,2023-09,2023-W36
MNQ,2023-09-05,2023-09-05 13:30:00+00:00,2023-09-05 15:29:00+00:00,15481.5,15577.25,15443.25,15531.75,409258,6342298644.75,120,15497.066996246866,2023-09-05 15:30:00+00:00,2023-09-05 17:59:00+00:00,15532.25,15563.75,15502.5,15551.5,184779,2870452528.75,150,15534.517064980328,primary_2023_2025,134.0,151.125,0.8866832092638545,standard,0_7_to_1_0,61.25,0.457089552238806,True,0.3142857142857143,0.3142857142857143,1,1,False,False,0.8,False,False,2023,2023-09,2023-W36
MNQ,2023-09-06,2023-09-06 13:30:00+00:00,2023-09-06 15:29:00+00:00,15500.0,15514.25,15348.25,15389.75,444628,6858751066.916667,120,15425.819037300096,2023-09-06 15:30:00+00:00,2023-09-06 17:59:00+00:00,15389.5,15399.25,15310.5,15357.25,222035,3409155070.4166665,150,15354.133674495763,primary_2023_2025,166.0,145.0,1.1448275862068966,standard,1_0_to_1_3,88.75,0.5346385542168675,False,0.36338028169014086,-0.36338028169014086,-1,-1,False,True,0.5267605633802817,False,False,2023,2023-09,2023-W36
MNQ,2023-09-07,2023-09-07 13:30:00+00:00,2023-09-07 15:29:00+00:00,15200.5,15281.5,15157.5,15229.25,474745,7223634195.166667,120,15215.819429728943,2023-09-07 15:30:00+00:00,2023-09-07 17:59:00+00:00,15229.0,15287.75,15197.25,15279.75,224182,3418166013.1666665,150,15247.28128559236,primary_2023_2025,124.0,145.0,0.8551724137931035,standard,0_7_to_1_0,90.5,0.7298387096774194,False,0.5607734806629834,0.5607734806629834,1,1,False,True,0.9116022099447514,True,True,2023,2023-09,2023-W36
MNQ,2023-09-08,2023-09-08 13:30:00+00:00,2023-09-08 15:29:00+00:00,15272.75,15390.5,15270.5,15355.25,405054,6214918773.25,120,15343.432661447609,2023-09-08 15:30:00+00:00,2023-09-08 17:59:00+00:00,15355.5,15369.75,15301.0,15327.0,202347,3102724100.5,150,15333.679770394421,primary_2023_2025,120.0,136.5,0.8791208791208791,standard,0_7_to_1_0,68.75,0.5729166666666666,False,0.41454545454545455,-0.41454545454545455,1,-1,True,False,0.3781818181818182,True,True,2023,2023-09,2023-W36
MNQ,2023-09-11,2023-09-11 13:30:00+00:00,2023-09-11 15:29:00+00:00,15618.75,15647.0,15537.0,15593.5,256337,3992798060.0,120,15576.362600795048,2023-09-11 15:30:00+00:00,2023-09-11 17:59:00+00:00,15593.25,15668.75,15559.5,15667.0,122263,1907732348.0833333,150,15603.513312149491,primary_2023_2025,110.0,136.5,0.8058608058608059,standard,0_7_to_1_0,109.25,0.9931818181818182,False,0.6750572082379863,0.6750572082379863,-1,1,True,True,0.9839816933638444,True,True,2023,2023-09,2023-W37
MNQ,2023-09-12,2023-09-12 13:30:00+00:00,2023-09-12 15:29:00+00:00,15600.5,15658.75,15516.75,15544.25,307138,4791124019.0,120,15599.255119848407,2023-09-12 15:30:00+00:00,2023-09-12 17:59:00+00:00,15544.25,15615.75,15530.0,15542.25,182102,2834964622.0,150,15568.003767119526,primary_2023_2025,142.0,133.625,1.0626753975678205,standard,1_0_to_1_3,85.75,0.6038732394366197,False,0.023323615160349854,-0.023323615160349854,-1,-1,False,False,0.14285714285714285,True,True,2023,2023-09,2023-W37
MNQ,2023-09-13,2023-09-13 13:30:00+00:00,2023-09-13 15:29:00+00:00,15503.75,15595.0,15454.0,15591.75,384114,5966460568.916667,120,15533.046358416166,2023-09-13 15:30:00+00:00,2023-09-13 17:59:00+00:00,15592.25,15620.0,15537.75,15604.5,197269,3074734457.75,150,15586.506028570126,primary_2023_2025,141.0,133.625,1.0551917680074836,standard,1_0_to_1_3,82.25,0.5833333333333334,False,0.14893617021276595,0.14893617021276595,1,1,False,True,0.8115501519756839,False,False,2023,2023-09,2023-W37
MNQ,2023-09-14,2023-09-14 13:30:00+00:00,2023-09-14 15:29:00+00:00,15619.5,15694.5,15531.0,15660.5,440058,6866217410.416667,120,15602.98281230353,2023-09-14 15:30:00+00:00,2023-09-14 17:59:00+00:00,15660.5,15709.0,15627.0,15680.25,221893,3478400524.4166665,150,15676.026392976193,primary_2023_2025,163.5,136.5,1.1978021978021978,standard,1_0_to_1_3,82.0,0.5015290519877675,False,0.24085365853658536,0.24085365853658536,1,1,False,True,0.649390243902439,False,False,2023,2023-09,2023-W37
MNQ,2023-09-15,2023-09-15 13:30:00+00:00,2023-09-15 15:29:00+00:00,15610.5,15627.75,15414.0,15430.5,466332,7229771311.833333,120,15503.485310536984,2023-09-15 15:30:00+00:00,2023-09-15 17:59:00+00:00,15430.5,15467.25,15365.5,15395.25,268970,4148126155.3333335,150,15422.263283389722,primary_2023_2025,213.75,136.5,1.565934065934066,exhaustion,1_5_to_2_0,101.75,0.4760233918128655,True,0.3464373464373464,-0.3464373464373464,-1,-1,False,True,0.29238329238329236,False,False,2023,2023-09,2023-W37
MNQ,2023-09-18,2023-09-18 13:30:00+00:00,2023-09-18 15:29:00+00:00,15355.75,15441.25,15343.25,15422.25,437277,6734889872.916667,120,15401.88455582312,2023-09-18 15:30:00+00:00,2023-09-18 17:59:00+00:00,15422.0,15460.75,15419.75,15436.25,187410,2893862378.75,150,15441.344532042047,primary_2023_2025,98.0,140.0,0.7,standard,le_0_7,41.0,0.41836734693877553,True,0.3475609756097561,0.3475609756097561,1,1,False,True,0.4024390243902439,False,False,2023,2023-09,2023-W38
MNQ,2023-09-19,2023-09-19 13:30:00+00:00,2023-09-19 15:29:00+00:00,15355.0,15373.25,15248.5,15281.0,416833,6378774321.333333,120,15302.949433786032,2023-09-19 15:30:00+00:00,2023-09-19 17:59:00+00:00,15281.0,15380.0,15258.0,15373.5,243706,3730278060.25,150,15306.467876252535,primary_2023_2025,124.75,137.5,0.9072727272727272,standard,0_7_to_1_0,122.0,0.9779559118236473,False,0.7581967213114754,0.7581967213114754,-1,1,True,True,0.9467213114754098,True,True,2023,2023-09,2023-W38
MNQ,2023-09-20,2023-09-20 13:30:00+00:00,2023-09-20 15:29:00+00:00,15419.25,15435.25,15330.25,15336.25,347713,5350237396.583333,120,15386.935192481538,2023-09-20 15:30:00+00:00,2023-09-20 17:59:00+00:00,15336.25,15387.25,15326.75,15372.0,154043,2366744197.1666665,150,15364.17881478981,primary_2023_2025,105.0,137.5,0.7636363636363637,standard,0_7_to_1_0,60.5,0.5761904761904761,False,0.5909090909090909,0.5909090909090909,-1,1,True,True,0.7479338842975206,True,True,2023,2023-09,2023-W38
MNQ,2023-09-21,2023-09-21 13:30:00+00:00,2023-09-21 15:29:00+00:00,14988.5,15020.0,14919.0,14943.0,497011,7442538536.0,120,14974.595202118264,2023-09-21 15:30:00+00:00,2023-09-21 17:59:00+00:00,14943.0,15000.5,14921.0,14978.5,233079,3486774445.75,150,14959.625044512804,primary_2023_2025,101.0,133.625,0.7558465855940131,standard,0_7_to_1_0,79.5,0.7871287128712872,False,0.44654088050314467,0.44654088050314467,-1,1,True,False,0.7232704402515723,True,True,2023,2023-09,2023-W38
MNQ,2023-09-22,2023-09-22 13:30:00+00:00,2023-09-22 15:29:00+00:00,14937.25,15018.0,14888.0,15010.5,389719,5827901965.916667,120,14954.113004284285,2023-09-22 15:30:00+00:00,2023-09-22 17:59:00+00:00,15010.5,15027.25,14909.25,14916.0,243258,3643218473.3333335,150,14976.767355373035,primary_2023_2025,130.0,130.625,0.9952153110047847,standard,0_7_to_1_0,118.0,0.9076923076923077,False,0.8008474576271186,-0.8008474576271186,1,-1,True,True,0.057203389830508475,True,True,2023,2023-09,2023-W38
MNQ,2023-09-25,2023-09-25 13:30:00+00:00,2023-09-25 15:29:00+00:00,14825.25,14917.25,14782.5,14897.0,443560,6588093657.75,120,14852.767737735594,2023-09-25 15:30:00+00:00,2023-09-25 17:59:00+00:00,14897.25,14936.0,14864.25,14903.25,214234,3191887139.0,150,14899.068957308364,primary_2023_2025,134.75,129.0,1.0445736434108528,standard,1_0_to_1_3,71.75,0.5324675324675324,False,0.08362369337979095,0.08362369337979095,1,1,False,True,0.5435540069686411,False,False,2023,2023-09,2023-W39
MNQ,2023-09-26,2023-09-26 13:30:00+00:00,2023-09-26 15:29:00+00:00,14825.0,14846.0,14724.75,14728.5,460141,6799953646.166667,120,14777.97815488441,2023-09-26 15:30:00+00:00,2023-09-26 17:59:00+00:00,14728.75,14783.5,14704.25,14738.0,271017,3996910184.0,150,14747.820926362552,primary_2023_2025,121.25,131.625,0.9211775878442545,standard,0_7_to_1_0,79.25,0.6536082474226804,False,0.1167192429022082,0.1167192429022082,-1,1,True,True,0.42586750788643535,True,True,2023,2023-09,2023-W39
MNQ,2023-09-27,2023-09-27 13:30:00+00:00,2023-09-27 15:29:00+00:00,14753.25,14806.25,14682.25,14738.25,426155,6283363199.75,120,14744.314157407516,2023-09-27 15:30:00+00:00,2023-09-27 17:59:00+00:00,14738.5,14741.25,14587.25,14620.0,320173,4692545292.333333,150,14656.280486903433,primary_2023_2025,124.0,127.375,0.9735034347399412,standard,0_7_to_1_0,154.0,1.2419354838709677,False,0.7694805194805194,-0.7694805194805194,-1,-1,False,True,0.21266233766233766,False,False,2023,2023-09,2023-W39
MNQ,2023-09-28,2023-09-28 13:30:00+00:00,2023-09-28 15:29:00+00:00,14695.25,14827.75,14656.25,14827.0,495683,7304556296.583333,120,14736.346206311964,2023-09-28 15:30:00+00:00,2023-09-28 17:59:00+00:00,14827.0,14948.0,14825.0,14850.5,324909,4836653100.083333,150,14886.177668465118,primary_2023_2025,171.5,124.375,1.378894472361809,standard,1_3_to_1_5,123.0,0.717201166180758,False,0.1910569105691057,0.1910569105691057,1,1,False,True,0.2073170731707317,False,False,2023,2023-09,2023-W39
MNQ,2023-09-29,2023-09-29 13:30:00+00:00,2023-09-29 15:29:00+00:00,15002.0,15060.75,14952.0,14953.5,443204,6649714030.416667,120,15003.731984405978,2023-09-29 15:30:00+00:00,2023-09-29 17:59:00+00:00,14953.5,14964.0,14819.5,14820.5,371782,5540070059.5,150,14901.39398760564,primary_2023_2025,108.75,127.375,0.8537782139352306,standard,0_7_to_1_0,144.5,1.328735632183908,False,0.9204152249134948,-0.9204152249134948,-1,-1,False,True,0.006920415224913495,False,False,2023,2023-09,2023-W39
MNQ,2023-10-02,2023-10-02 13:30:00+00:00,2023-10-02 15:29:00+00:00,14874.0,15046.25,14847.25,15038.75,546097,8164358670.416667,120,14950.381837689398,2023-10-02 15:30:00+00:00,2023-10-02 17:59:00+00:00,15039.0,15045.25,14866.75,14908.75,369920,5520865536.25,150,14924.485121783087,primary_2023_2025,199.0,124.375,1.6,exhaustion,1_5_to_2_0,178.5,0.8969849246231156,False,0.7296918767507002,-0.7296918767507002,1,-1,True,False,0.23529411764705882,True,True,2023,2023-10,2023-W40
MNQ,2023-10-03,2023-10-03 13:30:00+00:00,2023-10-03 15:29:00+00:00,14879.5,14974.0,14725.0,14737.5,566178,8393908190.416667,120,14825.564028303232,2023-10-03 15:30:00+00:00,2023-10-03 17:59:00+00:00,14737.25,14785.0,14689.5,14697.0,309500,4562001651.5,150,14739.90840549273,primary_2023_2025,249.0,127.375,1.9548577036310109,exhaustion,1_5_to_2_0,95.5,0.38353413654618473,True,0.4214659685863874,-0.4214659685863874,-1,-1,False,True,0.07853403141361257,False,False,2023,2023-10,2023-W40
MNQ,2023-10-04,2023-10-04 13:30:00+00:00,2023-10-04 15:29:00+00:00,14753.25,14857.75,14734.25,14838.75,522909,7735678893.166667,120,14793.547047701735,2023-10-04 15:30:00+00:00,2023-10-04 17:59:00+00:00,14839.0,14900.0,14815.5,14820.5,297823,4425846434.833333,150,14860.660307744309,primary_2023_2025,123.5,127.375,0.9695780176643768,standard,0_7_to_1_0,84.5,0.6842105263157895,False,0.21893491124260356,-0.21893491124260356,1,-1,True,True,0.05917159763313609,False,False,2023,2023-10,2023-W40
MNQ,2023-10-05,2023-10-05 13:30:00+00:00,2023-10-05 15:29:00+00:00,14909.25,14926.5,14716.0,14755.75,463876,6862737654.833333,120,14794.336535697757,2023-10-05 15:30:00+00:00,2023-10-05 17:59:00+00:00,14756.25,14862.0,14735.25,14855.75,311628,4612024193.25,150,14799.774709750087,primary_2023_2025,210.5,124.375,1.692462311557789,exhaustion,1_5_to_2_0,126.75,0.6021377672209026,False,0.7850098619329389,0.7850098619329389,-1,1,True,False,0.9506903353057199,True,True,2023,2023-10,2023-W40
MNQ,2023-10-06,2023-10-06 13:30:00+00:00,2023-10-06 15:29:00+00:00,14736.25,14950.0,14702.0,14924.0,650864,9640161928.666666,120,14811.330675327974,2023-10-06 15:30:00+00:00,2023-10-06 17:59:00+00:00,14923.75,15098.25,14922.75,15095.75,314985,4736931617.583333,150,15038.594274595085,primary_2023_2025,248.0,127.375,1.9470068694798823,exhaustion,1_5_to_2_0,175.5,0.7076612903225806,False,0.98005698005698,0.98005698005698,1,1,False,True,0.9857549857549858,False,False,2023,2023-10,2023-W40
MNQ,2023-10-09,2023-10-09 13:30:00+00:00,2023-10-09 15:29:00+00:00,15012.25,15067.0,14949.25,15031.0,376995,5659813820.75,120,15012.967866284698,2023-10-09 15:30:00+00:00,2023-10-09 17:59:00+00:00,15031.25,15192.75,15021.75,15191.25,232216,3503632527.9166665,150,15087.817066509915,primary_2023_2025,117.75,132.375,0.8895184135977338,standard,0_7_to_1_0,171.0,1.4522292993630572,False,0.935672514619883,0.935672514619883,1,1,False,True,0.9912280701754386,False,False,2023,2023-10,2023-W41
MNQ,2023-10-10,2023-10-10 13:30:00+00:00,2023-10-10 15:29:00+00:00,15200.25,15358.75,15180.0,15351.25,395887,6044936409.583333,120,15269.348095752912,2023-10-10 15:30:00+00:00,2023-10-10 17:59:00+00:00,15351.5,15383.5,15255.25,15291.0,287752,4410146210.5,150,15326.205240971392,primary_2023_2025,178.75,132.375,1.3503305004721435,standard,1_3_to_1_5,128.25,0.7174825174825175,False,0.47173489278752434,-0.47173489278752434,1,-1,True,True,0.2787524366471735,True,True,2023,2023-10,2023-W41
MNQ,2023-10-11,2023-10-11 13:30:00+00:00,2023-10-11 15:29:00+00:00,15325.25,15387.5,15300.25,15313.25,432358,6632063318.666667,120,15339.286699139757,2023-10-11 15:30:00+00:00,2023-10-11 17:59:00+00:00,15313.75,15331.0,15253.0,15281.25,242456,3708042897.25,150,15293.67347993038,primary_2023_2025,87.25,132.375,0.6591123701605288,standard,le_0_7,78.0,0.8939828080229226,False,0.4166666666666667,-0.4166666666666667,-1,-1,False,True,0.36217948717948717,False,False,2023,2023-10,2023-W41
MNQ,2023-10-12,2023-10-12 13:30:00+00:00,2023-10-12 15:29:00+00:00,15393.0,15467.0,15365.5,15418.0,449092,6922335222.166667,120,15414.069326923363,2023-10-12 15:30:00+00:00,2023-10-12 17:59:00+00:00,15418.5,15469.5,15276.75,15280.75,344603,5300591215.5,150,15381.732647423267,primary_2023_2025,101.5,127.375,0.7968596663395485,standard,0_7_to_1_0,192.75,1.8990147783251232,False,0.7146562905317769,-0.7146562905317769,1,-1,True,True,0.020752269779507133,True,True,2023,2023-10,2023-W41
MNQ,2023-10-13,2023-10-13 13:30:00+00:00,2023-10-13 15:29:00+00:00,15342.25,15367.0,15147.5,15159.25,511092,7806299202.833333,120,15273.765198503073,2023-10-13 15:30:00+00:00,2023-10-13 17:59:00+00:00,15159.5,15200.75,15062.0,15117.5,386406,5848882870.5,150,15136.625390133693,primary_2023_2025,219.5,124.375,1.764824120603015,exhaustion,1_5_to_2_0,138.75,0.6321184510250569,False,0.3027027027027027,-0.3027027027027027,-1,-1,False,True,0.4,False,False,2023,2023-10,2023-W41
MNQ,2023-10-16,2023-10-16 13:30:00+00:00,2023-10-16 15:29:00+00:00,15175.75,15325.25,15168.75,15302.25,439915,6710989588.666667,120,15255.196091669224,2023-10-16 15:30:00+00:00,2023-10-16 17:59:00+00:00,15301.75,15321.5,15211.75,15308.75,266675,4074211519.4166665,150,15277.815766069809,primary_2023_2025,156.5,124.375,1.258291457286432,standard,1_0_to_1_3,109.75,0.7012779552715654,False,0.06378132118451026,0.06378132118451026,1,1,False,False,0.8838268792710706,True,True,2023,2023-10,2023-W42
MNQ,2023-10-17,2023-10-17 13:30:00+00:00,2023-10-17 15:29:00+00:00,15138.75,15246.75,15050.0,15231.5,493523,7480164201.166667,120,15156.667878025273,2023-10-17 15:30:00+00:00,2023-10-17 17:59:00+00:00,15231.25,15309.25,15190.5,15204.25,305937,4670206606.666667,150,15265.255940493196,primary_2023_2025,196.75,127.375,1.5446516192345436,exhaustion,1_5_to_2_0,118.75,0.6035578144853876,False,0.22736842105263158,-0.22736842105263158,1,-1,True,True,0.11578947368421053,False,False,2023,2023-10,2023-W42
MNQ,2023-10-18,2023-10-18 13:30:00+00:00,2023-10-18 15:29:00+00:00,15130.5,15224.0,15093.25,15130.25,578870,8768722411.0,120,15147.999397101248,2023-10-18 15:30:00+00:00,2023-10-18 17:59:00+00:00,15130.0,15177.75,15064.75,15114.0,416740,6302473053.583333,150,15123.27363244069,primary_2023_2025,130.75,132.375,0.987724268177526,standard,0_7_to_1_0,113.0,0.864244741873805,False,0.1415929203539823,-0.1415929203539823,-1,-1,False,True,0.4358407079646018,True,True,2023,2023-10,2023-W42
MNQ,2023-10-19,2023-10-19 13:30:00+00:00,2023-10-19 15:29:00+00:00,15087.75,15109.25,14966.25,15014.0,502914,7564465164.166667,120,15041.269807892933,2023-10-19 15:30:00+00:00,2023-10-19 17:59:00+00:00,15014.0,15138.0,14926.0,14990.75,753766,11336549982.0,150,15039.879726599502,primary_2023_2025,143.0,132.75,1.0772128060263653,standard,1_0_to_1_3,212.0,1.4825174825174825,False,0.10966981132075472,-0.10966981132075472,-1,-1,False,True,0.30542452830188677,True,True,2023,2023-10,2023-W42
MNQ,2023-10-20,2023-10-20 13:30:00+00:00,2023-10-20 15:29:00+00:00,14862.0,14885.75,14666.25,14676.25,539177,7970498941.75,120,14782.713175358,2023-10-20 15:30:00+00:00,2023-10-20 17:59:00+00:00,14676.0,14803.5,14660.0,14777.0,352868,5199801578.333333,150,14735.826366611122,primary_2023_2025,219.5,138.875,1.5805580558055805,exhaustion,1_5_to_2_0,143.5,0.6537585421412301,False,0.7038327526132404,0.7038327526132404,-1,1,True,True,0.8153310104529616,True,True,2023,2023-10,2023-W42
MNQ,2023-10-23,2023-10-23 13:30:00+00:00,2023-10-23 15:29:00+00:00,14602.0,14749.0,14514.25,14741.0,508492,7443857921.083333,120,14639.085612130246,2023-10-23 15:30:00+00:00,2023-10-23 17:59:00+00:00,14741.0,14854.25,14727.0,14798.25,292720,4327865011.916667,150,14784.999357463334,primary_2023_2025,234.75,149.75,1.5676126878130217,exhaustion,1_5_to_2_0,127.25,0.5420660276890309,False,0.449901768172888,0.449901768172888,1,1,False,True,0.5599214145383105,False,False,2023,2023-10,2023-W43
MNQ,2023-10-24,2023-10-24 13:30:00+00:00,2023-10-24 15:29:00+00:00,14778.25,14877.75,14759.0,14801.5,541189,8019151328.833333,120,14817.65395976883,2023-10-24 15:30:00+00:00,2023-10-24 17:59:00+00:00,14802.0,14834.0,14705.75,14772.25,314176,4639588028.583333,150,14767.480738768503,primary_2023_2025,118.75,164.0,0.7240853658536586,standard,0_7_to_1_0,128.25,1.08,False,0.23196881091617932,-0.23196881091617932,1,-1,True,True,0.5185185185185185,True,True,2023,2023-10,2023-W43
MNQ,2023-10-25,2023-10-25 13:30:00+00:00,2023-10-25 15:29:00+00:00,14741.5,14749.0,14597.0,14637.25,524642,7682757966.25,120,14643.810381650726,2023-10-25 15:30:00+00:00,2023-10-25 17:59:00+00:00,14637.75,14649.0,14453.0,14482.75,359888,5236502818.166667,150,14550.367942711808,primary_2023_2025,152.0,164.0,0.926829268292683,standard,0_7_to_1_0,196.0,1.2894736842105263,False,0.7908163265306123,-0.7908163265306123,-1,-1,False,True,0.15178571428571427,True,True,2023,2023-10,2023-W43
MNQ,2023-10-26,2023-10-26 13:30:00+00:00,2023-10-26 15:29:00+00:00,14420.75,14459.25,14250.0,14257.5,613279,8793603090.0,120,14338.666561222542,2023-10-26 15:30:00+00:00,2023-10-26 17:59:00+00:00,14257.75,14285.0,14136.5,14224.0,416827,5920433339.25,150,14203.57447874058,primary_2023_2025,209.25,164.0,1.2759146341463414,standard,1_0_to_1_3,148.5,0.7096774193548387,False,0.22727272727272727,-0.22727272727272727,-1,-1,False,True,0.5892255892255892,False,False,2023,2023-10,2023-W43
MNQ,2023-10-27,2023-10-27 13:30:00+00:00,2023-10-27 15:29:00+00:00,14306.75,14407.5,14274.0,14389.5,513442,7358373807.166667,120,14331.460626841332,2023-10-27 15:30:00+00:00,2023-10-27 17:59:00+00:00,14389.75,14394.25,14229.0,14243.5,365341,5228438130.833333,150,14311.117916777293,primary_2023_2025,133.5,167.625,0.796420581655481,standard,0_7_to_1_0,165.25,1.2378277153558053,False,0.8850226928895613,-0.8850226928895613,1,-1,True,True,0.08774583963691376,True,True,2023,2023-10,2023-W43
MNQ,2023-10-30,2023-10-30 13:30:00+00:00,2023-10-30 15:29:00+00:00,14365.25,14476.25,14306.25,14340.75,480023,6905670452.916667,120,14386.124108462858,2023-10-30 15:30:00+00:00,2023-10-30 17:59:00+00:00,14340.5,14429.5,14310.5,14425.75,305780,4392878962.0,150,14366.142200274708,primary_2023_2025,170.0,167.625,1.0141685309470545,standard,1_0_to_1_3,119.0,0.7,False,0.7163865546218487,0.7163865546218487,-1,1,True,False,0.9684873949579832,True,True,2023,2023-10,2023-W44
MNQ,2023-10-31,2023-10-31 13:30:00+00:00,2023-10-31 15:29:00+00:00,14419.25,14434.25,14311.25,14379.75,458066,6586643662.666667,120,14379.245922348891,2023-10-31 15:30:00+00:00,2023-10-31 17:59:00+00:00,14380.0,14484.0,14366.25,14477.0,316527,4562822267.416667,150,14415.270316328992,primary_2023_2025,123.0,163.25,0.7534456355283308,standard,0_7_to_1_0,117.75,0.9573170731707317,False,0.8237791932059448,0.8237791932059448,-1,1,True,True,0.940552016985138,True,True,2023,2023-10,2023-W44
MNQ,2023-11-01,2023-11-01 13:30:00+00:00,2023-11-01 15:29:00+00:00,14519.75,14649.5,14515.25,14591.5,381307,5561465018.833333,120,14585.268612517822,2023-11-01 15:30:00+00:00,2023-11-01 17:59:00+00:00,14590.75,14620.0,14562.25,14600.25,188185,2746548255.4166665,150,14594.937191681944,primary_2023_2025,134.25,154.25,0.8703403565640194,standard,0_7_to_1_0,57.75,0.4301675977653631,True,0.1645021645021645,0.1645021645021645,1,1,False,False,0.658008658008658,True,True,2023,2023-11,2023-W44
MNQ,2023-11-02,2023-11-02 13:30:00+00:00,2023-11-02 15:29:00+00:00,14920.5,14971.75,14869.0,14940.25,407928,6088609933.833333,120,14925.697509936394,2023-11-02 15:30:00+00:00,2023-11-02 17:59:00+00:00,14940.5,15000.0,14922.5,14993.25,216206,3233633164.5,150,14956.260069100765,primary_2023_2025,102.75,154.25,0.6661264181523501,standard,le_0_7,77.5,0.754257907542579,False,0.6806451612903226,0.6806451612903226,1,1,False,True,0.9129032258064517,True,True,2023,2023-11,2023-W44
MNQ,2023-11-03,2023-11-03 13:30:00+00:00,2023-11-03 15:29:00+00:00,15051.0,15163.25,15040.25,15104.5,429436,6482761424.166667,120,15095.989679874689,2023-11-03 15:30:00+00:00,2023-11-03 17:59:00+00:00,15105.0,15204.25,15102.5,15191.5,230274,3492326897.6666665,150,15165.962712536659,primary_2023_2025,123.0,147.5,0.8338983050847457,standard,0_7_to_1_0,101.75,0.8272357723577236,False,0.8501228501228502,0.8501228501228502,1,1,False,True,0.8746928746928747,False,False,2023,2023-11,2023-W44
MNQ,2023-11-06,2023-11-06 14:30:00+00:00,2023-11-06 16:29:00+00:00,15204.25,15257.5,15184.5,15220.5,336186,5116551830.083333,120,15219.407798312044,2023-11-06 16:30:00+00:00,2023-11-06 18:59:00+00:00,15221.25,15229.25,15138.0,15169.0,199192,3025355482.6666665,150,15188.137488788036,primary_2023_2025,73.0,138.625,0.5266005410279531,standard,le_0_7,91.25,1.25,False,0.5726027397260274,-0.5726027397260274,1,-1,True,True,0.33972602739726027,True,True,2023,2023-11,2023-W45
MNQ,2023-11-07,2023-11-07 14:30:00+00:00,2023-11-07 16:29:00+00:00,15275.75,15396.25,15224.5,15384.75,378228,5790967234.416667,120,15310.7840625672,2023-11-07 16:30:00+00:00,2023-11-07 18:59:00+00:00,15384.75,15407.5,15329.5,15400.75,224180,3446897486.75,150,15375.579832054598,primary_2023_2025,171.75,138.625,1.2389540126239855,standard,1_0_to_1_3,78.0,0.45414847161572053,True,0.20512820512820512,0.20512820512820512,1,1,False,True,0.9134615384615384,False,False,2023,2023-11,2023-W45
MNQ,2023-11-08,2023-11-08 14:30:00+00:00,2023-11-08 16:29:00+00:00,15388.5,15417.75,15330.25,15345.5,388753,5975486523.833333,120,15370.90780992901,2023-11-08 16:30:00+00:00,2023-11-08 18:59:00+00:00,15346.0,15369.5,15286.5,15358.5,234451,3595741764.9166665,150,15336.858298393552,primary_2023_2025,87.5,138.625,0.6311992786293958,standard,le_0_7,83.0,0.9485714285714286,False,0.15060240963855423,0.15060240963855423,-1,1,True,True,0.8674698795180723,False,False,2023,2023-11,2023-W45
MNQ,2023-11-09,2023-11-09 14:30:00+00:00,2023-11-09 16:29:00+00:00,15404.0,15432.75,15346.25,15408.25,400438,6161639215.0,120,15387.24899984517,2023-11-09 16:30:00+00:00,2023-11-09 18:59:00+00:00,15408.25,15453.25,15305.0,15342.5,358215,5509689696.0,150,15380.957514341946,primary_2023_2025,86.5,138.625,0.6239855725879171,standard,le_0_7,148.25,1.7138728323699421,False,0.44350758853288363,-0.44350758853288363,1,-1,True,True,0.25295109612141653,True,True,2023,2023-11,2023-W45
MNQ,2023-11-10,2023-11-10 14:30:00+00:00,2023-11-10 16:29:00+00:00,15328.0,15448.5,15305.5,15436.25,434776,6679867751.083333,120,15363.929359217926,2023-11-10 16:30:00+00:00,2023-11-10 18:59:00+00:00,15436.75,15568.75,15412.75,15558.0,264670,4102034839.5,150,15498.676992103374,primary_2023_2025,143.0,138.625,1.0315599639314699,standard,1_0_to_1_3,156.0,1.0909090909090908,False,0.7772435897435898,0.7772435897435898,1,1,False,True,0.9310897435897436,False,False,2023,2023-11,2023-W45
MNQ,2023-11-13,2023-11-13 14:30:00+00:00,2023-11-13 16:29:00+00:00,15529.5,15568.75,15465.25,15568.5,354213,5496365082.166667,120,15517.118463090477,2023-11-13 16:30:00+00:00,2023-11-13 18:59:00+00:00,15568.0,15589.5,15537.25,15558.5,201692,3138423206.3333335,150,15560.474418089629,primary_2023_2025,103.5,138.625,0.7466185752930569,standard,0_7_to_1_0,52.25,0.5048309178743962,False,0.18181818181818182,-0.18181818181818182,1,-1,True,True,0.40669856459330145,False,False,2023,2023-11,2023-W46
MNQ,2023-11-14,2023-11-14 14:30:00+00:00,2023-11-14 16:29:00+00:00,15812.25,15902.75,15790.0,15870.0,368210,5839221572.583333,120,15858.400294895122,2023-11-14 16:30:00+00:00,2023-11-14 18:59:00+00:00,15870.75,15888.25,15833.25,15852.0,187352,2971446616.0833335,150,15860.23429738318,primary_2023_2025,112.75,133.875,0.842203548085901,standard,0_7_to_1_0,55.0,0.4878048780487805,True,0.3409090909090909,-0.3409090909090909,1,-1,True,False,0.3409090909090909,True,True,2023,2023-11,2023-W46
MNQ,2023-11-15,2023-11-15 14:30:00+00:00,2023-11-15 16:29:00+00:00,15957.0,15977.25,15905.75,15957.75,362097,5772992675.25,120,15943.221499349622,2023-11-15 16:30:00+00:00,2023-11-15 18:59:00+00:00,15958.0,15958.25,15832.5,15907.75,253133,4023667772.1666665,150,15895.469070277943,primary_2023_2025,71.5,132.125,0.5411542100283823,standard,le_0_7,125.75,1.7587412587412588,False,0.3996023856858847,-0.3996023856858847,1,-1,True,True,0.5984095427435387,True,True,2023,2023-11,2023-W46
MNQ,2023-11-16,2023-11-16 14:30:00+00:00,2023-11-16 16:29:00+00:00,15851.0,15905.75,15807.25,15812.5,418444,6634492467.916667,120,15855.150194331061,2023-11-16 16:30:00+00:00,2023-11-16 18:59:00+00:00,15812.75,15902.75,15797.75,15848.0,247130,3918205911.25,150,15854.837175777931,primary_2023_2025,98.5,128.25,0.7680311890838206,standard,0_7_to_1_0,105.0,1.0659898477157361,False,0.3357142857142857,0.3357142857142857,-1,1,True,True,0.4785714285714286,True,True,2023,2023-11,2023-W46
MNQ,2023-11-17,2023-11-17 14:30:00+00:00,2023-11-17 16:29:00+00:00,15862.5,15880.75,15824.5,15859.25,329450,5223501251.75,120,15855.217033692517,2023-11-17 16:30:00+00:00,2023-11-17 18:59:00+00:00,15858.75,15920.75,15850.25,15910.0,188585,2995786622.25,150,15885.603957101572,primary_2023_2025,56.25,123.0,0.4573170731707317,standard,le_0_7,70.5,1.2533333333333334,False,0.7269503546099291,0.7269503546099291,-1,1,True,True,0.8475177304964538,True,True,2023,2023-11,2023-W46
MNQ,2023-11-20,2023-11-20 14:30:00+00:00,2023-11-20 16:29:00+00:00,15895.0,16018.5,15894.75,16011.25,342516,5471706539.416667,120,15975.039237339764,2023-11-20 16:30:00+00:00,2023-11-20 18:59:00+00:00,16011.5,16075.75,16001.0,16070.5,170982,2742126413.0833335,150,16037.515136583579,primary_2023_2025,123.75,120.875,1.0237849017580145,standard,1_0_to_1_3,74.75,0.604040404040404,False,0.7892976588628763,0.7892976588628763,1,1,False,True,0.9297658862876255,False,False,2023,2023-11,2023-W47
MNQ,2023-11-21,2023-11-21 14:30:00+00:00,2023-11-21 16:29:00+00:00,16013.0,16021.25,15917.0,15947.5,336813,5378365894.75,120,15968.403519905705,2023-11-21 16:30:00+00:00,2023-11-21 18:59:00+00:00,15947.25,15990.0,15929.5,15976.25,166346,2655229929.1666665,150,15962.09063738633,primary_2023_2025,104.25,120.875,0.8624612202688728,standard,0_7_to_1_0,60.5,0.580335731414868,False,0.4793388429752066,0.4793388429752066,-1,1,True,False,0.7727272727272727,True,True,2023,2023-11,2023-W47
MNQ,2023-11-22,2023-11-22 14:30:00+00:00,2023-11-22 16:29:00+00:00,16069.75,16173.25,16005.25,16064.75,501911,8068877081.25,120,16076.31050375465,2023-11-22 16:30:00+00:00,2023-11-22 18:59:00+00:00,16065.0,16104.75,16058.0,16090.0,175486,2822071250.3333335,150,16081.460916160455,primary_2023_2025,168.0,117.875,1.4252386002120891,standard,1_3_to_1_5,46.75,0.27827380952380953,True,0.5347593582887701,0.5347593582887701,-1,1,True,False,0.6844919786096256,True,True,2023,2023-11,2023-W47
MNQ,2023-11-23,2023-11-23 14:30:00+00:00,2023-11-23 16:29:00+00:00,16063.0,16074.5,16051.5,16068.0,36463,585671751.9166666,120,16062.083534450447,2023-11-23 16:30:00+00:00,2023-11-23 17:59:00+00:00,16068.25,16072.0,16058.5,16062.25,9614,154450730.91666666,90,16065.189402607308,primary_2023_2025,23.0,117.875,0.1951219512195122,standard,le_0_7,13.5,0.5869565217391305,False,0.4444444444444444,-0.4444444444444444,1,-1,True,False,0.2777777777777778,True,True,2023,2023-11,2023-W47
MNQ,2023-11-24,2023-11-24 14:30:00+00:00,2023-11-24 16:29:00+00:00,16028.25,16053.25,15981.75,16009.0,213477,3418589998.6666665,120,16013.856287406448,2023-11-24 16:30:00+00:00,2023-11-24 18:14:00+00:00,16008.75,16026.0,15999.75,16010.75,60744,972814988.1666666,105,16014.997171188375,primary_2023_2025,71.5,108.5,0.6589861751152074,standard,le_0_7,26.25,0.36713286713286714,True,0.0761904761904762,0.0761904761904762,-1,1,True,False,0.41904761904761906,True,True,2023,2023-11,2023-W47
MNQ,2023-11-27,2023-11-27 14:30:00+00:00,2023-11-27 16:29:00+00:00,15999.0,16051.5,15970.25,16028.5,357808,5731134312.916667,120,16017.345372145584,2023-11-27 16:30:00+00:00,2023-11-27 18:59:00+00:00,16028.25,16089.0,16020.5,16053.25,192929,3098231419.6666665,150,16058.920222810808,primary_2023_2025,81.25,103.875,0.7821901323706378,standard,0_7_to_1_0,68.5,0.8430769230769231,False,0.36496350364963503,0.36496350364963503,1,1,False,True,0.4781021897810219,False,False,2023,2023-11,2023-W48
MNQ,2023-11-28,2023-11-28 14:30:00+00:00,2023-11-28 16:29:00+00:00,15974.25,16047.75,15958.25,16040.25,404176,6466347783.583333,120,15998.841553143515,2023-11-28 16:30:00+00:00,2023-11-28 18:59:00+00:00,16040.25,16071.5,15968.75,16002.25,250486,4013782629.3333335,150,16023.979900406943,primary_2023_2025,89.5,103.125,0.8678787878787879,standard,0_7_to_1_0,102.75,1.1480446927374302,False,0.36982968369829683,-0.36982968369829683,1,-1,True,True,0.3260340632603406,True,True,2023,2023-11,2023-W48
MNQ,2023-11-29,2023-11-29 14:30:00+00:00,2023-11-29 16:29:00+00:00,16147.25,16207.75,16038.25,16045.25,437596,7058358439.166667,120,16129.851367852236,2023-11-29 16:30:00+00:00,2023-11-29 18:59:00+00:00,16045.25,16100.0,16032.0,16076.0,194461,3125435604.1666665,150,16072.300379853372,primary_2023_2025,169.5,100.625,1.684472049689441,exhaustion,1_5_to_2_0,68.0,0.40117994100294985,True,0.4522058823529412,0.4522058823529412,-1,1,True,True,0.6470588235294118,False,False,2023,2023-11,2023-W48
MNQ,2023-11-30,2023-11-30 14:30:00+00:00,2023-11-30 16:29:00+00:00,16032.5,16051.5,15882.0,15894.5,472932,7544488896.833333,120,15952.587045988288,2023-11-30 16:30:00+00:00,2023-11-30 18:59:00+00:00,15894.75,15912.0,15855.75,15875.5,221823,3523339800.4166665,150,15883.563924465301,primary_2023_2025,169.5,100.625,1.684472049689441,exhaustion,1_5_to_2_0,56.25,0.33185840707964603,True,0.3422222222222222,-0.3422222222222222,-1,-1,False,True,0.3511111111111111,False,False,2023,2023-11,2023-W48
MNQ,2023-12-01,2023-12-01 14:30:00+00:00,2023-12-01 16:29:00+00:00,15933.5,15984.0,15864.5,15961.75,503522,8016294540.333333,120,15920.445462826516,2023-12-01 16:30:00+00:00,2023-12-01 18:59:00+00:00,15961.75,16050.0,15936.0,15994.75,291036,4656956453.25,150,16001.3072377644,primary_2023_2025,119.5,101.0,1.183168316831683,standard,1_0_to_1_3,114.0,0.9539748953974896,False,0.2894736842105263,0.2894736842105263,1,1,False,True,0.5153508771929824,False,False,2023,2023-12,2023-W48
MNQ,2023-12-04,2023-12-04 14:30:00+00:00,2023-12-04 16:29:00+00:00,15862.25,15876.25,15721.25,15769.5,428022,6762871644.5,120,15800.289808701422,2023-12-04 16:30:00+00:00,2023-12-04 18:59:00+00:00,15769.75,15868.25,15760.5,15822.75,233558,3696547278.9166665,150,15827.10623877866,primary_2023_2025,155.0,101.0,1.5346534653465347,exhaustion,1_5_to_2_0,107.75,0.6951612903225807,False,0.4918793503480278,0.4918793503480278,-1,1,True,False,0.5777262180974478,True,True,2023,2023-12,2023-W49
MNQ,2023-12-05,2023-12-05 14:30:00+00:00,2023-12-05 16:29:00+00:00,15791.0,15961.75,15783.25,15877.0,496001,7880420124.916667,120,15887.911768155038,2023-12-05 16:30:00+00:00,2023-12-05 18:59:00+00:00,15877.25,15904.25,15827.5,15873.0,274637,4358778685.333333,150,15871.054101717296,primary_2023_2025,178.5,103.875,1.7184115523465704,exhaustion,1_5_to_2_0,76.75,0.42997198879551823,True,0.05537459283387622,-0.05537459283387622,1,-1,True,False,0.5928338762214984,True,True,2023,2023-12,2023-W49
MNQ,2023-12-06,2023-12-06 14:30:00+00:00,2023-12-06 16:29:00+00:00,16033.75,16039.0,15876.0,15908.75,454497,7244781328.666667,120,15940.218150321492,2023-12-06 16:30:00+00:00,2023-12-06 18:59:00+00:00,15909.5,15924.5,15844.5,15884.5,257437,4089535963.6666665,150,15885.579631780462,primary_2023_2025,163.0,103.875,1.569193742478941,exhaustion,1_5_to_2_0,80.0,0.49079754601226994,True,0.3125,-0.3125,-1,-1,False,True,0.5,False,False,2023,2023-12,2023-W49
MNQ,2023-12-07,2023-12-07 14:30:00+00:00,2023-12-07 16:29:00+00:00,15934.25,16011.25,15888.0,15970.25,466158,7437695846.0,120,15955.31095894525,2023-12-07 16:30:00+00:00,2023-12-07 18:59:00+00:00,15969.5,16056.25,15968.25,16033.25,218638,3504002689.75,150,16026.503580118735,primary_2023_2025,123.25,108.5,1.1359447004608294,standard,1_0_to_1_3,88.0,0.7139959432048681,False,0.7244318181818182,0.7244318181818182,1,1,False,True,0.7386363636363636,False,False,2023,2023-12,2023-W49
MNQ,2023-12-08,2023-12-08 14:30:00+00:00,2023-12-08 16:29:00+00:00,15956.0,16113.25,15946.75,16054.25,481321,7721163586.083333,120,16041.609624519464,2023-12-08 16:30:00+00:00,2023-12-08 18:59:00+00:00,16054.25,16087.75,15989.75,16086.25,214724,3445328054.5833335,150,16045.379438643717,primary_2023_2025,166.5,116.125,1.433799784714747,standard,1_3_to_1_5,98.0,0.5885885885885885,False,0.32653061224489793,0.32653061224489793,1,1,False,False,0.9846938775510204,True,True,2023,2023-12,2023-W49
MNQ,2023-12-11,2023-12-11 14:30:00+00:00,2023-12-11 16:29:00+00:00,16290.0,16413.0,16281.5,16364.25,211309,3456565081.6666665,120,16357.869667958612,2023-12-11 16:30:00+00:00,2023-12-11 18:59:00+00:00,16364.0,16457.25,16334.0,16448.5,107356,1760410882.9166667,150,16397.880723170263,primary_2023_2025,131.5,116.125,1.132400430570506,standard,1_0_to_1_3,123.25,0.9372623574144486,False,0.6855983772819473,0.6855983772819473,1,1,False,True,0.9290060851926978,True,True,2023,2023-12,2023-W50
MNQ,2023-12-12,2023-12-12 14:30:00+00:00,2023-12-12 16:29:00+00:00,16444.5,16516.25,16396.5,16495.5,228991,3768860198.5,120,16458.55163958409,2023-12-12 16:30:00+00:00,2023-12-12 18:59:00+00:00,16495.25,16534.5,16464.75,16530.25,104865,1730108943.0,150,16498.440308968675,primary_2023_2025,119.75,121.375,0.9866117404737385,standard,0_7_to_1_0,69.75,0.5824634655532359,False,0.5017921146953405,0.5017921146953405,1,1,False,True,0.9390681003584229,False,False,2023,2023-12,2023-W50
MNQ,2023-12-13,2023-12-13 14:30:00+00:00,2023-12-13 16:29:00+00:00,16609.5,16657.25,16596.75,16608.25,225990,3757336348.0,120,16626.117739722995,2023-12-13 16:30:00+00:00,2023-12-13 18:59:00+00:00,16608.25,16620.0,16576.0,16590.25,96136,1595620657.5833333,150,16597.535341426035,primary_2023_2025,60.5,121.5,0.49794238683127573,standard,le_0_7,44.0,0.7272727272727273,False,0.4090909090909091,-0.4090909090909091,-1,-1,False,True,0.32386363636363635,False,False,2023,2023-12,2023-W50
MNQ,2023-12-14,2023-12-14 14:30:00+00:00,2023-12-14 16:29:00+00:00,16820.5,16877.25,16745.5,16765.75,426428,7169514907.333333,120,16812.955310939557,2023-12-14 16:30:00+00:00,2023-12-14 18:59:00+00:00,16765.75,16818.0,16627.25,16667.75,255446,4274790517.333333,150,16734.615211564607,primary_2023_2025,131.75,121.5,1.0843621399176955,standard,1_0_to_1_3,190.75,1.4478178368121442,False,0.5137614678899083,-0.5137614678899083,-1,-1,False,True,0.21231979030144169,True,True,2023,2023-12,2023-W50
MNQ,2023-12-15,2023-12-15 14:30:00+00:00,2023-12-15 16:29:00+00:00,16787.75,16879.0,16780.25,16876.0,320311,5392635027.916667,120,16835.622341776172,2023-12-15 16:30:00+00:00,2023-12-15 18:59:00+00:00,16876.25,16887.25,16762.75,16780.25,236167,3974316960.8333335,150,16828.417860384106,primary_2023_2025,98.75,123.5,0.7995951417004049,standard,0_7_to_1_0,124.5,1.2607594936708861,False,0.7710843373493976,-0.7710843373493976,1,-1,True,True,0.14056224899598393,True,True,2023,2023-12,2023-W50
MNQ,2023-12-18,2023-12-18 14:30:00+00:00,2023-12-18 16:29:00+00:00,16846.5,16906.5,16832.0,16899.5,293464,4952552615.833333,120,16876.184526324636,2023-12-18 16:30:00+00:00,2023-12-18 18:59:00+00:00,16900.0,16957.0,16899.25,16954.0,135343,2290896469.0833335,150,16926.597379128092,primary_2023_2025,74.5,123.5,0.6032388663967612,standard,le_0_7,57.75,0.7751677852348994,False,0.935064935064935,0.935064935064935,1,1,False,True,0.948051948051948,False,False,2023,2023-12,2023-W51
MNQ,2023-12-19,2023-12-19 14:30:00+00:00,2023-12-19 16:29:00+00:00,16952.5,17012.75,16944.5,16997.5,354161,6014186379.75,120,16981.503835120184,2023-12-19 16:30:00+00:00,2023-12-19 18:59:00+00:00,16998.5,17010.75,16965.0,16993.25,159668,2712438534.0833335,150,16987.99091917813,primary_2023_2025,68.25,121.5,0.5617283950617284,standard,le_0_7,45.75,0.6703296703296703,False,0.11475409836065574,-0.11475409836065574,1,-1,True,False,0.6174863387978142,True,True,2023,2023-12,2023-W51
MNQ,2023-12-20,2023-12-20 14:30:00+00:00,2023-12-20 16:29:00+00:00,16986.0,17073.5,16970.75,17041.5,284910,4852457047.75,120,17031.543461970447,2023-12-20 16:30:00+00:00,2023-12-20 18:59:00+00:00,17041.75,17065.5,17022.25,17039.25,157712,2688446510.5833335,150,17046.556448357343,primary_2023_2025,102.75,121.5,0.845679012345679,standard,0_7_to_1_0,43.25,0.4209245742092457,True,0.057803468208092484,-0.057803468208092484,1,-1,True,False,0.3930635838150289,True,True,2023,2023-12,2023-W51
MNQ,2023-12-21,2023-12-21 14:30:00+00:00,2023-12-21 16:29:00+00:00,16922.25,16958.75,16843.5,16897.75,426218,7201493119.083333,120,16896.266978596243,2023-12-21 16:30:00+00:00,2023-12-21 18:59:00+00:00,16898.0,16921.0,16814.5,16881.0,292003,4923223565.916667,150,16860.181456754442,primary_2023_2025,115.25,119.625,0.9634273772204807,standard,0_7_to_1_0,106.5,0.9240780911062907,False,0.1596244131455399,-0.1596244131455399,-1,-1,False,True,0.6244131455399061,True,True,2023,2023-12,2023-W51
MNQ,2023-12-22,2023-12-22 14:30:00+00:00,2023-12-22 16:29:00+00:00,16999.25,17041.25,16968.5,16998.75,290350,4939280145.583333,120,17011.46941823087,2023-12-22 16:30:00+00:00,2023-12-22 18:59:00+00:00,16999.0,17021.5,16968.0,17004.25,137700,2340687515.3333335,150,16998.456901476642,primary_2023_2025,72.75,119.625,0.6081504702194357,standard,le_0_7,53.5,0.7353951890034365,False,0.09813084112149532,0.09813084112149532,-1,1,True,True,0.677570093457944,True,True,2023,2023-12,2023-W51
MNQ,2023-12-26,2023-12-26 14:30:00+00:00,2023-12-26 16:29:00+00:00,17009.5,17060.5,17005.25,17037.5,206743,3522675319.0833335,120,17038.909753091197,2023-12-26 16:30:00+00:00,2023-12-26 18:59:00+00:00,17037.25,17064.0,17036.75,17049.0,90987,1551295920.3333333,150,17049.64357911936,primary_2023_2025,55.25,119.625,0.4618599791013584,standard,le_0_7,27.25,0.49321266968325794,True,0.43119266055045874,0.43119266055045874,1,1,False,True,0.44954128440366975,True,True,2023,2023-12,2023-W52
MNQ,2023-12-27,2023-12-27 14:30:00+00:00,2023-12-27 16:29:00+00:00,17092.0,17124.5,17055.5,17078.25,243859,4167216868.9166665,120,17088.632648032948,2023-12-27 16:30:00+00:00,2023-12-27 18:59:00+00:00,17078.25,17127.5,17066.0,17104.25,155294,2654972453.0833335,150,17096.426475480916,primary_2023_2025,69.0,119.625,0.5768025078369906,standard,le_0_7,61.5,0.8913043478260869,False,0.42276422764227645,0.42276422764227645,-1,1,True,True,0.6219512195121951,True,True,2023,2023-12,2023-W52
MNQ,2023-12-28,2023-12-28 14:30:00+00:00,2023-12-28 16:29:00+00:00,17148.75,17159.0,17102.75,17114.25,225510,3861935372.0833335,120,17125.339772441726,2023-12-28 16:30:00+00:00,2023-12-28 18:59:00+00:00,17114.5,17137.5,17092.0,17115.0,148250,2537714643.1666665,150,17117.805350196737,primary_2023_2025,56.25,119.625,0.4702194357366771,standard,le_0_7,45.5,0.8088888888888889,False,0.01098901098901099,0.01098901098901099,-1,1,True,True,0.5054945054945055,True,True,2023,2023-12,2023-W52
MNQ,2023-12-29,2023-12-29 14:30:00+00:00,2023-12-29 16:29:00+00:00,17089.0,17107.5,16940.0,16943.5,324444,5528292114.5,120,17039.279858773778,2023-12-29 16:30:00+00:00,2023-12-29 18:59:00+00:00,16943.5,17036.25,16937.75,17023.75,240368,4082177471.0833335,150,16983.03214688866,primary_2023_2025,167.5,117.375,1.4270500532481363,standard,1_3_to_1_5,98.5,0.5880597014925373,False,0.8147208121827412,0.8147208121827412,-1,1,True,True,0.8730964467005076,False,False,2023,2023-12,2023-W52
MNQ,2024-01-02,2024-01-02 14:30:00+00:00,2024-01-02 16:29:00+00:00,16862.0,16873.5,16685.0,16761.25,428037,7173335596.916667,120,16758.68113484738,2024-01-02 16:30:00+00:00,2024-01-02 18:59:00+00:00,16760.75,16787.75,16688.0,16696.25,188343,3154259408.9166665,150,16747.420445233784,primary_2023_2025,188.5,117.375,1.6059637912673057,exhaustion,1_5_to_2_0,99.75,0.5291777188328912,False,0.6466165413533834,-0.6466165413533834,-1,-1,False,False,0.08270676691729323,True,True,2024,2024-01,2024-W01
MNQ,2024-01-03,2024-01-03 14:30:00+00:00,2024-01-03 16:29:00+00:00,16610.0,16653.75,16543.5,16590.25,448219,7438929401.0,120,16596.64003757092,2024-01-03 16:30:00+00:00,2024-01-03 18:59:00+00:00,16590.25,16619.75,16549.5,16584.25,183720,3046054995.9166665,150,16579.87696449307,primary_2023_2025,110.25,117.5,0.9382978723404255,standard,0_7_to_1_0,70.25,0.63718820861678,False,0.08540925266903915,-0.08540925266903915,-1,-1,False,False,0.49466192170818507,True,True,2024,2024-01,2024-W01
MNQ,2024-01-04,2024-01-04 14:30:00+00:00,2024-01-04 16:29:00+00:00,16453.25,16584.0,16443.0,16565.75,358638,5919225450.083333,120,16504.7358341373,2024-01-04 16:30:00+00:00,2024-01-04 18:59:00+00:00,16565.75,16574.0,16480.5,16505.0,203692,3365252072.0833335,150,16521.277576357115,primary_2023_2025,141.0,112.75,1.2505543237250554,standard,1_0_to_1_3,93.5,0.6631205673758865,False,0.6497326203208557,-0.6497326203208557,1,-1,True,False,0.2620320855614973,True,True,2024,2024-01,2024-W01
MNQ,2024-01-05,2024-01-05 14:30:00+00:00,2024-01-05 16:29:00+00:00,16449.0,16577.0,16437.25,16519.25,378050,6245270505.75,120,16519.69450006613,2024-01-05 16:30:00+00:00,2024-01-05 18:59:00+00:00,16519.25,16532.5,16430.25,16488.5,235201,3876094729.3333335,150,16479.924529799337,primary_2023_2025,139.75,112.75,1.2394678492239468,standard,1_0_to_1_3,102.25,0.7316636851520573,False,0.30073349633251834,-0.30073349633251834,1,-1,True,True,0.5696821515892421,True,True,2024,2024-01,2024-W01
MNQ,2024-01-08,2024-01-08 14:30:00+00:00,2024-01-08 16:29:00+00:00,16512.0,16673.5,16505.25,16649.25,295264,4905376533.416667,120,16613.527329497218,2024-01-08 16:30:00+00:00,2024-01-08 18:59:00+00:00,16649.5,16742.75,16648.0,16741.25,159459,2661975598.4166665,150,16693.7933789668,primary_2023_2025,168.25,112.75,1.492239467849224,standard,1_3_to_1_5,94.75,0.563150074294205,False,0.9683377308707124,0.9683377308707124,1,1,False,True,0.9841688654353562,False,False,2024,2024-01,2024-W02
MNQ,2024-01-09,2024-01-09 14:30:00+00:00,2024-01-09 16:29:00+00:00,16669.0,16786.5,16660.75,16779.75,356628,5962126545.666667,120,16718.055076064324,2024-01-09 16:30:00+00:00,2024-01-09 18:59:00+00:00,16780.0,16868.5,16773.5,16840.75,235054,3954804308.0,150,16825.08831162201,primary_2023_2025,125.75,112.75,1.1152993348115299,standard,1_0_to_1_3,95.0,0.7554671968190855,False,0.6394736842105263,0.6394736842105263,1,1,False,True,0.7078947368421052,False,False,2024,2024-01,2024-W02
MNQ,2024-01-10,2024-01-10 14:30:00+00:00,2024-01-10 16:29:00+00:00,16840.0,16897.5,16801.75,16866.5,339019,5713718556.25,120,16853.68240791814,2024-01-10 16:30:00+00:00,2024-01-10 18:59:00+00:00,16866.5,16932.5,16857.25,16924.5,191449,3234789859.25,150,16896.352862903437,primary_2023_2025,95.75,112.75,0.8492239467849224,standard,0_7_to_1_0,75.25,0.7859007832898173,False,0.770764119601329,0.770764119601329,1,1,False,True,0.893687707641196,False,False,2024,2024-01,2024-W02
MNQ,2024-01-11,2024-01-11 14:30:00+00:00,2024-01-11 16:29:00+00:00,16984.5,17043.0,16776.5,16795.25,541748,9155780710.333334,120,16900.44210653908,2024-01-11 16:30:00+00:00,2024-01-11 18:59:00+00:00,16796.25,16936.5,16753.0,16933.75,285460,4804123246.25,150,16829.409536362364,primary_2023_2025,266.5,106.5,2.5023474178403755,exhaustion,gt_2_0,183.5,0.6885553470919324,False,0.7493188010899182,0.7493188010899182,-1,1,True,True,0.9850136239782016,True,True,2024,2024-01,2024-W02
MNQ,2024-01-12,2024-01-12 14:30:00+00:00,2024-01-12 16:29:00+00:00,17008.25,17042.5,16913.25,16981.5,435014,7385369015.583333,120,16977.313409645052,2024-01-12 16:30:00+00:00,2024-01-12 18:59:00+00:00,16982.0,16988.75,16917.25,16979.0,214836,3641572212.3333335,150,16950.474838171132,primary_2023_2025,129.25,106.5,1.2136150234741785,standard,1_0_to_1_3,71.5,0.5531914893617021,False,0.04195804195804196,-0.04195804195804196,-1,-1,False,False,0.8636363636363636,True,True,2024,2024-01,2024-W02
MNQ,2024-01-15,2024-01-15 14:30:00+00:00,2024-01-15 16:29:00+00:00,16957.75,16978.0,16936.0,16973.0,59626,1011087173.6666666,120,16957.152478225384,2024-01-15 16:30:00+00:00,2024-01-15 17:59:00+00:00,16973.25,16980.0,16954.25,16967.5,19689,334081196.3333333,90,16967.91083007432,primary_2023_2025,42.0,112.75,0.37250554323725055,standard,le_0_7,25.75,0.6130952380952381,False,0.22330097087378642,-0.22330097087378642,1,-1,True,True,0.5145631067961165,True,True,2024,2024-01,2024-W03
MNQ,2024-01-16,2024-01-16 14:30:00+00:00,2024-01-16 16:29:00+00:00,16916.5,17034.0,16855.0,16995.5,558551,9467777898.083334,120,16950.605939445697,2024-01-16 16:30:00+00:00,2024-01-16 18:59:00+00:00,16995.75,17018.75,16890.75,16902.25,292330,4951179040.833333,150,16936.951530234095,primary_2023_2025,179.0,106.5,1.6807511737089202,exhaustion,1_5_to_2_0,128.0,0.7150837988826816,False,0.73046875,-0.73046875,1,-1,True,False,0.08984375,True,True,2024,2024-01,2024-W03
MNQ,2024-01-17,2024-01-17 14:30:00+00:00,2024-01-17 16:29:00+00:00,16825.0,16842.75,16689.0,16817.75,467358,7832152632.166667,120,16758.35790158009,2024-01-17 16:30:00+00:00,2024-01-17 18:59:00+00:00,16818.5,16841.25,16733.5,16760.5,252261,4236085862.6666665,150,16792.472330905952,primary_2023_2025,153.75,112.75,1.3636363636363635,standard,1_3_to_1_5,107.75,0.7008130081300813,False,0.5382830626450116,-0.5382830626450116,-1,-1,False,False,0.2505800464037123,True,True,2024,2024-01,2024-W03
MNQ,2024-01-18,2024-01-18 14:30:00+00:00,2024-01-18 16:29:00+00:00,16996.75,17088.75,16986.0,17085.5,473495,8066607854.666667,120,17036.310530558225,2024-01-18 16:30:00+00:00,2024-01-18 18:59:00+00:00,17086.0,17102.5,16942.5,17016.25,343442,5844606737.916667,150,17017.740223725308,primary_2023_2025,102.75,120.5,0.8526970954356846,standard,0_7_to_1_0,160.0,1.5571776155717763,False,0.4359375,-0.4359375,1,-1,True,True,0.4609375,True,True,2024,2024-01,2024-W03
MNQ,2024-01-19,2024-01-19 14:30:00+00:00,2024-01-19 16:29:00+00:00,17190.5,17271.25,17166.25,17257.5,426001,7331401953.333333,120,17209.823341572748,2024-01-19 16:30:00+00:00,2024-01-19 18:59:00+00:00,17257.75,17395.5,17227.0,17395.0,294014,5086896416.333333,150,17301.544879949026,primary_2023_2025,105.0,120.5,0.8713692946058091,standard,0_7_to_1_0,168.5,1.6047619047619048,False,0.814540059347181,0.814540059347181,1,1,False,True,0.9970326409495549,False,False,2024,2024-01,2024-W03
MNQ,2024-01-22,2024-01-22 14:30:00+00:00,2024-01-22 16:29:00+00:00,17528.0,17584.75,17438.5,17494.25,488354,8549799787.25,120,17507.381504502882,2024-01-22 16:30:00+00:00,2024-01-22 18:59:00+00:00,17494.0,17514.0,17434.25,17479.25,233772,4085945121.0,150,17478.334107592014,primary_2023_2025,146.25,120.5,1.2136929460580912,standard,1_0_to_1_3,79.75,0.5452991452991452,False,0.18495297805642633,-0.18495297805642633,-1,-1,False,True,0.5642633228840125,True,True,2024,2024-01,2024-W04
MNQ,2024-01-23,2024-01-23 14:30:00+00:00,2024-01-23 16:29:00+00:00,17487.75,17488.25,17409.25,17441.75,389409,6798244316.083333,120,17457.851041150392,2024-01-23 16:30:00+00:00,2024-01-23 18:59:00+00:00,17441.75,17493.75,17426.75,17482.0,165391,2888251887.0833335,150,17463.17445981543,primary_2023_2025,79.0,127.5,0.6196078431372549,standard,le_0_7,67.0,0.8481012658227848,False,0.6007462686567164,0.6007462686567164,-1,1,True,True,0.8246268656716418,True,True,2024,2024-01,2024-W04
MNQ,2024-01-24,2024-01-24 14:30:00+00:00,2024-01-24 16:29:00+00:00,17692.75,17765.0,17637.25,17708.25,452953,8014544762.25,120,17693.98759308361,2024-01-24 16:30:00+00:00,2024-01-24 18:59:00+00:00,17708.75,17794.0,17696.5,17714.5,297570,5279887087.583333,150,17743.344717489443,primary_2023_2025,127.75,127.5,1.0019607843137255,standard,1_0_to_1_3,97.5,0.7632093933463796,False,0.05897435897435897,0.05897435897435897,1,1,False,True,0.18461538461538463,False,False,2024,2024-01,2024-W04
MNQ,2024-01-25,2024-01-25 14:30:00+00:00,2024-01-25 16:29:00+00:00,17722.5,17738.25,17649.75,17723.5,437136,7736525620.0,120,17698.212043849053,2024-01-25 16:30:00+00:00,2024-01-25 18:59:00+00:00,17724.0,17752.0,17570.25,17576.75,341636,6035812761.083333,150,17667.379202084478,primary_2023_2025,88.5,128.5,0.688715953307393,standard,le_0_7,181.75,2.053672316384181,False,0.8101788170563962,-0.8101788170563962,1,-1,True,True,0.03576341127922971,True,True,2024,2024-01,2024-W04
MNQ,2024-01-26,2024-01-26 14:30:00+00:00,2024-01-26 16:29:00+00:00,17557.75,17629.75,17504.0,17610.25,383197,6730590114.666667,120,17564.307953002415,2024-01-26 16:30:00+00:00,2024-01-26 18:59:00+00:00,17610.0,17631.25,17501.0,17518.5,268344,4713055754.333333,150,17563.484759612038,primary_2023_2025,125.75,128.5,0.9785992217898832,standard,0_7_to_1_0,130.25,1.0357852882703777,False,0.7024952015355086,-0.7024952015355086,1,-1,True,True,0.1343570057581574,True,True,2024,2024-01,2024-W04
MNQ,2024-01-29,2024-01-29 14:30:00+00:00,2024-01-29 16:29:00+00:00,17548.25,17584.75,17520.0,17558.25,385372,6763315266.833333,120,17550.095146594285,2024-01-29 16:30:00+00:00,2024-01-29 18:59:00+00:00,17558.5,17609.75,17554.5,17587.5,186723,3283801189.0833335,150,17586.48473451762,primary_2023_2025,64.75,128.5,0.5038910505836576,standard,le_0_7,55.25,0.8532818532818532,False,0.5248868778280543,0.5248868778280543,1,1,False,True,0.5972850678733032,False,False,2024,2024-01,2024-W05
MNQ,2024-01-30,2024-01-30 14:30:00+00:00,2024-01-30 16:29:00+00:00,17661.25,17685.0,17616.25,17642.5,343424,6061604930.666667,120,17650.498889613616,2024-01-30 16:30:00+00:00,2024-01-30 18:59:00+00:00,17642.75,17654.75,17554.0,17570.75,236661,4164686011.75,150,17597.686191429937,primary_2023_2025,68.75,126.75,0.5424063116370809,standard,le_0_7,100.75,1.4654545454545456,False,0.7146401985111662,-0.7146401985111662,-1,-1,False,True,0.1662531017369727,True,True,2024,2024-01,2024-W05
MNQ,2024-01-31,2024-01-31 14:30:00+00:00,2024-01-31 16:29:00+00:00,17399.75,17426.25,17283.5,17336.75,369262,6406372426.333333,120,17349.124541202,2024-01-31 16:30:00+00:00,2024-01-31 18:59:00+00:00,17337.0,17403.5,17319.25,17381.0,182634,3170097825.9166665,150,17357.654247931197,primary_2023_2025,142.75,125.75,1.1351888667992047,standard,1_0_to_1_3,84.25,0.5901926444833625,False,0.5222551928783383,0.5222551928783383,-1,1,True,False,0.7329376854599406,True,True,2024,2024-01,2024-W05
MNQ,2024-02-01,2024-02-01 14:30:00+00:00,2024-02-01 16:29:00+00:00,17307.25,17371.25,17264.0,17281.0,427325,7399681057.0,120,17316.283992277542,2024-02-01 16:30:00+00:00,2024-02-01 18:59:00+00:00,17280.5,17413.0,17279.5,17373.25,315689,5479197843.416667,150,17356.315371826917,primary_2023_2025,107.25,126.75,0.8461538461538461,standard,0_7_to_1_0,133.5,1.2447552447552448,False,0.6947565543071161,0.6947565543071161,-1,1,True,True,0.702247191011236,True,True,2024,2024-02,2024-W05
MNQ,2024-02-02,2024-02-02 14:30:00+00:00,2024-02-02 16:29:00+00:00,17508.25,17673.25,17465.75,17671.0,508780,8950207252.25,120,17591.507630508273,2024-02-02 16:30:00+00:00,2024-02-02 18:59:00+00:00,17671.0,17756.5,17663.75,17728.75,322158,5704647291.916667,150,17707.60711177952,primary_2023_2025,207.5,125.75,1.6500994035785288,exhaustion,1_5_to_2_0,92.75,0.4469879518072289,True,0.6226415094339622,0.6226415094339622,1,1,False,True,0.7008086253369272,False,False,2024,2024-02,2024-W05
MNQ,2024-02-05,2024-02-05 14:30:00+00:00,2024-02-05 16:29:00+00:00,17722.5,17737.25,17553.75,17612.0,390848,6897135145.166667,120,17646.591885251215,2024-02-05 16:30:00+00:00,2024-02-05 18:59:00+00:00,17611.75,17721.25,17610.75,17697.0,237848,4204793304.4166665,150,17678.489221757874,primary_2023_2025,183.5,125.75,1.459244532803181,standard,1_3_to_1_5,110.5,0.6021798365122616,False,0.7714932126696833,0.7714932126696833,-1,1,True,False,0.7805429864253394,True,True,2024,2024-02,2024-W06
MNQ,2024-02-06,2024-02-06 14:30:00+00:00,2024-02-06 16:29:00+00:00,17741.5,17767.5,17598.0,17655.25,473992,8372030054.083333,120,17662.808769100182,2024-02-06 16:30:00+00:00,2024-02-06 18:59:00+00:00,17655.25,17663.5,17560.75,17631.0,295604,5203427763.416667,150,17602.697404015733,primary_2023_2025,169.5,125.75,1.3479125248508945,standard,1_3_to_1_5,102.75,0.6061946902654868,False,0.2360097323600973,-0.2360097323600973,-1,-1,False,True,0.683698296836983,True,True,2024,2024-02,2024-W06
MNQ,2024-02-07,2024-02-07 14:30:00+00:00,2024-02-07 16:29:00+00:00,17773.5,17876.0,17718.25,17828.5,458191,8154327503.166667,120,17796.786718129923,2024-02-07 16:30:00+00:00,2024-02-07 18:59:00+00:00,17828.75,17859.0,17779.5,17852.0,282115,5028459049.333333,150,17824.146356391306,primary_2023_2025,157.75,126.75,1.244575936883629,standard,1_0_to_1_3,79.5,0.5039619651347068,False,0.29245283018867924,0.29245283018867924,1,1,False,False,0.9119496855345912,True,True,2024,2024-02,2024-W06
MNQ,2024-02-08,2024-02-08 14:30:00+00:00,2024-02-08 16:29:00+00:00,17835.5,17894.5,17807.5,17863.75,352146,6286029435.75,120,17850.634213508034,2024-02-08 16:30:00+00:00,2024-02-08 18:59:00+00:00,17863.5,17896.5,17849.25,17868.75,203702,3641108136.5833335,150,17874.680349644743,primary_2023_2025,87.0,128.5,0.6770428015564203,standard,le_0_7,47.25,0.5431034482758621,False,0.1111111111111111,0.1111111111111111,1,1,False,True,0.4126984126984127,True,True,2024,2024-02,2024-W06
MNQ,2024-02-09,2024-02-09 14:30:00+00:00,2024-02-09 16:29:00+00:00,17909.0,18008.25,17875.25,17983.25,346645,6221214222.666667,120,17946.93194093862,2024-02-09 16:30:00+00:00,2024-02-09 18:59:00+00:00,17984.25,18044.75,17967.0,18038.5,178288,3210501530.0,150,18007.389897244906,primary_2023_2025,133.0,126.75,1.04930966469428,standard,1_0_to_1_3,77.75,0.5845864661654135,False,0.6977491961414791,0.6977491961414791,1,1,False,True,0.9196141479099679,False,False,2024,2024-02,2024-W06
MNQ,2024-02-12,2024-02-12 14:30:00+00:00,2024-02-12 16:29:00+00:00,18029.5,18097.25,18007.25,18094.0,304872,5501628279.916667,120,18045.69878479056,2024-02-12 16:30:00+00:00,2024-02-12 18:59:00+00:00,18094.0,18121.5,17991.75,18020.5,277706,5017972790.0,150,18069.371169510203,primary_2023_2025,90.0,126.75,0.7100591715976331,standard,0_7_to_1_0,129.75,1.4416666666666667,False,0.5664739884393064,-0.5664739884393064,1,-1,True,True,0.22157996146435452,True,True,2024,2024-02,2024-W07
MNQ,2024-02-13,2024-02-13 14:30:00+00:00,2024-02-13 16:29:00+00:00,17628.25,17792.0,17586.5,17753.0,498413,8821450812.333334,120,17699.07849982511,2024-02-13 16:30:00+00:00,2024-02-13 18:59:00+00:00,17753.0,17768.25,17647.5,17657.25,285871,5061128993.583333,150,17704.240701516883,primary_2023_2025,205.5,126.75,1.621301775147929,exhaustion,1_5_to_2_0,120.75,0.5875912408759124,False,0.7929606625258799,-0.7929606625258799,1,-1,True,False,0.08074534161490683,True,True,2024,2024-02,2024-W07
MNQ,2024-02-14,2024-02-14 14:30:00+00:00,2024-02-14 16:29:00+00:00,17788.75,17847.0,17703.25,17752.5,493455,8772533931.833334,120,17777.778990654333,2024-02-14 16:30:00+00:00,2024-02-14 18:59:00+00:00,17752.5,17814.0,17690.5,17785.25,299429,5316768687.416667,150,17756.35856051574,primary_2023_2025,143.75,126.75,1.1341222879684418,standard,1_0_to_1_3,123.5,0.8591304347826086,False,0.2651821862348178,0.2651821862348178,-1,1,True,True,0.7672064777327935,True,True,2024,2024-02,2024-W07
MNQ,2024-02-15,2024-02-15 14:30:00+00:00,2024-02-15 16:29:00+00:00,17888.25,17903.0,17780.25,17832.5,475286,8477652707.166667,120,17836.95018823754,2024-02-15 16:30:00+00:00,2024-02-15 18:59:00+00:00,17833.0,17932.75,17813.75,17911.25,276311,4937798549.75,150,17870.437839065402,primary_2023_2025,122.75,126.75,0.9684418145956607,standard,0_7_to_1_0,119.0,0.9694501018329938,False,0.657563025210084,0.657563025210084,-1,1,True,True,0.819327731092437,True,True,2024,2024-02,2024-W07
MNQ,2024-02-16,2024-02-16 14:30:00+00:00,2024-02-16 16:29:00+00:00,17926.75,17930.5,17713.75,17862.25,546409,9733843047.916666,120,17814.207027916207,2024-02-16 16:30:00+00:00,2024-02-16 18:59:00+00:00,17862.5,17892.0,17802.25,17875.5,291607,5206481963.666667,150,17854.447813895644,primary_2023_2025,216.75,126.75,1.7100591715976332,exhaustion,1_5_to_2_0,89.75,0.4140715109573241,True,0.14484679665738162,0.14484679665738162,-1,1,True,False,0.8161559888579387,True,True,2024,2024-02,2024-W07
MNQ,2024-02-19,2024-02-19 14:30:00+00:00,2024-02-19 16:29:00+00:00,17789.25,17807.25,17772.25,17782.0,62221,1106828544.4166667,120,17788.66531262221,2024-02-19 16:30:00+00:00,2024-02-19 17:59:00+00:00,17782.0,17796.75,17776.75,17788.5,17247,306749036.0833333,90,17785.64597224638,primary_2023_2025,35.0,130.375,0.2684563758389262,standard,le_0_7,20.0,0.5714285714285714,False,0.325,0.325,-1,1,True,False,0.5875,True,True,2024,2024-02,2024-W08
MNQ,2024-02-20,2024-02-20 14:30:00+00:00,2024-02-20 16:29:00+00:00,17661.75,17724.0,17482.0,17572.75,531389,9337134409.0,120,17571.184968074234,2024-02-20 16:30:00+00:00,2024-02-20 18:59:00+00:00,17573.0,17573.75,17452.5,17531.75,318880,5581374585.083333,150,17503.05627534914,primary_2023_2025,242.0,126.75,1.9092702169625246,exhaustion,1_5_to_2_0,121.25,0.5010330578512396,False,0.3402061855670103,-0.3402061855670103,-1,-1,False,True,0.6536082474226804,True,True,2024,2024-02,2024-W08
MNQ,2024-02-21,2024-02-21 14:30:00+00:00,2024-02-21 16:29:00+00:00,17495.0,17525.75,17448.5,17490.0,445290,7786256170.0,120,17485.809629679534,2024-02-21 16:30:00+00:00,2024-02-21 18:59:00+00:00,17490.0,17513.25,17428.25,17453.5,279314,4878055605.666667,150,17464.41497979574,primary_2023_2025,77.25,130.375,0.5925215723873442,standard,le_0_7,85.0,1.1003236245954693,False,0.4294117647058823,-0.4294117647058823,-1,-1,False,True,0.29705882352941176,True,True,2024,2024-02,2024-W08
MNQ,2024-02-22,2024-02-22 14:30:00+00:00,2024-02-22 16:29:00+00:00,17896.0,17976.75,17864.0,17955.5,487758,8742138536.083334,120,17923.106409496788,2024-02-22 16:30:00+00:00,2024-02-22 18:59:00+00:00,17955.75,18056.0,17935.0,18052.75,231311,4161737421.6666665,150,17991.956377633,primary_2023_2025,112.75,129.375,0.8714975845410629,standard,0_7_to_1_0,121.0,1.0731707317073171,False,0.8016528925619835,0.8016528925619835,1,1,False,True,0.9731404958677686,False,False,2024,2024-02,2024-W08
MNQ,2024-02-23,2024-02-23 14:30:00+00:00,2024-02-23 16:29:00+00:00,18105.75,18145.0,17946.0,18006.25,519947,9387781044.25,120,18055.265333293584,2024-02-23 16:30:00+00:00,2024-02-23 18:59:00+00:00,18006.75,18063.5,17987.0,18036.5,297983,5372592662.833333,150,18029.862988268906,primary_2023_2025,199.0,129.375,1.5381642512077294,exhaustion,1_5_to_2_0,76.5,0.3844221105527638,True,0.3888888888888889,0.3888888888888889,-1,1,True,False,0.6470588235294118,True,True,2024,2024-02,2024-W08
MNQ,2024-02-26,2024-02-26 14:30:00+00:00,2024-02-26 16:29:00+00:00,18017.0,18050.75,17966.0,18017.0,397727,7163777221.5,120,18011.795079288055,2024-02-26 16:30:00+00:00,2024-02-26 18:59:00+00:00,18017.5,18059.75,17980.25,18014.5,248257,4475073186.083333,150,18025.969805819506,primary_2023_2025,84.75,137.875,0.614687216681777,standard,le_0_7,79.5,0.9380530973451328,False,0.03773584905660377,-0.03773584905660377,0,-1,False,True,0.4308176100628931,True,True,2024,2024-02,2024-W09
MNQ,2024-02-27,2024-02-27 14:30:00+00:00,2024-02-27 16:29:00+00:00,18018.25,18032.5,17938.0,17975.75,428710,7714583636.5,120,17994.876808331974,2024-02-27 16:30:00+00:00,2024-02-27 18:59:00+00:00,17975.5,18010.0,17908.5,17970.25,270994,4867848783.833333,150,17962.939341215424,primary_2023_2025,94.5,137.875,0.6854034451495921,standard,le_0_7,101.5,1.0740740740740742,False,0.05172413793103448,-0.05172413793103448,-1,-1,False,True,0.6083743842364532,True,True,2024,2024-02,2024-W09
MNQ,2024-02-28,2024-02-28 14:30:00+00:00,2024-02-28 16:29:00+00:00,17923.5,17967.5,17876.25,17961.25,405018,7257307688.166667,120,17918.481865415037,2024-02-28 16:30:00+00:00,2024-02-28 18:59:00+00:00,17961.25,17975.0,17893.75,17949.5,249594,4476732406.5,150,17936.05778384096,primary_2023_2025,91.25,137.875,0.6618313689936537,standard,le_0_7,81.25,0.8904109589041096,False,0.14461538461538462,-0.14461538461538462,1,-1,True,True,0.6861538461538461,True,True,2024,2024-02,2024-W09
MNQ,2024-02-29,2024-02-29 14:30:00+00:00,2024-02-29 16:29:00+00:00,18030.25,18072.25,17966.5,17979.25,398615,7184679801.166667,120,18024.10797678629,2024-02-29 16:30:00+00:00,2024-02-29 18:59:00+00:00,17979.75,18050.0,17898.0,18037.75,312327,5617924265.5,150,17987.31542742062,primary_2023_2025,105.75,127.875,0.8269794721407625,standard,0_7_to_1_0,152.0,1.4373522458628842,False,0.3815789473684211,0.3815789473684211,-1,1,True,True,0.9194078947368421,True,True,2024,2024-02,2024-W09
MNQ,2024-03-01,2024-03-01 14:30:00+00:00,2024-03-01 16:29:00+00:00,18096.5,18242.25,18093.5,18229.25,438548,7965160466.083333,120,18162.573916842244,2024-03-01 16:30:00+00:00,2024-03-01 18:59:00+00:00,18230.5,18348.0,18208.75,18344.5,260343,4757915131.0,150,18275.563894554492,primary_2023_2025,148.75,127.875,1.163245356793744,standard,1_0_to_1_3,139.25,0.9361344537815126,False,0.8186714542190305,0.8186714542190305,1,1,False,True,0.9748653500897666,False,False,2024,2024-03,2024-W09
MNQ,2024-03-04,2024-03-04 14:30:00+00:00,2024-03-04 16:29:00+00:00,18330.0,18335.0,18280.0,18303.75,320711,5871442457.25,120,18307.58052343075,2024-03-04 16:30:00+00:00,2024-03-04 18:59:00+00:00,18304.0,18327.5,18270.0,18302.0,185832,3400960452.25,150,18301.263787991305,primary_2023_2025,55.0,127.875,0.43010752688172044,standard,le_0_7,57.5,1.0454545454545454,False,0.034782608695652174,-0.034782608695652174,-1,-1,False,True,0.5565217391304348,True,True,2024,2024-03,2024-W10
MNQ,2024-03-05,2024-03-05 14:30:00+00:00,2024-03-05 16:29:00+00:00,18133.75,18135.0,17908.75,17954.25,527184,9491503378.333334,120,18004.156761839004,2024-03-05 16:30:00+00:00,2024-03-05 18:59:00+00:00,17954.25,17979.0,17875.5,17879.5,289564,5192374120.0,150,17931.6977248553,primary_2023_2025,226.25,117.75,1.921443736730361,exhaustion,1_5_to_2_0,103.5,0.4574585635359116,True,0.7222222222222222,-0.7222222222222222,-1,-1,False,True,0.03864734299516908,False,False,2024,2024-03,2024-W10
MNQ,2024-03-06,2024-03-06 14:30:00+00:00,2024-03-06 16:29:00+00:00,18104.0,18126.25,17963.5,18097.5,503654,9092791651.416666,120,18053.647248739544,2024-03-06 16:30:00+00:00,2024-03-06 18:59:00+00:00,18097.75,18174.25,18030.75,18077.5,407803,7385156600.5,150,18109.618125663616,primary_2023_2025,162.75,117.75,1.3821656050955413,standard,1_3_to_1_5,143.5,0.8817204301075269,False,0.14111498257839722,-0.14111498257839722,-1,-1,False,True,0.32578397212543553,True,True,2024,2024-03,2024-W10
MNQ,2024-03-07,2024-03-07 14:30:00+00:00,2024-03-07 16:29:00+00:00,18182.25,18293.0,18119.0,18286.75,480541,8752798822.5,120,18214.46832320239,2024-03-07 16:30:00+00:00,2024-03-07 18:59:00+00:00,18286.5,18360.0,18260.0,18353.0,259435,4749776643.083333,150,18308.156737076082,primary_2023_2025,174.0,117.75,1.4777070063694266,standard,1_3_to_1_5,100.0,0.5747126436781609,False,0.665,0.665,1,1,False,True,0.93,False,False,2024,2024-03,2024-W10
MNQ,2024-03-08,2024-03-08 14:30:00+00:00,2024-03-08 16:29:00+00:00,18318.5,18436.25,18191.5,18199.0,616833,11311188757.5,120,18337.52208053071,2024-03-08 16:30:00+00:00,2024-03-08 18:59:00+00:00,18199.0,18231.25,18012.25,18046.0,544983,9885480545.416666,150,18139.062219219068,primary_2023_2025,244.75,127.875,1.913978494623656,exhaustion,1_5_to_2_0,219.0,0.8947906026557712,False,0.6986301369863014,-0.6986301369863014,-1,-1,False,True,0.1541095890410959,False,False,2024,2024-03,2024-W10
MNQ,2024-03-11,2024-03-11 13:30:00+00:00,2024-03-11 15:29:00+00:00,18224.75,18269.25,18137.75,18176.0,334845,6093550602.666667,120,18198.123318749473,2024-03-11 15:30:00+00:00,2024-03-11 17:59:00+00:00,18176.0,18254.5,18162.5,18221.5,175736,3201086333.3333335,150,18215.31350055386,primary_2023_2025,131.5,133.25,0.9868667917448405,standard,0_7_to_1_0,92.0,0.6996197718631179,False,0.4945652173913043,0.4945652173913043,-1,1,True,False,0.6413043478260869,True,True,2024,2024-03,2024-W11
MNQ,2024-03-12,2024-03-12 13:30:00+00:00,2024-03-12 15:29:00+00:00,18311.25,18457.25,18174.0,18453.5,456830,8368921411.583333,120,18319.55303194478,2024-03-12 15:30:00+00:00,2024-03-12 17:59:00+00:00,18453.5,18455.75,18323.25,18402.75,274513,5046820149.0,150,18384.630778870218,primary_2023_2025,283.25,137.625,2.058128973660309,exhaustion,gt_2_0,132.5,0.4677846425419241,True,0.38301886792452833,-0.38301886792452833,1,-1,True,False,0.6,False,False,2024,2024-03,2024-W11
MNQ,2024-03-13,2024-03-13 13:30:00+00:00,2024-03-13 15:29:00+00:00,18428.25,18429.5,18303.0,18321.0,498389,9147575660.5,120,18354.288839641325,2024-03-13 15:30:00+00:00,2024-03-13 17:59:00+00:00,18321.5,18398.0,18281.5,18388.25,299649,5497387091.25,150,18346.088561116507,primary_2023_2025,126.5,137.625,0.9191643960036331,standard,0_7_to_1_0,116.5,0.9209486166007905,False,0.572961373390558,0.572961373390558,-1,1,True,True,0.9163090128755365,True,True,2024,2024-03,2024-W11
MNQ,2024-03-14,2024-03-14 13:30:00+00:00,2024-03-14 15:29:00+00:00,18375.0,18398.0,18203.5,18279.25,578034,10578814638.5,120,18301.370920222686,2024-03-14 15:30:00+00:00,2024-03-14 17:59:00+00:00,18279.5,18313.75,18209.75,18292.25,320571,5855495594.833333,150,18265.830642301808,primary_2023_2025,194.5,129.0,1.5077519379844961,exhaustion,1_5_to_2_0,104.0,0.5347043701799485,False,0.12259615384615384,0.12259615384615384,-1,1,True,False,0.7932692307692307,True,True,2024,2024-03,2024-W11
MNQ,2024-03-15,2024-03-15 13:30:00+00:00,2024-03-15 15:29:00+00:00,18152.25,18174.75,18029.25,18102.25,565589,10242867107.583334,120,18110.08896492565,2024-03-15 15:30:00+00:00,2024-03-15 17:59:00+00:00,18102.5,18110.5,18006.25,18081.5,317757,5736275111.916667,150,18052.395736102328,primary_2023_2025,145.5,140.125,1.0383586083853702,standard,1_0_to_1_3,104.25,0.7164948453608248,False,0.2014388489208633,-0.2014388489208633,-1,-1,False,True,0.7218225419664268,True,True,2024,2024-03,2024-W11
MNQ,2024-03-18,2024-03-18 13:30:00+00:00,2024-03-18 15:29:00+00:00,18284.5,18380.75,18277.5,18319.75,542197,9939560951.75,120,18332.0102319821,2024-03-18 15:30:00+00:00,2024-03-18 17:59:00+00:00,18319.75,18321.0,18235.0,18273.0,341699,6246090750.833333,150,18279.511355998504,primary_2023_2025,103.25,138.5,0.7454873646209387,standard,0_7_to_1_0,86.0,0.8329297820823245,False,0.5436046511627907,-0.5436046511627907,1,-1,True,True,0.4418604651162791,False,False,2024,2024-03,2024-W12
MNQ,2024-03-19,2024-03-19 13:30:00+00:00,2024-03-19 15:29:00+00:00,18143.5,18152.75,18053.25,18131.25,488286,8839494320.5,120,18103.108261346835,2024-03-19 15:30:00+00:00,2024-03-19 17:59:00+00:00,18131.5,18286.25,18131.5,18264.0,314285,5724041325.333333,150,18212.90015537914,primary_2023_2025,99.5,138.5,0.7184115523465704,standard,0_7_to_1_0,154.75,1.5552763819095476,False,0.8562197092084006,0.8562197092084006,-1,1,True,True,0.8562197092084006,False,False,2024,2024-03,2024-W12
MNQ,2024-03-20,2024-03-20 13:30:00+00:00,2024-03-20 15:29:00+00:00,18318.0,18334.75,18245.75,18285.0,356241,6511218350.833333,120,18277.565891723112,2024-03-20 15:30:00+00:00,2024-03-20 17:59:00+00:00,18285.25,18296.0,18244.0,18274.5,180595,3299689194.75,150,18271.210137323847,primary_2023_2025,89.0,129.0,0.689922480620155,standard,le_0_7,52.0,0.5842696629213483,False,0.20673076923076922,-0.20673076923076922,-1,-1,False,True,0.5865384615384616,True,True,2024,2024-03,2024-W12
MNQ,2024-03-21,2024-03-21 13:30:00+00:00,2024-03-21 15:29:00+00:00,18687.75,18708.5,18617.5,18656.0,519854,9697545226.333334,120,18654.36300640821,2024-03-21 15:30:00+00:00,2024-03-21 17:59:00+00:00,18655.5,18707.5,18612.25,18618.75,300335,5608338049.25,150,18673.60796860173,primary_2023_2025,91.0,129.0,0.7054263565891473,standard,0_7_to_1_0,95.25,1.0467032967032968,False,0.3858267716535433,-0.3858267716535433,-1,-1,False,True,0.06824146981627296,True,True,2024,2024-03,2024-W12
MNQ,2024-03-22,2024-03-22 13:30:00+00:00,2024-03-22 15:29:00+00:00,18537.5,18565.25,18500.25,18553.75,406392,7530376228.583333,120,18529.8338269044,2024-03-22 15:30:00+00:00,2024-03-22 17:59:00+00:00,18553.75,18626.0,18528.25,18622.0,261799,4861740043.666667,150,18570.506547644058,primary_2023_2025,65.0,129.0,0.5038759689922481,standard,le_0_7,97.75,1.5038461538461538,False,0.6982097186700768,0.6982097186700768,1,1,False,True,0.959079283887468,True,True,2024,2024-03,2024-W12
MNQ,2024-03-25,2024-03-25 13:30:00+00:00,2024-03-25 15:29:00+00:00,18458.75,18542.25,18415.0,18528.75,426664,7889442582.916667,120,18490.996622439827,2024-03-25 15:30:00+00:00,2024-03-25 17:59:00+00:00,18529.0,18557.75,18511.25,18552.5,214751,3980117172.0,150,18533.637431257597,primary_2023_2025,127.25,116.125,1.0958019375672767,standard,1_0_to_1_3,46.5,0.3654223968565815,True,0.5053763440860215,0.5053763440860215,1,1,False,True,0.8870967741935484,False,False,2024,2024-03,2024-W13
MNQ,2024-03-26,2024-03-26 13:30:00+00:00,2024-03-26 15:29:00+00:00,18568.75,18609.25,18534.0,18568.5,383349,7119381105.25,120,18571.53952468899,2024-03-26 15:30:00+00:00,2024-03-26 17:59:00+00:00,18568.5,18588.75,18529.25,18538.5,208401,3867116625.0833335,150,18556.1327684768,primary_2023_2025,75.25,126.875,0.593103448275862,standard,le_0_7,59.5,0.7906976744186046,False,0.5042016806722689,-0.5042016806722689,-1,-1,False,True,0.15546218487394958,True,True,2024,2024-03,2024-W13
MNQ,2024-03-27,2024-03-27 13:30:00+00:00,2024-03-27 15:29:00+00:00,18566.25,18572.0,18378.5,18401.0,512065,9446650594.666666,120,18448.147392746363,2024-03-27 15:30:00+00:00,2024-03-27 17:59:00+00:00,18400.5,18453.5,18390.0,18430.0,227977,4199983707.1666665,150,18422.839616130866,primary_2023_2025,193.5,126.875,1.5251231527093596,exhaustion,1_5_to_2_0,63.5,0.3281653746770026,True,0.4645669291338583,0.4645669291338583,-1,1,True,False,0.6299212598425197,True,True,2024,2024-03,2024-W13
MNQ,2024-03-28,2024-03-28 13:30:00+00:00,2024-03-28 15:29:00+00:00,18500.0,18539.25,18457.0,18510.0,361883,6695363699.0,120,18501.45958500399,2024-03-28 15:30:00+00:00,2024-03-28 17:59:00+00:00,18510.0,18518.75,18453.75,18469.5,209027,3863702540.0833335,150,18484.22710981516,primary_2023_2025,82.25,129.375,0.6357487922705314,standard,le_0_7,65.0,0.790273556231003,False,0.6230769230769231,-0.6230769230769231,1,-1,True,True,0.2423076923076923,True,True,2024,2024-03,2024-W13
MNQ,2024-04-01,2024-04-01 13:30:00+00:00,2024-04-01 15:29:00+00:00,18500.75,18607.25,18426.0,18470.75,518718,9610426616.666666,120,18527.266485193624,2024-04-01 15:30:00+00:00,2024-04-01 17:59:00+00:00,18470.75,18491.75,18414.5,18464.25,249653,4607991280.5,150,18457.584248937525,primary_2023_2025,181.25,129.375,1.4009661835748792,standard,1_3_to_1_5,77.25,0.4262068965517241,True,0.08414239482200647,-0.08414239482200647,-1,-1,False,True,0.6440129449838188,False,False,2024,2024-04,2024-W14
MNQ,2024-04-02,2024-04-02 13:30:00+00:00,2024-04-02 15:29:00+00:00,18287.5,18292.25,18201.0,18268.0,422525,7708221690.75,120,18243.23221288681,2024-04-02 15:30:00+00:00,2024-04-02 17:59:00+00:00,18268.25,18300.5,18229.75,18277.5,226248,4132641279.5833335,150,18265.97927753321,primary_2023_2025,91.25,129.375,0.7053140096618358,standard,0_7_to_1_0,70.75,0.7753424657534247,False,0.13074204946996468,0.13074204946996468,-1,1,True,True,0.6749116607773852,True,True,2024,2024-04,2024-W14
MNQ,2024-04-03,2024-04-03 13:30:00+00:00,2024-04-03 15:29:00+00:00,18240.75,18450.0,18239.0,18442.25,399060,7326661532.5,120,18359.7993597454,2024-04-03 15:30:00+00:00,2024-04-03 17:59:00+00:00,18442.5,18452.0,18370.0,18416.75,288039,5303433178.666667,150,18412.20521758049,primary_2023_2025,211.0,129.375,1.6309178743961352,exhaustion,1_5_to_2_0,82.0,0.3886255924170616,True,0.31402439024390244,-0.31402439024390244,1,-1,True,True,0.5701219512195121,False,False,2024,2024-04,2024-W14
MNQ,2024-04-04,2024-04-04 13:30:00+00:00,2024-04-04 15:29:00+00:00,18541.5,18568.25,18480.0,18501.75,328889,6089790015.333333,120,18516.24716951109,2024-04-04 15:30:00+00:00,2024-04-04 17:59:00+00:00,18502.25,18566.5,18487.75,18497.75,223205,4137009682.5,150,18534.574415895702,primary_2023_2025,88.25,129.375,0.6821256038647343,standard,le_0_7,78.75,0.8923512747875354,False,0.05714285714285714,-0.05714285714285714,-1,-1,False,False,0.12698412698412698,True,True,2024,2024-04,2024-W14
MNQ,2024-04-05,2024-04-05 13:30:00+00:00,2024-04-05 15:29:00+00:00,18138.25,18323.75,18102.5,18282.75,589612,10742394443.916666,120,18219.429801151717,2024-04-05 15:30:00+00:00,2024-04-05 17:59:00+00:00,18282.75,18407.75,18273.25,18291.75,398974,7320309466.583333,150,18347.83586545322,primary_2023_2025,221.25,126.875,1.7438423645320198,exhaustion,1_5_to_2_0,134.5,0.607909604519774,False,0.06691449814126393,0.06691449814126393,1,1,False,True,0.137546468401487,False,False,2024,2024-04,2024-W14
MNQ,2024-04-08,2024-04-08 13:30:00+00:00,2024-04-08 15:29:00+00:00,18330.25,18377.5,18237.75,18335.75,470578,8618202118.75,120,18314.07783353663,2024-04-08 15:30:00+00:00,2024-04-08 17:59:00+00:00,18335.5,18335.5,18252.25,18307.5,305768,5594497598.25,150,18296.543779107036,primary_2023_2025,139.75,126.875,1.1014778325123153,standard,1_0_to_1_3,83.25,0.5957066189624329,False,0.33633633633633636,-0.33633633633633636,1,-1,True,False,0.6636636636636637,True,True,2024,2024-04,2024-W15
MNQ,2024-04-09,2024-04-09 13:30:00+00:00,2024-04-09 15:29:00+00:00,18391.0,18405.0,18160.25,18225.5,669583,12244006477.916666,120,18286.01753317612,2024-04-09 15:30:00+00:00,2024-04-09 17:59:00+00:00,18225.5,18303.5,18208.0,18255.0,309702,5658167587.833333,150,18269.71601033682,primary_2023_2025,244.75,126.875,1.929064039408867,exhaustion,1_5_to_2_0,95.5,0.390194075587334,True,0.3089005235602094,0.3089005235602094,-1,1,True,False,0.49214659685863876,True,True,2024,2024-04,2024-W15
MNQ,2024-04-10,2024-04-10 13:30:00+00:00,2024-04-10 15:29:00+00:00,18140.0,18232.25,18107.25,18181.0,565617,10276126758.25,120,18167.994876833618,2024-04-10 15:30:00+00:00,2024-04-10 17:59:00+00:00,18181.0,18224.5,18114.0,18166.5,372798,6768986090.0,150,18157.24893910375,primary_2023_2025,125.0,126.875,0.9852216748768473,standard,0_7_to_1_0,110.5,0.884,False,0.13122171945701358,-0.13122171945701358,1,-1,True,False,0.4751131221719457,True,True,2024,2024-04,2024-W15
MNQ,2024-04-11,2024-04-11 13:30:00+00:00,2024-04-11 15:29:00+00:00,18265.25,18277.0,18169.0,18246.25,548148,9997617698.416666,120,18238.902081949887,2024-04-11 15:30:00+00:00,2024-04-11 17:59:00+00:00,18246.5,18444.5,18242.25,18436.5,357242,6552621858.166667,150,18342.249394434773,primary_2023_2025,108.0,125.75,0.8588469184890656,standard,0_7_to_1_0,202.25,1.8726851851851851,False,0.9394313967861557,0.9394313967861557,-1,1,True,True,0.9604449938195303,False,False,2024,2024-04,2024-W15
MNQ,2024-04-12,2024-04-12 13:30:00+00:00,2024-04-12 15:29:00+00:00,18296.75,18343.25,18193.25,18262.25,502611,9183986592.833334,120,18272.55390915307,2024-04-12 15:30:00+00:00,2024-04-12 17:59:00+00:00,18263.0,18291.5,18124.5,18161.75,405677,7380958569.583333,150,18194.175586940677,primary_2023_2025,150.0,116.5,1.2875536480686696,standard,1_0_to_1_3,167.0,1.1133333333333333,False,0.6062874251497006,-0.6062874251497006,-1,-1,False,True,0.22305389221556887,True,True,2024,2024-04,2024-W15
MNQ,2024-04-15,2024-04-15 13:30:00+00:00,2024-04-15 15:29:00+00:00,18335.25,18339.0,18158.75,18195.25,492252,8979293775.5,120,18241.254023345766,2024-04-15 15:30:00+00:00,2024-04-15 17:59:00+00:00,18195.0,18227.0,17876.5,17923.25,452782,8178195250.666667,150,18062.10328738039,primary_2023_2025,180.25,116.5,1.5472103004291846,exhaustion,1_5_to_2_0,350.5,1.9445214979195562,False,0.775320970042796,-0.775320970042796,-1,-1,False,True,0.13338088445078458,False,False,2024,2024-04,2024-W16
MNQ,2024-04-16,2024-04-16 13:30:00+00:00,2024-04-16 15:29:00+00:00,17867.75,17931.0,17822.0,17911.5,488045,8724050580.916666,120,17875.504473801935,2024-04-16 15:30:00+00:00,2024-04-16 17:59:00+00:00,17911.75,17937.5,17818.0,17889.25,421937,7550050022.916667,150,17893.785145452206,primary_2023_2025,109.0,116.5,0.9356223175965666,standard,0_7_to_1_0,119.5,1.0963302752293578,False,0.18828451882845187,-0.18828451882845187,1,-1,True,True,0.5962343096234309,True,True,2024,2024-04,2024-W16
MNQ,2024-04-17,2024-04-17 13:30:00+00:00,2024-04-17 15:29:00+00:00,17957.25,17959.5,17763.75,17767.5,560890,10013150582.583334,120,17852.253708540593,2024-04-17 15:30:00+00:00,2024-04-17 17:59:00+00:00,17767.25,17773.25,17616.0,17742.0,457283,8093905739.333333,150,17699.99265079466,primary_2023_2025,195.75,117.0,1.6730769230769231,exhaustion,1_5_to_2_0,157.25,0.8033205619412516,False,0.16057233704292528,-0.16057233704292528,-1,-1,False,True,0.8012718600953895,False,False,2024,2024-04,2024-W16
MNQ,2024-04-18,2024-04-18 13:30:00+00:00,2024-04-18 15:29:00+00:00,17673.0,17746.0,17551.0,17705.75,525791,9281267324.5,120,17652.00873445913,2024-04-18 15:30:00+00:00,2024-04-18 17:59:00+00:00,17706.0,17715.75,17537.0,17561.5,410616,7238346110.5,150,17628.017686841235,primary_2023_2025,195.0,126.125,1.5460852329038652,exhaustion,1_5_to_2_0,178.75,0.9166666666666666,False,0.8083916083916084,-0.8083916083916084,1,-1,True,True,0.13706293706293707,True,True,2024,2024-04,2024-W16
MNQ,2024-04-19,2024-04-19 13:30:00+00:00,2024-04-19 15:29:00+00:00,17494.5,17516.25,17318.0,17333.25,566304,9862283179.666666,120,17415.17485249383,2024-04-19 15:30:00+00:00,2024-04-19 17:59:00+00:00,17333.5,17351.5,17203.25,17289.0,401797,6942578158.916667,150,17278.820297106915,primary_2023_2025,198.25,133.5,1.4850187265917603,standard,1_3_to_1_5,148.25,0.7477931904161412,False,0.30016863406408095,-0.30016863406408095,-1,-1,False,True,0.5784148397976391,False,False,2024,2024-04,2024-W16
MNQ,2024-04-22,2024-04-22 13:30:00+00:00,2024-04-22 15:29:00+00:00,17288.5,17331.5,17148.75,17206.0,524840,9049451401.666666,120,17242.305086629574,2024-04-22 15:30:00+00:00,2024-04-22 17:59:00+00:00,17205.75,17414.75,17201.75,17397.0,329012,5687048766.75,150,17285.232048527105,primary_2023_2025,182.75,144.875,1.261432269197584,standard,1_0_to_1_3,213.0,1.1655266757865936,False,0.897887323943662,0.897887323943662,-1,1,True,True,0.9166666666666666,True,True,2024,2024-04,2024-W17
MNQ,2024-04-23,2024-04-23 13:30:00+00:00,2024-04-23 15:29:00+00:00,17428.75,17607.5,17413.5,17588.0,528556,9262361763.083334,120,17523.898627739225,2024-04-23 15:30:00+00:00,2024-04-23 17:59:00+00:00,17588.5,17640.5,17558.0,17636.5,259464,4565494459.833333,150,17595.868636239837,primary_2023_2025,194.0,165.125,1.1748675246025737,standard,1_0_to_1_3,82.5,0.4252577319587629,True,0.5818181818181818,0.5818181818181818,1,1,False,True,0.9515151515151515,False,False,2024,2024-04,2024-W17
MNQ,2024-04-24,2024-04-24 13:30:00+00:00,2024-04-24 15:29:00+00:00,17731.0,17795.75,17636.0,17658.5,547797,9709082111.25,120,17723.868716422323,2024-04-24 15:30:00+00:00,2024-04-24 17:59:00+00:00,17659.0,17705.5,17567.25,17698.75,379275,6685770938.0,150,17627.7659692835,primary_2023_2025,159.75,180.75,0.8838174273858921,standard,0_7_to_1_0,138.25,0.865414710485133,False,0.2875226039783002,0.2875226039783002,-1,1,True,True,0.9511754068716094,False,False,2024,2024-04,2024-W17
MNQ,2024-04-25,2024-04-25 13:30:00+00:00,2024-04-25 15:29:00+00:00,17354.0,17447.75,17308.0,17407.0,629199,10930300851.416666,120,17371.77085694139,2024-04-25 15:30:00+00:00,2024-04-25 17:59:00+00:00,17406.5,17580.0,17358.5,17568.25,358674,6263232739.75,150,17462.187779850225,primary_2023_2025,139.75,180.75,0.7731673582295989,standard,0_7_to_1_0,221.5,1.5849731663685152,False,0.7302483069977427,0.7302483069977427,1,1,False,True,0.9469525959367946,True,True,2024,2024-04,2024-W17
MNQ,2024-04-26,2024-04-26 13:30:00+00:00,2024-04-26 15:29:00+00:00,17697.25,17886.0,17668.25,17837.25,560545,9976938351.416666,120,17798.639451634866,2024-04-26 15:30:00+00:00,2024-04-26 17:59:00+00:00,17837.5,17901.25,17823.0,17877.75,253879,4535064504.75,150,17863.094248638132,primary_2023_2025,217.75,170.0,1.2808823529411764,standard,1_0_to_1_3,78.25,0.3593570608495982,True,0.5143769968051118,0.5143769968051118,1,1,False,True,0.6996805111821086,False,False,2024,2024-04,2024-W17
MNQ,2024-04-29,2024-04-29 13:30:00+00:00,2024-04-29 15:29:00+00:00,17921.5,17949.0,17828.75,17878.0,432867,7741818694.5,120,17884.982441488955,2024-04-29 15:30:00+00:00,2024-04-29 17:59:00+00:00,17878.5,17931.5,17844.75,17916.75,215132,3849355002.5,150,17892.99129139319,primary_2023_2025,120.25,180.75,0.665283540802213,standard,le_0_7,86.75,0.7214137214137214,False,0.4409221902017291,0.4409221902017291,-1,1,True,False,0.829971181556196,True,True,2024,2024-04,2024-W18
MNQ,2024-04-30,2024-04-30 13:30:00+00:00,2024-04-30 15:29:00+00:00,17836.25,17895.0,17752.5,17771.25,473589,8448039963.083333,120,17838.33653882023,2024-04-30 15:30:00+00:00,2024-04-30 17:59:00+00:00,17771.5,17776.25,17675.25,17728.5,340033,6027158022.083333,150,17725.21497055678,primary_2023_2025,142.5,170.0,0.8382352941176471,standard,0_7_to_1_0,101.0,0.7087719298245614,False,0.42574257425742573,-0.42574257425742573,-1,-1,False,True,0.5272277227722773,False,False,2024,2024-04,2024-W18
MNQ,2024-05-01,2024-05-01 13:30:00+00:00,2024-05-01 15:29:00+00:00,17501.5,17517.5,17412.25,17451.5,412270,7202534899.833333,120,17470.431755483864,2024-05-01 15:30:00+00:00,2024-05-01 17:59:00+00:00,17452.0,17482.5,17399.0,17465.5,223180,3893250921.0,150,17444.443592615826,primary_2023_2025,105.25,170.0,0.6191176470588236,standard,le_0_7,83.5,0.7933491686460807,False,0.16167664670658682,0.16167664670658682,-1,1,True,True,0.7964071856287425,True,True,2024,2024-05,2024-W18
MNQ,2024-05-02,2024-05-02 13:30:00+00:00,2024-05-02 15:29:00+00:00,17582.75,17602.5,17386.0,17520.25,582436,10193142508.416666,120,17500.879939455437,2024-05-02 15:30:00+00:00,2024-05-02 17:59:00+00:00,17520.75,17616.5,17488.5,17594.75,311675,5469014709.25,150,17547.171602630944,primary_2023_2025,216.5,154.875,1.3979015334947538,standard,1_3_to_1_5,128.0,0.5912240184757506,False,0.578125,0.578125,-1,1,True,True,0.830078125,True,True,2024,2024-05,2024-W18
MNQ,2024-05-03,2024-05-03 13:30:00+00:00,2024-05-03 15:29:00+00:00,17958.0,18050.0,17893.5,17946.0,485970,8723091412.333334,120,17949.855777791498,2024-05-03 15:30:00+00:00,2024-05-03 17:59:00+00:00,17946.75,18009.25,17946.5,17986.5,207158,3725942465.8333335,150,17985.993617593012,primary_2023_2025,156.5,170.0,0.9205882352941176,standard,0_7_to_1_0,62.75,0.4009584664536741,True,0.6334661354581673,0.6334661354581673,-1,1,True,False,0.6374501992031872,True,True,2024,2024-05,2024-W18
MNQ,2024-05-06,2024-05-06 13:30:00+00:00,2024-05-06 15:29:00+00:00,18074.25,18116.75,18042.5,18097.5,324775,5875465078.333333,120,18090.878541554408,2024-05-06 15:30:00+00:00,2024-05-06 17:59:00+00:00,18097.75,18133.25,18067.25,18128.25,216100,3912506067.75,150,18105.072039565017,primary_2023_2025,74.25,158.125,0.46956521739130436,standard,le_0_7,66.0,0.8888888888888888,False,0.4621212121212121,0.4621212121212121,1,1,False,True,0.9242424242424242,True,True,2024,2024-05,2024-W19
MNQ,2024-05-07,2024-05-07 13:30:00+00:00,2024-05-07 15:29:00+00:00,18211.25,18262.25,18181.25,18245.5,354550,6458984216.25,120,18217.41423283035,2024-05-07 15:30:00+00:00,2024-05-07 17:59:00+00:00,18246.0,18267.75,18183.25,18193.75,230129,4197735230.583333,150,18240.792036567895,primary_2023_2025,81.0,158.125,0.5122529644268775,standard,le_0_7,84.5,1.0432098765432098,False,0.6183431952662722,-0.6183431952662722,1,-1,True,True,0.1242603550295858,True,True,2024,2024-05,2024-W19
MNQ,2024-05-08,2024-05-08 13:30:00+00:00,2024-05-08 15:29:00+00:00,18083.75,18242.25,18079.0,18186.5,390264,7092149095.166667,120,18172.696162512213,2024-05-08 15:30:00+00:00,2024-05-08 17:59:00+00:00,18186.5,18193.0,18138.25,18178.75,226086,4108012021.8333335,150,18170.130047120714,primary_2023_2025,163.25,153.25,1.065252854812398,standard,1_0_to_1_3,54.75,0.33537519142419603,True,0.1415525114155251,-0.1415525114155251,1,-1,True,False,0.7397260273972602,True,True,2024,2024-05,2024-W19
MNQ,2024-05-09,2024-05-09 13:30:00+00:00,2024-05-09 15:29:00+00:00,18186.75,18231.25,18108.0,18229.5,408531,7424059326.666667,120,18172.572770895396,2024-05-09 15:30:00+00:00,2024-05-09 17:59:00+00:00,18229.5,18237.5,18170.0,18206.5,215698,3926898003.9166665,150,18205.537389853715,primary_2023_2025,123.25,158.125,0.7794466403162056,standard,0_7_to_1_0,67.5,0.5476673427991886,False,0.34074074074074073,-0.34074074074074073,1,-1,True,True,0.5407407407407407,True,True,2024,2024-05,2024-W19
MNQ,2024-05-10,2024-05-10 13:30:00+00:00,2024-05-10 15:29:00+00:00,18274.25,18348.0,18188.25,18238.0,451018,8238215108.25,120,18265.82333354766,2024-05-10 15:30:00+00:00,2024-05-10 17:59:00+00:00,18238.5,18254.0,18193.25,18252.0,227796,4152474230.3333335,150,18228.916356447582,primary_2023_2025,159.75,158.125,1.0102766798418972,standard,1_0_to_1_3,60.75,0.38028169014084506,True,0.2222222222222222,0.2222222222222222,-1,1,True,False,0.9670781893004116,False,False,2024,2024-05,2024-W19
MNQ,2024-05-13,2024-05-13 13:30:00+00:00,2024-05-13 15:29:00+00:00,18332.25,18336.75,18252.25,18279.75,352252,6442804224.333333,120,18290.326880566565,2024-05-13 15:30:00+00:00,2024-05-13 17:59:00+00:00,18279.5,18309.25,18234.75,18284.0,200593,3667407877.8333335,150,18282.830795856953,primary_2023_2025,84.5,159.75,0.5289514866979655,standard,le_0_7,74.5,0.8816568047337278,False,0.06040268456375839,0.06040268456375839,-1,1,True,True,0.6610738255033557,True,True,2024,2024-05,2024-W20
MNQ,2024-05-14,2024-05-14 13:30:00+00:00,2024-05-14 15:29:00+00:00,18274.0,18371.5,18265.25,18358.25,464292,8503387909.333333,120,18314.741389757593,2024-05-14 15:30:00+00:00,2024-05-14 17:59:00+00:00,18358.5,18358.75,18298.0,18330.75,206242,3778161502.75,150,18319.069359053927,primary_2023_2025,106.25,158.125,0.6719367588932806,standard,le_0_7,60.75,0.571764705882353,False,0.4567901234567901,-0.4567901234567901,1,-1,True,False,0.5390946502057613,True,True,2024,2024-05,2024-W20
MNQ,2024-05-15,2024-05-15 13:30:00+00:00,2024-05-15 15:29:00+00:00,18509.25,18602.0,18447.25,18595.5,452222,8377526309.25,120,18525.251556204697,2024-05-15 15:30:00+00:00,2024-05-15 17:59:00+00:00,18595.25,18683.75,18577.0,18682.0,222761,4148900080.4166665,150,18624.894305630998,primary_2023_2025,154.75,158.125,0.9786561264822135,standard,0_7_to_1_0,106.75,0.6898222940226171,False,0.8126463700234192,0.8126463700234192,1,1,False,True,0.9836065573770492,False,False,2024,2024-05,2024-W20
MNQ,2024-05-16,2024-05-16 13:30:00+00:00,2024-05-16 15:29:00+00:00,18678.5,18760.75,18672.0,18745.0,347142,6495694265.0,120,18711.92268581733,2024-05-16 15:30:00+00:00,2024-05-16 17:59:00+00:00,18745.0,18755.5,18671.5,18710.25,275539,5156986716.0,150,18715.99561586563,primary_2023_2025,88.75,155.625,0.570281124497992,standard,le_0_7,84.0,0.9464788732394366,False,0.41369047619047616,-0.41369047619047616,1,-1,True,True,0.46130952380952384,True,True,2024,2024-05,2024-W20
MNQ,2024-05-17,2024-05-17 13:30:00+00:00,2024-05-17 15:29:00+00:00,18651.0,18677.0,18620.5,18654.75,338977,6321633948.833333,120,18649.15303644003,2024-05-17 15:30:00+00:00,2024-05-17 17:59:00+00:00,18654.5,18661.0,18607.75,18615.0,196800,3666975925.3333335,150,18633.00775067751,primary_2023_2025,56.5,148.625,0.3801513877207738,standard,le_0_7,53.25,0.9424778761061947,False,0.7417840375586855,-0.7417840375586855,1,-1,True,True,0.13615023474178403,True,True,2024,2024-05,2024-W20
MNQ,2024-05-20,2024-05-20 13:30:00+00:00,2024-05-20 15:29:00+00:00,18643.75,18771.0,18635.25,18752.5,306786,5745179799.416667,120,18726.994711025494,2024-05-20 15:30:00+00:00,2024-05-20 17:59:00+00:00,18752.5,18794.5,18731.75,18745.5,195252,3662650121.1666665,150,18758.57927789045,primary_2023_2025,135.75,141.125,0.9619131975199291,standard,0_7_to_1_0,62.75,0.4622467771639042,True,0.11155378486055777,-0.11155378486055777,1,-1,True,True,0.21912350597609562,False,False,2024,2024-05,2024-W21
MNQ,2024-05-21,2024-05-21 13:30:00+00:00,2024-05-21 15:29:00+00:00,18686.25,18764.25,18678.0,18753.75,308957,5784477780.916667,120,18722.598228610022,2024-05-21 15:30:00+00:00,2024-05-21 17:59:00+00:00,18753.75,18775.75,18731.5,18775.75,180673,3388259002.3333335,150,18753.5437078774,primary_2023_2025,86.25,137.75,0.6261343012704175,standard,le_0_7,44.25,0.5130434782608696,False,0.4971751412429379,0.4971751412429379,1,1,False,True,1.0,False,False,2024,2024-05,2024-W21
MNQ,2024-05-22,2024-05-22 13:30:00+00:00,2024-05-22 15:29:00+00:00,18808.0,18838.5,18789.0,18834.25,263825,4964439110.166667,120,18817.167100034745,2024-05-22 15:30:00+00:00,2024-05-22 17:59:00+00:00,18834.0,18838.0,18745.75,18771.25,196210,3688879301.9166665,150,18800.66919074801,primary_2023_2025,49.5,129.5,0.38223938223938225,standard,le_0_7,92.25,1.8636363636363635,False,0.6802168021680217,-0.6802168021680217,1,-1,True,True,0.2764227642276423,True,True,2024,2024-05,2024-W21
MNQ,2024-05-23,2024-05-23 13:30:00+00:00,2024-05-23 15:29:00+00:00,18981.5,18982.5,18801.75,18894.75,574875,10856613901.0,120,18885.17312633181,2024-05-23 15:30:00+00:00,2024-05-23 17:59:00+00:00,18894.75,18933.75,18711.25,18716.5,354522,6681538806.416667,150,18846.612640165255,primary_2023_2025,180.75,121.75,1.484599589322382,standard,1_3_to_1_5,222.5,1.2309820193637622,False,0.801123595505618,-0.801123595505618,-1,-1,False,True,0.02359550561797753,True,True,2024,2024-05,2024-W21
MNQ,2024-05-24,2024-05-24 13:30:00+00:00,2024-05-24 15:29:00+00:00,18762.25,18918.75,18731.75,18900.75,411179,7734696328.333333,120,18811.019843750128,2024-05-24 15:30:00+00:00,2024-05-24 17:59:00+00:00,18900.75,18916.0,18874.25,18903.5,208548,3940675396.6666665,150,18895.771700839454,primary_2023_2025,187.0,121.75,1.5359342915811087,exhaustion,1_5_to_2_0,41.75,0.2232620320855615,True,0.0658682634730539,0.0658682634730539,1,1,False,False,0.7005988023952096,False,False,2024,2024-05,2024-W21
MNQ,2024-05-27,2024-05-27 13:30:00+00:00,2024-05-27 15:29:00+00:00,18879.25,18928.25,18876.0,18924.5,55154,1042317873.0833334,120,18898.318763522744,2024-05-27 15:30:00+00:00,2024-05-27 16:59:00+00:00,18924.0,18957.25,18923.0,18951.0,25912,490791212.75,90,18940.692063522692,primary_2023_2025,52.25,121.75,0.42915811088295686,standard,le_0_7,34.25,0.6555023923444976,False,0.7883211678832117,0.7883211678832117,1,1,False,True,0.8175182481751825,False,False,2024,2024-05,2024-W22
MNQ,2024-05-28,2024-05-28 13:30:00+00:00,2024-05-28 15:29:00+00:00,18920.25,18937.0,18838.75,18927.0,358621,6775478698.333333,120,18893.145405130577,2024-05-28 15:30:00+00:00,2024-05-28 17:59:00+00:00,18927.0,18945.75,18891.5,18902.75,226957,4294490929.5,150,18922.046596932458,primary_2023_2025,98.25,114.75,0.8562091503267973,standard,0_7_to_1_0,54.25,0.5521628498727735,False,0.4470046082949309,-0.4470046082949309,1,-1,True,True,0.2073732718894009,True,True,2024,2024-05,2024-W22
MNQ,2024-05-29,2024-05-29 13:30:00+00:00,2024-05-29 15:29:00+00:00,18765.5,18880.0,18761.0,18849.75,402600,7582147063.166667,120,18832.953460423912,2024-05-29 15:30:00+00:00,2024-05-29 17:59:00+00:00,18849.5,18877.75,18816.25,18859.25,232631,4384112245.0,150,18845.778271167645,primary_2023_2025,119.0,105.75,1.1252955082742317,standard,1_0_to_1_3,61.5,0.5168067226890757,False,0.15853658536585366,0.15853658536585366,1,1,False,False,0.6991869918699187,True,True,2024,2024-05,2024-W22
MNQ,2024-05-30,2024-05-30 13:30:00+00:00,2024-05-30 15:29:00+00:00,18764.75,18769.25,18623.75,18674.0,447006,8360291463.25,120,18702.861848051256,2024-05-30 15:30:00+00:00,2024-05-30 17:59:00+00:00,18674.0,18729.0,18667.0,18703.0,208653,3901019060.75,150,18696.20403612697,primary_2023_2025,145.5,112.625,1.2918978912319645,standard,1_0_to_1_3,62.0,0.4261168384879725,True,0.46774193548387094,0.46774193548387094,-1,1,True,False,0.5806451612903226,True,True,2024,2024-05,2024-W22
MNQ,2024-05-31,2024-05-31 13:30:00+00:00,2024-05-31 15:29:00+00:00,18602.0,18630.75,18328.75,18337.25,580450,10714826534.583334,120,18459.51681382261,2024-05-31 15:30:00+00:00,2024-05-31 17:59:00+00:00,18336.75,18367.0,18241.25,18341.25,347294,6357842225.25,150,18306.801226770403,primary_2023_2025,302.0,112.625,2.681465038845727,exhaustion,gt_2_0,125.75,0.4163907284768212,True,0.03578528827037773,0.03578528827037773,-1,1,True,True,0.7952286282306164,False,False,2024,2024-05,2024-W22
MNQ,2024-06-03,2024-06-03 13:30:00+00:00,2024-06-03 15:29:00+00:00,18712.75,18755.5,18563.75,18616.5,548848,10243187567.166666,120,18663.068039177815,2024-06-03 15:30:00+00:00,2024-06-03 17:59:00+00:00,18616.5,18637.25,18436.0,18557.25,381909,7078512664.583333,150,18534.553164715504,primary_2023_2025,191.75,112.625,1.7025527192008878,exhaustion,1_5_to_2_0,201.25,1.0495436766623207,False,0.29440993788819875,-0.29440993788819875,-1,-1,False,True,0.6024844720496895,False,False,2024,2024-06,2024-W23
MNQ,2024-06-04,2024-06-04 13:30:00+00:00,2024-06-04 15:29:00+00:00,18638.25,18664.25,18567.75,18601.5,510057,9494588796.583334,120,18614.760304403888,2024-06-04 15:30:00+00:00,2024-06-04 17:59:00+00:00,18601.75,18652.5,18570.5,18628.5,266335,4956428514.666667,150,18609.75281005751,primary_2023_2025,96.5,121.125,0.7966976264189887,standard,0_7_to_1_0,82.0,0.8497409326424871,False,0.32621951219512196,0.32621951219512196,-1,1,True,False,0.7073170731707317,True,True,2024,2024-06,2024-W23
MNQ,2024-06-05,2024-06-05 13:30:00+00:00,2024-06-05 15:29:00+00:00,18849.0,18982.0,18800.0,18964.5,430411,8127140283.0,120,18882.27829446738,2024-06-05 15:30:00+00:00,2024-06-05 17:59:00+00:00,18964.75,19028.75,18954.5,19024.5,230388,4375284477.083333,150,18990.93909875225,primary_2023_2025,182.0,121.125,1.502579979360165,exhaustion,1_5_to_2_0,74.25,0.40796703296703296,True,0.8047138047138047,0.8047138047138047,1,1,False,True,0.9427609427609428,False,False,2024,2024-06,2024-W23
MNQ,2024-06-06,2024-06-06 13:30:00+00:00,2024-06-06 15:29:00+00:00,19103.0,19115.75,19032.25,19069.0,431447,8231125710.75,120,19077.953284528576,2024-06-06 15:30:00+00:00,2024-06-06 17:59:00+00:00,19069.0,19090.25,19035.25,19072.5,243572,4643286385.916667,150,19063.301142646393,primary_2023_2025,83.5,121.125,0.6893704850361198,standard,le_0_7,55.0,0.6586826347305389,False,0.06363636363636363,0.06363636363636363,-1,1,True,False,0.6772727272727272,True,True,2024,2024-06,2024-W23
MNQ,2024-06-07,2024-06-07 13:30:00+00:00,2024-06-07 15:29:00+00:00,19040.5,19117.25,18992.25,19066.25,391746,7461157771.5,120,19045.906713789038,2024-06-07 15:30:00+00:00,2024-06-07 17:59:00+00:00,19066.5,19155.25,19055.75,19115.0,253797,4848982068.75,150,19105.75014184565,primary_2023_2025,125.0,112.625,1.1098779134295227,standard,1_0_to_1_3,99.5,0.796,False,0.48743718592964824,0.48743718592964824,1,1,False,True,0.5954773869346733,False,False,2024,2024-06,2024-W23
MNQ,2024-06-10,2024-06-10 13:30:00+00:00,2024-06-10 15:29:00+00:00,18988.5,19090.25,18977.5,19089.75,339858,6465536187.75,120,19024.228318150523,2024-06-10 15:30:00+00:00,2024-06-10 17:59:00+00:00,19089.75,19121.25,19054.25,19101.75,249399,4762070054.666667,150,19094.182633718126,primary_2023_2025,112.75,112.625,1.0011098779134295,standard,1_0_to_1_3,67.0,0.5942350332594235,False,0.1791044776119403,0.1791044776119403,1,1,False,True,0.7089552238805971,False,False,2024,2024-06,2024-W24
MNQ,2024-06-11,2024-06-11 13:30:00+00:00,2024-06-11 15:29:00+00:00,19058.0,19137.0,18994.75,19115.75,395170,7536409030.333333,120,19071.308627510523,2024-06-11 15:30:00+00:00,2024-06-11 17:59:00+00:00,19115.75,19166.25,19063.0,19164.0,249274,4763424225.583333,150,19109.18999006448,primary_2023_2025,142.25,115.875,1.2276159654800431,standard,1_0_to_1_3,103.25,0.7258347978910369,False,0.46731234866828086,0.46731234866828086,1,1,False,True,0.9782082324455206,True,True,2024,2024-06,2024-W24
MNQ,2024-06-12,2024-06-12 13:30:00+00:00,2024-06-12 15:29:00+00:00,19401.75,19546.5,19374.5,19533.75,391287,7626970123.5,120,19492.010016944085,2024-06-12 15:30:00+00:00,2024-06-12 17:59:00+00:00,19533.75,19537.0,19490.5,19515.0,157283,3069122514.5,150,19513.377253104278,primary_2023_2025,172.0,122.0,1.4098360655737705,standard,1_3_to_1_5,46.5,0.2703488372093023,True,0.4032258064516129,-0.4032258064516129,1,-1,True,False,0.5268817204301075,True,True,2024,2024-06,2024-W24
MNQ,2024-06-13,2024-06-13 13:30:00+00:00,2024-06-13 15:29:00+00:00,19636.75,19663.75,19534.75,19578.25,481012,9426509611.666666,120,19597.244167851666,2024-06-13 15:30:00+00:00,2024-06-13 17:59:00+00:00,19578.5,19608.75,19500.0,19568.0,298690,5841775728.5,150,19557.9889802136,primary_2023_2025,129.0,122.0,1.0573770491803278,standard,1_0_to_1_3,108.75,0.8430232558139535,False,0.09655172413793103,-0.09655172413793103,-1,-1,False,True,0.6252873563218391,True,True,2024,2024-06,2024-W24
MNQ,2024-06-14,2024-06-14 13:30:00+00:00,2024-06-14 15:29:00+00:00,19577.75,19649.0,19557.0,19618.0,415504,8148042622.166667,120,19610.022098864672,2024-06-14 15:30:00+00:00,2024-06-14 17:59:00+00:00,19618.0,19676.25,19563.25,19657.25,276884,5434781155.833333,150,19628.36839916114,primary_2023_2025,92.0,127.0,0.7244094488188977,standard,0_7_to_1_0,113.0,1.2282608695652173,False,0.3473451327433628,0.3473451327433628,1,1,False,True,0.831858407079646,True,True,2024,2024-06,2024-W24
MNQ,2024-06-17,2024-06-17 13:30:00+00:00,2024-06-17 15:29:00+00:00,19958.0,20019.75,19904.0,20011.25,266278,5315206421.833333,120,19961.117410500803,2024-06-17 15:30:00+00:00,2024-06-17 17:59:00+00:00,20011.5,20238.25,20002.0,20233.25,213395,4291223599.5,150,20109.297778767075,primary_2023_2025,115.75,127.0,0.9114173228346457,standard,0_7_to_1_0,236.25,2.041036717062635,False,0.9386243386243386,0.9386243386243386,1,1,False,True,0.9788359788359788,False,False,2024,2024-06,2024-W25
MNQ,2024-06-18,2024-06-18 13:30:00+00:00,2024-06-18 15:29:00+00:00,20191.75,20219.25,20127.0,20156.75,311827,6292346318.916667,120,20178.96564093766,2024-06-18 15:30:00+00:00,2024-06-18 17:59:00+00:00,20156.5,20229.0,20151.5,20202.5,185021,3735655233.8333335,150,20190.439106011392,primary_2023_2025,92.25,122.0,0.7561475409836066,standard,0_7_to_1_0,77.5,0.8401084010840109,False,0.5935483870967742,0.5935483870967742,-1,1,True,True,0.6580645161290323,True,True,2024,2024-06,2024-W25
MNQ,2024-06-19,2024-06-19 13:30:00+00:00,2024-06-19 15:29:00+00:00,20242.75,20252.25,20223.5,20241.25,45921,929391964.0833334,120,20238.931296864906,2024-06-19 15:30:00+00:00,2024-06-19 16:59:00+00:00,20240.75,20248.0,20228.0,20230.75,15962,323049357.6666667,90,20238.651651839788,primary_2023_2025,28.75,122.0,0.23565573770491804,standard,le_0_7,20.0,0.6956521739130435,False,0.5,-0.5,-1,-1,False,False,0.1375,True,True,2024,2024-06,2024-W25
MNQ,2024-06-20,2024-06-20 13:30:00+00:00,2024-06-20 15:29:00+00:00,20245.5,20263.5,20118.25,20189.75,430244,8690371033.416666,120,20198.703604040187,2024-06-20 15:30:00+00:00,2024-06-20 17:59:00+00:00,20189.75,20211.25,19958.5,20033.0,479745,9628662838.083334,150,20070.376633593543,primary_2023_2025,145.25,122.0,1.1905737704918034,standard,1_0_to_1_3,252.75,1.7401032702237522,False,0.6201780415430267,-0.6201780415430267,-1,-1,False,True,0.29475766567754697,True,True,2024,2024-06,2024-W25
MNQ,2024-06-21,2024-06-21 13:30:00+00:00,2024-06-21 15:29:00+00:00,20017.0,20041.75,19914.0,19996.5,442489,8840542992.833334,120,19979.124888603634,2024-06-21 15:30:00+00:00,2024-06-21 17:59:00+00:00,19996.25,20073.0,19947.25,19961.25,295675,5916764750.0,150,20011.04168428173,primary_2023_2025,127.75,122.0,1.0471311475409837,standard,1_0_to_1_3,125.75,0.9843444227005871,False,0.2783300198807157,-0.2783300198807157,-1,-1,False,True,0.11133200795228629,True,True,2024,2024-06,2024-W25
MNQ,2024-06-24,2024-06-24 13:30:00+00:00,2024-06-24 15:29:00+00:00,19922.0,19995.5,19821.25,19912.0,546911,10891908761.25,120,19915.32216622083,2024-06-24 15:30:00+00:00,2024-06-24 17:59:00+00:00,19912.0,19925.5,19788.0,19810.25,329768,6549698009.083333,150,19861.53298404737,primary_2023_2025,174.25,122.0,1.4282786885245902,standard,1_3_to_1_5,137.5,0.7890961262553802,False,0.74,-0.74,-1,-1,False,True,0.1618181818181818,True,True,2024,2024-06,2024-W26
MNQ,2024-06-25,2024-06-25 13:30:00+00:00,2024-06-25 15:29:00+00:00,19830.25,19943.75,19792.25,19932.25,457710,9092924379.0,120,19866.125666906995,2024-06-25 15:30:00+00:00,2024-06-25 17:59:00+00:00,19932.5,19968.0,19837.5,19924.25,299028,5952895691.25,150,19907.485891789398,primary_2023_2025,151.5,126.375,1.198813056379822,standard,1_0_to_1_3,130.5,0.8613861386138614,False,0.06321839080459771,-0.06321839080459771,1,-1,True,True,0.6647509578544061,True,True,2024,2024-06,2024-W26
MNQ,2024-06-26,2024-06-26 13:30:00+00:00,2024-06-26 15:29:00+00:00,19929.0,20024.0,19912.0,19957.5,465539,9297239982.5,120,19970.915395917422,2024-06-26 15:30:00+00:00,2024-06-26 17:59:00+00:00,19957.5,20028.0,19935.25,19984.5,304589,6085513547.083333,150,19979.426529137076,primary_2023_2025,112.0,128.375,0.872444011684518,standard,0_7_to_1_0,92.75,0.828125,False,0.29110512129380056,0.29110512129380056,1,1,False,True,0.5309973045822103,True,True,2024,2024-06,2024-W26
MNQ,2024-06-27,2024-06-27 13:30:00+00:00,2024-06-27 15:29:00+00:00,19990.5,20116.5,19978.5,19993.0,552955,11087790588.333334,120,20051.88593707143,2024-06-27 15:30:00+00:00,2024-06-27 17:59:00+00:00,19993.25,20066.25,19954.25,20034.5,281752,5638966202.083333,150,20013.934957279213,primary_2023_2025,138.0,128.375,1.0749756572541382,standard,1_0_to_1_3,112.0,0.8115942028985508,False,0.36830357142857145,0.36830357142857145,1,1,False,True,0.7165178571428571,True,True,2024,2024-06,2024-W26
MNQ,2024-06-28,2024-06-28 13:30:00+00:00,2024-06-28 15:29:00+00:00,20070.25,20273.25,20039.0,20101.75,567518,11437945344.583334,120,20154.33051389266,2024-06-28 15:30:00+00:00,2024-06-28 17:59:00+00:00,20101.5,20130.5,19985.25,20041.0,371701,7454787125.416667,150,20055.87051263426,primary_2023_2025,234.25,128.375,1.8247322297955209,exhaustion,1_5_to_2_0,145.25,0.6200640341515475,False,0.4165232358003442,-0.4165232358003442,1,-1,True,True,0.3838209982788296,False,False,2024,2024-06,2024-W26
MNQ,2024-07-01,2024-07-01 13:30:00+00:00,2024-07-01 15:29:00+00:00,19971.0,19985.75,19811.5,19950.75,627555,12491605815.083334,120,19905.19685937222,2024-07-01 15:30:00+00:00,2024-07-01 17:59:00+00:00,19951.0,20026.5,19921.75,19999.5,291311,5822808192.333333,150,19988.288091878894,primary_2023_2025,174.25,128.375,1.3573515092502435,standard,1_3_to_1_5,104.75,0.6011477761836442,False,0.4630071599045346,0.4630071599045346,-1,1,True,True,0.7422434367541766,False,False,2024,2024-07,2024-W27
MNQ,2024-07-02,2024-07-02 13:30:00+00:00,2024-07-02 15:29:00+00:00,19982.0,20130.75,19976.5,20126.0,584467,11727926405.75,120,20066.01981933967,2024-07-02 15:30:00+00:00,2024-07-02 17:59:00+00:00,20126.5,20216.0,20065.0,20208.75,302672,6094823373.416667,150,20136.726798041003,primary_2023_2025,154.25,128.375,1.201557935735151,standard,1_0_to_1_3,151.0,0.9789303079416531,False,0.5447019867549668,0.5447019867549668,1,1,False,True,0.9519867549668874,True,True,2024,2024-07,2024-W27
MNQ,2024-07-03,2024-07-03 13:30:00+00:00,2024-07-03 15:29:00+00:00,20216.25,20355.5,20216.0,20346.25,438571,8895130205.0,120,20282.075661637453,2024-07-03 15:30:00+00:00,2024-07-03 17:14:00+00:00,20346.5,20435.5,20327.25,20419.0,213993,4362504358.166667,105,20386.20122231413,primary_2023_2025,139.5,133.5,1.0449438202247192,standard,1_0_to_1_3,108.25,0.7759856630824373,False,0.6697459584295612,0.6697459584295612,1,1,False,True,0.8475750577367206,False,False,2024,2024-07,2024-W27
MNQ,2024-07-04,2024-07-04 13:30:00+00:00,2024-07-04 15:29:00+00:00,20405.5,20406.25,20369.5,20387.5,45177,920841542.6666666,120,20382.972367945342,2024-07-04 15:30:00+00:00,2024-07-04 16:59:00+00:00,20387.0,20393.5,20374.0,20381.5,15034,306448416.5833333,90,20383.69140503747,primary_2023_2025,36.75,133.5,0.2752808988764045,standard,le_0_7,19.5,0.5306122448979592,False,0.28205128205128205,-0.28205128205128205,-1,-1,False,False,0.38461538461538464,True,True,2024,2024-07,2024-W27
MNQ,2024-07-05,2024-07-05 13:30:00+00:00,2024-07-05 15:29:00+00:00,20441.5,20569.25,20428.0,20560.25,490099,10049049804.5,120,20504.122237547923,2024-07-05 15:30:00+00:00,2024-07-05 17:59:00+00:00,20560.25,20638.75,20559.0,20624.25,233755,4815312073.25,150,20599.824916044578,primary_2023_2025,141.25,133.5,1.0580524344569289,standard,1_0_to_1_3,79.75,0.5646017699115045,False,0.8025078369905956,0.8025078369905956,1,1,False,True,0.8181818181818182,False,False,2024,2024-07,2024-W27
MNQ,2024-07-08,2024-07-08 13:30:00+00:00,2024-07-08 15:29:00+00:00,20632.0,20666.75,20588.0,20661.75,456755,9419724402.583334,120,20623.144579880536,2024-07-08 15:30:00+00:00,2024-07-08 17:59:00+00:00,20661.75,20671.25,20609.0,20653.75,239044,4934426216.0,150,20642.334532554676,primary_2023_2025,78.75,138.75,0.5675675675675675,standard,le_0_7,62.25,0.7904761904761904,False,0.1285140562248996,-0.1285140562248996,1,-1,True,True,0.7188755020080321,True,True,2024,2024-07,2024-W28
MNQ,2024-07-09,2024-07-09 13:30:00+00:00,2024-07-09 15:29:00+00:00,20723.0,20771.75,20670.0,20688.25,515521,10684194110.416666,120,20725.04148311449,2024-07-09 15:30:00+00:00,2024-07-09 17:59:00+00:00,20688.25,20717.0,20616.0,20660.5,326373,6746681487.25,150,20671.690021080176,primary_2023_2025,101.75,138.75,0.7333333333333333,standard,0_7_to_1_0,101.0,0.9926289926289926,False,0.2747524752475248,-0.2747524752475248,-1,-1,False,True,0.4405940594059406,False,False,2024,2024-07,2024-W28
MNQ,2024-07-10,2024-07-10 13:30:00+00:00,2024-07-10 15:29:00+00:00,20758.0,20795.75,20703.0,20753.0,453155,9403735853.416666,120,20751.69832268576,2024-07-10 15:30:00+00:00,2024-07-10 17:59:00+00:00,20753.0,20880.5,20747.75,20874.25,279086,5809518946.416667,150,20816.232080493708,primary_2023_2025,92.75,133.5,0.6947565543071161,standard,le_0_7,132.75,1.431266846361186,False,0.9133709981167608,0.9133709981167608,-1,1,True,True,0.9529190207156308,True,True,2024,2024-07,2024-W28
MNQ,2024-07-11,2024-07-11 13:30:00+00:00,2024-07-11 15:29:00+00:00,20894.5,20902.25,20528.25,20536.75,783034,16232457689.083334,120,20730.207997460308,2024-07-11 15:30:00+00:00,2024-07-11 17:59:00+00:00,20536.5,20548.5,20385.75,20391.0,474383,9715846178.25,150,20481.016769677666,primary_2023_2025,374.0,128.375,2.9133398247322297,exhaustion,gt_2_0,162.75,0.43516042780748665,True,0.8940092165898618,-0.8940092165898618,-1,-1,False,True,0.03225806451612903,False,False,2024,2024-07,2024-W28
MNQ,2024-07-12,2024-07-12 13:30:00+00:00,2024-07-12 15:29:00+00:00,20443.25,20666.75,20425.25,20655.5,522235,10735033470.75,120,20555.944107059084,2024-07-12 15:30:00+00:00,2024-07-12 17:59:00+00:00,20655.25,20741.0,20554.75,20710.0,320578,6614913439.833333,150,20634.333734171818,primary_2023_2025,241.5,132.875,1.8174976481655691,exhaustion,1_5_to_2_0,186.25,0.7712215320910973,False,0.29395973154362415,0.29395973154362415,1,1,False,True,0.8335570469798658,True,True,2024,2024-07,2024-W28
MNQ,2024-07-15,2024-07-15 13:30:00+00:00,2024-07-15 15:29:00+00:00,20610.0,20796.5,20581.5,20734.25,523325,10817421789.5,120,20670.561867864137,2024-07-15 15:30:00+00:00,2024-07-15 17:59:00+00:00,20733.75,20745.25,20556.25,20569.25,446743,9224746001.75,150,20648.88761939191,primary_2023_2025,215.0,138.75,1.5495495495495495,exhaustion,1_5_to_2_0,189.0,0.8790697674418605,False,0.8703703703703703,-0.8703703703703703,1,-1,True,True,0.06878306878306878,True,True,2024,2024-07,2024-W29
MNQ,2024-07-16,2024-07-16 13:30:00+00:00,2024-07-16 15:29:00+00:00,20649.25,20684.0,20485.5,20557.0,605889,12463489500.25,120,20570.58223577256,2024-07-16 15:30:00+00:00,2024-07-16 17:59:00+00:00,20557.25,20575.75,20464.0,20525.5,344368,7066030283.583333,150,20518.83532611431,primary_2023_2025,198.5,140.375,1.4140694568121104,standard,1_3_to_1_5,111.75,0.5629722921914357,False,0.2841163310961969,-0.2841163310961969,-1,-1,False,True,0.5503355704697986,True,True,2024,2024-07,2024-W29
MNQ,2024-07-17,2024-07-17 13:30:00+00:00,2024-07-17 15:29:00+00:00,20260.0,20281.5,20090.25,20131.25,662131,13352794576.416666,120,20166.39392569849,2024-07-17 15:30:00+00:00,2024-07-17 17:59:00+00:00,20131.25,20135.75,20008.25,20031.25,407020,8163044282.166667,150,20055.63432304719,primary_2023_2025,191.25,143.25,1.3350785340314135,standard,1_3_to_1_5,127.5,0.6666666666666666,False,0.7843137254901961,-0.7843137254901961,-1,-1,False,True,0.1803921568627451,False,False,2024,2024-07,2024-W29
MNQ,2024-07-18,2024-07-18 13:30:00+00:00,2024-07-18 15:29:00+00:00,20141.5,20149.25,19816.25,19821.75,760141,15202020205.25,120,19998.94783369138,2024-07-18 15:30:00+00:00,2024-07-18 17:59:00+00:00,19821.5,19946.5,19772.75,19873.25,469249,9318418915.5,150,19858.154019507765,primary_2023_2025,333.0,148.375,2.244313395113732,exhaustion,gt_2_0,173.75,0.5217717717717718,False,0.29784172661870506,0.29784172661870506,-1,1,True,True,0.5784172661870504,False,False,2024,2024-07,2024-W29
MNQ,2024-07-19,2024-07-19 13:30:00+00:00,2024-07-19 15:29:00+00:00,19868.5,19976.75,19743.25,19746.5,650134,12908179220.416666,120,19854.644150923756,2024-07-19 15:30:00+00:00,2024-07-19 17:59:00+00:00,19746.25,19826.5,19654.0,19721.0,473834,9347677668.666666,150,19727.747837146904,primary_2023_2025,233.5,152.875,1.527391659852821,exhaustion,1_5_to_2_0,172.5,0.7387580299785867,False,0.1463768115942029,-0.1463768115942029,-1,-1,False,True,0.3884057971014493,False,False,2024,2024-07,2024-W29
MNQ,2024-07-22,2024-07-22 13:30:00+00:00,2024-07-22 15:29:00+00:00,19955.0,20026.75,19828.25,19837.25,725736,14475491885.333334,120,19945.9471286161,2024-07-22 15:30:00+00:00,2024-07-22 17:59:00+00:00,19837.5,20016.25,19809.0,19999.5,350694,6981511659.083333,150,19907.702039622385,primary_2023_2025,198.5,164.25,1.208523592085236,standard,1_0_to_1_3,207.25,1.044080604534005,False,0.781664656212304,0.781664656212304,-1,1,True,True,0.9191797346200241,True,True,2024,2024-07,2024-W30
MNQ,2024-07-23,2024-07-23 13:30:00+00:00,2024-07-23 15:29:00+00:00,19957.75,20085.0,19927.25,20063.75,600441,12009374445.916666,120,20000.92339783037,2024-07-23 15:30:00+00:00,2024-07-23 17:59:00+00:00,20064.0,20074.25,19915.5,19979.5,381802,7630108216.75,150,19984.463718759984,primary_2023_2025,157.75,164.25,0.9604261796042618,standard,0_7_to_1_0,158.75,1.006339144215531,False,0.5322834645669291,-0.5322834645669291,1,-1,True,True,0.4031496062992126,True,True,2024,2024-07,2024-W30
MNQ,2024-07-24,2024-07-24 13:30:00+00:00,2024-07-24 15:29:00+00:00,19640.0,19655.0,19369.75,19395.0,568417,11080895923.75,120,19494.307741939458,2024-07-24 15:30:00+00:00,2024-07-24 17:59:00+00:00,19395.0,19415.5,19308.0,19320.0,393901,7623180571.0,150,19353.036856976752,primary_2023_2025,285.25,166.0,1.7183734939759037,exhaustion,1_5_to_2_0,107.5,0.3768624014022787,True,0.6976744186046512,-0.6976744186046512,-1,-1,False,True,0.11162790697674418,False,False,2024,2024-07,2024-W30
MNQ,2024-07-25,2024-07-25 13:30:00+00:00,2024-07-25 15:29:00+00:00,19217.25,19279.5,18883.5,19202.0,874220,16698035400.0,120,19100.49575621697,2024-07-25 15:30:00+00:00,2024-07-25 17:59:00+00:00,19202.5,19390.5,19142.5,19290.0,517040,9967103574.083334,150,19277.238848219353,primary_2023_2025,396.0,182.75,2.1668946648426815,exhaustion,gt_2_0,248.0,0.6262626262626263,False,0.3528225806451613,0.3528225806451613,-1,1,True,True,0.594758064516129,False,False,2024,2024-07,2024-W30
MNQ,2024-07-26,2024-07-26 13:30:00+00:00,2024-07-26 15:29:00+00:00,19163.75,19192.5,19040.75,19108.5,689064,13166243874.333334,120,19107.43250892999,2024-07-26 15:30:00+00:00,2024-07-26 17:59:00+00:00,19109.0,19299.0,19098.75,19194.5,410025,7877756403.0,150,19212.868490945675,primary_2023_2025,151.75,194.875,0.7787042976266838,standard,0_7_to_1_0,200.25,1.3196046128500825,False,0.42696629213483145,0.42696629213483145,-1,1,True,True,0.4781523096129838,True,True,2024,2024-07,2024-W30
MNQ,2024-07-29,2024-07-29 13:30:00+00:00,2024-07-29 15:29:00+00:00,19284.75,19377.25,19146.25,19187.25,703821,13566610658.75,120,19275.654830915817,2024-07-29 15:30:00+00:00,2024-07-29 17:59:00+00:00,19187.25,19349.0,19113.0,19255.0,427279,8233766291.333333,150,19270.23394862217,primary_2023_2025,231.0,182.75,1.2640218878248974,standard,1_0_to_1_3,236.0,1.0216450216450217,False,0.2870762711864407,0.2870762711864407,-1,1,True,True,0.6016949152542372,True,True,2024,2024-07,2024-W31
MNQ,2024-07-30,2024-07-30 13:30:00+00:00,2024-07-30 15:29:00+00:00,19287.25,19319.25,18975.75,19022.0,739016,14161124692.416666,120,19162.135450946484,2024-07-30 15:30:00+00:00,2024-07-30 17:59:00+00:00,19021.75,19033.75,18802.5,18937.0,551883,10438045265.416666,150,18913.51113445543,primary_2023_2025,343.5,194.875,1.7626683771648493,exhaustion,1_5_to_2_0,231.25,0.673216885007278,False,0.36648648648648646,-0.36648648648648646,-1,-1,False,True,0.5816216216216217,False,False,2024,2024-07,2024-W31
MNQ,2024-07-31,2024-07-31 13:30:00+00:00,2024-07-31 15:29:00+00:00,19371.0,19494.0,19310.5,19490.75,602492,11696058144.916666,120,19412.802402217236,2024-07-31 15:30:00+00:00,2024-07-31 17:59:00+00:00,19490.25,19516.0,19344.25,19431.25,311183,6052050987.25,150,19448.527031521644,primary_2023_2025,183.5,198.5,0.924433249370277,standard,0_7_to_1_0,171.75,0.9359673024523161,False,0.3435225618631732,-0.3435225618631732,1,-1,True,True,0.5065502183406113,True,True,2024,2024-07,2024-W31
MNQ,2024-08-01,2024-08-01 13:30:00+00:00,2024-08-01 15:29:00+00:00,19525.25,19681.75,19251.0,19265.5,793549,15458045363.083334,120,19479.63561554905,2024-08-01 15:30:00+00:00,2024-08-01 17:59:00+00:00,19264.75,19283.25,18912.0,19018.5,532287,10167355724.25,150,19101.266279751337,primary_2023_2025,430.75,198.5,2.1700251889168767,exhaustion,gt_2_0,371.25,0.8618688334300638,False,0.6632996632996633,-0.6632996632996633,-1,-1,False,True,0.2868686868686869,False,False,2024,2024-08,2024-W31
MNQ,2024-08-02,2024-08-02 13:30:00+00:00,2024-08-02 15:29:00+00:00,18651.25,18761.25,18385.75,18480.0,770853,14284206836.75,120,18530.3901479919,2024-08-02 15:30:00+00:00,2024-08-02 17:59:00+00:00,18479.5,18633.25,18444.75,18491.75,547052,10143719564.25,150,18542.514357410266,primary_2023_2025,375.5,206.75,1.8162031438935913,exhaustion,1_5_to_2_0,188.5,0.5019973368841545,False,0.0649867374005305,0.0649867374005305,-1,1,True,False,0.2493368700265252,True,True,2024,2024-08,2024-W31
MNQ,2024-08-05,2024-08-05 13:30:00+00:00,2024-08-05 15:29:00+00:00,17562.5,18189.5,17509.25,18101.5,853015,15294795705.833334,120,17930.277551782012,2024-08-05 15:30:00+00:00,2024-08-05 17:59:00+00:00,18102.0,18289.25,18019.25,18078.25,496097,8991905208.75,150,18125.29648183722,primary_2023_2025,680.25,223.0,3.0504484304932737,exhaustion,gt_2_0,270.0,0.39691289966923926,True,0.08796296296296297,-0.08796296296296297,1,-1,True,True,0.21851851851851853,False,False,2024,2024-08,2024-W32
MNQ,2024-08-06,2024-08-06 13:30:00+00:00,2024-08-06 15:29:00+00:00,18077.25,18339.75,17961.25,18184.5,624504,11347129099.25,120,18169.826132819006,2024-08-06 15:30:00+00:00,2024-08-06 17:59:00+00:00,18184.0,18449.75,18183.25,18418.5,368106,6756453605.083333,150,18354.64133994918,primary_2023_2025,378.5,232.25,1.6297093649085037,exhaustion,1_5_to_2_0,266.5,0.7040951122853368,False,0.8799249530956847,0.8799249530956847,1,1,False,True,0.8827392120075047,False,False,2024,2024-08,2024-W32
MNQ,2024-08-07,2024-08-07 13:30:00+00:00,2024-08-07 15:29:00+00:00,18453.5,18558.5,18405.25,18465.0,648442,11993698719.416666,120,18496.178099840334,2024-08-07 15:30:00+00:00,2024-08-07 17:59:00+00:00,18466.0,18487.75,18094.5,18117.75,490127,8970721850.833334,150,18302.85181357757,primary_2023_2025,153.25,237.5,0.6452631578947369,standard,le_0_7,393.25,2.566068515497553,False,0.8855689764780674,-0.8855689764780674,1,-1,True,True,0.05912269548633185,False,False,2024,2024-08,2024-W32
MNQ,2024-08-08,2024-08-08 13:30:00+00:00,2024-08-08 15:29:00+00:00,18225.25,18438.25,18064.75,18382.25,570440,10422407913.166666,120,18270.82237074305,2024-08-08 15:30:00+00:00,2024-08-08 17:59:00+00:00,18381.75,18532.5,18353.25,18514.25,298259,5496483508.666667,150,18428.558764921316,primary_2023_2025,373.5,237.5,1.5726315789473684,exhaustion,1_5_to_2_0,179.25,0.4799196787148594,True,0.7391910739191074,0.7391910739191074,1,1,False,True,0.898186889818689,False,False,2024,2024-08,2024-W32
MNQ,2024-08-09,2024-08-09 13:30:00+00:00,2024-08-09 15:29:00+00:00,18451.0,18580.0,18404.25,18508.75,555298,10270280883.0,120,18495.079908445554,2024-08-09 15:30:00+00:00,2024-08-09 17:59:00+00:00,18509.0,18674.75,18450.5,18609.25,316545,5869764067.583333,150,18543.221556440105,primary_2023_2025,175.75,237.5,0.74,standard,0_7_to_1_0,224.25,1.2759601706970127,False,0.44704570791527315,0.44704570791527315,1,1,False,True,0.7079152731326644,True,True,2024,2024-08,2024-W32
MNQ,2024-08-12,2024-08-12 13:30:00+00:00,2024-08-12 15:29:00+00:00,18641.25,18765.5,18524.0,18629.75,594662,11089951028.75,120,18649.167138223056,2024-08-12 15:30:00+00:00,2024-08-12 17:59:00+00:00,18630.5,18731.75,18586.0,18617.75,359641,6710395198.25,150,18658.59342580518,primary_2023_2025,241.5,232.25,1.0398277717976319,standard,1_0_to_1_3,145.75,0.6035196687370601,False,0.08747855917667238,-0.08747855917667238,-1,-1,False,False,0.21783876500857632,True,True,2024,2024-08,2024-W33
MNQ,2024-08-13,2024-08-13 13:30:00+00:00,2024-08-13 15:29:00+00:00,18821.75,18976.5,18815.75,18966.25,418154,7902234639.75,120,18897.905173094125,2024-08-13 15:30:00+00:00,2024-08-13 17:59:00+00:00,18967.0,19088.0,18956.5,19057.75,258271,4913970409.666667,150,19026.4118296931,primary_2023_2025,160.75,237.5,0.6768421052631579,standard,le_0_7,131.5,0.8180404354587869,False,0.6901140684410646,0.6901140684410646,1,1,False,True,0.7699619771863118,False,False,2024,2024-08,2024-W33
MNQ,2024-08-14,2024-08-14 13:30:00+00:00,2024-08-14 15:29:00+00:00,19137.0,19175.0,18925.5,19107.5,537707,10239366126.583334,120,19042.649856861328,2024-08-14 15:30:00+00:00,2024-08-14 17:59:00+00:00,19107.25,19203.75,19018.5,19071.75,362998,6934309694.583333,150,19102.88677784267,primary_2023_2025,249.5,237.5,1.0505263157894738,standard,1_0_to_1_3,185.25,0.7424849699398798,False,0.19163292847503374,-0.19163292847503374,-1,-1,False,True,0.2874493927125506,True,True,2024,2024-08,2024-W33
MNQ,2024-08-15,2024-08-15 13:30:00+00:00,2024-08-15 15:29:00+00:00,19352.25,19528.0,19336.25,19501.5,436667,8489829298.75,120,19442.342331227228,2024-08-15 15:30:00+00:00,2024-08-15 17:59:00+00:00,19501.0,19586.75,19491.0,19584.0,219538,4290222285.9166665,150,19542.048692785153,primary_2023_2025,191.75,245.5,0.7810590631364562,standard,0_7_to_1_0,95.75,0.49934810951760106,True,0.8668407310704961,0.8668407310704961,1,1,False,True,0.9712793733681462,False,False,2024,2024-08,2024-W33
MNQ,2024-08-16,2024-08-16 13:30:00+00:00,2024-08-16 15:29:00+00:00,19503.25,19591.5,19462.5,19531.5,435733,8509555541.083333,120,19529.288672382703,2024-08-16 15:30:00+00:00,2024-08-16 17:59:00+00:00,19532.25,19662.5,19524.25,19628.75,210325,4123067585.8333335,150,19603.316704306828,primary_2023_2025,129.0,237.5,0.5431578947368421,standard,le_0_7,138.25,1.071705426356589,False,0.6980108499095841,0.6980108499095841,1,1,False,True,0.755877034358047,True,True,2024,2024-08,2024-W33
MNQ,2024-08-19,2024-08-19 13:30:00+00:00,2024-08-19 15:29:00+00:00,19604.75,19677.5,19529.25,19658.0,436688,8561750336.666667,120,19606.103984232832,2024-08-19 15:30:00+00:00,2024-08-19 17:59:00+00:00,19657.75,19722.75,19619.25,19721.5,197861,3892234770.9166665,150,19671.561201634817,primary_2023_2025,148.25,236.25,0.6275132275132275,standard,le_0_7,103.5,0.6981450252951096,False,0.6159420289855072,0.6159420289855072,1,1,False,True,0.9879227053140096,False,False,2024,2024-08,2024-W34
MNQ,2024-08-20,2024-08-20 13:30:00+00:00,2024-08-20 15:29:00+00:00,19817.75,19924.75,19743.0,19789.75,490850,9734119718.833334,120,19831.14947302299,2024-08-20 15:30:00+00:00,2024-08-20 17:59:00+00:00,19790.0,19858.5,19748.0,19809.5,262811,5204718871.25,150,19804.037392841245,primary_2023_2025,181.75,236.25,0.7693121693121693,standard,0_7_to_1_0,110.5,0.6079779917469051,False,0.17647058823529413,0.17647058823529413,-1,1,True,False,0.5565610859728507,True,True,2024,2024-08,2024-W34
MNQ,2024-08-21,2024-08-21 13:30:00+00:00,2024-08-21 15:29:00+00:00,19842.0,19982.0,19801.5,19866.25,549616,10924032138.5,120,19875.75350517452,2024-08-21 15:30:00+00:00,2024-08-21 17:59:00+00:00,19867.25,19901.0,19771.25,19893.5,232047,4604540010.583333,150,19843.13527252381,primary_2023_2025,180.5,236.25,0.764021164021164,standard,0_7_to_1_0,129.75,0.7188365650969529,False,0.2023121387283237,0.2023121387283237,1,1,False,True,0.9421965317919075,True,True,2024,2024-08,2024-W34
MNQ,2024-08-22,2024-08-22 13:30:00+00:00,2024-08-22 15:29:00+00:00,19998.0,20025.75,19805.0,19809.5,487181,9705164802.333334,120,19921.065892005914,2024-08-22 15:30:00+00:00,2024-08-22 17:59:00+00:00,19809.75,19831.25,19586.75,19607.75,506438,9986902399.0,150,19719.891475363223,primary_2023_2025,220.75,211.375,1.0443524541691307,standard,1_0_to_1_3,244.5,1.1075877689694225,False,0.8261758691206544,-0.8261758691206544,-1,-1,False,True,0.08588957055214724,False,False,2024,2024-08,2024-W34
MNQ,2024-08-23,2024-08-23 13:30:00+00:00,2024-08-23 15:29:00+00:00,19755.75,19903.25,19622.75,19770.5,661317,13080894686.166666,120,19780.067178322446,2024-08-23 15:30:00+00:00,2024-08-23 17:59:00+00:00,19770.5,19818.5,19592.0,19732.75,341509,6727898256.75,150,19700.50059222451,primary_2023_2025,280.5,206.25,1.36,standard,1_3_to_1_5,226.5,0.8074866310160428,False,0.16666666666666666,-0.16666666666666666,1,-1,True,True,0.6214128035320088,True,True,2024,2024-08,2024-W34
MNQ,2024-08-26,2024-08-26 13:30:00+00:00,2024-08-26 15:29:00+00:00,19763.25,19801.5,19506.5,19608.25,491751,9663276569.416666,120,19650.75123266992,2024-08-26 15:30:00+00:00,2024-08-26 17:59:00+00:00,19608.25,19643.25,19523.75,19537.0,290791,5695637528.583333,150,19586.704982559066,primary_2023_2025,295.0,225.875,1.3060320973990038,standard,1_3_to_1_5,119.5,0.40508474576271186,True,0.5962343096234309,-0.5962343096234309,-1,-1,False,False,0.1108786610878661,False,False,2024,2024-08,2024-W35
MNQ,2024-08-27,2024-08-27 13:30:00+00:00,2024-08-27 15:29:00+00:00,19523.5,19694.5,19441.75,19623.75,485877,9511193050.583334,120,19575.310316362647,2024-08-27 15:30:00+00:00,2024-08-27 17:59:00+00:00,19624.0,19690.75,19577.75,19686.75,243544,4780036546.166667,150,19626.99366917956,primary_2023_2025,252.75,231.125,1.0935640886965927,standard,1_0_to_1_3,113.0,0.44708209693372897,True,0.5553097345132744,0.5553097345132744,1,1,False,False,0.9646017699115044,False,False,2024,2024-08,2024-W35
MNQ,2024-08-28,2024-08-28 13:30:00+00:00,2024-08-28 15:29:00+00:00,19625.5,19656.75,19339.25,19386.0,527432,10292753567.0,120,19514.84469467154,2024-08-28 15:30:00+00:00,2024-08-28 17:59:00+00:00,19386.5,19469.25,19291.25,19297.75,293425,5694580798.416667,150,19407.278856323308,primary_2023_2025,317.5,231.125,1.3737155219037318,standard,1_3_to_1_5,178.0,0.5606299212598426,False,0.49859550561797755,-0.49859550561797755,-1,-1,False,True,0.03651685393258427,False,False,2024,2024-08,2024-W35
MNQ,2024-08-29,2024-08-29 13:30:00+00:00,2024-08-29 15:29:00+00:00,19497.5,19692.0,19478.0,19627.75,607861,11916099526.083334,120,19603.32958699988,2024-08-29 15:30:00+00:00,2024-08-29 17:59:00+00:00,19628.25,19689.75,19575.5,19634.0,251475,4938257191.75,150,19637.169467143853,primary_2023_2025,214.0,245.5,0.8716904276985743,standard,0_7_to_1_0,114.25,0.5338785046728972,False,0.05032822757111598,0.05032822757111598,1,1,False,False,0.5120350109409191,True,True,2024,2024-08,2024-W35
MNQ,2024-08-30,2024-08-30 13:30:00+00:00,2024-08-30 15:29:00+00:00,19559.25,19628.0,19443.75,19465.75,499565,9763469093.416666,120,19543.941415865134,2024-08-30 15:30:00+00:00,2024-08-30 17:59:00+00:00,19466.0,19498.25,19370.0,19446.5,321199,6246206745.25,150,19446.532352996117,primary_2023_2025,184.25,231.125,0.7971876690102758,standard,0_7_to_1_0,128.25,0.6960651289009498,False,0.15204678362573099,-0.15204678362573099,-1,-1,False,True,0.5964912280701754,False,False,2024,2024-08,2024-W35
MNQ,2024-09-02,2024-09-02 13:30:00+00:00,2024-09-02 15:29:00+00:00,19618.75,19669.75,19587.75,19648.0,87519,1718407563.25,120,19634.68004947497,2024-09-02 15:30:00+00:00,2024-09-02 16:59:00+00:00,19648.25,19659.75,19627.75,19646.75,27757,545377335.0,90,19648.28097416868,primary_2023_2025,82.0,217.375,0.37722829212190917,standard,le_0_7,32.0,0.3902439024390244,True,0.046875,-0.046875,1,-1,True,False,0.59375,True,True,2024,2024-09,2024-W36
MNQ,2024-09-03,2024-09-03 13:30:00+00:00,2024-09-03 15:29:00+00:00,19477.75,19483.25,19148.5,19196.25,564457,10897065605.083334,120,19305.395459854928,2024-09-03 15:30:00+00:00,2024-09-03 17:59:00+00:00,19196.25,19226.25,19104.5,19108.75,273137,5233239417.75,150,19159.760185364852,primary_2023_2025,334.75,202.875,1.6500308071472582,exhaustion,1_5_to_2_0,121.75,0.3637042569081404,True,0.7186858316221766,-0.7186858316221766,-1,-1,False,True,0.03490759753593429,False,False,2024,2024-09,2024-W36
MNQ,2024-09-04,2024-09-04 13:30:00+00:00,2024-09-04 15:29:00+00:00,18878.0,19115.0,18836.0,19016.0,544696,10337106989.083334,120,18977.75454397193,2024-09-04 15:30:00+00:00,2024-09-04 17:59:00+00:00,19016.5,19087.75,18976.25,19005.75,279868,5324459437.0,150,19024.89543999314,primary_2023_2025,279.0,202.875,1.3752310536044363,standard,1_3_to_1_5,111.5,0.3996415770609319,True,0.09641255605381166,-0.09641255605381166,1,-1,True,False,0.2645739910313901,True,True,2024,2024-09,2024-W36
MNQ,2024-09-05,2024-09-05 13:30:00+00:00,2024-09-05 15:29:00+00:00,18886.5,19150.25,18863.25,18869.25,575097,10938480543.833334,120,19020.235792976375,2024-09-05 15:30:00+00:00,2024-09-05 17:59:00+00:00,18868.75,19015.25,18842.0,19012.25,279577,5288688194.666667,150,18916.74992816529,primary_2023_2025,287.0,217.375,1.320299022426682,standard,1_3_to_1_5,173.25,0.6036585365853658,False,0.8282828282828283,0.8282828282828283,-1,1,True,True,0.9826839826839827,False,False,2024,2024-09,2024-W36
MNQ,2024-09-06,2024-09-06 13:30:00+00:00,2024-09-06 15:29:00+00:00,18929.75,18967.25,18480.0,18505.0,699140,13070101797.916666,120,18694.541576675154,2024-09-06 15:30:00+00:00,2024-09-06 17:59:00+00:00,18505.0,18551.5,18428.75,18478.0,331108,6119017147.333333,150,18480.426771124025,primary_2023_2025,487.25,217.375,2.2415181138585396,exhaustion,gt_2_0,122.75,0.25192406362237046,True,0.219959266802444,-0.219959266802444,-1,-1,False,True,0.40122199592668023,False,False,2024,2024-09,2024-W36
MNQ,2024-09-09,2024-09-09 13:30:00+00:00,2024-09-09 15:29:00+00:00,18628.75,18720.5,18497.25,18568.25,503683,9374114559.0,120,18611.139464703,2024-09-09 15:30:00+00:00,2024-09-09 17:59:00+00:00,18568.5,18730.0,18559.75,18639.75,289549,5403390149.25,150,18661.401521849497,primary_2023_2025,223.25,231.125,0.9659275283937263,standard,0_7_to_1_0,170.25,0.7625979843225084,False,0.4185022026431718,0.4185022026431718,-1,1,True,True,0.4698972099853157,True,True,2024,2024-09,2024-W37
MNQ,2024-09-10,2024-09-10 13:30:00+00:00,2024-09-10 15:29:00+00:00,18758.5,18821.75,18673.5,18775.25,562869,10553259448.5,120,18749.050753372456,2024-09-10 15:30:00+00:00,2024-09-10 17:59:00+00:00,18774.75,18795.5,18589.75,18787.25,363244,6791481269.916667,150,18696.74728258875,primary_2023_2025,148.25,222.0,0.6677927927927928,standard,le_0_7,205.75,1.387858347386172,False,0.060753341433778855,0.060753341433778855,1,1,False,True,0.959902794653706,True,True,2024,2024-09,2024-W37
MNQ,2024-09-11,2024-09-11 13:30:00+00:00,2024-09-11 15:29:00+00:00,18902.75,18906.5,18547.75,18689.0,630945,11810982098.0,120,18719.511364698985,2024-09-11 15:30:00+00:00,2024-09-11 17:59:00+00:00,18688.75,19071.5,18680.0,19040.25,450196,8502801480.25,150,18886.88811151143,primary_2023_2025,358.75,222.0,1.615990990990991,exhaustion,1_5_to_2_0,391.5,1.0912891986062718,False,0.8978288633461047,0.8978288633461047,-1,1,True,True,0.9201787994891443,True,True,2024,2024-09,2024-W37
MNQ,2024-09-12,2024-09-12 13:30:00+00:00,2024-09-12 15:29:00+00:00,19259.5,19388.25,19185.25,19288.5,600197,11575655386.25,120,19286.42660034955,2024-09-12 15:30:00+00:00,2024-09-12 17:59:00+00:00,19288.5,19468.75,19246.75,19465.75,319401,6176780241.0,150,19338.637765692656,primary_2023_2025,203.0,222.0,0.9144144144144144,standard,0_7_to_1_0,222.0,1.0935960591133005,False,0.7984234234234234,0.7984234234234234,1,1,False,True,0.9864864864864865,True,True,2024,2024-09,2024-W37
MNQ,2024-09-13,2024-09-13 13:30:00+00:00,2024-09-13 15:29:00+00:00,19409.25,19540.75,19396.0,19520.25,404604,7883975869.333333,120,19485.659729842842,2024-09-13 15:30:00+00:00,2024-09-13 17:59:00+00:00,19520.5,19577.0,19478.0,19561.25,222164,4338741230.583333,150,19529.45225411558,primary_2023_2025,144.75,222.0,0.652027027027027,standard,le_0_7,99.0,0.6839378238341969,False,0.4116161616161616,0.4116161616161616,1,1,False,True,0.8409090909090909,True,True,2024,2024-09,2024-W37
MNQ,2024-09-16,2024-09-16 13:30:00+00:00,2024-09-16 15:29:00+00:00,19671.0,19697.75,19529.25,19614.0,320815,6292565522.666667,120,19614.312057312367,2024-09-16 15:30:00+00:00,2024-09-16 17:59:00+00:00,19613.75,19669.5,19544.25,19660.5,131631,2580321567.8333335,150,19602.689091728647,primary_2023_2025,168.5,222.0,0.759009009009009,standard,0_7_to_1_0,125.25,0.7433234421364985,False,0.37325349301397204,0.37325349301397204,-1,1,True,False,0.9281437125748503,True,True,2024,2024-09,2024-W38
MNQ,2024-09-17,2024-09-17 13:30:00+00:00,2024-09-17 15:29:00+00:00,19795.25,19850.5,19709.0,19765.5,408760,8087409282.25,120,19785.226740018592,2024-09-17 15:30:00+00:00,2024-09-17 17:59:00+00:00,19766.0,19785.25,19574.5,19661.25,314384,6187211340.416667,150,19680.426931449016,primary_2023_2025,141.5,222.0,0.6373873873873874,standard,le_0_7,210.75,1.489399293286219,False,0.4970344009489917,-0.4970344009489917,-1,-1,False,True,0.41162514827995256,True,True,2024,2024-09,2024-W38
MNQ,2024-09-18,2024-09-18 13:30:00+00:00,2024-09-18 15:29:00+00:00,19731.0,19736.75,19633.5,19663.5,303609,5977698828.333333,120,19688.806419879955,2024-09-18 15:30:00+00:00,2024-09-18 17:59:00+00:00,19663.5,19731.5,19583.5,19693.25,192606,3785960655.4166665,150,19656.50423879145,primary_2023_2025,103.25,222.0,0.4650900900900901,standard,le_0_7,148.0,1.4334140435835352,False,0.20101351351351351,0.20101351351351351,-1,1,True,True,0.7415540540540541,True,True,2024,2024-09,2024-W38
MNQ,2024-09-19,2024-09-19 13:30:00+00:00,2024-09-19 15:29:00+00:00,20052.5,20158.5,19963.25,20134.75,483569,9703150517.333334,120,20065.70007037948,2024-09-19 15:30:00+00:00,2024-09-19 17:59:00+00:00,20135.0,20203.0,20085.25,20193.25,226511,4563844258.333333,150,20148.444262456716,primary_2023_2025,195.25,222.0,0.8795045045045045,standard,0_7_to_1_0,117.75,0.6030729833546735,False,0.49469214437367304,0.49469214437367304,1,1,False,True,0.9171974522292994,False,False,2024,2024-09,2024-W38
MNQ,2024-09-20,2024-09-20 13:30:00+00:00,2024-09-20 15:29:00+00:00,20035.0,20082.5,19860.0,19907.25,456248,9120752257.083334,120,19990.777509344334,2024-09-20 15:30:00+00:00,2024-09-20 17:59:00+00:00,19907.0,20036.5,19901.0,19995.5,261313,5223782290.166667,150,19990.518229734713,primary_2023_2025,222.5,218.625,1.017724413950829,standard,1_0_to_1_3,135.5,0.6089887640449438,False,0.6531365313653137,0.6531365313653137,-1,1,True,False,0.6974169741697417,True,True,2024,2024-09,2024-W38
MNQ,2024-09-23,2024-09-23 13:30:00+00:00,2024-09-23 15:29:00+00:00,20076.5,20126.75,20031.75,20093.25,422563,8484446402.666667,120,20078.53598792764,2024-09-23 15:30:00+00:00,2024-09-23 17:59:00+00:00,20093.75,20126.0,20018.5,20073.5,240446,4825269367.5,150,20067.996005340075,primary_2023_2025,95.0,218.25,0.4352806414662085,standard,le_0_7,107.5,1.131578947368421,False,0.1883720930232558,-0.1883720930232558,1,-1,True,True,0.5116279069767442,True,True,2024,2024-09,2024-W39
MNQ,2024-09-24,2024-09-24 13:30:00+00:00,2024-09-24 15:29:00+00:00,20135.25,20154.0,19952.0,20115.25,445625,8935401097.916666,120,20051.390963066853,2024-09-24 15:30:00+00:00,2024-09-24 17:59:00+00:00,20115.25,20214.75,20112.0,20165.0,256993,5185365311.666667,150,20177.068292391883,primary_2023_2025,202.0,208.5,0.9688249400479616,standard,0_7_to_1_0,102.75,0.5086633663366337,False,0.48418491484184917,0.48418491484184917,-1,1,True,True,0.5158150851581509,False,False,2024,2024-09,2024-W39
MNQ,2024-09-25,2024-09-25 13:30:00+00:00,2024-09-25 15:29:00+00:00,20140.75,20272.75,20138.25,20202.75,390450,7893624249.5,120,20216.735176078884,2024-09-25 15:30:00+00:00,2024-09-25 17:59:00+00:00,20202.25,20241.75,20135.5,20200.5,271314,5477584534.666667,150,20189.096525305245,primary_2023_2025,134.5,202.5,0.6641975308641975,standard,le_0_7,106.25,0.7899628252788105,False,0.01647058823529412,-0.01647058823529412,1,-1,True,True,0.611764705882353,True,True,2024,2024-09,2024-W39
MNQ,2024-09-26,2024-09-26 13:30:00+00:00,2024-09-26 15:29:00+00:00,20503.25,20518.0,20188.0,20255.25,541518,11017896560.416666,120,20346.316392837663,2024-09-26 15:30:00+00:00,2024-09-26 17:59:00+00:00,20254.75,20324.5,20189.25,20274.0,280238,5677912771.916667,150,20261.038017387604,primary_2023_2025,330.0,198.625,1.6614222781623662,exhaustion,1_5_to_2_0,135.25,0.40984848484848485,True,0.1423290203327172,0.1423290203327172,-1,1,True,False,0.6266173752310537,False,False,2024,2024-09,2024-W39
MNQ,2024-09-27,2024-09-27 13:30:00+00:00,2024-09-27 15:29:00+00:00,20377.0,20383.0,20246.0,20270.0,414473,8420675401.333333,120,20316.583713132903,2024-09-27 15:30:00+00:00,2024-09-27 17:59:00+00:00,20270.25,20286.25,20210.0,20280.0,256174,5187162309.583333,150,20248.590058254675,primary_2023_2025,137.0,198.625,0.6897419760855884,standard,le_0_7,76.25,0.5565693430656934,False,0.12786885245901639,0.12786885245901639,-1,1,True,True,0.9180327868852459,False,False,2024,2024-09,2024-W39
MNQ,2024-09-30,2024-09-30 13:30:00+00:00,2024-09-30 15:29:00+00:00,20179.0,20264.0,20127.5,20226.5,374392,7562437036.916667,120,20199.248479979986,2024-09-30 15:30:00+00:00,2024-09-30 17:59:00+00:00,20227.25,20254.5,20167.25,20205.5,244443,4939718061.5,150,20208.05693556371,primary_2023_2025,136.5,198.625,0.6872246696035242,standard,le_0_7,87.25,0.6391941391941391,False,0.2492836676217765,-0.2492836676217765,1,-1,True,False,0.4383954154727794,True,True,2024,2024-09,2024-W40
MNQ,2024-10-01,2024-10-01 13:30:00+00:00,2024-10-01 15:29:00+00:00,20252.0,20266.25,19818.0,19893.5,671875,13423716264.333334,120,19979.484672496124,2024-10-01 15:30:00+00:00,2024-10-01 17:59:00+00:00,19893.5,20001.75,19844.0,19999.25,425835,8483316890.833333,150,19921.60552991965,primary_2023_2025,448.25,198.625,2.2567652611705475,exhaustion,gt_2_0,157.75,0.35192414947016176,True,0.6703645007923931,0.6703645007923931,-1,1,True,False,0.9841521394611727,True,True,2024,2024-10,2024-W40
MNQ,2024-10-02,2024-10-02 13:30:00+00:00,2024-10-02 15:29:00+00:00,19943.25,20089.5,19833.5,20055.0,541711,10816458938.5,120,19967.21303148727,2024-10-02 15:30:00+00:00,2024-10-02 17:59:00+00:00,20055.25,20085.0,19968.0,20044.75,275320,5515061261.666667,150,20031.45889026103,primary_2023_2025,256.0,198.625,1.288860918816866,standard,1_0_to_1_3,117.0,0.45703125,True,0.08974358974358974,-0.08974358974358974,1,-1,True,False,0.655982905982906,False,False,2024,2024-10,2024-W40
MNQ,2024-10-03,2024-10-03 13:30:00+00:00,2024-10-03 15:29:00+00:00,19912.25,20115.0,19894.5,19992.75,592225,11841904996.333334,120,19995.618213235397,2024-10-03 15:30:00+00:00,2024-10-03 17:59:00+00:00,19992.75,20059.75,19879.0,19962.5,301534,6023329202.666667,150,19975.621995087342,primary_2023_2025,220.5,198.625,1.1101321585903083,standard,1_0_to_1_3,180.75,0.8197278911564626,False,0.1673582295988935,-0.1673582295988935,1,-1,True,True,0.46196403872752423,True,True,2024,2024-10,2024-W40
MNQ,2024-10-04,2024-10-04 13:30:00+00:00,2024-10-04 15:29:00+00:00,20227.5,20239.75,20013.0,20060.25,573382,11531390548.583334,120,20111.183379637543,2024-10-04 15:30:00+00:00,2024-10-04 17:59:00+00:00,20060.5,20182.25,20033.75,20115.5,335566,6751656279.5,150,20120.20371402347,primary_2023_2025,226.75,198.625,1.1415984896161107,standard,1_0_to_1_3,148.5,0.6549062844542448,False,0.37037037037037035,0.37037037037037035,-1,1,True,False,0.5505050505050505,True,True,2024,2024-10,2024-W40
MNQ,2024-10-07,2024-10-07 13:30:00+00:00,2024-10-07 15:29:00+00:00,20137.0,20187.75,20088.75,20162.0,420438,8468759288.833333,120,20142.706626977895,2024-10-07 15:30:00+00:00,2024-10-07 17:59:00+00:00,20161.75,20175.75,20107.75,20148.75,197188,3972022723.75,150,20143.32882198714,primary_2023_2025,99.0,198.625,0.4984266834487099,standard,le_0_7,68.0,0.6868686868686869,False,0.19117647058823528,-0.19117647058823528,1,-1,True,False,0.6029411764705882,True,True,2024,2024-10,2024-W41
MNQ,2024-10-08,2024-10-08 13:30:00+00:00,2024-10-08 15:29:00+00:00,20103.25,20274.25,20069.5,20233.5,430379,8683418335.166666,120,20176.21290808024,2024-10-08 15:30:00+00:00,2024-10-08 17:59:00+00:00,20234.0,20260.0,20164.0,20232.0,218013,4407697633.0,150,20217.59084550004,primary_2023_2025,204.75,181.875,1.1257731958762887,standard,1_0_to_1_3,96.0,0.46886446886446886,True,0.020833333333333332,-0.020833333333333332,1,-1,True,False,0.7083333333333334,True,True,2024,2024-10,2024-W41
MNQ,2024-10-09,2024-10-09 13:30:00+00:00,2024-10-09 15:29:00+00:00,20282.75,20400.0,20238.25,20386.75,390585,7932519779.166667,120,20309.33031009042,2024-10-09 15:30:00+00:00,2024-10-09 17:59:00+00:00,20386.75,20448.5,20355.5,20399.25,247621,5053669278.666667,150,20408.888093766953,primary_2023_2025,161.75,198.625,0.8143486469477659,standard,0_7_to_1_0,93.0,0.5749613601236476,False,0.13440860215053763,0.13440860215053763,1,1,False,True,0.47043010752688175,False,False,2024,2024-10,2024-W41
MNQ,2024-10-10,2024-10-10 13:30:00+00:00,2024-10-10 15:29:00+00:00,20359.75,20441.75,20301.25,20433.5,415229,8462482822.916667,120,20380.278889279572,2024-10-10 15:30:00+00:00,2024-10-10 17:59:00+00:00,20433.75,20508.0,20378.25,20445.5,278218,5689461227.333333,150,20449.651810211177,primary_2023_2025,140.5,181.875,0.7725085910652921,standard,0_7_to_1_0,129.75,0.9234875444839857,False,0.0905587668593449,0.0905587668593449,1,1,False,True,0.5183044315992292,True,True,2024,2024-10,2024-W41
MNQ,2024-10-11,2024-10-11 13:30:00+00:00,2024-10-11 15:29:00+00:00,20340.5,20481.0,20313.25,20430.25,412881,8424404344.416667,120,20403.952578143984,2024-10-11 15:30:00+00:00,2024-10-11 17:59:00+00:00,20430.75,20472.0,20405.0,20437.0,196660,4019568125.0833335,150,20439.174845333742,primary_2023_2025,167.75,165.125,1.015897047691143,standard,1_0_to_1_3,67.0,0.39940387481371087,True,0.09328358208955224,0.09328358208955224,1,1,False,False,0.47761194029850745,False,False,2024,2024-10,2024-W41
MNQ,2024-10-14,2024-10-14 13:30:00+00:00,2024-10-14 15:29:00+00:00,20551.0,20680.0,20527.25,20546.5,367258,7566644434.25,120,20603.075860158253,2024-10-14 15:30:00+00:00,2024-10-14 17:59:00+00:00,20546.25,20624.0,20525.0,20608.0,163689,3370275152.4166665,150,20589.502974645005,primary_2023_2025,152.75,168.125,0.9085501858736059,standard,0_7_to_1_0,99.0,0.6481178396072013,False,0.6237373737373737,0.6237373737373737,-1,1,True,True,0.8383838383838383,True,True,2024,2024-10,2024-W42
MNQ,2024-10-15,2024-10-15 13:30:00+00:00,2024-10-15 15:29:00+00:00,20631.75,20659.25,20331.5,20396.75,562878,11541021250.583334,120,20503.59269785519,2024-10-15 15:30:00+00:00,2024-10-15 17:59:00+00:00,20396.75,20433.75,20334.25,20358.75,242594,4943674685.666667,150,20378.388112099503,primary_2023_2025,327.75,164.75,1.9893778452200304,exhaustion,1_5_to_2_0,99.5,0.30358504958047294,True,0.38190954773869346,-0.38190954773869346,-1,-1,False,False,0.24623115577889448,False,False,2024,2024-10,2024-W42
MNQ,2024-10-16,2024-10-16 13:30:00+00:00,2024-10-16 15:29:00+00:00,20353.25,20357.5,20205.25,20312.75,501431,10169638152.666666,120,20281.23142100641,2024-10-16 15:30:00+00:00,2024-10-16 17:59:00+00:00,20312.5,20347.75,20270.0,20337.0,211498,4295078927.333333,150,20307.893820902955,primary_2023_2025,152.25,181.5,0.8388429752066116,standard,0_7_to_1_0,77.75,0.5106732348111659,False,0.31511254019292606,0.31511254019292606,-1,1,True,False,0.8617363344051447,True,True,2024,2024-10,2024-W42
MNQ,2024-10-17,2024-10-17 13:30:00+00:00,2024-10-17 15:29:00+00:00,20573.0,20576.0,20365.25,20452.75,531544,10862343372.25,120,20435.45477373463,2024-10-17 15:30:00+00:00,2024-10-17 17:59:00+00:00,20453.0,20529.0,20444.25,20477.25,226313,4635264773.5,150,20481.654935863164,primary_2023_2025,210.75,181.5,1.1611570247933884,standard,1_0_to_1_3,84.75,0.40213523131672596,True,0.2861356932153392,0.2861356932153392,-1,1,True,False,0.3893805309734513,False,False,2024,2024-10,2024-W42
MNQ,2024-10-18,2024-10-18 13:30:00+00:00,2024-10-18 15:29:00+00:00,20466.0,20523.25,20433.0,20513.25,384908,7883033095.5,120,20480.304632535568,2024-10-18 15:30:00+00:00,2024-10-18 17:59:00+00:00,20514.0,20532.0,20442.25,20485.5,225032,4610626182.416667,150,20488.757965163473,primary_2023_2025,90.25,184.875,0.48816768086544965,standard,le_0_7,89.75,0.9944598337950139,False,0.31754874651810583,-0.31754874651810583,1,-1,True,True,0.4818941504178273,True,True,2024,2024-10,2024-W42
MNQ,2024-10-21,2024-10-21 13:30:00+00:00,2024-10-21 15:29:00+00:00,20427.75,20554.25,20345.0,20360.5,491285,10049450003.333334,120,20455.438296168893,2024-10-21 15:30:00+00:00,2024-10-21 17:59:00+00:00,20360.5,20497.25,20352.75,20491.75,221583,4530387994.583333,150,20445.55762212504,primary_2023_2025,209.25,164.75,1.2701062215477996,standard,1_0_to_1_3,144.5,0.6905615292712067,False,0.9083044982698962,0.9083044982698962,-1,1,True,False,0.9619377162629758,True,True,2024,2024-10,2024-W43
MNQ,2024-10-22,2024-10-22 13:30:00+00:00,2024-10-22 15:29:00+00:00,20402.75,20519.5,20368.75,20478.75,436529,8933699710.583334,120,20465.306338372327,2024-10-22 15:30:00+00:00,2024-10-22 17:59:00+00:00,20479.25,20577.0,20425.25,20574.75,242647,4971758665.916667,150,20489.67704491161,primary_2023_2025,150.75,184.875,0.8154158215010142,standard,0_7_to_1_0,151.75,1.0066334991708126,False,0.6293245469522241,0.6293245469522241,1,1,False,True,0.985172981878089,True,True,2024,2024-10,2024-W43
MNQ,2024-10-23,2024-10-23 13:30:00+00:00,2024-10-23 15:29:00+00:00,20434.75,20462.75,20305.5,20309.75,480816,9808555161.416666,120,20399.810242206302,2024-10-23 15:30:00+00:00,2024-10-23 17:59:00+00:00,20310.0,20362.0,20121.25,20126.0,375571,7604840240.083333,150,20248.741889238874,primary_2023_2025,157.25,164.75,0.9544764795144158,standard,0_7_to_1_0,240.75,1.5310015898251192,False,0.7642782969885774,-0.7642782969885774,-1,-1,False,True,0.01973001038421599,False,False,2024,2024-10,2024-W43
MNQ,2024-10-24,2024-10-24 13:30:00+00:00,2024-10-24 15:29:00+00:00,20372.5,20379.5,20296.0,20340.25,433553,8818045092.5,120,20339.024507960963,2024-10-24 15:30:00+00:00,2024-10-24 17:59:00+00:00,20340.5,20388.75,20260.5,20345.0,303875,6177344983.166667,150,20328.572548471137,primary_2023_2025,83.5,164.75,0.5068285280728376,standard,le_0_7,128.25,1.535928143712575,False,0.03508771929824561,0.03508771929824561,-1,1,True,True,0.6588693957115009,True,True,2024,2024-10,2024-W43
MNQ,2024-10-25,2024-10-25 13:30:00+00:00,2024-10-25 15:29:00+00:00,20491.0,20707.5,20490.0,20635.5,436413,9007222872.75,120,20639.217605227157,2024-10-25 15:30:00+00:00,2024-10-25 17:59:00+00:00,20635.75,20664.5,20483.0,20510.5,361379,7442173795.833333,150,20593.8192198034,primary_2023_2025,217.5,159.5,1.3636363636363635,standard,1_3_to_1_5,181.5,0.8344827586206897,False,0.6900826446280992,-0.6900826446280992,1,-1,True,True,0.15151515151515152,True,True,2024,2024-10,2024-W43
MNQ,2024-10-28,2024-10-28 13:30:00+00:00,2024-10-28 15:29:00+00:00,20625.25,20627.0,20528.0,20560.25,385573,7933083824.25,120,20574.790828844343,2024-10-28 15:30:00+00:00,2024-10-28 17:59:00+00:00,20560.5,20571.25,20506.25,20555.25,245802,5049094437.916667,150,20541.307385280295,primary_2023_2025,99.0,164.75,0.6009104704097117,standard,le_0_7,65.0,0.6565656565656566,False,0.08076923076923077,-0.08076923076923077,-1,-1,False,True,0.7538461538461538,False,False,2024,2024-10,2024-W44
MNQ,2024-10-29,2024-10-29 13:30:00+00:00,2024-10-29 15:29:00+00:00,20511.0,20613.5,20432.0,20597.5,453776,9318354996.0,120,20535.142881069074,2024-10-29 15:30:00+00:00,2024-10-29 17:59:00+00:00,20597.5,20686.0,20580.75,20671.75,277073,5717685145.75,150,20636.02424541547,primary_2023_2025,181.5,164.75,1.1016691957511382,standard,1_0_to_1_3,105.25,0.5798898071625345,False,0.7054631828978623,0.7054631828978623,1,1,False,True,0.8646080760095012,False,False,2024,2024-10,2024-W44
MNQ,2024-10-30,2024-10-30 13:30:00+00:00,2024-10-30 15:29:00+00:00,20661.75,20699.5,20543.0,20682.5,458843,9468658834.083334,120,20635.94483098431,2024-10-30 15:30:00+00:00,2024-10-30 17:59:00+00:00,20682.75,20686.0,20558.25,20576.25,255040,5263268446.583333,150,20637.03123660341,primary_2023_2025,156.5,164.75,0.9499241274658573,standard,0_7_to_1_0,127.75,0.8162939297124601,False,0.8336594911937377,-0.8336594911937377,1,-1,True,False,0.14090019569471623,True,True,2024,2024-10,2024-W44
MNQ,2024-10-31,2024-10-31 13:30:00+00:00,2024-10-31 15:29:00+00:00,20365.75,20369.0,20053.0,20098.0,573890,11572836957.75,120,20165.60134825489,2024-10-31 15:30:00+00:00,2024-10-31 17:59:00+00:00,20097.25,20114.75,20023.75,20036.0,281516,5649815502.583333,150,20069.25184566182,primary_2023_2025,316.0,159.5,1.9811912225705328,exhaustion,1_5_to_2_0,91.0,0.2879746835443038,True,0.6730769230769231,-0.6730769230769231,-1,-1,False,True,0.1346153846153846,False,False,2024,2024-10,2024-W44
MNQ,2024-11-01,2024-11-01 13:30:00+00:00,2024-11-01 15:29:00+00:00,20068.5,20287.25,20057.25,20282.75,509488,10288488363.333334,120,20193.779565629287,2024-11-01 15:30:00+00:00,2024-11-01 17:59:00+00:00,20283.0,20287.0,20155.25,20157.5,342639,6927676342.666667,150,20218.58674192566,primary_2023_2025,230.0,159.5,1.4420062695924765,standard,1_3_to_1_5,131.75,0.5728260869565217,False,0.952561669829222,-0.952561669829222,1,-1,True,False,0.017077798861480076,True,True,2024,2024-11,2024-W44
MNQ,2024-11-04,2024-11-04 14:30:00+00:00,2024-11-04 16:29:00+00:00,20120.25,20226.75,20013.25,20177.75,388600,7825855880.166667,120,20138.58950120089,2024-11-04 16:30:00+00:00,2024-11-04 18:59:00+00:00,20178.0,20181.75,20028.75,20149.5,296097,5955095308.5,150,20111.974483024143,primary_2023_2025,213.5,159.5,1.3385579937304075,standard,1_3_to_1_5,153.0,0.7166276346604216,False,0.18627450980392157,-0.18627450980392157,1,-1,True,False,0.7892156862745098,True,True,2024,2024-11,2024-W45
MNQ,2024-11-05,2024-11-05 14:30:00+00:00,2024-11-05 16:29:00+00:00,20152.25,20324.5,20147.0,20298.5,414380,8396010311.5,120,20261.620521019355,2024-11-05 16:30:00+00:00,2024-11-05 18:59:00+00:00,20298.75,20373.0,20286.5,20309.0,219644,4466312958.666667,150,20334.327177918207,primary_2023_2025,177.5,164.75,1.077389984825493,standard,1_0_to_1_3,86.5,0.48732394366197185,True,0.11849710982658959,0.11849710982658959,1,1,False,True,0.26011560693641617,False,False,2024,2024-11,2024-W45
MNQ,2024-11-06,2024-11-06 14:30:00+00:00,2024-11-06 16:29:00+00:00,20684.75,20822.0,20643.5,20775.5,578245,11989054845.083334,120,20733.520990381818,2024-11-06 16:30:00+00:00,2024-11-06 18:59:00+00:00,20776.0,20876.5,20772.75,20861.0,197256,4106412698.3333335,150,20817.682089940652,primary_2023_2025,178.5,164.75,1.0834597875569043,standard,1_0_to_1_3,103.75,0.5812324929971989,False,0.8192771084337349,0.8192771084337349,1,1,False,True,0.8506024096385543,False,False,2024,2024-11,2024-W45
MNQ,2024-11-07,2024-11-07 14:30:00+00:00,2024-11-07 16:29:00+00:00,21006.25,21172.0,21003.75,21154.25,350668,7399240076.416667,120,21100.41428478409,2024-11-07 16:30:00+00:00,2024-11-07 18:59:00+00:00,21154.0,21199.0,21149.75,21186.75,166314,3521749854.75,150,21175.306076157147,primary_2023_2025,168.25,172.625,0.9746560463432296,standard,0_7_to_1_0,49.25,0.29271916790490343,True,0.6649746192893401,0.6649746192893401,1,1,False,True,0.751269035532995,False,False,2024,2024-11,2024-W45
MNQ,2024-11-08,2024-11-08 14:30:00+00:00,2024-11-08 16:29:00+00:00,21186.25,21232.0,21161.5,21210.75,374690,7942830254.333333,120,21198.404692768243,2024-11-08 16:30:00+00:00,2024-11-08 18:59:00+00:00,21211.0,21266.5,21194.5,21250.25,187381,3977117494.0,150,21224.763951521232,primary_2023_2025,70.5,172.875,0.4078091106290672,standard,le_0_7,72.0,1.0212765957446808,False,0.5451388888888888,0.5451388888888888,1,1,False,True,0.7743055555555556,True,True,2024,2024-11,2024-W45
MNQ,2024-11-11,2024-11-11 14:30:00+00:00,2024-11-11 16:29:00+00:00,21282.75,21292.5,21155.25,21208.25,403352,8556268393.5,120,21212.906824560185,2024-11-11 16:30:00+00:00,2024-11-11 18:59:00+00:00,21208.25,21218.5,21098.25,21179.5,260074,5504238567.916667,150,21164.124702648736,primary_2023_2025,137.25,172.875,0.7939262472885033,standard,0_7_to_1_0,120.25,0.8761384335154827,False,0.2390852390852391,-0.2390852390852391,-1,-1,False,True,0.6756756756756757,True,True,2024,2024-11,2024-W46
MNQ,2024-11-12,2024-11-12 14:30:00+00:00,2024-11-12 16:29:00+00:00,21214.5,21252.25,21165.5,21181.5,415052,8803425441.333334,120,21210.415661973282,2024-11-12 16:30:00+00:00,2024-11-12 18:59:00+00:00,21181.25,21198.25,21054.75,21182.0,325469,6879787479.083333,150,21138.07299338288,primary_2023_2025,86.75,172.875,0.5018076644974693,standard,le_0_7,143.5,1.654178674351585,False,0.005226480836236934,0.005226480836236934,-1,1,True,True,0.8867595818815331,False,False,2024,2024-11,2024-W46
MNQ,2024-11-13,2024-11-13 14:30:00+00:00,2024-11-13 16:29:00+00:00,21158.75,21184.75,21057.5,21155.25,464484,9812094989.916666,120,21124.721174285154,2024-11-13 16:30:00+00:00,2024-11-13 18:59:00+00:00,21154.75,21268.75,21101.75,21257.0,278306,5897799031.916667,150,21191.77822941894,primary_2023_2025,127.25,162.75,0.7818740399385561,standard,0_7_to_1_0,167.0,1.31237721021611,False,0.6122754491017964,0.6122754491017964,-1,1,True,True,0.9296407185628742,True,True,2024,2024-11,2024-W46
MNQ,2024-11-14,2024-11-14 14:30:00+00:00,2024-11-14 16:29:00+00:00,21137.5,21174.5,21040.25,21111.0,451573,9529498143.5,120,21102.896195078094,2024-11-14 16:30:00+00:00,2024-11-14 18:59:00+00:00,21111.25,21140.5,21016.75,21027.25,306230,6455144889.333333,150,21079.400742361406,primary_2023_2025,134.25,162.75,0.8248847926267281,standard,0_7_to_1_0,123.75,0.9217877094972067,False,0.6787878787878788,-0.6787878787878788,-1,-1,False,True,0.08484848484848485,True,True,2024,2024-11,2024-W46
MNQ,2024-11-15,2024-11-15 14:30:00+00:00,2024-11-15 16:29:00+00:00,20758.5,20774.0,20533.25,20579.75,541359,11173170698.666666,120,20639.11507644034,2024-11-15 16:30:00+00:00,2024-11-15 18:59:00+00:00,20580.0,20590.75,20405.25,20428.75,343438,7036858907.5,150,20489.459254654408,primary_2023_2025,240.75,156.875,1.5346613545816734,exhaustion,1_5_to_2_0,185.5,0.770508826583593,False,0.8153638814016172,-0.8153638814016172,-1,-1,False,True,0.12668463611859837,False,False,2024,2024-11,2024-W46
MNQ,2024-11-18,2024-11-18 14:30:00+00:00,2024-11-18 16:29:00+00:00,20557.0,20717.75,20500.5,20695.75,395946,8157773892.5,120,20603.248656382435,2024-11-18 16:30:00+00:00,2024-11-18 18:59:00+00:00,20696.25,20724.5,20595.5,20660.5,281728,5819219585.333333,150,20655.45343499167,primary_2023_2025,217.25,162.75,1.3348694316436251,standard,1_3_to_1_5,129.0,0.5937859608745685,False,0.2771317829457364,-0.2771317829457364,1,-1,True,True,0.5038759689922481,True,True,2024,2024-11,2024-W47
MNQ,2024-11-19,2024-11-19 14:30:00+00:00,2024-11-19 16:29:00+00:00,20522.0,20686.75,20508.0,20682.0,395944,8150740891.5,120,20585.590112490656,2024-11-19 16:30:00+00:00,2024-11-19 18:59:00+00:00,20682.75,20792.5,20642.75,20784.5,227196,4703785895.666667,150,20703.647492326745,primary_2023_2025,178.75,162.75,1.098310291858679,standard,1_0_to_1_3,149.75,0.8377622377622378,False,0.679465776293823,0.679465776293823,1,1,False,True,0.9465776293823038,False,False,2024,2024-11,2024-W47
MNQ,2024-11-20,2024-11-20 14:30:00+00:00,2024-11-20 16:29:00+00:00,20753.0,20756.0,20477.25,20566.0,546759,11264310824.083334,120,20601.966906961447,2024-11-20 16:30:00+00:00,2024-11-20 18:59:00+00:00,20566.0,20709.0,20547.75,20590.0,321037,6620921307.583333,150,20623.545907740645,primary_2023_2025,278.75,172.875,1.6124367317425885,exhaustion,1_5_to_2_0,161.25,0.57847533632287,False,0.14883720930232558,0.14883720930232558,-1,1,True,False,0.262015503875969,True,True,2024,2024-11,2024-W47
MNQ,2024-11-21,2024-11-21 14:30:00+00:00,2024-11-21 16:29:00+00:00,20875.25,20907.0,20514.0,20780.0,738955,15278813736.083334,120,20676.243798449614,2024-11-21 16:30:00+00:00,2024-11-21 18:59:00+00:00,20780.25,20866.5,20696.0,20857.5,296222,6158355650.916667,150,20789.66332992373,primary_2023_2025,393.0,178.0,2.207865168539326,exhaustion,gt_2_0,170.5,0.43384223918575066,True,0.4530791788856305,0.4530791788856305,-1,1,True,False,0.9472140762463344,False,False,2024,2024-11,2024-W47
MNQ,2024-11-22,2024-11-22 14:30:00+00:00,2024-11-22 16:29:00+00:00,20790.5,20873.25,20722.0,20779.25,595448,12386045851.416666,120,20801.221687564095,2024-11-22 16:30:00+00:00,2024-11-22 18:59:00+00:00,20779.25,20880.5,20749.25,20846.75,284453,5923567852.333333,150,20824.41687144566,primary_2023_2025,151.25,178.625,0.8467459762071379,standard,0_7_to_1_0,131.25,0.8677685950413223,False,0.5142857142857142,0.5142857142857142,-1,1,True,True,0.7428571428571429,True,True,2024,2024-11,2024-W47
MNQ,2024-11-25,2024-11-25 14:30:00+00:00,2024-11-25 16:29:00+00:00,21016.0,21081.25,20869.5,20934.5,570618,11955969727.416666,120,20952.668383080567,2024-11-25 16:30:00+00:00,2024-11-25 18:59:00+00:00,20935.0,20962.25,20780.25,20851.5,303205,6326258380.416667,150,20864.624199523976,primary_2023_2025,211.75,178.0,1.1896067415730338,standard,1_0_to_1_3,182.0,0.859504132231405,False,0.45879120879120877,-0.45879120879120877,-1,-1,False,True,0.3914835164835165,True,True,2024,2024-11,2024-W48
MNQ,2024-11-26,2024-11-26 14:30:00+00:00,2024-11-26 16:29:00+00:00,20938.75,21025.0,20919.0,20953.5,477909,10020692929.416666,120,20967.784514241554,2024-11-26 16:30:00+00:00,2024-11-26 18:59:00+00:00,20953.75,20984.5,20923.75,20970.0,202095,4235072284.9166665,150,20955.84890727958,primary_2023_2025,106.0,178.625,0.5934219734079776,standard,le_0_7,60.75,0.5731132075471698,False,0.2674897119341564,0.2674897119341564,1,1,False,False,0.7613168724279835,True,True,2024,2024-11,2024-W48
MNQ,2024-11-27,2024-11-27 14:30:00+00:00,2024-11-27 16:29:00+00:00,20936.25,20939.75,20695.75,20722.25,485837,10106295562.75,120,20801.8235802337,2024-11-27 16:30:00+00:00,2024-11-27 18:59:00+00:00,20722.25,20818.5,20675.0,20810.5,270706,5614460521.083333,150,20740.066792325746,primary_2023_2025,244.0,178.0,1.3707865168539326,standard,1_3_to_1_5,143.5,0.5881147540983607,False,0.6149825783972126,0.6149825783972126,-1,1,True,True,0.9442508710801394,True,True,2024,2024-11,2024-W48
MNQ,2024-11-28,2024-11-28 14:30:00+00:00,2024-11-28 16:29:00+00:00,20874.5,20909.5,20873.75,20893.75,58848,1229520507.5,120,20893.157074157152,2024-11-28 16:30:00+00:00,2024-11-28 17:59:00+00:00,20893.75,20901.25,20878.25,20889.5,20865,435839960.9166667,90,20888.567501397876,primary_2023_2025,35.75,178.625,0.2001399580125962,standard,le_0_7,23.0,0.6433566433566433,False,0.18478260869565216,-0.18478260869565216,1,-1,True,False,0.4891304347826087,True,True,2024,2024-11,2024-W48
MNQ,2024-11-29,2024-11-29 14:30:00+00:00,2024-11-29 16:29:00+00:00,20831.5,20996.75,20805.75,20988.5,307840,6440571684.583333,120,20921.815503454174,2024-11-29 16:30:00+00:00,2024-11-29 18:14:00+00:00,20988.5,21018.0,20968.25,20991.5,126600,2657712974.25,105,20992.99347748815,primary_2023_2025,191.0,178.0,1.0730337078651686,standard,1_0_to_1_3,49.75,0.2604712041884817,True,0.06030150753768844,0.06030150753768844,1,1,False,True,0.46733668341708545,False,False,2024,2024-11,2024-W48
MNQ,2024-12-02,2024-12-02 14:30:00+00:00,2024-12-02 16:29:00+00:00,21042.75,21203.75,21026.5,21184.5,441149,9332466438.166666,120,21154.90783877254,2024-12-02 16:30:00+00:00,2024-12-02 18:59:00+00:00,21184.5,21259.5,21178.5,21212.5,230560,4893790683.416667,150,21225.670903091028,primary_2023_2025,177.25,178.0,0.9957865168539326,standard,0_7_to_1_0,81.0,0.45698166431593795,True,0.345679012345679,0.345679012345679,1,1,False,True,0.41975308641975306,False,False,2024,2024-12,2024-W49
MNQ,2024-12-03,2024-12-03 14:30:00+00:00,2024-12-03 16:29:00+00:00,21158.0,21251.75,21134.75,21251.25,418076,8861931562.416666,120,21196.939222573565,2024-12-03 16:30:00+00:00,2024-12-03 18:59:00+00:00,21250.75,21262.5,21190.25,21232.0,220282,4674746200.0,150,21221.644074413707,primary_2023_2025,117.0,177.375,0.6596194503171248,standard,le_0_7,72.25,0.6175213675213675,False,0.25951557093425603,-0.25951557093425603,1,-1,True,True,0.5778546712802768,True,True,2024,2024-12,2024-W49
MNQ,2024-12-04,2024-12-04 14:30:00+00:00,2024-12-04 16:29:00+00:00,21418.0,21496.5,21388.25,21470.5,380075,8149820460.25,120,21442.6638433204,2024-12-04 16:30:00+00:00,2024-12-04 18:59:00+00:00,21470.25,21494.0,21439.0,21471.5,201194,4319590054.583333,150,21469.77571191652,primary_2023_2025,108.25,172.75,0.6266280752532561,standard,le_0_7,55.0,0.5080831408775982,False,0.022727272727272728,0.022727272727272728,1,1,False,False,0.5909090909090909,True,True,2024,2024-12,2024-W49
MNQ,2024-12-05,2024-12-05 14:30:00+00:00,2024-12-05 16:29:00+00:00,21535.25,21552.0,21487.5,21528.75,355378,7647843854.166667,120,21520.30754342325,2024-12-05 16:30:00+00:00,2024-12-05 18:59:00+00:00,21528.75,21567.75,21481.25,21493.75,229151,4933110821.666667,150,21527.77348415092,primary_2023_2025,64.5,159.75,0.40375586854460094,standard,le_0_7,86.5,1.3410852713178294,False,0.4046242774566474,-0.4046242774566474,-1,-1,False,True,0.14450867052023122,True,True,2024,2024-12,2024-W49
MNQ,2024-12-06,2024-12-06 14:30:00+00:00,2024-12-06 16:29:00+00:00,21491.0,21645.5,21485.0,21620.25,403741,8718670649.666666,120,21594.712079443667,2024-12-06 16:30:00+00:00,2024-12-06 18:59:00+00:00,21619.75,21669.5,21597.5,21658.75,223159,4827343188.25,150,21631.85526127111,primary_2023_2025,160.5,144.25,1.1126516464471403,standard,1_0_to_1_3,72.0,0.4485981308411215,True,0.5416666666666666,0.5416666666666666,1,1,False,True,0.8506944444444444,False,False,2024,2024-12,2024-W49
MNQ,2024-12-09,2024-12-09 14:30:00+00:00,2024-12-09 16:29:00+00:00,21615.0,21649.0,21437.0,21506.75,488737,10537407620.0,120,21560.486764865356,2024-12-09 16:30:00+00:00,2024-12-09 18:59:00+00:00,21506.25,21549.75,21474.25,21529.75,212189,4563559486.666667,150,21507.050255511203,primary_2023_2025,212.0,155.875,1.3600641539695268,standard,1_3_to_1_5,75.5,0.3561320754716981,True,0.31125827814569534,0.31125827814569534,-1,1,True,False,0.7350993377483444,False,False,2024,2024-12,2024-W50
MNQ,2024-12-10,2024-12-10 14:30:00+00:00,2024-12-10 16:29:00+00:00,21532.75,21606.75,21469.25,21473.5,515032,11095013257.666666,120,21542.376507996913,2024-12-10 16:30:00+00:00,2024-12-10 18:59:00+00:00,21473.75,21502.75,21444.0,21453.25,270222,5802030494.666667,150,21471.34761295034,primary_2023_2025,137.5,168.875,0.8142116950407106,standard,0_7_to_1_0,58.75,0.42727272727272725,True,0.34893617021276596,-0.34893617021276596,-1,-1,False,True,0.1574468085106383,False,False,2024,2024-12,2024-W50
MNQ,2024-12-11,2024-12-11 14:30:00+00:00,2024-12-11 16:29:00+00:00,21590.25,21763.5,21573.0,21763.25,484044,10496216660.083334,120,21684.42674650101,2024-12-11 16:30:00+00:00,2024-12-11 18:59:00+00:00,21763.0,21811.5,21741.5,21793.0,211811,4612813484.583333,150,21777.969437769203,primary_2023_2025,190.5,168.875,1.1280532938564027,standard,1_0_to_1_3,70.0,0.3674540682414698,True,0.42857142857142855,0.42857142857142855,1,1,False,True,0.7357142857142858,False,False,2024,2024-12,2024-W50
MNQ,2024-12-12,2024-12-12 14:30:00+00:00,2024-12-12 16:29:00+00:00,21693.75,21739.75,21624.75,21716.25,441030,9563965293.0,120,21685.520923746684,2024-12-12 16:30:00+00:00,2024-12-12 18:59:00+00:00,21716.25,21744.5,21669.0,21697.25,246457,5350469712.75,150,21709.546544630502,primary_2023_2025,115.0,178.0,0.6460674157303371,standard,le_0_7,75.5,0.6565217391304348,False,0.25165562913907286,-0.25165562913907286,1,-1,True,True,0.3741721854304636,True,True,2024,2024-12,2024-W50
MNQ,2024-12-13,2024-12-13 14:30:00+00:00,2024-12-13 16:29:00+00:00,21795.0,21908.0,21666.75,21699.0,584409,12737240185.916666,120,21795.07876490038,2024-12-13 16:30:00+00:00,2024-12-13 18:59:00+00:00,21699.0,21776.25,21674.0,21774.0,301954,6557504768.833333,150,21716.899821937557,primary_2023_2025,241.25,178.0,1.3553370786516854,standard,1_3_to_1_5,102.25,0.42383419689119173,True,0.7334963325183375,0.7334963325183375,-1,1,True,False,0.9779951100244498,False,False,2024,2024-12,2024-W50
MNQ,2024-12-16,2024-12-16 14:30:00+00:00,2024-12-16 16:29:00+00:00,21899.5,22047.75,21896.0,22036.0,238175,5232476096.333333,120,21969.03997620797,2024-12-16 16:30:00+00:00,2024-12-16 18:59:00+00:00,22036.5,22127.75,22002.5,22117.5,111748,2466051735.3333335,150,22067.972002481776,primary_2023_2025,151.75,178.0,0.8525280898876404,standard,0_7_to_1_0,125.25,0.8253706754530478,False,0.6467065868263473,0.6467065868263473,1,1,False,True,0.9181636726546906,False,False,2024,2024-12,2024-W51
MNQ,2024-12-17,2024-12-17 14:30:00+00:00,2024-12-17 16:29:00+00:00,22336.0,22367.25,22244.25,22342.25,414915,9254489425.583334,120,22304.54291983499,2024-12-17 16:30:00+00:00,2024-12-17 18:59:00+00:00,22341.25,22386.25,22298.0,22308.25,182735,4081652299.9166665,150,22336.45606980965,primary_2023_2025,123.0,168.875,0.7283493708364175,standard,0_7_to_1_0,88.25,0.717479674796748,False,0.37393767705382436,-0.37393767705382436,1,-1,True,True,0.11614730878186968,True,True,2024,2024-12,2024-W51
MNQ,2024-12-18,2024-12-18 14:30:00+00:00,2024-12-18 16:29:00+00:00,22280.5,22351.75,22211.25,22309.75,333662,7435869144.416667,120,22285.633798324852,2024-12-18 16:30:00+00:00,2024-12-18 18:59:00+00:00,22310.25,22327.5,22273.25,22293.75,134711,3004436416.6666665,150,22302.82914288118,primary_2023_2025,140.5,156.125,0.899919935948759,standard,0_7_to_1_0,54.25,0.3861209964412811,True,0.30414746543778803,-0.30414746543778803,1,-1,True,False,0.3778801843317972,True,True,2024,2024-12,2024-W51
MNQ,2024-12-19,2024-12-19 14:30:00+00:00,2024-12-19 16:29:00+00:00,21677.0,21698.0,21460.75,21602.0,576424,12435572570.333334,120,21573.655105154077,2024-12-19 16:30:00+00:00,2024-12-19 18:59:00+00:00,21602.25,21628.75,21430.75,21597.5,307388,6614672627.083333,150,21518.968297667227,primary_2023_2025,237.25,151.5,1.566006600660066,exhaustion,1_5_to_2_0,198.0,0.8345626975763962,False,0.023989898989898988,-0.023989898989898988,-1,-1,False,True,0.8421717171717171,True,True,2024,2024-12,2024-W51
MNQ,2024-12-20,2024-12-20 14:30:00+00:00,2024-12-20 16:29:00+00:00,21211.25,21674.75,21160.25,21666.5,664815,14220920225.25,120,21390.793266171793,2024-12-20 16:30:00+00:00,2024-12-20 18:59:00+00:00,21666.25,21812.5,21655.5,21666.75,424818,9233712035.75,150,21735.689249867002,primary_2023_2025,514.5,151.5,3.396039603960396,exhaustion,gt_2_0,157.0,0.3051506316812439,True,0.0031847133757961785,0.0031847133757961785,1,1,False,True,0.07165605095541401,False,False,2024,2024-12,2024-W51
MNQ,2024-12-23,2024-12-23 14:30:00+00:00,2024-12-23 16:29:00+00:00,21619.25,21675.5,21476.0,21632.5,537799,11608424193.583334,120,21585.060949505918,2024-12-23 16:30:00+00:00,2024-12-23 18:59:00+00:00,21632.5,21756.25,21602.75,21745.0,280605,6086786740.583333,150,21691.654605524967,primary_2023_2025,199.5,156.125,1.277822257806245,standard,1_0_to_1_3,153.5,0.7694235588972431,False,0.7328990228013029,0.7328990228013029,1,1,False,True,0.9267100977198697,False,False,2024,2024-12,2024-W52
MNQ,2024-12-24,2024-12-24 14:30:00+00:00,2024-12-24 16:29:00+00:00,21825.75,21985.0,21799.0,21976.0,293284,6424714222.666667,120,21906.119060932975,2024-12-24 16:30:00+00:00,2024-12-24 18:14:00+00:00,21976.25,22050.0,21941.5,22046.25,136708,3005455129.5,105,21984.48612736636,primary_2023_2025,186.0,156.125,1.1913530824659728,standard,1_0_to_1_3,108.5,0.5833333333333334,False,0.6451612903225806,0.6451612903225806,1,1,False,True,0.9654377880184332,False,False,2024,2024-12,2024-W52
MNQ,2024-12-26,2024-12-26 14:30:00+00:00,2024-12-26 16:29:00+00:00,21961.5,22019.5,21870.5,21992.0,360006,7908457232.5,120,21967.570630767266,2024-12-26 16:30:00+00:00,2024-12-26 18:59:00+00:00,21991.75,22075.0,21973.0,22017.0,242214,5334595587.166667,150,22024.307377635756,primary_2023_2025,149.0,168.875,0.8823094004441154,standard,0_7_to_1_0,102.0,0.6845637583892618,False,0.24754901960784315,0.24754901960784315,1,1,False,True,0.43137254901960786,False,False,2024,2024-12,2024-W52
MNQ,2024-12-27,2024-12-27 14:30:00+00:00,2024-12-27 16:29:00+00:00,21845.75,21863.0,21505.0,21644.75,594464,12859719888.25,120,21632.461996437127,2024-12-27 16:30:00+00:00,2024-12-27 18:59:00+00:00,21644.25,21678.0,21498.25,21668.25,330571,7131663464.75,150,21573.772244843014,primary_2023_2025,358.0,156.125,2.293034427542034,exhaustion,gt_2_0,179.75,0.5020949720670391,False,0.13351877607788595,0.13351877607788595,-1,1,True,True,0.9457579972183588,True,True,2024,2024-12,2024-W52
MNQ,2024-12-30,2024-12-30 14:30:00+00:00,2024-12-30 16:29:00+00:00,21408.5,21423.5,21252.75,21397.75,504537,10764231773.5,120,21334.870928197535,2024-12-30 16:30:00+00:00,2024-12-30 18:59:00+00:00,21398.0,21569.5,21394.0,21542.25,261551,5623878248.75,150,21502.033059518028,primary_2023_2025,170.75,168.875,1.0111028867505552,standard,1_0_to_1_3,175.5,1.027818448023426,False,0.8219373219373219,0.8219373219373219,-1,1,True,True,0.8447293447293447,False,False,2024,2024-12,2025-W01
MNQ,2024-12-31,2024-12-31 14:30:00+00:00,2024-12-31 16:29:00+00:00,21456.0,21489.5,21290.5,21299.5,495812,10607868883.833334,120,21394.941800185017,2024-12-31 16:30:00+00:00,2024-12-31 18:59:00+00:00,21299.75,21361.75,21203.0,21220.0,311575,6629520316.666667,150,21277.4462542459,primary_2023_2025,199.0,165.625,1.201509433962264,standard,1_0_to_1_3,158.75,0.7977386934673367,False,0.5023622047244094,-0.5023622047244094,-1,-1,False,True,0.10708661417322834,False,False,2024,2024-12,2025-W01
MNQ,2025-01-02,2025-01-02 14:30:00+00:00,2025-01-02 16:29:00+00:00,21348.0,21444.0,21166.5,21293.0,696129,14821811566.25,120,21291.759955769692,2025-01-02 16:30:00+00:00,2025-01-02 18:59:00+00:00,21292.75,21357.0,20983.25,21048.0,476763,10078024254.833334,150,21138.436193314777,primary_2023_2025,277.5,165.625,1.6754716981132076,exhaustion,1_5_to_2_0,373.75,1.3468468468468469,False,0.6548494983277592,-0.6548494983277592,-1,-1,False,True,0.17324414715719064,True,True,2025,2025-01,2025-W01
MNQ,2025-01-03,2025-01-03 14:30:00+00:00,2025-01-03 16:29:00+00:00,21293.75,21440.75,21260.75,21426.5,632338,13508724571.583334,120,21363.13897248518,2025-01-03 16:30:00+00:00,2025-01-03 18:59:00+00:00,21426.25,21531.25,21421.0,21508.75,247792,5320920105.416667,150,21473.332897820215,primary_2023_2025,180.0,178.375,1.0091100210231254,standard,1_0_to_1_3,110.25,0.6125,False,0.7482993197278912,0.7482993197278912,1,1,False,True,0.7959183673469388,False,False,2025,2025-01,2025-W01
MNQ,2025-01-06,2025-01-06 14:30:00+00:00,2025-01-06 16:29:00+00:00,21732.75,21897.0,21723.75,21888.5,529157,11551664904.833334,120,21830.31672043143,2025-01-06 16:30:00+00:00,2025-01-06 18:59:00+00:00,21889.0,21891.25,21701.5,21707.0,315004,6867059961.0,150,21799.913528082183,primary_2023_2025,173.25,183.0,0.9467213114754098,standard,0_7_to_1_0,189.75,1.0952380952380953,False,0.9591567852437418,-0.9591567852437418,1,-1,True,True,0.028985507246376812,True,True,2025,2025-01,2025-W02
MNQ,2025-01-07,2025-01-07 14:30:00+00:00,2025-01-07 16:29:00+00:00,21791.75,21806.25,21399.25,21555.75,846308,18274158773.083332,120,21592.79928002965,2025-01-07 16:30:00+00:00,2025-01-07 18:59:00+00:00,21555.5,21559.75,21386.75,21439.5,381893,8197173372.166667,150,21464.58136746855,primary_2023_2025,407.0,183.0,2.2240437158469946,exhaustion,gt_2_0,173.0,0.4250614250614251,True,0.6705202312138728,-0.6705202312138728,-1,-1,False,True,0.30491329479768786,False,False,2025,2025-01,2025-W02
MNQ,2025-01-08,2025-01-08 14:30:00+00:00,2025-01-08 16:29:00+00:00,21355.75,21406.0,21231.25,21336.0,602905,12857782312.75,120,21326.38195528317,2025-01-08 16:30:00+00:00,2025-01-08 18:59:00+00:00,21336.25,21418.75,21166.0,21324.5,410389,8745468520.666666,150,21310.192331340913,primary_2023_2025,174.75,188.25,0.9282868525896414,standard,0_7_to_1_0,252.75,1.446351931330472,False,0.04648862512363996,-0.04648862512363996,-1,-1,False,True,0.6271018793273986,True,True,2025,2025-01,2025-W02
MNQ,2025-01-10,2025-01-10 14:30:00+00:00,2025-01-10 16:29:00+00:00,21193.25,21197.25,20874.75,20939.5,795915,16729752033.083334,120,21019.520970308808,2025-01-10 16:30:00+00:00,2025-01-10 18:59:00+00:00,20939.25,21175.75,20886.0,21168.25,419474,8810777221.416666,150,21004.34644678017,primary_2023_2025,322.5,183.0,1.7622950819672132,exhaustion,1_5_to_2_0,289.75,0.8984496124031007,False,0.7903364969801553,0.7903364969801553,-1,1,True,False,0.9741156169111302,True,True,2025,2025-01,2025-W02
MNQ,2025-01-13,2025-01-13 14:30:00+00:00,2025-01-13 16:29:00+00:00,20765.75,20880.0,20701.5,20755.5,671183,13948795915.0,120,20782.4034801239,2025-01-13 16:30:00+00:00,2025-01-13 18:59:00+00:00,20754.75,20913.75,20718.5,20892.25,397664,8284093372.25,150,20831.891678024665,primary_2023_2025,178.5,188.25,0.9482071713147411,standard,0_7_to_1_0,195.25,1.0938375350140057,False,0.704225352112676,0.704225352112676,-1,1,True,True,0.8898847631241997,True,True,2025,2025-01,2025-W03
MNQ,2025-01-14,2025-01-14 14:30:00+00:00,2025-01-14 16:29:00+00:00,21071.25,21129.25,20875.0,20903.25,663957,13948634553.333334,120,21008.340228860205,2025-01-14 16:30:00+00:00,2025-01-14 18:59:00+00:00,20904.0,21010.0,20791.5,20997.25,366984,7662520087.0,150,20879.711614130316,primary_2023_2025,254.25,183.0,1.389344262295082,standard,1_3_to_1_5,218.5,0.8593903638151426,False,0.4267734553775744,0.4267734553775744,-1,1,True,True,0.9416475972540046,True,True,2025,2025-01,2025-W03
MNQ,2025-01-15,2025-01-15 14:30:00+00:00,2025-01-15 16:29:00+00:00,21252.25,21408.5,21186.5,21332.0,579790,12369527601.416666,120,21334.49628558041,2025-01-15 16:30:00+00:00,2025-01-15 18:59:00+00:00,21331.5,21395.5,21246.25,21380.5,325526,6940413665.666667,150,21320.612380168302,primary_2023_2025,222.0,192.5,1.1532467532467532,standard,1_0_to_1_3,149.25,0.6722972972972973,False,0.32830820770519265,0.32830820770519265,1,1,False,False,0.8994974874371859,True,True,2025,2025-01,2025-W03
MNQ,2025-01-16,2025-01-16 14:30:00+00:00,2025-01-16 16:29:00+00:00,21495.0,21498.0,21336.0,21407.0,607930,13012653513.083334,120,21404.85502127438,2025-01-16 16:30:00+00:00,2025-01-16 18:59:00+00:00,21407.5,21427.0,21262.25,21290.75,337507,7210515764.25,150,21364.048047151613,primary_2023_2025,162.0,192.5,0.8415584415584415,standard,0_7_to_1_0,164.75,1.0169753086419753,False,0.708649468892261,-0.708649468892261,-1,-1,False,True,0.17298937784522003,True,True,2025,2025-01,2025-W03
MNQ,2025-01-17,2025-01-17 14:30:00+00:00,2025-01-17 16:29:00+00:00,21647.0,21653.5,21481.0,21627.75,593117,12783460271.083334,120,21553.01613523695,2025-01-17 16:30:00+00:00,2025-01-17 18:59:00+00:00,21628.25,21672.5,21560.0,21632.0,269166,5818824100.333333,150,21617.975897153923,primary_2023_2025,172.5,192.5,0.8961038961038961,standard,0_7_to_1_0,112.5,0.6521739130434783,False,0.03333333333333333,0.03333333333333333,-1,1,True,True,0.64,False,False,2025,2025-01,2025-W03
MNQ,2025-01-20,2025-01-20 14:30:00+00:00,2025-01-20 16:29:00+00:00,21723.5,21780.0,21641.0,21707.0,200858,4361488647.25,120,21714.28893671151,2025-01-20 16:30:00+00:00,2025-01-20 17:59:00+00:00,21707.5,21730.75,21623.0,21680.5,83190,1804610346.3333333,90,21692.63548904115,primary_2023_2025,139.0,192.5,0.7220779220779221,standard,0_7_to_1_0,107.75,0.7751798561151079,False,0.2505800464037123,-0.2505800464037123,-1,-1,False,True,0.5336426914153132,True,True,2025,2025-01,2025-W04
MNQ,2025-01-21,2025-01-21 14:30:00+00:00,2025-01-21 16:29:00+00:00,21710.75,21718.5,21525.5,21630.25,567046,12261620559.75,120,21623.67878399636,2025-01-21 16:30:00+00:00,2025-01-21 18:59:00+00:00,21630.75,21772.0,21605.0,21753.25,252604,5480797896.083333,150,21697.1936156329,primary_2023_2025,193.0,192.5,1.0025974025974025,standard,1_0_to_1_3,167.0,0.8652849740932642,False,0.7335329341317365,0.7335329341317365,-1,1,True,True,0.8877245508982036,True,True,2025,2025-01,2025-W04
MNQ,2025-01-22,2025-01-22 14:30:00+00:00,2025-01-22 16:29:00+00:00,21914.25,22053.25,21902.5,22052.25,479083,10538659843.75,120,21997.565857586265,2025-01-22 16:30:00+00:00,2025-01-22 18:59:00+00:00,22052.25,22094.0,22010.25,22027.5,231345,5101858479.5,150,22053.03109857572,primary_2023_2025,150.75,189.5,0.7955145118733509,standard,0_7_to_1_0,83.75,0.5555555555555556,False,0.2955223880597015,-0.2955223880597015,1,-1,True,True,0.20597014925373133,False,False,2025,2025-01,2025-W04
MNQ,2025-01-23,2025-01-23 14:30:00+00:00,2025-01-23 16:29:00+00:00,21889.0,21950.0,21866.0,21948.5,422448,9255037984.75,120,21908.11173150305,2025-01-23 16:30:00+00:00,2025-01-23 18:59:00+00:00,21948.25,21984.25,21900.25,21954.75,257696,5655180097.833333,150,21945.160568395833,primary_2023_2025,84.0,183.0,0.45901639344262296,standard,le_0_7,84.0,1.0,False,0.07738095238095238,0.07738095238095238,1,1,False,True,0.6488095238095238,True,True,2025,2025-01,2025-W04
MNQ,2025-01-24,2025-01-24 14:30:00+00:00,2025-01-24 16:29:00+00:00,22044.25,22078.0,21970.0,22013.0,436458,9610412112.166666,120,22019.099460123693,2025-01-24 16:30:00+00:00,2025-01-24 18:59:00+00:00,22013.5,22035.75,21861.5,21867.75,298813,6561634216.583333,150,21958.998492647017,primary_2023_2025,108.0,179.25,0.602510460251046,standard,le_0_7,174.25,1.6134259259259258,False,0.836441893830703,-0.836441893830703,-1,-1,False,True,0.035868005738880916,True,True,2025,2025-01,2025-W04
MNQ,2025-01-27,2025-01-27 14:30:00+00:00,2025-01-27 16:29:00+00:00,21123.75,21418.0,21108.25,21209.75,718123,15290383159.25,120,21292.15073079403,2025-01-27 16:30:00+00:00,2025-01-27 18:59:00+00:00,21210.0,21281.75,21138.75,21151.0,444705,9428924042.833334,150,21202.649043373323,primary_2023_2025,309.75,176.625,1.753715498938429,exhaustion,1_5_to_2_0,143.0,0.46166263115415657,True,0.4125874125874126,-0.4125874125874126,1,-1,True,False,0.08566433566433566,False,False,2025,2025-01,2025-W05
MNQ,2025-01-28,2025-01-28 14:30:00+00:00,2025-01-28 16:29:00+00:00,21302.5,21481.25,21160.75,21405.75,680706,14532934160.0,120,21349.79588838647,2025-01-28 16:30:00+00:00,2025-01-28 18:59:00+00:00,21406.0,21584.0,21388.25,21539.75,376554,8098999890.666667,150,21508.203048345436,primary_2023_2025,320.5,179.25,1.7880055788005578,exhaustion,1_5_to_2_0,195.75,0.6107644305772231,False,0.6832694763729247,0.6832694763729247,1,1,False,True,0.7739463601532567,False,False,2025,2025-01,2025-W05
MNQ,2025-01-29,2025-01-29 14:30:00+00:00,2025-01-29 16:29:00+00:00,21599.75,21606.25,21456.75,21488.75,516709,11119649957.166666,120,21520.1398798292,2025-01-29 16:30:00+00:00,2025-01-29 18:59:00+00:00,21489.25,21546.0,21368.0,21467.75,376368,8082592916.333333,150,21475.239436756932,primary_2023_2025,149.5,179.25,0.8340306834030683,standard,0_7_to_1_0,178.0,1.1906354515050168,False,0.12078651685393259,-0.12078651685393259,-1,-1,False,True,0.5603932584269663,True,True,2025,2025-01,2025-W05
MNQ,2025-01-30,2025-01-30 14:30:00+00:00,2025-01-30 16:29:00+00:00,21650.0,21748.75,21419.0,21550.0,710525,15334610459.583334,120,21582.0843173475,2025-01-30 16:30:00+00:00,2025-01-30 18:59:00+00:00,21549.75,21625.25,21503.25,21606.25,336979,7265058854.833333,150,21559.38160785489,primary_2023_2025,329.75,179.25,1.8396094839609485,exhaustion,1_5_to_2_0,122.0,0.36997725549658833,True,0.46311475409836067,0.46311475409836067,-1,1,True,False,0.8442622950819673,True,True,2025,2025-01,2025-W05
MNQ,2025-01-31,2025-01-31 14:30:00+00:00,2025-01-31 16:29:00+00:00,21774.25,21965.75,21764.0,21917.5,470522,10295367109.5,120,21880.734821113572,2025-01-31 16:30:00+00:00,2025-01-31 18:59:00+00:00,21917.5,21939.0,21720.0,21752.25,463016,10116990134.5,150,21850.19553211984,primary_2023_2025,201.75,179.25,1.1255230125523012,standard,1_0_to_1_3,219.0,1.0855018587360594,False,0.7545662100456622,-0.7545662100456622,1,-1,True,True,0.14726027397260275,True,True,2025,2025-01,2025-W05
MNQ,2025-02-03,2025-02-03 14:30:00+00:00,2025-02-03 16:29:00+00:00,21215.5,21470.0,21113.25,21404.5,842925,17958439529.75,120,21304.907945250172,2025-02-03 16:30:00+00:00,2025-02-03 18:59:00+00:00,21405.5,21473.0,21341.5,21467.75,429696,9197457365.5,150,21404.568265704125,primary_2023_2025,356.75,179.25,1.99023709902371,exhaustion,1_5_to_2_0,131.5,0.3686054660126139,True,0.47338403041825095,0.47338403041825095,1,1,False,True,0.9600760456273765,False,False,2025,2025-02,2025-W06
MNQ,2025-02-04,2025-02-04 14:30:00+00:00,2025-02-04 16:29:00+00:00,21421.75,21686.0,21405.0,21683.5,445045,9608114927.5,120,21589.08633396623,2025-02-04 16:30:00+00:00,2025-02-04 18:59:00+00:00,21683.75,21694.75,21550.25,21622.75,271936,5878576622.333333,150,21617.500523407467,primary_2023_2025,281.0,185.75,1.51278600269179,exhaustion,1_5_to_2_0,144.5,0.5142348754448398,False,0.42214532871972316,-0.42214532871972316,1,-1,True,True,0.5017301038062284,True,True,2025,2025-02,2025-W06
MNQ,2025-02-05,2025-02-05 14:30:00+00:00,2025-02-05 16:29:00+00:00,21550.5,21632.5,21501.0,21622.0,501238,10808710745.833334,120,21564.02895597168,2025-02-05 16:30:00+00:00,2025-02-05 18:59:00+00:00,21621.75,21742.0,21613.0,21710.25,280649,6088310765.916667,150,21693.684160345012,primary_2023_2025,131.5,197.375,0.6662444585180494,standard,le_0_7,129.0,0.9809885931558935,False,0.686046511627907,0.686046511627907,1,1,False,True,0.7538759689922481,False,False,2025,2025-02,2025-W06
MNQ,2025-02-06,2025-02-06 14:30:00+00:00,2025-02-06 16:29:00+00:00,21776.75,21849.5,21738.0,21800.75,470214,10246316842.166666,120,21790.752385438685,2025-02-06 16:30:00+00:00,2025-02-06 18:59:00+00:00,21800.75,21841.75,21748.0,21816.0,219175,4777738766.166667,150,21798.739665411962,primary_2023_2025,111.5,185.75,0.6002691790040376,standard,le_0_7,93.75,0.8408071748878924,False,0.16266666666666665,0.16266666666666665,1,1,False,False,0.7253333333333334,True,True,2025,2025-02,2025-W06
MNQ,2025-02-07,2025-02-07 14:30:00+00:00,2025-02-07 16:29:00+00:00,21885.5,21967.75,21615.5,21656.0,691786,15066072828.666666,120,21778.51651907767,2025-02-07 16:30:00+00:00,2025-02-07 18:59:00+00:00,21656.75,21730.75,21584.5,21624.5,370546,8023842912.083333,150,21654.107484855682,primary_2023_2025,352.25,185.75,1.8963660834454912,exhaustion,1_5_to_2_0,146.25,0.4151880766501065,True,0.2205128205128205,-0.2205128205128205,-1,-1,False,True,0.27350427350427353,False,False,2025,2025-02,2025-W06
MNQ,2025-02-10,2025-02-10 14:30:00+00:00,2025-02-10 16:29:00+00:00,21764.5,21893.75,21742.25,21855.5,374533,8173714617.166667,120,21823.750155972015,2025-02-10 16:30:00+00:00,2025-02-10 18:59:00+00:00,21855.5,21885.5,21817.25,21878.25,185654,4056779682.3333335,150,21851.291554899617,primary_2023_2025,151.5,185.75,0.8156123822341858,standard,0_7_to_1_0,68.25,0.4504950495049505,True,0.3333333333333333,0.3333333333333333,1,1,False,False,0.8937728937728938,True,True,2025,2025-02,2025-W07
MNQ,2025-02-11,2025-02-11 14:30:00+00:00,2025-02-11 16:29:00+00:00,21706.25,21871.25,21700.25,21823.0,373594,8146813327.0,120,21806.59573494221,2025-02-11 16:30:00+00:00,2025-02-11 18:59:00+00:00,21823.0,21842.25,21715.75,21802.0,286902,6249151905.916667,150,21781.48603326804,primary_2023_2025,171.0,182.75,0.9357045143638851,standard,0_7_to_1_0,126.5,0.7397660818713451,False,0.16600790513833993,-0.16600790513833993,1,-1,True,False,0.6818181818181818,True,True,2025,2025-02,2025-W07
MNQ,2025-02-12,2025-02-12 14:30:00+00:00,2025-02-12 16:29:00+00:00,21550.5,21774.0,21535.75,21664.75,552201,11962793294.0,120,21663.838518945093,2025-02-12 16:30:00+00:00,2025-02-12 18:59:00+00:00,21664.5,21828.5,21662.25,21792.75,273179,5947786445.333333,150,21772.48780225908,primary_2023_2025,238.25,171.75,1.3871906841339157,standard,1_3_to_1_5,166.25,0.6977964323189927,False,0.7714285714285715,0.7714285714285715,1,1,False,True,0.7849624060150376,True,True,2025,2025-02,2025-W07
MNQ,2025-02-13,2025-02-13 14:30:00+00:00,2025-02-13 16:29:00+00:00,21869.25,22058.0,21835.0,22002.5,516120,11326664898.25,120,21945.79729181198,2025-02-13 16:30:00+00:00,2025-02-13 18:59:00+00:00,22003.0,22014.0,21890.5,21996.0,347006,7621684590.333333,150,21964.129122647253,primary_2023_2025,223.0,171.75,1.2983988355167395,standard,1_0_to_1_3,123.5,0.5538116591928252,False,0.05668016194331984,-0.05668016194331984,1,-1,True,False,0.854251012145749,True,True,2025,2025-02,2025-W07
MNQ,2025-02-14,2025-02-14 14:30:00+00:00,2025-02-14 16:29:00+00:00,22108.5,22171.75,22088.0,22139.75,429553,9505767272.583334,120,22129.439842308944,2025-02-14 16:30:00+00:00,2025-02-14 18:59:00+00:00,22139.25,22198.75,22091.75,22185.5,241286,5342632570.75,150,22142.323096864304,primary_2023_2025,83.75,182.75,0.4582763337893297,standard,le_0_7,107.0,1.2776119402985076,False,0.4322429906542056,0.4322429906542056,1,1,False,True,0.8761682242990654,True,True,2025,2025-02,2025-W07
MNQ,2025-02-17,2025-02-17 14:30:00+00:00,2025-02-17 16:29:00+00:00,22241.0,22250.0,22192.0,22247.25,94201,2093179296.6666665,120,22220.351128615053,2025-02-17 16:30:00+00:00,2025-02-17 17:59:00+00:00,22247.0,22252.25,22222.25,22235.25,36834,819042325.3333334,90,22236.04075944327,primary_2023_2025,58.0,182.0,0.31868131868131866,standard,le_0_7,30.0,0.5172413793103449,False,0.39166666666666666,-0.39166666666666666,1,-1,True,True,0.43333333333333335,False,False,2025,2025-02,2025-W08
MNQ,2025-02-18,2025-02-18 14:30:00+00:00,2025-02-18 16:29:00+00:00,22257.75,22268.0,22125.0,22204.5,473371,10504354148.916666,120,22190.53163146172,2025-02-18 16:30:00+00:00,2025-02-18 18:59:00+00:00,22204.5,22215.75,22138.5,22159.0,213815,4742176920.083333,150,22178.87856363367,primary_2023_2025,143.0,182.0,0.7857142857142857,standard,0_7_to_1_0,77.25,0.5402097902097902,False,0.5889967637540453,-0.5889967637540453,-1,-1,False,False,0.26537216828478966,True,True,2025,2025-02,2025-W08
MNQ,2025-02-19,2025-02-19 14:30:00+00:00,2025-02-19 16:29:00+00:00,22207.5,22223.75,22118.0,22217.75,425830,9443138233.166666,120,22175.840671551243,2025-02-19 16:30:00+00:00,2025-02-19 18:59:00+00:00,22217.75,22264.25,22194.75,22232.5,216947,4823362809.75,150,22232.90854333086,primary_2023_2025,105.75,161.25,0.6558139534883721,standard,le_0_7,69.5,0.6572104018912529,False,0.21223021582733814,0.21223021582733814,1,1,False,True,0.5431654676258992,False,False,2025,2025-02,2025-W08
MNQ,2025-02-20,2025-02-20 14:30:00+00:00,2025-02-20 16:29:00+00:00,22210.0,22227.0,21950.75,22059.25,610076,13465045673.25,120,22071.095524573986,2025-02-20 16:30:00+00:00,2025-02-20 18:59:00+00:00,22059.5,22098.0,22016.25,22068.0,240455,5303683406.083333,150,22056.86471931685,primary_2023_2025,276.25,161.25,1.7131782945736433,exhaustion,1_5_to_2_0,81.75,0.29592760180995475,True,0.10397553516819572,0.10397553516819572,-1,1,True,False,0.6330275229357798,True,True,2025,2025-02,2025-W08
MNQ,2025-02-21,2025-02-21 14:30:00+00:00,2025-02-21 16:29:00+00:00,22186.5,22188.0,21940.5,21992.75,590927,13032386640.583334,120,22054.1397509055,2025-02-21 16:30:00+00:00,2025-02-21 18:59:00+00:00,21992.5,22022.75,21756.0,21772.25,444793,9730260384.25,150,21875.929666721375,primary_2023_2025,247.5,186.375,1.3279678068410463,standard,1_3_to_1_5,266.75,1.0777777777777777,False,0.8256794751640113,-0.8256794751640113,-1,-1,False,True,0.06091846298031865,False,False,2025,2025-02,2025-W08
MNQ,2025-02-24,2025-02-24 14:30:00+00:00,2025-02-24 16:29:00+00:00,21753.0,21801.75,21436.75,21593.25,710135,15316104393.416666,120,21567.877084521486,2025-02-24 16:30:00+00:00,2025-02-24 18:59:00+00:00,21593.0,21661.25,21553.25,21608.25,364991,7889538248.5,150,21615.706273579348,primary_2023_2025,365.0,212.375,1.718658034137728,exhaustion,1_5_to_2_0,108.0,0.2958904109589041,True,0.1412037037037037,0.1412037037037037,-1,1,True,False,0.5092592592592593,True,True,2025,2025-02,2025-W09
MNQ,2025-02-25,2025-02-25 14:30:00+00:00,2025-02-25 16:29:00+00:00,21391.25,21397.5,21028.0,21038.5,862993,18271653061.583332,120,21172.423254398742,2025-02-25 16:30:00+00:00,2025-02-25 18:59:00+00:00,21039.0,21281.75,20990.5,21199.5,435992,9226973074.166666,150,21163.170595255568,primary_2023_2025,369.5,212.375,1.7398469688051794,exhaustion,1_5_to_2_0,291.25,0.7882273342354533,False,0.5510729613733906,0.5510729613733906,-1,1,True,True,0.7175965665236052,True,True,2025,2025-02,2025-W09
MNQ,2025-02-26,2025-02-26 14:30:00+00:00,2025-02-26 16:29:00+00:00,21238.5,21404.0,21188.5,21365.0,629591,13411997397.166666,120,21302.71461499079,2025-02-26 16:30:00+00:00,2025-02-26 18:59:00+00:00,21365.75,21409.75,21079.75,21101.75,463176,9856990672.083334,150,21281.30704544997,primary_2023_2025,215.5,212.375,1.0147145379635079,standard,1_0_to_1_3,330.0,1.531322505800464,False,0.8,-0.8,1,-1,True,True,0.06666666666666667,True,True,2025,2025-02,2025-W09
MNQ,2025-02-27,2025-02-27 14:30:00+00:00,2025-02-27 16:29:00+00:00,21340.5,21381.0,20896.5,21065.0,957012,20203153085.25,120,21110.65805366077,2025-02-27 16:30:00+00:00,2025-02-27 18:59:00+00:00,21065.5,21117.5,20956.25,21051.5,468652,9864781572.5,150,21049.268054974695,primary_2023_2025,484.5,219.25,2.209806157354618,exhaustion,gt_2_0,161.25,0.3328173374613003,True,0.08682170542635659,-0.08682170542635659,-1,-1,False,False,0.5906976744186047,True,True,2025,2025-02,2025-W09
MNQ,2025-02-28,2025-02-28 14:30:00+00:00,2025-02-28 16:29:00+00:00,20590.75,20777.75,20460.25,20638.5,775870,16015024965.583334,120,20641.376732678586,2025-02-28 16:30:00+00:00,2025-02-28 18:59:00+00:00,20639.0,20748.75,20483.75,20542.25,596694,12307362533.416666,150,20625.919706611203,primary_2023_2025,317.5,219.25,1.4481185860889396,standard,1_3_to_1_5,265.0,0.8346456692913385,False,0.3650943396226415,-0.3650943396226415,1,-1,True,False,0.22075471698113208,True,True,2025,2025-02,2025-W09
MNQ,2025-03-03,2025-03-03 14:30:00+00:00,2025-03-03 16:29:00+00:00,21055.75,21120.75,20759.75,20886.5,821468,17186233868.333332,120,20921.36744015997,2025-03-03 16:30:00+00:00,2025-03-03 18:59:00+00:00,20887.0,20965.25,20652.75,20747.25,509466,10607199587.0,150,20820.23056887015,primary_2023_2025,361.0,230.625,1.5653116531165312,exhaustion,1_5_to_2_0,312.5,0.8656509695290858,False,0.4472,-0.4472,-1,-1,False,True,0.3024,True,True,2025,2025-03,2025-W10
MNQ,2025-03-04,2025-03-04 14:30:00+00:00,2025-03-04 16:29:00+00:00,20342.5,20430.0,20075.75,20142.5,884904,17901673524.25,120,20230.07413713804,2025-03-04 16:30:00+00:00,2025-03-04 18:59:00+00:00,20141.75,20523.0,20139.25,20501.75,554255,11278803144.5,150,20349.483801679733,primary_2023_2025,354.25,230.625,1.5360433604336043,exhaustion,1_5_to_2_0,383.75,1.083274523641496,False,0.9381107491856677,0.9381107491856677,-1,1,True,True,0.9446254071661238,True,True,2025,2025-03,2025-W10
MNQ,2025-03-05,2025-03-05 14:30:00+00:00,2025-03-05 16:29:00+00:00,20421.25,20496.75,20252.0,20300.5,790492,16106464039.583334,120,20375.23977419548,2025-03-05 16:30:00+00:00,2025-03-05 18:59:00+00:00,20300.25,20597.0,20215.0,20590.5,567054,11585918817.666666,150,20431.773371965748,primary_2023_2025,244.75,230.625,1.0612466124661246,standard,1_0_to_1_3,382.0,1.560776302349336,False,0.7598167539267016,0.7598167539267016,-1,1,True,True,0.9829842931937173,True,True,2025,2025-03,2025-W10
MNQ,2025-03-06,2025-03-06 14:30:00+00:00,2025-03-06 16:29:00+00:00,20311.0,20513.25,20228.25,20407.5,778366,15862140898.416666,120,20378.768983250382,2025-03-06 16:30:00+00:00,2025-03-06 18:59:00+00:00,20407.0,20477.0,20042.0,20119.0,579142,11694982339.333334,150,20193.635307633245,primary_2023_2025,285.0,241.5,1.1801242236024845,standard,1_0_to_1_3,435.0,1.5263157894736843,False,0.6620689655172414,-0.6620689655172414,1,-1,True,True,0.17701149425287357,True,True,2025,2025-03,2025-W10
MNQ,2025-03-07,2025-03-07 14:30:00+00:00,2025-03-07 16:29:00+00:00,20037.25,20242.25,19857.5,19872.0,875929,17565048046.416668,120,20053.05001480333,2025-03-07 16:30:00+00:00,2025-03-07 18:59:00+00:00,19872.75,20176.5,19766.0,20169.5,759584,15157920861.916666,150,19955.55575409259,primary_2023_2025,384.75,246.125,1.563230066023362,exhaustion,1_5_to_2_0,410.5,1.0669265756985056,False,0.7228989037758831,0.7228989037758831,-1,1,True,True,0.9829476248477467,True,True,2025,2025-03,2025-W10
MNQ,2025-03-10,2025-03-10 13:30:00+00:00,2025-03-10 15:29:00+00:00,19881.75,19902.0,19520.0,19632.75,835126,16456195574.25,120,19705.045195874634,2025-03-10 15:30:00+00:00,2025-03-10 17:59:00+00:00,19633.25,19702.75,19422.5,19441.75,597520,11685822128.416666,150,19557.20666825657,primary_2023_2025,382.0,246.125,1.5520568816658202,exhaustion,1_5_to_2_0,280.25,0.7336387434554974,False,0.6833184656556646,-0.6833184656556646,-1,-1,False,True,0.06868867082961641,False,False,2025,2025-03,2025-W11
MNQ,2025-03-11,2025-03-11 13:30:00+00:00,2025-03-11 15:29:00+00:00,19420.0,19613.5,19265.25,19430.5,1040645,20219655953.0,120,19429.92658687641,2025-03-11 15:30:00+00:00,2025-03-11 17:59:00+00:00,19430.0,19544.75,19201.0,19325.0,627847,12162672307.666666,150,19372.03221113849,primary_2023_2025,348.25,261.875,1.3298329355608591,standard,1_3_to_1_5,343.75,0.9870782483847811,False,0.3054545454545455,-0.3054545454545455,1,-1,True,True,0.36072727272727273,True,True,2025,2025-03,2025-W11
MNQ,2025-03-12,2025-03-12 13:30:00+00:00,2025-03-12 15:29:00+00:00,19696.5,19776.75,19395.0,19524.0,868849,17030442273.25,120,19601.153103991604,2025-03-12 15:30:00+00:00,2025-03-12 17:59:00+00:00,19524.0,19727.75,19510.0,19540.5,583230,11454105137.25,150,19639.087730826603,primary_2023_2025,381.75,280.625,1.3603563474387528,standard,1_3_to_1_5,217.75,0.5703994760969221,False,0.07577497129735936,0.07577497129735936,-1,1,True,False,0.14006888633754305,True,True,2025,2025-03,2025-W11
MNQ,2025-03-13,2025-03-13 13:30:00+00:00,2025-03-13 15:29:00+00:00,19573.75,19577.0,19324.0,19355.0,891606,17345532334.666668,120,19454.25707618238,2025-03-13 15:30:00+00:00,2025-03-13 17:59:00+00:00,19354.75,19392.25,19165.5,19191.75,623097,12016396538.0,150,19284.95328656694,primary_2023_2025,253.0,301.25,0.8398340248962656,standard,0_7_to_1_0,226.75,0.8962450592885376,False,0.7188533627342889,-0.7188533627342889,-1,-1,False,True,0.11576626240352811,False,False,2025,2025-03,2025-W11
MNQ,2025-03-14,2025-03-14 13:30:00+00:00,2025-03-14 15:29:00+00:00,19465.0,19665.0,19426.25,19644.75,794447,15531744996.25,120,19550.38535767647,2025-03-14 15:30:00+00:00,2025-03-14 17:59:00+00:00,19645.25,19707.75,19604.0,19630.0,461728,9078071669.916666,150,19661.081134167012,primary_2023_2025,238.75,301.25,0.7925311203319502,standard,0_7_to_1_0,103.75,0.43455497382198954,True,0.14698795180722893,-0.14698795180722893,1,-1,True,True,0.25060240963855424,False,False,2025,2025-03,2025-W11
MNQ,2025-03-17,2025-03-17 13:30:00+00:00,2025-03-17 15:29:00+00:00,19702.75,19848.0,19654.5,19681.0,369282,7292087841.916667,120,19746.664722127443,2025-03-17 15:30:00+00:00,2025-03-17 17:59:00+00:00,19681.5,19834.0,19628.5,19816.25,223203,4399557202.666667,150,19711.012856756704,primary_2023_2025,193.5,301.25,0.6423236514522822,standard,le_0_7,205.5,1.062015503875969,False,0.6557177615571776,0.6557177615571776,-1,1,True,True,0.9136253041362531,True,True,2025,2025-03,2025-W12
MNQ,2025-03-18,2025-03-18 13:30:00+00:00,2025-03-18 15:29:00+00:00,19898.25,19900.75,19604.25,19670.5,500043,9855862763.5,120,19710.030464380063,2025-03-18 15:30:00+00:00,2025-03-18 17:59:00+00:00,19671.0,19753.0,19629.25,19711.25,310603,6119636112.166667,150,19702.43723391811,primary_2023_2025,296.5,301.25,0.9842323651452282,standard,0_7_to_1_0,123.75,0.4173693086003373,True,0.32525252525252524,0.32525252525252524,-1,1,True,False,0.6626262626262627,True,True,2025,2025-03,2025-W12
MNQ,2025-03-19,2025-03-19 13:30:00+00:00,2025-03-19 15:29:00+00:00,19788.25,19900.0,19706.5,19874.75,475021,9416771272.583334,120,19823.90520120865,2025-03-19 15:30:00+00:00,2025-03-19 17:59:00+00:00,19874.75,19937.25,19785.5,19806.0,278610,5535591154.666667,150,19868.601825730115,primary_2023_2025,193.5,307.0,0.6302931596091205,standard,le_0_7,151.75,0.7842377260981912,False,0.45304777594728174,-0.45304777594728174,1,-1,True,True,0.13509060955518945,True,True,2025,2025-03,2025-W12
MNQ,2025-03-20,2025-03-20 13:30:00+00:00,2025-03-20 15:29:00+00:00,19786.5,20105.0,19756.75,20031.25,565686,11305883387.333334,120,19986.146709187313,2025-03-20 15:30:00+00:00,2025-03-20 17:59:00+00:00,20030.75,20055.75,19826.0,19848.25,495243,9869130538.75,150,19927.854686992043,primary_2023_2025,348.25,307.0,1.1343648208469055,standard,1_0_to_1_3,229.75,0.659727207465901,False,0.794341675734494,-0.794341675734494,1,-1,True,False,0.09684439608269858,True,True,2025,2025-03,2025-W12
MNQ,2025-03-21,2025-03-21 13:30:00+00:00,2025-03-21 15:29:00+00:00,19657.75,19811.75,19607.0,19716.25,614090,12108109093.333334,120,19717.15724622341,2025-03-21 15:30:00+00:00,2025-03-21 17:59:00+00:00,19716.0,19900.75,19675.0,19857.75,459837,9108501517.5,150,19808.10921587432,primary_2023_2025,204.75,332.875,0.6150957566654149,standard,le_0_7,225.75,1.1025641025641026,False,0.627906976744186,0.627906976744186,1,1,False,True,0.8095238095238095,True,True,2025,2025-03,2025-W12
MNQ,2025-03-24,2025-03-24 13:30:00+00:00,2025-03-24 15:29:00+00:00,20256.25,20371.0,20228.75,20355.5,459763,9338262539.5,120,20311.035336684334,2025-03-24 15:30:00+00:00,2025-03-24 17:59:00+00:00,20355.5,20380.5,20309.25,20342.5,281630,5729500649.75,150,20344.070765720982,primary_2023_2025,142.25,332.875,0.42733758918512954,standard,le_0_7,71.25,0.5008787346221442,False,0.1824561403508772,-0.1824561403508772,1,-1,True,True,0.4666666666666667,True,True,2025,2025-03,2025-W13
MNQ,2025-03-25,2025-03-25 13:30:00+00:00,2025-03-25 15:29:00+00:00,20401.5,20496.5,20362.5,20475.5,459039,9377349067.416666,120,20428.218664245665,2025-03-25 15:30:00+00:00,2025-03-25 17:59:00+00:00,20475.75,20479.75,20402.0,20414.5,275403,5629850274.0,150,20442.225662029825,primary_2023_2025,134.0,307.0,0.4364820846905538,standard,le_0_7,77.75,0.5802238805970149,False,0.7877813504823151,-0.7877813504823151,1,-1,True,False,0.1607717041800643,True,True,2025,2025-03,2025-W13
MNQ,2025-03-26,2025-03-26 13:30:00+00:00,2025-03-26 15:29:00+00:00,20439.25,20475.0,20226.0,20272.75,581815,11830876010.416666,120,20334.429346814137,2025-03-26 15:30:00+00:00,2025-03-26 17:59:00+00:00,20272.75,20296.75,20076.5,20083.75,446581,9007441047.166666,150,20169.781175568747,primary_2023_2025,249.0,290.75,0.8564058469475494,standard,0_7_to_1_0,220.25,0.8845381526104418,False,0.8581157775255391,-0.8581157775255391,-1,-1,False,True,0.032917139614074914,False,False,2025,2025-03,2025-W13
MNQ,2025-03-27,2025-03-27 13:30:00+00:00,2025-03-27 15:29:00+00:00,20028.75,20199.0,19937.75,20134.0,646006,12967960921.083334,120,20074.056465548823,2025-03-27 15:30:00+00:00,2025-03-27 17:59:00+00:00,20133.5,20155.75,20001.75,20015.0,466544,9361441716.166666,150,20065.50661066623,primary_2023_2025,261.25,290.75,0.8985382631126397,standard,0_7_to_1_0,154.0,0.5894736842105263,False,0.7694805194805194,-0.7694805194805194,1,-1,True,False,0.08603896103896104,True,True,2025,2025-03,2025-W13
MNQ,2025-03-28,2025-03-28 13:30:00+00:00,2025-03-28 15:29:00+00:00,19911.0,19941.25,19554.75,19600.75,753537,14857140851.5,120,19716.53794239699,2025-03-28 15:30:00+00:00,2025-03-28 17:59:00+00:00,19600.5,19632.25,19439.5,19482.75,432305,8438218620.666667,150,19519.13260468111,primary_2023_2025,386.5,273.125,1.4151029748283752,standard,1_3_to_1_5,192.75,0.4987063389391979,True,0.6108949416342413,-0.6108949416342413,-1,-1,False,True,0.2243839169909209,False,False,2025,2025-03,2025-W13
MNQ,2025-03-31,2025-03-31 13:30:00+00:00,2025-03-31 15:29:00+00:00,19166.75,19233.0,18976.75,19186.75,713191,13629676235.583334,120,19110.83599706577,2025-03-31 15:30:00+00:00,2025-03-31 17:59:00+00:00,19186.5,19308.0,19162.5,19223.0,440558,8475376512.583333,150,19237.822290330292,primary_2023_2025,256.25,273.125,0.9382151029748284,standard,0_7_to_1_0,145.5,0.5678048780487804,False,0.2508591065292096,0.2508591065292096,1,1,False,True,0.41580756013745707,False,False,2025,2025-03,2025-W14
MNQ,2025-04-01,2025-04-01 13:30:00+00:00,2025-04-01 15:29:00+00:00,19380.5,19604.0,19261.25,19565.0,804293,15615750148.5,120,19415.4992627065,2025-04-01 15:30:00+00:00,2025-04-01 17:59:00+00:00,19565.25,19643.25,19496.75,19506.0,532663,10419733027.916666,150,19561.585895616303,primary_2023_2025,342.75,258.75,1.3246376811594203,standard,1_3_to_1_5,146.5,0.4274252370532458,True,0.4044368600682594,-0.4044368600682594,1,-1,True,True,0.06313993174061433,False,False,2025,2025-04,2025-W14
MNQ,2025-04-02,2025-04-02 13:30:00+00:00,2025-04-02 15:29:00+00:00,19328.0,19714.0,19317.0,19695.5,753089,14731084513.083334,120,19560.88126779615,2025-04-02 15:30:00+00:00,2025-04-02 17:59:00+00:00,19695.5,19890.0,19611.25,19745.0,539693,10660756294.5,150,19753.371443579963,primary_2023_2025,397.0,258.75,1.5342995169082125,exhaustion,1_5_to_2_0,278.75,0.7021410579345088,False,0.17757847533632287,0.17757847533632287,1,1,False,True,0.4798206278026906,False,False,2025,2025-04,2025-W14
MNQ,2025-04-03,2025-04-03 13:30:00+00:00,2025-04-03 15:29:00+00:00,18923.75,19074.0,18720.25,18821.0,704931,13325076575.0,120,18902.667885225645,2025-04-03 15:30:00+00:00,2025-04-03 17:59:00+00:00,18821.25,18988.25,18811.75,18813.75,511846,9670888183.916666,150,18894.136486202227,primary_2023_2025,353.75,273.125,1.2951945080091534,standard,1_0_to_1_3,176.5,0.4989399293286219,True,0.042492917847025496,-0.042492917847025496,-1,-1,False,False,0.0113314447592068,True,True,2025,2025-04,2025-W14
MNQ,2025-04-04,2025-04-04 13:30:00+00:00,2025-04-04 15:29:00+00:00,18153.0,18248.75,17655.25,17940.25,855701,15406623227.75,120,18004.680639323782,2025-04-04 15:30:00+00:00,2025-04-04 17:59:00+00:00,17940.75,18020.25,17615.5,17866.5,625938,11155588969.833334,150,17822.19480177483,primary_2023_2025,593.5,278.875,2.128193635141192,exhaustion,gt_2_0,404.75,0.6819713563605728,False,0.18344657195799877,-0.18344657195799877,-1,-1,False,True,0.6201358863495985,True,True,2025,2025-04,2025-W14
MNQ,2025-04-07,2025-04-07 13:30:00+00:00,2025-04-07 15:29:00+00:00,16928.0,18360.25,16673.5,17196.0,1126397,19587377783.25,120,17389.40869271669,2025-04-07 15:30:00+00:00,2025-04-07 17:59:00+00:00,17196.0,17793.0,17195.75,17783.25,579799,10114736370.333334,150,17445.246318695503,primary_2023_2025,1686.75,278.875,6.048408785298073,exhaustion,gt_2_0,597.25,0.3540832962798281,True,0.9832565927166178,0.9832565927166178,1,1,False,False,0.9836751778987024,True,True,2025,2025-04,2025-W15
MNQ,2025-04-08,2025-04-08 13:30:00+00:00,2025-04-08 15:29:00+00:00,18149.0,18357.25,17979.25,17984.0,791582,14399017041.083334,120,18190.17744350343,2025-04-08 15:30:00+00:00,2025-04-08 17:59:00+00:00,17984.5,18134.75,17487.25,17671.5,744418,13248604370.75,150,17797.264938179895,primary_2023_2025,378.0,278.875,1.3554459883460332,standard,1_3_to_1_5,647.5,1.712962962962963,False,0.4833976833976834,-0.4833976833976834,-1,-1,False,True,0.2845559845559846,False,False,2025,2025-04,2025-W15
MNQ,2025-04-09,2025-04-09 13:30:00+00:00,2025-04-09 15:29:00+00:00,17207.75,17597.25,17196.25,17399.0,613669,10678183086.083334,120,17400.55809578671,2025-04-09 15:30:00+00:00,2025-04-09 17:59:00+00:00,17399.0,18900.0,17265.5,18882.25,675328,12154998476.0,150,17998.65913452426,primary_2023_2025,401.0,278.875,1.4379202151501569,standard,1_3_to_1_5,1634.5,4.076059850374065,False,0.9074640562863261,0.9074640562863261,1,1,False,True,0.9891404099112878,True,True,2025,2025-04,2025-W15
MNQ,2025-04-10,2025-04-10 13:30:00+00:00,2025-04-10 15:29:00+00:00,18791.0,18871.75,18466.75,18467.75,676689,12643032558.083334,120,18683.667915517075,2025-04-10 15:30:00+00:00,2025-04-10 17:59:00+00:00,18468.0,18514.5,17918.25,18460.25,856693,15643491087.666666,150,18260.32322858558,primary_2023_2025,405.0,278.875,1.4522635589421784,standard,1_3_to_1_5,596.25,1.4722222222222223,False,0.0129979035639413,-0.0129979035639413,-1,-1,False,True,0.9090146750524108,False,False,2025,2025-04,2025-W15
MNQ,2025-04-11,2025-04-11 13:30:00+00:00,2025-04-11 15:29:00+00:00,18415.0,18648.0,18270.0,18414.25,687159,12680738591.083334,120,18453.863794381406,2025-04-11 15:30:00+00:00,2025-04-11 17:59:00+00:00,18414.75,18873.25,18385.5,18822.5,532759,9941561601.25,150,18660.523053106564,primary_2023_2025,378.0,319.625,1.1826359014470083,standard,1_0_to_1_3,487.75,1.2903439153439153,False,0.8359815479241415,0.8359815479241415,-1,1,True,True,0.8959507944643772,True,True,2025,2025-04,2025-W15
MNQ,2025-04-14,2025-04-14 13:30:00+00:00,2025-04-14 15:29:00+00:00,19232.75,19255.25,18942.0,18946.5,671654,12826537908.083334,120,19096.942634277966,2025-04-14 15:30:00+00:00,2025-04-14 17:59:00+00:00,18946.0,18992.75,18738.5,18940.0,591887,11163259735.833334,150,18860.457715464832,primary_2023_2025,313.25,345.5,0.9066570188133141,standard,0_7_to_1_0,254.25,0.8116520351157223,False,0.02359882005899705,-0.02359882005899705,-1,-1,False,True,0.7925270403146509,False,False,2025,2025-04,2025-W16
MNQ,2025-04-15,2025-04-15 13:30:00+00:00,2025-04-15 15:29:00+00:00,18987.0,19144.75,18925.75,19012.25,641543,12215262564.333334,120,19040.442440075465,2025-04-15 15:30:00+00:00,2025-04-15 17:59:00+00:00,19012.25,19090.75,18906.5,18952.0,428682,8146308891.333333,150,19003.151266750956,primary_2023_2025,219.0,345.5,0.6338639652677279,standard,le_0_7,184.25,0.841324200913242,False,0.32700135685210313,-0.32700135685210313,1,-1,True,True,0.24694708276797828,True,True,2025,2025-04,2025-W16
MNQ,2025-04-16,2025-04-16 13:30:00+00:00,2025-04-16 15:29:00+00:00,18584.75,18735.25,18509.75,18709.25,565047,10517243717.916666,120,18613.04230960728,2025-04-16 15:30:00+00:00,2025-04-16 17:59:00+00:00,18709.25,18713.0,18288.75,18293.25,490584,9091889391.75,150,18532.78825185901,primary_2023_2025,225.5,345.5,0.6526772793053546,standard,le_0_7,424.25,1.8813747228381374,False,0.9805539186800236,-0.9805539186800236,1,-1,True,True,0.01060695344725987,True,True,2025,2025-04,2025-W16
MNQ,2025-04-17,2025-04-17 13:30:00+00:00,2025-04-17 15:29:00+00:00,18498.5,18509.5,18261.25,18338.5,664696,12224656218.666666,120,18391.349156105447,2025-04-17 15:30:00+00:00,2025-04-17 17:59:00+00:00,18338.5,18487.75,18316.75,18453.75,491184,9041167514.25,150,18406.885228855175,primary_2023_2025,248.25,345.5,0.7185238784370478,standard,0_7_to_1_0,171.0,0.6888217522658611,False,0.6739766081871345,0.6739766081871345,-1,1,True,False,0.8011695906432749,True,True,2025,2025-04,2025-W16
MNQ,2025-04-21,2025-04-21 13:30:00+00:00,2025-04-21 15:29:00+00:00,18128.75,18165.75,17857.0,17867.25,507381,9124600104.166666,120,17983.724467740547,2025-04-21 15:30:00+00:00,2025-04-21 17:59:00+00:00,17867.5,17880.75,17703.0,17712.5,355425,6325738153.083333,150,17797.673638836135,primary_2023_2025,308.75,328.0,0.9413109756097561,standard,0_7_to_1_0,177.75,0.5757085020242915,False,0.8720112517580872,-0.8720112517580872,-1,-1,False,True,0.053445850914205346,False,False,2025,2025-04,2025-W17
MNQ,2025-04-22,2025-04-22 13:30:00+00:00,2025-04-22 15:29:00+00:00,18152.25,18386.0,18100.25,18352.0,521721,9526722385.25,120,18260.185779851683,2025-04-22 15:30:00+00:00,2025-04-22 17:59:00+00:00,18352.25,18513.5,18210.5,18223.5,595929,10947212855.083334,150,18369.995175739616,primary_2023_2025,285.75,328.0,0.8711890243902439,standard,0_7_to_1_0,303.0,1.0603674540682415,False,0.4249174917491749,-0.4249174917491749,1,-1,True,True,0.0429042904290429,True,True,2025,2025-04,2025-W17
MNQ,2025-04-23,2025-04-23 13:30:00+00:00,2025-04-23 15:29:00+00:00,18949.0,19165.75,18881.0,18915.75,659758,12563497758.166666,120,19042.5849450354,2025-04-23 15:30:00+00:00,2025-04-23 17:59:00+00:00,18915.25,18966.25,18747.0,18927.5,541242,10215025506.416666,150,18873.30529858486,primary_2023_2025,284.75,328.0,0.868140243902439,standard,0_7_to_1_0,219.25,0.7699736611062336,False,0.055872291904218926,0.055872291904218926,-1,1,True,True,0.8232611174458381,False,False,2025,2025-04,2025-W17
MNQ,2025-04-24,2025-04-24 13:30:00+00:00,2025-04-24 15:29:00+00:00,18875.5,19209.0,18846.5,19149.0,612687,11683310456.75,120,19068.97070894274,2025-04-24 15:30:00+00:00,2025-04-24 17:59:00+00:00,19149.25,19278.75,19123.25,19264.75,426927,8202387453.0,150,19212.622891032894,primary_2023_2025,362.5,328.0,1.1051829268292683,standard,1_0_to_1_3,155.5,0.4289655172413793,True,0.7427652733118971,0.7427652733118971,1,1,False,True,0.909967845659164,False,False,2025,2025-04,2025-W17
MNQ,2025-04-25,2025-04-25 13:30:00+00:00,2025-04-25 15:29:00+00:00,19302.25,19405.75,19234.5,19348.25,654846,12653366257.75,120,19322.65946153752,2025-04-25 15:30:00+00:00,2025-04-25 17:59:00+00:00,19348.5,19554.5,19309.0,19428.25,467230,9078420356.833334,150,19430.302756315592,primary_2023_2025,171.25,348.25,0.49174443646805455,standard,le_0_7,245.5,1.4335766423357663,False,0.32484725050916496,0.32484725050916496,1,1,False,True,0.48574338085539714,True,True,2025,2025-04,2025-W17
MNQ,2025-04-28,2025-04-28 13:30:00+00:00,2025-04-28 15:29:00+00:00,19548.25,19622.75,19312.0,19320.25,607593,11843318468.75,120,19492.190444508084,2025-04-28 15:30:00+00:00,2025-04-28 17:59:00+00:00,19320.0,19389.0,19257.75,19371.75,421109,8136003131.166667,150,19320.420915170816,primary_2023_2025,310.75,348.25,0.8923187365398421,standard,0_7_to_1_0,131.25,0.4223652453740949,True,0.3942857142857143,0.3942857142857143,-1,1,True,True,0.8685714285714285,False,False,2025,2025-04,2025-W18
MNQ,2025-04-29,2025-04-29 13:30:00+00:00,2025-04-29 15:29:00+00:00,19427.25,19615.25,19404.0,19554.0,534256,10433163580.833334,120,19528.39758623831,2025-04-29 15:30:00+00:00,2025-04-29 17:59:00+00:00,19553.75,19667.75,19470.75,19656.0,393334,7693365358.75,150,19559.370302974065,primary_2023_2025,211.25,328.0,0.6440548780487805,standard,le_0_7,197.0,0.9325443786982248,False,0.5190355329949239,0.5190355329949239,1,1,False,True,0.9403553299492385,True,True,2025,2025-04,2025-W18
MNQ,2025-04-30,2025-04-30 13:30:00+00:00,2025-04-30 15:29:00+00:00,19301.25,19438.5,19102.25,19413.25,661027,12738486214.583334,120,19270.750233475082,2025-04-30 15:30:00+00:00,2025-04-30 17:59:00+00:00,19413.0,19512.75,19337.0,19477.75,436578,8481852590.0,150,19428.03482997311,primary_2023_2025,336.25,328.0,1.0251524390243902,standard,1_0_to_1_3,175.75,0.5226765799256505,False,0.3684210526315789,0.3684210526315789,1,1,False,True,0.8008534850640113,False,False,2025,2025-04,2025-W18
MNQ,2025-05-01,2025-05-01 13:30:00+00:00,2025-05-01 15:29:00+00:00,19971.5,20125.25,19858.0,20077.5,567221,11335121815.25,120,19983.60747442355,2025-05-01 15:30:00+00:00,2025-05-01 17:59:00+00:00,20077.5,20083.75,19909.25,19982.25,421902,8431541247.666667,150,19984.5965358464,primary_2023_2025,267.25,324.75,0.8229407236335643,standard,0_7_to_1_0,174.5,0.6529466791393826,False,0.5458452722063037,-0.5458452722063037,1,-1,True,False,0.4183381088825215,True,True,2025,2025-05,2025-W18
MNQ,2025-05-02,2025-05-02 13:30:00+00:00,2025-05-02 15:29:00+00:00,20091.25,20194.25,20019.5,20141.5,513729,10338391465.75,120,20124.212309894905,2025-05-02 15:30:00+00:00,2025-05-02 17:59:00+00:00,20141.75,20266.0,20127.0,20225.0,344235,6960044468.083333,150,20218.875094291205,primary_2023_2025,174.75,312.0,0.5600961538461539,standard,le_0_7,139.0,0.7954220314735336,False,0.5989208633093526,0.5989208633093526,1,1,False,True,0.7050359712230215,False,False,2025,2025-05,2025-W18
MNQ,2025-05-05,2025-05-05 13:30:00+00:00,2025-05-05 15:29:00+00:00,20010.25,20124.25,19985.25,20097.5,479471,9618801844.0,120,20061.279710347444,2025-05-05 15:30:00+00:00,2025-05-05 17:59:00+00:00,20098.0,20155.0,20065.5,20143.5,229834,4623570070.5,150,20116.997791884576,primary_2023_2025,139.0,309.75,0.4487489911218725,standard,le_0_7,89.5,0.6438848920863309,False,0.5083798882681564,0.5083798882681564,1,1,False,True,0.8715083798882681,False,False,2025,2025-05,2025-W19
MNQ,2025-05-06,2025-05-06 13:30:00+00:00,2025-05-06 15:29:00+00:00,19795.75,19945.0,19738.25,19941.5,515407,10233644513.583334,120,19855.462796553664,2025-05-06 15:30:00+00:00,2025-05-06 17:59:00+00:00,19942.0,20027.0,19837.5,19846.5,427932,8519250050.833333,150,19907.952784165085,primary_2023_2025,206.75,297.25,0.695542472666106,standard,le_0_7,189.5,0.9165659008464329,False,0.503957783641161,-0.503957783641161,1,-1,True,True,0.047493403693931395,True,True,2025,2025-05,2025-W19
MNQ,2025-05-07,2025-05-07 13:30:00+00:00,2025-05-07 15:29:00+00:00,19899.75,19977.75,19788.5,19813.0,487356,9693218634.916666,120,19889.400427852877,2025-05-07 15:30:00+00:00,2025-05-07 17:59:00+00:00,19813.0,19925.5,19784.75,19819.0,320498,6361904687.75,150,19850.060492577177,primary_2023_2025,189.25,285.25,0.663453111305872,standard,le_0_7,140.75,0.7437252311756936,False,0.04262877442273535,0.04262877442273535,-1,1,True,True,0.2433392539964476,True,True,2025,2025-05,2025-W19
MNQ,2025-05-08,2025-05-08 13:30:00+00:00,2025-05-08 15:29:00+00:00,20162.5,20205.75,19978.0,20172.5,587009,11789880345.666666,120,20084.667093122363,2025-05-08 15:30:00+00:00,2025-05-08 17:59:00+00:00,20172.75,20337.5,20143.25,20250.0,408297,8279693975.583333,150,20278.60595493803,primary_2023_2025,227.75,276.0,0.8251811594202898,standard,0_7_to_1_0,194.25,0.8529088913282108,False,0.39768339768339767,0.39768339768339767,1,1,False,True,0.5495495495495496,False,False,2025,2025-05,2025-W19
MNQ,2025-05-09,2025-05-09 13:30:00+00:00,2025-05-09 15:29:00+00:00,20227.0,20279.75,20057.5,20133.25,513622,10363480588.666666,120,20177.252120560774,2025-05-09 15:30:00+00:00,2025-05-09 17:59:00+00:00,20133.25,20174.5,20060.0,20155.75,329765,6634062996.416667,150,20117.547333454633,primary_2023_2025,222.25,257.75,0.8622696411251213,standard,0_7_to_1_0,114.5,0.515185601799775,False,0.1965065502183406,0.1965065502183406,-1,1,True,False,0.8362445414847162,False,False,2025,2025-05,2025-W19
MNQ,2025-05-12,2025-05-12 13:30:00+00:00,2025-05-12 15:29:00+00:00,20918.75,20922.25,20690.0,20784.75,563960,11723821338.166666,120,20788.391620268576,2025-05-12 15:30:00+00:00,2025-05-12 17:59:00+00:00,20785.0,20934.75,20756.75,20908.5,299786,6249372679.666667,150,20846.11249246685,primary_2023_2025,232.25,238.0,0.9758403361344538,standard,0_7_to_1_0,178.0,0.7664155005382132,False,0.6938202247191011,0.6938202247191011,-1,1,True,True,0.8525280898876404,True,True,2025,2025-05,2025-W20
MNQ,2025-05-13,2025-05-13 13:30:00+00:00,2025-05-13 15:29:00+00:00,21004.25,21293.0,20973.25,21278.5,500532,10593747164.75,120,21164.974796316717,2025-05-13 15:30:00+00:00,2025-05-13 17:59:00+00:00,21278.5,21347.0,21252.75,21296.5,289689,6171128285.583333,150,21302.597908734308,primary_2023_2025,319.75,230.0,1.3902173913043478,standard,1_3_to_1_5,94.25,0.2947615324472244,True,0.1909814323607427,0.1909814323607427,1,1,False,True,0.46419098143236076,False,False,2025,2025-05,2025-W20
MNQ,2025-05-14,2025-05-14 13:30:00+00:00,2025-05-14 15:29:00+00:00,21314.75,21404.75,21272.75,21374.0,532480,11360893851.833334,120,21335.81327342498,2025-05-14 15:30:00+00:00,2025-05-14 17:59:00+00:00,21373.5,21419.75,21281.25,21365.25,299547,6398353510.666667,150,21360.098784720485,primary_2023_2025,132.0,230.0,0.5739130434782609,standard,le_0_7,138.5,1.0492424242424243,False,0.05956678700361011,-0.05956678700361011,1,-1,True,True,0.6064981949458483,True,True,2025,2025-05,2025-W20
MNQ,2025-05-15,2025-05-15 13:30:00+00:00,2025-05-15 15:29:00+00:00,21302.75,21423.0,21248.25,21406.25,440842,9398071180.0,120,21318.456907463446,2025-05-15 15:30:00+00:00,2025-05-15 17:59:00+00:00,21406.5,21529.75,21387.25,21475.5,273720,5874652266.833333,150,21462.26898594671,primary_2023_2025,174.75,230.0,0.7597826086956522,standard,0_7_to_1_0,142.5,0.8154506437768241,False,0.4842105263157895,0.4842105263157895,1,1,False,True,0.6192982456140351,False,False,2025,2025-05,2025-W20
MNQ,2025-05-16,2025-05-16 13:30:00+00:00,2025-05-16 15:29:00+00:00,21467.5,21470.25,21320.0,21398.75,417255,8932088681.583334,120,21406.786453327903,2025-05-16 15:30:00+00:00,2025-05-16 17:59:00+00:00,21398.75,21478.0,21398.25,21444.75,224722,4817201384.75,150,21436.269634259217,primary_2023_2025,150.25,230.0,0.6532608695652173,standard,le_0_7,79.75,0.5307820299500832,False,0.5768025078369906,0.5768025078369906,-1,1,True,True,0.5830721003134797,True,True,2025,2025-05,2025-W20
MNQ,2025-05-19,2025-05-19 13:30:00+00:00,2025-05-19 15:29:00+00:00,21202.25,21462.75,21201.5,21404.75,429303,9176785109.5,120,21376.0097402068,2025-05-19 15:30:00+00:00,2025-05-19 17:59:00+00:00,21404.75,21545.5,21399.0,21499.25,265814,5709646449.666667,150,21479.856025892794,primary_2023_2025,261.25,225.0,1.1611111111111112,standard,1_0_to_1_3,146.5,0.5607655502392345,False,0.6450511945392492,0.6450511945392492,1,1,False,True,0.6843003412969283,False,False,2025,2025-05,2025-W21
MNQ,2025-05-20,2025-05-20 13:30:00+00:00,2025-05-20 15:29:00+00:00,21412.25,21451.25,21354.0,21422.5,391934,8390620689.25,120,21408.249065531443,2025-05-20 15:30:00+00:00,2025-05-20 17:59:00+00:00,21422.25,21473.75,21390.0,21431.25,219154,4697629070.666667,150,21435.287837167776,primary_2023_2025,97.25,225.0,0.43222222222222223,standard,le_0_7,83.75,0.8611825192802056,False,0.10746268656716418,0.10746268656716418,1,1,False,True,0.4925373134328358,True,True,2025,2025-05,2025-W21
MNQ,2025-05-21,2025-05-21 13:30:00+00:00,2025-05-21 15:29:00+00:00,21279.0,21535.5,21277.0,21519.5,448910,9609919466.333334,120,21407.2296592487,2025-05-21 15:30:00+00:00,2025-05-21 17:59:00+00:00,21519.0,21558.5,21160.25,21270.75,508435,10871845959.75,150,21382.96136133429,primary_2023_2025,258.5,216.75,1.1926182237600922,standard,1_0_to_1_3,398.25,1.5406189555125724,False,0.623352165725047,-0.623352165725047,1,-1,True,True,0.27746390458254866,True,True,2025,2025-05,2025-W21
MNQ,2025-05-22,2025-05-22 13:30:00+00:00,2025-05-22 15:29:00+00:00,21171.0,21330.25,21113.75,21207.0,517287,10981823638.583334,120,21229.653245844827,2025-05-22 15:30:00+00:00,2025-05-22 17:59:00+00:00,21206.25,21324.75,21196.5,21293.0,283955,6035935134.5,150,21256.660859995423,primary_2023_2025,216.5,216.75,0.9988465974625144,standard,0_7_to_1_0,128.25,0.5923787528868361,False,0.6764132553606238,0.6764132553606238,1,1,False,False,0.7524366471734892,True,True,2025,2025-05,2025-W21
MNQ,2025-05-23,2025-05-23 13:30:00+00:00,2025-05-23 15:29:00+00:00,20849.5,20993.75,20821.5,20960.5,492531,10305101059.25,120,20922.746099737884,2025-05-23 15:30:00+00:00,2025-05-23 17:59:00+00:00,20960.25,21074.75,20918.75,21052.25,298881,6274120739.166667,150,20992.036091844806,primary_2023_2025,172.25,213.875,0.8053769725306839,standard,0_7_to_1_0,156.0,0.9056603773584906,False,0.5897435897435898,0.5897435897435898,1,1,False,True,0.8557692307692307,True,True,2025,2025-05,2025-W21
MNQ,2025-05-26,2025-05-26 13:30:00+00:00,2025-05-26 15:29:00+00:00,21261.0,21307.75,21215.5,21253.75,79812,1696940704.6666667,120,21261.72385940293,2025-05-26 15:30:00+00:00,2025-05-26 16:59:00+00:00,21253.75,21296.25,21253.25,21284.5,34759,739475958.8333334,90,21274.373797673506,primary_2023_2025,92.25,213.875,0.43132670952659263,standard,le_0_7,43.0,0.46612466124661245,True,0.7151162790697675,0.7151162790697675,-1,1,True,False,0.7267441860465116,True,True,2025,2025-05,2025-W22
MNQ,2025-05-27,2025-05-27 13:30:00+00:00,2025-05-27 15:29:00+00:00,21259.5,21400.75,21193.25,21390.25,357308,7617877361.583333,120,21320.198152807476,2025-05-27 15:30:00+00:00,2025-05-27 17:59:00+00:00,21390.25,21480.25,21368.25,21476.5,203170,4353727149.583333,150,21428.986314826663,primary_2023_2025,207.5,209.0,0.992822966507177,standard,0_7_to_1_0,112.0,0.5397590361445783,False,0.7700892857142857,0.7700892857142857,1,1,False,True,0.9665178571428571,False,False,2025,2025-05,2025-W22
MNQ,2025-05-28,2025-05-28 13:30:00+00:00,2025-05-28 15:29:00+00:00,21504.75,21564.75,21426.25,21458.5,376120,8078788669.833333,120,21479.28498839023,2025-05-28 15:30:00+00:00,2025-05-28 17:59:00+00:00,21458.0,21491.25,21433.5,21469.75,177205,3803756601.5,150,21465.289362602634,primary_2023_2025,138.5,207.125,0.6686783343391671,standard,le_0_7,57.75,0.41696750902527074,True,0.20346320346320346,0.20346320346320346,-1,1,True,False,0.6277056277056277,True,True,2025,2025-05,2025-W22
MNQ,2025-05-29,2025-05-29 13:30:00+00:00,2025-05-29 15:29:00+00:00,21674.25,21679.25,21380.25,21500.5,498037,10704324830.916666,120,21493.031302727843,2025-05-29 15:30:00+00:00,2025-05-29 17:59:00+00:00,21500.75,21504.75,21301.0,21372.25,361843,7748750414.583333,150,21414.675465832788,primary_2023_2025,299.0,198.0,1.5101010101010102,exhaustion,1_5_to_2_0,203.75,0.681438127090301,False,0.6306748466257669,-0.6306748466257669,-1,-1,False,True,0.3496932515337423,True,True,2025,2025-05,2025-W22
MNQ,2025-05-30,2025-05-30 13:30:00+00:00,2025-05-30 15:29:00+00:00,21382.75,21399.5,21234.75,21368.0,394510,8417987527.916667,120,21337.83054400818,2025-05-30 15:30:00+00:00,2025-05-30 17:59:00+00:00,21368.0,21379.0,21071.5,21176.25,447223,9482192603.5,150,21202.3813701442,primary_2023_2025,164.75,198.0,0.8320707070707071,standard,0_7_to_1_0,307.5,1.8664643399089529,False,0.6235772357723577,-0.6235772357723577,-1,-1,False,True,0.34065040650406503,True,True,2025,2025-05,2025-W22
MNQ,2025-06-02,2025-06-02 13:30:00+00:00,2025-06-02 15:29:00+00:00,21288.0,21458.0,21234.5,21369.75,441431,9427457389.583334,120,21356.582092293775,2025-06-02 15:30:00+00:00,2025-06-02 17:59:00+00:00,21370.75,21475.25,21356.0,21445.5,197656,4235582549.25,150,21429.06134521593,primary_2023_2025,223.5,198.0,1.128787878787879,standard,1_0_to_1_3,119.25,0.5335570469798657,False,0.6268343815513627,0.6268343815513627,1,1,False,True,0.750524109014675,True,True,2025,2025-06,2025-W23
MNQ,2025-06-03,2025-06-03 13:30:00+00:00,2025-06-03 15:29:00+00:00,21546.25,21686.5,21510.0,21672.5,389779,8420359426.833333,120,21602.90684422027,2025-06-03 15:30:00+00:00,2025-06-03 17:59:00+00:00,21672.25,21759.75,21655.0,21717.5,203024,4408292752.25,150,21713.16077040153,primary_2023_2025,176.5,207.125,0.852142426071213,standard,0_7_to_1_0,104.75,0.5934844192634561,False,0.431980906921241,0.431980906921241,1,1,False,True,0.5966587112171837,False,False,2025,2025-06,2025-W23
MNQ,2025-06-04,2025-06-04 13:30:00+00:00,2025-06-04 15:29:00+00:00,21726.0,21793.5,21641.0,21754.75,421330,9158458246.5,120,21737.01907412242,2025-06-04 15:30:00+00:00,2025-06-04 17:59:00+00:00,21754.5,21791.0,21706.0,21786.25,226081,4917372859.0,150,21750.491456601838,primary_2023_2025,152.5,198.375,0.7687460617517329,standard,0_7_to_1_0,85.0,0.5573770491803278,False,0.3735294117647059,0.3735294117647059,1,1,False,False,0.9441176470588235,True,True,2025,2025-06,2025-W23
MNQ,2025-06-05,2025-06-05 13:30:00+00:00,2025-06-05 15:29:00+00:00,21812.25,21925.0,21691.75,21920.0,513300,11183981848.666666,120,21788.392457951813,2025-06-05 15:30:00+00:00,2025-06-05 17:59:00+00:00,21919.5,21936.25,21660.0,21729.5,354150,7720391103.333333,150,21799.777222457527,primary_2023_2025,233.25,192.0,1.21484375,standard,1_0_to_1_3,276.25,1.1843515541264737,False,0.6877828054298643,-0.6877828054298643,1,-1,True,True,0.2515837104072398,True,True,2025,2025-06,2025-W23
MNQ,2025-06-06,2025-06-06 13:30:00+00:00,2025-06-06 15:29:00+00:00,21797.5,21870.25,21735.75,21790.5,431960,9423448896.083334,120,21815.559070477208,2025-06-06 15:30:00+00:00,2025-06-06 17:59:00+00:00,21790.0,21833.75,21721.5,21821.5,239983,5228608619.25,150,21787.412521928636,primary_2023_2025,134.5,192.0,0.7005208333333334,standard,0_7_to_1_0,112.25,0.8345724907063197,False,0.2806236080178174,0.2806236080178174,-1,1,True,True,0.89086859688196,True,True,2025,2025-06,2025-W23
MNQ,2025-06-09,2025-06-09 13:30:00+00:00,2025-06-09 15:29:00+00:00,21798.0,21892.5,21750.25,21824.5,349345,7624713921.916667,120,21825.74223737757,2025-06-09 15:30:00+00:00,2025-06-09 17:59:00+00:00,21824.75,21884.25,21815.5,21867.25,199892,4367646880.5,150,21850.033420547097,primary_2023_2025,142.25,175.625,0.8099644128113879,standard,0_7_to_1_0,68.75,0.4833040421792619,True,0.6181818181818182,0.6181818181818182,1,1,False,False,0.7527272727272727,True,True,2025,2025-06,2025-W24
MNQ,2025-06-10,2025-06-10 13:30:00+00:00,2025-06-10 15:29:00+00:00,21836.5,21893.25,21818.0,21857.5,318391,6960945825.583333,120,21862.885023707746,2025-06-10 15:30:00+00:00,2025-06-10 17:59:00+00:00,21857.75,21930.5,21743.0,21873.75,282331,6173288749.416667,150,21865.430113649112,primary_2023_2025,75.25,173.5,0.43371757925072046,standard,le_0_7,187.5,2.4916943521594686,False,0.08533333333333333,0.08533333333333333,1,1,False,True,0.6973333333333334,True,True,2025,2025-06,2025-W24
MNQ,2025-06-11,2025-06-11 13:30:00+00:00,2025-06-11 15:29:00+00:00,22017.0,22066.75,21915.0,22019.25,384177,8453763136.166667,120,22004.865299501707,2025-06-11 15:30:00+00:00,2025-06-11 17:59:00+00:00,22019.0,22027.5,21907.25,21917.5,311203,6839366161.333333,150,21977.185828328562,primary_2023_2025,151.75,168.5,0.900593471810089,standard,0_7_to_1_0,120.25,0.7924217462932455,False,0.8440748440748441,-0.8440748440748441,1,-1,True,True,0.08523908523908524,True,True,2025,2025-06,2025-W24
MNQ,2025-06-12,2025-06-12 13:30:00+00:00,2025-06-12 15:29:00+00:00,21829.25,21977.5,21816.0,21917.5,396228,8677311723.166666,120,21899.794368814586,2025-06-12 15:30:00+00:00,2025-06-12 17:59:00+00:00,21918.0,21968.5,21892.5,21936.5,257187,5641284839.5,150,21934.564497816762,primary_2023_2025,161.5,168.5,0.9584569732937686,standard,0_7_to_1_0,76.0,0.47058823529411764,True,0.24342105263157895,0.24342105263157895,1,1,False,False,0.5789473684210527,True,True,2025,2025-06,2025-W24
MNQ,2025-06-13,2025-06-13 13:30:00+00:00,2025-06-13 15:29:00+00:00,21680.0,21807.5,21617.5,21798.0,448902,9752840620.833334,120,21725.990574408966,2025-06-13 15:30:00+00:00,2025-06-13 17:59:00+00:00,21797.5,21855.75,21749.75,21788.0,249537,5441939323.75,150,21808.145981357473,primary_2023_2025,190.0,163.125,1.1647509578544062,standard,1_0_to_1_3,106.0,0.5578947368421052,False,0.08962264150943396,-0.08962264150943396,1,-1,True,True,0.3608490566037736,False,False,2025,2025-06,2025-W24
MNQ,2025-06-16,2025-06-16 13:30:00+00:00,2025-06-16 15:29:00+00:00,22014.75,22224.5,22013.5,22188.5,237174,5253336739.416667,120,22149.71598664553,2025-06-16 15:30:00+00:00,2025-06-16 17:59:00+00:00,22188.25,22209.75,22143.75,22165.0,138971,3081916808.0833335,150,22176.690158978014,primary_2023_2025,211.0,168.5,1.2522255192878338,standard,1_0_to_1_3,66.0,0.3127962085308057,True,0.3522727272727273,-0.3522727272727273,1,-1,True,False,0.32196969696969696,True,True,2025,2025-06,2025-W25
MNQ,2025-06-17,2025-06-17 13:30:00+00:00,2025-06-17 15:29:00+00:00,22063.75,22136.5,22026.25,22090.0,309179,6829841531.916667,120,22090.250411304347,2025-06-17 15:30:00+00:00,2025-06-17 17:59:00+00:00,22090.5,22135.0,21941.5,21962.25,318101,7015849357.333333,150,22055.41434114741,primary_2023_2025,110.25,168.5,0.6543026706231454,standard,le_0_7,193.5,1.7551020408163265,False,0.6627906976744186,-0.6627906976744186,1,-1,True,True,0.10723514211886305,True,True,2025,2025-06,2025-W25
MNQ,2025-06-18,2025-06-18 13:30:00+00:00,2025-06-18 15:29:00+00:00,21992.5,22098.75,21926.5,22050.25,303535,6686023936.916667,120,22027.192702379187,2025-06-18 15:30:00+00:00,2025-06-18 17:59:00+00:00,22050.25,22078.0,21940.0,22031.75,203808,4489239659.0,150,22026.807873096248,primary_2023_2025,172.25,168.5,1.0222551928783383,standard,1_0_to_1_3,138.0,0.8011611030478955,False,0.13405797101449277,-0.13405797101449277,1,-1,True,False,0.6648550724637681,True,True,2025,2025-06,2025-W25
MNQ,2025-06-19,2025-06-19 13:30:00+00:00,2025-06-19 15:29:00+00:00,21784.0,21786.75,21650.25,21720.0,140724,3055055793.9166665,120,21709.557672583684,2025-06-19 15:30:00+00:00,2025-06-19 16:59:00+00:00,21719.75,21742.0,21676.5,21704.25,54248,1177769049.5,90,21710.828961436368,primary_2023_2025,136.5,168.5,0.8100890207715133,standard,0_7_to_1_0,65.5,0.47985347985347987,True,0.2366412213740458,-0.2366412213740458,-1,-1,False,False,0.42366412213740456,True,True,2025,2025-06,2025-W25
MNQ,2025-06-20,2025-06-20 13:30:00+00:00,2025-06-20 15:29:00+00:00,22074.75,22130.75,21775.75,21858.0,567090,12447053783.75,120,21948.991842123825,2025-06-20 15:30:00+00:00,2025-06-20 17:59:00+00:00,21857.5,21922.25,21760.0,21838.75,351367,7679578307.083333,150,21856.287890107305,primary_2023_2025,355.0,163.125,2.1762452107279695,exhaustion,gt_2_0,162.25,0.45704225352112676,True,0.11556240369799692,-0.11556240369799692,-1,-1,False,True,0.48536209553158705,False,False,2025,2025-06,2025-W25
MNQ,2025-06-23,2025-06-23 13:30:00+00:00,2025-06-23 15:29:00+00:00,21869.25,22018.0,21758.5,21947.0,386458,8476700437.583333,120,21934.338110695942,2025-06-23 15:30:00+00:00,2025-06-23 17:59:00+00:00,21947.0,22082.75,21738.5,22051.25,540244,11840166425.5,150,21916.331186463893,primary_2023_2025,259.5,163.125,1.5908045977011493,exhaustion,1_5_to_2_0,344.25,1.3265895953757225,False,0.3028322440087146,0.3028322440087146,1,1,False,True,0.9084967320261438,True,True,2025,2025-06,2025-W26
MNQ,2025-06-24,2025-06-24 13:30:00+00:00,2025-06-24 15:29:00+00:00,22286.0,22373.5,22260.0,22372.75,336854,7516778425.083333,120,22314.647963459935,2025-06-24 15:30:00+00:00,2025-06-24 17:59:00+00:00,22373.25,22426.25,22357.25,22417.5,193941,4342596287.5,150,22391.326679247813,primary_2023_2025,113.5,168.5,0.6735905044510386,standard,le_0_7,69.0,0.6079295154185022,False,0.6413043478260869,0.6413043478260869,1,1,False,True,0.8731884057971014,False,False,2025,2025-06,2025-W26
MNQ,2025-06-25,2025-06-25 13:30:00+00:00,2025-06-25 15:29:00+00:00,22499.25,22548.25,22444.75,22462.75,393738,8858187238.916666,120,22497.66910716432,2025-06-25 15:30:00+00:00,2025-06-25 17:59:00+00:00,22462.75,22464.25,22388.25,22412.5,253505,5687545737.083333,150,22435.63534085455,primary_2023_2025,103.5,163.125,0.6344827586206897,standard,le_0_7,76.0,0.7342995169082126,False,0.6611842105263158,-0.6611842105263158,-1,-1,False,True,0.3190789473684211,False,False,2025,2025-06,2025-W26
MNQ,2025-06-26,2025-06-26 13:30:00+00:00,2025-06-26 15:29:00+00:00,22552.75,22613.25,22476.25,22565.0,368201,8303049930.833333,120,22550.318795531064,2025-06-26 15:30:00+00:00,2025-06-26 17:59:00+00:00,22564.75,22651.5,22549.75,22640.0,199624,4513905677.25,150,22612.039019606862,primary_2023_2025,137.0,163.125,0.8398467432950192,standard,0_7_to_1_0,101.75,0.7427007299270073,False,0.7395577395577395,0.7395577395577395,1,1,False,True,0.8869778869778869,True,True,2025,2025-06,2025-W26
MNQ,2025-06-27,2025-06-27 13:30:00+00:00,2025-06-27 15:29:00+00:00,22707.25,22823.75,22682.0,22792.5,362215,8246972232.5,120,22768.168718854824,2025-06-27 15:30:00+00:00,2025-06-27 17:59:00+00:00,22792.25,22820.0,22697.0,22736.0,250552,5705338760.833333,150,22771.076506407186,primary_2023_2025,141.75,157.0,0.9028662420382165,standard,0_7_to_1_0,123.0,0.8677248677248677,False,0.4573170731707317,-0.4573170731707317,1,-1,True,False,0.3170731707317073,True,True,2025,2025-06,2025-W26
MNQ,2025-06-30,2025-06-30 13:30:00+00:00,2025-06-30 15:29:00+00:00,22872.25,22875.5,22795.0,22817.0,347000,7920755444.333333,120,22826.384565802113,2025-06-30 15:30:00+00:00,2025-06-30 17:59:00+00:00,22817.5,22867.25,22785.0,22821.0,220100,5026807670.333333,150,22838.744526730272,primary_2023_2025,80.5,152.125,0.5291700903861956,standard,le_0_7,82.25,1.0217391304347827,False,0.0425531914893617,0.0425531914893617,-1,1,True,True,0.4376899696048632,True,True,2025,2025-06,2025-W27
MNQ,2025-07-01,2025-07-01 13:30:00+00:00,2025-07-01 15:29:00+00:00,22803.0,22845.0,22593.75,22684.5,482915,10979949388.666666,120,22736.81577227186,2025-07-01 15:30:00+00:00,2025-07-01 17:59:00+00:00,22685.0,22762.5,22616.0,22742.75,298516,6774129546.5,150,22692.684969984857,primary_2023_2025,251.25,147.0,1.7091836734693877,exhaustion,1_5_to_2_0,146.5,0.5830845771144278,False,0.39419795221843,0.39419795221843,-1,1,True,False,0.8651877133105802,True,True,2025,2025-07,2025-W27
MNQ,2025-07-02,2025-07-02 13:30:00+00:00,2025-07-02 15:29:00+00:00,22654.25,22847.75,22650.75,22803.5,363471,8273715261.75,120,22763.0684752016,2025-07-02 15:30:00+00:00,2025-07-02 17:59:00+00:00,22803.25,22850.0,22800.25,22825.5,182412,4163704532.8333335,150,22825.825783574182,primary_2023_2025,197.0,147.0,1.3401360544217686,standard,1_3_to_1_5,49.75,0.25253807106598986,True,0.4472361809045226,0.4472361809045226,1,1,False,True,0.507537688442211,False,False,2025,2025-07,2025-W27
MNQ,2025-07-03,2025-07-03 13:30:00+00:00,2025-07-03 15:29:00+00:00,22932.0,23079.5,22929.75,23067.0,277947,6397649144.833333,120,23017.51465147432,2025-07-03 15:30:00+00:00,2025-07-03 17:14:00+00:00,23067.0,23101.25,23028.0,23059.0,148078,3416194880.6666665,105,23070.239202762506,primary_2023_2025,149.75,147.0,1.0187074829931972,standard,1_0_to_1_3,73.25,0.48914858096828046,True,0.10921501706484642,-0.10921501706484642,1,-1,True,True,0.4232081911262799,False,False,2025,2025-07,2025-W27
MNQ,2025-07-04,2025-07-04 13:30:00+00:00,2025-07-04 15:29:00+00:00,22917.5,22946.0,22887.5,22925.25,59899,1373038627.75,120,22922.563444297903,2025-07-04 15:30:00+00:00,2025-07-04 16:59:00+00:00,22925.0,22938.5,22895.5,22904.5,22096,506491600.9166667,90,22922.320823527636,primary_2023_2025,58.5,146.0,0.4006849315068493,standard,le_0_7,43.0,0.7350427350427351,False,0.47674418604651164,-0.47674418604651164,1,-1,True,False,0.20930232558139536,True,True,2025,2025-07,2025-W27
MNQ,2025-07-07,2025-07-07 13:30:00+00:00,2025-07-07 15:29:00+00:00,22943.25,22978.0,22882.75,22920.75,361330,8284925545.583333,120,22928.972256893514,2025-07-07 15:30:00+00:00,2025-07-07 17:59:00+00:00,22920.25,22962.75,22833.25,22871.0,369809,8465945961.75,150,22892.752641904335,primary_2023_2025,95.25,146.0,0.6523972602739726,standard,le_0_7,129.5,1.3595800524934383,False,0.3803088803088803,-0.3803088803088803,-1,-1,False,True,0.2915057915057915,True,True,2025,2025-07,2025-W28
MNQ,2025-07-08,2025-07-08 13:30:00+00:00,2025-07-08 15:29:00+00:00,22935.0,22944.0,22841.0,22868.75,423075,9686508769.75,120,22895.488435265615,2025-07-08 15:30:00+00:00,2025-07-08 17:59:00+00:00,22869.25,22962.75,22869.0,22934.0,265394,6080593250.166667,150,22911.570156697842,primary_2023_2025,103.0,145.75,0.7066895368782161,standard,0_7_to_1_0,93.75,0.9101941747572816,False,0.6906666666666667,0.6906666666666667,-1,1,True,True,0.6933333333333334,True,True,2025,2025-07,2025-W28
MNQ,2025-07-09,2025-07-09 13:30:00+00:00,2025-07-09 15:29:00+00:00,22978.5,23111.25,22917.0,22980.0,484305,11146958595.333334,120,23016.4020510491,2025-07-09 15:30:00+00:00,2025-07-09 17:59:00+00:00,22980.25,23008.5,22937.5,22983.5,240450,5524554675.333333,150,22975.89800512927,primary_2023_2025,194.25,145.75,1.332761578044597,standard,1_3_to_1_5,71.0,0.3655083655083655,True,0.045774647887323945,0.045774647887323945,1,1,False,False,0.647887323943662,False,False,2025,2025-07,2025-W28
MNQ,2025-07-10,2025-07-10 13:30:00+00:00,2025-07-10 15:29:00+00:00,23072.25,23089.75,22901.0,22997.75,442931,10175170109.166666,120,22972.35937237779,2025-07-10 15:30:00+00:00,2025-07-10 17:59:00+00:00,22997.5,23041.0,22962.75,23036.5,213770,4917583736.333333,150,23004.087272925728,primary_2023_2025,188.75,145.75,1.2950257289879932,standard,1_0_to_1_3,78.25,0.41456953642384103,True,0.4984025559105431,0.4984025559105431,-1,1,True,False,0.9424920127795527,True,True,2025,2025-07,2025-W28
MNQ,2025-07-11,2025-07-11 13:30:00+00:00,2025-07-11 15:29:00+00:00,22915.25,23007.5,22863.0,22950.0,394631,9056001880.083334,120,22948.024559863097,2025-07-11 15:30:00+00:00,2025-07-11 17:59:00+00:00,22950.0,23021.75,22948.0,22998.5,235630,5416429987.75,150,22987.01348618597,primary_2023_2025,144.5,145.75,0.9914236706689536,standard,0_7_to_1_0,73.75,0.5103806228373703,False,0.6576271186440678,0.6576271186440678,1,1,False,True,0.6847457627118644,True,True,2025,2025-07,2025-W28
MNQ,2025-07-14,2025-07-14 13:30:00+00:00,2025-07-14 15:29:00+00:00,22942.75,23022.75,22842.5,23011.5,403018,9247191389.75,120,22944.85950937675,2025-07-14 15:30:00+00:00,2025-07-14 17:59:00+00:00,23012.0,23067.75,22988.75,23044.75,177867,4096138624.75,150,23029.221973440828,primary_2023_2025,180.25,143.125,1.2593886462882096,standard,1_0_to_1_3,79.0,0.43828016643550627,True,0.41455696202531644,0.41455696202531644,1,1,False,True,0.7088607594936709,False,False,2025,2025-07,2025-W29
MNQ,2025-07-15,2025-07-15 13:30:00+00:00,2025-07-15 15:29:00+00:00,23200.25,23222.75,23095.5,23169.25,475718,11015085880.916666,120,23154.654398018713,2025-07-15 15:30:00+00:00,2025-07-15 17:59:00+00:00,23169.25,23181.0,23082.5,23170.0,262583,6075440430.5,150,23137.21920497519,primary_2023_2025,127.25,143.125,0.8890829694323145,standard,0_7_to_1_0,98.5,0.7740667976424361,False,0.007614213197969543,0.007614213197969543,-1,1,True,True,0.8883248730964467,True,True,2025,2025-07,2025-W29
MNQ,2025-07-16,2025-07-16 13:30:00+00:00,2025-07-16 15:29:00+00:00,23074.5,23090.0,22898.25,22981.0,580743,13353396133.916666,120,22993.64113543627,2025-07-16 15:30:00+00:00,2025-07-16 17:59:00+00:00,22981.0,23068.0,22835.75,23028.0,358982,8246768173.916667,150,22972.650923769623,primary_2023_2025,191.75,143.125,1.3397379912663756,standard,1_3_to_1_5,232.25,1.211212516297262,False,0.2023681377825619,0.2023681377825619,-1,1,True,True,0.8277717976318623,True,True,2025,2025-07,2025-W29
MNQ,2025-07-17,2025-07-17 13:30:00+00:00,2025-07-17 15:29:00+00:00,23100.25,23244.25,23065.75,23229.0,388287,8991321102.083334,120,23156.379436044303,2025-07-17 15:30:00+00:00,2025-07-17 17:59:00+00:00,23228.75,23276.0,23216.75,23275.75,168564,3919546416.5,150,23252.571228138866,primary_2023_2025,178.5,143.125,1.2471615720524019,standard,1_0_to_1_3,59.25,0.3319327731092437,True,0.7932489451476793,0.7932489451476793,1,1,False,True,0.9957805907172996,False,False,2025,2025-07,2025-W29
MNQ,2025-07-18,2025-07-18 13:30:00+00:00,2025-07-18 15:29:00+00:00,23300.5,23310.0,23180.5,23216.5,394144,9158688249.833334,120,23236.908971932426,2025-07-18 15:30:00+00:00,2025-07-18 17:59:00+00:00,23216.5,23253.0,23170.0,23198.5,269002,6243479973.75,150,23209.790164199523,primary_2023_2025,129.5,147.125,0.8802039082412915,standard,0_7_to_1_0,83.0,0.640926640926641,False,0.21686746987951808,-0.21686746987951808,-1,-1,False,True,0.3433734939759036,True,True,2025,2025-07,2025-W29
MNQ,2025-07-21,2025-07-21 13:30:00+00:00,2025-07-21 15:29:00+00:00,23256.25,23425.0,23255.0,23396.5,336218,7858040483.166667,120,23371.861361279487,2025-07-21 15:30:00+00:00,2025-07-21 17:59:00+00:00,23396.5,23423.5,23358.75,23411.75,192068,4493081396.5,150,23393.180522002625,primary_2023_2025,170.0,143.125,1.1877729257641922,standard,1_0_to_1_3,64.75,0.38088235294117645,True,0.23552123552123552,0.23552123552123552,1,1,False,False,0.8185328185328186,True,True,2025,2025-07,2025-W30
MNQ,2025-07-22,2025-07-22 13:30:00+00:00,2025-07-22 15:29:00+00:00,23346.0,23349.75,23105.0,23207.75,527837,12248281571.75,120,23204.666538628404,2025-07-22 15:30:00+00:00,2025-07-22 17:59:00+00:00,23207.75,23250.5,23159.25,23217.75,238870,5543654407.416667,150,23207.830231576452,primary_2023_2025,244.75,143.125,1.7100436681222708,exhaustion,1_5_to_2_0,91.25,0.372829417773238,True,0.1095890410958904,0.1095890410958904,-1,1,True,False,0.6410958904109589,True,True,2025,2025-07,2025-W30
MNQ,2025-07-23,2025-07-23 13:30:00+00:00,2025-07-23 15:29:00+00:00,23261.5,23264.25,23142.5,23208.25,416158,9650257748.166666,120,23188.92763846103,2025-07-23 15:30:00+00:00,2025-07-23 17:59:00+00:00,23208.0,23294.0,23193.5,23263.0,312502,7261980053.0,150,23238.18744520035,primary_2023_2025,121.75,147.125,0.8275276125743416,standard,0_7_to_1_0,100.5,0.8254620123203286,False,0.5472636815920398,0.5472636815920398,-1,1,True,True,0.6915422885572139,False,False,2025,2025-07,2025-W30
MNQ,2025-07-24,2025-07-24 13:30:00+00:00,2025-07-24 15:29:00+00:00,23374.0,23400.75,23298.5,23380.75,387980,9061742493.333334,120,23356.21035448563,2025-07-24 15:30:00+00:00,2025-07-24 17:59:00+00:00,23381.0,23421.75,23340.0,23384.0,219007,5120057952.333333,150,23378.512797916657,primary_2023_2025,102.25,147.125,0.6949872557349193,standard,le_0_7,81.75,0.7995110024449877,False,0.03669724770642202,0.03669724770642202,1,1,False,True,0.5382262996941896,True,True,2025,2025-07,2025-W30
MNQ,2025-07-25,2025-07-25 13:30:00+00:00,2025-07-25 15:29:00+00:00,23360.5,23423.25,23330.25,23419.5,327402,7657857949.75,120,23389.771442294183,2025-07-25 15:30:00+00:00,2025-07-25 17:59:00+00:00,23419.5,23477.0,23402.0,23439.0,199970,4687535030.583333,150,23441.191331616406,primary_2023_2025,93.0,147.125,0.6321155480033984,standard,le_0_7,75.0,0.8064516129032258,False,0.26,0.26,1,1,False,True,0.49333333333333335,False,False,2025,2025-07,2025-W30
MNQ,2025-07-28,2025-07-28 13:30:00+00:00,2025-07-28 15:29:00+00:00,23473.0,23527.75,23437.0,23480.5,357146,8391057545.75,120,23494.754374261505,2025-07-28 15:30:00+00:00,2025-07-28 17:59:00+00:00,23480.5,23507.75,23454.75,23461.25,176402,4142379792.0,150,23482.612396684846,primary_2023_2025,90.75,147.125,0.616822429906542,standard,le_0_7,53.0,0.5840220385674931,False,0.3632075471698113,-0.3632075471698113,1,-1,True,False,0.12264150943396226,True,True,2025,2025-07,2025-W31
MNQ,2025-07-29,2025-07-29 13:30:00+00:00,2025-07-29 15:29:00+00:00,23595.5,23652.25,23458.0,23464.25,443438,10449360863.083334,120,23564.423579132446,2025-07-29 15:30:00+00:00,2025-07-29 17:59:00+00:00,23463.75,23524.25,23438.0,23491.75,296756,6969595185.583333,150,23485.94530719963,primary_2023_2025,194.25,147.125,1.320305862361937,standard,1_3_to_1_5,86.25,0.444015444015444,True,0.32463768115942027,0.32463768115942027,-1,1,True,True,0.6231884057971014,False,False,2025,2025-07,2025-W31
MNQ,2025-07-30,2025-07-30 13:30:00+00:00,2025-07-30 15:29:00+00:00,23487.25,23541.25,23450.25,23487.25,315994,7425074185.833333,120,23497.516363707327,2025-07-30 15:30:00+00:00,2025-07-30 17:59:00+00:00,23486.75,23551.25,23475.75,23540.25,148351,3489930269.0833335,150,23524.8179593217,primary_2023_2025,91.0,147.125,0.6185216652506372,standard,le_0_7,75.5,0.8296703296703297,False,0.7086092715231788,0.7086092715231788,0,1,False,True,0.8543046357615894,True,True,2025,2025-07,2025-W31
MNQ,2025-07-31,2025-07-31 13:30:00+00:00,2025-07-31 15:29:00+00:00,23747.75,23752.25,23483.75,23535.0,585050,13818574376.583334,120,23619.47590220209,2025-07-31 15:30:00+00:00,2025-07-31 17:59:00+00:00,23535.25,23617.0,23364.75,23389.25,389289,9153120859.916666,150,23512.40559049104,primary_2023_2025,268.5,137.0,1.9598540145985401,exhaustion,1_5_to_2_0,252.25,0.9394785847299814,False,0.578790882061447,-0.578790882061447,-1,-1,False,True,0.09712586719524281,False,False,2025,2025-07,2025-W31
MNQ,2025-08-01,2025-08-01 13:30:00+00:00,2025-08-01 15:29:00+00:00,23088.25,23095.5,22799.25,22903.25,645559,14808829242.583334,120,22939.54424395498,2025-08-01 15:30:00+00:00,2025-08-01 17:59:00+00:00,22902.75,23045.5,22827.0,22845.0,370480,8495610543.833333,150,22931.360785557474,primary_2023_2025,296.25,137.0,2.1624087591240877,exhaustion,gt_2_0,218.5,0.7375527426160338,False,0.2643020594965675,-0.2643020594965675,-1,-1,False,False,0.08237986270022883,True,True,2025,2025-08,2025-W31
MNQ,2025-08-04,2025-08-04 13:30:00+00:00,2025-08-04 15:29:00+00:00,23094.25,23263.75,23088.75,23210.75,416289,9660660782.75,120,23206.620359293665,2025-08-04 15:30:00+00:00,2025-08-04 17:59:00+00:00,23211.0,23286.5,23198.25,23268.0,199476,4638766182.583333,150,23254.758379871928,primary_2023_2025,175.0,157.25,1.1128775834658187,standard,1_0_to_1_3,88.25,0.5042857142857143,False,0.6458923512747875,0.6458923512747875,1,1,False,True,0.7903682719546742,True,True,2025,2025-08,2025-W32
MNQ,2025-08-05,2025-08-05 13:30:00+00:00,2025-08-05 15:29:00+00:00,23348.75,23397.25,23138.75,23170.5,601899,14003916012.916666,120,23266.2224275446,2025-08-05 15:30:00+00:00,2025-08-05 17:59:00+00:00,23171.0,23252.0,23113.5,23241.0,317882,7367430875.75,150,23176.621751939398,primary_2023_2025,258.5,172.5,1.4985507246376812,standard,1_3_to_1_5,138.5,0.5357833655705996,False,0.5054151624548736,0.5054151624548736,-1,1,True,True,0.9205776173285198,False,False,2025,2025-08,2025-W32
MNQ,2025-08-06,2025-08-06 13:30:00+00:00,2025-08-06 15:29:00+00:00,23168.75,23331.25,23148.75,23323.75,567318,13178296357.0,120,23229.11727990298,2025-08-06 15:30:00+00:00,2025-08-06 17:59:00+00:00,23323.75,23396.5,23298.25,23373.25,246763,5764521326.916667,150,23360.557810193048,primary_2023_2025,182.5,176.75,1.0325318246110324,standard,1_0_to_1_3,98.25,0.5383561643835616,False,0.5038167938931297,0.5038167938931297,1,1,False,True,0.7633587786259542,False,False,2025,2025-08,2025-W32
MNQ,2025-08-07,2025-08-07 13:30:00+00:00,2025-08-07 15:29:00+00:00,23601.0,23671.25,23496.75,23509.5,583252,13755855787.833334,120,23584.755453617534,2025-08-07 15:30:00+00:00,2025-08-07 17:59:00+00:00,23509.75,23531.5,23381.25,23419.75,407611,9561515461.5,150,23457.451986084772,primary_2023_2025,174.5,176.75,0.9872701555869873,standard,0_7_to_1_0,150.25,0.8610315186246418,False,0.5990016638935108,-0.5990016638935108,-1,-1,False,True,0.2562396006655574,False,False,2025,2025-08,2025-W32
MNQ,2025-08-08,2025-08-08 13:30:00+00:00,2025-08-08 15:29:00+00:00,23541.75,23702.75,23530.0,23666.0,401965,9502975388.583334,120,23641.300582347554,2025-08-08 15:30:00+00:00,2025-08-08 17:59:00+00:00,23666.5,23706.75,23612.0,23700.25,267749,6337661330.333333,150,23670.158731996507,primary_2023_2025,172.75,174.75,0.9885550786838341,standard,0_7_to_1_0,94.75,0.548480463096961,False,0.3562005277044855,0.3562005277044855,1,1,False,True,0.9313984168865436,True,True,2025,2025-08,2025-W32
MNQ,2025-08-11,2025-08-11 13:30:00+00:00,2025-08-11 15:29:00+00:00,23715.75,23767.5,23681.0,23734.75,320884,7615225989.083333,120,23732.021506473782,2025-08-11 15:30:00+00:00,2025-08-11 17:59:00+00:00,23734.25,23804.5,23688.25,23697.75,250743,5954309657.0,150,23746.663543947387,primary_2023_2025,86.5,174.75,0.4949928469241774,standard,le_0_7,116.25,1.3439306358381502,False,0.3139784946236559,-0.3139784946236559,1,-1,True,True,0.08172043010752689,True,True,2025,2025-08,2025-W33
MNQ,2025-08-12,2025-08-12 13:30:00+00:00,2025-08-12 15:29:00+00:00,23733.0,23861.0,23622.0,23833.25,520027,12345762368.416666,120,23740.618022557803,2025-08-12 15:30:00+00:00,2025-08-12 17:59:00+00:00,23833.5,23917.0,23821.25,23914.0,174149,4158060341.5,150,23876.45258657816,primary_2023_2025,239.0,173.625,1.3765298776097912,standard,1_3_to_1_5,95.75,0.4006276150627615,True,0.8407310704960835,0.8407310704960835,1,1,False,True,0.9686684073107049,False,False,2025,2025-08,2025-W33
MNQ,2025-08-13,2025-08-13 13:30:00+00:00,2025-08-13 15:29:00+00:00,24044.5,24069.0,23892.25,23925.0,462263,11086942655.25,120,23984.058112481423,2025-08-13 15:30:00+00:00,2025-08-13 17:59:00+00:00,23925.5,23958.25,23886.0,23938.75,237000,5669599082.583333,150,23922.35899824191,primary_2023_2025,176.75,174.75,1.011444921316166,standard,1_0_to_1_3,72.25,0.4087694483734088,True,0.18339100346020762,0.18339100346020762,-1,1,True,True,0.7301038062283737,False,False,2025,2025-08,2025-W33
MNQ,2025-08-14,2025-08-14 13:30:00+00:00,2025-08-14 15:29:00+00:00,23858.25,24005.5,23841.25,23888.5,416767,9973380697.666666,120,23930.351245820006,2025-08-14 15:30:00+00:00,2025-08-14 17:59:00+00:00,23888.0,23979.75,23864.5,23962.5,290876,6957511513.75,150,23919.16663372021,primary_2023_2025,164.25,174.75,0.9399141630901288,standard,0_7_to_1_0,115.25,0.7016742770167428,False,0.6464208242950108,0.6464208242950108,1,1,False,False,0.8503253796095445,True,True,2025,2025-08,2025-W33
MNQ,2025-08-15,2025-08-15 13:30:00+00:00,2025-08-15 15:29:00+00:00,23909.25,23910.75,23766.0,23802.5,441676,10526132180.75,120,23832.248482484898,2025-08-15 15:30:00+00:00,2025-08-15 17:59:00+00:00,23802.25,23843.5,23734.75,23839.75,273238,6501208530.0,150,23793.207862742373,primary_2023_2025,144.75,173.625,0.8336933045356372,standard,0_7_to_1_0,108.75,0.7512953367875648,False,0.3448275862068966,0.3448275862068966,-1,1,True,True,0.9655172413793104,True,True,2025,2025-08,2025-W33
MNQ,2025-08-18,2025-08-18 13:30:00+00:00,2025-08-18 15:29:00+00:00,23768.75,23824.5,23718.75,23744.0,401374,9542260954.5,120,23773.988734945462,2025-08-18 15:30:00+00:00,2025-08-18 17:59:00+00:00,23744.25,23799.75,23722.5,23760.0,212428,5046359378.666667,150,23755.622510529058,primary_2023_2025,105.75,173.625,0.6090712742980562,standard,le_0_7,77.25,0.7304964539007093,False,0.20388349514563106,0.20388349514563106,-1,1,True,False,0.4854368932038835,True,True,2025,2025-08,2025-W34
MNQ,2025-08-19,2025-08-19 13:30:00+00:00,2025-08-19 15:29:00+00:00,23762.5,23770.75,23514.0,23579.5,596512,14101844417.166666,120,23640.504159458094,2025-08-19 15:30:00+00:00,2025-08-19 17:59:00+00:00,23579.75,23590.0,23445.25,23506.75,328264,7718691533.5,150,23513.67050148661,primary_2023_2025,256.75,173.625,1.4787616990640748,standard,1_3_to_1_5,144.75,0.563777994157741,False,0.5043177892918825,-0.5043177892918825,-1,-1,False,True,0.42487046632124353,False,False,2025,2025-08,2025-W34
MNQ,2025-08-20,2025-08-20 13:30:00+00:00,2025-08-20 15:29:00+00:00,23425.75,23432.0,23035.25,23225.25,708254,16416102141.5,120,23178.269577722116,2025-08-20 15:30:00+00:00,2025-08-20 17:59:00+00:00,23224.5,23315.5,23152.5,23265.25,407617,9475636218.166666,150,23246.420581493574,primary_2023_2025,396.75,173.625,2.285097192224622,exhaustion,gt_2_0,163.0,0.41083805923125394,True,0.25,0.25,-1,1,True,False,0.691717791411043,True,True,2025,2025-08,2025-W34
MNQ,2025-08-21,2025-08-21 13:30:00+00:00,2025-08-21 15:29:00+00:00,23260.25,23348.25,23155.25,23256.25,625462,14547921806.75,120,23259.48148208844,2025-08-21 15:30:00+00:00,2025-08-21 17:59:00+00:00,23256.25,23295.75,23119.5,23215.25,395207,9167614147.166666,150,23196.99334062065,primary_2023_2025,193.0,174.75,1.1044349070100143,standard,1_0_to_1_3,176.25,0.9132124352331606,False,0.2326241134751773,-0.2326241134751773,-1,-1,False,True,0.5432624113475177,True,True,2025,2025-08,2025-W34
MNQ,2025-08-22,2025-08-22 13:30:00+00:00,2025-08-22 15:29:00+00:00,23264.75,23650.0,23206.25,23621.0,707982,16635279578.833334,120,23496.754972348637,2025-08-22 15:30:00+00:00,2025-08-22 17:59:00+00:00,23621.0,23645.75,23507.0,23605.5,306247,7219818921.666667,150,23575.149868134762,primary_2023_2025,443.75,175.875,2.5230987917555083,exhaustion,gt_2_0,138.75,0.3126760563380282,True,0.11171171171171171,-0.11171171171171171,1,-1,True,False,0.7099099099099099,False,False,2025,2025-08,2025-W34
MNQ,2025-08-25,2025-08-25 13:30:00+00:00,2025-08-25 15:29:00+00:00,23496.0,23603.75,23445.0,23598.75,465898,10961376031.25,120,23527.415939218456,2025-08-25 15:30:00+00:00,2025-08-25 17:59:00+00:00,23598.75,23616.75,23557.25,23578.0,209042,4931694723.75,150,23591.884519618066,primary_2023_2025,158.75,179.625,0.883785664578984,standard,0_7_to_1_0,59.5,0.37480314960629924,True,0.3487394957983193,-0.3487394957983193,1,-1,True,True,0.3487394957983193,False,False,2025,2025-08,2025-W35
MNQ,2025-08-26,2025-08-26 13:30:00+00:00,2025-08-26 15:29:00+00:00,23470.25,23551.5,23426.75,23508.25,473397,11127461924.916666,120,23505.56071313647,2025-08-26 15:30:00+00:00,2025-08-26 17:59:00+00:00,23508.25,23556.25,23479.0,23502.25,223692,5261806086.166667,150,23522.549247030143,primary_2023_2025,124.75,179.625,0.6945024356297843,standard,le_0_7,77.25,0.6192384769539078,False,0.07766990291262135,-0.07766990291262135,1,-1,True,True,0.30097087378640774,True,True,2025,2025-08,2025-W35
MNQ,2025-08-27,2025-08-27 13:30:00+00:00,2025-08-27 15:29:00+00:00,23541.5,23616.0,23488.5,23590.0,396095,9332190182.416666,120,23560.484687806376,2025-08-27 15:30:00+00:00,2025-08-27 17:59:00+00:00,23589.75,23631.75,23542.0,23621.25,250525,5910702759.5,150,23593.26518111965,primary_2023_2025,127.5,175.875,0.7249466950959488,standard,0_7_to_1_0,89.75,0.703921568627451,False,0.35097493036211697,0.35097493036211697,1,1,False,True,0.883008356545961,True,True,2025,2025-08,2025-W35
MNQ,2025-08-28,2025-08-28 13:30:00+00:00,2025-08-28 15:29:00+00:00,23640.5,23754.25,23572.5,23672.25,611873,14485005310.0,120,23673.221910429125,2025-08-28 15:30:00+00:00,2025-08-28 17:59:00+00:00,23672.5,23774.5,23670.5,23766.25,246117,5839908259.416667,150,23728.17911569159,primary_2023_2025,181.75,175.875,1.0334044065387349,standard,1_0_to_1_3,104.0,0.5722145804676754,False,0.9014423076923077,0.9014423076923077,1,1,False,True,0.9206730769230769,True,True,2025,2025-08,2025-W35
MNQ,2025-08-29,2025-08-29 13:30:00+00:00,2025-08-29 15:29:00+00:00,23652.0,23668.0,23413.5,23482.0,629055,14788157491.166666,120,23508.52865197267,2025-08-29 15:30:00+00:00,2025-08-29 17:59:00+00:00,23482.0,23491.5,23401.5,23459.75,288172,6757937876.25,150,23451.056578189415,primary_2023_2025,254.5,175.875,1.447050461975835,standard,1_3_to_1_5,90.0,0.35363457760314343,True,0.24722222222222223,-0.24722222222222223,-1,-1,False,True,0.6472222222222223,False,False,2025,2025-08,2025-W35
MNQ,2025-09-01,2025-09-01 13:30:00+00:00,2025-09-01 15:29:00+00:00,23476.0,23505.0,23443.25,23502.75,58200,1366623769.0,120,23481.508058419244,2025-09-01 15:30:00+00:00,2025-09-01 16:59:00+00:00,23503.0,23507.0,23481.75,23502.75,25140,590716629.9166666,90,23497.08154004243,primary_2023_2025,61.75,175.875,0.35110163468372424,standard,le_0_7,25.25,0.4089068825910931,True,0.009900990099009901,-0.009900990099009901,1,-1,True,True,0.8316831683168316,False,False,2025,2025-09,2025-W36
MNQ,2025-09-02,2025-09-02 13:30:00+00:00,2025-09-02 15:29:00+00:00,23100.25,23280.25,23025.0,23109.75,627630,14546415073.0,120,23176.736409986777,2025-09-02 15:30:00+00:00,2025-09-02 17:59:00+00:00,23109.75,23226.75,23026.5,23189.0,337441,7797323185.5,150,23107.219293150505,primary_2023_2025,255.25,175.625,1.4533807829181495,standard,1_3_to_1_5,200.25,0.7845249755142018,False,0.39575530586766544,0.39575530586766544,1,1,False,False,0.8114856429463171,True,True,2025,2025-09,2025-W36
MNQ,2025-09-03,2025-09-03 13:30:00+00:00,2025-09-03 15:29:00+00:00,23423.5,23526.0,23369.75,23424.75,542832,12724412325.75,120,23440.792594670173,2025-09-03 15:30:00+00:00,2025-09-03 17:59:00+00:00,23425.0,23464.0,23346.25,23365.25,378403,8860866672.666666,150,23416.48103388891,primary_2023_2025,156.25,175.625,0.8896797153024911,standard,0_7_to_1_0,117.75,0.7536,False,0.5074309978768577,-0.5074309978768577,1,-1,True,True,0.1613588110403397,True,True,2025,2025-09,2025-W36
MNQ,2025-09-04,2025-09-04 13:30:00+00:00,2025-09-04 15:29:00+00:00,23480.25,23556.0,23410.0,23546.0,542168,12734700553.916666,120,23488.476918439792,2025-09-04 15:30:00+00:00,2025-09-04 17:59:00+00:00,23545.75,23604.25,23512.75,23583.25,254029,5982794824.0,150,23551.621366064504,primary_2023_2025,146.0,173.625,0.8408927285817135,standard,0_7_to_1_0,91.5,0.6267123287671232,False,0.4098360655737705,0.4098360655737705,1,1,False,True,0.7704918032786885,False,False,2025,2025-09,2025-W36
MNQ,2025-09-05,2025-09-05 13:30:00+00:00,2025-09-05 15:29:00+00:00,23874.5,23902.5,23505.0,23633.0,850981,20168399377.5,120,23700.175888180816,2025-09-05 15:30:00+00:00,2025-09-05 17:59:00+00:00,23632.75,23669.0,23586.0,23614.0,395838,9353219024.916666,150,23628.906332683233,primary_2023_2025,397.5,168.5,2.3590504451038576,exhaustion,gt_2_0,83.0,0.2088050314465409,True,0.22590361445783133,-0.22590361445783133,-1,-1,False,False,0.3373493975903614,False,False,2025,2025-09,2025-W36
MNQ,2025-09-08,2025-09-08 13:30:00+00:00,2025-09-08 15:29:00+00:00,23784.25,23888.0,23771.25,23876.25,465033,11088592283.916666,120,23844.742811621254,2025-09-08 15:30:00+00:00,2025-09-08 17:59:00+00:00,23876.25,23884.75,23762.25,23782.5,296826,7070856857.666667,150,23821.554909834944,primary_2023_2025,116.75,170.5,0.6847507331378299,standard,le_0_7,122.5,1.0492505353319057,False,0.7653061224489796,-0.7653061224489796,1,-1,True,True,0.1653061224489796,True,True,2025,2025-09,2025-W37
MNQ,2025-09-09,2025-09-09 13:30:00+00:00,2025-09-09 15:29:00+00:00,23835.0,23857.75,23726.5,23784.25,485870,11562843366.0,120,23798.224558009344,2025-09-09 15:30:00+00:00,2025-09-09 17:59:00+00:00,23784.0,23855.25,23754.0,23839.5,240919,5736963139.916667,150,23812.829788919375,primary_2023_2025,131.25,170.5,0.7697947214076246,standard,0_7_to_1_0,101.25,0.7714285714285715,False,0.5481481481481482,0.5481481481481482,-1,1,True,False,0.8444444444444444,True,True,2025,2025-09,2025-W37
MNQ,2025-09-10,2025-09-10 13:30:00+00:00,2025-09-10 15:29:00+00:00,23998.5,24000.75,23894.25,23942.5,482820,11564787093.166666,120,23952.585007180038,2025-09-10 15:30:00+00:00,2025-09-10 17:59:00+00:00,23943.5,23969.25,23875.5,23898.0,281880,6742497345.166667,150,23919.74366810936,primary_2023_2025,106.5,161.5,0.6594427244582043,standard,le_0_7,93.75,0.8802816901408451,False,0.48533333333333334,-0.48533333333333334,-1,-1,False,True,0.24,True,True,2025,2025-09,2025-W37
MNQ,2025-09-11,2025-09-11 13:30:00+00:00,2025-09-11 15:29:00+00:00,23977.0,24048.75,23909.75,24038.0,477496,11450277529.25,120,23979.839682950224,2025-09-11 15:30:00+00:00,2025-09-11 17:59:00+00:00,24037.75,24045.75,23994.75,24032.5,221492,5320637395.5,150,24021.803927455618,primary_2023_2025,139.0,157.5,0.8825396825396825,standard,0_7_to_1_0,51.0,0.3669064748201439,True,0.10294117647058823,-0.10294117647058823,1,-1,True,False,0.7401960784313726,False,False,2025,2025-09,2025-W37
MNQ,2025-09-12,2025-09-12 13:30:00+00:00,2025-09-12 15:29:00+00:00,24040.5,24115.75,24002.0,24087.0,396790,9546264958.666666,120,24058.73373488915,2025-09-12 15:30:00+00:00,2025-09-12 17:59:00+00:00,24087.0,24129.0,24071.25,24124.0,195035,4700177251.833333,150,24099.147598294323,primary_2023_2025,113.75,151.125,0.7526881720430108,standard,0_7_to_1_0,57.75,0.5076923076923077,False,0.6406926406926406,0.6406926406926406,1,1,False,True,0.9134199134199135,False,False,2025,2025-09,2025-W37
MNQ,2025-09-15,2025-09-15 13:30:00+00:00,2025-09-15 15:29:00+00:00,24177.75,24278.75,24172.0,24253.75,179673,4355049558.666667,120,24238.7535059061,2025-09-15 15:30:00+00:00,2025-09-15 17:59:00+00:00,24253.5,24294.25,24248.75,24287.25,98939,2401406211.1666665,150,24271.58361380918,primary_2023_2025,106.75,151.125,0.706368899917287,standard,0_7_to_1_0,45.5,0.4262295081967213,True,0.7417582417582418,0.7417582417582418,1,1,False,True,0.8461538461538461,False,False,2025,2025-09,2025-W38
MNQ,2025-09-16,2025-09-16 13:30:00+00:00,2025-09-16 15:29:00+00:00,24588.25,24600.25,24511.0,24517.5,317553,7794313778.333333,120,24544.92251162273,2025-09-16 15:30:00+00:00,2025-09-16 17:59:00+00:00,24517.25,24546.0,24499.0,24534.25,151684,3719515525.6666665,150,24521.475736838867,primary_2023_2025,89.25,151.125,0.5905707196029777,standard,le_0_7,47.0,0.5266106442577031,False,0.3617021276595745,0.3617021276595745,-1,1,True,True,0.75,True,True,2025,2025-09,2025-W38
MNQ,2025-09-17,2025-09-17 13:30:00+00:00,2025-09-17 15:29:00+00:00,24521.0,24540.75,24403.5,24412.75,339980,8317431633.0,120,24464.47330137067,2025-09-17 15:30:00+00:00,2025-09-17 17:59:00+00:00,24412.75,24460.0,24374.75,24454.75,161287,3936796368.3333335,150,24408.64030165688,primary_2023_2025,137.25,142.5,0.9631578947368421,standard,0_7_to_1_0,85.25,0.6211293260473588,False,0.49266862170087977,0.49266862170087977,-1,1,True,True,0.9384164222873901,False,False,2025,2025-09,2025-W38
MNQ,2025-09-18,2025-09-18 13:30:00+00:00,2025-09-18 15:29:00+00:00,24679.25,24815.75,24598.75,24782.75,491377,12148559661.416666,120,24723.500817939515,2025-09-18 15:30:00+00:00,2025-09-18 17:59:00+00:00,24782.75,24806.0,24720.5,24734.75,232982,5768826294.583333,150,24760.82398890615,primary_2023_2025,217.0,138.125,1.5710407239819004,exhaustion,1_5_to_2_0,85.5,0.39400921658986177,True,0.5614035087719298,-0.5614035087719298,1,-1,True,False,0.16666666666666666,True,True,2025,2025-09,2025-W38
MNQ,2025-09-19,2025-09-19 13:30:00+00:00,2025-09-19 15:29:00+00:00,24768.0,24816.0,24718.75,24727.5,432358,10708327684.5,120,24767.27083689905,2025-09-19 15:30:00+00:00,2025-09-19 17:59:00+00:00,24727.5,24834.5,24708.0,24816.5,229521,5690557125.666667,150,24793.187227602994,primary_2023_2025,97.25,138.125,0.7040723981900453,standard,0_7_to_1_0,126.5,1.300771208226221,False,0.7035573122529645,0.7035573122529645,-1,1,True,True,0.857707509881423,True,True,2025,2025-09,2025-W38
MNQ,2025-09-22,2025-09-22 13:30:00+00:00,2025-09-22 15:29:00+00:00,24815.25,24938.0,24814.25,24920.25,362231,9012768904.166666,120,24881.27439166351,2025-09-22 15:30:00+00:00,2025-09-22 17:59:00+00:00,24920.25,25001.0,24897.5,24989.0,251465,6276339818.25,150,24959.09895313463,primary_2023_2025,123.75,134.25,0.9217877094972067,standard,0_7_to_1_0,103.5,0.8363636363636363,False,0.6642512077294686,0.6642512077294686,1,1,False,True,0.8840579710144928,False,False,2025,2025-09,2025-W39
MNQ,2025-09-23,2025-09-23 13:30:00+00:00,2025-09-23 15:29:00+00:00,25001.0,25009.75,24929.5,24958.75,392757,9801955002.25,120,24956.79262813903,2025-09-23 15:30:00+00:00,2025-09-23 17:59:00+00:00,24958.75,24963.0,24779.25,24835.0,394274,9812800583.416666,150,24888.277145885007,primary_2023_2025,80.25,129.375,0.6202898550724638,standard,le_0_7,183.75,2.289719626168224,False,0.673469387755102,-0.673469387755102,-1,-1,False,True,0.3034013605442177,True,True,2025,2025-09,2025-W39
MNQ,2025-09-24,2025-09-24 13:30:00+00:00,2025-09-24 15:29:00+00:00,24885.0,24899.25,24777.0,24794.0,423613,10513310871.666666,120,24818.19696672828,2025-09-24 15:30:00+00:00,2025-09-24 17:59:00+00:00,24794.0,24795.0,24628.0,24709.75,431826,10668612715.666666,150,24705.813720495444,primary_2023_2025,122.25,129.375,0.9449275362318841,standard,0_7_to_1_0,167.0,1.3660531697341514,False,0.5044910179640718,-0.5044910179640718,-1,-1,False,True,0.48952095808383234,False,False,2025,2025-09,2025-W39
MNQ,2025-09-25,2025-09-25 13:30:00+00:00,2025-09-25 15:29:00+00:00,24576.5,24656.75,24422.0,24598.75,649054,15938419263.75,120,24556.38400464368,2025-09-25 15:30:00+00:00,2025-09-25 17:59:00+00:00,24598.5,24697.0,24511.5,24517.25,419788,10338141006.416666,150,24627.05224164737,primary_2023_2025,234.75,127.5,1.8411764705882352,exhaustion,1_5_to_2_0,185.5,0.7902023429179978,False,0.4380053908355795,-0.4380053908355795,1,-1,True,True,0.03099730458221024,True,True,2025,2025-09,2025-W39
MNQ,2025-09-26,2025-09-26 13:30:00+00:00,2025-09-26 15:29:00+00:00,24654.25,24733.25,24520.0,24632.0,679561,16730413484.333334,120,24619.443264597783,2025-09-26 15:30:00+00:00,2025-09-26 17:59:00+00:00,24632.0,24716.75,24568.25,24692.0,313166,7718604976.25,150,24647.008220081363,primary_2023_2025,213.25,127.5,1.6725490196078432,exhaustion,1_5_to_2_0,148.5,0.6963657678780774,False,0.40404040404040403,0.40404040404040403,-1,1,True,False,0.8333333333333334,True,True,2025,2025-09,2025-W39
MNQ,2025-09-29,2025-09-29 13:30:00+00:00,2025-09-29 15:29:00+00:00,24851.25,24975.0,24848.25,24866.75,455361,11347616587.833334,120,24920.04494858658,2025-09-29 15:30:00+00:00,2025-09-29 17:59:00+00:00,24866.75,24874.0,24800.0,24845.25,314558,7814280641.166667,150,24842.09793159502,primary_2023_2025,126.75,127.5,0.9941176470588236,standard,0_7_to_1_0,74.0,0.5838264299802761,False,0.2905405405405405,-0.2905405405405405,1,-1,True,True,0.6114864864864865,False,False,2025,2025-09,2025-W40
MNQ,2025-09-30,2025-09-30 13:30:00+00:00,2025-09-30 15:29:00+00:00,24820.5,24864.0,24722.5,24779.5,563840,13978020111.666666,120,24790.756440952515,2025-09-30 15:30:00+00:00,2025-09-30 17:59:00+00:00,24779.75,24843.75,24731.25,24769.0,316075,7833874317.083333,150,24784.859027393286,primary_2023_2025,141.5,129.0,1.0968992248062015,standard,1_0_to_1_3,112.5,0.7950530035335689,False,0.09555555555555556,-0.09555555555555556,-1,-1,False,False,0.33555555555555555,True,True,2025,2025-09,2025-W40
MNQ,2025-10-01,2025-10-01 13:30:00+00:00,2025-10-01 15:29:00+00:00,24763.5,24920.75,24726.0,24890.75,480965,11946058102.666666,120,24837.686947421676,2025-10-01 15:30:00+00:00,2025-10-01 17:59:00+00:00,24891.0,24990.0,24891.0,24983.25,233397,5823218678.333333,150,24949.84373549503,primary_2023_2025,194.75,129.0,1.5096899224806202,exhaustion,1_5_to_2_0,99.0,0.5083440308087291,False,0.9318181818181818,0.9318181818181818,1,1,False,True,0.9318181818181818,False,False,2025,2025-10,2025-W40
MNQ,2025-10-02,2025-10-02 13:30:00+00:00,2025-10-02 15:29:00+00:00,25164.75,25169.0,24993.75,25041.75,576071,14435811094.916666,120,25059.08315974362,2025-10-02 15:30:00+00:00,2025-10-02 17:59:00+00:00,25041.75,25107.5,25000.5,25085.75,271402,6801535817.25,150,25060.743167883804,primary_2023_2025,175.25,129.0,1.3585271317829457,standard,1_3_to_1_5,107.0,0.6105563480741797,False,0.411214953271028,0.411214953271028,-1,1,True,False,0.7967289719626168,True,True,2025,2025-10,2025-W40
MNQ,2025-10-03,2025-10-03 13:30:00+00:00,2025-10-03 15:29:00+00:00,25133.5,25171.0,25051.0,25134.0,456607,11466114815.833334,120,25111.561618269832,2025-10-03 15:30:00+00:00,2025-10-03 17:59:00+00:00,25133.75,25156.0,24923.0,24973.75,407052,10199973470.5,150,25058.1583446341,primary_2023_2025,120.0,129.0,0.9302325581395349,standard,0_7_to_1_0,233.0,1.9416666666666667,False,0.6866952789699571,-0.6866952789699571,1,-1,True,True,0.21781115879828325,True,True,2025,2025-10,2025-W40
MNQ,2025-10-06,2025-10-06 13:30:00+00:00,2025-10-06 15:29:00+00:00,25214.25,25221.75,25110.25,25161.5,415969,10464229668.5,120,25156.27286768966,2025-10-06 15:30:00+00:00,2025-10-06 17:59:00+00:00,25162.0,25232.0,25158.25,25227.5,196843,4960676775.583333,150,25201.184576456024,primary_2023_2025,111.5,125.25,0.8902195608782435,standard,0_7_to_1_0,73.75,0.6614349775784754,False,0.888135593220339,0.888135593220339,-1,1,True,True,0.9389830508474576,False,False,2025,2025-10,2025-W41
MNQ,2025-10-07,2025-10-07 13:30:00+00:00,2025-10-07 15:29:00+00:00,25237.25,25265.5,25053.75,25075.0,562704,14170145773.5,120,25182.23750586454,2025-10-07 15:30:00+00:00,2025-10-07 17:59:00+00:00,25074.75,25092.0,24985.25,25015.75,446169,11170611805.333334,150,25036.727798958094,primary_2023_2025,211.75,125.25,1.69061876247505,exhaustion,1_5_to_2_0,106.75,0.5041322314049587,False,0.5526932084309133,-0.5526932084309133,-1,-1,False,True,0.2857142857142857,False,False,2025,2025-10,2025-W41
MNQ,2025-10-08,2025-10-08 13:30:00+00:00,2025-10-08 15:29:00+00:00,25080.25,25246.5,25073.25,25236.75,443199,11160587819.416666,120,25181.888540851098,2025-10-08 15:30:00+00:00,2025-10-08 17:59:00+00:00,25236.0,25284.25,25229.5,25273.25,205719,5195298475.75,150,25254.34440061443,primary_2023_2025,173.25,125.25,1.3832335329341316,standard,1_3_to_1_5,54.75,0.31601731601731603,True,0.680365296803653,0.680365296803653,1,1,False,True,0.7990867579908676,False,False,2025,2025-10,2025-W41
MNQ,2025-10-09,2025-10-09 13:30:00+00:00,2025-10-09 15:29:00+00:00,25329.0,25334.75,25193.5,25228.0,517472,13072862064.416666,120,25262.936090100848,2025-10-09 15:30:00+00:00,2025-10-09 17:59:00+00:00,25227.5,25274.75,25160.75,25215.75,375565,9472352358.166666,150,25221.6057358025,primary_2023_2025,141.25,132.0,1.0700757575757576,standard,1_0_to_1_3,114.0,0.8070796460176991,False,0.10307017543859649,-0.10307017543859649,-1,-1,False,True,0.4824561403508772,True,True,2025,2025-10,2025-W41
MNQ,2025-10-10,2025-10-10 13:30:00+00:00,2025-10-10 15:29:00+00:00,25313.25,25388.0,24802.75,24820.75,748784,18848397955.083332,120,25172.009491499994,2025-10-10 15:30:00+00:00,2025-10-10 17:59:00+00:00,24822.25,24908.75,24603.5,24679.25,839020,20761873475.166668,150,24745.385658466625,primary_2023_2025,585.25,132.0,4.433712121212121,exhaustion,gt_2_0,305.25,0.5215719777872704,False,0.46846846846846846,-0.46846846846846846,-1,-1,False,True,0.24815724815724816,False,False,2025,2025-10,2025-W41
MNQ,2025-10-13,2025-10-13 13:30:00+00:00,2025-10-13 15:29:00+00:00,24824.75,24913.75,24724.5,24878.0,682564,16944608853.833334,120,24824.937813645804,2025-10-13 15:30:00+00:00,2025-10-13 17:59:00+00:00,24878.25,24958.5,24852.0,24926.75,329985,8217670295.5,150,24903.163160446686,primary_2023_2025,189.25,139.25,1.3590664272890485,standard,1_3_to_1_5,106.5,0.5627476882430648,False,0.45539906103286387,0.45539906103286387,1,1,False,True,0.7018779342723005,False,False,2025,2025-10,2025-W42
MNQ,2025-10-14,2025-10-14 13:30:00+00:00,2025-10-14 15:29:00+00:00,24638.5,24768.75,24423.25,24704.0,691986,17031885420.083334,120,24613.049136952675,2025-10-14 15:30:00+00:00,2025-10-14 17:59:00+00:00,24704.0,24947.25,24702.0,24900.0,457295,11363887937.25,150,24850.234394100087,primary_2023_2025,345.5,141.375,2.4438549955791333,exhaustion,gt_2_0,245.25,0.7098408104196816,False,0.799184505606524,0.799184505606524,1,1,False,True,0.8073394495412844,False,False,2025,2025-10,2025-W42
MNQ,2025-10-15,2025-10-15 13:30:00+00:00,2025-10-15 15:29:00+00:00,25002.25,25117.75,24897.0,25053.0,578223,14473645194.666666,120,25031.251255426825,2025-10-15 15:30:00+00:00,2025-10-15 17:59:00+00:00,25053.25,25059.25,24663.5,24903.5,753382,18742431039.916668,150,24877.72609369041,primary_2023_2025,220.75,157.375,1.4027005559968229,standard,1_3_to_1_5,395.75,1.7927519818799547,False,0.37839545167403665,-0.37839545167403665,1,-1,True,True,0.6064434617814277,True,True,2025,2025-10,2025-W42
MNQ,2025-10-16,2025-10-16 13:30:00+00:00,2025-10-16 15:29:00+00:00,25045.25,25179.75,25013.5,25038.5,739551,18553207704.416668,120,25087.124085312127,2025-10-16 15:30:00+00:00,2025-10-16 17:59:00+00:00,25038.25,25072.75,24731.5,24865.0,828257,20628608772.083332,150,24906.04820977466,primary_2023_2025,166.25,174.25,0.9540889526542324,standard,0_7_to_1_0,341.25,2.0526315789473686,False,0.5076923076923077,-0.5076923076923077,-1,-1,False,True,0.3912087912087912,False,False,2025,2025-10,2025-W42
MNQ,2025-10-17,2025-10-17 13:30:00+00:00,2025-10-17 15:29:00+00:00,24735.5,24960.75,24672.25,24735.0,821748,20390076308.333332,120,24813.05255179609,2025-10-17 15:30:00+00:00,2025-10-17 17:59:00+00:00,24735.25,24980.0,24674.5,24935.5,521736,12974947524.833334,150,24868.798635389037,primary_2023_2025,288.5,169.75,1.6995581737849779,exhaustion,1_5_to_2_0,305.5,1.0589254766031195,False,0.6554828150572831,0.6554828150572831,-1,1,True,True,0.8543371522094927,True,True,2025,2025-10,2025-W42
MNQ,2025-10-20,2025-10-20 13:30:00+00:00,2025-10-20 15:29:00+00:00,25118.75,25333.0,25114.75,25321.0,438420,11069547728.416666,120,25248.728909303103,2025-10-20 15:30:00+00:00,2025-10-20 17:59:00+00:00,25321.5,25355.0,25290.0,25336.75,238727,6044921084.5,150,25321.480538439304,primary_2023_2025,218.25,174.25,1.2525107604017216,standard,1_0_to_1_3,65.0,0.29782359679266895,True,0.23461538461538461,0.23461538461538461,1,1,False,True,0.7192307692307692,False,False,2025,2025-10,2025-W43
MNQ,2025-10-21,2025-10-21 13:30:00+00:00,2025-10-21 15:29:00+00:00,25301.0,25304.5,25203.0,25275.75,539419,13623422716.583334,120,25255.733885130732,2025-10-21 15:30:00+00:00,2025-10-21 17:59:00+00:00,25275.75,25347.5,25250.0,25313.25,333560,8439089877.25,150,25300.065587150737,primary_2023_2025,101.5,182.25,0.5569272976680384,standard,le_0_7,97.5,0.9605911330049262,False,0.38461538461538464,0.38461538461538464,-1,1,True,True,0.6487179487179487,True,True,2025,2025-10,2025-W43
MNQ,2025-10-22,2025-10-22 13:30:00+00:00,2025-10-22 15:29:00+00:00,25265.25,25289.5,25023.0,25028.0,702180,17672314088.083332,120,25167.78331493824,2025-10-22 15:30:00+00:00,2025-10-22 17:59:00+00:00,25028.0,25131.25,24805.25,24873.5,665335,16620817140.666666,150,24981.125509204634,primary_2023_2025,266.5,182.25,1.4622770919067216,standard,1_3_to_1_5,326.0,1.2232645403377111,False,0.47392638036809814,-0.47392638036809814,-1,-1,False,True,0.2093558282208589,False,False,2025,2025-10,2025-W43
MNQ,2025-10-23,2025-10-23 13:30:00+00:00,2025-10-23 15:29:00+00:00,25016.25,25199.25,24998.75,25180.0,563794,14170881075.833334,120,25134.856128006566,2025-10-23 15:30:00+00:00,2025-10-23 17:59:00+00:00,25180.0,25283.5,25119.5,25279.25,365053,9203793050.666666,150,25212.21042058733,primary_2023_2025,200.5,192.0,1.0442708333333333,standard,1_0_to_1_3,164.0,0.8179551122194514,False,0.6051829268292683,0.6051829268292683,1,1,False,True,0.9740853658536586,True,True,2025,2025-10,2025-W43
MNQ,2025-10-24,2025-10-24 13:30:00+00:00,2025-10-24 15:29:00+00:00,25466.5,25550.5,25430.0,25535.0,498191,12703239502.666666,120,25498.73342285723,2025-10-24 15:30:00+00:00,2025-10-24 17:59:00+00:00,25534.75,25569.0,25504.75,25549.0,223900,5718153166.5,150,25538.870774899508,primary_2023_2025,120.5,192.0,0.6276041666666666,standard,le_0_7,64.25,0.533195020746888,False,0.22178988326848248,0.22178988326848248,1,1,False,True,0.688715953307393,False,False,2025,2025-10,2025-W43
MNQ,2025-10-27,2025-10-27 13:30:00+00:00,2025-10-27 15:29:00+00:00,25815.75,25901.75,25796.25,25898.5,355444,9189771777.583334,120,25854.3449251734,2025-10-27 15:30:00+00:00,2025-10-27 17:59:00+00:00,25897.75,25929.5,25888.25,25927.0,147072,3810138622.9166665,150,25906.621402555662,primary_2023_2025,105.5,182.25,0.578875171467764,standard,le_0_7,41.25,0.3909952606635071,True,0.7090909090909091,0.7090909090909091,1,1,False,True,0.9393939393939394,False,False,2025,2025-10,2025-W44
MNQ,2025-10-28,2025-10-28 13:30:00+00:00,2025-10-28 15:29:00+00:00,26051.5,26094.0,26008.5,26045.0,354416,9232998441.0,120,26051.30253995305,2025-10-28 15:30:00+00:00,2025-10-28 17:59:00+00:00,26044.75,26160.0,26006.0,26153.5,287513,7503721433.75,150,26098.720523072,primary_2023_2025,85.5,182.25,0.4691358024691358,standard,le_0_7,154.0,1.8011695906432748,False,0.7061688311688312,0.7061688311688312,-1,1,True,True,0.9577922077922078,True,True,2025,2025-10,2025-W44
MNQ,2025-10-29,2025-10-29 13:30:00+00:00,2025-10-29 15:29:00+00:00,26266.0,26326.5,26237.0,26253.75,397585,10448468423.0,120,26279.83556472201,2025-10-29 15:30:00+00:00,2025-10-29 17:59:00+00:00,26253.5,26268.75,26203.5,26245.75,236495,6205694808.333333,150,26240.279110904386,primary_2023_2025,89.5,182.25,0.49108367626886146,standard,le_0_7,65.25,0.729050279329609,False,0.11877394636015326,-0.11877394636015326,-1,-1,False,True,0.6475095785440613,False,False,2025,2025-10,2025-W44
MNQ,2025-10-30,2025-10-30 13:30:00+00:00,2025-10-30 15:29:00+00:00,26125.75,26179.5,25941.5,26057.25,660242,17202639581.25,120,26055.05190710376,2025-10-30 15:30:00+00:00,2025-10-30 17:59:00+00:00,26057.5,26097.0,25967.0,26068.0,354724,9236162665.833334,150,26037.60294153577,primary_2023_2025,238.0,174.25,1.3658536585365855,standard,1_3_to_1_5,130.0,0.5462184873949579,False,0.08076923076923077,0.08076923076923077,-1,1,True,False,0.7769230769230769,True,True,2025,2025-10,2025-W44
MNQ,2025-10-31,2025-10-31 13:30:00+00:00,2025-10-31 15:29:00+00:00,26199.25,26199.5,26057.0,26136.75,502881,13139301850.583334,120,26128.053854854992,2025-10-31 15:30:00+00:00,2025-10-31 17:59:00+00:00,26137.5,26157.75,25887.75,25948.0,582330,15140289068.75,150,25999.5004014047,primary_2023_2025,142.5,181.25,0.7862068965517242,standard,0_7_to_1_0,270.0,1.894736842105263,False,0.7018518518518518,-0.7018518518518518,-1,-1,False,True,0.22314814814814815,True,True,2025,2025-10,2025-W44
MNQ,2025-11-03,2025-11-03 14:30:00+00:00,2025-11-03 16:29:00+00:00,26235.75,26265.75,26012.75,26052.0,527877,13784194700.0,120,26112.512384513815,2025-11-03 16:30:00+00:00,2025-11-03 18:59:00+00:00,26052.75,26166.0,26043.25,26129.5,258894,6762099872.416667,150,26119.183420305868,primary_2023_2025,253.0,181.25,1.3958620689655172,standard,1_3_to_1_5,122.75,0.4851778656126482,True,0.6252545824847251,0.6252545824847251,-1,1,True,False,0.7026476578411406,True,True,2025,2025-11,2025-W45
MNQ,2025-11-04,2025-11-04 14:30:00+00:00,2025-11-04 16:29:00+00:00,25741.5,25893.75,25663.0,25771.25,561378,14484188290.166666,120,25801.13273082783,2025-11-04 16:30:00+00:00,2025-11-04 18:59:00+00:00,25771.75,25796.25,25603.0,25668.75,443899,11404161547.333334,150,25690.89262947953,primary_2023_2025,230.75,194.875,1.1840923669018601,standard,1_0_to_1_3,193.25,0.8374864572047671,False,0.5329883570504528,-0.5329883570504528,1,-1,True,True,0.34023285899094435,False,False,2025,2025-11,2025-W45
MNQ,2025-11-05,2025-11-05 14:30:00+00:00,2025-11-05 16:29:00+00:00,25542.25,25747.25,25487.75,25742.5,572068,14672283703.333334,120,25647.796596441916,2025-11-05 16:30:00+00:00,2025-11-05 18:59:00+00:00,25742.5,25872.75,25726.5,25864.75,220196,5680165274.75,150,25795.95121959527,primary_2023_2025,259.5,194.875,1.3316228351507378,standard,1_3_to_1_5,146.25,0.5635838150289018,False,0.8358974358974359,0.8358974358974359,1,1,False,True,0.9452991452991453,False,False,2025,2025-11,2025-W45
MNQ,2025-11-06,2025-11-06 14:30:00+00:00,2025-11-06 16:29:00+00:00,25673.75,25684.75,25276.75,25333.0,804962,20493131108.75,120,25458.50749321086,2025-11-06 16:30:00+00:00,2025-11-06 18:59:00+00:00,25332.75,25372.75,25197.25,25330.5,546766,13822538659.25,150,25280.538035009493,primary_2023_2025,408.0,209.375,1.9486567164179105,exhaustion,1_5_to_2_0,175.5,0.43014705882352944,True,0.01282051282051282,-0.01282051282051282,-1,-1,False,True,0.7592592592592593,False,False,2025,2025-11,2025-W45
MNQ,2025-11-07,2025-11-07 14:30:00+00:00,2025-11-07 16:29:00+00:00,25110.25,25111.5,24770.75,24795.5,785981,19597991505.25,120,24934.434172390935,2025-11-07 16:30:00+00:00,2025-11-07 18:59:00+00:00,24795.75,24953.5,24709.0,24922.75,545907,13553382977.25,150,24827.274567371365,primary_2023_2025,340.75,219.5,1.5523917995444192,exhaustion,1_5_to_2_0,244.5,0.7175348495964784,False,0.5194274028629857,0.5194274028629857,-1,1,True,True,0.8742331288343558,True,True,2025,2025-11,2025-W45
MNQ,2025-11-10,2025-11-10 14:30:00+00:00,2025-11-10 16:29:00+00:00,25539.0,25666.5,25471.5,25483.0,580454,14850879124.25,120,25584.937177192336,2025-11-10 16:30:00+00:00,2025-11-10 18:59:00+00:00,25483.25,25683.0,25452.25,25647.25,403470,10315892510.0,150,25567.92948670285,primary_2023_2025,195.0,219.5,0.8883826879271071,standard,0_7_to_1_0,230.75,1.1833333333333333,False,0.7107258938244854,0.7107258938244854,-1,1,True,True,0.8450704225352113,True,True,2025,2025-11,2025-W46
MNQ,2025-11-11,2025-11-11 14:30:00+00:00,2025-11-11 16:29:00+00:00,25605.25,25646.0,25486.0,25511.0,556511,14226665103.416666,120,25564.03216363498,2025-11-11 16:30:00+00:00,2025-11-11 18:59:00+00:00,25511.5,25695.75,25478.5,25690.75,364916,9337220628.083334,150,25587.31496586429,primary_2023_2025,160.0,219.5,0.7289293849658315,standard,0_7_to_1_0,217.25,1.3578125,False,0.8250863060989643,0.8250863060989643,-1,1,True,True,0.9769850402761795,True,True,2025,2025-11,2025-W46
MNQ,2025-11-12,2025-11-12 14:30:00+00:00,2025-11-12 16:29:00+00:00,25778.5,25780.5,25497.0,25582.25,645395,16522487600.0,120,25600.581969181665,2025-11-12 16:30:00+00:00,2025-11-12 18:59:00+00:00,25582.0,25637.25,25488.75,25613.0,448108,11459899362.75,150,25573.967353294294,primary_2023_2025,283.5,209.375,1.3540298507462687,standard,1_3_to_1_5,148.5,0.5238095238095238,False,0.20875420875420875,0.20875420875420875,-1,1,True,True,0.8367003367003367,True,True,2025,2025-11,2025-W46
MNQ,2025-11-13,2025-11-13 14:30:00+00:00,2025-11-13 16:29:00+00:00,25477.25,25501.5,25180.75,25224.75,831921,21072371153.166668,120,25329.774285258656,2025-11-13 16:30:00+00:00,2025-11-13 18:59:00+00:00,25224.75,25263.25,25012.5,25070.5,666071,16754904515.25,150,25154.83261581723,primary_2023_2025,320.75,209.375,1.5319402985074626,exhaustion,1_5_to_2_0,250.75,0.7817614964925955,False,0.6151545363908275,-0.6151545363908275,-1,-1,False,True,0.2313060817547358,False,False,2025,2025-11,2025-W46
MNQ,2025-11-14,2025-11-14 14:30:00+00:00,2025-11-14 16:29:00+00:00,24722.75,25268.0,24626.0,25241.0,885429,22104615250.833332,120,24964.864772707166,2025-11-14 16:30:00+00:00,2025-11-14 18:59:00+00:00,25241.25,25293.5,25088.0,25172.75,581044,14644268704.75,150,25203.373074586434,primary_2023_2025,642.0,224.5,2.859688195991091,exhaustion,gt_2_0,205.5,0.32009345794392524,True,0.3333333333333333,-0.3333333333333333,1,-1,True,True,0.4124087591240876,False,False,2025,2025-11,2025-W46
MNQ,2025-11-17,2025-11-17 14:30:00+00:00,2025-11-17 16:29:00+00:00,24997.75,25254.75,24943.5,25070.25,798845,20052625352.666668,120,25102.022736158666,2025-11-17 16:30:00+00:00,2025-11-17 18:59:00+00:00,25070.25,25201.0,24886.75,24895.75,575109,14414009964.5,150,25063.092325976468,primary_2023_2025,311.25,224.5,1.3864142538975501,standard,1_3_to_1_5,314.25,1.0096385542168675,False,0.5552903739061257,-0.5552903739061257,1,-1,True,True,0.028639618138424822,True,True,2025,2025-11,2025-W47
MNQ,2025-11-18,2025-11-18 14:30:00+00:00,2025-11-18 16:29:00+00:00,24718.25,24832.0,24380.0,24647.75,1043921,25642493805.166668,120,24563.634417898164,2025-11-18 16:30:00+00:00,2025-11-18 18:59:00+00:00,24648.0,24804.5,24491.5,24709.25,684642,16899462627.166666,150,24683.64872030443,primary_2023_2025,452.0,234.375,1.9285333333333334,exhaustion,1_5_to_2_0,313.0,0.6924778761061947,False,0.19568690095846644,0.19568690095846644,-1,1,True,False,0.6956869009584664,True,True,2025,2025-11,2025-W47
MNQ,2025-11-19,2025-11-19 14:30:00+00:00,2025-11-19 16:29:00+00:00,24610.75,24988.0,24572.75,24707.25,879649,21820717792.916668,120,24806.164496198675,2025-11-19 16:30:00+00:00,2025-11-19 18:59:00+00:00,24707.25,24724.5,24508.0,24689.75,741672,18274087134.333332,150,24639.04142846613,primary_2023_2025,415.25,245.5,1.6914460285132382,exhaustion,1_5_to_2_0,216.5,0.5213726670680313,False,0.08083140877598152,-0.08083140877598152,1,-1,True,True,0.8394919168591224,False,False,2025,2025-11,2025-W47
MNQ,2025-11-20,2025-11-20 14:30:00+00:00,2025-11-20 16:29:00+00:00,25211.25,25310.0,24883.75,24904.5,912922,22963472438.5,120,25153.8164689864,2025-11-20 16:30:00+00:00,2025-11-20 18:59:00+00:00,24905.0,24928.25,24236.25,24278.75,1116877,27395899430.75,150,24529.021038798364,primary_2023_2025,426.25,245.5,1.7362525458248472,exhaustion,1_5_to_2_0,692.0,1.6234604105571848,False,0.9049855491329479,-0.9049855491329479,-1,-1,False,True,0.06141618497109826,False,False,2025,2025-11,2025-W47
MNQ,2025-11-21,2025-11-21 14:30:00+00:00,2025-11-21 16:29:00+00:00,24202.75,24298.25,23927.25,24175.5,902728,21763277770.166668,120,24108.344673220137,2025-11-21 16:30:00+00:00,2025-11-21 18:59:00+00:00,24175.25,24558.0,24139.0,24477.25,650706,15831371236.833334,150,24329.530136241767,primary_2023_2025,371.0,256.25,1.4478048780487804,standard,1_3_to_1_5,419.0,1.1293800539083558,False,0.720763723150358,0.720763723150358,-1,1,True,True,0.8072792362768496,False,False,2025,2025-11,2025-W47
MNQ,2025-11-24,2025-11-24 14:30:00+00:00,2025-11-24 16:29:00+00:00,24522.25,24882.5,24513.5,24864.5,700494,17313781407.25,120,24716.530630169567,2025-11-24 16:30:00+00:00,2025-11-24 18:59:00+00:00,24863.75,24954.25,24828.75,24926.0,297340,7402248113.25,150,24894.895114179053,primary_2023_2025,369.0,271.5,1.3591160220994476,standard,1_3_to_1_5,125.5,0.34010840108401086,True,0.4960159362549801,0.4960159362549801,1,1,False,True,0.7749003984063745,False,False,2025,2025-11,2025-W48
MNQ,2025-11-25,2025-11-25 14:30:00+00:00,2025-11-25 16:29:00+00:00,24856.75,24883.0,24602.0,24854.25,922015,22839143317.0,120,24770.90211872909,2025-11-25 16:30:00+00:00,2025-11-25 18:59:00+00:00,24854.25,25061.25,24838.5,25023.75,397678,9929484473.75,150,24968.65422213449,primary_2023_2025,281.0,297.375,0.9449348465741908,standard,0_7_to_1_0,222.75,0.7927046263345195,False,0.7609427609427609,0.7609427609427609,-1,1,True,True,0.8316498316498316,False,False,2025,2025-11,2025-W48
MNQ,2025-11-26,2025-11-26 14:30:00+00:00,2025-11-26 16:29:00+00:00,25222.0,25338.5,25134.75,25323.0,633969,15992137329.083334,120,25225.42479061805,2025-11-26 16:30:00+00:00,2025-11-26 18:59:00+00:00,25323.5,25375.5,25281.25,25317.0,362997,9196142906.333334,150,25333.93638606747,primary_2023_2025,203.75,297.375,0.6851618327028163,standard,le_0_7,94.25,0.4625766871165644,True,0.06896551724137931,-0.06896551724137931,1,-1,True,True,0.3793103448275862,False,False,2025,2025-11,2025-W48
MNQ,2025-11-27,2025-11-27 14:30:00+00:00,2025-11-27 16:29:00+00:00,25301.5,25318.0,25285.75,25301.5,42799,1082772299.25,120,25299.009305123953,2025-11-27 16:30:00+00:00,2025-11-27 17:59:00+00:00,25301.75,25303.0,25290.75,25299.75,10133,256344312.58333334,90,25297.968280206587,primary_2023_2025,32.25,297.375,0.10844892812105927,standard,le_0_7,12.25,0.3798449612403101,True,0.16326530612244897,-0.16326530612244897,0,-1,False,False,0.7346938775510204,True,True,2025,2025-11,2025-W48
MNQ,2025-11-28,2025-11-28 14:30:00+00:00,2025-11-28 16:29:00+00:00,25359.5,25437.0,25329.5,25389.0,170337,4324627624.333333,120,25388.65674711503,2025-11-28 16:30:00+00:00,2025-11-28 18:14:00+00:00,25389.25,25500.25,25373.25,25484.75,135385,3443337043.9166665,105,25433.667274193347,primary_2023_2025,107.5,297.375,0.3614964270701976,standard,le_0_7,127.0,1.1813953488372093,False,0.7519685039370079,0.7519685039370079,1,1,False,True,0.8779527559055118,True,True,2025,2025-11,2025-W48
MNQ,2025-12-01,2025-12-01 14:30:00+00:00,2025-12-01 16:29:00+00:00,25254.75,25419.75,25209.0,25380.75,603167,15280160587.0,120,25333.21714715825,2025-12-01 16:30:00+00:00,2025-12-01 18:59:00+00:00,25380.75,25495.75,25378.25,25486.25,286492,7290968112.25,150,25449.115899396842,primary_2023_2025,210.75,297.375,0.7087011349306431,standard,0_7_to_1_0,117.5,0.5575326215895611,False,0.8978723404255319,0.8978723404255319,1,1,False,True,0.9191489361702128,False,False,2025,2025-12,2025-W49
MNQ,2025-12-02,2025-12-02 14:30:00+00:00,2025-12-02 16:29:00+00:00,25492.25,25670.0,25443.0,25459.75,714127,18267880276.666668,120,25580.71642252242,2025-12-02 16:30:00+00:00,2025-12-02 18:59:00+00:00,25459.5,25622.5,25413.75,25577.0,473556,12093187528.75,150,25536.974568477646,primary_2023_2025,227.0,297.375,0.7633459436738125,standard,0_7_to_1_0,208.75,0.9196035242290749,False,0.562874251497006,0.562874251497006,-1,1,True,True,0.7820359281437126,True,True,2025,2025-12,2025-W49
MNQ,2025-12-03,2025-12-03 14:30:00+00:00,2025-12-03 16:29:00+00:00,25495.0,25605.25,25430.0,25566.75,611146,15603489295.666666,120,25531.524865853113,2025-12-03 16:30:00+00:00,2025-12-03 18:59:00+00:00,25566.5,25654.25,25529.0,25629.25,312241,7994933438.416667,150,25605.00843392337,primary_2023_2025,175.25,297.375,0.58932324506095,standard,le_0_7,125.25,0.7146932952924394,False,0.500998003992016,0.500998003992016,1,1,False,True,0.8003992015968064,True,True,2025,2025-12,2025-W49
MNQ,2025-12-04,2025-12-04 14:30:00+00:00,2025-12-04 16:29:00+00:00,25711.75,25713.25,25505.25,25583.0,614283,15716142094.833334,120,25584.530411607248,2025-12-04 16:30:00+00:00,2025-12-04 18:59:00+00:00,25583.0,25654.25,25564.25,25604.25,313336,8024010779.416667,150,25608.32709748215,primary_2023_2025,208.0,297.375,0.6994535519125683,standard,le_0_7,90.0,0.4326923076923077,True,0.2361111111111111,0.2361111111111111,-1,1,True,False,0.4444444444444444,True,True,2025,2025-12,2025-W49
MNQ,2025-12-05,2025-12-05 14:30:00+00:00,2025-12-05 16:29:00+00:00,25679.75,25867.75,25660.5,25698.0,616367,15883970885.0,120,25770.31360374582,2025-12-05 16:30:00+00:00,2025-12-05 18:59:00+00:00,25698.25,25761.5,25651.0,25727.0,354143,9105236555.333334,150,25710.62128951676,primary_2023_2025,207.25,282.25,0.7342781222320638,standard,0_7_to_1_0,110.5,0.5331724969843185,False,0.26018099547511314,0.26018099547511314,1,1,False,True,0.6877828054298643,False,False,2025,2025-12,2025-W49
MNQ,2025-12-08,2025-12-08 14:30:00+00:00,2025-12-08 16:29:00+00:00,25791.5,25860.75,25622.25,25661.5,501349,12898129448.416666,120,25726.847861303537,2025-12-08 16:30:00+00:00,2025-12-08 18:59:00+00:00,25662.0,25696.5,25563.75,25592.25,357156,9157082251.333334,150,25638.886792699363,primary_2023_2025,238.5,254.0,0.9389763779527559,standard,0_7_to_1_0,132.75,0.5566037735849056,False,0.5254237288135594,-0.5254237288135594,-1,-1,False,True,0.21468926553672316,False,False,2025,2025-12,2025-W50
MNQ,2025-12-09,2025-12-09 14:30:00+00:00,2025-12-09 16:29:00+00:00,25618.75,25709.75,25560.0,25689.75,435954,11178406352.5,120,25641.25194974699,2025-12-09 16:30:00+00:00,2025-12-09 18:59:00+00:00,25690.0,25738.5,25667.0,25721.75,268208,6895080153.25,150,25707.958574129036,primary_2023_2025,149.75,259.75,0.5765158806544755,standard,le_0_7,71.5,0.4774624373956594,True,0.44405594405594406,0.44405594405594406,1,1,False,True,0.7657342657342657,False,False,2025,2025-12,2025-W50
MNQ,2025-12-10,2025-12-10 14:30:00+00:00,2025-12-10 16:29:00+00:00,25647.25,25673.0,25528.25,25647.25,514593,13179777934.0,120,25612.04278721242,2025-12-10 16:30:00+00:00,2025-12-10 18:59:00+00:00,25647.25,25682.0,25595.0,25614.0,229547,5884523757.25,150,25635.376446871447,primary_2023_2025,144.75,259.75,0.5572666025024061,standard,le_0_7,87.0,0.6010362694300518,False,0.382183908045977,-0.382183908045977,0,-1,False,True,0.21839080459770116,True,True,2025,2025-12,2025-W50
MNQ,2025-12-11,2025-12-11 14:30:00+00:00,2025-12-11 16:29:00+00:00,25643.0,25649.75,25390.25,25466.75,780386,19920563831.75,120,25526.552029059978,2025-12-11 16:30:00+00:00,2025-12-11 18:59:00+00:00,25467.25,25686.75,25464.0,25637.75,394014,10080739189.833334,150,25584.723359660657,primary_2023_2025,259.5,232.75,1.1149301825993556,standard,1_0_to_1_3,222.75,0.8583815028901735,False,0.7654320987654321,0.7654320987654321,-1,1,True,True,0.7800224466891134,True,True,2025,2025-12,2025-W50
MNQ,2025-12-12,2025-12-12 14:30:00+00:00,2025-12-12 16:29:00+00:00,25559.75,25620.5,25133.75,25224.25,923512,23429801227.083332,120,25370.326781983702,2025-12-12 16:30:00+00:00,2025-12-12 18:59:00+00:00,25224.5,25368.25,25117.75,25278.5,543786,13729252681.083334,150,25247.528772501195,primary_2023_2025,486.75,232.75,2.0912996777658432,exhaustion,gt_2_0,250.5,0.514637904468413,False,0.2155688622754491,0.2155688622754491,-1,1,True,True,0.6417165668662674,False,False,2025,2025-12,2025-W50
MNQ,2025-12-15,2025-12-15 14:30:00+00:00,2025-12-15 16:29:00+00:00,25408.0,25410.0,25034.5,25255.25,375462,9463102673.25,120,25203.889270418844,2025-12-15 16:30:00+00:00,2025-12-15 18:59:00+00:00,25255.0,25260.75,25079.0,25153.0,194656,4894461245.083333,150,25144.15813066812,primary_2023_2025,375.5,232.75,1.6133190118152525,exhaustion,1_5_to_2_0,181.75,0.4840213049267643,True,0.5612104539202201,-0.5612104539202201,-1,-1,False,False,0.40715268225584594,True,True,2025,2025-12,2025-W51
MNQ,2025-12-16,2025-12-16 14:30:00+00:00,2025-12-16 16:29:00+00:00,25231.75,25408.5,25176.0,25232.0,637660,16127591022.416666,120,25291.83424147142,2025-12-16 16:30:00+00:00,2025-12-16 18:59:00+00:00,25232.0,25355.5,25170.0,25316.25,371549,9388118298.166666,150,25267.51060604837,primary_2023_2025,232.5,232.75,0.9989258861439313,standard,0_7_to_1_0,185.5,0.7978494623655914,False,0.45417789757412397,0.45417789757412397,1,1,False,True,0.7884097035040432,True,True,2025,2025-12,2025-W51
MNQ,2025-12-17,2025-12-17 14:30:00+00:00,2025-12-17 16:29:00+00:00,25422.25,25449.25,25009.0,25068.5,720805,18177935900.833332,120,25218.937022958125,2025-12-17 16:30:00+00:00,2025-12-17 18:59:00+00:00,25068.0,25085.0,24932.5,24958.5,429907,10754903471.666666,150,25016.814035748816,primary_2023_2025,440.25,229.75,1.9162132752992382,exhaustion,1_5_to_2_0,152.5,0.34639409426462237,True,0.7180327868852459,-0.7180327868852459,-1,-1,False,True,0.17049180327868851,False,False,2025,2025-12,2025-W51
MNQ,2025-12-18,2025-12-18 14:30:00+00:00,2025-12-18 16:29:00+00:00,25279.0,25417.0,25160.75,25352.75,613402,15512042739.416666,120,25288.54281436426,2025-12-18 16:30:00+00:00,2025-12-18 18:59:00+00:00,25353.0,25410.75,25184.75,25338.5,477302,12080291509.75,150,25309.534654684037,primary_2023_2025,256.25,229.75,1.1153427638737758,standard,1_0_to_1_3,226.0,0.8819512195121951,False,0.06415929203539823,-0.06415929203539823,1,-1,True,False,0.6803097345132744,True,True,2025,2025-12,2025-W51
MNQ,2025-12-19,2025-12-19 14:30:00+00:00,2025-12-19 16:29:00+00:00,25361.75,25601.0,25356.25,25541.5,557844,14229993691.25,120,25508.91233256968,2025-12-19 16:30:00+00:00,2025-12-19 18:59:00+00:00,25541.75,25597.5,25494.5,25551.75,234722,5998324494.333333,150,25555.016122618814,primary_2023_2025,244.75,229.75,1.0652883569096845,standard,1_0_to_1_3,103.0,0.42083758937691523,True,0.0970873786407767,0.0970873786407767,1,1,False,False,0.5558252427184466,True,True,2025,2025-12,2025-W51
MNQ,2025-12-22,2025-12-22 14:30:00+00:00,2025-12-22 16:29:00+00:00,25780.5,25795.0,25629.5,25712.25,467411,12013911292.5,120,25703.099183587892,2025-12-22 16:30:00+00:00,2025-12-22 18:59:00+00:00,25712.0,25731.25,25672.25,25689.5,184476,4740911516.583333,150,25699.340383482584,primary_2023_2025,165.5,229.75,0.720348204570185,standard,0_7_to_1_0,59.0,0.3564954682779456,True,0.3813559322033898,-0.3813559322033898,-1,-1,False,False,0.2923728813559322,True,True,2025,2025-12,2025-W52
MNQ,2025-12-23,2025-12-23 14:30:00+00:00,2025-12-23 16:29:00+00:00,25644.25,25757.75,25627.25,25743.5,399158,10258227941.166666,120,25699.667653326916,2025-12-23 16:30:00+00:00,2025-12-23 18:59:00+00:00,25743.75,25780.5,25731.5,25773.75,134941,3476607433.1666665,150,25763.907434854245,primary_2023_2025,130.5,218.875,0.5962307252998287,standard,le_0_7,49.0,0.37547892720306514,True,0.6122448979591837,0.6122448979591837,1,1,False,True,0.8622448979591837,False,False,2025,2025-12,2025-W52
MNQ,2025-12-24,2025-12-24 14:30:00+00:00,2025-12-24 16:29:00+00:00,25795.75,25856.25,25781.75,25853.5,199264,5144545711.5,120,25817.737832724426,2025-12-24 16:30:00+00:00,2025-12-24 18:14:00+00:00,25853.5,25892.25,25850.25,25861.75,92511,2393674014.8333335,105,25874.479951933645,primary_2023_2025,74.5,209.375,0.35582089552238805,standard,le_0_7,42.0,0.5637583892617449,False,0.19642857142857142,0.19642857142857142,1,1,False,True,0.27380952380952384,False,False,2025,2025-12,2025-W52
MNQ,2025-12-26,2025-12-26 14:30:00+00:00,2025-12-26 16:29:00+00:00,25899.25,25935.0,25834.25,25881.25,293043,7585035610.0,120,25883.69491849319,2025-12-26 16:30:00+00:00,2025-12-26 18:59:00+00:00,25882.0,25893.5,25848.25,25891.75,123485,3194782734.5,150,25871.828436652224,primary_2023_2025,100.75,209.375,0.4811940298507463,standard,le_0_7,45.25,0.4491315136476427,True,0.2154696132596685,0.2154696132596685,-1,1,True,False,0.9613259668508287,True,True,2025,2025-12,2025-W52
MNQ,2025-12-29,2025-12-29 14:30:00+00:00,2025-12-29 16:29:00+00:00,25707.0,25818.75,25661.5,25704.25,444426,11433978459.666666,120,25727.51922629789,2025-12-29 16:30:00+00:00,2025-12-29 18:59:00+00:00,25704.25,25729.25,25647.75,25694.0,200562,5152736544.083333,150,25691.4896345436,primary_2023_2025,157.25,209.375,0.751044776119403,standard,0_7_to_1_0,81.5,0.5182829888712241,False,0.12576687116564417,-0.12576687116564417,-1,-1,False,True,0.5674846625766872,True,True,2025,2025-12,2026-W01
MNQ,2025-12-30,2025-12-30 14:30:00+00:00,2025-12-30 16:29:00+00:00,25692.5,25794.0,25673.5,25774.0,367641,9457367616.5,120,25724.46385604435,2025-12-30 16:30:00+00:00,2025-12-30 18:59:00+00:00,25774.0,25777.0,25699.5,25733.25,174577,4491790472.833333,150,25729.56616755548,primary_2023_2025,120.5,209.375,0.5755223880597015,standard,le_0_7,77.5,0.6431535269709544,False,0.5258064516129032,-0.5258064516129032,1,-1,True,False,0.43548387096774194,True,True,2025,2025-12,2026-W01
MNQ,2025-12-31,2025-12-31 14:30:00+00:00,2025-12-31 16:29:00+00:00,25679.0,25692.25,25542.5,25596.0,327467,8383940675.25,120,25602.398639404888,2025-12-31 16:30:00+00:00,2025-12-31 18:59:00+00:00,25596.5,25629.75,25567.75,25614.75,167023,4274489131.0,150,25592.218622584915,primary_2023_2025,149.75,207.625,0.7212522576760987,standard,0_7_to_1_0,62.0,0.41402337228714525,True,0.29435483870967744,0.29435483870967744,-1,1,True,False,0.7580645161290323,True,True,2025,2025-12,2026-W01
NQ,2023-01-03,2023-01-03 14:30:00+00:00,2023-01-03 16:29:00+00:00,11119.0,11182.0,10890.75,10914.25,217911,2399268630.5833335,120,11010.314442975956,2023-01-03 16:30:00+00:00,2023-01-03 18:59:00+00:00,10913.75,10919.75,10844.75,10914.75,129533,1409497039.5833333,150,10881.374163983952,primary_2023_2025,291.25,,,unclassified,,75.0,0.2575107296137339,True,0.013333333333333334,0.013333333333333334,-1,1,True,True,0.9333333333333333,False,False,2023,2023-01,2023-W01
NQ,2023-01-04,2023-01-04 14:30:00+00:00,2023-01-04 16:29:00+00:00,11033.5,11046.5,10863.5,10992.25,260409,2852938145.5833335,120,10955.605012051556,2023-01-04 16:30:00+00:00,2023-01-04 18:59:00+00:00,10992.5,11068.5,10976.25,11013.0,142779,1575591021.8333333,150,11035.173392679128,primary_2023_2025,183.0,,,unclassified,,92.25,0.5040983606557377,False,0.2222222222222222,0.2222222222222222,-1,1,True,True,0.3983739837398374,False,False,2023,2023-01,2023-W01
NQ,2023-01-05,2023-01-05 14:30:00+00:00,2023-01-05 16:29:00+00:00,10922.5,10927.25,10814.75,10848.25,243001,2639678891.0833335,120,10862.831391983298,2023-01-05 16:30:00+00:00,2023-01-05 18:59:00+00:00,10848.0,10913.5,10820.75,10873.0,166370,1807792037.1666667,150,10866.093870088758,primary_2023_2025,112.5,,,unclassified,,92.75,0.8244444444444444,False,0.2695417789757412,0.2695417789757412,-1,1,True,False,0.5633423180592992,True,True,2023,2023-01,2023-W01
NQ,2023-01-06,2023-01-06 14:30:00+00:00,2023-01-06 16:29:00+00:00,10891.0,11022.25,10766.25,10986.25,285644,3114348428.25,120,10902.901612671718,2023-01-06 16:30:00+00:00,2023-01-06 18:59:00+00:00,10986.5,11076.25,10970.75,11072.5,125871,1387944268.0833333,150,11026.719959985487,primary_2023_2025,256.0,,,unclassified,,105.5,0.412109375,True,0.8151658767772512,0.8151658767772512,1,1,False,True,0.9644549763033176,False,False,2023,2023-01,2023-W01
NQ,2023-01-09,2023-01-09 14:30:00+00:00,2023-01-09 16:29:00+00:00,11199.75,11385.5,11194.75,11373.5,225475,2547765854.75,120,11299.549195032709,2023-01-09 16:30:00+00:00,2023-01-09 18:59:00+00:00,11373.75,11381.5,11264.0,11282.5,137665,1560837629.5833333,150,11337.940867928182,primary_2023_2025,190.75,,,unclassified,,117.5,0.6159895150720839,False,0.776595744680851,-0.776595744680851,1,-1,True,False,0.1574468085106383,True,True,2023,2023-01,2023-W02
NQ,2023-01-10,2023-01-10 14:30:00+00:00,2023-01-10 16:29:00+00:00,11142.75,11283.25,11120.75,11194.75,242531,2715966871.25,120,11198.431834487137,2023-01-10 16:30:00+00:00,2023-01-10 18:59:00+00:00,11194.25,11248.75,11157.0,11245.25,99945,1119998793.5,150,11206.151318225024,primary_2023_2025,162.5,,,unclassified,,91.75,0.5646153846153846,False,0.555858310626703,0.555858310626703,1,1,False,False,0.9618528610354223,True,True,2023,2023-01,2023-W02
NQ,2023-01-11,2023-01-11 14:30:00+00:00,2023-01-11 16:29:00+00:00,11323.75,11388.75,11291.0,11369.25,171684,1947704743.1666667,120,11344.707387797738,2023-01-11 16:30:00+00:00,2023-01-11 18:59:00+00:00,11369.25,11442.0,11357.5,11409.5,115465,1316410677.6666667,150,11400.949878029418,primary_2023_2025,97.75,,,unclassified,,84.5,0.8644501278772379,False,0.47633136094674555,0.47633136094674555,1,1,False,True,0.6153846153846154,False,False,2023,2023-01,2023-W02
NQ,2023-01-12,2023-01-12 14:30:00+00:00,2023-01-12 16:29:00+00:00,11490.0,11518.75,11311.25,11451.0,240145,2744463196.3333335,120,11428.35868468356,2023-01-12 16:30:00+00:00,2023-01-12 18:59:00+00:00,11451.25,11571.5,11416.75,11565.0,171139,1970229299.0,150,11512.450692127451,primary_2023_2025,207.5,,,unclassified,,154.75,0.7457831325301205,False,0.7350565428109854,0.7350565428109854,-1,1,True,True,0.9579967689822294,True,True,2023,2023-01,2023-W02
NQ,2023-01-13,2023-01-13 14:30:00+00:00,2023-01-13 16:29:00+00:00,11424.0,11538.25,11408.75,11485.25,168706,1936311371.5,120,11477.430390738919,2023-01-13 16:30:00+00:00,2023-01-13 18:59:00+00:00,11485.75,11568.25,11454.0,11561.0,93495,1076056929.8333333,150,11509.245733283418,primary_2023_2025,129.5,,,unclassified,,114.25,0.8822393822393823,False,0.6586433260393874,0.6586433260393874,1,1,False,True,0.936542669584245,True,True,2023,2023-01,2023-W02
NQ,2023-01-16,2023-01-16 14:30:00+00:00,2023-01-16 16:29:00+00:00,11591.25,11611.25,11582.0,11586.5,15040,174412364.66666666,120,11596.566799645389,2023-01-16 16:30:00+00:00,2023-01-16 17:59:00+00:00,11586.5,11586.5,11560.5,11564.0,7873,91110497.58333333,90,11572.526048943646,primary_2023_2025,29.25,,,unclassified,,26.0,0.8888888888888888,False,0.8653846153846154,-0.8653846153846154,-1,-1,False,True,0.1346153846153846,False,False,2023,2023-01,2023-W03
NQ,2023-01-17,2023-01-17 14:30:00+00:00,2023-01-17 16:29:00+00:00,11598.75,11685.0,11549.5,11582.75,200265,2326202033.3333335,120,11615.619470867769,2023-01-17 16:30:00+00:00,2023-01-17 18:59:00+00:00,11582.75,11649.75,11579.75,11645.0,88635,1029881618.25,150,11619.355990861397,primary_2023_2025,135.5,,,unclassified,,70.0,0.5166051660516605,False,0.8892857142857142,0.8892857142857142,-1,1,True,False,0.9321428571428572,True,True,2023,2023-01,2023-W03
NQ,2023-01-18,2023-01-18 14:30:00+00:00,2023-01-18 16:29:00+00:00,11695.0,11759.5,11542.0,11564.25,231357,2699147624.3333335,120,11666.591563399134,2023-01-18 16:30:00+00:00,2023-01-18 18:59:00+00:00,11564.0,11564.0,11482.75,11524.75,137241,1581674321.3333333,150,11524.79449532817,primary_2023_2025,217.5,,,unclassified,,81.25,0.3735632183908046,True,0.48307692307692307,-0.48307692307692307,-1,-1,False,True,0.5169230769230769,False,False,2023,2023-01,2023-W03
NQ,2023-01-19,2023-01-19 14:30:00+00:00,2023-01-19 16:29:00+00:00,11407.25,11446.5,11321.0,11331.75,202539,2305156336.6666665,120,11381.296128975982,2023-01-19 16:30:00+00:00,2023-01-19 18:59:00+00:00,11332.0,11426.0,11308.5,11396.5,125659,1427255559.1666667,150,11358.164231504841,primary_2023_2025,125.5,,,unclassified,,117.5,0.9362549800796812,False,0.548936170212766,0.548936170212766,-1,1,True,True,0.7489361702127659,True,True,2023,2023-01,2023-W03
NQ,2023-01-20,2023-01-20 14:30:00+00:00,2023-01-20 16:29:00+00:00,11428.25,11538.25,11383.5,11536.0,185309,2123822849.5833333,120,11460.980576136795,2023-01-20 16:30:00+00:00,2023-01-20 18:59:00+00:00,11536.75,11604.5,11506.25,11599.75,132873,1533753012.25,150,11542.999798679943,primary_2023_2025,154.75,,,unclassified,,98.25,0.6348949919224556,False,0.6412213740458015,0.6412213740458015,1,1,False,True,0.9516539440203562,False,False,2023,2023-01,2023-W03
NQ,2023-01-23,2023-01-23 14:30:00+00:00,2023-01-23 16:29:00+00:00,11704.0,11957.0,11671.75,11911.0,223755,2647058644.25,120,11830.165333735558,2023-01-23 16:30:00+00:00,2023-01-23 18:59:00+00:00,11911.5,11983.0,11905.0,11958.25,120460,1438566526.5,150,11942.27566412087,primary_2023_2025,285.25,,,unclassified,,78.0,0.27344434706397897,True,0.5993589743589743,0.5993589743589743,1,1,False,True,0.6826923076923077,False,False,2023,2023-01,2023-W04
NQ,2023-01-24,2023-01-24 14:30:00+00:00,2023-01-24 16:29:00+00:00,11860.0,11951.5,11838.25,11937.0,200538,2385402928.1666665,120,11895.01704498233,2023-01-24 16:30:00+00:00,2023-01-24 18:59:00+00:00,11937.0,11939.0,11872.25,11922.25,94138,1121409432.8333333,150,11912.399167534186,primary_2023_2025,113.25,,,unclassified,,66.75,0.5894039735099338,False,0.2209737827715356,-0.2209737827715356,1,-1,True,False,0.7490636704119851,True,True,2023,2023-01,2023-W04
NQ,2023-01-25,2023-01-25 14:30:00+00:00,2023-01-25 16:29:00+00:00,11712.5,11744.0,11604.5,11724.5,226015,2636762941.0833335,120,11666.318346496177,2023-01-25 16:30:00+00:00,2023-01-25 18:59:00+00:00,11724.25,11836.25,11719.75,11817.75,128410,1511265697.75,150,11769.06547581964,primary_2023_2025,139.5,,,unclassified,,116.5,0.8351254480286738,False,0.8025751072961373,0.8025751072961373,1,1,False,True,0.8412017167381974,False,False,2023,2023-01,2023-W04
NQ,2023-01-26,2023-01-26 14:30:00+00:00,2023-01-26 16:29:00+00:00,12017.75,12075.0,11904.25,11946.0,233068,2795170663.5,120,11992.94053023152,2023-01-26 16:30:00+00:00,2023-01-26 18:59:00+00:00,11945.75,12046.75,11934.75,12027.5,116510,1397338622.4166667,150,11993.293471948045,primary_2023_2025,170.75,,,unclassified,,112.0,0.6559297218155198,False,0.7299107142857143,0.7299107142857143,-1,1,True,False,0.828125,True,True,2023,2023-01,2023-W04
NQ,2023-01-27,2023-01-27 14:30:00+00:00,2023-01-27 16:29:00+00:00,12047.25,12193.25,12041.75,12158.0,201187,2440842222.4166665,120,12132.206466703448,2023-01-27 16:30:00+00:00,2023-01-27 18:59:00+00:00,12158.25,12265.0,12153.0,12255.75,136076,1662211808.4166667,150,12215.319442198968,primary_2023_2025,151.5,,,unclassified,,112.0,0.7392739273927392,False,0.8705357142857143,0.8705357142857143,1,1,False,True,0.9174107142857143,False,False,2023,2023-01,2023-W04
NQ,2023-01-30,2023-01-30 14:30:00+00:00,2023-01-30 16:29:00+00:00,12082.25,12143.25,11982.5,12055.0,219414,2646735797.5,120,12062.748035676848,2023-01-30 16:30:00+00:00,2023-01-30 18:59:00+00:00,12055.25,12071.25,11997.5,12021.25,116691,1404390208.4166667,150,12035.12017564908,primary_2023_2025,160.75,,,unclassified,,73.75,0.45878693623639194,True,0.4610169491525424,-0.4610169491525424,-1,-1,False,False,0.3220338983050847,True,True,2023,2023-01,2023-W05
NQ,2023-01-31,2023-01-31 14:30:00+00:00,2023-01-31 16:29:00+00:00,11974.25,12092.25,11969.0,12083.75,180386,2170964904.25,120,12035.107515272804,2023-01-31 16:30:00+00:00,2023-01-31 18:59:00+00:00,12083.75,12101.25,12041.75,12095.25,97347,1175768533.4166667,150,12078.117799384334,primary_2023_2025,123.25,157.75,0.7812995245641838,standard,0_7_to_1_0,59.5,0.4827586206896552,True,0.19327731092436976,0.19327731092436976,1,1,False,True,0.8991596638655462,False,False,2023,2023-01,2023-W05
NQ,2023-02-01,2023-02-01 14:30:00+00:00,2023-02-01 16:29:00+00:00,12143.75,12158.0,12076.75,12130.0,140815,1707431817.25,120,12125.354665696126,2023-02-01 16:30:00+00:00,2023-02-01 18:59:00+00:00,12130.5,12161.5,12097.5,12139.25,66817,810245422.4166666,150,12126.33644756075,primary_2023_2025,81.25,153.125,0.5306122448979592,standard,le_0_7,64.0,0.7876923076923077,False,0.13671875,0.13671875,-1,1,True,True,0.65234375,True,True,2023,2023-02,2023-W05
NQ,2023-02-02,2023-02-02 14:30:00+00:00,2023-02-02 16:29:00+00:00,12681.25,12832.25,12647.25,12809.5,238505,3038296099.5833335,120,12738.919937038358,2023-02-02 16:30:00+00:00,2023-02-02 18:59:00+00:00,12809.5,12927.75,12771.25,12927.0,127412,1635520944.9166667,150,12836.474938912086,primary_2023_2025,185.0,145.5,1.2714776632302405,standard,1_0_to_1_3,156.5,0.845945945945946,False,0.7507987220447284,0.7507987220447284,1,1,False,True,0.9952076677316294,False,False,2023,2023-02,2023-W05
NQ,2023-02-03,2023-02-03 14:30:00+00:00,2023-02-03 16:29:00+00:00,12574.25,12857.75,12558.5,12841.0,272763,3475212359.4166665,120,12740.776276168932,2023-02-03 16:30:00+00:00,2023-02-03 18:59:00+00:00,12841.5,12878.0,12617.25,12674.75,173652,2215058350.0,150,12755.731866030912,primary_2023_2025,299.25,153.125,1.9542857142857142,exhaustion,1_5_to_2_0,260.75,0.8713450292397661,False,0.6395014381591563,-0.6395014381591563,1,-1,True,True,0.22051773729626079,True,True,2023,2023-02,2023-W05
NQ,2023-02-06,2023-02-06 14:30:00+00:00,2023-02-06 16:29:00+00:00,12509.0,12598.0,12455.75,12591.5,186600,2339358116.0,120,12536.753033226152,2023-02-06 16:30:00+00:00,2023-02-06 18:59:00+00:00,12591.5,12608.5,12502.25,12529.5,94045,1179799078.9166667,150,12545.048422740887,primary_2023_2025,142.25,153.125,0.9289795918367347,standard,0_7_to_1_0,106.25,0.7469244288224957,False,0.5835294117647059,-0.5835294117647059,1,-1,True,True,0.2564705882352941,True,True,2023,2023-02,2023-W06
NQ,2023-02-07,2023-02-07 14:30:00+00:00,2023-02-07 16:29:00+00:00,12504.0,12568.0,12477.0,12558.5,149304,1868896590.25,120,12517.391297286074,2023-02-07 16:30:00+00:00,2023-02-07 18:59:00+00:00,12558.25,12778.5,12459.25,12514.0,278913,3516907411.5833335,150,12609.334852026737,primary_2023_2025,91.0,146.875,0.6195744680851064,standard,le_0_7,319.25,3.508241758241758,False,0.13860610806577917,-0.13860610806577917,1,-1,True,True,0.17149569303054032,True,True,2023,2023-02,2023-W06
NQ,2023-02-08,2023-02-08 14:30:00+00:00,2023-02-08 16:29:00+00:00,12713.75,12752.0,12519.25,12535.25,211512,2676880384.3333335,120,12655.926776416154,2023-02-08 16:30:00+00:00,2023-02-08 18:59:00+00:00,12535.75,12623.0,12517.25,12568.0,127303,1599902512.6666667,150,12567.673288663007,primary_2023_2025,232.75,140.875,1.6521739130434783,exhaustion,1_5_to_2_0,105.75,0.45435016111707843,True,0.3049645390070922,0.3049645390070922,-1,1,True,True,0.4799054373522459,False,False,2023,2023-02,2023-W06
NQ,2023-02-09,2023-02-09 14:30:00+00:00,2023-02-09 16:29:00+00:00,12722.5,12728.5,12565.5,12580.0,189731,2400470180.0833335,120,12651.966099811489,2023-02-09 16:30:00+00:00,2023-02-09 18:59:00+00:00,12580.75,12615.25,12490.75,12503.5,138415,1737162528.3333333,150,12550.392141988465,primary_2023_2025,163.0,146.875,1.1097872340425532,standard,1_0_to_1_3,124.5,0.7638036809815951,False,0.6204819277108434,-0.6204819277108434,-1,-1,False,True,0.10240963855421686,False,False,2023,2023-02,2023-W06
NQ,2023-02-10,2023-02-10 14:30:00+00:00,2023-02-10 16:29:00+00:00,12335.25,12422.0,12284.5,12329.0,201416,2488488666.9166665,120,12354.970145950007,2023-02-10 16:30:00+00:00,2023-02-10 18:59:00+00:00,12329.5,12369.0,12243.25,12305.5,135559,1667621253.9166667,150,12301.811417291856,primary_2023_2025,137.5,146.875,0.9361702127659575,standard,0_7_to_1_0,125.75,0.9145454545454546,False,0.1908548707753479,-0.1908548707753479,-1,-1,False,True,0.49502982107355864,True,True,2023,2023-02,2023-W06
NQ,2023-02-13,2023-02-13 14:30:00+00:00,2023-02-13 16:29:00+00:00,12402.25,12535.5,12352.0,12523.5,156320,1946140570.0,120,12449.722172466734,2023-02-13 16:30:00+00:00,2023-02-13 18:59:00+00:00,12523.75,12567.0,12501.0,12559.75,93693,1174645995.75,150,12537.179893375172,primary_2023_2025,183.5,146.875,1.2493617021276595,standard,1_0_to_1_3,66.0,0.35967302452316074,True,0.5454545454545454,0.5454545454545454,1,1,False,True,0.8901515151515151,False,False,2023,2023-02,2023-W07
NQ,2023-02-14,2023-02-14 14:30:00+00:00,2023-02-14 16:29:00+00:00,12474.0,12673.5,12390.5,12469.75,269758,3379795364.1666665,120,12528.99029562299,2023-02-14 16:30:00+00:00,2023-02-14 18:59:00+00:00,12470.0,12622.75,12417.5,12583.25,150303,1881127456.5833333,150,12515.568262664972,primary_2023_2025,283.0,153.125,1.8481632653061224,exhaustion,1_5_to_2_0,205.25,0.7252650176678446,False,0.5517661388550548,0.5517661388550548,-1,1,True,False,0.807551766138855,True,True,2023,2023-02,2023-W07
NQ,2023-02-15,2023-02-15 14:30:00+00:00,2023-02-15 16:29:00+00:00,12553.5,12635.0,12524.25,12632.5,187194,2355545824.3333335,120,12583.447249021516,2023-02-15 16:30:00+00:00,2023-02-15 18:59:00+00:00,12632.5,12683.25,12606.5,12682.25,123405,1560292187.0833333,150,12643.670735248435,primary_2023_2025,110.75,157.75,0.7020602218700476,standard,0_7_to_1_0,76.75,0.6930022573363431,False,0.6482084690553745,0.6482084690553745,1,1,False,True,0.9869706840390879,False,False,2023,2023-02,2023-W07
NQ,2023-02-16,2023-02-16 14:30:00+00:00,2023-02-16 16:29:00+00:00,12524.0,12673.25,12496.5,12642.5,214456,2700761924.6666665,120,12593.547975653124,2023-02-16 16:30:00+00:00,2023-02-16 18:59:00+00:00,12643.5,12694.25,12605.25,12663.0,129387,1637107240.5,150,12652.79541607735,primary_2023_2025,176.75,153.125,1.1542857142857144,standard,1_0_to_1_3,89.0,0.5035360678925035,False,0.21910112359550563,0.21910112359550563,1,1,False,True,0.648876404494382,False,False,2023,2023-02,2023-W07
NQ,2023-02-17,2023-02-17 14:30:00+00:00,2023-02-17 16:29:00+00:00,12390.0,12423.75,12287.75,12293.75,216530,2673460532.0833335,120,12346.836614248989,2023-02-17 16:30:00+00:00,2023-02-17 18:59:00+00:00,12294.0,12347.75,12265.75,12307.5,130423,1604510268.3333333,150,12302.356703444433,primary_2023_2025,136.0,157.75,0.8621236133122029,standard,0_7_to_1_0,82.0,0.6029411764705882,False,0.16463414634146342,0.16463414634146342,-1,1,True,True,0.5091463414634146,True,True,2023,2023-02,2023-W07
NQ,2023-02-20,2023-02-20 14:30:00+00:00,2023-02-20 16:29:00+00:00,12393.25,12395.75,12371.25,12381.25,12318,152519171.41666666,120,12381.812909292634,2023-02-20 16:30:00+00:00,2023-02-20 17:59:00+00:00,12381.25,12384.0,12366.0,12366.75,5082,62891792.833333336,90,12375.40197428834,primary_2023_2025,24.5,156.125,0.15692554043234588,standard,le_0_7,18.0,0.7346938775510204,False,0.8055555555555556,-0.8055555555555556,-1,-1,False,True,0.041666666666666664,True,True,2023,2023-02,2023-W08
NQ,2023-02-21,2023-02-21 14:30:00+00:00,2023-02-21 16:29:00+00:00,12229.0,12290.0,12155.5,12161.25,190909,2332280029.3333335,120,12216.710733036858,2023-02-21 16:30:00+00:00,2023-02-21 18:59:00+00:00,12161.25,12175.25,12132.5,12138.0,96373,1171317538.5833333,150,12154.001002182491,primary_2023_2025,134.5,146.875,0.9157446808510639,standard,0_7_to_1_0,42.75,0.31784386617100374,True,0.543859649122807,-0.543859649122807,-1,-1,False,True,0.1286549707602339,False,False,2023,2023-02,2023-W08
NQ,2023-02-22,2023-02-22 14:30:00+00:00,2023-02-22 16:29:00+00:00,12120.75,12174.5,12034.0,12089.75,199431,2412762319.8333335,120,12098.231066551005,2023-02-22 16:30:00+00:00,2023-02-22 18:59:00+00:00,12090.0,12169.25,12079.5,12150.0,101520,1230907274.25,150,12124.776145094562,primary_2023_2025,140.5,146.875,0.9565957446808511,standard,0_7_to_1_0,89.75,0.6387900355871886,False,0.6685236768802229,0.6685236768802229,-1,1,True,False,0.7855153203342619,True,True,2023,2023-02,2023-W08
NQ,2023-02-23,2023-02-23 14:30:00+00:00,2023-02-23 16:29:00+00:00,12252.5,12259.75,12072.0,12081.5,215458,2623518252.5,120,12176.471760157432,2023-02-23 16:30:00+00:00,2023-02-23 18:59:00+00:00,12081.5,12125.0,12028.5,12116.25,139487,1683240796.0,150,12067.36682271466,primary_2023_2025,187.75,146.875,1.2782978723404255,standard,1_0_to_1_3,96.5,0.5139813581890812,False,0.3601036269430052,0.3601036269430052,-1,1,True,True,0.9093264248704663,False,False,2023,2023-02,2023-W08
NQ,2023-02-24,2023-02-24 14:30:00+00:00,2023-02-24 16:29:00+00:00,11993.75,12043.0,11923.0,11973.5,206663,2473070234.5833335,120,11966.681189101742,2023-02-24 16:30:00+00:00,2023-02-24 18:59:00+00:00,11973.75,12018.25,11931.0,11965.75,137963,1650980777.6666667,150,11966.837323533606,primary_2023_2025,120.0,146.875,0.8170212765957446,standard,0_7_to_1_0,87.25,0.7270833333333333,False,0.09169054441260745,-0.09169054441260745,-1,-1,False,False,0.3982808022922636,True,True,2023,2023-02,2023-W08
NQ,2023-02-27,2023-02-27 14:30:00+00:00,2023-02-27 16:29:00+00:00,12131.0,12189.5,12076.5,12094.25,206204,2500335169.0833335,120,12125.541546639897,2023-02-27 16:30:00+00:00,2023-02-27 18:59:00+00:00,12094.5,12133.75,12065.5,12128.25,116648,1411718676.1666667,150,12102.382176862584,primary_2023_2025,113.0,141.375,0.7992926613616269,standard,0_7_to_1_0,68.25,0.6039823008849557,False,0.4945054945054945,0.4945054945054945,-1,1,True,True,0.9194139194139194,True,True,2023,2023-02,2023-W09
NQ,2023-02-28,2023-02-28 14:30:00+00:00,2023-02-28 16:29:00+00:00,12055.75,12124.0,12041.5,12097.0,206349,2493878779.0,120,12085.73232242463,2023-02-28 16:30:00+00:00,2023-02-28 18:59:00+00:00,12097.0,12171.75,12068.0,12162.25,152184,1844841259.6666667,150,12122.439018994552,primary_2023_2025,82.5,139.0,0.5935251798561151,standard,le_0_7,103.75,1.2575757575757576,False,0.6289156626506024,0.6289156626506024,1,1,False,True,0.908433734939759,True,True,2023,2023-02,2023-W09
NQ,2023-03-01,2023-03-01 14:30:00+00:00,2023-03-01 16:29:00+00:00,12052.0,12079.5,11924.75,11954.5,292151,3505101201.4166665,120,11997.567016428718,2023-03-01 16:30:00+00:00,2023-03-01 18:59:00+00:00,11954.5,12036.5,11948.0,11977.0,166778,2000463682.75,150,11994.769590413604,primary_2023_2025,154.75,139.0,1.1133093525179856,standard,1_0_to_1_3,88.5,0.5718901453957996,False,0.2542372881355932,0.2542372881355932,-1,1,True,False,0.327683615819209,True,True,2023,2023-03,2023-W09
NQ,2023-03-02,2023-03-02 14:30:00+00:00,2023-03-02 16:29:00+00:00,11857.5,11938.25,11846.25,11892.75,229658,2732924297.0,120,11899.974296562716,2023-03-02 16:30:00+00:00,2023-03-02 18:59:00+00:00,11893.0,12001.25,11883.25,11999.0,162760,1940896881.5833333,150,11924.900968194479,primary_2023_2025,92.0,141.375,0.6507515473032714,standard,le_0_7,118.0,1.2826086956521738,False,0.8983050847457628,0.8983050847457628,1,1,False,True,0.9809322033898306,True,True,2023,2023-03,2023-W09
NQ,2023-03-03,2023-03-03 14:30:00+00:00,2023-03-03 16:29:00+00:00,12134.75,12233.25,12111.5,12198.5,253797,3090979091.0833335,120,12178.942584362043,2023-03-03 16:30:00+00:00,2023-03-03 18:59:00+00:00,12198.5,12277.5,12182.25,12269.0,142381,1742404238.8333333,150,12237.617651465667,primary_2023_2025,121.75,139.0,0.8758992805755396,standard,0_7_to_1_0,95.25,0.7823408624229979,False,0.7401574803149606,0.7401574803149606,1,1,False,True,0.910761154855643,False,False,2023,2023-03,2023-W09
NQ,2023-03-06,2023-03-06 14:30:00+00:00,2023-03-06 16:29:00+00:00,12360.75,12486.25,12347.25,12450.25,202247,2510566549.0833335,120,12413.368549760113,2023-03-06 16:30:00+00:00,2023-03-06 18:59:00+00:00,12450.5,12468.5,12354.5,12362.0,137237,1703647028.8333333,150,12413.904623631624,primary_2023_2025,139.0,136.75,1.016453382084095,standard,1_0_to_1_3,114.0,0.8201438848920863,False,0.7763157894736842,-0.7763157894736842,1,-1,True,False,0.06578947368421052,True,True,2023,2023-03,2023-W10
NQ,2023-03-07,2023-03-07 14:30:00+00:00,2023-03-07 16:29:00+00:00,12324.25,12362.75,12180.25,12215.5,272301,3339628424.8333335,120,12264.473596620408,2023-03-07 16:30:00+00:00,2023-03-07 18:59:00+00:00,12216.0,12310.25,12169.25,12183.5,184557,2259342264.4166665,150,12241.975456995218,primary_2023_2025,182.5,136.75,1.3345521023765996,standard,1_3_to_1_5,141.0,0.7726027397260274,False,0.23049645390070922,-0.23049645390070922,-1,-1,False,True,0.10106382978723404,True,True,2023,2023-03,2023-W10
NQ,2023-03-08,2023-03-08 14:30:00+00:00,2023-03-08 16:29:00+00:00,12185.25,12233.25,12108.25,12200.25,214390,2611649239.5,120,12181.767990577919,2023-03-08 16:30:00+00:00,2023-03-08 18:59:00+00:00,12200.75,12254.5,12142.0,12155.5,163471,1993231072.3333333,150,12193.1784373579,primary_2023_2025,125.0,138.25,0.9041591320072333,standard,0_7_to_1_0,112.5,0.9,False,0.4022222222222222,-0.4022222222222222,1,-1,True,True,0.12,True,True,2023,2023-03,2023-W10
NQ,2023-03-09,2023-03-09 14:30:00+00:00,2023-03-09 16:29:00+00:00,12246.25,12353.5,12230.0,12283.25,223002,2744560383.25,120,12307.335285109551,2023-03-09 16:30:00+00:00,2023-03-09 18:59:00+00:00,12283.75,12313.0,12101.0,12115.0,193645,2365909708.5833335,150,12217.768125091448,primary_2023_2025,123.5,136.75,0.903107861060329,standard,0_7_to_1_0,212.0,1.7165991902834008,False,0.7959905660377359,-0.7959905660377359,1,-1,True,True,0.0660377358490566,True,True,2023,2023-03,2023-W10
NQ,2023-03-10,2023-03-10 14:30:00+00:00,2023-03-10 16:29:00+00:00,12018.0,12052.0,11865.0,12044.75,237865,2842688567.0,120,11950.848451852942,2023-03-10 16:30:00+00:00,2023-03-10 18:59:00+00:00,12044.75,12079.5,11795.0,11809.25,173909,2074176583.1666667,150,11926.792651137474,primary_2023_2025,187.0,135.25,1.3826247689463955,standard,1_3_to_1_5,284.5,1.5213903743315509,False,0.827768014059754,-0.827768014059754,1,-1,True,True,0.05008787346221441,True,True,2023,2023-03,2023-W10
NQ,2023-03-13,2023-03-13 13:30:00+00:00,2023-03-13 15:29:00+00:00,11886.5,12172.5,11822.0,12165.0,194361,2332955752.5833335,120,12003.20924765428,2023-03-13 15:30:00+00:00,2023-03-13 17:59:00+00:00,12165.5,12204.0,12056.25,12132.0,169950,2061738452.25,150,12131.441319505737,primary_2023_2025,350.5,135.25,2.5914972273567467,exhaustion,gt_2_0,147.75,0.4215406562054208,True,0.22673434856175972,-0.22673434856175972,1,-1,True,True,0.5126903553299492,False,False,2023,2023-03,2023-W11
NQ,2023-03-14,2023-03-14 13:30:00+00:00,2023-03-14 15:29:00+00:00,12208.5,12349.5,12200.75,12340.5,174996,2149355091.25,120,12282.309831367575,2023-03-14 15:30:00+00:00,2023-03-14 17:59:00+00:00,12340.5,12356.5,12227.75,12244.0,147604,1815712881.3333333,150,12301.244419753755,primary_2023_2025,148.75,135.25,1.099815157116451,standard,1_0_to_1_3,128.75,0.865546218487395,False,0.7495145631067961,-0.7495145631067961,1,-1,True,True,0.1262135922330097,True,True,2023,2023-03,2023-W11
NQ,2023-03-15,2023-03-15 13:30:00+00:00,2023-03-15 15:29:00+00:00,12210.5,12276.25,12152.25,12240.0,200655,2452458950.0833335,120,12222.266826559684,2023-03-15 15:30:00+00:00,2023-03-15 17:59:00+00:00,12240.5,12312.0,12183.5,12287.75,160476,1965523466.4166667,150,12248.083616345539,primary_2023_2025,124.0,135.25,0.9168207024029574,standard,0_7_to_1_0,128.5,1.0362903225806452,False,0.36770428015564205,0.36770428015564205,1,1,False,True,0.811284046692607,True,True,2023,2023-03,2023-W11
NQ,2023-03-16,2023-03-16 13:30:00+00:00,2023-03-16 15:29:00+00:00,12345.25,12599.25,12314.0,12596.25,222728,2773385057.5833335,120,12451.892252358632,2023-03-16 15:30:00+00:00,2023-03-16 17:59:00+00:00,12596.0,12688.5,12582.75,12662.5,183785,2322794969.5,150,12638.65369589466,primary_2023_2025,285.25,135.25,2.1090573012939,exhaustion,gt_2_0,105.75,0.37072743207712533,True,0.6288416075650118,0.6288416075650118,1,1,False,True,0.7541371158392435,False,False,2023,2023-03,2023-W11
NQ,2023-03-17,2023-03-17 13:30:00+00:00,2023-03-17 15:29:00+00:00,12712.5,12811.25,12582.0,12607.25,247164,3135956649.5,120,12687.756507824764,2023-03-17 15:30:00+00:00,2023-03-17 17:59:00+00:00,12607.5,12693.75,12569.5,12679.5,163800,2070433757.6666667,150,12640.010730565731,primary_2023_2025,229.25,135.25,1.6950092421441774,exhaustion,1_5_to_2_0,124.25,0.5419847328244275,False,0.579476861167002,0.579476861167002,-1,1,True,True,0.8853118712273642,True,True,2023,2023-03,2023-W11
NQ,2023-03-20,2023-03-20 13:30:00+00:00,2023-03-20 15:29:00+00:00,12623.0,12694.5,12529.5,12691.75,214533,2704063560.0,120,12604.41778187971,2023-03-20 15:30:00+00:00,2023-03-20 17:59:00+00:00,12692.25,12697.5,12565.25,12661.25,154444,1951115217.6666667,150,12633.156468795594,primary_2023_2025,165.0,136.75,1.206581352833638,standard,1_0_to_1_3,132.25,0.8015151515151515,False,0.23440453686200377,-0.23440453686200377,1,-1,True,True,0.725897920604915,True,True,2023,2023-03,2023-W12
NQ,2023-03-21,2023-03-21 13:30:00+00:00,2023-03-21 15:29:00+00:00,12775.25,12837.25,12713.25,12757.0,177914,2272623916.0,120,12773.721663275515,2023-03-21 15:30:00+00:00,2023-03-21 17:59:00+00:00,12757.0,12820.0,12712.5,12783.0,129439,1652752034.75,150,12768.578517680142,primary_2023_2025,124.0,139.75,0.8872987477638641,standard,0_7_to_1_0,107.5,0.8669354838709677,False,0.24186046511627907,0.24186046511627907,-1,1,True,True,0.6558139534883721,True,True,2023,2023-03,2023-W12
NQ,2023-03-22,2023-03-22 13:30:00+00:00,2023-03-22 15:29:00+00:00,12872.75,12939.0,12851.25,12919.0,133374,1719819605.0833333,120,12894.714150309155,2023-03-22 15:30:00+00:00,2023-03-22 17:59:00+00:00,12919.5,12945.25,12871.5,12922.5,97424,1257294345.9166667,150,12905.3862078817,primary_2023_2025,87.75,139.75,0.627906976744186,standard,le_0_7,73.75,0.8404558404558404,False,0.04067796610169491,0.04067796610169491,1,1,False,True,0.6915254237288135,True,True,2023,2023-03,2023-W12
NQ,2023-03-23,2023-03-23 13:30:00+00:00,2023-03-23 15:29:00+00:00,12855.0,13031.0,12847.25,12976.5,225099,2911599117.5833335,120,12934.749232930104,2023-03-23 15:30:00+00:00,2023-03-23 17:59:00+00:00,12976.5,13010.25,12887.25,12893.5,172116,2230060910.75,150,12956.732150119688,primary_2023_2025,183.75,132.0,1.3920454545454546,standard,1_3_to_1_5,123.0,0.6693877551020408,False,0.6747967479674797,-0.6747967479674797,1,-1,True,False,0.0508130081300813,True,True,2023,2023-03,2023-W12
NQ,2023-03-24,2023-03-24 13:30:00+00:00,2023-03-24 15:29:00+00:00,12826.75,12844.75,12728.0,12750.5,226074,2890965846.0,120,12787.69715225988,2023-03-24 15:30:00+00:00,2023-03-24 17:59:00+00:00,12750.75,12854.75,12735.75,12812.25,161712,2070017543.5,150,12800.642769244088,primary_2023_2025,116.75,132.0,0.884469696969697,standard,0_7_to_1_0,119.0,1.019271948608137,False,0.5168067226890757,0.5168067226890757,-1,1,True,True,0.6428571428571429,True,True,2023,2023-03,2023-W12
NQ,2023-03-27,2023-03-27 13:30:00+00:00,2023-03-27 15:29:00+00:00,12919.25,12965.25,12823.25,12848.5,178662,2304607144.0833335,120,12899.257503460913,2023-03-27 15:30:00+00:00,2023-03-27 17:59:00+00:00,12848.5,12855.5,12765.5,12806.5,136501,1747219560.5,150,12800.049527109692,primary_2023_2025,142.0,132.0,1.0757575757575757,standard,1_0_to_1_3,90.0,0.6338028169014085,False,0.4666666666666667,-0.4666666666666667,-1,-1,False,True,0.45555555555555555,False,False,2023,2023-03,2023-W13
NQ,2023-03-28,2023-03-28 13:30:00+00:00,2023-03-28 15:29:00+00:00,12776.25,12777.25,12650.0,12704.0,186909,2373309267.0833335,120,12697.672488127022,2023-03-28 15:30:00+00:00,2023-03-28 17:59:00+00:00,12704.25,12722.0,12634.25,12639.75,125566,1592381662.3333333,150,12681.630874068882,primary_2023_2025,127.25,140.5,0.905693950177936,standard,0_7_to_1_0,87.75,0.6895874263261297,False,0.7350427350427351,-0.7350427350427351,-1,-1,False,True,0.06267806267806268,True,True,2023,2023-03,2023-W13
NQ,2023-03-29,2023-03-29 13:30:00+00:00,2023-03-29 15:29:00+00:00,12887.25,12932.75,12854.5,12897.25,173983,2243511393.9166665,120,12895.003499863013,2023-03-29 15:30:00+00:00,2023-03-29 17:59:00+00:00,12897.75,12937.0,12889.75,12908.0,127092,1641219965.5833333,150,12913.637094257178,primary_2023_2025,78.25,140.5,0.5569395017793595,standard,le_0_7,47.25,0.6038338658146964,False,0.21693121693121692,0.21693121693121692,1,1,False,True,0.3862433862433862,True,True,2023,2023-03,2023-W13
NQ,2023-03-30,2023-03-30 13:30:00+00:00,2023-03-30 15:29:00+00:00,13064.75,13111.75,13028.25,13079.75,201408,2632729861.4166665,120,13071.625066614368,2023-03-30 15:30:00+00:00,2023-03-30 17:59:00+00:00,13080.0,13088.0,13011.25,13031.25,129258,1687478793.5833333,150,13055.120716577181,primary_2023_2025,83.5,133.125,0.6272300469483568,standard,le_0_7,76.75,0.9191616766467066,False,0.6351791530944625,-0.6351791530944625,1,-1,True,True,0.26058631921824105,True,True,2023,2023-03,2023-W13
NQ,2023-03-31,2023-03-31 13:30:00+00:00,2023-03-31 15:29:00+00:00,13092.0,13200.0,13080.25,13187.25,179958,2367112807.9166665,120,13153.695906359631,2023-03-31 15:30:00+00:00,2023-03-31 17:59:00+00:00,13187.0,13239.5,13183.5,13228.5,123684,1634800830.5,150,13217.561127550855,primary_2023_2025,119.75,133.125,0.8995305164319248,standard,0_7_to_1_0,56.0,0.46764091858037576,True,0.7410714285714286,0.7410714285714286,1,1,False,True,0.8035714285714286,False,False,2023,2023-03,2023-W13
NQ,2023-04-03,2023-04-03 13:30:00+00:00,2023-04-03 15:29:00+00:00,13210.0,13268.25,13154.0,13184.75,185121,2447644947.0,120,13221.86541235192,2023-04-03 15:30:00+00:00,2023-04-03 17:59:00+00:00,13184.25,13209.5,13158.25,13175.25,102404,1349758912.5,150,13180.724507831725,primary_2023_2025,114.25,133.125,0.8582159624413146,standard,0_7_to_1_0,51.25,0.4485776805251641,True,0.17560975609756097,-0.17560975609756097,-1,-1,False,False,0.33170731707317075,False,False,2023,2023-04,2023-W14
NQ,2023-04-04,2023-04-04 13:30:00+00:00,2023-04-04 15:29:00+00:00,13284.75,13326.75,13206.25,13237.5,216696,2875711773.75,120,13270.719227627644,2023-04-04 15:30:00+00:00,2023-04-04 17:59:00+00:00,13237.25,13251.25,13184.5,13229.25,127046,1680113852.0833333,150,13224.452970446398,primary_2023_2025,120.5,126.125,0.9554013875123885,standard,0_7_to_1_0,66.75,0.553941908713693,False,0.1198501872659176,-0.1198501872659176,-1,-1,False,True,0.6704119850187266,False,False,2023,2023-04,2023-W14
NQ,2023-04-05,2023-04-05 13:30:00+00:00,2023-04-05 15:29:00+00:00,13173.75,13182.0,13019.5,13038.0,222404,2913567592.75,120,13100.338090816713,2023-04-05 15:30:00+00:00,2023-04-05 17:59:00+00:00,13037.75,13064.5,13006.0,13057.5,138764,1808775760.4166667,150,13034.906462891433,primary_2023_2025,162.5,124.5,1.3052208835341366,standard,1_3_to_1_5,58.5,0.36,True,0.33760683760683763,0.33760683760683763,-1,1,True,True,0.8803418803418803,False,False,2023,2023-04,2023-W14
NQ,2023-04-06,2023-04-06 13:30:00+00:00,2023-04-06 15:29:00+00:00,13012.5,13080.75,12953.25,13072.75,210906,2744974906.75,120,13015.157969664211,2023-04-06 15:30:00+00:00,2023-04-06 17:59:00+00:00,13072.75,13173.5,13065.75,13171.0,146310,1921681139.5833333,150,13134.311664160572,primary_2023_2025,127.5,125.625,1.0149253731343284,standard,1_0_to_1_3,107.75,0.8450980392156863,False,0.9118329466357309,0.9118329466357309,1,1,False,True,0.9767981438515081,False,False,2023,2023-04,2023-W14
NQ,2023-04-10,2023-04-10 13:30:00+00:00,2023-04-10 15:29:00+00:00,13043.75,13073.0,12967.5,13064.75,187045,2434485724.3333335,120,13015.508162919798,2023-04-10 15:30:00+00:00,2023-04-10 17:59:00+00:00,13064.5,13138.0,13014.25,13124.5,151277,1979598762.8333333,150,13085.92028420271,primary_2023_2025,105.5,127.375,0.8282630029440629,standard,0_7_to_1_0,123.75,1.1729857819905214,False,0.48484848484848486,0.48484848484848486,1,1,False,True,0.8909090909090909,True,True,2023,2023-04,2023-W15
NQ,2023-04-11,2023-04-11 13:30:00+00:00,2023-04-11 15:29:00+00:00,13159.25,13160.5,13055.75,13075.25,198534,2600216434.0,120,13097.08379421157,2023-04-11 15:30:00+00:00,2023-04-11 17:59:00+00:00,13074.75,13124.25,13053.5,13121.75,126963,1661637359.8333333,150,13087.571653421337,primary_2023_2025,104.75,125.625,0.8338308457711443,standard,0_7_to_1_0,70.75,0.6754176610978521,False,0.6643109540636042,0.6643109540636042,-1,1,True,True,0.9646643109540636,True,True,2023,2023-04,2023-W15
NQ,2023-04-12,2023-04-12 13:30:00+00:00,2023-04-12 15:29:00+00:00,13157.0,13180.5,12975.75,13026.25,236072,3086113448.0,120,13072.763597546511,2023-04-12 15:30:00+00:00,2023-04-12 17:59:00+00:00,13026.0,13109.0,13010.25,13066.75,125480,1640259229.6666667,150,13071.877826479653,primary_2023_2025,204.75,124.0,1.6512096774193548,exhaustion,1_5_to_2_0,98.75,0.4822954822954823,True,0.41265822784810124,0.41265822784810124,-1,1,True,False,0.5721518987341773,True,True,2023,2023-04,2023-W15
NQ,2023-04-13,2023-04-13 13:30:00+00:00,2023-04-13 15:29:00+00:00,13027.75,13140.75,13019.75,13129.25,201467,2637842729.4166665,120,13093.175206940425,2023-04-13 15:30:00+00:00,2023-04-13 17:59:00+00:00,13129.5,13195.5,13110.25,13192.0,110168,1448942547.5,150,13152.118105983589,primary_2023_2025,121.0,124.0,0.9758064516129032,standard,0_7_to_1_0,85.25,0.7045454545454546,False,0.7331378299120235,0.7331378299120235,1,1,False,True,0.9589442815249267,False,False,2023,2023-04,2023-W15
NQ,2023-04-14,2023-04-14 13:30:00+00:00,2023-04-14 15:29:00+00:00,13139.25,13255.0,13115.25,13135.0,222579,2932286295.6666665,120,13174.137253140083,2023-04-14 15:30:00+00:00,2023-04-14 17:59:00+00:00,13135.5,13142.0,13058.0,13107.75,137773,1804668165.6666667,150,13098.852211004092,primary_2023_2025,139.75,122.5,1.1408163265306122,standard,1_0_to_1_3,84.0,0.6010733452593918,False,0.33035714285714285,-0.33035714285714285,-1,-1,False,True,0.5922619047619048,False,False,2023,2023-04,2023-W15
NQ,2023-04-17,2023-04-17 13:30:00+00:00,2023-04-17 15:29:00+00:00,13162.5,13206.0,13111.5,13119.5,201219,2646786056.5833335,120,13153.7581271318,2023-04-17 15:30:00+00:00,2023-04-17 17:59:00+00:00,13119.5,13128.75,13076.75,13096.5,124239,1627888687.4166667,150,13102.879831749022,primary_2023_2025,94.5,122.5,0.7714285714285715,standard,0_7_to_1_0,52.0,0.5502645502645502,False,0.4423076923076923,-0.4423076923076923,-1,-1,False,True,0.3798076923076923,False,False,2023,2023-04,2023-W16
NQ,2023-04-18,2023-04-18 13:30:00+00:00,2023-04-18 15:29:00+00:00,13280.0,13297.75,13156.75,13185.75,224598,2968778873.5,120,13218.18926927221,2023-04-18 15:30:00+00:00,2023-04-18 17:59:00+00:00,13186.0,13202.5,13151.5,13175.5,111040,1463586270.3333333,150,13180.712088736791,primary_2023_2025,141.0,120.75,1.1677018633540373,standard,1_0_to_1_3,51.0,0.3617021276595745,True,0.20588235294117646,-0.20588235294117646,-1,-1,False,True,0.47058823529411764,False,False,2023,2023-04,2023-W16
NQ,2023-04-19,2023-04-19 13:30:00+00:00,2023-04-19 15:29:00+00:00,13085.25,13163.75,13080.5,13147.5,194337,2550013316.0833335,120,13121.604820921048,2023-04-19 15:30:00+00:00,2023-04-19 17:59:00+00:00,13147.5,13211.75,13137.5,13207.75,118754,1565852427.0,150,13185.68155177931,primary_2023_2025,83.25,120.75,0.6894409937888198,standard,le_0_7,74.25,0.8918918918918919,False,0.8114478114478114,0.8114478114478114,1,1,False,True,0.9461279461279462,False,False,2023,2023-04,2023-W16
NQ,2023-04-20,2023-04-20 13:30:00+00:00,2023-04-20 15:29:00+00:00,13051.5,13158.0,13046.25,13123.0,207409,2720408531.1666665,120,13116.15470479423,2023-04-20 15:30:00+00:00,2023-04-20 17:59:00+00:00,13123.25,13200.0,13104.5,13170.5,143353,1886233881.4166667,150,13157.965870380576,primary_2023_2025,111.75,120.125,0.9302809573361083,standard,0_7_to_1_0,95.5,0.854586129753915,False,0.49476439790575916,0.49476439790575916,1,1,False,True,0.6910994764397905,True,True,2023,2023-04,2023-W16
NQ,2023-04-21,2023-04-21 13:30:00+00:00,2023-04-21 15:29:00+00:00,13057.75,13081.75,12982.5,13065.0,238897,3115201869.9166665,120,13039.937169226347,2023-04-21 15:30:00+00:00,2023-04-21 17:59:00+00:00,13065.25,13106.75,13049.0,13100.5,136558,1785920107.0833333,150,13078.106790399195,primary_2023_2025,99.25,120.125,0.826222684703434,standard,0_7_to_1_0,57.75,0.5818639798488665,False,0.6103896103896104,0.6103896103896104,1,1,False,True,0.8917748917748918,False,False,2023,2023-04,2023-W16
NQ,2023-04-24,2023-04-24 13:30:00+00:00,2023-04-24 15:29:00+00:00,13077.5,13134.0,12996.25,12998.25,219118,2862659522.1666665,120,13064.465366453995,2023-04-24 15:30:00+00:00,2023-04-24 17:59:00+00:00,12998.25,13050.25,12967.25,13045.25,130607,1698321130.5833333,150,13003.293319526007,primary_2023_2025,137.75,118.25,1.1649048625792813,standard,1_0_to_1_3,83.0,0.6025408348457351,False,0.5662650602409639,0.5662650602409639,-1,1,True,True,0.9397590361445783,False,False,2023,2023-04,2023-W17
NQ,2023-04-25,2023-04-25 13:30:00+00:00,2023-04-25 15:29:00+00:00,12988.25,13015.5,12930.0,12950.0,217830,2824547715.5833335,120,12966.752584966871,2023-04-25 15:30:00+00:00,2023-04-25 17:59:00+00:00,12950.0,12950.0,12854.25,12860.75,175717,2266921083.3333335,150,12900.97761362494,primary_2023_2025,85.5,120.125,0.7117585848074922,standard,0_7_to_1_0,95.75,1.1198830409356726,False,0.9321148825065274,-0.9321148825065274,-1,-1,False,True,0.06788511749347259,False,False,2023,2023-04,2023-W17
NQ,2023-04-26,2023-04-26 13:30:00+00:00,2023-04-26 15:29:00+00:00,12950.25,12996.5,12896.5,12976.5,246754,3192963875.5833335,120,12939.86673198138,2023-04-26 15:30:00+00:00,2023-04-26 17:59:00+00:00,12976.25,13012.25,12906.0,12921.25,160633,2082810899.8333333,150,12966.270317016635,primary_2023_2025,100.0,117.0,0.8547008547008547,standard,0_7_to_1_0,106.25,1.0625,False,0.5176470588235295,-0.5176470588235295,1,-1,True,True,0.14352941176470588,True,True,2023,2023-04,2023-W17
NQ,2023-04-27,2023-04-27 13:30:00+00:00,2023-04-27 15:29:00+00:00,13040.75,13146.5,13013.5,13136.0,268155,3504690304.1666665,120,13069.643691770307,2023-04-27 15:30:00+00:00,2023-04-27 17:59:00+00:00,13136.25,13218.25,13125.75,13201.5,137578,1811243704.25,150,13165.21321904665,primary_2023_2025,133.0,113.0,1.176991150442478,standard,1_0_to_1_3,92.5,0.6954887218045113,False,0.7054054054054054,0.7054054054054054,1,1,False,True,0.8189189189189189,False,False,2023,2023-04,2023-W17
NQ,2023-04-28,2023-04-28 13:30:00+00:00,2023-04-28 15:29:00+00:00,13220.25,13293.0,13172.25,13214.75,275741,3648286480.5833335,120,13230.845179292646,2023-04-28 15:30:00+00:00,2023-04-28 17:59:00+00:00,13215.0,13291.5,13214.0,13277.0,134621,1785004533.25,150,13259.480565810683,primary_2023_2025,120.75,117.0,1.0320512820512822,standard,1_0_to_1_3,77.5,0.6418219461697723,False,0.8,0.8,-1,1,True,False,0.8129032258064516,True,True,2023,2023-04,2023-W17
NQ,2023-05-01,2023-05-01 13:30:00+00:00,2023-05-01 15:29:00+00:00,13300.75,13332.25,13258.75,13267.5,187118,2488494180.1666665,120,13299.063586435654,2023-05-01 15:30:00+00:00,2023-05-01 17:59:00+00:00,13267.75,13363.5,13262.5,13349.75,110069,1466302032.4166667,150,13321.662161159516,primary_2023_2025,73.5,120.125,0.6118626430801248,standard,le_0_7,101.0,1.3741496598639455,False,0.8118811881188119,0.8118811881188119,-1,1,True,True,0.8638613861386139,True,True,2023,2023-05,2023-W18
NQ,2023-05-02,2023-05-02 13:30:00+00:00,2023-05-02 15:29:00+00:00,13301.0,13313.25,13116.75,13133.75,276651,3654970675.25,120,13211.48550068498,2023-05-02 15:30:00+00:00,2023-05-02 17:59:00+00:00,13133.75,13221.5,13110.25,13204.0,154502,2033294817.75,150,13160.313897231104,primary_2023_2025,196.5,117.375,1.6741214057507987,exhaustion,1_5_to_2_0,111.25,0.5661577608142494,False,0.6314606741573033,0.6314606741573033,-1,1,True,True,0.8426966292134831,True,True,2023,2023-05,2023-W18
NQ,2023-05-03,2023-05-03 13:30:00+00:00,2023-05-03 15:29:00+00:00,13198.75,13242.0,13179.25,13187.25,157571,2081341996.1666667,120,13208.915321770293,2023-05-03 15:30:00+00:00,2023-05-03 17:59:00+00:00,13187.5,13233.75,13177.25,13221.75,84758,1119598852.4166667,150,13209.359027073158,primary_2023_2025,62.75,120.625,0.5202072538860104,standard,le_0_7,56.5,0.900398406374502,False,0.6061946902654868,0.6061946902654868,-1,1,True,True,0.7876106194690266,True,True,2023,2023-05,2023-W18
NQ,2023-05-04,2023-05-04 13:30:00+00:00,2023-05-04 15:29:00+00:00,13082.75,13107.25,13001.75,13071.0,233992,3053307902.5,120,13048.770481469452,2023-05-04 15:30:00+00:00,2023-05-04 17:59:00+00:00,13070.75,13131.25,13030.75,13109.75,132637,1734866363.9166667,150,13079.807021545019,primary_2023_2025,105.5,116.25,0.9075268817204301,standard,0_7_to_1_0,100.5,0.95260663507109,False,0.3880597014925373,0.3880597014925373,-1,1,True,True,0.7860696517412935,True,True,2023,2023-05,2023-W18
NQ,2023-05-05,2023-05-05 13:30:00+00:00,2023-05-05 15:29:00+00:00,13139.25,13277.75,13124.25,13272.25,210032,2775273701.8333335,120,13213.575559121151,2023-05-05 15:30:00+00:00,2023-05-05 17:59:00+00:00,13272.25,13305.75,13239.0,13305.25,104884,1391873038.25,150,13270.594544925823,primary_2023_2025,153.5,108.625,1.4131185270425777,standard,1_3_to_1_5,66.75,0.43485342019543977,True,0.4943820224719101,0.4943820224719101,1,1,False,True,0.9925093632958801,False,False,2023,2023-05,2023-W18
NQ,2023-05-08,2023-05-08 13:30:00+00:00,2023-05-08 15:29:00+00:00,13301.0,13310.25,13254.5,13289.0,190537,2530928409.3333335,120,13283.133508627372,2023-05-08 15:30:00+00:00,2023-05-08 17:59:00+00:00,13289.5,13354.5,13279.25,13345.5,107567,1433153029.5,150,13323.352231632378,primary_2023_2025,55.75,108.625,0.5132336018411968,standard,le_0_7,75.25,1.3497757847533631,False,0.7441860465116279,0.7441860465116279,-1,1,True,True,0.8803986710963455,True,True,2023,2023-05,2023-W19
NQ,2023-05-09,2023-05-09 13:30:00+00:00,2023-05-09 15:29:00+00:00,13281.0,13317.5,13264.25,13275.25,238634,3171231624.6666665,120,13289.10224304444,2023-05-09 15:30:00+00:00,2023-05-09 17:59:00+00:00,13275.25,13291.0,13256.25,13285.5,115419,1532147095.6666667,150,13274.65231605426,primary_2023_2025,53.25,108.625,0.4902186421173763,standard,le_0_7,34.75,0.6525821596244131,False,0.2949640287769784,0.2949640287769784,-1,1,True,True,0.841726618705036,True,True,2023,2023-05,2023-W19
NQ,2023-05-10,2023-05-10 13:30:00+00:00,2023-05-10 15:29:00+00:00,13366.5,13433.75,13298.25,13366.5,306491,4098900839.0,120,13373.641767621235,2023-05-10 15:30:00+00:00,2023-05-10 17:59:00+00:00,13366.5,13393.0,13262.25,13310.0,173001,2306474173.0,150,13332.143588765382,primary_2023_2025,135.5,108.625,1.2474108170310703,standard,1_0_to_1_3,130.75,0.9649446494464945,False,0.4321223709369025,-0.4321223709369025,0,-1,False,True,0.3652007648183556,True,True,2023,2023-05,2023-W19
NQ,2023-05-11,2023-05-11 13:30:00+00:00,2023-05-11 15:29:00+00:00,13427.25,13435.0,13361.5,13434.5,245778,3292904398.25,120,13397.881007453881,2023-05-11 15:30:00+00:00,2023-05-11 17:59:00+00:00,13434.5,13459.75,13393.5,13426.25,154278,2072552439.4166667,150,13433.881949575874,primary_2023_2025,73.5,108.625,0.6766398158803222,standard,le_0_7,66.25,0.9013605442176871,False,0.12452830188679245,-0.12452830188679245,1,-1,True,True,0.49433962264150944,True,True,2023,2023-05,2023-W19
NQ,2023-05-12,2023-05-12 13:30:00+00:00,2023-05-12 15:29:00+00:00,13468.0,13487.25,13376.0,13379.0,204504,2745649668.8333335,120,13425.897140561228,2023-05-12 15:30:00+00:00,2023-05-12 17:59:00+00:00,13379.25,13407.75,13315.75,13320.25,184370,2462201730.5,150,13354.676631230677,primary_2023_2025,111.25,102.75,1.0827250608272505,standard,1_0_to_1_3,92.0,0.8269662921348314,False,0.6413043478260869,-0.6413043478260869,-1,-1,False,True,0.04891304347826087,False,False,2023,2023-05,2023-W19
NQ,2023-05-15,2023-05-15 13:30:00+00:00,2023-05-15 15:29:00+00:00,13416.75,13437.25,13351.5,13429.0,181898,2436425256.75,120,13394.45874473606,2023-05-15 15:30:00+00:00,2023-05-15 17:59:00+00:00,13429.25,13480.0,13418.0,13450.0,129791,1744685522.4166667,150,13442.268897047305,primary_2023_2025,85.75,102.75,0.8345498783454988,standard,0_7_to_1_0,62.0,0.7230320699708455,False,0.3346774193548387,0.3346774193548387,1,1,False,True,0.5161290322580645,False,False,2023,2023-05,2023-W20
NQ,2023-05-16,2023-05-16 13:30:00+00:00,2023-05-16 15:29:00+00:00,13436.0,13538.75,13434.5,13538.5,216141,2916109296.75,120,13491.69892223132,2023-05-16 15:30:00+00:00,2023-05-16 17:59:00+00:00,13538.75,13554.5,13501.5,13544.5,122397,1656788697.0,150,13536.18713693963,primary_2023_2025,104.25,102.75,1.0145985401459854,standard,1_0_to_1_3,53.0,0.5083932853717026,False,0.10849056603773585,0.10849056603773585,1,1,False,True,0.8113207547169812,False,False,2023,2023-05,2023-W20
NQ,2023-05-17,2023-05-17 13:30:00+00:00,2023-05-17 15:29:00+00:00,13525.0,13561.75,13475.5,13536.75,203852,2755581410.8333335,120,13517.558870324223,2023-05-17 15:30:00+00:00,2023-05-17 17:59:00+00:00,13536.75,13669.0,13530.0,13667.25,178306,2424405627.75,150,13596.881920686908,primary_2023_2025,86.25,102.125,0.8445532435740514,standard,0_7_to_1_0,139.0,1.6115942028985508,False,0.9388489208633094,0.9388489208633094,1,1,False,True,0.987410071942446,False,False,2023,2023-05,2023-W20
NQ,2023-05-18,2023-05-18 13:30:00+00:00,2023-05-18 15:29:00+00:00,13653.75,13827.75,13652.75,13821.25,261020,3588332193.5833335,120,13747.34577267387,2023-05-18 15:30:00+00:00,2023-05-18 17:59:00+00:00,13821.0,13855.25,13763.5,13769.5,192688,2660598380.0833335,150,13807.805260749676,primary_2023_2025,175.0,102.125,1.7135862913096696,exhaustion,1_5_to_2_0,91.75,0.5242857142857142,False,0.5613079019073569,-0.5613079019073569,1,-1,True,True,0.0653950953678474,False,False,2023,2023-05,2023-W20
NQ,2023-05-19,2023-05-19 13:30:00+00:00,2023-05-19 15:29:00+00:00,13898.25,13929.0,13854.25,13854.5,230063,3194904154.0833335,120,13887.083773067958,2023-05-19 15:30:00+00:00,2023-05-19 17:59:00+00:00,13854.5,13886.75,13821.5,13839.5,179810,2490839859.5833335,150,13852.62143141835,primary_2023_2025,74.75,102.125,0.7319461444308446,standard,0_7_to_1_0,65.25,0.8729096989966555,False,0.22988505747126436,-0.22988505747126436,-1,-1,False,True,0.27586206896551724,False,False,2023,2023-05,2023-W20
NQ,2023-05-22,2023-05-22 13:30:00+00:00,2023-05-22 15:29:00+00:00,13848.0,13946.75,13847.0,13913.0,224329,3118811314.1666665,120,13902.84499180519,2023-05-22 15:30:00+00:00,2023-05-22 17:59:00+00:00,13913.0,13924.5,13870.25,13903.75,110807,1539989950.75,150,13897.948241085853,primary_2023_2025,99.75,102.125,0.9767441860465116,standard,0_7_to_1_0,54.25,0.543859649122807,False,0.17050691244239632,-0.17050691244239632,1,-1,True,False,0.6175115207373272,True,True,2023,2023-05,2023-W21
NQ,2023-05-23,2023-05-23 13:30:00+00:00,2023-05-23 15:29:00+00:00,13831.0,13878.0,13822.25,13869.0,185407,2569069338.75,120,13856.377260567293,2023-05-23 15:30:00+00:00,2023-05-23 17:59:00+00:00,13868.75,13872.75,13765.5,13774.25,164519,2272622510.4166665,150,13813.738901991055,primary_2023_2025,55.75,99.875,0.55819774718398,standard,le_0_7,107.25,1.9237668161434978,False,0.8811188811188811,-0.8811188811188811,1,-1,True,True,0.08158508158508158,True,True,2023,2023-05,2023-W21
NQ,2023-05-24,2023-05-24 13:30:00+00:00,2023-05-24 15:29:00+00:00,13643.25,13675.0,13566.5,13615.0,242937,3308121364.25,120,13617.198550447236,2023-05-24 15:30:00+00:00,2023-05-24 17:59:00+00:00,13614.75,13645.5,13576.25,13635.0,127586,1735846768.9166667,150,13605.307548764495,primary_2023_2025,108.5,99.875,1.0863579474342928,standard,1_0_to_1_3,69.25,0.6382488479262672,False,0.2924187725631769,0.2924187725631769,-1,1,True,False,0.8483754512635379,True,True,2023,2023-05,2023-W21
NQ,2023-05-25,2023-05-25 13:30:00+00:00,2023-05-25 15:29:00+00:00,13954.75,13986.75,13851.25,13963.25,292372,4065070008.0833335,120,13903.759621589392,2023-05-25 15:30:00+00:00,2023-05-25 17:59:00+00:00,13963.75,14004.25,13921.0,13991.0,162303,2267229654.0833335,150,13969.117355090993,primary_2023_2025,135.5,102.0,1.3284313725490196,standard,1_3_to_1_5,83.25,0.6143911439114391,False,0.32732732732732733,0.32732732732732733,1,1,False,True,0.8408408408408409,False,False,2023,2023-05,2023-W21
NQ,2023-05-26,2023-05-26 13:30:00+00:00,2023-05-26 15:29:00+00:00,14018.5,14269.25,14014.75,14246.25,282103,3996752245.5,120,14167.705573850686,2023-05-26 15:30:00+00:00,2023-05-26 17:59:00+00:00,14246.75,14336.75,14245.75,14318.5,157611,2254123932.0,150,14301.818604031445,primary_2023_2025,254.5,102.0,2.4950980392156863,exhaustion,gt_2_0,91.0,0.3575638506876228,True,0.7884615384615384,0.7884615384615384,1,1,False,True,0.7994505494505495,False,False,2023,2023-05,2023-W21
NQ,2023-05-29,2023-05-29 13:30:00+00:00,2023-05-29 15:29:00+00:00,14378.25,14389.5,14368.0,14382.75,13439,193235926.16666666,120,14378.742924820794,2023-05-29 15:30:00+00:00,2023-05-29 16:59:00+00:00,14382.75,14412.25,14375.75,14404.75,6701,96407942.58333333,90,14387.097833656668,primary_2023_2025,21.5,102.0,0.2107843137254902,standard,le_0_7,36.5,1.697674418604651,False,0.6027397260273972,0.6027397260273972,1,1,False,True,0.7945205479452054,True,True,2023,2023-05,2023-W22
NQ,2023-05-30,2023-05-30 13:30:00+00:00,2023-05-30 15:29:00+00:00,14510.0,14559.5,14400.0,14454.0,320155,4631470789.666667,120,14466.339084714176,2023-05-30 15:30:00+00:00,2023-05-30 17:59:00+00:00,14453.5,14484.5,14344.25,14351.5,163499,2357571535.8333335,150,14419.48596525565,primary_2023_2025,159.5,102.0,1.5637254901960784,exhaustion,1_5_to_2_0,140.25,0.8793103448275862,False,0.7272727272727273,-0.7272727272727273,-1,-1,False,True,0.05169340463458111,True,True,2023,2023-05,2023-W22
NQ,2023-05-31,2023-05-31 13:30:00+00:00,2023-05-31 15:29:00+00:00,14330.0,14412.25,14265.75,14268.5,238660,3421648625.0833335,120,14336.917058088215,2023-05-31 15:30:00+00:00,2023-05-31 17:59:00+00:00,14269.25,14365.0,14251.25,14345.75,152381,2178658684.8333335,150,14297.443151267766,primary_2023_2025,146.5,102.0,1.4362745098039216,standard,1_3_to_1_5,113.75,0.7764505119453925,False,0.6725274725274726,0.6725274725274726,-1,1,True,True,0.8307692307692308,True,True,2023,2023-05,2023-W22
NQ,2023-06-01,2023-06-01 13:30:00+00:00,2023-06-01 15:29:00+00:00,14298.0,14402.5,14252.0,14382.75,232896,3334957825.3333335,120,14319.51525716772,2023-06-01 15:30:00+00:00,2023-06-01 17:59:00+00:00,14382.25,14487.0,14378.25,14486.25,118611,1713121383.1666667,150,14443.191467626668,primary_2023_2025,150.5,104.875,1.435041716328963,standard,1_3_to_1_5,108.75,0.7225913621262459,False,0.9563218390804598,0.9563218390804598,1,1,False,True,0.993103448275862,False,False,2023,2023-06,2023-W22
NQ,2023-06-02,2023-06-02 13:30:00+00:00,2023-06-02 15:29:00+00:00,14543.25,14627.75,14468.25,14586.5,265029,3856971095.4166665,120,14553.0153131041,2023-06-02 15:30:00+00:00,2023-06-02 17:59:00+00:00,14587.0,14609.0,14553.25,14586.0,101749,1483778426.3333333,150,14582.732275829081,primary_2023_2025,159.5,106.375,1.499412455934195,standard,1_3_to_1_5,55.75,0.3495297805642633,True,0.017937219730941704,-0.017937219730941704,1,-1,True,False,0.5874439461883408,False,False,2023,2023-06,2023-W22
NQ,2023-06-05,2023-06-05 13:30:00+00:00,2023-06-05 15:29:00+00:00,14568.25,14678.0,14567.75,14672.0,236591,3459665820.0833335,120,14622.981516977965,2023-06-05 15:30:00+00:00,2023-06-05 17:59:00+00:00,14671.75,14694.75,14610.0,14632.5,120283,1764025616.4166667,150,14665.627033052608,primary_2023_2025,110.25,106.375,1.036427732079906,standard,1_0_to_1_3,84.75,0.7687074829931972,False,0.4631268436578171,-0.4631268436578171,1,-1,True,True,0.26548672566371684,True,True,2023,2023-06,2023-W23
NQ,2023-06-06,2023-06-06 13:30:00+00:00,2023-06-06 15:29:00+00:00,14561.0,14606.75,14504.5,14562.25,217371,3164362344.4166665,120,14557.426447946904,2023-06-06 15:30:00+00:00,2023-06-06 17:59:00+00:00,14562.75,14623.75,14527.75,14552.0,150631,2195341687.75,150,14574.302021164302,primary_2023_2025,102.25,109.375,0.9348571428571428,standard,0_7_to_1_0,96.0,0.9388753056234719,False,0.11197916666666667,-0.11197916666666667,1,-1,True,True,0.2526041666666667,True,True,2023,2023-06,2023-W23
NQ,2023-06-07,2023-06-07 13:30:00+00:00,2023-06-07 15:29:00+00:00,14592.25,14675.0,14447.75,14486.5,296536,4320306124.583333,120,14569.246649928957,2023-06-07 15:30:00+00:00,2023-06-07 17:59:00+00:00,14486.75,14509.25,14340.75,14374.5,200049,2882650429.4166665,150,14409.721765250846,primary_2023_2025,227.25,109.375,2.077714285714286,exhaustion,gt_2_0,168.5,0.7414741474147415,False,0.6661721068249258,-0.6661721068249258,-1,-1,False,True,0.20029673590504452,False,False,2023,2023-06,2023-W23
NQ,2023-06-08,2023-06-08 13:30:00+00:00,2023-06-08 15:29:00+00:00,14338.0,14494.25,14328.0,14491.0,233819,3367715543.5,120,14403.087616917359,2023-06-08 15:30:00+00:00,2023-06-08 17:59:00+00:00,14491.0,14523.5,14421.0,14447.0,139127,2014553629.75,150,14479.961687882294,primary_2023_2025,166.25,109.375,1.52,exhaustion,1_5_to_2_0,102.5,0.6165413533834586,False,0.4292682926829268,-0.4292682926829268,1,-1,True,True,0.25365853658536586,False,False,2023,2023-06,2023-W23
NQ,2023-06-09,2023-06-09 13:30:00+00:00,2023-06-09 15:29:00+00:00,14561.75,14687.5,14548.5,14551.5,230381,3368397659.8333335,120,14620.987233466882,2023-06-09 15:30:00+00:00,2023-06-09 17:59:00+00:00,14551.25,14615.25,14496.25,14608.75,131186,1909143959.5833333,150,14552.955037758093,primary_2023_2025,139.0,110.75,1.255079006772009,standard,1_0_to_1_3,119.0,0.8561151079136691,False,0.4831932773109244,0.4831932773109244,-1,1,True,True,0.9453781512605042,False,False,2023,2023-06,2023-W23
NQ,2023-06-12,2023-06-12 13:30:00+00:00,2023-06-12 15:29:00+00:00,14804.0,14832.75,14764.0,14815.5,148694,2200348399.6666665,120,14797.829096444151,2023-06-12 15:30:00+00:00,2023-06-12 17:59:00+00:00,14815.75,14895.25,14815.75,14894.0,70619,1048889343.0,150,14852.792350500573,primary_2023_2025,68.75,122.875,0.5595116988809766,standard,le_0_7,79.5,1.1563636363636363,False,0.9842767295597484,0.9842767295597484,1,1,False,True,0.9842767295597484,False,False,2023,2023-06,2023-W24
NQ,2023-06-13,2023-06-13 13:30:00+00:00,2023-06-13 15:29:00+00:00,15097.0,15130.0,14963.0,15093.25,243879,3669990432.4166665,120,15048.406924813808,2023-06-13 15:30:00+00:00,2023-06-13 17:59:00+00:00,15093.25,15115.75,15038.5,15089.5,122742,1850949730.5833333,150,15080.003019205597,primary_2023_2025,167.0,122.875,1.3591047812817905,standard,1_3_to_1_5,77.25,0.4625748502994012,True,0.04854368932038835,-0.04854368932038835,-1,-1,False,False,0.6601941747572816,True,True,2023,2023-06,2023-W24
NQ,2023-06-14,2023-06-14 13:30:00+00:00,2023-06-14 15:29:00+00:00,15095.5,15216.0,15052.5,15197.25,178044,2694504971.0833335,120,15133.927406053186,2023-06-14 15:30:00+00:00,2023-06-14 17:59:00+00:00,15197.25,15204.0,15116.25,15134.75,99003,1501250794.4166667,150,15163.68993279665,primary_2023_2025,163.5,137.25,1.1912568306010929,standard,1_0_to_1_3,87.75,0.536697247706422,False,0.7122507122507122,-0.7122507122507122,1,-1,True,False,0.21082621082621084,True,True,2023,2023-06,2023-W24
NQ,2023-06-15,2023-06-15 13:30:00+00:00,2023-06-15 15:29:00+00:00,15141.0,15294.5,15114.5,15293.5,235920,3590155459.3333335,120,15217.68166892732,2023-06-15 15:30:00+00:00,2023-06-15 17:59:00+00:00,15293.5,15360.0,15262.0,15352.0,132482,2027576413.1666667,150,15304.542603271891,primary_2023_2025,180.0,142.75,1.2609457092819614,standard,1_0_to_1_3,98.0,0.5444444444444444,False,0.5969387755102041,0.5969387755102041,1,1,False,True,0.9183673469387755,False,False,2023,2023-06,2023-W24
NQ,2023-06-16,2023-06-16 13:30:00+00:00,2023-06-16 15:29:00+00:00,15471.0,15475.5,15324.25,15343.25,218187,3356120596.0833335,120,15381.854079680887,2023-06-16 15:30:00+00:00,2023-06-16 17:59:00+00:00,15343.25,15416.0,15329.75,15374.25,123797,1903400344.25,150,15375.173423023176,primary_2023_2025,151.25,142.75,1.0595446584938704,standard,1_0_to_1_3,86.25,0.5702479338842975,False,0.35942028985507246,0.35942028985507246,-1,1,True,False,0.5159420289855072,True,True,2023,2023-06,2023-W24
NQ,2023-06-19,2023-06-19 13:30:00+00:00,2023-06-19 15:29:00+00:00,15251.0,15253.0,15230.5,15234.5,18983,289319464.25,120,15240.976887214876,2023-06-19 15:30:00+00:00,2023-06-19 16:59:00+00:00,15234.75,15250.5,15232.75,15239.25,7678,117041206.41666667,90,15243.7101350178,primary_2023_2025,22.5,148.5,0.15151515151515152,standard,le_0_7,17.75,0.7888888888888889,False,0.2535211267605634,0.2535211267605634,-1,1,True,False,0.36619718309859156,True,True,2023,2023-06,2023-W25
NQ,2023-06-20,2023-06-20 13:30:00+00:00,2023-06-20 15:29:00+00:00,15211.5,15310.75,15126.5,15176.25,224691,3417546458.0,120,15209.983746567508,2023-06-20 15:30:00+00:00,2023-06-20 17:59:00+00:00,15176.75,15285.5,15159.0,15236.75,128195,1952458494.3333333,150,15230.379455777005,primary_2023_2025,184.25,148.5,1.2407407407407407,standard,1_0_to_1_3,126.5,0.6865671641791045,False,0.4743083003952569,0.4743083003952569,-1,1,True,False,0.6146245059288538,True,True,2023,2023-06,2023-W25
NQ,2023-06-21,2023-06-21 13:30:00+00:00,2023-06-21 15:29:00+00:00,15201.75,15219.25,15002.25,15046.5,245066,3701820106.5833335,120,15105.400612828109,2023-06-21 15:30:00+00:00,2023-06-21 17:59:00+00:00,15046.0,15094.5,15025.75,15092.25,137667,2073661494.75,150,15062.87995489115,primary_2023_2025,217.0,150.875,1.4382767191383596,standard,1_3_to_1_5,68.75,0.31682027649769584,True,0.6727272727272727,0.6727272727272727,-1,1,True,False,0.9672727272727273,False,False,2023,2023-06,2023-W25
NQ,2023-06-22,2023-06-22 13:30:00+00:00,2023-06-22 15:29:00+00:00,14981.5,15149.0,14964.0,15109.25,226962,3422719329.9166665,120,15080.583225018578,2023-06-22 15:30:00+00:00,2023-06-22 17:59:00+00:00,15109.5,15181.0,15082.5,15153.5,134093,2029115397.3333333,150,15132.150055061287,primary_2023_2025,185.0,155.375,1.1906677393403058,standard,1_0_to_1_3,98.5,0.5324324324324324,False,0.4467005076142132,0.4467005076142132,1,1,False,True,0.7208121827411168,False,False,2023,2023-06,2023-W25
NQ,2023-06-23,2023-06-23 13:30:00+00:00,2023-06-23 15:29:00+00:00,15043.5,15087.75,14985.25,15019.0,214215,3221746148.25,120,15039.778485400182,2023-06-23 15:30:00+00:00,2023-06-23 17:59:00+00:00,15019.25,15155.25,15007.25,15126.0,122267,1846225310.4166667,150,15099.947740736803,primary_2023_2025,102.5,159.5,0.6426332288401254,standard,le_0_7,148.0,1.4439024390243902,False,0.7212837837837838,0.7212837837837838,-1,1,True,True,0.8023648648648649,True,True,2023,2023-06,2023-W25
NQ,2023-06-26,2023-06-26 13:30:00+00:00,2023-06-26 15:29:00+00:00,15036.5,15152.5,14982.5,14998.5,220719,3327570163.25,120,15076.047659014403,2023-06-26 15:30:00+00:00,2023-06-26 17:59:00+00:00,14998.5,15028.75,14878.5,14901.0,183109,2735132631.8333335,150,14937.18294476696,primary_2023_2025,170.0,155.375,1.0941271118262268,standard,1_0_to_1_3,150.25,0.8838235294117647,False,0.64891846921797,-0.64891846921797,-1,-1,False,True,0.1497504159733777,False,False,2023,2023-06,2023-W26
NQ,2023-06-27,2023-06-27 13:30:00+00:00,2023-06-27 15:29:00+00:00,14917.75,14982.75,14888.0,14982.25,222867,3328195650.75,120,14933.55073092921,2023-06-27 15:30:00+00:00,2023-06-27 17:59:00+00:00,14982.5,15116.25,14974.0,15115.0,135392,2036410280.8333333,150,15040.846437258724,primary_2023_2025,94.75,159.5,0.5940438871473355,standard,le_0_7,142.25,1.5013192612137203,False,0.9314586994727593,0.9314586994727593,1,1,False,True,0.9912126537785588,False,False,2023,2023-06,2023-W26
NQ,2023-06-28,2023-06-28 13:30:00+00:00,2023-06-28 15:29:00+00:00,15029.5,15207.25,15025.5,15144.75,252201,3811410400.8333335,120,15112.59035782306,2023-06-28 15:30:00+00:00,2023-06-28 17:59:00+00:00,15145.0,15219.0,15058.75,15105.0,174213,2635950433.75,150,15130.618459873833,primary_2023_2025,181.75,155.375,1.169750603378922,standard,1_0_to_1_3,160.25,0.8817056396148556,False,0.24960998439937598,-0.24960998439937598,1,-1,True,True,0.28861154446177845,True,True,2023,2023-06,2023-W26
NQ,2023-06-29,2023-06-29 13:30:00+00:00,2023-06-29 15:29:00+00:00,15119.25,15144.75,15028.5,15131.5,243071,3667823089.6666665,120,15089.513309554271,2023-06-29 15:30:00+00:00,2023-06-29 17:59:00+00:00,15131.5,15139.75,15056.5,15062.0,123347,1862820015.5833333,150,15102.272577227928,primary_2023_2025,116.25,161.5,0.7198142414860681,standard,0_7_to_1_0,83.25,0.7161290322580646,False,0.8348348348348348,-0.8348348348348348,1,-1,True,False,0.06606606606606606,True,True,2023,2023-06,2023-W26
NQ,2023-06-30,2023-06-30 13:30:00+00:00,2023-06-30 15:29:00+00:00,15252.0,15376.75,15238.5,15328.0,183225,2807453314.9166665,120,15322.435884386226,2023-06-30 15:30:00+00:00,2023-06-30 17:59:00+00:00,15328.0,15361.25,15284.0,15355.5,107475,1647364457.3333333,150,15327.885157788633,primary_2023_2025,138.25,161.5,0.8560371517027864,standard,0_7_to_1_0,77.25,0.5587703435804702,False,0.3559870550161812,0.3559870550161812,1,1,False,False,0.9255663430420712,True,True,2023,2023-06,2023-W26
NQ,2023-07-03,2023-07-03 13:30:00+00:00,2023-07-03 15:29:00+00:00,15355.25,15390.0,15308.5,15321.75,125649,1928679979.8333333,120,15349.743967984889,2023-07-03 15:30:00+00:00,2023-07-03 17:14:00+00:00,15322.0,15367.0,15308.0,15357.0,53783,824823212.8333334,105,15336.132473706066,primary_2023_2025,81.5,157.375,0.5178713264495631,standard,le_0_7,59.0,0.7239263803680982,False,0.5932203389830508,0.5932203389830508,-1,1,True,True,0.8305084745762712,True,True,2023,2023-07,2023-W27
NQ,2023-07-04,2023-07-04 13:30:00+00:00,2023-07-04 15:29:00+00:00,15363.75,15368.5,15345.25,15353.0,9872,151594922.08333334,120,15356.049643773636,2023-07-04 15:30:00+00:00,2023-07-04 16:59:00+00:00,15353.5,15356.5,15340.5,15344.5,4804,73736378.33333333,90,15348.954690535664,primary_2023_2025,23.25,157.375,0.14773629864972201,standard,le_0_7,16.0,0.6881720430107527,False,0.5625,-0.5625,-1,-1,False,True,0.25,True,True,2023,2023-07,2023-W27
NQ,2023-07-05,2023-07-05 13:30:00+00:00,2023-07-05 15:29:00+00:00,15293.5,15432.0,15292.5,15362.0,185841,2858268644.9166665,120,15380.183301406398,2023-07-05 15:30:00+00:00,2023-07-05 17:59:00+00:00,15362.0,15380.25,15338.25,15371.0,96752,1486332452.25,150,15362.29175882669,primary_2023_2025,139.5,157.375,0.886417791898332,standard,0_7_to_1_0,42.0,0.3010752688172043,True,0.21428571428571427,0.21428571428571427,1,1,False,False,0.7797619047619048,True,True,2023,2023-07,2023-W27
NQ,2023-07-06,2023-07-06 13:30:00+00:00,2023-07-06 15:29:00+00:00,15196.0,15214.25,15111.5,15135.75,200677,3041026056.0833335,120,15153.834550463349,2023-07-06 15:30:00+00:00,2023-07-06 17:59:00+00:00,15136.0,15238.0,15136.0,15238.0,115577,1756232767.3333333,150,15195.348272868592,primary_2023_2025,102.75,145.375,0.7067927773000859,standard,0_7_to_1_0,102.0,0.9927007299270073,False,1.0,1.0,-1,1,True,True,1.0,True,True,2023,2023-07,2023-W27
NQ,2023-07-07,2023-07-07 13:30:00+00:00,2023-07-07 15:29:00+00:00,15220.5,15278.0,15179.5,15249.0,167643,2554032396.1666665,120,15234.948051315394,2023-07-07 15:30:00+00:00,2023-07-07 17:59:00+00:00,15249.5,15359.75,15240.75,15329.5,114744,1757253819.5833333,150,15314.559537608357,primary_2023_2025,98.5,139.25,0.7073608617594255,standard,0_7_to_1_0,119.0,1.2081218274111676,False,0.6722689075630253,0.6722689075630253,1,1,False,True,0.7457983193277311,False,False,2023,2023-07,2023-W27
NQ,2023-07-10,2023-07-10 13:30:00+00:00,2023-07-10 15:29:00+00:00,15168.5,15214.75,15085.5,15155.75,220883,3347976815.5,120,15157.240781318616,2023-07-10 15:30:00+00:00,2023-07-10 17:59:00+00:00,15155.5,15181.0,15063.25,15152.0,144123,2180298475.0,150,15128.039764645477,primary_2023_2025,129.25,138.875,0.9306930693069307,standard,0_7_to_1_0,117.75,0.9110251450676983,False,0.029723991507430998,-0.029723991507430998,-1,-1,False,True,0.7537154989384289,True,True,2023,2023-07,2023-W28
NQ,2023-07-11,2023-07-11 13:30:00+00:00,2023-07-11 15:29:00+00:00,15202.0,15233.5,15109.5,15180.25,216991,3293040763.9166665,120,15175.932476078116,2023-07-11 15:30:00+00:00,2023-07-11 17:59:00+00:00,15180.5,15250.0,15163.0,15203.5,123942,1884651349.9166667,150,15205.913652487992,primary_2023_2025,124.0,138.875,0.8928892889288929,standard,0_7_to_1_0,87.0,0.7016129032258065,False,0.26436781609195403,0.26436781609195403,-1,1,True,True,0.46551724137931033,True,True,2023,2023-07,2023-W28
NQ,2023-07-12,2023-07-12 13:30:00+00:00,2023-07-12 15:29:00+00:00,15430.25,15507.75,15408.5,15450.25,211324,3267352283.25,120,15461.340326938729,2023-07-12 15:30:00+00:00,2023-07-12 17:59:00+00:00,15450.25,15461.5,15344.0,15454.75,180690,2783104381.1666665,150,15402.647524304979,primary_2023_2025,99.25,133.75,0.7420560747663552,standard,0_7_to_1_0,117.5,1.1838790931989924,False,0.03829787234042553,0.03829787234042553,1,1,False,True,0.9425531914893617,True,True,2023,2023-07,2023-W28
NQ,2023-07-13,2023-07-13 13:30:00+00:00,2023-07-13 15:29:00+00:00,15576.25,15621.5,15552.25,15599.5,189398,2953676849.0833335,120,15595.079404657565,2023-07-13 15:30:00+00:00,2023-07-13 17:59:00+00:00,15599.75,15671.75,15592.75,15660.75,111148,1738615800.5833333,150,15642.348945400126,primary_2023_2025,69.25,126.625,0.5468904244817374,standard,le_0_7,79.0,1.1407942238267148,False,0.7721518987341772,0.7721518987341772,1,1,False,True,0.8607594936708861,True,True,2023,2023-07,2023-W28
NQ,2023-07-14,2023-07-14 13:30:00+00:00,2023-07-14 15:29:00+00:00,15722.0,15857.25,15721.5,15807.75,238378,3765926389.8333335,120,15798.128979324156,2023-07-14 15:30:00+00:00,2023-07-14 17:59:00+00:00,15807.75,15832.25,15724.75,15740.25,141125,2226184037.4166665,150,15774.554738116325,primary_2023_2025,135.75,120.125,1.130072840790843,standard,1_0_to_1_3,107.5,0.7918968692449355,False,0.627906976744186,-0.627906976744186,1,-1,True,False,0.14418604651162792,True,True,2023,2023-07,2023-W28
NQ,2023-07-17,2023-07-17 13:30:00+00:00,2023-07-17 15:29:00+00:00,15729.75,15784.25,15708.75,15780.0,183835,2895320156.6666665,120,15749.558879792567,2023-07-17 15:30:00+00:00,2023-07-17 17:59:00+00:00,15780.5,15821.25,15760.25,15819.25,117062,1848588212.6666667,150,15791.531091786119,primary_2023_2025,75.5,120.125,0.6285119667013528,standard,le_0_7,61.0,0.8079470198675497,False,0.6352459016393442,0.6352459016393442,1,1,False,True,0.9672131147540983,False,False,2023,2023-07,2023-W29
NQ,2023-07-18,2023-07-18 13:30:00+00:00,2023-07-18 15:29:00+00:00,15815.25,15816.0,15733.0,15783.5,195400,3082629064.75,120,15775.993166581371,2023-07-18 15:30:00+00:00,2023-07-18 17:59:00+00:00,15783.75,15952.75,15772.75,15952.5,190570,3027558129.5,150,15886.855903342605,primary_2023_2025,83.0,120.125,0.6909469302809573,standard,le_0_7,180.0,2.1686746987951806,False,0.9375,0.9375,-1,1,True,True,0.9986111111111111,True,True,2023,2023-07,2023-W29
NQ,2023-07-19,2023-07-19 13:30:00+00:00,2023-07-19 15:29:00+00:00,16012.75,16049.0,15971.0,16031.75,244059,3906996488.0,120,16008.409802547745,2023-07-19 15:30:00+00:00,2023-07-19 17:59:00+00:00,16032.0,16062.75,15927.0,15948.0,197158,3153007937.9166665,150,15992.290132364229,primary_2023_2025,78.0,109.5,0.7123287671232876,standard,0_7_to_1_0,135.75,1.7403846153846154,False,0.6187845303867403,-0.6187845303867403,1,-1,True,True,0.15469613259668508,True,True,2023,2023-07,2023-W29
NQ,2023-07-20,2023-07-20 13:30:00+00:00,2023-07-20 15:29:00+00:00,15833.75,15895.0,15699.25,15742.75,277473,4382455930.583333,120,15794.170714207627,2023-07-20 15:30:00+00:00,2023-07-20 17:59:00+00:00,15743.0,15785.0,15679.25,15689.5,171953,2703831083.6666665,150,15724.244902192264,primary_2023_2025,195.75,102.625,1.907429963459196,exhaustion,1_5_to_2_0,105.75,0.5402298850574713,False,0.5059101654846335,-0.5059101654846335,-1,-1,False,True,0.09692671394799054,False,False,2023,2023-07,2023-W29
NQ,2023-07-21,2023-07-21 13:30:00+00:00,2023-07-21 15:29:00+00:00,15688.25,15719.25,15549.0,15633.25,253987,3968390474.3333335,120,15624.384217827423,2023-07-21 15:30:00+00:00,2023-07-21 17:59:00+00:00,15633.25,15654.5,15555.0,15647.75,162319,2532972420.3333335,150,15604.90404902281,primary_2023_2025,170.25,102.625,1.658952496954933,exhaustion,1_5_to_2_0,99.5,0.5844346549192364,False,0.1457286432160804,0.1457286432160804,-1,1,True,False,0.9321608040201005,True,True,2023,2023-07,2023-W29
NQ,2023-07-24,2023-07-24 13:30:00+00:00,2023-07-24 15:29:00+00:00,15578.5,15618.75,15483.75,15554.75,236105,3673532930.0833335,120,15558.895110579333,2023-07-24 15:30:00+00:00,2023-07-24 17:59:00+00:00,15555.0,15591.25,15518.5,15584.25,122707,1908616840.4166667,150,15554.262107432069,primary_2023_2025,135.0,109.5,1.2328767123287672,standard,1_0_to_1_3,72.75,0.5388888888888889,False,0.4020618556701031,0.4020618556701031,-1,1,True,False,0.9037800687285223,True,True,2023,2023-07,2023-W30
NQ,2023-07-25,2023-07-25 13:30:00+00:00,2023-07-25 15:29:00+00:00,15589.0,15672.25,15587.75,15649.5,192806,3014045417.8333335,120,15632.529163165738,2023-07-25 15:30:00+00:00,2023-07-25 17:59:00+00:00,15649.25,15709.25,15646.5,15690.5,114744,1799299947.9166667,150,15680.993759296056,primary_2023_2025,84.5,109.5,0.771689497716895,standard,0_7_to_1_0,62.75,0.742603550295858,False,0.6573705179282868,0.6573705179282868,1,1,False,True,0.701195219123506,False,False,2023,2023-07,2023-W30
NQ,2023-07-26,2023-07-26 13:30:00+00:00,2023-07-26 15:29:00+00:00,15619.0,15639.25,15515.0,15550.5,211391,3295119532.0833335,120,15587.794807174068,2023-07-26 15:30:00+00:00,2023-07-26 17:59:00+00:00,15550.25,15598.5,15541.0,15557.5,89317,1390431245.0833333,150,15567.375136685438,primary_2023_2025,124.25,109.5,1.134703196347032,standard,1_0_to_1_3,57.5,0.46277665995975853,True,0.12608695652173912,0.12608695652173912,-1,1,True,False,0.28695652173913044,True,True,2023,2023-07,2023-W30
NQ,2023-07-27,2023-07-27 13:30:00+00:00,2023-07-27 15:29:00+00:00,15834.75,15904.0,15762.0,15823.75,269933,4273465974.5833335,120,15831.580335058454,2023-07-27 15:30:00+00:00,2023-07-27 17:59:00+00:00,15823.75,15856.75,15703.75,15723.5,195329,3084403456.4166665,150,15790.811689081838,primary_2023_2025,142.0,109.5,1.2968036529680365,standard,1_0_to_1_3,153.0,1.0774647887323943,False,0.6552287581699346,-0.6552287581699346,-1,-1,False,True,0.12908496732026145,True,True,2023,2023-07,2023-W30
NQ,2023-07-28,2023-07-28 13:30:00+00:00,2023-07-28 15:29:00+00:00,15737.75,15875.5,15715.75,15863.75,230202,3637356901.0833335,120,15800.718069709792,2023-07-28 15:30:00+00:00,2023-07-28 17:59:00+00:00,15864.0,15896.0,15774.5,15834.5,152851,2422689190.5833335,150,15850.005499364306,primary_2023_2025,159.75,113.375,1.4090407938257994,standard,1_3_to_1_5,121.5,0.7605633802816901,False,0.24279835390946503,-0.24279835390946503,1,-1,True,True,0.49382716049382713,True,True,2023,2023-07,2023-W30
NQ,2023-07-31,2023-07-31 13:30:00+00:00,2023-07-31 15:29:00+00:00,15860.0,15905.0,15805.25,15852.0,186484,2956943492.75,120,15856.28521883915,2023-07-31 15:30:00+00:00,2023-07-31 17:59:00+00:00,15853.0,15863.0,15809.25,15839.25,102897,1629976141.75,150,15840.851936888344,primary_2023_2025,99.75,113.375,0.8798235942668137,standard,0_7_to_1_0,53.75,0.5388471177944862,False,0.2558139534883721,-0.2558139534883721,-1,-1,False,False,0.5581395348837209,True,True,2023,2023-07,2023-W31
NQ,2023-08-01,2023-08-01 13:30:00+00:00,2023-08-01 15:29:00+00:00,15796.5,15836.5,15728.25,15822.5,220263,3477901202.0,120,15789.765879879962,2023-08-01 15:30:00+00:00,2023-08-01 17:59:00+00:00,15822.5,15844.0,15778.0,15828.25,103617,1638700905.1666667,150,15814.981182302776,primary_2023_2025,108.25,113.375,0.9547960308710033,standard,0_7_to_1_0,66.0,0.6096997690531177,False,0.08712121212121213,0.08712121212121213,1,1,False,True,0.7613636363636364,True,True,2023,2023-08,2023-W31
NQ,2023-08-02,2023-08-02 13:30:00+00:00,2023-08-02 15:29:00+00:00,15667.5,15668.75,15484.5,15503.75,257635,4009575601.25,120,15563.008136510956,2023-08-02 15:30:00+00:00,2023-08-02 17:59:00+00:00,15503.5,15522.25,15414.0,15469.0,173591,2685183603.4166665,150,15468.449420860912,primary_2023_2025,184.25,116.125,1.5866523143164692,exhaustion,1_5_to_2_0,108.25,0.587516960651289,False,0.3187066974595843,-0.3187066974595843,-1,-1,False,True,0.5080831408775982,False,False,2023,2023-08,2023-W31
NQ,2023-08-03,2023-08-03 13:30:00+00:00,2023-08-03 15:29:00+00:00,15358.0,15478.75,15351.25,15462.25,217589,3354237283.8333335,120,15415.472674782886,2023-08-03 15:30:00+00:00,2023-08-03 17:59:00+00:00,15462.75,15523.5,15441.75,15452.25,118466,1833884023.8333333,150,15480.256139595607,primary_2023_2025,127.5,116.125,1.0979547900968785,standard,1_0_to_1_3,81.75,0.6411764705882353,False,0.12844036697247707,-0.12844036697247707,1,-1,True,True,0.12844036697247707,False,False,2023,2023-08,2023-W31
NQ,2023-08-04,2023-08-04 13:30:00+00:00,2023-08-04 15:29:00+00:00,15511.5,15583.5,15392.75,15543.0,253257,3924398614.5833335,120,15495.716266809342,2023-08-04 15:30:00+00:00,2023-08-04 17:59:00+00:00,15543.0,15610.25,15516.0,15525.0,133259,2074103786.75,150,15564.455584613423,primary_2023_2025,190.75,124.125,1.5367573011077542,exhaustion,1_5_to_2_0,94.25,0.4941022280471822,True,0.1909814323607427,-0.1909814323607427,1,-1,True,True,0.09549071618037135,False,False,2023,2023-08,2023-W31
NQ,2023-08-07,2023-08-07 13:30:00+00:00,2023-08-07 15:29:00+00:00,15433.5,15473.25,15339.5,15360.5,232672,3584161496.5833335,120,15404.352464341793,2023-08-07 15:30:00+00:00,2023-08-07 17:59:00+00:00,15360.0,15447.5,15334.25,15446.0,122339,1884853098.5,150,15406.804849639118,primary_2023_2025,133.75,125.875,1.0625620655412116,standard,1_0_to_1_3,113.25,0.8467289719626169,False,0.7593818984547461,0.7593818984547461,-1,1,True,True,0.9867549668874173,True,True,2023,2023-08,2023-W32
NQ,2023-08-08,2023-08-08 13:30:00+00:00,2023-08-08 15:29:00+00:00,15379.0,15379.5,15221.0,15260.5,245436,3751076053.8333335,120,15283.316440266846,2023-08-08 15:30:00+00:00,2023-08-08 17:59:00+00:00,15260.25,15305.75,15218.0,15300.75,128988,1969463718.1666667,150,15268.580939053763,primary_2023_2025,158.5,125.875,1.259185700099305,standard,1_0_to_1_3,87.75,0.5536277602523659,False,0.46153846153846156,0.46153846153846156,-1,1,True,True,0.9430199430199431,True,True,2023,2023-08,2023-W32
NQ,2023-08-09,2023-08-09 13:30:00+00:00,2023-08-09 15:29:00+00:00,15361.0,15368.5,15150.25,15170.75,227502,3472167613.25,120,15262.141050408349,2023-08-09 15:30:00+00:00,2023-08-09 17:59:00+00:00,15171.0,15263.5,15146.5,15248.5,145976,2219199650.5833335,150,15202.496647279919,primary_2023_2025,218.25,130.625,1.6708133971291865,exhaustion,1_5_to_2_0,117.0,0.5360824742268041,False,0.6623931623931624,0.6623931623931624,-1,1,True,True,0.8717948717948718,True,True,2023,2023-08,2023-W32
NQ,2023-08-10,2023-08-10 13:30:00+00:00,2023-08-10 15:29:00+00:00,15300.75,15442.25,15261.5,15296.75,286801,4404083638.25,120,15355.886619119181,2023-08-10 15:30:00+00:00,2023-08-10 17:59:00+00:00,15297.0,15326.25,15136.0,15144.25,205824,3134301064.6666665,150,15228.06409683354,primary_2023_2025,180.75,134.375,1.3451162790697675,standard,1_3_to_1_5,190.25,1.0525587828492393,False,0.8028909329829172,-0.8028909329829172,-1,-1,False,True,0.04336399474375821,False,False,2023,2023-08,2023-W32
NQ,2023-08-11,2023-08-11 13:30:00+00:00,2023-08-11 15:29:00+00:00,15091.75,15174.25,15052.0,15057.75,212624,3211557794.4166665,120,15104.399288963928,2023-08-11 15:30:00+00:00,2023-08-11 17:59:00+00:00,15057.0,15119.25,15037.25,15084.75,141861,2138407032.9166667,150,15073.959953170122,primary_2023_2025,122.25,135.375,0.9030470914127424,standard,0_7_to_1_0,82.0,0.6707566462167689,False,0.3384146341463415,0.3384146341463415,-1,1,True,True,0.5792682926829268,True,True,2023,2023-08,2023-W32
NQ,2023-08-14,2023-08-14 13:30:00+00:00,2023-08-14 15:29:00+00:00,15068.25,15248.0,15035.0,15221.0,194902,2952177213.5,120,15146.982655385784,2023-08-14 15:30:00+00:00,2023-08-14 17:59:00+00:00,15221.25,15246.75,15172.25,15223.0,105728,1608657538.0833333,150,15215.056920431043,primary_2023_2025,213.0,134.375,1.5851162790697675,exhaustion,1_5_to_2_0,74.5,0.34976525821596244,True,0.02348993288590604,0.02348993288590604,1,1,False,False,0.6812080536912751,False,False,2023,2023-08,2023-W33
NQ,2023-08-15,2023-08-15 13:30:00+00:00,2023-08-15 15:29:00+00:00,15225.0,15259.25,15107.5,15171.5,203082,3080976411.5,120,15171.09547621158,2023-08-15 15:30:00+00:00,2023-08-15 17:59:00+00:00,15171.5,15208.0,15137.75,15155.75,112019,1699521983.9166667,150,15171.729652261372,primary_2023_2025,151.75,138.5,1.095667870036101,standard,1_0_to_1_3,70.25,0.46293245469522243,True,0.22419928825622776,-0.22419928825622776,-1,-1,False,False,0.25622775800711745,True,True,2023,2023-08,2023-W33
NQ,2023-08-16,2023-08-16 13:30:00+00:00,2023-08-16 15:29:00+00:00,15079.75,15144.0,15051.0,15099.5,185300,2798768338.8333335,120,15103.98455927325,2023-08-16 15:30:00+00:00,2023-08-16 17:59:00+00:00,15099.25,15100.75,14987.25,15048.75,140833,2117500631.4166667,150,15035.543029095927,primary_2023_2025,93.0,146.875,0.6331914893617021,standard,le_0_7,113.5,1.2204301075268817,False,0.44493392070484583,-0.44493392070484583,1,-1,True,True,0.5418502202643172,False,False,2023,2023-08,2023-W33
NQ,2023-08-17,2023-08-17 13:30:00+00:00,2023-08-17 15:29:00+00:00,14994.25,15007.5,14856.75,14868.75,223820,3338265577.5,120,14914.956561075864,2023-08-17 15:30:00+00:00,2023-08-17 17:59:00+00:00,14869.0,14957.5,14858.75,14878.25,145829,2173343687.0833335,150,14903.370983023497,primary_2023_2025,150.75,146.875,1.0263829787234042,standard,1_0_to_1_3,98.75,0.6550580431177446,False,0.09367088607594937,0.09367088607594937,-1,1,True,False,0.19746835443037974,True,True,2023,2023-08,2023-W33
NQ,2023-08-18,2023-08-18 13:30:00+00:00,2023-08-18 15:29:00+00:00,14632.25,14714.75,14609.25,14671.0,242187,3551539522.9166665,120,14664.451530910686,2023-08-18 15:30:00+00:00,2023-08-18 17:59:00+00:00,14670.75,14751.0,14648.0,14730.25,168581,2480075163.6666665,150,14711.474980375408,primary_2023_2025,105.5,146.375,0.7207514944491887,standard,0_7_to_1_0,103.0,0.976303317535545,False,0.5776699029126213,0.5776699029126213,1,1,False,True,0.7985436893203883,True,True,2023,2023-08,2023-W33
NQ,2023-08-21,2023-08-21 13:30:00+00:00,2023-08-21 15:29:00+00:00,14808.75,14932.5,14793.5,14811.0,227251,3376519147.75,120,14858.104684907878,2023-08-21 15:30:00+00:00,2023-08-21 17:59:00+00:00,14811.5,14963.75,14788.75,14944.75,152681,2272226601.9166665,150,14882.183126365864,primary_2023_2025,139.0,138.5,1.0036101083032491,standard,1_0_to_1_3,175.0,1.2589928057553956,False,0.7614285714285715,0.7614285714285715,1,1,False,True,0.8914285714285715,True,True,2023,2023-08,2023-W34
NQ,2023-08-22,2023-08-22 13:30:00+00:00,2023-08-22 15:29:00+00:00,15091.5,15092.25,14969.25,15021.0,230757,3467959492.9166665,120,15028.620986217824,2023-08-22 15:30:00+00:00,2023-08-22 17:59:00+00:00,15021.0,15036.75,14932.0,14958.75,150271,2249558618.1666665,150,14970.011633426719,primary_2023_2025,123.0,140.5,0.8754448398576512,standard,0_7_to_1_0,104.75,0.8516260162601627,False,0.594272076372315,-0.594272076372315,-1,-1,False,True,0.2553699284009546,True,True,2023,2023-08,2023-W34
NQ,2023-08-23,2023-08-23 13:30:00+00:00,2023-08-23 15:29:00+00:00,15009.25,15198.25,14999.5,15189.5,208563,3151016817.9166665,120,15108.225418298867,2023-08-23 15:30:00+00:00,2023-08-23 17:59:00+00:00,15189.75,15242.5,15167.75,15236.75,104940,1594803391.9166667,150,15197.287897052285,primary_2023_2025,198.75,140.5,1.414590747330961,standard,1_3_to_1_5,74.75,0.37610062893081764,True,0.6287625418060201,0.6287625418060201,1,1,False,True,0.9230769230769231,False,False,2023,2023-08,2023-W34
NQ,2023-08-24,2023-08-24 13:30:00+00:00,2023-08-24 15:29:00+00:00,15335.5,15339.75,14991.25,15018.0,325056,4921983896.583333,120,15141.956760014684,2023-08-24 15:30:00+00:00,2023-08-24 17:59:00+00:00,15017.75,15039.5,14943.5,14975.0,175159,2625197020.4166665,150,14987.508608844915,primary_2023_2025,348.5,146.375,2.380871050384287,exhaustion,gt_2_0,96.0,0.27546628407460544,True,0.4453125,-0.4453125,-1,-1,False,True,0.328125,False,False,2023,2023-08,2023-W34
NQ,2023-08-25,2023-08-25 13:30:00+00:00,2023-08-25 15:29:00+00:00,14897.25,15048.75,14751.75,14860.75,342442,5097592035.416667,120,14886.001236462429,2023-08-25 15:30:00+00:00,2023-08-25 17:59:00+00:00,14860.75,14904.75,14793.5,14881.0,178883,2657926554.1666665,150,14858.463655946438,primary_2023_2025,297.0,151.25,1.9636363636363636,exhaustion,1_5_to_2_0,111.25,0.37457912457912457,True,0.18202247191011237,0.18202247191011237,-1,1,True,False,0.7865168539325843,True,True,2023,2023-08,2023-W34
NQ,2023-08-28,2023-08-28 13:30:00+00:00,2023-08-28 15:29:00+00:00,15097.5,15126.5,14998.75,15016.75,215273,3240646591.4166665,120,15053.660196200482,2023-08-28 15:30:00+00:00,2023-08-28 17:59:00+00:00,15017.0,15105.0,14983.5,15009.25,144368,2171049989.1666665,150,15038.304812469984,primary_2023_2025,127.75,151.25,0.8446280991735537,standard,0_7_to_1_0,121.5,0.9510763209393346,False,0.06378600823045268,-0.06378600823045268,-1,-1,False,True,0.21193415637860083,True,True,2023,2023-08,2023-W35
NQ,2023-08-29,2023-08-29 13:30:00+00:00,2023-08-29 15:29:00+00:00,15076.75,15354.0,15062.75,15344.5,249787,3805247149.75,120,15233.967939684611,2023-08-29 15:30:00+00:00,2023-08-29 17:59:00+00:00,15344.75,15400.75,15342.75,15372.0,122462,1882838788.75,150,15374.88191234832,primary_2023_2025,291.25,151.25,1.9256198347107438,exhaustion,1_5_to_2_0,58.0,0.19914163090128756,True,0.4698275862068966,0.4698275862068966,1,1,False,True,0.5043103448275862,False,False,2023,2023-08,2023-W35
NQ,2023-08-30,2023-08-30 13:30:00+00:00,2023-08-30 15:29:00+00:00,15416.25,15507.25,15375.0,15463.0,248679,3839966736.25,120,15441.459617619501,2023-08-30 15:30:00+00:00,2023-08-30 17:59:00+00:00,15463.25,15522.75,15458.5,15483.25,107004,1658245594.4166667,150,15497.043049013744,primary_2023_2025,132.25,155.125,0.8525382755842063,standard,0_7_to_1_0,64.25,0.48582230623818523,True,0.311284046692607,0.311284046692607,1,1,False,True,0.3852140077821012,False,False,2023,2023-08,2023-W35
NQ,2023-08-31,2023-08-31 13:30:00+00:00,2023-08-31 15:29:00+00:00,15492.25,15606.75,15488.75,15566.5,202465,3149942170.3333335,120,15557.959006906543,2023-08-31 15:30:00+00:00,2023-08-31 17:59:00+00:00,15566.75,15582.75,15493.0,15557.25,129328,2010583068.0833333,150,15546.386459879788,primary_2023_2025,118.0,151.25,0.7801652892561983,standard,0_7_to_1_0,89.75,0.760593220338983,False,0.10584958217270195,-0.10584958217270195,1,-1,True,False,0.7158774373259053,True,True,2023,2023-08,2023-W35
NQ,2023-09-01,2023-09-01 13:30:00+00:00,2023-09-01 15:29:00+00:00,15633.0,15652.75,15482.0,15507.5,239917,3730193391.5833335,120,15547.849429524933,2023-09-01 15:30:00+00:00,2023-09-01 17:59:00+00:00,15507.75,15523.25,15454.0,15503.5,114413,1772432154.6666667,150,15491.527664397112,primary_2023_2025,170.75,151.25,1.1289256198347108,standard,1_0_to_1_3,69.25,0.4055636896046852,True,0.061371841155234655,-0.061371841155234655,-1,-1,False,True,0.7148014440433214,False,False,2023,2023-09,2023-W35
NQ,2023-09-04,2023-09-04 13:30:00+00:00,2023-09-04 15:29:00+00:00,15555.0,15578.75,15512.25,15519.25,27972,434916704.5833333,120,15548.287737141904,2023-09-04 15:30:00+00:00,2023-09-04 16:59:00+00:00,15519.75,15534.0,15518.25,15523.75,7364,114333869.41666667,90,15526.055053865653,primary_2023_2025,66.5,151.25,0.4396694214876033,standard,le_0_7,15.75,0.23684210526315788,True,0.25396825396825395,0.25396825396825395,-1,1,True,False,0.3492063492063492,False,False,2023,2023-09,2023-W36
NQ,2023-09-05,2023-09-05 13:30:00+00:00,2023-09-05 15:29:00+00:00,15481.75,15577.0,15442.75,15531.75,201830,3127957568.1666665,120,15497.981311830088,2023-09-05 15:30:00+00:00,2023-09-05 17:59:00+00:00,15532.25,15563.5,15503.0,15551.5,102457,1591649220.5,150,15534.802116985662,primary_2023_2025,134.25,151.25,0.8876033057851239,standard,0_7_to_1_0,60.5,0.4506517690875233,True,0.3181818181818182,0.3181818181818182,1,1,False,False,0.8016528925619835,False,False,2023,2023-09,2023-W36
NQ,2023-09-06,2023-09-06 13:30:00+00:00,2023-09-06 15:29:00+00:00,15499.5,15514.25,15348.25,15389.5,241948,3732208395.3333335,120,15425.663346393992,2023-09-06 15:30:00+00:00,2023-09-06 17:59:00+00:00,15390.0,15399.0,15310.5,15357.0,138075,2119958719.5,150,15353.675317762087,primary_2023_2025,166.0,144.875,1.1458153580672994,standard,1_0_to_1_3,88.5,0.5331325301204819,False,0.3728813559322034,-0.3728813559322034,-1,-1,False,True,0.5254237288135594,False,False,2023,2023-09,2023-W36
NQ,2023-09-07,2023-09-07 13:30:00+00:00,2023-09-07 15:29:00+00:00,15200.5,15281.25,15157.5,15229.0,244179,3715314330.0,120,15215.535856891871,2023-09-07 15:30:00+00:00,2023-09-07 17:59:00+00:00,15229.0,15287.5,15197.5,15279.5,121268,1848987218.1666667,150,15247.11562956977,primary_2023_2025,123.75,144.875,0.8541846419327006,standard,0_7_to_1_0,90.0,0.7272727272727273,False,0.5611111111111111,0.5611111111111111,1,1,False,True,0.9111111111111111,True,True,2023,2023-09,2023-W36
NQ,2023-09-08,2023-09-08 13:30:00+00:00,2023-09-08 15:29:00+00:00,15273.0,15390.75,15270.0,15355.25,201233,3087482225.5833335,120,15342.822626424759,2023-09-08 15:30:00+00:00,2023-09-08 17:59:00+00:00,15355.25,15369.75,15301.0,15327.0,106556,1633866670.6666667,150,15333.408448765595,primary_2023_2025,120.75,136.625,0.8838060384263495,standard,0_7_to_1_0,68.75,0.5693581780538303,False,0.4109090909090909,-0.4109090909090909,1,-1,True,False,0.3781818181818182,True,True,2023,2023-09,2023-W36
NQ,2023-09-11,2023-09-11 13:30:00+00:00,2023-09-11 15:29:00+00:00,15618.75,15646.75,15537.25,15593.5,189270,2948719468.5,120,15579.43397527342,2023-09-11 15:30:00+00:00,2023-09-11 17:59:00+00:00,15593.25,15669.0,15559.5,15667.25,103444,1614226311.1666667,150,15604.832674361653,primary_2023_2025,109.5,136.625,0.8014638609332113,standard,0_7_to_1_0,109.5,1.0,False,0.6757990867579908,0.6757990867579908,-1,1,True,True,0.9840182648401826,True,True,2023,2023-09,2023-W37
NQ,2023-09-12,2023-09-12 13:30:00+00:00,2023-09-12 15:29:00+00:00,15600.5,15658.75,15516.75,15544.25,209681,3270235544.6666665,120,15596.241646437524,2023-09-12 15:30:00+00:00,2023-09-12 17:59:00+00:00,15544.25,15615.75,15530.0,15541.75,125224,1949577266.3333333,150,15568.718986243319,primary_2023_2025,142.0,133.25,1.0656660412757974,standard,1_0_to_1_3,85.75,0.6038732394366197,False,0.029154518950437316,-0.029154518950437316,-1,-1,False,False,0.13702623906705538,True,True,2023,2023-09,2023-W37
NQ,2023-09-13,2023-09-13 13:30:00+00:00,2023-09-13 15:29:00+00:00,15503.75,15595.0,15454.25,15592.25,260786,4051009802.9166665,120,15533.846920143975,2023-09-13 15:30:00+00:00,2023-09-13 17:59:00+00:00,15592.25,15619.75,15537.5,15604.5,125713,1959435642.4166667,150,15586.579291057144,primary_2023_2025,140.75,133.25,1.0562851782363978,standard,1_0_to_1_3,82.25,0.5843694493783304,False,0.14893617021276595,0.14893617021276595,1,1,False,True,0.8145896656534954,False,False,2023,2023-09,2023-W37
NQ,2023-09-14,2023-09-14 13:30:00+00:00,2023-09-14 15:29:00+00:00,15620.0,15694.75,15531.0,15660.5,234321,3657106235.25,120,15607.249180611212,2023-09-14 15:30:00+00:00,2023-09-14 17:59:00+00:00,15660.5,15709.25,15627.0,15680.25,120533,1889478027.8333333,150,15676.02256505134,primary_2023_2025,163.75,136.625,1.1985361390667886,standard,1_0_to_1_3,82.25,0.5022900763358779,False,0.24012158054711247,0.24012158054711247,1,1,False,True,0.6474164133738601,False,False,2023,2023-09,2023-W37
NQ,2023-09-15,2023-09-15 13:30:00+00:00,2023-09-15 15:29:00+00:00,15610.5,15627.5,15414.25,15430.25,255131,3955145300.5,120,15502.409744405815,2023-09-15 15:30:00+00:00,2023-09-15 17:59:00+00:00,15430.5,15468.0,15365.0,15395.5,149865,2311332784.5,150,15422.765719147232,primary_2023_2025,213.25,136.625,1.5608417200365965,exhaustion,1_5_to_2_0,103.0,0.48300117233294254,True,0.33980582524271846,-0.33980582524271846,-1,-1,False,True,0.2961165048543689,False,False,2023,2023-09,2023-W37
NQ,2023-09-18,2023-09-18 13:30:00+00:00,2023-09-18 15:29:00+00:00,15355.75,15439.5,15343.0,15422.25,213180,3283282377.0,120,15401.4559386434,2023-09-18 15:30:00+00:00,2023-09-18 17:59:00+00:00,15422.0,15461.0,15419.5,15436.0,98019,1513555586.6666667,150,15441.45101119851,primary_2023_2025,96.5,139.875,0.6899016979445934,standard,le_0_7,41.5,0.43005181347150256,True,0.3373493975903614,0.3373493975903614,1,1,False,True,0.39759036144578314,False,False,2023,2023-09,2023-W38
NQ,2023-09-19,2023-09-19 13:30:00+00:00,2023-09-19 15:29:00+00:00,15355.0,15373.25,15248.5,15281.0,208819,3195421463.9166665,120,15302.350188041637,2023-09-19 15:30:00+00:00,2023-09-19 17:59:00+00:00,15280.75,15380.0,15258.0,15373.0,126279,1933310945.0833333,150,15309.83730535824,primary_2023_2025,124.75,137.5,0.9072727272727272,standard,0_7_to_1_0,122.0,0.9779559118236473,False,0.7561475409836066,0.7561475409836066,-1,1,True,True,0.9426229508196722,True,True,2023,2023-09,2023-W38
NQ,2023-09-20,2023-09-20 13:30:00+00:00,2023-09-20 15:29:00+00:00,15419.25,15435.25,15330.25,15335.75,167535,2577735732.4166665,120,15386.25202146815,2023-09-20 15:30:00+00:00,2023-09-20 17:59:00+00:00,15336.25,15386.75,15328.5,15371.25,78011,1198571541.0833333,150,15364.135071763383,primary_2023_2025,105.0,137.5,0.7636363636363637,standard,0_7_to_1_0,58.25,0.5547619047619048,False,0.6008583690987125,0.6008583690987125,-1,1,True,True,0.7339055793991416,True,True,2023,2023-09,2023-W38
NQ,2023-09-21,2023-09-21 13:30:00+00:00,2023-09-21 15:29:00+00:00,14988.0,15020.25,14919.0,14943.0,250179,3746256608.3333335,120,14974.304831074285,2023-09-21 15:30:00+00:00,2023-09-21 17:59:00+00:00,14942.75,15001.0,14921.0,14978.25,121299,1814647372.25,150,14960.11815637392,primary_2023_2025,101.25,133.25,0.7598499061913696,standard,0_7_to_1_0,80.0,0.7901234567901234,False,0.44375,0.44375,-1,1,True,False,0.715625,True,True,2023,2023-09,2023-W38
NQ,2023-09-22,2023-09-22 13:30:00+00:00,2023-09-22 15:29:00+00:00,14937.5,15017.25,14888.0,15010.5,200758,3002351604.9166665,120,14955.078277910054,2023-09-22 15:30:00+00:00,2023-09-22 17:59:00+00:00,15010.75,15027.5,14909.25,14916.0,131442,1968478528.5,150,14976.023862235816,primary_2023_2025,129.25,130.0,0.9942307692307693,standard,0_7_to_1_0,118.25,0.9148936170212766,False,0.8012684989429175,-0.8012684989429175,1,-1,True,True,0.05708245243128964,True,True,2023,2023-09,2023-W38
NQ,2023-09-25,2023-09-25 13:30:00+00:00,2023-09-25 15:29:00+00:00,14824.5,14917.5,14782.5,14896.5,193940,2880796350.75,120,14854.059764617923,2023-09-25 15:30:00+00:00,2023-09-25 17:59:00+00:00,14897.0,14936.25,14864.5,14902.75,108820,1621282084.8333333,150,14898.751009312013,primary_2023_2025,135.0,128.5,1.0505836575875487,standard,1_0_to_1_3,71.75,0.5314814814814814,False,0.08013937282229965,0.08013937282229965,1,1,False,True,0.5331010452961672,False,False,2023,2023-09,2023-W39
NQ,2023-09-26,2023-09-26 13:30:00+00:00,2023-09-26 15:29:00+00:00,14825.0,14846.25,14724.5,14728.75,225047,3325554430.25,120,14777.155128706449,2023-09-26 15:30:00+00:00,2023-09-26 17:59:00+00:00,14728.75,14784.0,14704.25,14738.0,152461,2248494058.9166665,150,14747.994955540542,primary_2023_2025,121.75,130.75,0.9311663479923518,standard,0_7_to_1_0,79.75,0.6550308008213552,False,0.11598746081504702,0.11598746081504702,-1,1,True,True,0.4231974921630094,True,True,2023,2023-09,2023-W39
NQ,2023-09-27,2023-09-27 13:30:00+00:00,2023-09-27 15:29:00+00:00,14753.0,14806.0,14682.0,14738.75,206467,3044147215.0833335,120,14743.989185115943,2023-09-27 15:30:00+00:00,2023-09-27 17:59:00+00:00,14738.5,14741.25,14586.0,14620.0,169911,2490239522.5833335,150,14656.1407006217,primary_2023_2025,124.0,127.0,0.9763779527559056,standard,0_7_to_1_0,155.25,1.252016129032258,False,0.7632850241545893,-0.7632850241545893,-1,-1,False,True,0.21900161030595813,False,False,2023,2023-09,2023-W39
NQ,2023-09-28,2023-09-28 13:30:00+00:00,2023-09-28 15:29:00+00:00,14695.0,14827.25,14658.0,14827.0,225959,3329696487.75,120,14735.843616541053,2023-09-28 15:30:00+00:00,2023-09-28 17:59:00+00:00,14826.75,14947.5,14825.0,14850.5,175568,2613834639.9166665,150,14887.876150076703,primary_2023_2025,169.25,124.375,1.3608040201005025,standard,1_3_to_1_5,122.5,0.723781388478582,False,0.19387755102040816,0.19387755102040816,1,1,False,True,0.20816326530612245,False,False,2023,2023-09,2023-W39
NQ,2023-09-29,2023-09-29 13:30:00+00:00,2023-09-29 15:29:00+00:00,15001.5,15060.75,14952.0,14954.0,225586,3384628282.25,120,15003.71602071937,2023-09-29 15:30:00+00:00,2023-09-29 17:59:00+00:00,14953.5,14965.75,14819.75,14820.0,183006,2727486404.8333335,150,14903.80864470746,primary_2023_2025,108.75,127.0,0.8562992125984252,standard,0_7_to_1_0,146.0,1.342528735632184,False,0.9143835616438356,-0.9143835616438356,-1,-1,False,True,0.0017123287671232876,False,False,2023,2023-09,2023-W39
NQ,2023-10-02,2023-10-02 13:30:00+00:00,2023-10-02 15:29:00+00:00,14873.75,15046.0,14847.75,15039.0,261481,3909042294.25,120,14949.622703944073,2023-10-02 15:30:00+00:00,2023-10-02 17:59:00+00:00,15039.0,15045.25,14866.75,14909.0,173286,2586267275.0833335,150,14924.848372536348,primary_2023_2025,198.25,124.375,1.593969849246231,exhaustion,1_5_to_2_0,178.5,0.9003783102143758,False,0.7282913165266106,-0.7282913165266106,1,-1,True,False,0.23669467787114845,True,True,2023,2023-10,2023-W40
NQ,2023-10-03,2023-10-03 13:30:00+00:00,2023-10-03 15:29:00+00:00,14880.25,14974.75,14725.0,14738.0,282277,4186541131.25,120,14831.32218087198,2023-10-03 15:30:00+00:00,2023-10-03 17:59:00+00:00,14737.25,14785.0,14689.75,14696.75,150960,2225016863.3333335,150,14739.115416887476,primary_2023_2025,249.75,127.0,1.9665354330708662,exhaustion,1_5_to_2_0,95.25,0.3813813813813814,True,0.4251968503937008,-0.4251968503937008,-1,-1,False,True,0.07349081364829396,False,False,2023,2023-10,2023-W40
NQ,2023-10-04,2023-10-04 13:30:00+00:00,2023-10-04 15:29:00+00:00,14753.0,14857.0,14734.5,14838.75,274744,4064571057.0,120,14794.03028637568,2023-10-04 15:30:00+00:00,2023-10-04 17:59:00+00:00,14839.0,14899.0,14815.5,14820.25,152122,2260701471.75,150,14861.108003773286,primary_2023_2025,122.5,127.0,0.9645669291338582,standard,0_7_to_1_0,83.5,0.6816326530612244,False,0.2245508982035928,-0.2245508982035928,1,-1,True,True,0.05688622754491018,False,False,2023,2023-10,2023-W40
NQ,2023-10-05,2023-10-05 13:30:00+00:00,2023-10-05 15:29:00+00:00,14909.0,14926.5,14716.25,14756.25,228561,3381820739.3333335,120,14796.140808507722,2023-10-05 15:30:00+00:00,2023-10-05 17:59:00+00:00,14756.0,14862.0,14735.25,14856.0,151635,2244289589.6666665,150,14800.604014024906,primary_2023_2025,210.25,124.375,1.6904522613065327,exhaustion,1_5_to_2_0,126.75,0.6028537455410226,False,0.7889546351084813,0.7889546351084813,-1,1,True,False,0.9526627218934911,True,True,2023,2023-10,2023-W40
NQ,2023-10-06,2023-10-06 13:30:00+00:00,2023-10-06 15:29:00+00:00,14736.75,14950.5,14702.25,14923.5,300385,4451886423.166667,120,14820.601638452876,2023-10-06 15:30:00+00:00,2023-10-06 17:59:00+00:00,14923.75,15098.5,14922.5,15096.0,184902,2780818652.0,150,15039.419000335312,primary_2023_2025,248.25,127.0,1.954724409448819,exhaustion,1_5_to_2_0,176.0,0.7089627391742196,False,0.9786931818181818,0.9786931818181818,1,1,False,True,0.9857954545454546,False,False,2023,2023-10,2023-W40
NQ,2023-10-09,2023-10-09 13:30:00+00:00,2023-10-09 15:29:00+00:00,15012.25,15066.75,14949.5,15031.25,197837,2969776753.4166665,120,15011.230221933543,2023-10-09 15:30:00+00:00,2023-10-09 17:59:00+00:00,15031.5,15192.0,15021.75,15191.5,126390,1907338943.0,150,15090.90072790569,primary_2023_2025,117.25,132.125,0.8874172185430463,standard,0_7_to_1_0,170.25,1.4520255863539446,False,0.9397944199706314,0.9397944199706314,1,1,False,True,0.9970631424375918,False,False,2023,2023-10,2023-W41
NQ,2023-10-10,2023-10-10 13:30:00+00:00,2023-10-10 15:29:00+00:00,15201.0,15359.0,15180.0,15351.5,207654,3171303208.8333335,120,15272.05451777155,2023-10-10 15:30:00+00:00,2023-10-10 17:59:00+00:00,15351.75,15383.5,15255.25,15291.25,169821,2602721506.9166665,150,15326.264165896248,primary_2023_2025,179.0,132.125,1.3547776726584673,standard,1_3_to_1_5,128.25,0.7164804469273743,False,0.47173489278752434,-0.47173489278752434,1,-1,True,True,0.2807017543859649,True,True,2023,2023-10,2023-W41
NQ,2023-10-11,2023-10-11 13:30:00+00:00,2023-10-11 15:29:00+00:00,15325.25,15387.25,15300.5,15313.25,207654,3185631263.4166665,120,15341.054173850089,2023-10-11 15:30:00+00:00,2023-10-11 17:59:00+00:00,15313.5,15330.75,15253.0,15282.0,125343,1916896656.0,150,15293.208683372824,primary_2023_2025,86.75,132.125,0.6565752128666036,standard,le_0_7,77.75,0.8962536023054755,False,0.40514469453376206,-0.40514469453376206,-1,-1,False,True,0.3729903536977492,False,False,2023,2023-10,2023-W41
NQ,2023-10-12,2023-10-12 13:30:00+00:00,2023-10-12 15:29:00+00:00,15392.75,15467.0,15366.0,15418.25,224364,3458400212.5833335,120,15414.238525714167,2023-10-12 15:30:00+00:00,2023-10-12 17:59:00+00:00,15418.25,15468.75,15277.0,15281.0,196629,3023835612.5833335,150,15378.380669094251,primary_2023_2025,101.0,127.0,0.7952755905511811,standard,0_7_to_1_0,191.75,1.8985148514851484,False,0.7157757496740548,-0.7157757496740548,1,-1,True,True,0.020860495436766623,True,True,2023,2023-10,2023-W41
NQ,2023-10-13,2023-10-13 13:30:00+00:00,2023-10-13 15:29:00+00:00,15342.25,15366.75,15147.25,15159.25,241910,3694413784.25,120,15271.852276673142,2023-10-13 15:30:00+00:00,2023-10-13 17:59:00+00:00,15159.25,15200.75,15062.25,15117.0,210799,3190771097.5833335,150,15136.557087952664,primary_2023_2025,219.5,124.375,1.764824120603015,exhaustion,1_5_to_2_0,138.5,0.6309794988610479,False,0.30505415162454874,-0.30505415162454874,-1,-1,False,True,0.3953068592057762,False,False,2023,2023-10,2023-W41
NQ,2023-10-16,2023-10-16 13:30:00+00:00,2023-10-16 15:29:00+00:00,15175.75,15325.75,15168.75,15302.25,222401,3393036929.75,120,15256.392416176186,2023-10-16 15:30:00+00:00,2023-10-16 17:59:00+00:00,15301.75,15321.25,15212.0,15309.0,139385,2129496255.9166667,150,15277.80073836257,primary_2023_2025,157.0,124.375,1.2623115577889448,standard,1_0_to_1_3,109.25,0.695859872611465,False,0.06636155606407322,0.06636155606407322,1,1,False,False,0.8878718535469108,True,True,2023,2023-10,2023-W42
NQ,2023-10-17,2023-10-17 13:30:00+00:00,2023-10-17 15:29:00+00:00,15138.5,15247.0,15050.25,15231.5,291620,4419157651.416667,120,15153.822273563772,2023-10-17 15:30:00+00:00,2023-10-17 17:59:00+00:00,15231.25,15309.25,15191.0,15204.5,178209,2720386269.5,150,15265.145247995331,primary_2023_2025,196.75,127.0,1.5492125984251968,exhaustion,1_5_to_2_0,118.25,0.6010165184243964,False,0.226215644820296,-0.226215644820296,1,-1,True,True,0.11416490486257928,False,False,2023,2023-10,2023-W42
NQ,2023-10-18,2023-10-18 13:30:00+00:00,2023-10-18 15:29:00+00:00,15130.75,15223.75,15093.0,15130.0,275034,4165993172.4166665,120,15147.193337611592,2023-10-18 15:30:00+00:00,2023-10-18 17:59:00+00:00,15130.0,15177.25,15065.0,15113.5,230318,3482859050.5,150,15121.957686763519,primary_2023_2025,130.75,132.125,0.9895931882686849,standard,0_7_to_1_0,112.25,0.858508604206501,False,0.14699331848552338,-0.14699331848552338,-1,-1,False,True,0.43207126948775054,True,True,2023,2023-10,2023-W42
NQ,2023-10-19,2023-10-19 13:30:00+00:00,2023-10-19 15:29:00+00:00,15087.5,15109.0,14966.25,15014.0,258447,3887550733.5,120,15041.96501990737,2023-10-19 15:30:00+00:00,2023-10-19 17:59:00+00:00,15014.0,15138.25,14925.25,14991.0,365599,5498177095.666667,150,15038.818748592494,primary_2023_2025,142.75,132.875,1.0743179680150516,standard,1_0_to_1_3,213.0,1.4921190893169878,False,0.107981220657277,-0.107981220657277,-1,-1,False,True,0.3086854460093897,True,True,2023,2023-10,2023-W42
NQ,2023-10-20,2023-10-20 13:30:00+00:00,2023-10-20 15:29:00+00:00,14862.5,14886.0,14666.25,14676.25,287650,4252577053.25,120,14783.85904136972,2023-10-20 15:30:00+00:00,2023-10-20 17:59:00+00:00,14676.0,14803.25,14660.25,14777.0,213439,3145188998.8333335,150,14735.774618665442,primary_2023_2025,219.75,138.875,1.5823582358235824,exhaustion,1_5_to_2_0,143.0,0.6507394766780432,False,0.7062937062937062,0.7062937062937062,-1,1,True,True,0.8164335664335665,True,True,2023,2023-10,2023-W42
NQ,2023-10-23,2023-10-23 13:30:00+00:00,2023-10-23 15:29:00+00:00,14602.5,14749.0,14514.25,14741.0,260309,3810516514.5833335,120,14638.43553078585,2023-10-23 15:30:00+00:00,2023-10-23 17:59:00+00:00,14741.25,14853.75,14727.0,14798.5,164500,2432434382.4166665,150,14786.835151469097,primary_2023_2025,234.75,149.875,1.5663052543786489,exhaustion,1_5_to_2_0,126.75,0.5399361022364217,False,0.4516765285996055,0.4516765285996055,1,1,False,True,0.5641025641025641,False,False,2023,2023-10,2023-W43
NQ,2023-10-24,2023-10-24 13:30:00+00:00,2023-10-24 15:29:00+00:00,14778.25,14878.0,14758.5,14802.25,246547,3653273362.75,120,14817.756301029824,2023-10-24 15:30:00+00:00,2023-10-24 17:59:00+00:00,14802.0,14834.0,14706.0,14772.5,171444,2531426395.8333335,150,14765.325096435767,primary_2023_2025,119.5,163.125,0.7325670498084291,standard,0_7_to_1_0,128.0,1.0711297071129706,False,0.23046875,-0.23046875,1,-1,True,True,0.51953125,True,True,2023,2023-10,2023-W43
NQ,2023-10-25,2023-10-25 13:30:00+00:00,2023-10-25 15:29:00+00:00,14741.5,14749.25,14596.75,14637.25,286520,4196012030.6666665,120,14644.743929452277,2023-10-25 15:30:00+00:00,2023-10-25 17:59:00+00:00,14637.5,14649.0,14453.0,14483.0,202009,2938500693.5833335,150,14546.38503028743,primary_2023_2025,152.5,163.125,0.9348659003831418,standard,0_7_to_1_0,196.0,1.2852459016393443,False,0.7882653061224489,-0.7882653061224489,-1,-1,False,True,0.15306122448979592,True,True,2023,2023-10,2023-W43
NQ,2023-10-26,2023-10-26 13:30:00+00:00,2023-10-26 15:29:00+00:00,14420.75,14459.0,14251.0,14257.5,319369,4579745945.833333,120,14339.982734183133,2023-10-26 15:30:00+00:00,2023-10-26 17:59:00+00:00,14257.75,14285.0,14140.25,14223.75,225268,3199575412.8333335,150,14203.417319962593,primary_2023_2025,208.0,163.125,1.275095785440613,standard,1_0_to_1_3,144.75,0.6959134615384616,False,0.23488773747841105,-0.23488773747841105,-1,-1,False,True,0.5768566493955095,False,False,2023,2023-10,2023-W43
NQ,2023-10-27,2023-10-27 13:30:00+00:00,2023-10-27 15:29:00+00:00,14307.0,14407.75,14274.0,14389.5,281978,4041174791.8333335,120,14331.525125482603,2023-10-27 15:30:00+00:00,2023-10-27 17:59:00+00:00,14390.25,14394.25,14228.75,14243.0,175242,2507895271.8333335,150,14311.040000874982,primary_2023_2025,133.75,168.0,0.7961309523809523,standard,0_7_to_1_0,165.5,1.2373831775700934,False,0.8897280966767371,-0.8897280966767371,1,-1,True,True,0.08610271903323263,True,True,2023,2023-10,2023-W43
NQ,2023-10-30,2023-10-30 13:30:00+00:00,2023-10-30 15:29:00+00:00,14365.75,14476.5,14306.25,14340.5,274767,3952572938.1666665,120,14385.180673685947,2023-10-30 15:30:00+00:00,2023-10-30 17:59:00+00:00,14340.5,14429.25,14310.5,14426.0,179509,2578780466.9166665,150,14365.744708714697,primary_2023_2025,170.25,168.0,1.0133928571428572,standard,1_0_to_1_3,118.75,0.697503671071953,False,0.72,0.72,-1,1,True,False,0.9726315789473684,True,True,2023,2023-10,2023-W44
NQ,2023-10-31,2023-10-31 13:30:00+00:00,2023-10-31 15:29:00+00:00,14419.25,14434.25,14311.25,14379.75,254635,3661388666.25,120,14378.968587389792,2023-10-31 15:30:00+00:00,2023-10-31 17:59:00+00:00,14380.0,14483.5,14366.25,14477.5,170353,2455858399.25,150,14416.290873949974,primary_2023_2025,123.0,163.625,0.7517188693659282,standard,0_7_to_1_0,117.25,0.9532520325203252,False,0.8315565031982942,0.8315565031982942,-1,1,True,True,0.9488272921108742,True,True,2023,2023-10,2023-W44
NQ,2023-11-01,2023-11-01 13:30:00+00:00,2023-11-01 15:29:00+00:00,14520.25,14649.5,14515.25,14590.75,239524,3493567135.1666665,120,14585.457554009898,2023-11-01 15:30:00+00:00,2023-11-01 17:59:00+00:00,14591.0,14620.0,14562.25,14605.75,115422,1684611740.25,150,14595.239557883246,primary_2023_2025,134.25,154.75,0.8675282714054927,standard,0_7_to_1_0,57.75,0.4301675977653631,True,0.2554112554112554,0.2554112554112554,1,1,False,False,0.7532467532467533,True,True,2023,2023-11,2023-W44
NQ,2023-11-02,2023-11-02 13:30:00+00:00,2023-11-02 15:29:00+00:00,14920.5,14972.0,14869.5,14940.25,225527,3366183415.0,120,14925.855507322849,2023-11-02 15:30:00+00:00,2023-11-02 17:59:00+00:00,14940.25,14999.5,14922.75,14993.5,129331,1934524607.8333333,150,14957.934353197094,primary_2023_2025,102.5,154.75,0.6623586429725363,standard,le_0_7,76.75,0.748780487804878,False,0.6938110749185668,0.6938110749185668,1,1,False,True,0.9218241042345277,True,True,2023,2023-11,2023-W44
NQ,2023-11-03,2023-11-03 13:30:00+00:00,2023-11-03 15:29:00+00:00,15051.0,15163.25,15040.5,15104.75,226845,3424420406.9166665,120,15095.860199328468,2023-11-03 15:30:00+00:00,2023-11-03 17:59:00+00:00,15105.0,15204.5,15102.5,15191.5,133928,2031237948.6666667,150,15166.64139438106,primary_2023_2025,122.75,147.625,0.8314987298899238,standard,0_7_to_1_0,102.0,0.8309572301425662,False,0.8480392156862745,0.8480392156862745,1,1,False,True,0.8725490196078431,False,False,2023,2023-11,2023-W44
NQ,2023-11-06,2023-11-06 14:30:00+00:00,2023-11-06 16:29:00+00:00,15204.0,15257.5,15185.0,15221.25,177290,2698297426.1666665,120,15219.682024742888,2023-11-06 16:30:00+00:00,2023-11-06 18:59:00+00:00,15221.25,15229.0,15138.0,15169.25,113276,1720416579.5,150,15187.829544652,primary_2023_2025,72.5,138.5,0.5234657039711191,standard,le_0_7,91.0,1.2551724137931035,False,0.5714285714285714,-0.5714285714285714,1,-1,True,True,0.3434065934065934,True,True,2023,2023-11,2023-W45
NQ,2023-11-07,2023-11-07 14:30:00+00:00,2023-11-07 16:29:00+00:00,15275.75,15395.5,15224.0,15384.75,210175,3218430810.4166665,120,15313.10008524642,2023-11-07 16:30:00+00:00,2023-11-07 18:59:00+00:00,15384.75,15407.5,15329.25,15400.75,131152,2016549338.25,150,15375.665931514579,primary_2023_2025,171.5,138.5,1.2382671480144405,standard,1_0_to_1_3,78.25,0.45626822157434405,True,0.20447284345047922,0.20447284345047922,1,1,False,True,0.9137380191693291,False,False,2023,2023-11,2023-W45
NQ,2023-11-08,2023-11-08 14:30:00+00:00,2023-11-08 16:29:00+00:00,15388.5,15417.5,15330.5,15346.0,204509,3143215825.3333335,120,15369.572123150245,2023-11-08 16:30:00+00:00,2023-11-08 18:59:00+00:00,15346.0,15369.5,15286.75,15358.5,141431,2169165097.25,150,15337.26762343475,primary_2023_2025,87.0,138.5,0.628158844765343,standard,le_0_7,82.75,0.9511494252873564,False,0.1510574018126888,0.1510574018126888,-1,1,True,True,0.8670694864048338,False,False,2023,2023-11,2023-W45
NQ,2023-11-09,2023-11-09 14:30:00+00:00,2023-11-09 16:29:00+00:00,15404.5,15432.75,15346.0,15408.25,210356,3236772606.1666665,120,15387.118057800426,2023-11-09 16:30:00+00:00,2023-11-09 18:59:00+00:00,15408.25,15453.75,15305.0,15342.75,193805,2980619677.6666665,150,15379.477710413386,primary_2023_2025,86.75,138.5,0.6263537906137184,standard,le_0_7,148.75,1.7146974063400577,False,0.4403361344537815,-0.4403361344537815,1,-1,True,True,0.253781512605042,True,True,2023,2023-11,2023-W45
NQ,2023-11-10,2023-11-10 14:30:00+00:00,2023-11-10 16:29:00+00:00,15327.75,15448.5,15305.5,15436.25,227756,3499515464.25,120,15365.19549100792,2023-11-10 16:30:00+00:00,2023-11-10 18:59:00+00:00,15436.25,15568.75,15412.75,15558.25,170125,2637240947.1666665,150,15501.783671809942,primary_2023_2025,143.0,138.5,1.032490974729242,standard,1_0_to_1_3,156.0,1.0909090909090908,False,0.782051282051282,0.782051282051282,1,1,False,True,0.9326923076923077,False,False,2023,2023-11,2023-W45
NQ,2023-11-13,2023-11-13 14:30:00+00:00,2023-11-13 16:29:00+00:00,15529.75,15568.75,15465.25,15568.5,208421,3233992873.25,120,15516.636391006665,2023-11-13 16:30:00+00:00,2023-11-13 18:59:00+00:00,15568.0,15589.5,15536.5,15558.75,118495,1843872646.0,150,15560.763289590279,primary_2023_2025,103.5,138.5,0.7472924187725631,standard,0_7_to_1_0,53.0,0.5120772946859904,False,0.17452830188679244,-0.17452830188679244,1,-1,True,True,0.419811320754717,False,False,2023,2023-11,2023-W46
NQ,2023-11-14,2023-11-14 14:30:00+00:00,2023-11-14 16:29:00+00:00,15812.0,15903.0,15790.25,15870.25,222164,3522632473.4166665,120,15856.00040248045,2023-11-14 16:30:00+00:00,2023-11-14 18:59:00+00:00,15870.5,15888.0,15833.25,15851.5,108614,1722623924.3333333,150,15860.054176564101,primary_2023_2025,112.75,134.0,0.8414179104477612,standard,0_7_to_1_0,54.75,0.48558758314855877,True,0.3470319634703196,-0.3470319634703196,1,-1,True,False,0.3333333333333333,True,True,2023,2023-11,2023-W46
NQ,2023-11-15,2023-11-15 14:30:00+00:00,2023-11-15 16:29:00+00:00,15957.25,15977.25,15906.0,15958.25,207071,3301310354.75,120,15942.890867142189,2023-11-15 16:30:00+00:00,2023-11-15 18:59:00+00:00,15958.0,15958.25,15832.5,15908.25,168169,2673134716.3333335,150,15895.526026398049,primary_2023_2025,71.25,132.25,0.5387523629489603,standard,le_0_7,125.75,1.7649122807017543,False,0.3956262425447316,-0.3956262425447316,1,-1,True,True,0.6023856858846919,True,True,2023,2023-11,2023-W46
NQ,2023-11-16,2023-11-16 14:30:00+00:00,2023-11-16 16:29:00+00:00,15850.75,15905.75,15808.25,15812.75,227625,3608968558.75,120,15854.886584294343,2023-11-16 16:30:00+00:00,2023-11-16 18:59:00+00:00,15812.75,15902.75,15796.75,15848.25,149663,2372805973.4166665,150,15854.325874910075,primary_2023_2025,97.5,128.375,0.759493670886076,standard,0_7_to_1_0,106.0,1.087179487179487,False,0.33490566037735847,0.33490566037735847,-1,1,True,True,0.4858490566037736,True,True,2023,2023-11,2023-W46
NQ,2023-11-17,2023-11-17 14:30:00+00:00,2023-11-17 16:29:00+00:00,15862.75,15880.75,15825.0,15859.0,192199,3047390079.0,120,15855.38987715857,2023-11-17 16:30:00+00:00,2023-11-17 18:59:00+00:00,15858.75,15920.5,15850.25,15910.0,121982,1937771881.9166667,150,15885.719876019959,primary_2023_2025,55.75,122.875,0.4537131230925738,standard,le_0_7,70.25,1.2600896860986548,False,0.7295373665480427,0.7295373665480427,-1,1,True,True,0.8505338078291815,True,True,2023,2023-11,2023-W46
NQ,2023-11-20,2023-11-20 14:30:00+00:00,2023-11-20 16:29:00+00:00,15895.0,16018.5,15894.75,16011.25,208718,3334405434.5833335,120,15975.648648335713,2023-11-20 16:30:00+00:00,2023-11-20 18:59:00+00:00,16011.25,16076.25,16001.5,16070.75,114996,1844524927.4166667,150,16039.905104670308,primary_2023_2025,123.75,121.125,1.021671826625387,standard,1_0_to_1_3,74.75,0.604040404040404,False,0.7959866220735786,0.7959866220735786,1,1,False,True,0.9264214046822743,False,False,2023,2023-11,2023-W47
NQ,2023-11-21,2023-11-21 14:30:00+00:00,2023-11-21 16:29:00+00:00,16013.0,16020.75,15916.75,15947.5,203703,3252602089.4166665,120,15967.374508066481,2023-11-21 16:30:00+00:00,2023-11-21 18:59:00+00:00,15947.25,15990.0,15929.5,15975.25,116008,1851808928.5,150,15962.769192641887,primary_2023_2025,104.0,121.125,0.8586171310629515,standard,0_7_to_1_0,60.5,0.5817307692307693,False,0.4628099173553719,0.4628099173553719,-1,1,True,False,0.756198347107438,True,True,2023,2023-11,2023-W47
NQ,2023-11-22,2023-11-22 14:30:00+00:00,2023-11-22 16:29:00+00:00,16069.75,16173.5,16005.5,16064.25,274785,4418200737.083333,120,16078.755161611198,2023-11-22 16:30:00+00:00,2023-11-22 18:59:00+00:00,16064.75,16104.5,16058.0,16090.0,102546,1649138373.1666667,150,16081.937600361465,primary_2023_2025,168.0,117.75,1.4267515923566878,standard,1_3_to_1_5,46.5,0.2767857142857143,True,0.543010752688172,0.543010752688172,-1,1,True,False,0.6881720430107527,True,True,2023,2023-11,2023-W47
NQ,2023-11-23,2023-11-23 14:30:00+00:00,2023-11-23 16:29:00+00:00,16063.0,16074.75,16051.5,16068.0,18559,298102477.75,120,16062.42134543887,2023-11-23 16:30:00+00:00,2023-11-23 17:59:00+00:00,16068.0,16072.0,16058.5,16062.5,5310,85305694.33333333,90,16065.10251098556,primary_2023_2025,23.25,117.75,0.19745222929936307,standard,le_0_7,13.5,0.5806451612903226,False,0.4074074074074074,-0.4074074074074074,1,-1,True,False,0.2962962962962963,True,True,2023,2023-11,2023-W47
NQ,2023-11-24,2023-11-24 14:30:00+00:00,2023-11-24 16:29:00+00:00,16028.5,16053.5,15981.75,16008.75,108372,1735422809.25,120,16013.571856660392,2023-11-24 16:30:00+00:00,2023-11-24 18:14:00+00:00,16008.75,16025.25,15999.75,16011.0,41598,666203717.9166666,105,16015.282415420612,primary_2023_2025,71.75,108.375,0.6620530565167243,standard,le_0_7,25.5,0.3554006968641115,True,0.08823529411764706,0.08823529411764706,-1,1,True,False,0.4411764705882353,True,True,2023,2023-11,2023-W47
NQ,2023-11-27,2023-11-27 14:30:00+00:00,2023-11-27 16:29:00+00:00,15999.0,16051.5,15970.25,16028.25,178897,2865430178.6666665,120,16017.206429770575,2023-11-27 16:30:00+00:00,2023-11-27 18:59:00+00:00,16028.0,16089.25,16020.5,16053.25,106685,1713311946.9166667,150,16059.539269031886,primary_2023_2025,81.25,103.75,0.7831325301204819,standard,0_7_to_1_0,68.75,0.8461538461538461,False,0.36727272727272725,0.36727272727272725,1,1,False,True,0.4763636363636364,False,False,2023,2023-11,2023-W48
NQ,2023-11-28,2023-11-28 14:30:00+00:00,2023-11-28 16:29:00+00:00,15974.5,16048.0,15958.5,16040.5,213810,3420848690.75,120,15999.479401103783,2023-11-28 16:30:00+00:00,2023-11-28 18:59:00+00:00,16040.5,16071.5,15968.25,16002.5,148738,2383417313.3333335,150,16024.266248929887,primary_2023_2025,89.5,103.0,0.8689320388349514,standard,0_7_to_1_0,103.25,1.1536312849162011,False,0.36803874092009686,-0.36803874092009686,1,-1,True,True,0.33171912832929784,True,True,2023,2023-11,2023-W48
NQ,2023-11-29,2023-11-29 14:30:00+00:00,2023-11-29 16:29:00+00:00,16147.25,16208.5,16039.25,16045.0,250768,4045205036.8333335,120,16131.264901555754,2023-11-29 16:30:00+00:00,2023-11-29 18:59:00+00:00,16045.25,16099.75,16031.75,16075.5,114547,1841101387.6666667,150,16072.890496186428,primary_2023_2025,169.25,100.0,1.6925,exhaustion,1_5_to_2_0,68.0,0.4017725258493353,True,0.44485294117647056,0.44485294117647056,-1,1,True,True,0.6433823529411765,False,False,2023,2023-11,2023-W48
NQ,2023-11-30,2023-11-30 14:30:00+00:00,2023-11-30 16:29:00+00:00,16032.5,16051.5,15881.5,15894.75,271647,4334036730.666667,120,15954.66443828449,2023-11-30 16:30:00+00:00,2023-11-30 18:59:00+00:00,15894.75,15912.0,15856.0,15875.5,120110,1907773971.25,150,15883.556500291399,primary_2023_2025,170.0,100.0,1.7,exhaustion,1_5_to_2_0,56.0,0.32941176470588235,True,0.34375,-0.34375,-1,-1,False,True,0.3482142857142857,False,False,2023,2023-11,2023-W48
NQ,2023-12-01,2023-12-01 14:30:00+00:00,2023-12-01 16:29:00+00:00,15933.5,15984.0,15864.0,15961.5,248450,3955553597.75,120,15920.924120547394,2023-12-01 16:30:00+00:00,2023-12-01 18:59:00+00:00,15961.75,16050.0,15936.0,15994.5,164727,2635774809.6666665,150,16000.866947535416,primary_2023_2025,120.0,100.5,1.1940298507462686,standard,1_0_to_1_3,114.0,0.95,False,0.28728070175438597,0.28728070175438597,1,1,False,True,0.5131578947368421,False,False,2023,2023-12,2023-W48
NQ,2023-12-04,2023-12-04 14:30:00+00:00,2023-12-04 16:29:00+00:00,15862.5,15876.5,15721.25,15769.75,262619,4149055040.5833335,120,15798.761858751017,2023-12-04 16:30:00+00:00,2023-12-04 18:59:00+00:00,15769.75,15869.0,15760.75,15823.0,162562,2572903409.0,150,15827.213057172034,primary_2023_2025,155.25,100.5,1.544776119402985,exhaustion,1_5_to_2_0,108.25,0.6972624798711755,False,0.49191685912240185,0.49191685912240185,-1,1,True,False,0.5750577367205543,True,True,2023,2023-12,2023-W49
NQ,2023-12-05,2023-12-05 14:30:00+00:00,2023-12-05 16:29:00+00:00,15791.25,15961.0,15783.25,15876.75,279556,4441129467.916667,120,15886.367911676612,2023-12-05 16:30:00+00:00,2023-12-05 18:59:00+00:00,15877.5,15904.5,15827.5,15873.0,158218,2511159835.25,150,15871.518002060448,primary_2023_2025,177.75,103.75,1.7132530120481928,exhaustion,1_5_to_2_0,77.0,0.43319268635724334,True,0.05844155844155844,-0.05844155844155844,1,-1,True,False,0.5909090909090909,True,True,2023,2023-12,2023-W49
NQ,2023-12-06,2023-12-06 14:30:00+00:00,2023-12-06 16:29:00+00:00,16033.5,16037.75,15875.75,15909.25,248822,3966361207.75,120,15940.556734332173,2023-12-06 16:30:00+00:00,2023-12-06 18:59:00+00:00,15909.25,15924.75,15844.0,15884.25,148579,2360209381.4166665,150,15885.215147609464,primary_2023_2025,162.0,103.75,1.5614457831325301,exhaustion,1_5_to_2_0,80.75,0.4984567901234568,True,0.30959752321981426,-0.30959752321981426,-1,-1,False,True,0.4984520123839009,False,False,2023,2023-12,2023-W49
NQ,2023-12-07,2023-12-07 14:30:00+00:00,2023-12-07 16:29:00+00:00,15934.25,16011.0,15887.5,15970.0,255213,4072216789.3333335,120,15956.149527388234,2023-12-07 16:30:00+00:00,2023-12-07 18:59:00+00:00,15970.0,16056.0,15968.25,16033.75,123806,1984153764.1666667,150,16026.313459498464,primary_2023_2025,123.5,108.375,1.1395617070357555,standard,1_0_to_1_3,87.75,0.7105263157894737,False,0.7264957264957265,0.7264957264957265,1,1,False,True,0.7464387464387464,False,False,2023,2023-12,2023-W49
NQ,2023-12-08,2023-12-08 14:30:00+00:00,2023-12-08 16:29:00+00:00,15956.0,16113.5,15947.25,16054.25,228568,3666815491.5833335,120,16042.558414053296,2023-12-08 16:30:00+00:00,2023-12-08 18:59:00+00:00,16054.25,16087.5,15989.5,16086.5,96343,1546097335.75,150,16047.842975099384,primary_2023_2025,166.25,116.375,1.4285714285714286,standard,1_3_to_1_5,98.0,0.5894736842105263,False,0.32908163265306123,0.32908163265306123,1,1,False,False,0.9897959183673469,True,True,2023,2023-12,2023-W49
NQ,2023-12-11,2023-12-11 14:30:00+00:00,2023-12-11 16:29:00+00:00,16290.25,16412.75,16281.5,16364.25,162926,2664733217.3333335,120,16355.481736084686,2023-12-11 16:30:00+00:00,2023-12-11 18:59:00+00:00,16364.0,16457.5,16334.0,16448.75,85667,1404775345.0,150,16398.091972404778,primary_2023_2025,131.25,116.375,1.1278195488721805,standard,1_0_to_1_3,123.5,0.940952380952381,False,0.6862348178137652,0.6862348178137652,1,1,False,True,0.9291497975708503,True,True,2023,2023-12,2023-W50
NQ,2023-12-12,2023-12-12 14:30:00+00:00,2023-12-12 16:29:00+00:00,16444.25,16517.0,16396.5,16495.5,174922,2878986590.4166665,120,16458.687817522477,2023-12-12 16:30:00+00:00,2023-12-12 18:59:00+00:00,16495.5,16534.5,16465.0,16530.5,105600,1742406156.6666667,150,16500.058301767676,primary_2023_2025,120.5,121.75,0.9897330595482546,standard,0_7_to_1_0,69.5,0.5767634854771784,False,0.5035971223021583,0.5035971223021583,1,1,False,True,0.9424460431654677,False,False,2023,2023-12,2023-W50
NQ,2023-12-13,2023-12-13 14:30:00+00:00,2023-12-13 16:29:00+00:00,16609.5,16657.25,16597.25,16608.0,164833,2740597126.8333335,120,16626.507597588672,2023-12-13 16:30:00+00:00,2023-12-13 18:59:00+00:00,16608.0,16620.0,16576.0,16590.5,84878,1408764597.9166667,150,16597.52347977882,primary_2023_2025,60.0,122.0,0.4918032786885246,standard,le_0_7,44.0,0.7333333333333333,False,0.3977272727272727,-0.3977272727272727,-1,-1,False,True,0.32954545454545453,False,False,2023,2023-12,2023-W50
NQ,2023-12-14,2023-12-14 14:30:00+00:00,2023-12-14 16:29:00+00:00,16820.5,16877.25,16745.75,16765.75,256072,4305366079.666667,120,16813.10756219605,2023-12-14 16:30:00+00:00,2023-12-14 18:59:00+00:00,16765.75,16818.0,16628.0,16668.0,169211,2831460293.0,150,16733.311031788715,primary_2023_2025,131.5,122.0,1.0778688524590163,standard,1_0_to_1_3,190.0,1.4448669201520912,False,0.5144736842105263,-0.5144736842105263,-1,-1,False,True,0.21052631578947367,True,True,2023,2023-12,2023-W50
NQ,2023-12-15,2023-12-15 14:30:00+00:00,2023-12-15 16:29:00+00:00,16787.5,16879.5,16780.0,16876.0,192405,3239180157.4166665,120,16835.218198158396,2023-12-15 16:30:00+00:00,2023-12-15 18:59:00+00:00,16876.5,16887.25,16762.5,16780.0,164938,2775438405.9166665,150,16827.161757246155,primary_2023_2025,99.5,123.625,0.8048533872598584,standard,0_7_to_1_0,124.75,1.2537688442211055,False,0.7735470941883767,-0.7735470941883767,1,-1,True,True,0.1402805611222445,True,True,2023,2023-12,2023-W50
NQ,2023-12-18,2023-12-18 14:30:00+00:00,2023-12-18 16:29:00+00:00,16846.5,16905.5,16832.5,16899.75,163867,2765368604.9166665,120,16875.689461067002,2023-12-18 16:30:00+00:00,2023-12-18 18:59:00+00:00,16900.0,16957.75,16899.0,16954.5,86629,1466326513.3333333,150,16926.50859796758,primary_2023_2025,73.0,123.625,0.5904954499494439,standard,le_0_7,58.75,0.8047945205479452,False,0.9276595744680851,0.9276595744680851,1,1,False,True,0.9446808510638298,False,False,2023,2023-12,2023-W51
NQ,2023-12-19,2023-12-19 14:30:00+00:00,2023-12-19 16:29:00+00:00,16952.25,17012.5,16944.5,16998.0,197327,3351149995.4166665,120,16982.724084472306,2023-12-19 16:30:00+00:00,2023-12-19 18:59:00+00:00,16998.25,17010.75,16965.25,16993.25,101048,1716643885.3333333,150,16988.400416963555,primary_2023_2025,68.0,122.0,0.5573770491803278,standard,le_0_7,45.5,0.6691176470588235,False,0.10989010989010989,-0.10989010989010989,1,-1,True,False,0.6153846153846154,True,True,2023,2023-12,2023-W51
NQ,2023-12-20,2023-12-20 14:30:00+00:00,2023-12-20 16:29:00+00:00,16985.5,17073.5,16971.0,17041.75,163163,2778541721.5,120,17029.23899107028,2023-12-20 16:30:00+00:00,2023-12-20 18:59:00+00:00,17041.75,17065.75,17022.25,17039.0,91228,1555170948.5833333,150,17047.07928030137,primary_2023_2025,102.5,122.0,0.8401639344262295,standard,0_7_to_1_0,43.5,0.424390243902439,True,0.06321839080459771,-0.06321839080459771,1,-1,True,False,0.3850574712643678,True,True,2023,2023-12,2023-W51
NQ,2023-12-21,2023-12-21 14:30:00+00:00,2023-12-21 16:29:00+00:00,16922.25,16958.75,16843.25,16898.0,213678,3610353553.6666665,120,16896.23430426467,2023-12-21 16:30:00+00:00,2023-12-21 18:59:00+00:00,16898.25,16921.25,16815.0,16881.0,152919,2578228800.25,150,16860.09456149988,primary_2023_2025,115.5,120.25,0.9604989604989606,standard,0_7_to_1_0,106.25,0.9199134199134199,False,0.1623529411764706,-0.1623529411764706,-1,-1,False,True,0.6211764705882353,True,True,2023,2023-12,2023-W51
NQ,2023-12-22,2023-12-22 14:30:00+00:00,2023-12-22 16:29:00+00:00,16999.25,17041.5,16968.5,16998.5,157182,2674010456.6666665,120,17012.192596268444,2023-12-22 16:30:00+00:00,2023-12-22 18:59:00+00:00,16998.75,17021.25,16968.0,17004.25,75032,1275463167.75,150,16998.92269631624,primary_2023_2025,73.0,120.25,0.6070686070686071,standard,le_0_7,53.25,0.7294520547945206,False,0.10328638497652583,0.10328638497652583,-1,1,True,True,0.6807511737089202,True,True,2023,2023-12,2023-W51
NQ,2023-12-26,2023-12-26 14:30:00+00:00,2023-12-26 16:29:00+00:00,17009.5,17060.5,17005.5,17037.25,101535,1730034039.1666667,120,17038.794890103578,2023-12-26 16:30:00+00:00,2023-12-26 18:59:00+00:00,17037.5,17064.5,17036.75,17048.75,54104,922470412.75,150,17049.948483476266,primary_2023_2025,55.0,120.25,0.4573804573804574,standard,le_0_7,27.75,0.5045454545454545,False,0.40540540540540543,0.40540540540540543,1,1,False,True,0.43243243243243246,True,True,2023,2023-12,2023-W52
NQ,2023-12-27,2023-12-27 14:30:00+00:00,2023-12-27 16:29:00+00:00,17091.75,17124.75,17055.5,17078.25,134323,2295441576.5,120,17088.968951705963,2023-12-27 16:30:00+00:00,2023-12-27 18:59:00+00:00,17078.25,17127.75,17066.25,17104.5,99539,1701900427.0,150,17097.825244376578,primary_2023_2025,69.25,120.25,0.5758835758835759,standard,le_0_7,61.5,0.8880866425992779,False,0.4268292682926829,0.4268292682926829,-1,1,True,True,0.6219512195121951,True,True,2023,2023-12,2023-W52
NQ,2023-12-28,2023-12-28 14:30:00+00:00,2023-12-28 16:29:00+00:00,17148.25,17159.0,17102.75,17114.25,119909,2053539957.0833333,120,17125.820055903503,2023-12-28 16:30:00+00:00,2023-12-28 18:59:00+00:00,17114.75,17137.5,17092.75,17114.75,81622,1397232564.1666667,150,17118.332853479045,primary_2023_2025,56.25,120.25,0.4677754677754678,standard,le_0_7,44.75,0.7955555555555556,False,0.0,0.0,-1,0,False,True,0.49162011173184356,True,True,2023,2023-12,2023-W52
NQ,2023-12-29,2023-12-29 14:30:00+00:00,2023-12-29 16:29:00+00:00,17089.0,17107.5,16940.25,16943.5,156303,2663592080.5833335,120,17041.20893766168,2023-12-29 16:30:00+00:00,2023-12-29 18:59:00+00:00,16943.5,17036.25,16938.25,17023.5,133889,2274022633.25,150,16984.387315238742,primary_2023_2025,167.25,117.75,1.4203821656050954,standard,1_3_to_1_5,98.0,0.585949177877429,False,0.8163265306122449,0.8163265306122449,-1,1,True,True,0.8698979591836735,False,False,2023,2023-12,2023-W52
NQ,2024-01-02,2024-01-02 14:30:00+00:00,2024-01-02 16:29:00+00:00,16861.75,16873.5,16685.0,16761.0,217335,3641820159.75,120,16756.712723445373,2024-01-02 16:30:00+00:00,2024-01-02 18:59:00+00:00,16761.25,16787.75,16688.25,16696.0,129058,2161427485.25,150,16747.721840180384,primary_2023_2025,188.5,117.75,1.6008492569002124,exhaustion,1_5_to_2_0,99.5,0.5278514588859416,False,0.6557788944723618,-0.6557788944723618,-1,-1,False,False,0.07788944723618091,True,True,2024,2024-01,2024-W01
NQ,2024-01-03,2024-01-03 14:30:00+00:00,2024-01-03 16:29:00+00:00,16610.0,16653.5,16544.0,16590.25,241675,4011831551.0,120,16600.109862418536,2024-01-03 16:30:00+00:00,2024-01-03 18:59:00+00:00,16590.25,16619.5,16549.25,16585.5,108686,1802069900.0,150,16580.515429770163,primary_2023_2025,109.5,118.0,0.9279661016949152,standard,0_7_to_1_0,70.25,0.6415525114155252,False,0.06761565836298933,-0.06761565836298933,-1,-1,False,False,0.5160142348754448,True,True,2024,2024-01,2024-W01
NQ,2024-01-04,2024-01-04 14:30:00+00:00,2024-01-04 16:29:00+00:00,16453.25,16583.75,16443.25,16566.25,191847,3166671281.5833335,120,16506.232995998547,2024-01-04 16:30:00+00:00,2024-01-04 18:59:00+00:00,16565.75,16574.0,16481.25,16505.25,127263,2102603207.6666667,150,16521.71650571389,primary_2023_2025,140.5,112.5,1.248888888888889,standard,1_0_to_1_3,92.75,0.6601423487544484,False,0.6522911051212938,-0.6522911051212938,1,-1,True,False,0.2587601078167116,True,True,2024,2024-01,2024-W01
NQ,2024-01-05,2024-01-05 14:30:00+00:00,2024-01-05 16:29:00+00:00,16449.25,16577.25,16437.5,16518.75,197424,3261239807.5,120,16518.96328460572,2024-01-05 16:30:00+00:00,2024-01-05 18:59:00+00:00,16519.25,16532.25,16430.25,16488.5,145890,2404342581.75,150,16480.516702652683,primary_2023_2025,139.75,112.5,1.2422222222222221,standard,1_0_to_1_3,102.0,0.7298747763864043,False,0.3014705882352941,-0.3014705882352941,1,-1,True,True,0.571078431372549,True,True,2024,2024-01,2024-W01
NQ,2024-01-08,2024-01-08 14:30:00+00:00,2024-01-08 16:29:00+00:00,16512.0,16673.75,16505.5,16649.25,189711,3151789499.9166665,120,16613.63600379876,2024-01-08 16:30:00+00:00,2024-01-08 18:59:00+00:00,16649.0,16742.75,16648.25,16741.5,106782,1782429533.9166667,150,16692.22840850206,primary_2023_2025,168.25,112.5,1.4955555555555555,standard,1_3_to_1_5,94.5,0.5616641901931649,False,0.9788359788359788,0.9788359788359788,1,1,False,True,0.9867724867724867,False,False,2024,2024-01,2024-W02
NQ,2024-01-09,2024-01-09 14:30:00+00:00,2024-01-09 16:29:00+00:00,16669.25,16786.5,16660.5,16779.75,188594,3153091201.4166665,120,16718.93698323736,2024-01-09 16:30:00+00:00,2024-01-09 18:59:00+00:00,16779.75,16868.5,16774.25,16840.75,150025,2524126245.4166665,150,16824.704185413542,primary_2023_2025,126.0,112.5,1.12,standard,1_0_to_1_3,94.25,0.748015873015873,False,0.6472148541114059,0.6472148541114059,1,1,False,True,0.7055702917771883,False,False,2024,2024-01,2024-W02
NQ,2024-01-10,2024-01-10 14:30:00+00:00,2024-01-10 16:29:00+00:00,16840.0,16897.5,16801.5,16866.0,178493,3008373661.3333335,120,16854.29490979105,2024-01-10 16:30:00+00:00,2024-01-10 18:59:00+00:00,16866.5,16932.5,16857.5,16924.5,114453,1933989550.5,150,16897.674595685567,primary_2023_2025,96.0,112.5,0.8533333333333334,standard,0_7_to_1_0,75.0,0.78125,False,0.7733333333333333,0.7733333333333333,1,1,False,True,0.8933333333333333,False,False,2024,2024-01,2024-W02
NQ,2024-01-11,2024-01-11 14:30:00+00:00,2024-01-11 16:29:00+00:00,16984.5,17043.5,16776.5,16796.0,291877,4932570651.25,120,16899.483862209083,2024-01-11 16:30:00+00:00,2024-01-11 18:59:00+00:00,16796.0,16936.25,16753.0,16933.75,170567,2870934059.1666665,150,16831.708707819605,primary_2023_2025,267.0,106.0,2.518867924528302,exhaustion,gt_2_0,183.25,0.6863295880149812,False,0.7517053206002728,0.7517053206002728,-1,1,True,True,0.9863574351978172,True,True,2024,2024-01,2024-W02
NQ,2024-01-12,2024-01-12 14:30:00+00:00,2024-01-12 16:29:00+00:00,17008.0,17042.5,16913.5,16982.0,227820,3868247198.1666665,120,16979.401273666343,2024-01-12 16:30:00+00:00,2024-01-12 18:59:00+00:00,16982.25,16988.75,16917.25,16979.25,111684,1893155387.8333333,150,16950.999138939627,primary_2023_2025,129.0,106.0,1.2169811320754718,standard,1_0_to_1_3,71.5,0.5542635658914729,False,0.04195804195804196,-0.04195804195804196,-1,-1,False,False,0.8671328671328671,True,True,2024,2024-01,2024-W02
NQ,2024-01-15,2024-01-15 14:30:00+00:00,2024-01-15 16:29:00+00:00,16957.75,16978.0,16936.25,16973.0,25802,437556338.3333333,120,16958.233405679144,2024-01-15 16:30:00+00:00,2024-01-15 17:59:00+00:00,16973.0,16979.0,16954.25,16970.0,10712,181755302.75,90,16967.447978902164,primary_2023_2025,41.75,112.5,0.3711111111111111,standard,le_0_7,24.75,0.592814371257485,False,0.12121212121212122,-0.12121212121212122,1,-1,True,True,0.6363636363636364,True,True,2024,2024-01,2024-W03
NQ,2024-01-16,2024-01-16 14:30:00+00:00,2024-01-16 16:29:00+00:00,16917.0,17033.75,16855.0,16995.25,273902,4643671726.083333,120,16953.77078693596,2024-01-16 16:30:00+00:00,2024-01-16 18:59:00+00:00,16996.0,17019.0,16889.75,16902.25,168781,2858657166.8333335,150,16937.079214090056,primary_2023_2025,178.75,106.0,1.6863207547169812,exhaustion,1_5_to_2_0,129.25,0.7230769230769231,False,0.7253384912959381,-0.7253384912959381,1,-1,True,False,0.09671179883945841,True,True,2024,2024-01,2024-W03
NQ,2024-01-17,2024-01-17 14:30:00+00:00,2024-01-17 16:29:00+00:00,16825.25,16843.0,16689.25,16818.25,262623,4401246338.666667,120,16758.800023861837,2024-01-17 16:30:00+00:00,2024-01-17 18:59:00+00:00,16818.25,16841.25,16733.25,16761.0,147260,2472846181.6666665,150,16792.382056679795,primary_2023_2025,153.75,112.5,1.3666666666666667,standard,1_3_to_1_5,108.0,0.7024390243902439,False,0.5300925925925926,-0.5300925925925926,-1,-1,False,False,0.2569444444444444,True,True,2024,2024-01,2024-W03
NQ,2024-01-18,2024-01-18 14:30:00+00:00,2024-01-18 16:29:00+00:00,16997.0,17088.75,16986.25,17085.75,262967,4480232788.166667,120,17037.243411403968,2024-01-18 16:30:00+00:00,2024-01-18 18:59:00+00:00,17086.0,17102.25,16942.5,17016.25,214959,3658230781.8333335,150,17018.272237186316,primary_2023_2025,102.5,120.75,0.8488612836438924,standard,0_7_to_1_0,159.75,1.5585365853658537,False,0.43661971830985913,-0.43661971830985913,1,-1,True,True,0.4616588419405321,True,True,2024,2024-01,2024-W03
NQ,2024-01-19,2024-01-19 14:30:00+00:00,2024-01-19 16:29:00+00:00,17190.75,17271.0,17166.25,17257.75,226107,3891581704.4166665,120,17211.23938850485,2024-01-19 16:30:00+00:00,2024-01-19 18:59:00+00:00,17257.75,17395.5,17227.25,17395.25,186661,3229919819.3333335,150,17303.667179182226,primary_2023_2025,104.75,120.75,0.8674948240165632,standard,0_7_to_1_0,168.25,1.6062052505966586,False,0.8172362555720654,0.8172362555720654,1,1,False,True,0.9985141158989599,False,False,2024,2024-01,2024-W03
NQ,2024-01-22,2024-01-22 14:30:00+00:00,2024-01-22 16:29:00+00:00,17528.25,17585.0,17438.75,17494.25,253581,4439476485.916667,120,17507.133759692828,2024-01-22 16:30:00+00:00,2024-01-22 18:59:00+00:00,17494.25,17513.75,17434.0,17479.25,123888,2165401287.25,150,17478.70082049916,primary_2023_2025,146.25,120.75,1.2111801242236024,standard,1_0_to_1_3,79.75,0.5452991452991452,False,0.18808777429467086,-0.18808777429467086,-1,-1,False,True,0.567398119122257,True,True,2024,2024-01,2024-W04
NQ,2024-01-23,2024-01-23 14:30:00+00:00,2024-01-23 16:29:00+00:00,17487.5,17488.0,17409.5,17441.75,185023,3230091042.8333335,120,17457.781156036457,2024-01-23 16:30:00+00:00,2024-01-23 18:59:00+00:00,17441.75,17494.0,17427.5,17481.75,93005,1624221936.1666667,150,17463.81308711001,primary_2023_2025,78.5,127.5,0.615686274509804,standard,le_0_7,66.5,0.8471337579617835,False,0.6015037593984962,0.6015037593984962,-1,1,True,True,0.8157894736842105,True,True,2024,2024-01,2024-W04
NQ,2024-01-24,2024-01-24 14:30:00+00:00,2024-01-24 16:29:00+00:00,17692.5,17765.0,17637.5,17708.5,231769,4101121717.25,120,17694.86737764757,2024-01-24 16:30:00+00:00,2024-01-24 18:59:00+00:00,17708.75,17793.5,17696.5,17714.75,174671,3099343345.4166665,150,17743.891919189027,primary_2023_2025,127.5,127.5,1.0,standard,0_7_to_1_0,97.0,0.7607843137254902,False,0.061855670103092786,0.061855670103092786,1,1,False,True,0.18814432989690721,False,False,2024,2024-01,2024-W04
NQ,2024-01-25,2024-01-25 14:30:00+00:00,2024-01-25 16:29:00+00:00,17722.0,17738.0,17649.25,17724.0,218612,3869159284.6666665,120,17698.750684622373,2024-01-25 16:30:00+00:00,2024-01-25 18:59:00+00:00,17724.25,17752.0,17570.25,17576.75,194079,3428740630.0833335,150,17666.72659114759,primary_2023_2025,88.75,128.25,0.6920077972709552,standard,le_0_7,181.75,2.047887323943662,False,0.811554332874828,-0.811554332874828,1,-1,True,True,0.03576341127922971,True,True,2024,2024-01,2024-W04
NQ,2024-01-26,2024-01-26 14:30:00+00:00,2024-01-26 16:29:00+00:00,17557.75,17629.5,17504.0,17609.75,195737,3438738710.9166665,120,17568.158860699135,2024-01-26 16:30:00+00:00,2024-01-26 18:59:00+00:00,17609.75,17632.0,17503.5,17518.5,158949,2791990916.6666665,150,17565.32546078721,primary_2023_2025,125.5,128.25,0.9785575048732943,standard,0_7_to_1_0,128.5,1.0239043824701195,False,0.7101167315175098,-0.7101167315175098,1,-1,True,True,0.11673151750972763,True,True,2024,2024-01,2024-W04
NQ,2024-01-29,2024-01-29 14:30:00+00:00,2024-01-29 16:29:00+00:00,17548.0,17583.5,17519.75,17558.75,183780,3225394977.25,120,17550.304588366525,2024-01-29 16:30:00+00:00,2024-01-29 18:59:00+00:00,17558.5,17609.5,17554.5,17587.75,111893,1967834739.0,150,17586.75465846836,primary_2023_2025,63.75,128.25,0.49707602339181284,standard,le_0_7,55.0,0.8627450980392157,False,0.5318181818181819,0.5318181818181819,1,1,False,True,0.6045454545454545,False,False,2024,2024-01,2024-W05
NQ,2024-01-30,2024-01-30 14:30:00+00:00,2024-01-30 16:29:00+00:00,17661.75,17684.75,17616.5,17642.5,175943,3105600587.3333335,120,17651.174456121207,2024-01-30 16:30:00+00:00,2024-01-30 18:59:00+00:00,17642.75,17654.75,17554.5,17570.75,121971,2146441153.1666667,150,17597.963066357304,primary_2023_2025,68.25,126.75,0.5384615384615384,standard,le_0_7,100.25,1.468864468864469,False,0.7182044887780549,-0.7182044887780549,-1,-1,False,True,0.16209476309226933,True,True,2024,2024-01,2024-W05
NQ,2024-01-31,2024-01-31 14:30:00+00:00,2024-01-31 16:29:00+00:00,17400.0,17426.5,17283.5,17336.75,212178,3680805126.8333335,120,17347.72279328363,2024-01-31 16:30:00+00:00,2024-01-31 18:59:00+00:00,17337.0,17403.5,17319.5,17382.75,113442,1969208713.4166667,150,17358.7270448041,primary_2023_2025,143.0,125.75,1.1371769383697814,standard,1_0_to_1_3,84.0,0.5874125874125874,False,0.5446428571428571,0.5446428571428571,-1,1,True,False,0.7529761904761905,True,True,2024,2024-01,2024-W05
NQ,2024-02-01,2024-02-01 14:30:00+00:00,2024-02-01 16:29:00+00:00,17307.0,17371.75,17264.0,17280.5,216955,3756666399.5,120,17315.417480583532,2024-02-01 16:30:00+00:00,2024-02-01 18:59:00+00:00,17280.25,17414.0,17279.5,17373.5,176125,3056971806.5833335,150,17356.83069742134,primary_2023_2025,107.75,126.75,0.8500986193293886,standard,0_7_to_1_0,134.5,1.248259860788863,False,0.6933085501858736,0.6933085501858736,-1,1,True,True,0.6988847583643123,True,True,2024,2024-02,2024-W05
NQ,2024-02-02,2024-02-02 14:30:00+00:00,2024-02-02 16:29:00+00:00,17507.75,17673.5,17465.5,17671.0,262527,4618064312.75,120,17590.81661219608,2024-02-02 16:30:00+00:00,2024-02-02 18:59:00+00:00,17671.0,17756.5,17664.5,17728.25,181895,3221110900.3333335,150,17708.628056479472,primary_2023_2025,208.0,125.75,1.654075546719682,exhaustion,1_5_to_2_0,92.0,0.4423076923076923,True,0.6222826086956522,0.6222826086956522,1,1,False,True,0.6929347826086957,False,False,2024,2024-02,2024-W05
NQ,2024-02-05,2024-02-05 14:30:00+00:00,2024-02-05 16:29:00+00:00,17722.75,17737.25,17554.25,17612.25,219637,3876027986.8333335,120,17647.427286082642,2024-02-05 16:30:00+00:00,2024-02-05 18:59:00+00:00,17612.0,17722.5,17610.75,17697.0,135340,2392786783.0,150,17679.81958770504,primary_2023_2025,183.0,125.75,1.4552683896620278,standard,1_3_to_1_5,111.75,0.610655737704918,False,0.7606263982102909,0.7606263982102909,-1,1,True,False,0.7718120805369127,True,True,2024,2024-02,2024-W06
NQ,2024-02-06,2024-02-06 14:30:00+00:00,2024-02-06 16:29:00+00:00,17741.0,17767.75,17598.25,17655.5,234860,4148518162.6666665,120,17663.79188736552,2024-02-06 16:30:00+00:00,2024-02-06 18:59:00+00:00,17655.25,17663.25,17560.75,17630.75,145997,2569939390.5,150,17602.68629149914,primary_2023_2025,169.5,125.75,1.3479125248508945,standard,1_3_to_1_5,102.5,0.6047197640117994,False,0.23902439024390243,-0.23902439024390243,-1,-1,False,True,0.6829268292682927,False,False,2024,2024-02,2024-W06
NQ,2024-02-07,2024-02-07 14:30:00+00:00,2024-02-07 16:29:00+00:00,17773.5,17875.5,17718.75,17828.5,238631,4247126234.5833335,120,17797.881392540505,2024-02-07 16:30:00+00:00,2024-02-07 18:59:00+00:00,17828.75,17859.0,17779.25,17852.25,147687,2632559621.75,150,17825.263034322586,primary_2023_2025,156.75,126.5,1.2391304347826086,standard,1_0_to_1_3,79.75,0.5087719298245614,False,0.2946708463949843,0.2946708463949843,1,1,False,False,0.9153605015673981,True,True,2024,2024-02,2024-W06
NQ,2024-02-08,2024-02-08 14:30:00+00:00,2024-02-08 16:29:00+00:00,17835.75,17894.25,17808.0,17863.5,177808,3174209004.5833335,120,17851.890829340264,2024-02-08 16:30:00+00:00,2024-02-08 18:59:00+00:00,17863.5,17896.5,17849.25,17868.25,107902,1928763567.0833333,150,17875.14195365548,primary_2023_2025,86.25,128.25,0.672514619883041,standard,le_0_7,47.25,0.5478260869565217,False,0.10052910052910052,0.10052910052910052,1,1,False,True,0.4021164021164021,True,True,2024,2024-02,2024-W06
NQ,2024-02-09,2024-02-09 14:30:00+00:00,2024-02-09 16:29:00+00:00,17909.0,18007.5,17875.0,17983.25,180171,3233403591.6666665,120,17946.30429795398,2024-02-09 16:30:00+00:00,2024-02-09 18:59:00+00:00,17984.25,18044.75,17967.0,18039.0,96348,1735189665.6666667,150,18009.60752342204,primary_2023_2025,132.5,126.5,1.0474308300395256,standard,1_0_to_1_3,77.75,0.5867924528301887,False,0.7041800643086816,0.7041800643086816,1,1,False,True,0.9260450160771704,False,False,2024,2024-02,2024-W06
NQ,2024-02-12,2024-02-12 14:30:00+00:00,2024-02-12 16:29:00+00:00,18029.75,18097.25,18007.25,18094.0,153010,2761276219.9166665,120,18046.377491122585,2024-02-12 16:30:00+00:00,2024-02-12 18:59:00+00:00,18094.0,18121.5,17991.75,18020.5,161599,2920328147.5,150,18071.449374686723,primary_2023_2025,90.0,126.5,0.7114624505928854,standard,0_7_to_1_0,129.75,1.4416666666666667,False,0.5664739884393064,-0.5664739884393064,1,-1,True,True,0.22157996146435452,True,True,2024,2024-02,2024-W07
NQ,2024-02-13,2024-02-13 14:30:00+00:00,2024-02-13 16:29:00+00:00,17628.0,17791.75,17586.75,17752.75,278297,4924913626.0,120,17696.61054916151,2024-02-13 16:30:00+00:00,2024-02-13 18:59:00+00:00,17752.75,17768.5,17647.5,17657.0,159941,2831427297.9166665,150,17702.948574265927,primary_2023_2025,205.0,126.5,1.6205533596837944,exhaustion,1_5_to_2_0,121.0,0.5902439024390244,False,0.7913223140495868,-0.7913223140495868,1,-1,True,False,0.07851239669421488,True,True,2024,2024-02,2024-W07
NQ,2024-02-14,2024-02-14 14:30:00+00:00,2024-02-14 16:29:00+00:00,17788.75,17847.0,17704.0,17751.75,250631,4455680607.583333,120,17777.851134070937,2024-02-14 16:30:00+00:00,2024-02-14 18:59:00+00:00,17752.25,17814.25,17690.25,17784.75,150743,2676822476.1666665,150,17757.52423772027,primary_2023_2025,143.0,126.5,1.1304347826086956,standard,1_0_to_1_3,124.0,0.8671328671328671,False,0.2620967741935484,0.2620967741935484,-1,1,True,True,0.7620967741935484,True,True,2024,2024-02,2024-W07
NQ,2024-02-15,2024-02-15 14:30:00+00:00,2024-02-15 16:29:00+00:00,17888.0,17903.25,17780.5,17832.75,241601,4309486892.75,120,17837.206355727005,2024-02-15 16:30:00+00:00,2024-02-15 18:59:00+00:00,17833.0,17933.0,17813.5,17911.25,146996,2627255826.3333335,150,17872.974953967,primary_2023_2025,122.75,126.5,0.9703557312252964,standard,0_7_to_1_0,119.5,0.9735234215885947,False,0.6548117154811716,0.6548117154811716,-1,1,True,True,0.8179916317991632,True,True,2024,2024-02,2024-W07
NQ,2024-02-16,2024-02-16 14:30:00+00:00,2024-02-16 16:29:00+00:00,17926.75,17930.0,17717.0,17861.75,267077,4757763486.25,120,17814.201470924116,2024-02-16 16:30:00+00:00,2024-02-16 18:59:00+00:00,17862.5,17892.25,17802.25,17875.0,158690,2833214102.0833335,150,17853.76584588401,primary_2023_2025,213.0,126.5,1.683794466403162,exhaustion,1_5_to_2_0,90.0,0.4225352112676056,True,0.1388888888888889,0.1388888888888889,-1,1,True,False,0.8083333333333333,True,True,2024,2024-02,2024-W07
NQ,2024-02-19,2024-02-19 14:30:00+00:00,2024-02-19 16:29:00+00:00,17789.25,17807.5,17772.5,17782.25,26739,475654811.6666667,120,17788.803308525625,2024-02-19 16:30:00+00:00,2024-02-19 17:59:00+00:00,17781.75,17796.5,17777.0,17788.75,7639,135864055.66666666,90,17785.58131518087,primary_2023_2025,35.0,130.0,0.2692307692307692,standard,le_0_7,19.5,0.5571428571428572,False,0.358974358974359,0.358974358974359,-1,1,True,False,0.6025641025641025,True,True,2024,2024-02,2024-W08
NQ,2024-02-20,2024-02-20 14:30:00+00:00,2024-02-20 16:29:00+00:00,17661.25,17724.0,17482.0,17572.75,283239,4976755420.25,120,17570.869196155898,2024-02-20 16:30:00+00:00,2024-02-20 18:59:00+00:00,17572.75,17573.75,17452.5,17531.5,170775,2988935047.3333335,150,17502.18150978383,primary_2023_2025,242.0,126.5,1.9130434782608696,exhaustion,1_5_to_2_0,121.25,0.5010330578512396,False,0.3402061855670103,-0.3402061855670103,-1,-1,False,True,0.6515463917525773,True,True,2024,2024-02,2024-W08
NQ,2024-02-21,2024-02-21 14:30:00+00:00,2024-02-21 16:29:00+00:00,17494.75,17525.5,17448.25,17490.25,207515,3628520892.5,120,17485.583656603136,2024-02-21 16:30:00+00:00,2024-02-21 18:59:00+00:00,17490.5,17513.5,17427.5,17452.25,150560,2629452781.0,150,17464.48446466525,primary_2023_2025,77.25,130.0,0.5942307692307692,standard,le_0_7,86.0,1.1132686084142396,False,0.44476744186046513,-0.44476744186046513,-1,-1,False,True,0.2877906976744186,True,True,2024,2024-02,2024-W08
NQ,2024-02-22,2024-02-22 14:30:00+00:00,2024-02-22 16:29:00+00:00,17896.0,17975.75,17864.0,17955.5,267372,4791806662.583333,120,17921.871634215,2024-02-22 16:30:00+00:00,2024-02-22 18:59:00+00:00,17955.75,18056.0,17935.25,18052.75,130205,2342734572.25,150,17992.662127030453,primary_2023_2025,111.75,129.0,0.8662790697674418,standard,0_7_to_1_0,120.75,1.080536912751678,False,0.8033126293995859,0.8033126293995859,1,1,False,True,0.9730848861283644,False,False,2024,2024-02,2024-W08
NQ,2024-02-23,2024-02-23 14:30:00+00:00,2024-02-23 16:29:00+00:00,18105.5,18144.75,17946.0,18006.75,264407,4774950318.666667,120,18059.091925201174,2024-02-23 16:30:00+00:00,2024-02-23 18:59:00+00:00,18006.75,18064.25,17987.25,18036.5,144308,2601905405.25,150,18030.2228930482,primary_2023_2025,198.75,129.0,1.5406976744186047,exhaustion,1_5_to_2_0,77.0,0.38742138364779877,True,0.38636363636363635,0.38636363636363635,-1,1,True,False,0.6396103896103896,True,True,2024,2024-02,2024-W08
NQ,2024-02-26,2024-02-26 14:30:00+00:00,2024-02-26 16:29:00+00:00,18017.25,18050.75,17966.0,18016.75,188357,3392791608.25,120,18012.559173537484,2024-02-26 16:30:00+00:00,2024-02-26 18:59:00+00:00,18017.5,18059.5,17980.25,18014.5,124079,2236594011.0,150,18025.56444684435,primary_2023_2025,84.75,137.75,0.6152450090744102,standard,le_0_7,79.25,0.9351032448377581,False,0.03785488958990536,-0.03785488958990536,-1,-1,False,True,0.43217665615141954,True,True,2024,2024-02,2024-W09
NQ,2024-02-27,2024-02-27 14:30:00+00:00,2024-02-27 16:29:00+00:00,18018.25,18032.5,17941.0,17976.0,200679,3611298278.0,120,17995.397017126856,2024-02-27 16:30:00+00:00,2024-02-27 18:59:00+00:00,17975.5,18010.0,17908.75,17969.75,145409,2612020817.3333335,150,17963.267867417653,primary_2023_2025,91.5,137.75,0.6642468239564429,standard,le_0_7,101.25,1.1065573770491803,False,0.056790123456790124,-0.056790123456790124,-1,-1,False,True,0.6024691358024692,True,True,2024,2024-02,2024-W09
NQ,2024-02-28,2024-02-28 14:30:00+00:00,2024-02-28 16:29:00+00:00,17923.75,17967.5,17876.0,17961.0,189696,3399022805.8333335,120,17918.262935609255,2024-02-28 16:30:00+00:00,2024-02-28 18:59:00+00:00,17961.0,17975.0,17894.0,17949.25,116480,2089222903.25,150,17936.323001802884,primary_2023_2025,91.5,137.75,0.6642468239564429,standard,le_0_7,81.0,0.8852459016393442,False,0.14506172839506173,-0.14506172839506173,1,-1,True,True,0.6820987654320988,True,True,2024,2024-02,2024-W09
NQ,2024-02-29,2024-02-29 14:30:00+00:00,2024-02-29 16:29:00+00:00,18030.0,18072.5,17966.75,17979.75,206219,3717244808.75,120,18025.714452838973,2024-02-29 16:30:00+00:00,2024-02-29 18:59:00+00:00,17979.5,18050.25,17898.25,18037.5,170245,3062527967.25,150,17988.94515110576,primary_2023_2025,105.75,127.625,0.8285994123408423,standard,0_7_to_1_0,152.0,1.4373522458628842,False,0.3815789473684211,0.3815789473684211,-1,1,True,True,0.9161184210526315,True,True,2024,2024-02,2024-W09
NQ,2024-03-01,2024-03-01 14:30:00+00:00,2024-03-01 16:29:00+00:00,18096.5,18242.0,18093.75,18229.0,216283,3928279424.25,120,18162.6823386489,2024-03-01 16:30:00+00:00,2024-03-01 18:59:00+00:00,18229.75,18348.25,18208.75,18345.0,136526,2495259736.0,150,18276.80980912061,primary_2023_2025,148.25,127.625,1.1616062683643487,standard,1_0_to_1_3,139.5,0.9409780775716695,False,0.8261648745519713,0.8261648745519713,1,1,False,True,0.9767025089605734,False,False,2024,2024-03,2024-W09
NQ,2024-03-04,2024-03-04 14:30:00+00:00,2024-03-04 16:29:00+00:00,18330.25,18334.75,18280.25,18303.75,190403,3485907403.5833335,120,18308.048736539517,2024-03-04 16:30:00+00:00,2024-03-04 18:59:00+00:00,18304.0,18327.5,18270.25,18301.75,111910,2048169632.3333333,150,18301.935772793615,primary_2023_2025,54.5,127.625,0.42703232125367285,standard,le_0_7,57.25,1.0504587155963303,False,0.039301310043668124,-0.039301310043668124,-1,-1,False,True,0.5502183406113537,True,True,2024,2024-03,2024-W10
NQ,2024-03-05,2024-03-05 14:30:00+00:00,2024-03-05 16:29:00+00:00,18133.75,18135.25,17909.25,17954.5,300390,5408738105.833333,120,18005.71958398526,2024-03-05 16:30:00+00:00,2024-03-05 18:59:00+00:00,17954.25,17978.5,17875.75,17879.25,161693,2899358143.5833335,150,17931.25332317004,primary_2023_2025,226.0,117.25,1.927505330490405,exhaustion,1_5_to_2_0,102.75,0.45464601769911506,True,0.7299270072992701,-0.7299270072992701,-1,-1,False,True,0.0340632603406326,False,False,2024,2024-03,2024-W10
NQ,2024-03-06,2024-03-06 14:30:00+00:00,2024-03-06 16:29:00+00:00,18104.25,18126.5,17963.5,18097.75,261783,4726860330.75,120,18056.406759606238,2024-03-06 16:30:00+00:00,2024-03-06 18:59:00+00:00,18097.75,18174.25,18030.5,18077.5,199512,3613189919.6666665,150,18110.138335872864,primary_2023_2025,163.0,117.25,1.3901918976545842,standard,1_3_to_1_5,143.75,0.8819018404907976,False,0.1408695652173913,-0.1408695652173913,-1,-1,False,True,0.3269565217391304,True,True,2024,2024-03,2024-W10
NQ,2024-03-07,2024-03-07 14:30:00+00:00,2024-03-07 16:29:00+00:00,18182.25,18293.0,18118.75,18286.5,257830,4695964663.666667,120,18213.414512146246,2024-03-07 16:30:00+00:00,2024-03-07 18:59:00+00:00,18286.5,18360.0,18259.75,18353.5,138065,2527903288.8333335,150,18309.515726891925,primary_2023_2025,174.25,117.25,1.4861407249466951,standard,1_3_to_1_5,100.25,0.5753228120516499,False,0.6683291770573566,0.6683291770573566,1,1,False,True,0.9351620947630923,False,False,2024,2024-03,2024-W10
NQ,2024-03-08,2024-03-08 14:30:00+00:00,2024-03-08 16:29:00+00:00,18318.0,18436.5,18191.75,18198.75,315726,5788733555.416667,120,18334.674861800002,2024-03-08 16:30:00+00:00,2024-03-08 18:59:00+00:00,18199.0,18231.25,18012.5,18046.0,317835,5764366311.833333,150,18136.348457008615,primary_2023_2025,244.75,127.625,1.9177277179236043,exhaustion,1_5_to_2_0,218.75,0.8937691521961185,False,0.6994285714285714,-0.6994285714285714,-1,-1,False,True,0.15314285714285714,False,False,2024,2024-03,2024-W10
NQ,2024-03-11,2024-03-11 13:30:00+00:00,2024-03-11 15:29:00+00:00,18224.5,18269.0,18138.0,18176.0,240551,4377394046.75,120,18197.363747188745,2024-03-11 15:30:00+00:00,2024-03-11 17:59:00+00:00,18176.25,18254.5,18162.5,18221.5,120711,2198902094.75,150,18216.25282492896,primary_2023_2025,131.0,132.875,0.9858889934148636,standard,0_7_to_1_0,92.0,0.7022900763358778,False,0.49184782608695654,0.49184782608695654,-1,1,True,False,0.6413043478260869,True,True,2024,2024-03,2024-W11
NQ,2024-03-12,2024-03-12 13:30:00+00:00,2024-03-12 15:29:00+00:00,18311.5,18457.5,18174.0,18453.5,259048,4746810232.666667,120,18324.056671607836,2024-03-12 15:30:00+00:00,2024-03-12 17:59:00+00:00,18453.5,18455.75,18323.25,18402.5,159041,2923967650.9166665,150,18384.99286923917,primary_2023_2025,283.5,137.0,2.0693430656934306,exhaustion,gt_2_0,132.5,0.4673721340388007,True,0.3849056603773585,-0.3849056603773585,1,-1,True,False,0.5981132075471698,True,True,2024,2024-03,2024-W11
NQ,2024-03-13,2024-03-13 13:30:00+00:00,2024-03-13 15:29:00+00:00,18428.25,18429.75,18302.75,18321.0,282863,5192350649.166667,120,18356.41511674085,2024-03-13 15:30:00+00:00,2024-03-13 17:59:00+00:00,18321.5,18398.25,18281.75,18388.0,158584,2909349600.8333335,150,18345.795293556308,primary_2023_2025,127.0,137.0,0.927007299270073,standard,0_7_to_1_0,116.5,0.9173228346456693,False,0.5708154506437768,0.5708154506437768,-1,1,True,True,0.9120171673819742,True,True,2024,2024-03,2024-W11
NQ,2024-03-14,2024-03-14 13:30:00+00:00,2024-03-14 15:29:00+00:00,18375.25,18398.0,18203.25,18278.75,304838,5578852010.5,120,18301.038618872975,2024-03-14 15:30:00+00:00,2024-03-14 17:59:00+00:00,18279.25,18313.5,18210.0,18292.5,163949,2994671676.1666665,150,18265.87338847243,primary_2023_2025,194.75,129.0,1.5096899224806202,exhaustion,1_5_to_2_0,103.5,0.5314505776636713,False,0.1280193236714976,0.1280193236714976,-1,1,True,False,0.7971014492753623,True,True,2024,2024-03,2024-W11
NQ,2024-03-15,2024-03-15 13:30:00+00:00,2024-03-15 15:29:00+00:00,18152.5,18174.5,18029.0,18102.75,254281,4605370067.583333,120,18111.341655819087,2024-03-15 15:30:00+00:00,2024-03-15 17:59:00+00:00,18102.5,18110.5,18006.25,18081.0,149033,2690425871.3333335,150,18052.55125598581,primary_2023_2025,145.5,139.625,1.0420769919427038,standard,1_0_to_1_3,104.25,0.7164948453608248,False,0.20623501199040767,-0.20623501199040767,-1,-1,False,True,0.7170263788968825,False,False,2024,2024-03,2024-W11
NQ,2024-03-18,2024-03-18 13:30:00+00:00,2024-03-18 15:29:00+00:00,18284.0,18381.0,18277.5,18319.75,247258,4532789470.25,120,18332.225732837764,2024-03-18 15:30:00+00:00,2024-03-18 17:59:00+00:00,18319.75,18320.75,18235.25,18272.5,136279,2491098560.9166665,150,18279.401528604307,primary_2023_2025,103.5,138.25,0.7486437613019892,standard,0_7_to_1_0,85.5,0.8260869565217391,False,0.5526315789473685,-0.5526315789473685,1,-1,True,True,0.43567251461988304,False,False,2024,2024-03,2024-W12
NQ,2024-03-19,2024-03-19 13:30:00+00:00,2024-03-19 15:29:00+00:00,18143.25,18152.5,18053.25,18130.5,219682,3977107233.8333335,120,18103.92855961496,2024-03-19 15:30:00+00:00,2024-03-19 17:59:00+00:00,18131.0,18286.0,18131.0,18264.0,164499,2996420344.4166665,150,18215.43197476378,primary_2023_2025,99.25,138.25,0.7179023508137432,standard,0_7_to_1_0,155.0,1.561712846347607,False,0.8580645161290322,0.8580645161290322,-1,1,True,True,0.8580645161290322,False,False,2024,2024-03,2024-W12
NQ,2024-03-20,2024-03-20 13:30:00+00:00,2024-03-20 15:29:00+00:00,18318.0,18334.5,18245.75,18284.75,143801,2628451587.8333335,120,18278.395754086087,2024-03-20 15:30:00+00:00,2024-03-20 17:59:00+00:00,18285.0,18296.0,18244.75,18273.75,80919,1478469313.9166667,150,18270.978557775885,primary_2023_2025,88.75,129.0,0.687984496124031,standard,le_0_7,51.25,0.5774647887323944,False,0.21951219512195122,-0.21951219512195122,-1,-1,False,True,0.5658536585365853,True,True,2024,2024-03,2024-W12
NQ,2024-03-21,2024-03-21 13:30:00+00:00,2024-03-21 15:29:00+00:00,18687.5,18709.0,18617.5,18655.5,219070,4086963403.8333335,120,18655.97025532174,2024-03-21 15:30:00+00:00,2024-03-21 17:59:00+00:00,18655.5,18707.5,18612.25,18618.75,119394,2229522230.0,150,18673.65386870362,primary_2023_2025,91.5,129.0,0.7093023255813954,standard,0_7_to_1_0,95.25,1.040983606557377,False,0.3858267716535433,-0.3858267716535433,-1,-1,False,True,0.06824146981627296,True,True,2024,2024-03,2024-W12
NQ,2024-03-22,2024-03-22 13:30:00+00:00,2024-03-22 15:29:00+00:00,18537.5,18565.0,18500.0,18553.5,160778,2979230407.0833335,120,18530.087493832078,2024-03-22 15:30:00+00:00,2024-03-22 17:59:00+00:00,18553.5,18626.0,18528.5,18622.5,111130,2063859491.6666667,150,18571.57825669636,primary_2023_2025,65.0,129.0,0.5038759689922481,standard,le_0_7,97.5,1.5,False,0.7076923076923077,0.7076923076923077,1,1,False,True,0.9641025641025641,True,True,2024,2024-03,2024-W12
NQ,2024-03-25,2024-03-25 13:30:00+00:00,2024-03-25 15:29:00+00:00,18459.25,18542.0,18414.75,18528.25,177898,3289191475.4166665,120,18489.198728578547,2024-03-25 15:30:00+00:00,2024-03-25 17:59:00+00:00,18529.0,18557.5,18511.25,18552.25,90092,1669765478.8333333,150,18534.003894167443,primary_2023_2025,127.25,116.375,1.0934479054779807,standard,1_0_to_1_3,46.25,0.36345776031434185,True,0.5027027027027027,0.5027027027027027,1,1,False,True,0.8864864864864865,False,False,2024,2024-03,2024-W13
NQ,2024-03-26,2024-03-26 13:30:00+00:00,2024-03-26 15:29:00+00:00,18568.75,18608.5,18534.0,18568.25,173037,3213609115.1666665,120,18571.80322801867,2024-03-26 15:30:00+00:00,2024-03-26 17:59:00+00:00,18568.75,18588.75,18529.5,18538.5,103207,1915148060.3333333,150,18556.377574518523,primary_2023_2025,74.5,127.125,0.5860373647984267,standard,le_0_7,59.25,0.7953020134228188,False,0.510548523206751,-0.510548523206751,-1,-1,False,True,0.1518987341772152,True,True,2024,2024-03,2024-W13
NQ,2024-03-27,2024-03-27 13:30:00+00:00,2024-03-27 15:29:00+00:00,18566.5,18571.75,18378.5,18400.75,234791,4331805628.5,120,18449.623829277953,2024-03-27 15:30:00+00:00,2024-03-27 17:59:00+00:00,18401.25,18453.5,18390.75,18430.25,111184,2048381605.5833333,150,18423.348733480834,primary_2023_2025,193.25,127.125,1.52015732546706,exhaustion,1_5_to_2_0,62.75,0.32470892626131953,True,0.46215139442231074,0.46215139442231074,-1,1,True,False,0.6294820717131474,True,True,2024,2024-03,2024-W13
NQ,2024-03-28,2024-03-28 13:30:00+00:00,2024-03-28 15:29:00+00:00,18500.0,18538.75,18457.25,18510.0,170362,3151963961.0,120,18501.56702198847,2024-03-28 15:30:00+00:00,2024-03-28 17:59:00+00:00,18510.0,18519.0,18454.0,18469.5,105545,1950956013.3333333,150,18484.58963791116,primary_2023_2025,81.5,129.125,0.6311713455953534,standard,le_0_7,65.0,0.7975460122699386,False,0.6230769230769231,-0.6230769230769231,1,-1,True,True,0.23846153846153847,True,True,2024,2024-03,2024-W13
NQ,2024-04-01,2024-04-01 13:30:00+00:00,2024-04-01 15:29:00+00:00,18500.5,18607.0,18426.25,18470.75,238370,4417350979.166667,120,18531.48877445428,2024-04-01 15:30:00+00:00,2024-04-01 17:59:00+00:00,18471.0,18491.25,18414.5,18464.0,115150,2125397758.8333333,150,18457.644453611232,primary_2023_2025,180.75,129.125,1.3998063891577928,standard,1_3_to_1_5,76.75,0.42461964038727523,True,0.09120521172638436,-0.09120521172638436,-1,-1,False,True,0.6449511400651465,False,False,2024,2024-04,2024-W14
NQ,2024-04-02,2024-04-02 13:30:00+00:00,2024-04-02 15:29:00+00:00,18287.5,18292.0,18201.5,18268.25,227536,4151368306.4166665,120,18244.885672670112,2024-04-02 15:30:00+00:00,2024-04-02 17:59:00+00:00,18268.0,18300.75,18230.0,18277.25,117050,2137961895.4166667,150,18265.372878399547,primary_2023_2025,90.5,129.125,0.7008712487899322,standard,0_7_to_1_0,70.75,0.7817679558011049,False,0.13074204946996468,0.13074204946996468,-1,1,True,True,0.6678445229681979,True,True,2024,2024-04,2024-W14
NQ,2024-04-03,2024-04-03 13:30:00+00:00,2024-04-03 15:29:00+00:00,18240.5,18450.0,18239.5,18442.5,192294,3530168785.5,120,18358.18478735686,2024-04-03 15:30:00+00:00,2024-04-03 17:59:00+00:00,18442.75,18451.75,18370.25,18416.25,131616,2423388325.5,150,18412.56629513129,primary_2023_2025,210.5,129.125,1.6302032913843176,exhaustion,1_5_to_2_0,81.5,0.38717339667458434,True,0.32515337423312884,-0.32515337423312884,1,-1,True,True,0.5644171779141104,False,False,2024,2024-04,2024-W14
NQ,2024-04-04,2024-04-04 13:30:00+00:00,2024-04-04 15:29:00+00:00,18541.25,18568.0,18479.75,18501.75,157337,2913541360.4166665,120,18517.83979875469,2024-04-04 15:30:00+00:00,2024-04-04 17:59:00+00:00,18502.0,18566.75,18487.5,18498.0,112739,2089655386.1666667,150,18535.33724945819,primary_2023_2025,88.25,129.125,0.6834462729912875,standard,le_0_7,79.25,0.8980169971671388,False,0.050473186119873815,-0.050473186119873815,-1,-1,False,False,0.13249211356466878,True,True,2024,2024-04,2024-W14
NQ,2024-04-05,2024-04-05 13:30:00+00:00,2024-04-05 15:29:00+00:00,18138.0,18324.0,18102.5,18282.5,255572,4656485911.0,120,18219.85941730706,2024-04-05 15:30:00+00:00,2024-04-05 17:59:00+00:00,18282.75,18408.25,18272.25,18291.75,182906,3356111501.8333335,150,18348.832197048392,primary_2023_2025,221.5,127.125,1.7423795476892823,exhaustion,1_5_to_2_0,136.0,0.6139954853273137,False,0.0661764705882353,0.0661764705882353,1,1,False,True,0.14338235294117646,False,False,2024,2024-04,2024-W14
NQ,2024-04-08,2024-04-08 13:30:00+00:00,2024-04-08 15:29:00+00:00,18330.25,18376.0,18237.5,18336.0,186423,3414279906.5,120,18314.692427972943,2024-04-08 15:30:00+00:00,2024-04-08 17:59:00+00:00,18335.5,18335.5,18252.0,18307.0,122190,2235633622.6666665,150,18296.371410644624,primary_2023_2025,138.5,127.125,1.0894788593903637,standard,1_0_to_1_3,83.5,0.6028880866425993,False,0.3413173652694611,-0.3413173652694611,1,-1,True,False,0.6586826347305389,True,True,2024,2024-04,2024-W15
NQ,2024-04-09,2024-04-09 13:30:00+00:00,2024-04-09 15:29:00+00:00,18391.25,18405.0,18160.75,18225.75,290354,5308582726.166667,120,18283.1396370178,2024-04-09 15:30:00+00:00,2024-04-09 17:59:00+00:00,18225.75,18303.75,18208.0,18255.0,129916,2373491541.5,150,18269.432106130116,primary_2023_2025,244.25,127.125,1.92133726647001,exhaustion,1_5_to_2_0,95.75,0.39201637666325484,True,0.30548302872062666,0.30548302872062666,-1,1,True,False,0.4908616187989556,True,True,2024,2024-04,2024-W15
NQ,2024-04-10,2024-04-10 13:30:00+00:00,2024-04-10 15:29:00+00:00,18140.0,18234.0,18107.75,18180.75,297654,5407788818.333333,120,18168.0367753611,2024-04-10 15:30:00+00:00,2024-04-10 17:59:00+00:00,18181.0,18224.25,18114.0,18166.0,188827,3428855650.8333335,150,18158.714859809952,primary_2023_2025,126.25,127.125,0.9931170108161259,standard,0_7_to_1_0,110.25,0.8732673267326733,False,0.1360544217687075,-0.1360544217687075,1,-1,True,False,0.47165532879818595,True,True,2024,2024-04,2024-W15
NQ,2024-04-11,2024-04-11 13:30:00+00:00,2024-04-11 15:29:00+00:00,18265.25,18277.0,18169.5,18246.0,223152,4070215339.8333335,120,18239.654315593558,2024-04-11 15:30:00+00:00,2024-04-11 17:59:00+00:00,18246.5,18444.25,18242.25,18436.5,174725,3205663696.75,150,18346.909124338246,primary_2023_2025,107.5,126.625,0.8489634748272458,standard,0_7_to_1_0,202.0,1.8790697674418604,False,0.9405940594059405,0.9405940594059405,-1,1,True,True,0.9616336633663366,False,False,2024,2024-04,2024-W15
NQ,2024-04-12,2024-04-12 13:30:00+00:00,2024-04-12 15:29:00+00:00,18297.0,18343.25,18193.25,18262.75,242463,4430625563.583333,120,18273.408988519208,2024-04-12 15:30:00+00:00,2024-04-12 17:59:00+00:00,18262.75,18291.25,18124.0,18161.75,194252,3534337851.4166665,150,18194.602122071672,primary_2023_2025,150.0,116.875,1.2834224598930482,standard,1_0_to_1_3,167.25,1.115,False,0.6038863976083707,-0.6038863976083707,-1,-1,False,True,0.2257100149476831,True,True,2024,2024-04,2024-W15
NQ,2024-04-15,2024-04-15 13:30:00+00:00,2024-04-15 15:29:00+00:00,18335.75,18339.0,18158.5,18195.25,231370,4221305969.5833335,120,18244.82849800464,2024-04-15 15:30:00+00:00,2024-04-15 17:59:00+00:00,18195.25,18226.75,17876.75,17922.75,222798,4021818197.5833335,150,18051.410684042647,primary_2023_2025,180.5,116.875,1.544385026737968,exhaustion,1_5_to_2_0,350.0,1.9390581717451523,False,0.7785714285714286,-0.7785714285714286,-1,-1,False,True,0.13142857142857142,False,False,2024,2024-04,2024-W16
NQ,2024-04-16,2024-04-16 13:30:00+00:00,2024-04-16 15:29:00+00:00,17868.25,17931.5,17822.0,17911.5,220768,3946322844.3333335,120,17875.429610873558,2024-04-16 15:30:00+00:00,2024-04-16 17:59:00+00:00,17911.75,17936.5,17818.0,17889.0,187285,3351030836.0833335,150,17892.681400450296,primary_2023_2025,109.5,116.875,0.9368983957219251,standard,0_7_to_1_0,118.5,1.082191780821918,False,0.19198312236286919,-0.19198312236286919,1,-1,True,True,0.5991561181434599,True,True,2024,2024-04,2024-W16
NQ,2024-04-17,2024-04-17 13:30:00+00:00,2024-04-17 15:29:00+00:00,17957.25,17959.5,17763.5,17767.5,248554,4437430248.916667,120,17852.982647298642,2024-04-17 15:30:00+00:00,2024-04-17 17:59:00+00:00,17767.25,17773.25,17615.25,17742.0,234192,4145308540.8333335,150,17700.470301433583,primary_2023_2025,196.0,117.875,1.6627783669141039,exhaustion,1_5_to_2_0,158.0,0.8061224489795918,False,0.15981012658227847,-0.15981012658227847,-1,-1,False,True,0.8022151898734177,False,False,2024,2024-04,2024-W16
NQ,2024-04-18,2024-04-18 13:30:00+00:00,2024-04-18 15:29:00+00:00,17673.5,17746.0,17552.0,17706.0,243870,4304634828.916667,120,17651.350428165282,2024-04-18 15:30:00+00:00,2024-04-18 17:59:00+00:00,17706.0,17715.5,17537.0,17561.5,189018,3331918723.6666665,150,17627.52078461663,primary_2023_2025,194.0,126.75,1.5305719921104537,exhaustion,1_5_to_2_0,178.5,0.9201030927835051,False,0.8095238095238095,-0.8095238095238095,1,-1,True,True,0.13725490196078433,True,True,2024,2024-04,2024-W16
NQ,2024-04-19,2024-04-19 13:30:00+00:00,2024-04-19 15:29:00+00:00,17495.0,17517.0,17319.25,17333.0,252415,4395917906.333333,120,17415.438489524524,2024-04-19 15:30:00+00:00,2024-04-19 17:59:00+00:00,17333.25,17350.75,17203.75,17289.25,215738,3727360605.5833335,150,17277.255771275035,primary_2023_2025,197.75,132.875,1.4882408278457198,standard,1_3_to_1_5,147.0,0.7433628318584071,False,0.29931972789115646,-0.29931972789115646,-1,-1,False,True,0.5816326530612245,False,False,2024,2024-04,2024-W16
NQ,2024-04-22,2024-04-22 13:30:00+00:00,2024-04-22 15:29:00+00:00,17288.75,17331.5,17148.5,17206.0,217379,3748091237.3333335,120,17242.195600004296,2024-04-22 15:30:00+00:00,2024-04-22 17:59:00+00:00,17205.75,17414.75,17201.75,17397.25,140988,2437566705.5833335,150,17289.17855124786,primary_2023_2025,183.0,144.25,1.268630849220104,standard,1_0_to_1_3,213.0,1.1639344262295082,False,0.8990610328638498,0.8990610328638498,-1,1,True,True,0.9178403755868545,True,True,2024,2024-04,2024-W17
NQ,2024-04-23,2024-04-23 13:30:00+00:00,2024-04-23 15:29:00+00:00,17428.75,17607.5,17413.75,17588.25,244195,4278823945.25,120,17522.16034419214,2024-04-23 15:30:00+00:00,2024-04-23 17:59:00+00:00,17588.75,17640.75,17560.25,17636.75,109714,1930631263.3333333,150,17596.94536096882,primary_2023_2025,193.75,165.25,1.172465960665658,standard,1_0_to_1_3,80.5,0.4154838709677419,True,0.5962732919254659,0.5962732919254659,1,1,False,True,0.9503105590062112,False,False,2024,2024-04,2024-W17
NQ,2024-04-24,2024-04-24 13:30:00+00:00,2024-04-24 15:29:00+00:00,17731.0,17795.5,17636.0,17658.5,219183,3885016747.6666665,120,17724.991206738963,2024-04-24 15:30:00+00:00,2024-04-24 17:59:00+00:00,17659.0,17705.25,17567.25,17698.5,151061,2662924236.0,150,17628.138540059976,primary_2023_2025,159.5,180.625,0.8830449826989619,standard,0_7_to_1_0,138.0,0.8652037617554859,False,0.286231884057971,0.286231884057971,-1,1,True,True,0.9510869565217391,False,False,2024,2024-04,2024-W17
NQ,2024-04-25,2024-04-25 13:30:00+00:00,2024-04-25 15:29:00+00:00,17353.75,17447.0,17308.25,17406.5,279186,4849552230.5,120,17370.3274179221,2024-04-25 15:30:00+00:00,2024-04-25 17:59:00+00:00,17406.75,17580.5,17358.5,17568.25,165885,2896730296.5,150,17462.279871597795,primary_2023_2025,138.75,180.625,0.7681660899653979,standard,0_7_to_1_0,222.0,1.6,False,0.7274774774774775,0.7274774774774775,1,1,False,True,0.9448198198198198,True,True,2024,2024-04,2024-W17
NQ,2024-04-26,2024-04-26 13:30:00+00:00,2024-04-26 15:29:00+00:00,17696.75,17886.25,17668.25,17837.25,250342,4453939395.583333,120,17791.418921249064,2024-04-26 15:30:00+00:00,2024-04-26 17:59:00+00:00,17837.25,17901.5,17823.25,17877.25,109173,1950260812.4166667,150,17863.948159496093,primary_2023_2025,218.0,170.0,1.2823529411764707,standard,1_0_to_1_3,78.25,0.35894495412844035,True,0.5111821086261981,0.5111821086261981,1,1,False,True,0.6900958466453674,False,False,2024,2024-04,2024-W17
NQ,2024-04-29,2024-04-29 13:30:00+00:00,2024-04-29 15:29:00+00:00,17921.5,17949.0,17830.0,17877.75,189471,3388745771.3333335,120,17885.30050157192,2024-04-29 15:30:00+00:00,2024-04-29 17:59:00+00:00,17878.25,17931.5,17844.75,17916.75,98240,1757896955.6666667,150,17893.90223602063,primary_2023_2025,119.0,180.625,0.6588235294117647,standard,le_0_7,86.75,0.7289915966386554,False,0.4438040345821326,0.4438040345821326,-1,1,True,False,0.829971181556196,True,True,2024,2024-04,2024-W18
NQ,2024-04-30,2024-04-30 13:30:00+00:00,2024-04-30 15:29:00+00:00,17836.25,17895.25,17752.0,17771.25,208257,3714627395.6666665,120,17836.746883258023,2024-04-30 15:30:00+00:00,2024-04-30 17:59:00+00:00,17771.5,17776.0,17675.5,17729.0,150701,2671274110.75,150,17725.656171823677,primary_2023_2025,143.25,170.0,0.8426470588235294,standard,0_7_to_1_0,100.5,0.7015706806282722,False,0.4228855721393035,-0.4228855721393035,-1,-1,False,True,0.5323383084577115,False,False,2024,2024-04,2024-W18
NQ,2024-05-01,2024-05-01 13:30:00+00:00,2024-05-01 15:29:00+00:00,17501.75,17517.5,17412.25,17452.25,187743,3280335106.5,120,17472.476238794523,2024-05-01 15:30:00+00:00,2024-05-01 17:59:00+00:00,17452.0,17482.5,17399.25,17468.5,109778,1915059613.3333333,150,17444.839706802213,primary_2023_2025,105.25,170.0,0.6191176470588236,standard,le_0_7,83.25,0.7909738717339667,False,0.1981981981981982,0.1981981981981982,-1,1,True,True,0.8318318318318318,True,True,2024,2024-05,2024-W18
NQ,2024-05-02,2024-05-02 13:30:00+00:00,2024-05-02 15:29:00+00:00,17583.0,17602.5,17386.25,17520.5,250980,4393039291.083333,120,17503.543274696523,2024-05-02 15:30:00+00:00,2024-05-02 17:59:00+00:00,17520.75,17616.25,17488.25,17594.75,122342,2146909714.3333333,150,17548.427476527548,primary_2023_2025,216.25,154.75,1.3974151857835218,standard,1_3_to_1_5,128.0,0.5919075144508671,False,0.578125,0.578125,-1,1,True,True,0.83203125,True,True,2024,2024-05,2024-W18
NQ,2024-05-03,2024-05-03 13:30:00+00:00,2024-05-03 15:29:00+00:00,17957.5,18050.25,17893.75,17946.5,242596,4354818236.416667,120,17950.907007603862,2024-05-03 15:30:00+00:00,2024-05-03 17:59:00+00:00,17946.75,18008.0,17946.5,17986.0,90846,1633956224.6666667,150,17986.0007558579,primary_2023_2025,156.5,170.0,0.9205882352941176,standard,0_7_to_1_0,61.5,0.3929712460063898,True,0.6382113821138211,0.6382113821138211,-1,1,True,False,0.6422764227642277,True,True,2024,2024-05,2024-W18
NQ,2024-05-06,2024-05-06 13:30:00+00:00,2024-05-06 15:29:00+00:00,18074.25,18117.0,18042.75,18097.25,135915,2458661208.5,120,18089.697299782954,2024-05-06 15:30:00+00:00,2024-05-06 17:59:00+00:00,18097.75,18132.25,18067.25,18128.5,85883,1554907234.4166667,150,18104.947829217268,primary_2023_2025,74.25,158.0,0.4699367088607595,standard,le_0_7,65.0,0.8754208754208754,False,0.47307692307692306,0.47307692307692306,1,1,False,True,0.9423076923076923,True,True,2024,2024-05,2024-W19
NQ,2024-05-07,2024-05-07 13:30:00+00:00,2024-05-07 15:29:00+00:00,18211.25,18263.75,18181.75,18245.5,170467,3105472173.4166665,120,18217.438996501765,2024-05-07 15:30:00+00:00,2024-05-07 17:59:00+00:00,18246.0,18266.25,18183.5,18193.75,103400,1886115595.75,150,18240.963208413927,primary_2023_2025,82.0,158.0,0.5189873417721519,standard,le_0_7,82.75,1.0091463414634145,False,0.6314199395770392,-0.6314199395770392,1,-1,True,True,0.12386706948640483,True,True,2024,2024-05,2024-W19
NQ,2024-05-08,2024-05-08 13:30:00+00:00,2024-05-08 15:29:00+00:00,18084.0,18242.25,18078.5,18186.25,168982,3070433579.1666665,120,18170.181316155962,2024-05-08 15:30:00+00:00,2024-05-08 17:59:00+00:00,18186.5,18193.0,18138.75,18178.75,98113,1782716125.5833333,150,18170.029716585297,primary_2023_2025,163.75,153.25,1.068515497553018,standard,1_0_to_1_3,54.25,0.33129770992366414,True,0.14285714285714285,-0.14285714285714285,1,-1,True,False,0.7373271889400922,True,True,2024,2024-05,2024-W19
NQ,2024-05-09,2024-05-09 13:30:00+00:00,2024-05-09 15:29:00+00:00,18186.75,18231.25,18108.75,18229.5,182650,3319457657.1666665,120,18173.87165161055,2024-05-09 15:30:00+00:00,2024-05-09 17:59:00+00:00,18229.5,18237.25,18170.0,18206.5,106211,1933668654.0,150,18205.91703307567,primary_2023_2025,122.5,158.0,0.7753164556962026,standard,0_7_to_1_0,67.25,0.5489795918367347,False,0.3420074349442379,-0.3420074349442379,1,-1,True,True,0.5427509293680297,True,True,2024,2024-05,2024-W19
NQ,2024-05-10,2024-05-10 13:30:00+00:00,2024-05-10 15:29:00+00:00,18274.25,18348.0,18188.5,18238.5,193366,3532539023.25,120,18268.66679380036,2024-05-10 15:30:00+00:00,2024-05-10 17:59:00+00:00,18238.5,18254.25,18193.0,18252.0,103075,1879009198.5833333,150,18229.53382084243,primary_2023_2025,159.5,158.0,1.009493670886076,standard,1_0_to_1_3,61.25,0.384012539184953,True,0.22040816326530613,0.22040816326530613,-1,1,True,False,0.963265306122449,False,False,2024,2024-05,2024-W19
NQ,2024-05-13,2024-05-13 13:30:00+00:00,2024-05-13 15:29:00+00:00,18331.75,18336.25,18252.25,18279.75,156935,2870563843.3333335,120,18291.419016365588,2024-05-13 15:30:00+00:00,2024-05-13 17:59:00+00:00,18279.5,18309.5,18235.0,18284.25,99773,1824164263.6666667,150,18283.145376671713,primary_2023_2025,84.0,159.5,0.5266457680250783,standard,le_0_7,74.5,0.8869047619047619,False,0.06375838926174497,0.06375838926174497,-1,1,True,True,0.6610738255033557,True,True,2024,2024-05,2024-W20
NQ,2024-05-14,2024-05-14 13:30:00+00:00,2024-05-14 15:29:00+00:00,18274.25,18370.75,18265.5,18358.5,217258,3979018613.1666665,120,18314.716204543292,2024-05-14 15:30:00+00:00,2024-05-14 17:59:00+00:00,18358.5,18358.75,18298.0,18331.25,98050,1796179669.9166667,150,18319.017541220466,primary_2023_2025,105.25,158.0,0.6661392405063291,standard,le_0_7,60.75,0.5771971496437055,False,0.448559670781893,-0.448559670781893,1,-1,True,False,0.5473251028806584,True,True,2024,2024-05,2024-W20
NQ,2024-05-15,2024-05-15 13:30:00+00:00,2024-05-15 15:29:00+00:00,18509.5,18602.0,18446.75,18595.75,211582,3920025439.4166665,120,18527.216112035363,2024-05-15 15:30:00+00:00,2024-05-15 17:59:00+00:00,18595.25,18683.75,18577.25,18682.0,113172,2108005073.5,150,18626.560222493197,primary_2023_2025,155.25,158.0,0.9825949367088608,standard,0_7_to_1_0,106.5,0.6859903381642513,False,0.8145539906103286,0.8145539906103286,1,1,False,True,0.9835680751173709,False,False,2024,2024-05,2024-W20
NQ,2024-05-16,2024-05-16 13:30:00+00:00,2024-05-16 15:29:00+00:00,18678.75,18760.75,18672.0,18745.0,172624,3230016817.1666665,120,18711.284741210184,2024-05-16 15:30:00+00:00,2024-05-16 17:59:00+00:00,18745.0,18755.5,18670.75,18710.0,140722,2633779425.5833335,150,18716.188126826888,primary_2023_2025,88.75,155.875,0.5693664795509222,standard,le_0_7,84.75,0.9549295774647887,False,0.41297935103244837,-0.41297935103244837,1,-1,True,True,0.4631268436578171,True,True,2024,2024-05,2024-W20
NQ,2024-05-17,2024-05-17 13:30:00+00:00,2024-05-17 15:29:00+00:00,18651.25,18677.0,18620.5,18654.75,166927,3113151084.8333335,120,18649.775559575944,2024-05-17 15:30:00+00:00,2024-05-17 17:59:00+00:00,18654.75,18661.0,18607.75,18615.25,102375,1907589976.9166667,150,18633.35752787953,primary_2023_2025,56.5,149.25,0.3785594639865997,standard,le_0_7,53.25,0.9424778761061947,False,0.7417840375586855,-0.7417840375586855,1,-1,True,True,0.14084507042253522,True,True,2024,2024-05,2024-W20
NQ,2024-05-20,2024-05-20 13:30:00+00:00,2024-05-20 15:29:00+00:00,18643.5,18772.0,18635.25,18752.5,159058,2978402622.1666665,120,18725.261364827085,2024-05-20 15:30:00+00:00,2024-05-20 17:59:00+00:00,18752.75,18794.5,18731.75,18745.5,112863,2117132758.0833333,150,18758.430646742807,primary_2023_2025,136.75,141.0,0.9698581560283688,standard,0_7_to_1_0,62.75,0.45886654478976235,True,0.11553784860557768,-0.11553784860557768,1,-1,True,True,0.21912350597609562,False,False,2024,2024-05,2024-W21
NQ,2024-05-21,2024-05-21 13:30:00+00:00,2024-05-21 15:29:00+00:00,18686.0,18763.5,18678.0,18753.5,158730,2971521897.75,120,18720.606676431675,2024-05-21 15:30:00+00:00,2024-05-21 17:59:00+00:00,18753.75,18775.75,18731.5,18775.75,86763,1627151267.5833333,150,18753.976552024862,primary_2023_2025,85.5,137.75,0.6206896551724138,standard,le_0_7,44.25,0.5175438596491229,False,0.4971751412429379,0.4971751412429379,1,1,False,True,1.0,False,False,2024,2024-05,2024-W21
NQ,2024-05-22,2024-05-22 13:30:00+00:00,2024-05-22 15:29:00+00:00,18808.0,18838.75,18788.75,18833.75,141183,2656639848.8333335,120,18816.995309869697,2024-05-22 15:30:00+00:00,2024-05-22 17:59:00+00:00,18834.5,18837.5,18746.0,18771.75,116651,2192964360.8333335,150,18799.361864307495,primary_2023_2025,50.0,129.625,0.3857280617164899,standard,le_0_7,91.5,1.83,False,0.6857923497267759,-0.6857923497267759,1,-1,True,True,0.2814207650273224,True,True,2024,2024-05,2024-W21
NQ,2024-05-23,2024-05-23 13:30:00+00:00,2024-05-23 15:29:00+00:00,18981.5,18982.5,18802.0,18894.5,287689,5434501429.75,120,18890.195418490104,2024-05-23 15:30:00+00:00,2024-05-23 17:59:00+00:00,18894.75,18933.5,18711.25,18716.5,196373,3700851163.1666665,150,18846.028543469147,primary_2023_2025,180.5,120.75,1.494824016563147,standard,1_3_to_1_5,222.25,1.2313019390581716,False,0.8020247469066367,-0.8020247469066367,-1,-1,False,True,0.023622047244094488,True,True,2024,2024-05,2024-W21
NQ,2024-05-24,2024-05-24 13:30:00+00:00,2024-05-24 15:29:00+00:00,18762.25,18919.0,18732.5,18900.75,216642,4075455315.3333335,120,18811.935429571982,2024-05-24 15:30:00+00:00,2024-05-24 17:59:00+00:00,18900.75,18915.75,18874.25,18903.5,114562,2164778313.0,150,18896.128847261745,primary_2023_2025,186.5,120.75,1.544513457556936,exhaustion,1_5_to_2_0,41.5,0.2225201072386059,True,0.06626506024096386,0.06626506024096386,1,1,False,False,0.7048192771084337,False,False,2024,2024-05,2024-W21
NQ,2024-05-27,2024-05-27 13:30:00+00:00,2024-05-27 15:29:00+00:00,18879.0,18928.25,18876.0,18924.25,25216,476554380.0,120,18898.888800761422,2024-05-27 15:30:00+00:00,2024-05-27 16:59:00+00:00,18924.25,18956.0,18923.25,18950.75,13803,261431893.58333334,90,18940.222675022338,primary_2023_2025,52.25,120.75,0.432712215320911,standard,le_0_7,32.75,0.6267942583732058,False,0.8091603053435115,0.8091603053435115,1,1,False,True,0.8396946564885496,False,False,2024,2024-05,2024-W22
NQ,2024-05-28,2024-05-28 13:30:00+00:00,2024-05-28 15:29:00+00:00,18920.25,18936.5,18839.0,18927.25,169993,3211607019.75,120,18892.58392845588,2024-05-28 15:30:00+00:00,2024-05-28 17:59:00+00:00,18927.0,18944.5,18891.25,18902.25,118592,2244018250.8333335,150,18922.17224461459,primary_2023_2025,97.5,113.875,0.8562019758507134,standard,0_7_to_1_0,53.25,0.5461538461538461,False,0.4647887323943662,-0.4647887323943662,1,-1,True,True,0.20657276995305165,True,True,2024,2024-05,2024-W22
NQ,2024-05-29,2024-05-29 13:30:00+00:00,2024-05-29 15:29:00+00:00,18765.25,18879.75,18761.0,18849.25,200634,3778095915.6666665,120,18830.78598675532,2024-05-29 15:30:00+00:00,2024-05-29 17:59:00+00:00,18849.25,18878.0,18816.5,18859.5,112401,2118379606.5,150,18846.62597752689,primary_2023_2025,118.75,105.25,1.1282660332541568,standard,1_0_to_1_3,61.5,0.5178947368421053,False,0.16666666666666666,0.16666666666666666,1,1,False,False,0.6991869918699187,True,True,2024,2024-05,2024-W22
NQ,2024-05-30,2024-05-30 13:30:00+00:00,2024-05-30 15:29:00+00:00,18764.75,18769.5,18623.75,18674.0,206969,3871118912.75,120,18703.858610468233,2024-05-30 15:30:00+00:00,2024-05-30 17:59:00+00:00,18674.25,18729.0,18667.25,18702.75,108698,2032234949.25,150,18696.157696093764,primary_2023_2025,145.75,112.0,1.3013392857142858,standard,1_3_to_1_5,61.75,0.4236706689536878,True,0.46153846153846156,0.46153846153846156,-1,1,True,False,0.5748987854251012,True,True,2024,2024-05,2024-W22
NQ,2024-05-31,2024-05-31 13:30:00+00:00,2024-05-31 15:29:00+00:00,18602.0,18631.5,18329.5,18337.25,264471,4883239358.583333,120,18464.17701216138,2024-05-31 15:30:00+00:00,2024-05-31 17:59:00+00:00,18337.0,18367.0,18241.25,18341.25,177930,3257408931.75,150,18307.249658573597,primary_2023_2025,302.0,112.0,2.6964285714285716,exhaustion,gt_2_0,125.75,0.4163907284768212,True,0.033797216699801194,0.033797216699801194,-1,1,True,True,0.7952286282306164,False,False,2024,2024-05,2024-W22
NQ,2024-06-03,2024-06-03 13:30:00+00:00,2024-06-03 15:29:00+00:00,18712.75,18755.5,18564.25,18616.75,236454,4413459455.083333,120,18665.19261709818,2024-06-03 15:30:00+00:00,2024-06-03 17:59:00+00:00,18616.5,18637.25,18435.75,18557.25,185263,3433719102.6666665,150,18534.295043622667,primary_2023_2025,191.25,112.0,1.7075892857142858,exhaustion,1_5_to_2_0,201.5,1.05359477124183,False,0.29404466501240695,-0.29404466501240695,-1,-1,False,True,0.6029776674937966,False,False,2024,2024-06,2024-W23
NQ,2024-06-04,2024-06-04 13:30:00+00:00,2024-06-04 15:29:00+00:00,18637.75,18664.0,18567.75,18600.75,204389,3804717674.0833335,120,18615.08043037215,2024-06-04 15:30:00+00:00,2024-06-04 17:59:00+00:00,18601.5,18652.25,18570.75,18629.5,122799,2285231830.0833335,150,18609.531267219874,primary_2023_2025,96.25,120.625,0.7979274611398963,standard,0_7_to_1_0,81.5,0.8467532467532467,False,0.34355828220858897,0.34355828220858897,-1,1,True,False,0.7208588957055214,True,True,2024,2024-06,2024-W23
NQ,2024-06-05,2024-06-05 13:30:00+00:00,2024-06-05 15:29:00+00:00,18848.75,18981.75,18800.0,18965.0,207257,3913678016.1666665,120,18883.212707733233,2024-06-05 15:30:00+00:00,2024-06-05 17:59:00+00:00,18964.75,19028.25,18954.75,19024.25,112413,2134855904.75,150,18991.18344630959,primary_2023_2025,181.75,120.625,1.5067357512953368,exhaustion,1_5_to_2_0,73.5,0.40440165061898214,True,0.8095238095238095,0.8095238095238095,1,1,False,True,0.9455782312925171,False,False,2024,2024-06,2024-W23
NQ,2024-06-06,2024-06-06 13:30:00+00:00,2024-06-06 15:29:00+00:00,19102.75,19115.75,19032.25,19069.0,181938,3471158735.0833335,120,19078.800113683417,2024-06-06 15:30:00+00:00,2024-06-06 17:59:00+00:00,19069.0,19090.5,19035.25,19072.25,110851,2113263819.3333333,150,19064.003205504083,primary_2023_2025,83.5,120.625,0.6922279792746114,standard,le_0_7,55.25,0.6616766467065869,False,0.058823529411764705,0.058823529411764705,-1,1,True,False,0.669683257918552,True,True,2024,2024-06,2024-W23
NQ,2024-06-07,2024-06-07 13:30:00+00:00,2024-06-07 15:29:00+00:00,19040.5,19117.5,18992.5,19066.25,170094,3239519678.3333335,120,19045.4670848668,2024-06-07 15:30:00+00:00,2024-06-07 17:59:00+00:00,19066.25,19155.0,19056.0,19114.75,129170,2468195781.9166665,150,19108.119392402776,primary_2023_2025,125.0,112.0,1.1160714285714286,standard,1_0_to_1_3,99.0,0.792,False,0.4898989898989899,0.4898989898989899,1,1,False,True,0.5934343434343434,False,False,2024,2024-06,2024-W23
NQ,2024-06-10,2024-06-10 13:30:00+00:00,2024-06-10 15:29:00+00:00,18988.75,19090.75,18977.75,19089.5,175814,3345078010.25,120,19026.23232649277,2024-06-10 15:30:00+00:00,2024-06-10 17:59:00+00:00,19089.75,19121.25,19054.0,19101.75,140441,2681745907.5833335,150,19095.1781002936,primary_2023_2025,113.0,112.0,1.0089285714285714,standard,1_0_to_1_3,67.25,0.5951327433628318,False,0.17843866171003717,0.17843866171003717,1,1,False,True,0.7100371747211895,False,False,2024,2024-06,2024-W24
NQ,2024-06-11,2024-06-11 13:30:00+00:00,2024-06-11 15:29:00+00:00,19058.0,19137.0,18994.5,19115.75,202807,3868082498.25,120,19072.72677101875,2024-06-11 15:30:00+00:00,2024-06-11 17:59:00+00:00,19115.5,19166.5,19063.25,19164.25,130983,2502934578.8333335,150,19108.850605294836,primary_2023_2025,142.5,115.875,1.2297734627831716,standard,1_0_to_1_3,103.25,0.724561403508772,False,0.4721549636803874,0.4721549636803874,1,1,False,True,0.9782082324455206,True,True,2024,2024-06,2024-W24
NQ,2024-06-12,2024-06-12 13:30:00+00:00,2024-06-12 15:29:00+00:00,19402.25,19546.75,19374.75,19533.75,212962,4150738236.5833335,120,19490.511154963486,2024-06-12 15:30:00+00:00,2024-06-12 17:59:00+00:00,19533.75,19536.75,19490.75,19517.75,92739,1809631759.5833333,150,19513.168781023443,primary_2023_2025,172.0,121.875,1.4112820512820512,standard,1_3_to_1_5,46.0,0.26744186046511625,True,0.34782608695652173,-0.34782608695652173,1,-1,True,False,0.5869565217391305,False,False,2024,2024-06,2024-W24
NQ,2024-06-13,2024-06-13 13:30:00+00:00,2024-06-13 15:29:00+00:00,19636.75,19663.5,19534.75,19578.5,196922,3859724728.5833335,120,19600.27182632379,2024-06-13 15:30:00+00:00,2024-06-13 17:59:00+00:00,19578.5,19609.0,19500.0,19568.0,124781,2440585185.9166665,150,19558.94876557061,primary_2023_2025,128.75,121.875,1.0564102564102564,standard,1_0_to_1_3,109.0,0.8466019417475729,False,0.0963302752293578,-0.0963302752293578,-1,-1,False,True,0.6238532110091743,True,True,2024,2024-06,2024-W24
NQ,2024-06-14,2024-06-14 13:30:00+00:00,2024-06-14 15:29:00+00:00,19578.0,19648.5,19557.25,19617.5,178081,3491969451.6666665,120,19608.882764959017,2024-06-14 15:30:00+00:00,2024-06-14 17:59:00+00:00,19618.0,19676.25,19563.5,19657.5,118012,2316383901.4166665,150,19628.37593987617,primary_2023_2025,91.25,126.875,0.7192118226600985,standard,0_7_to_1_0,112.75,1.2356164383561643,False,0.35033259423503327,0.35033259423503327,1,1,False,True,0.8337028824833703,True,True,2024,2024-06,2024-W24
NQ,2024-06-17,2024-06-17 13:30:00+00:00,2024-06-17 15:29:00+00:00,19958.0,20020.0,19904.0,20011.25,150001,2994412440.5833335,120,19962.61651977876,2024-06-17 15:30:00+00:00,2024-06-17 17:59:00+00:00,20011.5,20238.0,20002.25,20233.5,134045,2695550639.4166665,150,20109.29642595148,primary_2023_2025,116.0,126.875,0.9142857142857143,standard,0_7_to_1_0,235.75,2.0323275862068964,False,0.9416755037115588,0.9416755037115588,1,1,False,True,0.9809119830328739,False,False,2024,2024-06,2024-W25
NQ,2024-06-18,2024-06-18 13:30:00+00:00,2024-06-18 15:29:00+00:00,20191.75,20219.0,20127.0,20157.25,172835,3488037539.4166665,120,20181.31477661739,2024-06-18 15:30:00+00:00,2024-06-18 17:59:00+00:00,20156.5,20229.5,20151.5,20202.5,103980,2099366509.8333333,150,20190.09915208053,primary_2023_2025,92.0,121.875,0.7548717948717949,standard,0_7_to_1_0,78.0,0.8478260869565217,False,0.5897435897435898,0.5897435897435898,-1,1,True,True,0.6538461538461539,True,True,2024,2024-06,2024-W25
NQ,2024-06-19,2024-06-19 13:30:00+00:00,2024-06-19 15:29:00+00:00,20242.75,20252.5,20223.5,20241.25,21347,432051358.0,120,20239.441514030073,2024-06-19 15:30:00+00:00,2024-06-19 16:59:00+00:00,20241.0,20248.25,20228.0,20231.0,6953,140719239.91666666,90,20238.63654777314,primary_2023_2025,29.0,121.875,0.23794871794871794,standard,le_0_7,20.25,0.6982758620689655,False,0.49382716049382713,-0.49382716049382713,-1,-1,False,False,0.14814814814814814,True,True,2024,2024-06,2024-W25
NQ,2024-06-20,2024-06-20 13:30:00+00:00,2024-06-20 15:29:00+00:00,20245.75,20263.25,20118.5,20189.5,233695,4721084556.083333,120,20201.906570886553,2024-06-20 15:30:00+00:00,2024-06-20 17:59:00+00:00,20189.75,20211.0,19958.25,20033.0,238617,4788244731.583333,150,20066.653807496252,primary_2023_2025,144.75,121.875,1.1876923076923076,standard,1_0_to_1_3,252.75,1.7461139896373057,False,0.6201780415430267,-0.6201780415430267,-1,-1,False,True,0.29574678536102866,True,True,2024,2024-06,2024-W25
NQ,2024-06-21,2024-06-21 13:30:00+00:00,2024-06-21 15:29:00+00:00,20017.0,20041.5,19914.25,19996.25,203295,4061939761.25,120,19980.51974347623,2024-06-21 15:30:00+00:00,2024-06-21 17:59:00+00:00,19996.25,20072.75,19947.5,19961.25,140277,2807314873.9166665,150,20012.652636687886,primary_2023_2025,127.25,121.875,1.044102564102564,standard,1_0_to_1_3,125.25,0.9842829076620825,False,0.27944111776447106,-0.27944111776447106,-1,-1,False,True,0.10978043912175649,True,True,2024,2024-06,2024-W25
NQ,2024-06-24,2024-06-24 13:30:00+00:00,2024-06-24 15:29:00+00:00,19922.5,19995.5,19821.25,19912.25,261980,5217394286.333333,120,19915.2388973713,2024-06-24 15:30:00+00:00,2024-06-24 17:59:00+00:00,19911.75,19926.0,19787.75,19810.25,145066,2881385099.6666665,150,19862.58047831102,primary_2023_2025,174.25,121.875,1.4297435897435897,standard,1_3_to_1_5,138.25,0.793400286944046,False,0.7341772151898734,-0.7341772151898734,-1,-1,False,True,0.162748643761302,True,True,2024,2024-06,2024-W26
NQ,2024-06-25,2024-06-25 13:30:00+00:00,2024-06-25 15:29:00+00:00,19830.0,19943.75,19792.25,19932.0,209328,4158489258.5,120,19865.90068457158,2024-06-25 15:30:00+00:00,2024-06-25 17:59:00+00:00,19932.5,19968.0,19837.75,19924.25,139341,2774069380.6666665,150,19908.493413041866,primary_2023_2025,151.5,126.125,1.2011892963330029,standard,1_0_to_1_3,130.25,0.8597359735973598,False,0.06333973128598848,-0.06333973128598848,1,-1,True,True,0.6641074856046065,True,True,2024,2024-06,2024-W26
NQ,2024-06-26,2024-06-26 13:30:00+00:00,2024-06-26 15:29:00+00:00,19929.25,20024.0,19912.0,19957.0,198617,3966338330.0,120,19969.78269735219,2024-06-26 15:30:00+00:00,2024-06-26 17:59:00+00:00,19957.25,20028.0,19935.25,19984.5,128962,2576684519.0833335,150,19980.184233210817,primary_2023_2025,112.0,128.0,0.875,standard,0_7_to_1_0,92.75,0.828125,False,0.29380053908355797,0.29380053908355797,1,1,False,True,0.5309973045822103,True,True,2024,2024-06,2024-W26
NQ,2024-06-27,2024-06-27 13:30:00+00:00,2024-06-27 15:29:00+00:00,19990.5,20116.75,19978.25,19993.75,233596,4684006973.916667,120,20051.743068873897,2024-06-27 15:30:00+00:00,2024-06-27 17:59:00+00:00,19993.0,20066.0,19954.0,20034.25,127976,2561436310.0,150,20014.973979496157,primary_2023_2025,138.5,128.0,1.08203125,standard,1_0_to_1_3,112.0,0.8086642599277978,False,0.36830357142857145,0.36830357142857145,1,1,False,True,0.7165178571428571,True,True,2024,2024-06,2024-W26
NQ,2024-06-28,2024-06-28 13:30:00+00:00,2024-06-28 15:29:00+00:00,20070.5,20273.25,20039.25,20101.75,272503,5492273238.333333,120,20154.9092609378,2024-06-28 15:30:00+00:00,2024-06-28 17:59:00+00:00,20101.0,20130.5,19985.25,20041.0,157936,3167563354.6666665,150,20055.993279978386,primary_2023_2025,234.0,128.0,1.828125,exhaustion,1_5_to_2_0,145.25,0.6207264957264957,False,0.41308089500860584,-0.41308089500860584,1,-1,True,True,0.3838209982788296,False,False,2024,2024-06,2024-W26
NQ,2024-07-01,2024-07-01 13:30:00+00:00,2024-07-01 15:29:00+00:00,19971.75,19985.75,19811.75,19950.75,259124,5158231712.166667,120,19906.422068842203,2024-07-01 15:30:00+00:00,2024-07-01 17:59:00+00:00,19951.0,20026.5,19922.25,19999.25,121811,2434939733.3333335,150,19989.489728623306,primary_2023_2025,174.0,128.0,1.359375,standard,1_3_to_1_5,104.25,0.5991379310344828,False,0.4628297362110312,0.4628297362110312,-1,1,True,True,0.7386091127098321,False,False,2024,2024-07,2024-W27
NQ,2024-07-02,2024-07-02 13:30:00+00:00,2024-07-02 15:29:00+00:00,19982.25,20131.0,19976.75,20126.0,242117,4858359623.75,120,20066.164803586697,2024-07-02 15:30:00+00:00,2024-07-02 17:59:00+00:00,20126.5,20216.0,20065.25,20209.0,139146,2802284161.0,150,20139.16433817717,primary_2023_2025,154.25,128.0,1.205078125,standard,1_0_to_1_3,150.75,0.9773095623987034,False,0.5472636815920398,0.5472636815920398,1,1,False,True,0.9535655058043118,True,True,2024,2024-07,2024-W27
NQ,2024-07-03,2024-07-03 13:30:00+00:00,2024-07-03 15:29:00+00:00,20216.25,20356.25,20216.0,20346.0,192068,3895341128.0833335,120,20281.052169457347,2024-07-03 15:30:00+00:00,2024-07-03 17:14:00+00:00,20346.5,20435.25,20327.25,20419.5,113478,2313629872.3333335,105,20388.356089579775,primary_2023_2025,140.25,133.625,1.0495790458372312,standard,1_0_to_1_3,108.0,0.7700534759358288,False,0.6759259259259259,0.6759259259259259,1,1,False,True,0.8541666666666666,False,False,2024,2024-07,2024-W27
NQ,2024-07-04,2024-07-04 13:30:00+00:00,2024-07-04 15:29:00+00:00,20405.25,20406.25,20369.75,20387.5,19435,396146665.1666667,120,20383.15745647886,2024-07-04 15:30:00+00:00,2024-07-04 16:59:00+00:00,20387.25,20393.75,20373.75,20381.25,6819,138999489.16666666,90,20384.14564696681,primary_2023_2025,36.5,133.625,0.2731524789522919,standard,le_0_7,20.0,0.547945205479452,False,0.3,-0.3,-1,-1,False,False,0.375,True,True,2024,2024-07,2024-W27
NQ,2024-07-05,2024-07-05 13:30:00+00:00,2024-07-05 15:29:00+00:00,20441.5,20569.25,20428.25,20560.5,222777,4567387589.166667,120,20502.06075657122,2024-07-05 15:30:00+00:00,2024-07-05 17:59:00+00:00,20560.5,20638.5,20559.0,20624.25,117948,2429779099.5833335,150,20600.426455584948,primary_2023_2025,141.0,133.625,1.0551917680074836,standard,1_0_to_1_3,79.5,0.5638297872340425,False,0.8018867924528302,0.8018867924528302,1,1,False,True,0.8207547169811321,False,False,2024,2024-07,2024-W27
NQ,2024-07-08,2024-07-08 13:30:00+00:00,2024-07-08 15:29:00+00:00,20632.5,20666.75,20588.0,20662.0,197056,4063940375.5833335,120,20623.276508116138,2024-07-08 15:30:00+00:00,2024-07-08 17:59:00+00:00,20661.75,20670.75,20609.0,20653.75,107690,2222984793.75,150,20642.443994335594,primary_2023_2025,78.75,139.375,0.5650224215246636,standard,le_0_7,61.75,0.7841269841269841,False,0.12955465587044535,-0.12955465587044535,1,-1,True,True,0.7246963562753036,True,True,2024,2024-07,2024-W28
NQ,2024-07-09,2024-07-09 13:30:00+00:00,2024-07-09 15:29:00+00:00,20723.25,20771.75,20670.25,20688.75,217389,4505480858.5,120,20725.43163867537,2024-07-09 15:30:00+00:00,2024-07-09 17:59:00+00:00,20688.25,20717.0,20615.75,20660.5,152483,3152062984.75,150,20671.569845490973,primary_2023_2025,101.5,139.375,0.7282511210762331,standard,0_7_to_1_0,101.25,0.9975369458128078,False,0.2740740740740741,-0.2740740740740741,-1,-1,False,True,0.4419753086419753,False,False,2024,2024-07,2024-W28
NQ,2024-07-10,2024-07-10 13:30:00+00:00,2024-07-10 15:29:00+00:00,20758.0,20796.5,20703.0,20752.75,216718,4497352848.916667,120,20752.096498291176,2024-07-10 15:30:00+00:00,2024-07-10 17:59:00+00:00,20753.0,20880.5,20748.0,20874.0,145632,3031734341.6666665,150,20817.77591234527,primary_2023_2025,93.5,133.625,0.6997193638914874,standard,le_0_7,132.5,1.4171122994652405,False,0.9132075471698113,0.9132075471698113,-1,1,True,True,0.9509433962264151,True,True,2024,2024-07,2024-W28
NQ,2024-07-11,2024-07-11 13:30:00+00:00,2024-07-11 15:29:00+00:00,20894.5,20902.25,20527.25,20536.5,345416,7160583247.333333,120,20730.317203989776,2024-07-11 15:30:00+00:00,2024-07-11 17:59:00+00:00,20536.25,20548.75,20385.75,20391.0,241532,4946725970.583333,150,20480.62356368238,primary_2023_2025,375.0,128.0,2.9296875,exhaustion,gt_2_0,163.0,0.43466666666666665,True,0.8911042944785276,-0.8911042944785276,-1,-1,False,True,0.032208588957055216,False,False,2024,2024-07,2024-W28
NQ,2024-07-12,2024-07-12 13:30:00+00:00,2024-07-12 15:29:00+00:00,20443.25,20666.25,20425.25,20655.25,247367,5084539812.916667,120,20554.640727811984,2024-07-12 15:30:00+00:00,2024-07-12 17:59:00+00:00,20655.5,20741.0,20554.75,20710.25,161022,3323326158.4166665,150,20638.957151300234,primary_2023_2025,241.0,132.875,1.8137347130761994,exhaustion,1_5_to_2_0,186.25,0.7728215767634855,False,0.29395973154362415,0.29395973154362415,1,1,False,True,0.8348993288590604,False,False,2024,2024-07,2024-W28
NQ,2024-07-15,2024-07-15 13:30:00+00:00,2024-07-15 15:29:00+00:00,20610.0,20797.0,20581.75,20734.25,230133,4757244905.833333,120,20671.719856923315,2024-07-15 15:30:00+00:00,2024-07-15 17:59:00+00:00,20734.0,20745.25,20556.5,20569.5,210150,4338878927.0,150,20646.580666190817,primary_2023_2025,215.25,139.375,1.5443946188340807,exhaustion,1_5_to_2_0,188.75,0.8768873403019745,False,0.871523178807947,-0.871523178807947,1,-1,True,True,0.06887417218543046,True,True,2024,2024-07,2024-W29
NQ,2024-07-16,2024-07-16 13:30:00+00:00,2024-07-16 15:29:00+00:00,20649.25,20684.5,20485.5,20557.0,247501,5091423750.583333,120,20571.325976797398,2024-07-16 15:30:00+00:00,2024-07-16 17:59:00+00:00,20557.25,20576.0,20464.5,20525.5,148032,3037434115.8333335,150,20518.766995199236,primary_2023_2025,199.0,140.625,1.4151111111111112,standard,1_3_to_1_5,111.5,0.5603015075376885,False,0.28475336322869954,-0.28475336322869954,-1,-1,False,True,0.547085201793722,True,True,2024,2024-07,2024-W29
NQ,2024-07-17,2024-07-17 13:30:00+00:00,2024-07-17 15:29:00+00:00,20260.5,20281.5,20090.25,20131.0,295377,5957547563.916667,120,20169.300805129264,2024-07-17 15:30:00+00:00,2024-07-17 17:59:00+00:00,20131.25,20136.0,20007.75,20031.5,202576,4062602474.8333335,150,20054.707738494853,primary_2023_2025,191.25,142.875,1.3385826771653544,standard,1_3_to_1_5,128.25,0.6705882352941176,False,0.7777777777777778,-0.7777777777777778,-1,-1,False,True,0.18518518518518517,False,False,2024,2024-07,2024-W29
NQ,2024-07-18,2024-07-18 13:30:00+00:00,2024-07-18 15:29:00+00:00,20141.5,20149.25,19816.5,19821.75,329285,6586053335.75,120,20001.07303931245,2024-07-18 15:30:00+00:00,2024-07-18 17:59:00+00:00,19822.0,19946.25,19773.0,19873.25,221885,4406187343.583333,150,19857.977527022256,primary_2023_2025,332.75,148.125,2.2464135021097045,exhaustion,gt_2_0,173.25,0.5206611570247934,False,0.2958152958152958,0.2958152958152958,-1,1,True,True,0.5786435786435786,False,False,2024,2024-07,2024-W29
NQ,2024-07-19,2024-07-19 13:30:00+00:00,2024-07-19 15:29:00+00:00,19868.5,19976.5,19743.5,19746.5,256369,5089991644.583333,120,19854.161948532517,2024-07-19 15:30:00+00:00,2024-07-19 17:59:00+00:00,19746.25,19826.25,19654.0,19721.5,196948,3885299856.1666665,150,19727.54156511702,primary_2023_2025,233.0,152.875,1.5241210139002452,exhaustion,1_5_to_2_0,172.25,0.7392703862660944,False,0.14368650217706821,-0.14368650217706821,-1,-1,False,True,0.3918722786647315,False,False,2024,2024-07,2024-W29
NQ,2024-07-22,2024-07-22 13:30:00+00:00,2024-07-22 15:29:00+00:00,19954.75,20026.75,19828.25,19837.0,253276,5051745821.5,120,19945.615934790505,2024-07-22 15:30:00+00:00,2024-07-22 17:59:00+00:00,19837.5,20016.25,19809.75,19999.5,137703,2741954854.1666665,150,19912.09235940151,primary_2023_2025,198.5,164.125,1.2094440213252093,standard,1_0_to_1_3,206.5,1.0403022670025188,False,0.784503631961259,0.784503631961259,-1,1,True,True,0.9188861985472155,True,True,2024,2024-07,2024-W30
NQ,2024-07-23,2024-07-23 13:30:00+00:00,2024-07-23 15:29:00+00:00,19957.75,20084.75,19927.5,20063.25,224915,4498739829.75,120,20001.955537647555,2024-07-23 15:30:00+00:00,2024-07-23 17:59:00+00:00,20064.25,20074.25,19915.75,19979.75,135470,2707322995.1666665,150,19984.668156541422,primary_2023_2025,157.25,164.125,0.9581111957349581,standard,0_7_to_1_0,158.5,1.0079491255961843,False,0.5331230283911672,-0.5331230283911672,1,-1,True,True,0.4037854889589905,True,True,2024,2024-07,2024-W30
NQ,2024-07-24,2024-07-24 13:30:00+00:00,2024-07-24 15:29:00+00:00,19640.5,19653.75,19370.0,19394.75,258214,5033735590.0,120,19494.43326078369,2024-07-24 15:30:00+00:00,2024-07-24 17:59:00+00:00,19395.0,19415.25,19308.5,19320.0,172282,3334071459.5833335,150,19352.40744583493,primary_2023_2025,283.75,165.625,1.7132075471698114,exhaustion,1_5_to_2_0,106.75,0.3762114537444934,True,0.702576112412178,-0.702576112412178,-1,-1,False,True,0.10772833723653395,False,False,2024,2024-07,2024-W30
NQ,2024-07-25,2024-07-25 13:30:00+00:00,2024-07-25 15:29:00+00:00,19217.0,19280.0,18883.25,19202.25,352565,6734678968.166667,120,19101.9499047457,2024-07-25 15:30:00+00:00,2024-07-25 17:59:00+00:00,19202.5,19390.5,19142.5,19289.5,203519,3923790336.25,150,19279.724921260422,primary_2023_2025,396.75,182.625,2.1724845995893225,exhaustion,gt_2_0,248.0,0.6250787649653434,False,0.35080645161290325,0.35080645161290325,-1,1,True,True,0.592741935483871,False,False,2024,2024-07,2024-W30
NQ,2024-07-26,2024-07-26 13:30:00+00:00,2024-07-26 15:29:00+00:00,19163.0,19192.25,19040.25,19108.5,240942,4604079386.0,120,19108.662607598508,2024-07-26 15:30:00+00:00,2024-07-26 17:59:00+00:00,19109.25,19297.75,19098.75,19194.25,171485,3295136139.5,150,19215.302443362394,primary_2023_2025,152.0,194.875,0.7799871712636305,standard,0_7_to_1_0,199.0,1.3092105263157894,False,0.4271356783919598,0.4271356783919598,-1,1,True,True,0.4798994974874372,True,True,2024,2024-07,2024-W30
NQ,2024-07-29,2024-07-29 13:30:00+00:00,2024-07-29 15:29:00+00:00,19285.25,19377.25,19146.25,19187.5,222649,4291348781.5,120,19274.05369662563,2024-07-29 15:30:00+00:00,2024-07-29 17:59:00+00:00,19187.75,19348.75,19113.25,19255.0,152296,2934825874.4166665,150,19270.538125864543,primary_2023_2025,231.0,182.625,1.264887063655031,standard,1_0_to_1_3,235.5,1.0194805194805194,False,0.28556263269639065,0.28556263269639065,-1,1,True,True,0.6019108280254777,True,True,2024,2024-07,2024-W31
NQ,2024-07-30,2024-07-30 13:30:00+00:00,2024-07-30 15:29:00+00:00,19288.0,19319.75,18976.0,19022.5,252309,4834048623.166667,120,19159.23975429599,2024-07-30 15:30:00+00:00,2024-07-30 17:59:00+00:00,19021.5,19033.75,18803.0,18937.25,198025,3744997656.1666665,150,18911.741730421243,primary_2023_2025,343.75,194.875,1.763951250801796,exhaustion,1_5_to_2_0,230.75,0.6712727272727272,False,0.36511375947995667,-0.36511375947995667,-1,-1,False,True,0.581798483206934,False,False,2024,2024-07,2024-W31
NQ,2024-07-31,2024-07-31 13:30:00+00:00,2024-07-31 15:29:00+00:00,19371.75,19494.0,19310.75,19490.5,240831,4674548791.166667,120,19410.079230525418,2024-07-31 15:30:00+00:00,2024-07-31 17:59:00+00:00,19490.5,19516.0,19344.75,19426.75,117608,2287267550.0,150,19448.23098768791,primary_2023_2025,183.25,198.75,0.9220125786163522,standard,0_7_to_1_0,171.25,0.9345156889495225,False,0.3722627737226277,-0.3722627737226277,1,-1,True,True,0.47883211678832116,True,True,2024,2024-07,2024-W31
NQ,2024-08-01,2024-08-01 13:30:00+00:00,2024-08-01 15:29:00+00:00,19525.0,19682.0,19251.0,19265.25,291484,5679319376.0,120,19484.154794088183,2024-08-01 15:30:00+00:00,2024-08-01 17:59:00+00:00,19264.75,19283.0,18911.5,19018.75,223538,4270703020.4166665,150,19105.0426344365,primary_2023_2025,431.0,198.75,2.168553459119497,exhaustion,gt_2_0,371.5,0.8619489559164734,False,0.6621803499327052,-0.6621803499327052,-1,-1,False,True,0.28869448183041724,False,False,2024,2024-08,2024-W31
NQ,2024-08-02,2024-08-02 13:30:00+00:00,2024-08-02 15:29:00+00:00,18650.5,18761.0,18385.75,18479.0,287500,5326543596.916667,120,18527.108163188408,2024-08-02 15:30:00+00:00,2024-08-02 17:59:00+00:00,18480.0,18633.0,18445.0,18492.0,178119,3303333359.0833335,150,18545.654080043867,primary_2023_2025,375.25,207.125,1.811707905853953,exhaustion,1_5_to_2_0,188.0,0.5009993337774816,False,0.06382978723404255,0.06382978723404255,-1,1,True,False,0.25,True,True,2024,2024-08,2024-W31
NQ,2024-08-05,2024-08-05 13:30:00+00:00,2024-08-05 15:29:00+00:00,17561.75,18189.25,17509.25,18102.0,275836,4946762902.333333,120,17933.71025657758,2024-08-05 15:30:00+00:00,2024-08-05 17:59:00+00:00,18103.25,18289.0,18020.0,18077.5,144853,2625814723.6666665,150,18127.444538025906,primary_2023_2025,680.0,223.125,3.0476190476190474,exhaustion,gt_2_0,269.0,0.39558823529411763,True,0.09572490706319703,-0.09572490706319703,1,-1,True,True,0.2137546468401487,False,False,2024,2024-08,2024-W32
NQ,2024-08-06,2024-08-06 13:30:00+00:00,2024-08-06 15:29:00+00:00,18078.0,18340.75,17966.0,18184.25,224768,4086930351.0,120,18182.883466507687,2024-08-06 15:30:00+00:00,2024-08-06 17:59:00+00:00,18184.75,18449.5,18183.0,18419.25,125754,2308674303.75,150,18358.655022901858,primary_2023_2025,374.75,232.0,1.615301724137931,exhaustion,1_5_to_2_0,266.5,0.7111407605070047,False,0.8799249530956847,0.8799249530956847,1,1,False,True,0.8864915572232646,False,False,2024,2024-08,2024-W32
NQ,2024-08-07,2024-08-07 13:30:00+00:00,2024-08-07 15:29:00+00:00,18453.25,18558.5,18405.75,18465.0,210263,3889001510.75,120,18495.89091162021,2024-08-07 15:30:00+00:00,2024-08-07 17:59:00+00:00,18465.25,18488.0,18095.0,18117.0,176587,3230535224.4166665,150,18294.298133026023,primary_2023_2025,152.75,237.0,0.6445147679324894,standard,le_0_7,393.0,2.572831423895254,False,0.8861323155216285,-0.8861323155216285,1,-1,True,True,0.05597964376590331,False,False,2024,2024-08,2024-W32
NQ,2024-08-08,2024-08-08 13:30:00+00:00,2024-08-08 15:29:00+00:00,18224.5,18438.0,18064.25,18381.75,209193,3825054720.1666665,120,18284.81220770612,2024-08-08 15:30:00+00:00,2024-08-08 17:59:00+00:00,18382.5,18532.25,18353.75,18514.5,134480,2478521778.25,150,18430.411795434266,primary_2023_2025,373.75,237.0,1.5770042194092826,exhaustion,1_5_to_2_0,178.5,0.47759197324414715,True,0.7394957983193278,0.7394957983193278,1,1,False,True,0.9005602240896359,False,False,2024,2024-08,2024-W32
NQ,2024-08-09,2024-08-09 13:30:00+00:00,2024-08-09 15:29:00+00:00,18451.0,18578.75,18404.5,18508.0,172428,3189026692.3333335,120,18494.830841471998,2024-08-09 15:30:00+00:00,2024-08-09 17:59:00+00:00,18508.5,18674.5,18455.5,18608.75,103714,1923968511.25,150,18550.71168067956,primary_2023_2025,174.25,237.0,0.7352320675105485,standard,0_7_to_1_0,219.0,1.2568149210903874,False,0.4577625570776256,0.4577625570776256,1,1,False,True,0.6997716894977168,True,True,2024,2024-08,2024-W32
NQ,2024-08-12,2024-08-12 13:30:00+00:00,2024-08-12 15:29:00+00:00,18641.25,18765.25,18523.5,18629.75,181236,3380206924.6666665,120,18650.858133409845,2024-08-12 15:30:00+00:00,2024-08-12 17:59:00+00:00,18629.5,18731.75,18586.0,18618.25,115959,2163720789.9166665,150,18659.36054913087,primary_2023_2025,241.75,232.0,1.0420258620689655,standard,1_0_to_1_3,145.75,0.6028955532574974,False,0.07718696397941681,-0.07718696397941681,-1,-1,False,False,0.22126929674099485,True,True,2024,2024-08,2024-W33
NQ,2024-08-13,2024-08-13 13:30:00+00:00,2024-08-13 15:29:00+00:00,18821.75,18976.5,18816.25,18967.75,152410,2880444600.0,120,18899.31500557706,2024-08-13 15:30:00+00:00,2024-08-13 17:59:00+00:00,18967.5,19087.5,18956.25,19057.5,117490,2235436759.25,150,19026.61298195591,primary_2023_2025,160.25,237.375,0.6750921537651395,standard,le_0_7,131.25,0.8190327613104524,False,0.6857142857142857,0.6857142857142857,1,1,False,True,0.7714285714285715,False,False,2024,2024-08,2024-W33
NQ,2024-08-14,2024-08-14 13:30:00+00:00,2024-08-14 15:29:00+00:00,19137.25,19175.5,18925.5,19107.5,196936,3750362191.4166665,120,19043.558269776306,2024-08-14 15:30:00+00:00,2024-08-14 17:59:00+00:00,19107.0,19203.5,19017.75,19071.75,141305,2699820111.1666665,150,19106.331065189956,primary_2023_2025,250.0,237.375,1.05318588730911,standard,1_0_to_1_3,185.75,0.743,False,0.18977119784656796,-0.18977119784656796,-1,-1,False,True,0.29071332436069985,True,True,2024,2024-08,2024-W33
NQ,2024-08-15,2024-08-15 13:30:00+00:00,2024-08-15 15:29:00+00:00,19352.0,19527.75,19336.25,19501.25,176017,3422098001.0,120,19441.86073504264,2024-08-15 15:30:00+00:00,2024-08-15 17:59:00+00:00,19501.25,19585.0,19491.75,19583.5,104633,2044805791.0,150,19542.647071191688,primary_2023_2025,191.5,245.875,0.7788510421962379,standard,0_7_to_1_0,93.25,0.4869451697127937,True,0.8820375335120644,0.8820375335120644,1,1,False,True,0.9839142091152815,False,False,2024,2024-08,2024-W33
NQ,2024-08-16,2024-08-16 13:30:00+00:00,2024-08-16 15:29:00+00:00,19503.5,19591.25,19462.5,19531.75,165489,3231829790.25,120,19528.970446676216,2024-08-16 15:30:00+00:00,2024-08-16 17:59:00+00:00,19532.25,19660.75,19524.0,19628.25,94700,1856660840.3333333,150,19605.71109116508,primary_2023_2025,128.75,237.375,0.5423907319641916,standard,le_0_7,136.75,1.062135922330097,False,0.7020109689213894,0.7020109689213894,1,1,False,True,0.7623400365630713,True,True,2024,2024-08,2024-W33
NQ,2024-08-19,2024-08-19 13:30:00+00:00,2024-08-19 15:29:00+00:00,19604.5,19678.0,19529.0,19658.0,161716,3170692991.0,120,19606.55093497242,2024-08-19 15:30:00+00:00,2024-08-19 17:59:00+00:00,19657.75,19722.75,19618.25,19721.25,75947,1494166144.8333333,150,19673.800740428633,primary_2023_2025,149.0,236.375,0.6303543098889477,standard,le_0_7,104.5,0.7013422818791947,False,0.6076555023923444,0.6076555023923444,1,1,False,True,0.9856459330143541,False,False,2024,2024-08,2024-W34
NQ,2024-08-20,2024-08-20 13:30:00+00:00,2024-08-20 15:29:00+00:00,19817.75,19925.0,19743.0,19790.25,193334,3834389657.25,120,19832.981561701512,2024-08-20 15:30:00+00:00,2024-08-20 17:59:00+00:00,19790.0,19858.5,19748.25,19809.75,110162,2181807046.0833335,150,19805.44149600891,primary_2023_2025,182.0,236.375,0.7699629825489159,standard,0_7_to_1_0,110.25,0.6057692307692307,False,0.17913832199546487,0.17913832199546487,-1,1,True,False,0.5578231292517006,True,True,2024,2024-08,2024-W34
NQ,2024-08-21,2024-08-21 13:30:00+00:00,2024-08-21 15:29:00+00:00,19842.0,19981.75,19802.5,19867.0,197604,3927498629.0833335,120,19875.602867772584,2024-08-21 15:30:00+00:00,2024-08-21 17:59:00+00:00,19867.75,19901.0,19771.5,19893.25,90135,1788747018.0833333,150,19845.199068989106,primary_2023_2025,179.25,236.375,0.7583289264939186,standard,0_7_to_1_0,129.5,0.7224546722454672,False,0.1969111969111969,0.1969111969111969,1,1,False,True,0.9401544401544402,True,True,2024,2024-08,2024-W34
NQ,2024-08-22,2024-08-22 13:30:00+00:00,2024-08-22 15:29:00+00:00,19997.5,20025.25,19805.75,19809.75,194882,3882751039.3333335,120,19923.600123835622,2024-08-22 15:30:00+00:00,2024-08-22 17:59:00+00:00,19810.0,19831.75,19586.5,19607.75,202419,3992034027.75,150,19721.63693996117,primary_2023_2025,219.5,211.25,1.0390532544378699,standard,1_0_to_1_3,245.25,1.1173120728929384,False,0.8246687054026504,-0.8246687054026504,-1,-1,False,True,0.08664627930682976,False,False,2024,2024-08,2024-W34
NQ,2024-08-23,2024-08-23 13:30:00+00:00,2024-08-23 15:29:00+00:00,19755.25,19904.25,19622.5,19770.0,248636,4916840397.833333,120,19775.255384712324,2024-08-23 15:30:00+00:00,2024-08-23 17:59:00+00:00,19770.25,19818.25,19591.75,19732.75,148149,2918764811.4166665,150,19701.54919315464,primary_2023_2025,281.75,205.5,1.3710462287104623,standard,1_3_to_1_5,226.5,0.8039041703637977,False,0.16556291390728478,-0.16556291390728478,1,-1,True,True,0.6225165562913907,True,True,2024,2024-08,2024-W34
NQ,2024-08-26,2024-08-26 13:30:00+00:00,2024-08-26 15:29:00+00:00,19763.0,19801.5,19505.5,19608.25,176414,3466246108.3333335,120,19648.361855257142,2024-08-26 15:30:00+00:00,2024-08-26 17:59:00+00:00,19608.5,19643.0,19523.75,19536.75,111404,2182202585.9166665,150,19588.188807553288,primary_2023_2025,296.0,225.25,1.314095449500555,standard,1_3_to_1_5,119.25,0.4028716216216216,True,0.6016771488469602,-0.6016771488469602,-1,-1,False,False,0.1090146750524109,False,False,2024,2024-08,2024-W35
NQ,2024-08-27,2024-08-27 13:30:00+00:00,2024-08-27 15:29:00+00:00,19523.5,19694.25,19441.5,19624.0,165847,3247600035.0833335,120,19581.904014443033,2024-08-27 15:30:00+00:00,2024-08-27 17:59:00+00:00,19623.5,19690.5,19577.75,19686.25,105976,2080245609.5833333,150,19629.402974101053,primary_2023_2025,252.75,230.625,1.0959349593495935,standard,1_0_to_1_3,112.75,0.44609297725024727,True,0.5565410199556541,0.5565410199556541,1,1,False,False,0.9623059866962306,True,True,2024,2024-08,2024-W35
NQ,2024-08-28,2024-08-28 13:30:00+00:00,2024-08-28 15:29:00+00:00,19625.75,19656.5,19339.25,19386.25,175103,3415665808.3333335,120,19506.609300430795,2024-08-28 15:30:00+00:00,2024-08-28 17:59:00+00:00,19386.25,19468.75,19291.25,19296.75,121908,2365745147.1666665,150,19405.987688803576,primary_2023_2025,317.25,230.625,1.3756097560975609,standard,1_3_to_1_5,177.5,0.5594956658786446,False,0.504225352112676,-0.504225352112676,-1,-1,False,True,0.030985915492957747,False,False,2024,2024-08,2024-W35
NQ,2024-08-29,2024-08-29 13:30:00+00:00,2024-08-29 15:29:00+00:00,19498.0,19693.5,19478.25,19628.0,218239,4278356659.5833335,120,19603.996808926604,2024-08-29 15:30:00+00:00,2024-08-29 17:59:00+00:00,19628.25,19690.0,19575.75,19633.75,102524,2013190731.4166667,150,19636.287419693603,primary_2023_2025,215.25,245.875,0.8754448398576512,standard,0_7_to_1_0,114.25,0.5307781649245064,False,0.04814004376367615,0.04814004376367615,1,1,False,False,0.5076586433260394,True,True,2024,2024-08,2024-W35
NQ,2024-08-30,2024-08-30 13:30:00+00:00,2024-08-30 15:29:00+00:00,19559.25,19628.75,19444.0,19466.0,168410,3291204642.8333335,120,19542.810063733352,2024-08-30 15:30:00+00:00,2024-08-30 17:59:00+00:00,19466.25,19499.5,19370.5,19446.5,115212,2240572569.1666665,150,19447.388893228712,primary_2023_2025,184.75,230.625,0.8010840108401084,standard,0_7_to_1_0,129.0,0.6982408660351827,False,0.15310077519379844,-0.15310077519379844,-1,-1,False,True,0.5891472868217055,False,False,2024,2024-08,2024-W35
NQ,2024-09-02,2024-09-02 13:30:00+00:00,2024-09-02 15:29:00+00:00,19618.75,19670.25,19587.5,19649.0,23903,469312626.9166667,120,19634.047061735626,2024-09-02 15:30:00+00:00,2024-09-02 16:59:00+00:00,19648.75,19659.75,19628.75,19647.0,6991,137360149.41666666,90,19648.14038287322,primary_2023_2025,82.75,217.375,0.38067855089131686,standard,le_0_7,31.0,0.37462235649546827,True,0.056451612903225805,-0.056451612903225805,1,-1,True,False,0.5887096774193549,True,True,2024,2024-09,2024-W36
NQ,2024-09-03,2024-09-03 13:30:00+00:00,2024-09-03 15:29:00+00:00,19478.0,19483.25,19149.25,19196.25,219637,4240094091.5833335,120,19305.00822531419,2024-09-03 15:30:00+00:00,2024-09-03 17:59:00+00:00,19196.25,19226.25,19103.25,19108.0,116669,2235297940.4166665,150,19159.313445873937,primary_2023_2025,334.0,203.375,1.6422864167178857,exhaustion,1_5_to_2_0,123.0,0.36826347305389223,True,0.717479674796748,-0.717479674796748,-1,-1,False,True,0.03861788617886179,False,False,2024,2024-09,2024-W36
NQ,2024-09-04,2024-09-04 13:30:00+00:00,2024-09-04 15:29:00+00:00,18878.25,19114.75,18838.25,19016.5,205532,3900436848.0,120,18977.27287235078,2024-09-04 15:30:00+00:00,2024-09-04 17:59:00+00:00,19016.5,19087.75,18977.0,19005.25,110675,2105570517.4166667,150,19024.80702432046,primary_2023_2025,276.5,203.375,1.3595574677320221,standard,1_3_to_1_5,110.75,0.40054249547920434,True,0.10158013544018059,-0.10158013544018059,1,-1,True,False,0.255079006772009,True,True,2024,2024-09,2024-W36
NQ,2024-09-05,2024-09-05 13:30:00+00:00,2024-09-05 15:29:00+00:00,18886.5,19150.5,18864.0,18868.75,218377,4152614364.5833335,120,19015.8046157944,2024-09-05 15:30:00+00:00,2024-09-05 17:59:00+00:00,18869.25,19015.25,18842.0,19012.0,115287,2181156028.75,150,18919.35802605671,primary_2023_2025,286.5,217.375,1.3179988499137436,standard,1_3_to_1_5,173.25,0.6047120418848168,False,0.823953823953824,0.823953823953824,-1,1,True,True,0.9812409812409812,False,False,2024,2024-09,2024-W36
NQ,2024-09-06,2024-09-06 13:30:00+00:00,2024-09-06 15:29:00+00:00,18929.75,18967.25,18480.0,18504.75,271104,5066121198.916667,120,18687.002769847244,2024-09-06 15:30:00+00:00,2024-09-06 17:59:00+00:00,18504.75,18551.0,18430.25,18477.5,142884,2640641318.75,150,18481.014800467514,primary_2023_2025,487.25,217.375,2.2415181138585396,exhaustion,gt_2_0,120.75,0.2478193945613135,True,0.22567287784679088,-0.22567287784679088,-1,-1,False,True,0.391304347826087,False,False,2024,2024-09,2024-W36
NQ,2024-09-09,2024-09-09 13:30:00+00:00,2024-09-09 15:29:00+00:00,18628.75,18720.75,18497.25,18568.5,174603,3249431686.6666665,120,18610.400088581904,2024-09-09 15:30:00+00:00,2024-09-09 17:59:00+00:00,18568.5,18730.0,18560.0,18639.5,121497,2267738808.25,150,18664.977803978698,primary_2023_2025,223.5,230.625,0.9691056910569106,standard,0_7_to_1_0,170.0,0.7606263982102909,False,0.4176470588235294,0.4176470588235294,-1,1,True,True,0.4676470588235294,True,True,2024,2024-09,2024-W37
NQ,2024-09-10,2024-09-10 13:30:00+00:00,2024-09-10 15:29:00+00:00,18758.25,18821.75,18673.25,18775.25,184342,3456604932.0833335,120,18751.04388627298,2024-09-10 15:30:00+00:00,2024-09-10 17:59:00+00:00,18774.75,18795.5,18589.75,18787.25,135085,2525937956.5,150,18698.878161898065,primary_2023_2025,148.5,221.5,0.6704288939051919,standard,le_0_7,205.75,1.3855218855218856,False,0.060753341433778855,0.060753341433778855,1,1,False,True,0.959902794653706,True,True,2024,2024-09,2024-W37
NQ,2024-09-11,2024-09-11 13:30:00+00:00,2024-09-11 15:29:00+00:00,18902.0,18906.5,18547.0,18689.0,222564,4164699692.1666665,120,18712.36899124147,2024-09-11 15:30:00+00:00,2024-09-11 17:59:00+00:00,18689.0,19070.25,18680.0,19040.25,184122,3477883707.1666665,150,18889.017646813885,primary_2023_2025,359.5,221.5,1.6230248306997743,exhaustion,1_5_to_2_0,390.25,1.0855354659248957,False,0.9000640614990391,0.9000640614990391,-1,1,True,True,0.923126201153107,True,True,2024,2024-09,2024-W37
NQ,2024-09-12,2024-09-12 13:30:00+00:00,2024-09-12 15:29:00+00:00,19258.75,19388.75,19185.0,19288.25,209258,4035743000.4166665,120,19285.967563565868,2024-09-12 15:30:00+00:00,2024-09-12 17:59:00+00:00,19288.5,19469.25,19246.25,19466.0,116109,2246078747.8333335,150,19344.570600326704,primary_2023_2025,203.75,221.5,0.9198645598194131,standard,0_7_to_1_0,223.0,1.0944785276073619,False,0.7959641255605381,0.7959641255605381,1,1,False,True,0.9854260089686099,True,True,2024,2024-09,2024-W37
NQ,2024-09-13,2024-09-13 13:30:00+00:00,2024-09-13 15:29:00+00:00,19409.25,19541.5,19398.25,19520.5,157473,3068232087.0833335,120,19484.178793084106,2024-09-13 15:30:00+00:00,2024-09-13 17:59:00+00:00,19520.75,19577.25,19478.0,19560.75,94284,1841370514.9166667,150,19530.04237109867,primary_2023_2025,143.25,221.5,0.6467268623024831,standard,le_0_7,99.25,0.6928446771378709,False,0.40302267002518893,0.40302267002518893,1,1,False,True,0.8337531486146096,True,True,2024,2024-09,2024-W37
NQ,2024-09-16,2024-09-16 13:30:00+00:00,2024-09-16 15:29:00+00:00,19670.75,19697.5,19529.0,19613.75,108237,2123070408.0,120,19615.015272041906,2024-09-16 15:30:00+00:00,2024-09-16 17:59:00+00:00,19614.0,19669.0,19544.0,19660.5,59193,1160449307.25,150,19604.502344027165,primary_2023_2025,168.5,221.5,0.7607223476297968,standard,0_7_to_1_0,125.0,0.7418397626112759,False,0.372,0.372,-1,1,True,False,0.932,True,True,2024,2024-09,2024-W38
NQ,2024-09-17,2024-09-17 13:30:00+00:00,2024-09-17 15:29:00+00:00,19795.5,19850.25,19709.0,19765.75,142523,2820082729.5,120,19786.86057338114,2024-09-17 15:30:00+00:00,2024-09-17 17:59:00+00:00,19765.75,19785.0,19574.5,19661.5,118330,2328855015.75,150,19681.019316741316,primary_2023_2025,141.25,221.5,0.6376975169300225,standard,le_0_7,210.5,1.4902654867256637,False,0.49524940617577196,-0.49524940617577196,-1,-1,False,True,0.41330166270783847,False,False,2024,2024-09,2024-W38
NQ,2024-09-18,2024-09-18 13:30:00+00:00,2024-09-18 15:29:00+00:00,19730.5,19736.5,19633.25,19663.5,102905,2026200139.25,120,19690.00669792527,2024-09-18 15:30:00+00:00,2024-09-18 17:59:00+00:00,19663.75,19731.5,19583.5,19689.0,83255,1636740729.5,150,19659.36856044682,primary_2023_2025,103.25,221.5,0.46613995485327314,standard,le_0_7,148.0,1.4334140435835352,False,0.17060810810810811,0.17060810810810811,-1,1,True,True,0.7128378378378378,True,True,2024,2024-09,2024-W38
NQ,2024-09-19,2024-09-19 13:30:00+00:00,2024-09-19 15:29:00+00:00,20052.25,20158.5,19964.0,20135.25,181729,3646977031.0,120,20068.217131002755,2024-09-19 15:30:00+00:00,2024-09-19 17:59:00+00:00,20135.25,20203.0,20085.25,20193.0,98943,1993673005.5833333,150,20149.7125171395,primary_2023_2025,194.5,221.5,0.8781038374717833,standard,0_7_to_1_0,117.75,0.6053984575835476,False,0.49044585987261147,0.49044585987261147,1,1,False,True,0.9150743099787686,False,False,2024,2024-09,2024-W38
NQ,2024-09-20,2024-09-20 13:30:00+00:00,2024-09-20 15:29:00+00:00,20035.0,20082.5,19860.0,19906.75,160314,3204134670.3333335,120,19986.617951852822,2024-09-20 15:30:00+00:00,2024-09-20 17:59:00+00:00,19906.5,20036.25,19900.5,19995.25,101653,2032067898.75,150,19990.240315091538,primary_2023_2025,222.5,219.375,1.0142450142450143,standard,1_0_to_1_3,135.75,0.6101123595505618,False,0.6537753222836096,0.6537753222836096,-1,1,True,False,0.6979742173112339,True,True,2024,2024-09,2024-W38
NQ,2024-09-23,2024-09-23 13:30:00+00:00,2024-09-23 15:29:00+00:00,20077.25,20126.75,20031.25,20094.0,140377,2818478886.1666665,120,20077.92506013568,2024-09-23 15:30:00+00:00,2024-09-23 17:59:00+00:00,20094.0,20125.75,20018.75,20073.5,89456,1795296285.6666667,150,20069.042721188816,primary_2023_2025,95.5,218.875,0.43632210165619645,standard,le_0_7,107.0,1.1204188481675392,False,0.19158878504672897,-0.19158878504672897,1,-1,True,True,0.5116822429906542,True,True,2024,2024-09,2024-W39
NQ,2024-09-24,2024-09-24 13:30:00+00:00,2024-09-24 15:29:00+00:00,20135.0,20154.0,19953.0,20115.0,165152,3311609218.1666665,120,20051.88685675418,2024-09-24 15:30:00+00:00,2024-09-24 17:59:00+00:00,20115.25,20214.75,20112.5,20165.5,109371,2206803462.9166665,150,20177.226713815056,primary_2023_2025,201.0,209.5,0.9594272076372315,standard,0_7_to_1_0,102.25,0.5087064676616916,False,0.49144254278728605,0.49144254278728605,-1,1,True,True,0.5183374083129584,False,False,2024,2024-09,2024-W39
NQ,2024-09-25,2024-09-25 13:30:00+00:00,2024-09-25 15:29:00+00:00,20141.0,20271.0,20138.0,20202.5,140146,2833170470.4166665,120,20215.849688301245,2024-09-25 15:30:00+00:00,2024-09-25 17:59:00+00:00,20202.25,20242.0,20135.5,20200.75,104967,2119125583.0,150,20188.49336458125,primary_2023_2025,133.0,202.375,0.6571957998764669,standard,le_0_7,106.5,0.8007518796992481,False,0.014084507042253521,-0.014084507042253521,1,-1,True,True,0.6126760563380281,True,True,2024,2024-09,2024-W39
NQ,2024-09-26,2024-09-26 13:30:00+00:00,2024-09-26 15:29:00+00:00,20503.0,20517.5,20188.0,20254.5,195896,3987007964.0833335,120,20352.67674727066,2024-09-26 15:30:00+00:00,2024-09-26 17:59:00+00:00,20255.0,20324.5,20189.0,20274.25,108199,2192387005.4166665,150,20262.544066180522,primary_2023_2025,329.5,197.75,1.6662452591656132,exhaustion,1_5_to_2_0,135.5,0.41122913505311076,True,0.14206642066420663,0.14206642066420663,-1,1,True,False,0.6291512915129152,False,False,2024,2024-09,2024-W39
NQ,2024-09-27,2024-09-27 13:30:00+00:00,2024-09-27 15:29:00+00:00,20377.5,20383.0,20246.75,20270.5,135085,2744541766.1666665,120,20317.14673107056,2024-09-27 15:30:00+00:00,2024-09-27 17:59:00+00:00,20270.5,20286.0,20210.0,20280.25,92554,1874090853.1666667,150,20248.62083936585,primary_2023_2025,136.25,197.75,0.6890012642225032,standard,le_0_7,76.0,0.5577981651376147,False,0.12828947368421054,0.12828947368421054,-1,1,True,True,0.9243421052631579,False,False,2024,2024-09,2024-W39
NQ,2024-09-30,2024-09-30 13:30:00+00:00,2024-09-30 15:29:00+00:00,20179.5,20262.5,20127.5,20226.75,137763,2783003220.3333335,120,20201.383683088592,2024-09-30 15:30:00+00:00,2024-09-30 17:59:00+00:00,20227.0,20254.5,20167.25,20205.5,93026,1879799968.4166667,150,20207.253546499545,primary_2023_2025,135.0,197.75,0.6826801517067004,standard,le_0_7,87.25,0.6462962962962963,False,0.24641833810888253,-0.24641833810888253,1,-1,True,False,0.4383954154727794,True,True,2024,2024-09,2024-W40
NQ,2024-10-01,2024-10-01 13:30:00+00:00,2024-10-01 15:29:00+00:00,20252.0,20266.0,19818.0,19893.25,251508,5026409422.5,120,19985.087641347392,2024-10-01 15:30:00+00:00,2024-10-01 17:59:00+00:00,19893.5,20001.0,19844.5,19999.25,185933,3704031427.3333335,150,19921.32341936791,primary_2023_2025,448.0,197.75,2.265486725663717,exhaustion,gt_2_0,156.5,0.34933035714285715,True,0.6757188498402555,0.6757188498402555,-1,1,True,False,0.9888178913738019,True,True,2024,2024-10,2024-W40
NQ,2024-10-02,2024-10-02 13:30:00+00:00,2024-10-02 15:29:00+00:00,19942.75,20090.25,19833.5,20055.25,182253,3639415210.3333335,120,19969.027727024157,2024-10-02 15:30:00+00:00,2024-10-02 17:59:00+00:00,20055.25,20084.75,19968.5,20045.25,100190,2006924721.1666667,150,20031.187954553017,primary_2023_2025,256.75,197.75,1.2983565107458912,standard,1_0_to_1_3,116.25,0.4527750730282376,True,0.08602150537634409,-0.08602150537634409,1,-1,True,False,0.6602150537634408,True,True,2024,2024-10,2024-W40
NQ,2024-10-03,2024-10-03 13:30:00+00:00,2024-10-03 15:29:00+00:00,19912.0,20113.75,19894.75,19992.75,212023,4239970666.6666665,120,19997.692074287537,2024-10-03 15:30:00+00:00,2024-10-03 17:59:00+00:00,19993.0,20059.5,19879.0,19962.75,123583,2468413475.8333335,150,19973.730010060717,primary_2023_2025,219.0,197.75,1.1074589127686474,standard,1_0_to_1_3,180.5,0.8242009132420092,False,0.16759002770083103,-0.16759002770083103,1,-1,True,True,0.46398891966759004,True,True,2024,2024-10,2024-W40
NQ,2024-10-04,2024-10-04 13:30:00+00:00,2024-10-04 15:29:00+00:00,20227.25,20239.0,20013.25,20060.25,212266,4269672396.5833335,120,20114.725846736328,2024-10-04 15:30:00+00:00,2024-10-04 17:59:00+00:00,20060.75,20182.25,20034.25,20115.5,122300,2460772719.0,150,20120.79083401472,primary_2023_2025,225.75,197.75,1.1415929203539823,standard,1_0_to_1_3,148.0,0.655592469545958,False,0.36993243243243246,0.36993243243243246,-1,1,True,False,0.5489864864864865,True,True,2024,2024-10,2024-W40
NQ,2024-10-07,2024-10-07 13:30:00+00:00,2024-10-07 15:29:00+00:00,20137.0,20187.25,20088.5,20161.75,131524,2649312329.0,120,20143.18549466257,2024-10-07 15:30:00+00:00,2024-10-07 17:59:00+00:00,20161.75,20176.0,20107.75,20148.75,72032,1450933100.75,150,20142.896223206353,primary_2023_2025,98.75,197.75,0.4993678887484197,standard,le_0_7,68.25,0.6911392405063291,False,0.19047619047619047,-0.19047619047619047,1,-1,True,False,0.6007326007326007,True,True,2024,2024-10,2024-W41
NQ,2024-10-08,2024-10-08 13:30:00+00:00,2024-10-08 15:29:00+00:00,20103.25,20273.75,20069.75,20233.25,153119,3089762087.1666665,120,20178.828800910836,2024-10-08 15:30:00+00:00,2024-10-08 17:59:00+00:00,20234.0,20259.75,20164.75,20232.0,82472,1667381937.25,150,20217.551863056553,primary_2023_2025,204.0,181.5,1.1239669421487604,standard,1_0_to_1_3,95.0,0.46568627450980393,True,0.021052631578947368,-0.021052631578947368,1,-1,True,False,0.7078947368421052,True,True,2024,2024-10,2024-W41
NQ,2024-10-09,2024-10-09 13:30:00+00:00,2024-10-09 15:29:00+00:00,20282.0,20400.0,20238.5,20386.75,137263,2788088587.9166665,120,20312.01844573313,2024-10-09 15:30:00+00:00,2024-10-09 17:59:00+00:00,20386.75,20448.25,20355.0,20398.75,101462,2070823483.8333333,150,20409.842934629054,primary_2023_2025,161.5,197.75,0.8166877370417194,standard,0_7_to_1_0,93.25,0.5773993808049536,False,0.128686327077748,0.128686327077748,1,1,False,True,0.4691689008042895,False,False,2024,2024-10,2024-W41
NQ,2024-10-10,2024-10-10 13:30:00+00:00,2024-10-10 15:29:00+00:00,20359.0,20441.0,20301.5,20433.5,142862,2911580019.4166665,120,20380.36720343175,2024-10-10 15:30:00+00:00,2024-10-10 17:59:00+00:00,20433.25,20508.25,20378.5,20445.75,122569,2506655010.25,150,20450.97055740032,primary_2023_2025,139.5,181.5,0.768595041322314,standard,0_7_to_1_0,129.75,0.9301075268817204,False,0.09633911368015415,0.09633911368015415,1,1,False,True,0.5183044315992292,True,True,2024,2024-10,2024-W41
NQ,2024-10-11,2024-10-11 13:30:00+00:00,2024-10-11 15:29:00+00:00,20340.25,20481.25,20314.75,20430.25,153972,3141290667.6666665,120,20401.70074862096,2024-10-11 15:30:00+00:00,2024-10-11 17:59:00+00:00,20430.5,20472.0,20404.5,20436.75,72594,1483820386.1666667,150,20439.986585209062,primary_2023_2025,166.5,165.0,1.009090909090909,standard,1_0_to_1_3,67.5,0.40540540540540543,True,0.09259259259259259,0.09259259259259259,1,1,False,False,0.4777777777777778,False,False,2024,2024-10,2024-W41
NQ,2024-10-14,2024-10-14 13:30:00+00:00,2024-10-14 15:29:00+00:00,20550.5,20680.0,20527.5,20546.5,158362,3262625977.0,120,20602.328696278146,2024-10-14 15:30:00+00:00,2024-10-14 17:59:00+00:00,20546.0,20624.0,20525.0,20607.75,69653,1434266406.5833333,150,20591.59557496925,primary_2023_2025,152.5,167.5,0.9104477611940298,standard,0_7_to_1_0,99.0,0.6491803278688525,False,0.6237373737373737,0.6237373737373737,-1,1,True,True,0.8358585858585859,True,True,2024,2024-10,2024-W42
NQ,2024-10-15,2024-10-15 13:30:00+00:00,2024-10-15 15:29:00+00:00,20631.75,20659.25,20331.25,20396.25,216553,4438620517.5,120,20496.69373086496,2024-10-15 15:30:00+00:00,2024-10-15 17:59:00+00:00,20397.0,20434.0,20334.25,20358.75,106390,2168000534.1666665,150,20377.86008240123,primary_2023_2025,328.0,164.0,2.0,exhaustion,1_5_to_2_0,99.75,0.3041158536585366,True,0.38345864661654133,-0.38345864661654133,-1,-1,False,False,0.24561403508771928,False,False,2024,2024-10,2024-W42
NQ,2024-10-16,2024-10-16 13:30:00+00:00,2024-10-16 15:29:00+00:00,20352.5,20357.25,20206.25,20312.5,171460,3477572552.25,120,20282.121499183482,2024-10-16 15:30:00+00:00,2024-10-16 17:59:00+00:00,20312.75,20348.75,20270.0,20337.25,81081,1646659142.5833333,150,20308.81640067751,primary_2023_2025,151.0,180.5,0.8365650969529086,standard,0_7_to_1_0,78.75,0.5215231788079471,False,0.3111111111111111,0.3111111111111111,-1,1,True,False,0.8539682539682539,True,True,2024,2024-10,2024-W42
NQ,2024-10-17,2024-10-17 13:30:00+00:00,2024-10-17 15:29:00+00:00,20573.25,20576.0,20366.5,20453.0,196589,4017843280.6666665,120,20437.782788796252,2024-10-17 15:30:00+00:00,2024-10-17 17:59:00+00:00,20453.0,20528.75,20445.0,20477.5,90122,1845896876.0833333,150,20482.200529097594,primary_2023_2025,209.5,180.5,1.1606648199445984,standard,1_0_to_1_3,83.75,0.3997613365155131,True,0.29253731343283584,0.29253731343283584,-1,1,True,False,0.3880597014925373,False,False,2024,2024-10,2024-W42
NQ,2024-10-18,2024-10-18 13:30:00+00:00,2024-10-18 15:29:00+00:00,20465.75,20523.25,20433.0,20513.75,131947,2702314069.6666665,120,20480.299435884608,2024-10-18 15:30:00+00:00,2024-10-18 17:59:00+00:00,20514.0,20529.75,20442.0,20485.5,93974,1925462337.0,150,20489.30913869794,primary_2023_2025,90.25,183.75,0.49115646258503404,standard,le_0_7,87.75,0.9722991689750693,False,0.3247863247863248,-0.3247863247863248,1,-1,True,True,0.49572649572649574,True,True,2024,2024-10,2024-W42
NQ,2024-10-21,2024-10-21 13:30:00+00:00,2024-10-21 15:29:00+00:00,20427.75,20554.5,20345.0,20360.75,185576,3795449693.3333335,120,20452.265882082454,2024-10-21 15:30:00+00:00,2024-10-21 17:59:00+00:00,20360.75,20497.25,20352.5,20491.75,97001,1983376513.25,150,20446.969755466438,primary_2023_2025,209.5,164.0,1.2774390243902438,standard,1_0_to_1_3,144.75,0.6909307875894988,False,0.9050086355785838,0.9050086355785838,-1,1,True,False,0.9620034542314335,True,True,2024,2024-10,2024-W43
NQ,2024-10-22,2024-10-22 13:30:00+00:00,2024-10-22 15:29:00+00:00,20402.75,20520.0,20369.5,20479.0,157768,3228772775.9166665,120,20465.321078524583,2024-10-22 15:30:00+00:00,2024-10-22 17:59:00+00:00,20479.25,20576.5,20425.25,20574.5,106381,2180039142.1666665,150,20492.749101499954,primary_2023_2025,150.5,183.75,0.819047619047619,standard,0_7_to_1_0,151.25,1.004983388704319,False,0.6297520661157024,0.6297520661157024,1,1,False,True,0.9867768595041322,True,True,2024,2024-10,2024-W43
NQ,2024-10-23,2024-10-23 13:30:00+00:00,2024-10-23 15:29:00+00:00,20435.0,20462.75,20305.75,20309.75,201971,4120104750.9166665,120,20399.486812050574,2024-10-23 15:30:00+00:00,2024-10-23 17:59:00+00:00,20309.5,20362.0,20121.25,20126.25,164626,3333206958.8333335,150,20247.147831043294,primary_2023_2025,157.0,164.0,0.9573170731707317,standard,0_7_to_1_0,240.75,1.53343949044586,False,0.7611630321910696,-0.7611630321910696,-1,-1,False,True,0.020768431983385256,False,False,2024,2024-10,2024-W43
NQ,2024-10-24,2024-10-24 13:30:00+00:00,2024-10-24 15:29:00+00:00,20372.5,20378.5,20296.25,20341.25,161505,3284868273.5,120,20339.111937710906,2024-10-24 15:30:00+00:00,2024-10-24 17:59:00+00:00,20341.25,20389.0,20261.75,20344.5,116101,2360260616.8333335,150,20329.373707662584,primary_2023_2025,82.25,164.0,0.5015243902439024,standard,le_0_7,127.25,1.547112462006079,False,0.025540275049115914,0.025540275049115914,-1,1,True,True,0.650294695481336,True,True,2024,2024-10,2024-W43
NQ,2024-10-25,2024-10-25 13:30:00+00:00,2024-10-25 15:29:00+00:00,20491.25,20707.25,20490.25,20635.25,204741,4224565615.1666665,120,20633.706073364232,2024-10-25 15:30:00+00:00,2024-10-25 17:59:00+00:00,20635.5,20664.75,20483.5,20510.5,154733,3186523340.5,150,20593.689390756983,primary_2023_2025,217.0,159.25,1.3626373626373627,standard,1_3_to_1_5,181.25,0.8352534562211982,False,0.6896551724137931,-0.6896551724137931,1,-1,True,True,0.1489655172413793,True,True,2024,2024-10,2024-W43
NQ,2024-10-28,2024-10-28 13:30:00+00:00,2024-10-28 15:29:00+00:00,20625.25,20626.75,20528.5,20560.25,142641,2934937080.5,120,20575.69058335261,2024-10-28 15:30:00+00:00,2024-10-28 17:59:00+00:00,20560.5,20571.5,20506.75,20555.5,92798,1906174185.8333333,150,20541.112802359246,primary_2023_2025,98.25,164.0,0.5990853658536586,standard,le_0_7,64.75,0.6590330788804071,False,0.07722007722007722,-0.07722007722007722,-1,-1,False,True,0.752895752895753,False,False,2024,2024-10,2024-W44
NQ,2024-10-29,2024-10-29 13:30:00+00:00,2024-10-29 15:29:00+00:00,20511.0,20609.0,20432.25,20597.75,159298,3271611410.8333335,120,20537.68039042131,2024-10-29 15:30:00+00:00,2024-10-29 17:59:00+00:00,20597.75,20688.0,20580.25,20672.0,119111,2458263695.3333335,150,20638.4271421895,primary_2023_2025,176.75,164.0,1.0777439024390243,standard,1_0_to_1_3,107.75,0.6096181046676096,False,0.6890951276102089,0.6890951276102089,1,1,False,True,0.851508120649652,False,False,2024,2024-10,2024-W44
NQ,2024-10-30,2024-10-30 13:30:00+00:00,2024-10-30 15:29:00+00:00,20661.25,20699.5,20542.75,20682.75,176001,3631976271.8333335,120,20636.11156660095,2024-10-30 15:30:00+00:00,2024-10-30 17:59:00+00:00,20682.75,20685.75,20558.0,20576.5,103124,2128212278.25,150,20637.41009124937,primary_2023_2025,156.75,164.0,0.9557926829268293,standard,0_7_to_1_0,127.75,0.8149920255183413,False,0.8317025440313112,-0.8317025440313112,1,-1,True,False,0.14481409001956946,True,True,2024,2024-10,2024-W44
NQ,2024-10-31,2024-10-31 13:30:00+00:00,2024-10-31 15:29:00+00:00,20366.0,20369.25,20052.75,20097.75,246791,4976627325.166667,120,20165.35175580417,2024-10-31 15:30:00+00:00,2024-10-31 17:59:00+00:00,20097.5,20115.0,20023.25,20035.5,129230,2593392072.5833335,150,20068.03429995615,primary_2023_2025,316.5,159.25,1.987441130298273,exhaustion,1_5_to_2_0,91.75,0.28988941548183256,True,0.6757493188010899,-0.6757493188010899,-1,-1,False,True,0.1335149863760218,False,False,2024,2024-10,2024-W44
NQ,2024-11-01,2024-11-01 13:30:00+00:00,2024-11-01 15:29:00+00:00,20069.0,20288.0,20057.5,20283.0,198019,3998373966.6666665,120,20191.870308741418,2024-11-01 15:30:00+00:00,2024-11-01 17:59:00+00:00,20283.0,20286.75,20155.25,20157.25,128865,2605423278.5,150,20218.238299771077,primary_2023_2025,230.5,159.25,1.4474097331240188,standard,1_3_to_1_5,131.5,0.5704989154013015,False,0.9562737642585551,-0.9562737642585551,1,-1,True,False,0.015209125475285171,True,True,2024,2024-11,2024-W44
NQ,2024-11-04,2024-11-04 14:30:00+00:00,2024-11-04 16:29:00+00:00,20120.25,20226.75,20013.0,20178.0,162457,3271607966.6666665,120,20138.301006830523,2024-11-04 16:30:00+00:00,2024-11-04 18:59:00+00:00,20178.0,20181.5,20028.75,20148.5,138857,2792807796.0,150,20112.8340378951,primary_2023_2025,213.75,159.25,1.3422291993720565,standard,1_3_to_1_5,152.75,0.7146198830409357,False,0.19312602291325695,-0.19312602291325695,1,-1,True,False,0.7839607201309329,True,True,2024,2024-11,2024-W45
NQ,2024-11-05,2024-11-05 14:30:00+00:00,2024-11-05 16:29:00+00:00,20152.25,20321.25,20147.0,20298.25,165443,3352085234.6666665,120,20261.2696497686,2024-11-05 16:30:00+00:00,2024-11-05 18:59:00+00:00,20298.75,20372.75,20286.5,20308.75,99753,2028498046.8333333,150,20335.208433163247,primary_2023_2025,174.25,164.0,1.0625,standard,1_0_to_1_3,86.25,0.4949784791965567,True,0.11594202898550725,0.11594202898550725,1,1,False,True,0.2579710144927536,False,False,2024,2024-11,2024-W45
NQ,2024-11-06,2024-11-06 14:30:00+00:00,2024-11-06 16:29:00+00:00,20684.75,20822.0,20644.0,20775.75,198838,4123232143.6666665,120,20736.640600220613,2024-11-06 16:30:00+00:00,2024-11-06 18:59:00+00:00,20777.5,20877.0,20773.0,20861.0,99636,2074242318.0,150,20818.20143321691,primary_2023_2025,178.0,164.0,1.0853658536585367,standard,1_0_to_1_3,104.0,0.5842696629213483,False,0.8028846153846154,0.8028846153846154,1,1,False,True,0.8461538461538461,False,False,2024,2024-11,2024-W45
NQ,2024-11-07,2024-11-07 14:30:00+00:00,2024-11-07 16:29:00+00:00,21006.75,21171.75,21004.0,21154.0,150594,3177779106.9166665,120,21101.631585034374,2024-11-07 16:30:00+00:00,2024-11-07 18:59:00+00:00,21154.25,21199.0,21149.75,21180.0,83985,1778459020.4166667,150,21175.912608402294,primary_2023_2025,167.75,170.375,0.9845928099779897,standard,0_7_to_1_0,49.25,0.293591654247392,True,0.5228426395939086,0.5228426395939086,1,1,False,True,0.6142131979695431,False,False,2024,2024-11,2024-W45
NQ,2024-11-08,2024-11-08 14:30:00+00:00,2024-11-08 16:29:00+00:00,21185.5,21232.25,21161.25,21210.25,133728,2834906450.75,120,21199.049195007778,2024-11-08 16:30:00+00:00,2024-11-08 18:59:00+00:00,21210.75,21265.0,21195.25,21250.25,86548,1837047009.3333333,150,21225.759224168476,primary_2023_2025,71.0,171.0,0.4152046783625731,standard,le_0_7,69.75,0.9823943661971831,False,0.5663082437275986,0.5663082437275986,1,1,False,True,0.7885304659498208,True,True,2024,2024-11,2024-W45
NQ,2024-11-11,2024-11-11 14:30:00+00:00,2024-11-11 16:29:00+00:00,21283.0,21292.75,21155.25,21207.75,162264,3442214308.5,120,21213.666053468423,2024-11-11 16:30:00+00:00,2024-11-11 18:59:00+00:00,21208.25,21218.5,21098.25,21179.75,113945,2411541452.5833335,150,21164.08313294426,primary_2023_2025,137.5,171.0,0.804093567251462,standard,0_7_to_1_0,120.25,0.8745454545454545,False,0.23700623700623702,-0.23700623700623702,-1,-1,False,True,0.6777546777546778,True,True,2024,2024-11,2024-W46
NQ,2024-11-12,2024-11-12 14:30:00+00:00,2024-11-12 16:29:00+00:00,21214.25,21251.75,21165.0,21181.0,158403,3359817983.5833335,120,21210.570403233105,2024-11-12 16:30:00+00:00,2024-11-12 18:59:00+00:00,21181.25,21198.0,21054.75,21182.0,143211,3027390817.75,150,21139.37349610016,primary_2023_2025,86.75,171.0,0.5073099415204678,standard,le_0_7,143.25,1.6512968299711817,False,0.005235602094240838,0.005235602094240838,-1,1,True,True,0.8883071553228621,False,False,2024,2024-11,2024-W46
NQ,2024-11-13,2024-11-13 14:30:00+00:00,2024-11-13 16:29:00+00:00,21158.75,21184.5,21056.5,21154.75,162982,3442990122.8333335,120,21124.971609339274,2024-11-13 16:30:00+00:00,2024-11-13 18:59:00+00:00,21155.0,21268.5,21101.5,21257.25,124126,2630861237.9166665,150,21195.085944255567,primary_2023_2025,128.0,162.375,0.7882986913010007,standard,0_7_to_1_0,167.0,1.3046875,False,0.6122754491017964,0.6122754491017964,-1,1,True,True,0.9326347305389222,True,True,2024,2024-11,2024-W46
NQ,2024-11-14,2024-11-14 14:30:00+00:00,2024-11-14 16:29:00+00:00,21137.75,21174.75,21040.5,21111.0,159766,3371702783.1666665,120,21104.007005036532,2024-11-14 16:30:00+00:00,2024-11-14 18:59:00+00:00,21111.25,21140.25,21016.75,21027.5,131925,2780961054.0,150,21079.86396816373,primary_2023_2025,134.25,162.375,0.8267898383371824,standard,0_7_to_1_0,123.5,0.9199255121042831,False,0.6781376518218624,-0.6781376518218624,-1,-1,False,True,0.08704453441295547,True,True,2024,2024-11,2024-W46
NQ,2024-11-15,2024-11-15 14:30:00+00:00,2024-11-15 16:29:00+00:00,20758.75,20773.75,20533.5,20579.5,227883,4702792112.833333,120,20636.871170000977,2024-11-15 16:30:00+00:00,2024-11-15 18:59:00+00:00,20580.0,20590.75,20405.25,20429.0,160909,3296696085.5,150,20487.95334940867,primary_2023_2025,240.25,156.875,1.5314741035856574,exhaustion,1_5_to_2_0,185.5,0.7721123829344433,False,0.8140161725067385,-0.8140161725067385,-1,-1,False,True,0.1280323450134771,False,False,2024,2024-11,2024-W46
NQ,2024-11-18,2024-11-18 14:30:00+00:00,2024-11-18 16:29:00+00:00,20557.0,20718.25,20501.0,20696.0,161195,3321564736.4166665,120,20605.879440532688,2024-11-18 16:30:00+00:00,2024-11-18 18:59:00+00:00,20696.5,20724.25,20595.75,20660.0,117825,2433806432.5833335,150,20656.112307093856,primary_2023_2025,217.25,162.375,1.3379522709776752,standard,1_3_to_1_5,128.5,0.5914844649021864,False,0.2840466926070039,-0.2840466926070039,1,-1,True,True,0.5,True,True,2024,2024-11,2024-W47
NQ,2024-11-19,2024-11-19 14:30:00+00:00,2024-11-19 16:29:00+00:00,20521.5,20686.75,20508.0,20682.25,153608,3162679558.6666665,120,20589.289351249066,2024-11-19 16:30:00+00:00,2024-11-19 18:59:00+00:00,20682.75,20792.5,20643.25,20784.75,106363,2202317020.5,150,20705.66851724754,primary_2023_2025,178.75,162.375,1.100846805234796,standard,1_0_to_1_3,149.25,0.8349650349650349,False,0.6834170854271356,0.6834170854271356,1,1,False,True,0.948073701842546,False,False,2024,2024-11,2024-W47
NQ,2024-11-20,2024-11-20 14:30:00+00:00,2024-11-20 16:29:00+00:00,20753.0,20756.0,20477.0,20566.0,225231,4640379447.083333,120,20602.756490373584,2024-11-20 16:30:00+00:00,2024-11-20 18:59:00+00:00,20566.0,20709.0,20548.0,20589.75,137375,2833440911.0,150,20625.59352866242,primary_2023_2025,279.0,171.0,1.631578947368421,exhaustion,1_5_to_2_0,161.0,0.5770609318996416,False,0.14751552795031056,0.14751552795031056,-1,1,True,False,0.2593167701863354,True,True,2024,2024-11,2024-W47
NQ,2024-11-21,2024-11-21 14:30:00+00:00,2024-11-21 16:29:00+00:00,20876.0,20905.75,20514.25,20779.75,288776,5970550927.833333,120,20675.370972079858,2024-11-21 16:30:00+00:00,2024-11-21 18:59:00+00:00,20780.25,20866.0,20696.0,20857.0,126915,2639107926.0833335,150,20794.294812144613,primary_2023_2025,391.5,175.5,2.230769230769231,exhaustion,gt_2_0,170.0,0.4342273307790549,True,0.4514705882352941,0.4514705882352941,-1,1,True,False,0.9470588235294117,False,False,2024,2024-11,2024-W47
NQ,2024-11-22,2024-11-22 14:30:00+00:00,2024-11-22 16:29:00+00:00,20791.25,20873.0,20722.25,20779.0,199432,4148641524.3333335,120,20802.286114231083,2024-11-22 16:30:00+00:00,2024-11-22 18:59:00+00:00,20779.25,20880.0,20749.5,20846.75,118629,2470459624.25,150,20825.090190847095,primary_2023_2025,150.75,177.375,0.8498942917547568,standard,0_7_to_1_0,130.5,0.8656716417910447,False,0.5172413793103449,0.5172413793103449,-1,1,True,True,0.7452107279693486,True,True,2024,2024-11,2024-W47
NQ,2024-11-25,2024-11-25 14:30:00+00:00,2024-11-25 16:29:00+00:00,21016.5,21081.0,20869.25,20935.25,209292,4384349181.916667,120,20948.479549704083,2024-11-25 16:30:00+00:00,2024-11-25 18:59:00+00:00,20935.25,20961.5,20780.25,20851.5,135425,2825418205.9166665,150,20863.34285336287,primary_2023_2025,211.75,175.5,1.2065527065527066,standard,1_0_to_1_3,181.25,0.8559622195985832,False,0.46206896551724136,-0.46206896551724136,-1,-1,False,True,0.3931034482758621,True,True,2024,2024-11,2024-W48
NQ,2024-11-26,2024-11-26 14:30:00+00:00,2024-11-26 16:29:00+00:00,20938.75,21024.75,20919.5,20953.75,170596,3577004244.0833335,120,20967.691177303885,2024-11-26 16:30:00+00:00,2024-11-26 18:59:00+00:00,20953.5,20984.25,20923.5,20969.0,86795,1818903194.25,150,20956.31308543119,primary_2023_2025,105.25,177.375,0.5933756166314306,standard,le_0_7,60.75,0.5771971496437055,False,0.2551440329218107,0.2551440329218107,1,1,False,False,0.7489711934156379,True,True,2024,2024-11,2024-W48
NQ,2024-11-27,2024-11-27 14:30:00+00:00,2024-11-27 16:29:00+00:00,20936.25,20939.5,20696.0,20722.75,197168,4101066761.6666665,120,20799.859823433148,2024-11-27 16:30:00+00:00,2024-11-27 18:59:00+00:00,20722.25,20818.5,20675.0,20810.25,121392,2517976809.4166665,150,20742.526767963842,primary_2023_2025,243.5,176.125,1.382540809084457,standard,1_3_to_1_5,143.5,0.5893223819301848,False,0.6132404181184669,0.6132404181184669,-1,1,True,True,0.9425087108013938,True,True,2024,2024-11,2024-W48
NQ,2024-11-28,2024-11-28 14:30:00+00:00,2024-11-28 16:29:00+00:00,20874.0,20909.5,20874.0,20893.25,18041,376931996.3333333,120,20893.07667719823,2024-11-28 16:30:00+00:00,2024-11-28 17:59:00+00:00,20893.75,20901.5,20878.0,20890.0,6851,143107346.0,90,20888.533936651584,primary_2023_2025,35.5,178.375,0.19901892081289418,standard,le_0_7,23.5,0.6619718309859155,False,0.1595744680851064,-0.1595744680851064,1,-1,True,False,0.5106382978723404,True,True,2024,2024-11,2024-W48
NQ,2024-11-29,2024-11-29 14:30:00+00:00,2024-11-29 16:29:00+00:00,20830.5,20996.5,20805.5,20988.5,130023,2720980958.25,120,20926.920300639118,2024-11-29 16:30:00+00:00,2024-11-29 18:14:00+00:00,20988.5,21017.5,20968.25,20991.25,76146,1598581709.5833333,105,20993.639975617014,primary_2023_2025,191.0,176.125,1.084457061745919,standard,1_0_to_1_3,49.25,0.25785340314136124,True,0.05583756345177665,0.05583756345177665,1,1,False,True,0.467005076142132,False,False,2024,2024-11,2024-W48
NQ,2024-12-02,2024-12-02 14:30:00+00:00,2024-12-02 16:29:00+00:00,21042.75,21204.5,21026.5,21184.25,183449,3880428210.5833335,120,21152.626673262504,2024-12-02 16:30:00+00:00,2024-12-02 18:59:00+00:00,21184.25,21259.75,21178.5,21212.75,100975,2143347256.1666667,150,21226.514049682264,primary_2023_2025,178.0,176.125,1.0106458481192335,standard,1_0_to_1_3,81.25,0.45646067415730335,True,0.3507692307692308,0.3507692307692308,1,1,False,True,0.42153846153846153,False,False,2024,2024-12,2024-W49
NQ,2024-12-03,2024-12-03 14:30:00+00:00,2024-12-03 16:29:00+00:00,21158.0,21251.5,21134.25,21251.0,170187,3607609915.4166665,120,21197.91708777208,2024-12-03 16:30:00+00:00,2024-12-03 18:59:00+00:00,21250.5,21262.75,21190.0,21232.0,95103,2018264319.6666667,150,21221.878591281733,primary_2023_2025,117.25,176.125,0.6657203690560681,standard,le_0_7,72.75,0.6204690831556503,False,0.2542955326460481,-0.2542955326460481,1,-1,True,True,0.5773195876288659,True,True,2024,2024-12,2024-W49
NQ,2024-12-04,2024-12-04 14:30:00+00:00,2024-12-04 16:29:00+00:00,21417.5,21496.75,21388.25,21470.75,164061,3518256450.4166665,120,21444.806812201965,2024-12-04 16:30:00+00:00,2024-12-04 18:59:00+00:00,21470.25,21494.0,21439.5,21471.75,91068,1955227942.9166667,150,21469.977850800136,primary_2023_2025,108.5,172.875,0.6276211135213304,standard,le_0_7,54.5,0.5023041474654378,False,0.027522935779816515,0.027522935779816515,1,1,False,False,0.591743119266055,True,True,2024,2024-12,2024-W49
NQ,2024-12-05,2024-12-05 14:30:00+00:00,2024-12-05 16:29:00+00:00,21535.25,21551.5,21487.75,21528.75,140466,3022906374.1666665,120,21520.555680140864,2024-12-05 16:30:00+00:00,2024-12-05 18:59:00+00:00,21528.5,21567.25,21481.5,21493.25,100251,2158135005.3333335,150,21527.31648894608,primary_2023_2025,63.75,159.25,0.4003139717425432,standard,le_0_7,85.75,1.3450980392156864,False,0.4110787172011662,-0.4110787172011662,-1,-1,False,True,0.13702623906705538,True,True,2024,2024-12,2024-W49
NQ,2024-12-06,2024-12-06 14:30:00+00:00,2024-12-06 16:29:00+00:00,21491.0,21645.25,21486.0,21620.5,168717,3643503809.5,120,21595.356777918052,2024-12-06 16:30:00+00:00,2024-12-06 18:59:00+00:00,21619.75,21669.25,21597.5,21658.25,100577,2175786282.0,150,21633.04017817195,primary_2023_2025,159.25,144.125,1.1049436253252385,standard,1_0_to_1_3,71.75,0.45054945054945056,True,0.5365853658536586,0.5365853658536586,1,1,False,True,0.8466898954703833,False,False,2024,2024-12,2024-W49
NQ,2024-12-09,2024-12-09 14:30:00+00:00,2024-12-09 16:29:00+00:00,21615.0,21648.75,21436.0,21506.0,208536,4495672639.5,120,21558.2567973875,2024-12-09 16:30:00+00:00,2024-12-09 18:59:00+00:00,21506.25,21549.75,21474.25,21529.75,95782,2059991333.0,150,21507.08205090727,primary_2023_2025,212.75,155.0,1.3725806451612903,standard,1_3_to_1_5,75.5,0.35487661574618096,True,0.31125827814569534,0.31125827814569534,-1,1,True,False,0.7350993377483444,False,False,2024,2024-12,2024-W50
NQ,2024-12-10,2024-12-10 14:30:00+00:00,2024-12-10 16:29:00+00:00,21532.75,21606.75,21467.0,21473.5,198478,4275430058.6666665,120,21541.077896122828,2024-12-10 16:30:00+00:00,2024-12-10 18:59:00+00:00,21473.75,21502.5,21444.0,21452.5,120285,2582671298.0833335,150,21471.266559282816,primary_2023_2025,139.75,168.625,0.8287620459599704,standard,0_7_to_1_0,58.5,0.4186046511627907,True,0.36324786324786323,-0.36324786324786323,-1,-1,False,True,0.1452991452991453,False,False,2024,2024-12,2024-W50
NQ,2024-12-11,2024-12-11 14:30:00+00:00,2024-12-11 16:29:00+00:00,21589.5,21763.75,21573.0,21763.25,222499,4824762471.75,120,21684.423173812018,2024-12-11 16:30:00+00:00,2024-12-11 18:59:00+00:00,21763.25,21811.75,21741.75,21793.0,110817,2413336888.0833335,150,21777.677505106018,primary_2023_2025,190.75,168.625,1.1312083024462565,standard,1_0_to_1_3,70.0,0.3669724770642202,True,0.425,0.425,1,1,False,True,0.7321428571428571,False,False,2024,2024-12,2024-W50
NQ,2024-12-12,2024-12-12 14:30:00+00:00,2024-12-12 16:29:00+00:00,21694.0,21739.75,21624.75,21716.5,177721,3854068103.4166665,120,21686.05906683322,2024-12-12 16:30:00+00:00,2024-12-12 18:59:00+00:00,21716.25,21745.0,21669.25,21697.0,106009,2301573748.5,150,21711.11649482591,primary_2023_2025,115.0,178.375,0.644709180098108,standard,le_0_7,75.75,0.658695652173913,False,0.25412541254125415,-0.25412541254125415,1,-1,True,True,0.36633663366336633,True,True,2024,2024-12,2024-W50
NQ,2024-12-13,2024-12-13 14:30:00+00:00,2024-12-13 16:29:00+00:00,21795.25,21908.0,21666.5,21698.75,239554,5221066364.166667,120,21794.94545766995,2024-12-13 16:30:00+00:00,2024-12-13 18:59:00+00:00,21698.75,21776.25,21674.25,21773.5,124207,2697574114.4166665,150,21718.374281776923,primary_2023_2025,241.5,178.375,1.3538892782060266,standard,1_3_to_1_5,102.0,0.422360248447205,True,0.7328431372549019,0.7328431372549019,-1,1,True,False,0.9730392156862745,False,False,2024,2024-12,2024-W50
NQ,2024-12-16,2024-12-16 14:30:00+00:00,2024-12-16 16:29:00+00:00,21899.5,22048.5,21896.0,22036.0,115120,2529247225.0833335,120,21970.528362433404,2024-12-16 16:30:00+00:00,2024-12-16 18:59:00+00:00,22036.0,22125.0,22003.25,22117.0,64043,1413571075.3333333,150,22072.218280426172,primary_2023_2025,152.5,178.375,0.8549404344779257,standard,0_7_to_1_0,121.75,0.7983606557377049,False,0.6652977412731006,0.6652977412731006,1,1,False,True,0.9342915811088296,False,False,2024,2024-12,2024-W51
NQ,2024-12-17,2024-12-17 14:30:00+00:00,2024-12-17 16:29:00+00:00,22336.0,22366.75,22244.25,22342.25,189151,4219041908.5833335,120,22305.152542589432,2024-12-17 16:30:00+00:00,2024-12-17 18:59:00+00:00,22341.75,22386.0,22297.75,22308.25,95888,2141770684.4166667,150,22336.170161195005,primary_2023_2025,122.5,168.625,0.72646404744255,standard,0_7_to_1_0,88.25,0.7204081632653061,False,0.37960339943342775,-0.37960339943342775,1,-1,True,True,0.11898016997167139,True,True,2024,2024-12,2024-W51
NQ,2024-12-18,2024-12-18 14:30:00+00:00,2024-12-18 16:29:00+00:00,22280.5,22351.75,22211.25,22310.0,138523,3087220611.1666665,120,22286.70048415546,2024-12-18 16:30:00+00:00,2024-12-18 18:59:00+00:00,22310.5,22327.5,22273.25,22288.5,65026,1450277260.9166667,150,22303.03664559817,primary_2023_2025,140.5,155.875,0.9013632718524459,standard,0_7_to_1_0,54.25,0.3861209964412811,True,0.4055299539170507,-0.4055299539170507,1,-1,True,False,0.28110599078341014,True,True,2024,2024-12,2024-W51
NQ,2024-12-19,2024-12-19 14:30:00+00:00,2024-12-19 16:29:00+00:00,21677.0,21697.75,21461.0,21601.5,228053,4919856311.25,120,21573.30230801612,2024-12-19 16:30:00+00:00,2024-12-19 18:59:00+00:00,21601.75,21628.75,21432.5,21598.25,131881,2838116540.5,150,21520.28374443627,primary_2023_2025,236.75,151.625,1.5614179719703216,exhaustion,1_5_to_2_0,196.25,0.8289334741288279,False,0.017834394904458598,-0.017834394904458598,-1,-1,False,True,0.8445859872611465,True,True,2024,2024-12,2024-W51
NQ,2024-12-20,2024-12-20 14:30:00+00:00,2024-12-20 16:29:00+00:00,21210.5,21675.0,21160.5,21666.5,255302,5464334867.916667,120,21403.41582877011,2024-12-20 16:30:00+00:00,2024-12-20 18:59:00+00:00,21666.25,21812.25,21655.25,21667.25,192419,4182860103.0833335,150,21738.290413541978,primary_2023_2025,514.5,151.625,3.393239901071723,exhaustion,gt_2_0,157.0,0.3051506316812439,True,0.006369426751592357,0.006369426751592357,1,1,False,True,0.07643312101910828,False,False,2024,2024-12,2024-W51
NQ,2024-12-23,2024-12-23 14:30:00+00:00,2024-12-23 16:29:00+00:00,21619.25,21675.5,21476.75,21632.5,182065,3929982242.3333335,120,21585.599880994883,2024-12-23 16:30:00+00:00,2024-12-23 18:59:00+00:00,21632.75,21756.25,21602.5,21745.5,106716,2314872572.0,150,21691.89785973987,primary_2023_2025,198.75,155.875,1.2750601443464313,standard,1_0_to_1_3,153.75,0.7735849056603774,False,0.7333333333333333,0.7333333333333333,1,1,False,True,0.9300813008130081,False,False,2024,2024-12,2024-W52
NQ,2024-12-24,2024-12-24 14:30:00+00:00,2024-12-24 16:29:00+00:00,21826.25,21985.0,21799.25,21976.25,124118,2719581013.9166665,120,21911.253918985694,2024-12-24 16:30:00+00:00,2024-12-24 18:14:00+00:00,21976.25,22049.75,21943.0,22046.5,75336,1656661016.5833333,105,21990.29702377792,primary_2023_2025,185.75,155.875,1.1916599839615076,standard,1_0_to_1_3,106.75,0.5746971736204576,False,0.65807962529274,0.65807962529274,1,1,False,True,0.9695550351288056,False,False,2024,2024-12,2024-W52
NQ,2024-12-26,2024-12-26 14:30:00+00:00,2024-12-26 16:29:00+00:00,21961.5,22019.25,21870.25,21990.75,135634,2979871658.6666665,120,21969.94602140073,2024-12-26 16:30:00+00:00,2024-12-26 18:59:00+00:00,21992.0,22076.25,21972.75,22017.0,101133,2227516502.3333335,150,22025.614807563637,primary_2023_2025,149.0,168.625,0.8836174944403261,standard,0_7_to_1_0,103.5,0.6946308724832215,False,0.24154589371980675,0.24154589371980675,1,1,False,True,0.427536231884058,False,False,2024,2024-12,2024-W52
NQ,2024-12-27,2024-12-27 14:30:00+00:00,2024-12-27 16:29:00+00:00,21846.0,21863.0,21507.0,21644.5,223113,4827016388.666667,120,21634.8504509673,2024-12-27 16:30:00+00:00,2024-12-27 18:59:00+00:00,21644.5,21677.75,21498.75,21669.0,137396,2964308325.3333335,150,21574.92449076635,primary_2023_2025,356.0,155.875,2.2838813151563753,exhaustion,gt_2_0,179.0,0.5028089887640449,False,0.13687150837988826,0.13687150837988826,-1,1,True,True,0.9511173184357542,True,True,2024,2024-12,2024-W52
NQ,2024-12-30,2024-12-30 14:30:00+00:00,2024-12-30 16:29:00+00:00,21409.0,21423.5,21253.0,21398.0,181145,3865003617.4166665,120,21336.51835500106,2024-12-30 16:30:00+00:00,2024-12-30 18:59:00+00:00,21397.75,21571.0,21394.5,21542.5,112871,2427034356.75,150,21502.72750972349,primary_2023_2025,170.5,168.625,1.011119347664937,standard,1_0_to_1_3,176.5,1.035190615835777,False,0.8201133144475921,0.8201133144475921,-1,1,True,True,0.8385269121813032,False,False,2024,2024-12,2025-W01
NQ,2024-12-31,2024-12-31 14:30:00+00:00,2024-12-31 16:29:00+00:00,21456.0,21488.5,21291.0,21299.25,144611,3094082335.9166665,120,21395.89890061383,2024-12-31 16:30:00+00:00,2024-12-31 18:59:00+00:00,21299.25,21361.25,21204.5,21220.0,115384,2454885051.6666665,150,21275.783918625344,primary_2023_2025,197.5,164.875,1.197877179681577,standard,1_0_to_1_3,156.75,0.7936708860759494,False,0.5055821371610846,-0.5055821371610846,-1,-1,False,True,0.09888357256778309,False,False,2024,2024-12,2025-W01
NQ,2025-01-02,2025-01-02 14:30:00+00:00,2025-01-02 16:29:00+00:00,21347.75,21444.0,21166.5,21293.75,213102,4537212573.75,120,21291.27166216178,2025-01-02 16:30:00+00:00,2025-01-02 18:59:00+00:00,21293.0,21357.5,20983.75,21047.5,176169,3722448634.4166665,150,21129.98674237049,primary_2023_2025,277.5,164.875,1.6830932524639879,exhaustion,1_5_to_2_0,373.75,1.3468468468468469,False,0.65685618729097,-0.65685618729097,-1,-1,False,True,0.1705685618729097,True,True,2025,2025-01,2025-W01
NQ,2025-01-03,2025-01-03 14:30:00+00:00,2025-01-03 16:29:00+00:00,21293.75,21440.75,21261.5,21426.25,184344,3938185371.8333335,120,21363.241395615445,2025-01-03 16:30:00+00:00,2025-01-03 18:59:00+00:00,21426.25,21531.25,21420.75,21509.25,106299,2282739936.0833335,150,21474.70753331013,primary_2023_2025,179.25,178.125,1.0063157894736843,standard,1_0_to_1_3,110.5,0.6164574616457462,False,0.751131221719457,0.751131221719457,1,1,False,True,0.8009049773755657,False,False,2025,2025-01,2025-W01
NQ,2025-01-06,2025-01-06 14:30:00+00:00,2025-01-06 16:29:00+00:00,21732.75,21896.75,21723.5,21889.0,169233,3694990339.3333335,120,21833.74601486314,2025-01-06 16:30:00+00:00,2025-01-06 18:59:00+00:00,21888.5,21891.0,21701.5,21707.25,127480,2778907683.3333335,150,21798.773794582157,primary_2023_2025,173.25,182.5,0.9493150684931507,standard,0_7_to_1_0,189.5,1.0937950937950938,False,0.9564643799472295,-0.9564643799472295,1,-1,True,True,0.030343007915567283,True,True,2025,2025-01,2025-W02
NQ,2025-01-07,2025-01-07 14:30:00+00:00,2025-01-07 16:29:00+00:00,21791.75,21806.0,21399.5,21555.5,272498,5883127176.833333,120,21589.615985560748,2025-01-07 16:30:00+00:00,2025-01-07 18:59:00+00:00,21554.5,21559.75,21387.0,21440.0,132834,2851145499.3333335,150,21463.97382698205,primary_2023_2025,406.5,182.5,2.2273972602739724,exhaustion,gt_2_0,172.75,0.42496924969249694,True,0.662807525325615,-0.662807525325615,-1,-1,False,True,0.3068017366136035,False,False,2025,2025-01,2025-W02
NQ,2025-01-08,2025-01-08 14:30:00+00:00,2025-01-08 16:29:00+00:00,21355.75,21406.25,21231.0,21335.5,188678,4023991611.1666665,120,21327.29629933891,2025-01-08 16:30:00+00:00,2025-01-08 18:59:00+00:00,21336.0,21419.0,21166.25,21325.5,150236,3201826545.1666665,150,21311.9794534377,primary_2023_2025,175.25,188.25,0.9309428950863213,standard,0_7_to_1_0,252.75,1.442225392296719,False,0.04154302670623145,-0.04154302670623145,-1,-1,False,True,0.6300692383778437,True,True,2025,2025-01,2025-W02
NQ,2025-01-10,2025-01-10 14:30:00+00:00,2025-01-10 16:29:00+00:00,21192.5,21197.25,20874.75,20939.5,244223,5132704593.166667,120,21016.4668895504,2025-01-10 16:30:00+00:00,2025-01-10 18:59:00+00:00,20938.0,21176.5,20885.0,21167.25,149665,3144411335.9166665,150,21009.6638219802,primary_2023_2025,322.5,182.5,1.7671232876712328,exhaustion,1_5_to_2_0,291.5,0.9038759689922481,False,0.7864493996569468,0.7864493996569468,-1,1,True,False,0.9682675814751286,True,True,2025,2025-01,2025-W02
NQ,2025-01-13,2025-01-13 14:30:00+00:00,2025-01-13 16:29:00+00:00,20765.75,20880.25,20702.0,20755.5,192633,4003201105.0833335,120,20781.491774946833,2025-01-13 16:30:00+00:00,2025-01-13 18:59:00+00:00,20754.75,20913.75,20718.25,20892.5,141739,2952765546.1666665,150,20832.414128550834,primary_2023_2025,178.25,188.25,0.9468791500664011,standard,0_7_to_1_0,195.5,1.096774193548387,False,0.7046035805626598,0.7046035805626598,-1,1,True,True,0.8913043478260869,True,True,2025,2025-01,2025-W03
NQ,2025-01-14,2025-01-14 14:30:00+00:00,2025-01-14 16:29:00+00:00,21071.5,21129.75,20875.75,20903.25,219588,4613096024.25,120,21007.960472566807,2025-01-14 16:30:00+00:00,2025-01-14 18:59:00+00:00,20904.25,21010.0,20791.75,20997.25,139966,2922886482.9166665,150,20882.832137209512,primary_2023_2025,254.0,182.5,1.3917808219178083,standard,1_3_to_1_5,218.25,0.859251968503937,False,0.4261168384879725,0.4261168384879725,-1,1,True,True,0.9415807560137457,True,True,2025,2025-01,2025-W03
NQ,2025-01-15,2025-01-15 14:30:00+00:00,2025-01-15 16:29:00+00:00,21251.25,21408.0,21186.75,21331.5,192511,4107162741.25,120,21334.69121894333,2025-01-15 16:30:00+00:00,2025-01-15 18:59:00+00:00,21331.25,21395.75,21246.25,21380.25,118421,2525130991.5833335,150,21323.337850409418,primary_2023_2025,221.25,191.625,1.1545988258317026,standard,1_0_to_1_3,149.5,0.6757062146892655,False,0.3277591973244147,0.3277591973244147,1,1,False,False,0.8963210702341137,True,True,2025,2025-01,2025-W03
NQ,2025-01-16,2025-01-16 14:30:00+00:00,2025-01-16 16:29:00+00:00,21494.5,21498.0,21336.25,21407.25,199671,4274243063.6666665,120,21406.42889386374,2025-01-16 16:30:00+00:00,2025-01-16 18:59:00+00:00,21408.0,21426.0,21262.25,21290.5,124773,2665399381.4166665,150,21361.988422308244,primary_2023_2025,161.75,191.625,0.8440965427266797,standard,0_7_to_1_0,163.75,1.0123647604327666,False,0.7175572519083969,-0.7175572519083969,-1,-1,False,True,0.17251908396946564,True,True,2025,2025-01,2025-W03
NQ,2025-01-17,2025-01-17 14:30:00+00:00,2025-01-17 16:29:00+00:00,21647.25,21653.75,21481.25,21628.0,206549,4452238989.833333,120,21555.364537389836,2025-01-17 16:30:00+00:00,2025-01-17 18:59:00+00:00,21628.25,21672.0,21559.75,21631.75,116795,2525100496.0,150,21619.936606875293,primary_2023_2025,172.5,191.625,0.9001956947162426,standard,0_7_to_1_0,112.25,0.6507246376811594,False,0.031180400890868598,0.031180400890868598,-1,1,True,True,0.6414253897550112,False,False,2025,2025-01,2025-W03
NQ,2025-01-20,2025-01-20 14:30:00+00:00,2025-01-20 16:29:00+00:00,21723.75,21778.75,21641.25,21707.5,50212,1090384183.5833333,120,21715.60948743992,2025-01-20 16:30:00+00:00,2025-01-20 17:59:00+00:00,21707.75,21730.75,21620.0,21683.0,21470,465739189.75,90,21692.55657894737,primary_2023_2025,137.5,191.625,0.7175472928897586,standard,0_7_to_1_0,110.75,0.8054545454545454,False,0.2234762979683973,-0.2234762979683973,-1,-1,False,True,0.5688487584650113,True,True,2025,2025-01,2025-W04
NQ,2025-01-21,2025-01-21 14:30:00+00:00,2025-01-21 16:29:00+00:00,21710.75,21718.25,21525.75,21630.25,178106,3851548857.5,120,21625.037098694036,2025-01-21 16:30:00+00:00,2025-01-21 18:59:00+00:00,21629.75,21772.0,21605.25,21752.75,107686,2336922886.0,150,21701.269301487657,primary_2023_2025,192.5,191.625,1.004566210045662,standard,1_0_to_1_3,166.75,0.8662337662337662,False,0.7376311844077961,0.7376311844077961,-1,1,True,True,0.8845577211394303,True,True,2025,2025-01,2025-W04
NQ,2025-01-22,2025-01-22 14:30:00+00:00,2025-01-22 16:29:00+00:00,21913.75,22053.5,21902.5,22052.0,183339,4033080370.0,120,21997.94026366458,2025-01-22 16:30:00+00:00,2025-01-22 18:59:00+00:00,22052.0,22093.5,22010.5,22027.25,108337,2389264585.4166665,150,22054.00357603281,primary_2023_2025,151.0,189.125,0.7984137475214805,standard,0_7_to_1_0,83.0,0.5496688741721855,False,0.29819277108433734,-0.29819277108433734,1,-1,True,True,0.20180722891566266,False,False,2025,2025-01,2025-W04
NQ,2025-01-23,2025-01-23 14:30:00+00:00,2025-01-23 16:29:00+00:00,21888.75,21950.0,21866.0,21948.75,153714,3367612014.6666665,120,21908.29732273356,2025-01-23 16:30:00+00:00,2025-01-23 18:59:00+00:00,21948.0,21985.0,21900.25,21954.75,106943,2346990420.25,150,21946.180865040256,primary_2023_2025,84.0,182.5,0.4602739726027397,standard,le_0_7,84.75,1.0089285714285714,False,0.07964601769911504,0.07964601769911504,1,1,False,True,0.6430678466076696,True,True,2025,2025-01,2025-W04
NQ,2025-01-24,2025-01-24 14:30:00+00:00,2025-01-24 16:29:00+00:00,22044.25,22078.25,21970.25,22013.25,154347,3398548543.5833335,120,22018.883059491494,2025-01-24 16:30:00+00:00,2025-01-24 18:59:00+00:00,22013.25,22035.75,21862.25,21867.75,121320,2664062044.4166665,150,21958.968384575226,primary_2023_2025,108.0,178.75,0.6041958041958042,standard,le_0_7,173.5,1.6064814814814814,False,0.8386167146974063,-0.8386167146974063,-1,-1,False,True,0.03170028818443804,True,True,2025,2025-01,2025-W04
NQ,2025-01-27,2025-01-27 14:30:00+00:00,2025-01-27 16:29:00+00:00,21123.5,21418.5,21109.0,21210.25,289180,6157397996.166667,120,21292.613583811697,2025-01-27 16:30:00+00:00,2025-01-27 18:59:00+00:00,21210.0,21281.75,21138.75,21150.75,163962,3476347875.75,150,21202.1558394628,primary_2023_2025,309.5,176.75,1.7510608203677511,exhaustion,1_5_to_2_0,143.0,0.4620355411954766,True,0.4143356643356643,-0.4143356643356643,1,-1,True,False,0.08391608391608392,False,False,2025,2025-01,2025-W05
NQ,2025-01-28,2025-01-28 14:30:00+00:00,2025-01-28 16:29:00+00:00,21302.75,21481.75,21159.5,21404.75,235536,5028080263.5,120,21347.3959967903,2025-01-28 16:30:00+00:00,2025-01-28 18:59:00+00:00,21406.0,21584.0,21388.25,21540.25,141463,3043146502.75,150,21511.96074415218,primary_2023_2025,322.25,178.75,1.8027972027972028,exhaustion,1_5_to_2_0,195.75,0.6074476338246703,False,0.685823754789272,0.685823754789272,1,1,False,True,0.776500638569604,False,False,2025,2025-01,2025-W05
NQ,2025-01-29,2025-01-29 14:30:00+00:00,2025-01-29 16:29:00+00:00,21599.75,21606.25,21456.0,21489.5,175709,3781470066.75,120,21521.208741441817,2025-01-29 16:30:00+00:00,2025-01-29 18:59:00+00:00,21489.0,21548.25,21367.0,21467.25,136944,2940747050.9166665,150,21474.084669037464,primary_2023_2025,150.25,178.75,0.8405594405594405,standard,0_7_to_1_0,181.25,1.2063227953410982,False,0.12,-0.12,-1,-1,False,True,0.5531034482758621,True,True,2025,2025-01,2025-W05
NQ,2025-01-30,2025-01-30 14:30:00+00:00,2025-01-30 16:29:00+00:00,21650.0,21748.75,21419.5,21550.25,227285,4905548733.166667,120,21583.24893049109,2025-01-30 16:30:00+00:00,2025-01-30 18:59:00+00:00,21549.75,21625.75,21503.25,21606.5,114769,2474503906.3333335,150,21560.73422556033,primary_2023_2025,329.25,178.75,1.841958041958042,exhaustion,1_5_to_2_0,122.5,0.3720577069096431,True,0.463265306122449,0.463265306122449,-1,1,True,False,0.8428571428571429,True,True,2025,2025-01,2025-W05
NQ,2025-01-31,2025-01-31 14:30:00+00:00,2025-01-31 16:29:00+00:00,21774.0,21966.0,21765.0,21918.0,169377,3706313506.0,120,21882.03537670404,2025-01-31 16:30:00+00:00,2025-01-31 18:59:00+00:00,21917.5,21939.0,21721.0,21751.75,169174,3696590948.5833335,150,21850.821926438657,primary_2023_2025,201.0,178.75,1.1244755244755245,standard,1_0_to_1_3,218.0,1.0845771144278606,False,0.7603211009174312,-0.7603211009174312,1,-1,True,True,0.14105504587155962,True,True,2025,2025-01,2025-W05
NQ,2025-02-03,2025-02-03 14:30:00+00:00,2025-02-03 16:29:00+00:00,21215.5,21474.5,21113.25,21405.0,270936,5769139202.5,120,21293.36523201051,2025-02-03 16:30:00+00:00,2025-02-03 18:59:00+00:00,21405.0,21473.0,21341.0,21467.75,132828,2843171680.75,150,21404.91222294998,primary_2023_2025,361.25,178.75,2.020979020979021,exhaustion,gt_2_0,132.0,0.3653979238754325,True,0.4753787878787879,0.4753787878787879,1,1,False,False,0.9602272727272727,False,False,2025,2025-02,2025-W06
NQ,2025-02-04,2025-02-04 14:30:00+00:00,2025-02-04 16:29:00+00:00,21421.25,21685.5,21405.25,21683.75,164773,3557015622.9166665,120,21587.369428951748,2025-02-04 16:30:00+00:00,2025-02-04 18:59:00+00:00,21683.5,21694.0,21550.0,21622.0,105261,2275598325.75,150,21618.627276484167,primary_2023_2025,280.25,185.375,1.5118004045853,exhaustion,1_5_to_2_0,144.0,0.5138269402319358,False,0.4270833333333333,-0.4270833333333333,1,-1,True,True,0.5,True,True,2025,2025-02,2025-W06
NQ,2025-02-05,2025-02-05 14:30:00+00:00,2025-02-05 16:29:00+00:00,21551.0,21633.25,21501.0,21621.0,172713,3724273802.1666665,120,21563.36698550003,2025-02-05 16:30:00+00:00,2025-02-05 18:59:00+00:00,21621.75,21742.5,21613.5,21710.5,108825,2361046448.5,150,21695.809313117392,primary_2023_2025,132.25,196.75,0.6721728081321474,standard,le_0_7,129.0,0.9754253308128544,False,0.687984496124031,0.687984496124031,1,1,False,True,0.751937984496124,False,False,2025,2025-02,2025-W06
NQ,2025-02-06,2025-02-06 14:30:00+00:00,2025-02-06 16:29:00+00:00,21777.0,21848.75,21738.25,21800.5,154458,3365622789.3333335,120,21789.889739173974,2025-02-06 16:30:00+00:00,2025-02-06 18:59:00+00:00,21800.75,21841.75,21748.0,21816.5,78197,1704690338.25,150,21799.945499827358,primary_2023_2025,110.5,185.375,0.5960890087660148,standard,le_0_7,93.75,0.8484162895927602,False,0.168,0.168,1,1,False,False,0.7306666666666667,True,True,2025,2025-02,2025-W06
NQ,2025-02-07,2025-02-07 14:30:00+00:00,2025-02-07 16:29:00+00:00,21886.0,21968.0,21613.0,21656.0,249904,5442066315.5,120,21776.627486954992,2025-02-07 16:30:00+00:00,2025-02-07 18:59:00+00:00,21657.0,21730.75,21585.0,21624.25,150123,3250724682.0833335,150,21653.741812269494,primary_2023_2025,355.0,185.375,1.9150370869858395,exhaustion,1_5_to_2_0,145.75,0.41056338028169015,True,0.22469982847341338,-0.22469982847341338,-1,-1,False,True,0.2692967409948542,False,False,2025,2025-02,2025-W06
NQ,2025-02-10,2025-02-10 14:30:00+00:00,2025-02-10 16:29:00+00:00,21764.25,21894.0,21744.0,21855.25,142964,3120592747.4166665,120,21827.822021044925,2025-02-10 16:30:00+00:00,2025-02-10 18:59:00+00:00,21855.25,21886.25,21817.25,21878.75,70193,1533869676.5833333,150,21852.174384672733,primary_2023_2025,150.0,185.375,0.8091706001348618,standard,0_7_to_1_0,69.0,0.46,True,0.34057971014492755,0.34057971014492755,1,1,False,False,0.8913043478260869,True,True,2025,2025-02,2025-W07
NQ,2025-02-11,2025-02-11 14:30:00+00:00,2025-02-11 16:29:00+00:00,21706.0,21871.5,21700.75,21823.0,134127,2924943290.9166665,120,21807.266925500953,2025-02-11 16:30:00+00:00,2025-02-11 18:59:00+00:00,21823.25,21842.5,21715.75,21801.5,113049,2462397561.0,150,21781.68370352679,primary_2023_2025,170.75,182.5,0.9356164383561644,standard,0_7_to_1_0,126.75,0.7423133235724744,False,0.17159763313609466,-0.17159763313609466,1,-1,True,False,0.6765285996055227,True,True,2025,2025-02,2025-W07
NQ,2025-02-12,2025-02-12 14:30:00+00:00,2025-02-12 16:29:00+00:00,21551.0,21773.25,21536.25,21664.25,206124,4465101743.083333,120,21662.211790394776,2025-02-12 16:30:00+00:00,2025-02-12 18:59:00+00:00,21664.0,21826.75,21662.25,21792.5,110787,2412354126.8333335,150,21774.7039529307,primary_2023_2025,237.0,171.625,1.3809176984705025,standard,1_3_to_1_5,164.5,0.6940928270042194,False,0.7811550151975684,0.7811550151975684,1,1,False,True,0.7917933130699089,False,False,2025,2025-02,2025-W07
NQ,2025-02-13,2025-02-13 14:30:00+00:00,2025-02-13 16:29:00+00:00,21870.0,22057.75,21834.75,22002.5,188408,4135806393.6666665,120,21951.33112005152,2025-02-13 16:30:00+00:00,2025-02-13 18:59:00+00:00,22003.0,22013.75,21890.5,21996.0,120509,2646987788.25,150,21965.06309279805,primary_2023_2025,223.0,171.625,1.2993445010924982,standard,1_0_to_1_3,123.25,0.5526905829596412,False,0.056795131845841784,-0.056795131845841784,1,-1,True,False,0.8559837728194726,True,True,2025,2025-02,2025-W07
NQ,2025-02-14,2025-02-14 14:30:00+00:00,2025-02-14 16:29:00+00:00,22108.0,22171.75,22090.0,22139.0,152182,3367802143.0,120,22130.09516894245,2025-02-14 16:30:00+00:00,2025-02-14 18:59:00+00:00,22139.25,22198.75,22092.0,22185.5,92476,2047768883.1666667,150,22143.78739528815,primary_2023_2025,81.75,182.5,0.44794520547945205,standard,le_0_7,106.75,1.305810397553517,False,0.4332552693208431,0.4332552693208431,1,1,False,True,0.8758782201405152,True,True,2025,2025-02,2025-W07
NQ,2025-02-17,2025-02-17 14:30:00+00:00,2025-02-17 16:29:00+00:00,22241.25,22250.5,22192.5,22247.25,26905,597836642.6666666,120,22220.280344421728,2025-02-17 16:30:00+00:00,2025-02-17 17:59:00+00:00,22247.25,22251.75,22222.5,22235.25,14347,319028045.0,90,22236.568272112636,primary_2023_2025,58.0,181.625,0.3193392980041294,standard,le_0_7,29.25,0.5043103448275862,False,0.41025641025641024,-0.41025641025641024,1,-1,True,True,0.4358974358974359,False,False,2025,2025-02,2025-W08
NQ,2025-02-18,2025-02-18 14:30:00+00:00,2025-02-18 16:29:00+00:00,22257.75,22268.0,22125.0,22204.25,171814,3812964253.25,120,22192.39557457483,2025-02-18 16:30:00+00:00,2025-02-18 18:59:00+00:00,22204.75,22215.75,22138.5,22158.75,94067,2086388260.8333333,150,22179.810782031247,primary_2023_2025,143.0,181.625,0.7873365450791466,standard,0_7_to_1_0,77.25,0.5402097902097902,False,0.5954692556634305,-0.5954692556634305,-1,-1,False,False,0.2621359223300971,True,True,2025,2025-02,2025-W08
NQ,2025-02-19,2025-02-19 14:30:00+00:00,2025-02-19 16:29:00+00:00,22207.25,22224.25,22118.0,22218.0,172564,3826793457.6666665,120,22176.082251609063,2025-02-19 16:30:00+00:00,2025-02-19 18:59:00+00:00,22218.0,22264.25,22195.0,22232.5,96157,2137876281.0,150,22233.184073962373,primary_2023_2025,106.25,160.875,0.6604506604506605,standard,le_0_7,69.25,0.6517647058823529,False,0.20938628158844766,0.20938628158844766,1,1,False,True,0.5415162454873647,False,False,2025,2025-02,2025-W08
NQ,2025-02-20,2025-02-20 14:30:00+00:00,2025-02-20 16:29:00+00:00,22209.5,22225.5,21951.0,22059.25,246324,5436727811.166667,120,22071.4498431605,2025-02-20 16:30:00+00:00,2025-02-20 18:59:00+00:00,22059.25,22098.0,22016.0,22067.5,103746,2288346737.3333335,150,22057.204493024634,primary_2023_2025,274.5,160.5,1.7102803738317758,exhaustion,1_5_to_2_0,82.0,0.2987249544626594,True,0.10060975609756098,0.10060975609756098,-1,1,True,False,0.6280487804878049,True,True,2025,2025-02,2025-W08
NQ,2025-02-21,2025-02-21 14:30:00+00:00,2025-02-21 16:29:00+00:00,22186.25,22188.0,21940.75,21992.75,219311,4837174902.583333,120,22056.234765166057,2025-02-21 16:30:00+00:00,2025-02-21 18:59:00+00:00,21992.5,22022.75,21759.75,21771.75,199966,4373824217.833333,150,21872.839471876883,primary_2023_2025,247.25,185.875,1.3301950235373234,standard,1_3_to_1_5,263.0,1.063700707785642,False,0.8393536121673004,-0.8393536121673004,-1,-1,False,True,0.045627376425855515,False,False,2025,2025-02,2025-W08
NQ,2025-02-24,2025-02-24 14:30:00+00:00,2025-02-24 16:29:00+00:00,21752.5,21801.75,21436.25,21593.0,261924,5649773429.333333,120,21570.277749779834,2025-02-24 16:30:00+00:00,2025-02-24 18:59:00+00:00,21593.0,21660.5,21553.25,21608.75,140652,3040300951.25,150,21615.767648167108,primary_2023_2025,365.5,212.0,1.724056603773585,exhaustion,1_5_to_2_0,107.25,0.29343365253077974,True,0.14685314685314685,0.14685314685314685,-1,1,True,False,0.5174825174825175,True,True,2025,2025-02,2025-W09
NQ,2025-02-25,2025-02-25 14:30:00+00:00,2025-02-25 16:29:00+00:00,21391.0,21397.5,21028.25,21038.5,294282,6230118558.083333,120,21170.572981301382,2025-02-25 16:30:00+00:00,2025-02-25 18:59:00+00:00,21039.5,21281.25,20990.0,21199.5,175585,3716588132.3333335,150,21166.88858577517,primary_2023_2025,369.25,212.0,1.741745283018868,exhaustion,1_5_to_2_0,291.25,0.7887610020311442,False,0.5493562231759657,0.5493562231759657,-1,1,True,True,0.7193133047210301,True,True,2025,2025-02,2025-W09
NQ,2025-02-26,2025-02-26 14:30:00+00:00,2025-02-26 16:29:00+00:00,21238.75,21404.25,21189.0,21365.5,195550,4166151188.25,120,21304.78746228586,2025-02-26 16:30:00+00:00,2025-02-26 18:59:00+00:00,21365.75,21409.25,21083.0,21102.0,179013,3808886141.5833335,150,21277.148260647737,primary_2023_2025,215.25,212.0,1.0153301886792452,standard,1_0_to_1_3,326.25,1.5156794425087108,False,0.8084291187739464,-0.8084291187739464,1,-1,True,True,0.05823754789272031,True,True,2025,2025-02,2025-W09
NQ,2025-02-27,2025-02-27 14:30:00+00:00,2025-02-27 16:29:00+00:00,21340.75,21381.0,20896.25,21065.0,301898,6371962186.083333,120,21106.34116848516,2025-02-27 16:30:00+00:00,2025-02-27 18:59:00+00:00,21065.5,21117.5,20956.5,21052.25,148292,3121260931.5,150,21048.073608151484,primary_2023_2025,484.75,219.125,2.2122076440387906,exhaustion,gt_2_0,161.0,0.33212996389891697,True,0.08229813664596274,-0.08229813664596274,-1,-1,False,False,0.59472049689441,True,True,2025,2025-02,2025-W09
NQ,2025-02-28,2025-02-28 14:30:00+00:00,2025-02-28 16:29:00+00:00,20590.25,20778.0,20460.5,20638.5,262977,5428624937.666667,120,20642.96473709361,2025-02-28 16:30:00+00:00,2025-02-28 18:59:00+00:00,20639.0,20749.0,20484.25,20542.25,203471,4196128723.25,150,20622.736032407567,primary_2023_2025,317.5,219.125,1.4489446662863663,standard,1_3_to_1_5,264.75,0.8338582677165355,False,0.3654390934844193,-0.3654390934844193,1,-1,True,False,0.2190745986779981,True,True,2025,2025-02,2025-W09
NQ,2025-03-03,2025-03-03 14:30:00+00:00,2025-03-03 16:29:00+00:00,21055.5,21121.0,20760.0,20886.0,258135,5400787868.583333,120,20922.338577036564,2025-03-03 16:30:00+00:00,2025-03-03 18:59:00+00:00,20887.0,20964.5,20653.25,20747.75,176838,3679897576.3333335,150,20809.42770407567,primary_2023_2025,361.0,230.0,1.5695652173913044,exhaustion,1_5_to_2_0,311.25,0.8621883656509696,False,0.44738955823293175,-0.44738955823293175,-1,-1,False,True,0.3036144578313253,True,True,2025,2025-03,2025-W10
NQ,2025-03-04,2025-03-04 14:30:00+00:00,2025-03-04 16:29:00+00:00,20342.5,20430.0,20075.25,20142.25,295672,5980808185.083333,120,20227.84769975964,2025-03-04 16:30:00+00:00,2025-03-04 18:59:00+00:00,20142.5,20523.0,20139.25,20500.5,210799,4290545134.6666665,150,20353.726225772734,primary_2023_2025,354.75,230.0,1.5423913043478261,exhaustion,1_5_to_2_0,383.75,1.0817477096546864,False,0.9328990228013029,0.9328990228013029,-1,1,True,True,0.9413680781758957,True,True,2025,2025-03,2025-W10
NQ,2025-03-05,2025-03-05 14:30:00+00:00,2025-03-05 16:29:00+00:00,20421.25,20497.0,20251.5,20300.25,246476,5021854647.583333,120,20374.61922289932,2025-03-05 16:30:00+00:00,2025-03-05 18:59:00+00:00,20300.25,20597.0,20215.0,20590.5,206501,4219113965.1666665,150,20431.44568387885,primary_2023_2025,245.5,230.0,1.067391304347826,standard,1_0_to_1_3,382.0,1.5560081466395113,False,0.7598167539267016,0.7598167539267016,-1,1,True,True,0.9829842931937173,True,True,2025,2025-03,2025-W10
NQ,2025-03-06,2025-03-06 14:30:00+00:00,2025-03-06 16:29:00+00:00,20310.75,20513.25,20228.25,20408.0,213401,4348447227.333333,120,20376.88308552131,2025-03-06 16:30:00+00:00,2025-03-06 18:59:00+00:00,20407.0,20477.5,20040.0,20119.0,203213,4104727422.1666665,150,20199.137959513744,primary_2023_2025,285.0,241.25,1.1813471502590673,standard,1_0_to_1_3,437.5,1.5350877192982457,False,0.6582857142857143,-0.6582857142857143,1,-1,True,True,0.18057142857142858,True,True,2025,2025-03,2025-W10
NQ,2025-03-07,2025-03-07 14:30:00+00:00,2025-03-07 16:29:00+00:00,20036.5,20242.0,19857.0,19872.25,222782,4467136980.166667,120,20051.60641419265,2025-03-07 16:30:00+00:00,2025-03-07 18:59:00+00:00,19873.25,20176.75,19765.5,20169.25,224931,4489211307.25,150,19958.17076014422,primary_2023_2025,385.0,246.375,1.5626585489599187,exhaustion,1_5_to_2_0,411.25,1.0681818181818181,False,0.7197568389057751,0.7197568389057751,-1,1,True,True,0.9817629179331308,True,True,2025,2025-03,2025-W10
NQ,2025-03-10,2025-03-10 13:30:00+00:00,2025-03-10 15:29:00+00:00,19881.0,19904.5,19521.0,19632.25,223997,4412475516.75,120,19698.81523748086,2025-03-10 15:30:00+00:00,2025-03-10 17:59:00+00:00,19633.5,19703.0,19422.0,19441.75,174538,3412601967.6666665,150,19552.200481652515,primary_2023_2025,383.5,246.375,1.556570268899036,exhaustion,1_5_to_2_0,281.0,0.7327249022164276,False,0.6823843416370107,-0.6823843416370107,-1,-1,False,True,0.07028469750889679,True,True,2025,2025-03,2025-W11
NQ,2025-03-11,2025-03-11 13:30:00+00:00,2025-03-11 15:29:00+00:00,19420.5,19614.0,19264.5,19430.75,249923,4857671079.166667,120,19436.67081127654,2025-03-11 15:30:00+00:00,2025-03-11 17:59:00+00:00,19428.25,19544.25,19201.0,19325.0,177923,3444538913.0833335,150,19359.7169173369,primary_2023_2025,349.5,260.875,1.3397220891231432,standard,1_3_to_1_5,343.25,0.9821173104434907,False,0.3008011653313911,-0.3008011653313911,1,-1,True,True,0.36125273124544793,True,True,2025,2025-03,2025-W11
NQ,2025-03-12,2025-03-12 13:30:00+00:00,2025-03-12 15:29:00+00:00,19696.5,19777.75,19395.25,19524.25,228486,4478707955.916667,120,19601.673432580847,2025-03-12 15:30:00+00:00,2025-03-12 17:59:00+00:00,19524.25,19727.75,19510.0,19539.5,171409,3366865499.5,150,19642.291242000127,primary_2023_2025,382.5,279.75,1.3672922252010724,standard,1_3_to_1_5,217.75,0.569281045751634,False,0.07003444316877153,0.07003444316877153,-1,1,True,False,0.1354764638346728,True,True,2025,2025-03,2025-W11
NQ,2025-03-13,2025-03-13 13:30:00+00:00,2025-03-13 15:29:00+00:00,19574.0,19577.0,19324.5,19355.25,232831,4529468050.5,120,19453.88737109749,2025-03-13 15:30:00+00:00,2025-03-13 17:59:00+00:00,19354.5,19393.0,19170.0,19191.0,164650,3174975991.9166665,150,19283.18245925701,primary_2023_2025,252.5,301.25,0.8381742738589212,standard,0_7_to_1_0,223.0,0.8831683168316832,False,0.7331838565022422,-0.7331838565022422,-1,-1,False,True,0.09417040358744394,False,False,2025,2025-03,2025-W11
NQ,2025-03-14,2025-03-14 13:30:00+00:00,2025-03-14 15:29:00+00:00,19465.0,19666.5,19436.75,19645.0,245516,4800069934.916667,120,19550.945498120967,2025-03-14 15:30:00+00:00,2025-03-14 17:59:00+00:00,19645.25,19707.75,19604.5,19629.75,138522,2723653658.0,150,19662.246126969003,primary_2023_2025,229.75,301.25,0.762655601659751,standard,0_7_to_1_0,103.25,0.44940152339499456,True,0.15012106537530268,-0.15012106537530268,1,-1,True,True,0.24455205811138014,False,False,2025,2025-03,2025-W11
NQ,2025-03-17,2025-03-17 13:30:00+00:00,2025-03-17 15:29:00+00:00,19702.75,19847.75,19654.25,19681.0,124631,2461614385.4166665,120,19751.220686800767,2025-03-17 15:30:00+00:00,2025-03-17 17:59:00+00:00,19682.0,19833.5,19628.75,19816.0,78930,1556452775.6666667,150,19719.406761265258,primary_2023_2025,193.5,301.25,0.6423236514522822,standard,le_0_7,204.75,1.058139534883721,False,0.6544566544566545,0.6544566544566545,-1,1,True,True,0.9145299145299145,True,True,2025,2025-03,2025-W12
NQ,2025-03-18,2025-03-18 13:30:00+00:00,2025-03-18 15:29:00+00:00,19898.0,19900.25,19604.25,19670.5,164175,3235516937.5833335,120,19707.732222222225,2025-03-18 15:30:00+00:00,2025-03-18 17:59:00+00:00,19671.0,19753.5,19628.0,19711.0,103975,2048471698.5833333,150,19701.579212150355,primary_2023_2025,296.0,301.25,0.9825726141078838,standard,0_7_to_1_0,125.5,0.4239864864864865,True,0.3187250996015936,0.3187250996015936,-1,1,True,False,0.6613545816733067,True,True,2025,2025-03,2025-W12
NQ,2025-03-19,2025-03-19 13:30:00+00:00,2025-03-19 15:29:00+00:00,19789.0,19900.75,19706.25,19875.0,129785,2572941972.75,120,19824.648247100973,2025-03-19 15:30:00+00:00,2025-03-19 17:59:00+00:00,19875.0,19937.5,19785.5,19809.25,83785,1664646760.8333333,150,19868.076157227824,primary_2023_2025,194.5,306.75,0.6340668296658517,standard,le_0_7,152.0,0.781491002570694,False,0.43256578947368424,-0.43256578947368424,1,-1,True,True,0.15625,True,True,2025,2025-03,2025-W12
NQ,2025-03-20,2025-03-20 13:30:00+00:00,2025-03-20 15:29:00+00:00,19786.5,20105.0,19756.0,20031.75,170686,3411400813.1666665,120,19986.41255385132,2025-03-20 15:30:00+00:00,2025-03-20 17:59:00+00:00,20030.75,20055.75,19826.0,19848.5,149364,2976598856.5,150,19928.48917075065,primary_2023_2025,349.0,306.75,1.1377343113284433,standard,1_0_to_1_3,229.75,0.6583094555873925,False,0.7932535364526659,-0.7932535364526659,1,-1,True,False,0.09793253536452666,True,True,2025,2025-03,2025-W12
NQ,2025-03-21,2025-03-21 13:30:00+00:00,2025-03-21 15:29:00+00:00,19657.25,19812.0,19607.5,19716.0,179787,3544858800.75,120,19716.991777770363,2025-03-21 15:30:00+00:00,2025-03-21 17:59:00+00:00,19716.5,19900.0,19679.25,19857.5,157631,3122192803.5833335,150,19806.97200159444,primary_2023_2025,204.5,333.25,0.6136534133533383,standard,le_0_7,220.75,1.0794621026894866,False,0.638731596828992,0.638731596828992,1,1,False,True,0.8074745186862967,True,True,2025,2025-03,2025-W12
NQ,2025-03-24,2025-03-24 13:30:00+00:00,2025-03-24 15:29:00+00:00,20256.25,20370.25,20229.25,20355.75,162148,3293717651.9166665,120,20313.03285835574,2025-03-24 15:30:00+00:00,2025-03-24 17:59:00+00:00,20356.0,20380.75,20309.0,20342.5,108561,2208588930.0,150,20344.220576450105,primary_2023_2025,141.0,333.25,0.423105776444111,standard,le_0_7,71.75,0.5088652482269503,False,0.18815331010452963,-0.18815331010452963,1,-1,True,True,0.46689895470383275,True,True,2025,2025-03,2025-W13
NQ,2025-03-25,2025-03-25 13:30:00+00:00,2025-03-25 15:29:00+00:00,20401.25,20495.25,20361.75,20475.25,147217,3007575277.0833335,120,20429.53787323022,2025-03-25 15:30:00+00:00,2025-03-25 17:59:00+00:00,20475.5,20480.0,20402.0,20414.25,109329,2234874556.9166665,150,20441.736016214058,primary_2023_2025,133.5,306.75,0.4352078239608802,standard,le_0_7,78.0,0.5842696629213483,False,0.7852564102564102,-0.7852564102564102,1,-1,True,False,0.15705128205128205,True,True,2025,2025-03,2025-W13
NQ,2025-03-26,2025-03-26 13:30:00+00:00,2025-03-26 15:29:00+00:00,20439.0,20475.0,20227.0,20272.5,203149,4130791441.0833335,120,20333.80150078678,2025-03-26 15:30:00+00:00,2025-03-26 17:59:00+00:00,20273.0,20296.75,20076.5,20083.75,170341,3435382083.9166665,150,20167.675920164063,primary_2023_2025,248.0,290.5,0.8537005163511188,standard,0_7_to_1_0,220.25,0.8881048387096774,False,0.8592508513053349,-0.8592508513053349,-1,-1,False,True,0.032917139614074914,False,False,2025,2025-03,2025-W13
NQ,2025-03-27,2025-03-27 13:30:00+00:00,2025-03-27 15:29:00+00:00,20028.5,20199.5,19937.25,20133.75,206875,4152622194.5,120,20073.098221148037,2025-03-27 15:30:00+00:00,2025-03-27 17:59:00+00:00,20133.75,20155.75,20001.0,20015.0,147284,2955507006.3333335,150,20066.721479137814,primary_2023_2025,262.25,290.5,0.9027538726333907,standard,0_7_to_1_0,154.75,0.5900857959961868,False,0.7673667205169629,-0.7673667205169629,1,-1,True,False,0.09046849757673667,True,True,2025,2025-03,2025-W13
NQ,2025-03-28,2025-03-28 13:30:00+00:00,2025-03-28 15:29:00+00:00,19911.0,19941.5,19555.0,19600.75,246099,4852406852.083333,120,19717.29609662507,2025-03-28 15:30:00+00:00,2025-03-28 17:59:00+00:00,19600.75,19632.0,19439.0,19482.75,158356,3090573837.5833335,150,19516.619752856433,primary_2023_2025,386.5,273.625,1.412517131110096,standard,1_3_to_1_5,193.0,0.49935316946959896,True,0.6113989637305699,-0.6113989637305699,-1,-1,False,True,0.2266839378238342,False,False,2025,2025-03,2025-W13
NQ,2025-03-31,2025-03-31 13:30:00+00:00,2025-03-31 15:29:00+00:00,19166.5,19233.25,18976.75,19186.75,255899,4890261052.25,120,19110.121775583335,2025-03-31 15:30:00+00:00,2025-03-31 17:59:00+00:00,19186.75,19307.75,19163.0,19222.75,161196,3101139146.3333335,150,19238.31327286864,primary_2023_2025,256.5,273.625,0.9374143444495203,standard,0_7_to_1_0,144.75,0.564327485380117,False,0.24870466321243523,0.24870466321243523,1,1,False,True,0.41278065630397237,False,False,2025,2025-03,2025-W14
NQ,2025-04-01,2025-04-01 13:30:00+00:00,2025-04-01 15:29:00+00:00,19380.5,19604.25,19261.25,19565.0,265993,5165472598.25,120,19419.58095983729,2025-04-01 15:30:00+00:00,2025-04-01 17:59:00+00:00,19565.5,19644.0,19496.5,19505.5,185592,3630590451.25,150,19562.214164673045,primary_2023_2025,343.0,259.375,1.3224096385542168,standard,1_3_to_1_5,147.5,0.43002915451895046,True,0.4067796610169492,-0.4067796610169492,1,-1,True,True,0.061016949152542375,False,False,2025,2025-04,2025-W14
NQ,2025-04-02,2025-04-02 13:30:00+00:00,2025-04-02 15:29:00+00:00,19328.0,19714.0,19316.5,19695.5,237667,4648431780.916667,120,19558.591562634556,2025-04-02 15:30:00+00:00,2025-04-02 17:59:00+00:00,19695.25,19890.25,19611.5,19744.5,199253,3937358353.4166665,150,19760.59759911603,primary_2023_2025,397.5,259.375,1.5325301204819277,exhaustion,1_5_to_2_0,278.75,0.7012578616352201,False,0.17668161434977578,0.17668161434977578,1,1,False,True,0.47713004484304933,False,False,2025,2025-04,2025-W14
NQ,2025-04-03,2025-04-03 13:30:00+00:00,2025-04-03 15:29:00+00:00,18924.25,19074.25,18720.0,18821.0,270361,5110574929.083333,120,18902.781573833996,2025-04-03 15:30:00+00:00,2025-04-03 17:59:00+00:00,18821.25,18987.75,18812.0,18814.0,174289,3292929722.6666665,150,18893.50287549224,primary_2023_2025,354.25,273.625,1.2946550936500685,standard,1_0_to_1_3,175.75,0.49611856033874385,True,0.041251778093883355,-0.041251778093883355,-1,-1,False,False,0.011379800853485065,True,True,2025,2025-04,2025-W14
NQ,2025-04-04,2025-04-04 13:30:00+00:00,2025-04-04 15:29:00+00:00,18154.5,18248.75,17656.0,17939.25,337363,6075980396.833333,120,18010.215692987473,2025-04-04 15:30:00+00:00,2025-04-04 17:59:00+00:00,17941.5,18020.0,17619.75,17866.75,248559,4429003818.5,150,17818.722389855124,primary_2023_2025,592.75,279.125,2.123600537393641,exhaustion,gt_2_0,400.25,0.6752425137072965,False,0.1867582760774516,-0.1867582760774516,-1,-1,False,True,0.6171143035602749,True,True,2025,2025-04,2025-W14
NQ,2025-04-07,2025-04-07 13:30:00+00:00,2025-04-07 15:29:00+00:00,16925.0,18361.5,16673.5,17198.5,436240,7586217436.75,120,17390.008795044014,2025-04-07 15:30:00+00:00,2025-04-07 17:59:00+00:00,17196.25,17792.0,17196.25,17781.5,154399,2693368212.8333335,150,17444.207623322258,primary_2023_2025,1688.0,279.125,6.047469771607703,exhaustion,gt_2_0,595.75,0.3529324644549763,True,0.9823751573646664,0.9823751573646664,1,1,False,False,0.9823751573646664,True,True,2025,2025-04,2025-W15
NQ,2025-04-08,2025-04-08 13:30:00+00:00,2025-04-08 15:29:00+00:00,18150.5,18357.25,17979.75,17983.5,241871,4399400585.166667,120,18189.037070035956,2025-04-08 15:30:00+00:00,2025-04-08 17:59:00+00:00,17984.25,18135.0,17488.25,17671.25,266785,4741180869.25,150,17771.542137863824,primary_2023_2025,377.5,279.125,1.3524406627854904,standard,1_3_to_1_5,646.75,1.7132450331125828,False,0.4839582528024739,-0.4839582528024739,-1,-1,False,True,0.2829532276768458,False,False,2025,2025-04,2025-W15
NQ,2025-04-09,2025-04-09 13:30:00+00:00,2025-04-09 15:29:00+00:00,17208.5,17597.5,17202.25,17398.75,212338,3694775936.6666665,120,17400.446159739033,2025-04-09 15:30:00+00:00,2025-04-09 17:59:00+00:00,17398.75,18899.25,17265.25,18878.25,254784,4597754819.666667,150,18045.69682423805,primary_2023_2025,395.25,279.125,1.4160322436184505,standard,1_3_to_1_5,1634.0,4.1340923466160655,False,0.9054467564259486,0.9054467564259486,1,1,False,True,0.9871481028151775,True,True,2025,2025-04,2025-W15
NQ,2025-04-10,2025-04-10 13:30:00+00:00,2025-04-10 15:29:00+00:00,18790.75,18871.5,18466.5,18467.25,214028,3999594668.5833335,120,18687.24965230406,2025-04-10 15:30:00+00:00,2025-04-10 17:59:00+00:00,18468.25,18515.75,17919.0,18460.25,287669,5251061639.0,150,18253.832143887594,primary_2023_2025,405.0,279.125,1.4509628302731752,standard,1_3_to_1_5,596.75,1.4734567901234568,False,0.013405948889819858,-0.013405948889819858,-1,-1,False,True,0.9069962295768748,False,False,2025,2025-04,2025-W15
NQ,2025-04-11,2025-04-11 13:30:00+00:00,2025-04-11 15:29:00+00:00,18415.5,18647.75,18270.0,18416.5,192638,3555651688.4166665,120,18457.685858536046,2025-04-11 15:30:00+00:00,2025-04-11 17:59:00+00:00,18415.0,18873.5,18385.5,18821.75,146048,2726613894.5833335,150,18669.29978214925,primary_2023_2025,377.75,319.5,1.1823161189358373,standard,1_0_to_1_3,488.0,1.2918596955658503,False,0.8335040983606558,0.8335040983606558,1,1,False,True,0.8939549180327869,True,True,2025,2025-04,2025-W15
NQ,2025-04-14,2025-04-14 13:30:00+00:00,2025-04-14 15:29:00+00:00,19232.0,19254.75,18941.25,18945.5,162398,3101814655.6666665,120,19100.079161483925,2025-04-14 15:30:00+00:00,2025-04-14 17:59:00+00:00,18945.5,18992.25,18737.5,18941.0,150851,2845275831.6666665,150,18861.49797924221,primary_2023_2025,313.5,346.0,0.9060693641618497,standard,0_7_to_1_0,254.75,0.8125996810207337,False,0.017664376840039256,-0.017664376840039256,-1,-1,False,True,0.7988223748773308,False,False,2025,2025-04,2025-W16
NQ,2025-04-15,2025-04-15 13:30:00+00:00,2025-04-15 15:29:00+00:00,18986.75,19144.75,18924.5,19012.0,177863,3386522882.3333335,120,19040.063882501327,2025-04-15 15:30:00+00:00,2025-04-15 17:59:00+00:00,19012.25,19090.5,18908.0,18952.0,124718,2370034749.9166665,150,19003.149103711305,primary_2023_2025,220.25,346.0,0.6365606936416185,standard,le_0_7,182.5,0.8286038592508513,False,0.33013698630136984,-0.33013698630136984,1,-1,True,True,0.2410958904109589,True,True,2025,2025-04,2025-W16
NQ,2025-04-16,2025-04-16 13:30:00+00:00,2025-04-16 15:29:00+00:00,18584.25,18735.0,18509.25,18708.75,161163,3000035504.25,120,18614.91474004579,2025-04-16 15:30:00+00:00,2025-04-16 17:59:00+00:00,18709.25,18713.5,18288.0,18293.0,151967,2816480853.5833335,150,18533.503020940952,primary_2023_2025,225.75,346.0,0.6524566473988439,standard,le_0_7,425.5,1.884828349944629,False,0.9782608695652174,-0.9782608695652174,1,-1,True,True,0.011750881316098707,True,True,2025,2025-04,2025-W16
NQ,2025-04-17,2025-04-17 13:30:00+00:00,2025-04-17 15:29:00+00:00,18498.25,18509.5,18261.5,18338.75,188270,3462381606.25,120,18390.511532639295,2025-04-17 15:30:00+00:00,2025-04-17 17:59:00+00:00,18338.75,18487.5,18317.0,18453.0,162081,2983342718.0833335,150,18406.49254436568,primary_2023_2025,248.0,346.0,0.7167630057803468,standard,0_7_to_1_0,170.5,0.6875,False,0.6700879765395894,0.6700879765395894,-1,1,True,False,0.7976539589442815,True,True,2025,2025-04,2025-W16
NQ,2025-04-21,2025-04-21 13:30:00+00:00,2025-04-21 15:29:00+00:00,18129.25,18165.0,17857.0,17867.0,138080,2483723620.1666665,120,17987.56967096369,2025-04-21 15:30:00+00:00,2025-04-21 17:59:00+00:00,17867.75,17879.5,17703.0,17712.25,108339,1928105678.5,150,17796.967652461255,primary_2023_2025,308.0,328.25,0.9383092155369384,standard,0_7_to_1_0,176.5,0.573051948051948,False,0.8810198300283286,-0.8810198300283286,-1,-1,False,True,0.05240793201133145,False,False,2025,2025-04,2025-W17
NQ,2025-04-22,2025-04-22 13:30:00+00:00,2025-04-22 15:29:00+00:00,18152.25,18386.0,18100.5,18351.5,161027,2941089410.4166665,120,18264.573086604523,2025-04-22 15:30:00+00:00,2025-04-22 17:59:00+00:00,18351.75,18514.0,18211.25,18223.25,194033,3564665271.5,150,18371.4382166951,primary_2023_2025,285.5,328.25,0.8697638994668697,standard,0_7_to_1_0,302.75,1.0604203152364273,False,0.4244426094137077,-0.4244426094137077,1,-1,True,True,0.03963666391412056,True,True,2025,2025-04,2025-W17
NQ,2025-04-23,2025-04-23 13:30:00+00:00,2025-04-23 15:29:00+00:00,18949.0,19165.5,18881.0,18915.25,237473,4522048416.833333,120,19042.36867700047,2025-04-23 15:30:00+00:00,2025-04-23 17:59:00+00:00,18915.25,18966.25,18747.0,18925.75,169469,3198603056.0,150,18874.26642040727,primary_2023_2025,284.5,328.25,0.8667174409748667,standard,0_7_to_1_0,219.25,0.7706502636203867,False,0.04789053591790194,0.04789053591790194,-1,1,True,True,0.8152793614595211,False,False,2025,2025-04,2025-W17
NQ,2025-04-24,2025-04-24 13:30:00+00:00,2025-04-24 15:29:00+00:00,18875.25,19208.75,18846.5,19149.5,173662,3311642100.6666665,120,19069.4688571286,2025-04-24 15:30:00+00:00,2025-04-24 17:59:00+00:00,19149.0,19278.0,19122.75,19265.0,135484,2603381811.0833335,150,19215.418876644722,primary_2023_2025,362.25,328.25,1.1035795887281037,standard,1_0_to_1_3,155.25,0.42857142857142855,True,0.7471819645732689,0.7471819645732689,1,1,False,True,0.9162640901771336,False,False,2025,2025-04,2025-W17
NQ,2025-04-25,2025-04-25 13:30:00+00:00,2025-04-25 15:29:00+00:00,19302.0,19405.75,19233.75,19348.75,169063,3266649181.5833335,120,19322.08219174706,2025-04-25 15:30:00+00:00,2025-04-25 17:59:00+00:00,19349.0,19554.25,19309.25,19428.25,142290,2765280899.4166665,150,19434.119751329443,primary_2023_2025,172.0,348.625,0.49336679813553247,standard,le_0_7,245.0,1.4244186046511629,False,0.32346938775510203,0.32346938775510203,1,1,False,True,0.4857142857142857,True,True,2025,2025-04,2025-W17
NQ,2025-04-28,2025-04-28 13:30:00+00:00,2025-04-28 15:29:00+00:00,19548.25,19623.0,19311.75,19318.75,172802,3368234963.0833335,120,19491.874880402618,2025-04-28 15:30:00+00:00,2025-04-28 17:59:00+00:00,19319.5,19389.25,19257.25,19371.25,129331,2498711517.8333335,150,19320.28297804342,primary_2023_2025,311.25,348.625,0.8927931158121191,standard,0_7_to_1_0,132.0,0.42409638554216866,True,0.39204545454545453,0.39204545454545453,-1,1,True,True,0.8636363636363636,False,False,2025,2025-04,2025-W18
NQ,2025-04-29,2025-04-29 13:30:00+00:00,2025-04-29 15:29:00+00:00,19426.75,19615.25,19403.75,19553.75,173180,3381403595.5,120,19525.370109135005,2025-04-29 15:30:00+00:00,2025-04-29 17:59:00+00:00,19554.0,19667.5,19471.0,19656.0,139822,2734977008.25,150,19560.419735449355,primary_2023_2025,211.5,328.25,0.6443259710586443,standard,le_0_7,196.5,0.9290780141843972,False,0.5190839694656488,0.5190839694656488,1,1,False,True,0.9414758269720102,True,True,2025,2025-04,2025-W18
NQ,2025-04-30,2025-04-30 13:30:00+00:00,2025-04-30 15:29:00+00:00,19301.25,19439.0,19103.75,19413.0,218908,4217877548.25,120,19267.80907161913,2025-04-30 15:30:00+00:00,2025-04-30 17:59:00+00:00,19413.0,19509.0,19337.0,19478.25,147731,2870063448.25,150,19427.63162944812,primary_2023_2025,335.25,328.25,1.0213252094440213,standard,1_0_to_1_3,172.0,0.5130499627143923,False,0.3793604651162791,0.3793604651162791,1,1,False,True,0.8212209302325582,False,False,2025,2025-04,2025-W18
NQ,2025-05-01,2025-05-01 13:30:00+00:00,2025-05-01 15:29:00+00:00,19971.0,20125.75,19860.0,20078.0,182113,3639911338.75,120,19987.10327516432,2025-05-01 15:30:00+00:00,2025-05-01 17:59:00+00:00,20078.75,20083.75,19910.0,19982.0,137318,2744322616.3333335,150,19985.163025483427,primary_2023_2025,265.75,324.375,0.8192678227360308,standard,0_7_to_1_0,173.75,0.6538099717779868,False,0.5568345323741007,-0.5568345323741007,1,-1,True,False,0.4143884892086331,True,True,2025,2025-05,2025-W18
NQ,2025-05-02,2025-05-02 13:30:00+00:00,2025-05-02 15:29:00+00:00,20091.0,20195.0,20019.75,20141.5,147124,2960376531.3333335,120,20121.642501110175,2025-05-02 15:30:00+00:00,2025-05-02 17:59:00+00:00,20142.0,20266.0,20127.25,20226.0,110260,2229415107.5,150,20219.618243243243,primary_2023_2025,175.25,312.375,0.5610244097639056,standard,le_0_7,138.75,0.7917261055634808,False,0.6054054054054054,0.6054054054054054,1,1,False,True,0.7117117117117117,False,False,2025,2025-05,2025-W18
NQ,2025-05-05,2025-05-05 13:30:00+00:00,2025-05-05 15:29:00+00:00,20010.25,20124.0,19985.25,20097.5,131521,2638588773.5833335,120,20062.110032491644,2025-05-05 15:30:00+00:00,2025-05-05 17:59:00+00:00,20098.0,20156.25,20065.5,20143.75,71646,1441422484.0,150,20118.673533763224,primary_2023_2025,138.75,309.625,0.44812272910779166,standard,le_0_7,90.75,0.654054054054054,False,0.5041322314049587,0.5041322314049587,1,1,False,True,0.8622589531680441,False,False,2025,2025-05,2025-W19
NQ,2025-05-06,2025-05-06 13:30:00+00:00,2025-05-06 15:29:00+00:00,19795.5,19944.75,19739.0,19942.25,153746,3052475321.0,120,19854.01454997203,2025-05-06 15:30:00+00:00,2025-05-06 17:59:00+00:00,19941.75,20026.25,19837.5,19846.75,130530,2598836175.75,150,19909.876470926225,primary_2023_2025,205.75,296.75,0.6933445661331087,standard,le_0_7,188.75,0.9173754556500607,False,0.5033112582781457,-0.5033112582781457,1,-1,True,True,0.04900662251655629,True,True,2025,2025-05,2025-W19
NQ,2025-05-07,2025-05-07 13:30:00+00:00,2025-05-07 15:29:00+00:00,19899.5,19977.25,19789.0,19812.75,146789,2919429922.3333335,120,19888.61510285739,2025-05-07 15:30:00+00:00,2025-05-07 17:59:00+00:00,19813.25,19925.75,19787.0,19818.75,102896,2042673478.8333333,150,19851.825909980304,primary_2023_2025,188.25,285.0,0.6605263157894737,standard,le_0_7,138.75,0.7370517928286853,False,0.03963963963963964,0.03963963963963964,-1,1,True,True,0.22882882882882882,True,True,2025,2025-05,2025-W19
NQ,2025-05-08,2025-05-08 13:30:00+00:00,2025-05-08 15:29:00+00:00,20163.0,20206.5,19979.0,20173.5,163102,3276554316.1666665,120,20088.989197966097,2025-05-08 15:30:00+00:00,2025-05-08 17:59:00+00:00,20172.5,20337.25,20143.25,20250.75,140213,2843536460.75,150,20280.11996569505,primary_2023_2025,227.5,275.125,0.8268968650613358,standard,0_7_to_1_0,194.0,0.8527472527472527,False,0.40335051546391754,0.40335051546391754,1,1,False,True,0.5541237113402062,False,False,2025,2025-05,2025-W19
NQ,2025-05-09,2025-05-09 13:30:00+00:00,2025-05-09 15:29:00+00:00,20227.0,20279.75,20058.0,20133.75,150279,3032343732.6666665,120,20178.0936302921,2025-05-09 15:30:00+00:00,2025-05-09 17:59:00+00:00,20133.25,20174.75,20061.5,20156.0,104075,2093789761.5,150,20118.08562575066,primary_2023_2025,221.75,256.875,0.8632603406326034,standard,0_7_to_1_0,113.25,0.5107102593010147,False,0.20088300220750552,0.20088300220750552,-1,1,True,False,0.8344370860927153,False,False,2025,2025-05,2025-W19
NQ,2025-05-12,2025-05-12 13:30:00+00:00,2025-05-12 15:29:00+00:00,20919.0,20922.25,20690.0,20785.5,182678,3797931579.0833335,120,20790.306326341066,2025-05-12 15:30:00+00:00,2025-05-12 17:59:00+00:00,20785.0,20935.0,20756.75,20908.75,114626,2390191169.5833335,150,20852.085648834764,primary_2023_2025,232.25,237.75,0.9768664563617245,standard,0_7_to_1_0,178.25,0.767491926803014,False,0.6942496493688639,0.6942496493688639,-1,1,True,True,0.85273492286115,True,True,2025,2025-05,2025-W20
NQ,2025-05-13,2025-05-13 13:30:00+00:00,2025-05-13 15:29:00+00:00,21004.5,21292.75,20972.75,21278.75,176562,3737109114.6666665,120,21165.987668165668,2025-05-13 15:30:00+00:00,2025-05-13 17:59:00+00:00,21278.5,21346.5,21252.5,21295.75,113100,2409425508.9166665,150,21303.496984232243,primary_2023_2025,320.0,229.875,1.3920609026644917,standard,1_3_to_1_5,94.0,0.29375,True,0.18351063829787234,0.18351063829787234,1,1,False,True,0.4601063829787234,False,False,2025,2025-05,2025-W20
NQ,2025-05-14,2025-05-14 13:30:00+00:00,2025-05-14 15:29:00+00:00,21314.75,21405.25,21273.75,21373.5,164300,3505490147.8333335,120,21335.910820653276,2025-05-14 15:30:00+00:00,2025-05-14 17:59:00+00:00,21373.75,21419.5,21281.5,21365.25,101382,2165469668.9166665,150,21359.50828467249,primary_2023_2025,131.5,229.875,0.5720500271886895,standard,le_0_7,138.0,1.049429657794677,False,0.06159420289855073,-0.06159420289855073,1,-1,True,True,0.6068840579710145,True,True,2025,2025-05,2025-W20
NQ,2025-05-15,2025-05-15 13:30:00+00:00,2025-05-15 15:29:00+00:00,21302.5,21424.75,21247.75,21406.25,156480,3336052430.9166665,120,21319.353469559475,2025-05-15 15:30:00+00:00,2025-05-15 17:59:00+00:00,21407.0,21529.75,21387.5,21475.5,106094,2277125500.5833335,150,21463.282566246286,primary_2023_2025,177.0,229.875,0.7699836867862969,standard,0_7_to_1_0,142.25,0.8036723163841808,False,0.48154657293497366,0.48154657293497366,1,1,False,True,0.6186291739894552,False,False,2025,2025-05,2025-W20
NQ,2025-05-16,2025-05-16 13:30:00+00:00,2025-05-16 15:29:00+00:00,21467.5,21470.0,21320.25,21398.75,136907,2930938865.9166665,120,21408.24695535412,2025-05-16 15:30:00+00:00,2025-05-16 17:59:00+00:00,21399.25,21478.0,21398.75,21445.0,80755,1731146069.75,150,21437.0140517615,primary_2023_2025,149.75,229.875,0.6514410005437737,standard,le_0_7,79.25,0.5292153589315526,False,0.5772870662460567,0.5772870662460567,-1,1,True,True,0.583596214511041,True,True,2025,2025-05,2025-W20
NQ,2025-05-19,2025-05-19 13:30:00+00:00,2025-05-19 15:29:00+00:00,21203.25,21462.5,21202.25,21404.25,146169,3123517894.9166665,120,21369.222577404693,2025-05-19 15:30:00+00:00,2025-05-19 17:59:00+00:00,21404.75,21544.5,21399.0,21499.25,100913,2167856583.5833335,150,21482.431238624693,primary_2023_2025,260.25,224.625,1.1585976627712855,standard,1_0_to_1_3,145.5,0.5590778097982709,False,0.6494845360824743,0.6494845360824743,1,1,False,True,0.6890034364261168,False,False,2025,2025-05,2025-W21
NQ,2025-05-20,2025-05-20 13:30:00+00:00,2025-05-20 15:29:00+00:00,21413.0,21451.0,21354.75,21422.25,126611,2710603271.6666665,120,21408.90816490405,2025-05-20 15:30:00+00:00,2025-05-20 17:59:00+00:00,21422.0,21474.25,21390.0,21431.5,81667,1750597670.5833333,150,21435.80235080673,primary_2023_2025,96.25,224.625,0.4284919309961046,standard,le_0_7,84.25,0.8753246753246753,False,0.11275964391691394,0.11275964391691394,1,1,False,True,0.49258160237388726,True,True,2025,2025-05,2025-W21
NQ,2025-05-21,2025-05-21 13:30:00+00:00,2025-05-21 15:29:00+00:00,21278.75,21535.0,21277.0,21519.25,150900,3230618224.8333335,120,21409.00082725867,2025-05-21 15:30:00+00:00,2025-05-21 17:59:00+00:00,21518.75,21558.5,21159.5,21271.25,180333,3855073504.5,150,21377.52660078854,primary_2023_2025,258.0,216.625,1.1909982688978649,standard,1_0_to_1_3,399.0,1.5465116279069768,False,0.6203007518796992,-0.6203007518796992,1,-1,True,True,0.2800751879699248,True,True,2025,2025-05,2025-W21
NQ,2025-05-22,2025-05-22 13:30:00+00:00,2025-05-22 15:29:00+00:00,21171.25,21330.5,21113.75,21206.5,167719,3560531310.75,120,21229.147030151624,2025-05-22 15:30:00+00:00,2025-05-22 17:59:00+00:00,21206.75,21324.5,21196.25,21292.5,109953,2337285929.4166665,150,21257.13649847359,primary_2023_2025,216.75,216.625,1.0005770340450086,standard,1_0_to_1_3,128.25,0.5916955017301038,False,0.6686159844054581,0.6686159844054581,1,1,False,False,0.7504873294346979,True,True,2025,2025-05,2025-W21
NQ,2025-05-23,2025-05-23 13:30:00+00:00,2025-05-23 15:29:00+00:00,20849.0,20994.25,20822.5,20960.0,148898,3114654995.5833335,120,20918.04453775963,2025-05-23 15:30:00+00:00,2025-05-23 17:59:00+00:00,20960.5,21074.25,20917.75,21052.0,98160,2060858355.25,150,20994.889519661778,primary_2023_2025,171.75,214.125,0.8021015761821366,standard,0_7_to_1_0,156.5,0.9112081513828238,False,0.5846645367412141,0.5846645367412141,1,1,False,True,0.8578274760383386,True,True,2025,2025-05,2025-W21
NQ,2025-05-26,2025-05-26 13:30:00+00:00,2025-05-26 15:29:00+00:00,21260.0,21307.75,21215.5,21253.25,16988,361206522.5833333,120,21262.4512940507,2025-05-26 15:30:00+00:00,2025-05-26 16:59:00+00:00,21253.25,21294.0,21253.0,21283.5,7504,159640642.41666666,90,21274.07281671997,primary_2023_2025,92.25,214.125,0.4308231173380035,standard,le_0_7,41.0,0.4444444444444444,True,0.7378048780487805,0.7378048780487805,-1,1,True,False,0.7439024390243902,True,True,2025,2025-05,2025-W22
NQ,2025-05-27,2025-05-27 13:30:00+00:00,2025-05-27 15:29:00+00:00,21259.5,21400.25,21192.75,21390.25,132017,2814821332.0,120,21321.658059189347,2025-05-27 15:30:00+00:00,2025-05-27 17:59:00+00:00,21390.25,21480.25,21368.75,21476.75,88137,1888799250.9166667,150,21430.26482540439,primary_2023_2025,207.5,208.625,0.9946075494307969,standard,0_7_to_1_0,111.5,0.5373493975903615,False,0.7757847533632287,0.7757847533632287,1,1,False,True,0.968609865470852,False,False,2025,2025-05,2025-W22
NQ,2025-05-28,2025-05-28 13:30:00+00:00,2025-05-28 15:29:00+00:00,21505.25,21567.5,21426.0,21458.0,132850,2853635571.75,120,21480.132267595032,2025-05-28 15:30:00+00:00,2025-05-28 17:59:00+00:00,21458.0,21490.5,21433.75,21470.5,69732,1496823415.0,150,21465.373357999197,primary_2023_2025,141.5,206.625,0.6848154869933454,standard,le_0_7,56.75,0.4010600706713781,True,0.22026431718061673,0.22026431718061673,-1,1,True,False,0.6475770925110133,True,True,2025,2025-05,2025-W22
NQ,2025-05-29,2025-05-29 13:30:00+00:00,2025-05-29 15:29:00+00:00,21674.25,21679.75,21380.5,21501.0,161780,3477851054.5833335,120,21497.410400440927,2025-05-29 15:30:00+00:00,2025-05-29 17:59:00+00:00,21501.0,21505.0,21301.0,21372.25,116193,2488337304.0,150,21415.552606439287,primary_2023_2025,299.25,197.0,1.5190355329949239,exhaustion,1_5_to_2_0,204.0,0.681704260651629,False,0.6311274509803921,-0.6311274509803921,-1,-1,False,True,0.3492647058823529,True,True,2025,2025-05,2025-W22
NQ,2025-05-30,2025-05-30 13:30:00+00:00,2025-05-30 15:29:00+00:00,21382.0,21399.5,21234.75,21368.0,129711,2767772969.25,120,21337.997311330575,2025-05-30 15:30:00+00:00,2025-05-30 17:59:00+00:00,21367.75,21378.75,21071.5,21176.0,155926,3305969210.25,150,21202.167760668523,primary_2023_2025,164.75,197.0,0.8362944162436549,standard,0_7_to_1_0,307.25,1.8649468892261,False,0.6240846216436127,-0.6240846216436127,-1,-1,False,True,0.34011391375101707,True,True,2025,2025-05,2025-W22
NQ,2025-06-02,2025-06-02 13:30:00+00:00,2025-06-02 15:29:00+00:00,21287.75,21458.0,21234.75,21370.0,154506,3300006149.6666665,120,21358.4336509046,2025-06-02 15:30:00+00:00,2025-06-02 17:59:00+00:00,21370.75,21474.25,21356.0,21445.5,80460,1724276217.5,150,21430.228902560277,primary_2023_2025,223.25,197.0,1.133248730964467,standard,1_0_to_1_3,118.25,0.5296752519596865,False,0.6321353065539113,0.6321353065539113,1,1,False,True,0.7568710359408034,True,True,2025,2025-06,2025-W23
NQ,2025-06-03,2025-06-03 13:30:00+00:00,2025-06-03 15:29:00+00:00,21547.0,21686.75,21509.75,21672.0,134102,2897545217.75,120,21607.024636097896,2025-06-03 15:30:00+00:00,2025-06-03 17:59:00+00:00,21672.0,21759.75,21655.25,21717.75,85555,1857767330.9166667,150,21714.30461009487,primary_2023_2025,177.0,206.625,0.8566243194192378,standard,0_7_to_1_0,104.5,0.5903954802259888,False,0.43779904306220097,0.43779904306220097,1,1,False,True,0.5980861244019139,False,False,2025,2025-06,2025-W23
NQ,2025-06-04,2025-06-04 13:30:00+00:00,2025-06-04 15:29:00+00:00,21725.75,21793.25,21641.0,21754.75,136520,2967677684.1666665,120,21738.043394130284,2025-06-04 15:30:00+00:00,2025-06-04 17:59:00+00:00,21755.0,21790.75,21706.0,21786.0,83722,1821064708.1666667,150,21751.328302795762,primary_2023_2025,152.25,197.875,0.7694251421351863,standard,0_7_to_1_0,84.75,0.5566502463054187,False,0.36578171091445427,0.36578171091445427,1,1,False,False,0.943952802359882,True,True,2025,2025-06,2025-W23
NQ,2025-06-05,2025-06-05 13:30:00+00:00,2025-06-05 15:29:00+00:00,21812.25,21927.25,21691.5,21920.0,176814,3853529892.9166665,120,21794.257767578736,2025-06-05 15:30:00+00:00,2025-06-05 17:59:00+00:00,21919.5,21935.0,21659.5,21729.0,137932,3007139587.75,150,21801.6093999217,primary_2023_2025,235.75,192.25,1.2262678803641092,standard,1_0_to_1_3,275.5,1.168610816542948,False,0.691470054446461,-0.691470054446461,1,-1,True,True,0.25226860254083483,True,True,2025,2025-06,2025-W23
NQ,2025-06-06,2025-06-06 13:30:00+00:00,2025-06-06 15:29:00+00:00,21797.75,21870.0,21736.5,21790.0,152506,3327017081.8333335,120,21815.64713410183,2025-06-06 15:30:00+00:00,2025-06-06 17:59:00+00:00,21790.0,21834.5,21722.0,21821.5,89913,1959059831.1666667,150,21788.393571192893,primary_2023_2025,133.5,192.25,0.694408322496749,standard,le_0_7,112.5,0.8426966292134831,False,0.28,0.28,-1,1,True,True,0.8844444444444445,True,True,2025,2025-06,2025-W23
NQ,2025-06-09,2025-06-09 13:30:00+00:00,2025-06-09 15:29:00+00:00,21797.5,21890.75,21750.75,21824.5,118150,2578711255.8333335,120,21825.740633375655,2025-06-09 15:30:00+00:00,2025-06-09 17:59:00+00:00,21825.0,21885.0,21815.5,21867.25,73155,1598505962.8333333,150,21850.94611213633,primary_2023_2025,140.0,177.0,0.7909604519774012,standard,0_7_to_1_0,69.5,0.49642857142857144,True,0.6079136690647482,0.6079136690647482,1,1,False,False,0.7446043165467626,True,True,2025,2025-06,2025-W24
NQ,2025-06-10,2025-06-10 13:30:00+00:00,2025-06-10 15:29:00+00:00,21836.25,21893.25,21818.0,21857.25,99764,2181141438.5833335,120,21863.011092010478,2025-06-10 15:30:00+00:00,2025-06-10 17:59:00+00:00,21857.75,21931.0,21742.75,21873.0,106718,2333629447.75,150,21867.25245741112,primary_2023_2025,75.25,174.375,0.43154121863799283,standard,le_0_7,188.25,2.5016611295681064,False,0.08100929614873838,0.08100929614873838,1,1,False,True,0.6918990703851262,True,True,2025,2025-06,2025-W24
NQ,2025-06-11,2025-06-11 13:30:00+00:00,2025-06-11 15:29:00+00:00,22017.25,22066.25,21915.75,22018.75,138538,3048720023.8333335,120,22006.38109279283,2025-06-11 15:30:00+00:00,2025-06-11 17:59:00+00:00,22019.25,22027.75,21908.0,21916.5,111989,2461350667.4166665,150,21978.50384784815,primary_2023_2025,150.5,168.25,0.8945022288261516,standard,0_7_to_1_0,119.75,0.7956810631229236,False,0.8580375782881002,-0.8580375782881002,1,-1,True,True,0.0709812108559499,True,True,2025,2025-06,2025-W24
NQ,2025-06-12,2025-06-12 13:30:00+00:00,2025-06-12 15:29:00+00:00,21829.5,21977.25,21818.5,21917.25,121090,2652215142.6666665,120,21902.842040355656,2025-06-12 15:30:00+00:00,2025-06-12 17:59:00+00:00,21918.25,21969.75,21893.25,21937.0,91783,2013369318.3333333,150,21936.18990808029,primary_2023_2025,158.75,168.25,0.9435364041604755,standard,0_7_to_1_0,76.5,0.4818897637795276,True,0.24509803921568626,0.24509803921568626,1,1,False,False,0.5718954248366013,True,True,2025,2025-06,2025-W24
NQ,2025-06-13,2025-06-13 13:30:00+00:00,2025-06-13 15:29:00+00:00,21679.75,21807.25,21617.0,21798.0,134005,2911517011.8333335,120,21726.928188002938,2025-06-13 15:30:00+00:00,2025-06-13 17:59:00+00:00,21797.5,21854.75,21749.75,21787.75,85810,1871448890.0833333,150,21809.216758924755,primary_2023_2025,190.25,161.75,1.1761978361669243,standard,1_0_to_1_3,105.0,0.5519053876478318,False,0.09285714285714286,-0.09285714285714286,1,-1,True,True,0.3619047619047619,False,False,2025,2025-06,2025-W24
NQ,2025-06-16,2025-06-16 13:30:00+00:00,2025-06-16 15:29:00+00:00,22014.5,22222.0,22014.0,22188.5,90441,2003060157.5,120,22147.700241041122,2025-06-16 15:30:00+00:00,2025-06-16 17:59:00+00:00,22188.0,22211.75,22143.5,22165.0,50687,1124108372.0,150,22177.449286799376,primary_2023_2025,208.0,168.25,1.236255572065379,standard,1_0_to_1_3,68.25,0.328125,True,0.336996336996337,-0.336996336996337,1,-1,True,False,0.315018315018315,True,True,2025,2025-06,2025-W25
NQ,2025-06-17,2025-06-17 13:30:00+00:00,2025-06-17 15:29:00+00:00,22064.0,22135.0,22026.0,22090.0,100817,2227111130.8333335,120,22090.63085425408,2025-06-17 15:30:00+00:00,2025-06-17 17:59:00+00:00,22090.25,22132.25,21940.75,21962.25,111171,2452199525.5833335,150,22057.906518636457,primary_2023_2025,109.0,168.25,0.6478454680534919,standard,le_0_7,191.5,1.7568807339449541,False,0.6684073107049608,-0.6684073107049608,1,-1,True,True,0.1122715404699739,True,True,2025,2025-06,2025-W25
NQ,2025-06-18,2025-06-18 13:30:00+00:00,2025-06-18 15:29:00+00:00,21993.0,22097.75,21926.25,22049.75,117793,2595012778.25,120,22030.2800527196,2025-06-18 15:30:00+00:00,2025-06-18 17:59:00+00:00,22050.25,22078.25,21939.5,22025.0,82189,1810452783.5,150,22027.92081057076,primary_2023_2025,171.5,168.25,1.0193164933135215,standard,1_0_to_1_3,138.75,0.8090379008746356,False,0.18198198198198198,-0.18198198198198198,1,-1,True,False,0.6162162162162163,True,True,2025,2025-06,2025-W25
NQ,2025-06-19,2025-06-19 13:30:00+00:00,2025-06-19 15:29:00+00:00,21784.5,21786.75,21650.25,21720.25,37446,812942805.8333334,120,21709.73684327654,2025-06-19 15:30:00+00:00,2025-06-19 16:59:00+00:00,21719.75,21741.75,21675.5,21703.0,15102,327874996.5,90,21710.700337703616,primary_2023_2025,136.5,168.125,0.8118959107806691,standard,0_7_to_1_0,66.25,0.48534798534798534,True,0.2528301886792453,-0.2528301886792453,-1,-1,False,False,0.41509433962264153,True,True,2025,2025-06,2025-W25
NQ,2025-06-20,2025-06-20 13:30:00+00:00,2025-06-20 15:29:00+00:00,22075.0,22130.5,21776.0,21858.25,187863,4123589923.6666665,120,21949.984423045873,2025-06-20 15:30:00+00:00,2025-06-20 17:59:00+00:00,21857.5,21922.0,21765.0,21839.5,115802,2531301388.9166665,150,21858.874535126048,primary_2023_2025,354.5,161.75,2.1916537867078825,exhaustion,gt_2_0,157.0,0.44287729196050774,True,0.11464968152866242,-0.11464968152866242,-1,-1,False,True,0.4745222929936306,False,False,2025,2025-06,2025-W25
NQ,2025-06-23,2025-06-23 13:30:00+00:00,2025-06-23 15:29:00+00:00,21869.25,22018.0,21758.5,21946.5,138975,3048197223.75,120,21933.421289800324,2025-06-23 15:30:00+00:00,2025-06-23 17:59:00+00:00,21946.5,22088.0,21738.25,22052.0,191238,4192210458.5833335,150,21921.430147686828,primary_2023_2025,259.5,161.75,1.6043276661514683,exhaustion,1_5_to_2_0,349.75,1.3477842003853564,False,0.30164403145103647,0.30164403145103647,1,1,False,True,0.8970693352394568,True,True,2025,2025-06,2025-W26
NQ,2025-06-24,2025-06-24 13:30:00+00:00,2025-06-24 15:29:00+00:00,22286.25,22373.25,22260.0,22372.75,130257,2906783191.6666665,120,22315.75417571928,2025-06-24 15:30:00+00:00,2025-06-24 17:59:00+00:00,22373.0,22426.0,22357.25,22417.5,89047,1993886461.1666667,150,22391.393996054518,primary_2023_2025,113.25,168.125,0.6736059479553903,standard,le_0_7,68.75,0.6070640176600441,False,0.6472727272727272,0.6472727272727272,1,1,False,True,0.8763636363636363,False,False,2025,2025-06,2025-W26
NQ,2025-06-25,2025-06-25 13:30:00+00:00,2025-06-25 15:29:00+00:00,22499.5,22548.25,22445.0,22462.5,140498,3161123330.8333335,120,22499.41871651791,2025-06-25 15:30:00+00:00,2025-06-25 17:59:00+00:00,22463.0,22463.75,22388.5,22412.25,95463,2141811951.0,150,22436.04277049747,primary_2023_2025,103.25,161.75,0.6383307573415765,standard,le_0_7,75.25,0.7288135593220338,False,0.6744186046511628,-0.6744186046511628,-1,-1,False,True,0.31561461794019935,False,False,2025,2025-06,2025-W26
NQ,2025-06-26,2025-06-26 13:30:00+00:00,2025-06-26 15:29:00+00:00,22552.25,22611.75,22476.0,22565.25,134152,3025362312.75,120,22551.7496030622,2025-06-26 15:30:00+00:00,2025-06-26 17:59:00+00:00,22564.75,22652.0,22550.0,22640.0,86943,1966137234.9166667,150,22614.09469326647,primary_2023_2025,135.75,161.75,0.839258114374034,standard,0_7_to_1_0,102.0,0.7513812154696132,False,0.7377450980392157,0.7377450980392157,1,1,False,True,0.8823529411764706,True,True,2025,2025-06,2025-W26
NQ,2025-06-27,2025-06-27 13:30:00+00:00,2025-06-27 15:29:00+00:00,22707.5,22825.5,22685.25,22792.5,131751,2999839607.5833335,120,22769.008262429383,2025-06-27 15:30:00+00:00,2025-06-27 17:59:00+00:00,22792.25,22820.0,22696.0,22736.0,106743,2430963783.9166665,150,22773.987839171343,primary_2023_2025,140.25,155.5,0.9019292604501608,standard,0_7_to_1_0,124.0,0.8841354723707665,False,0.4536290322580645,-0.4536290322580645,1,-1,True,False,0.3225806451612903,True,True,2025,2025-06,2025-W26
NQ,2025-06-30,2025-06-30 13:30:00+00:00,2025-06-30 15:29:00+00:00,22871.75,22875.5,22794.25,22817.0,121317,2769287603.6666665,120,22826.871779442838,2025-06-30 15:30:00+00:00,2025-06-30 17:59:00+00:00,22817.5,22867.5,22786.25,22821.0,82437,1882786372.5833333,150,22839.093763520425,primary_2023_2025,81.25,151.375,0.5367464905037159,standard,le_0_7,81.25,1.0,False,0.043076923076923075,0.043076923076923075,-1,1,True,True,0.4276923076923077,True,True,2025,2025-06,2025-W27
NQ,2025-07-01,2025-07-01 13:30:00+00:00,2025-07-01 15:29:00+00:00,22802.25,22848.25,22594.5,22684.5,177867,4044553534.3333335,120,22739.201393925425,2025-07-01 15:30:00+00:00,2025-07-01 17:59:00+00:00,22684.5,22762.25,22617.0,22742.5,117388,2664054060.1666665,150,22694.432652116626,primary_2023_2025,253.75,145.375,1.7454858125537402,exhaustion,1_5_to_2_0,145.25,0.5724137931034483,False,0.3993115318416523,0.3993115318416523,-1,1,True,False,0.8640275387263339,True,True,2025,2025-07,2025-W27
NQ,2025-07-02,2025-07-02 13:30:00+00:00,2025-07-02 15:29:00+00:00,22654.25,22847.5,22651.25,22803.5,142547,3244999496.75,120,22764.418028790504,2025-07-02 15:30:00+00:00,2025-07-02 17:59:00+00:00,22803.5,22848.25,22798.25,22825.25,80145,1829398508.5833333,150,22826.109034666333,primary_2023_2025,196.25,145.375,1.349957007738607,standard,1_3_to_1_5,50.0,0.25477707006369427,True,0.435,0.435,1,1,False,True,0.54,False,False,2025,2025-07,2025-W27
NQ,2025-07-03,2025-07-03 13:30:00+00:00,2025-07-03 15:29:00+00:00,22932.0,23086.25,22930.25,23066.75,123560,2844203812.8333335,120,23018.80716116327,2025-07-03 15:30:00+00:00,2025-07-03 17:14:00+00:00,23067.0,23102.5,23027.5,23059.0,70688,1630846084.0,105,23071.045778632866,primary_2023_2025,156.0,145.375,1.0730868443680137,standard,1_0_to_1_3,75.0,0.4807692307692308,True,0.10666666666666667,-0.10666666666666667,1,-1,True,True,0.42,False,False,2025,2025-07,2025-W27
NQ,2025-07-04,2025-07-04 13:30:00+00:00,2025-07-04 15:29:00+00:00,22918.0,22945.5,22888.0,22925.0,14915,341888889.8333333,120,22922.48674712258,2025-07-04 15:30:00+00:00,2025-07-04 16:59:00+00:00,22925.0,22937.75,22896.0,22906.75,5765,132143955.5,90,22921.761578490892,primary_2023_2025,57.5,145.375,0.39552880481513325,standard,le_0_7,41.75,0.7260869565217392,False,0.437125748502994,-0.437125748502994,1,-1,True,False,0.25748502994011974,True,True,2025,2025-07,2025-W27
NQ,2025-07-07,2025-07-07 13:30:00+00:00,2025-07-07 15:29:00+00:00,22943.25,22977.5,22882.5,22920.5,123706,2836506053.4166665,120,22929.413718143554,2025-07-07 15:30:00+00:00,2025-07-07 17:59:00+00:00,22920.5,22962.5,22833.5,22871.0,137787,3154441705.1666665,150,22893.60901367086,primary_2023_2025,95.0,145.375,0.6534823731728289,standard,le_0_7,129.0,1.3578947368421053,False,0.38372093023255816,-0.38372093023255816,-1,-1,False,True,0.29069767441860467,True,True,2025,2025-07,2025-W28
NQ,2025-07-08,2025-07-08 13:30:00+00:00,2025-07-08 15:29:00+00:00,22935.5,22943.5,22841.0,22868.75,152045,3481259248.6666665,120,22896.242879849167,2025-07-08 15:30:00+00:00,2025-07-08 17:59:00+00:00,22869.25,22962.75,22868.75,22934.0,109828,2516421948.25,150,22912.389811796627,primary_2023_2025,102.5,145.375,0.705073086844368,standard,0_7_to_1_0,94.0,0.9170731707317074,False,0.6888297872340425,0.6888297872340425,-1,1,True,True,0.6941489361702128,True,True,2025,2025-07,2025-W28
NQ,2025-07-09,2025-07-09 13:30:00+00:00,2025-07-09 15:29:00+00:00,22978.75,23112.0,22919.75,22980.0,189555,4363591776.5,120,23020.18821186463,2025-07-09 15:30:00+00:00,2025-07-09 17:59:00+00:00,22980.25,23008.5,22937.0,22983.5,99507,2286312837.5833335,150,22976.402037880085,primary_2023_2025,192.25,145.375,1.3224419604471196,standard,1_3_to_1_5,71.5,0.3719115734720416,True,0.045454545454545456,0.045454545454545456,1,1,False,False,0.6503496503496503,False,False,2025,2025-07,2025-W28
NQ,2025-07-10,2025-07-10 13:30:00+00:00,2025-07-10 15:29:00+00:00,23072.25,23090.0,22901.25,22997.75,153495,3526326814.5833335,120,22973.56144879855,2025-07-10 15:30:00+00:00,2025-07-10 17:59:00+00:00,22997.25,23041.75,22963.25,23037.0,87919,2022568970.8333333,150,23004.913281922374,primary_2023_2025,188.75,148.125,1.2742616033755274,standard,1_0_to_1_3,78.5,0.41589403973509936,True,0.5063694267515924,0.5063694267515924,-1,1,True,False,0.9394904458598726,True,True,2025,2025-07,2025-W28
NQ,2025-07-11,2025-07-11 13:30:00+00:00,2025-07-11 15:29:00+00:00,22915.25,23009.0,22863.0,22950.0,144867,3324696535.0,120,22949.992303285082,2025-07-11 15:30:00+00:00,2025-07-11 17:59:00+00:00,22950.25,23021.5,22948.25,22998.5,102194,2349171294.6666665,150,22987.37004781755,primary_2023_2025,146.0,148.125,0.9856540084388186,standard,0_7_to_1_0,73.25,0.5017123287671232,False,0.658703071672355,0.658703071672355,1,1,False,True,0.6860068259385665,True,True,2025,2025-07,2025-W28
NQ,2025-07-14,2025-07-14 13:30:00+00:00,2025-07-14 15:29:00+00:00,22942.75,23022.5,22842.25,23011.75,157851,3622092069.5,120,22946.27255766514,2025-07-14 15:30:00+00:00,2025-07-14 17:59:00+00:00,23012.0,23066.5,22992.0,23045.25,82839,1907639747.0,150,23028.280725262255,primary_2023_2025,180.25,143.125,1.2593886462882096,standard,1_0_to_1_3,74.5,0.4133148404993065,True,0.4463087248322148,0.4463087248322148,1,1,False,True,0.714765100671141,False,False,2025,2025-07,2025-W29
NQ,2025-07-15,2025-07-15 13:30:00+00:00,2025-07-15 15:29:00+00:00,23200.25,23222.75,23096.0,23168.5,172223,3987919030.3333335,120,23155.554312335364,2025-07-15 15:30:00+00:00,2025-07-15 17:59:00+00:00,23169.25,23181.0,23083.0,23169.5,107813,2494555018.1666665,150,23137.794312065023,primary_2023_2025,126.75,143.125,0.885589519650655,standard,0_7_to_1_0,98.0,0.7731755424063116,False,0.002551020408163265,0.002551020408163265,-1,1,True,True,0.8826530612244898,True,True,2025,2025-07,2025-W29
NQ,2025-07-16,2025-07-16 13:30:00+00:00,2025-07-16 15:29:00+00:00,23074.25,23089.5,22898.5,22981.0,208447,4793156752.083333,120,22994.606552664864,2025-07-16 15:30:00+00:00,2025-07-16 17:59:00+00:00,22981.25,23069.5,22835.5,23028.0,153408,3524337611.5833335,150,22973.623354605585,primary_2023_2025,191.0,143.125,1.3344978165938866,standard,1_3_to_1_5,234.0,1.225130890052356,False,0.1997863247863248,0.1997863247863248,-1,1,True,True,0.8226495726495726,True,True,2025,2025-07,2025-W29
NQ,2025-07-17,2025-07-17 13:30:00+00:00,2025-07-17 15:29:00+00:00,23100.25,23244.0,23065.75,23228.75,157706,3652234766.9166665,120,23158.502320245687,2025-07-17 15:30:00+00:00,2025-07-17 17:59:00+00:00,23229.0,23276.0,23216.75,23275.25,85226,1981742215.1666667,150,23252.789232941435,primary_2023_2025,178.25,143.125,1.245414847161572,standard,1_0_to_1_3,59.25,0.332398316970547,True,0.7805907172995781,0.7805907172995781,1,1,False,True,0.9873417721518988,False,False,2025,2025-07,2025-W29
NQ,2025-07-18,2025-07-18 13:30:00+00:00,2025-07-18 15:29:00+00:00,23301.0,23310.0,23186.75,23216.25,156801,3643974076.0833335,120,23239.482376281616,2025-07-18 15:30:00+00:00,2025-07-18 17:59:00+00:00,23216.5,23254.25,23169.5,23198.5,123280,2861287725.0833335,150,23209.666816055593,primary_2023_2025,123.25,151.0,0.8162251655629139,standard,0_7_to_1_0,84.75,0.6876267748478702,False,0.21238938053097345,-0.21238938053097345,-1,-1,False,True,0.3421828908554572,True,True,2025,2025-07,2025-W29
NQ,2025-07-21,2025-07-21 13:30:00+00:00,2025-07-21 15:29:00+00:00,23256.25,23424.75,23255.25,23396.25,134665,3147582261.1666665,120,23373.424877783138,2025-07-21 15:30:00+00:00,2025-07-21 17:59:00+00:00,23396.5,23423.5,23358.75,23411.25,82854,1938282583.3333333,150,23393.953017758144,primary_2023_2025,169.5,143.125,1.1842794759825328,standard,1_0_to_1_3,64.75,0.38200589970501475,True,0.2277992277992278,0.2277992277992278,1,1,False,False,0.8108108108108109,True,True,2025,2025-07,2025-W30
NQ,2025-07-22,2025-07-22 13:30:00+00:00,2025-07-22 15:29:00+00:00,23346.0,23349.75,23108.0,23208.0,225664,5236278505.333333,120,23203.87170897145,2025-07-22 15:30:00+00:00,2025-07-22 17:59:00+00:00,23208.0,23250.75,23159.5,23217.5,112275,2605716234.75,150,23208.338764195058,primary_2023_2025,241.75,143.125,1.6890829694323144,exhaustion,1_5_to_2_0,91.25,0.37745604963805585,True,0.10410958904109589,0.10410958904109589,-1,1,True,False,0.6356164383561644,True,True,2025,2025-07,2025-W30
NQ,2025-07-23,2025-07-23 13:30:00+00:00,2025-07-23 15:29:00+00:00,23261.5,23263.75,23146.75,23208.0,153503,3559692653.3333335,120,23189.72693258981,2025-07-23 15:30:00+00:00,2025-07-23 17:59:00+00:00,23208.25,23293.5,23192.75,23263.25,137345,3191532272.4166665,150,23237.338617471814,primary_2023_2025,117.0,151.0,0.7748344370860927,standard,0_7_to_1_0,100.75,0.8611111111111112,False,0.5459057071960298,0.5459057071960298,-1,1,True,True,0.6997518610421837,False,False,2025,2025-07,2025-W30
NQ,2025-07-24,2025-07-24 13:30:00+00:00,2025-07-24 15:29:00+00:00,23374.0,23401.0,23298.25,23380.5,151298,3533900718.5833335,120,23357.22031079944,2025-07-24 15:30:00+00:00,2025-07-24 17:59:00+00:00,23380.75,23423.0,23340.0,23384.25,100317,2345281745.4166665,150,23378.706953125256,primary_2023_2025,102.75,151.0,0.6804635761589404,standard,le_0_7,83.0,0.8077858880778589,False,0.04216867469879518,0.04216867469879518,1,1,False,True,0.5331325301204819,True,True,2025,2025-07,2025-W30
NQ,2025-07-25,2025-07-25 13:30:00+00:00,2025-07-25 15:29:00+00:00,23360.0,23423.5,23330.75,23420.0,135548,3170525751.9166665,120,23390.42812816616,2025-07-25 15:30:00+00:00,2025-07-25 17:59:00+00:00,23419.5,23476.0,23402.25,23439.0,92317,2164006832.8333335,150,23441.043717119635,primary_2023_2025,92.75,151.0,0.6142384105960265,standard,le_0_7,73.75,0.7951482479784366,False,0.26440677966101694,0.26440677966101694,1,1,False,True,0.49830508474576274,False,False,2025,2025-07,2025-W30
NQ,2025-07-28,2025-07-28 13:30:00+00:00,2025-07-28 15:29:00+00:00,23472.75,23529.0,23436.75,23480.5,151276,3554253843.6666665,120,23495.16012894753,2025-07-28 15:30:00+00:00,2025-07-28 17:59:00+00:00,23480.5,23509.25,23455.0,23461.25,89482,2101287522.0,150,23482.795668402585,primary_2023_2025,92.25,151.0,0.6109271523178808,standard,le_0_7,54.25,0.5880758807588076,False,0.3548387096774194,-0.3548387096774194,1,-1,True,False,0.1152073732718894,True,True,2025,2025-07,2025-W31
NQ,2025-07-29,2025-07-29 13:30:00+00:00,2025-07-29 15:29:00+00:00,23595.25,23652.5,23458.0,23463.75,195487,4606440822.833333,120,23563.924060593967,2025-07-29 15:30:00+00:00,2025-07-29 17:59:00+00:00,23463.75,23525.75,23438.25,23491.5,150226,3528321307.25,150,23486.75533695898,primary_2023_2025,194.5,151.0,1.2880794701986755,standard,1_0_to_1_3,87.5,0.4498714652956298,True,0.3171428571428571,0.3171428571428571,-1,1,True,True,0.6085714285714285,False,False,2025,2025-07,2025-W31
NQ,2025-07-30,2025-07-30 13:30:00+00:00,2025-07-30 15:29:00+00:00,23487.0,23541.25,23450.75,23487.25,132907,3122955092.75,120,23497.295798942116,2025-07-30 15:30:00+00:00,2025-07-30 17:59:00+00:00,23487.5,23551.0,23475.75,23544.75,70607,1661028120.3333333,150,23524.97798140883,primary_2023_2025,90.5,151.0,0.5993377483443708,standard,le_0_7,75.25,0.8314917127071824,False,0.760797342192691,0.760797342192691,1,1,False,True,0.9169435215946844,True,True,2025,2025-07,2025-W31
NQ,2025-07-31,2025-07-31 13:30:00+00:00,2025-07-31 15:29:00+00:00,23747.25,23752.0,23483.25,23534.75,229605,5423333659.416667,120,23620.276820699317,2025-07-31 15:30:00+00:00,2025-07-31 17:59:00+00:00,23535.25,23617.0,23365.0,23389.5,162586,3823658727.5,150,23517.761230979297,primary_2023_2025,268.75,136.375,1.9706691109074244,exhaustion,1_5_to_2_0,252.0,0.9376744186046512,False,0.5783730158730159,-0.5783730158730159,-1,-1,False,True,0.09722222222222222,False,False,2025,2025-07,2025-W31
NQ,2025-08-01,2025-08-01 13:30:00+00:00,2025-08-01 15:29:00+00:00,23087.5,23095.75,22800.0,22902.75,270347,6202602103.666667,120,22943.114233435794,2025-08-01 15:30:00+00:00,2025-08-01 17:59:00+00:00,22902.5,23045.5,22827.25,22845.0,158893,3643750157.0833335,150,22932.09994828805,primary_2023_2025,295.75,136.375,2.16865261228231,exhaustion,gt_2_0,218.25,0.7379543533389687,False,0.2634593356242841,-0.2634593356242841,-1,-1,False,False,0.08132875143184422,True,True,2025,2025-08,2025-W31
NQ,2025-08-04,2025-08-04 13:30:00+00:00,2025-08-04 15:29:00+00:00,23094.0,23264.25,23088.75,23211.0,159239,3695136097.1666665,120,23204.969242250118,2025-08-04 15:30:00+00:00,2025-08-04 17:59:00+00:00,23211.0,23285.25,23198.0,23268.0,83774,1948356625.0833333,150,23257.294925434304,primary_2023_2025,175.5,157.75,1.1125198098256734,standard,1_0_to_1_3,87.25,0.49715099715099714,True,0.6532951289398281,0.6532951289398281,1,1,False,True,0.8022922636103151,True,True,2025,2025-08,2025-W32
NQ,2025-08-05,2025-08-05 13:30:00+00:00,2025-08-05 15:29:00+00:00,23348.25,23397.25,23138.25,23170.75,197081,4585618663.25,120,23267.685181473607,2025-08-05 15:30:00+00:00,2025-08-05 17:59:00+00:00,23170.75,23252.0,23113.5,23241.25,120701,2797754024.3333335,150,23179.21164143904,primary_2023_2025,259.0,172.5,1.5014492753623188,exhaustion,1_5_to_2_0,138.5,0.5347490347490348,False,0.5090252707581228,0.5090252707581228,-1,1,True,True,0.9223826714801444,False,False,2025,2025-08,2025-W32
NQ,2025-08-06,2025-08-06 13:30:00+00:00,2025-08-06 15:29:00+00:00,23169.25,23331.25,23148.5,23323.75,198772,4617837013.5,120,23231.82849445596,2025-08-06 15:30:00+00:00,2025-08-06 17:59:00+00:00,23323.75,23396.5,23298.5,23373.0,112808,2635260692.8333335,150,23360.583405727728,primary_2023_2025,182.75,176.875,1.0332155477031801,standard,1_0_to_1_3,98.0,0.5362517099863201,False,0.5025510204081632,0.5025510204081632,1,1,False,True,0.7602040816326531,False,False,2025,2025-08,2025-W32
NQ,2025-08-07,2025-08-07 13:30:00+00:00,2025-08-07 15:29:00+00:00,23601.0,23671.0,23496.5,23509.25,192612,4542894731.333333,120,23585.73054292221,2025-08-07 15:30:00+00:00,2025-08-07 17:59:00+00:00,23510.25,23531.0,23381.0,23419.25,132712,3113175133.0833335,150,23458.128376358833,primary_2023_2025,174.5,176.875,0.9865724381625441,standard,0_7_to_1_0,150.0,0.8595988538681948,False,0.6066666666666667,-0.6066666666666667,-1,-1,False,True,0.255,False,False,2025,2025-08,2025-W32
NQ,2025-08-08,2025-08-08 13:30:00+00:00,2025-08-08 15:29:00+00:00,23541.75,23703.0,23530.0,23666.5,157605,3726065910.5833335,120,23641.80013694574,2025-08-08 15:30:00+00:00,2025-08-08 17:59:00+00:00,23666.0,23707.5,23612.0,23699.75,111564,2640898910.0833335,150,23671.604729871047,primary_2023_2025,173.0,175.0,0.9885714285714285,standard,0_7_to_1_0,95.5,0.5520231213872833,False,0.35340314136125656,0.35340314136125656,1,1,False,True,0.918848167539267,True,True,2025,2025-08,2025-W32
NQ,2025-08-11,2025-08-11 13:30:00+00:00,2025-08-11 15:29:00+00:00,23715.75,23767.5,23680.75,23734.75,127880,3034807427.4166665,120,23731.681478078404,2025-08-11 15:30:00+00:00,2025-08-11 17:59:00+00:00,23734.25,23804.5,23688.5,23697.75,111424,2645962643.8333335,150,23746.79282590226,primary_2023_2025,86.75,175.0,0.4957142857142857,standard,le_0_7,116.0,1.3371757925072045,False,0.3146551724137931,-0.3146551724137931,1,-1,True,True,0.07974137931034483,True,True,2025,2025-08,2025-W33
NQ,2025-08-12,2025-08-12 13:30:00+00:00,2025-08-12 15:29:00+00:00,23733.0,23861.25,23622.0,23833.5,197649,4693674160.0,120,23747.52293206644,2025-08-12 15:30:00+00:00,2025-08-12 17:59:00+00:00,23833.25,23916.0,23821.25,23914.5,90145,2152434135.25,150,23877.465586000333,primary_2023_2025,239.25,173.75,1.376978417266187,standard,1_3_to_1_5,94.75,0.3960292580982236,True,0.8575197889182058,0.8575197889182058,1,1,False,True,0.9841688654353562,False,False,2025,2025-08,2025-W33
NQ,2025-08-13,2025-08-13 13:30:00+00:00,2025-08-13 15:29:00+00:00,24044.5,24068.5,23892.25,23925.0,178342,4277465515.3333335,120,23984.622328634498,2025-08-13 15:30:00+00:00,2025-08-13 17:59:00+00:00,23925.25,23958.25,23886.0,23939.0,103533,2476746975.75,150,23922.29507258555,primary_2023_2025,176.25,175.0,1.0071428571428571,standard,1_0_to_1_3,72.25,0.4099290780141844,True,0.1903114186851211,0.1903114186851211,-1,1,True,True,0.7335640138408305,False,False,2025,2025-08,2025-W33
NQ,2025-08-14,2025-08-14 13:30:00+00:00,2025-08-14 15:29:00+00:00,23857.75,24007.75,23841.25,23888.0,164076,3926235274.5833335,120,23929.369771223905,2025-08-14 15:30:00+00:00,2025-08-14 17:59:00+00:00,23888.0,23980.0,23864.75,23962.25,120410,2880314726.25,150,23920.893000996595,primary_2023_2025,166.5,175.0,0.9514285714285714,standard,0_7_to_1_0,115.25,0.6921921921921922,False,0.6442516268980477,0.6442516268980477,1,1,False,False,0.8459869848156182,True,True,2025,2025-08,2025-W33
NQ,2025-08-15,2025-08-15 13:30:00+00:00,2025-08-15 15:29:00+00:00,23909.25,23911.0,23770.25,23802.5,159758,3807257306.6666665,120,23831.40316395214,2025-08-15 15:30:00+00:00,2025-08-15 17:59:00+00:00,23802.25,23843.25,23734.5,23839.75,110033,2618249536.75,150,23795.129976916018,primary_2023_2025,140.75,173.75,0.8100719424460432,standard,0_7_to_1_0,108.75,0.7726465364120781,False,0.3448275862068966,0.3448275862068966,-1,1,True,True,0.967816091954023,True,True,2025,2025-08,2025-W33
NQ,2025-08-18,2025-08-18 13:30:00+00:00,2025-08-18 15:29:00+00:00,23768.25,23824.25,23719.0,23744.25,149514,3554636927.9166665,120,23774.60925342554,2025-08-18 15:30:00+00:00,2025-08-18 17:59:00+00:00,23744.5,23800.0,23722.5,23760.0,92577,2199228920.75,150,23755.672799399417,primary_2023_2025,105.25,173.75,0.6057553956834533,standard,le_0_7,77.5,0.7363420427553444,False,0.2,0.2,-1,1,True,False,0.4838709677419355,True,True,2025,2025-08,2025-W34
NQ,2025-08-19,2025-08-19 13:30:00+00:00,2025-08-19 15:29:00+00:00,23762.5,23770.5,23514.5,23579.75,219618,5192325790.083333,120,23642.532898411482,2025-08-19 15:30:00+00:00,2025-08-19 17:59:00+00:00,23579.75,23589.5,23445.0,23507.0,134631,3165756809.3333335,150,23514.322922160078,primary_2023_2025,256.0,173.75,1.4733812949640288,standard,1_3_to_1_5,144.5,0.564453125,False,0.5034602076124568,-0.5034602076124568,-1,-1,False,True,0.4290657439446367,False,False,2025,2025-08,2025-W34
NQ,2025-08-20,2025-08-20 13:30:00+00:00,2025-08-20 15:29:00+00:00,23426.25,23432.0,23035.0,23224.75,287425,6661068265.583333,120,23174.97874431011,2025-08-20 15:30:00+00:00,2025-08-20 17:59:00+00:00,23224.25,23315.5,23152.5,23264.5,165387,3844604726.0,150,23246.112003966453,primary_2023_2025,397.0,173.75,2.2848920863309354,exhaustion,gt_2_0,163.0,0.4105793450881612,True,0.2469325153374233,0.2469325153374233,-1,1,True,False,0.6871165644171779,True,True,2025,2025-08,2025-W34
NQ,2025-08-21,2025-08-21 13:30:00+00:00,2025-08-21 15:29:00+00:00,23260.5,23348.25,23156.0,23256.25,189098,4398219300.5,120,23258.941398111034,2025-08-21 15:30:00+00:00,2025-08-21 17:59:00+00:00,23256.25,23295.75,23119.0,23215.0,136999,3177822218.8333335,150,23195.951932739168,primary_2023_2025,192.25,175.0,1.0985714285714285,standard,1_0_to_1_3,176.75,0.9193758127438232,False,0.2333804809052334,-0.2333804809052334,-1,-1,False,True,0.5431400282885431,True,True,2025,2025-08,2025-W34
NQ,2025-08-22,2025-08-22 13:30:00+00:00,2025-08-22 15:29:00+00:00,23264.5,23650.0,23205.5,23621.25,195812,4599648161.75,120,23490.12400542357,2025-08-22 15:30:00+00:00,2025-08-22 17:59:00+00:00,23621.0,23645.75,23507.25,23605.75,117142,2761914547.6666665,150,23577.49182758248,primary_2023_2025,444.5,175.875,2.527363184079602,exhaustion,gt_2_0,138.5,0.31158605174353204,True,0.11010830324909747,-0.11010830324909747,1,-1,True,False,0.7111913357400722,False,False,2025,2025-08,2025-W34
NQ,2025-08-25,2025-08-25 13:30:00+00:00,2025-08-25 15:29:00+00:00,23496.0,23602.75,23443.25,23598.5,149848,3525479884.0,120,23527.0399604933,2025-08-25 15:30:00+00:00,2025-08-25 17:59:00+00:00,23598.75,23616.25,23557.25,23578.0,74537,1758492496.0,150,23592.209184700216,primary_2023_2025,159.5,179.5,0.8885793871866295,standard,0_7_to_1_0,59.0,0.36990595611285265,True,0.3516949152542373,-0.3516949152542373,1,-1,True,True,0.3516949152542373,False,False,2025,2025-08,2025-W35
NQ,2025-08-26,2025-08-26 13:30:00+00:00,2025-08-26 15:29:00+00:00,23470.75,23553.75,23427.0,23508.75,156447,3677325327.3333335,120,23505.24667991929,2025-08-26 15:30:00+00:00,2025-08-26 17:59:00+00:00,23508.25,23556.75,23479.0,23502.75,81966,1928120746.5,150,23523.421253934557,primary_2023_2025,126.75,179.5,0.7061281337047354,standard,0_7_to_1_0,77.75,0.6134122287968442,False,0.0707395498392283,-0.0707395498392283,1,-1,True,True,0.3054662379421222,True,True,2025,2025-08,2025-W35
NQ,2025-08-27,2025-08-27 13:30:00+00:00,2025-08-27 15:29:00+00:00,23541.0,23616.25,23487.5,23590.0,136437,3214653853.3333335,120,23561.452196496062,2025-08-27 15:30:00+00:00,2025-08-27 17:59:00+00:00,23589.75,23630.75,23542.0,23621.25,96566,2278388593.0,150,23594.107584450012,primary_2023_2025,128.75,175.875,0.7320540156361052,standard,0_7_to_1_0,88.75,0.6893203883495146,False,0.35492957746478876,0.35492957746478876,1,1,False,True,0.8929577464788733,True,True,2025,2025-08,2025-W35
NQ,2025-08-28,2025-08-28 13:30:00+00:00,2025-08-28 15:29:00+00:00,23640.25,23752.75,23572.5,23672.0,207835,4920480158.916667,120,23674.9352078171,2025-08-28 15:30:00+00:00,2025-08-28 17:59:00+00:00,23672.5,23773.25,23670.5,23766.5,91219,2164600826.4166665,150,23729.714493873715,primary_2023_2025,180.25,175.875,1.0248756218905473,standard,1_0_to_1_3,102.75,0.5700416088765603,False,0.9148418491484185,0.9148418491484185,1,1,False,True,0.9343065693430657,True,True,2025,2025-08,2025-W35
NQ,2025-08-29,2025-08-29 13:30:00+00:00,2025-08-29 15:29:00+00:00,23652.0,23668.0,23415.25,23481.75,220844,5192159112.583333,120,23510.528303161205,2025-08-29 15:30:00+00:00,2025-08-29 17:59:00+00:00,23482.0,23492.0,23397.5,23459.5,110528,2592129765.4166665,150,23452.245271937125,primary_2023_2025,252.75,175.875,1.4371002132196162,standard,1_3_to_1_5,94.5,0.37388724035608306,True,0.23809523809523808,-0.23809523809523808,-1,-1,False,True,0.656084656084656,False,False,2025,2025-08,2025-W35
NQ,2025-09-01,2025-09-01 13:30:00+00:00,2025-09-01 15:29:00+00:00,23476.0,23504.0,23441.75,23502.75,15809,371221047.0833333,120,23481.627369430913,2025-09-01 15:30:00+00:00,2025-09-01 16:59:00+00:00,23503.0,23506.75,23481.75,23502.25,7235,170003283.33333334,90,23497.343929970055,primary_2023_2025,62.25,175.875,0.35394456289978676,standard,le_0_7,25.0,0.40160642570281124,True,0.03,-0.03,1,-1,True,True,0.82,False,False,2025,2025-09,2025-W36
NQ,2025-09-02,2025-09-02 13:30:00+00:00,2025-09-02 15:29:00+00:00,23100.25,23280.0,23025.25,23110.0,221121,5123645606.416667,120,23171.230260430566,2025-09-02 15:30:00+00:00,2025-09-02 17:59:00+00:00,23109.25,23225.5,23027.0,23189.25,138267,3195404034.25,150,23110.38812044812,primary_2023_2025,254.75,175.375,1.4526015680684248,standard,1_3_to_1_5,198.5,0.7791952894995093,False,0.40302267002518893,0.40302267002518893,1,1,False,False,0.8173803526448362,True,True,2025,2025-09,2025-W36
NQ,2025-09-03,2025-09-03 13:30:00+00:00,2025-09-03 15:29:00+00:00,23423.5,23525.25,23370.0,23424.5,187692,4399532153.833333,120,23440.1687543067,2025-09-03 15:30:00+00:00,2025-09-03 17:59:00+00:00,23424.75,23464.0,23346.75,23364.75,142766,3342952441.6666665,150,23415.60624845318,primary_2023_2025,155.25,175.375,0.8852459016393442,standard,0_7_to_1_0,117.25,0.7552334943639292,False,0.511727078891258,-0.511727078891258,1,-1,True,True,0.1535181236673774,True,True,2025,2025-09,2025-W36
NQ,2025-09-04,2025-09-04 13:30:00+00:00,2025-09-04 15:29:00+00:00,23480.5,23556.0,23410.0,23546.0,186203,4374101761.25,120,23491.03806732437,2025-09-04 15:30:00+00:00,2025-09-04 17:59:00+00:00,23547.0,23608.25,23512.5,23583.75,100897,2376377873.9166665,150,23552.512700245465,primary_2023_2025,146.0,173.75,0.8402877697841726,standard,0_7_to_1_0,95.75,0.6558219178082192,False,0.3838120104438642,0.3838120104438642,1,1,False,True,0.7441253263707572,False,False,2025,2025-09,2025-W36
NQ,2025-09-05,2025-09-05 13:30:00+00:00,2025-09-05 15:29:00+00:00,23875.0,23902.0,23505.0,23632.5,300995,7135062725.083333,120,23704.92109531166,2025-09-05 15:30:00+00:00,2025-09-05 17:59:00+00:00,23633.0,23669.0,23585.75,23613.5,137304,3244414941.5,150,23629.42770421838,primary_2023_2025,397.0,169.75,2.338733431516937,exhaustion,gt_2_0,83.25,0.2096977329974811,True,0.23423423423423423,-0.23423423423423423,-1,-1,False,False,0.3333333333333333,False,False,2025,2025-09,2025-W36
NQ,2025-09-08,2025-09-08 13:30:00+00:00,2025-09-08 15:29:00+00:00,23784.25,23888.0,23771.75,23876.25,168029,4006562411.75,120,23844.469774562724,2025-09-08 15:30:00+00:00,2025-09-08 17:59:00+00:00,23876.0,23884.75,23762.75,23782.25,108212,2577727098.25,150,23821.083597475324,primary_2023_2025,116.25,171.375,0.6783369803063457,standard,le_0_7,122.0,1.049462365591398,False,0.7684426229508197,-0.7684426229508197,1,-1,True,True,0.1598360655737705,True,True,2025,2025-09,2025-W37
NQ,2025-09-09,2025-09-09 13:30:00+00:00,2025-09-09 15:29:00+00:00,23835.5,23857.75,23726.0,23784.25,182323,4339048686.333333,120,23798.690710076804,2025-09-09 15:30:00+00:00,2025-09-09 17:59:00+00:00,23783.75,23855.5,23753.75,23839.5,102937,2451385410.1666665,150,23814.424455411237,primary_2023_2025,131.75,171.375,0.7687819110138585,standard,0_7_to_1_0,101.75,0.7722960151802657,False,0.547911547911548,0.547911547911548,-1,1,True,False,0.8427518427518428,True,True,2025,2025-09,2025-W37
NQ,2025-09-10,2025-09-10 13:30:00+00:00,2025-09-10 15:29:00+00:00,23998.75,24000.5,23900.25,23942.25,184654,4422987145.083333,120,23952.8369008163,2025-09-10 15:30:00+00:00,2025-09-10 17:59:00+00:00,23943.5,23969.5,23872.5,23897.25,106871,2556374729.25,150,23920.19097089014,primary_2023_2025,100.25,163.0,0.6150306748466258,standard,le_0_7,97.0,0.9675810473815462,False,0.47680412371134023,-0.47680412371134023,-1,-1,False,True,0.2551546391752577,True,True,2025,2025-09,2025-W37
NQ,2025-09-11,2025-09-11 13:30:00+00:00,2025-09-11 15:29:00+00:00,23977.25,24046.0,23909.75,24037.75,179982,4316115023.583333,120,23980.8148791731,2025-09-11 15:30:00+00:00,2025-09-11 17:59:00+00:00,24037.75,24045.5,23994.0,24032.25,86948,2088680336.25,150,24022.178040322953,primary_2023_2025,136.25,157.375,0.8657664813343924,standard,0_7_to_1_0,51.5,0.3779816513761468,True,0.10679611650485436,-0.10679611650485436,1,-1,True,False,0.7427184466019418,False,False,2025,2025-09,2025-W37
NQ,2025-09-12,2025-09-12 13:30:00+00:00,2025-09-12 15:29:00+00:00,24040.75,24115.5,24001.5,24087.5,135649,3263373508.0,120,24057.48297444139,2025-09-12 15:30:00+00:00,2025-09-12 17:59:00+00:00,24086.75,24128.25,24071.75,24123.75,77144,1859164453.25,150,24099.92291364202,primary_2023_2025,114.0,150.625,0.7568464730290456,standard,0_7_to_1_0,56.5,0.4956140350877193,True,0.6548672566371682,0.6548672566371682,1,1,False,True,0.9203539823008849,False,False,2025,2025-09,2025-W37
NQ,2025-09-15,2025-09-15 13:30:00+00:00,2025-09-15 15:29:00+00:00,24418.5,24513.75,24412.75,24495.5,73400,1796634306.9166667,120,24477.306633742053,2025-09-15 15:30:00+00:00,2025-09-15 17:59:00+00:00,24495.0,24534.0,24490.5,24528.5,43187,1058644010.4166666,150,24513.024994018262,primary_2023_2025,101.0,150.625,0.6705394190871369,standard,le_0_7,43.5,0.4306930693069307,True,0.7701149425287356,0.7701149425287356,1,1,False,True,0.8735632183908046,False,False,2025,2025-09,2025-W38
NQ,2025-09-16,2025-09-16 13:30:00+00:00,2025-09-16 15:29:00+00:00,24588.25,24600.5,24511.0,24517.0,123004,3019322297.0833335,120,24546.53748726329,2025-09-16 15:30:00+00:00,2025-09-16 17:59:00+00:00,24517.25,24545.75,24499.25,24534.25,68156,1671324535.25,150,24522.045531574622,primary_2023_2025,89.5,150.625,0.5941908713692946,standard,le_0_7,46.5,0.5195530726256983,False,0.3655913978494624,0.3655913978494624,-1,1,True,True,0.7526881720430108,False,False,2025,2025-09,2025-W38
NQ,2025-09-17,2025-09-17 13:30:00+00:00,2025-09-17 15:29:00+00:00,24521.0,24540.75,24404.0,24412.75,137653,3367537212.75,120,24463.958015807864,2025-09-17 15:30:00+00:00,2025-09-17 17:59:00+00:00,24412.5,24461.25,24374.75,24455.5,77953,1902773282.75,150,24409.23739625159,primary_2023_2025,136.75,141.125,0.9689991142604074,standard,0_7_to_1_0,86.5,0.6325411334552102,False,0.49710982658959535,0.49710982658959535,-1,1,True,True,0.9335260115606936,False,False,2025,2025-09,2025-W38
NQ,2025-09-18,2025-09-18 13:30:00+00:00,2025-09-18 15:29:00+00:00,24679.5,24816.0,24598.75,24782.5,194254,4803085698.5,120,24725.800747989746,2025-09-18 15:30:00+00:00,2025-09-18 17:59:00+00:00,24782.75,24805.75,24720.75,24734.25,100743,2494511367.75,150,24761.138419046485,primary_2023_2025,217.25,136.5,1.5915750915750915,exhaustion,1_5_to_2_0,85.0,0.3912543153049482,True,0.5705882352941176,-0.5705882352941176,1,-1,True,False,0.1588235294117647,True,True,2025,2025-09,2025-W38
NQ,2025-09-19,2025-09-19 13:30:00+00:00,2025-09-19 15:29:00+00:00,24767.75,24817.5,24719.5,24727.25,167312,4143871410.9166665,120,24767.329366194095,2025-09-19 15:30:00+00:00,2025-09-19 17:59:00+00:00,24727.0,24835.5,24708.0,24815.75,113802,2821560292.75,150,24793.59143732096,primary_2023_2025,98.0,136.5,0.717948717948718,standard,0_7_to_1_0,127.5,1.3010204081632653,False,0.696078431372549,0.696078431372549,-1,1,True,True,0.8450980392156863,True,True,2025,2025-09,2025-W38
NQ,2025-09-22,2025-09-22 13:30:00+00:00,2025-09-22 15:29:00+00:00,24815.5,24937.75,24814.25,24920.25,143225,3563558796.6666665,120,24880.84340489905,2025-09-22 15:30:00+00:00,2025-09-22 17:59:00+00:00,24920.5,25000.5,24897.25,24988.75,125499,3132608459.1666665,150,24961.222473220238,primary_2023_2025,123.5,134.0,0.9216417910447762,standard,0_7_to_1_0,103.25,0.8360323886639676,False,0.6610169491525424,0.6610169491525424,1,1,False,True,0.8861985472154964,False,False,2025,2025-09,2025-W39
NQ,2025-09-23,2025-09-23 13:30:00+00:00,2025-09-23 15:29:00+00:00,25001.0,25009.75,24929.5,24958.5,166099,4145450106.8333335,120,24957.70658964433,2025-09-23 15:30:00+00:00,2025-09-23 17:59:00+00:00,24958.75,24962.75,24780.5,24835.75,178593,4445023865.916667,150,24889.12704258659,primary_2023_2025,80.25,130.25,0.6161228406909789,standard,le_0_7,182.25,2.2710280373831777,False,0.6748971193415638,-0.6748971193415638,-1,-1,False,True,0.30315500685871055,True,True,2025,2025-09,2025-W39
NQ,2025-09-24,2025-09-24 13:30:00+00:00,2025-09-24 15:29:00+00:00,24885.25,24899.25,24777.0,24794.0,166592,4134705552.75,120,24819.352386369093,2025-09-24 15:30:00+00:00,2025-09-24 17:59:00+00:00,24793.75,24795.0,24627.0,24709.75,176075,4350031559.75,150,24705.560469970183,primary_2023_2025,122.25,130.25,0.9385796545105566,standard,0_7_to_1_0,168.0,1.3742331288343559,False,0.5,-0.5,-1,-1,False,True,0.49255952380952384,False,False,2025,2025-09,2025-W39
NQ,2025-09-25,2025-09-25 13:30:00+00:00,2025-09-25 15:29:00+00:00,24576.25,24656.75,24422.5,24598.75,262726,6451077300.166667,120,24554.392409455733,2025-09-25 15:30:00+00:00,2025-09-25 17:59:00+00:00,24598.5,24696.75,24511.75,24517.25,147645,3636057466.75,150,24627.02744251414,primary_2023_2025,234.25,127.625,1.8354554358472086,exhaustion,1_5_to_2_0,185.0,0.7897545357524013,False,0.4391891891891892,-0.4391891891891892,1,-1,True,True,0.02972972972972973,True,True,2025,2025-09,2025-W39
NQ,2025-09-26,2025-09-26 13:30:00+00:00,2025-09-26 15:29:00+00:00,24654.25,24733.25,24520.0,24631.75,232724,5729649217.833333,120,24619.932700681205,2025-09-26 15:30:00+00:00,2025-09-26 17:59:00+00:00,24632.0,24717.0,24568.25,24692.0,108515,2674982560.75,150,24650.80920379671,primary_2023_2025,213.25,127.625,1.6709108716944172,exhaustion,1_5_to_2_0,148.75,0.6975381008206331,False,0.40336134453781514,0.40336134453781514,-1,1,True,False,0.8319327731092437,True,True,2025,2025-09,2025-W39
NQ,2025-09-29,2025-09-29 13:30:00+00:00,2025-09-29 15:29:00+00:00,24850.75,24975.5,24848.25,24867.0,173299,4318502234.166667,120,24919.371918860852,2025-09-29 15:30:00+00:00,2025-09-29 17:59:00+00:00,24866.75,24874.0,24800.25,24844.75,124533,3093577484.3333335,150,24841.427447610942,primary_2023_2025,127.25,127.625,0.9970617042115573,standard,0_7_to_1_0,73.75,0.5795677799607073,False,0.2983050847457627,-0.2983050847457627,1,-1,True,True,0.6033898305084746,False,False,2025,2025-09,2025-W40
NQ,2025-09-30,2025-09-30 13:30:00+00:00,2025-09-30 15:29:00+00:00,24820.5,24862.75,24722.25,24779.75,180919,4485371768.416667,120,24792.15432550847,2025-09-30 15:30:00+00:00,2025-09-30 17:59:00+00:00,24779.75,24843.75,24731.75,24769.0,114028,2826212860.75,150,24785.253277703723,primary_2023_2025,140.5,129.5,1.084942084942085,standard,1_0_to_1_3,112.0,0.797153024911032,False,0.09598214285714286,-0.09598214285714286,-1,-1,False,False,0.3325892857142857,True,True,2025,2025-09,2025-W40
NQ,2025-10-01,2025-10-01 13:30:00+00:00,2025-10-01 15:29:00+00:00,24763.0,24920.75,24726.0,24890.75,166524,4136410617.6666665,120,24839.72651189418,2025-10-01 15:30:00+00:00,2025-10-01 17:59:00+00:00,24890.75,24990.0,24890.75,24983.5,88715,2213459875.5,150,24950.232491686864,primary_2023_2025,194.75,129.5,1.5038610038610039,exhaustion,1_5_to_2_0,99.25,0.5096277278562259,False,0.9345088161209067,0.9345088161209067,1,1,False,True,0.9345088161209067,False,False,2025,2025-10,2025-W40
NQ,2025-10-02,2025-10-02 13:30:00+00:00,2025-10-02 15:29:00+00:00,25165.25,25169.0,24993.75,25042.0,188097,4713886305.916667,120,25060.9329543622,2025-10-02 15:30:00+00:00,2025-10-02 17:59:00+00:00,25041.5,25113.0,25000.75,25085.5,102440,2567306422.8333335,150,25061.562112781467,primary_2023_2025,175.25,129.5,1.3532818532818534,standard,1_3_to_1_5,112.25,0.6405135520684736,False,0.39198218262806234,0.39198218262806234,-1,1,True,False,0.755011135857461,True,True,2025,2025-10,2025-W40
NQ,2025-10-03,2025-10-03 13:30:00+00:00,2025-10-03 15:29:00+00:00,25133.5,25168.0,25051.0,25134.25,151217,3797347991.5,120,25111.911964263276,2025-10-03 15:30:00+00:00,2025-10-03 17:59:00+00:00,25133.75,25156.0,24923.25,24973.5,147251,3690544991.5833335,150,25062.953674904304,primary_2023_2025,117.0,129.5,0.9034749034749034,standard,0_7_to_1_0,232.75,1.9893162393162394,False,0.6885069817400644,-0.6885069817400644,1,-1,True,True,0.2158968850698174,True,True,2025,2025-10,2025-W40
NQ,2025-10-06,2025-10-06 13:30:00+00:00,2025-10-06 15:29:00+00:00,25214.25,25221.75,25108.5,25161.5,143101,3599919044.0,120,25156.491177559907,2025-10-06 15:30:00+00:00,2025-10-06 17:59:00+00:00,25162.0,25231.75,25158.25,25227.5,84748,2135839675.75,150,25202.242834639164,primary_2023_2025,113.25,125.375,0.9032901296111665,standard,0_7_to_1_0,73.5,0.6490066225165563,False,0.891156462585034,0.891156462585034,-1,1,True,True,0.9421768707482994,False,False,2025,2025-10,2025-W41
NQ,2025-10-07,2025-10-07 13:30:00+00:00,2025-10-07 15:29:00+00:00,25237.0,25264.75,25053.0,25074.75,193684,4877127469.5,120,25180.84854453646,2025-10-07 15:30:00+00:00,2025-10-07 17:59:00+00:00,25074.75,25092.0,24984.75,25015.5,167260,4187687301.5,150,25036.992117063255,primary_2023_2025,211.75,125.375,1.6889332003988036,exhaustion,1_5_to_2_0,107.25,0.5064935064935064,False,0.5524475524475524,-0.5524475524475524,-1,-1,False,True,0.2867132867132867,False,False,2025,2025-10,2025-W41
NQ,2025-10-08,2025-10-08 13:30:00+00:00,2025-10-08 15:29:00+00:00,25079.75,25246.5,25074.0,25236.25,166048,4181397416.9166665,120,25181.859564202317,2025-10-08 15:30:00+00:00,2025-10-08 17:59:00+00:00,25236.0,25290.75,25230.0,25273.75,82432,2081792690.6666667,150,25254.666763716355,primary_2023_2025,172.5,125.375,1.3758723828514456,standard,1_3_to_1_5,60.75,0.3521739130434783,True,0.6213991769547325,0.6213991769547325,1,1,False,True,0.720164609053498,False,False,2025,2025-10,2025-W41
NQ,2025-10-09,2025-10-09 13:30:00+00:00,2025-10-09 15:29:00+00:00,25329.0,25334.75,25193.5,25227.5,179614,4537459914.333333,120,25262.28420019226,2025-10-09 15:30:00+00:00,2025-10-09 17:59:00+00:00,25227.5,25274.5,25160.75,25215.5,139570,3520350930.3333335,150,25222.833920852143,primary_2023_2025,141.25,131.75,1.0721062618595825,standard,1_0_to_1_3,113.75,0.8053097345132744,False,0.1054945054945055,-0.1054945054945055,-1,-1,False,True,0.48131868131868133,True,True,2025,2025-10,2025-W41
NQ,2025-10-10,2025-10-10 13:30:00+00:00,2025-10-10 15:29:00+00:00,25313.0,25388.0,24802.5,24822.25,284429,7158759424.25,120,25168.880192420605,2025-10-10 15:30:00+00:00,2025-10-10 17:59:00+00:00,24822.25,24908.25,24604.0,24680.0,319980,7919161633.083333,150,24748.926911317372,primary_2023_2025,585.5,132.0,4.4356060606060606,exhaustion,gt_2_0,304.25,0.5196413321947054,False,0.4675431388660641,-0.4675431388660641,-1,-1,False,True,0.24979457682826622,False,False,2025,2025-10,2025-W41
NQ,2025-10-13,2025-10-13 13:30:00+00:00,2025-10-13 15:29:00+00:00,24824.75,24913.5,24724.5,24877.75,219958,5460052751.583333,120,24823.16056512304,2025-10-13 15:30:00+00:00,2025-10-13 17:59:00+00:00,24878.5,24959.0,24852.0,24926.5,119803,2983609219.5833335,150,24904.294713682742,primary_2023_2025,189.0,138.625,1.363390441839495,standard,1_3_to_1_5,107.0,0.5661375661375662,False,0.4485981308411215,0.4485981308411215,1,1,False,True,0.6962616822429907,False,False,2025,2025-10,2025-W42
NQ,2025-10-14,2025-10-14 13:30:00+00:00,2025-10-14 15:29:00+00:00,24638.75,24768.5,24421.0,24704.0,224561,5525904940.25,120,24607.58965381344,2025-10-14 15:30:00+00:00,2025-10-14 17:59:00+00:00,24704.25,24947.5,24700.0,24899.5,156967,3901100236.4166665,150,24852.996084633498,primary_2023_2025,347.5,140.875,2.466725820763088,exhaustion,gt_2_0,247.5,0.7122302158273381,False,0.7888888888888889,0.7888888888888889,1,1,False,True,0.806060606060606,False,False,2025,2025-10,2025-W42
NQ,2025-10-15,2025-10-15 13:30:00+00:00,2025-10-15 15:29:00+00:00,25002.5,25115.0,24897.0,25053.0,178317,4463598282.0,120,25031.815710223927,2025-10-15 15:30:00+00:00,2025-10-15 17:59:00+00:00,25053.5,25059.25,24663.25,24903.5,218834,5444037452.5,150,24877.47540373068,primary_2023_2025,218.0,156.875,1.3896414342629482,standard,1_3_to_1_5,396.0,1.81651376146789,False,0.3787878787878788,-0.3787878787878788,1,-1,True,True,0.6066919191919192,True,True,2025,2025-10,2025-W42
NQ,2025-10-16,2025-10-16 13:30:00+00:00,2025-10-16 15:29:00+00:00,25045.25,25179.5,25013.75,25038.5,202568,5082185036.75,120,25088.785182012954,2025-10-16 15:30:00+00:00,2025-10-16 17:59:00+00:00,25038.25,25073.25,24732.0,24865.5,243313,6059949371.166667,150,24905.982710199074,primary_2023_2025,165.75,173.875,0.9532710280373832,standard,0_7_to_1_0,341.25,2.0588235294117645,False,0.5062271062271062,-0.5062271062271062,-1,-1,False,True,0.3912087912087912,False,False,2025,2025-10,2025-W42
NQ,2025-10-17,2025-10-17 13:30:00+00:00,2025-10-17 15:29:00+00:00,24736.25,24960.75,24672.5,24734.75,232863,5777281597.25,120,24809.787717456187,2025-10-17 15:30:00+00:00,2025-10-17 17:59:00+00:00,24735.5,24973.25,24675.0,24936.5,166550,4141914925.5,150,24868.897781447013,primary_2023_2025,288.25,169.125,1.704360679970436,exhaustion,1_5_to_2_0,298.25,1.0346921075455333,False,0.6739312657166806,0.6739312657166806,-1,1,True,True,0.8767812238055323,True,True,2025,2025-10,2025-W42
NQ,2025-10-20,2025-10-20 13:30:00+00:00,2025-10-20 15:29:00+00:00,25119.0,25327.75,25114.75,25320.75,151442,3824056441.5,120,25250.9636791643,2025-10-20 15:30:00+00:00,2025-10-20 17:59:00+00:00,25321.5,25354.5,25290.75,25336.75,90968,2303432673.9166665,150,25321.351177520297,primary_2023_2025,213.0,173.875,1.225017972681524,standard,1_0_to_1_3,63.75,0.2992957746478873,True,0.23921568627450981,0.23921568627450981,1,1,False,True,0.7215686274509804,False,False,2025,2025-10,2025-W43
NQ,2025-10-21,2025-10-21 13:30:00+00:00,2025-10-21 15:29:00+00:00,25300.75,25304.5,25203.25,25275.5,163766,4136263192.1666665,120,25257.15467292763,2025-10-21 15:30:00+00:00,2025-10-21 17:59:00+00:00,25275.5,25348.5,25250.0,25313.25,109742,2776689629.5,150,25301.97763390498,primary_2023_2025,101.25,182.125,0.5559368565545642,standard,le_0_7,98.5,0.9728395061728395,False,0.383248730964467,0.383248730964467,-1,1,True,True,0.6421319796954315,True,True,2025,2025-10,2025-W43
NQ,2025-10-22,2025-10-22 13:30:00+00:00,2025-10-22 15:29:00+00:00,25265.5,25289.25,25023.5,25028.0,236641,5955729493.25,120,25167.783660692778,2025-10-22 15:30:00+00:00,2025-10-22 17:59:00+00:00,25028.0,25131.75,24804.75,24874.0,214909,5368231329.583333,150,24979.090357236473,primary_2023_2025,265.75,182.125,1.4591626630061771,standard,1_3_to_1_5,327.0,1.2304797742238947,False,0.4709480122324159,-0.4709480122324159,-1,-1,False,True,0.2117737003058104,False,False,2025,2025-10,2025-W43
NQ,2025-10-23,2025-10-23 13:30:00+00:00,2025-10-23 15:29:00+00:00,25016.25,25198.5,24999.0,25179.75,189899,4772500410.0,120,25131.782737139216,2025-10-23 15:30:00+00:00,2025-10-23 17:59:00+00:00,25180.0,25283.25,25119.5,25278.75,134926,3401840082.0,150,25212.635681781125,primary_2023_2025,199.5,191.875,1.0397394136807818,standard,1_0_to_1_3,163.75,0.8208020050125313,False,0.6030534351145038,0.6030534351145038,1,1,False,True,0.9725190839694656,True,True,2025,2025-10,2025-W43
NQ,2025-10-24,2025-10-24 13:30:00+00:00,2025-10-24 15:29:00+00:00,25466.5,25548.75,25429.75,25534.5,178896,4561698022.166667,120,25499.161647922072,2025-10-24 15:30:00+00:00,2025-10-24 17:59:00+00:00,25535.25,25570.75,25500.75,25549.25,86977,2221340404.6666665,150,25539.40012493724,primary_2023_2025,119.0,191.875,0.6201954397394137,standard,le_0_7,70.0,0.5882352941176471,False,0.2,0.2,1,1,False,True,0.6928571428571428,False,False,2025,2025-10,2025-W43
NQ,2025-10-27,2025-10-27 13:30:00+00:00,2025-10-27 15:29:00+00:00,25815.75,25901.5,25796.5,25898.25,146446,3786391926.0833335,120,25855.208923994738,2025-10-27 15:30:00+00:00,2025-10-27 17:59:00+00:00,25898.25,25929.0,25888.0,25926.5,72944,1889735073.3333333,150,25906.655425166336,primary_2023_2025,105.0,182.125,0.5765271105010296,standard,le_0_7,41.0,0.3904761904761905,True,0.6890243902439024,0.6890243902439024,1,1,False,True,0.9390243902439024,False,False,2025,2025-10,2025-W44
NQ,2025-10-28,2025-10-28 13:30:00+00:00,2025-10-28 15:29:00+00:00,26051.5,26094.75,26008.75,26045.0,126386,3292615157.3333335,120,26052.056061061616,2025-10-28 15:30:00+00:00,2025-10-28 17:59:00+00:00,26044.75,26158.25,26006.0,26153.25,114045,2976655325.8333335,150,26100.7087187806,primary_2023_2025,86.0,182.125,0.4722031571722718,standard,le_0_7,152.25,1.7703488372093024,False,0.7126436781609196,0.7126436781609196,-1,1,True,True,0.9671592775041051,True,True,2025,2025-10,2025-W44
NQ,2025-10-29,2025-10-29 13:30:00+00:00,2025-10-29 15:29:00+00:00,26266.0,26326.5,26238.0,26253.25,150902,3965537264.6666665,120,26278.891364373347,2025-10-29 15:30:00+00:00,2025-10-29 17:59:00+00:00,26253.25,26268.25,26203.25,26254.0,90946,2386426507.75,150,26240.038129769313,primary_2023_2025,88.5,182.125,0.48592999313658203,standard,le_0_7,65.0,0.7344632768361582,False,0.011538461538461539,0.011538461538461539,-1,1,True,True,0.7807692307692308,False,False,2025,2025-10,2025-W44
NQ,2025-10-30,2025-10-30 13:30:00+00:00,2025-10-30 15:29:00+00:00,26125.25,26182.5,25942.25,26057.25,216549,5641677733.583333,120,26052.66121562941,2025-10-30 15:30:00+00:00,2025-10-30 17:59:00+00:00,26058.0,26097.0,25965.25,26067.5,123251,3209318463.4166665,150,26038.883769029595,primary_2023_2025,240.25,173.875,1.3817397555715312,standard,1_3_to_1_5,131.75,0.5483870967741935,False,0.07210626185958255,0.07210626185958255,-1,1,True,False,0.7760910815939279,True,True,2025,2025-10,2025-W44
NQ,2025-10-31,2025-10-31 13:30:00+00:00,2025-10-31 15:29:00+00:00,26199.25,26199.5,26060.0,26136.25,168255,4396463628.416667,120,26129.765109011125,2025-10-31 15:30:00+00:00,2025-10-31 17:59:00+00:00,26137.5,26158.0,25888.75,25947.75,184002,4783386286.333333,150,25996.382030267785,primary_2023_2025,139.5,180.75,0.7717842323651453,standard,0_7_to_1_0,269.25,1.9301075268817205,False,0.7047353760445683,-0.7047353760445683,-1,-1,False,True,0.2191272051996286,True,True,2025,2025-10,2025-W44
NQ,2025-11-03,2025-11-03 14:30:00+00:00,2025-11-03 16:29:00+00:00,26235.75,26266.0,26015.5,26052.25,176729,4615580306.25,120,26116.71149754709,2025-11-03 16:30:00+00:00,2025-11-03 18:59:00+00:00,26052.75,26166.25,26043.5,26129.5,97920,2557659892.75,150,26119.89269556781,primary_2023_2025,250.5,180.75,1.3858921161825726,standard,1_3_to_1_5,122.75,0.49001996007984033,True,0.6252545824847251,0.6252545824847251,-1,1,True,False,0.7006109979633401,True,True,2025,2025-11,2025-W45
NQ,2025-11-04,2025-11-04 14:30:00+00:00,2025-11-04 16:29:00+00:00,25742.0,25893.5,25663.0,25771.25,200515,5172998655.416667,120,25798.561979984876,2025-11-04 16:30:00+00:00,2025-11-04 18:59:00+00:00,25771.5,25796.5,25601.75,25669.25,153657,3947511701.5833335,150,25690.412422364967,primary_2023_2025,230.5,194.25,1.1866151866151866,standard,1_0_to_1_3,194.75,0.8449023861171366,False,0.5250320924261874,-0.5250320924261874,1,-1,True,True,0.3465982028241335,False,False,2025,2025-11,2025-W45
NQ,2025-11-05,2025-11-05 14:30:00+00:00,2025-11-05 16:29:00+00:00,25542.25,25748.75,25488.0,25743.0,199738,5122996592.75,120,25648.582606965123,2025-11-05 16:30:00+00:00,2025-11-05 18:59:00+00:00,25742.5,25872.75,25727.25,25864.5,106929,2758386405.6666665,150,25796.42945942323,primary_2023_2025,260.75,194.25,1.3423423423423424,standard,1_3_to_1_5,145.5,0.5580057526366251,False,0.8384879725085911,0.8384879725085911,1,1,False,True,0.9432989690721649,False,False,2025,2025-11,2025-W45
NQ,2025-11-06,2025-11-06 14:30:00+00:00,2025-11-06 16:29:00+00:00,25674.0,25685.75,25277.25,25332.75,285605,7271486896.25,120,25459.942564906076,2025-11-06 16:30:00+00:00,2025-11-06 18:59:00+00:00,25332.75,25371.25,25197.75,25330.25,181059,4577376449.5,150,25281.131838240573,primary_2023_2025,408.5,206.25,1.9806060606060607,exhaustion,1_5_to_2_0,173.5,0.42472460220318237,True,0.01440922190201729,-0.01440922190201729,-1,-1,False,True,0.7636887608069164,False,False,2025,2025-11,2025-W45
NQ,2025-11-07,2025-11-07 14:30:00+00:00,2025-11-07 16:29:00+00:00,25110.5,25111.0,24771.25,24795.5,255090,6361359847.916667,120,24937.707663635058,2025-11-07 16:30:00+00:00,2025-11-07 18:59:00+00:00,24795.5,24953.5,24709.25,24922.5,169588,4210701342.6666665,150,24829.005251943927,primary_2023_2025,339.75,215.5,1.5765661252900232,exhaustion,1_5_to_2_0,244.25,0.7189109639440765,False,0.5199590583418628,0.5199590583418628,-1,1,True,True,0.8730808597748209,True,True,2025,2025-11,2025-W45
NQ,2025-11-10,2025-11-10 14:30:00+00:00,2025-11-10 16:29:00+00:00,25538.75,25666.5,25471.0,25483.0,215105,5503409295.333333,120,25584.757654788744,2025-11-10 16:30:00+00:00,2025-11-10 18:59:00+00:00,25483.25,25682.5,25452.0,25646.75,137911,3526927657.5,150,25573.940131679126,primary_2023_2025,195.5,215.5,0.9071925754060325,standard,0_7_to_1_0,230.5,1.1790281329923273,False,0.7093275488069414,0.7093275488069414,-1,1,True,True,0.8449023861171366,True,True,2025,2025-11,2025-W46
NQ,2025-11-11,2025-11-11 14:30:00+00:00,2025-11-11 16:29:00+00:00,25605.0,25646.0,25486.5,25511.5,191760,4902131767.5,120,25563.891153003755,2025-11-11 16:30:00+00:00,2025-11-11 18:59:00+00:00,25511.5,25696.25,25478.5,25690.5,135967,3479316921.4166665,150,25589.421855425702,primary_2023_2025,159.5,215.5,0.740139211136891,standard,0_7_to_1_0,217.75,1.365203761755486,False,0.8220436280137773,0.8220436280137773,-1,1,True,True,0.9735935706084959,True,True,2025,2025-11,2025-W46
NQ,2025-11-12,2025-11-12 14:30:00+00:00,2025-11-12 16:29:00+00:00,25778.5,25780.75,25497.0,25582.25,228160,5841475371.25,120,25602.53931999474,2025-11-12 16:30:00+00:00,2025-11-12 18:59:00+00:00,25581.75,25637.25,25488.75,25612.5,155945,3988273284.1666665,150,25574.87116718501,primary_2023_2025,283.75,206.25,1.3757575757575757,standard,1_3_to_1_5,148.5,0.5233480176211454,False,0.20707070707070707,0.20707070707070707,-1,1,True,True,0.8333333333333334,True,True,2025,2025-11,2025-W46
NQ,2025-11-13,2025-11-13 14:30:00+00:00,2025-11-13 16:29:00+00:00,25477.25,25502.0,25182.0,25224.25,261428,6623301939.5,120,25335.09011850299,2025-11-13 16:30:00+00:00,2025-11-13 18:59:00+00:00,25224.75,25263.25,25012.75,25070.5,187540,4716626792.166667,150,25149.977563008782,primary_2023_2025,320.0,206.25,1.5515151515151515,exhaustion,1_5_to_2_0,250.5,0.7828125,False,0.6157684630738522,-0.6157684630738522,-1,-1,False,True,0.23053892215568864,False,False,2025,2025-11,2025-W46
NQ,2025-11-14,2025-11-14 14:30:00+00:00,2025-11-14 16:29:00+00:00,24723.5,25268.25,24626.0,25241.0,315534,7876697127.166667,120,24963.06935913932,2025-11-14 16:30:00+00:00,2025-11-14 18:59:00+00:00,25241.25,25293.25,25088.25,25172.75,189084,4765372723.75,150,25202.411223318737,primary_2023_2025,642.25,221.75,2.896279594137542,exhaustion,gt_2_0,205.0,0.31919034643830285,True,0.33414634146341465,-0.33414634146341465,1,-1,True,True,0.4121951219512195,False,False,2025,2025-11,2025-W46
NQ,2025-11-17,2025-11-17 14:30:00+00:00,2025-11-17 16:29:00+00:00,24997.75,25254.0,24945.0,25070.0,233529,5861562189.833333,120,25099.932727127394,2025-11-17 16:30:00+00:00,2025-11-17 18:59:00+00:00,25070.0,25201.0,24886.75,24895.25,171828,4306882156.416667,150,25065.077614921123,primary_2023_2025,309.0,221.75,1.3934611048478016,standard,1_3_to_1_5,314.25,1.016990291262136,False,0.5560859188544153,-0.5560859188544153,1,-1,True,True,0.027048528241845664,True,True,2025,2025-11,2025-W47
NQ,2025-11-18,2025-11-18 14:30:00+00:00,2025-11-18 16:29:00+00:00,24718.25,24832.0,24376.25,24647.25,324648,7976128691.166667,120,24568.54405746121,2025-11-18 16:30:00+00:00,2025-11-18 18:59:00+00:00,24647.25,24804.5,24493.5,24710.25,193585,4778448339.75,150,24683.980369088513,primary_2023_2025,455.75,235.375,1.9362719065321297,exhaustion,1_5_to_2_0,311.0,0.6823916620954471,False,0.20257234726688103,0.20257234726688103,-1,1,True,False,0.6969453376205788,True,True,2025,2025-11,2025-W47
NQ,2025-11-19,2025-11-19 14:30:00+00:00,2025-11-19 16:29:00+00:00,24611.5,24988.0,24572.5,24706.25,270938,6721011219.083333,120,24806.454683666863,2025-11-19 16:30:00+00:00,2025-11-19 18:59:00+00:00,24707.5,24724.75,24507.0,24686.75,176281,4343467480.583333,150,24639.453376049223,primary_2023_2025,415.5,245.375,1.6933265410086602,exhaustion,1_5_to_2_0,217.75,0.5240673886883274,False,0.09529276693455797,-0.09529276693455797,1,-1,True,True,0.8254879448909299,False,False,2025,2025-11,2025-W47
NQ,2025-11-20,2025-11-20 14:30:00+00:00,2025-11-20 16:29:00+00:00,25211.5,25310.0,24886.25,24905.0,283142,7122441638.333333,120,25155.016346332697,2025-11-20 16:30:00+00:00,2025-11-20 18:59:00+00:00,24906.25,24928.0,24235.5,24278.75,348666,8549972997.083333,150,24521.95796860988,primary_2023_2025,423.75,245.375,1.726948548140601,exhaustion,1_5_to_2_0,692.5,1.6342182890855457,False,0.9061371841155235,-0.9061371841155235,-1,-1,False,True,0.062454873646209386,False,False,2025,2025-11,2025-W47
NQ,2025-11-21,2025-11-21 14:30:00+00:00,2025-11-21 16:29:00+00:00,24203.5,24298.0,23927.25,24175.75,289985,6993277898.083333,120,24115.99875194694,2025-11-21 16:30:00+00:00,2025-11-21 18:59:00+00:00,24175.0,24559.5,24139.75,24477.25,200376,4875598621.833333,150,24332.248482020466,primary_2023_2025,370.75,255.625,1.4503667481662592,standard,1_3_to_1_5,419.75,1.1321645313553608,False,0.7200714711137582,0.7200714711137582,-1,1,True,True,0.8040500297796307,False,False,2025,2025-11,2025-W47
NQ,2025-11-24,2025-11-24 14:30:00+00:00,2025-11-24 16:29:00+00:00,24522.25,24882.0,24516.75,24864.0,204225,5049212849.833333,120,24723.77451258824,2025-11-24 16:30:00+00:00,2025-11-24 18:59:00+00:00,24863.75,24953.75,24829.0,24925.5,115534,2876535157.8333335,150,24897.737097593206,primary_2023_2025,365.25,272.25,1.3415977961432506,standard,1_3_to_1_5,124.75,0.34154688569472963,True,0.49498997995991983,0.49498997995991983,1,1,False,True,0.7735470941883767,False,False,2025,2025-11,2025-W48
NQ,2025-11-25,2025-11-25 14:30:00+00:00,2025-11-25 16:29:00+00:00,24857.25,24883.25,24602.0,24854.25,260189,6444759567.666667,120,24769.531254844238,2025-11-25 16:30:00+00:00,2025-11-25 18:59:00+00:00,24853.75,25060.75,24839.75,25023.75,124394,3106264363.4166665,150,24971.175164530978,primary_2023_2025,281.25,296.375,0.9489666807254323,standard,0_7_to_1_0,221.0,0.7857777777777778,False,0.7692307692307693,0.7692307692307693,-1,1,True,True,0.832579185520362,False,False,2025,2025-11,2025-W48
NQ,2025-11-26,2025-11-26 14:30:00+00:00,2025-11-26 16:29:00+00:00,25222.25,25338.75,25133.75,25323.25,187567,4731861373.416667,120,25227.5793365393,2025-11-26 16:30:00+00:00,2025-11-26 18:59:00+00:00,25323.25,25376.0,25281.0,25316.5,121349,3074285839.8333335,150,25334.249477402645,primary_2023_2025,205.0,296.375,0.6916912695065374,standard,le_0_7,95.0,0.4634146341463415,True,0.07105263157894737,-0.07105263157894737,1,-1,True,True,0.3736842105263158,False,False,2025,2025-11,2025-W48
NQ,2025-11-27,2025-11-27 14:30:00+00:00,2025-11-27 16:29:00+00:00,25301.5,25317.75,25285.75,25301.5,12021,304119597.0833333,120,25299.026460638324,2025-11-27 16:30:00+00:00,2025-11-27 17:59:00+00:00,25301.75,25303.0,25290.75,25301.75,3042,76957502.33333333,90,25298.32423843962,primary_2023_2025,32.0,296.375,0.10797132011809363,standard,le_0_7,12.25,0.3828125,True,0.0,0.0,0,0,False,False,0.8979591836734694,True,True,2025,2025-11,2025-W48
NQ,2025-11-28,2025-11-28 14:30:00+00:00,2025-11-28 16:29:00+00:00,25358.0,25436.25,25331.0,25389.25,64345,1633705888.25,120,25389.787679695393,2025-11-28 16:30:00+00:00,2025-11-28 18:14:00+00:00,25388.75,25499.75,25373.75,25484.5,71484,1818393865.9166667,105,25437.77440989126,primary_2023_2025,105.25,296.375,0.3551244200759173,standard,le_0_7,126.0,1.1971496437054632,False,0.7599206349206349,0.7599206349206349,1,1,False,True,0.878968253968254,True,True,2025,2025-11,2025-W48
NQ,2025-12-01,2025-12-01 14:30:00+00:00,2025-12-01 16:29:00+00:00,25255.0,25420.0,25209.25,25381.25,200128,5069804465.25,120,25332.809328279902,2025-12-01 16:30:00+00:00,2025-12-01 18:59:00+00:00,25380.25,25495.75,25379.25,25486.5,96639,2459434894.75,150,25449.71382930287,primary_2023_2025,210.75,296.375,0.7110923660902573,standard,0_7_to_1_0,116.5,0.5527876631079478,False,0.9120171673819742,0.9120171673819742,1,1,False,True,0.9206008583690987,False,False,2025,2025-12,2025-W49
NQ,2025-12-02,2025-12-02 14:30:00+00:00,2025-12-02 16:29:00+00:00,25492.75,25670.0,25443.0,25459.75,228102,5835352589.666667,120,25582.20703749492,2025-12-02 16:30:00+00:00,2025-12-02 18:59:00+00:00,25459.5,25622.25,25414.5,25577.0,145453,3714627209.6666665,150,25538.333411250827,primary_2023_2025,227.0,296.375,0.7659215520877267,standard,0_7_to_1_0,207.75,0.9151982378854625,False,0.5655836341756919,0.5655836341756919,-1,1,True,True,0.7821901323706378,True,True,2025,2025-12,2025-W49
NQ,2025-12-03,2025-12-03 14:30:00+00:00,2025-12-03 16:29:00+00:00,25495.25,25605.5,25430.0,25566.75,186520,4762181255.916667,120,25531.745957091287,2025-12-03 16:30:00+00:00,2025-12-03 18:59:00+00:00,25566.75,25654.75,25530.0,25629.0,105122,2691921917.0833335,150,25607.598001211292,primary_2023_2025,175.5,296.375,0.5921552087726698,standard,le_0_7,124.75,0.7108262108262108,False,0.49899799599198397,0.49899799599198397,1,1,False,True,0.7935871743486974,True,True,2025,2025-12,2025-W49
NQ,2025-12-04,2025-12-04 14:30:00+00:00,2025-12-04 16:29:00+00:00,25712.0,25713.0,25505.0,25582.5,194109,4966352419.916667,120,25585.379451322024,2025-12-04 16:30:00+00:00,2025-12-04 18:59:00+00:00,25582.75,25653.25,25564.5,25604.0,108785,2785820712.75,150,25608.500369995865,primary_2023_2025,208.0,296.375,0.7018135807676086,standard,0_7_to_1_0,88.75,0.4266826923076923,True,0.23943661971830985,0.23943661971830985,-1,1,True,False,0.4450704225352113,True,True,2025,2025-12,2025-W49
NQ,2025-12-05,2025-12-05 14:30:00+00:00,2025-12-05 16:29:00+00:00,25680.0,25868.0,25673.5,25697.75,199595,5143714563.25,120,25770.7586024199,2025-12-05 16:30:00+00:00,2025-12-05 18:59:00+00:00,25698.0,25761.5,25651.25,25726.75,119091,3062011458.4166665,150,25711.526970272032,primary_2023_2025,194.5,282.5,0.6884955752212389,standard,le_0_7,110.25,0.5668380462724936,False,0.26077097505668934,0.26077097505668934,1,1,False,True,0.6848072562358276,False,False,2025,2025-12,2025-W49
NQ,2025-12-08,2025-12-08 14:30:00+00:00,2025-12-08 16:29:00+00:00,25791.0,25860.75,25626.25,25662.0,165107,4248046750.1666665,120,25729.05297877538,2025-12-08 16:30:00+00:00,2025-12-08 18:59:00+00:00,25661.75,25696.25,25564.75,25592.5,127755,3275720103.8333335,150,25640.64110080493,primary_2023_2025,234.5,254.125,0.9227742252828333,standard,0_7_to_1_0,131.5,0.5607675906183369,False,0.526615969581749,-0.526615969581749,-1,-1,False,True,0.21102661596958175,False,False,2025,2025-12,2025-W50
NQ,2025-12-09,2025-12-09 14:30:00+00:00,2025-12-09 16:29:00+00:00,25618.5,25709.75,25560.0,25690.0,144969,3717143812.9166665,120,25640.95643148995,2025-12-09 16:30:00+00:00,2025-12-09 18:59:00+00:00,25690.25,25735.75,25668.25,25721.75,105753,2718804719.5,150,25709.00796667707,primary_2023_2025,149.75,257.875,0.5807077072224915,standard,le_0_7,67.5,0.4507512520868113,True,0.4666666666666667,0.4666666666666667,1,1,False,True,0.7925925925925926,False,False,2025,2025-12,2025-W50
NQ,2025-12-10,2025-12-10 14:30:00+00:00,2025-12-10 16:29:00+00:00,25647.25,25672.25,25528.75,25647.75,167470,4289241338.6666665,120,25611.998200672755,2025-12-10 16:30:00+00:00,2025-12-10 18:59:00+00:00,25647.25,25682.25,25595.0,25616.75,82480,2114441498.4166667,150,25635.808661695766,primary_2023_2025,143.5,257.875,0.5564711585070286,standard,le_0_7,87.25,0.60801393728223,False,0.3495702005730659,-0.3495702005730659,1,-1,True,True,0.2492836676217765,True,True,2025,2025-12,2025-W50
NQ,2025-12-11,2025-12-11 14:30:00+00:00,2025-12-11 16:29:00+00:00,25643.5,25650.25,25390.25,25467.0,255791,6530010695.5,120,25528.696066319768,2025-12-11 16:30:00+00:00,2025-12-11 18:59:00+00:00,25467.0,25687.0,25464.0,25637.5,134841,3450095768.25,150,25586.40004338443,primary_2023_2025,260.0,230.75,1.1267605633802817,standard,1_0_to_1_3,223.0,0.8576923076923076,False,0.7645739910313901,0.7645739910313901,-1,1,True,True,0.7780269058295964,True,True,2025,2025-12,2025-W50
NQ,2025-12-12,2025-12-12 14:30:00+00:00,2025-12-12 16:29:00+00:00,25560.25,25619.5,25134.0,25224.25,301878,7663149935.25,120,25384.92349641246,2025-12-12 16:30:00+00:00,2025-12-12 18:59:00+00:00,25224.75,25372.5,25118.0,25278.25,166005,4191736230.0,150,25250.662510165355,primary_2023_2025,485.5,230.75,2.104008667388949,exhaustion,gt_2_0,254.5,0.5242018537590113,False,0.21021611001964635,0.21021611001964635,-1,1,True,True,0.6296660117878192,False,False,2025,2025-12,2025-W50
NQ,2025-12-15,2025-12-15 14:30:00+00:00,2025-12-15 16:29:00+00:00,25666.75,25668.0,25285.75,25504.5,130062,3310801174.1666665,120,25455.560995268923,2025-12-15 16:30:00+00:00,2025-12-15 18:59:00+00:00,25505.25,25511.25,25329.75,25402.5,68959,1751056185.3333333,150,25392.714298834573,primary_2023_2025,382.25,230.75,1.6565547128927411,exhaustion,1_5_to_2_0,181.5,0.4748201438848921,True,0.5661157024793388,-0.5661157024793388,-1,-1,False,False,0.40082644628099173,True,True,2025,2025-12,2025-W51
NQ,2025-12-16,2025-12-16 14:30:00+00:00,2025-12-16 16:29:00+00:00,25232.0,25409.0,25178.75,25233.0,186924,4727128064.333333,120,25289.037599951494,2025-12-16 16:30:00+00:00,2025-12-16 18:59:00+00:00,25232.25,25355.0,25171.75,25316.25,136859,3458342864.6666665,150,25269.385752246228,primary_2023_2025,230.25,230.75,0.9978331527627302,standard,0_7_to_1_0,183.25,0.7958740499457112,False,0.4583901773533424,0.4583901773533424,1,1,False,True,0.7885402455661664,True,True,2025,2025-12,2025-W51
NQ,2025-12-17,2025-12-17 14:30:00+00:00,2025-12-17 16:29:00+00:00,25422.5,25447.75,25009.0,25068.25,262555,6621739781.25,120,25220.391084725106,2025-12-17 16:30:00+00:00,2025-12-17 18:59:00+00:00,25068.0,25085.0,24933.75,24957.75,156249,3909021841.5,150,25017.899900159362,primary_2023_2025,438.75,228.625,1.9190814652815746,exhaustion,1_5_to_2_0,151.25,0.34472934472934474,True,0.7289256198347107,-0.7289256198347107,-1,-1,False,True,0.15867768595041323,False,False,2025,2025-12,2025-W51
NQ,2025-12-18,2025-12-18 14:30:00+00:00,2025-12-18 16:29:00+00:00,25278.75,25412.5,25161.25,25353.0,228158,5770211938.25,120,25290.421279332742,2025-12-18 16:30:00+00:00,2025-12-18 18:59:00+00:00,25353.0,25412.0,25184.5,25338.5,168883,4274977706.3333335,150,25313.250631107534,primary_2023_2025,251.25,228.625,1.0989611809732094,standard,1_0_to_1_3,227.5,0.9054726368159204,False,0.06373626373626373,-0.06373626373626373,1,-1,True,False,0.676923076923077,True,True,2025,2025-12,2025-W51
NQ,2025-12-19,2025-12-19 14:30:00+00:00,2025-12-19 16:29:00+00:00,25361.25,25600.25,25357.0,25540.75,197919,5047974225.0,120,25505.253285434952,2025-12-19 16:30:00+00:00,2025-12-19 18:59:00+00:00,25542.0,25597.5,25494.75,25551.75,96237,2459455275.1666665,150,25556.233830716526,primary_2023_2025,243.25,228.625,1.0639693821760525,standard,1_0_to_1_3,102.75,0.4224049331963001,True,0.0948905109489051,0.0948905109489051,1,1,False,False,0.5547445255474452,True,True,2025,2025-12,2025-W51
NQ,2025-12-22,2025-12-22 14:30:00+00:00,2025-12-22 16:29:00+00:00,25780.75,25794.75,25628.0,25711.75,155212,3989640364.3333335,120,25704.458188370318,2025-12-22 16:30:00+00:00,2025-12-22 18:59:00+00:00,25711.75,25727.25,25673.0,25689.5,77950,2003273896.3333333,150,25699.472691896513,primary_2023_2025,166.75,228.625,0.7293603061782394,standard,0_7_to_1_0,54.25,0.32533733133433285,True,0.41013824884792627,-0.41013824884792627,-1,-1,False,False,0.30414746543778803,True,True,2025,2025-12,2025-W52
NQ,2025-12-23,2025-12-23 14:30:00+00:00,2025-12-23 16:29:00+00:00,25644.25,25754.5,25628.25,25743.75,144637,3717393569.6666665,120,25701.53950694958,2025-12-23 16:30:00+00:00,2025-12-23 18:59:00+00:00,25743.5,25780.25,25730.75,25774.0,63163,1627328053.3333333,150,25763.94492556296,primary_2023_2025,126.25,218.875,0.5768132495716733,standard,le_0_7,49.5,0.3920792079207921,True,0.6161616161616161,0.6161616161616161,1,1,False,True,0.8737373737373737,False,False,2025,2025-12,2025-W52
NQ,2025-12-24,2025-12-24 14:30:00+00:00,2025-12-24 16:29:00+00:00,25795.0,25856.25,25784.0,25853.5,78696,2031817540.0,120,25818.561807461625,2025-12-24 16:30:00+00:00,2025-12-24 18:14:00+00:00,25853.5,25892.0,25850.5,25864.75,48859,1264208988.9166667,105,25874.63904125477,primary_2023_2025,72.25,209.375,0.34507462686567164,standard,le_0_7,41.5,0.5743944636678201,False,0.2710843373493976,0.2710843373493976,1,1,False,True,0.3433734939759036,False,False,2025,2025-12,2025-W52
NQ,2025-12-26,2025-12-26 14:30:00+00:00,2025-12-26 16:29:00+00:00,25899.0,25935.25,25834.25,25881.25,100563,2602955162.75,120,25883.825688871653,2025-12-26 16:30:00+00:00,2025-12-26 18:59:00+00:00,25881.75,25893.25,25847.75,25891.75,48319,1250102276.25,150,25871.857369771726,primary_2023_2025,101.0,209.375,0.4823880597014925,standard,le_0_7,45.5,0.4504950495049505,True,0.21978021978021978,0.21978021978021978,-1,1,True,False,0.967032967032967,True,True,2025,2025-12,2025-W52
NQ,2025-12-29,2025-12-29 14:30:00+00:00,2025-12-29 16:29:00+00:00,25706.75,25819.0,25661.75,25704.5,136334,3507518006.8333335,120,25727.390136234055,2025-12-29 16:30:00+00:00,2025-12-29 18:59:00+00:00,25704.0,25729.0,25648.0,25694.5,68162,1751191539.3333333,150,25691.610271607835,primary_2023_2025,157.25,209.375,0.751044776119403,standard,0_7_to_1_0,81.0,0.5151033386327504,False,0.11728395061728394,-0.11728395061728394,-1,-1,False,True,0.5740740740740741,True,True,2025,2025-12,2026-W01
NQ,2025-12-30,2025-12-30 14:30:00+00:00,2025-12-30 16:29:00+00:00,25692.75,25793.75,25674.25,25774.25,124049,3191222699.8333335,120,25725.5012118867,2025-12-30 16:30:00+00:00,2025-12-30 18:59:00+00:00,25774.0,25776.5,25699.5,25732.5,62205,1600496303.8333333,150,25729.383551697345,primary_2023_2025,119.5,209.375,0.5707462686567164,standard,le_0_7,77.0,0.6443514644351465,False,0.538961038961039,-0.538961038961039,1,-1,True,False,0.42857142857142855,True,True,2025,2025-12,2026-W01
NQ,2025-12-31,2025-12-31 14:30:00+00:00,2025-12-31 16:29:00+00:00,25678.75,25692.0,25542.5,25596.0,101185,2590711513.9166665,120,25603.711161898173,2025-12-31 16:30:00+00:00,2025-12-31 18:59:00+00:00,25596.5,25629.5,25568.0,25614.25,55857,1429529062.6666667,150,25592.657369115183,primary_2023_2025,149.5,201.25,0.7428571428571429,standard,0_7_to_1_0,61.5,0.411371237458194,True,0.2886178861788618,0.2886178861788618,-1,1,True,False,0.7520325203252033,True,True,2025,2025-12,2026-W01
