root,session_date,timestamp_first,timestamp_last,open,high,low,close,volume,source_label,source_path,tr,close_to_close_return_points,trendiness,signed_trendiness,prior_day_tr,atr20,range_ratio,state,state_next,range_ratio_bin
MNQ,2023-01-02,2023-01-02 23:00:00+00:00,2023-01-03 04:59:00+00:00,11117.0,11151.0,10951.75,11022.25,106129,databento_ohlcv_1m,../trading/data/databento_ohlcv_1m/front_1m.parquet,199.25,,0.4755332496863237,-0.4755332496863237,,,,unclassified,unclassified,
MNQ,2023-01-03,2023-01-03 05:00:00+00:00,2023-01-04 04:59:00+00:00,11022.0,11181.75,10844.25,10983.5,1024714,databento_ohlcv_1m,../trading/data/databento_ohlcv_1m/front_1m.parquet,337.5,-38.75,0.11407407407407408,-0.11407407407407408,199.25,,,unclassified,unclassified,
MNQ,2023-01-04,2023-01-04 05:00:00+00:00,2023-01-05 04:59:00+00:00,10983.0,11068.0,10863.25,10983.25,1228793,databento_ohlcv_1m,../trading/data/databento_ohlcv_1m/front_1m.parquet,204.75,-0.25,0.001221001221001221,0.001221001221001221,337.5,,,unclassified,unclassified,
MNQ,2023-01-05,2023-01-05 05:00:00+00:00,2023-01-06 04:59:00+00:00,10983.0,11046.25,10804.75,10874.25,1093875,databento_ohlcv_1m,../trading/data/databento_ohlcv_1m/front_1m.parquet,241.5,-109.0,0.4503105590062112,-0.4503105590062112,204.75,,,unclassified,unclassified,
MNQ,2023-01-06,2023-01-06 05:00:00+00:00,2023-01-06 21:59:00+00:00,10874.25,11166.0,10751.0,11107.75,1239317,databento_ohlcv_1m,../trading/data/databento_ohlcv_1m/front_1m.parquet,415.0,233.5,0.5626506024096386,0.5626506024096386,241.5,,,unclassified,unclassified,
MNQ,2023-01-08,2023-01-08 23:00:00+00:00,2023-01-09 04:59:00+00:00,11128.75,11178.0,11123.25,11174.0,61674,databento_ohlcv_1m,../trading/data/databento_ohlcv_1m/front_1m.parquet,54.75,66.25,0.8264840182648402,0.8264840182648402,415.0,,,unclassified,unclassified,
MNQ,2023-01-09,2023-01-09 05:00:00+00:00,2023-01-10 04:59:00+00:00,11173.75,11385.5,11120.25,11146.0,1073319,databento_ohlcv_1m,../trading/data/databento_ohlcv_1m/front_1m.parquet,265.25,-28.0,0.10461828463713478,-0.10461828463713478,54.75,,,unclassified,unclassified,
MNQ,2023-01-10,2023-01-10 05:00:00+00:00,2023-01-11 04:59:00+00:00,11144.75,11301.75,11094.25,11277.25,1159287,databento_ohlcv_1m,../trading/data/databento_ohlcv_1m/front_1m.parquet,207.5,131.25,0.6385542168674698,0.6385542168674698,265.25,,,unclassified,unclassified,
MNQ,2023-01-11,2023-01-11 05:00:00+00:00,2023-01-12 04:59:00+00:00,11277.0,11491.5,11239.5,11487.25,966453,databento_ohlcv_1m,../trading/data/databento_ohlcv_1m/front_1m.parquet,252.0,210.0,0.8343253968253969,0.8343253968253969,207.5,,,unclassified,unclassified,
MNQ,2023-01-12,2023-01-12 05:00:00+00:00,2023-01-13 04:59:00+00:00,11487.0,11580.0,11288.5,11491.5,1530702,databento_ohlcv_1m,../trading/data/databento_ohlcv_1m/front_1m.parquet,291.5,4.25,0.015437392795883362,0.015437392795883362,252.0,,,unclassified,unclassified,
MNQ,2023-01-13,2023-01-13 05:00:00+00:00,2023-01-13 21:59:00+00:00,11491.0,11619.25,11389.5,11601.25,982767,databento_ohlcv_1m,../trading/data/databento_ohlcv_1m/front_1m.parquet,229.75,109.75,0.47986942328618065,0.47986942328618065,291.5,,,unclassified,unclassified,
MNQ,2023-01-15,2023-01-15 23:00:00+00:00,2023-01-16 04:59:00+00:00,11612.5,11638.25,11582.75,11618.0,43597,databento_ohlcv_1m,../trading/data/databento_ohlcv_1m/front_1m.parquet,55.5,16.75,0.0990990990990991,0.0990990990990991,229.75,,,unclassified,unclassified,
MNQ,2023-01-16,2023-01-16 05:00:00+00:00,2023-01-17 04:59:00+00:00,11618.0,11619.75,11510.25,11545.5,241115,databento_ohlcv_1m,../trading/data/databento_ohlcv_1m/front_1m.parquet,109.5,-72.5,0.6621004566210046,-0.6621004566210046,55.5,,,unclassified,unclassified,
MNQ,2023-01-17,2023-01-17 05:00:00+00:00,2023-01-18 04:59:00+00:00,11545.5,11693.25,11530.0,11645.5,1020032,databento_ohlcv_1m,../trading/data/databento_ohlcv_1m/front_1m.parquet,163.25,100.0,0.6125574272588055,0.6125574272588055,109.5,,,unclassified,unclassified,
MNQ,2023-01-18,2023-01-18 05:00:00+00:00,2023-01-19 04:59:00+00:00,11645.25,11759.5,11445.75,11468.25,1234525,databento_ohlcv_1m,../trading/data/databento_ohlcv_1m/front_1m.parquet,313.75,-177.25,0.5641434262948207,-0.5641434262948207,163.25,,,unclassified,unclassified,
MNQ,2023-01-19,2023-01-19 05:00:00+00:00,2023-01-20 04:59:00+00:00,11468.5,11486.5,11308.5,11399.25,1169820,databento_ohlcv_1m,../trading/data/databento_ohlcv_1m/front_1m.parquet,178.0,-69.0,0.3890449438202247,-0.3890449438202247,313.75,,,unclassified,unclassified,
MNQ,2023-01-20,2023-01-20 05:00:00+00:00,2023-01-20 21:59:00+00:00,11399.25,11686.0,11365.25,11676.25,1003935,databento_ohlcv_1m,../trading/data/databento_ohlcv_1m/front_1m.parquet,320.75,277.0,0.8636009353078722,0.8636009353078722,178.0,,,unclassified,unclassified,
MNQ,2023-01-22,2023-01-22 23:00:00+00:00,2023-01-23 04:59:00+00:00,11677.75,11687.0,11650.25,11667.25,34947,databento_ohlcv_1m,../trading/data/databento_ohlcv_1m/front_1m.parquet,36.75,-9.0,0.2857142857142857,-0.2857142857142857,320.75,,,unclassified,unclassified,
MNQ,2023-01-23,2023-01-23 05:00:00+00:00,2023-01-24 04:59:00+00:00,11667.0,11983.0,11652.0,11930.0,1073618,databento_ohlcv_1m,../trading/data/databento_ohlcv_1m/front_1m.parquet,331.0,262.75,0.7945619335347432,0.7945619335347432,36.75,,,unclassified,unclassified,
MNQ,2023-01-24,2023-01-24 05:00:00+00:00,2023-01-25 04:59:00+00:00,11929.75,12010.0,11798.25,11819.0,1047560,databento_ohlcv_1m,../trading/data/databento_ohlcv_1m/front_1m.parquet,211.75,-111.0,0.5230224321133412,-0.5230224321133412,331.0,,,unclassified,neutral,
MNQ,2023-01-25,2023-01-25 05:00:00+00:00,2023-01-26 04:59:00+00:00,11818.75,11923.0,11604.5,11916.5,1218389,databento_ohlcv_1m,../trading/data/databento_ohlcv_1m/front_1m.parquet,318.5,97.5,0.3069073783359498,0.3069073783359498,211.75,220.95,0.9583616202760806,neutral,expansion,0_9_to_1_1
MNQ,2023-01-26,2023-01-26 05:00:00+00:00,2023-01-27 04:59:00+00:00,11916.0,12113.25,11904.0,12033.5,1138133,databento_ohlcv_1m,../trading/data/databento_ohlcv_1m/front_1m.parquet,209.25,117.0,0.5615292712066906,0.5615292712066906,318.5,226.9125,1.4036247452211756,expansion,neutral,gt_1_3
MNQ,2023-01-27,2023-01-27 05:00:00+00:00,2023-01-27 21:59:00+00:00,12033.75,12308.0,12016.0,12219.75,1107522,databento_ohlcv_1m,../trading/data/databento_ohlcv_1m/front_1m.parquet,292.0,186.25,0.636986301369863,0.636986301369863,209.25,220.5,0.9489795918367347,neutral,expansion,0_9_to_1_1
MNQ,2023-01-29,2023-01-29 23:00:00+00:00,2023-01-30 04:59:00+00:00,12213.25,12252.0,12170.0,12179.5,63599,databento_ohlcv_1m,../trading/data/databento_ohlcv_1m/front_1m.parquet,82.0,-40.25,0.4115853658536585,-0.4115853658536585,292.0,224.8625,1.2985713491578186,expansion,compression,1_1_to_1_3
MNQ,2023-01-30,2023-01-30 05:00:00+00:00,2023-01-31 04:59:00+00:00,12179.25,12179.25,11920.75,11937.75,1156262,databento_ohlcv_1m,../trading/data/databento_ohlcv_1m/front_1m.parquet,258.5,-241.75,0.9342359767891683,-0.9342359767891683,82.0,216.8875,0.3780761915739727,compression,expansion,lt_0_7
MNQ,2023-01-31,2023-01-31 05:00:00+00:00,2023-02-01 04:59:00+00:00,11937.5,12156.0,11871.25,12107.0,1051480,databento_ohlcv_1m,../trading/data/databento_ohlcv_1m/front_1m.parquet,284.75,169.25,0.5952589991220368,0.5952589991220368,258.5,209.0625,1.2364723467862482,expansion,expansion,1_1_to_1_3
MNQ,2023-02-01,2023-02-01 05:00:00+00:00,2023-02-02 04:59:00+00:00,12106.5,12559.75,12055.0,12540.25,1113047,databento_ohlcv_1m,../trading/data/databento_ohlcv_1m/front_1m.parquet,504.75,433.25,0.8593363051015354,0.8593363051015354,284.75,220.5625,1.2910172853499575,expansion,expansion,1_1_to_1_3
MNQ,2023-02-02,2023-02-02 05:00:00+00:00,2023-02-03 04:59:00+00:00,12540.25,12950.0,12508.5,12656.0,1398106,databento_ohlcv_1m,../trading/data/databento_ohlcv_1m/front_1m.parquet,441.5,115.75,0.2621744054360136,0.2621744054360136,504.75,232.5375,2.1706176423157557,expansion,expansion,gt_1_3
MNQ,2023-02-03,2023-02-03 05:00:00+00:00,2023-02-03 21:59:00+00:00,12655.25,12877.75,12550.5,12616.75,1430422,databento_ohlcv_1m,../trading/data/databento_ohlcv_1m/front_1m.parquet,327.25,-39.25,0.11764705882352941,-0.11764705882352941,441.5,244.2375,1.8076667178463586,expansion,expansion,gt_1_3
MNQ,2023-02-05,2023-02-05 23:00:00+00:00,2023-02-06 04:59:00+00:00,12578.25,12605.0,12550.75,12566.5,78005,databento_ohlcv_1m,../trading/data/databento_ohlcv_1m/front_1m.parquet,54.25,-50.25,0.21658986175115208,-0.21658986175115208,327.25,248.0,1.3195564516129032,expansion,compression,gt_1_3
MNQ,2023-02-06,2023-02-06 05:00:00+00:00,2023-02-07 04:59:00+00:00,12566.5,12608.75,12456.5,12530.75,1051362,databento_ohlcv_1m,../trading/data/databento_ohlcv_1m/front_1m.parquet,152.25,-35.75,0.2348111658456486,-0.2348111658456486,54.25,236.1375,0.22973902916732836,compression,compression,lt_0_7
MNQ,2023-02-07,2023-02-07 05:00:00+00:00,2023-02-08 04:59:00+00:00,12530.5,12818.75,12459.25,12787.75,1285069,databento_ohlcv_1m,../trading/data/databento_ohlcv_1m/front_1m.parquet,359.5,257.0,0.7155771905424201,0.7155771905424201,152.25,232.2625,0.6555083149453743,compression,expansion,lt_0_7
MNQ,2023-02-08,2023-02-08 05:00:00+00:00,2023-02-09 04:59:00+00:00,12787.5,12809.0,12512.5,12577.5,1050211,databento_ohlcv_1m,../trading/data/databento_ohlcv_1m/front_1m.parquet,296.5,-210.25,0.7082630691399663,-0.7082630691399663,359.5,247.4625,1.452745365459413,expansion,neutral,gt_1_3
MNQ,2023-02-09,2023-02-09 05:00:00+00:00,2023-02-10 04:59:00+00:00,12577.25,12729.5,12366.0,12389.25,1196306,databento_ohlcv_1m,../trading/data/databento_ohlcv_1m/front_1m.parquet,363.5,-188.25,0.517193947730399,-0.517193947730399,296.5,256.8125,1.1545388172304698,neutral,expansion,1_1_to_1_3
MNQ,2023-02-10,2023-02-10 05:00:00+00:00,2023-02-10 21:59:00+00:00,12389.5,12446.25,12243.0,12336.75,1109302,databento_ohlcv_1m,../trading/data/databento_ohlcv_1m/front_1m.parquet,203.25,-52.5,0.25953259532595324,-0.25953259532595324,363.5,266.825,1.3623161248008995,expansion,compression,gt_1_3
MNQ,2023-02-12,2023-02-12 23:00:00+00:00,2023-02-13 04:59:00+00:00,12353.25,12367.0,12265.0,12284.0,62264,databento_ohlcv_1m,../trading/data/databento_ohlcv_1m/front_1m.parquet,102.0,-52.75,0.678921568627451,-0.678921568627451,203.25,261.3,0.7778415614236509,compression,compression,0_7_to_0_9
MNQ,2023-02-13,2023-02-13 05:00:00+00:00,2023-02-14 04:59:00+00:00,12285.0,12567.75,12283.25,12524.5,872091,databento_ohlcv_1m,../trading/data/databento_ohlcv_1m/front_1m.parquet,284.5,240.5,0.8418277680140598,0.8418277680140598,102.0,257.5,0.39611650485436894,compression,neutral,lt_0_7
MNQ,2023-02-14,2023-02-14 05:00:00+00:00,2023-02-15 04:59:00+00:00,12524.0,12685.75,12390.5,12563.5,1535571,databento_ohlcv_1m,../trading/data/databento_ohlcv_1m/front_1m.parquet,295.25,39.0,0.13378492802709568,0.13378492802709568,284.5,255.6875,1.1126863847470057,neutral,neutral,1_1_to_1_3
MNQ,2023-02-15,2023-02-15 05:00:00+00:00,2023-02-16 04:59:00+00:00,12563.25,12792.5,12524.25,12780.0,1056767,databento_ohlcv_1m,../trading/data/databento_ohlcv_1m/front_1m.parquet,268.25,216.5,0.8080149114631874,0.8080149114631874,295.25,268.6125,1.0991670156824422,neutral,neutral,0_9_to_1_1
MNQ,2023-02-16,2023-02-16 05:00:00+00:00,2023-02-17 04:59:00+00:00,12779.5,12783.75,12401.5,12413.5,1209895,databento_ohlcv_1m,../trading/data/databento_ohlcv_1m/front_1m.parquet,382.25,-366.5,0.9574885546108568,-0.9574885546108568,268.25,265.475,1.0104529616724738,neutral,expansion,0_9_to_1_1
MNQ,2023-02-17,2023-02-17 05:00:00+00:00,2023-02-17 21:59:00+00:00,12413.75,12423.5,12265.5,12383.5,1059743,databento_ohlcv_1m,../trading/data/databento_ohlcv_1m/front_1m.parquet,158.0,-30.0,0.19145569620253164,-0.19145569620253164,382.25,274.0,1.39507299270073,expansion,compression,gt_1_3
MNQ,2023-02-19,2023-02-19 23:00:00+00:00,2023-02-20 04:59:00+00:00,12383.0,12407.0,12346.25,12394.75,43830,databento_ohlcv_1m,../trading/data/databento_ohlcv_1m/front_1m.parquet,60.75,11.25,0.1934156378600823,0.1934156378600823,158.0,265.975,0.5940407933076416,compression,compression,lt_0_7
MNQ,2023-02-20,2023-02-20 05:00:00+00:00,2023-02-21 04:59:00+00:00,12394.25,12418.0,12334.25,12345.25,166156,databento_ohlcv_1m,../trading/data/databento_ohlcv_1m/front_1m.parquet,83.75,-49.5,0.5850746268656717,-0.5850746268656717,60.75,258.55,0.2349642235544382,compression,compression,lt_0_7
MNQ,2023-02-21,2023-02-21 05:00:00+00:00,2023-02-22 04:59:00+00:00,12345.25,12360.0,12091.5,12128.75,883027,databento_ohlcv_1m,../trading/data/databento_ohlcv_1m/front_1m.parquet,268.5,-216.5,0.8063314711359404,-0.8063314711359404,83.75,248.1375,0.33751448289758706,compression,neutral,lt_0_7
MNQ,2023-02-22,2023-02-22 05:00:00+00:00,2023-02-23 04:59:00+00:00,12128.75,12212.75,12034.25,12206.5,1080827,databento_ohlcv_1m,../trading/data/databento_ohlcv_1m/front_1m.parquet,178.5,77.75,0.43557422969187676,0.43557422969187676,268.5,257.4625,1.0428703209205226,neutral,compression,0_9_to_1_1
MNQ,2023-02-23,2023-02-23 05:00:00+00:00,2023-02-24 04:59:00+00:00,12206.25,12261.0,12028.0,12178.0,1016760,databento_ohlcv_1m,../trading/data/databento_ohlcv_1m/front_1m.parquet,233.0,-28.5,0.12124463519313304,-0.12124463519313304,178.5,253.4625,0.704246190264832,compression,neutral,0_7_to_0_9
MNQ,2023-02-24,2023-02-24 05:00:00+00:00,2023-02-24 21:59:00+00:00,12177.75,12188.25,11922.75,11999.0,977205,databento_ohlcv_1m,../trading/data/databento_ohlcv_1m/front_1m.parquet,265.5,-179.0,0.6732580037664784,-0.6732580037664784,233.0,250.875,0.9287493771798705,neutral,neutral,0_9_to_1_1
MNQ,2023-02-26,2023-02-26 23:00:00+00:00,2023-02-27 04:59:00+00:00,12002.25,12046.0,11987.75,12031.0,49503,databento_ohlcv_1m,../trading/data/databento_ohlcv_1m/front_1m.parquet,58.25,32.0,0.49356223175965663,0.49356223175965663,265.5,238.9125,1.1112855124784178,neutral,compression,1_1_to_1_3
MNQ,2023-02-27,2023-02-27 05:00:00+00:00,2023-02-28 04:59:00+00:00,12030.75,12189.5,12006.0,12106.25,836546,databento_ohlcv_1m,../trading/data/databento_ohlcv_1m/front_1m.parquet,183.5,75.25,0.4114441416893733,0.4114441416893733,58.25,219.75,0.26507394766780434,compression,neutral,lt_0_7
MNQ,2023-02-28,2023-02-28 05:00:00+00:00,2023-03-01 04:59:00+00:00,12106.0,12173.75,11989.25,12071.0,947290,databento_ohlcv_1m,../trading/data/databento_ohlcv_1m/front_1m.parquet,184.5,-35.25,0.1897018970189702,-0.1897018970189702,183.5,212.5625,0.8632755072037636,neutral,neutral,0_7_to_0_9
MNQ,2023-03-01,2023-03-01 05:00:00+00:00,2023-03-02 04:59:00+00:00,12071.5,12142.0,11855.0,11904.0,990295,databento_ohlcv_1m,../trading/data/databento_ohlcv_1m/front_1m.parquet,287.0,-167.0,0.5836236933797909,-0.5836236933797909,184.5,219.075,0.8421773365285862,neutral,expansion,0_7_to_0_9
MNQ,2023-03-02,2023-03-02 05:00:00+00:00,2023-03-03 04:59:00+00:00,11904.0,12096.25,11831.5,12033.5,938894,databento_ohlcv_1m,../trading/data/databento_ohlcv_1m/front_1m.parquet,264.75,129.5,0.48914069877242683,0.48914069877242683,287.0,225.8125,1.2709659562690285,expansion,neutral,1_1_to_1_3
MNQ,2023-03-03,2023-03-03 05:00:00+00:00,2023-03-03 21:59:00+00:00,12033.25,12329.75,12018.75,12326.5,823915,databento_ohlcv_1m,../trading/data/databento_ohlcv_1m/front_1m.parquet,311.0,293.0,0.9429260450160771,0.9429260450160771,264.75,221.075,1.1975573900260092,neutral,expansion,1_1_to_1_3
MNQ,2023-03-05,2023-03-05 23:00:00+00:00,2023-03-06 04:59:00+00:00,12307.75,12378.5,12276.0,12340.5,73253,databento_ohlcv_1m,../trading/data/databento_ohlcv_1m/front_1m.parquet,102.5,14.0,0.3195121951219512,0.3195121951219512,311.0,221.8,1.4021641118124435,expansion,compression,gt_1_3
MNQ,2023-03-06,2023-03-06 05:00:00+00:00,2023-03-07 04:59:00+00:00,12340.25,12485.75,12296.0,12367.25,871814,databento_ohlcv_1m,../trading/data/databento_ohlcv_1m/front_1m.parquet,189.75,26.75,0.1422924901185771,0.1422924901185771,102.5,208.75,0.49101796407185627,compression,neutral,lt_0_7
MNQ,2023-03-07,2023-03-07 05:00:00+00:00,2023-03-08 04:59:00+00:00,12367.25,12381.75,12138.5,12162.25,1084712,databento_ohlcv_1m,../trading/data/databento_ohlcv_1m/front_1m.parquet,243.25,-205.0,0.8427543679342241,-0.8427543679342241,189.75,208.075,0.9119307941847892,neutral,neutral,0_9_to_1_1
MNQ,2023-03-08,2023-03-08 05:00:00+00:00,2023-03-09 04:59:00+00:00,12162.25,12254.5,12108.5,12204.0,1019484,databento_ohlcv_1m,../trading/data/databento_ohlcv_1m/front_1m.parquet,146.0,41.75,0.285958904109589,0.285958904109589,243.25,215.1375,1.1306722444947999,neutral,compression,1_1_to_1_3
MNQ,2023-03-09,2023-03-09 05:00:00+00:00,2023-03-10 04:59:00+00:00,12204.25,12353.75,11926.0,11937.0,1253987,databento_ohlcv_1m,../trading/data/databento_ohlcv_1m/front_1m.parquet,427.75,-267.0,0.6247808299240211,-0.6247808299240211,146.0,208.2125,0.7012066998859339,compression,expansion,0_7_to_0_9
MNQ,2023-03-10,2023-03-10 05:00:00+00:00,2023-03-10 21:59:00+00:00,11937.0,12112.0,11796.5,11885.25,1562760,databento_ohlcv_1m,../trading/data/databento_ohlcv_1m/front_1m.parquet,315.5,-51.75,0.16402535657686212,-0.16402535657686212,427.75,214.8375,1.9910397393378716,expansion,expansion,gt_1_3
MNQ,2023-03-12,2023-03-12 22:00:00+00:00,2023-03-13 03:59:00+00:00,12008.75,12200.0,11977.25,12176.25,161063,databento_ohlcv_1m,../trading/data/databento_ohlcv_1m/front_1m.parquet,222.75,291.0,0.7519640852974186,0.7519640852974186,315.5,217.2,1.4525782688766116,expansion,neutral,gt_1_3
MNQ,2023-03-13,2023-03-13 04:00:00+00:00,2023-03-14 03:59:00+00:00,12176.75,12223.25,11806.25,12114.25,1133671,databento_ohlcv_1m,../trading/data/databento_ohlcv_1m/front_1m.parquet,417.0,-62.0,0.1498800959232614,-0.1498800959232614,222.75,209.225,1.0646433265623134,neutral,expansion,0_9_to_1_1
MNQ,2023-03-14,2023-03-14 04:00:00+00:00,2023-03-15 03:59:00+00:00,12114.5,12374.5,12025.0,12349.0,1035738,databento_ohlcv_1m,../trading/data/databento_ohlcv_1m/front_1m.parquet,349.5,234.75,0.670958512160229,0.670958512160229,417.0,222.175,1.8768988410037133,expansion,expansion,gt_1_3
MNQ,2023-03-15,2023-03-15 04:00:00+00:00,2023-03-16 03:59:00+00:00,12349.0,12465.75,12093.25,12429.5,1337590,databento_ohlcv_1m,../trading/data/databento_ohlcv_1m/front_1m.parquet,372.5,80.5,0.21610738255033557,0.21610738255033557,349.5,236.6125,1.4770986317290928,expansion,expansion,gt_1_3
MNQ,2023-03-16,2023-03-16 04:00:00+00:00,2023-03-17 03:59:00+00:00,12429.25,12734.0,12314.0,12720.0,1145941,databento_ohlcv_1m,../trading/data/databento_ohlcv_1m/front_1m.parquet,420.0,290.5,0.6922619047619047,0.6922619047619047,372.5,251.05,1.4837681736705834,expansion,expansion,gt_1_3
MNQ,2023-03-17,2023-03-17 04:00:00+00:00,2023-03-17 20:59:00+00:00,12720.5,12810.0,12569.0,12649.75,1233631,databento_ohlcv_1m,../trading/data/databento_ohlcv_1m/front_1m.parquet,241.0,-70.25,0.29356846473029047,-0.29356846473029047,420.0,258.625,1.6239729337844369,expansion,neutral,gt_1_3
MNQ,2023-03-19,2023-03-19 22:00:00+00:00,2023-03-20 03:59:00+00:00,12689.25,12750.0,12656.25,12667.25,85916,databento_ohlcv_1m,../trading/data/databento_ohlcv_1m/front_1m.parquet,93.75,17.5,0.23466666666666666,-0.23466666666666666,241.0,261.75,0.9207258834765998,neutral,compression,0_9_to_1_1
MNQ,2023-03-20,2023-03-20 04:00:00+00:00,2023-03-21 03:59:00+00:00,12666.5,12738.0,12525.5,12695.5,1129359,databento_ohlcv_1m,../trading/data/databento_ohlcv_1m/front_1m.parquet,212.5,28.25,0.13647058823529412,0.13647058823529412,93.75,254.7875,0.3679536868959427,compression,neutral,lt_0_7
MNQ,2023-03-21,2023-03-21 04:00:00+00:00,2023-03-22 03:59:00+00:00,12695.0,12897.5,12686.25,12875.5,858620,databento_ohlcv_1m,../trading/data/databento_ohlcv_1m/front_1m.parquet,211.25,180.0,0.8544378698224852,0.8544378698224852,212.5,252.1375,0.8427941103564524,neutral,neutral,0_7_to_0_9
MNQ,2023-03-22,2023-03-22 04:00:00+00:00,2023-03-23 03:59:00+00:00,12875.0,13081.75,12677.5,12770.5,1146016,databento_ohlcv_1m,../trading/data/databento_ohlcv_1m/front_1m.parquet,404.25,-105.0,0.2585034013605442,-0.2585034013605442,211.25,259.7875,0.8131646056873405,neutral,expansion,0_7_to_0_9
MNQ,2023-03-23,2023-03-23 04:00:00+00:00,2023-03-24 03:59:00+00:00,12770.0,13031.5,12733.5,12861.5,1364569,databento_ohlcv_1m,../trading/data/databento_ohlcv_1m/front_1m.parquet,298.0,91.0,0.3070469798657718,0.3070469798657718,404.25,270.825,1.4926613126557742,expansion,neutral,gt_1_3
MNQ,2023-03-24,2023-03-24 04:00:00+00:00,2023-03-24 20:59:00+00:00,12861.5,12925.25,12726.0,12924.25,1223012,databento_ohlcv_1m,../trading/data/databento_ohlcv_1m/front_1m.parquet,199.25,62.75,0.31493099121706397,0.31493099121706397,298.0,276.5,1.077757685352622,neutral,compression,0_9_to_1_1
MNQ,2023-03-26,2023-03-26 22:00:00+00:00,2023-03-27 03:59:00+00:00,12916.0,12965.0,12902.5,12950.75,60387,databento_ohlcv_1m,../trading/data/databento_ohlcv_1m/front_1m.parquet,62.5,26.5,0.556,0.556,199.25,272.1125,0.7322339106068262,compression,compression,0_7_to_0_9
MNQ,2023-03-27,2023-03-27 04:00:00+00:00,2023-03-28 03:59:00+00:00,12950.75,12976.25,12765.75,12808.75,949500,databento_ohlcv_1m,../trading/data/databento_ohlcv_1m/front_1m.parquet,210.5,-142.0,0.6745843230403801,-0.6745843230403801,62.5,262.0,0.2385496183206107,compression,neutral,lt_0_7
MNQ,2023-03-28,2023-03-28 04:00:00+00:00,2023-03-29 03:59:00+00:00,12809.0,12833.5,12634.75,12774.0,826394,databento_ohlcv_1m,../trading/data/databento_ohlcv_1m/front_1m.parquet,198.75,-34.75,0.1761006289308176,-0.1761006289308176,210.5,256.975,0.8191458313065473,neutral,compression,0_7_to_0_9
MNQ,2023-03-29,2023-03-29 04:00:00+00:00,2023-03-30 03:59:00+00:00,12773.75,12993.0,12772.25,12943.25,820495,databento_ohlcv_1m,../trading/data/databento_ohlcv_1m/front_1m.parquet,220.75,169.25,0.7678369195922989,0.7678369195922989,198.75,261.7875,0.7592035524996418,compression,neutral,0_7_to_0_9
MNQ,2023-03-30,2023-03-30 04:00:00+00:00,2023-03-31 03:59:00+00:00,12943.5,13138.75,12941.75,13130.0,861560,databento_ohlcv_1m,../trading/data/databento_ohlcv_1m/front_1m.parquet,197.0,186.75,0.9467005076142132,0.9467005076142132,220.75,263.3375,0.8382778753500737,neutral,compression,0_7_to_0_9
MNQ,2023-03-31,2023-03-31 04:00:00+00:00,2023-03-31 20:59:00+00:00,13130.0,13311.5,13056.5,13308.5,772768,databento_ohlcv_1m,../trading/data/databento_ohlcv_1m/front_1m.parquet,255.0,178.5,0.7,0.7,197.0,261.025,0.7547169811320755,compression,neutral,0_7_to_0_9
MNQ,2023-04-02,2023-04-02 22:00:00+00:00,2023-04-03 03:59:00+00:00,13262.5,13275.5,13199.5,13216.25,73170,databento_ohlcv_1m,../trading/data/databento_ohlcv_1m/front_1m.parquet,76.0,-92.25,0.6085526315789473,-0.6085526315789473,255.0,266.475,0.9569377990430621,neutral,compression,0_9_to_1_1
MNQ,2023-04-03,2023-04-03 04:00:00+00:00,2023-04-04 03:59:00+00:00,13216.25,13278.75,13154.25,13244.5,776671,databento_ohlcv_1m,../trading/data/databento_ohlcv_1m/front_1m.parquet,124.5,28.25,0.22690763052208834,0.22690763052208834,76.0,248.8875,0.3053588468685651,compression,compression,lt_0_7
MNQ,2023-04-04,2023-04-04 04:00:00+00:00,2023-04-05 03:59:00+00:00,13244.5,13348.75,13168.75,13226.25,903777,databento_ohlcv_1m,../trading/data/databento_ohlcv_1m/front_1m.parquet,180.0,-18.25,0.10138888888888889,-0.10138888888888889,124.5,239.3375,0.5201859299106909,compression,compression,lt_0_7
MNQ,2023-04-05,2023-04-05 04:00:00+00:00,2023-04-06 03:59:00+00:00,13226.5,13236.25,13006.0,13026.0,852848,databento_ohlcv_1m,../trading/data/databento_ohlcv_1m/front_1m.parquet,230.25,-200.25,0.8707926167209555,-0.8707926167209555,180.0,237.2,0.7588532883642496,compression,neutral,0_7_to_0_9
MNQ,2023-04-06,2023-04-06 04:00:00+00:00,2023-04-07 03:59:00+00:00,13025.75,13191.25,12952.5,13160.0,865891,databento_ohlcv_1m,../trading/data/databento_ohlcv_1m/front_1m.parquet,238.75,134.0,0.562303664921466,0.562303664921466,230.25,227.8625,1.0104778100828349,neutral,neutral,0_9_to_1_1
MNQ,2023-04-07,2023-04-07 04:00:00+00:00,2023-04-07 13:14:00+00:00,13160.0,13190.5,13126.0,13180.75,69398,databento_ohlcv_1m,../trading/data/databento_ohlcv_1m/front_1m.parquet,64.5,20.75,0.32170542635658916,0.32170542635658916,238.75,222.325,1.0738783312717868,neutral,compression,0_9_to_1_1
MNQ,2023-04-09,2023-04-09 22:00:00+00:00,2023-04-10 03:59:00+00:00,13178.0,13206.25,13130.75,13140.75,44396,databento_ohlcv_1m,../trading/data/databento_ohlcv_1m/front_1m.parquet,75.5,-40.0,0.49337748344370863,-0.49337748344370863,64.5,206.925,0.3117071402682131,compression,compression,lt_0_7
MNQ,2023-04-10,2023-04-10 04:00:00+00:00,2023-04-11 03:59:00+00:00,13141.0,13186.75,12967.5,13151.75,766499,databento_ohlcv_1m,../trading/data/databento_ohlcv_1m/front_1m.parquet,219.25,11.0,0.04903078677309008,0.04903078677309008,75.5,189.7,0.3979968371112283,compression,neutral,lt_0_7
MNQ,2023-04-11,2023-04-11 04:00:00+00:00,2023-04-12 03:59:00+00:00,13151.75,13209.25,13051.75,13073.0,811953,databento_ohlcv_1m,../trading/data/databento_ohlcv_1m/front_1m.parquet,157.5,-78.75,0.5,-0.5,219.25,188.6125,1.1624362118099276,neutral,neutral,1_1_to_1_3
MNQ,2023-04-12,2023-04-12 04:00:00+00:00,2023-04-13 03:59:00+00:00,13073.25,13241.0,12925.25,12973.0,1160682,databento_ohlcv_1m,../trading/data/databento_ohlcv_1m/front_1m.parquet,315.75,-100.0,0.3174980205859066,-0.3174980205859066,157.5,191.8,0.8211678832116788,neutral,expansion,0_7_to_0_9
MNQ,2023-04-13,2023-04-13 04:00:00+00:00,2023-04-14 03:59:00+00:00,12973.25,13228.5,12957.25,13198.25,845129,databento_ohlcv_1m,../trading/data/databento_ohlcv_1m/front_1m.parquet,271.25,225.25,0.8294930875576036,0.8294930875576036,315.75,196.9625,1.6030970362378625,expansion,expansion,gt_1_3
MNQ,2023-04-14,2023-04-14 04:00:00+00:00,2023-04-14 20:59:00+00:00,13198.75,13255.0,13056.0,13199.25,981839,databento_ohlcv_1m,../trading/data/databento_ohlcv_1m/front_1m.parquet,199.0,1.0,0.002512562814070352,0.002512562814070352,271.25,199.9625,1.356504344564606,expansion,neutral,gt_1_3
MNQ,2023-04-16,2023-04-16 22:00:00+00:00,2023-04-17 03:59:00+00:00,13210.0,13214.75,13174.0,13181.25,36647,databento_ohlcv_1m,../trading/data/databento_ohlcv_1m/front_1m.parquet,40.75,-18.0,0.7055214723926381,-0.7055214723926381,199.0,189.7,1.0490247759620455,neutral,compression,0_9_to_1_1
MNQ,2023-04-17,2023-04-17 04:00:00+00:00,2023-04-18 03:59:00+00:00,13181.75,13218.0,13077.0,13169.0,872165,databento_ohlcv_1m,../trading/data/databento_ohlcv_1m/front_1m.parquet,141.0,-12.25,0.09042553191489362,-0.09042553191489362,40.75,176.8375,0.23043754859687565,compression,neutral,lt_0_7
MNQ,2023-04-18,2023-04-18 04:00:00+00:00,2023-04-19 03:59:00+00:00,13169.25,13298.5,13138.25,13171.25,913893,databento_ohlcv_1m,../trading/data/databento_ohlcv_1m/front_1m.parquet,160.25,2.25,0.0124804992199688,0.0124804992199688,141.0,173.925,0.8106942647692971,neutral,neutral,0_7_to_0_9
MNQ,2023-04-19,2023-04-19 04:00:00+00:00,2023-04-20 03:59:00+00:00,13171.25,13227.0,13065.0,13140.25,845462,databento_ohlcv_1m,../trading/data/databento_ohlcv_1m/front_1m.parquet,162.0,-31.0,0.19135802469135801,-0.19135802469135801,160.25,178.8125,0.8961901433065361,neutral,neutral,0_7_to_0_9
MNQ,2023-04-20,2023-04-20 04:00:00+00:00,2023-04-21 03:59:00+00:00,13141.0,13199.75,13022.0,13092.75,959067,databento_ohlcv_1m,../trading/data/databento_ohlcv_1m/front_1m.parquet,177.75,-47.5,0.2714486638537271,-0.2714486638537271,162.0,176.3875,0.9184324286018001,neutral,neutral,0_9_to_1_1
MNQ,2023-04-21,2023-04-21 04:00:00+00:00,2023-04-21 20:59:00+00:00,13092.5,13121.75,12982.75,13075.25,864071,databento_ohlcv_1m,../trading/data/databento_ohlcv_1m/front_1m.parquet,139.0,-17.5,0.12410071942446044,-0.12410071942446044,177.75,175.3375,1.0137591787267413,neutral,neutral,0_9_to_1_1
MNQ,2023-04-23,2023-04-23 22:00:00+00:00,2023-04-24 03:59:00+00:00,13071.25,13074.75,13046.0,13052.5,37866,databento_ohlcv_1m,../trading/data/databento_ohlcv_1m/front_1m.parquet,28.75,-22.75,0.6521739130434783,-0.6521739130434783,139.0,171.25,0.8116788321167884,neutral,compression,0_7_to_0_9
MNQ,2023-04-24,2023-04-24 04:00:00+00:00,2023-04-25 03:59:00+00:00,13052.25,13134.0,12967.25,13012.0,834768,databento_ohlcv_1m,../trading/data/databento_ohlcv_1m/front_1m.parquet,166.75,-40.5,0.2413793103448276,-0.2413793103448276,28.75,162.8375,0.17655638289705994,compression,neutral,lt_0_7
MNQ,2023-04-25,2023-04-25 04:00:00+00:00,2023-04-26 03:59:00+00:00,13012.5,13027.25,12801.0,12970.0,1032443,databento_ohlcv_1m,../trading/data/databento_ohlcv_1m/front_1m.parquet,226.25,-42.0,0.1878453038674033,-0.1878453038674033,166.75,158.425,1.052548524538425,neutral,expansion,0_9_to_1_1
MNQ,2023-04-26,2023-04-26 04:00:00+00:00,2023-04-27 03:59:00+00:00,12970.25,13012.5,12863.0,12952.25,1032641,databento_ohlcv_1m,../trading/data/databento_ohlcv_1m/front_1m.parquet,149.5,-17.75,0.12040133779264214,-0.12040133779264214,226.25,165.9375,1.3634651600753296,expansion,neutral,gt_1_3
MNQ,2023-04-27,2023-04-27 04:00:00+00:00,2023-04-28 03:59:00+00:00,12952.5,13331.5,12951.75,13201.75,991581,databento_ohlcv_1m,../trading/data/databento_ohlcv_1m/front_1m.parquet,379.75,249.5,0.6563528637261357,0.6563528637261357,149.5,167.1875,0.8942056074766355,neutral,expansion,0_7_to_0_9
MNQ,2023-04-28,2023-04-28 04:00:00+00:00,2023-04-28 20:59:00+00:00,13201.75,13336.75,13168.75,13327.0,906154,databento_ohlcv_1m,../trading/data/databento_ohlcv_1m/front_1m.parquet,168.0,125.25,0.7455357142857143,0.7455357142857143,379.75,177.175,2.1433610836743333,expansion,neutral,gt_1_3
MNQ,2023-04-30,2023-04-30 22:00:00+00:00,2023-05-01 03:59:00+00:00,13316.25,13344.75,13295.0,13334.25,43154,databento_ohlcv_1m,../trading/data/databento_ohlcv_1m/front_1m.parquet,49.75,7.25,0.36180904522613067,0.36180904522613067,168.0,174.0625,0.9651705565529622,neutral,compression,0_9_to_1_1
MNQ,2023-05-01,2023-05-01 04:00:00+00:00,2023-05-02 03:59:00+00:00,13334.5,13367.25,13258.75,13300.0,803929,databento_ohlcv_1m,../trading/data/databento_ohlcv_1m/front_1m.parquet,108.5,-34.25,0.31797235023041476,-0.31797235023041476,49.75,164.6125,0.30222492216569213,compression,compression,lt_0_7
MNQ,2023-05-02,2023-05-02 04:00:00+00:00,2023-05-03 03:59:00+00:00,13300.25,13334.5,13111.0,13188.5,923316,databento_ohlcv_1m,../trading/data/databento_ohlcv_1m/front_1m.parquet,223.5,-111.5,0.5,-0.5,108.5,166.8125,0.6504308729861371,compression,expansion,lt_0_7
MNQ,2023-05-03,2023-05-03 04:00:00+00:00,2023-05-04 03:59:00+00:00,13188.75,13310.0,13043.0,13148.75,1048312,databento_ohlcv_1m,../trading/data/databento_ohlcv_1m/front_1m.parquet,267.0,-39.75,0.149812734082397,-0.149812734082397,223.5,174.2125,1.2829159790485758,expansion,expansion,1_1_to_1_3
MNQ,2023-05-04,2023-05-04 04:00:00+00:00,2023-05-05 03:59:00+00:00,13149.0,13172.0,13001.75,13111.0,995465,databento_ohlcv_1m,../trading/data/databento_ohlcv_1m/front_1m.parquet,170.25,-37.75,0.22320117474302498,-0.22320117474302498,267.0,176.6,1.5118912797281994,expansion,neutral,gt_1_3
MNQ,2023-05-05,2023-05-05 04:00:00+00:00,2023-05-05 20:59:00+00:00,13111.25,13358.75,13076.25,13310.5,741948,databento_ohlcv_1m,../trading/data/databento_ohlcv_1m/front_1m.parquet,282.5,199.5,0.7053097345132744,0.7053097345132744,170.25,177.2375,0.9605754989773608,neutral,expansion,0_9_to_1_1
MNQ,2023-05-07,2023-05-07 22:00:00+00:00,2023-05-08 03:59:00+00:00,13315.5,13332.75,13294.25,13313.25,38019,databento_ohlcv_1m,../trading/data/databento_ohlcv_1m/front_1m.parquet,38.5,2.75,0.05844155844155844,-0.05844155844155844,282.5,175.575,1.608999003274954,expansion,compression,gt_1_3
MNQ,2023-05-08,2023-05-08 04:00:00+00:00,2023-05-09 03:59:00+00:00,13313.0,13368.0,13254.5,13341.0,657240,databento_ohlcv_1m,../trading/data/databento_ohlcv_1m/front_1m.parquet,113.5,27.75,0.24669603524229075,0.24669603524229075,38.5,163.9375,0.2348455966450629,compression,compression,lt_0_7
MNQ,2023-05-09,2023-05-09 04:00:00+00:00,2023-05-10 03:59:00+00:00,13341.25,13347.25,13249.25,13271.75,667503,databento_ohlcv_1m,../trading/data/databento_ohlcv_1m/front_1m.parquet,98.0,-69.25,0.7091836734693877,-0.7091836734693877,113.5,159.6625,0.7108745009003367,compression,compression,0_7_to_0_9
MNQ,2023-05-10,2023-05-10 04:00:00+00:00,2023-05-11 03:59:00+00:00,13271.75,13448.0,13202.0,13433.0,1159116,databento_ohlcv_1m,../trading/data/databento_ohlcv_1m/front_1m.parquet,246.0,161.25,0.6554878048780488,0.6554878048780488,98.0,162.525,0.6029841562836487,compression,expansion,lt_0_7
MNQ,2023-05-11,2023-05-11 04:00:00+00:00,2023-05-12 03:59:00+00:00,13433.25,13494.75,13361.5,13481.5,951944,databento_ohlcv_1m,../trading/data/databento_ohlcv_1m/front_1m.parquet,133.25,48.5,0.3621013133208255,0.3621013133208255,246.0,167.775,1.4662494412159142,expansion,neutral,gt_1_3
MNQ,2023-05-12,2023-05-12 04:00:00+00:00,2023-05-12 20:59:00+00:00,13481.5,13493.75,13310.0,13369.5,814838,databento_ohlcv_1m,../trading/data/databento_ohlcv_1m/front_1m.parquet,183.75,-112.0,0.6095238095238096,-0.6095238095238096,133.25,166.425,0.800660958389665,neutral,neutral,0_7_to_0_9
MNQ,2023-05-14,2023-05-14 22:00:00+00:00,2023-05-15 03:59:00+00:00,13379.25,13394.5,13350.0,13390.5,33921,databento_ohlcv_1m,../trading/data/databento_ohlcv_1m/front_1m.parquet,44.5,21.0,0.25280898876404495,0.25280898876404495,183.75,167.5125,1.0969330646966644,neutral,compression,0_9_to_1_1
MNQ,2023-05-15,2023-05-15 04:00:00+00:00,2023-05-16 03:59:00+00:00,13390.5,13479.0,13351.25,13459.0,709077,databento_ohlcv_1m,../trading/data/databento_ohlcv_1m/front_1m.parquet,127.75,68.5,0.5362035225048923,0.5362035225048923,44.5,160.85,0.27665526888405345,compression,compression,lt_0_7
MNQ,2023-05-16,2023-05-16 04:00:00+00:00,2023-05-17 03:59:00+00:00,13458.5,13554.25,13426.25,13515.25,793201,databento_ohlcv_1m,../trading/data/databento_ohlcv_1m/front_1m.parquet,128.0,56.25,0.443359375,0.443359375,127.75,160.2875,0.7970053809560945,compression,compression,0_7_to_0_9
MNQ,2023-05-17,2023-05-17 04:00:00+00:00,2023-05-18 03:59:00+00:00,13515.0,13669.25,13474.0,13644.5,801267,databento_ohlcv_1m,../trading/data/databento_ohlcv_1m/front_1m.parquet,195.25,129.25,0.6632522407170295,0.6632522407170295,128.0,165.25,0.7745839636913767,compression,neutral,0_7_to_0_9
MNQ,2023-05-18,2023-05-18 04:00:00+00:00,2023-05-19 03:59:00+00:00,13644.75,13960.5,13631.5,13929.0,995622,databento_ohlcv_1m,../trading/data/databento_ohlcv_1m/front_1m.parquet,329.0,284.5,0.8639817629179332,0.8639817629179332,195.25,166.675,1.1714414279286034,neutral,expansion,1_1_to_1_3
MNQ,2023-05-19,2023-05-19 04:00:00+00:00,2023-05-19 20:59:00+00:00,13929.0,13931.75,13814.25,13841.5,862326,databento_ohlcv_1m,../trading/data/databento_ohlcv_1m/front_1m.parquet,117.5,-87.5,0.7446808510638298,-0.7446808510638298,329.0,171.8125,1.9148781375045472,expansion,compression,gt_1_3
MNQ,2023-05-21,2023-05-21 22:00:00+00:00,2023-05-22 03:59:00+00:00,13813.75,13873.25,13794.25,13871.25,38482,databento_ohlcv_1m,../trading/data/databento_ohlcv_1m/front_1m.parquet,79.0,29.75,0.7278481012658228,0.7278481012658228,117.5,170.2125,0.6903135786149666,compression,compression,lt_0_7
MNQ,2023-05-22,2023-05-22 04:00:00+00:00,2023-05-23 03:59:00+00:00,13871.25,13977.25,13824.25,13936.5,788608,databento_ohlcv_1m,../trading/data/databento_ohlcv_1m/front_1m.parquet,153.0,65.25,0.4264705882352941,0.4264705882352941,79.0,155.175,0.5091026260673432,compression,neutral,lt_0_7
MNQ,2023-05-23,2023-05-23 04:00:00+00:00,2023-05-24 03:59:00+00:00,13937.0,13938.25,13711.0,13744.25,858640,databento_ohlcv_1m,../trading/data/databento_ohlcv_1m/front_1m.parquet,227.25,-192.25,0.8481848184818482,-0.8481848184818482,153.0,154.425,0.9907722195240407,neutral,expansion,0_9_to_1_1
MNQ,2023-05-24,2023-05-24 04:00:00+00:00,2023-05-25 03:59:00+00:00,13744.0,13884.0,13566.75,13837.75,1013647,databento_ohlcv_1m,../trading/data/databento_ohlcv_1m/front_1m.parquet,317.25,93.5,0.29550827423167847,0.29550827423167847,227.25,163.3,1.391610532761788,expansion,expansion,gt_1_3
MNQ,2023-05-25,2023-05-25 04:00:00+00:00,2023-05-26 03:59:00+00:00,13837.5,14031.5,13826.5,13951.25,1112425,databento_ohlcv_1m,../trading/data/databento_ohlcv_1m/front_1m.parquet,205.0,113.5,0.5548780487804879,0.5548780487804879,317.25,173.7375,1.8260306496870278,expansion,neutral,gt_1_3
MNQ,2023-05-26,2023-05-26 04:00:00+00:00,2023-05-26 20:59:00+00:00,13951.25,14372.5,13940.75,14371.25,936508,databento_ohlcv_1m,../trading/data/databento_ohlcv_1m/front_1m.parquet,431.75,420.0,0.9727851766068326,0.9727851766068326,205.0,172.8125,1.18625678119349,neutral,expansion,1_1_to_1_3
MNQ,2023-05-28,2023-05-28 22:00:00+00:00,2023-05-29 03:59:00+00:00,14418.25,14446.0,14386.5,14393.25,62704,databento_ohlcv_1m,../trading/data/databento_ohlcv_1m/front_1m.parquet,59.5,22.0,0.42016806722689076,-0.42016806722689076,431.75,181.05,2.384700359016846,expansion,compression,gt_1_3
MNQ,2023-05-29,2023-05-29 04:00:00+00:00,2023-05-30 03:59:00+00:00,14393.25,14432.25,14367.5,14388.0,135882,databento_ohlcv_1m,../trading/data/databento_ohlcv_1m/front_1m.parquet,64.75,-5.25,0.08108108108108109,-0.08108108108108109,59.5,175.5125,0.3390071932198562,compression,compression,lt_0_7
MNQ,2023-05-30,2023-05-30 04:00:00+00:00,2023-05-31 03:59:00+00:00,14388.25,14570.0,14336.25,14381.0,1069169,databento_ohlcv_1m,../trading/data/databento_ohlcv_1m/front_1m.parquet,233.75,-7.0,0.031016042780748664,-0.031016042780748664,64.75,164.625,0.3933181473044799,compression,expansion,lt_0_7
MNQ,2023-05-31,2023-05-31 04:00:00+00:00,2023-06-01 03:59:00+00:00,14380.5,14412.25,14248.0,14279.75,1065075,databento_ohlcv_1m,../trading/data/databento_ohlcv_1m/front_1m.parquet,164.25,-101.25,0.6133942161339422,-0.6133942161339422,233.75,174.3875,1.3404057056841805,expansion,neutral,gt_1_3
MNQ,2023-06-01,2023-06-01 04:00:00+00:00,2023-06-02 03:59:00+00:00,14280.0,14528.25,14252.0,14507.75,901624,databento_ohlcv_1m,../trading/data/databento_ohlcv_1m/front_1m.parquet,276.25,228.0,0.8244343891402715,0.8244343891402715,164.25,176.925,0.9283594743535396,neutral,expansion,0_9_to_1_1
MNQ,2023-06-02,2023-06-02 04:00:00+00:00,2023-06-02 20:59:00+00:00,14507.25,14627.75,14470.0,14586.75,927404,databento_ohlcv_1m,../trading/data/databento_ohlcv_1m/front_1m.parquet,157.75,79.0,0.5039619651347068,0.5039619651347068,276.25,185.8375,1.4865137552969665,expansion,neutral,gt_1_3
MNQ,2023-06-04,2023-06-04 22:00:00+00:00,2023-06-05 03:59:00+00:00,14582.75,14584.25,14512.75,14528.5,53543,databento_ohlcv_1m,../trading/data/databento_ohlcv_1m/front_1m.parquet,71.5,-58.25,0.7587412587412588,-0.7587412587412588,157.75,181.425,0.8695053052225437,neutral,compression,0_7_to_0_9
MNQ,2023-06-05,2023-06-05 04:00:00+00:00,2023-06-06 03:59:00+00:00,14528.5,14695.25,14516.5,14589.0,944390,databento_ohlcv_1m,../trading/data/databento_ohlcv_1m/front_1m.parquet,178.75,60.5,0.3384615384615385,0.3384615384615385,71.5,178.3375,0.40092521202775633,compression,neutral,lt_0_7
MNQ,2023-06-06,2023-06-06 04:00:00+00:00,2023-06-07 03:59:00+00:00,14589.0,14624.0,14505.0,14586.5,822283,databento_ohlcv_1m,../trading/data/databento_ohlcv_1m/front_1m.parquet,119.0,-2.5,0.02100840336134454,-0.02100840336134454,178.75,178.0875,1.00372008142065,neutral,compression,0_9_to_1_1
MNQ,2023-06-07,2023-06-07 04:00:00+00:00,2023-06-08 03:59:00+00:00,14586.5,14675.5,14300.0,14306.75,1116984,databento_ohlcv_1m,../trading/data/databento_ohlcv_1m/front_1m.parquet,375.5,-279.75,0.7450066577896138,-0.7450066577896138,119.0,181.8125,0.6545204537641801,compression,expansion,lt_0_7
MNQ,2023-06-08,2023-06-08 04:00:00+00:00,2023-06-09 03:59:00+00:00,14306.75,14527.0,14257.0,14500.0,947094,databento_ohlcv_1m,../trading/data/databento_ohlcv_1m/front_1m.parquet,270.0,193.25,0.7157407407407408,0.7157407407407408,375.5,194.2,1.9335736354273945,expansion,expansion,gt_1_3
MNQ,2023-06-09,2023-06-09 04:00:00+00:00,2023-06-09 20:59:00+00:00,14500.0,14688.0,14460.25,14563.25,952793,databento_ohlcv_1m,../trading/data/databento_ohlcv_1m/front_1m.parquet,227.75,63.25,0.27771679473106475,0.27771679473106475,270.0,201.3,1.3412816691505216,expansion,neutral,gt_1_3
MNQ,2023-06-11,2023-06-11 22:00:00+00:00,2023-06-12 03:59:00+00:00,14561.5,14778.25,14553.75,14764.5,30059,databento_ohlcv_1m,../trading/data/databento_ohlcv_1m/front_1m.parquet,224.5,201.25,0.9042316258351893,0.9042316258351893,227.75,202.925,1.1223358383639275,neutral,neutral,1_1_to_1_3
MNQ,2023-06-12,2023-06-12 04:00:00+00:00,2023-06-13 03:59:00+00:00,14764.25,15053.25,14754.0,15047.25,512140,databento_ohlcv_1m,../trading/data/databento_ohlcv_1m/front_1m.parquet,299.25,282.75,0.9456975772765246,0.9456975772765246,224.5,197.7,1.1355589276681841,neutral,expansion,1_1_to_1_3
MNQ,2023-06-13,2023-06-13 04:00:00+00:00,2023-06-14 03:59:00+00:00,15047.75,15151.75,14962.75,15098.5,841810,databento_ohlcv_1m,../trading/data/databento_ohlcv_1m/front_1m.parquet,189.0,51.25,0.26851851851851855,0.26851851851851855,299.25,206.7875,1.4471377621954906,expansion,neutral,gt_1_3
MNQ,2023-06-14,2023-06-14 04:00:00+00:00,2023-06-15 03:59:00+00:00,15098.5,15244.0,14976.0,15196.0,1083013,databento_ohlcv_1m,../trading/data/databento_ohlcv_1m/front_1m.parquet,268.0,97.5,0.36380597014925375,0.36380597014925375,189.0,212.2875,0.890302066772655,neutral,expansion,0_7_to_0_9
MNQ,2023-06-15,2023-06-15 04:00:00+00:00,2023-06-16 03:59:00+00:00,15196.25,15441.0,15066.25,15346.25,1028157,databento_ohlcv_1m,../trading/data/databento_ohlcv_1m/front_1m.parquet,374.75,150.25,0.400266844563042,0.400266844563042,268.0,218.0375,1.2291463624376542,expansion,expansion,1_1_to_1_3
MNQ,2023-06-16,2023-06-16 04:00:00+00:00,2023-06-16 20:59:00+00:00,15346.0,15475.5,15258.75,15301.5,955786,databento_ohlcv_1m,../trading/data/databento_ohlcv_1m/front_1m.parquet,216.75,-44.75,0.20530565167243367,-0.20530565167243367,374.75,225.4125,1.6625076249098876,expansion,neutral,gt_1_3
MNQ,2023-06-18,2023-06-18 22:00:00+00:00,2023-06-19 03:59:00+00:00,15302.5,15321.75,15269.75,15271.0,44040,databento_ohlcv_1m,../trading/data/databento_ohlcv_1m/front_1m.parquet,52.0,-30.5,0.6057692307692307,-0.6057692307692307,216.75,220.3875,0.9834949804321933,neutral,compression,0_9_to_1_1
MNQ,2023-06-19,2023-06-19 04:00:00+00:00,2023-06-20 03:59:00+00:00,15271.25,15306.25,15224.5,15237.5,172264,databento_ohlcv_1m,../trading/data/databento_ohlcv_1m/front_1m.parquet,81.75,-33.5,0.41284403669724773,-0.41284403669724773,52.0,212.7375,0.24443269287267172,compression,compression,lt_0_7
MNQ,2023-06-20,2023-06-20 04:00:00+00:00,2023-06-21 03:59:00+00:00,15237.25,15310.25,15126.25,15254.75,868302,databento_ohlcv_1m,../trading/data/databento_ohlcv_1m/front_1m.parquet,184.0,17.25,0.09510869565217392,0.09510869565217392,81.75,195.2375,0.4187207887828926,compression,neutral,lt_0_7
MNQ,2023-06-21,2023-06-21 04:00:00+00:00,2023-06-22 03:59:00+00:00,15254.5,15266.0,15002.5,15029.25,951101,databento_ohlcv_1m,../trading/data/databento_ohlcv_1m/front_1m.parquet,263.5,-225.5,0.8548387096774194,-0.8548387096774194,184.0,201.4625,0.9133213377179376,neutral,expansion,0_9_to_1_1
MNQ,2023-06-22,2023-06-22 04:00:00+00:00,2023-06-23 03:59:00+00:00,15028.75,15238.0,14964.0,15156.5,1003021,databento_ohlcv_1m,../trading/data/databento_ohlcv_1m/front_1m.parquet,274.0,127.25,0.46624087591240876,0.46624087591240876,263.5,211.4,1.2464522232734152,expansion,expansion,1_1_to_1_3
MNQ,2023-06-23,2023-06-23 04:00:00+00:00,2023-06-23 20:59:00+00:00,15156.5,15176.0,14984.75,15055.5,952805,databento_ohlcv_1m,../trading/data/databento_ohlcv_1m/front_1m.parquet,191.25,-101.0,0.5281045751633987,-0.5281045751633987,274.0,213.4125,1.283898553271247,expansion,neutral,1_1_to_1_3
MNQ,2023-06-25,2023-06-25 22:00:00+00:00,2023-06-26 03:59:00+00:00,15058.25,15114.5,15054.0,15101.75,45943,databento_ohlcv_1m,../trading/data/databento_ohlcv_1m/front_1m.parquet,60.5,46.25,0.71900826446281,0.71900826446281,191.25,214.7625,0.8905185961236249,neutral,compression,0_7_to_0_9
MNQ,2023-06-26,2023-06-26 04:00:00+00:00,2023-06-27 03:59:00+00:00,15102.0,15152.25,14853.5,14876.0,1033111,databento_ohlcv_1m,../trading/data/databento_ohlcv_1m/front_1m.parquet,298.75,-225.75,0.7564853556485356,-0.7564853556485356,60.5,203.975,0.29660497610001224,compression,expansion,lt_0_7
MNQ,2023-06-27,2023-06-27 04:00:00+00:00,2023-06-28 03:59:00+00:00,14875.75,15139.75,14873.0,15063.0,974959,databento_ohlcv_1m,../trading/data/databento_ohlcv_1m/front_1m.parquet,266.75,187.0,0.7019681349578257,0.7019681349578257,298.75,211.025,1.4157090392133633,expansion,expansion,gt_1_3
MNQ,2023-06-28,2023-06-28 04:00:00+00:00,2023-06-29 03:59:00+00:00,15063.25,15218.75,15021.25,15147.75,1079954,databento_ohlcv_1m,../trading/data/databento_ohlcv_1m/front_1m.parquet,197.5,84.75,0.4278481012658228,0.4278481012658228,266.75,220.7875,1.2081752816622318,expansion,neutral,1_1_to_1_3
MNQ,2023-06-29,2023-06-29 04:00:00+00:00,2023-06-30 03:59:00+00:00,15147.75,15202.75,15028.5,15122.25,989579,databento_ohlcv_1m,../trading/data/databento_ohlcv_1m/front_1m.parquet,174.25,-25.5,0.14634146341463414,-0.14634146341463414,197.5,221.725,0.8907430375465103,neutral,compression,0_7_to_0_9
MNQ,2023-06-30,2023-06-30 04:00:00+00:00,2023-06-30 20:59:00+00:00,15123.0,15376.5,15121.0,15317.5,747430,databento_ohlcv_1m,../trading/data/databento_ohlcv_1m/front_1m.parquet,255.5,195.25,0.761252446183953,0.761252446183953,174.25,224.4875,0.7762124839913135,compression,neutral,0_7_to_0_9
MNQ,2023-07-02,2023-07-02 22:00:00+00:00,2023-07-03 03:59:00+00:00,15331.5,15362.5,15328.0,15352.0,34039,databento_ohlcv_1m,../trading/data/databento_ohlcv_1m/front_1m.parquet,34.5,34.5,0.5942028985507246,0.5942028985507246,255.5,218.4875,1.169403283940729,neutral,compression,1_1_to_1_3
MNQ,2023-07-03,2023-07-03 04:00:00+00:00,2023-07-04 03:59:00+00:00,15352.0,15392.0,15307.5,15349.75,413062,databento_ohlcv_1m,../trading/data/databento_ohlcv_1m/front_1m.parquet,84.5,-2.25,0.026627218934911243,-0.026627218934911243,34.5,206.7125,0.16689847009735745,compression,compression,lt_0_7
MNQ,2023-07-04,2023-07-04 04:00:00+00:00,2023-07-05 03:59:00+00:00,15349.5,15368.25,15330.75,15344.5,87555,databento_ohlcv_1m,../trading/data/databento_ohlcv_1m/front_1m.parquet,37.5,-5.25,0.13333333333333333,-0.13333333333333333,84.5,199.55,0.42345276872964166,compression,compression,lt_0_7
MNQ,2023-07-05,2023-07-05 04:00:00+00:00,2023-07-06 03:59:00+00:00,15344.5,15431.75,15255.25,15300.0,803322,databento_ohlcv_1m,../trading/data/databento_ohlcv_1m/front_1m.parquet,176.5,-44.5,0.2521246458923513,-0.2521246458923513,37.5,190.2,0.19716088328075712,compression,neutral,lt_0_7
MNQ,2023-07-06,2023-07-06 04:00:00+00:00,2023-07-07 03:59:00+00:00,15299.75,15307.0,15112.0,15233.25,947980,databento_ohlcv_1m,../trading/data/databento_ohlcv_1m/front_1m.parquet,195.0,-66.75,0.34102564102564104,-0.34102564102564104,176.5,184.0625,0.9589134125636672,neutral,neutral,0_9_to_1_1
MNQ,2023-07-07,2023-07-07 04:00:00+00:00,2023-07-07 20:59:00+00:00,15233.25,15359.75,15172.0,15191.75,1008737,databento_ohlcv_1m,../trading/data/databento_ohlcv_1m/front_1m.parquet,187.75,-41.5,0.2210386151797603,-0.2210386151797603,195.0,184.3625,1.0576988270391212,neutral,neutral,0_9_to_1_1
MNQ,2023-07-09,2023-07-09 22:00:00+00:00,2023-07-10 03:59:00+00:00,15195.75,15207.0,15120.5,15130.25,69032,databento_ohlcv_1m,../trading/data/databento_ohlcv_1m/front_1m.parquet,86.5,-61.5,0.7572254335260116,-0.7572254335260116,187.75,180.35,1.0410313279733852,neutral,compression,0_9_to_1_1
MNQ,2023-07-10,2023-07-10 04:00:00+00:00,2023-07-11 03:59:00+00:00,15130.0,15219.75,15063.5,15195.75,990723,databento_ohlcv_1m,../trading/data/databento_ohlcv_1m/front_1m.parquet,156.25,65.5,0.4208,0.4208,86.5,165.9375,0.5212806026365349,compression,neutral,lt_0_7
MNQ,2023-07-11,2023-07-11 04:00:00+00:00,2023-07-12 03:59:00+00:00,15196.0,15282.0,15109.0,15276.25,929178,databento_ohlcv_1m,../trading/data/databento_ohlcv_1m/front_1m.parquet,173.0,80.5,0.4638728323699422,0.4638728323699422,156.25,162.9125,0.9591038133967621,neutral,neutral,0_9_to_1_1
MNQ,2023-07-12,2023-07-12 04:00:00+00:00,2023-07-13 03:59:00+00:00,15276.25,15507.75,15269.5,15501.5,1081457,databento_ohlcv_1m,../trading/data/databento_ohlcv_1m/front_1m.parquet,238.25,225.25,0.9454354669464848,0.9454354669464848,173.0,168.9625,1.0238958348746023,neutral,expansion,0_9_to_1_1
MNQ,2023-07-13,2023-07-13 04:00:00+00:00,2023-07-14 03:59:00+00:00,15501.0,15741.25,15488.25,15724.25,880997,databento_ohlcv_1m,../trading/data/databento_ohlcv_1m/front_1m.parquet,253.0,222.75,0.8824110671936759,0.8824110671936759,238.25,176.7875,1.3476631549176272,expansion,expansion,gt_1_3
MNQ,2023-07-14,2023-07-14 04:00:00+00:00,2023-07-14 20:59:00+00:00,15724.25,15857.5,15658.0,15692.5,947486,databento_ohlcv_1m,../trading/data/databento_ohlcv_1m/front_1m.parquet,199.5,-31.75,0.15914786967418545,-0.15914786967418545,253.0,180.2375,1.4037034468409737,expansion,neutral,gt_1_3
MNQ,2023-07-16,2023-07-16 22:00:00+00:00,2023-07-17 03:59:00+00:00,15690.25,15691.0,15661.0,15677.0,36155,databento_ohlcv_1m,../trading/data/databento_ohlcv_1m/front_1m.parquet,30.0,-15.5,0.44166666666666665,-0.44166666666666665,199.5,177.0375,1.1268798983266257,neutral,compression,1_1_to_1_3
MNQ,2023-07-17,2023-07-17 04:00:00+00:00,2023-07-18 03:59:00+00:00,15677.0,15886.75,15673.0,15813.75,794574,databento_ohlcv_1m,../trading/data/databento_ohlcv_1m/front_1m.parquet,213.75,136.75,0.639766081871345,0.639766081871345,30.0,164.8375,0.18199742170319252,compression,expansion,lt_0_7
MNQ,2023-07-18,2023-07-18 04:00:00+00:00,2023-07-19 03:59:00+00:00,15813.5,16030.0,15733.5,15963.25,950338,databento_ohlcv_1m,../trading/data/databento_ohlcv_1m/front_1m.parquet,296.5,149.5,0.5050590219224284,0.5050590219224284,213.75,165.9625,1.2879415530616856,expansion,expansion,1_1_to_1_3
MNQ,2023-07-19,2023-07-19 04:00:00+00:00,2023-07-20 03:59:00+00:00,15963.25,16062.5,15841.25,15883.75,1127079,databento_ohlcv_1m,../trading/data/databento_ohlcv_1m/front_1m.parquet,221.25,-79.5,0.3593220338983051,-0.3593220338983051,296.5,177.7625,1.6679558399549963,expansion,expansion,gt_1_3
MNQ,2023-07-20,2023-07-20 04:00:00+00:00,2023-07-21 03:59:00+00:00,15883.75,15904.5,15547.5,15602.5,1200543,databento_ohlcv_1m,../trading/data/databento_ohlcv_1m/front_1m.parquet,357.0,-281.25,0.7878151260504201,-0.7878151260504201,221.25,173.8875,1.2723743799870606,expansion,expansion,1_1_to_1_3
MNQ,2023-07-21,2023-07-21 04:00:00+00:00,2023-07-21 20:59:00+00:00,15602.5,15719.5,15522.25,15555.0,1098256,databento_ohlcv_1m,../trading/data/databento_ohlcv_1m/front_1m.parquet,197.25,-47.5,0.24081115335868186,-0.24081115335868186,357.0,178.4,2.0011210762331837,expansion,neutral,gt_1_3
MNQ,2023-07-23,2023-07-23 22:00:00+00:00,2023-07-24 03:59:00+00:00,15555.75,15571.0,15532.5,15546.5,45962,databento_ohlcv_1m,../trading/data/databento_ohlcv_1m/front_1m.parquet,38.5,-8.5,0.24025974025974026,-0.24025974025974026,197.25,178.3875,1.1057389110784108,neutral,compression,1_1_to_1_3
MNQ,2023-07-24,2023-07-24 04:00:00+00:00,2023-07-25 03:59:00+00:00,15546.25,15618.25,15484.5,15562.0,892906,databento_ohlcv_1m,../trading/data/databento_ohlcv_1m/front_1m.parquet,133.75,15.5,0.11775700934579439,0.11775700934579439,38.5,171.6,0.22435897435897437,compression,neutral,lt_0_7
MNQ,2023-07-25,2023-07-25 04:00:00+00:00,2023-07-26 03:59:00+00:00,15561.75,15739.5,15555.0,15652.0,859019,databento_ohlcv_1m,../trading/data/databento_ohlcv_1m/front_1m.parquet,184.5,90.0,0.489159891598916,0.489159891598916,133.75,165.5125,0.8080960652518693,neutral,neutral,0_7_to_0_9
MNQ,2023-07-26,2023-07-26 04:00:00+00:00,2023-07-27 03:59:00+00:00,15652.0,15710.0,15515.0,15700.25,1097146,databento_ohlcv_1m,../trading/data/databento_ohlcv_1m/front_1m.parquet,195.0,48.25,0.24743589743589745,0.24743589743589745,184.5,173.0125,1.0663969366375263,neutral,neutral,0_9_to_1_1
MNQ,2023-07-27,2023-07-27 04:00:00+00:00,2023-07-28 03:59:00+00:00,15700.75,15904.0,15512.5,15612.5,1407159,databento_ohlcv_1m,../trading/data/databento_ohlcv_1m/front_1m.parquet,391.5,-87.75,0.22541507024265645,-0.22541507024265645,195.0,178.5375,1.0922075194286915,neutral,expansion,0_9_to_1_1
MNQ,2023-07-28,2023-07-28 04:00:00+00:00,2023-07-28 20:59:00+00:00,15612.5,15895.75,15546.5,15845.5,1054053,databento_ohlcv_1m,../trading/data/databento_ohlcv_1m/front_1m.parquet,349.25,233.0,0.6671438797423049,0.6671438797423049,391.5,196.2375,1.9950315306707433,expansion,expansion,gt_1_3
MNQ,2023-07-30,2023-07-30 22:00:00+00:00,2023-07-31 03:59:00+00:00,15849.5,15916.5,15796.0,15807.0,104321,databento_ohlcv_1m,../trading/data/databento_ohlcv_1m/front_1m.parquet,120.5,-38.5,0.35269709543568467,-0.35269709543568467,349.25,204.875,1.7046979865771812,expansion,compression,gt_1_3
MNQ,2023-07-31,2023-07-31 04:00:00+00:00,2023-08-01 03:59:00+00:00,15807.0,15905.0,15791.25,15866.75,845514,databento_ohlcv_1m,../trading/data/databento_ohlcv_1m/front_1m.parquet,113.75,59.75,0.5252747252747253,0.5252747252747253,120.5,201.15,0.5990554312701963,compression,compression,lt_0_7
MNQ,2023-08-01,2023-08-01 04:00:00+00:00,2023-08-02 03:59:00+00:00,15867.0,15874.75,15684.0,15727.25,941741,databento_ohlcv_1m,../trading/data/databento_ohlcv_1m/front_1m.parquet,190.75,-139.5,0.7326343381389253,-0.7326343381389253,113.75,197.45,0.5760952139782224,compression,neutral,lt_0_7
MNQ,2023-08-02,2023-08-02 04:00:00+00:00,2023-08-03 03:59:00+00:00,15727.75,15731.75,15413.25,15477.75,1237603,databento_ohlcv_1m,../trading/data/databento_ohlcv_1m/front_1m.parquet,318.5,-249.5,0.7849293563579278,-0.7849293563579278,190.75,202.6625,0.941220008635046,neutral,expansion,0_9_to_1_1
MNQ,2023-08-03,2023-08-03 04:00:00+00:00,2023-08-04 03:59:00+00:00,15477.75,15552.25,15339.25,15513.75,1217216,databento_ohlcv_1m,../trading/data/databento_ohlcv_1m/front_1m.parquet,213.0,36.0,0.16901408450704225,0.16901408450704225,318.5,210.775,1.5110900249080772,expansion,neutral,gt_1_3
MNQ,2023-08-04,2023-08-04 04:00:00+00:00,2023-08-04 20:59:00+00:00,15513.25,15610.25,15336.5,15365.0,1330565,databento_ohlcv_1m,../trading/data/databento_ohlcv_1m/front_1m.parquet,273.75,-148.75,0.5415525114155251,-0.5415525114155251,213.0,212.775,1.00105745505816,neutral,expansion,0_9_to_1_1
MNQ,2023-08-06,2023-08-06 22:00:00+00:00,2023-08-07 03:59:00+00:00,15369.75,15444.75,15365.0,15434.5,62305,databento_ohlcv_1m,../trading/data/databento_ohlcv_1m/front_1m.parquet,79.75,69.5,0.8119122257053292,0.8119122257053292,273.75,214.55,1.275926357492426,expansion,compression,1_1_to_1_3
MNQ,2023-08-07,2023-08-07 04:00:00+00:00,2023-08-08 03:59:00+00:00,15434.5,15498.0,15334.5,15433.5,1058131,databento_ohlcv_1m,../trading/data/databento_ohlcv_1m/front_1m.parquet,163.5,-1.0,0.0061162079510703364,-0.0061162079510703364,79.75,205.8875,0.3873474591706636,compression,neutral,lt_0_7
MNQ,2023-08-08,2023-08-08 04:00:00+00:00,2023-08-09 03:59:00+00:00,15433.5,15446.0,15216.25,15374.0,1048783,databento_ohlcv_1m,../trading/data/databento_ohlcv_1m/front_1m.parquet,229.75,-59.5,0.2589771490750816,-0.2589771490750816,163.5,204.0875,0.8011269675996815,neutral,neutral,0_7_to_0_9
MNQ,2023-08-09,2023-08-09 04:00:00+00:00,2023-08-10 03:59:00+00:00,15373.75,15432.75,15145.0,15239.75,1117995,databento_ohlcv_1m,../trading/data/databento_ohlcv_1m/front_1m.parquet,287.75,-134.25,0.46568201563857514,-0.46568201563857514,229.75,214.075,1.0732220016349412,neutral,expansion,0_9_to_1_1
MNQ,2023-08-10,2023-08-10 04:00:00+00:00,2023-08-11 03:59:00+00:00,15240.0,15441.75,15136.0,15211.75,1465744,databento_ohlcv_1m,../trading/data/databento_ohlcv_1m/front_1m.parquet,305.75,-28.0,0.09239574816026165,-0.09239574816026165,287.75,217.775,1.3213178739524738,expansion,expansion,gt_1_3
MNQ,2023-08-11,2023-08-11 04:00:00+00:00,2023-08-11 20:59:00+00:00,15211.25,15242.0,15037.25,15103.5,1081686,databento_ohlcv_1m,../trading/data/databento_ohlcv_1m/front_1m.parquet,204.75,-108.25,0.5262515262515263,-0.5262515262515263,305.75,218.2375,1.4009966206541038,expansion,neutral,gt_1_3
MNQ,2023-08-13,2023-08-13 22:00:00+00:00,2023-08-14 03:59:00+00:00,15105.0,15149.0,15020.0,15050.5,95334,databento_ohlcv_1m,../trading/data/databento_ohlcv_1m/front_1m.parquet,129.0,-53.0,0.42248062015503873,-0.42248062015503873,204.75,217.4125,0.9417581785775887,neutral,compression,0_9_to_1_1
MNQ,2023-08-14,2023-08-14 04:00:00+00:00,2023-08-15 03:59:00+00:00,15050.75,15335.0,15036.25,15319.5,1019681,databento_ohlcv_1m,../trading/data/databento_ohlcv_1m/front_1m.parquet,298.75,269.0,0.899581589958159,0.899581589958159,129.0,206.0125,0.6261755961410109,compression,expansion,lt_0_7
MNQ,2023-08-15,2023-08-15 04:00:00+00:00,2023-08-16 03:59:00+00:00,15319.75,15330.5,15076.0,15121.5,1158923,databento_ohlcv_1m,../trading/data/databento_ohlcv_1m/front_1m.parquet,254.5,-198.0,0.7789783889980354,-0.7789783889980354,298.75,211.0875,1.415289867945757,expansion,neutral,gt_1_3
MNQ,2023-08-16,2023-08-16 04:00:00+00:00,2023-08-17 03:59:00+00:00,15122.25,15165.5,14887.5,14947.0,1146621,databento_ohlcv_1m,../trading/data/databento_ohlcv_1m/front_1m.parquet,278.0,-174.5,0.6303956834532374,-0.6303956834532374,254.5,221.8875,1.1469776350628134,neutral,expansion,1_1_to_1_3
MNQ,2023-08-17,2023-08-17 04:00:00+00:00,2023-08-18 03:59:00+00:00,14947.5,15018.0,14730.25,14762.0,1181017,databento_ohlcv_1m,../trading/data/databento_ohlcv_1m/front_1m.parquet,287.75,-185.0,0.6446568201563857,-0.6446568201563857,278.0,229.1,1.2134439109559145,expansion,expansion,1_1_to_1_3
MNQ,2023-08-18,2023-08-18 04:00:00+00:00,2023-08-18 20:59:00+00:00,14761.75,14802.75,14609.25,14744.0,1251920,databento_ohlcv_1m,../trading/data/databento_ohlcv_1m/front_1m.parquet,193.5,-18.0,0.0917312661498708,-0.0917312661498708,287.75,234.2625,1.228322928338936,expansion,neutral,1_1_to_1_3
MNQ,2023-08-20,2023-08-20 22:00:00+00:00,2023-08-21 03:59:00+00:00,14763.25,14795.25,14734.25,14763.75,66653,databento_ohlcv_1m,../trading/data/databento_ohlcv_1m/front_1m.parquet,61.0,19.75,0.00819672131147541,0.00819672131147541,193.5,234.1875,0.8262610088070457,neutral,compression,0_7_to_0_9
MNQ,2023-08-21,2023-08-21 04:00:00+00:00,2023-08-22 03:59:00+00:00,14763.5,15013.75,14720.5,14974.0,1090036,databento_ohlcv_1m,../trading/data/databento_ohlcv_1m/front_1m.parquet,293.25,210.25,0.7178175618073316,0.7178175618073316,61.0,217.6625,0.28025038764141735,compression,expansion,lt_0_7
MNQ,2023-08-22,2023-08-22 04:00:00+00:00,2023-08-23 03:59:00+00:00,14973.75,15118.5,14931.0,15011.25,1139521,databento_ohlcv_1m,../trading/data/databento_ohlcv_1m/front_1m.parquet,187.5,37.25,0.2,0.2,293.25,214.8625,1.3648263424282971,expansion,neutral,gt_1_3
MNQ,2023-08-23,2023-08-23 04:00:00+00:00,2023-08-24 03:59:00+00:00,15011.5,15398.5,14958.0,15383.5,1058379,databento_ohlcv_1m,../trading/data/databento_ohlcv_1m/front_1m.parquet,440.5,372.25,0.8444948921679909,0.8444948921679909,187.5,218.2125,0.8592541673827118,neutral,expansion,0_7_to_0_9
MNQ,2023-08-24,2023-08-24 04:00:00+00:00,2023-08-25 03:59:00+00:00,15383.5,15417.75,14816.75,14835.5,1494235,databento_ohlcv_1m,../trading/data/databento_ohlcv_1m/front_1m.parquet,601.0,-548.0,0.9118136439267887,-0.9118136439267887,440.5,234.55,1.878064378597314,expansion,expansion,gt_1_3
MNQ,2023-08-25,2023-08-25 04:00:00+00:00,2023-08-25 20:59:00+00:00,14835.5,15049.0,14752.75,14971.25,1523908,databento_ohlcv_1m,../trading/data/databento_ohlcv_1m/front_1m.parquet,296.25,135.75,0.4582278481012658,0.4582278481012658,601.0,255.0625,2.3562852242097527,expansion,neutral,gt_1_3
MNQ,2023-08-27,2023-08-27 22:00:00+00:00,2023-08-28 03:59:00+00:00,14991.75,15030.0,14973.25,14980.75,68020,databento_ohlcv_1m,../trading/data/databento_ohlcv_1m/front_1m.parquet,56.75,9.5,0.19383259911894274,-0.19383259911894274,296.25,253.95,1.1665682220909628,neutral,compression,1_1_to_1_3
MNQ,2023-08-28,2023-08-28 04:00:00+00:00,2023-08-29 03:59:00+00:00,14980.5,15126.75,14975.75,15112.0,1142253,databento_ohlcv_1m,../trading/data/databento_ohlcv_1m/front_1m.parquet,151.0,131.25,0.8708609271523179,0.8708609271523179,56.75,246.1375,0.2305621857701488,compression,compression,lt_0_7
MNQ,2023-08-29,2023-08-29 04:00:00+00:00,2023-08-30 03:59:00+00:00,15112.0,15468.25,15050.0,15455.75,1024415,databento_ohlcv_1m,../trading/data/databento_ohlcv_1m/front_1m.parquet,418.25,343.75,0.8218768679019725,0.8218768679019725,151.0,240.0,0.6291666666666667,compression,expansion,lt_0_7
MNQ,2023-08-30,2023-08-30 04:00:00+00:00,2023-08-31 03:59:00+00:00,15455.75,15531.25,15361.25,15511.75,1112412,databento_ohlcv_1m,../trading/data/databento_ohlcv_1m/front_1m.parquet,170.0,56.0,0.32941176470588235,0.32941176470588235,418.25,256.925,1.627906976744186,expansion,compression,gt_1_3
MNQ,2023-08-31,2023-08-31 04:00:00+00:00,2023-09-01 03:59:00+00:00,15511.5,15606.75,15458.5,15547.25,1106919,databento_ohlcv_1m,../trading/data/databento_ohlcv_1m/front_1m.parquet,148.25,35.5,0.2411467116357504,0.2411467116357504,170.0,257.25,0.6608357628765792,compression,compression,lt_0_7
MNQ,2023-09-01,2023-09-01 04:00:00+00:00,2023-09-01 20:59:00+00:00,15547.25,15661.25,15453.5,15512.25,1033397,databento_ohlcv_1m,../trading/data/databento_ohlcv_1m/front_1m.parquet,207.75,-35.0,0.1684717208182912,-0.1684717208182912,148.25,253.175,0.5855633455119976,compression,neutral,lt_0_7
MNQ,2023-09-03,2023-09-03 22:00:00+00:00,2023-09-04 03:59:00+00:00,15517.75,15543.0,15500.75,15533.5,29154,databento_ohlcv_1m,../trading/data/databento_ohlcv_1m/front_1m.parquet,42.25,21.25,0.3727810650887574,0.3727810650887574,207.75,249.175,0.8337513795525233,neutral,compression,0_7_to_0_9
MNQ,2023-09-04,2023-09-04 04:00:00+00:00,2023-09-05 03:59:00+00:00,15533.25,15578.5,15488.25,15499.75,187913,databento_ohlcv_1m,../trading/data/databento_ohlcv_1m/front_1m.parquet,90.25,-33.75,0.37119113573407203,-0.37119113573407203,42.25,236.0,0.17902542372881355,compression,compression,lt_0_7
MNQ,2023-09-05,2023-09-05 04:00:00+00:00,2023-09-06 03:59:00+00:00,15499.5,15587.0,15418.5,15502.25,988874,databento_ohlcv_1m,../trading/data/databento_ohlcv_1m/front_1m.parquet,168.5,2.5,0.016320474777448073,0.016320474777448073,90.25,230.275,0.3919227011182282,compression,compression,lt_0_7
MNQ,2023-09-06,2023-09-06 04:00:00+00:00,2023-09-07 03:59:00+00:00,15502.0,15517.5,15310.5,15386.0,1015936,databento_ohlcv_1m,../trading/data/databento_ohlcv_1m/front_1m.parquet,207.0,-116.25,0.5603864734299517,-0.5603864734299517,168.5,232.25,0.7255113024757804,compression,neutral,0_7_to_0_9
MNQ,2023-09-07,2023-09-07 04:00:00+00:00,2023-09-08 03:59:00+00:00,15386.0,15387.5,15157.5,15288.0,1161528,databento_ohlcv_1m,../trading/data/databento_ohlcv_1m/front_1m.parquet,230.0,-98.0,0.4260869565217391,-0.4260869565217391,207.0,227.6625,0.9092406522813375,neutral,neutral,0_9_to_1_1
MNQ,2023-09-08,2023-09-08 04:00:00+00:00,2023-09-08 20:59:00+00:00,15287.75,15390.5,15222.75,15314.75,991826,databento_ohlcv_1m,../trading/data/databento_ohlcv_1m/front_1m.parquet,167.75,26.75,0.16095380029806258,0.16095380029806258,230.0,226.4375,1.0157328181065415,neutral,compression,0_9_to_1_1
MNQ,2023-09-10,2023-09-10 22:00:00+00:00,2023-09-11 03:59:00+00:00,15308.0,15531.75,15298.25,15515.75,32806,databento_ohlcv_1m,../trading/data/databento_ohlcv_1m/front_1m.parquet,233.5,201.0,0.8897216274089935,0.8897216274089935,167.75,220.925,0.759307457281883,compression,neutral,0_7_to_0_9
MNQ,2023-09-11,2023-09-11 04:00:00+00:00,2023-09-12 03:59:00+00:00,15515.75,15696.0,15514.5,15668.75,585816,databento_ohlcv_1m,../trading/data/databento_ohlcv_1m/front_1m.parquet,181.5,153.0,0.8429752066115702,0.8429752066115702,233.5,218.2125,1.0700578564472705,neutral,neutral,0_9_to_1_1
MNQ,2023-09-12,2023-09-12 04:00:00+00:00,2023-09-13 03:59:00+00:00,15669.0,15680.0,15472.5,15479.0,796434,databento_ohlcv_1m,../trading/data/databento_ohlcv_1m/front_1m.parquet,207.5,-189.75,0.9156626506024096,-0.9156626506024096,181.5,217.6125,0.8340513527485782,neutral,neutral,0_7_to_0_9
MNQ,2023-09-13,2023-09-13 04:00:00+00:00,2023-09-14 03:59:00+00:00,15479.0,15624.5,15406.25,15624.0,1079971,databento_ohlcv_1m,../trading/data/databento_ohlcv_1m/front_1m.parquet,218.25,145.0,0.6643757159221076,0.6643757159221076,207.5,224.9375,0.9224784662406224,neutral,neutral,0_9_to_1_1
MNQ,2023-09-14,2023-09-14 04:00:00+00:00,2023-09-15 03:59:00+00:00,15623.5,15718.25,15531.0,15710.25,1113543,databento_ohlcv_1m,../trading/data/databento_ohlcv_1m/front_1m.parquet,187.25,86.25,0.46328437917222964,0.46328437917222964,218.25,221.1875,0.9867194122633512,neutral,neutral,0_9_to_1_1
MNQ,2023-09-15,2023-09-15 04:00:00+00:00,2023-09-15 20:59:00+00:00,15710.0,15719.75,15356.75,15383.25,1139701,databento_ohlcv_1m,../trading/data/databento_ohlcv_1m/front_1m.parquet,363.0,-327.0,0.900137741046832,-0.900137741046832,187.25,221.175,0.846614671640104,neutral,expansion,0_7_to_0_9
MNQ,2023-09-17,2023-09-17 22:00:00+00:00,2023-09-18 03:59:00+00:00,15383.75,15419.75,15379.0,15411.0,44763,databento_ohlcv_1m,../trading/data/databento_ohlcv_1m/front_1m.parquet,40.75,27.75,0.6687116564417178,0.6687116564417178,363.0,217.3,1.670501610676484,expansion,compression,gt_1_3
MNQ,2023-09-18,2023-09-18 04:00:00+00:00,2023-09-19 03:59:00+00:00,15411.25,15460.75,15330.5,15408.75,969060,databento_ohlcv_1m,../trading/data/databento_ohlcv_1m/front_1m.parquet,130.25,-2.25,0.019193857965451054,-0.019193857965451054,40.75,189.2875,0.21528098791520836,compression,compression,lt_0_7
MNQ,2023-09-19,2023-09-19 04:00:00+00:00,2023-09-20 03:59:00+00:00,15408.5,15442.5,15248.5,15349.75,1053678,databento_ohlcv_1m,../trading/data/databento_ohlcv_1m/front_1m.parquet,194.0,-59.0,0.30283505154639173,-0.30283505154639173,130.25,180.9875,0.7196629601491815,compression,neutral,0_7_to_0_9
MNQ,2023-09-20,2023-09-20 04:00:00+00:00,2023-09-21 03:59:00+00:00,15349.75,15436.5,15080.5,15095.75,1212238,databento_ohlcv_1m,../trading/data/databento_ohlcv_1m/front_1m.parquet,356.0,-254.0,0.7134831460674157,-0.7134831460674157,194.0,187.85,1.0327388874101677,neutral,expansion,0_9_to_1_1
MNQ,2023-09-21,2023-09-21 04:00:00+00:00,2023-09-22 03:59:00+00:00,15095.5,15112.25,14835.75,14896.25,1248532,databento_ohlcv_1m,../trading/data/databento_ohlcv_1m/front_1m.parquet,276.5,-199.5,0.720614828209765,-0.720614828209765,356.0,198.1,1.7970721857647654,expansion,expansion,gt_1_3
MNQ,2023-09-22,2023-09-22 04:00:00+00:00,2023-09-22 20:59:00+00:00,14896.0,15027.25,14852.75,14877.0,1077080,databento_ohlcv_1m,../trading/data/databento_ohlcv_1m/front_1m.parquet,174.5,-19.25,0.10888252148997135,-0.10888252148997135,276.5,191.0125,1.4475492441594138,expansion,neutral,gt_1_3
MNQ,2023-09-24,2023-09-24 22:00:00+00:00,2023-09-25 03:59:00+00:00,14879.0,14927.75,14867.5,14921.75,59941,databento_ohlcv_1m,../trading/data/databento_ohlcv_1m/front_1m.parquet,60.25,44.75,0.7095435684647303,0.7095435684647303,174.5,191.2375,0.9124779397346231,neutral,compression,0_9_to_1_1
MNQ,2023-09-25,2023-09-25 04:00:00+00:00,2023-09-26 03:59:00+00:00,14922.0,14956.0,14782.5,14874.5,1176729,databento_ohlcv_1m,../trading/data/databento_ohlcv_1m/front_1m.parquet,173.5,-47.25,0.2737752161383285,-0.2737752161383285,60.25,186.8375,0.3224727370040811,compression,neutral,lt_0_7
MNQ,2023-09-26,2023-09-26 04:00:00+00:00,2023-09-27 03:59:00+00:00,14874.5,14892.5,14666.25,14738.5,1244616,databento_ohlcv_1m,../trading/data/databento_ohlcv_1m/front_1m.parquet,226.25,-136.0,0.6011049723756906,-0.6011049723756906,173.5,185.125,0.937204591492235,neutral,neutral,0_9_to_1_1
MNQ,2023-09-27,2023-09-27 04:00:00+00:00,2023-09-28 03:59:00+00:00,14738.75,14821.25,14587.25,14740.25,1381447,databento_ohlcv_1m,../trading/data/databento_ohlcv_1m/front_1m.parquet,234.0,1.75,0.00641025641025641,0.00641025641025641,226.25,194.325,1.1642866332175479,neutral,neutral,1_1_to_1_3
MNQ,2023-09-28,2023-09-28 04:00:00+00:00,2023-09-29 03:59:00+00:00,14740.0,14948.0,14656.25,14885.75,1424128,databento_ohlcv_1m,../trading/data/databento_ohlcv_1m/front_1m.parquet,291.75,145.5,0.4995715509854327,0.4995715509854327,234.0,201.5125,1.16121828670678,neutral,expansion,1_1_to_1_3
MNQ,2023-09-29,2023-09-29 04:00:00+00:00,2023-09-29 20:59:00+00:00,14885.75,15060.75,14811.0,14892.0,1413737,databento_ohlcv_1m,../trading/data/databento_ohlcv_1m/front_1m.parquet,249.75,6.25,0.025025025025025027,0.025025025025025027,291.75,207.675,1.4048392921632358,expansion,neutral,gt_1_3
MNQ,2023-10-01,2023-10-01 22:00:00+00:00,2023-10-02 03:59:00+00:00,14962.25,15007.25,14934.5,14976.0,83067,databento_ohlcv_1m,../trading/data/databento_ohlcv_1m/front_1m.parquet,72.75,84.0,0.18900343642611683,0.18900343642611683,249.75,209.8125,1.1903485254691688,neutral,compression,1_1_to_1_3
MNQ,2023-10-02,2023-10-02 04:00:00+00:00,2023-10-03 03:59:00+00:00,14975.75,15046.25,14824.75,14984.25,1540812,databento_ohlcv_1m,../trading/data/databento_ohlcv_1m/front_1m.parquet,221.5,8.25,0.03837471783295711,0.03837471783295711,72.75,201.95,0.3602376825947017,compression,neutral,lt_0_7
MNQ,2023-10-03,2023-10-03 04:00:00+00:00,2023-10-04 03:59:00+00:00,14984.25,15031.0,14639.75,14656.75,1524232,databento_ohlcv_1m,../trading/data/databento_ohlcv_1m/front_1m.parquet,391.25,-327.5,0.8370607028753994,-0.8370607028753994,221.5,204.6375,1.082401808075255,neutral,expansion,0_9_to_1_1
MNQ,2023-10-04,2023-10-04 04:00:00+00:00,2023-10-05 03:59:00+00:00,14657.25,14955.75,14589.25,14937.5,1493650,databento_ohlcv_1m,../trading/data/databento_ohlcv_1m/front_1m.parquet,366.5,280.75,0.7646657571623465,0.7646657571623465,391.25,212.525,1.8409598870721091,expansion,expansion,gt_1_3
MNQ,2023-10-05,2023-10-05 04:00:00+00:00,2023-10-06 03:59:00+00:00,14937.25,14958.75,14716.0,14863.75,1341340,databento_ohlcv_1m,../trading/data/databento_ohlcv_1m/front_1m.parquet,242.75,-73.75,0.3027806385169928,-0.3027806385169928,366.5,221.775,1.6525758088152407,expansion,neutral,gt_1_3
MNQ,2023-10-06,2023-10-06 04:00:00+00:00,2023-10-06 20:59:00+00:00,14864.0,15160.5,14660.25,15141.5,1533231,databento_ohlcv_1m,../trading/data/databento_ohlcv_1m/front_1m.parquet,500.25,277.75,0.5547226386806596,0.5547226386806596,242.75,223.5375,1.0859475479505676,neutral,expansion,0_9_to_1_1
MNQ,2023-10-08,2023-10-08 22:00:00+00:00,2023-10-09 03:59:00+00:00,15076.0,15076.0,14978.25,14981.5,89486,databento_ohlcv_1m,../trading/data/databento_ohlcv_1m/front_1m.parquet,97.75,-160.0,0.9667519181585678,-0.9667519181585678,500.25,237.6375,2.1050970490768504,expansion,compression,gt_1_3
MNQ,2023-10-09,2023-10-09 04:00:00+00:00,2023-10-10 03:59:00+00:00,14981.25,15237.75,14949.25,15215.5,1089069,databento_ohlcv_1m,../trading/data/databento_ohlcv_1m/front_1m.parquet,288.5,234.0,0.8119584055459272,0.8119584055459272,97.75,233.1625,0.4192355117139334,compression,expansion,lt_0_7
MNQ,2023-10-10,2023-10-10 04:00:00+00:00,2023-10-11 03:59:00+00:00,15216.0,15383.5,15173.0,15297.0,1152271,databento_ohlcv_1m,../trading/data/databento_ohlcv_1m/front_1m.parquet,210.5,81.5,0.3847980997624703,0.3847980997624703,288.5,229.4375,1.2574230454916917,expansion,neutral,1_1_to_1_3
MNQ,2023-10-11,2023-10-11 04:00:00+00:00,2023-10-12 03:59:00+00:00,15297.0,15431.5,15253.0,15424.5,1165477,databento_ohlcv_1m,../trading/data/databento_ohlcv_1m/front_1m.parquet,178.5,127.5,0.7142857142857143,0.7142857142857143,210.5,237.925,0.8847325837974152,neutral,compression,0_7_to_0_9
MNQ,2023-10-12,2023-10-12 04:00:00+00:00,2023-10-13 03:59:00+00:00,15424.75,15469.5,15216.25,15328.5,1328901,databento_ohlcv_1m,../trading/data/databento_ohlcv_1m/front_1m.parquet,253.25,-96.0,0.3800592300098717,-0.3800592300098717,178.5,240.3375,0.7427055702917772,compression,neutral,0_7_to_0_9
MNQ,2023-10-13,2023-10-13 04:00:00+00:00,2023-10-13 20:59:00+00:00,15328.25,15367.0,15062.0,15106.75,1452239,databento_ohlcv_1m,../trading/data/databento_ohlcv_1m/front_1m.parquet,305.0,-221.75,0.7262295081967213,-0.7262295081967213,253.25,243.3,1.0408960131524867,neutral,expansion,0_9_to_1_1
MNQ,2023-10-15,2023-10-15 22:00:00+00:00,2023-10-16 03:59:00+00:00,15119.75,15188.0,15118.25,15163.75,73785,databento_ohlcv_1m,../trading/data/databento_ohlcv_1m/front_1m.parquet,69.75,57.0,0.6308243727598566,0.6308243727598566,305.0,240.75,1.2668743509865006,expansion,compression,1_1_to_1_3
MNQ,2023-10-16,2023-10-16 04:00:00+00:00,2023-10-17 03:59:00+00:00,15164.0,15338.0,15083.0,15274.5,1180172,databento_ohlcv_1m,../trading/data/databento_ohlcv_1m/front_1m.parquet,255.0,110.75,0.43333333333333335,0.43333333333333335,69.75,230.4125,0.3027179515000271,compression,neutral,lt_0_7
MNQ,2023-10-17,2023-10-17 04:00:00+00:00,2023-10-18 03:59:00+00:00,15274.25,15309.25,15050.0,15216.75,1324569,databento_ohlcv_1m,../trading/data/databento_ohlcv_1m/front_1m.parquet,259.25,-57.75,0.22179363548698167,-0.22179363548698167,255.0,234.4375,1.0877099440149294,neutral,neutral,0_9_to_1_1
MNQ,2023-10-18,2023-10-18 04:00:00+00:00,2023-10-19 03:59:00+00:00,15216.25,15224.0,14979.0,14996.0,1584053,databento_ohlcv_1m,../trading/data/databento_ohlcv_1m/front_1m.parquet,245.0,-220.75,0.8989795918367347,-0.8989795918367347,259.25,244.3875,1.0608153035650352,neutral,neutral,0_9_to_1_1
MNQ,2023-10-19,2023-10-19 04:00:00+00:00,2023-10-20 03:59:00+00:00,14995.75,15138.0,14817.5,14847.0,1971504,databento_ohlcv_1m,../trading/data/databento_ohlcv_1m/front_1m.parquet,320.5,-149.0,0.4641185647425897,-0.4641185647425897,245.0,247.9625,0.9880526289257447,neutral,expansion,0_9_to_1_1
MNQ,2023-10-20,2023-10-20 04:00:00+00:00,2023-10-20 20:59:00+00:00,14847.25,14887.75,14645.0,14648.25,1407801,databento_ohlcv_1m,../trading/data/databento_ohlcv_1m/front_1m.parquet,242.75,-198.75,0.819773429454171,-0.819773429454171,320.5,252.675,1.2684278223013752,expansion,neutral,1_1_to_1_3
MNQ,2023-10-22,2023-10-22 22:00:00+00:00,2023-10-23 03:59:00+00:00,14678.75,14715.75,14662.5,14690.0,51955,databento_ohlcv_1m,../trading/data/databento_ohlcv_1m/front_1m.parquet,53.25,41.75,0.2112676056338028,0.2112676056338028,242.75,253.1125,0.9590597066521803,neutral,compression,0_9_to_1_1
MNQ,2023-10-23,2023-10-23 04:00:00+00:00,2023-10-24 03:59:00+00:00,14690.0,14854.25,14514.25,14754.75,1386129,databento_ohlcv_1m,../trading/data/databento_ohlcv_1m/front_1m.parquet,340.0,64.75,0.19044117647058822,0.19044117647058822,53.25,241.1875,0.2207825861622182,compression,expansion,lt_0_7
MNQ,2023-10-24,2023-10-24 04:00:00+00:00,2023-10-25 03:59:00+00:00,14754.75,14950.0,14705.75,14785.75,1350327,databento_ohlcv_1m,../trading/data/databento_ohlcv_1m/front_1m.parquet,244.25,31.0,0.1269191402251791,0.1269191402251791,340.0,245.7,1.3838013838013838,expansion,neutral,gt_1_3
MNQ,2023-10-25,2023-10-25 04:00:00+00:00,2023-10-26 03:59:00+00:00,14785.75,14792.0,14302.25,14320.75,1459411,databento_ohlcv_1m,../trading/data/databento_ohlcv_1m/front_1m.parquet,489.75,-465.0,0.9494640122511485,-0.9494640122511485,244.25,254.275,0.9605741814964114,neutral,expansion,0_9_to_1_1
MNQ,2023-10-26,2023-10-26 04:00:00+00:00,2023-10-27 03:59:00+00:00,14320.75,14459.25,14136.5,14307.0,1758711,databento_ohlcv_1m,../trading/data/databento_ohlcv_1m/front_1m.parquet,322.75,-13.75,0.042602633617350893,-0.042602633617350893,489.75,267.6875,1.829558720522998,expansion,expansion,gt_1_3
MNQ,2023-10-27,2023-10-27 04:00:00+00:00,2023-10-27 20:59:00+00:00,14306.5,14407.5,14209.5,14271.0,1398836,databento_ohlcv_1m,../trading/data/databento_ohlcv_1m/front_1m.parquet,198.0,-36.0,0.17929292929292928,-0.17929292929292928,322.75,264.2625,1.2213234946312852,expansion,compression,1_1_to_1_3
MNQ,2023-10-29,2023-10-29 22:00:00+00:00,2023-10-30 03:59:00+00:00,14329.0,14351.5,14302.25,14341.25,52820,databento_ohlcv_1m,../trading/data/databento_ohlcv_1m/front_1m.parquet,49.25,70.25,0.24873096446700507,0.24873096446700507,198.0,255.8375,0.7739287633751893,compression,compression,0_7_to_0_9
MNQ,2023-10-30,2023-10-30 04:00:00+00:00,2023-10-31 03:59:00+00:00,14341.0,14476.25,14306.25,14344.75,1201084,databento_ohlcv_1m,../trading/data/databento_ohlcv_1m/front_1m.parquet,170.0,3.5,0.022058823529411766,0.022058823529411766,49.25,246.1625,0.20007109125069822,compression,compression,lt_0_7
MNQ,2023-10-31,2023-10-31 04:00:00+00:00,2023-11-01 03:59:00+00:00,14344.25,14503.5,14311.25,14470.0,1227451,databento_ohlcv_1m,../trading/data/databento_ohlcv_1m/front_1m.parquet,192.25,125.25,0.6540962288686606,0.6540962288686606,170.0,229.65,0.7402569126932288,compression,neutral,0_7_to_0_9
MNQ,2023-11-01,2023-11-01 04:00:00+00:00,2023-11-02 03:59:00+00:00,14469.75,14817.25,14411.0,14806.0,1306525,databento_ohlcv_1m,../trading/data/databento_ohlcv_1m/front_1m.parquet,406.25,336.0,0.8276923076923077,0.8276923076923077,192.25,234.375,0.8202666666666667,neutral,expansion,0_7_to_0_9
MNQ,2023-11-02,2023-11-02 04:00:00+00:00,2023-11-03 03:59:00+00:00,14805.5,15015.75,14780.75,14957.25,1033138,databento_ohlcv_1m,../trading/data/databento_ohlcv_1m/front_1m.parquet,235.0,151.25,0.6457446808510638,0.6457446808510638,406.25,240.2625,1.6908589563498257,expansion,neutral,gt_1_3
MNQ,2023-11-03,2023-11-03 04:00:00+00:00,2023-11-03 20:59:00+00:00,14957.5,15228.5,14931.25,15184.5,1044091,databento_ohlcv_1m,../trading/data/databento_ohlcv_1m/front_1m.parquet,297.25,227.25,0.7636669470142977,0.7636669470142977,235.0,241.4875,0.9731352554480045,neutral,expansion,0_9_to_1_1
MNQ,2023-11-05,2023-11-05 23:00:00+00:00,2023-11-06 04:59:00+00:00,15187.0,15203.0,15163.0,15179.0,46397,databento_ohlcv_1m,../trading/data/databento_ohlcv_1m/front_1m.parquet,40.0,-5.5,0.2,-0.2,297.25,247.425,1.2013741537839748,expansion,compression,1_1_to_1_3
MNQ,2023-11-06,2023-11-06 05:00:00+00:00,2023-11-07 04:59:00+00:00,15179.25,15257.5,15138.0,15206.0,846160,databento_ohlcv_1m,../trading/data/databento_ohlcv_1m/front_1m.parquet,119.5,27.0,0.22384937238493724,0.22384937238493724,40.0,236.7625,0.1689456734068951,compression,compression,lt_0_7
MNQ,2023-11-07,2023-11-07 05:00:00+00:00,2023-11-08 04:59:00+00:00,15205.5,15412.75,15175.75,15358.5,989214,databento_ohlcv_1m,../trading/data/databento_ohlcv_1m/front_1m.parquet,237.0,152.5,0.6455696202531646,0.6455696202531646,119.5,227.4875,0.5253035881092367,compression,neutral,lt_0_7
MNQ,2023-11-08,2023-11-08 05:00:00+00:00,2023-11-09 04:59:00+00:00,15359.0,15417.75,15286.5,15372.5,939306,databento_ohlcv_1m,../trading/data/databento_ohlcv_1m/front_1m.parquet,131.25,14.0,0.10285714285714286,0.10285714285714286,237.0,235.85,1.004875980496078,neutral,compression,0_9_to_1_1
MNQ,2023-11-09,2023-11-09 05:00:00+00:00,2023-11-10 04:59:00+00:00,15372.0,15453.25,15207.0,15248.25,1257715,databento_ohlcv_1m,../trading/data/databento_ohlcv_1m/front_1m.parquet,246.25,-124.25,0.5025380710659898,-0.5025380710659898,131.25,229.6625,0.5714907745060687,compression,neutral,lt_0_7
MNQ,2023-11-10,2023-11-10 05:00:00+00:00,2023-11-10 21:59:00+00:00,15247.75,15616.25,15207.5,15581.25,1041798,databento_ohlcv_1m,../trading/data/databento_ohlcv_1m/front_1m.parquet,408.75,333.0,0.8159021406727829,0.8159021406727829,246.25,229.0125,1.0752688172043012,neutral,expansion,0_9_to_1_1
MNQ,2023-11-12,2023-11-12 23:00:00+00:00,2023-11-13 04:59:00+00:00,15585.75,15601.0,15509.5,15514.0,57132,databento_ohlcv_1m,../trading/data/databento_ohlcv_1m/front_1m.parquet,91.5,-67.25,0.7841530054644809,-0.7841530054644809,408.75,237.2,1.72322934232715,expansion,compression,gt_1_3
MNQ,2023-11-13,2023-11-13 05:00:00+00:00,2023-11-14 04:59:00+00:00,15513.75,15589.5,15465.25,15572.5,846804,databento_ohlcv_1m,../trading/data/databento_ohlcv_1m/front_1m.parquet,124.25,58.5,0.47283702213279677,0.47283702213279677,91.5,225.75,0.4053156146179402,compression,compression,lt_0_7
MNQ,2023-11-14,2023-11-14 05:00:00+00:00,2023-11-15 04:59:00+00:00,15572.5,15933.25,15553.0,15921.25,1027479,databento_ohlcv_1m,../trading/data/databento_ohlcv_1m/front_1m.parquet,380.25,348.75,0.9171597633136095,0.9171597633136095,124.25,219.825,0.5652223359490504,compression,expansion,lt_0_7
MNQ,2023-11-15,2023-11-15 05:00:00+00:00,2023-11-16 04:59:00+00:00,15921.25,16049.0,15824.5,15850.5,1098812,databento_ohlcv_1m,../trading/data/databento_ohlcv_1m/front_1m.parquet,224.5,-70.75,0.3151447661469933,-0.3151447661469933,380.25,236.175,1.610034931724357,expansion,neutral,gt_1_3
MNQ,2023-11-16,2023-11-16 05:00:00+00:00,2023-11-17 04:59:00+00:00,15850.5,15907.25,15797.75,15893.5,1032360,databento_ohlcv_1m,../trading/data/databento_ohlcv_1m/front_1m.parquet,109.5,43.0,0.3926940639269406,0.3926940639269406,224.5,230.4,0.974392361111111,neutral,compression,0_9_to_1_1
MNQ,2023-11-17,2023-11-17 05:00:00+00:00,2023-11-17 21:59:00+00:00,15893.75,15940.0,15824.5,15874.0,845244,databento_ohlcv_1m,../trading/data/databento_ohlcv_1m/front_1m.parquet,115.5,-19.5,0.170995670995671,-0.170995670995671,109.5,223.6625,0.4895769295255128,compression,compression,lt_0_7
MNQ,2023-11-19,2023-11-19 23:00:00+00:00,2023-11-20 04:59:00+00:00,15891.25,15903.75,15848.0,15854.25,39888,databento_ohlcv_1m,../trading/data/databento_ohlcv_1m/front_1m.parquet,55.75,-19.75,0.6636771300448431,-0.6636771300448431,115.5,204.95,0.5635520858746036,compression,compression,lt_0_7
MNQ,2023-11-20,2023-11-20 05:00:00+00:00,2023-11-21 04:59:00+00:00,15854.0,16122.5,15837.5,16109.0,860275,databento_ohlcv_1m,../trading/data/databento_ohlcv_1m/front_1m.parquet,285.0,254.75,0.8947368421052632,0.8947368421052632,55.75,191.6,0.29097077244258873,compression,expansion,lt_0_7
MNQ,2023-11-21,2023-11-21 05:00:00+00:00,2023-11-22 04:59:00+00:00,16108.75,16113.5,15912.0,15971.5,866800,databento_ohlcv_1m,../trading/data/databento_ohlcv_1m/front_1m.parquet,201.5,-137.5,0.6811414392059554,-0.6811414392059554,285.0,195.95,1.4544526664965554,expansion,neutral,gt_1_3
MNQ,2023-11-22,2023-11-22 05:00:00+00:00,2023-11-23 04:59:00+00:00,15971.5,16173.25,15942.75,16049.25,1047528,databento_ohlcv_1m,../trading/data/databento_ohlcv_1m/front_1m.parquet,230.5,77.75,0.33731019522776573,0.33731019522776573,201.5,203.5625,0.9898679766656432,neutral,neutral,0_9_to_1_1
MNQ,2023-11-23,2023-11-23 05:00:00+00:00,2023-11-24 04:59:00+00:00,16049.0,16086.75,16048.5,16061.25,135517,databento_ohlcv_1m,../trading/data/databento_ohlcv_1m/front_1m.parquet,38.25,12.0,0.3202614379084967,0.3202614379084967,230.5,206.5875,1.1157499848732377,neutral,compression,1_1_to_1_3
MNQ,2023-11-24,2023-11-24 05:00:00+00:00,2023-11-24 18:14:00+00:00,16061.25,16071.5,15981.75,16010.75,390377,databento_ohlcv_1m,../trading/data/databento_ohlcv_1m/front_1m.parquet,89.75,-50.5,0.5626740947075209,-0.5626740947075209,38.25,198.8875,0.19231977876940481,compression,compression,lt_0_7
MNQ,2023-11-26,2023-11-26 23:00:00+00:00,2023-11-27 04:59:00+00:00,16008.5,16010.0,15938.75,15947.25,53681,databento_ohlcv_1m,../trading/data/databento_ohlcv_1m/front_1m.parquet,71.25,-63.5,0.8596491228070176,-0.8596491228070176,89.75,183.0625,0.4902697166268351,compression,compression,lt_0_7
MNQ,2023-11-27,2023-11-27 05:00:00+00:00,2023-11-28 04:59:00+00:00,15947.5,16089.0,15940.0,15997.25,896682,databento_ohlcv_1m,../trading/data/databento_ohlcv_1m/front_1m.parquet,149.0,50.0,0.3338926174496644,0.3338926174496644,71.25,174.875,0.40743388134381703,compression,neutral,lt_0_7
MNQ,2023-11-28,2023-11-28 05:00:00+00:00,2023-11-29 04:59:00+00:00,15997.5,16086.5,15945.0,16075.5,1044368,databento_ohlcv_1m,../trading/data/databento_ohlcv_1m/front_1m.parquet,141.5,78.25,0.5512367491166078,0.5512367491166078,149.0,167.4625,0.8897514368888557,neutral,neutral,0_7_to_0_9
MNQ,2023-11-29,2023-11-29 05:00:00+00:00,2023-11-30 04:59:00+00:00,16075.75,16207.75,16013.5,16055.0,1032004,databento_ohlcv_1m,../trading/data/databento_ohlcv_1m/front_1m.parquet,194.25,-20.5,0.10682110682110682,-0.10682110682110682,141.5,172.5375,0.8201115699485619,neutral,neutral,0_7_to_0_9
MNQ,2023-11-30,2023-11-30 05:00:00+00:00,2023-12-01 04:59:00+00:00,16055.5,16098.0,15855.75,15955.25,1136849,databento_ohlcv_1m,../trading/data/databento_ohlcv_1m/front_1m.parquet,242.25,-99.75,0.41382868937048506,-0.41382868937048506,194.25,176.275,1.1019713515813359,neutral,expansion,1_1_to_1_3
MNQ,2023-12-01,2023-12-01 05:00:00+00:00,2023-12-01 21:59:00+00:00,15955.75,16050.0,15864.5,16031.0,1093144,databento_ohlcv_1m,../trading/data/databento_ohlcv_1m/front_1m.parquet,185.5,75.75,0.4056603773584906,0.4056603773584906,242.25,176.5375,1.3722296962401757,expansion,neutral,gt_1_3
MNQ,2023-12-03,2023-12-03 23:00:00+00:00,2023-12-04 04:59:00+00:00,16021.75,16027.0,15966.5,15981.75,47566,databento_ohlcv_1m,../trading/data/databento_ohlcv_1m/front_1m.parquet,60.5,-49.25,0.6611570247933884,-0.6611570247933884,185.5,179.25,1.0348675034867503,neutral,compression,0_9_to_1_1
MNQ,2023-12-04,2023-12-04 05:00:00+00:00,2023-12-05 04:59:00+00:00,15981.0,16003.25,15721.25,15828.0,1070935,databento_ohlcv_1m,../trading/data/databento_ohlcv_1m/front_1m.parquet,282.0,-153.75,0.5425531914893617,-0.5425531914893617,60.5,169.9625,0.3559608737221446,compression,expansion,lt_0_7
MNQ,2023-12-05,2023-12-05 05:00:00+00:00,2023-12-06 04:59:00+00:00,15828.0,15988.75,15761.25,15979.5,1179635,databento_ohlcv_1m,../trading/data/databento_ohlcv_1m/front_1m.parquet,227.5,151.5,0.6659340659340659,0.6659340659340659,282.0,163.625,1.7234530175706646,expansion,expansion,gt_1_3
MNQ,2023-12-06,2023-12-06 05:00:00+00:00,2023-12-07 04:59:00+00:00,15979.5,16039.0,15800.0,15813.25,1133270,databento_ohlcv_1m,../trading/data/databento_ohlcv_1m/front_1m.parquet,239.0,-166.25,0.6956066945606695,-0.6956066945606695,227.5,170.425,1.3348980489951592,expansion,expansion,gt_1_3
MNQ,2023-12-07,2023-12-07 05:00:00+00:00,2023-12-08 04:59:00+00:00,15814.0,16065.75,15791.25,16026.75,1047418,databento_ohlcv_1m,../trading/data/databento_ohlcv_1m/front_1m.parquet,274.5,213.5,0.7750455373406193,0.7750455373406193,239.0,176.1625,1.3567019087490244,expansion,expansion,gt_1_3
MNQ,2023-12-08,2023-12-08 05:00:00+00:00,2023-12-08 21:59:00+00:00,16027.0,16119.0,15890.0,16092.5,1012493,databento_ohlcv_1m,../trading/data/databento_ohlcv_1m/front_1m.parquet,229.0,65.75,0.28602620087336245,0.28602620087336245,274.5,170.875,1.606437454279444,expansion,expansion,gt_1_3
MNQ,2023-12-10,2023-12-10 23:00:00+00:00,2023-12-11 04:59:00+00:00,16092.0,16319.25,16082.0,16263.0,30957,databento_ohlcv_1m,../trading/data/databento_ohlcv_1m/front_1m.parquet,237.25,170.5,0.7207586933614331,0.7207586933614331,229.0,171.1,1.3383985973115138,expansion,expansion,gt_1_3
MNQ,2023-12-11,2023-12-11 05:00:00+00:00,2023-12-12 04:59:00+00:00,16263.0,16485.25,16256.0,16469.0,488689,databento_ohlcv_1m,../trading/data/databento_ohlcv_1m/front_1m.parquet,229.25,206.0,0.8985823336968375,0.8985823336968375,237.25,177.4875,1.3367138530882456,expansion,expansion,gt_1_3
MNQ,2023-12-12,2023-12-12 05:00:00+00:00,2023-12-13 04:59:00+00:00,16469.25,16613.5,16396.5,16606.25,552820,databento_ohlcv_1m,../trading/data/databento_ohlcv_1m/front_1m.parquet,217.0,137.25,0.631336405529954,0.631336405529954,229.25,183.175,1.2515354169510031,expansion,neutral,1_1_to_1_3
MNQ,2023-12-13,2023-12-13 05:00:00+00:00,2023-12-14 04:59:00+00:00,16605.75,16885.5,16576.0,16875.0,831146,databento_ohlcv_1m,../trading/data/databento_ohlcv_1m/front_1m.parquet,309.5,268.75,0.869951534733441,0.869951534733441,217.0,191.2375,1.1347146872344598,neutral,expansion,1_1_to_1_3
MNQ,2023-12-14,2023-12-14 05:00:00+00:00,2023-12-15 04:59:00+00:00,16875.5,16883.75,16627.25,16778.0,1066431,databento_ohlcv_1m,../trading/data/databento_ohlcv_1m/front_1m.parquet,256.5,-97.0,0.38011695906432746,-0.38011695906432746,309.5,192.4625,1.6081054750925505,expansion,expansion,gt_1_3
MNQ,2023-12-15,2023-12-15 05:00:00+00:00,2023-12-15 21:59:00+00:00,16777.5,16887.25,16756.5,16816.0,889133,databento_ohlcv_1m,../trading/data/databento_ohlcv_1m/front_1m.parquet,130.75,38.0,0.2944550669216061,0.2944550669216061,256.5,195.2125,1.313952743804828,expansion,compression,gt_1_3
MNQ,2023-12-17,2023-12-17 23:00:00+00:00,2023-12-18 04:59:00+00:00,16820.25,16853.25,16802.25,16852.25,40759,databento_ohlcv_1m,../trading/data/databento_ohlcv_1m/front_1m.parquet,51.0,36.25,0.6274509803921569,0.6274509803921569,130.75,190.225,0.687343934814036,compression,compression,lt_0_7
MNQ,2023-12-18,2023-12-18 05:00:00+00:00,2023-12-19 04:59:00+00:00,16852.5,16974.25,16808.25,16928.25,724877,databento_ohlcv_1m,../trading/data/databento_ohlcv_1m/front_1m.parquet,166.0,76.0,0.4563253012048193,0.4563253012048193,51.0,190.8625,0.267208068635798,compression,neutral,lt_0_7
MNQ,2023-12-19,2023-12-19 05:00:00+00:00,2023-12-20 04:59:00+00:00,16928.25,17046.0,16917.0,17040.75,764620,databento_ohlcv_1m,../trading/data/databento_ohlcv_1m/front_1m.parquet,129.0,112.5,0.872093023255814,0.872093023255814,166.0,194.675,0.8527032233209194,neutral,compression,0_7_to_0_9
MNQ,2023-12-20,2023-12-20 05:00:00+00:00,2023-12-21 04:59:00+00:00,17041.0,17073.5,16757.25,16838.0,1077339,databento_ohlcv_1m,../trading/data/databento_ohlcv_1m/front_1m.parquet,316.25,-202.75,0.641897233201581,-0.641897233201581,129.0,197.5625,0.6529579247073711,compression,expansion,lt_0_7
MNQ,2023-12-21,2023-12-21 05:00:00+00:00,2023-12-22 04:59:00+00:00,16837.75,16971.25,16814.5,16912.75,1125719,databento_ohlcv_1m,../trading/data/databento_ohlcv_1m/front_1m.parquet,156.75,74.75,0.4784688995215311,0.4784688995215311,316.25,205.925,1.5357533082432924,expansion,compression,gt_1_3
MNQ,2023-12-22,2023-12-22 05:00:00+00:00,2023-12-22 21:59:00+00:00,16913.0,17041.25,16891.5,16962.5,804240,databento_ohlcv_1m,../trading/data/databento_ohlcv_1m/front_1m.parquet,149.75,49.75,0.330550918196995,0.330550918196995,156.75,206.6875,0.7583912912004839,compression,compression,0_7_to_0_9
MNQ,2023-12-25,2023-12-25 23:00:00+00:00,2023-12-26 04:59:00+00:00,16963.5,17028.75,16963.5,17022.0,34726,databento_ohlcv_1m,../trading/data/databento_ohlcv_1m/front_1m.parquet,65.25,59.5,0.896551724137931,0.896551724137931,149.75,204.4625,0.7324081433025615,compression,compression,0_7_to_0_9
MNQ,2023-12-26,2023-12-26 05:00:00+00:00,2023-12-27 04:59:00+00:00,17022.0,17111.5,16985.0,17082.5,506752,databento_ohlcv_1m,../trading/data/databento_ohlcv_1m/front_1m.parquet,126.5,60.5,0.4782608695652174,0.4782608695652174,65.25,195.6125,0.333567640104799,compression,compression,lt_0_7
MNQ,2023-12-27,2023-12-27 05:00:00+00:00,2023-12-28 04:59:00+00:00,17082.75,17155.5,17055.5,17141.0,693766,databento_ohlcv_1m,../trading/data/databento_ohlcv_1m/front_1m.parquet,100.0,58.5,0.5825,0.5825,126.5,192.6625,0.6565885940439888,compression,compression,lt_0_7
MNQ,2023-12-28,2023-12-28 05:00:00+00:00,2023-12-29 04:59:00+00:00,17141.25,17165.5,17078.0,17093.0,605708,databento_ohlcv_1m,../trading/data/databento_ohlcv_1m/front_1m.parquet,87.5,-48.0,0.5514285714285714,-0.5514285714285714,100.0,194.6375,0.5137756085029863,compression,compression,lt_0_7
MNQ,2023-12-29,2023-12-29 05:00:00+00:00,2023-12-29 21:59:00+00:00,17093.0,17130.5,16937.75,17004.0,800956,databento_ohlcv_1m,../trading/data/databento_ohlcv_1m/front_1m.parquet,192.75,-89.0,0.46173800259403375,-0.46173800259403375,87.5,184.9125,0.4731967822618806,compression,neutral,lt_0_7
MNQ,2024-01-01,2024-01-01 23:00:00+00:00,2024-01-02 04:59:00+00:00,17018.75,17038.5,17001.0,17007.75,39522,databento_ohlcv_1m,../trading/data/databento_ohlcv_1m/front_1m.parquet,37.5,3.75,0.29333333333333333,-0.29333333333333333,192.75,183.175,1.0522724170874846,neutral,compression,0_9_to_1_1
MNQ,2024-01-02,2024-01-02 05:00:00+00:00,2024-01-03 04:59:00+00:00,17008.0,17036.75,16622.0,16694.75,1059079,databento_ohlcv_1m,../trading/data/databento_ohlcv_1m/front_1m.parquet,414.75,-313.0,0.7552742616033755,-0.7552742616033755,37.5,173.1,0.21663778162911612,compression,expansion,lt_0_7
MNQ,2024-01-03,2024-01-03 05:00:00+00:00,2024-01-04 04:59:00+00:00,16695.0,16729.5,16522.25,16548.5,1156291,databento_ohlcv_1m,../trading/data/databento_ohlcv_1m/front_1m.parquet,207.25,-146.25,0.706875753920386,-0.706875753920386,414.75,180.1125,2.3027274620029146,expansion,neutral,gt_1_3
MNQ,2024-01-04,2024-01-04 05:00:00+00:00,2024-01-05 04:59:00+00:00,16548.75,16587.25,16435.75,16442.25,965906,databento_ohlcv_1m,../trading/data/databento_ohlcv_1m/front_1m.parquet,151.5,-106.25,0.7029702970297029,-0.7029702970297029,207.25,179.025,1.157659544756319,neutral,neutral,1_1_to_1_3
MNQ,2024-01-05,2024-01-05 05:00:00+00:00,2024-01-05 21:59:00+00:00,16442.5,16577.0,16334.25,16466.0,1068286,databento_ohlcv_1m,../trading/data/databento_ohlcv_1m/front_1m.parquet,242.75,23.75,0.09680741503604531,0.09680741503604531,151.5,174.7375,0.8670148079261749,neutral,expansion,0_7_to_0_9
MNQ,2024-01-07,2024-01-07 23:00:00+00:00,2024-01-08 04:59:00+00:00,16472.25,16500.0,16437.75,16448.5,52094,databento_ohlcv_1m,../trading/data/databento_ohlcv_1m/front_1m.parquet,62.25,-17.5,0.3815261044176707,-0.3815261044176707,242.75,175.4125,1.3838808522767763,expansion,compression,gt_1_3
MNQ,2024-01-08,2024-01-08 05:00:00+00:00,2024-01-09 04:59:00+00:00,16448.5,16811.5,16378.25,16781.5,856018,databento_ohlcv_1m,../trading/data/databento_ohlcv_1m/front_1m.parquet,433.25,333.0,0.7686093479515291,0.7686093479515291,62.25,167.675,0.3712539138213806,compression,expansion,lt_0_7
MNQ,2024-01-09,2024-01-09 05:00:00+00:00,2024-01-10 04:59:00+00:00,16781.5,16868.5,16658.5,16828.0,1032523,databento_ohlcv_1m,../trading/data/databento_ohlcv_1m/front_1m.parquet,210.0,46.5,0.22142857142857142,0.22142857142857142,433.25,173.8625,2.4919117118412535,expansion,expansion,gt_1_3
MNQ,2024-01-10,2024-01-10 05:00:00+00:00,2024-01-11 04:59:00+00:00,16828.25,17009.75,16801.75,16997.5,991389,databento_ohlcv_1m,../trading/data/databento_ohlcv_1m/front_1m.parquet,208.0,169.5,0.8137019230769231,0.8137019230769231,210.0,171.5375,1.2242221088683234,expansion,neutral,1_1_to_1_3
MNQ,2024-01-11,2024-01-11 05:00:00+00:00,2024-01-12 04:59:00+00:00,16997.75,17056.0,16753.0,16946.25,1374872,databento_ohlcv_1m,../trading/data/databento_ohlcv_1m/front_1m.parquet,303.0,-51.25,0.16996699669966997,-0.16996699669966997,208.0,175.4,1.185860889395667,neutral,expansion,1_1_to_1_3
MNQ,2024-01-12,2024-01-12 05:00:00+00:00,2024-01-12 21:59:00+00:00,16946.0,17042.5,16866.25,16955.0,1089815,databento_ohlcv_1m,../trading/data/databento_ohlcv_1m/front_1m.parquet,176.25,8.75,0.05106382978723404,0.05106382978723404,303.0,188.0,1.6117021276595744,expansion,neutral,gt_1_3
MNQ,2024-01-14,2024-01-14 23:00:00+00:00,2024-01-15 04:59:00+00:00,16962.0,16992.25,16938.5,16991.75,39221,databento_ohlcv_1m,../trading/data/databento_ohlcv_1m/front_1m.parquet,53.75,36.75,0.5534883720930233,0.5534883720930233,176.25,188.5125,0.9349512631788344,neutral,compression,0_9_to_1_1
MNQ,2024-01-15,2024-01-15 05:00:00+00:00,2024-01-16 04:59:00+00:00,16991.5,17023.25,16881.5,16895.25,277534,databento_ohlcv_1m,../trading/data/databento_ohlcv_1m/front_1m.parquet,141.75,-96.5,0.6790123456790124,-0.6790123456790124,53.75,184.75,0.29093369418132614,compression,neutral,lt_0_7
MNQ,2024-01-16,2024-01-16 05:00:00+00:00,2024-01-17 04:59:00+00:00,16895.0,17034.0,16812.0,16921.75,1324228,databento_ohlcv_1m,../trading/data/databento_ohlcv_1m/front_1m.parquet,222.0,26.5,0.1204954954954955,0.1204954954954955,141.75,176.025,0.8052833404345974,neutral,expansion,0_7_to_0_9
MNQ,2024-01-17,2024-01-17 05:00:00+00:00,2024-01-18 04:59:00+00:00,16921.25,16921.75,16689.0,16848.0,1232749,databento_ohlcv_1m,../trading/data/databento_ohlcv_1m/front_1m.parquet,232.75,-73.75,0.3147153598281418,-0.3147153598281418,222.0,179.2875,1.2382346789374608,expansion,expansion,1_1_to_1_3
MNQ,2024-01-18,2024-01-18 05:00:00+00:00,2024-01-19 04:59:00+00:00,16848.0,17178.75,16843.25,17169.0,1403853,databento_ohlcv_1m,../trading/data/databento_ohlcv_1m/front_1m.parquet,335.5,321.0,0.9567809239940388,0.9567809239940388,232.75,183.4375,1.268824531516184,expansion,expansion,1_1_to_1_3
MNQ,2024-01-19,2024-01-19 05:00:00+00:00,2024-01-19 21:59:00+00:00,17169.25,17472.0,17148.0,17463.25,1208827,databento_ohlcv_1m,../trading/data/databento_ohlcv_1m/front_1m.parquet,324.0,294.25,0.9074074074074074,0.9074074074074074,335.5,196.95,1.7034780401117036,expansion,expansion,gt_1_3
MNQ,2024-01-21,2024-01-21 23:00:00+00:00,2024-01-22 04:59:00+00:00,17465.75,17569.25,17464.0,17552.5,94131,databento_ohlcv_1m,../trading/data/databento_ohlcv_1m/front_1m.parquet,105.25,89.25,0.8242280285035629,0.8242280285035629,324.0,206.825,1.5665417623594828,expansion,compression,gt_1_3
MNQ,2024-01-22,2024-01-22 05:00:00+00:00,2024-01-23 04:59:00+00:00,17552.5,17584.75,17434.25,17474.25,1119884,databento_ohlcv_1m,../trading/data/databento_ohlcv_1m/front_1m.parquet,150.5,-78.25,0.5199335548172758,-0.5199335548172758,105.25,207.0875,0.508239270839621,compression,compression,lt_0_7
MNQ,2024-01-23,2024-01-23 05:00:00+00:00,2024-01-24 04:59:00+00:00,17474.75,17597.5,17409.25,17594.25,959246,databento_ohlcv_1m,../trading/data/databento_ohlcv_1m/front_1m.parquet,188.25,120.0,0.6347941567065073,0.6347941567065073,150.5,210.2375,0.7158570664129853,compression,neutral,0_7_to_0_9
MNQ,2024-01-24,2024-01-24 05:00:00+00:00,2024-01-25 04:59:00+00:00,17594.5,17794.0,17570.0,17609.75,1290313,databento_ohlcv_1m,../trading/data/databento_ohlcv_1m/front_1m.parquet,224.0,15.5,0.06808035714285714,0.06808035714285714,188.25,210.0125,0.8963752157609667,neutral,neutral,0_7_to_0_9
MNQ,2024-01-25,2024-01-25 05:00:00+00:00,2024-01-26 04:59:00+00:00,17610.0,17752.0,17483.5,17491.25,1330468,databento_ohlcv_1m,../trading/data/databento_ohlcv_1m/front_1m.parquet,268.5,-118.5,0.44227188081936686,-0.44227188081936686,224.0,219.3375,1.0212571949621017,neutral,expansion,0_9_to_1_1
MNQ,2024-01-26,2024-01-26 05:00:00+00:00,2024-01-26 21:59:00+00:00,17491.5,17631.25,17465.75,17504.75,1099053,databento_ohlcv_1m,../trading/data/databento_ohlcv_1m/front_1m.parquet,165.5,13.5,0.08006042296072508,0.08006042296072508,268.5,212.025,1.266360099044924,expansion,compression,1_1_to_1_3
MNQ,2024-01-28,2024-01-28 23:00:00+00:00,2024-01-29 04:59:00+00:00,17502.5,17549.5,17456.25,17530.75,67027,databento_ohlcv_1m,../trading/data/databento_ohlcv_1m/front_1m.parquet,93.25,26.0,0.30294906166219837,0.30294906166219837,165.5,209.9375,0.788329860077404,compression,compression,0_7_to_0_9
MNQ,2024-01-29,2024-01-29 05:00:00+00:00,2024-01-30 04:59:00+00:00,17530.75,17735.75,17520.0,17712.5,981508,databento_ohlcv_1m,../trading/data/databento_ohlcv_1m/front_1m.parquet,215.75,181.75,0.8424101969872537,0.8424101969872537,93.25,207.025,0.45042869218693393,compression,neutral,lt_0_7
MNQ,2024-01-30,2024-01-30 05:00:00+00:00,2024-01-31 04:59:00+00:00,17712.5,17728.75,17409.0,17449.75,1004727,databento_ohlcv_1m,../trading/data/databento_ohlcv_1m/front_1m.parquet,319.75,-262.75,0.8217357310398749,-0.8217357310398749,215.75,205.675,1.0489850492281512,neutral,expansion,0_9_to_1_1
MNQ,2024-01-31,2024-01-31 05:00:00+00:00,2024-02-01 04:59:00+00:00,17449.5,17483.75,17221.75,17317.75,1389200,databento_ohlcv_1m,../trading/data/databento_ohlcv_1m/front_1m.parquet,262.0,-132.0,0.5028625954198473,-0.5028625954198473,319.75,218.55,1.463051933196065,expansion,expansion,gt_1_3
MNQ,2024-02-01,2024-02-01 05:00:00+00:00,2024-02-02 04:59:00+00:00,17317.5,17645.5,17262.75,17606.5,1255431,databento_ohlcv_1m,../trading/data/databento_ohlcv_1m/front_1m.parquet,382.75,288.75,0.7550620509470934,0.7550620509470934,262.0,209.9875,1.2476933150782783,expansion,expansion,1_1_to_1_3
MNQ,2024-02-02,2024-02-02 05:00:00+00:00,2024-02-02 21:59:00+00:00,17606.5,17775.5,17465.75,17686.0,1290222,databento_ohlcv_1m,../trading/data/databento_ohlcv_1m/front_1m.parquet,309.75,79.5,0.2566585956416465,0.2566585956416465,382.75,218.625,1.7507146941109206,expansion,expansion,gt_1_3
MNQ,2024-02-04,2024-02-04 23:00:00+00:00,2024-02-05 04:59:00+00:00,17695.25,17728.0,17663.5,17684.5,75570,databento_ohlcv_1m,../trading/data/databento_ohlcv_1m/front_1m.parquet,64.5,-1.5,0.16666666666666666,-0.16666666666666666,309.75,223.7125,1.3845895960216796,expansion,compression,gt_1_3
MNQ,2024-02-05,2024-02-05 05:00:00+00:00,2024-02-06 04:59:00+00:00,17684.25,17745.0,17553.75,17739.0,1020849,databento_ohlcv_1m,../trading/data/databento_ohlcv_1m/front_1m.parquet,191.25,54.5,0.28627450980392155,0.28627450980392155,64.5,211.7875,0.30455055185032165,compression,neutral,lt_0_7
MNQ,2024-02-06,2024-02-06 05:00:00+00:00,2024-02-07 04:59:00+00:00,17738.75,17768.25,17560.75,17658.75,1248715,databento_ohlcv_1m,../trading/data/databento_ohlcv_1m/front_1m.parquet,207.5,-80.25,0.3855421686746988,-0.3855421686746988,191.25,212.5375,0.8998412044933247,neutral,neutral,0_7_to_0_9
MNQ,2024-02-07,2024-02-07 05:00:00+00:00,2024-02-08 04:59:00+00:00,17659.0,17876.0,17629.5,17850.75,1104284,databento_ohlcv_1m,../trading/data/databento_ohlcv_1m/front_1m.parquet,246.5,192.0,0.7778904665314401,0.7778904665314401,207.5,220.225,0.9422181859461914,neutral,neutral,0_9_to_1_1
MNQ,2024-02-08,2024-02-08 05:00:00+00:00,2024-02-09 04:59:00+00:00,17850.75,17896.5,17791.5,17864.0,894483,databento_ohlcv_1m,../trading/data/databento_ohlcv_1m/front_1m.parquet,105.0,13.25,0.1261904761904762,0.1261904761904762,246.5,225.4625,1.0933081998114986,neutral,compression,0_9_to_1_1
MNQ,2024-02-09,2024-02-09 05:00:00+00:00,2024-02-09 21:59:00+00:00,17864.25,18071.0,17859.75,18037.75,860049,databento_ohlcv_1m,../trading/data/databento_ohlcv_1m/front_1m.parquet,211.25,173.75,0.821301775147929,0.821301775147929,105.0,219.6125,0.4781148614036086,compression,neutral,lt_0_7
MNQ,2024-02-11,2024-02-11 23:00:00+00:00,2024-02-12 04:59:00+00:00,18039.25,18042.5,18003.25,18019.5,31057,databento_ohlcv_1m,../trading/data/databento_ohlcv_1m/front_1m.parquet,39.25,-18.25,0.5031847133757962,-0.5031847133757962,211.25,218.5375,0.9666533203683578,neutral,compression,0_9_to_1_1
MNQ,2024-02-12,2024-02-12 05:00:00+00:00,2024-02-13 04:59:00+00:00,18019.75,18121.5,17911.0,17929.5,958872,databento_ohlcv_1m,../trading/data/databento_ohlcv_1m/front_1m.parquet,210.5,-90.0,0.42874109263657956,-0.42874109263657956,39.25,203.725,0.1926616762792981,compression,neutral,lt_0_7
MNQ,2024-02-13,2024-02-13 05:00:00+00:00,2024-02-14 04:59:00+00:00,17929.75,17963.5,17546.25,17684.25,1487435,databento_ohlcv_1m,../trading/data/databento_ohlcv_1m/front_1m.parquet,417.25,-245.25,0.5883762732174955,-0.5883762732174955,210.5,198.05,1.0628629134057055,neutral,expansion,0_9_to_1_1
MNQ,2024-02-14,2024-02-14 05:00:00+00:00,2024-02-15 04:59:00+00:00,17683.75,17887.0,17682.5,17875.75,1284357,databento_ohlcv_1m,../trading/data/databento_ohlcv_1m/front_1m.parquet,204.5,191.5,0.9388753056234719,0.9388753056234719,417.25,213.65,1.9529604493330213,expansion,neutral,gt_1_3
MNQ,2024-02-15,2024-02-15 05:00:00+00:00,2024-02-16 04:59:00+00:00,17875.75,17968.5,17780.25,17938.75,1220901,databento_ohlcv_1m,../trading/data/databento_ohlcv_1m/front_1m.parquet,188.25,63.0,0.3346613545816733,0.3346613545816733,204.5,216.35,0.9452276403975041,neutral,neutral,0_9_to_1_1
MNQ,2024-02-16,2024-02-16 05:00:00+00:00,2024-02-16 21:59:00+00:00,17939.0,18026.25,17713.75,17721.25,1331875,databento_ohlcv_1m,../trading/data/databento_ohlcv_1m/front_1m.parquet,312.5,-217.5,0.6968,-0.6968,188.25,216.35,0.8701178645712966,neutral,expansion,0_7_to_0_9
MNQ,2024-02-18,2024-02-18 23:00:00+00:00,2024-02-19 04:59:00+00:00,17728.5,17803.25,17725.25,17778.25,62054,databento_ohlcv_1m,../trading/data/databento_ohlcv_1m/front_1m.parquet,78.0,57.0,0.6378205128205128,0.6378205128205128,312.5,220.775,1.415468236892764,expansion,compression,gt_1_3
MNQ,2024-02-19,2024-02-19 05:00:00+00:00,2024-02-20 04:59:00+00:00,17778.5,17807.25,17666.75,17680.5,273733,databento_ohlcv_1m,../trading/data/databento_ohlcv_1m/front_1m.parquet,140.5,-97.75,0.697508896797153,-0.697508896797153,78.0,211.25,0.36923076923076925,compression,compression,lt_0_7
MNQ,2024-02-20,2024-02-20 05:00:00+00:00,2024-02-21 04:59:00+00:00,17681.0,17724.75,17452.5,17554.75,1444397,databento_ohlcv_1m,../trading/data/databento_ohlcv_1m/front_1m.parquet,272.25,-125.75,0.4637281910009183,-0.4637281910009183,140.5,210.0,0.669047619047619,compression,expansion,lt_0_7
MNQ,2024-02-21,2024-02-21 05:00:00+00:00,2024-02-22 04:59:00+00:00,17554.75,17802.25,17373.0,17798.0,1443337,databento_ohlcv_1m,../trading/data/databento_ohlcv_1m/front_1m.parquet,429.25,243.25,0.5666860803727432,0.5666860803727432,272.25,218.95,1.2434345741036767,expansion,expansion,1_1_to_1_3
MNQ,2024-02-22,2024-02-22 05:00:00+00:00,2024-02-23 04:59:00+00:00,17798.25,18087.0,17783.5,18050.0,1253441,databento_ohlcv_1m,../trading/data/databento_ohlcv_1m/front_1m.parquet,303.5,252.0,0.8294892915980231,0.8294892915980231,429.25,229.625,1.869352204681546,expansion,expansion,gt_1_3
MNQ,2024-02-23,2024-02-23 05:00:00+00:00,2024-02-23 21:59:00+00:00,18050.0,18145.0,17946.0,17961.0,1222895,databento_ohlcv_1m,../trading/data/databento_ohlcv_1m/front_1m.parquet,199.0,-89.0,0.4472361809045226,-0.4472361809045226,303.5,228.8125,1.3264135482108714,expansion,neutral,gt_1_3
MNQ,2024-02-25,2024-02-25 23:00:00+00:00,2024-02-26 04:59:00+00:00,17962.75,17988.5,17922.0,17949.25,80177,databento_ohlcv_1m,../trading/data/databento_ohlcv_1m/front_1m.parquet,66.5,-11.75,0.20300751879699247,-0.20300751879699247,199.0,225.6625,0.8818478923170664,neutral,compression,0_7_to_0_9
MNQ,2024-02-26,2024-02-26 05:00:00+00:00,2024-02-27 04:59:00+00:00,17949.25,18059.75,17929.25,17954.75,1036518,databento_ohlcv_1m,../trading/data/databento_ohlcv_1m/front_1m.parquet,130.5,5.5,0.0421455938697318,0.0421455938697318,66.5,209.85,0.3168930188229688,compression,compression,lt_0_7
MNQ,2024-02-27,2024-02-27 05:00:00+00:00,2024-02-28 04:59:00+00:00,17954.5,18040.5,17908.5,18001.25,1100295,databento_ohlcv_1m,../trading/data/databento_ohlcv_1m/front_1m.parquet,132.0,46.5,0.3541666666666667,0.3541666666666667,130.5,200.8875,0.6496173231286168,compression,compression,lt_0_7
MNQ,2024-02-28,2024-02-28 05:00:00+00:00,2024-02-29 04:59:00+00:00,18000.75,18007.75,17846.25,17926.75,1166606,databento_ohlcv_1m,../trading/data/databento_ohlcv_1m/front_1m.parquet,161.5,-74.5,0.4582043343653251,-0.4582043343653251,132.0,204.2625,0.6462272810721499,compression,compression,lt_0_7
MNQ,2024-02-29,2024-02-29 05:00:00+00:00,2024-03-01 04:59:00+00:00,17926.25,18132.0,17826.25,18119.0,1280918,databento_ohlcv_1m,../trading/data/databento_ohlcv_1m/front_1m.parquet,305.75,192.25,0.6304170073589533,0.6304170073589533,161.5,202.775,0.7964492664283073,compression,expansion,0_7_to_0_9
MNQ,2024-03-01,2024-03-01 05:00:00+00:00,2024-03-01 21:59:00+00:00,18119.25,18372.5,18030.25,18321.5,1186165,databento_ohlcv_1m,../trading/data/databento_ohlcv_1m/front_1m.parquet,342.25,202.5,0.5909422936449964,0.5909422936449964,305.75,207.6875,1.472163707493229,expansion,expansion,gt_1_3
MNQ,2024-03-03,2024-03-03 23:00:00+00:00,2024-03-04 04:59:00+00:00,18335.0,18365.75,18326.5,18348.75,60322,databento_ohlcv_1m,../trading/data/databento_ohlcv_1m/front_1m.parquet,39.25,27.25,0.3503184713375796,0.3503184713375796,342.25,212.475,1.6107777385574773,expansion,compression,gt_1_3
MNQ,2024-03-04,2024-03-04 05:00:00+00:00,2024-03-05 04:59:00+00:00,18349.25,18378.25,18185.25,18208.25,919025,databento_ohlcv_1m,../trading/data/databento_ohlcv_1m/front_1m.parquet,193.0,-140.5,0.7305699481865285,-0.7305699481865285,39.25,209.1875,0.18763071407230356,compression,neutral,lt_0_7
MNQ,2024-03-05,2024-03-05 05:00:00+00:00,2024-03-06 04:59:00+00:00,18208.5,18208.75,17832.5,17981.0,1383062,databento_ohlcv_1m,../trading/data/databento_ohlcv_1m/front_1m.parquet,376.25,-227.25,0.6046511627906976,-0.6046511627906976,193.0,208.275,0.926659464650102,neutral,expansion,0_9_to_1_1
MNQ,2024-03-06,2024-03-06 05:00:00+00:00,2024-03-07 04:59:00+00:00,17981.5,18174.25,17932.5,17973.0,1597502,databento_ohlcv_1m,../trading/data/databento_ohlcv_1m/front_1m.parquet,241.75,-8.0,0.03516028955532575,-0.03516028955532575,376.25,225.125,1.67129372570794,expansion,neutral,gt_1_3
MNQ,2024-03-07,2024-03-07 05:00:00+00:00,2024-03-08 04:59:00+00:00,17973.25,18360.0,17915.5,18283.0,1348561,databento_ohlcv_1m,../trading/data/databento_ohlcv_1m/front_1m.parquet,444.5,310.0,0.6968503937007874,0.6968503937007874,241.75,226.6875,1.0664460987041633,neutral,expansion,0_9_to_1_1
MNQ,2024-03-08,2024-03-08 05:00:00+00:00,2024-03-08 21:59:00+00:00,18282.75,18436.25,18012.25,18055.25,1744284,databento_ohlcv_1m,../trading/data/databento_ohlcv_1m/front_1m.parquet,424.0,-227.75,0.5365566037735849,-0.5365566037735849,444.5,228.05,1.9491339618504713,expansion,expansion,gt_1_3
MNQ,2024-03-10,2024-03-10 22:00:00+00:00,2024-03-11 03:59:00+00:00,18058.0,18301.75,17974.75,18241.0,63057,databento_ohlcv_1m,../trading/data/databento_ohlcv_1m/front_1m.parquet,327.0,185.75,0.5596330275229358,0.5596330275229358,424.0,239.025,1.7738730258341178,expansion,expansion,gt_1_3
MNQ,2024-03-11,2024-03-11 04:00:00+00:00,2024-03-12 03:59:00+00:00,18240.5,18312.25,18137.75,18298.25,815145,databento_ohlcv_1m,../trading/data/databento_ohlcv_1m/front_1m.parquet,174.5,57.25,0.330945558739255,0.330945558739255,327.0,245.9625,1.3294709559384053,expansion,compression,gt_1_3
MNQ,2024-03-12,2024-03-12 04:00:00+00:00,2024-03-13 03:59:00+00:00,18298.75,18491.0,18174.0,18456.5,1202598,databento_ohlcv_1m,../trading/data/databento_ohlcv_1m/front_1m.parquet,317.0,158.25,0.49763406940063093,0.49763406940063093,174.5,239.0625,0.7299346405228758,compression,expansion,0_7_to_0_9
MNQ,2024-03-13,2024-03-13 04:00:00+00:00,2024-03-14 03:59:00+00:00,18457.0,18506.75,18281.5,18371.75,1266711,databento_ohlcv_1m,../trading/data/databento_ohlcv_1m/front_1m.parquet,225.25,-84.75,0.37846836847946724,-0.37846836847946724,317.0,251.0125,1.2628853144763708,expansion,neutral,1_1_to_1_3
MNQ,2024-03-14,2024-03-14 04:00:00+00:00,2024-03-15 03:59:00+00:00,18371.75,18428.25,18161.25,18244.75,1477503,databento_ohlcv_1m,../trading/data/databento_ohlcv_1m/front_1m.parquet,267.0,-127.0,0.4756554307116105,-0.4756554307116105,225.25,255.25,0.8824681684622919,neutral,neutral,0_7_to_0_9
MNQ,2024-03-15,2024-03-15 04:00:00+00:00,2024-03-15 20:59:00+00:00,18244.75,18323.0,18006.25,18063.5,1390587,databento_ohlcv_1m,../trading/data/databento_ohlcv_1m/front_1m.parquet,316.75,-181.25,0.5722178374112076,-0.5722178374112076,267.0,254.9875,1.0471101524584538,neutral,expansion,0_9_to_1_1
MNQ,2024-03-17,2024-03-17 22:00:00+00:00,2024-03-18 03:59:00+00:00,18072.75,18127.0,18062.25,18125.25,67752,databento_ohlcv_1m,../trading/data/databento_ohlcv_1m/front_1m.parquet,64.75,61.75,0.8108108108108109,0.8108108108108109,316.75,249.3625,1.270239109729811,expansion,compression,1_1_to_1_3
MNQ,2024-03-18,2024-03-18 04:00:00+00:00,2024-03-19 03:59:00+00:00,18125.5,18380.75,18122.75,18179.5,1455425,databento_ohlcv_1m,../trading/data/databento_ohlcv_1m/front_1m.parquet,258.0,54.25,0.20930232558139536,0.20930232558139536,64.75,237.425,0.27271770032641884,compression,neutral,lt_0_7
MNQ,2024-03-19,2024-03-19 04:00:00+00:00,2024-03-20 03:59:00+00:00,18179.5,18289.5,18053.25,18246.0,1369759,databento_ohlcv_1m,../trading/data/databento_ohlcv_1m/front_1m.parquet,236.25,66.5,0.2814814814814815,0.2814814814814815,258.0,240.375,1.0733229329173166,neutral,neutral,0_9_to_1_1
MNQ,2024-03-20,2024-03-20 04:00:00+00:00,2024-03-21 03:59:00+00:00,18246.25,18596.75,18234.0,18592.25,1351082,databento_ohlcv_1m,../trading/data/databento_ohlcv_1m/front_1m.parquet,362.75,346.25,0.9538249483115093,0.9538249483115093,236.25,248.8625,0.9493194032849465,neutral,expansion,0_9_to_1_1
MNQ,2024-03-21,2024-03-21 04:00:00+00:00,2024-03-22 03:59:00+00:00,18592.0,18708.5,18532.0,18553.0,1413509,databento_ohlcv_1m,../trading/data/databento_ohlcv_1m/front_1m.parquet,176.5,-39.25,0.22096317280453256,-0.22096317280453256,362.75,260.475,1.3926480468375082,expansion,compression,gt_1_3
MNQ,2024-03-22,2024-03-22 04:00:00+00:00,2024-03-22 20:59:00+00:00,18553.25,18626.0,18492.75,18564.0,1142924,databento_ohlcv_1m,../trading/data/databento_ohlcv_1m/front_1m.parquet,133.25,11.0,0.08067542213883677,0.08067542213883677,176.5,262.7,0.6718690521507423,compression,compression,lt_0_7
MNQ,2024-03-24,2024-03-24 22:00:00+00:00,2024-03-25 03:59:00+00:00,18566.75,18601.25,18552.5,18576.5,66363,databento_ohlcv_1m,../trading/data/databento_ohlcv_1m/front_1m.parquet,48.75,12.5,0.2,0.2,133.25,261.2875,0.5099746447878295,compression,compression,lt_0_7
MNQ,2024-03-25,2024-03-25 04:00:00+00:00,2024-03-26 03:59:00+00:00,18576.5,18576.5,18415.0,18523.5,1055615,databento_ohlcv_1m,../trading/data/databento_ohlcv_1m/front_1m.parquet,161.5,-53.0,0.3281733746130031,-0.3281733746130031,48.75,248.4375,0.19622641509433963,compression,compression,lt_0_7
MNQ,2024-03-26,2024-03-26 04:00:00+00:00,2024-03-27 03:59:00+00:00,18523.75,18618.75,18439.25,18497.0,1066537,databento_ohlcv_1m,../trading/data/databento_ohlcv_1m/front_1m.parquet,179.5,-26.5,0.149025069637883,-0.149025069637883,161.5,239.4,0.6746031746031745,compression,compression,lt_0_7
MNQ,2024-03-27,2024-03-27 04:00:00+00:00,2024-03-28 03:59:00+00:00,18497.0,18572.25,18378.5,18494.25,1241674,databento_ohlcv_1m,../trading/data/databento_ohlcv_1m/front_1m.parquet,193.75,-2.75,0.014193548387096775,-0.014193548387096775,179.5,246.4125,0.7284533049256836,compression,compression,0_7_to_0_9
MNQ,2024-03-28,2024-03-28 04:00:00+00:00,2024-03-28 20:59:00+00:00,18494.0,18539.25,18447.25,18465.25,977804,databento_ohlcv_1m,../trading/data/databento_ohlcv_1m/front_1m.parquet,92.0,-29.0,0.3125,-0.3125,193.75,246.45,0.7861635220125787,compression,compression,0_7_to_0_9
MNQ,2024-03-31,2024-03-31 22:00:00+00:00,2024-04-01 03:59:00+00:00,18500.0,18611.75,18496.0,18584.75,90024,databento_ohlcv_1m,../trading/data/databento_ohlcv_1m/front_1m.parquet,115.75,119.5,0.7321814254859611,0.7321814254859611,92.0,232.2375,0.3961461865547123,compression,compression,lt_0_7
MNQ,2024-04-01,2024-04-01 04:00:00+00:00,2024-04-02 03:59:00+00:00,18584.75,18607.25,18414.5,18479.25,1177897,databento_ohlcv_1m,../trading/data/databento_ohlcv_1m/front_1m.parquet,192.75,-105.5,0.5473411154345007,-0.5473411154345007,115.75,225.9375,0.5123098201936376,compression,neutral,lt_0_7
MNQ,2024-04-02,2024-04-02 04:00:00+00:00,2024-04-03 03:59:00+00:00,18479.75,18514.0,18201.0,18310.25,1198297,databento_ohlcv_1m,../trading/data/databento_ohlcv_1m/front_1m.parquet,313.0,-169.0,0.5415335463258786,-0.5415335463258786,192.75,213.35,0.9034450433559879,neutral,expansion,0_9_to_1_1
MNQ,2024-04-03,2024-04-03 04:00:00+00:00,2024-04-04 03:59:00+00:00,18310.0,18485.25,18232.75,18453.25,1277887,databento_ohlcv_1m,../trading/data/databento_ohlcv_1m/front_1m.parquet,252.5,143.0,0.5673267326732673,0.5673267326732673,313.0,207.8,1.5062560153994224,expansion,expansion,gt_1_3
MNQ,2024-04-04,2024-04-04 04:00:00+00:00,2024-04-05 03:59:00+00:00,18453.5,18568.25,18054.25,18110.0,1505904,databento_ohlcv_1m,../trading/data/databento_ohlcv_1m/front_1m.parquet,514.0,-343.25,0.6682879377431906,-0.6682879377431906,252.5,204.075,1.2372902119318878,expansion,expansion,1_1_to_1_3
MNQ,2024-04-05,2024-04-05 04:00:00+00:00,2024-04-05 20:59:00+00:00,18109.75,18407.75,18043.5,18310.5,1663330,databento_ohlcv_1m,../trading/data/databento_ohlcv_1m/front_1m.parquet,364.25,200.5,0.5511324639670556,0.5511324639670556,514.0,221.05,2.325265776973535,expansion,expansion,gt_1_3
MNQ,2024-04-07,2024-04-07 22:00:00+00:00,2024-04-08 03:59:00+00:00,18346.5,18373.5,18270.25,18285.5,98406,databento_ohlcv_1m,../trading/data/databento_ohlcv_1m/front_1m.parquet,103.25,-25.0,0.5907990314769975,-0.5907990314769975,364.25,223.4125,1.6303922117159961,expansion,compression,gt_1_3
MNQ,2024-04-08,2024-04-08 04:00:00+00:00,2024-04-09 03:59:00+00:00,18285.75,18377.5,18237.75,18303.5,1275382,databento_ohlcv_1m,../trading/data/databento_ohlcv_1m/front_1m.parquet,139.75,18.0,0.12701252236135957,0.12701252236135957,103.25,217.3125,0.4751222318090308,compression,compression,lt_0_7
MNQ,2024-04-09,2024-04-09 04:00:00+00:00,2024-04-10 03:59:00+00:00,18303.5,18407.5,18160.25,18378.75,1608933,databento_ohlcv_1m,../trading/data/databento_ohlcv_1m/front_1m.parquet,247.25,75.25,0.30434782608695654,0.30434782608695654,139.75,210.95,0.6624792604882674,compression,neutral,lt_0_7
MNQ,2024-04-10,2024-04-10 04:00:00+00:00,2024-04-11 03:59:00+00:00,18378.75,18470.0,18054.0,18199.0,1752954,databento_ohlcv_1m,../trading/data/databento_ohlcv_1m/front_1m.parquet,416.0,-179.75,0.43209134615384615,-0.43209134615384615,247.25,207.475,1.1917098445595855,neutral,expansion,1_1_to_1_3
MNQ,2024-04-11,2024-04-11 04:00:00+00:00,2024-04-12 03:59:00+00:00,18199.25,18519.25,18085.0,18488.75,1534929,databento_ohlcv_1m,../trading/data/databento_ohlcv_1m/front_1m.parquet,434.25,289.75,0.6666666666666666,0.6666666666666666,416.0,225.0375,1.8485807920902073,expansion,expansion,gt_1_3
MNQ,2024-04-12,2024-04-12 04:00:00+00:00,2024-04-12 20:59:00+00:00,18488.5,18507.75,18120.0,18171.5,1555432,databento_ohlcv_1m,../trading/data/databento_ohlcv_1m/front_1m.parquet,387.75,-317.25,0.8175370728562218,-0.8175370728562218,434.25,233.85,1.8569595894804363,expansion,expansion,gt_1_3
MNQ,2024-04-14,2024-04-14 22:00:00+00:00,2024-04-15 03:59:00+00:00,18151.75,18255.0,18147.5,18230.25,132884,databento_ohlcv_1m,../trading/data/databento_ohlcv_1m/front_1m.parquet,107.5,58.75,0.7302325581395349,0.7302325581395349,387.75,241.425,1.6060888474681578,expansion,compression,gt_1_3
MNQ,2024-04-15,2024-04-15 04:00:00+00:00,2024-04-16 03:59:00+00:00,18230.75,18351.0,17795.5,17846.5,1639032,databento_ohlcv_1m,../trading/data/databento_ohlcv_1m/front_1m.parquet,555.5,-383.75,0.6917191719171917,-0.6917191719171917,107.5,228.6625,0.4701251844968021,compression,expansion,lt_0_7
MNQ,2024-04-16,2024-04-16 04:00:00+00:00,2024-04-17 03:59:00+00:00,17846.5,17988.0,17791.25,17929.5,1651455,databento_ohlcv_1m,../trading/data/databento_ohlcv_1m/front_1m.parquet,196.75,83.0,0.4218551461245235,0.4218551461245235,555.5,247.6125,2.2434247059417434,expansion,compression,gt_1_3
MNQ,2024-04-17,2024-04-17 04:00:00+00:00,2024-04-18 03:59:00+00:00,17930.0,17968.25,17616.0,17729.0,1756663,databento_ohlcv_1m,../trading/data/databento_ohlcv_1m/front_1m.parquet,352.25,-200.5,0.5706174591909156,-0.5706174591909156,196.75,250.7875,0.784528734486368,compression,expansion,0_7_to_0_9
MNQ,2024-04-18,2024-04-18 04:00:00+00:00,2024-04-19 03:59:00+00:00,17729.75,17771.0,17180.25,17337.75,1907972,databento_ohlcv_1m,../trading/data/databento_ohlcv_1m/front_1m.parquet,590.75,-391.25,0.663563267033432,-0.663563267033432,352.25,265.9625,1.324434835738121,expansion,expansion,gt_1_3
MNQ,2024-04-19,2024-04-19 04:00:00+00:00,2024-04-19 20:59:00+00:00,17338.5,17552.5,17113.75,17180.0,1717980,databento_ohlcv_1m,../trading/data/databento_ohlcv_1m/front_1m.parquet,438.75,-157.75,0.36125356125356123,-0.36125356125356123,590.75,287.425,2.055318778811864,expansion,expansion,gt_1_3
MNQ,2024-04-21,2024-04-21 22:00:00+00:00,2024-04-22 03:59:00+00:00,17228.25,17273.0,17196.0,17239.5,107100,databento_ohlcv_1m,../trading/data/databento_ohlcv_1m/front_1m.parquet,77.0,59.5,0.1461038961038961,0.1461038961038961,438.75,300.3875,1.4606133743914111,expansion,compression,gt_1_3
MNQ,2024-04-22,2024-04-22 04:00:00+00:00,2024-04-23 03:59:00+00:00,17239.0,17448.0,17148.75,17331.5,1395177,databento_ohlcv_1m,../trading/data/databento_ohlcv_1m/front_1m.parquet,299.25,92.0,0.3091060985797828,0.3091060985797828,77.0,294.55,0.26141571889322696,compression,neutral,lt_0_7
MNQ,2024-04-23,2024-04-23 04:00:00+00:00,2024-04-24 03:59:00+00:00,17331.75,17745.5,17317.5,17732.5,1295591,databento_ohlcv_1m,../trading/data/databento_ohlcv_1m/front_1m.parquet,428.0,401.0,0.9363317757009346,0.9363317757009346,299.25,304.9125,0.9814290985118681,neutral,expansion,0_9_to_1_1
MNQ,2024-04-24,2024-04-24 04:00:00+00:00,2024-04-25 03:59:00+00:00,17733.0,17795.75,17437.25,17460.25,1571387,databento_ohlcv_1m,../trading/data/databento_ohlcv_1m/front_1m.parquet,358.5,-272.25,0.7608089260808926,-0.7608089260808926,428.0,320.525,1.3353092582481867,expansion,neutral,gt_1_3
MNQ,2024-04-25,2024-04-25 04:00:00+00:00,2024-04-26 03:59:00+00:00,17459.75,17827.75,17308.0,17769.25,1726558,databento_ohlcv_1m,../trading/data/databento_ohlcv_1m/front_1m.parquet,519.75,309.0,0.5954785954785955,0.5954785954785955,358.5,328.8125,1.0902870176772477,neutral,expansion,0_9_to_1_1
MNQ,2024-04-26,2024-04-26 04:00:00+00:00,2024-04-26 20:59:00+00:00,17770.0,17901.25,17668.25,17837.0,1316489,databento_ohlcv_1m,../trading/data/databento_ohlcv_1m/front_1m.parquet,233.0,67.75,0.2875536480686695,0.2875536480686695,519.75,339.15,1.5325077399380806,expansion,compression,gt_1_3
MNQ,2024-04-28,2024-04-28 22:00:00+00:00,2024-04-29 03:59:00+00:00,17864.5,17913.0,17852.5,17901.0,59733,databento_ohlcv_1m,../trading/data/databento_ohlcv_1m/front_1m.parquet,60.5,64.0,0.6033057851239669,0.6033057851239669,233.0,338.175,0.688992385599172,compression,compression,lt_0_7
MNQ,2024-04-29,2024-04-29 04:00:00+00:00,2024-04-30 03:59:00+00:00,17900.5,17949.0,17791.25,17911.25,1112768,databento_ohlcv_1m,../trading/data/databento_ohlcv_1m/front_1m.parquet,157.75,10.25,0.06814580031695722,0.06814580031695722,60.5,315.5,0.19175911251980982,compression,compression,lt_0_7
MNQ,2024-04-30,2024-04-30 04:00:00+00:00,2024-05-01 03:59:00+00:00,17910.75,17912.25,17453.75,17526.5,1440531,databento_ohlcv_1m,../trading/data/databento_ohlcv_1m/front_1m.parquet,458.5,-384.75,0.8380588876772083,-0.8380588876772083,157.75,305.175,0.5169165233062997,compression,expansion,lt_0_7
MNQ,2024-05-01,2024-05-01 04:00:00+00:00,2024-05-02 03:59:00+00:00,17526.0,17791.75,17399.0,17549.0,1621303,databento_ohlcv_1m,../trading/data/databento_ohlcv_1m/front_1m.parquet,392.75,22.5,0.05856142584341184,0.05856142584341184,458.5,322.9375,1.419779369072963,expansion,neutral,gt_1_3
MNQ,2024-05-02,2024-05-02 04:00:00+00:00,2024-05-03 03:59:00+00:00,17549.5,17808.0,17386.0,17763.0,1470036,databento_ohlcv_1m,../trading/data/databento_ohlcv_1m/front_1m.parquet,422.0,214.0,0.5059241706161137,0.5059241706161137,392.75,335.5875,1.1703356054680225,neutral,expansion,1_1_to_1_3
MNQ,2024-05-03,2024-05-03 04:00:00+00:00,2024-05-03 20:59:00+00:00,17762.75,18050.0,17719.0,18027.75,1102232,databento_ohlcv_1m,../trading/data/databento_ohlcv_1m/front_1m.parquet,331.0,264.75,0.8006042296072508,0.8006042296072508,422.0,344.325,1.2255862920206202,expansion,neutral,1_1_to_1_3
MNQ,2024-05-05,2024-05-05 22:00:00+00:00,2024-05-06 03:59:00+00:00,18046.75,18063.25,17995.0,18005.75,45544,databento_ohlcv_1m,../trading/data/databento_ohlcv_1m/front_1m.parquet,68.25,-22.0,0.6007326007326007,-0.6007326007326007,331.0,340.075,0.9733147099904433,neutral,compression,0_9_to_1_1
MNQ,2024-05-06,2024-05-06 04:00:00+00:00,2024-05-07 03:59:00+00:00,18005.25,18201.75,17983.75,18187.75,873489,databento_ohlcv_1m,../trading/data/databento_ohlcv_1m/front_1m.parquet,218.0,182.0,0.8371559633027523,0.8371559633027523,68.25,321.775,0.2121047315670888,compression,compression,lt_0_7
MNQ,2024-05-07,2024-05-07 04:00:00+00:00,2024-05-08 03:59:00+00:00,18188.25,18267.75,18150.75,18194.75,959835,databento_ohlcv_1m,../trading/data/databento_ohlcv_1m/front_1m.parquet,117.0,7.0,0.05555555555555555,0.05555555555555555,218.0,313.2875,0.6958464669034033,compression,compression,lt_0_7
MNQ,2024-05-08,2024-05-08 04:00:00+00:00,2024-05-09 03:59:00+00:00,18194.25,18242.25,18072.5,18159.75,969363,databento_ohlcv_1m,../trading/data/databento_ohlcv_1m/front_1m.parquet,169.75,-35.0,0.203240058910162,-0.203240058910162,117.0,313.7625,0.3728935102187164,compression,compression,lt_0_7
MNQ,2024-05-09,2024-05-09 04:00:00+00:00,2024-05-10 03:59:00+00:00,18159.75,18245.5,18104.25,18217.0,986838,databento_ohlcv_1m,../trading/data/databento_ohlcv_1m/front_1m.parquet,141.25,57.25,0.40530973451327434,0.40530973451327434,169.75,294.475,0.576449613719331,compression,compression,lt_0_7
MNQ,2024-05-10,2024-05-10 04:00:00+00:00,2024-05-10 20:59:00+00:00,18216.75,18348.0,18188.25,18239.75,989523,databento_ohlcv_1m,../trading/data/databento_ohlcv_1m/front_1m.parquet,159.75,22.75,0.14397496087636932,0.14397496087636932,141.25,291.7,0.4842303736715804,compression,compression,lt_0_7
MNQ,2024-05-12,2024-05-12 22:00:00+00:00,2024-05-13 03:59:00+00:00,18237.5,18279.5,18229.0,18277.5,35141,databento_ohlcv_1m,../trading/data/databento_ohlcv_1m/front_1m.parquet,50.5,37.75,0.7920792079207921,0.7920792079207921,159.75,282.075,0.5663387396968892,compression,compression,lt_0_7
MNQ,2024-05-13,2024-05-13 04:00:00+00:00,2024-05-14 03:59:00+00:00,18278.0,18336.75,18234.75,18266.25,826500,databento_ohlcv_1m,../trading/data/databento_ohlcv_1m/front_1m.parquet,102.0,-11.25,0.11519607843137254,-0.11519607843137254,50.5,255.0625,0.1979906885567263,compression,compression,lt_0_7
MNQ,2024-05-14,2024-05-14 04:00:00+00:00,2024-05-15 03:59:00+00:00,18266.5,18438.75,18167.5,18423.75,1100712,databento_ohlcv_1m,../trading/data/databento_ohlcv_1m/front_1m.parquet,271.25,157.5,0.5797235023041475,0.5797235023041475,102.0,238.225,0.42816664917619895,compression,neutral,lt_0_7
MNQ,2024-05-15,2024-05-15 04:00:00+00:00,2024-05-16 03:59:00+00:00,18423.75,18738.75,18392.75,18732.5,1152540,databento_ohlcv_1m,../trading/data/databento_ohlcv_1m/front_1m.parquet,346.0,308.75,0.8923410404624278,0.8923410404624278,271.25,247.9375,1.0940257121250314,neutral,expansion,0_9_to_1_1
MNQ,2024-05-16,2024-05-16 04:00:00+00:00,2024-05-17 03:59:00+00:00,18732.5,18760.75,18633.0,18650.25,1012810,databento_ohlcv_1m,../trading/data/databento_ohlcv_1m/front_1m.parquet,127.75,-82.25,0.6438356164383562,-0.6438356164383562,346.0,250.275,1.38247927279992,expansion,compression,gt_1_3
MNQ,2024-05-17,2024-05-17 04:00:00+00:00,2024-05-17 20:59:00+00:00,18650.75,18686.5,18545.0,18634.0,885711,databento_ohlcv_1m,../trading/data/databento_ohlcv_1m/front_1m.parquet,141.5,-16.25,0.11837455830388692,-0.11837455830388692,127.75,235.2625,0.5430104670315073,compression,compression,lt_0_7
MNQ,2024-05-19,2024-05-19 22:00:00+00:00,2024-05-20 03:59:00+00:00,18633.75,18679.25,18631.5,18669.75,33984,databento_ohlcv_1m,../trading/data/databento_ohlcv_1m/front_1m.parquet,47.75,35.75,0.7539267015706806,0.7539267015706806,141.5,224.4125,0.6305352865816298,compression,compression,lt_0_7
MNQ,2024-05-20,2024-05-20 04:00:00+00:00,2024-05-21 03:59:00+00:00,18669.75,18794.5,18635.25,18751.0,804500,databento_ohlcv_1m,../trading/data/databento_ohlcv_1m/front_1m.parquet,159.25,81.25,0.5102040816326531,0.5102040816326531,47.75,200.8125,0.23778400248988485,compression,neutral,lt_0_7
MNQ,2024-05-21,2024-05-21 04:00:00+00:00,2024-05-22 03:59:00+00:00,18751.25,18824.0,18678.0,18810.25,796297,databento_ohlcv_1m,../trading/data/databento_ohlcv_1m/front_1m.parquet,146.0,59.25,0.4041095890410959,0.4041095890410959,159.25,197.125,0.807863031071655,neutral,compression,0_7_to_0_9
MNQ,2024-05-22,2024-05-22 04:00:00+00:00,2024-05-23 03:59:00+00:00,18809.75,18965.75,18684.0,18962.0,1046105,databento_ohlcv_1m,../trading/data/databento_ohlcv_1m/front_1m.parquet,281.75,151.75,0.5403726708074534,0.5403726708074534,146.0,201.4,0.7249255213505461,compression,expansion,0_7_to_0_9
MNQ,2024-05-23,2024-05-23 04:00:00+00:00,2024-05-24 03:59:00+00:00,18962.25,19022.5,18621.5,18711.0,1521844,databento_ohlcv_1m,../trading/data/databento_ohlcv_1m/front_1m.parquet,401.0,-251.0,0.6265586034912718,-0.6265586034912718,281.75,207.6,1.3571772639691715,expansion,expansion,gt_1_3
MNQ,2024-05-24,2024-05-24 04:00:00+00:00,2024-05-24 20:59:00+00:00,18711.25,18926.0,18683.0,18871.75,957872,databento_ohlcv_1m,../trading/data/databento_ohlcv_1m/front_1m.parquet,243.0,160.75,0.6604938271604939,0.6604938271604939,401.0,204.725,1.9587251190621566,expansion,expansion,gt_1_3
MNQ,2024-05-26,2024-05-26 22:00:00+00:00,2024-05-27 03:59:00+00:00,18875.0,18886.75,18834.0,18850.5,33481,databento_ohlcv_1m,../trading/data/databento_ohlcv_1m/front_1m.parquet,52.75,-21.25,0.46445497630331756,-0.46445497630331756,243.0,197.2375,1.2320172381012737,expansion,compression,1_1_to_1_3
MNQ,2024-05-27,2024-05-27 04:00:00+00:00,2024-05-28 03:59:00+00:00,18850.75,18957.25,18848.0,18927.25,181373,databento_ohlcv_1m,../trading/data/databento_ohlcv_1m/front_1m.parquet,109.25,76.75,0.700228832951945,0.700228832951945,52.75,178.775,0.2950636274646902,compression,compression,lt_0_7
MNQ,2024-05-28,2024-05-28 04:00:00+00:00,2024-05-29 03:59:00+00:00,18927.5,18980.5,18819.5,18886.75,1069548,databento_ohlcv_1m,../trading/data/databento_ohlcv_1m/front_1m.parquet,161.0,-40.5,0.2531055900621118,-0.2531055900621118,109.25,167.6875,0.6515095042862468,compression,neutral,lt_0_7
MNQ,2024-05-29,2024-05-29 04:00:00+00:00,2024-05-30 03:59:00+00:00,18886.75,18900.5,18677.0,18686.25,1139901,databento_ohlcv_1m,../trading/data/databento_ohlcv_1m/front_1m.parquet,223.5,-200.5,0.8970917225950783,-0.8970917225950783,161.0,172.325,0.9342811547947193,neutral,expansion,0_9_to_1_1
MNQ,2024-05-30,2024-05-30 04:00:00+00:00,2024-05-31 03:59:00+00:00,18686.25,18787.0,18502.5,18562.25,1251611,databento_ohlcv_1m,../trading/data/databento_ohlcv_1m/front_1m.parquet,284.5,-124.0,0.4358523725834798,-0.4358523725834798,223.5,172.6,1.294901506373117,expansion,expansion,1_1_to_1_3
MNQ,2024-05-31,2024-05-31 04:00:00+00:00,2024-05-31 20:59:00+00:00,18562.0,18668.0,18241.25,18571.75,1532837,databento_ohlcv_1m,../trading/data/databento_ohlcv_1m/front_1m.parquet,426.75,9.5,0.022847100175746926,0.022847100175746926,284.5,180.975,1.5720403370631304,expansion,expansion,gt_1_3
MNQ,2024-06-02,2024-06-02 22:00:00+00:00,2024-06-03 03:59:00+00:00,18589.25,18653.75,18539.0,18642.0,82770,databento_ohlcv_1m,../trading/data/databento_ohlcv_1m/front_1m.parquet,114.75,70.25,0.4596949891067538,0.4596949891067538,426.75,193.825,2.2017283632142397,expansion,compression,gt_1_3
MNQ,2024-06-03,2024-06-03 04:00:00+00:00,2024-06-04 03:59:00+00:00,18641.75,18755.5,18436.0,18654.25,1384170,databento_ohlcv_1m,../trading/data/databento_ohlcv_1m/front_1m.parquet,319.5,12.25,0.03912363067292645,0.03912363067292645,114.75,192.5,0.5961038961038961,compression,expansion,lt_0_7
MNQ,2024-06-04,2024-06-04 04:00:00+00:00,2024-06-05 03:59:00+00:00,18654.25,18765.75,18511.25,18758.0,1377005,databento_ohlcv_1m,../trading/data/databento_ohlcv_1m/front_1m.parquet,254.5,103.75,0.4076620825147348,0.4076620825147348,319.5,200.4875,1.5936155620674606,expansion,expansion,gt_1_3
MNQ,2024-06-05,2024-06-05 04:00:00+00:00,2024-06-06 03:59:00+00:00,18757.75,19112.5,18703.0,19100.0,1127464,databento_ohlcv_1m,../trading/data/databento_ohlcv_1m/front_1m.parquet,409.5,342.0,0.8357753357753358,0.8357753357753358,254.5,210.6875,1.2079501631563334,expansion,expansion,1_1_to_1_3
MNQ,2024-06-06,2024-06-06 04:00:00+00:00,2024-06-07 03:59:00+00:00,19099.5,19124.25,19017.75,19082.0,1076254,databento_ohlcv_1m,../trading/data/databento_ohlcv_1m/front_1m.parquet,106.5,-18.0,0.1643192488262911,-0.1643192488262911,409.5,226.0625,1.811445949682057,expansion,compression,gt_1_3
MNQ,2024-06-07,2024-06-07 04:00:00+00:00,2024-06-07 20:59:00+00:00,19082.0,19155.25,18940.0,19031.0,1215505,databento_ohlcv_1m,../trading/data/databento_ohlcv_1m/front_1m.parquet,215.25,-51.0,0.23693379790940766,-0.23693379790940766,106.5,217.825,0.488924595432113,compression,neutral,lt_0_7
MNQ,2024-06-09,2024-06-09 22:00:00+00:00,2024-06-10 03:59:00+00:00,19026.25,19060.0,19008.75,19042.5,50469,databento_ohlcv_1m,../trading/data/databento_ohlcv_1m/front_1m.parquet,51.25,11.5,0.3170731707317073,0.3170731707317073,215.25,211.2875,1.0187540673253268,neutral,compression,0_9_to_1_1
MNQ,2024-06-10,2024-06-10 04:00:00+00:00,2024-06-11 03:59:00+00:00,19042.75,19129.75,18973.25,19090.75,1069827,databento_ohlcv_1m,../trading/data/databento_ohlcv_1m/front_1m.parquet,156.5,48.25,0.30670926517571884,0.30670926517571884,51.25,207.4625,0.24703259625233476,compression,compression,lt_0_7
MNQ,2024-06-11,2024-06-11 04:00:00+00:00,2024-06-12 03:59:00+00:00,19090.5,19269.75,18994.75,19266.25,1061774,databento_ohlcv_1m,../trading/data/databento_ohlcv_1m/front_1m.parquet,275.0,175.5,0.639090909090909,0.639090909090909,156.5,208.2125,0.7516359488503331,compression,expansion,0_7_to_0_9
MNQ,2024-06-12,2024-06-12 04:00:00+00:00,2024-06-13 03:59:00+00:00,19266.5,19639.0,19240.25,19637.0,1251569,databento_ohlcv_1m,../trading/data/databento_ohlcv_1m/front_1m.parquet,398.75,370.75,0.929153605015674,0.929153605015674,275.0,219.575,1.2524194466583172,expansion,expansion,1_1_to_1_3
MNQ,2024-06-13,2024-06-13 04:00:00+00:00,2024-06-14 03:59:00+00:00,19636.5,19690.0,19500.0,19640.25,1244727,databento_ohlcv_1m,../trading/data/databento_ohlcv_1m/front_1m.parquet,190.0,3.25,0.019736842105263157,0.019736842105263157,398.75,231.55,1.7220902612826603,expansion,neutral,gt_1_3
MNQ,2024-06-14,2024-06-14 04:00:00+00:00,2024-06-14 20:59:00+00:00,19640.25,19700.0,19501.5,19696.25,1229733,databento_ohlcv_1m,../trading/data/databento_ohlcv_1m/front_1m.parquet,198.5,56.0,0.28211586901763225,0.28211586901763225,190.0,233.75,0.8128342245989305,neutral,neutral,0_7_to_0_9
MNQ,2024-06-16,2024-06-16 22:00:00+00:00,2024-06-17 03:59:00+00:00,19696.0,19978.0,19670.0,19960.5,28722,databento_ohlcv_1m,../trading/data/databento_ohlcv_1m/front_1m.parquet,308.0,264.25,0.8587662337662337,0.8587662337662337,198.5,229.5875,0.8645941089998367,neutral,expansion,0_7_to_0_9
MNQ,2024-06-17,2024-06-17 04:00:00+00:00,2024-06-18 03:59:00+00:00,19960.75,20271.5,19904.0,20184.0,830465,databento_ohlcv_1m,../trading/data/databento_ohlcv_1m/front_1m.parquet,367.5,223.5,0.6074829931972789,0.6074829931972789,308.0,224.9375,1.36926924145596,expansion,expansion,gt_1_3
MNQ,2024-06-18,2024-06-18 04:00:00+00:00,2024-06-19 03:59:00+00:00,20184.25,20270.0,20127.0,20220.0,842036,databento_ohlcv_1m,../trading/data/databento_ohlcv_1m/front_1m.parquet,143.0,36.0,0.25,0.25,367.5,231.1625,1.5897907316281836,expansion,compression,gt_1_3
MNQ,2024-06-19,2024-06-19 04:00:00+00:00,2024-06-20 03:59:00+00:00,20220.0,20293.75,20213.75,20290.0,165228,databento_ohlcv_1m,../trading/data/databento_ohlcv_1m/front_1m.parquet,80.0,70.0,0.875,0.875,143.0,235.675,0.6067677946324387,compression,compression,lt_0_7
MNQ,2024-06-20,2024-06-20 04:00:00+00:00,2024-06-21 03:59:00+00:00,20290.0,20371.5,19958.5,20053.25,1456500,databento_ohlcv_1m,../trading/data/databento_ohlcv_1m/front_1m.parquet,413.0,-236.75,0.5732445520581114,-0.5732445520581114,80.0,234.2125,0.34157015530768,compression,expansion,lt_0_7
MNQ,2024-06-21,2024-06-21 04:00:00+00:00,2024-06-21 20:59:00+00:00,20053.75,20085.5,19914.0,20009.0,1160257,databento_ohlcv_1m,../trading/data/databento_ohlcv_1m/front_1m.parquet,171.5,-44.25,0.260932944606414,-0.260932944606414,413.0,246.8125,1.6733350215244365,expansion,compression,gt_1_3
MNQ,2024-06-23,2024-06-23 22:00:00+00:00,2024-06-24 03:59:00+00:00,20014.25,20030.0,19917.0,19963.25,74798,databento_ohlcv_1m,../trading/data/databento_ohlcv_1m/front_1m.parquet,113.0,-45.75,0.45132743362831856,-0.45132743362831856,171.5,244.2125,0.7022572554639914,compression,compression,0_7_to_0_9
MNQ,2024-06-24,2024-06-24 04:00:00+00:00,2024-06-25 03:59:00+00:00,19963.25,20030.0,19728.0,19794.5,1409299,databento_ohlcv_1m,../trading/data/databento_ohlcv_1m/front_1m.parquet,302.0,-168.75,0.5587748344370861,-0.5587748344370861,113.0,235.6375,0.47955015649037186,compression,expansion,lt_0_7
MNQ,2024-06-25,2024-06-25 04:00:00+00:00,2024-06-26 03:59:00+00:00,19794.25,20009.0,19725.25,19990.75,1218629,databento_ohlcv_1m,../trading/data/databento_ohlcv_1m/front_1m.parquet,283.75,196.25,0.6925110132158591,0.6925110132158591,302.0,229.4,1.3164777680906712,expansion,neutral,gt_1_3
MNQ,2024-06-26,2024-06-26 04:00:00+00:00,2024-06-27 03:59:00+00:00,19990.75,20070.5,19873.5,19911.5,1309587,databento_ohlcv_1m,../trading/data/databento_ohlcv_1m/front_1m.parquet,197.0,-79.25,0.4022842639593909,-0.4022842639593909,283.75,237.85,1.1929787681311752,neutral,neutral,1_1_to_1_3
MNQ,2024-06-27,2024-06-27 04:00:00+00:00,2024-06-28 03:59:00+00:00,19912.0,20140.75,19909.5,20130.5,1299849,databento_ohlcv_1m,../trading/data/databento_ohlcv_1m/front_1m.parquet,231.25,219.0,0.9448648648648649,0.9448648648648649,197.0,231.725,0.8501456467795879,neutral,neutral,0_7_to_0_9
MNQ,2024-06-28,2024-06-28 04:00:00+00:00,2024-06-28 20:59:00+00:00,20130.5,20273.25,19906.0,19967.0,1492183,databento_ohlcv_1m,../trading/data/databento_ohlcv_1m/front_1m.parquet,367.25,-163.5,0.4452008168822328,-0.4452008168822328,231.25,230.5625,1.0029818378964488,neutral,expansion,0_9_to_1_1
MNQ,2024-06-30,2024-06-30 22:00:00+00:00,2024-07-01 03:59:00+00:00,19971.25,20005.25,19932.0,19996.0,84247,databento_ohlcv_1m,../trading/data/databento_ohlcv_1m/front_1m.parquet,73.25,29.0,0.3378839590443686,0.3378839590443686,367.25,228.45,1.6075727730356753,expansion,compression,gt_1_3
MNQ,2024-07-01,2024-07-01 04:00:00+00:00,2024-07-02 03:59:00+00:00,19995.75,20074.0,19811.5,19981.5,1486461,databento_ohlcv_1m,../trading/data/databento_ohlcv_1m/front_1m.parquet,262.5,-14.5,0.054285714285714284,-0.054285714285714284,73.25,226.7875,0.3229895827591909,compression,neutral,lt_0_7
MNQ,2024-07-02,2024-07-02 04:00:00+00:00,2024-07-03 03:59:00+00:00,19981.75,20259.5,19909.75,20236.0,1352406,databento_ohlcv_1m,../trading/data/databento_ohlcv_1m/front_1m.parquet,349.75,254.5,0.7269478198713367,0.7269478198713367,262.5,229.15,1.1455378572987127,neutral,expansion,1_1_to_1_3
MNQ,2024-07-03,2024-07-03 04:00:00+00:00,2024-07-04 03:59:00+00:00,20235.5,20435.5,20205.0,20404.0,853230,databento_ohlcv_1m,../trading/data/databento_ohlcv_1m/front_1m.parquet,230.5,168.0,0.7310195227765727,0.7310195227765727,349.75,244.075,1.4329611799651747,expansion,neutral,gt_1_3
MNQ,2024-07-04,2024-07-04 04:00:00+00:00,2024-07-05 03:59:00+00:00,20403.75,20418.5,20361.0,20413.75,133956,databento_ohlcv_1m,../trading/data/databento_ohlcv_1m/front_1m.parquet,57.5,9.75,0.17391304347826086,0.17391304347826086,230.5,247.775,0.9302794874382,neutral,compression,0_9_to_1_1
MNQ,2024-07-05,2024-07-05 04:00:00+00:00,2024-07-05 20:59:00+00:00,20413.5,20639.75,20380.75,20590.25,1086180,databento_ohlcv_1m,../trading/data/databento_ohlcv_1m/front_1m.parquet,259.0,176.5,0.6824324324324325,0.6824324324324325,57.5,236.9,0.24271844660194175,compression,neutral,lt_0_7
MNQ,2024-07-07,2024-07-07 22:00:00+00:00,2024-07-08 03:59:00+00:00,20591.0,20618.25,20579.25,20597.25,51290,databento_ohlcv_1m,../trading/data/databento_ohlcv_1m/front_1m.parquet,39.0,7.0,0.16025641025641027,0.16025641025641027,259.0,229.9125,1.1265155222095362,neutral,compression,1_1_to_1_3
MNQ,2024-07-08,2024-07-08 04:00:00+00:00,2024-07-09 03:59:00+00:00,20597.0,20748.75,20583.0,20734.0,1086677,databento_ohlcv_1m,../trading/data/databento_ohlcv_1m/front_1m.parquet,165.75,136.75,0.8265460030165912,0.8265460030165912,39.0,222.3625,0.1753892855135196,compression,compression,lt_0_7
MNQ,2024-07-09,2024-07-09 04:00:00+00:00,2024-07-10 03:59:00+00:00,20734.5,20771.75,20616.0,20710.0,1189825,databento_ohlcv_1m,../trading/data/databento_ohlcv_1m/front_1m.parquet,155.75,-24.0,0.15730337078651685,-0.15730337078651685,165.75,220.725,0.7509344206591914,compression,compression,0_7_to_0_9
MNQ,2024-07-10,2024-07-10 04:00:00+00:00,2024-07-11 03:59:00+00:00,20709.75,20917.5,20696.0,20883.5,1073602,databento_ohlcv_1m,../trading/data/databento_ohlcv_1m/front_1m.parquet,221.5,173.5,0.7844243792325056,0.7844243792325056,155.75,213.1125,0.7308346530588304,compression,neutral,0_7_to_0_9
MNQ,2024-07-11,2024-07-11 04:00:00+00:00,2024-07-12 03:59:00+00:00,20883.25,20983.5,20376.25,20420.5,1818055,databento_ohlcv_1m,../trading/data/databento_ohlcv_1m/front_1m.parquet,607.25,-463.0,0.762041992589543,-0.762041992589543,221.5,205.8125,1.0762222897054359,neutral,expansion,0_9_to_1_1
MNQ,2024-07-12,2024-07-12 04:00:00+00:00,2024-07-12 20:59:00+00:00,20420.75,20741.0,20332.25,20539.75,1347045,databento_ohlcv_1m,../trading/data/databento_ohlcv_1m/front_1m.parquet,408.75,119.25,0.291131498470948,0.291131498470948,607.25,229.025,2.651457264490776,expansion,expansion,gt_1_3
MNQ,2024-07-14,2024-07-14 22:00:00+00:00,2024-07-15 03:59:00+00:00,20578.75,20592.25,20506.25,20575.0,71388,databento_ohlcv_1m,../trading/data/databento_ohlcv_1m/front_1m.parquet,86.0,35.25,0.0436046511627907,-0.0436046511627907,408.75,245.4625,1.6652238121912715,expansion,compression,gt_1_3
MNQ,2024-07-15,2024-07-15 04:00:00+00:00,2024-07-16 03:59:00+00:00,20575.5,20796.5,20506.25,20647.75,1445159,databento_ohlcv_1m,../trading/data/databento_ohlcv_1m/front_1m.parquet,290.25,72.75,0.24892334194659776,0.24892334194659776,86.0,229.1125,0.3753614490697801,compression,expansion,lt_0_7
MNQ,2024-07-16,2024-07-16 04:00:00+00:00,2024-07-17 03:59:00+00:00,20647.5,20684.0,20464.0,20535.5,1434515,databento_ohlcv_1m,../trading/data/databento_ohlcv_1m/front_1m.parquet,220.0,-112.25,0.509090909090909,-0.509090909090909,290.25,235.05,1.234843650287173,expansion,neutral,1_1_to_1_3
MNQ,2024-07-17,2024-07-17 04:00:00+00:00,2024-07-18 03:59:00+00:00,20535.5,20538.25,19965.75,20050.5,1792316,databento_ohlcv_1m,../trading/data/databento_ohlcv_1m/front_1m.parquet,572.5,-485.0,0.8471615720524017,-0.8471615720524017,220.0,240.4,0.9151414309484193,neutral,expansion,0_9_to_1_1
MNQ,2024-07-18,2024-07-18 04:00:00+00:00,2024-07-19 03:59:00+00:00,20051.0,20162.75,19758.75,19955.75,1983658,databento_ohlcv_1m,../trading/data/databento_ohlcv_1m/front_1m.parquet,404.0,-94.75,0.23576732673267325,-0.23576732673267325,572.5,253.925,2.25460273702865,expansion,expansion,gt_1_3
MNQ,2024-07-19,2024-07-19 04:00:00+00:00,2024-07-19 20:59:00+00:00,19955.75,19979.5,19654.0,19701.5,1747507,databento_ohlcv_1m,../trading/data/databento_ohlcv_1m/front_1m.parquet,325.5,-254.25,0.7811059907834101,-0.7811059907834101,404.0,259.9375,1.5542197643664342,expansion,expansion,gt_1_3
MNQ,2024-07-21,2024-07-21 22:00:00+00:00,2024-07-22 03:59:00+00:00,19747.75,19841.25,19718.75,19777.5,147678,databento_ohlcv_1m,../trading/data/databento_ohlcv_1m/front_1m.parquet,122.5,76.0,0.24285714285714285,0.24285714285714285,325.5,266.3625,1.2220188652681965,expansion,compression,1_1_to_1_3
MNQ,2024-07-22,2024-07-22 04:00:00+00:00,2024-07-23 03:59:00+00:00,19777.25,20044.25,19740.75,19933.25,1619648,databento_ohlcv_1m,../trading/data/databento_ohlcv_1m/front_1m.parquet,303.5,155.75,0.514003294892916,0.514003294892916,122.5,260.925,0.4694835680751174,compression,neutral,lt_0_7
MNQ,2024-07-23,2024-07-23 04:00:00+00:00,2024-07-24 03:59:00+00:00,19934.0,20085.0,19786.0,19799.0,1572589,databento_ohlcv_1m,../trading/data/databento_ohlcv_1m/front_1m.parquet,299.0,-134.25,0.451505016722408,-0.451505016722408,303.5,257.7375,1.1775546825743246,neutral,neutral,1_1_to_1_3
MNQ,2024-07-24,2024-07-24 04:00:00+00:00,2024-07-25 03:59:00+00:00,19798.75,19801.0,19166.5,19268.0,1829201,databento_ohlcv_1m,../trading/data/databento_ohlcv_1m/front_1m.parquet,634.5,-531.0,0.8364854215918046,-0.8364854215918046,299.0,269.025,1.1114208716662022,neutral,expansion,1_1_to_1_3
MNQ,2024-07-25,2024-07-25 04:00:00+00:00,2024-07-26 03:59:00+00:00,19268.25,19390.5,18883.5,19072.75,2444625,databento_ohlcv_1m,../trading/data/databento_ohlcv_1m/front_1m.parquet,507.0,-195.25,0.38560157790927024,-0.38560157790927024,634.5,287.625,2.2059973924380705,expansion,expansion,gt_1_3
MNQ,2024-07-26,2024-07-26 04:00:00+00:00,2024-07-26 20:59:00+00:00,19073.5,19299.0,19040.75,19175.75,1735182,databento_ohlcv_1m,../trading/data/databento_ohlcv_1m/front_1m.parquet,258.25,103.0,0.3959341723136496,0.3959341723136496,507.0,295.4875,1.7158086213460806,expansion,neutral,gt_1_3
MNQ,2024-07-28,2024-07-28 22:00:00+00:00,2024-07-29 03:59:00+00:00,19172.75,19330.25,19168.0,19303.25,111217,databento_ohlcv_1m,../trading/data/databento_ohlcv_1m/front_1m.parquet,162.25,127.5,0.8043143297380585,0.8043143297380585,258.25,296.875,0.8698947368421053,neutral,compression,0_7_to_0_9
MNQ,2024-07-29,2024-07-29 04:00:00+00:00,2024-07-30 03:59:00+00:00,19303.25,19377.25,19076.25,19130.0,1712054,databento_ohlcv_1m,../trading/data/databento_ohlcv_1m/front_1m.parquet,301.0,-173.25,0.5755813953488372,-0.5755813953488372,162.25,302.1125,0.537051595018412,compression,neutral,lt_0_7
MNQ,2024-07-30,2024-07-30 04:00:00+00:00,2024-07-31 03:59:00+00:00,19130.25,19319.25,18726.75,19134.25,2021583,databento_ohlcv_1m,../trading/data/databento_ohlcv_1m/front_1m.parquet,592.5,4.25,0.006751054852320675,0.006751054852320675,301.0,304.2125,0.9894399474051856,neutral,expansion,0_9_to_1_1
MNQ,2024-07-31,2024-07-31 04:00:00+00:00,2024-08-01 03:59:00+00:00,19135.0,19716.75,19094.0,19683.75,1855973,databento_ohlcv_1m,../trading/data/databento_ohlcv_1m/front_1m.parquet,622.75,549.5,0.8811722199919712,0.8811722199919712,592.5,331.8875,1.7852434936537231,expansion,expansion,gt_1_3
MNQ,2024-08-01,2024-08-01 04:00:00+00:00,2024-08-02 03:59:00+00:00,19684.25,19693.0,18685.75,18789.25,2393345,databento_ohlcv_1m,../trading/data/databento_ohlcv_1m/front_1m.parquet,1007.25,-894.5,0.8885579548275007,-0.8885579548275007,622.75,354.7375,1.7555234504387047,expansion,expansion,gt_1_3
MNQ,2024-08-02,2024-08-02 04:00:00+00:00,2024-08-02 20:59:00+00:00,18789.5,18803.0,18385.75,18509.75,2154620,databento_ohlcv_1m,../trading/data/databento_ohlcv_1m/front_1m.parquet,417.25,-279.5,0.670461354104254,-0.670461354104254,1007.25,397.3125,2.535158093440302,expansion,neutral,gt_1_3
MNQ,2024-08-04,2024-08-04 22:00:00+00:00,2024-08-05 03:59:00+00:00,18391.75,18394.0,18023.0,18027.75,448387,databento_ohlcv_1m,../trading/data/databento_ohlcv_1m/front_1m.parquet,371.0,-482.0,0.9811320754716981,-0.9811320754716981,417.25,407.1,1.0249324490297225,neutral,neutral,0_9_to_1_1
MNQ,2024-08-05,2024-08-05 04:00:00+00:00,2024-08-06 03:59:00+00:00,18026.75,18435.5,17346.0,18391.5,3178432,databento_ohlcv_1m,../trading/data/databento_ohlcv_1m/front_1m.parquet,1089.5,363.75,0.33478659935750343,0.33478659935750343,371.0,395.2875,0.9385573791227904,neutral,expansion,0_9_to_1_1
MNQ,2024-08-06,2024-08-06 04:00:00+00:00,2024-08-07 03:59:00+00:00,18391.5,18483.0,17961.25,18384.75,2112497,databento_ohlcv_1m,../trading/data/databento_ohlcv_1m/front_1m.parquet,521.75,-6.75,0.012937230474365118,-0.012937230474365118,1089.5,429.325,2.5377045361905317,expansion,neutral,gt_1_3
MNQ,2024-08-07,2024-08-07 04:00:00+00:00,2024-08-08 03:59:00+00:00,18386.25,18558.5,17745.0,18020.5,2130357,databento_ohlcv_1m,../trading/data/databento_ohlcv_1m/front_1m.parquet,813.5,-364.25,0.44960049170252,-0.44960049170252,521.75,451.1125,1.1565851090359942,neutral,expansion,1_1_to_1_3
MNQ,2024-08-08,2024-08-08 04:00:00+00:00,2024-08-09 03:59:00+00:00,18021.25,18617.25,17875.25,18564.5,1743976,databento_ohlcv_1m,../trading/data/databento_ohlcv_1m/front_1m.parquet,742.0,544.0,0.7321428571428571,0.7321428571428571,813.5,477.275,1.7044680739615528,expansion,expansion,gt_1_3
MNQ,2024-08-09,2024-08-09 04:00:00+00:00,2024-08-09 20:59:00+00:00,18564.25,18674.75,18383.0,18602.75,1458759,databento_ohlcv_1m,../trading/data/databento_ohlcv_1m/front_1m.parquet,291.75,38.25,0.1319622964867181,0.1319622964867181,742.0,503.375,1.4740501614104793,expansion,compression,gt_1_3
MNQ,2024-08-11,2024-08-11 22:00:00+00:00,2024-08-12 03:59:00+00:00,18591.75,18667.0,18514.5,18636.75,135629,databento_ohlcv_1m,../trading/data/databento_ohlcv_1m/front_1m.parquet,152.5,34.0,0.29508196721311475,0.29508196721311475,291.75,489.3375,0.5962142692926661,compression,compression,lt_0_7
MNQ,2024-08-12,2024-08-12 04:00:00+00:00,2024-08-13 03:59:00+00:00,18636.5,18765.5,18524.0,18670.5,1406157,databento_ohlcv_1m,../trading/data/databento_ohlcv_1m/front_1m.parquet,241.5,33.75,0.14078674948240166,0.14078674948240166,152.5,476.7625,0.3198657612542933,compression,compression,lt_0_7
MNQ,2024-08-13,2024-08-13 04:00:00+00:00,2024-08-14 03:59:00+00:00,18670.5,19153.25,18646.25,19109.0,1223099,databento_ohlcv_1m,../trading/data/databento_ohlcv_1m/front_1m.parquet,507.0,438.5,0.8648915187376726,0.8648915187376726,241.5,472.5625,0.5110435127628621,compression,neutral,lt_0_7
MNQ,2024-08-14,2024-08-14 04:00:00+00:00,2024-08-15 03:59:00+00:00,19108.5,19223.75,18925.5,19213.75,1398917,databento_ohlcv_1m,../trading/data/databento_ohlcv_1m/front_1m.parquet,298.25,104.75,0.3528918692372171,0.3528918692372171,507.0,491.7875,1.0309330757695143,neutral,compression,0_9_to_1_1
MNQ,2024-08-15,2024-08-15 04:00:00+00:00,2024-08-16 03:59:00+00:00,19214.0,19645.25,19104.5,19634.25,1196960,databento_ohlcv_1m,../trading/data/databento_ohlcv_1m/front_1m.parquet,540.75,420.5,0.7771613499768839,0.7771613499768839,298.25,491.525,0.606785005849143,compression,neutral,lt_0_7
MNQ,2024-08-16,2024-08-16 04:00:00+00:00,2024-08-16 20:59:00+00:00,19634.75,19683.0,19445.25,19604.5,1047579,databento_ohlcv_1m,../trading/data/databento_ohlcv_1m/front_1m.parquet,237.75,-29.75,0.12723449001051526,-0.12723449001051526,540.75,503.6125,1.0737422125145821,neutral,compression,0_9_to_1_1
MNQ,2024-08-18,2024-08-18 22:00:00+00:00,2024-08-19 03:59:00+00:00,19628.25,19688.0,19613.75,19646.25,89388,databento_ohlcv_1m,../trading/data/databento_ohlcv_1m/front_1m.parquet,74.25,41.75,0.24242424242424243,0.24242424242424243,237.75,483.775,0.49144747041496567,compression,compression,lt_0_7
MNQ,2024-08-19,2024-08-19 04:00:00+00:00,2024-08-20 03:59:00+00:00,19646.0,19914.75,19525.0,19876.25,1072697,databento_ohlcv_1m,../trading/data/databento_ohlcv_1m/front_1m.parquet,389.75,230.0,0.5907633098139833,0.5907633098139833,74.25,462.1375,0.16066646831300208,compression,neutral,lt_0_7
MNQ,2024-08-20,2024-08-20 04:00:00+00:00,2024-08-21 03:59:00+00:00,19876.0,19930.75,19743.0,19831.5,1141929,databento_ohlcv_1m,../trading/data/databento_ohlcv_1m/front_1m.parquet,187.75,-44.75,0.237017310252996,-0.237017310252996,389.75,468.7125,0.8315331893218124,neutral,compression,0_7_to_0_9
MNQ,2024-08-21,2024-08-21 04:00:00+00:00,2024-08-22 03:59:00+00:00,19831.5,19982.0,19771.25,19883.0,1253933,databento_ohlcv_1m,../trading/data/databento_ohlcv_1m/front_1m.parquet,210.75,51.5,0.2443653618030842,0.2443653618030842,187.75,469.9875,0.39947870954014736,compression,compression,lt_0_7
MNQ,2024-08-22,2024-08-22 04:00:00+00:00,2024-08-23 03:59:00+00:00,19882.75,20025.75,19542.0,19666.5,1525122,databento_ohlcv_1m,../trading/data/databento_ohlcv_1m/front_1m.parquet,483.75,-216.5,0.4470284237726098,-0.4470284237726098,210.75,465.475,0.4527633063000161,compression,neutral,lt_0_7
MNQ,2024-08-23,2024-08-23 04:00:00+00:00,2024-08-23 20:59:00+00:00,19666.0,19903.25,19592.0,19777.75,1332363,databento_ohlcv_1m,../trading/data/databento_ohlcv_1m/front_1m.parquet,311.25,111.25,0.35903614457831323,0.35903614457831323,483.75,460.0375,1.0515447110289922,neutral,compression,0_9_to_1_1
MNQ,2024-08-25,2024-08-25 22:00:00+00:00,2024-08-26 03:59:00+00:00,19788.0,19832.0,19716.25,19763.5,103162,databento_ohlcv_1m,../trading/data/databento_ohlcv_1m/front_1m.parquet,115.75,-14.25,0.21166306695464362,-0.21166306695464362,311.25,444.4625,0.7002840509604298,compression,compression,0_7_to_0_9
MNQ,2024-08-26,2024-08-26 04:00:00+00:00,2024-08-27 03:59:00+00:00,19763.0,19846.25,19506.5,19595.75,1228620,databento_ohlcv_1m,../trading/data/databento_ohlcv_1m/front_1m.parquet,339.75,-167.75,0.4922737306843267,-0.4922737306843267,115.75,399.8875,0.2894564096152043,compression,neutral,lt_0_7
MNQ,2024-08-27,2024-08-27 04:00:00+00:00,2024-08-28 03:59:00+00:00,19596.0,19694.5,19441.75,19618.75,1154280,databento_ohlcv_1m,../trading/data/databento_ohlcv_1m/front_1m.parquet,252.75,23.0,0.09000989119683482,0.09000989119683482,339.75,396.0125,0.8579274644108457,neutral,compression,0_7_to_0_9
MNQ,2024-08-28,2024-08-28 04:00:00+00:00,2024-08-29 03:59:00+00:00,19619.0,19690.0,19139.0,19275.0,1453789,databento_ohlcv_1m,../trading/data/databento_ohlcv_1m/front_1m.parquet,551.0,-343.75,0.6243194192377496,-0.6243194192377496,252.75,390.1,0.6479107921045886,compression,expansion,lt_0_7
MNQ,2024-08-29,2024-08-29 04:00:00+00:00,2024-08-30 03:59:00+00:00,19275.0,19692.0,19274.25,19452.75,1643560,databento_ohlcv_1m,../trading/data/databento_ohlcv_1m/front_1m.parquet,417.75,177.75,0.4254937163375224,0.4254937163375224,551.0,363.175,1.5171749156742618,expansion,neutral,gt_1_3
MNQ,2024-08-30,2024-08-30 04:00:00+00:00,2024-08-30 20:59:00+00:00,19452.5,19633.0,19370.0,19594.0,1248875,databento_ohlcv_1m,../trading/data/databento_ohlcv_1m/front_1m.parquet,263.0,141.25,0.5380228136882129,0.5380228136882129,417.75,357.975,1.1669809344227948,neutral,compression,1_1_to_1_3
MNQ,2024-09-01,2024-09-01 22:00:00+00:00,2024-09-02 03:59:00+00:00,19600.0,19628.0,19569.0,19590.75,54438,databento_ohlcv_1m,../trading/data/databento_ohlcv_1m/front_1m.parquet,59.0,-3.25,0.15677966101694915,-0.15677966101694915,263.0,330.45,0.7958844000605235,compression,compression,0_7_to_0_9
MNQ,2024-09-02,2024-09-02 04:00:00+00:00,2024-09-03 03:59:00+00:00,19590.25,19683.0,19511.5,19561.25,335222,databento_ohlcv_1m,../trading/data/databento_ohlcv_1m/front_1m.parquet,171.5,-29.5,0.16909620991253643,-0.16909620991253643,59.0,296.3,0.1991225109686129,compression,compression,lt_0_7
MNQ,2024-09-03,2024-09-03 04:00:00+00:00,2024-09-04 03:59:00+00:00,19560.75,19644.75,18824.25,18880.75,1569997,databento_ohlcv_1m,../trading/data/databento_ohlcv_1m/front_1m.parquet,820.5,-680.5,0.8287629494210847,-0.8287629494210847,171.5,290.2875,0.5907936097834043,compression,expansion,lt_0_7
MNQ,2024-09-04,2024-09-04 04:00:00+00:00,2024-09-05 03:59:00+00:00,18881.5,19115.0,18830.75,18905.75,1433008,databento_ohlcv_1m,../trading/data/databento_ohlcv_1m/front_1m.parquet,284.25,25.0,0.0853122251539138,0.0853122251539138,820.5,323.6875,2.534852288086503,expansion,neutral,gt_1_3
MNQ,2024-09-05,2024-09-05 04:00:00+00:00,2024-09-06 03:59:00+00:00,18906.0,19150.25,18790.5,18871.25,1489350,databento_ohlcv_1m,../trading/data/databento_ohlcv_1m/front_1m.parquet,359.75,-34.5,0.0965948575399583,-0.0965948575399583,284.25,325.825,0.8724008286656948,neutral,neutral,0_7_to_0_9
MNQ,2024-09-06,2024-09-06 04:00:00+00:00,2024-09-06 20:59:00+00:00,18871.25,18972.5,18337.25,18377.5,1678492,databento_ohlcv_1m,../trading/data/databento_ohlcv_1m/front_1m.parquet,635.25,-493.75,0.7772530499803227,-0.7772530499803227,359.75,318.4625,1.1296463476861485,neutral,expansion,1_1_to_1_3
MNQ,2024-09-08,2024-09-08 22:00:00+00:00,2024-09-09 03:59:00+00:00,18399.5,18542.0,18386.75,18538.5,114710,databento_ohlcv_1m,../trading/data/databento_ohlcv_1m/front_1m.parquet,155.25,161.0,0.895330112721417,0.895330112721417,635.25,335.3125,1.8945013979496739,expansion,compression,gt_1_3
MNQ,2024-09-09,2024-09-09 04:00:00+00:00,2024-09-10 03:59:00+00:00,18538.25,18742.0,18497.25,18652.75,1363198,databento_ohlcv_1m,../trading/data/databento_ohlcv_1m/front_1m.parquet,244.75,114.25,0.46782431052093976,0.46782431052093976,155.25,316.0375,0.49123917256654664,compression,compression,lt_0_7
MNQ,2024-09-10,2024-09-10 04:00:00+00:00,2024-09-11 03:59:00+00:00,18652.75,18876.75,18582.5,18751.75,1473247,databento_ohlcv_1m,../trading/data/databento_ohlcv_1m/front_1m.parquet,294.25,99.0,0.3364485981308411,0.3364485981308411,244.75,316.3875,0.7735767057800956,compression,neutral,0_7_to_0_9
MNQ,2024-09-11,2024-09-11 04:00:00+00:00,2024-09-12 03:59:00+00:00,18751.5,19310.0,18547.75,19308.5,1760396,databento_ohlcv_1m,../trading/data/databento_ohlcv_1m/front_1m.parquet,762.25,556.75,0.7307313873401116,0.7307313873401116,294.25,327.3875,0.8987820243595128,neutral,expansion,0_7_to_0_9
MNQ,2024-09-12,2024-09-12 04:00:00+00:00,2024-09-13 03:59:00+00:00,19308.0,19483.25,19185.25,19450.75,1491203,databento_ohlcv_1m,../trading/data/databento_ohlcv_1m/front_1m.parquet,298.0,142.25,0.4790268456375839,0.4790268456375839,762.25,346.0125,2.2029550955529063,expansion,neutral,gt_1_3
MNQ,2024-09-13,2024-09-13 04:00:00+00:00,2024-09-13 20:59:00+00:00,19450.75,19577.0,19396.0,19504.0,986142,databento_ohlcv_1m,../trading/data/databento_ohlcv_1m/front_1m.parquet,181.0,53.25,0.2941988950276243,0.2941988950276243,298.0,351.525,0.8477348694971909,neutral,compression,0_7_to_0_9
MNQ,2024-09-15,2024-09-15 22:00:00+00:00,2024-09-16 03:59:00+00:00,19498.25,19780.75,19478.5,19767.25,34873,databento_ohlcv_1m,../trading/data/databento_ohlcv_1m/front_1m.parquet,302.25,263.25,0.8899917287014061,0.8899917287014061,181.0,350.0375,0.5170874549155448,compression,neutral,lt_0_7
MNQ,2024-09-16,2024-09-16 04:00:00+00:00,2024-09-17 03:59:00+00:00,19767.5,19781.75,19529.25,19647.0,665579,databento_ohlcv_1m,../trading/data/databento_ohlcv_1m/front_1m.parquet,252.5,-120.25,0.4772277227722772,-0.4772277227722772,302.25,340.9625,0.8864611210910291,neutral,compression,0_7_to_0_9
MNQ,2024-09-17,2024-09-17 04:00:00+00:00,2024-09-18 03:59:00+00:00,19647.25,19850.5,19574.5,19687.0,1056930,databento_ohlcv_1m,../trading/data/databento_ohlcv_1m/front_1m.parquet,276.0,40.0,0.14402173913043478,0.14402173913043478,252.5,338.025,0.7469861696620073,compression,compression,0_7_to_0_9
MNQ,2024-09-18,2024-09-18 04:00:00+00:00,2024-09-19 03:59:00+00:00,19687.0,19899.75,19560.75,19865.0,1420054,databento_ohlcv_1m,../trading/data/databento_ohlcv_1m/front_1m.parquet,339.0,178.0,0.5250737463126843,0.5250737463126843,276.0,346.0375,0.7976014160314995,compression,neutral,0_7_to_0_9
MNQ,2024-09-19,2024-09-19 04:00:00+00:00,2024-09-20 03:59:00+00:00,19865.25,20203.0,19842.75,20051.25,1226418,databento_ohlcv_1m,../trading/data/databento_ohlcv_1m/front_1m.parquet,360.25,186.25,0.5163081193615545,0.5163081193615545,339.0,346.0,0.9797687861271677,neutral,neutral,0_9_to_1_1
MNQ,2024-09-20,2024-09-20 04:00:00+00:00,2024-09-20 20:59:00+00:00,20051.5,20084.0,19860.0,20014.5,1166992,databento_ohlcv_1m,../trading/data/databento_ohlcv_1m/front_1m.parquet,224.0,-36.75,0.16517857142857142,-0.16517857142857142,360.25,351.375,1.0252579153326218,neutral,compression,0_9_to_1_1
MNQ,2024-09-22,2024-09-22 22:00:00+00:00,2024-09-23 03:59:00+00:00,20039.0,20164.0,19996.25,20145.5,89392,databento_ohlcv_1m,../trading/data/databento_ohlcv_1m/front_1m.parquet,167.75,131.0,0.6348733233979136,0.6348733233979136,224.0,335.025,0.6686068203865384,compression,compression,lt_0_7
MNQ,2024-09-23,2024-09-23 04:00:00+00:00,2024-09-24 03:59:00+00:00,20145.5,20160.0,19955.0,20050.5,1076092,databento_ohlcv_1m,../trading/data/databento_ohlcv_1m/front_1m.parquet,205.0,-95.0,0.4634146341463415,-0.4634146341463415,167.75,322.525,0.5201147197891637,compression,compression,lt_0_7
MNQ,2024-09-24,2024-09-24 04:00:00+00:00,2024-09-25 03:59:00+00:00,20050.5,20214.75,19952.0,20128.25,1142474,databento_ohlcv_1m,../trading/data/databento_ohlcv_1m/front_1m.parquet,262.75,77.75,0.29590865842055186,0.29590865842055186,205.0,319.625,0.6413766132186156,compression,compression,lt_0_7
MNQ,2024-09-25,2024-09-25 04:00:00+00:00,2024-09-26 03:59:00+00:00,20128.0,20370.25,20063.75,20363.75,1051694,databento_ohlcv_1m,../trading/data/databento_ohlcv_1m/front_1m.parquet,306.5,235.5,0.7691680261011419,0.7691680261011419,262.75,329.8125,0.796664771650559,compression,neutral,0_7_to_0_9
MNQ,2024-09-26,2024-09-26 04:00:00+00:00,2024-09-27 03:59:00+00:00,20364.25,20537.75,20188.0,20320.25,1304362,databento_ohlcv_1m,../trading/data/databento_ohlcv_1m/front_1m.parquet,349.75,-43.5,0.12580414581844174,-0.12580414581844174,306.5,336.5625,0.910677808727948,neutral,neutral,0_9_to_1_1
MNQ,2024-09-27,2024-09-27 04:00:00+00:00,2024-09-27 20:59:00+00:00,20320.25,20396.0,20173.0,20194.0,1146040,databento_ohlcv_1m,../trading/data/databento_ohlcv_1m/front_1m.parquet,223.0,-126.25,0.5661434977578476,-0.5661434977578476,349.75,313.025,1.117322897532146,neutral,compression,1_1_to_1_3
MNQ,2024-09-29,2024-09-29 22:00:00+00:00,2024-09-30 03:59:00+00:00,20198.25,20286.5,20152.75,20219.5,110002,databento_ohlcv_1m,../trading/data/databento_ohlcv_1m/front_1m.parquet,133.75,25.5,0.1588785046728972,0.1588785046728972,223.0,309.9625,0.7194418679678994,compression,compression,0_7_to_0_9
MNQ,2024-09-30,2024-09-30 04:00:00+00:00,2024-10-01 03:59:00+00:00,20219.0,20331.5,20057.5,20284.0,1286309,databento_ohlcv_1m,../trading/data/databento_ohlcv_1m/front_1m.parquet,274.0,64.5,0.23722627737226276,0.23722627737226276,133.75,298.6625,0.44782990834135517,compression,neutral,lt_0_7
MNQ,2024-10-01,2024-10-01 04:00:00+00:00,2024-10-02 03:59:00+00:00,20284.75,20324.75,19818.0,19985.0,1642387,databento_ohlcv_1m,../trading/data/databento_ohlcv_1m/front_1m.parquet,506.75,-299.0,0.5915145535273804,-0.5915145535273804,274.0,280.6,0.97647897362794,neutral,expansion,0_9_to_1_1
MNQ,2024-10-02,2024-10-02 04:00:00+00:00,2024-10-03 03:59:00+00:00,19984.5,20089.5,19833.5,19949.5,1355838,databento_ohlcv_1m,../trading/data/databento_ohlcv_1m/front_1m.parquet,256.0,-35.5,0.13671875,-0.13671875,506.75,298.175,1.6995053240546658,expansion,neutral,gt_1_3
MNQ,2024-10-03,2024-10-03 04:00:00+00:00,2024-10-04 03:59:00+00:00,19950.0,20115.0,19851.0,20012.25,1406438,databento_ohlcv_1m,../trading/data/databento_ohlcv_1m/front_1m.parquet,264.0,62.75,0.23579545454545456,0.23579545454545456,256.0,298.7375,0.8569396209046404,neutral,neutral,0_7_to_0_9
MNQ,2024-10-04,2024-10-04 04:00:00+00:00,2024-10-04 20:59:00+00:00,20012.5,20263.0,19972.0,20203.75,1373696,databento_ohlcv_1m,../trading/data/databento_ohlcv_1m/front_1m.parquet,291.0,191.5,0.6572164948453608,0.6572164948453608,264.0,297.225,0.8882159979813272,neutral,neutral,0_7_to_0_9
MNQ,2024-10-06,2024-10-06 22:00:00+00:00,2024-10-07 03:59:00+00:00,20219.0,20268.0,20201.25,20219.75,99162,databento_ohlcv_1m,../trading/data/databento_ohlcv_1m/front_1m.parquet,66.75,16.0,0.011235955056179775,0.011235955056179775,291.0,273.6625,1.0633535833371397,neutral,compression,0_9_to_1_1
MNQ,2024-10-07,2024-10-07 04:00:00+00:00,2024-10-08 03:59:00+00:00,20220.25,20234.75,19902.5,19984.75,1264060,databento_ohlcv_1m,../trading/data/databento_ohlcv_1m/front_1m.parquet,332.25,-235.0,0.708803611738149,-0.708803611738149,66.75,262.1,0.2546737886302938,compression,expansion,lt_0_7
MNQ,2024-10-08,2024-10-08 04:00:00+00:00,2024-10-09 03:59:00+00:00,19984.75,20329.5,19942.5,20238.0,1101072,databento_ohlcv_1m,../trading/data/databento_ohlcv_1m/front_1m.parquet,387.0,253.25,0.6543927648578811,0.6543927648578811,332.25,269.6625,1.2320956751494923,expansion,expansion,1_1_to_1_3
MNQ,2024-10-09,2024-10-09 04:00:00+00:00,2024-10-10 03:59:00+00:00,20237.5,20482.25,20195.5,20470.75,1061967,databento_ohlcv_1m,../trading/data/databento_ohlcv_1m/front_1m.parquet,286.75,232.75,0.8134263295553618,0.8134263295553618,387.0,273.9,1.4129244249726178,expansion,neutral,gt_1_3
MNQ,2024-10-10,2024-10-10 04:00:00+00:00,2024-10-11 03:59:00+00:00,20470.0,20508.0,20301.25,20455.5,1108984,databento_ohlcv_1m,../trading/data/databento_ohlcv_1m/front_1m.parquet,206.75,-15.25,0.07013301088270858,-0.07013301088270858,286.75,275.6125,1.0404099959181823,neutral,compression,0_9_to_1_1
MNQ,2024-10-11,2024-10-11 04:00:00+00:00,2024-10-11 20:59:00+00:00,20455.75,20494.5,20313.25,20412.25,946175,databento_ohlcv_1m,../trading/data/databento_ohlcv_1m/front_1m.parquet,181.25,-43.25,0.24,-0.24,206.75,272.15,0.7596913466838141,compression,compression,0_7_to_0_9
MNQ,2024-10-13,2024-10-13 22:00:00+00:00,2024-10-14 03:59:00+00:00,20433.75,20450.5,20382.5,20408.0,63762,databento_ohlcv_1m,../trading/data/databento_ohlcv_1m/front_1m.parquet,68.0,-4.25,0.3786764705882353,-0.3786764705882353,181.25,264.2625,0.6858710562414266,compression,compression,lt_0_7
MNQ,2024-10-14,2024-10-14 04:00:00+00:00,2024-10-15 03:59:00+00:00,20408.0,20680.0,20403.25,20633.0,855133,databento_ohlcv_1m,../trading/data/databento_ohlcv_1m/front_1m.parquet,276.75,225.0,0.8130081300813008,0.8130081300813008,68.0,249.65,0.27238133386741437,compression,neutral,lt_0_7
MNQ,2024-10-15,2024-10-15 04:00:00+00:00,2024-10-16 03:59:00+00:00,20634.0,20659.25,20254.0,20388.0,1233307,databento_ohlcv_1m,../trading/data/databento_ohlcv_1m/front_1m.parquet,405.25,-245.0,0.6070326958667489,-0.6070326958667489,276.75,252.2875,1.096962790467225,neutral,expansion,0_9_to_1_1
MNQ,2024-10-16,2024-10-16 04:00:00+00:00,2024-10-17 03:59:00+00:00,20388.0,20397.5,20205.25,20297.75,1076718,databento_ohlcv_1m,../trading/data/databento_ohlcv_1m/front_1m.parquet,192.25,-90.25,0.4694408322496749,-0.4694408322496749,405.25,264.1625,1.5340935976908152,expansion,compression,gt_1_3
MNQ,2024-10-17,2024-10-17 04:00:00+00:00,2024-10-18 03:59:00+00:00,20297.25,20594.5,20287.75,20362.0,1345440,databento_ohlcv_1m,../trading/data/databento_ohlcv_1m/front_1m.parquet,306.75,64.25,0.2110839445802771,0.2110839445802771,192.25,263.525,0.729532302438099,compression,neutral,0_7_to_0_9
MNQ,2024-10-18,2024-10-18 04:00:00+00:00,2024-10-18 20:59:00+00:00,20362.0,20532.0,20358.75,20484.25,922160,databento_ohlcv_1m,../trading/data/databento_ohlcv_1m/front_1m.parquet,173.25,122.25,0.7056277056277056,0.7056277056277056,306.75,265.725,1.1543889359300028,neutral,compression,1_1_to_1_3
MNQ,2024-10-20,2024-10-20 22:00:00+00:00,2024-10-21 03:59:00+00:00,20495.75,20526.0,20476.25,20480.5,54444,databento_ohlcv_1m,../trading/data/databento_ohlcv_1m/front_1m.parquet,49.75,-3.75,0.3065326633165829,-0.3065326633165829,173.25,259.0625,0.66875753920386,compression,compression,lt_0_7
MNQ,2024-10-21,2024-10-21 04:00:00+00:00,2024-10-22 03:59:00+00:00,20480.25,20554.25,20342.5,20467.5,1121027,databento_ohlcv_1m,../trading/data/databento_ohlcv_1m/front_1m.parquet,211.75,-13.0,0.0602125147579693,-0.0602125147579693,49.75,244.0625,0.20384122919334188,compression,neutral,lt_0_7
MNQ,2024-10-22,2024-10-22 04:00:00+00:00,2024-10-23 03:59:00+00:00,20467.5,20602.0,20360.25,20512.25,1150959,databento_ohlcv_1m,../trading/data/databento_ohlcv_1m/front_1m.parquet,241.75,44.75,0.18510858324715615,0.18510858324715615,211.75,243.5,0.8696098562628337,neutral,neutral,0_7_to_0_9
MNQ,2024-10-23,2024-10-23 04:00:00+00:00,2024-10-24 03:59:00+00:00,20512.25,20542.5,20079.0,20320.0,1393738,databento_ohlcv_1m,../trading/data/databento_ohlcv_1m/front_1m.parquet,463.5,-192.25,0.4147788565264293,-0.4147788565264293,241.75,248.9,0.9712736038569707,neutral,expansion,0_9_to_1_1
MNQ,2024-10-24,2024-10-24 04:00:00+00:00,2024-10-25 03:59:00+00:00,20320.25,20428.0,20260.5,20375.75,1142859,databento_ohlcv_1m,../trading/data/databento_ohlcv_1m/front_1m.parquet,167.5,55.75,0.33134328358208953,0.33134328358208953,463.5,258.375,1.7939042089985486,expansion,compression,gt_1_3
MNQ,2024-10-25,2024-10-25 04:00:00+00:00,2024-10-25 20:59:00+00:00,20375.75,20707.5,20364.75,20477.25,1258061,databento_ohlcv_1m,../trading/data/databento_ohlcv_1m/front_1m.parquet,342.75,101.5,0.2961342086068563,0.2961342086068563,167.5,241.4125,0.6938331693677834,compression,expansion,lt_0_7
MNQ,2024-10-27,2024-10-27 22:00:00+00:00,2024-10-28 03:59:00+00:00,20524.0,20648.75,20522.0,20613.25,99728,databento_ohlcv_1m,../trading/data/databento_ohlcv_1m/front_1m.parquet,126.75,136.0,0.7041420118343196,0.7041420118343196,342.75,245.75,1.3947100712105798,expansion,compression,gt_1_3
MNQ,2024-10-28,2024-10-28 04:00:00+00:00,2024-10-29 03:59:00+00:00,20612.75,20676.75,20455.5,20460.75,1073001,databento_ohlcv_1m,../trading/data/databento_ohlcv_1m/front_1m.parquet,221.25,-152.5,0.6870056497175141,-0.6870056497175141,126.75,238.8875,0.5305844801423264,compression,neutral,lt_0_7
MNQ,2024-10-29,2024-10-29 04:00:00+00:00,2024-10-30 03:59:00+00:00,20460.75,20789.75,20432.0,20729.0,1197638,databento_ohlcv_1m,../trading/data/databento_ohlcv_1m/front_1m.parquet,357.75,268.25,0.7498252969951084,0.7498252969951084,221.25,235.4,0.9398895497026338,neutral,expansion,0_9_to_1_1
MNQ,2024-10-30,2024-10-30 04:00:00+00:00,2024-10-31 03:59:00+00:00,20729.0,20764.75,20400.25,20422.25,1259861,databento_ohlcv_1m,../trading/data/databento_ohlcv_1m/front_1m.parquet,364.5,-306.75,0.8415637860082305,-0.8415637860082305,357.75,249.95,1.4312862572514504,expansion,expansion,gt_1_3
MNQ,2024-10-31,2024-10-31 04:00:00+00:00,2024-11-01 03:59:00+00:00,20422.25,20424.5,20007.75,20086.75,1513658,databento_ohlcv_1m,../trading/data/databento_ohlcv_1m/front_1m.parquet,416.75,-335.5,0.8050389922015597,-0.8050389922015597,364.5,251.5625,1.448944099378882,expansion,expansion,gt_1_3
MNQ,2024-11-01,2024-11-01 04:00:00+00:00,2024-11-01 20:59:00+00:00,20087.25,20287.25,20054.0,20169.5,1283895,databento_ohlcv_1m,../trading/data/databento_ohlcv_1m/front_1m.parquet,233.25,82.75,0.35262593783494106,0.35262593783494106,416.75,253.05,1.6469077257459,expansion,neutral,gt_1_3
MNQ,2024-11-03,2024-11-03 23:00:00+00:00,2024-11-04 04:59:00+00:00,20141.75,20249.0,20066.25,20234.25,102146,databento_ohlcv_1m,../trading/data/databento_ohlcv_1m/front_1m.parquet,182.75,64.75,0.506155950752394,0.506155950752394,233.25,250.375,0.9316025961058413,neutral,compression,0_9_to_1_1
MNQ,2024-11-04,2024-11-04 05:00:00+00:00,2024-11-05 04:59:00+00:00,20234.0,20248.0,20013.25,20085.25,1146128,databento_ohlcv_1m,../trading/data/databento_ohlcv_1m/front_1m.parquet,234.75,-149.0,0.6336528221512248,-0.6336528221512248,182.75,249.175,0.7334202869469248,compression,neutral,0_7_to_0_9
MNQ,2024-11-05,2024-11-05 05:00:00+00:00,2024-11-06 04:59:00+00:00,20085.5,20640.0,20084.5,20596.0,1206186,databento_ohlcv_1m,../trading/data/databento_ohlcv_1m/front_1m.parquet,555.5,510.75,0.918991899189919,0.918991899189919,234.75,251.85,0.9321024419297201,neutral,expansion,0_9_to_1_1
MNQ,2024-11-06,2024-11-06 05:00:00+00:00,2024-11-07 04:59:00+00:00,20597.25,20935.75,20465.75,20922.0,1401921,databento_ohlcv_1m,../trading/data/databento_ohlcv_1m/front_1m.parquet,470.0,326.0,0.6909574468085107,0.6909574468085107,555.5,276.225,2.0110417232328714,expansion,expansion,gt_1_3
MNQ,2024-11-07,2024-11-07 05:00:00+00:00,2024-11-08 04:59:00+00:00,20921.75,21253.5,20908.25,21224.75,1009326,databento_ohlcv_1m,../trading/data/databento_ohlcv_1m/front_1m.parquet,345.25,302.75,0.8776249094858798,0.8776249094858798,470.0,285.8875,1.64400332298544,expansion,expansion,gt_1_3
MNQ,2024-11-08,2024-11-08 05:00:00+00:00,2024-11-08 21:59:00+00:00,21224.5,21266.5,21121.5,21227.25,920853,databento_ohlcv_1m,../trading/data/databento_ohlcv_1m/front_1m.parquet,145.0,2.5,0.01896551724137931,0.01896551724137931,345.25,282.8875,1.2204498254606513,expansion,compression,1_1_to_1_3
MNQ,2024-11-10,2024-11-10 23:00:00+00:00,2024-11-11 04:59:00+00:00,21242.0,21311.5,21242.0,21287.5,74141,databento_ohlcv_1m,../trading/data/databento_ohlcv_1m/front_1m.parquet,69.5,60.25,0.6546762589928058,0.6546762589928058,145.0,280.525,0.5168879778985831,compression,compression,lt_0_7
MNQ,2024-11-11,2024-11-11 05:00:00+00:00,2024-11-12 04:59:00+00:00,21288.0,21340.5,21098.25,21222.5,1050007,databento_ohlcv_1m,../trading/data/databento_ohlcv_1m/front_1m.parquet,242.25,-65.0,0.27038183694530443,-0.27038183694530443,69.5,268.6625,0.2586888754478202,compression,neutral,lt_0_7
MNQ,2024-11-12,2024-11-12 05:00:00+00:00,2024-11-13 04:59:00+00:00,21222.75,21252.25,21054.75,21140.25,1173406,databento_ohlcv_1m,../trading/data/databento_ohlcv_1m/front_1m.parquet,197.5,-82.25,0.4177215189873418,-0.4177215189873418,242.25,272.1125,0.8902567871744224,neutral,compression,0_7_to_0_9
MNQ,2024-11-13,2024-11-13 05:00:00+00:00,2024-11-14 04:59:00+00:00,21140.25,21268.75,21057.5,21139.0,1301856,databento_ohlcv_1m,../trading/data/databento_ohlcv_1m/front_1m.parquet,211.25,-1.25,0.005917159763313609,-0.005917159763313609,197.5,279.5,0.7066189624329159,compression,compression,0_7_to_0_9
MNQ,2024-11-14,2024-11-14 05:00:00+00:00,2024-11-15 04:59:00+00:00,21139.0,21191.25,20883.5,20919.25,1357705,databento_ohlcv_1m,../trading/data/databento_ohlcv_1m/front_1m.parquet,307.75,-219.75,0.7140536149471974,-0.7140536149471974,211.25,279.475,0.7558815636461221,compression,neutral,0_7_to_0_9
MNQ,2024-11-15,2024-11-15 05:00:00+00:00,2024-11-15 21:59:00+00:00,20919.0,20929.25,20405.25,20503.75,1409281,databento_ohlcv_1m,../trading/data/databento_ohlcv_1m/front_1m.parquet,524.0,-415.5,0.7924618320610687,-0.7924618320610687,307.75,282.775,1.0883211033507205,neutral,expansion,0_9_to_1_1
MNQ,2024-11-17,2024-11-17 23:00:00+00:00,2024-11-18 04:59:00+00:00,20504.75,20656.5,20476.25,20648.75,105732,databento_ohlcv_1m,../trading/data/databento_ohlcv_1m/front_1m.parquet,180.25,145.0,0.7988904299583911,0.7988904299583911,524.0,285.8,1.8334499650104967,expansion,compression,gt_1_3
MNQ,2024-11-18,2024-11-18 05:00:00+00:00,2024-11-19 04:59:00+00:00,20648.75,20724.5,20481.75,20682.25,1208549,databento_ohlcv_1m,../trading/data/databento_ohlcv_1m/front_1m.parquet,242.75,33.5,0.1380020597322348,0.1380020597322348,180.25,286.4375,0.6292821296094261,compression,neutral,lt_0_7
MNQ,2024-11-19,2024-11-19 05:00:00+00:00,2024-11-20 04:59:00+00:00,20681.75,20834.75,20382.0,20802.0,1281477,databento_ohlcv_1m,../trading/data/databento_ohlcv_1m/front_1m.parquet,452.75,119.75,0.26559911651021534,0.26559911651021534,242.75,281.4375,0.8625360870530757,neutral,expansion,0_7_to_0_9
MNQ,2024-11-20,2024-11-20 05:00:00+00:00,2024-11-21 04:59:00+00:00,20802.0,20843.5,20477.25,20677.5,1498030,databento_ohlcv_1m,../trading/data/databento_ohlcv_1m/front_1m.parquet,366.25,-124.5,0.33993174061433445,-0.33993174061433445,452.75,297.7375,1.5206347873546329,expansion,expansion,gt_1_3
MNQ,2024-11-21,2024-11-21 05:00:00+00:00,2024-11-22 04:59:00+00:00,20677.25,20907.0,20514.0,20809.0,1714330,databento_ohlcv_1m,../trading/data/databento_ohlcv_1m/front_1m.parquet,393.0,131.5,0.33524173027989823,0.33524173027989823,366.25,304.9875,1.2008688880691831,expansion,expansion,1_1_to_1_3
MNQ,2024-11-22,2024-11-22 05:00:00+00:00,2024-11-22 21:59:00+00:00,20809.5,20880.5,20693.0,20878.5,1349992,databento_ohlcv_1m,../trading/data/databento_ohlcv_1m/front_1m.parquet,187.5,69.5,0.368,0.368,393.0,306.75,1.2811735941320292,expansion,compression,1_1_to_1_3
MNQ,2024-11-24,2024-11-24 23:00:00+00:00,2024-11-25 04:59:00+00:00,20909.0,20974.0,20908.0,20965.75,66169,databento_ohlcv_1m,../trading/data/databento_ohlcv_1m/front_1m.parquet,66.0,87.25,0.8598484848484849,0.8598484848484849,187.5,297.9,0.6294058408862034,compression,compression,lt_0_7
MNQ,2024-11-25,2024-11-25 05:00:00+00:00,2024-11-26 04:59:00+00:00,20965.0,21081.25,20755.25,20902.0,1398813,databento_ohlcv_1m,../trading/data/databento_ohlcv_1m/front_1m.parquet,326.0,-63.75,0.19325153374233128,-0.19325153374233128,66.0,280.3625,0.2354095144678764,compression,neutral,lt_0_7
MNQ,2024-11-26,2024-11-26 05:00:00+00:00,2024-11-27 04:59:00+00:00,20901.5,21025.0,20851.5,20966.25,1193913,databento_ohlcv_1m,../trading/data/databento_ohlcv_1m/front_1m.parquet,173.5,64.25,0.37319884726224783,0.37319884726224783,326.0,285.0,1.143859649122807,neutral,compression,1_1_to_1_3
MNQ,2024-11-27,2024-11-27 05:00:00+00:00,2024-11-28 04:59:00+00:00,20966.5,20990.0,20675.0,20855.25,1196894,databento_ohlcv_1m,../trading/data/databento_ohlcv_1m/front_1m.parquet,315.0,-111.0,0.3531746031746032,-0.3531746031746032,173.5,284.5375,0.6097614549927514,compression,neutral,lt_0_7
MNQ,2024-11-28,2024-11-28 05:00:00+00:00,2024-11-29 04:59:00+00:00,20855.25,20937.75,20822.25,20932.25,216222,databento_ohlcv_1m,../trading/data/databento_ohlcv_1m/front_1m.parquet,115.5,77.0,0.6666666666666666,0.6666666666666666,315.0,288.55,1.0916652226650494,neutral,compression,0_9_to_1_1
MNQ,2024-11-29,2024-11-29 05:00:00+00:00,2024-11-29 18:14:00+00:00,20932.25,21018.0,20805.75,20991.5,615138,databento_ohlcv_1m,../trading/data/databento_ohlcv_1m/front_1m.parquet,212.25,59.25,0.2791519434628975,0.2791519434628975,115.5,266.55,0.43331457512661786,compression,neutral,lt_0_7
MNQ,2024-12-01,2024-12-01 23:00:00+00:00,2024-12-02 04:59:00+00:00,20994.5,21003.5,20941.75,20957.75,89314,databento_ohlcv_1m,../trading/data/databento_ohlcv_1m/front_1m.parquet,61.75,-33.75,0.5951417004048583,-0.5951417004048583,212.25,253.6625,0.8367417336027202,neutral,compression,0_7_to_0_9
MNQ,2024-12-02,2024-12-02 05:00:00+00:00,2024-12-03 04:59:00+00:00,20957.5,21259.5,20939.75,21225.25,1061284,databento_ohlcv_1m,../trading/data/databento_ohlcv_1m/front_1m.parquet,319.75,267.5,0.8373729476153244,0.8373729476153244,61.75,239.4875,0.2578422673417193,compression,expansion,lt_0_7
MNQ,2024-12-03,2024-12-03 05:00:00+00:00,2024-12-04 04:59:00+00:00,21225.0,21355.0,21134.75,21352.0,1020686,databento_ohlcv_1m,../trading/data/databento_ohlcv_1m/front_1m.parquet,220.25,126.75,0.5766174801362088,0.5766174801362088,319.75,248.225,1.2881458354315642,expansion,neutral,1_1_to_1_3
MNQ,2024-12-04,2024-12-04 05:00:00+00:00,2024-12-05 04:59:00+00:00,21351.75,21550.0,21337.5,21510.25,966209,databento_ohlcv_1m,../trading/data/databento_ohlcv_1m/front_1m.parquet,212.5,158.25,0.7458823529411764,0.7458823529411764,220.25,255.7625,0.861150481403646,neutral,neutral,0_7_to_0_9
MNQ,2024-12-05,2024-12-05 05:00:00+00:00,2024-12-06 04:59:00+00:00,21510.25,21567.75,21424.0,21473.0,937329,databento_ohlcv_1m,../trading/data/databento_ohlcv_1m/front_1m.parquet,143.75,-37.25,0.2591304347826087,-0.2591304347826087,212.5,254.275,0.8357093697768164,neutral,compression,0_7_to_0_9
MNQ,2024-12-06,2024-12-06 05:00:00+00:00,2024-12-06 21:59:00+00:00,21473.0,21669.5,21439.0,21634.0,965255,databento_ohlcv_1m,../trading/data/databento_ohlcv_1m/front_1m.parquet,230.5,161.0,0.6984815618221258,0.6984815618221258,143.75,251.5875,0.5713717891389676,compression,neutral,lt_0_7
MNQ,2024-12-08,2024-12-08 23:00:00+00:00,2024-12-09 04:59:00+00:00,21648.75,21670.75,21626.5,21638.75,57241,databento_ohlcv_1m,../trading/data/databento_ohlcv_1m/front_1m.parquet,44.25,4.75,0.22598870056497175,-0.22598870056497175,230.5,252.55,0.91269055632548,neutral,compression,0_9_to_1_1
MNQ,2024-12-09,2024-12-09 05:00:00+00:00,2024-12-10 04:59:00+00:00,21639.0,21706.5,21437.0,21468.25,1090285,databento_ohlcv_1m,../trading/data/databento_ohlcv_1m/front_1m.parquet,269.5,-170.5,0.6335807050092764,-0.6335807050092764,44.25,239.375,0.18485639686684074,compression,neutral,lt_0_7
MNQ,2024-12-10,2024-12-10 05:00:00+00:00,2024-12-11 04:59:00+00:00,21468.0,21606.75,21352.75,21431.25,1210346,databento_ohlcv_1m,../trading/data/databento_ohlcv_1m/front_1m.parquet,254.0,-37.0,0.14468503937007873,-0.14468503937007873,269.5,226.65,1.1890580189719833,neutral,neutral,1_1_to_1_3
MNQ,2024-12-11,2024-12-11 05:00:00+00:00,2024-12-12 04:59:00+00:00,21431.0,21819.75,21405.75,21761.25,1088740,databento_ohlcv_1m,../trading/data/databento_ohlcv_1m/front_1m.parquet,414.0,330.0,0.7977053140096618,0.7977053140096618,254.0,230.3375,1.1027296901286157,neutral,expansion,1_1_to_1_3
MNQ,2024-12-12,2024-12-12 05:00:00+00:00,2024-12-13 04:59:00+00:00,21761.5,21772.75,21602.25,21718.0,1180555,databento_ohlcv_1m,../trading/data/databento_ohlcv_1m/front_1m.parquet,170.5,-43.25,0.25513196480938416,-0.25513196480938416,414.0,238.9,1.7329426538300543,expansion,compression,gt_1_3
MNQ,2024-12-13,2024-12-13 05:00:00+00:00,2024-12-13 21:59:00+00:00,21718.0,21908.0,21666.75,21760.5,1234953,databento_ohlcv_1m,../trading/data/databento_ohlcv_1m/front_1m.parquet,241.25,42.5,0.17616580310880828,0.17616580310880828,170.5,224.7875,0.7584941333481622,compression,neutral,0_7_to_0_9
MNQ,2024-12-15,2024-12-15 23:00:00+00:00,2024-12-16 04:59:00+00:00,21785.25,21821.75,21762.25,21801.25,44474,databento_ohlcv_1m,../trading/data/databento_ohlcv_1m/front_1m.parquet,59.5,40.75,0.2689075630252101,0.2689075630252101,241.25,218.5375,1.1039295315449293,neutral,compression,1_1_to_1_3
MNQ,2024-12-16,2024-12-16 05:00:00+00:00,2024-12-17 04:59:00+00:00,21800.75,22426.5,21784.5,22414.75,570818,databento_ohlcv_1m,../trading/data/databento_ohlcv_1m/front_1m.parquet,642.0,613.5,0.956386292834891,0.956386292834891,59.5,201.8625,0.29475509319462506,compression,expansion,lt_0_7
MNQ,2024-12-17,2024-12-17 05:00:00+00:00,2024-12-18 04:59:00+00:00,22414.5,22424.5,22205.5,22335.75,948005,databento_ohlcv_1m,../trading/data/databento_ohlcv_1m/front_1m.parquet,219.0,-79.0,0.3595890410958904,-0.3595890410958904,642.0,224.5875,2.858574052429454,expansion,neutral,gt_1_3
MNQ,2024-12-18,2024-12-18 05:00:00+00:00,2024-12-19 04:59:00+00:00,22335.25,22387.5,21310.25,21485.0,1416451,databento_ohlcv_1m,../trading/data/databento_ohlcv_1m/front_1m.parquet,1077.25,-850.75,0.7892782548155024,-0.7892782548155024,219.0,232.2375,0.9430001614726303,neutral,expansion,0_9_to_1_1
MNQ,2024-12-19,2024-12-19 05:00:00+00:00,2024-12-20 04:59:00+00:00,21484.25,21698.0,21203.75,21247.75,1615123,databento_ohlcv_1m,../trading/data/databento_ohlcv_1m/front_1m.parquet,494.25,-237.25,0.47850278199291857,-0.47850278199291857,1077.25,269.8,3.9927724240177906,expansion,expansion,gt_1_3
MNQ,2024-12-20,2024-12-20 05:00:00+00:00,2024-12-20 21:59:00+00:00,21247.75,21812.5,21007.0,21553.0,1938059,databento_ohlcv_1m,../trading/data/databento_ohlcv_1m/front_1m.parquet,805.5,305.25,0.3789571694599628,0.3789571694599628,494.25,285.8375,1.729129312983776,expansion,expansion,gt_1_3
MNQ,2024-12-22,2024-12-22 23:00:00+00:00,2024-12-23 04:59:00+00:00,21566.5,21708.75,21565.25,21705.25,134162,databento_ohlcv_1m,../trading/data/databento_ohlcv_1m/front_1m.parquet,143.5,152.25,0.9668989547038328,0.9668989547038328,805.5,310.3625,2.5953522091103145,expansion,compression,gt_1_3
MNQ,2024-12-23,2024-12-23 05:00:00+00:00,2024-12-24 04:59:00+00:00,21705.5,21777.0,21476.0,21751.5,1391434,databento_ohlcv_1m,../trading/data/databento_ohlcv_1m/front_1m.parquet,301.0,46.25,0.15282392026578073,0.15282392026578073,143.5,311.7625,0.46028627561044066,compression,neutral,lt_0_7
MNQ,2024-12-24,2024-12-24 05:00:00+00:00,2024-12-24 18:14:00+00:00,21751.0,22050.0,21738.25,22046.25,589388,databento_ohlcv_1m,../trading/data/databento_ohlcv_1m/front_1m.parquet,311.75,294.75,0.9470729751403368,0.9470729751403368,301.0,316.2,0.9519291587602784,neutral,neutral,0_9_to_1_1
MNQ,2024-12-25,2024-12-25 23:00:00+00:00,2024-12-26 04:59:00+00:00,22050.0,22111.0,22043.5,22086.5,63636,databento_ohlcv_1m,../trading/data/databento_ohlcv_1m/front_1m.parquet,67.5,40.25,0.5407407407407407,0.5407407407407407,311.75,328.7,0.9484332217827807,neutral,compression,0_9_to_1_1
MNQ,2024-12-26,2024-12-26 05:00:00+00:00,2024-12-27 04:59:00+00:00,22086.0,22098.75,21870.5,21947.5,1053564,databento_ohlcv_1m,../trading/data/databento_ohlcv_1m/front_1m.parquet,228.25,-139.0,0.6067907995618839,-0.6067907995618839,67.5,316.0875,0.21354846363744218,compression,compression,lt_0_7
MNQ,2024-12-27,2024-12-27 05:00:00+00:00,2024-12-27 21:59:00+00:00,21947.5,21966.25,21498.25,21720.25,1360469,databento_ohlcv_1m,../trading/data/databento_ohlcv_1m/front_1m.parquet,468.0,-227.25,0.4855769230769231,-0.4855769230769231,228.25,316.4875,0.7211975196492753,compression,expansion,0_7_to_0_9
MNQ,2024-12-29,2024-12-29 23:00:00+00:00,2024-12-30 04:59:00+00:00,21710.75,21742.5,21669.75,21688.75,90999,databento_ohlcv_1m,../trading/data/databento_ohlcv_1m/front_1m.parquet,72.75,-31.5,0.3024054982817869,-0.3024054982817869,468.0,329.2625,1.4213583387115145,expansion,compression,gt_1_3
MNQ,2024-12-30,2024-12-30 05:00:00+00:00,2024-12-31 04:59:00+00:00,21688.25,21691.0,21252.75,21409.5,1380054,databento_ohlcv_1m,../trading/data/databento_ohlcv_1m/front_1m.parquet,438.25,-279.25,0.6360524814603536,-0.6360524814603536,72.75,325.7125,0.22335648770004224,compression,expansion,lt_0_7
MNQ,2024-12-31,2024-12-31 05:00:00+00:00,2024-12-31 21:59:00+00:00,21410.5,21524.75,21181.75,21235.0,1290322,databento_ohlcv_1m,../trading/data/databento_ohlcv_1m/front_1m.parquet,343.0,-174.5,0.5116618075801749,-0.5116618075801749,438.25,336.1,1.3039274025587622,expansion,neutral,gt_1_3
MNQ,2025-01-01,2025-01-01 23:00:00+00:00,2025-01-02 04:59:00+00:00,21273.25,21339.5,21121.0,21324.5,164793,databento_ohlcv_1m,../trading/data/databento_ohlcv_1m/front_1m.parquet,218.5,89.5,0.2345537757437071,0.2345537757437071,343.0,351.0375,0.977103585799238,neutral,compression,0_9_to_1_1
MNQ,2025-01-02,2025-01-02 05:00:00+00:00,2025-01-03 04:59:00+00:00,21324.0,21490.75,20983.25,21224.0,1893912,databento_ohlcv_1m,../trading/data/databento_ohlcv_1m/front_1m.parquet,507.5,-100.5,0.19704433497536947,-0.19704433497536947,218.5,348.4875,0.6269952293841242,compression,expansion,lt_0_7
MNQ,2025-01-03,2025-01-03 05:00:00+00:00,2025-01-03 21:59:00+00:00,21224.75,21559.25,21206.0,21490.25,1269506,databento_ohlcv_1m,../trading/data/databento_ohlcv_1m/front_1m.parquet,353.25,266.25,0.7515923566878981,0.7515923566878981,507.5,361.1625,1.405184646800263,expansion,neutral,gt_1_3
MNQ,2025-01-05,2025-01-05 23:00:00+00:00,2025-01-06 04:59:00+00:00,21532.0,21543.0,21478.75,21523.0,87799,databento_ohlcv_1m,../trading/data/databento_ohlcv_1m/front_1m.parquet,64.25,32.75,0.14007782101167315,-0.14007782101167315,353.25,358.125,0.9863874345549738,neutral,compression,0_9_to_1_1
MNQ,2025-01-06,2025-01-06 05:00:00+00:00,2025-01-07 04:59:00+00:00,21523.0,21897.0,21520.5,21720.0,1492195,databento_ohlcv_1m,../trading/data/databento_ohlcv_1m/front_1m.parquet,376.5,197.0,0.5232403718459495,0.5232403718459495,64.25,352.8125,0.1821080602302923,compression,neutral,lt_0_7
MNQ,2025-01-07,2025-01-07 05:00:00+00:00,2025-01-08 04:59:00+00:00,21720.5,21806.25,21279.5,21393.0,1828008,databento_ohlcv_1m,../trading/data/databento_ohlcv_1m/front_1m.parquet,526.75,-327.0,0.6217370669197911,-0.6217370669197911,376.5,359.575,1.0470694569978447,neutral,expansion,0_9_to_1_1
MNQ,2025-01-08,2025-01-08 05:00:00+00:00,2025-01-09 04:59:00+00:00,21393.75,21448.25,21166.0,21311.25,1842154,databento_ohlcv_1m,../trading/data/databento_ohlcv_1m/front_1m.parquet,282.25,-81.75,0.29229406554472986,-0.29229406554472986,526.75,382.9375,1.375550840541864,expansion,compression,gt_1_3
MNQ,2025-01-09,2025-01-09 05:00:00+00:00,2025-01-10 04:59:00+00:00,21310.25,21335.0,21179.0,21302.5,338852,databento_ohlcv_1m,../trading/data/databento_ohlcv_1m/front_1m.parquet,156.0,-8.75,0.049679487179487176,-0.049679487179487176,282.25,364.95,0.7733936155637758,compression,compression,0_7_to_0_9
MNQ,2025-01-10,2025-01-10 05:00:00+00:00,2025-01-10 21:59:00+00:00,21302.75,21372.5,20874.75,20996.25,2011618,databento_ohlcv_1m,../trading/data/databento_ohlcv_1m/front_1m.parquet,497.75,-306.25,0.6157709693621296,-0.6157709693621296,156.0,361.8,0.4311774461028192,compression,expansion,lt_0_7
MNQ,2025-01-12,2025-01-12 23:00:00+00:00,2025-01-13 04:59:00+00:00,21027.5,21037.0,20857.25,20897.75,166000,databento_ohlcv_1m,../trading/data/databento_ohlcv_1m/front_1m.parquet,179.75,-98.5,0.721835883171071,-0.721835883171071,497.75,332.825,1.4955306842935476,expansion,compression,gt_1_3
MNQ,2025-01-13,2025-01-13 05:00:00+00:00,2025-01-14 04:59:00+00:00,20898.0,21088.75,20693.5,21042.75,1843876,databento_ohlcv_1m,../trading/data/databento_ohlcv_1m/front_1m.parquet,395.25,145.0,0.36622390891840606,0.36622390891840606,179.75,317.1,0.5668558814254178,compression,expansion,lt_0_7
MNQ,2025-01-14,2025-01-14 05:00:00+00:00,2025-01-15 04:59:00+00:00,21042.5,21143.75,20773.25,20945.0,1814402,databento_ohlcv_1m,../trading/data/databento_ohlcv_1m/front_1m.parquet,370.5,-97.75,0.2631578947368421,-0.2631578947368421,395.25,296.5875,1.3326589960804147,expansion,expansion,gt_1_3
MNQ,2025-01-15,2025-01-15 05:00:00+00:00,2025-01-16 04:59:00+00:00,20944.5,21452.75,20908.75,21389.75,1519327,databento_ohlcv_1m,../trading/data/databento_ohlcv_1m/front_1m.parquet,544.0,444.75,0.8184742647058824,0.8184742647058824,370.5,307.9375,1.2031662269129288,expansion,expansion,1_1_to_1_3
MNQ,2025-01-16,2025-01-16 05:00:00+00:00,2025-01-17 04:59:00+00:00,21389.75,21566.75,21171.75,21289.25,1642307,databento_ohlcv_1m,../trading/data/databento_ohlcv_1m/front_1m.parquet,395.0,-100.5,0.25443037974683547,-0.25443037974683547,544.0,320.0875,1.6995352833209671,expansion,expansion,gt_1_3
MNQ,2025-01-17,2025-01-17 05:00:00+00:00,2025-01-17 21:59:00+00:00,21289.25,21680.0,21251.5,21590.25,1429449,databento_ohlcv_1m,../trading/data/databento_ohlcv_1m/front_1m.parquet,428.5,301.0,0.7024504084014003,0.7024504084014003,395.0,324.25,1.2181958365458752,expansion,expansion,1_1_to_1_3
MNQ,2025-01-19,2025-01-19 23:00:00+00:00,2025-01-20 04:59:00+00:00,21601.0,21618.75,21527.25,21565.5,96286,databento_ohlcv_1m,../trading/data/databento_ohlcv_1m/front_1m.parquet,91.5,-24.75,0.3879781420765027,-0.3879781420765027,428.5,342.3,1.251825883727724,expansion,compression,1_1_to_1_3
MNQ,2025-01-20,2025-01-20 05:00:00+00:00,2025-01-21 04:59:00+00:00,21566.0,21780.0,21370.25,21604.75,758442,databento_ohlcv_1m,../trading/data/databento_ohlcv_1m/front_1m.parquet,409.75,39.25,0.09456985967053082,0.09456985967053082,91.5,335.4625,0.2727577598092186,compression,expansion,lt_0_7
MNQ,2025-01-21,2025-01-21 05:00:00+00:00,2025-01-22 04:59:00+00:00,21605.0,21877.0,21525.5,21869.25,1333840,databento_ohlcv_1m,../trading/data/databento_ohlcv_1m/front_1m.parquet,351.5,264.5,0.751778093883357,0.751778093883357,409.75,332.55,1.2321455420237557,expansion,neutral,1_1_to_1_3
MNQ,2025-01-22,2025-01-22 05:00:00+00:00,2025-01-23 04:59:00+00:00,21869.0,22094.0,21839.25,21964.0,1170649,databento_ohlcv_1m,../trading/data/databento_ohlcv_1m/front_1m.parquet,254.75,94.75,0.3729146221786065,0.3729146221786065,351.5,346.4875,1.0144666113496157,neutral,compression,0_9_to_1_1
MNQ,2025-01-23,2025-01-23 05:00:00+00:00,2025-01-24 04:59:00+00:00,21964.25,22059.0,21855.5,21996.0,1214488,databento_ohlcv_1m,../trading/data/databento_ohlcv_1m/front_1m.parquet,203.5,32.0,0.15601965601965603,0.15601965601965603,254.75,337.3125,0.7552343894756346,compression,compression,0_7_to_0_9
MNQ,2025-01-24,2025-01-24 05:00:00+00:00,2025-01-24 21:59:00+00:00,21995.25,22078.0,21843.25,21908.5,1168306,databento_ohlcv_1m,../trading/data/databento_ohlcv_1m/front_1m.parquet,234.75,-87.5,0.369542066027689,-0.369542066027689,203.5,330.3375,0.6160366292049798,compression,compression,lt_0_7
MNQ,2025-01-26,2025-01-26 23:00:00+00:00,2025-01-27 04:59:00+00:00,21773.75,21774.0,21472.75,21497.75,269680,databento_ohlcv_1m,../trading/data/databento_ohlcv_1m/front_1m.parquet,301.25,-410.75,0.9161825726141078,-0.9161825726141078,234.75,331.15,0.7088932507926922,compression,neutral,0_7_to_0_9
MNQ,2025-01-27,2025-01-27 05:00:00+00:00,2025-01-28 04:59:00+00:00,21497.25,21506.75,20763.75,21302.5,2509398,databento_ohlcv_1m,../trading/data/databento_ohlcv_1m/front_1m.parquet,743.0,-195.25,0.2621130551816958,-0.2621130551816958,301.25,320.8375,0.9389488448201972,neutral,expansion,0_9_to_1_1
MNQ,2025-01-28,2025-01-28 05:00:00+00:00,2025-01-29 04:59:00+00:00,21302.5,21626.0,21160.75,21595.75,1722337,databento_ohlcv_1m,../trading/data/databento_ohlcv_1m/front_1m.parquet,465.25,293.25,0.630306286942504,0.630306286942504,743.0,340.325,2.1832072283846324,expansion,expansion,gt_1_3
MNQ,2025-01-29,2025-01-29 05:00:00+00:00,2025-01-30 04:59:00+00:00,21596.75,21697.25,21368.0,21660.0,1861606,databento_ohlcv_1m,../trading/data/databento_ohlcv_1m/front_1m.parquet,329.25,64.25,0.1921032649962035,0.1921032649962035,465.25,360.375,1.2910163024627124,expansion,neutral,1_1_to_1_3
MNQ,2025-01-30,2025-01-30 05:00:00+00:00,2025-01-31 04:59:00+00:00,21660.75,21787.0,21419.0,21729.5,1821581,databento_ohlcv_1m,../trading/data/databento_ohlcv_1m/front_1m.parquet,368.0,69.5,0.18682065217391305,0.18682065217391305,329.25,358.0125,0.9196606263747774,neutral,neutral,0_9_to_1_1
MNQ,2025-01-31,2025-01-31 05:00:00+00:00,2025-01-31 21:59:00+00:00,21729.5,21965.75,21531.5,21571.25,1683484,databento_ohlcv_1m,../trading/data/databento_ohlcv_1m/front_1m.parquet,434.25,-158.25,0.3644214162348877,-0.3644214162348877,368.0,350.075,1.0512033135756624,neutral,expansion,0_9_to_1_1
MNQ,2025-02-02,2025-02-02 23:00:00+00:00,2025-02-03 04:59:00+00:00,21280.25,21280.25,20940.25,21018.75,349637,databento_ohlcv_1m,../trading/data/databento_ohlcv_1m/front_1m.parquet,340.0,-552.5,0.7691176470588236,-0.7691176470588236,434.25,357.675,1.2140910044034388,expansion,neutral,1_1_to_1_3
MNQ,2025-02-03,2025-02-03 05:00:00+00:00,2025-02-04 04:59:00+00:00,21018.25,21600.0,20998.75,21449.5,2070442,databento_ohlcv_1m,../trading/data/databento_ohlcv_1m/front_1m.parquet,601.25,430.75,0.7172557172557172,0.7172557172557172,340.0,366.875,0.9267461669505963,neutral,expansion,0_9_to_1_1
MNQ,2025-02-04,2025-02-04 05:00:00+00:00,2025-02-05 04:59:00+00:00,21449.75,21694.75,21240.75,21561.75,1400161,databento_ohlcv_1m,../trading/data/databento_ohlcv_1m/front_1m.parquet,454.0,112.25,0.24669603524229075,0.24669603524229075,601.25,372.05,1.6160462303453835,expansion,neutral,gt_1_3
MNQ,2025-02-05,2025-02-05 05:00:00+00:00,2025-02-06 04:59:00+00:00,21561.75,21806.5,21429.0,21804.5,1297607,databento_ohlcv_1m,../trading/data/databento_ohlcv_1m/front_1m.parquet,377.5,242.75,0.643046357615894,0.643046357615894,454.0,385.7625,1.1768899257963126,neutral,neutral,1_1_to_1_3
MNQ,2025-02-06,2025-02-06 05:00:00+00:00,2025-02-07 04:59:00+00:00,21804.75,21899.25,21706.0,21856.5,1244678,databento_ohlcv_1m,../trading/data/databento_ohlcv_1m/front_1m.parquet,193.25,52.0,0.2677878395860285,0.2677878395860285,377.5,384.875,0.9808379343942839,neutral,compression,0_9_to_1_1
MNQ,2025-02-07,2025-02-07 05:00:00+00:00,2025-02-07 21:59:00+00:00,21857.0,21967.75,21553.0,21575.5,1514253,databento_ohlcv_1m,../trading/data/databento_ohlcv_1m/front_1m.parquet,414.75,-281.0,0.6787221217600965,-0.6787221217600965,193.25,376.0125,0.5139456799973405,compression,neutral,lt_0_7
MNQ,2025-02-09,2025-02-09 23:00:00+00:00,2025-02-10 04:59:00+00:00,21464.75,21702.5,21415.0,21683.5,123488,databento_ohlcv_1m,../trading/data/databento_ohlcv_1m/front_1m.parquet,287.5,108.0,0.7608695652173914,0.7608695652173914,414.75,369.55,1.122310918684887,neutral,compression,1_1_to_1_3
MNQ,2025-02-10,2025-02-10 05:00:00+00:00,2025-02-11 04:59:00+00:00,21684.0,21893.75,21683.0,21783.5,976337,databento_ohlcv_1m,../trading/data/databento_ohlcv_1m/front_1m.parquet,210.75,100.0,0.4721233689205219,0.4721233689205219,287.5,364.175,0.7894556188645568,compression,compression,0_7_to_0_9
MNQ,2025-02-11,2025-02-11 05:00:00+00:00,2025-02-12 04:59:00+00:00,21783.5,21871.25,21669.5,21782.5,1116147,databento_ohlcv_1m,../trading/data/databento_ohlcv_1m/front_1m.parquet,201.75,-1.0,0.004956629491945477,-0.004956629491945477,210.75,353.2875,0.5965396454728797,compression,compression,lt_0_7
MNQ,2025-02-12,2025-02-12 05:00:00+00:00,2025-02-13 04:59:00+00:00,21782.75,21927.0,21510.0,21906.75,1423783,databento_ohlcv_1m,../trading/data/databento_ohlcv_1m/front_1m.parquet,417.0,124.25,0.2973621103117506,0.2973621103117506,201.75,358.8,0.5622909698996655,compression,neutral,lt_0_7
MNQ,2025-02-13,2025-02-13 05:00:00+00:00,2025-02-14 04:59:00+00:00,21906.75,22149.25,21752.75,22142.5,1445893,databento_ohlcv_1m,../trading/data/databento_ohlcv_1m/front_1m.parquet,396.5,235.75,0.594577553593947,0.594577553593947,417.0,359.1625,1.1610343507465284,neutral,neutral,1_1_to_1_3
MNQ,2025-02-14,2025-02-14 05:00:00+00:00,2025-02-14 21:59:00+00:00,22142.5,22224.0,22042.5,22203.0,1065663,databento_ohlcv_1m,../trading/data/databento_ohlcv_1m/front_1m.parquet,181.5,60.5,0.3333333333333333,0.3333333333333333,396.5,361.4125,1.0970843565178292,neutral,compression,0_9_to_1_1
MNQ,2025-02-16,2025-02-16 23:00:00+00:00,2025-02-17 04:59:00+00:00,22238.0,22277.5,22196.0,22276.5,85107,databento_ohlcv_1m,../trading/data/databento_ohlcv_1m/front_1m.parquet,81.5,73.5,0.4723926380368098,0.4723926380368098,181.5,357.75,0.5073375262054507,compression,compression,lt_0_7
MNQ,2025-02-17,2025-02-17 05:00:00+00:00,2025-02-18 04:59:00+00:00,22276.5,22281.75,22192.0,22268.5,291371,databento_ohlcv_1m,../trading/data/databento_ohlcv_1m/front_1m.parquet,89.75,-8.0,0.08913649025069638,-0.08913649025069638,81.5,351.65,0.2317645386037253,compression,compression,lt_0_7
MNQ,2025-02-18,2025-02-18 05:00:00+00:00,2025-02-19 04:59:00+00:00,22268.5,22320.0,22103.0,22267.5,1145272,databento_ohlcv_1m,../trading/data/databento_ohlcv_1m/front_1m.parquet,217.0,-1.0,0.004608294930875576,-0.004608294930875576,89.75,344.4,0.26059814169570267,compression,compression,lt_0_7
MNQ,2025-02-19,2025-02-19 05:00:00+00:00,2025-02-20 04:59:00+00:00,22267.5,22299.75,22118.0,22175.75,1159032,databento_ohlcv_1m,../trading/data/databento_ohlcv_1m/front_1m.parquet,181.75,-91.75,0.5048143053645117,-0.5048143053645117,217.0,340.1875,0.6378835201175822,compression,compression,lt_0_7
MNQ,2025-02-20,2025-02-20 05:00:00+00:00,2025-02-21 04:59:00+00:00,22176.0,22227.0,21950.75,22124.5,1306800,databento_ohlcv_1m,../trading/data/databento_ohlcv_1m/front_1m.parquet,276.25,-51.25,0.18642533936651584,-0.18642533936651584,181.75,312.125,0.5822987585102123,compression,neutral,lt_0_7
MNQ,2025-02-21,2025-02-21 05:00:00+00:00,2025-02-21 21:59:00+00:00,22124.75,22245.75,21652.25,21659.5,1576313,databento_ohlcv_1m,../trading/data/databento_ohlcv_1m/front_1m.parquet,593.5,-465.0,0.7839090143218197,-0.7839090143218197,276.25,302.675,0.9126951350458412,neutral,expansion,0_9_to_1_1
MNQ,2025-02-23,2025-02-23 23:00:00+00:00,2025-02-24 04:59:00+00:00,21700.75,21796.75,21677.75,21775.25,130426,databento_ohlcv_1m,../trading/data/databento_ohlcv_1m/front_1m.parquet,119.0,115.75,0.6260504201680672,0.6260504201680672,593.5,315.8875,1.8788334454513078,expansion,compression,gt_1_3
MNQ,2025-02-24,2025-02-24 05:00:00+00:00,2025-02-25 04:59:00+00:00,21775.75,21813.0,21366.5,21422.0,1747187,databento_ohlcv_1m,../trading/data/databento_ohlcv_1m/front_1m.parquet,446.5,-353.25,0.7922732362821948,-0.7922732362821948,119.0,303.4375,0.392173017507724,compression,expansion,lt_0_7
MNQ,2025-02-25,2025-02-25 05:00:00+00:00,2025-02-26 04:59:00+00:00,21421.75,21451.75,20990.5,21251.5,2114682,databento_ohlcv_1m,../trading/data/databento_ohlcv_1m/front_1m.parquet,461.25,-170.5,0.36910569105691055,-0.36910569105691055,446.5,304.05,1.4685084690018089,expansion,expansion,gt_1_3
MNQ,2025-02-26,2025-02-26 05:00:00+00:00,2025-02-27 04:59:00+00:00,21252.0,21409.75,21064.75,21171.0,1860424,databento_ohlcv_1m,../trading/data/databento_ohlcv_1m/front_1m.parquet,345.0,-80.5,0.23478260869565218,-0.23478260869565218,461.25,310.1125,1.4873634568100285,expansion,neutral,gt_1_3
MNQ,2025-02-27,2025-02-27 05:00:00+00:00,2025-02-28 04:59:00+00:00,21171.25,21386.5,20516.5,20616.5,2590420,databento_ohlcv_1m,../trading/data/databento_ohlcv_1m/front_1m.parquet,870.0,-554.5,0.6376436781609195,-0.6376436781609195,345.0,297.3,1.160443995963673,neutral,expansion,1_1_to_1_3
MNQ,2025-02-28,2025-02-28 05:00:00+00:00,2025-02-28 21:59:00+00:00,20617.25,20944.25,20460.25,20910.0,2214971,databento_ohlcv_1m,../trading/data/databento_ohlcv_1m/front_1m.parquet,484.0,293.5,0.6048553719008265,0.6048553719008265,870.0,318.1,2.7349889971707007,expansion,expansion,gt_1_3
MNQ,2025-03-02,2025-03-02 23:00:00+00:00,2025-03-03 04:59:00+00:00,21000.0,21036.0,20836.5,20951.75,207232,databento_ohlcv_1m,../trading/data/databento_ohlcv_1m/front_1m.parquet,199.5,41.75,0.24185463659147868,-0.24185463659147868,484.0,323.425,1.4964829558630284,expansion,compression,gt_1_3
MNQ,2025-03-03,2025-03-03 05:00:00+00:00,2025-03-04 04:59:00+00:00,20952.0,21120.75,20317.5,20529.5,2442274,databento_ohlcv_1m,../trading/data/databento_ohlcv_1m/front_1m.parquet,803.25,-422.25,0.5259881730469965,-0.5259881730469965,199.5,323.7375,0.616240009266767,compression,expansion,lt_0_7
MNQ,2025-03-04,2025-03-04 05:00:00+00:00,2025-03-05 04:59:00+00:00,20529.25,20733.0,20075.75,20537.0,2683893,databento_ohlcv_1m,../trading/data/databento_ohlcv_1m/front_1m.parquet,657.25,7.5,0.011791555724610117,0.011791555724610117,803.25,343.1625,2.3407277893126435,expansion,expansion,gt_1_3
MNQ,2025-03-05,2025-03-05 05:00:00+00:00,2025-03-06 04:59:00+00:00,20537.5,20725.5,20215.0,20637.75,2303254,databento_ohlcv_1m,../trading/data/databento_ohlcv_1m/front_1m.parquet,510.5,100.75,0.19637610186092067,0.19637610186092067,657.25,361.65,1.8173648555232962,expansion,expansion,gt_1_3
MNQ,2025-03-06,2025-03-06 05:00:00+00:00,2025-03-07 04:59:00+00:00,20638.25,20648.5,20002.75,20183.25,2443946,databento_ohlcv_1m,../trading/data/databento_ohlcv_1m/front_1m.parquet,645.75,-454.5,0.7046070460704607,-0.7046070460704607,510.5,376.6375,1.3554146891905348,expansion,expansion,gt_1_3
MNQ,2025-03-07,2025-03-07 05:00:00+00:00,2025-03-07 21:59:00+00:00,20183.75,20286.75,19766.0,20207.0,2567173,databento_ohlcv_1m,../trading/data/databento_ohlcv_1m/front_1m.parquet,520.75,23.75,0.04464714354296687,0.04464714354296687,645.75,398.8375,1.619080452565268,expansion,expansion,gt_1_3
MNQ,2025-03-09,2025-03-09 22:00:00+00:00,2025-03-10 03:59:00+00:00,20149.5,20156.0,19933.0,20126.75,208570,databento_ohlcv_1m,../trading/data/databento_ohlcv_1m/front_1m.parquet,223.0,-80.25,0.10201793721973094,-0.10201793721973094,520.75,404.025,1.2889053895179754,expansion,compression,1_1_to_1_3
MNQ,2025-03-10,2025-03-10 04:00:00+00:00,2025-03-11 03:59:00+00:00,20126.25,20152.75,19140.0,19436.25,2758234,databento_ohlcv_1m,../trading/data/databento_ohlcv_1m/front_1m.parquet,1012.75,-690.5,0.6813132559861762,-0.6813132559861762,223.0,395.35,0.5640571645377513,compression,expansion,lt_0_7
MNQ,2025-03-11,2025-03-11 04:00:00+00:00,2025-03-12 03:59:00+00:00,19436.0,19687.5,19201.0,19450.75,2781438,databento_ohlcv_1m,../trading/data/databento_ohlcv_1m/front_1m.parquet,486.5,14.5,0.030318602261048305,0.030318602261048305,1012.75,436.9125,2.3179698452207247,expansion,neutral,gt_1_3
MNQ,2025-03-12,2025-03-12 04:00:00+00:00,2025-03-13 03:59:00+00:00,19450.75,19788.75,19387.0,19519.25,2417624,databento_ohlcv_1m,../trading/data/databento_ohlcv_1m/front_1m.parquet,401.75,68.5,0.17050404480398257,0.17050404480398257,486.5,457.1625,1.0641730238153828,neutral,neutral,0_9_to_1_1
MNQ,2025-03-13,2025-03-13 04:00:00+00:00,2025-03-14 03:59:00+00:00,19518.75,19632.75,19165.5,19449.5,2646969,databento_ohlcv_1m,../trading/data/databento_ohlcv_1m/front_1m.parquet,467.25,-69.75,0.14820759764579988,-0.14820759764579988,401.75,472.7625,0.8497924433515772,neutral,neutral,0_7_to_0_9
MNQ,2025-03-14,2025-03-14 04:00:00+00:00,2025-03-14 20:59:00+00:00,19449.25,19742.75,19370.0,19666.75,1912560,databento_ohlcv_1m,../trading/data/databento_ohlcv_1m/front_1m.parquet,372.75,217.25,0.5835010060362174,0.5835010060362174,467.25,485.275,0.9628561125135233,neutral,compression,0_9_to_1_1
MNQ,2025-03-16,2025-03-16 22:00:00+00:00,2025-03-17 03:59:00+00:00,19669.5,19687.5,19551.0,19586.0,109931,databento_ohlcv_1m,../trading/data/databento_ohlcv_1m/front_1m.parquet,136.5,-80.75,0.6117216117216118,-0.6117216117216118,372.75,494.825,0.7532966200171778,compression,compression,0_7_to_0_9
MNQ,2025-03-17,2025-03-17 04:00:00+00:00,2025-03-18 03:59:00+00:00,19584.25,20036.5,19554.5,19941.25,993714,databento_ohlcv_1m,../trading/data/databento_ohlcv_1m/front_1m.parquet,482.0,355.25,0.7406639004149378,0.7406639004149378,136.5,487.8375,0.2798062879544931,compression,neutral,lt_0_7
MNQ,2025-03-18,2025-03-18 04:00:00+00:00,2025-03-19 03:59:00+00:00,19940.5,20038.25,19604.25,19763.0,1398631,databento_ohlcv_1m,../trading/data/databento_ohlcv_1m/front_1m.parquet,434.0,-178.25,0.40898617511520735,-0.40898617511520735,482.0,482.2625,0.999455690624919,neutral,neutral,0_9_to_1_1
MNQ,2025-03-19,2025-03-19 04:00:00+00:00,2025-03-20 03:59:00+00:00,19763.0,20142.25,19658.75,20082.75,1585928,databento_ohlcv_1m,../trading/data/databento_ohlcv_1m/front_1m.parquet,483.5,319.75,0.6613236814891417,0.6613236814891417,434.0,498.0125,0.871464069676966,neutral,neutral,0_7_to_0_9
MNQ,2025-03-20,2025-03-20 04:00:00+00:00,2025-03-21 03:59:00+00:00,20083.5,20105.0,19734.5,19874.75,1803145,databento_ohlcv_1m,../trading/data/databento_ohlcv_1m/front_1m.parquet,370.5,-208.0,0.5634278002699056,-0.5634278002699056,483.5,499.8625,0.9672659981494911,neutral,compression,0_9_to_1_1
MNQ,2025-03-21,2025-03-21 04:00:00+00:00,2025-03-21 20:59:00+00:00,19874.75,19977.75,19602.5,19971.0,1704201,databento_ohlcv_1m,../trading/data/databento_ohlcv_1m/front_1m.parquet,375.25,96.25,0.2564956695536309,0.2564956695536309,370.5,495.325,0.7479937414828648,compression,compression,0_7_to_0_9
MNQ,2025-03-23,2025-03-23 22:00:00+00:00,2025-03-24 03:59:00+00:00,20052.25,20139.0,20048.0,20104.75,121228,databento_ohlcv_1m,../trading/data/databento_ohlcv_1m/front_1m.parquet,91.0,133.75,0.5769230769230769,0.5769230769230769,375.25,496.8375,0.7552771278335472,compression,compression,0_7_to_0_9
MNQ,2025-03-24,2025-03-24 04:00:00+00:00,2025-03-25 03:59:00+00:00,20104.75,20409.25,20096.25,20338.5,1266616,databento_ohlcv_1m,../trading/data/databento_ohlcv_1m/front_1m.parquet,313.0,233.75,0.7468051118210862,0.7468051118210862,91.0,457.8875,0.19873877317026561,compression,compression,lt_0_7
MNQ,2025-03-25,2025-03-25 04:00:00+00:00,2025-03-26 03:59:00+00:00,20338.25,20536.75,20292.0,20479.5,1258947,databento_ohlcv_1m,../trading/data/databento_ohlcv_1m/front_1m.parquet,244.75,141.0,0.5771195097037793,0.5771195097037793,313.0,449.3375,0.6965810776977217,compression,compression,lt_0_7
MNQ,2025-03-26,2025-03-26 04:00:00+00:00,2025-03-27 03:59:00+00:00,20479.25,20498.75,20003.0,20134.25,1670313,databento_ohlcv_1m,../trading/data/databento_ohlcv_1m/front_1m.parquet,495.75,-345.25,0.6959152798789713,-0.6959152798789713,244.75,451.6,0.5419619131975199,compression,neutral,lt_0_7
MNQ,2025-03-27,2025-03-27 04:00:00+00:00,2025-03-28 03:59:00+00:00,20134.25,20199.0,19930.0,19989.25,1845543,databento_ohlcv_1m,../trading/data/databento_ohlcv_1m/front_1m.parquet,269.0,-145.0,0.5390334572490706,-0.5390334572490706,495.75,436.225,1.1364548111639634,neutral,compression,1_1_to_1_3
MNQ,2025-03-28,2025-03-28 04:00:00+00:00,2025-03-28 20:59:00+00:00,19989.25,20008.75,19360.75,19362.25,1852348,databento_ohlcv_1m,../trading/data/databento_ohlcv_1m/front_1m.parquet,648.0,-627.0,0.9675925925925926,-0.9675925925925926,269.0,416.8125,0.6453741190583295,compression,expansion,lt_0_7
MNQ,2025-03-30,2025-03-30 22:00:00+00:00,2025-03-31 03:59:00+00:00,19317.75,19365.0,19160.0,19200.5,212706,databento_ohlcv_1m,../trading/data/databento_ohlcv_1m/front_1m.parquet,205.0,-161.75,0.5719512195121951,-0.5719512195121951,648.0,423.6875,1.5294291193391356,expansion,compression,gt_1_3
MNQ,2025-03-31,2025-03-31 04:00:00+00:00,2025-04-01 03:59:00+00:00,19200.5,19489.5,18976.75,19360.5,2091958,databento_ohlcv_1m,../trading/data/databento_ohlcv_1m/front_1m.parquet,512.75,160.0,0.3120429058995612,0.3120429058995612,205.0,401.65,0.5103946221834931,compression,expansion,lt_0_7
MNQ,2025-04-01,2025-04-01 04:00:00+00:00,2025-04-02 03:59:00+00:00,19360.25,19693.25,19261.25,19567.75,2238032,databento_ohlcv_1m,../trading/data/databento_ohlcv_1m/front_1m.parquet,432.0,207.25,0.48032407407407407,0.48032407407407407,512.75,401.25,1.2778816199376948,expansion,neutral,1_1_to_1_3
MNQ,2025-04-02,2025-04-02 04:00:00+00:00,2025-04-03 03:59:00+00:00,19568.0,20045.25,18817.5,19104.0,2662763,databento_ohlcv_1m,../trading/data/databento_ohlcv_1m/front_1m.parquet,1227.75,-463.75,0.37792710242313177,-0.37792710242313177,432.0,411.7,1.0493077483604567,neutral,expansion,0_9_to_1_1
MNQ,2025-04-03,2025-04-03 04:00:00+00:00,2025-04-04 03:59:00+00:00,19104.75,19176.75,18522.0,18561.0,2299609,databento_ohlcv_1m,../trading/data/databento_ohlcv_1m/front_1m.parquet,654.75,-543.0,0.8304696449026346,-0.8304696449026346,1227.75,422.45,2.906261095987691,expansion,expansion,gt_1_3
MNQ,2025-04-04,2025-04-04 04:00:00+00:00,2025-04-04 20:59:00+00:00,18561.5,18675.5,17387.0,17486.25,3137491,databento_ohlcv_1m,../trading/data/databento_ohlcv_1m/front_1m.parquet,1288.5,-1074.75,0.8344974776872333,-0.8344974776872333,654.75,430.8625,1.5196263309060314,expansion,expansion,gt_1_3
MNQ,2025-04-06,2025-04-06 22:00:00+00:00,2025-04-07 03:59:00+00:00,17126.25,17126.25,16452.5,16810.0,488707,databento_ohlcv_1m,../trading/data/databento_ohlcv_1m/front_1m.parquet,673.75,-676.25,0.46938775510204084,-0.46938775510204084,1288.5,475.2,2.7114898989898992,expansion,expansion,gt_1_3
MNQ,2025-04-07,2025-04-07 04:00:00+00:00,2025-04-08 03:59:00+00:00,16810.25,18360.25,16480.25,17771.25,3268232,databento_ohlcv_1m,../trading/data/databento_ohlcv_1m/front_1m.parquet,1880.0,961.25,0.5111702127659574,0.5111702127659574,673.75,485.525,1.3876731373255755,expansion,expansion,gt_1_3
MNQ,2025-04-08,2025-04-08 04:00:00+00:00,2025-04-09 03:59:00+00:00,17771.75,18357.25,16838.75,16929.5,3030422,databento_ohlcv_1m,../trading/data/databento_ohlcv_1m/front_1m.parquet,1518.5,-841.75,0.5546592031610141,-0.5546592031610141,1880.0,560.8875,3.351830803859954,expansion,expansion,gt_1_3
MNQ,2025-04-09,2025-04-09 04:00:00+00:00,2025-04-10 03:59:00+00:00,16930.75,19388.0,16735.0,19015.75,2932151,databento_ohlcv_1m,../trading/data/databento_ohlcv_1m/front_1m.parquet,2653.0,2086.25,0.78590275160196,0.78590275160196,1518.5,629.9875,2.4103652850254966,expansion,expansion,gt_1_3
MNQ,2025-04-10,2025-04-10 04:00:00+00:00,2025-04-11 03:59:00+00:00,19016.25,19186.0,17918.25,18478.5,2946237,databento_ohlcv_1m,../trading/data/databento_ohlcv_1m/front_1m.parquet,1267.75,-537.25,0.42417669098797084,-0.42417669098797084,2653.0,738.5375,3.5922346529458555,expansion,expansion,gt_1_3
MNQ,2025-04-11,2025-04-11 04:00:00+00:00,2025-04-11 20:59:00+00:00,18477.75,18873.25,18270.0,18819.0,2157160,databento_ohlcv_1m,../trading/data/databento_ohlcv_1m/front_1m.parquet,603.25,340.5,0.5656858682138417,0.5656858682138417,1267.75,780.225,1.6248518055689063,expansion,compression,gt_1_3
MNQ,2025-04-13,2025-04-13 22:00:00+00:00,2025-04-14 03:59:00+00:00,19163.75,19253.0,18924.75,19058.25,232141,databento_ohlcv_1m,../trading/data/databento_ohlcv_1m/front_1m.parquet,328.25,239.25,0.3214013709063214,-0.3214013709063214,603.25,786.2125,0.7672861980698603,compression,compression,0_7_to_0_9
MNQ,2025-04-14,2025-04-14 04:00:00+00:00,2025-04-15 03:59:00+00:00,19057.75,19255.75,18738.5,18914.25,2086887,databento_ohlcv_1m,../trading/data/databento_ohlcv_1m/front_1m.parquet,517.25,-144.0,0.277428709521508,-0.277428709521508,328.25,784.1,0.41863282744547886,compression,compression,lt_0_7
MNQ,2025-04-15,2025-04-15 04:00:00+00:00,2025-04-16 03:59:00+00:00,18914.0,19144.75,18636.75,18673.75,1846306,databento_ohlcv_1m,../trading/data/databento_ohlcv_1m/front_1m.parquet,508.0,-240.5,0.4729330708661417,-0.4729330708661417,517.25,791.2,0.6537537917087968,compression,compression,lt_0_7
MNQ,2025-04-16,2025-04-16 04:00:00+00:00,2025-04-17 03:59:00+00:00,18673.75,18861.0,18116.25,18535.25,2173918,databento_ohlcv_1m,../trading/data/databento_ohlcv_1m/front_1m.parquet,744.75,-138.5,0.18596844578717692,-0.18596844578717692,508.0,812.05,0.625577242780617,compression,neutral,lt_0_7
MNQ,2025-04-17,2025-04-17 04:00:00+00:00,2025-04-17 20:59:00+00:00,18534.5,18652.0,18261.25,18430.0,1884236,databento_ohlcv_1m,../trading/data/databento_ohlcv_1m/front_1m.parquet,390.75,-105.25,0.2674344209852847,-0.2674344209852847,744.75,833.6375,0.8933739185197402,neutral,compression,0_7_to_0_9
MNQ,2025-04-20,2025-04-20 22:00:00+00:00,2025-04-21 03:59:00+00:00,18307.5,18384.75,18189.75,18220.5,175532,databento_ohlcv_1m,../trading/data/databento_ohlcv_1m/front_1m.parquet,195.0,-209.5,0.4461538461538462,-0.4461538461538462,390.75,840.9375,0.46465997770345596,compression,compression,lt_0_7
MNQ,2025-04-21,2025-04-21 04:00:00+00:00,2025-04-22 03:59:00+00:00,18220.75,18256.25,17700.0,17981.5,1580897,databento_ohlcv_1m,../trading/data/databento_ohlcv_1m/front_1m.parquet,556.25,-239.0,0.4301123595505618,-0.4301123595505618,195.0,825.9,0.2361060661096985,compression,compression,lt_0_7
MNQ,2025-04-22,2025-04-22 04:00:00+00:00,2025-04-23 03:59:00+00:00,17980.0,18801.25,17970.75,18702.75,1942674,databento_ohlcv_1m,../trading/data/databento_ohlcv_1m/front_1m.parquet,830.5,721.25,0.8702588801926551,0.8702588801926551,556.25,840.2625,0.6619955073563321,compression,neutral,lt_0_7
MNQ,2025-04-23,2025-04-23 04:00:00+00:00,2025-04-24 03:59:00+00:00,18702.0,19165.75,18681.0,18757.0,2054621,databento_ohlcv_1m,../trading/data/databento_ohlcv_1m/front_1m.parquet,484.75,54.25,0.11346054667354306,0.11346054667354306,830.5,849.3875,0.9777633883239393,neutral,compression,0_9_to_1_1
MNQ,2025-04-24,2025-04-24 04:00:00+00:00,2025-04-25 03:59:00+00:00,18756.75,19467.0,18595.0,19447.25,1914146,databento_ohlcv_1m,../trading/data/databento_ohlcv_1m/front_1m.parquet,872.0,690.25,0.7918577981651376,0.7918577981651376,484.75,863.375,0.5614593890256262,compression,neutral,lt_0_7
MNQ,2025-04-25,2025-04-25 04:00:00+00:00,2025-04-25 20:59:00+00:00,19446.75,19590.0,19215.25,19554.75,1827181,databento_ohlcv_1m,../trading/data/databento_ohlcv_1m/front_1m.parquet,374.75,107.5,0.28819212808539024,0.28819212808539024,872.0,881.3375,0.9894053072744551,neutral,compression,0_9_to_1_1
MNQ,2025-04-27,2025-04-27 22:00:00+00:00,2025-04-28 03:59:00+00:00,19524.5,19526.75,19392.0,19403.75,133547,databento_ohlcv_1m,../trading/data/databento_ohlcv_1m/front_1m.parquet,134.75,-151.0,0.8961038961038961,-0.8961038961038961,374.75,878.475,0.42659153646944986,compression,compression,lt_0_7
MNQ,2025-04-28,2025-04-28 04:00:00+00:00,2025-04-29 03:59:00+00:00,19404.25,19631.5,19257.75,19574.0,1674201,databento_ohlcv_1m,../trading/data/databento_ohlcv_1m/front_1m.parquet,373.75,170.25,0.45418060200668897,0.45418060200668897,134.75,823.825,0.1635662913846994,compression,compression,lt_0_7
MNQ,2025-04-29,2025-04-29 04:00:00+00:00,2025-04-30 03:59:00+00:00,19574.0,19692.5,19379.25,19523.5,1627748,databento_ohlcv_1m,../trading/data/databento_ohlcv_1m/front_1m.parquet,313.25,-50.5,0.16121308858739025,-0.16121308858739025,373.75,809.775,0.46154796085332345,compression,compression,lt_0_7
MNQ,2025-04-30,2025-04-30 04:00:00+00:00,2025-05-01 03:59:00+00:00,19523.5,19964.5,19102.25,19957.75,2048441,databento_ohlcv_1m,../trading/data/databento_ohlcv_1m/front_1m.parquet,862.25,434.25,0.5036242389098289,0.5036242389098289,313.25,761.0125,0.4116226737405759,compression,neutral,lt_0_7
MNQ,2025-05-01,2025-05-01 04:00:00+00:00,2025-05-02 03:59:00+00:00,19957.75,20125.25,19748.25,19977.75,1789643,databento_ohlcv_1m,../trading/data/databento_ohlcv_1m/front_1m.parquet,377.0,20.0,0.05305039787798409,0.05305039787798409,862.25,770.4375,1.1191693031556746,neutral,compression,1_1_to_1_3
MNQ,2025-05-02,2025-05-02 04:00:00+00:00,2025-05-02 20:59:00+00:00,19977.5,20277.0,19864.0,20200.5,1473799,databento_ohlcv_1m,../trading/data/databento_ohlcv_1m/front_1m.parquet,413.0,222.75,0.5399515738498789,0.5399515738498789,377.0,695.2875,0.5422217428042356,compression,compression,lt_0_7
MNQ,2025-05-04,2025-05-04 22:00:00+00:00,2025-05-05 03:59:00+00:00,20182.0,20200.0,19991.0,20057.75,165019,databento_ohlcv_1m,../trading/data/databento_ohlcv_1m/front_1m.parquet,209.0,-142.75,0.5944976076555024,-0.5944976076555024,413.0,640.0125,0.6452998964863967,compression,compression,lt_0_7
MNQ,2025-05-05,2025-05-05 04:00:00+00:00,2025-05-06 03:59:00+00:00,20056.5,20191.25,19932.0,19987.0,1276115,databento_ohlcv_1m,../trading/data/databento_ohlcv_1m/front_1m.parquet,259.25,-70.75,0.26808100289296044,-0.26808100289296044,209.0,517.8125,0.4036210018105009,compression,compression,lt_0_7
MNQ,2025-05-06,2025-05-06 04:00:00+00:00,2025-05-07 03:59:00+00:00,19987.75,20136.25,19738.25,20002.5,1748499,databento_ohlcv_1m,../trading/data/databento_ohlcv_1m/front_1m.parquet,398.0,15.5,0.03706030150753769,0.03706030150753769,259.25,467.3875,0.5546789334331791,compression,neutral,lt_0_7
MNQ,2025-05-07,2025-05-07 04:00:00+00:00,2025-05-08 03:59:00+00:00,20002.25,20170.25,19678.5,20164.25,1792280,databento_ohlcv_1m,../trading/data/databento_ohlcv_1m/front_1m.parquet,491.75,161.75,0.3294356888662939,0.3294356888662939,398.0,457.125,0.8706590101175827,neutral,neutral,0_7_to_0_9
MNQ,2025-05-08,2025-05-08 04:00:00+00:00,2025-05-09 03:59:00+00:00,20164.25,20337.5,19978.0,20185.0,1738124,databento_ohlcv_1m,../trading/data/databento_ohlcv_1m/front_1m.parquet,359.5,20.75,0.057719054242002785,0.057719054242002785,491.75,465.3,1.0568450462067482,neutral,compression,0_9_to_1_1
MNQ,2025-05-09,2025-05-09 04:00:00+00:00,2025-05-09 20:59:00+00:00,20184.75,20290.0,20057.5,20146.5,1315139,databento_ohlcv_1m,../trading/data/databento_ohlcv_1m/front_1m.parquet,232.5,-38.5,0.16451612903225807,-0.16451612903225807,359.5,457.4125,0.7859426666302298,compression,compression,0_7_to_0_9
MNQ,2025-05-11,2025-05-11 22:00:00+00:00,2025-05-12 03:59:00+00:00,20373.75,20548.0,20373.75,20526.25,188602,databento_ohlcv_1m,../trading/data/databento_ohlcv_1m/front_1m.parquet,174.25,379.75,0.8751793400286944,0.8751793400286944,232.5,443.6375,0.5240765264433237,compression,compression,lt_0_7
MNQ,2025-05-12,2025-05-12 04:00:00+00:00,2025-05-13 03:59:00+00:00,20526.5,20996.0,20520.25,20843.75,1685152,databento_ohlcv_1m,../trading/data/databento_ohlcv_1m/front_1m.parquet,475.75,317.5,0.6668418286915396,0.6668418286915396,174.25,415.1125,0.41976572615857144,compression,neutral,lt_0_7
MNQ,2025-05-13,2025-05-13 04:00:00+00:00,2025-05-14 03:59:00+00:00,20844.25,21347.0,20818.25,21288.5,1378593,databento_ohlcv_1m,../trading/data/databento_ohlcv_1m/front_1m.parquet,528.75,444.75,0.8401891252955083,0.8401891252955083,475.75,419.3625,1.1344600435184358,neutral,expansion,1_1_to_1_3
MNQ,2025-05-14,2025-05-14 04:00:00+00:00,2025-05-15 03:59:00+00:00,21288.25,21419.75,21237.0,21378.75,1416722,databento_ohlcv_1m,../trading/data/databento_ohlcv_1m/front_1m.parquet,182.75,90.25,0.4952120383036936,0.4952120383036936,528.75,436.05,1.2125902992776056,expansion,compression,1_1_to_1_3
MNQ,2025-05-15,2025-05-15 04:00:00+00:00,2025-05-16 03:59:00+00:00,21379.0,21529.75,21192.25,21405.5,1381035,databento_ohlcv_1m,../trading/data/databento_ohlcv_1m/front_1m.parquet,337.5,26.75,0.07851851851851852,0.07851851851851852,182.75,417.375,0.43785564540281524,compression,neutral,lt_0_7
MNQ,2025-05-16,2025-05-16 04:00:00+00:00,2025-05-16 20:59:00+00:00,21405.5,21513.0,21320.0,21404.25,1050092,databento_ohlcv_1m,../trading/data/databento_ohlcv_1m/front_1m.parquet,193.0,-1.25,0.006476683937823834,-0.006476683937823834,337.5,392.725,0.8593799732637342,neutral,compression,0_7_to_0_9
MNQ,2025-05-18,2025-05-18 22:00:00+00:00,2025-05-19 03:59:00+00:00,21313.5,21417.5,21196.0,21212.5,182727,databento_ohlcv_1m,../trading/data/databento_ohlcv_1m/front_1m.parquet,221.5,-191.75,0.45598194130925507,-0.45598194130925507,193.0,378.1375,0.5103963505338667,compression,compression,lt_0_7
MNQ,2025-05-19,2025-05-19 04:00:00+00:00,2025-05-20 03:59:00+00:00,21212.25,21562.25,21112.25,21434.25,1320227,databento_ohlcv_1m,../trading/data/databento_ohlcv_1m/front_1m.parquet,450.0,221.75,0.49333333333333335,0.49333333333333335,221.5,345.6125,0.6408911714709392,compression,expansion,lt_0_7
MNQ,2025-05-20,2025-05-20 04:00:00+00:00,2025-05-21 03:59:00+00:00,21434.25,21487.0,21298.0,21378.25,1214409,databento_ohlcv_1m,../trading/data/databento_ohlcv_1m/front_1m.parquet,189.0,-56.0,0.2962962962962963,-0.2962962962962963,450.0,349.375,1.2880143112701252,expansion,compression,1_1_to_1_3
MNQ,2025-05-21,2025-05-21 04:00:00+00:00,2025-05-22 03:59:00+00:00,21377.25,21558.5,21071.75,21166.5,1689026,databento_ohlcv_1m,../trading/data/databento_ohlcv_1m/front_1m.parquet,486.75,-211.75,0.43297380585516176,-0.43297380585516176,189.0,352.0875,0.5367983810842476,compression,expansion,lt_0_7
MNQ,2025-05-22,2025-05-22 04:00:00+00:00,2025-05-23 03:59:00+00:00,21166.75,21337.75,21039.25,21190.75,1440945,databento_ohlcv_1m,../trading/data/databento_ohlcv_1m/front_1m.parquet,298.5,24.25,0.08040201005025126,0.08040201005025126,486.75,357.7375,1.3606345434850973,expansion,neutral,gt_1_3
MNQ,2025-05-23,2025-05-23 04:00:00+00:00,2025-05-23 20:59:00+00:00,21190.5,21231.5,20727.5,20953.25,1520102,databento_ohlcv_1m,../trading/data/databento_ohlcv_1m/front_1m.parquet,504.0,-237.5,0.470734126984127,-0.470734126984127,298.5,357.0,0.8361344537815126,neutral,expansion,0_7_to_0_9
MNQ,2025-05-25,2025-05-25 22:00:00+00:00,2025-05-26 03:59:00+00:00,20978.75,21233.5,20955.25,21212.75,143355,databento_ohlcv_1m,../trading/data/databento_ohlcv_1m/front_1m.parquet,278.25,259.5,0.8409703504043127,0.8409703504043127,504.0,339.0875,1.486342020864821,expansion,neutral,gt_1_3
MNQ,2025-05-26,2025-05-26 04:00:00+00:00,2025-05-27 03:59:00+00:00,21212.0,21307.75,21142.0,21152.75,369340,databento_ohlcv_1m,../trading/data/databento_ohlcv_1m/front_1m.parquet,165.75,-60.0,0.3574660633484163,-0.3574660633484163,278.25,334.15,0.8327098608409398,neutral,compression,0_7_to_0_9
MNQ,2025-05-27,2025-05-27 04:00:00+00:00,2025-05-28 03:59:00+00:00,21152.75,21488.25,21145.0,21444.5,1106925,databento_ohlcv_1m,../trading/data/databento_ohlcv_1m/front_1m.parquet,343.25,291.75,0.8499635833940277,0.8499635833940277,165.75,321.7875,0.5150914811793497,compression,neutral,lt_0_7
MNQ,2025-05-28,2025-05-28 04:00:00+00:00,2025-05-29 03:59:00+00:00,21444.5,21833.25,21320.0,21783.25,1369957,databento_ohlcv_1m,../trading/data/databento_ohlcv_1m/front_1m.parquet,513.25,338.75,0.660009741841208,0.660009741841208,343.25,328.5,1.0449010654490107,neutral,expansion,0_9_to_1_1
MNQ,2025-05-29,2025-05-29 04:00:00+00:00,2025-05-30 03:59:00+00:00,21782.5,21858.75,21268.25,21346.25,1552397,databento_ohlcv_1m,../trading/data/databento_ohlcv_1m/front_1m.parquet,590.5,-437.0,0.7387806943268417,-0.7387806943268417,513.25,341.2,1.5042497069167644,expansion,expansion,gt_1_3
MNQ,2025-05-30,2025-05-30 04:00:00+00:00,2025-05-30 20:59:00+00:00,21345.75,21433.25,21071.5,21369.0,1473310,databento_ohlcv_1m,../trading/data/databento_ohlcv_1m/front_1m.parquet,361.75,22.75,0.06427090532135453,0.06427090532135453,590.5,350.825,1.6831753723366352,expansion,neutral,gt_1_3
MNQ,2025-06-01,2025-06-01 22:00:00+00:00,2025-06-02 03:59:00+00:00,21304.5,21348.5,21228.0,21231.25,127324,databento_ohlcv_1m,../trading/data/databento_ohlcv_1m/front_1m.parquet,120.5,-137.75,0.6078838174273858,-0.6078838174273858,361.75,344.325,1.0506062586219416,neutral,compression,0_9_to_1_1
MNQ,2025-06-02,2025-06-02 04:00:00+00:00,2025-06-03 03:59:00+00:00,21231.0,21576.75,21163.0,21461.0,1151159,databento_ohlcv_1m,../trading/data/databento_ohlcv_1m/front_1m.parquet,413.75,229.75,0.5558912386706949,0.5558912386706949,120.5,332.375,0.362542309138774,compression,expansion,lt_0_7
MNQ,2025-06-03,2025-06-03 04:00:00+00:00,2025-06-04 03:59:00+00:00,21461.0,21759.75,21398.25,21679.5,1116751,databento_ohlcv_1m,../trading/data/databento_ohlcv_1m/front_1m.parquet,361.5,218.5,0.6044260027662517,0.6044260027662517,413.75,341.4375,1.2117883946549515,expansion,neutral,1_1_to_1_3
MNQ,2025-06-04,2025-06-04 04:00:00+00:00,2025-06-05 03:59:00+00:00,21679.5,21802.75,21641.0,21751.0,1110530,databento_ohlcv_1m,../trading/data/databento_ohlcv_1m/front_1m.parquet,161.75,71.5,0.4420401854714065,0.4420401854714065,361.5,350.8,1.0305017103762828,neutral,compression,0_9_to_1_1
MNQ,2025-06-05,2025-06-05 04:00:00+00:00,2025-06-06 03:59:00+00:00,21751.0,21936.25,21471.0,21609.0,1645984,databento_ohlcv_1m,../trading/data/databento_ohlcv_1m/front_1m.parquet,465.25,-142.0,0.30521225147770015,-0.30521225147770015,161.75,335.1,0.4826917338108027,compression,expansion,lt_0_7
MNQ,2025-06-06,2025-06-06 04:00:00+00:00,2025-06-06 20:59:00+00:00,21609.75,21880.0,21601.5,21809.75,1123239,databento_ohlcv_1m,../trading/data/databento_ohlcv_1m/front_1m.parquet,278.5,200.75,0.718132854578097,0.718132854578097,465.25,331.925,1.401672064472396,expansion,neutral,gt_1_3
MNQ,2025-06-08,2025-06-08 22:00:00+00:00,2025-06-09 03:59:00+00:00,21799.25,21821.0,21716.5,21744.0,108722,databento_ohlcv_1m,../trading/data/databento_ohlcv_1m/front_1m.parquet,104.5,-65.75,0.5287081339712919,-0.5287081339712919,278.5,336.7125,0.8271151204662732,neutral,compression,0_7_to_0_9
MNQ,2025-06-09,2025-06-09 04:00:00+00:00,2025-06-10 03:59:00+00:00,21743.75,21973.5,21729.25,21938.75,984663,databento_ohlcv_1m,../trading/data/databento_ohlcv_1m/front_1m.parquet,244.25,194.75,0.7983623336745138,0.7983623336745138,104.5,325.0625,0.3214766391078639,compression,compression,lt_0_7
MNQ,2025-06-10,2025-06-10 04:00:00+00:00,2025-06-11 03:59:00+00:00,21938.75,22002.0,21732.0,21906.75,1245068,databento_ohlcv_1m,../trading/data/databento_ohlcv_1m/front_1m.parquet,270.0,-32.0,0.11851851851851852,-0.11851851851851852,244.25,327.625,0.7455169782525753,compression,neutral,0_7_to_0_9
MNQ,2025-06-11,2025-06-11 04:00:00+00:00,2025-06-12 03:59:00+00:00,21907.25,22094.0,21753.5,21808.5,1541753,databento_ohlcv_1m,../trading/data/databento_ohlcv_1m/front_1m.parquet,340.5,-98.25,0.290014684287812,-0.290014684287812,270.0,330.05,0.818057870019694,neutral,neutral,0_7_to_0_9
MNQ,2025-06-12,2025-06-12 04:00:00+00:00,2025-06-13 03:59:00+00:00,21809.0,21977.5,21470.5,21574.25,1457244,databento_ohlcv_1m,../trading/data/databento_ohlcv_1m/front_1m.parquet,507.0,-234.25,0.4630177514792899,-0.4630177514792899,340.5,324.575,1.0490641608256952,neutral,expansion,0_9_to_1_1
MNQ,2025-06-13,2025-06-13 04:00:00+00:00,2025-06-13 20:59:00+00:00,21573.5,21855.75,21507.0,21654.0,1328141,databento_ohlcv_1m,../trading/data/databento_ohlcv_1m/front_1m.parquet,348.75,79.75,0.23082437275985662,0.23082437275985662,507.0,340.475,1.4890961157206843,expansion,neutral,gt_1_3
MNQ,2025-06-15,2025-06-15 22:00:00+00:00,2025-06-16 03:59:00+00:00,21566.5,21938.0,21505.0,21908.5,76166,databento_ohlcv_1m,../trading/data/databento_ohlcv_1m/front_1m.parquet,433.0,254.5,0.789838337182448,0.789838337182448,348.75,333.575,1.0454920182867422,neutral,expansion,0_9_to_1_1
MNQ,2025-06-16,2025-06-16 04:00:00+00:00,2025-06-17 03:59:00+00:00,21908.25,22224.5,21888.5,22079.5,810936,databento_ohlcv_1m,../trading/data/databento_ohlcv_1m/front_1m.parquet,336.0,171.0,0.5096726190476191,0.5096726190476191,433.0,340.3,1.272406699970614,expansion,neutral,1_1_to_1_3
MNQ,2025-06-17,2025-06-17 04:00:00+00:00,2025-06-18 03:59:00+00:00,22080.0,22136.5,21862.75,21969.5,1170305,databento_ohlcv_1m,../trading/data/databento_ohlcv_1m/front_1m.parquet,273.75,-110.0,0.40365296803652967,-0.40365296803652967,336.0,331.9,1.0123531184091594,neutral,neutral,0_9_to_1_1
MNQ,2025-06-18,2025-06-18 04:00:00+00:00,2025-06-19 03:59:00+00:00,21969.25,22098.75,21790.0,21882.5,1221878,databento_ohlcv_1m,../trading/data/databento_ohlcv_1m/front_1m.parquet,308.75,-87.0,0.28097165991902834,-0.28097165991902834,273.75,331.675,0.8253561468304816,neutral,neutral,0_7_to_0_9
MNQ,2025-06-19,2025-06-19 04:00:00+00:00,2025-06-20 03:59:00+00:00,21882.5,21928.25,21650.25,21900.75,504968,databento_ohlcv_1m,../trading/data/databento_ohlcv_1m/front_1m.parquet,278.0,18.25,0.06564748201438848,0.06564748201438848,308.75,338.825,0.9112373644211614,neutral,neutral,0_9_to_1_1
MNQ,2025-06-20,2025-06-20 04:00:00+00:00,2025-06-20 20:59:00+00:00,21900.5,22130.75,21760.0,21874.0,1433585,databento_ohlcv_1m,../trading/data/databento_ohlcv_1m/front_1m.parquet,370.75,-26.75,0.07147673634524612,-0.07147673634524612,278.0,335.5625,0.8284596759173031,neutral,neutral,0_7_to_0_9
MNQ,2025-06-22,2025-06-22 22:00:00+00:00,2025-06-23 03:59:00+00:00,21648.25,21786.0,21562.0,21767.5,159928,databento_ohlcv_1m,../trading/data/databento_ohlcv_1m/front_1m.parquet,224.0,-106.5,0.5323660714285714,0.5323660714285714,370.75,328.4375,1.1288296860133207,neutral,compression,1_1_to_1_3
MNQ,2025-06-23,2025-06-23 04:00:00+00:00,2025-06-24 03:59:00+00:00,21767.5,22272.0,21738.5,22245.75,1573161,databento_ohlcv_1m,../trading/data/databento_ohlcv_1m/front_1m.parquet,533.5,478.25,0.8964386129334583,0.8964386129334583,224.0,310.1125,0.7223185134427023,compression,expansion,0_7_to_0_9
MNQ,2025-06-24,2025-06-24 04:00:00+00:00,2025-06-25 03:59:00+00:00,22245.75,22447.75,22220.25,22407.0,1044794,databento_ohlcv_1m,../trading/data/databento_ohlcv_1m/front_1m.parquet,227.5,161.25,0.7087912087912088,0.7087912087912088,533.5,318.7,1.6739880765610293,expansion,compression,gt_1_3
MNQ,2025-06-25,2025-06-25 04:00:00+00:00,2025-06-26 03:59:00+00:00,22407.25,22548.25,22388.25,22495.0,1040150,databento_ohlcv_1m,../trading/data/databento_ohlcv_1m/front_1m.parquet,160.0,88.0,0.5484375,0.5484375,227.5,324.05,0.7020521524456103,compression,compression,0_7_to_0_9
MNQ,2025-06-26,2025-06-26 04:00:00+00:00,2025-06-27 03:59:00+00:00,22495.25,22711.25,22476.25,22693.0,1019434,databento_ohlcv_1m,../trading/data/databento_ohlcv_1m/front_1m.parquet,235.0,198.0,0.8414893617021276,0.8414893617021276,160.0,311.3625,0.5138704885784254,compression,compression,lt_0_7
MNQ,2025-06-27,2025-06-27 04:00:00+00:00,2025-06-27 20:59:00+00:00,22693.0,22823.75,22600.0,22740.25,1150013,databento_ohlcv_1m,../trading/data/databento_ohlcv_1m/front_1m.parquet,223.75,47.25,0.2111731843575419,0.2111731843575419,235.0,305.0375,0.7703970823259435,compression,compression,0_7_to_0_9
MNQ,2025-06-29,2025-06-29 22:00:00+00:00,2025-06-30 03:59:00+00:00,22751.25,22881.75,22750.0,22873.0,114531,databento_ohlcv_1m,../trading/data/databento_ohlcv_1m/front_1m.parquet,131.75,132.75,0.9240986717267552,0.9240986717267552,223.75,308.1375,0.726136870715184,compression,compression,0_7_to_0_9
MNQ,2025-06-30,2025-06-30 04:00:00+00:00,2025-07-01 03:59:00+00:00,22873.5,22934.0,22780.0,22872.75,1098422,databento_ohlcv_1m,../trading/data/databento_ohlcv_1m/front_1m.parquet,154.0,-0.25,0.00487012987012987,-0.00487012987012987,131.75,291.4625,0.4520307072093323,compression,compression,lt_0_7
MNQ,2025-07-01,2025-07-01 04:00:00+00:00,2025-07-02 03:59:00+00:00,22872.25,22878.25,22593.75,22739.75,1292408,databento_ohlcv_1m,../trading/data/databento_ohlcv_1m/front_1m.parquet,284.5,-133.0,0.46572934973637964,-0.46572934973637964,154.0,285.2375,0.5399009597265436,compression,neutral,lt_0_7
MNQ,2025-07-02,2025-07-02 04:00:00+00:00,2025-07-03 03:59:00+00:00,22739.5,22882.25,22584.75,22862.0,993147,databento_ohlcv_1m,../trading/data/databento_ohlcv_1m/front_1m.parquet,297.5,122.25,0.4117647058823529,0.4117647058823529,284.5,294.2375,0.966905985810782,neutral,neutral,0_9_to_1_1
MNQ,2025-07-03,2025-07-03 04:00:00+00:00,2025-07-04 03:59:00+00:00,22861.5,23101.25,22830.0,23009.75,659128,databento_ohlcv_1m,../trading/data/databento_ohlcv_1m/front_1m.parquet,271.25,147.75,0.5465437788018433,0.5465437788018433,297.5,296.9,1.002020882452004,neutral,neutral,0_9_to_1_1
MNQ,2025-07-04,2025-07-04 04:00:00+00:00,2025-07-04 16:59:00+00:00,23009.75,23016.0,22881.25,22904.5,222805,databento_ohlcv_1m,../trading/data/databento_ohlcv_1m/front_1m.parquet,134.75,-105.25,0.7810760667903525,-0.7810760667903525,271.25,296.9625,0.9134149934756073,neutral,compression,0_9_to_1_1
MNQ,2025-07-06,2025-07-06 22:00:00+00:00,2025-07-07 03:59:00+00:00,22968.5,23027.25,22914.5,22975.0,119944,databento_ohlcv_1m,../trading/data/databento_ohlcv_1m/front_1m.parquet,112.75,70.5,0.057649667405764965,0.057649667405764965,134.75,286.675,0.470044475451295,compression,compression,lt_0_7
MNQ,2025-07-07,2025-07-07 04:00:00+00:00,2025-07-08 03:59:00+00:00,22975.0,23002.75,22780.25,22916.0,1229562,databento_ohlcv_1m,../trading/data/databento_ohlcv_1m/front_1m.parquet,222.5,-59.0,0.2651685393258427,-0.2651685393258427,112.75,266.9625,0.42234396216697107,compression,neutral,lt_0_7
MNQ,2025-07-08,2025-07-08 04:00:00+00:00,2025-07-09 03:59:00+00:00,22915.5,22972.0,22841.0,22874.25,1071700,databento_ohlcv_1m,../trading/data/databento_ohlcv_1m/front_1m.parquet,131.0,-41.75,0.3148854961832061,-0.3148854961832061,222.5,260.65,0.853635142911951,neutral,compression,0_7_to_0_9
MNQ,2025-07-09,2025-07-09 04:00:00+00:00,2025-07-10 03:59:00+00:00,22874.5,23111.25,22843.25,22997.0,1128727,databento_ohlcv_1m,../trading/data/databento_ohlcv_1m/front_1m.parquet,268.0,122.75,0.457089552238806,0.457089552238806,131.0,245.55,0.5334962329464468,compression,neutral,lt_0_7
MNQ,2025-07-10,2025-07-10 04:00:00+00:00,2025-07-11 03:59:00+00:00,22996.75,23089.75,22830.75,22967.75,1142723,databento_ohlcv_1m,../trading/data/databento_ohlcv_1m/front_1m.parquet,259.0,-29.25,0.11196911196911197,-0.11196911196911197,268.0,242.15,1.1067520132149493,neutral,neutral,1_1_to_1_3
MNQ,2025-07-11,2025-07-11 04:00:00+00:00,2025-07-11 20:59:00+00:00,22968.25,23021.75,22852.75,22937.25,1027774,databento_ohlcv_1m,../trading/data/databento_ohlcv_1m/front_1m.parquet,169.0,-30.5,0.1834319526627219,-0.1834319526627219,259.0,241.4125,1.0728524827836172,neutral,compression,0_9_to_1_1
MNQ,2025-07-13,2025-07-13 22:00:00+00:00,2025-07-14 03:59:00+00:00,22864.5,22889.25,22802.25,22874.25,119982,databento_ohlcv_1m,../trading/data/databento_ohlcv_1m/front_1m.parquet,87.0,-63.0,0.11206896551724138,0.11206896551724138,169.0,234.425,0.7209128719206569,compression,compression,0_7_to_0_9
MNQ,2025-07-14,2025-07-14 04:00:00+00:00,2025-07-15 03:59:00+00:00,22874.0,23173.75,22805.0,23094.25,1046916,databento_ohlcv_1m,../trading/data/databento_ohlcv_1m/front_1m.parquet,368.75,220.0,0.5972881355932204,0.5972881355932204,87.0,224.875,0.386881600889383,compression,expansion,lt_0_7
MNQ,2025-07-15,2025-07-15 04:00:00+00:00,2025-07-16 03:59:00+00:00,23093.75,23222.75,22973.75,23015.5,1303050,databento_ohlcv_1m,../trading/data/databento_ohlcv_1m/front_1m.parquet,249.0,-78.75,0.3142570281124498,-0.3142570281124498,368.75,224.775,1.6405294183071961,expansion,neutral,gt_1_3
MNQ,2025-07-16,2025-07-16 04:00:00+00:00,2025-07-17 03:59:00+00:00,23015.5,23100.0,22835.75,23038.75,1358778,databento_ohlcv_1m,../trading/data/databento_ohlcv_1m/front_1m.parquet,264.25,23.25,0.0879848628192999,0.0879848628192999,249.0,226.025,1.101648047782325,neutral,expansion,1_1_to_1_3
MNQ,2025-07-17,2025-07-17 04:00:00+00:00,2025-07-18 03:59:00+00:00,23039.0,23288.5,23026.75,23275.75,1025591,databento_ohlcv_1m,../trading/data/databento_ohlcv_1m/front_1m.parquet,261.75,237.0,0.9044890162368673,0.9044890162368673,264.25,212.5625,1.243163775360188,expansion,expansion,1_1_to_1_3
MNQ,2025-07-18,2025-07-18 04:00:00+00:00,2025-07-18 20:59:00+00:00,23275.75,23320.5,23170.0,23228.75,978106,databento_ohlcv_1m,../trading/data/databento_ohlcv_1m/front_1m.parquet,150.5,-47.0,0.3122923588039867,-0.3122923588039867,261.75,214.275,1.2215610780539026,expansion,compression,1_1_to_1_3
MNQ,2025-07-20,2025-07-20 22:00:00+00:00,2025-07-21 03:59:00+00:00,23240.0,23278.0,23204.5,23246.75,68415,databento_ohlcv_1m,../trading/data/databento_ohlcv_1m/front_1m.parquet,73.5,18.0,0.09183673469387756,0.09183673469387756,150.5,213.8,0.7039289055191768,compression,compression,0_7_to_0_9
MNQ,2025-07-21,2025-07-21 04:00:00+00:00,2025-07-22 03:59:00+00:00,23246.5,23425.0,23223.5,23329.5,942150,databento_ohlcv_1m,../trading/data/databento_ohlcv_1m/front_1m.parquet,201.5,82.75,0.4119106699751861,0.4119106699751861,73.5,205.725,0.35727305869485965,compression,neutral,lt_0_7
MNQ,2025-07-22,2025-07-22 04:00:00+00:00,2025-07-23 03:59:00+00:00,23329.0,23349.75,23105.0,23238.5,1278007,databento_ohlcv_1m,../trading/data/databento_ohlcv_1m/front_1m.parquet,244.75,-91.0,0.36976506639427986,-0.36976506639427986,201.5,204.6125,0.9847883193842017,neutral,neutral,0_9_to_1_1
MNQ,2025-07-23,2025-07-23 04:00:00+00:00,2025-07-24 03:59:00+00:00,23238.5,23422.5,23142.5,23379.25,1199077,databento_ohlcv_1m,../trading/data/databento_ohlcv_1m/front_1m.parquet,280.0,140.75,0.5026785714285714,0.5026785714285714,244.75,210.2625,1.1640211640211642,neutral,expansion,1_1_to_1_3
MNQ,2025-07-24,2025-07-24 04:00:00+00:00,2025-07-25 03:59:00+00:00,23379.25,23442.0,23298.5,23428.25,1024521,databento_ohlcv_1m,../trading/data/databento_ohlcv_1m/front_1m.parquet,143.5,49.0,0.34146341463414637,0.34146341463414637,280.0,216.5625,1.292929292929293,expansion,compression,1_1_to_1_3
MNQ,2025-07-25,2025-07-25 04:00:00+00:00,2025-07-25 20:59:00+00:00,23428.0,23477.0,23330.25,23447.25,841289,databento_ohlcv_1m,../trading/data/databento_ohlcv_1m/front_1m.parquet,146.75,19.0,0.131175468483816,0.131175468483816,143.5,209.5125,0.6849233339299565,compression,compression,lt_0_7
MNQ,2025-07-27,2025-07-27 22:00:00+00:00,2025-07-28 03:59:00+00:00,23516.0,23566.5,23504.75,23549.25,86906,databento_ohlcv_1m,../trading/data/databento_ohlcv_1m/front_1m.parquet,61.75,102.0,0.5384615384615384,0.5384615384615384,146.75,201.975,0.7265750711721748,compression,compression,0_7_to_0_9
MNQ,2025-07-28,2025-07-28 04:00:00+00:00,2025-07-29 03:59:00+00:00,23549.25,23585.0,23437.0,23543.75,913250,databento_ohlcv_1m,../trading/data/databento_ohlcv_1m/front_1m.parquet,148.0,-5.5,0.037162162162162164,-0.037162162162162164,61.75,191.5,0.3224543080939948,compression,compression,lt_0_7
MNQ,2025-07-29,2025-07-29 04:00:00+00:00,2025-07-30 03:59:00+00:00,23543.75,23652.25,23422.0,23498.75,1131215,databento_ohlcv_1m,../trading/data/databento_ohlcv_1m/front_1m.parquet,230.25,-45.0,0.19543973941368079,-0.19543973941368079,148.0,192.1625,0.7701814870227022,compression,neutral,0_7_to_0_9
MNQ,2025-07-30,2025-07-30 04:00:00+00:00,2025-07-31 03:59:00+00:00,23499.0,23801.0,23355.0,23797.5,1256911,databento_ohlcv_1m,../trading/data/databento_ohlcv_1m/front_1m.parquet,446.0,298.75,0.6692825112107623,0.6692825112107623,230.25,198.0375,1.1626585873887523,neutral,expansion,1_1_to_1_3
MNQ,2025-07-31,2025-07-31 04:00:00+00:00,2025-08-01 03:59:00+00:00,23797.5,23848.0,23231.5,23304.0,1793164,databento_ohlcv_1m,../trading/data/databento_ohlcv_1m/front_1m.parquet,616.5,-493.5,0.8004866180048662,-0.8004866180048662,446.0,209.2125,2.1318037880145786,expansion,expansion,gt_1_3
MNQ,2025-08-01,2025-08-01 04:00:00+00:00,2025-08-01 20:59:00+00:00,23304.25,23324.75,22788.25,22869.0,1772700,databento_ohlcv_1m,../trading/data/databento_ohlcv_1m/front_1m.parquet,536.5,-435.0,0.8112767940354148,-0.8112767940354148,616.5,233.4875,2.6403983082606133,expansion,expansion,gt_1_3
MNQ,2025-08-03,2025-08-03 22:00:00+00:00,2025-08-04 03:59:00+00:00,22850.5,22989.0,22822.0,22987.25,148434,databento_ohlcv_1m,../trading/data/databento_ohlcv_1m/front_1m.parquet,167.0,118.25,0.8188622754491018,0.8188622754491018,536.5,246.9125,2.1728345061509646,expansion,compression,gt_1_3
MNQ,2025-08-04,2025-08-04 04:00:00+00:00,2025-08-05 03:59:00+00:00,22987.75,23374.75,22947.5,23342.75,1169538,databento_ohlcv_1m,../trading/data/databento_ohlcv_1m/front_1m.parquet,427.25,355.5,0.8308952603861908,0.8308952603861908,167.0,242.3125,0.6891926747485169,compression,expansion,lt_0_7
MNQ,2025-08-05,2025-08-05 04:00:00+00:00,2025-08-06 03:59:00+00:00,23342.25,23404.25,23045.25,23166.0,1546667,databento_ohlcv_1m,../trading/data/databento_ohlcv_1m/front_1m.parquet,359.0,-176.75,0.4909470752089137,-0.4909470752089137,427.25,255.225,1.6740131256734254,expansion,expansion,gt_1_3
MNQ,2025-08-06,2025-08-06 04:00:00+00:00,2025-08-07 03:59:00+00:00,23166.25,23511.0,23107.5,23489.5,1342341,databento_ohlcv_1m,../trading/data/databento_ohlcv_1m/front_1m.parquet,403.5,323.5,0.8011152416356877,0.8011152416356877,359.0,268.825,1.3354412722031062,expansion,expansion,gt_1_3
MNQ,2025-08-07,2025-08-07 04:00:00+00:00,2025-08-08 03:59:00+00:00,23489.5,23671.25,23330.0,23553.25,1595702,databento_ohlcv_1m,../trading/data/databento_ohlcv_1m/front_1m.parquet,341.25,63.75,0.18681318681318682,0.18681318681318682,403.5,270.5625,1.4913374913374913,expansion,expansion,gt_1_3
MNQ,2025-08-08,2025-08-08 04:00:00+00:00,2025-08-08 20:59:00+00:00,23553.75,23768.5,23503.25,23767.25,1029116,databento_ohlcv_1m,../trading/data/databento_ohlcv_1m/front_1m.parquet,265.25,214.0,0.8049010367577757,0.8049010367577757,341.25,275.175,1.2401199236849276,expansion,neutral,1_1_to_1_3
MNQ,2025-08-10,2025-08-10 22:00:00+00:00,2025-08-11 03:59:00+00:00,23767.25,23773.5,23701.25,23754.75,95259,databento_ohlcv_1m,../trading/data/databento_ohlcv_1m/front_1m.parquet,72.25,-12.5,0.17301038062283736,-0.17301038062283736,265.25,275.225,0.9637569261513307,neutral,compression,0_9_to_1_1
MNQ,2025-08-11,2025-08-11 04:00:00+00:00,2025-08-12 03:59:00+00:00,23755.0,23804.5,23587.0,23656.75,1063541,databento_ohlcv_1m,../trading/data/databento_ohlcv_1m/front_1m.parquet,217.5,-98.0,0.4517241379310345,-0.4517241379310345,72.25,265.75,0.2718720602069614,compression,neutral,lt_0_7
MNQ,2025-08-12,2025-08-12 04:00:00+00:00,2025-08-13 03:59:00+00:00,23657.25,23967.75,23596.0,23942.25,1187318,databento_ohlcv_1m,../trading/data/databento_ohlcv_1m/front_1m.parquet,371.75,285.5,0.7666442501681238,0.7666442501681238,217.5,269.1,0.8082497212931995,neutral,expansion,0_7_to_0_9
MNQ,2025-08-13,2025-08-13 04:00:00+00:00,2025-08-14 03:59:00+00:00,23942.25,24069.0,23886.0,23926.25,1090938,databento_ohlcv_1m,../trading/data/databento_ohlcv_1m/front_1m.parquet,183.0,-16.0,0.08743169398907104,-0.08743169398907104,371.75,284.0125,1.3089212622683861,expansion,compression,gt_1_3
MNQ,2025-08-14,2025-08-14 04:00:00+00:00,2025-08-15 03:59:00+00:00,23926.0,24005.5,23793.25,23928.75,1193800,databento_ohlcv_1m,../trading/data/databento_ohlcv_1m/front_1m.parquet,212.25,2.5,0.012956419316843345,0.012956419316843345,183.0,283.0875,0.6464432375149027,compression,compression,lt_0_7
MNQ,2025-08-15,2025-08-15 04:00:00+00:00,2025-08-15 20:59:00+00:00,23929.0,23962.75,23734.75,23796.5,1076730,databento_ohlcv_1m,../trading/data/databento_ohlcv_1m/front_1m.parquet,228.0,-132.25,0.581140350877193,-0.581140350877193,212.25,281.4625,0.7540969045609984,compression,neutral,0_7_to_0_9
MNQ,2025-08-17,2025-08-17 22:00:00+00:00,2025-08-18 03:59:00+00:00,23795.0,23882.0,23792.0,23857.75,64617,databento_ohlcv_1m,../trading/data/databento_ohlcv_1m/front_1m.parquet,90.0,61.25,0.6972222222222222,0.6972222222222222,228.0,278.8625,0.8176072437132995,neutral,compression,0_7_to_0_9
MNQ,2025-08-18,2025-08-18 04:00:00+00:00,2025-08-19 03:59:00+00:00,23857.75,23860.0,23718.75,23754.0,1020346,databento_ohlcv_1m,../trading/data/databento_ohlcv_1m/front_1m.parquet,141.25,-103.75,0.7345132743362832,-0.7345132743362832,90.0,276.1875,0.3258655804480652,compression,compression,lt_0_7
MNQ,2025-08-19,2025-08-19 04:00:00+00:00,2025-08-20 03:59:00+00:00,23753.75,23805.0,23338.0,23345.5,1442774,databento_ohlcv_1m,../trading/data/databento_ohlcv_1m/front_1m.parquet,467.0,-408.5,0.8741970021413277,-0.8741970021413277,141.25,275.9125,0.511937661396276,compression,expansion,lt_0_7
MNQ,2025-08-20,2025-08-20 04:00:00+00:00,2025-08-21 03:59:00+00:00,23344.75,23452.0,23035.25,23341.25,1732550,databento_ohlcv_1m,../trading/data/databento_ohlcv_1m/front_1m.parquet,416.75,-4.25,0.008398320335932814,-0.008398320335932814,467.0,296.175,1.5767704904195154,expansion,expansion,gt_1_3
MNQ,2025-08-21,2025-08-21 04:00:00+00:00,2025-08-22 03:59:00+00:00,23341.5,23368.25,23119.5,23195.25,1584293,databento_ohlcv_1m,../trading/data/databento_ohlcv_1m/front_1m.parquet,248.75,-146.0,0.5879396984924623,-0.5879396984924623,416.75,309.6125,1.3460373854414793,expansion,neutral,gt_1_3
MNQ,2025-08-22,2025-08-22 04:00:00+00:00,2025-08-22 20:59:00+00:00,23195.5,23650.0,23074.25,23582.75,1430545,databento_ohlcv_1m,../trading/data/databento_ohlcv_1m/front_1m.parquet,575.75,387.5,0.6726009552757273,0.6726009552757273,248.75,310.5375,0.8010304713601416,neutral,expansion,0_7_to_0_9
MNQ,2025-08-24,2025-08-24 22:00:00+00:00,2025-08-25 03:59:00+00:00,23600.0,23610.0,23518.5,23548.0,106122,databento_ohlcv_1m,../trading/data/databento_ohlcv_1m/front_1m.parquet,91.5,-34.75,0.5683060109289617,-0.5683060109289617,575.75,317.025,1.8161028310070184,expansion,compression,gt_1_3
MNQ,2025-08-25,2025-08-25 04:00:00+00:00,2025-08-26 03:59:00+00:00,23547.5,23616.75,23371.25,23451.5,1191129,databento_ohlcv_1m,../trading/data/databento_ohlcv_1m/front_1m.parquet,245.5,-96.5,0.3910386965376782,-0.3910386965376782,91.5,290.775,0.314676296105236,compression,neutral,lt_0_7
MNQ,2025-08-26,2025-08-26 04:00:00+00:00,2025-08-27 03:59:00+00:00,23451.5,23629.0,23415.25,23613.5,1159144,databento_ohlcv_1m,../trading/data/databento_ohlcv_1m/front_1m.parquet,213.75,162.0,0.7578947368421053,0.7578947368421053,245.5,276.225,0.8887682143180378,neutral,compression,0_7_to_0_9
MNQ,2025-08-27,2025-08-27 04:00:00+00:00,2025-08-28 03:59:00+00:00,23613.5,23685.0,23429.0,23575.25,1203003,databento_ohlcv_1m,../trading/data/databento_ohlcv_1m/front_1m.parquet,256.0,-38.25,0.1494140625,-0.1494140625,213.75,278.5625,0.7673322862912273,compression,neutral,0_7_to_0_9
MNQ,2025-08-28,2025-08-28 04:00:00+00:00,2025-08-29 03:59:00+00:00,23575.25,23803.75,23539.0,23727.75,1322216,databento_ohlcv_1m,../trading/data/databento_ohlcv_1m/front_1m.parquet,264.75,152.5,0.5760151085930123,0.5760151085930123,256.0,270.0,0.9481481481481482,neutral,neutral,0_9_to_1_1
MNQ,2025-08-29,2025-08-29 04:00:00+00:00,2025-08-29 20:59:00+00:00,23728.0,23737.0,23401.5,23454.5,1355899,databento_ohlcv_1m,../trading/data/databento_ohlcv_1m/front_1m.parquet,335.5,-273.25,0.8152011922503726,-0.8152011922503726,264.75,265.2875,0.9979738962446402,neutral,expansion,0_9_to_1_1
MNQ,2025-08-31,2025-08-31 22:00:00+00:00,2025-09-01 03:59:00+00:00,23478.5,23555.25,23431.75,23441.75,91933,databento_ohlcv_1m,../trading/data/databento_ohlcv_1m/front_1m.parquet,123.5,-12.75,0.2975708502024291,-0.2975708502024291,335.5,261.8875,1.281084435110496,expansion,compression,1_1_to_1_3
MNQ,2025-09-01,2025-09-01 04:00:00+00:00,2025-09-02 03:59:00+00:00,23442.5,23511.0,23371.5,23437.75,333784,databento_ohlcv_1m,../trading/data/databento_ohlcv_1m/front_1m.parquet,139.5,-4.0,0.034050179211469536,-0.034050179211469536,123.5,251.0,0.49203187250996017,compression,compression,lt_0_7
MNQ,2025-09-02,2025-09-02 04:00:00+00:00,2025-09-03 03:59:00+00:00,23438.0,23452.25,23025.0,23324.5,1741932,databento_ohlcv_1m,../trading/data/databento_ohlcv_1m/front_1m.parquet,427.25,-113.25,0.26565242832065533,-0.26565242832065533,139.5,244.7125,0.5700566991878224,compression,expansion,lt_0_7
MNQ,2025-09-03,2025-09-03 04:00:00+00:00,2025-09-04 03:59:00+00:00,23324.5,23532.5,23308.0,23468.75,1527503,databento_ohlcv_1m,../trading/data/databento_ohlcv_1m/front_1m.parquet,224.5,144.25,0.6425389755011136,0.6425389755011136,427.25,262.4625,1.6278515978473116,expansion,neutral,gt_1_3
MNQ,2025-09-04,2025-09-04 04:00:00+00:00,2025-09-05 03:59:00+00:00,23469.25,23743.25,23410.0,23741.25,1258162,databento_ohlcv_1m,../trading/data/databento_ohlcv_1m/front_1m.parquet,333.25,272.5,0.8162040510127532,0.8162040510127532,224.5,262.8125,0.8542211652794293,neutral,expansion,0_7_to_0_9
MNQ,2025-09-05,2025-09-05 04:00:00+00:00,2025-09-05 20:59:00+00:00,23741.5,23902.5,23505.0,23673.0,1758967,databento_ohlcv_1m,../trading/data/databento_ohlcv_1m/front_1m.parquet,397.5,-68.25,0.17232704402515722,-0.17232704402515722,333.25,260.8875,1.2773705141104883,expansion,expansion,1_1_to_1_3
MNQ,2025-09-07,2025-09-07 22:00:00+00:00,2025-09-08 03:59:00+00:00,23676.5,23792.0,23650.5,23754.5,116885,databento_ohlcv_1m,../trading/data/databento_ohlcv_1m/front_1m.parquet,141.5,81.5,0.5512367491166078,0.5512367491166078,397.5,271.6125,1.4634819826038934,expansion,compression,gt_1_3
MNQ,2025-09-08,2025-09-08 04:00:00+00:00,2025-09-09 03:59:00+00:00,23754.0,23888.0,23726.25,23838.75,1202124,databento_ohlcv_1m,../trading/data/databento_ohlcv_1m/front_1m.parquet,161.75,84.25,0.5239567233384853,0.5239567233384853,141.5,268.075,0.5278373589480556,compression,compression,lt_0_7
MNQ,2025-09-09,2025-09-09 04:00:00+00:00,2025-09-10 03:59:00+00:00,23839.0,23919.75,23726.5,23917.5,1170810,databento_ohlcv_1m,../trading/data/databento_ohlcv_1m/front_1m.parquet,193.25,78.75,0.40620957309184996,0.40620957309184996,161.75,264.7625,0.6109248855105992,compression,compression,lt_0_7
MNQ,2025-09-10,2025-09-10 04:00:00+00:00,2025-09-11 03:59:00+00:00,23917.5,24041.0,23785.0,23913.5,1333689,databento_ohlcv_1m,../trading/data/databento_ohlcv_1m/front_1m.parquet,256.0,-4.0,0.015625,-0.015625,193.25,269.925,0.7159396128554227,compression,neutral,0_7_to_0_9
MNQ,2025-09-11,2025-09-11 04:00:00+00:00,2025-09-12 03:59:00+00:00,23913.5,24048.75,23845.0,24008.5,1148734,databento_ohlcv_1m,../trading/data/databento_ohlcv_1m/front_1m.parquet,203.75,95.0,0.4662576687116564,0.4662576687116564,256.0,275.6625,0.9286718360313789,neutral,compression,0_9_to_1_1
MNQ,2025-09-12,2025-09-12 04:00:00+00:00,2025-09-12 20:59:00+00:00,24008.75,24159.0,23968.75,24114.5,974795,databento_ohlcv_1m,../trading/data/databento_ohlcv_1m/front_1m.parquet,190.25,106.0,0.5558475689881734,0.5558475689881734,203.75,262.5,0.7761904761904762,compression,compression,0_7_to_0_9
MNQ,2025-09-14,2025-09-14 22:00:00+00:00,2025-09-15 03:59:00+00:00,24112.25,24132.5,24091.5,24122.0,38841,databento_ohlcv_1m,../trading/data/databento_ohlcv_1m/front_1m.parquet,41.0,7.5,0.23780487804878048,0.23780487804878048,190.25,251.175,0.7574400318503035,compression,compression,0_7_to_0_9
MNQ,2025-09-15,2025-09-15 04:00:00+00:00,2025-09-16 03:59:00+00:00,24121.25,24587.75,24075.5,24585.25,499276,databento_ohlcv_1m,../trading/data/databento_ohlcv_1m/front_1m.parquet,512.25,463.25,0.9058077110785749,0.9058077110785749,41.0,240.7875,0.17027461973732025,compression,expansion,lt_0_7
MNQ,2025-09-16,2025-09-16 04:00:00+00:00,2025-09-17 03:59:00+00:00,24585.0,24646.75,24499.0,24518.5,762243,databento_ohlcv_1m,../trading/data/databento_ohlcv_1m/front_1m.parquet,147.75,-66.75,0.4500846023688663,-0.4500846023688663,512.25,237.6125,2.155820926929349,expansion,compression,gt_1_3
MNQ,2025-09-17,2025-09-17 04:00:00+00:00,2025-09-18 03:59:00+00:00,24518.75,24644.75,24241.75,24635.5,1363780,databento_ohlcv_1m,../trading/data/databento_ohlcv_1m/front_1m.parquet,403.0,117.0,0.28970223325062033,0.28970223325062033,147.75,240.425,0.6145367578246854,compression,expansion,lt_0_7
MNQ,2025-09-18,2025-09-18 04:00:00+00:00,2025-09-19 03:59:00+00:00,24636.0,24815.75,24586.0,24712.25,1246885,databento_ohlcv_1m,../trading/data/databento_ohlcv_1m/front_1m.parquet,229.75,76.75,0.33188248095756256,0.33188248095756256,403.0,248.3,1.6230366492146595,expansion,neutral,gt_1_3
MNQ,2025-09-19,2025-09-19 04:00:00+00:00,2025-09-19 20:59:00+00:00,24712.5,24888.0,24655.0,24861.25,1043250,databento_ohlcv_1m,../trading/data/databento_ohlcv_1m/front_1m.parquet,233.0,149.0,0.6384120171673819,0.6384120171673819,229.75,249.1,0.9223203532717784,neutral,neutral,0_9_to_1_1
MNQ,2025-09-21,2025-09-21 22:00:00+00:00,2025-09-22 03:59:00+00:00,24851.5,24876.0,24826.75,24859.0,74783,databento_ohlcv_1m,../trading/data/databento_ohlcv_1m/front_1m.parquet,49.25,-2.25,0.15228426395939088,0.15228426395939088,233.0,247.95,0.9397055858035894,neutral,compression,0_9_to_1_1
MNQ,2025-09-22,2025-09-22 04:00:00+00:00,2025-09-23 03:59:00+00:00,24859.0,25027.25,24748.5,25002.5,1030224,databento_ohlcv_1m,../trading/data/databento_ohlcv_1m/front_1m.parquet,278.75,143.5,0.5147982062780269,0.5147982062780269,49.25,237.175,0.2076525772109202,compression,neutral,lt_0_7
MNQ,2025-09-23,2025-09-23 04:00:00+00:00,2025-09-24 03:59:00+00:00,25003.0,25026.25,24779.25,24837.0,1259107,databento_ohlcv_1m,../trading/data/databento_ohlcv_1m/front_1m.parquet,247.0,-165.5,0.6720647773279352,-0.6720647773279352,278.75,234.3375,1.1895236571184722,neutral,neutral,1_1_to_1_3
MNQ,2025-09-24,2025-09-24 04:00:00+00:00,2025-09-25 03:59:00+00:00,24837.25,24913.25,24628.0,24786.0,1254976,databento_ohlcv_1m,../trading/data/databento_ohlcv_1m/front_1m.parquet,285.25,-51.0,0.1796669588080631,-0.1796669588080631,247.0,240.5125,1.0269736500181903,neutral,neutral,0_9_to_1_1
MNQ,2025-09-25,2025-09-25 04:00:00+00:00,2025-09-26 03:59:00+00:00,24785.25,24788.0,24422.0,24594.25,1834731,databento_ohlcv_1m,../trading/data/databento_ohlcv_1m/front_1m.parquet,366.0,-191.75,0.5218579234972678,-0.5218579234972678,285.25,247.8,1.1511299435028248,neutral,expansion,1_1_to_1_3
MNQ,2025-09-26,2025-09-26 04:00:00+00:00,2025-09-26 20:59:00+00:00,24593.75,24747.25,24520.0,24727.5,1477576,databento_ohlcv_1m,../trading/data/databento_ohlcv_1m/front_1m.parquet,227.25,133.25,0.5885588558855885,0.5885588558855885,366.0,244.7375,1.495479850860616,expansion,neutral,gt_1_3
MNQ,2025-09-28,2025-09-28 22:00:00+00:00,2025-09-29 03:59:00+00:00,24727.25,24818.0,24723.75,24814.5,88473,databento_ohlcv_1m,../trading/data/databento_ohlcv_1m/front_1m.parquet,94.25,87.0,0.9257294429708223,0.9257294429708223,227.25,244.875,0.9280245022970903,neutral,compression,0_9_to_1_1
MNQ,2025-09-29,2025-09-29 04:00:00+00:00,2025-09-30 03:59:00+00:00,24814.75,24975.0,24780.5,24842.5,1252734,databento_ohlcv_1m,../trading/data/databento_ohlcv_1m/front_1m.parquet,194.5,28.0,0.14267352185089974,0.14267352185089974,94.25,232.925,0.40463668562842114,compression,neutral,lt_0_7
MNQ,2025-09-30,2025-09-30 04:00:00+00:00,2025-10-01 03:59:00+00:00,24842.75,24913.75,24722.5,24772.25,1501550,databento_ohlcv_1m,../trading/data/databento_ohlcv_1m/front_1m.parquet,191.25,-70.25,0.3686274509803922,-0.3686274509803922,194.5,222.775,0.8730782179328919,neutral,neutral,0_7_to_0_9
MNQ,2025-10-01,2025-10-01 04:00:00+00:00,2025-10-02 03:59:00+00:00,24772.25,25076.75,24633.75,25064.0,1318064,databento_ohlcv_1m,../trading/data/databento_ohlcv_1m/front_1m.parquet,443.0,291.75,0.6585778781038375,0.6585778781038375,191.25,225.2625,0.8490094889295822,neutral,expansion,0_7_to_0_9
MNQ,2025-10-02,2025-10-02 04:00:00+00:00,2025-10-03 03:59:00+00:00,25063.75,25180.0,24993.75,25169.75,1267184,databento_ohlcv_1m,../trading/data/databento_ohlcv_1m/front_1m.parquet,186.25,105.75,0.5691275167785235,0.5691275167785235,443.0,239.325,1.8510393815940667,expansion,compression,gt_1_3
MNQ,2025-10-03,2025-10-03 04:00:00+00:00,2025-10-03 20:59:00+00:00,25170.0,25197.0,24923.0,24981.5,1322434,databento_ohlcv_1m,../trading/data/databento_ohlcv_1m/front_1m.parquet,274.0,-188.25,0.6879562043795621,-0.6879562043795621,186.25,238.975,0.7793702270111936,compression,neutral,0_7_to_0_9
MNQ,2025-10-05,2025-10-05 22:00:00+00:00,2025-10-06 03:59:00+00:00,24994.0,25098.75,24994.0,25088.75,84031,databento_ohlcv_1m,../trading/data/databento_ohlcv_1m/front_1m.parquet,104.75,107.25,0.9045346062052506,0.9045346062052506,274.0,239.875,1.1422615945805106,neutral,compression,1_1_to_1_3
MNQ,2025-10-06,2025-10-06 04:00:00+00:00,2025-10-07 03:59:00+00:00,25088.5,25253.0,25045.0,25159.25,1120641,databento_ohlcv_1m,../trading/data/databento_ohlcv_1m/front_1m.parquet,208.0,70.5,0.3401442307692308,0.3401442307692308,104.75,234.925,0.4458869852080451,compression,neutral,lt_0_7
MNQ,2025-10-07,2025-10-07 04:00:00+00:00,2025-10-08 03:59:00+00:00,25158.75,25274.75,24985.25,25086.75,1491006,databento_ohlcv_1m,../trading/data/databento_ohlcv_1m/front_1m.parquet,289.5,-72.5,0.24870466321243523,-0.24870466321243523,208.0,235.8125,0.8820567187914127,neutral,neutral,0_7_to_0_9
MNQ,2025-10-08,2025-10-08 04:00:00+00:00,2025-10-09 03:59:00+00:00,25086.25,25393.0,25026.25,25327.0,1165533,databento_ohlcv_1m,../trading/data/databento_ohlcv_1m/front_1m.parquet,366.75,240.25,0.656441717791411,0.656441717791411,289.5,248.2375,1.1662218641422024,neutral,expansion,1_1_to_1_3
MNQ,2025-10-09,2025-10-09 04:00:00+00:00,2025-10-10 03:59:00+00:00,25327.25,25368.0,25160.75,25317.25,1378436,databento_ohlcv_1m,../trading/data/databento_ohlcv_1m/front_1m.parquet,207.25,-9.75,0.04825090470446321,-0.04825090470446321,366.75,240.9625,1.5220210613684702,expansion,neutral,gt_1_3
MNQ,2025-10-10,2025-10-10 04:00:00+00:00,2025-10-10 20:59:00+00:00,25317.25,25388.0,24157.75,24188.25,2341848,databento_ohlcv_1m,../trading/data/databento_ohlcv_1m/front_1m.parquet,1230.25,-1129.0,0.9176996545417598,-0.9176996545417598,207.25,243.9375,0.8496028695874968,neutral,expansion,0_7_to_0_9
MNQ,2025-10-12,2025-10-12 22:00:00+00:00,2025-10-13 03:59:00+00:00,24482.0,24855.75,24482.0,24777.5,287994,databento_ohlcv_1m,../trading/data/databento_ohlcv_1m/front_1m.parquet,373.75,589.25,0.7906354515050167,0.7906354515050167,1230.25,285.3,4.312127584998247,expansion,expansion,gt_1_3
MNQ,2025-10-13,2025-10-13 04:00:00+00:00,2025-10-14 03:59:00+00:00,24777.25,25044.5,24724.5,24911.75,1846159,databento_ohlcv_1m,../trading/data/databento_ohlcv_1m/front_1m.parquet,320.0,134.25,0.4203125,0.4203125,373.75,292.5,1.2777777777777777,expansion,neutral,1_1_to_1_3
MNQ,2025-10-14,2025-10-14 04:00:00+00:00,2025-10-15 03:59:00+00:00,24911.5,24947.25,24423.25,24809.0,2328851,databento_ohlcv_1m,../trading/data/databento_ohlcv_1m/front_1m.parquet,524.0,-102.75,0.19561068702290077,-0.19561068702290077,320.0,296.85,1.077985514569648,neutral,expansion,0_9_to_1_1
MNQ,2025-10-15,2025-10-15 04:00:00+00:00,2025-10-16 03:59:00+00:00,24809.0,25117.75,24663.5,24915.75,2124284,databento_ohlcv_1m,../trading/data/databento_ohlcv_1m/front_1m.parquet,454.25,106.75,0.23500275178866262,0.23500275178866262,524.0,320.5875,1.634499161695325,expansion,expansion,gt_1_3
MNQ,2025-10-16,2025-10-16 04:00:00+00:00,2025-10-17 03:59:00+00:00,24915.25,25179.75,24643.25,24731.75,2640817,databento_ohlcv_1m,../trading/data/databento_ohlcv_1m/front_1m.parquet,536.5,-184.0,0.34203168685927304,-0.34203168685927304,454.25,329.3625,1.3791794755019164,expansion,expansion,gt_1_3
MNQ,2025-10-17,2025-10-17 04:00:00+00:00,2025-10-17 20:59:00+00:00,24732.0,25054.25,24410.25,25033.0,2363497,databento_ohlcv_1m,../trading/data/databento_ohlcv_1m/front_1m.parquet,644.0,301.25,0.4673913043478261,0.4673913043478261,536.5,343.8375,1.560330097793289,expansion,expansion,gt_1_3
MNQ,2025-10-19,2025-10-19 22:00:00+00:00,2025-10-20 03:59:00+00:00,25067.0,25100.0,24956.0,25095.0,170758,databento_ohlcv_1m,../trading/data/databento_ohlcv_1m/front_1m.parquet,144.0,62.0,0.19444444444444445,0.19444444444444445,644.0,361.775,1.780111948033999,expansion,compression,gt_1_3
MNQ,2025-10-20,2025-10-20 04:00:00+00:00,2025-10-21 03:59:00+00:00,25095.5,25368.0,25037.25,25329.75,1241993,databento_ohlcv_1m,../trading/data/databento_ohlcv_1m/front_1m.parquet,330.75,234.75,0.7082388510959939,0.7082388510959939,144.0,350.675,0.4106366293576673,compression,neutral,lt_0_7
MNQ,2025-10-21,2025-10-21 04:00:00+00:00,2025-10-22 03:59:00+00:00,25329.5,25347.5,25203.0,25290.5,1391776,databento_ohlcv_1m,../trading/data/databento_ohlcv_1m/front_1m.parquet,144.5,-39.25,0.2698961937716263,-0.2698961937716263,330.75,355.85,0.9294646620767176,neutral,compression,0_9_to_1_1
MNQ,2025-10-22,2025-10-22 04:00:00+00:00,2025-10-23 03:59:00+00:00,25290.75,25338.5,24805.25,25086.25,2124868,databento_ohlcv_1m,../trading/data/databento_ohlcv_1m/front_1m.parquet,533.25,-204.25,0.383497421472105,-0.383497421472105,144.5,358.3625,0.4032229934772751,compression,expansion,lt_0_7
MNQ,2025-10-23,2025-10-23 04:00:00+00:00,2025-10-24 03:59:00+00:00,25086.25,25330.0,24933.25,25328.75,1478193,databento_ohlcv_1m,../trading/data/databento_ohlcv_1m/front_1m.parquet,396.75,242.5,0.6112161310649024,0.6112161310649024,533.25,375.3,1.420863309352518,expansion,neutral,gt_1_3
MNQ,2025-10-24,2025-10-24 04:00:00+00:00,2025-10-24 20:59:00+00:00,25328.75,25569.0,25319.75,25510.25,1160332,databento_ohlcv_1m,../trading/data/databento_ohlcv_1m/front_1m.parquet,249.25,181.5,0.728184553660983,0.728184553660983,396.75,385.575,1.0289826881929587,neutral,compression,0_9_to_1_1
MNQ,2025-10-26,2025-10-26 22:00:00+00:00,2025-10-27 03:59:00+00:00,25698.5,25788.0,25698.5,25761.25,122697,databento_ohlcv_1m,../trading/data/databento_ohlcv_1m/front_1m.parquet,89.5,251.0,0.7011173184357542,0.7011173184357542,249.25,375.8875,0.6630973363040804,compression,compression,lt_0_7
MNQ,2025-10-27,2025-10-27 04:00:00+00:00,2025-10-28 03:59:00+00:00,25760.75,26026.0,25753.0,25982.25,930424,databento_ohlcv_1m,../trading/data/databento_ohlcv_1m/front_1m.parquet,273.0,221.0,0.8113553113553114,0.8113553113553114,89.5,371.05,0.2412073844495351,compression,compression,lt_0_7
MNQ,2025-10-28,2025-10-28 04:00:00+00:00,2025-10-29 03:59:00+00:00,25981.25,26252.75,25942.25,26245.0,1171565,databento_ohlcv_1m,../trading/data/databento_ohlcv_1m/front_1m.parquet,310.5,262.75,0.8494363929146538,0.8494363929146538,273.0,371.0,0.7358490566037735,compression,neutral,0_7_to_0_9
MNQ,2025-10-29,2025-10-29 04:00:00+00:00,2025-10-30 03:59:00+00:00,26244.5,26399.5,26047.5,26377.75,1748127,databento_ohlcv_1m,../trading/data/databento_ohlcv_1m/front_1m.parquet,352.0,132.75,0.37855113636363635,0.37855113636363635,310.5,381.2875,0.8143461298888633,neutral,neutral,0_7_to_0_9
MNQ,2025-10-30,2025-10-30 04:00:00+00:00,2025-10-31 03:59:00+00:00,26378.0,26382.75,25853.0,26192.25,2060868,databento_ohlcv_1m,../trading/data/databento_ohlcv_1m/front_1m.parquet,529.75,-185.5,0.3506370929683813,-0.3506370929683813,352.0,388.4875,0.9060780591396119,neutral,expansion,0_9_to_1_1
MNQ,2025-10-31,2025-10-31 04:00:00+00:00,2025-10-31 20:59:00+00:00,26190.75,26273.0,25887.75,25983.75,1650908,databento_ohlcv_1m,../trading/data/databento_ohlcv_1m/front_1m.parquet,385.25,-208.5,0.5373134328358209,-0.5373134328358209,529.75,400.5,1.322721598002497,expansion,neutral,gt_1_3
MNQ,2025-11-02,2025-11-02 23:00:00+00:00,2025-11-03 04:59:00+00:00,26026.0,26123.0,26012.5,26084.5,119109,databento_ohlcv_1m,../trading/data/databento_ohlcv_1m/front_1m.parquet,110.5,100.75,0.5294117647058824,0.5294117647058824,385.25,401.425,0.9597060472068256,neutral,compression,0_9_to_1_1
MNQ,2025-11-03,2025-11-03 05:00:00+00:00,2025-11-04 04:59:00+00:00,26084.25,26265.75,25905.75,25922.75,1462539,databento_ohlcv_1m,../trading/data/databento_ohlcv_1m/front_1m.parquet,360.0,-161.75,0.4486111111111111,-0.4486111111111111,110.5,396.5875,0.2786270369086267,compression,neutral,lt_0_7
MNQ,2025-11-04,2025-11-04 05:00:00+00:00,2025-11-05 04:59:00+00:00,25923.5,25927.0,25282.75,25465.25,2220519,databento_ohlcv_1m,../trading/data/databento_ohlcv_1m/front_1m.parquet,644.25,-457.5,0.7112922002328289,-0.7112922002328289,360.0,353.075,1.0196133965871275,neutral,expansion,0_9_to_1_1
MNQ,2025-11-05,2025-11-05 05:00:00+00:00,2025-11-06 04:59:00+00:00,25465.5,25878.5,25403.75,25738.75,1601554,databento_ohlcv_1m,../trading/data/databento_ohlcv_1m/front_1m.parquet,474.75,273.5,0.5755660874144286,0.5755660874144286,644.25,366.6,1.7573649754500817,expansion,expansion,gt_1_3
MNQ,2025-11-06,2025-11-06 05:00:00+00:00,2025-11-07 04:59:00+00:00,25738.5,25823.75,25162.0,25250.5,2335890,databento_ohlcv_1m,../trading/data/databento_ohlcv_1m/front_1m.parquet,661.75,-488.25,0.7374386097468832,-0.7374386097468832,474.75,374.3375,1.2682405583196983,expansion,expansion,1_1_to_1_3
MNQ,2025-11-07,2025-11-07 05:00:00+00:00,2025-11-07 21:59:00+00:00,25249.75,25354.75,24709.0,25227.25,2314188,databento_ohlcv_1m,../trading/data/databento_ohlcv_1m/front_1m.parquet,645.75,-23.25,0.03484320557491289,-0.03484320557491289,661.75,381.225,1.7358515312479506,expansion,expansion,gt_1_3
MNQ,2025-11-09,2025-11-09 23:00:00+00:00,2025-11-10 04:59:00+00:00,25319.75,25488.5,25268.75,25466.25,226728,databento_ohlcv_1m,../trading/data/databento_ohlcv_1m/front_1m.parquet,219.75,239.0,0.6666666666666666,0.6666666666666666,645.75,390.8,1.652379733879222,expansion,compression,gt_1_3
MNQ,2025-11-10,2025-11-10 05:00:00+00:00,2025-11-11 04:59:00+00:00,25466.75,25768.75,25452.25,25690.25,1672666,databento_ohlcv_1m,../trading/data/databento_ohlcv_1m/front_1m.parquet,316.5,224.0,0.7061611374407583,0.7061611374407583,219.75,374.9625,0.5860586058605861,compression,neutral,lt_0_7
MNQ,2025-11-11,2025-11-11 05:00:00+00:00,2025-11-12 04:59:00+00:00,25690.75,25761.0,25478.5,25715.5,1572342,databento_ohlcv_1m,../trading/data/databento_ohlcv_1m/front_1m.parquet,282.5,25.25,0.08761061946902655,0.08761061946902655,316.5,358.5875,0.8826297626102416,neutral,compression,0_7_to_0_9
MNQ,2025-11-12,2025-11-12 05:00:00+00:00,2025-11-13 04:59:00+00:00,25715.5,25830.5,25488.75,25689.0,1866083,databento_ohlcv_1m,../trading/data/databento_ohlcv_1m/front_1m.parquet,341.75,-26.5,0.07754206291148501,-0.07754206291148501,282.5,365.5125,0.7728873841523888,compression,neutral,0_7_to_0_9
MNQ,2025-11-13,2025-11-13 05:00:00+00:00,2025-11-14 04:59:00+00:00,25689.25,25721.75,25002.0,25036.0,2539062,databento_ohlcv_1m,../trading/data/databento_ohlcv_1m/front_1m.parquet,719.75,-653.0,0.9076068079194165,-0.9076068079194165,341.75,366.0625,0.933583745945023,neutral,expansion,0_9_to_1_1
MNQ,2025-11-14,2025-11-14 05:00:00+00:00,2025-11-14 21:59:00+00:00,25036.0,25293.5,24626.0,25147.5,2521843,databento_ohlcv_1m,../trading/data/databento_ohlcv_1m/front_1m.parquet,667.5,111.5,0.16704119850187266,0.16704119850187266,719.75,394.825,1.822959539036282,expansion,expansion,gt_1_3
MNQ,2025-11-16,2025-11-16 23:00:00+00:00,2025-11-17 04:59:00+00:00,25144.0,25284.75,25021.5,25275.0,243821,databento_ohlcv_1m,../trading/data/databento_ohlcv_1m/front_1m.parquet,263.25,127.5,0.4976258309591643,0.4976258309591643,667.5,401.5375,1.6623603025869313,expansion,compression,gt_1_3
MNQ,2025-11-17,2025-11-17 05:00:00+00:00,2025-11-18 04:59:00+00:00,25275.0,25362.0,24607.5,24730.25,2669968,databento_ohlcv_1m,../trading/data/databento_ohlcv_1m/front_1m.parquet,754.5,-544.75,0.722001325381047,-0.722001325381047,263.25,394.8625,0.666687771059546,compression,expansion,lt_0_7
MNQ,2025-11-18,2025-11-18 05:00:00+00:00,2025-11-19 04:59:00+00:00,24730.25,24859.75,24380.0,24521.75,3043834,databento_ohlcv_1m,../trading/data/databento_ohlcv_1m/front_1m.parquet,479.75,-208.5,0.4346013548723293,-0.4346013548723293,754.5,420.125,1.7958940791431122,expansion,neutral,gt_1_3
MNQ,2025-11-19,2025-11-19 05:00:00+00:00,2025-11-20 04:59:00+00:00,24522.25,25196.25,24446.5,25186.75,2815444,databento_ohlcv_1m,../trading/data/databento_ohlcv_1m/front_1m.parquet,749.75,665.0,0.8862954318106036,0.8862954318106036,479.75,439.6375,1.0912399419976686,neutral,expansion,0_9_to_1_1
MNQ,2025-11-20,2025-11-20 05:00:00+00:00,2025-11-21 04:59:00+00:00,25186.5,25310.0,24018.0,24170.75,3311339,databento_ohlcv_1m,../trading/data/databento_ohlcv_1m/front_1m.parquet,1292.0,-1016.0,0.7861842105263158,-0.7861842105263158,749.75,463.475,1.6176708560332271,expansion,expansion,gt_1_3
MNQ,2025-11-21,2025-11-21 05:00:00+00:00,2025-11-21 21:59:00+00:00,24170.25,24596.5,23904.0,24349.25,2656194,databento_ohlcv_1m,../trading/data/databento_ohlcv_1m/front_1m.parquet,692.5,178.5,0.2584837545126354,0.2584837545126354,1292.0,512.55,2.5207296849087895,expansion,expansion,gt_1_3
MNQ,2025-11-23,2025-11-23 23:00:00+00:00,2025-11-24 04:59:00+00:00,24449.75,24536.25,24404.0,24452.5,213198,databento_ohlcv_1m,../trading/data/databento_ohlcv_1m/front_1m.parquet,132.25,103.25,0.020793950850661626,0.020793950850661626,692.5,529.575,1.3076523627437096,expansion,compression,gt_1_3
MNQ,2025-11-24,2025-11-24 05:00:00+00:00,2025-11-25 04:59:00+00:00,24452.0,24993.25,24361.25,24934.25,1830355,databento_ohlcv_1m,../trading/data/databento_ohlcv_1m/front_1m.parquet,632.0,481.75,0.7630537974683544,0.7630537974683544,132.25,509.7,0.25946635275652347,compression,expansion,lt_0_7
MNQ,2025-11-25,2025-11-25 05:00:00+00:00,2025-11-26 04:59:00+00:00,24934.5,25196.5,24602.0,25168.75,2091408,databento_ohlcv_1m,../trading/data/databento_ohlcv_1m/front_1m.parquet,594.5,234.5,0.3940285954583684,0.3940285954583684,632.0,522.0375,1.2106409980125947,expansion,neutral,1_1_to_1_3
MNQ,2025-11-26,2025-11-26 05:00:00+00:00,2025-11-27 04:59:00+00:00,25168.0,25375.5,25118.75,25325.0,1614288,databento_ohlcv_1m,../trading/data/databento_ohlcv_1m/front_1m.parquet,256.75,156.25,0.611489776046738,0.611489776046738,594.5,546.2375,1.088354424586375,neutral,compression,0_9_to_1_1
MNQ,2025-11-27,2025-11-27 05:00:00+00:00,2025-11-28 02:44:00+00:00,25325.0,25366.0,25285.75,25345.0,193530,databento_ohlcv_1m,../trading/data/databento_ohlcv_1m/front_1m.parquet,80.25,20.0,0.24922118380062305,0.24922118380062305,256.75,541.075,0.474518320011089,compression,compression,lt_0_7
MNQ,2025-11-28,2025-11-28 13:30:00+00:00,2025-11-28 18:14:00+00:00,25363.25,25500.25,25329.5,25484.75,322782,databento_ohlcv_1m,../trading/data/databento_ohlcv_1m/front_1m.parquet,170.75,139.75,0.7115666178623719,0.7115666178623719,80.25,512.875,0.1564708749695345,compression,compression,lt_0_7
MNQ,2025-11-30,2025-11-30 23:00:00+00:00,2025-12-01 04:59:00+00:00,25484.0,25542.25,25227.25,25230.25,283215,databento_ohlcv_1m,../trading/data/databento_ohlcv_1m/front_1m.parquet,315.0,-254.5,0.8055555555555556,-0.8055555555555556,170.75,497.675,0.3430953935801477,compression,compression,lt_0_7
MNQ,2025-12-01,2025-12-01 05:00:00+00:00,2025-12-02 04:59:00+00:00,25230.75,25495.75,25193.5,25372.0,1677287,databento_ohlcv_1m,../trading/data/databento_ohlcv_1m/front_1m.parquet,302.25,141.75,0.46732837055417703,0.46732837055417703,315.0,480.3375,0.6557888984307909,compression,compression,lt_0_7
MNQ,2025-12-02,2025-12-02 05:00:00+00:00,2025-12-03 04:59:00+00:00,25372.25,25677.25,25324.0,25659.75,1801841,databento_ohlcv_1m,../trading/data/databento_ohlcv_1m/front_1m.parquet,353.25,287.75,0.8138711960368011,0.8138711960368011,302.25,463.1625,0.652578738563679,compression,compression,lt_0_7
MNQ,2025-12-03,2025-12-03 05:00:00+00:00,2025-12-04 04:59:00+00:00,25659.75,25685.75,25420.75,25640.0,1554440,databento_ohlcv_1m,../trading/data/databento_ohlcv_1m/front_1m.parquet,265.0,-19.75,0.07452830188679245,-0.07452830188679245,353.25,469.8375,0.7518556947880917,compression,compression,0_7_to_0_9
MNQ,2025-12-04,2025-12-04 05:00:00+00:00,2025-12-05 04:59:00+00:00,25639.75,25732.5,25487.0,25712.25,1623245,databento_ohlcv_1m,../trading/data/databento_ohlcv_1m/front_1m.parquet,245.5,72.25,0.2953156822810591,0.2953156822810591,265.0,467.2625,0.5671330354993178,compression,compression,lt_0_7
MNQ,2025-12-05,2025-12-05 05:00:00+00:00,2025-12-05 21:59:00+00:00,25711.75,25867.75,25579.0,25735.0,1432660,databento_ohlcv_1m,../trading/data/databento_ohlcv_1m/front_1m.parquet,288.75,22.75,0.08051948051948052,0.08051948051948052,245.5,465.4125,0.5274890554078371,compression,compression,lt_0_7
MNQ,2025-12-07,2025-12-07 23:00:00+00:00,2025-12-08 04:59:00+00:00,25748.5,25803.25,25700.0,25799.0,98839,databento_ohlcv_1m,../trading/data/databento_ohlcv_1m/front_1m.parquet,103.25,64.0,0.4891041162227603,0.4891041162227603,288.75,462.7625,0.6239701790875449,compression,compression,lt_0_7
MNQ,2025-12-08,2025-12-08 05:00:00+00:00,2025-12-09 04:59:00+00:00,25799.0,25860.75,25563.75,25687.25,1386354,databento_ohlcv_1m,../trading/data/databento_ohlcv_1m/front_1m.parquet,297.0,-111.75,0.37626262626262624,-0.37626262626262624,103.25,431.9375,0.23903921284908117,compression,compression,lt_0_7
MNQ,2025-12-09,2025-12-09 05:00:00+00:00,2025-12-10 04:59:00+00:00,25688.0,25738.5,25560.0,25694.0,1185924,databento_ohlcv_1m,../trading/data/databento_ohlcv_1m/front_1m.parquet,178.5,6.75,0.03361344537815126,0.03361344537815126,297.0,413.4125,0.7184107882562816,compression,compression,0_7_to_0_9
MNQ,2025-12-10,2025-12-10 05:00:00+00:00,2025-12-11 04:59:00+00:00,25693.5,25869.75,25382.0,25508.5,1869254,databento_ohlcv_1m,../trading/data/databento_ohlcv_1m/front_1m.parquet,487.75,-185.5,0.37929267042542286,-0.37929267042542286,178.5,409.175,0.4362436610252337,compression,expansion,lt_0_7
MNQ,2025-12-11,2025-12-11 05:00:00+00:00,2025-12-12 04:59:00+00:00,25508.5,25862.5,25390.25,25659.0,1820758,databento_ohlcv_1m,../trading/data/databento_ohlcv_1m/front_1m.parquet,472.25,150.5,0.31868713605082055,0.31868713605082055,487.75,395.8375,1.232197555815202,expansion,neutral,1_1_to_1_3
MNQ,2025-12-12,2025-12-12 05:00:00+00:00,2025-12-12 21:59:00+00:00,25658.75,25704.5,25117.75,25203.0,2074725,databento_ohlcv_1m,../trading/data/databento_ohlcv_1m/front_1m.parquet,586.75,-456.0,0.7767362590541116,-0.7767362590541116,472.25,395.4625,1.19417138161014,neutral,expansion,1_1_to_1_3
MNQ,2025-12-14,2025-12-14 23:00:00+00:00,2025-12-15 04:59:00+00:00,25214.5,25284.0,25131.25,25269.0,95063,databento_ohlcv_1m,../trading/data/databento_ohlcv_1m/front_1m.parquet,152.75,66.0,0.3567921440261866,0.3567921440261866,586.75,387.3125,1.5149265773761498,expansion,compression,gt_1_3
MNQ,2025-12-15,2025-12-15 05:00:00+00:00,2025-12-16 04:59:00+00:00,25268.75,25410.0,25034.5,25164.0,956840,databento_ohlcv_1m,../trading/data/databento_ohlcv_1m/front_1m.parquet,375.5,-105.0,0.2789613848202397,-0.2789613848202397,152.75,330.35,0.4623883759648857,compression,neutral,lt_0_7
MNQ,2025-12-16,2025-12-16 05:00:00+00:00,2025-12-17 04:59:00+00:00,25162.5,25444.0,25073.75,25314.0,1681800,databento_ohlcv_1m,../trading/data/databento_ohlcv_1m/front_1m.parquet,370.25,150.0,0.4091829844699527,0.4091829844699527,375.5,314.5,1.1939586645468998,neutral,neutral,1_1_to_1_3
MNQ,2025-12-17,2025-12-17 05:00:00+00:00,2025-12-18 04:59:00+00:00,25314.25,25508.0,24887.75,24987.5,1827196,databento_ohlcv_1m,../trading/data/databento_ohlcv_1m/front_1m.parquet,620.25,-326.5,0.5268037081821846,-0.5268037081821846,370.25,326.4,1.1343443627450982,neutral,expansion,1_1_to_1_3
MNQ,2025-12-18,2025-12-18 05:00:00+00:00,2025-12-19 04:59:00+00:00,24988.0,25417.0,24953.75,25306.5,1869508,databento_ohlcv_1m,../trading/data/databento_ohlcv_1m/front_1m.parquet,463.25,319.0,0.6875337290879655,0.6875337290879655,620.25,325.8125,1.903702282754652,expansion,expansion,gt_1_3
MNQ,2025-12-19,2025-12-19 05:00:00+00:00,2025-12-19 21:59:00+00:00,25305.25,25601.0,25266.75,25598.25,1236667,databento_ohlcv_1m,../trading/data/databento_ohlcv_1m/front_1m.parquet,334.25,291.75,0.8765893792071803,0.8765893792071803,463.25,319.25,1.4510571652310102,expansion,neutral,gt_1_3
MNQ,2025-12-21,2025-12-21 23:00:00+00:00,2025-12-22 04:59:00+00:00,25635.0,25699.75,25631.5,25680.25,99844,databento_ohlcv_1m,../trading/data/databento_ohlcv_1m/front_1m.parquet,68.25,82.0,0.663003663003663,0.663003663003663,334.25,323.125,1.0344294003868473,neutral,compression,0_9_to_1_1
MNQ,2025-12-22,2025-12-22 05:00:00+00:00,2025-12-23 04:59:00+00:00,25681.0,25795.0,25629.5,25689.0,1017685,databento_ohlcv_1m,../trading/data/databento_ohlcv_1m/front_1m.parquet,165.5,8.75,0.04833836858006042,0.04833836858006042,68.25,322.525,0.2116115029842648,compression,compression,lt_0_7
MNQ,2025-12-23,2025-12-23 05:00:00+00:00,2025-12-24 04:59:00+00:00,25688.5,25825.75,25608.5,25781.0,881508,databento_ohlcv_1m,../trading/data/databento_ohlcv_1m/front_1m.parquet,217.25,92.0,0.42577675489067895,0.42577675489067895,165.5,322.2625,0.5135564950932858,compression,compression,lt_0_7
MNQ,2025-12-24,2025-12-24 05:00:00+00:00,2025-12-24 18:14:00+00:00,25781.25,25892.25,25777.5,25861.75,377506,databento_ohlcv_1m,../trading/data/databento_ohlcv_1m/front_1m.parquet,114.75,80.75,0.7015250544662309,0.7015250544662309,217.25,317.375,0.6845214651437573,compression,compression,lt_0_7
MNQ,2025-12-25,2025-12-25 23:00:00+00:00,2025-12-26 04:59:00+00:00,25870.0,25916.5,25862.0,25878.75,48342,databento_ohlcv_1m,../trading/data/databento_ohlcv_1m/front_1m.parquet,54.5,17.0,0.16055045871559634,0.16055045871559634,114.75,308.0,0.37256493506493504,compression,compression,lt_0_7
MNQ,2025-12-26,2025-12-26 05:00:00+00:00,2025-12-26 21:59:00+00:00,25879.0,25935.0,25834.25,25857.0,607661,databento_ohlcv_1m,../trading/data/databento_ohlcv_1m/front_1m.parquet,100.75,-21.75,0.21836228287841192,-0.21836228287841192,54.5,293.0625,0.18596715717637022,compression,compression,lt_0_7
MNQ,2025-12-28,2025-12-28 23:00:00+00:00,2025-12-29 04:59:00+00:00,25869.0,25893.5,25824.25,25855.75,87726,databento_ohlcv_1m,../trading/data/databento_ohlcv_1m/front_1m.parquet,69.25,-1.25,0.19133574007220217,-0.19133574007220217,100.75,284.85,0.3536949271546428,compression,compression,lt_0_7
MNQ,2025-12-29,2025-12-29 05:00:00+00:00,2025-12-30 04:59:00+00:00,25856.0,25856.25,25647.75,25749.0,1086021,databento_ohlcv_1m,../trading/data/databento_ohlcv_1m/front_1m.parquet,208.5,-106.75,0.513189448441247,-0.513189448441247,69.25,276.0375,0.2508717112711135,compression,compression,lt_0_7
MNQ,2025-12-30,2025-12-30 05:00:00+00:00,2025-12-31 04:59:00+00:00,25749.0,25794.0,25588.0,25616.25,922777,databento_ohlcv_1m,../trading/data/databento_ohlcv_1m/front_1m.parquet,206.0,-132.75,0.6444174757281553,-0.6444174757281553,208.5,272.025,0.7664736696994762,compression,compression,0_7_to_0_9
MNQ,2025-12-31,2025-12-31 05:00:00+00:00,2025-12-31 21:59:00+00:00,25616.5,25718.25,25426.5,25434.5,924741,databento_ohlcv_1m,../trading/data/databento_ohlcv_1m/front_1m.parquet,291.75,-181.75,0.62382176520994,-0.62382176520994,206.0,277.1625,0.7432462905335318,compression,,0_7_to_0_9
NQ,2023-01-02,2023-01-02 23:00:00+00:00,2023-01-03 04:59:00+00:00,11122.5,11150.0,10952.0,11022.0,38003,databento_ohlcv_1m,../trading/data/databento_ohlcv_1m/front_1m.parquet,198.0,,0.5075757575757576,-0.5075757575757576,,,,unclassified,unclassified,
NQ,2023-01-03,2023-01-03 05:00:00+00:00,2023-01-04 04:59:00+00:00,11022.25,11182.0,10844.75,10983.5,632295,databento_ohlcv_1m,../trading/data/databento_ohlcv_1m/front_1m.parquet,337.25,-38.5,0.11489992587101557,-0.11489992587101557,198.0,,,unclassified,unclassified,
NQ,2023-01-04,2023-01-04 05:00:00+00:00,2023-01-05 04:59:00+00:00,10983.0,11068.5,10863.5,10983.75,753670,databento_ohlcv_1m,../trading/data/databento_ohlcv_1m/front_1m.parquet,205.0,0.25,0.003658536585365854,0.003658536585365854,337.25,,,unclassified,unclassified,
NQ,2023-01-05,2023-01-05 05:00:00+00:00,2023-01-06 04:59:00+00:00,10983.0,11046.75,10805.0,10874.5,682449,databento_ohlcv_1m,../trading/data/databento_ohlcv_1m/front_1m.parquet,241.75,-109.25,0.44881075491209926,-0.44881075491209926,205.0,,,unclassified,unclassified,
NQ,2023-01-06,2023-01-06 05:00:00+00:00,2023-01-06 21:59:00+00:00,10874.25,11165.75,10751.0,11108.75,710962,databento_ohlcv_1m,../trading/data/databento_ohlcv_1m/front_1m.parquet,414.75,234.25,0.5654008438818565,0.5654008438818565,241.75,,,unclassified,unclassified,
NQ,2023-01-08,2023-01-08 23:00:00+00:00,2023-01-09 04:59:00+00:00,11126.5,11178.0,11123.25,11174.0,24140,databento_ohlcv_1m,../trading/data/databento_ohlcv_1m/front_1m.parquet,54.75,65.25,0.867579908675799,0.867579908675799,414.75,,,unclassified,unclassified,
NQ,2023-01-09,2023-01-09 05:00:00+00:00,2023-01-10 04:59:00+00:00,11173.75,11385.5,11120.25,11145.25,638598,databento_ohlcv_1m,../trading/data/databento_ohlcv_1m/front_1m.parquet,265.25,-28.75,0.10744580584354382,-0.10744580584354382,54.75,,,unclassified,unclassified,
NQ,2023-01-10,2023-01-10 05:00:00+00:00,2023-01-11 04:59:00+00:00,11145.0,11301.5,11094.0,11276.75,548818,databento_ohlcv_1m,../trading/data/databento_ohlcv_1m/front_1m.parquet,207.5,131.5,0.6349397590361445,0.6349397590361445,265.25,,,unclassified,unclassified,
NQ,2023-01-11,2023-01-11 05:00:00+00:00,2023-01-12 04:59:00+00:00,11276.5,11492.75,11239.75,11487.25,496915,databento_ohlcv_1m,../trading/data/databento_ohlcv_1m/front_1m.parquet,253.0,210.5,0.8330039525691699,0.8330039525691699,207.5,,,unclassified,unclassified,
NQ,2023-01-12,2023-01-12 05:00:00+00:00,2023-01-13 04:59:00+00:00,11487.0,11579.75,11291.0,11491.5,747542,databento_ohlcv_1m,../trading/data/databento_ohlcv_1m/front_1m.parquet,288.75,4.25,0.015584415584415584,0.015584415584415584,253.0,,,unclassified,unclassified,
NQ,2023-01-13,2023-01-13 05:00:00+00:00,2023-01-13 21:59:00+00:00,11491.5,11619.5,11389.0,11601.5,455703,databento_ohlcv_1m,../trading/data/databento_ohlcv_1m/front_1m.parquet,230.5,110.0,0.4772234273318872,0.4772234273318872,288.75,,,unclassified,unclassified,
NQ,2023-01-15,2023-01-15 23:00:00+00:00,2023-01-16 04:59:00+00:00,11613.5,11638.75,11582.5,11617.75,16423,databento_ohlcv_1m,../trading/data/databento_ohlcv_1m/front_1m.parquet,56.25,16.25,0.07555555555555556,0.07555555555555556,230.5,,,unclassified,unclassified,
NQ,2023-01-16,2023-01-16 05:00:00+00:00,2023-01-17 04:59:00+00:00,11617.75,11619.5,11510.25,11545.75,91111,databento_ohlcv_1m,../trading/data/databento_ohlcv_1m/front_1m.parquet,109.25,-72.0,0.6590389016018307,-0.6590389016018307,56.25,,,unclassified,unclassified,
NQ,2023-01-17,2023-01-17 05:00:00+00:00,2023-01-18 04:59:00+00:00,11545.25,11692.5,11530.5,11645.25,496141,databento_ohlcv_1m,../trading/data/databento_ohlcv_1m/front_1m.parquet,162.0,99.5,0.6172839506172839,0.6172839506172839,109.25,,,unclassified,unclassified,
NQ,2023-01-18,2023-01-18 05:00:00+00:00,2023-01-19 04:59:00+00:00,11645.0,11759.5,11446.5,11468.5,595537,databento_ohlcv_1m,../trading/data/databento_ohlcv_1m/front_1m.parquet,313.0,-176.75,0.5638977635782748,-0.5638977635782748,162.0,,,unclassified,unclassified,
NQ,2023-01-19,2023-01-19 05:00:00+00:00,2023-01-20 04:59:00+00:00,11468.75,11486.75,11308.5,11399.25,583691,databento_ohlcv_1m,../trading/data/databento_ohlcv_1m/front_1m.parquet,178.25,-69.25,0.3899018232819074,-0.3899018232819074,313.0,,,unclassified,unclassified,
NQ,2023-01-20,2023-01-20 05:00:00+00:00,2023-01-20 21:59:00+00:00,11399.0,11686.75,11365.25,11677.75,553222,databento_ohlcv_1m,../trading/data/databento_ohlcv_1m/front_1m.parquet,321.5,278.5,0.8670295489891136,0.8670295489891136,178.25,,,unclassified,unclassified,
NQ,2023-01-22,2023-01-22 23:00:00+00:00,2023-01-23 04:59:00+00:00,11676.75,11685.25,11650.5,11667.0,14387,databento_ohlcv_1m,../trading/data/databento_ohlcv_1m/front_1m.parquet,34.75,-10.75,0.2805755395683453,-0.2805755395683453,321.5,,,unclassified,unclassified,
NQ,2023-01-23,2023-01-23 05:00:00+00:00,2023-01-24 04:59:00+00:00,11667.0,11983.0,11652.0,11930.0,584717,databento_ohlcv_1m,../trading/data/databento_ohlcv_1m/front_1m.parquet,331.0,263.0,0.7945619335347432,0.7945619335347432,34.75,,,unclassified,unclassified,
NQ,2023-01-24,2023-01-24 05:00:00+00:00,2023-01-25 04:59:00+00:00,11929.75,12010.5,11798.25,11819.25,534473,databento_ohlcv_1m,../trading/data/databento_ohlcv_1m/front_1m.parquet,212.25,-110.75,0.5206124852767963,-0.5206124852767963,331.0,,,unclassified,neutral,
NQ,2023-01-25,2023-01-25 05:00:00+00:00,2023-01-26 04:59:00+00:00,11818.75,11922.75,11604.5,11916.25,610055,databento_ohlcv_1m,../trading/data/databento_ohlcv_1m/front_1m.parquet,318.25,97.0,0.3063629222309505,0.3063629222309505,212.25,220.7375,0.9615493516054137,neutral,expansion,0_9_to_1_1
NQ,2023-01-26,2023-01-26 05:00:00+00:00,2023-01-27 04:59:00+00:00,11916.0,12113.0,11904.25,12033.0,604376,databento_ohlcv_1m,../trading/data/databento_ohlcv_1m/front_1m.parquet,208.75,116.75,0.5604790419161677,0.5604790419161677,318.25,226.75,1.4035281146637266,expansion,neutral,gt_1_3
NQ,2023-01-27,2023-01-27 05:00:00+00:00,2023-01-27 21:59:00+00:00,12033.5,12308.5,12016.0,12221.0,565773,databento_ohlcv_1m,../trading/data/databento_ohlcv_1m/front_1m.parquet,292.5,188.0,0.6410256410256411,0.6410256410256411,208.75,220.325,0.9474639736752525,neutral,expansion,0_9_to_1_1
NQ,2023-01-29,2023-01-29 23:00:00+00:00,2023-01-30 04:59:00+00:00,12212.5,12252.0,12170.0,12180.0,30377,databento_ohlcv_1m,../trading/data/databento_ohlcv_1m/front_1m.parquet,82.0,-41.0,0.39634146341463417,-0.39634146341463417,292.5,224.7,1.3017356475300401,expansion,compression,gt_1_3
NQ,2023-01-30,2023-01-30 05:00:00+00:00,2023-01-31 04:59:00+00:00,12179.25,12179.25,11921.75,11938.0,622794,databento_ohlcv_1m,../trading/data/databento_ohlcv_1m/front_1m.parquet,257.5,-242.0,0.9368932038834952,-0.9368932038834952,82.0,216.7125,0.37838149622195305,compression,expansion,lt_0_7
NQ,2023-01-31,2023-01-31 05:00:00+00:00,2023-02-01 04:59:00+00:00,11938.0,12156.0,11871.0,12107.0,570994,databento_ohlcv_1m,../trading/data/databento_ohlcv_1m/front_1m.parquet,285.0,169.0,0.5929824561403508,0.5929824561403508,257.5,208.85,1.2329423030883409,expansion,expansion,1_1_to_1_3
NQ,2023-02-01,2023-02-01 05:00:00+00:00,2023-02-02 04:59:00+00:00,12106.75,12559.75,12055.25,12540.0,672529,databento_ohlcv_1m,../trading/data/databento_ohlcv_1m/front_1m.parquet,504.5,433.0,0.8587710604558969,0.8587710604558969,285.0,220.3625,1.293323501049407,expansion,expansion,1_1_to_1_3
NQ,2023-02-02,2023-02-02 05:00:00+00:00,2023-02-03 04:59:00+00:00,12540.0,12949.75,12508.0,12655.5,799374,databento_ohlcv_1m,../trading/data/databento_ohlcv_1m/front_1m.parquet,441.75,115.5,0.2614601018675722,0.2614601018675722,504.5,232.325,2.171526955773163,expansion,expansion,gt_1_3
NQ,2023-02-03,2023-02-03 05:00:00+00:00,2023-02-03 21:59:00+00:00,12656.0,12878.0,12551.25,12616.5,777592,databento_ohlcv_1m,../trading/data/databento_ohlcv_1m/front_1m.parquet,326.75,-39.0,0.12088752869166029,-0.12088752869166029,441.75,244.0375,1.8101726169133843,expansion,expansion,gt_1_3
NQ,2023-02-05,2023-02-05 23:00:00+00:00,2023-02-06 04:59:00+00:00,12572.0,12605.5,12550.0,12566.25,32459,databento_ohlcv_1m,../trading/data/databento_ohlcv_1m/front_1m.parquet,55.5,-50.25,0.1036036036036036,-0.1036036036036036,326.75,247.725,1.3190029266323544,expansion,compression,gt_1_3
NQ,2023-02-06,2023-02-06 05:00:00+00:00,2023-02-07 04:59:00+00:00,12567.0,12608.5,12455.75,12531.0,516996,databento_ohlcv_1m,../trading/data/databento_ohlcv_1m/front_1m.parquet,152.75,-35.25,0.23567921440261866,-0.23567921440261866,55.5,236.0625,0.23510722795869737,compression,compression,lt_0_7
NQ,2023-02-07,2023-02-07 05:00:00+00:00,2023-02-08 04:59:00+00:00,12531.0,12818.5,12459.25,12787.5,731662,databento_ohlcv_1m,../trading/data/databento_ohlcv_1m/front_1m.parquet,359.25,256.5,0.7139874739039666,0.7139874739039666,152.75,232.175,0.6579089049208571,compression,expansion,lt_0_7
NQ,2023-02-08,2023-02-08 05:00:00+00:00,2023-02-09 04:59:00+00:00,12787.5,12808.5,12512.75,12576.75,569195,databento_ohlcv_1m,../trading/data/databento_ohlcv_1m/front_1m.parquet,295.75,-210.75,0.7125950972104819,-0.7125950972104819,359.25,247.325,1.4525422015566563,expansion,neutral,gt_1_3
NQ,2023-02-09,2023-02-09 05:00:00+00:00,2023-02-10 04:59:00+00:00,12577.0,12728.5,12366.5,12388.75,614668,databento_ohlcv_1m,../trading/data/databento_ohlcv_1m/front_1m.parquet,362.0,-188.0,0.5200276243093923,-0.5200276243093923,295.75,256.65,1.1523475550360414,neutral,expansion,1_1_to_1_3
NQ,2023-02-10,2023-02-10 05:00:00+00:00,2023-02-10 21:59:00+00:00,12389.5,12446.25,12243.25,12342.0,569033,databento_ohlcv_1m,../trading/data/databento_ohlcv_1m/front_1m.parquet,203.0,-46.75,0.23399014778325122,-0.23399014778325122,362.0,266.65,1.357584849053066,expansion,compression,gt_1_3
NQ,2023-02-12,2023-02-12 23:00:00+00:00,2023-02-13 04:59:00+00:00,12357.5,12367.0,12265.25,12284.75,24448,databento_ohlcv_1m,../trading/data/databento_ohlcv_1m/front_1m.parquet,101.75,-57.25,0.714987714987715,-0.714987714987715,203.0,261.15,0.7773310358031783,compression,compression,0_7_to_0_9
NQ,2023-02-13,2023-02-13 05:00:00+00:00,2023-02-14 04:59:00+00:00,12285.25,12567.0,12283.25,12524.25,452832,databento_ohlcv_1m,../trading/data/databento_ohlcv_1m/front_1m.parquet,283.75,239.5,0.8422907488986784,0.8422907488986784,101.75,257.325,0.39541435927329255,compression,neutral,lt_0_7
NQ,2023-02-14,2023-02-14 05:00:00+00:00,2023-02-15 04:59:00+00:00,12524.25,12687.0,12390.5,12563.75,718665,databento_ohlcv_1m,../trading/data/databento_ohlcv_1m/front_1m.parquet,296.5,39.5,0.13322091062394603,0.13322091062394603,283.75,255.4375,1.1108392463909957,neutral,neutral,1_1_to_1_3
NQ,2023-02-15,2023-02-15 05:00:00+00:00,2023-02-16 04:59:00+00:00,12564.75,12792.75,12524.25,12780.0,560301,databento_ohlcv_1m,../trading/data/databento_ohlcv_1m/front_1m.parquet,268.5,216.25,0.8016759776536313,0.8016759776536313,296.5,268.525,1.1041802439251467,neutral,neutral,1_1_to_1_3
NQ,2023-02-16,2023-02-16 05:00:00+00:00,2023-02-17 04:59:00+00:00,12779.5,12784.0,12401.5,12413.5,677007,databento_ohlcv_1m,../trading/data/databento_ohlcv_1m/front_1m.parquet,382.5,-366.5,0.9568627450980393,-0.9568627450980393,268.5,265.4,1.0116804822908818,neutral,expansion,0_9_to_1_1
NQ,2023-02-17,2023-02-17 05:00:00+00:00,2023-02-17 21:59:00+00:00,12413.5,12423.75,12265.75,12384.0,591370,databento_ohlcv_1m,../trading/data/databento_ohlcv_1m/front_1m.parquet,158.0,-29.5,0.18670886075949367,-0.18670886075949367,382.5,273.9125,1.3964313421256787,expansion,compression,gt_1_3
NQ,2023-02-19,2023-02-19 23:00:00+00:00,2023-02-20 04:59:00+00:00,12380.0,12406.5,12346.5,12394.75,16322,databento_ohlcv_1m,../trading/data/databento_ohlcv_1m/front_1m.parquet,60.0,10.75,0.24583333333333332,0.24583333333333332,158.0,265.9,0.5942083490033848,compression,compression,lt_0_7
NQ,2023-02-20,2023-02-20 05:00:00+00:00,2023-02-21 04:59:00+00:00,12395.0,12417.75,12333.75,12345.0,71323,databento_ohlcv_1m,../trading/data/databento_ohlcv_1m/front_1m.parquet,84.0,-49.75,0.5952380952380952,-0.5952380952380952,60.0,258.4625,0.23214199351936937,compression,compression,lt_0_7
NQ,2023-02-21,2023-02-21 05:00:00+00:00,2023-02-22 04:59:00+00:00,12345.0,12360.5,12090.25,12128.75,534801,databento_ohlcv_1m,../trading/data/databento_ohlcv_1m/front_1m.parquet,270.25,-216.25,0.8001850138760407,-0.8001850138760407,84.0,248.0375,0.3386584689815048,compression,neutral,lt_0_7
NQ,2023-02-22,2023-02-22 05:00:00+00:00,2023-02-23 04:59:00+00:00,12129.0,12212.75,12034.0,12206.5,637203,databento_ohlcv_1m,../trading/data/databento_ohlcv_1m/front_1m.parquet,178.75,77.75,0.43356643356643354,0.43356643356643354,270.25,257.45,1.0497183919207613,neutral,compression,0_9_to_1_1
NQ,2023-02-23,2023-02-23 05:00:00+00:00,2023-02-24 04:59:00+00:00,12206.25,12261.0,12028.5,12177.5,630014,databento_ohlcv_1m,../trading/data/databento_ohlcv_1m/front_1m.parquet,232.5,-29.0,0.12365591397849462,-0.12365591397849462,178.75,253.5125,0.7050934372072384,compression,neutral,0_7_to_0_9
NQ,2023-02-24,2023-02-24 05:00:00+00:00,2023-02-24 21:59:00+00:00,12176.75,12187.5,11923.0,11999.75,610769,databento_ohlcv_1m,../trading/data/databento_ohlcv_1m/front_1m.parquet,264.5,-177.75,0.6691871455576559,-0.6691871455576559,232.5,250.8875,0.9267101788650292,neutral,neutral,0_9_to_1_1
NQ,2023-02-26,2023-02-26 23:00:00+00:00,2023-02-27 04:59:00+00:00,12003.0,12047.0,11990.0,12031.25,23327,databento_ohlcv_1m,../trading/data/databento_ohlcv_1m/front_1m.parquet,57.0,31.5,0.4956140350877193,0.4956140350877193,264.5,238.8875,1.1072157396263933,neutral,compression,1_1_to_1_3
NQ,2023-02-27,2023-02-27 05:00:00+00:00,2023-02-28 04:59:00+00:00,12031.0,12189.5,12006.5,12106.5,569121,databento_ohlcv_1m,../trading/data/databento_ohlcv_1m/front_1m.parquet,183.0,75.25,0.412568306010929,0.412568306010929,57.0,219.65,0.2595037559754154,compression,neutral,lt_0_7
NQ,2023-02-28,2023-02-28 05:00:00+00:00,2023-03-01 04:59:00+00:00,12106.0,12172.75,11989.25,12071.25,661407,databento_ohlcv_1m,../trading/data/databento_ohlcv_1m/front_1m.parquet,183.5,-35.25,0.1893732970027248,-0.1893732970027248,183.0,212.4625,0.8613284697299524,neutral,neutral,0_7_to_0_9
NQ,2023-03-01,2023-03-01 05:00:00+00:00,2023-03-02 04:59:00+00:00,12071.25,12141.75,11854.25,11903.75,757551,databento_ohlcv_1m,../trading/data/databento_ohlcv_1m/front_1m.parquet,287.5,-167.5,0.5826086956521739,-0.5826086956521739,183.5,218.8625,0.8384259523673538,neutral,expansion,0_7_to_0_9
NQ,2023-03-02,2023-03-02 05:00:00+00:00,2023-03-03 04:59:00+00:00,11904.25,12096.25,11832.5,12033.0,725617,databento_ohlcv_1m,../trading/data/databento_ohlcv_1m/front_1m.parquet,263.75,129.25,0.4881516587677725,0.4881516587677725,287.5,225.6,1.2743794326241136,expansion,neutral,1_1_to_1_3
NQ,2023-03-03,2023-03-03 05:00:00+00:00,2023-03-03 21:59:00+00:00,12033.0,12329.0,12019.0,12324.5,641764,databento_ohlcv_1m,../trading/data/databento_ohlcv_1m/front_1m.parquet,310.0,291.5,0.9403225806451613,0.9403225806451613,263.75,220.825,1.1943846937620288,neutral,expansion,1_1_to_1_3
NQ,2023-03-05,2023-03-05 23:00:00+00:00,2023-03-06 04:59:00+00:00,12306.25,12378.0,12276.25,12340.25,34875,databento_ohlcv_1m,../trading/data/databento_ohlcv_1m/front_1m.parquet,101.75,15.75,0.33415233415233414,0.33415233415233414,310.0,221.5375,1.399311628956723,expansion,compression,gt_1_3
NQ,2023-03-06,2023-03-06 05:00:00+00:00,2023-03-07 04:59:00+00:00,12341.25,12486.25,12295.5,12367.5,590839,databento_ohlcv_1m,../trading/data/databento_ohlcv_1m/front_1m.parquet,190.75,27.25,0.13761467889908258,0.13761467889908258,101.75,208.525,0.48795108500179835,compression,neutral,lt_0_7
NQ,2023-03-07,2023-03-07 05:00:00+00:00,2023-03-08 04:59:00+00:00,12367.5,12381.25,12138.75,12162.25,682363,databento_ohlcv_1m,../trading/data/databento_ohlcv_1m/front_1m.parquet,242.5,-205.25,0.8463917525773196,-0.8463917525773196,190.75,207.9125,0.9174532555762641,neutral,neutral,0_9_to_1_1
NQ,2023-03-08,2023-03-08 05:00:00+00:00,2023-03-09 04:59:00+00:00,12162.0,12254.5,12108.25,12204.0,618890,databento_ohlcv_1m,../trading/data/databento_ohlcv_1m/front_1m.parquet,146.25,41.75,0.28717948717948716,0.28717948717948716,242.5,214.95,1.128169341707374,neutral,compression,1_1_to_1_3
NQ,2023-03-09,2023-03-09 05:00:00+00:00,2023-03-10 04:59:00+00:00,12204.25,12353.5,11926.0,11937.25,812627,databento_ohlcv_1m,../trading/data/databento_ohlcv_1m/front_1m.parquet,427.5,-266.75,0.624561403508772,-0.624561403508772,146.25,208.075,0.7028715607353119,compression,expansion,0_7_to_0_9
NQ,2023-03-10,2023-03-10 05:00:00+00:00,2023-03-10 21:59:00+00:00,11936.75,12109.0,11795.0,11892.5,772152,databento_ohlcv_1m,../trading/data/databento_ohlcv_1m/front_1m.parquet,314.0,-44.75,0.1409235668789809,-0.1409235668789809,427.5,214.625,1.9918462434478743,expansion,expansion,gt_1_3
NQ,2023-03-12,2023-03-12 22:00:00+00:00,2023-03-13 03:59:00+00:00,11894.75,12199.5,11850.0,12176.5,46533,databento_ohlcv_1m,../trading/data/databento_ohlcv_1m/front_1m.parquet,349.5,284.0,0.8061516452074392,0.8061516452074392,314.0,216.9,1.4476717381281696,expansion,expansion,gt_1_3
NQ,2023-03-13,2023-03-13 04:00:00+00:00,2023-03-14 03:59:00+00:00,12177.25,12222.75,11806.25,12115.0,632567,databento_ohlcv_1m,../trading/data/databento_ohlcv_1m/front_1m.parquet,416.5,-61.5,0.14945978391356543,-0.14945978391356543,349.5,215.25,1.6236933797909407,expansion,expansion,gt_1_3
NQ,2023-03-14,2023-03-14 04:00:00+00:00,2023-03-15 03:59:00+00:00,12115.75,12374.25,12032.25,12349.0,646491,databento_ohlcv_1m,../trading/data/databento_ohlcv_1m/front_1m.parquet,342.0,234.0,0.6820175438596491,0.6820175438596491,416.5,228.175,1.82535334721157,expansion,expansion,gt_1_3
NQ,2023-03-15,2023-03-15 04:00:00+00:00,2023-03-16 03:59:00+00:00,12348.25,12462.5,12096.75,12430.25,788912,databento_ohlcv_1m,../trading/data/databento_ohlcv_1m/front_1m.parquet,365.75,81.25,0.22419685577580314,0.22419685577580314,342.0,242.275,1.4116190279640903,expansion,expansion,gt_1_3
NQ,2023-03-16,2023-03-16 04:00:00+00:00,2023-03-17 03:59:00+00:00,12430.0,12735.75,12314.0,12720.25,678701,databento_ohlcv_1m,../trading/data/databento_ohlcv_1m/front_1m.parquet,421.75,290.0,0.6882039122703023,0.6882039122703023,365.75,256.3625,1.4266907211468136,expansion,expansion,gt_1_3
NQ,2023-03-17,2023-03-17 04:00:00+00:00,2023-03-17 20:59:00+00:00,12720.5,12811.25,12569.5,12648.5,695498,databento_ohlcv_1m,../trading/data/databento_ohlcv_1m/front_1m.parquet,241.75,-71.75,0.29782833505687695,-0.29782833505687695,421.75,263.9375,1.5979161733364906,expansion,neutral,gt_1_3
NQ,2023-03-19,2023-03-19 22:00:00+00:00,2023-03-20 03:59:00+00:00,12690.0,12750.0,12656.0,12666.5,45124,databento_ohlcv_1m,../trading/data/databento_ohlcv_1m/front_1m.parquet,94.0,18.0,0.25,-0.25,241.75,267.0875,0.9051340852716807,neutral,compression,0_9_to_1_1
NQ,2023-03-20,2023-03-20 04:00:00+00:00,2023-03-21 03:59:00+00:00,12667.25,12737.75,12525.25,12695.75,661639,databento_ohlcv_1m,../trading/data/databento_ohlcv_1m/front_1m.parquet,212.5,29.25,0.13411764705882354,0.13411764705882354,94.0,260.1625,0.3613126411377504,compression,neutral,lt_0_7
NQ,2023-03-21,2023-03-21 04:00:00+00:00,2023-03-22 03:59:00+00:00,12695.0,12898.25,12686.5,12875.25,548680,databento_ohlcv_1m,../trading/data/databento_ohlcv_1m/front_1m.parquet,211.75,179.5,0.8512396694214877,0.8512396694214877,212.5,257.5625,0.8250424654210143,neutral,compression,0_7_to_0_9
NQ,2023-03-22,2023-03-22 04:00:00+00:00,2023-03-23 03:59:00+00:00,12875.0,13082.0,12678.0,12770.75,713758,databento_ohlcv_1m,../trading/data/databento_ohlcv_1m/front_1m.parquet,404.0,-104.5,0.25804455445544555,-0.25804455445544555,211.75,265.3,0.7981530343007915,compression,expansion,0_7_to_0_9
NQ,2023-03-23,2023-03-23 04:00:00+00:00,2023-03-24 03:59:00+00:00,12770.25,13031.0,12733.5,12861.25,820431,databento_ohlcv_1m,../trading/data/databento_ohlcv_1m/front_1m.parquet,297.5,90.5,0.3058823529411765,0.3058823529411765,404.0,276.35,1.4619142391894335,expansion,neutral,gt_1_3
NQ,2023-03-24,2023-03-24 04:00:00+00:00,2023-03-24 20:59:00+00:00,12861.5,12924.75,12728.0,12922.75,648050,databento_ohlcv_1m,../trading/data/databento_ohlcv_1m/front_1m.parquet,196.75,61.5,0.3113087674714104,0.3113087674714104,297.5,282.05,1.0547775217160078,neutral,compression,0_9_to_1_1
NQ,2023-03-26,2023-03-26 22:00:00+00:00,2023-03-27 03:59:00+00:00,12916.0,12961.25,12902.5,12951.0,26433,databento_ohlcv_1m,../trading/data/databento_ohlcv_1m/front_1m.parquet,58.75,28.25,0.5957446808510638,0.5957446808510638,196.75,277.5125,0.7089770731048152,compression,compression,0_7_to_0_9
NQ,2023-03-27,2023-03-27 04:00:00+00:00,2023-03-28 03:59:00+00:00,12950.75,12984.5,12765.5,12809.25,543727,databento_ohlcv_1m,../trading/data/databento_ohlcv_1m/front_1m.parquet,219.0,-141.75,0.6461187214611872,-0.6461187214611872,58.75,267.2625,0.21982133670080914,compression,neutral,lt_0_7
NQ,2023-03-28,2023-03-28 04:00:00+00:00,2023-03-29 03:59:00+00:00,12809.0,12833.5,12634.25,12773.75,537477,databento_ohlcv_1m,../trading/data/databento_ohlcv_1m/front_1m.parquet,199.25,-35.5,0.17691342534504392,-0.17691342534504392,219.0,262.7125,0.8336108864252748,neutral,compression,0_7_to_0_9
NQ,2023-03-29,2023-03-29 04:00:00+00:00,2023-03-30 03:59:00+00:00,12774.0,12994.0,12772.25,12943.0,554128,databento_ohlcv_1m,../trading/data/databento_ohlcv_1m/front_1m.parquet,221.75,169.25,0.762119503945885,0.762119503945885,199.25,267.5875,0.7446162470220022,compression,neutral,0_7_to_0_9
NQ,2023-03-30,2023-03-30 04:00:00+00:00,2023-03-31 03:59:00+00:00,12943.0,13138.75,12941.75,13130.0,575920,databento_ohlcv_1m,../trading/data/databento_ohlcv_1m/front_1m.parquet,197.0,187.0,0.949238578680203,0.949238578680203,221.75,269.1375,0.8239282894431286,neutral,compression,0_7_to_0_9
NQ,2023-03-31,2023-03-31 04:00:00+00:00,2023-03-31 20:59:00+00:00,13130.0,13311.5,13057.5,13308.0,589765,databento_ohlcv_1m,../trading/data/databento_ohlcv_1m/front_1m.parquet,254.0,178.0,0.7007874015748031,0.7007874015748031,197.0,266.8625,0.738207878589161,compression,neutral,0_7_to_0_9
NQ,2023-04-02,2023-04-02 22:00:00+00:00,2023-04-03 03:59:00+00:00,13262.0,13275.5,13200.0,13216.0,36781,databento_ohlcv_1m,../trading/data/databento_ohlcv_1m/front_1m.parquet,75.5,-92.0,0.609271523178808,-0.609271523178808,254.0,272.25,0.9329660238751147,neutral,compression,0_9_to_1_1
NQ,2023-04-03,2023-04-03 04:00:00+00:00,2023-04-04 03:59:00+00:00,13216.0,13278.75,13154.0,13244.5,516305,databento_ohlcv_1m,../trading/data/databento_ohlcv_1m/front_1m.parquet,124.75,28.5,0.22845691382765532,0.22845691382765532,75.5,254.65,0.29648537207932457,compression,compression,lt_0_7
NQ,2023-04-04,2023-04-04 04:00:00+00:00,2023-04-05 03:59:00+00:00,13244.5,13348.75,13168.25,13226.0,571122,databento_ohlcv_1m,../trading/data/databento_ohlcv_1m/front_1m.parquet,180.5,-18.5,0.10249307479224377,-0.10249307479224377,124.75,245.1875,0.5087942900841192,compression,compression,lt_0_7
NQ,2023-04-05,2023-04-05 04:00:00+00:00,2023-04-06 03:59:00+00:00,13226.0,13236.0,13006.0,13026.0,590404,databento_ohlcv_1m,../trading/data/databento_ohlcv_1m/front_1m.parquet,230.0,-200.0,0.8695652173913043,-0.8695652173913043,180.5,236.7375,0.7624478589154654,compression,neutral,0_7_to_0_9
NQ,2023-04-06,2023-04-06 04:00:00+00:00,2023-04-07 03:59:00+00:00,13025.75,13191.0,12953.25,13160.0,580504,databento_ohlcv_1m,../trading/data/databento_ohlcv_1m/front_1m.parquet,237.75,134.0,0.5646687697160884,0.5646687697160884,230.0,227.4125,1.0113780025284451,neutral,neutral,0_9_to_1_1
NQ,2023-04-07,2023-04-07 04:00:00+00:00,2023-04-07 13:14:00+00:00,13159.75,13192.25,13122.0,13184.25,31699,databento_ohlcv_1m,../trading/data/databento_ohlcv_1m/front_1m.parquet,70.25,24.25,0.3487544483985765,0.3487544483985765,237.75,222.2,1.06998199819982,neutral,compression,0_9_to_1_1
NQ,2023-04-09,2023-04-09 22:00:00+00:00,2023-04-10 03:59:00+00:00,13179.75,13203.25,13131.0,13141.0,22905,databento_ohlcv_1m,../trading/data/databento_ohlcv_1m/front_1m.parquet,72.25,-43.25,0.5363321799307958,-0.5363321799307958,70.25,207.425,0.3386766301072677,compression,compression,lt_0_7
NQ,2023-04-10,2023-04-10 04:00:00+00:00,2023-04-11 03:59:00+00:00,13140.75,13186.5,12967.5,13151.75,548767,databento_ohlcv_1m,../trading/data/databento_ohlcv_1m/front_1m.parquet,219.0,10.75,0.0502283105022831,0.0502283105022831,72.25,189.95,0.38036325348775996,compression,neutral,lt_0_7
NQ,2023-04-11,2023-04-11 04:00:00+00:00,2023-04-12 03:59:00+00:00,13151.75,13208.75,13053.5,13073.0,535846,databento_ohlcv_1m,../trading/data/databento_ohlcv_1m/front_1m.parquet,155.25,-78.75,0.5072463768115942,-0.5072463768115942,219.0,188.8125,1.159880834160874,neutral,neutral,1_1_to_1_3
NQ,2023-04-12,2023-04-12 04:00:00+00:00,2023-04-13 03:59:00+00:00,13073.0,13241.75,12925.5,12973.0,684514,databento_ohlcv_1m,../trading/data/databento_ohlcv_1m/front_1m.parquet,316.25,-100.0,0.31620553359683795,-0.31620553359683795,155.25,191.875,0.8091205211726384,neutral,expansion,0_7_to_0_9
NQ,2023-04-13,2023-04-13 04:00:00+00:00,2023-04-14 03:59:00+00:00,12973.0,13228.0,12957.25,13198.25,544926,databento_ohlcv_1m,../trading/data/databento_ohlcv_1m/front_1m.parquet,270.75,225.25,0.8319482917820868,0.8319482917820868,316.25,197.0625,1.6048208055819855,expansion,expansion,gt_1_3
NQ,2023-04-14,2023-04-14 04:00:00+00:00,2023-04-14 20:59:00+00:00,13198.5,13255.0,13058.0,13199.5,597898,databento_ohlcv_1m,../trading/data/databento_ohlcv_1m/front_1m.parquet,197.0,1.25,0.005076142131979695,0.005076142131979695,270.75,200.0125,1.3536653959127556,expansion,neutral,gt_1_3
NQ,2023-04-16,2023-04-16 22:00:00+00:00,2023-04-17 03:59:00+00:00,13212.5,13214.75,13174.0,13182.25,17630,databento_ohlcv_1m,../trading/data/databento_ohlcv_1m/front_1m.parquet,40.75,-17.25,0.7423312883435583,-0.7423312883435583,197.0,189.6625,1.0386871416331642,neutral,compression,0_9_to_1_1
NQ,2023-04-17,2023-04-17 04:00:00+00:00,2023-04-18 03:59:00+00:00,13181.5,13218.0,13076.75,13169.25,534050,databento_ohlcv_1m,../trading/data/databento_ohlcv_1m/front_1m.parquet,141.25,-13.0,0.08672566371681416,-0.08672566371681416,40.75,176.825,0.23045383854093032,compression,neutral,lt_0_7
NQ,2023-04-18,2023-04-18 04:00:00+00:00,2023-04-19 03:59:00+00:00,13168.75,13298.75,13138.0,13171.25,566417,databento_ohlcv_1m,../trading/data/databento_ohlcv_1m/front_1m.parquet,160.75,2.0,0.015552099533437015,0.015552099533437015,141.25,174.05,0.8115484056305659,neutral,neutral,0_7_to_0_9
NQ,2023-04-19,2023-04-19 04:00:00+00:00,2023-04-20 03:59:00+00:00,13171.0,13226.75,13065.0,13140.5,534712,databento_ohlcv_1m,../trading/data/databento_ohlcv_1m/front_1m.parquet,161.75,-30.75,0.18856259659969088,-0.18856259659969088,160.75,179.15,0.8972927714205973,neutral,neutral,0_7_to_0_9
NQ,2023-04-20,2023-04-20 04:00:00+00:00,2023-04-21 03:59:00+00:00,13140.75,13200.0,13021.75,13093.0,666573,databento_ohlcv_1m,../trading/data/databento_ohlcv_1m/front_1m.parquet,178.25,-47.5,0.26788218793828894,-0.26788218793828894,161.75,176.2875,0.9175352761823726,neutral,neutral,0_9_to_1_1
NQ,2023-04-21,2023-04-21 04:00:00+00:00,2023-04-21 20:59:00+00:00,13092.5,13122.0,12982.5,13076.0,572010,databento_ohlcv_1m,../trading/data/databento_ohlcv_1m/front_1m.parquet,139.5,-17.0,0.11827956989247312,-0.11827956989247312,178.25,175.2375,1.0171909551323204,neutral,neutral,0_9_to_1_1
NQ,2023-04-23,2023-04-23 22:00:00+00:00,2023-04-24 03:59:00+00:00,13070.0,13074.75,13046.25,13052.0,17057,databento_ohlcv_1m,../trading/data/databento_ohlcv_1m/front_1m.parquet,28.5,-24.0,0.631578947368421,-0.631578947368421,139.5,171.125,0.8151935719503287,neutral,compression,0_7_to_0_9
NQ,2023-04-24,2023-04-24 04:00:00+00:00,2023-04-25 03:59:00+00:00,13051.75,13134.0,12967.25,13012.0,575658,databento_ohlcv_1m,../trading/data/databento_ohlcv_1m/front_1m.parquet,166.75,-40.0,0.2383808095952024,-0.2383808095952024,28.5,162.7,0.17516902274124155,compression,neutral,lt_0_7
NQ,2023-04-25,2023-04-25 04:00:00+00:00,2023-04-26 03:59:00+00:00,13012.0,13027.25,12800.0,12970.25,712424,databento_ohlcv_1m,../trading/data/databento_ohlcv_1m/front_1m.parquet,227.25,-41.75,0.18371837183718373,-0.18371837183718373,166.75,158.3375,1.0531301807847162,neutral,expansion,0_9_to_1_1
NQ,2023-04-26,2023-04-26 04:00:00+00:00,2023-04-27 03:59:00+00:00,12970.5,13012.25,12863.75,12952.5,716320,databento_ohlcv_1m,../trading/data/databento_ohlcv_1m/front_1m.parquet,148.5,-17.75,0.12121212121212122,-0.12121212121212122,227.25,165.925,1.3695946963989754,expansion,neutral,gt_1_3
NQ,2023-04-27,2023-04-27 04:00:00+00:00,2023-04-28 03:59:00+00:00,12953.0,13333.0,12951.75,13201.25,730879,databento_ohlcv_1m,../trading/data/databento_ohlcv_1m/front_1m.parquet,381.25,248.75,0.6511475409836066,0.6511475409836066,148.5,167.1125,0.8886229336524796,neutral,expansion,0_7_to_0_9
NQ,2023-04-28,2023-04-28 04:00:00+00:00,2023-04-28 20:59:00+00:00,13201.25,13336.0,13169.0,13325.75,632239,databento_ohlcv_1m,../trading/data/databento_ohlcv_1m/front_1m.parquet,167.0,124.5,0.7455089820359282,0.7455089820359282,381.25,177.15,2.152130962461191,expansion,neutral,gt_1_3
NQ,2023-04-30,2023-04-30 22:00:00+00:00,2023-05-01 03:59:00+00:00,13317.0,13344.0,13296.25,13334.0,20056,databento_ohlcv_1m,../trading/data/databento_ohlcv_1m/front_1m.parquet,47.75,8.25,0.35602094240837695,0.35602094240837695,167.0,174.0,0.9597701149425287,neutral,compression,0_9_to_1_1
NQ,2023-05-01,2023-05-01 04:00:00+00:00,2023-05-02 03:59:00+00:00,13334.5,13370.25,13258.75,13300.25,483569,databento_ohlcv_1m,../trading/data/databento_ohlcv_1m/front_1m.parquet,111.5,-33.75,0.3071748878923767,-0.3071748878923767,47.75,164.5,0.29027355623100304,compression,compression,lt_0_7
NQ,2023-05-02,2023-05-02 04:00:00+00:00,2023-05-03 03:59:00+00:00,13300.0,13334.75,13110.25,13188.75,651728,databento_ohlcv_1m,../trading/data/databento_ohlcv_1m/front_1m.parquet,224.5,-111.5,0.4955456570155902,-0.4955456570155902,111.5,166.5625,0.6694183864915573,compression,expansion,lt_0_7
NQ,2023-05-03,2023-05-03 04:00:00+00:00,2023-05-04 03:59:00+00:00,13188.25,13314.0,13044.25,13149.0,660503,databento_ohlcv_1m,../trading/data/databento_ohlcv_1m/front_1m.parquet,269.75,-39.75,0.14550509731232622,-0.14550509731232622,224.5,174.175,1.2889335438495766,expansion,expansion,1_1_to_1_3
NQ,2023-05-04,2023-05-04 04:00:00+00:00,2023-05-05 03:59:00+00:00,13149.25,13173.0,13001.75,13111.0,637919,databento_ohlcv_1m,../trading/data/databento_ohlcv_1m/front_1m.parquet,171.25,-38.0,0.22335766423357664,-0.22335766423357664,269.75,176.7125,1.5264907689042937,expansion,neutral,gt_1_3
NQ,2023-05-05,2023-05-05 04:00:00+00:00,2023-05-05 20:59:00+00:00,13111.0,13359.0,13076.25,13310.5,543479,databento_ohlcv_1m,../trading/data/databento_ohlcv_1m/front_1m.parquet,282.75,199.5,0.7055702917771883,0.7055702917771883,171.25,177.5125,0.9647207943102599,neutral,expansion,0_9_to_1_1
NQ,2023-05-07,2023-05-07 22:00:00+00:00,2023-05-08 03:59:00+00:00,13316.0,13332.75,13294.25,13313.0,20708,databento_ohlcv_1m,../trading/data/databento_ohlcv_1m/front_1m.parquet,38.5,2.5,0.07792207792207792,-0.07792207792207792,282.75,175.8375,1.6080187673277884,expansion,compression,gt_1_3
NQ,2023-05-08,2023-05-08 04:00:00+00:00,2023-05-09 03:59:00+00:00,13313.0,13368.0,13254.5,13340.75,492498,databento_ohlcv_1m,../trading/data/databento_ohlcv_1m/front_1m.parquet,113.5,27.75,0.2444933920704846,0.2444933920704846,38.5,164.225,0.23443446491094536,compression,compression,lt_0_7
NQ,2023-05-09,2023-05-09 04:00:00+00:00,2023-05-10 03:59:00+00:00,13341.0,13347.0,13250.5,13271.5,550582,databento_ohlcv_1m,../trading/data/databento_ohlcv_1m/front_1m.parquet,96.5,-69.25,0.7202072538860104,-0.7202072538860104,113.5,160.05,0.7091533895657607,compression,compression,0_7_to_0_9
NQ,2023-05-10,2023-05-10 04:00:00+00:00,2023-05-11 03:59:00+00:00,13271.75,13447.75,13202.75,13433.0,838595,databento_ohlcv_1m,../trading/data/databento_ohlcv_1m/front_1m.parquet,245.0,161.5,0.6581632653061225,0.6581632653061225,96.5,162.8375,0.5926153373762186,compression,expansion,lt_0_7
NQ,2023-05-11,2023-05-11 04:00:00+00:00,2023-05-12 03:59:00+00:00,13433.75,13494.25,13361.5,13482.0,652878,databento_ohlcv_1m,../trading/data/databento_ohlcv_1m/front_1m.parquet,132.75,49.0,0.3634651600753296,0.3634651600753296,245.0,168.025,1.458116351733373,expansion,compression,gt_1_3
NQ,2023-05-12,2023-05-12 04:00:00+00:00,2023-05-12 20:59:00+00:00,13481.5,13493.75,13310.5,13370.5,596505,databento_ohlcv_1m,../trading/data/databento_ohlcv_1m/front_1m.parquet,183.25,-111.5,0.6057298772169167,-0.6057298772169167,132.75,166.625,0.7966991747936985,compression,neutral,0_7_to_0_9
NQ,2023-05-14,2023-05-14 22:00:00+00:00,2023-05-15 03:59:00+00:00,13378.75,13394.25,13350.0,13390.5,19056,databento_ohlcv_1m,../trading/data/databento_ohlcv_1m/front_1m.parquet,44.25,20.0,0.2655367231638418,0.2655367231638418,183.25,167.7,1.0927251043530115,neutral,compression,0_9_to_1_1
NQ,2023-05-15,2023-05-15 04:00:00+00:00,2023-05-16 03:59:00+00:00,13390.5,13480.0,13351.5,13458.75,487494,databento_ohlcv_1m,../trading/data/databento_ohlcv_1m/front_1m.parquet,128.5,68.25,0.5311284046692607,0.5311284046692607,44.25,161.0,0.2748447204968944,compression,neutral,lt_0_7
NQ,2023-05-16,2023-05-16 04:00:00+00:00,2023-05-17 03:59:00+00:00,13458.5,13554.5,13426.25,13515.25,562814,databento_ohlcv_1m,../trading/data/databento_ohlcv_1m/front_1m.parquet,128.25,56.5,0.442495126705653,0.442495126705653,128.5,160.45,0.800872545964475,neutral,compression,0_7_to_0_9
NQ,2023-05-17,2023-05-17 04:00:00+00:00,2023-05-18 03:59:00+00:00,13515.5,13669.0,13474.25,13644.0,611889,databento_ohlcv_1m,../trading/data/databento_ohlcv_1m/front_1m.parquet,194.75,128.75,0.6598202824133504,0.6598202824133504,128.25,165.4375,0.77521722704949,compression,neutral,0_7_to_0_9
NQ,2023-05-18,2023-05-18 04:00:00+00:00,2023-05-19 03:59:00+00:00,13644.5,13960.25,13631.5,13929.0,755324,databento_ohlcv_1m,../trading/data/databento_ohlcv_1m/front_1m.parquet,328.75,285.0,0.8653992395437262,0.8653992395437262,194.75,166.8375,1.1673035138982542,neutral,expansion,1_1_to_1_3
NQ,2023-05-19,2023-05-19 04:00:00+00:00,2023-05-19 20:59:00+00:00,13929.25,13931.75,13814.25,13841.0,618598,databento_ohlcv_1m,../trading/data/databento_ohlcv_1m/front_1m.parquet,117.5,-88.0,0.7510638297872341,-0.7510638297872341,328.75,171.9125,1.9123100414455028,expansion,compression,gt_1_3
NQ,2023-05-21,2023-05-21 22:00:00+00:00,2023-05-22 03:59:00+00:00,13805.5,13874.0,13794.25,13871.0,22478,databento_ohlcv_1m,../trading/data/databento_ohlcv_1m/front_1m.parquet,79.75,30.0,0.8213166144200627,0.8213166144200627,117.5,170.3625,0.6897057744515371,compression,compression,lt_0_7
NQ,2023-05-22,2023-05-22 04:00:00+00:00,2023-05-23 03:59:00+00:00,13871.5,13979.25,13824.5,13936.5,536539,databento_ohlcv_1m,../trading/data/databento_ohlcv_1m/front_1m.parquet,154.75,65.5,0.420032310177706,0.420032310177706,79.75,155.2875,0.513563551477099,compression,neutral,lt_0_7
NQ,2023-05-23,2023-05-23 04:00:00+00:00,2023-05-24 03:59:00+00:00,13937.0,13938.25,13710.0,13744.25,638930,databento_ohlcv_1m,../trading/data/databento_ohlcv_1m/front_1m.parquet,228.25,-192.25,0.8444687842278203,-0.8444687842278203,154.75,154.675,1.0004848876676902,neutral,expansion,0_9_to_1_1
NQ,2023-05-24,2023-05-24 04:00:00+00:00,2023-05-25 03:59:00+00:00,13744.0,13883.75,13566.5,13837.75,724750,databento_ohlcv_1m,../trading/data/databento_ohlcv_1m/front_1m.parquet,317.25,93.5,0.29550827423167847,0.29550827423167847,228.25,163.7,1.3943188759926697,expansion,expansion,gt_1_3
NQ,2023-05-25,2023-05-25 04:00:00+00:00,2023-05-26 03:59:00+00:00,13837.25,14031.25,13826.5,13951.25,782003,databento_ohlcv_1m,../trading/data/databento_ohlcv_1m/front_1m.parquet,204.75,113.5,0.5567765567765568,0.5567765567765568,317.25,173.9875,1.8234068539406565,expansion,neutral,gt_1_3
NQ,2023-05-26,2023-05-26 04:00:00+00:00,2023-05-26 20:59:00+00:00,13951.25,14369.0,13942.75,14367.25,692520,databento_ohlcv_1m,../trading/data/databento_ohlcv_1m/front_1m.parquet,426.25,416.0,0.9759530791788856,0.9759530791788856,204.75,173.0,1.1835260115606936,neutral,expansion,1_1_to_1_3
NQ,2023-05-28,2023-05-28 22:00:00+00:00,2023-05-29 03:59:00+00:00,14437.5,14459.75,14386.75,14393.25,33739,databento_ohlcv_1m,../trading/data/databento_ohlcv_1m/front_1m.parquet,73.0,26.0,0.6061643835616438,-0.6061643835616438,426.25,180.825,2.357251486243606,expansion,compression,gt_1_3
NQ,2023-05-29,2023-05-29 04:00:00+00:00,2023-05-30 03:59:00+00:00,14393.25,14432.25,14367.5,14388.5,75559,databento_ohlcv_1m,../trading/data/databento_ohlcv_1m/front_1m.parquet,64.75,-4.75,0.07335907335907337,-0.07335907335907337,73.0,175.9125,0.414979037873943,compression,compression,lt_0_7
NQ,2023-05-30,2023-05-30 04:00:00+00:00,2023-05-31 03:59:00+00:00,14388.75,14570.0,14336.75,14380.5,787756,databento_ohlcv_1m,../trading/data/databento_ohlcv_1m/front_1m.parquet,233.25,-8.0,0.03536977491961415,-0.03536977491961415,64.75,165.0125,0.3923945155670025,compression,expansion,lt_0_7
NQ,2023-05-31,2023-05-31 04:00:00+00:00,2023-06-01 03:59:00+00:00,14380.5,14412.25,14248.25,14279.5,675773,databento_ohlcv_1m,../trading/data/databento_ohlcv_1m/front_1m.parquet,164.0,-101.0,0.6158536585365854,-0.6158536585365854,233.25,174.75,1.3347639484978542,expansion,neutral,gt_1_3
NQ,2023-06-01,2023-06-01 04:00:00+00:00,2023-06-02 03:59:00+00:00,14280.0,14528.25,14252.0,14507.5,594326,databento_ohlcv_1m,../trading/data/databento_ohlcv_1m/front_1m.parquet,276.25,228.0,0.8235294117647058,0.8235294117647058,164.0,177.275,0.9251163446622479,neutral,expansion,0_9_to_1_1
NQ,2023-06-02,2023-06-02 04:00:00+00:00,2023-06-02 20:59:00+00:00,14507.5,14627.75,14468.25,14587.75,597486,databento_ohlcv_1m,../trading/data/databento_ohlcv_1m/front_1m.parquet,159.5,80.25,0.5031347962382445,0.5031347962382445,276.25,186.2625,1.483121938124958,expansion,neutral,gt_1_3
NQ,2023-06-04,2023-06-04 22:00:00+00:00,2023-06-05 03:59:00+00:00,14577.0,14579.5,14512.75,14528.5,27801,databento_ohlcv_1m,../trading/data/databento_ohlcv_1m/front_1m.parquet,66.75,-59.25,0.7265917602996255,-0.7265917602996255,159.5,181.9875,0.8764338210041898,neutral,compression,0_7_to_0_9
NQ,2023-06-05,2023-06-05 04:00:00+00:00,2023-06-06 03:59:00+00:00,14528.75,14694.75,14516.25,14589.0,598314,databento_ohlcv_1m,../trading/data/databento_ohlcv_1m/front_1m.parquet,178.5,60.5,0.33753501400560226,0.33753501400560226,66.75,178.6875,0.37355718782791186,compression,neutral,lt_0_7
NQ,2023-06-06,2023-06-06 04:00:00+00:00,2023-06-07 03:59:00+00:00,14588.75,14623.75,14504.5,14586.25,566523,databento_ohlcv_1m,../trading/data/databento_ohlcv_1m/front_1m.parquet,119.25,-2.75,0.020964360587002098,-0.020964360587002098,178.5,178.45,1.0002801905295602,neutral,compression,0_9_to_1_1
NQ,2023-06-07,2023-06-07 04:00:00+00:00,2023-06-08 03:59:00+00:00,14586.5,14675.0,14304.25,14306.75,757564,databento_ohlcv_1m,../trading/data/databento_ohlcv_1m/front_1m.parquet,370.75,-279.5,0.7545515846257586,-0.7545515846257586,119.25,182.2,0.6545005488474205,compression,expansion,lt_0_7
NQ,2023-06-08,2023-06-08 04:00:00+00:00,2023-06-09 03:59:00+00:00,14307.25,14526.75,14256.75,14500.0,604071,databento_ohlcv_1m,../trading/data/databento_ohlcv_1m/front_1m.parquet,270.0,193.25,0.7138888888888889,0.7138888888888889,370.75,194.3125,1.9080090061112898,expansion,expansion,gt_1_3
NQ,2023-06-09,2023-06-09 04:00:00+00:00,2023-06-09 20:59:00+00:00,14499.75,14687.5,14460.25,14566.25,505806,databento_ohlcv_1m,../trading/data/databento_ohlcv_1m/front_1m.parquet,227.25,66.25,0.29262926292629265,0.29262926292629265,270.0,201.4,1.3406156901688182,expansion,neutral,gt_1_3
NQ,2023-06-11,2023-06-11 22:00:00+00:00,2023-06-12 03:59:00+00:00,14560.25,14778.5,14554.25,14764.75,10570,databento_ohlcv_1m,../trading/data/databento_ohlcv_1m/front_1m.parquet,224.25,198.5,0.9119286510590858,0.9119286510590858,227.25,203.025,1.1193202807536018,neutral,neutral,1_1_to_1_3
NQ,2023-06-12,2023-06-12 04:00:00+00:00,2023-06-13 03:59:00+00:00,14764.0,15052.5,14753.0,15047.25,395230,databento_ohlcv_1m,../trading/data/databento_ohlcv_1m/front_1m.parquet,299.5,282.5,0.9457429048414023,0.9457429048414023,224.25,197.8,1.1337209302325582,neutral,expansion,1_1_to_1_3
NQ,2023-06-13,2023-06-13 04:00:00+00:00,2023-06-14 03:59:00+00:00,15047.75,15151.25,14963.0,15098.75,609394,databento_ohlcv_1m,../trading/data/databento_ohlcv_1m/front_1m.parquet,188.25,51.5,0.27091633466135456,0.27091633466135456,299.5,206.9,1.4475592073465442,expansion,neutral,gt_1_3
NQ,2023-06-14,2023-06-14 04:00:00+00:00,2023-06-15 03:59:00+00:00,15098.5,15243.5,14976.0,15196.25,670885,databento_ohlcv_1m,../trading/data/databento_ohlcv_1m/front_1m.parquet,267.5,97.5,0.36542056074766355,0.36542056074766355,188.25,212.325,0.886612504415401,neutral,expansion,0_7_to_0_9
NQ,2023-06-15,2023-06-15 04:00:00+00:00,2023-06-16 03:59:00+00:00,15196.0,15441.0,15066.0,15346.25,683375,databento_ohlcv_1m,../trading/data/databento_ohlcv_1m/front_1m.parquet,375.0,150.0,0.40066666666666667,0.40066666666666667,267.5,217.9625,1.227275334059758,expansion,expansion,1_1_to_1_3
NQ,2023-06-16,2023-06-16 04:00:00+00:00,2023-06-16 20:59:00+00:00,15346.25,15475.5,15258.5,15300.75,589891,databento_ohlcv_1m,../trading/data/databento_ohlcv_1m/front_1m.parquet,217.0,-45.5,0.20967741935483872,-0.20967741935483872,375.0,225.3,1.6644474034620504,expansion,neutral,gt_1_3
NQ,2023-06-18,2023-06-18 22:00:00+00:00,2023-06-19 03:59:00+00:00,15303.25,15322.5,15269.75,15271.0,17814,databento_ohlcv_1m,../trading/data/databento_ohlcv_1m/front_1m.parquet,52.75,-29.75,0.6113744075829384,-0.6113744075829384,217.0,220.2875,0.9850763207172445,neutral,compression,0_9_to_1_1
NQ,2023-06-19,2023-06-19 04:00:00+00:00,2023-06-20 03:59:00+00:00,15271.0,15305.75,15224.0,15237.5,84958,databento_ohlcv_1m,../trading/data/databento_ohlcv_1m/front_1m.parquet,81.75,-33.5,0.40978593272171254,-0.40978593272171254,52.75,212.6875,0.24801645606817513,compression,compression,lt_0_7
NQ,2023-06-20,2023-06-20 04:00:00+00:00,2023-06-21 03:59:00+00:00,15238.0,15310.75,15126.5,15255.25,554439,databento_ohlcv_1m,../trading/data/databento_ohlcv_1m/front_1m.parquet,184.25,17.75,0.09362279511533243,0.09362279511533243,81.75,195.4625,0.4182387926072776,compression,neutral,lt_0_7
NQ,2023-06-21,2023-06-21 04:00:00+00:00,2023-06-22 03:59:00+00:00,15254.5,15265.75,15002.25,15028.75,630594,databento_ohlcv_1m,../trading/data/databento_ohlcv_1m/front_1m.parquet,263.5,-226.5,0.8567362428842504,-0.8567362428842504,184.25,201.025,0.9165526675786594,neutral,expansion,0_9_to_1_1
NQ,2023-06-22,2023-06-22 04:00:00+00:00,2023-06-23 03:59:00+00:00,15028.75,15238.0,14964.0,15156.75,602319,databento_ohlcv_1m,../trading/data/databento_ohlcv_1m/front_1m.parquet,274.0,128.0,0.46715328467153283,0.46715328467153283,263.5,210.9625,1.249037151152456,expansion,expansion,1_1_to_1_3
NQ,2023-06-23,2023-06-23 04:00:00+00:00,2023-06-23 20:59:00+00:00,15156.5,15176.0,14985.25,15053.25,589363,databento_ohlcv_1m,../trading/data/databento_ohlcv_1m/front_1m.parquet,190.75,-103.5,0.5412844036697247,-0.5412844036697247,274.0,213.0,1.2863849765258215,expansion,neutral,1_1_to_1_3
NQ,2023-06-25,2023-06-25 22:00:00+00:00,2023-06-26 03:59:00+00:00,15057.75,15114.0,15054.25,15101.75,23922,databento_ohlcv_1m,../trading/data/databento_ohlcv_1m/front_1m.parquet,59.75,48.5,0.7364016736401674,0.7364016736401674,190.75,214.3375,0.8899515950312008,neutral,compression,0_7_to_0_9
NQ,2023-06-26,2023-06-26 04:00:00+00:00,2023-06-27 03:59:00+00:00,15101.75,15152.5,14853.5,14875.75,638041,databento_ohlcv_1m,../trading/data/databento_ohlcv_1m/front_1m.parquet,299.0,-226.0,0.7558528428093646,-0.7558528428093646,59.75,203.5125,0.29359375959707634,compression,expansion,lt_0_7
NQ,2023-06-27,2023-06-27 04:00:00+00:00,2023-06-28 03:59:00+00:00,14875.75,15139.25,14873.25,15063.0,567488,databento_ohlcv_1m,../trading/data/databento_ohlcv_1m/front_1m.parquet,266.0,187.25,0.7039473684210527,0.7039473684210527,299.0,210.4875,1.4205119068828314,expansion,expansion,gt_1_3
NQ,2023-06-28,2023-06-28 04:00:00+00:00,2023-06-29 03:59:00+00:00,15063.25,15219.0,15021.25,15147.5,642924,databento_ohlcv_1m,../trading/data/databento_ohlcv_1m/front_1m.parquet,197.75,84.5,0.42604298356510745,0.42604298356510745,266.0,220.45,1.2066228169652984,expansion,neutral,1_1_to_1_3
NQ,2023-06-29,2023-06-29 04:00:00+00:00,2023-06-30 03:59:00+00:00,15147.25,15202.75,15028.5,15122.75,586183,databento_ohlcv_1m,../trading/data/databento_ohlcv_1m/front_1m.parquet,174.25,-24.75,0.1406025824964132,-0.1406025824964132,197.75,221.4125,0.8931293400327444,neutral,compression,0_7_to_0_9
NQ,2023-06-30,2023-06-30 04:00:00+00:00,2023-06-30 20:59:00+00:00,15122.75,15376.75,15120.75,15316.5,499166,databento_ohlcv_1m,../trading/data/databento_ohlcv_1m/front_1m.parquet,256.0,193.75,0.7568359375,0.7568359375,174.25,224.1625,0.7773378687336197,compression,neutral,0_7_to_0_9
NQ,2023-07-02,2023-07-02 22:00:00+00:00,2023-07-03 03:59:00+00:00,15331.0,15362.5,15330.5,15352.25,19708,databento_ohlcv_1m,../trading/data/databento_ohlcv_1m/front_1m.parquet,32.0,35.75,0.6640625,0.6640625,256.0,218.425,1.172027011560032,neutral,compression,1_1_to_1_3
NQ,2023-07-03,2023-07-03 04:00:00+00:00,2023-07-04 03:59:00+00:00,15352.0,15392.0,15308.0,15350.0,250571,databento_ohlcv_1m,../trading/data/databento_ohlcv_1m/front_1m.parquet,84.0,-2.25,0.023809523809523808,-0.023809523809523808,32.0,206.525,0.15494492192228543,compression,compression,lt_0_7
NQ,2023-07-04,2023-07-04 04:00:00+00:00,2023-07-05 03:59:00+00:00,15349.5,15368.5,15331.0,15344.25,48624,databento_ohlcv_1m,../trading/data/databento_ohlcv_1m/front_1m.parquet,37.5,-5.75,0.14,-0.14,84.0,199.3625,0.42134303091102887,compression,compression,lt_0_7
NQ,2023-07-05,2023-07-05 04:00:00+00:00,2023-07-06 03:59:00+00:00,15344.5,15432.0,15255.25,15299.5,479614,databento_ohlcv_1m,../trading/data/databento_ohlcv_1m/front_1m.parquet,176.75,-44.75,0.2545968882602546,-0.2545968882602546,37.5,190.025,0.19734245494013944,compression,neutral,lt_0_7
NQ,2023-07-06,2023-07-06 04:00:00+00:00,2023-07-07 03:59:00+00:00,15299.25,15307.0,15111.5,15233.5,559699,databento_ohlcv_1m,../trading/data/databento_ohlcv_1m/front_1m.parquet,195.5,-66.0,0.33631713554987214,-0.33631713554987214,176.75,183.8875,0.9611855074434098,neutral,neutral,0_9_to_1_1
NQ,2023-07-07,2023-07-07 04:00:00+00:00,2023-07-07 20:59:00+00:00,15233.25,15359.75,15172.25,15192.5,527537,databento_ohlcv_1m,../trading/data/databento_ohlcv_1m/front_1m.parquet,187.5,-41.0,0.21733333333333332,-0.21733333333333332,195.5,184.25,1.0610583446404342,neutral,neutral,0_9_to_1_1
NQ,2023-07-09,2023-07-09 22:00:00+00:00,2023-07-10 03:59:00+00:00,15198.5,15198.5,15120.25,15129.75,38652,databento_ohlcv_1m,../trading/data/databento_ohlcv_1m/front_1m.parquet,78.25,-62.75,0.8785942492012779,-0.8785942492012779,187.5,180.25,1.0402219140083218,neutral,compression,0_9_to_1_1
NQ,2023-07-10,2023-07-10 04:00:00+00:00,2023-07-11 03:59:00+00:00,15129.75,15218.25,15063.25,15195.75,574948,databento_ohlcv_1m,../trading/data/databento_ohlcv_1m/front_1m.parquet,155.0,66.0,0.4258064516129032,0.4258064516129032,78.25,165.4125,0.4730597748054107,compression,neutral,lt_0_7
NQ,2023-07-11,2023-07-11 04:00:00+00:00,2023-07-12 03:59:00+00:00,15195.75,15281.5,15109.5,15275.75,548016,databento_ohlcv_1m,../trading/data/databento_ohlcv_1m/front_1m.parquet,172.0,80.0,0.46511627906976744,0.46511627906976744,155.0,162.3125,0.9549480169426261,neutral,neutral,0_9_to_1_1
NQ,2023-07-12,2023-07-12 04:00:00+00:00,2023-07-13 03:59:00+00:00,15276.25,15507.75,15269.0,15501.5,644073,databento_ohlcv_1m,../trading/data/databento_ohlcv_1m/front_1m.parquet,238.75,225.75,0.9434554973821989,0.9434554973821989,172.0,168.275,1.0221363838954092,neutral,expansion,0_9_to_1_1
NQ,2023-07-13,2023-07-13 04:00:00+00:00,2023-07-14 03:59:00+00:00,15501.25,15741.25,15486.5,15724.0,556982,databento_ohlcv_1m,../trading/data/databento_ohlcv_1m/front_1m.parquet,254.75,222.5,0.8743866535819431,0.8743866535819431,238.75,176.125,1.3555713271823988,expansion,expansion,gt_1_3
NQ,2023-07-14,2023-07-14 04:00:00+00:00,2023-07-14 20:59:00+00:00,15723.75,15857.25,15663.0,15693.75,596006,databento_ohlcv_1m,../trading/data/databento_ohlcv_1m/front_1m.parquet,194.25,-30.25,0.15444015444015444,-0.15444015444015444,254.75,179.65,1.4180350681881435,expansion,neutral,gt_1_3
NQ,2023-07-16,2023-07-16 22:00:00+00:00,2023-07-17 03:59:00+00:00,15690.0,15690.25,15661.5,15677.5,19370,databento_ohlcv_1m,../trading/data/databento_ohlcv_1m/front_1m.parquet,28.75,-16.25,0.43478260869565216,-0.43478260869565216,194.25,176.1875,1.102518623625399,neutral,compression,1_1_to_1_3
NQ,2023-07-17,2023-07-17 04:00:00+00:00,2023-07-18 03:59:00+00:00,15676.75,15882.75,15673.25,15813.75,513556,databento_ohlcv_1m,../trading/data/databento_ohlcv_1m/front_1m.parquet,209.5,136.25,0.6539379474940334,0.6539379474940334,28.75,163.925,0.17538508464236693,compression,expansion,lt_0_7
NQ,2023-07-18,2023-07-18 04:00:00+00:00,2023-07-19 03:59:00+00:00,15813.75,16029.75,15733.0,15963.0,620189,databento_ohlcv_1m,../trading/data/databento_ohlcv_1m/front_1m.parquet,296.75,149.25,0.5029486099410277,0.5029486099410277,209.5,164.8625,1.2707559329744482,expansion,expansion,1_1_to_1_3
NQ,2023-07-19,2023-07-19 04:00:00+00:00,2023-07-20 03:59:00+00:00,15963.25,16062.75,15842.25,15883.5,693500,databento_ohlcv_1m,../trading/data/databento_ohlcv_1m/front_1m.parquet,220.5,-79.5,0.36167800453514737,-0.36167800453514737,296.75,176.7125,1.6792813185258542,expansion,expansion,gt_1_3
NQ,2023-07-20,2023-07-20 04:00:00+00:00,2023-07-21 03:59:00+00:00,15883.75,15904.25,15547.0,15602.75,786748,databento_ohlcv_1m,../trading/data/databento_ohlcv_1m/front_1m.parquet,357.25,-280.75,0.7865640307907628,-0.7865640307907628,220.5,172.7875,1.2761339795992188,expansion,expansion,1_1_to_1_3
NQ,2023-07-21,2023-07-21 04:00:00+00:00,2023-07-21 20:59:00+00:00,15602.0,15719.25,15522.25,15555.0,667439,databento_ohlcv_1m,../trading/data/databento_ohlcv_1m/front_1m.parquet,197.0,-47.75,0.23857868020304568,-0.23857868020304568,357.25,177.35,2.0143783478996338,expansion,neutral,gt_1_3
NQ,2023-07-23,2023-07-23 22:00:00+00:00,2023-07-24 03:59:00+00:00,15556.0,15571.0,15532.5,15546.25,22885,databento_ohlcv_1m,../trading/data/databento_ohlcv_1m/front_1m.parquet,38.5,-8.75,0.2532467532467532,-0.2532467532467532,197.0,177.3125,1.111032781106803,neutral,compression,1_1_to_1_3
NQ,2023-07-24,2023-07-24 04:00:00+00:00,2023-07-25 03:59:00+00:00,15546.5,15618.75,15483.75,15562.0,543754,databento_ohlcv_1m,../trading/data/databento_ohlcv_1m/front_1m.parquet,135.0,15.75,0.11481481481481481,0.11481481481481481,38.5,170.525,0.22577334701656648,compression,neutral,lt_0_7
NQ,2023-07-25,2023-07-25 04:00:00+00:00,2023-07-26 03:59:00+00:00,15561.75,15739.25,15555.0,15651.75,563663,databento_ohlcv_1m,../trading/data/databento_ohlcv_1m/front_1m.parquet,184.25,89.75,0.48846675712347354,0.48846675712347354,135.0,164.475,0.8207934336525308,neutral,neutral,0_7_to_0_9
NQ,2023-07-26,2023-07-26 04:00:00+00:00,2023-07-27 03:59:00+00:00,15651.5,15710.5,15515.0,15700.5,666129,databento_ohlcv_1m,../trading/data/databento_ohlcv_1m/front_1m.parquet,195.5,48.75,0.2506393861892583,0.2506393861892583,184.25,172.0875,1.0706762548122322,neutral,neutral,0_9_to_1_1
NQ,2023-07-27,2023-07-27 04:00:00+00:00,2023-07-28 03:59:00+00:00,15700.5,15904.0,15511.25,15612.25,843065,databento_ohlcv_1m,../trading/data/databento_ohlcv_1m/front_1m.parquet,392.75,-88.25,0.22469764481222151,-0.22469764481222151,195.5,177.6625,1.100401041300218,neutral,expansion,1_1_to_1_3
NQ,2023-07-28,2023-07-28 04:00:00+00:00,2023-07-28 20:59:00+00:00,15613.0,15896.0,15546.25,15846.0,635317,databento_ohlcv_1m,../trading/data/databento_ohlcv_1m/front_1m.parquet,349.75,233.75,0.6661901358112938,0.6661901358112938,392.75,195.425,2.009722399897659,expansion,expansion,gt_1_3
NQ,2023-07-30,2023-07-30 22:00:00+00:00,2023-07-31 03:59:00+00:00,15850.0,15917.0,15795.75,15807.25,44815,databento_ohlcv_1m,../trading/data/databento_ohlcv_1m/front_1m.parquet,121.25,-38.75,0.3525773195876289,-0.3525773195876289,349.75,204.075,1.7138306994977337,expansion,compression,gt_1_3
NQ,2023-07-31,2023-07-31 04:00:00+00:00,2023-08-01 03:59:00+00:00,15806.75,15905.0,15791.25,15866.75,489798,databento_ohlcv_1m,../trading/data/databento_ohlcv_1m/front_1m.parquet,113.75,59.5,0.5274725274725275,0.5274725274725275,121.25,200.3625,0.6051531598976854,compression,compression,lt_0_7
NQ,2023-08-01,2023-08-01 04:00:00+00:00,2023-08-02 03:59:00+00:00,15867.0,15874.5,15684.0,15727.75,543542,databento_ohlcv_1m,../trading/data/databento_ohlcv_1m/front_1m.parquet,190.5,-139.0,0.7309711286089239,-0.7309711286089239,113.75,196.675,0.5783653235032413,compression,neutral,lt_0_7
NQ,2023-08-02,2023-08-02 04:00:00+00:00,2023-08-03 03:59:00+00:00,15727.5,15731.5,15414.0,15477.5,740881,databento_ohlcv_1m,../trading/data/databento_ohlcv_1m/front_1m.parquet,317.5,-250.25,0.7874015748031497,-0.7874015748031497,190.5,202.2875,0.9417289748501514,neutral,expansion,0_9_to_1_1
NQ,2023-08-03,2023-08-03 04:00:00+00:00,2023-08-04 03:59:00+00:00,15478.0,15551.75,15339.5,15513.0,657738,databento_ohlcv_1m,../trading/data/databento_ohlcv_1m/front_1m.parquet,212.25,35.5,0.16489988221436985,0.16489988221436985,317.5,210.4125,1.5089407711043783,expansion,neutral,gt_1_3
NQ,2023-08-04,2023-08-04 04:00:00+00:00,2023-08-04 20:59:00+00:00,15512.75,15610.25,15336.5,15362.75,727977,databento_ohlcv_1m,../trading/data/databento_ohlcv_1m/front_1m.parquet,273.75,-150.25,0.547945205479452,-0.547945205479452,212.25,212.425,0.9991761798281746,neutral,expansion,0_9_to_1_1
NQ,2023-08-06,2023-08-06 22:00:00+00:00,2023-08-07 03:59:00+00:00,15370.5,15444.75,15357.75,15434.5,31052,databento_ohlcv_1m,../trading/data/databento_ohlcv_1m/front_1m.parquet,87.0,71.75,0.735632183908046,0.735632183908046,273.75,214.175,1.2781603828644799,expansion,compression,1_1_to_1_3
NQ,2023-08-07,2023-08-07 04:00:00+00:00,2023-08-08 03:59:00+00:00,15435.0,15497.75,15334.25,15433.5,568311,databento_ohlcv_1m,../trading/data/databento_ohlcv_1m/front_1m.parquet,163.5,-1.0,0.009174311926605505,-0.009174311926605505,87.0,205.7875,0.4227662030006682,compression,neutral,lt_0_7
NQ,2023-08-08,2023-08-08 04:00:00+00:00,2023-08-09 03:59:00+00:00,15433.75,15446.0,15218.0,15373.75,626837,databento_ohlcv_1m,../trading/data/databento_ohlcv_1m/front_1m.parquet,228.0,-59.75,0.2631578947368421,-0.2631578947368421,163.5,204.25,0.8004895960832313,neutral,neutral,0_7_to_0_9
NQ,2023-08-09,2023-08-09 04:00:00+00:00,2023-08-10 03:59:00+00:00,15374.0,15432.5,15146.5,15239.75,643149,databento_ohlcv_1m,../trading/data/databento_ohlcv_1m/front_1m.parquet,286.0,-134.0,0.46940559440559443,-0.46940559440559443,228.0,214.2125,1.0643636575830075,neutral,expansion,0_9_to_1_1
NQ,2023-08-10,2023-08-10 04:00:00+00:00,2023-08-11 03:59:00+00:00,15240.0,15442.25,15136.0,15211.25,790547,databento_ohlcv_1m,../trading/data/databento_ohlcv_1m/front_1m.parquet,306.25,-28.5,0.09387755102040816,-0.09387755102040816,286.0,218.0375,1.3117009688700338,expansion,expansion,gt_1_3
NQ,2023-08-11,2023-08-11 04:00:00+00:00,2023-08-11 20:59:00+00:00,15211.25,15241.75,15037.25,15103.75,586669,databento_ohlcv_1m,../trading/data/databento_ohlcv_1m/front_1m.parquet,204.5,-107.5,0.5256723716381418,-0.5256723716381418,306.25,218.5125,1.4015216520794005,expansion,neutral,gt_1_3
NQ,2023-08-13,2023-08-13 22:00:00+00:00,2023-08-14 03:59:00+00:00,15104.0,15149.0,15020.75,15050.5,40534,databento_ohlcv_1m,../trading/data/databento_ohlcv_1m/front_1m.parquet,128.25,-53.25,0.4171539961013645,-0.4171539961013645,204.5,217.7125,0.9393121662743297,neutral,compression,0_9_to_1_1
NQ,2023-08-14,2023-08-14 04:00:00+00:00,2023-08-15 03:59:00+00:00,15050.25,15335.0,15035.0,15320.0,542066,databento_ohlcv_1m,../trading/data/databento_ohlcv_1m/front_1m.parquet,300.0,269.5,0.8991666666666667,0.8991666666666667,128.25,206.2625,0.6217804981516272,compression,expansion,lt_0_7
NQ,2023-08-15,2023-08-15 04:00:00+00:00,2023-08-16 03:59:00+00:00,15320.0,15330.5,15074.75,15121.25,578256,databento_ohlcv_1m,../trading/data/databento_ohlcv_1m/front_1m.parquet,255.75,-198.75,0.7771260997067448,-0.7771260997067448,300.0,211.4125,1.4190267841305506,expansion,neutral,gt_1_3
NQ,2023-08-16,2023-08-16 04:00:00+00:00,2023-08-17 03:59:00+00:00,15121.75,15166.0,14887.5,14947.0,641559,databento_ohlcv_1m,../trading/data/databento_ohlcv_1m/front_1m.parquet,278.5,-174.25,0.6274685816876122,-0.6274685816876122,255.75,222.275,1.1506017320886288,neutral,expansion,1_1_to_1_3
NQ,2023-08-17,2023-08-17 04:00:00+00:00,2023-08-18 03:59:00+00:00,14947.0,15018.25,14731.5,14761.5,672081,databento_ohlcv_1m,../trading/data/databento_ohlcv_1m/front_1m.parquet,286.75,-185.5,0.6469049694856146,-0.6469049694856146,278.5,229.45,1.2137720636304206,expansion,expansion,1_1_to_1_3
NQ,2023-08-18,2023-08-18 04:00:00+00:00,2023-08-18 20:59:00+00:00,14762.0,14802.75,14609.25,14744.0,689310,databento_ohlcv_1m,../trading/data/databento_ohlcv_1m/front_1m.parquet,193.5,-17.5,0.09302325581395349,-0.09302325581395349,286.75,234.575,1.2224235319194288,expansion,neutral,1_1_to_1_3
NQ,2023-08-20,2023-08-20 22:00:00+00:00,2023-08-21 03:59:00+00:00,14762.5,14795.25,14734.5,14764.0,28470,databento_ohlcv_1m,../trading/data/databento_ohlcv_1m/front_1m.parquet,60.75,20.0,0.024691358024691357,0.024691358024691357,193.5,234.475,0.8252478942317945,neutral,compression,0_7_to_0_9
NQ,2023-08-21,2023-08-21 04:00:00+00:00,2023-08-22 03:59:00+00:00,14763.5,15013.75,14720.5,14973.75,626353,databento_ohlcv_1m,../trading/data/databento_ohlcv_1m/front_1m.parquet,293.25,209.75,0.7169650468883205,0.7169650468883205,60.75,217.875,0.27882960413080893,compression,expansion,lt_0_7
NQ,2023-08-22,2023-08-22 04:00:00+00:00,2023-08-23 03:59:00+00:00,14974.25,15118.25,14932.0,15011.5,618158,databento_ohlcv_1m,../trading/data/databento_ohlcv_1m/front_1m.parquet,186.25,37.75,0.2,0.2,293.25,215.05,1.3636363636363635,expansion,neutral,gt_1_3
NQ,2023-08-23,2023-08-23 04:00:00+00:00,2023-08-24 03:59:00+00:00,15011.25,15398.75,14957.25,15383.75,613563,databento_ohlcv_1m,../trading/data/databento_ohlcv_1m/front_1m.parquet,441.5,372.25,0.8437146092865232,0.8437146092865232,186.25,218.3,0.853183692166743,neutral,expansion,0_7_to_0_9
NQ,2023-08-24,2023-08-24 04:00:00+00:00,2023-08-25 03:59:00+00:00,15383.5,15418.0,14817.0,14835.25,827108,databento_ohlcv_1m,../trading/data/databento_ohlcv_1m/front_1m.parquet,601.0,-548.5,0.9122296173044925,-0.9122296173044925,441.5,234.6875,1.881225033288948,expansion,expansion,gt_1_3
NQ,2023-08-25,2023-08-25 04:00:00+00:00,2023-08-25 20:59:00+00:00,14835.5,15048.75,14751.75,14972.25,782361,databento_ohlcv_1m,../trading/data/databento_ohlcv_1m/front_1m.parquet,297.0,137.0,0.4604377104377104,0.4604377104377104,601.0,255.2125,2.3549003281579077,expansion,neutral,gt_1_3
NQ,2023-08-27,2023-08-27 22:00:00+00:00,2023-08-28 03:59:00+00:00,14991.0,15029.75,14973.5,14980.5,27131,databento_ohlcv_1m,../trading/data/databento_ohlcv_1m/front_1m.parquet,56.25,8.25,0.18666666666666668,-0.18666666666666668,297.0,254.1875,1.1684288173100565,neutral,compression,1_1_to_1_3
NQ,2023-08-28,2023-08-28 04:00:00+00:00,2023-08-29 03:59:00+00:00,14980.5,15126.5,14975.75,15112.0,574330,databento_ohlcv_1m,../trading/data/databento_ohlcv_1m/front_1m.parquet,150.75,131.5,0.8723051409618574,0.8723051409618574,56.25,246.3875,0.22829891938511493,compression,compression,lt_0_7
NQ,2023-08-29,2023-08-29 04:00:00+00:00,2023-08-30 03:59:00+00:00,15112.0,15468.0,15049.75,15455.5,609389,databento_ohlcv_1m,../trading/data/databento_ohlcv_1m/front_1m.parquet,418.25,343.5,0.8212791392707711,0.8212791392707711,150.75,240.2375,0.6275040324678703,compression,expansion,lt_0_7
NQ,2023-08-30,2023-08-30 04:00:00+00:00,2023-08-31 03:59:00+00:00,15455.75,15532.0,15361.5,15511.75,583899,databento_ohlcv_1m,../trading/data/databento_ohlcv_1m/front_1m.parquet,170.5,56.25,0.3284457478005865,0.3284457478005865,418.25,256.8,1.6286993769470404,expansion,compression,gt_1_3
NQ,2023-08-31,2023-08-31 04:00:00+00:00,2023-09-01 03:59:00+00:00,15511.5,15606.75,15460.0,15547.0,574168,databento_ohlcv_1m,../trading/data/databento_ohlcv_1m/front_1m.parquet,146.75,35.25,0.24190800681431004,0.24190800681431004,170.5,257.15,0.6630371378572818,compression,compression,lt_0_7
NQ,2023-09-01,2023-09-01 04:00:00+00:00,2023-09-01 20:59:00+00:00,15547.5,15661.25,15454.0,15511.25,552285,databento_ohlcv_1m,../trading/data/databento_ohlcv_1m/front_1m.parquet,207.25,-35.75,0.17490952955367914,-0.17490952955367914,146.75,253.0875,0.5798389884921222,compression,neutral,lt_0_7
NQ,2023-09-03,2023-09-03 22:00:00+00:00,2023-09-04 03:59:00+00:00,15517.0,15542.75,15500.5,15533.5,13557,databento_ohlcv_1m,../trading/data/databento_ohlcv_1m/front_1m.parquet,42.25,22.25,0.3905325443786982,0.3905325443786982,207.25,249.15,0.8318282159341762,neutral,compression,0_7_to_0_9
NQ,2023-09-04,2023-09-04 04:00:00+00:00,2023-09-05 03:59:00+00:00,15533.75,15578.75,15488.0,15499.25,83111,databento_ohlcv_1m,../trading/data/databento_ohlcv_1m/front_1m.parquet,90.75,-34.25,0.38016528925619836,-0.38016528925619836,42.25,235.95,0.1790633608815427,compression,compression,lt_0_7
NQ,2023-09-05,2023-09-05 04:00:00+00:00,2023-09-06 03:59:00+00:00,15499.75,15586.75,15418.25,15501.75,516478,databento_ohlcv_1m,../trading/data/databento_ohlcv_1m/front_1m.parquet,168.5,2.5,0.011869436201780416,0.011869436201780416,90.75,230.2625,0.3941154117583193,compression,compression,lt_0_7
NQ,2023-09-06,2023-09-06 04:00:00+00:00,2023-09-07 03:59:00+00:00,15502.0,15517.75,15310.5,15385.75,587414,databento_ohlcv_1m,../trading/data/databento_ohlcv_1m/front_1m.parquet,207.25,-116.0,0.5609167671893848,-0.5609167671893848,168.5,232.275,0.7254332149391884,compression,neutral,0_7_to_0_9
NQ,2023-09-07,2023-09-07 04:00:00+00:00,2023-09-08 03:59:00+00:00,15386.0,15387.5,15157.5,15287.75,623541,databento_ohlcv_1m,../trading/data/databento_ohlcv_1m/front_1m.parquet,230.0,-98.0,0.42717391304347824,-0.42717391304347824,207.25,227.6375,0.9104387458129702,neutral,neutral,0_9_to_1_1
NQ,2023-09-08,2023-09-08 04:00:00+00:00,2023-09-08 20:59:00+00:00,15288.0,15390.75,15223.0,15313.0,521669,databento_ohlcv_1m,../trading/data/databento_ohlcv_1m/front_1m.parquet,167.75,25.25,0.14903129657228018,0.14903129657228018,230.0,226.35,1.0161254694057875,neutral,compression,0_9_to_1_1
NQ,2023-09-10,2023-09-10 22:00:00+00:00,2023-09-11 03:59:00+00:00,15308.0,15531.75,15298.75,15515.75,17748,databento_ohlcv_1m,../trading/data/databento_ohlcv_1m/front_1m.parquet,233.0,202.75,0.8916309012875536,0.8916309012875536,167.75,220.8125,0.7596943107840363,compression,neutral,0_7_to_0_9
NQ,2023-09-11,2023-09-11 04:00:00+00:00,2023-09-12 03:59:00+00:00,15515.75,15696.0,15514.5,15669.0,458486,databento_ohlcv_1m,../trading/data/databento_ohlcv_1m/front_1m.parquet,181.5,153.25,0.8443526170798898,0.8443526170798898,233.0,218.125,1.0681948424068768,neutral,neutral,0_9_to_1_1
NQ,2023-09-12,2023-09-12 04:00:00+00:00,2023-09-13 03:59:00+00:00,15669.0,15680.0,15472.75,15478.75,557643,databento_ohlcv_1m,../trading/data/databento_ohlcv_1m/front_1m.parquet,207.25,-190.25,0.9179734620024126,-0.9179734620024126,181.5,217.525,0.8343868520859671,neutral,neutral,0_7_to_0_9
NQ,2023-09-13,2023-09-13 04:00:00+00:00,2023-09-14 03:59:00+00:00,15478.5,15624.0,15406.0,15623.75,686765,databento_ohlcv_1m,../trading/data/databento_ohlcv_1m/front_1m.parquet,218.0,145.0,0.6662844036697247,0.6662844036697247,207.25,224.85,0.9217255948410051,neutral,neutral,0_9_to_1_1
NQ,2023-09-14,2023-09-14 04:00:00+00:00,2023-09-15 03:59:00+00:00,15623.5,15718.5,15531.0,15710.0,616088,databento_ohlcv_1m,../trading/data/databento_ohlcv_1m/front_1m.parquet,187.5,86.25,0.4613333333333333,0.4613333333333333,218.0,221.0875,0.9860349409170577,neutral,neutral,0_9_to_1_1
NQ,2023-09-15,2023-09-15 04:00:00+00:00,2023-09-15 20:59:00+00:00,15710.25,15719.75,15356.75,15383.0,658131,databento_ohlcv_1m,../trading/data/databento_ohlcv_1m/front_1m.parquet,363.0,-327.0,0.9015151515151515,-0.9015151515151515,187.5,221.15,0.8478408320144698,neutral,expansion,0_7_to_0_9
NQ,2023-09-17,2023-09-17 22:00:00+00:00,2023-09-18 03:59:00+00:00,15382.25,15419.75,15379.5,15411.25,20862,databento_ohlcv_1m,../trading/data/databento_ohlcv_1m/front_1m.parquet,40.25,28.25,0.7204968944099379,0.7204968944099379,363.0,217.225,1.671078374956842,expansion,compression,gt_1_3
NQ,2023-09-18,2023-09-18 04:00:00+00:00,2023-09-19 03:59:00+00:00,15411.25,15461.0,15330.5,15408.25,496854,databento_ohlcv_1m,../trading/data/databento_ohlcv_1m/front_1m.parquet,130.5,-3.0,0.022988505747126436,-0.022988505747126436,40.25,189.1875,0.21275189957053187,compression,compression,lt_0_7
NQ,2023-09-19,2023-09-19 04:00:00+00:00,2023-09-20 03:59:00+00:00,15408.25,15442.25,15248.5,15349.75,545613,databento_ohlcv_1m,../trading/data/databento_ohlcv_1m/front_1m.parquet,193.75,-58.5,0.30193548387096775,-0.30193548387096775,130.5,180.8625,0.7215426083350611,compression,neutral,0_7_to_0_9
NQ,2023-09-20,2023-09-20 04:00:00+00:00,2023-09-21 03:59:00+00:00,15350.0,15436.25,15080.0,15095.5,615658,databento_ohlcv_1m,../trading/data/databento_ohlcv_1m/front_1m.parquet,356.25,-254.25,0.7143859649122807,-0.7143859649122807,193.75,187.7375,1.0320261002729876,neutral,expansion,0_9_to_1_1
NQ,2023-09-21,2023-09-21 04:00:00+00:00,2023-09-22 03:59:00+00:00,15095.75,15112.0,14836.25,14895.75,679738,databento_ohlcv_1m,../trading/data/databento_ohlcv_1m/front_1m.parquet,275.75,-199.75,0.7252946509519492,-0.7252946509519492,356.25,198.0125,1.7991288428760812,expansion,expansion,gt_1_3
NQ,2023-09-22,2023-09-22 04:00:00+00:00,2023-09-22 20:59:00+00:00,14896.0,15027.5,14852.5,14876.25,588382,databento_ohlcv_1m,../trading/data/databento_ohlcv_1m/front_1m.parquet,175.0,-19.5,0.11285714285714285,-0.11285714285714285,275.75,190.8875,1.4445681356820117,expansion,neutral,gt_1_3
NQ,2023-09-24,2023-09-24 22:00:00+00:00,2023-09-25 03:59:00+00:00,14880.25,14927.75,14867.5,14922.0,25365,databento_ohlcv_1m,../trading/data/databento_ohlcv_1m/front_1m.parquet,60.25,45.75,0.6929460580912863,0.6929460580912863,175.0,191.1125,0.9156910196873569,neutral,compression,0_9_to_1_1
NQ,2023-09-25,2023-09-25 04:00:00+00:00,2023-09-26 03:59:00+00:00,14921.5,14955.75,14782.25,14874.75,566665,databento_ohlcv_1m,../trading/data/databento_ohlcv_1m/front_1m.parquet,173.5,-47.25,0.26945244956772335,-0.26945244956772335,60.25,186.7875,0.322559057752794,compression,neutral,lt_0_7
NQ,2023-09-26,2023-09-26 04:00:00+00:00,2023-09-27 03:59:00+00:00,14874.75,14893.0,14666.25,14738.25,659003,databento_ohlcv_1m,../trading/data/databento_ohlcv_1m/front_1m.parquet,226.75,-136.5,0.6019845644983461,-0.6019845644983461,173.5,185.1,0.9373311723392761,neutral,neutral,0_9_to_1_1
NQ,2023-09-27,2023-09-27 04:00:00+00:00,2023-09-28 03:59:00+00:00,14738.75,14821.5,14586.0,14740.25,713063,databento_ohlcv_1m,../trading/data/databento_ohlcv_1m/front_1m.parquet,235.5,2.0,0.006369426751592357,0.006369426751592357,226.75,194.325,1.1668596423517303,neutral,neutral,1_1_to_1_3
NQ,2023-09-28,2023-09-28 04:00:00+00:00,2023-09-29 03:59:00+00:00,14740.25,14947.5,14658.0,14886.0,718277,databento_ohlcv_1m,../trading/data/databento_ohlcv_1m/front_1m.parquet,289.5,145.75,0.5034542314335061,0.5034542314335061,235.5,201.5625,1.1683720930232557,neutral,expansion,1_1_to_1_3
NQ,2023-09-29,2023-09-29 04:00:00+00:00,2023-09-29 20:59:00+00:00,14885.25,15060.75,14811.0,14891.5,708074,databento_ohlcv_1m,../trading/data/databento_ohlcv_1m/front_1m.parquet,249.75,5.5,0.025025025025025027,0.025025025025025027,289.5,207.6125,1.394424709494852,expansion,neutral,gt_1_3
NQ,2023-10-01,2023-10-01 22:00:00+00:00,2023-10-02 03:59:00+00:00,14965.0,15010.0,14934.25,14976.0,36528,databento_ohlcv_1m,../trading/data/databento_ohlcv_1m/front_1m.parquet,75.75,84.5,0.14521452145214522,0.14521452145214522,249.75,209.7375,1.1907741820132307,neutral,compression,1_1_to_1_3
NQ,2023-10-02,2023-10-02 04:00:00+00:00,2023-10-03 03:59:00+00:00,14975.75,15046.0,14826.0,14984.0,749902,databento_ohlcv_1m,../trading/data/databento_ohlcv_1m/front_1m.parquet,220.0,8.0,0.0375,0.0375,75.75,202.025,0.37495359485212226,compression,neutral,lt_0_7
NQ,2023-10-03,2023-10-03 04:00:00+00:00,2023-10-04 03:59:00+00:00,14984.25,15031.0,14640.0,14656.75,769627,databento_ohlcv_1m,../trading/data/databento_ohlcv_1m/front_1m.parquet,391.0,-327.25,0.8375959079283888,-0.8375959079283888,220.0,204.6375,1.0750717732575896,neutral,expansion,0_9_to_1_1
NQ,2023-10-04,2023-10-04 04:00:00+00:00,2023-10-05 03:59:00+00:00,14657.25,14956.0,14589.0,14937.0,777897,databento_ohlcv_1m,../trading/data/databento_ohlcv_1m/front_1m.parquet,367.0,280.25,0.7622615803814714,0.7622615803814714,391.0,212.5375,1.839675351408575,expansion,expansion,gt_1_3
NQ,2023-10-05,2023-10-05 04:00:00+00:00,2023-10-06 03:59:00+00:00,14937.75,14958.75,14716.25,14863.75,660945,databento_ohlcv_1m,../trading/data/databento_ohlcv_1m/front_1m.parquet,242.5,-73.25,0.30515463917525776,-0.30515463917525776,367.0,221.8125,1.6545505776275007,expansion,neutral,gt_1_3
NQ,2023-10-06,2023-10-06 04:00:00+00:00,2023-10-06 20:59:00+00:00,14863.25,15160.25,14660.0,15139.5,805050,databento_ohlcv_1m,../trading/data/databento_ohlcv_1m/front_1m.parquet,500.25,275.75,0.552223888055972,0.552223888055972,242.5,223.575,1.0846472101084648,neutral,expansion,0_9_to_1_1
NQ,2023-10-08,2023-10-08 22:00:00+00:00,2023-10-09 03:59:00+00:00,15040.25,15040.5,14978.75,14981.25,43923,databento_ohlcv_1m,../trading/data/databento_ohlcv_1m/front_1m.parquet,61.75,-158.25,0.9554655870445344,-0.9554655870445344,500.25,237.6875,2.1046542203523533,expansion,compression,gt_1_3
NQ,2023-10-09,2023-10-09 04:00:00+00:00,2023-10-10 03:59:00+00:00,14981.5,15237.75,14949.5,15216.0,588676,databento_ohlcv_1m,../trading/data/databento_ohlcv_1m/front_1m.parquet,288.25,234.75,0.813529921942758,0.813529921942758,61.75,231.4,0.26685393258426965,compression,expansion,lt_0_7
NQ,2023-10-10,2023-10-10 04:00:00+00:00,2023-10-11 03:59:00+00:00,15215.5,15383.5,15171.75,15296.75,635443,databento_ohlcv_1m,../trading/data/databento_ohlcv_1m/front_1m.parquet,211.75,80.75,0.3837072018890201,0.3837072018890201,288.25,227.6625,1.2661285894690606,expansion,neutral,1_1_to_1_3
NQ,2023-10-11,2023-10-11 04:00:00+00:00,2023-10-12 03:59:00+00:00,15297.25,15431.0,15253.0,15425.0,609831,databento_ohlcv_1m,../trading/data/databento_ohlcv_1m/front_1m.parquet,178.0,128.25,0.7176966292134831,0.7176966292134831,211.75,236.2375,0.8963437218900471,neutral,compression,0_7_to_0_9
NQ,2023-10-12,2023-10-12 04:00:00+00:00,2023-10-13 03:59:00+00:00,15424.75,15468.75,15216.25,15328.5,738223,databento_ohlcv_1m,../trading/data/databento_ohlcv_1m/front_1m.parquet,252.5,-96.5,0.3811881188118812,-0.3811881188118812,178.0,238.6125,0.7459793598407459,compression,neutral,0_7_to_0_9
NQ,2023-10-13,2023-10-13 04:00:00+00:00,2023-10-13 20:59:00+00:00,15328.0,15366.75,15062.25,15107.5,748631,databento_ohlcv_1m,../trading/data/databento_ohlcv_1m/front_1m.parquet,304.5,-221.0,0.7241379310344828,-0.7241379310344828,252.5,241.55,1.045332229352101,neutral,expansion,0_9_to_1_1
NQ,2023-10-15,2023-10-15 22:00:00+00:00,2023-10-16 03:59:00+00:00,15120.0,15187.5,15120.0,15164.0,27651,databento_ohlcv_1m,../trading/data/databento_ohlcv_1m/front_1m.parquet,67.5,56.5,0.6518518518518519,0.6518518518518519,304.5,238.9625,1.2742585133650677,expansion,compression,1_1_to_1_3
NQ,2023-10-16,2023-10-16 04:00:00+00:00,2023-10-17 03:59:00+00:00,15163.25,15336.75,15083.0,15274.5,627378,databento_ohlcv_1m,../trading/data/databento_ohlcv_1m/front_1m.parquet,253.75,110.5,0.43842364532019706,0.43842364532019706,67.5,228.55,0.29534018814263835,compression,neutral,lt_0_7
NQ,2023-10-17,2023-10-17 04:00:00+00:00,2023-10-18 03:59:00+00:00,15274.5,15309.25,15050.25,15216.25,779528,databento_ohlcv_1m,../trading/data/databento_ohlcv_1m/front_1m.parquet,259.0,-58.25,0.2249034749034749,-0.2249034749034749,253.75,232.4875,1.0914565299209635,neutral,neutral,0_9_to_1_1
NQ,2023-10-18,2023-10-18 04:00:00+00:00,2023-10-19 03:59:00+00:00,15216.75,15223.75,14979.25,14995.75,857171,databento_ohlcv_1m,../trading/data/databento_ohlcv_1m/front_1m.parquet,244.5,-220.5,0.9038854805725971,-0.9038854805725971,259.0,242.425,1.0683716613385583,neutral,neutral,0_9_to_1_1
NQ,2023-10-19,2023-10-19 04:00:00+00:00,2023-10-20 03:59:00+00:00,14995.75,15138.25,14817.5,14847.0,1005291,databento_ohlcv_1m,../trading/data/databento_ohlcv_1m/front_1m.parquet,320.75,-148.75,0.4637568199532346,-0.4637568199532346,244.5,245.975,0.9940034556357353,neutral,expansion,0_9_to_1_1
NQ,2023-10-20,2023-10-20 04:00:00+00:00,2023-10-20 20:59:00+00:00,14847.5,14887.5,14645.0,14649.0,801367,databento_ohlcv_1m,../trading/data/databento_ohlcv_1m/front_1m.parquet,242.5,-198.0,0.8185567010309278,-0.8185567010309278,320.75,250.675,1.2795452278847113,expansion,neutral,1_1_to_1_3
NQ,2023-10-22,2023-10-22 22:00:00+00:00,2023-10-23 03:59:00+00:00,14680.0,14716.0,14662.5,14690.0,27980,databento_ohlcv_1m,../trading/data/databento_ohlcv_1m/front_1m.parquet,53.5,41.0,0.18691588785046728,0.18691588785046728,242.5,251.025,0.9660392391196095,neutral,compression,0_9_to_1_1
NQ,2023-10-23,2023-10-23 04:00:00+00:00,2023-10-24 03:59:00+00:00,14689.75,14853.75,14514.25,14754.5,754442,databento_ohlcv_1m,../trading/data/databento_ohlcv_1m/front_1m.parquet,339.5,64.5,0.19072164948453607,0.19072164948453607,53.5,239.225,0.2236388337339325,compression,expansion,lt_0_7
NQ,2023-10-24,2023-10-24 04:00:00+00:00,2023-10-25 03:59:00+00:00,14755.0,14948.75,14706.0,14786.0,702583,databento_ohlcv_1m,../trading/data/databento_ohlcv_1m/front_1m.parquet,242.75,31.5,0.12770339855818744,0.12770339855818744,339.5,243.7125,1.3930348258706466,expansion,neutral,gt_1_3
NQ,2023-10-25,2023-10-25 04:00:00+00:00,2023-10-26 03:59:00+00:00,14786.0,14792.0,14302.25,14321.25,832515,databento_ohlcv_1m,../trading/data/databento_ohlcv_1m/front_1m.parquet,489.75,-464.75,0.9489535477284329,-0.9489535477284329,242.75,252.0625,0.9630547979171833,neutral,expansion,0_9_to_1_1
NQ,2023-10-26,2023-10-26 04:00:00+00:00,2023-10-27 03:59:00+00:00,14321.25,14459.0,14140.25,14306.5,953400,databento_ohlcv_1m,../trading/data/databento_ohlcv_1m/front_1m.parquet,318.75,-14.75,0.04627450980392157,-0.04627450980392157,489.75,265.55,1.8442854453022028,expansion,expansion,gt_1_3
NQ,2023-10-27,2023-10-27 04:00:00+00:00,2023-10-27 20:59:00+00:00,14306.5,14407.75,14209.75,14270.0,742798,databento_ohlcv_1m,../trading/data/databento_ohlcv_1m/front_1m.parquet,198.0,-36.5,0.18434343434343434,-0.18434343434343434,318.75,261.9375,1.2168933428775948,expansion,compression,1_1_to_1_3
NQ,2023-10-29,2023-10-29 22:00:00+00:00,2023-10-30 03:59:00+00:00,14336.0,14351.75,14303.0,14341.0,26388,databento_ohlcv_1m,../trading/data/databento_ohlcv_1m/front_1m.parquet,48.75,71.0,0.10256410256410256,0.10256410256410256,198.0,253.4875,0.7811036047142363,compression,compression,0_7_to_0_9
NQ,2023-10-30,2023-10-30 04:00:00+00:00,2023-10-31 03:59:00+00:00,14341.0,14476.5,14306.25,14344.0,704418,databento_ohlcv_1m,../trading/data/databento_ohlcv_1m/front_1m.parquet,170.25,3.0,0.01762114537444934,0.01762114537444934,48.75,243.8,0.19995898277276455,compression,compression,lt_0_7
NQ,2023-10-31,2023-10-31 04:00:00+00:00,2023-11-01 03:59:00+00:00,14344.5,14503.75,14311.25,14470.0,695636,databento_ohlcv_1m,../trading/data/databento_ohlcv_1m/front_1m.parquet,192.5,126.0,0.6519480519480519,0.6519480519480519,170.25,227.3,0.7490101187857456,compression,neutral,0_7_to_0_9
NQ,2023-11-01,2023-11-01 04:00:00+00:00,2023-11-02 03:59:00+00:00,14470.0,14817.5,14410.75,14806.0,744451,databento_ohlcv_1m,../trading/data/databento_ohlcv_1m/front_1m.parquet,406.75,336.0,0.826060233558697,0.826060233558697,192.5,233.8375,0.8232212540760143,neutral,expansion,0_7_to_0_9
NQ,2023-11-02,2023-11-02 04:00:00+00:00,2023-11-03 03:59:00+00:00,14805.25,15017.25,14780.75,14957.25,630564,databento_ohlcv_1m,../trading/data/databento_ohlcv_1m/front_1m.parquet,236.5,151.25,0.642706131078224,0.642706131078224,406.75,239.7625,1.696470465564882,expansion,neutral,gt_1_3
NQ,2023-11-03,2023-11-03 04:00:00+00:00,2023-11-03 20:59:00+00:00,14957.25,15228.5,14931.5,15186.25,605330,databento_ohlcv_1m,../trading/data/databento_ohlcv_1m/front_1m.parquet,297.0,229.0,0.7710437710437711,0.7710437710437711,236.5,241.0,0.9813278008298755,neutral,expansion,0_9_to_1_1
NQ,2023-11-05,2023-11-05 23:00:00+00:00,2023-11-06 04:59:00+00:00,15187.0,15202.5,15162.75,15179.0,24911,databento_ohlcv_1m,../trading/data/databento_ohlcv_1m/front_1m.parquet,39.75,-7.25,0.20125786163522014,-0.20125786163522014,297.0,246.95,1.2026726057906458,expansion,compression,1_1_to_1_3
NQ,2023-11-06,2023-11-06 05:00:00+00:00,2023-11-07 04:59:00+00:00,15179.25,15257.5,15138.0,15205.5,485179,databento_ohlcv_1m,../trading/data/databento_ohlcv_1m/front_1m.parquet,119.5,26.5,0.2196652719665272,0.2196652719665272,39.75,236.3125,0.1682094683946046,compression,compression,lt_0_7
NQ,2023-11-07,2023-11-07 05:00:00+00:00,2023-11-08 04:59:00+00:00,15205.5,15412.25,15176.0,15358.5,573328,databento_ohlcv_1m,../trading/data/databento_ohlcv_1m/front_1m.parquet,236.25,153.0,0.6476190476190476,0.6476190476190476,119.5,227.0625,0.5262868153041563,compression,neutral,lt_0_7
NQ,2023-11-08,2023-11-08 05:00:00+00:00,2023-11-09 04:59:00+00:00,15358.5,15417.5,15286.75,15372.25,537608,databento_ohlcv_1m,../trading/data/databento_ohlcv_1m/front_1m.parquet,130.75,13.75,0.10516252390057361,0.10516252390057361,236.25,235.5,1.0031847133757963,neutral,compression,0_9_to_1_1
NQ,2023-11-09,2023-11-09 05:00:00+00:00,2023-11-10 04:59:00+00:00,15372.0,15453.75,15207.75,15248.0,709108,databento_ohlcv_1m,../trading/data/databento_ohlcv_1m/front_1m.parquet,246.0,-124.25,0.5040650406504065,-0.5040650406504065,130.75,229.35,0.5700893830390233,compression,neutral,lt_0_7
NQ,2023-11-10,2023-11-10 05:00:00+00:00,2023-11-10 21:59:00+00:00,15248.0,15612.75,15207.25,15583.0,635476,databento_ohlcv_1m,../trading/data/databento_ohlcv_1m/front_1m.parquet,405.5,335.0,0.8261405672009864,0.8261405672009864,246.0,228.7,1.075644949715785,neutral,expansion,0_9_to_1_1
NQ,2023-11-12,2023-11-12 23:00:00+00:00,2023-11-13 04:59:00+00:00,15586.25,15601.25,15509.5,15513.75,33189,databento_ohlcv_1m,../trading/data/databento_ohlcv_1m/front_1m.parquet,91.75,-69.25,0.7901907356948229,-0.7901907356948229,405.5,236.75,1.712777191129884,expansion,compression,gt_1_3
NQ,2023-11-13,2023-11-13 05:00:00+00:00,2023-11-14 04:59:00+00:00,15513.75,15589.5,15465.25,15572.5,510033,databento_ohlcv_1m,../trading/data/databento_ohlcv_1m/front_1m.parquet,124.25,58.75,0.47283702213279677,0.47283702213279677,91.75,225.3,0.4072347980470484,compression,compression,lt_0_7
NQ,2023-11-14,2023-11-14 05:00:00+00:00,2023-11-15 04:59:00+00:00,15572.25,15933.0,15552.0,15921.5,652065,databento_ohlcv_1m,../trading/data/databento_ohlcv_1m/front_1m.parquet,381.0,349.0,0.9166666666666666,0.9166666666666666,124.25,219.3875,0.5663494957552276,compression,expansion,lt_0_7
NQ,2023-11-15,2023-11-15 05:00:00+00:00,2023-11-16 04:59:00+00:00,15921.5,16049.5,15824.0,15850.75,682728,databento_ohlcv_1m,../trading/data/databento_ohlcv_1m/front_1m.parquet,225.5,-70.75,0.3137472283813747,-0.3137472283813747,381.0,235.7625,1.6160330841418802,expansion,neutral,gt_1_3
NQ,2023-11-16,2023-11-16 05:00:00+00:00,2023-11-17 04:59:00+00:00,15850.75,15906.75,15796.75,15893.5,614171,databento_ohlcv_1m,../trading/data/databento_ohlcv_1m/front_1m.parquet,110.0,42.75,0.3886363636363636,0.3886363636363636,225.5,230.0625,0.9801684324911709,neutral,compression,0_9_to_1_1
NQ,2023-11-17,2023-11-17 05:00:00+00:00,2023-11-17 21:59:00+00:00,15893.75,15940.0,15825.0,15874.25,539070,databento_ohlcv_1m,../trading/data/databento_ohlcv_1m/front_1m.parquet,115.0,-19.25,0.16956521739130434,-0.16956521739130434,110.0,223.425,0.4923352355376524,compression,compression,lt_0_7
NQ,2023-11-19,2023-11-19 23:00:00+00:00,2023-11-20 04:59:00+00:00,15895.0,15903.75,15848.25,15854.0,26426,databento_ohlcv_1m,../trading/data/databento_ohlcv_1m/front_1m.parquet,55.5,-20.25,0.7387387387387387,-0.7387387387387387,115.0,204.6875,0.5618320610687023,compression,compression,lt_0_7
NQ,2023-11-20,2023-11-20 05:00:00+00:00,2023-11-21 04:59:00+00:00,15854.25,16122.5,15837.25,16109.25,551098,databento_ohlcv_1m,../trading/data/databento_ohlcv_1m/front_1m.parquet,285.25,255.25,0.8939526730937774,0.8939526730937774,55.5,191.525,0.28977940216681897,compression,expansion,lt_0_7
NQ,2023-11-21,2023-11-21 05:00:00+00:00,2023-11-22 04:59:00+00:00,16109.25,16113.75,15912.0,15971.25,565230,databento_ohlcv_1m,../trading/data/databento_ohlcv_1m/front_1m.parquet,201.75,-138.0,0.6840148698884758,-0.6840148698884758,285.25,195.8875,1.4561929679024952,expansion,neutral,gt_1_3
NQ,2023-11-22,2023-11-22 05:00:00+00:00,2023-11-23 04:59:00+00:00,15971.5,16173.5,15942.75,16049.25,608458,databento_ohlcv_1m,../trading/data/databento_ohlcv_1m/front_1m.parquet,230.75,78.0,0.3369447453954496,0.3369447453954496,201.75,203.5375,0.9912178345513726,neutral,neutral,0_9_to_1_1
NQ,2023-11-23,2023-11-23 05:00:00+00:00,2023-11-24 04:59:00+00:00,16049.0,16086.5,16048.5,16061.25,69563,databento_ohlcv_1m,../trading/data/databento_ohlcv_1m/front_1m.parquet,38.0,12.0,0.3223684210526316,0.3223684210526316,230.75,206.5625,1.1170953101361574,neutral,compression,1_1_to_1_3
NQ,2023-11-24,2023-11-24 05:00:00+00:00,2023-11-24 18:14:00+00:00,16061.25,16071.5,15981.75,16011.0,212243,databento_ohlcv_1m,../trading/data/databento_ohlcv_1m/front_1m.parquet,89.75,-50.25,0.5598885793871866,-0.5598885793871866,38.0,198.8375,0.19111083170931037,compression,compression,lt_0_7
NQ,2023-11-26,2023-11-26 23:00:00+00:00,2023-11-27 04:59:00+00:00,16008.0,16009.0,15938.75,15947.25,28310,databento_ohlcv_1m,../trading/data/databento_ohlcv_1m/front_1m.parquet,70.25,-63.75,0.8647686832740213,-0.8647686832740213,89.75,182.9875,0.49047066056424615,compression,compression,lt_0_7
NQ,2023-11-27,2023-11-27 05:00:00+00:00,2023-11-28 04:59:00+00:00,15947.25,16089.25,15939.75,15997.25,490662,databento_ohlcv_1m,../trading/data/databento_ohlcv_1m/front_1m.parquet,149.5,50.0,0.33444816053511706,0.33444816053511706,70.25,174.675,0.402175468727637,compression,neutral,lt_0_7
NQ,2023-11-28,2023-11-28 05:00:00+00:00,2023-11-29 04:59:00+00:00,15997.5,16086.5,15945.25,16075.25,598085,databento_ohlcv_1m,../trading/data/databento_ohlcv_1m/front_1m.parquet,141.25,78.0,0.5504424778761062,0.5504424778761062,149.5,167.3,0.8936043036461446,neutral,neutral,0_7_to_0_9
NQ,2023-11-29,2023-11-29 05:00:00+00:00,2023-11-30 04:59:00+00:00,16075.25,16208.5,16013.5,16055.0,624071,databento_ohlcv_1m,../trading/data/databento_ohlcv_1m/front_1m.parquet,195.0,-20.25,0.10384615384615385,-0.10384615384615385,141.25,172.375,0.8194343727338651,neutral,neutral,0_7_to_0_9
NQ,2023-11-30,2023-11-30 05:00:00+00:00,2023-12-01 04:59:00+00:00,16055.25,16098.5,15856.0,15955.5,670857,databento_ohlcv_1m,../trading/data/databento_ohlcv_1m/front_1m.parquet,242.5,-99.5,0.411340206185567,-0.411340206185567,195.0,176.15,1.107011070110701,neutral,expansion,1_1_to_1_3
NQ,2023-12-01,2023-12-01 05:00:00+00:00,2023-12-01 21:59:00+00:00,15955.5,16050.0,15864.0,16030.25,598468,databento_ohlcv_1m,../trading/data/databento_ohlcv_1m/front_1m.parquet,186.0,74.75,0.4018817204301075,0.4018817204301075,242.5,176.4625,1.374229652192392,expansion,neutral,gt_1_3
NQ,2023-12-03,2023-12-03 23:00:00+00:00,2023-12-04 04:59:00+00:00,16022.0,16026.0,15966.5,15981.25,27500,databento_ohlcv_1m,../trading/data/databento_ohlcv_1m/front_1m.parquet,59.5,-49.0,0.6848739495798319,-0.6848739495798319,186.0,179.225,1.0378016459757289,neutral,compression,0_9_to_1_1
NQ,2023-12-04,2023-12-04 05:00:00+00:00,2023-12-05 04:59:00+00:00,15981.0,16003.5,15721.25,15827.75,698805,databento_ohlcv_1m,../trading/data/databento_ohlcv_1m/front_1m.parquet,282.25,-153.5,0.5429583702391497,-0.5429583702391497,59.5,169.9,0.3502060035314891,compression,expansion,lt_0_7
NQ,2023-12-05,2023-12-05 05:00:00+00:00,2023-12-06 04:59:00+00:00,15827.75,15989.75,15761.25,15979.5,681369,databento_ohlcv_1m,../trading/data/databento_ohlcv_1m/front_1m.parquet,228.5,151.75,0.6641137855579868,0.6641137855579868,282.25,163.7375,1.7237957095961522,expansion,expansion,gt_1_3
NQ,2023-12-06,2023-12-06 05:00:00+00:00,2023-12-07 04:59:00+00:00,15979.5,16037.75,15799.75,15813.75,655862,databento_ohlcv_1m,../trading/data/databento_ohlcv_1m/front_1m.parquet,238.0,-165.75,0.6964285714285714,-0.6964285714285714,228.5,170.575,1.3395866920709367,expansion,expansion,gt_1_3
NQ,2023-12-07,2023-12-07 05:00:00+00:00,2023-12-08 04:59:00+00:00,15813.75,16066.0,15791.0,16026.75,605029,databento_ohlcv_1m,../trading/data/databento_ohlcv_1m/front_1m.parquet,275.0,213.0,0.7745454545454545,0.7745454545454545,238.0,176.2625,1.3502588468902916,expansion,expansion,gt_1_3
NQ,2023-12-08,2023-12-08 05:00:00+00:00,2023-12-08 21:59:00+00:00,16026.75,16118.75,15888.25,16094.0,510696,databento_ohlcv_1m,../trading/data/databento_ohlcv_1m/front_1m.parquet,230.5,67.25,0.2917570498915401,0.2917570498915401,275.0,170.9625,1.60853988447759,expansion,expansion,gt_1_3
NQ,2023-12-10,2023-12-10 23:00:00+00:00,2023-12-11 04:59:00+00:00,16093.0,16319.5,16082.25,16263.5,18416,databento_ohlcv_1m,../trading/data/databento_ohlcv_1m/front_1m.parquet,237.25,169.5,0.7186512118018967,0.7186512118018967,230.5,171.2125,1.346280207344674,expansion,expansion,gt_1_3
NQ,2023-12-11,2023-12-11 05:00:00+00:00,2023-12-12 04:59:00+00:00,16263.0,16485.0,16256.25,16469.25,398115,databento_ohlcv_1m,../trading/data/databento_ohlcv_1m/front_1m.parquet,228.75,205.75,0.9016393442622951,0.9016393442622951,237.25,177.575,1.336055187948754,expansion,expansion,gt_1_3
NQ,2023-12-12,2023-12-12 05:00:00+00:00,2023-12-13 04:59:00+00:00,16469.25,16613.25,16396.5,16606.0,509509,databento_ohlcv_1m,../trading/data/databento_ohlcv_1m/front_1m.parquet,216.75,136.75,0.6309111880046137,0.6309111880046137,228.75,183.2625,1.2482095355023533,expansion,neutral,1_1_to_1_3
NQ,2023-12-13,2023-12-13 05:00:00+00:00,2023-12-14 04:59:00+00:00,16605.75,16885.0,16576.0,16875.25,656579,databento_ohlcv_1m,../trading/data/databento_ohlcv_1m/front_1m.parquet,309.0,269.25,0.872168284789644,0.872168284789644,216.75,191.325,1.132889063112505,neutral,expansion,1_1_to_1_3
NQ,2023-12-14,2023-12-14 05:00:00+00:00,2023-12-15 04:59:00+00:00,16875.75,16883.75,16628.0,16778.25,713758,databento_ohlcv_1m,../trading/data/databento_ohlcv_1m/front_1m.parquet,255.75,-97.0,0.3812316715542522,-0.3812316715542522,309.0,192.5125,1.6050905785338616,expansion,expansion,gt_1_3
NQ,2023-12-15,2023-12-15 05:00:00+00:00,2023-12-15 21:59:00+00:00,16777.75,16887.25,16756.75,16815.0,619417,databento_ohlcv_1m,../trading/data/databento_ohlcv_1m/front_1m.parquet,130.5,36.75,0.28544061302681994,0.28544061302681994,255.75,195.2125,1.3101107767176794,expansion,compression,gt_1_3
NQ,2023-12-17,2023-12-17 23:00:00+00:00,2023-12-18 04:59:00+00:00,16820.25,16853.25,16802.25,16852.5,22594,databento_ohlcv_1m,../trading/data/databento_ohlcv_1m/front_1m.parquet,51.0,37.5,0.6323529411764706,0.6323529411764706,130.5,190.2,0.6861198738170348,compression,compression,lt_0_7
NQ,2023-12-18,2023-12-18 05:00:00+00:00,2023-12-19 04:59:00+00:00,16852.25,16974.0,16808.0,16928.5,445155,databento_ohlcv_1m,../trading/data/databento_ohlcv_1m/front_1m.parquet,166.0,76.0,0.45933734939759036,0.45933734939759036,51.0,190.85,0.2672255698192298,compression,neutral,lt_0_7
NQ,2023-12-19,2023-12-19 05:00:00+00:00,2023-12-20 04:59:00+00:00,16928.25,17045.75,16917.75,17041.0,486347,databento_ohlcv_1m,../trading/data/databento_ohlcv_1m/front_1m.parquet,128.0,112.5,0.880859375,0.880859375,166.0,194.6625,0.8527579785526231,neutral,compression,0_7_to_0_9
NQ,2023-12-20,2023-12-20 05:00:00+00:00,2023-12-21 04:59:00+00:00,17040.75,17073.5,16758.5,16838.5,648999,databento_ohlcv_1m,../trading/data/databento_ohlcv_1m/front_1m.parquet,315.0,-202.5,0.6420634920634921,-0.6420634920634921,128.0,197.55,0.647937231080739,compression,expansion,lt_0_7
NQ,2023-12-21,2023-12-21 05:00:00+00:00,2023-12-22 04:59:00+00:00,16838.25,16970.25,16815.0,16912.75,630162,databento_ohlcv_1m,../trading/data/databento_ohlcv_1m/front_1m.parquet,155.25,74.25,0.47987117552334946,0.47987117552334946,315.0,205.825,1.530426333049921,expansion,compression,gt_1_3
NQ,2023-12-22,2023-12-22 05:00:00+00:00,2023-12-22 21:59:00+00:00,16913.0,17041.5,16891.5,16962.5,455244,databento_ohlcv_1m,../trading/data/databento_ohlcv_1m/front_1m.parquet,150.0,49.75,0.33,0.33,155.25,206.525,0.751724972763588,compression,compression,0_7_to_0_9
NQ,2023-12-25,2023-12-25 23:00:00+00:00,2023-12-26 04:59:00+00:00,16964.5,17028.75,16964.5,17022.0,18005,databento_ohlcv_1m,../trading/data/databento_ohlcv_1m/front_1m.parquet,64.25,59.5,0.8949416342412452,0.8949416342412452,150.0,204.275,0.7343042467262269,compression,compression,0_7_to_0_9
NQ,2023-12-26,2023-12-26 05:00:00+00:00,2023-12-27 04:59:00+00:00,17021.75,17111.25,16984.75,17082.5,282633,databento_ohlcv_1m,../trading/data/databento_ohlcv_1m/front_1m.parquet,126.5,60.5,0.48023715415019763,0.48023715415019763,64.25,195.3625,0.3288758077932049,compression,compression,lt_0_7
NQ,2023-12-27,2023-12-27 05:00:00+00:00,2023-12-28 04:59:00+00:00,17082.5,17155.75,17055.5,17141.5,421426,databento_ohlcv_1m,../trading/data/databento_ohlcv_1m/front_1m.parquet,100.25,59.0,0.5885286783042394,0.5885286783042394,126.5,192.3875,0.6575271262426093,compression,compression,lt_0_7
NQ,2023-12-28,2023-12-28 05:00:00+00:00,2023-12-29 04:59:00+00:00,17141.5,17165.25,17077.75,17092.75,349566,databento_ohlcv_1m,../trading/data/databento_ohlcv_1m/front_1m.parquet,87.5,-48.75,0.5571428571428572,-0.5571428571428572,100.25,194.425,0.5156229908705156,compression,compression,lt_0_7
NQ,2023-12-29,2023-12-29 05:00:00+00:00,2023-12-29 21:59:00+00:00,17093.0,17131.0,16938.25,17003.75,445555,databento_ohlcv_1m,../trading/data/databento_ohlcv_1m/front_1m.parquet,192.75,-89.0,0.46303501945525294,-0.46303501945525294,87.5,184.6875,0.47377326565143824,compression,neutral,lt_0_7
NQ,2024-01-01,2024-01-01 23:00:00+00:00,2024-01-02 04:59:00+00:00,17019.0,17038.5,17001.0,17007.75,19198,databento_ohlcv_1m,../trading/data/databento_ohlcv_1m/front_1m.parquet,37.5,4.0,0.3,-0.3,192.75,182.9,1.0538545653362492,neutral,compression,0_9_to_1_1
NQ,2024-01-02,2024-01-02 05:00:00+00:00,2024-01-03 04:59:00+00:00,17008.0,17036.75,16622.5,16694.75,632926,databento_ohlcv_1m,../trading/data/databento_ohlcv_1m/front_1m.parquet,414.25,-313.0,0.756185878092939,-0.756185878092939,37.5,172.875,0.21691973969631237,compression,expansion,lt_0_7
NQ,2024-01-03,2024-01-03 05:00:00+00:00,2024-01-04 04:59:00+00:00,16695.0,16729.5,16522.0,16548.5,667390,databento_ohlcv_1m,../trading/data/databento_ohlcv_1m/front_1m.parquet,207.5,-146.25,0.7060240963855422,-0.7060240963855422,414.25,179.8375,2.3034684089803292,expansion,neutral,gt_1_3
NQ,2024-01-04,2024-01-04 05:00:00+00:00,2024-01-05 04:59:00+00:00,16549.0,16587.25,16436.0,16442.25,550274,databento_ohlcv_1m,../trading/data/databento_ohlcv_1m/front_1m.parquet,151.25,-106.25,0.7057851239669422,-0.7057851239669422,207.5,178.6875,1.161245190626093,neutral,neutral,1_1_to_1_3
NQ,2024-01-05,2024-01-05 05:00:00+00:00,2024-01-05 21:59:00+00:00,16442.25,16577.25,16334.25,16465.0,604638,databento_ohlcv_1m,../trading/data/databento_ohlcv_1m/front_1m.parquet,243.0,22.75,0.09362139917695474,0.09362139917695474,151.25,174.3875,0.8673213389721167,neutral,expansion,0_7_to_0_9
NQ,2024-01-07,2024-01-07 23:00:00+00:00,2024-01-08 04:59:00+00:00,16470.0,16500.25,16438.0,16448.5,25201,databento_ohlcv_1m,../trading/data/databento_ohlcv_1m/front_1m.parquet,62.25,-16.5,0.3453815261044177,-0.3453815261044177,243.0,175.1,1.3877784123358081,expansion,compression,gt_1_3
NQ,2024-01-08,2024-01-08 05:00:00+00:00,2024-01-09 04:59:00+00:00,16448.25,16811.25,16378.25,16781.5,529440,databento_ohlcv_1m,../trading/data/databento_ohlcv_1m/front_1m.parquet,433.0,333.0,0.7696304849884527,0.7696304849884527,62.25,167.375,0.3719193427931292,compression,expansion,lt_0_7
NQ,2024-01-09,2024-01-09 05:00:00+00:00,2024-01-10 04:59:00+00:00,16781.75,16868.5,16657.75,16827.75,599263,databento_ohlcv_1m,../trading/data/databento_ohlcv_1m/front_1m.parquet,210.75,46.25,0.21826809015421114,0.21826809015421114,433.0,173.575,2.494598876566326,expansion,expansion,gt_1_3
NQ,2024-01-10,2024-01-10 05:00:00+00:00,2024-01-11 04:59:00+00:00,16827.75,17009.5,16801.5,16997.75,547972,databento_ohlcv_1m,../trading/data/databento_ohlcv_1m/front_1m.parquet,208.0,170.0,0.8173076923076923,0.8173076923076923,210.75,171.325,1.2301181964103314,expansion,neutral,1_1_to_1_3
NQ,2024-01-11,2024-01-11 05:00:00+00:00,2024-01-12 04:59:00+00:00,16997.75,17057.0,16753.0,16946.25,749519,databento_ohlcv_1m,../trading/data/databento_ohlcv_1m/front_1m.parquet,304.0,-51.5,0.16940789473684212,-0.16940789473684212,208.0,175.2,1.1872146118721463,neutral,expansion,1_1_to_1_3
NQ,2024-01-12,2024-01-12 05:00:00+00:00,2024-01-12 21:59:00+00:00,16945.75,17042.5,16866.5,16955.25,564339,databento_ohlcv_1m,../trading/data/databento_ohlcv_1m/front_1m.parquet,176.0,9.0,0.05397727272727273,0.05397727272727273,304.0,187.85,1.6183124833643865,expansion,neutral,gt_1_3
NQ,2024-01-14,2024-01-14 23:00:00+00:00,2024-01-15 04:59:00+00:00,16961.75,16993.0,16938.75,16991.5,17857,databento_ohlcv_1m,../trading/data/databento_ohlcv_1m/front_1m.parquet,54.25,36.25,0.5483870967741935,0.5483870967741935,176.0,188.35,0.9344305813644811,neutral,compression,0_9_to_1_1
NQ,2024-01-15,2024-01-15 05:00:00+00:00,2024-01-16 04:59:00+00:00,16991.5,17024.25,16881.75,16895.5,120330,databento_ohlcv_1m,../trading/data/databento_ohlcv_1m/front_1m.parquet,142.5,-96.0,0.6736842105263158,-0.6736842105263158,54.25,184.6625,0.2937791917687674,compression,neutral,lt_0_7
NQ,2024-01-16,2024-01-16 05:00:00+00:00,2024-01-17 04:59:00+00:00,16894.75,17033.75,16811.75,16921.75,692503,databento_ohlcv_1m,../trading/data/databento_ohlcv_1m/front_1m.parquet,222.0,26.25,0.12162162162162163,0.12162162162162163,142.5,176.0375,0.8094866150678123,neutral,expansion,0_7_to_0_9
NQ,2024-01-17,2024-01-17 05:00:00+00:00,2024-01-18 04:59:00+00:00,16921.5,16921.75,16689.25,16848.0,704171,databento_ohlcv_1m,../trading/data/databento_ohlcv_1m/front_1m.parquet,232.5,-73.75,0.3161290322580645,-0.3161290322580645,222.0,179.375,1.2376306620209059,expansion,expansion,1_1_to_1_3
NQ,2024-01-18,2024-01-18 05:00:00+00:00,2024-01-19 04:59:00+00:00,16848.0,17178.5,16843.0,17169.25,846891,databento_ohlcv_1m,../trading/data/databento_ohlcv_1m/front_1m.parquet,335.5,321.25,0.9575260804769001,0.9575260804769001,232.5,183.5,1.2670299727520435,expansion,expansion,1_1_to_1_3
NQ,2024-01-19,2024-01-19 05:00:00+00:00,2024-01-19 21:59:00+00:00,17169.25,17471.25,17147.75,17462.75,710425,databento_ohlcv_1m,../trading/data/databento_ohlcv_1m/front_1m.parquet,323.5,293.5,0.9072642967542504,0.9072642967542504,335.5,197.0625,1.7025055502695845,expansion,expansion,gt_1_3
NQ,2024-01-21,2024-01-21 23:00:00+00:00,2024-01-22 04:59:00+00:00,17466.0,17569.0,17466.0,17552.5,43976,databento_ohlcv_1m,../trading/data/databento_ohlcv_1m/front_1m.parquet,103.0,89.75,0.8398058252427184,0.8398058252427184,323.5,206.9125,1.5634628164079019,expansion,compression,gt_1_3
NQ,2024-01-22,2024-01-22 05:00:00+00:00,2024-01-23 04:59:00+00:00,17552.25,17585.0,17434.0,17474.0,605122,databento_ohlcv_1m,../trading/data/databento_ohlcv_1m/front_1m.parquet,151.0,-78.5,0.5182119205298014,-0.5182119205298014,103.0,207.05,0.4974643805843999,compression,compression,lt_0_7
NQ,2024-01-23,2024-01-23 05:00:00+00:00,2024-01-24 04:59:00+00:00,17474.5,17597.25,17409.5,17594.5,500564,databento_ohlcv_1m,../trading/data/databento_ohlcv_1m/front_1m.parquet,187.75,120.5,0.6391478029294274,0.6391478029294274,151.0,210.225,0.718278035438221,compression,neutral,0_7_to_0_9
NQ,2024-01-24,2024-01-24 05:00:00+00:00,2024-01-25 04:59:00+00:00,17594.75,17793.5,17569.75,17609.75,715408,databento_ohlcv_1m,../trading/data/databento_ohlcv_1m/front_1m.parquet,223.75,15.25,0.0670391061452514,0.0670391061452514,187.75,209.975,0.8941540659602334,neutral,neutral,0_7_to_0_9
NQ,2024-01-25,2024-01-25 05:00:00+00:00,2024-01-26 04:59:00+00:00,17609.5,17752.0,17483.5,17491.25,709077,databento_ohlcv_1m,../trading/data/databento_ohlcv_1m/front_1m.parquet,268.5,-118.5,0.4404096834264432,-0.4404096834264432,223.75,219.2875,1.0203499971498604,neutral,expansion,0_9_to_1_1
NQ,2024-01-26,2024-01-26 05:00:00+00:00,2024-01-26 21:59:00+00:00,17491.0,17632.0,17466.0,17504.75,592565,databento_ohlcv_1m,../trading/data/databento_ohlcv_1m/front_1m.parquet,166.0,13.5,0.08283132530120482,0.08283132530120482,268.5,212.0,1.2665094339622642,expansion,compression,1_1_to_1_3
NQ,2024-01-28,2024-01-28 23:00:00+00:00,2024-01-29 04:59:00+00:00,17502.0,17547.25,17457.5,17530.75,33022,databento_ohlcv_1m,../trading/data/databento_ohlcv_1m/front_1m.parquet,89.75,26.0,0.3203342618384401,0.3203342618384401,166.0,209.925,0.7907586042634274,compression,compression,0_7_to_0_9
NQ,2024-01-29,2024-01-29 05:00:00+00:00,2024-01-30 04:59:00+00:00,17531.25,17735.75,17519.75,17712.25,552200,databento_ohlcv_1m,../trading/data/databento_ohlcv_1m/front_1m.parquet,216.0,181.5,0.8379629629629629,0.8379629629629629,89.75,206.85,0.43388929175731206,compression,neutral,lt_0_7
NQ,2024-01-30,2024-01-30 05:00:00+00:00,2024-01-31 04:59:00+00:00,17712.5,17728.75,17410.0,17449.5,552468,databento_ohlcv_1m,../trading/data/databento_ohlcv_1m/front_1m.parquet,318.75,-262.75,0.8250980392156863,-0.8250980392156863,216.0,205.5,1.051094890510949,neutral,expansion,0_9_to_1_1
NQ,2024-01-31,2024-01-31 05:00:00+00:00,2024-02-01 04:59:00+00:00,17449.5,17484.0,17221.5,17317.75,803012,databento_ohlcv_1m,../trading/data/databento_ohlcv_1m/front_1m.parquet,262.5,-131.75,0.5019047619047619,-0.5019047619047619,318.75,218.325,1.4599793885262797,expansion,expansion,gt_1_3
NQ,2024-02-01,2024-02-01 05:00:00+00:00,2024-02-02 04:59:00+00:00,17317.25,17646.75,17262.75,17606.5,696782,databento_ohlcv_1m,../trading/data/databento_ohlcv_1m/front_1m.parquet,384.0,288.75,0.7532552083333334,0.7532552083333334,262.5,209.8,1.2511916110581505,expansion,expansion,1_1_to_1_3
NQ,2024-02-02,2024-02-02 05:00:00+00:00,2024-02-02 21:59:00+00:00,17606.75,17775.5,17465.5,17687.0,721909,databento_ohlcv_1m,../trading/data/databento_ohlcv_1m/front_1m.parquet,310.0,80.5,0.25887096774193546,0.25887096774193546,384.0,218.4625,1.7577387423470847,expansion,expansion,gt_1_3
NQ,2024-02-04,2024-02-04 23:00:00+00:00,2024-02-05 04:59:00+00:00,17696.0,17728.25,17664.0,17684.25,32325,databento_ohlcv_1m,../trading/data/databento_ohlcv_1m/front_1m.parquet,64.25,-2.75,0.1828793774319066,-0.1828793774319066,310.0,223.5625,1.3866368465194296,expansion,compression,gt_1_3
NQ,2024-02-05,2024-02-05 05:00:00+00:00,2024-02-06 04:59:00+00:00,17684.25,17745.5,17554.25,17738.5,601446,databento_ohlcv_1m,../trading/data/databento_ohlcv_1m/front_1m.parquet,191.25,54.25,0.28366013071895424,0.28366013071895424,64.25,211.575,0.3036748198038521,compression,neutral,lt_0_7
NQ,2024-02-06,2024-02-06 05:00:00+00:00,2024-02-07 04:59:00+00:00,17739.0,17769.0,17560.75,17659.0,623030,databento_ohlcv_1m,../trading/data/databento_ohlcv_1m/front_1m.parquet,208.25,-79.5,0.38415366146458585,-0.38415366146458585,191.25,212.3375,0.9006887619944663,neutral,neutral,0_9_to_1_1
NQ,2024-02-07,2024-02-07 05:00:00+00:00,2024-02-08 04:59:00+00:00,17659.0,17875.5,17629.75,17850.75,592393,databento_ohlcv_1m,../trading/data/databento_ohlcv_1m/front_1m.parquet,245.75,191.75,0.780264496439471,0.780264496439471,208.25,220.0375,0.9464295858660455,neutral,neutral,0_9_to_1_1
NQ,2024-02-08,2024-02-08 05:00:00+00:00,2024-02-09 04:59:00+00:00,17851.0,17896.5,17792.25,17864.25,463559,databento_ohlcv_1m,../trading/data/databento_ohlcv_1m/front_1m.parquet,104.25,13.5,0.12709832134292565,0.12709832134292565,245.75,225.2,1.0912522202486679,neutral,compression,0_9_to_1_1
NQ,2024-02-09,2024-02-09 05:00:00+00:00,2024-02-09 21:59:00+00:00,17864.0,18071.0,17860.0,18038.25,478485,databento_ohlcv_1m,../trading/data/databento_ohlcv_1m/front_1m.parquet,211.0,174.0,0.8258293838862559,0.8258293838862559,104.25,219.3125,0.47534910230835,compression,neutral,lt_0_7
NQ,2024-02-11,2024-02-11 23:00:00+00:00,2024-02-12 04:59:00+00:00,18040.0,18043.75,18003.0,18020.0,14216,databento_ohlcv_1m,../trading/data/databento_ohlcv_1m/front_1m.parquet,40.75,-18.25,0.49079754601226994,-0.49079754601226994,211.0,218.2375,0.9668365885789564,neutral,compression,0_9_to_1_1
NQ,2024-02-12,2024-02-12 05:00:00+00:00,2024-02-13 04:59:00+00:00,18019.25,18121.5,17911.25,17929.5,532648,databento_ohlcv_1m,../trading/data/databento_ohlcv_1m/front_1m.parquet,210.25,-90.5,0.4268727705112961,-0.4268727705112961,40.75,203.5,0.20024570024570024,compression,neutral,lt_0_7
NQ,2024-02-13,2024-02-13 05:00:00+00:00,2024-02-14 04:59:00+00:00,17929.5,17963.25,17542.0,17683.75,850011,databento_ohlcv_1m,../trading/data/databento_ohlcv_1m/front_1m.parquet,421.25,-245.75,0.5833827893175074,-0.5833827893175074,210.25,197.8375,1.0627408858280154,neutral,expansion,0_9_to_1_1
NQ,2024-02-14,2024-02-14 05:00:00+00:00,2024-02-15 04:59:00+00:00,17683.75,17887.0,17682.5,17875.75,680592,databento_ohlcv_1m,../trading/data/databento_ohlcv_1m/front_1m.parquet,204.5,192.0,0.9388753056234719,0.9388753056234719,421.25,213.75,1.9707602339181287,expansion,neutral,gt_1_3
NQ,2024-02-15,2024-02-15 05:00:00+00:00,2024-02-16 04:59:00+00:00,17875.5,17968.25,17780.5,17939.0,652280,databento_ohlcv_1m,../trading/data/databento_ohlcv_1m/front_1m.parquet,187.75,63.25,0.3382157123834887,0.3382157123834887,204.5,216.425,0.9449000808594201,neutral,neutral,0_9_to_1_1
NQ,2024-02-16,2024-02-16 05:00:00+00:00,2024-02-16 21:59:00+00:00,17938.5,18026.0,17715.0,17721.5,716187,databento_ohlcv_1m,../trading/data/databento_ohlcv_1m/front_1m.parquet,311.0,-217.5,0.6977491961414791,-0.6977491961414791,187.75,216.425,0.8675060644565091,neutral,expansion,0_7_to_0_9
NQ,2024-02-18,2024-02-18 23:00:00+00:00,2024-02-19 04:59:00+00:00,17729.25,17803.5,17726.25,17778.5,22258,databento_ohlcv_1m,../trading/data/databento_ohlcv_1m/front_1m.parquet,77.25,57.0,0.6375404530744336,0.6375404530744336,311.0,220.7875,1.4085942365396593,expansion,compression,gt_1_3
NQ,2024-02-19,2024-02-19 05:00:00+00:00,2024-02-20 04:59:00+00:00,17779.0,17807.5,17667.25,17680.5,111208,databento_ohlcv_1m,../trading/data/databento_ohlcv_1m/front_1m.parquet,140.25,-98.0,0.7023172905525846,-0.7023172905525846,77.25,211.225,0.36572375429044857,compression,compression,lt_0_7
NQ,2024-02-20,2024-02-20 05:00:00+00:00,2024-02-21 04:59:00+00:00,17681.75,17724.75,17452.5,17554.75,767940,databento_ohlcv_1m,../trading/data/databento_ohlcv_1m/front_1m.parquet,272.25,-125.75,0.46648301193755737,-0.46648301193755737,140.25,209.9375,0.6680559690384043,compression,expansion,lt_0_7
NQ,2024-02-21,2024-02-21 05:00:00+00:00,2024-02-22 04:59:00+00:00,17555.0,17802.0,17372.75,17798.0,743025,databento_ohlcv_1m,../trading/data/databento_ohlcv_1m/front_1m.parquet,429.25,243.25,0.5661036691904484,0.5661036691904484,272.25,219.0625,1.242796005706134,expansion,expansion,1_1_to_1_3
NQ,2024-02-22,2024-02-22 05:00:00+00:00,2024-02-23 04:59:00+00:00,17798.25,18087.0,17783.25,18049.75,719295,databento_ohlcv_1m,../trading/data/databento_ohlcv_1m/front_1m.parquet,303.75,251.75,0.8279835390946502,0.8279835390946502,429.25,229.725,1.8685384699096748,expansion,expansion,gt_1_3
NQ,2024-02-23,2024-02-23 05:00:00+00:00,2024-02-23 21:59:00+00:00,18049.75,18144.75,17946.0,17960.75,630579,databento_ohlcv_1m,../trading/data/databento_ohlcv_1m/front_1m.parquet,198.75,-89.0,0.4477987421383648,-0.4477987421383648,303.75,228.975,1.326564035375041,expansion,neutral,gt_1_3
NQ,2024-02-25,2024-02-25 23:00:00+00:00,2024-02-26 04:59:00+00:00,17961.5,17988.25,17922.0,17949.25,27648,databento_ohlcv_1m,../trading/data/databento_ohlcv_1m/front_1m.parquet,66.25,-11.5,0.18490566037735848,-0.18490566037735848,198.75,225.7875,0.8802524497591763,neutral,compression,0_7_to_0_9
NQ,2024-02-26,2024-02-26 05:00:00+00:00,2024-02-27 04:59:00+00:00,17949.0,18059.5,17929.0,17955.0,510618,databento_ohlcv_1m,../trading/data/databento_ohlcv_1m/front_1m.parquet,130.5,5.75,0.04597701149425287,0.04597701149425287,66.25,209.9,0.3156264888041925,compression,compression,lt_0_7
NQ,2024-02-27,2024-02-27 05:00:00+00:00,2024-02-28 04:59:00+00:00,17954.25,18040.25,17908.75,18000.75,560129,databento_ohlcv_1m,../trading/data/databento_ohlcv_1m/front_1m.parquet,131.5,45.75,0.35361216730038025,0.35361216730038025,130.5,200.925,0.6494960806270996,compression,compression,lt_0_7
NQ,2024-02-28,2024-02-28 05:00:00+00:00,2024-02-29 04:59:00+00:00,18001.0,18008.0,17846.25,17926.5,554270,databento_ohlcv_1m,../trading/data/databento_ohlcv_1m/front_1m.parquet,161.75,-74.25,0.4605873261205564,-0.4605873261205564,131.5,204.2875,0.643700666952212,compression,compression,lt_0_7
NQ,2024-02-29,2024-02-29 05:00:00+00:00,2024-03-01 04:59:00+00:00,17926.25,18132.0,17826.0,18119.0,675974,databento_ohlcv_1m,../trading/data/databento_ohlcv_1m/front_1m.parquet,306.0,192.5,0.6299019607843137,0.6299019607843137,161.75,202.8125,0.7975346687211095,compression,expansion,0_7_to_0_9
NQ,2024-03-01,2024-03-01 05:00:00+00:00,2024-03-01 21:59:00+00:00,18119.5,18372.75,18029.5,18321.0,600883,databento_ohlcv_1m,../trading/data/databento_ohlcv_1m/front_1m.parquet,343.25,202.0,0.5870356882738529,0.5870356882738529,306.0,207.7,1.4732787674530574,expansion,expansion,gt_1_3
NQ,2024-03-03,2024-03-03 23:00:00+00:00,2024-03-04 04:59:00+00:00,18336.0,18365.5,18326.5,18348.75,24563,databento_ohlcv_1m,../trading/data/databento_ohlcv_1m/front_1m.parquet,39.0,27.75,0.3269230769230769,0.3269230769230769,343.25,212.575,1.6147242149829473,expansion,compression,gt_1_3
NQ,2024-03-04,2024-03-04 05:00:00+00:00,2024-03-05 04:59:00+00:00,18349.0,18377.75,18185.5,18208.0,564317,databento_ohlcv_1m,../trading/data/databento_ohlcv_1m/front_1m.parquet,192.25,-140.75,0.7334200260078023,-0.7334200260078023,39.0,209.3125,0.1863242759032547,compression,neutral,lt_0_7
NQ,2024-03-05,2024-03-05 05:00:00+00:00,2024-03-06 04:59:00+00:00,18208.75,18209.0,17832.5,17981.5,780726,databento_ohlcv_1m,../trading/data/databento_ohlcv_1m/front_1m.parquet,376.5,-226.5,0.603585657370518,-0.603585657370518,192.25,208.375,0.9226154769046191,neutral,expansion,0_9_to_1_1
NQ,2024-03-06,2024-03-06 05:00:00+00:00,2024-03-07 04:59:00+00:00,17981.5,18174.25,17932.25,17973.25,812216,databento_ohlcv_1m,../trading/data/databento_ohlcv_1m/front_1m.parquet,242.0,-8.25,0.03409090909090909,-0.03409090909090909,376.5,225.1625,1.6721256870038306,expansion,neutral,gt_1_3
NQ,2024-03-07,2024-03-07 05:00:00+00:00,2024-03-08 04:59:00+00:00,17973.5,18360.0,17915.75,18283.0,727065,databento_ohlcv_1m,../trading/data/databento_ohlcv_1m/front_1m.parquet,444.25,309.75,0.6966797974113674,0.6966797974113674,242.0,226.75,1.0672546857772878,neutral,expansion,0_9_to_1_1
NQ,2024-03-08,2024-03-08 05:00:00+00:00,2024-03-08 21:59:00+00:00,18284.0,18436.5,18012.5,18056.0,953113,databento_ohlcv_1m,../trading/data/databento_ohlcv_1m/front_1m.parquet,424.0,-227.0,0.5377358490566038,-0.5377358490566038,444.25,227.9,1.949319877139096,expansion,expansion,gt_1_3
NQ,2024-03-10,2024-03-10 22:00:00+00:00,2024-03-11 03:59:00+00:00,18056.0,18301.75,17975.25,18240.75,25132,databento_ohlcv_1m,../trading/data/databento_ohlcv_1m/front_1m.parquet,326.5,184.75,0.5658499234303216,0.5658499234303216,424.0,238.875,1.7749869178440607,expansion,expansion,gt_1_3
NQ,2024-03-11,2024-03-11 04:00:00+00:00,2024-03-12 03:59:00+00:00,18240.5,18312.0,18138.0,18298.75,561343,databento_ohlcv_1m,../trading/data/databento_ohlcv_1m/front_1m.parquet,174.0,58.0,0.33477011494252873,0.33477011494252873,326.5,245.8125,1.3282481566234428,expansion,compression,gt_1_3
NQ,2024-03-12,2024-03-12 04:00:00+00:00,2024-03-13 03:59:00+00:00,18299.0,18491.0,18174.0,18456.0,676549,databento_ohlcv_1m,../trading/data/databento_ohlcv_1m/front_1m.parquet,317.0,157.25,0.4952681388012618,0.4952681388012618,174.0,238.9625,0.7281477219228958,compression,expansion,0_7_to_0_9
NQ,2024-03-13,2024-03-13 04:00:00+00:00,2024-03-14 03:59:00+00:00,18456.5,18506.75,18281.75,18371.75,688142,databento_ohlcv_1m,../trading/data/databento_ohlcv_1m/front_1m.parquet,225.0,-84.25,0.37666666666666665,-0.37666666666666665,317.0,250.95,1.2631998406056983,expansion,neutral,1_1_to_1_3
NQ,2024-03-14,2024-03-14 04:00:00+00:00,2024-03-15 03:59:00+00:00,18371.75,18428.25,18161.25,18244.75,790863,databento_ohlcv_1m,../trading/data/databento_ohlcv_1m/front_1m.parquet,267.0,-127.0,0.4756554307116105,-0.4756554307116105,225.0,255.1875,0.881704628949302,neutral,neutral,0_7_to_0_9
NQ,2024-03-15,2024-03-15 04:00:00+00:00,2024-03-15 20:59:00+00:00,18244.5,18322.75,18006.25,18063.5,652303,databento_ohlcv_1m,../trading/data/databento_ohlcv_1m/front_1m.parquet,316.5,-181.25,0.5718799368088467,-0.5718799368088467,267.0,254.925,1.047366872609591,neutral,expansion,0_9_to_1_1
NQ,2024-03-17,2024-03-17 22:00:00+00:00,2024-03-18 03:59:00+00:00,18073.5,18127.0,18062.25,18125.25,24415,databento_ohlcv_1m,../trading/data/databento_ohlcv_1m/front_1m.parquet,64.75,61.75,0.7992277992277992,0.7992277992277992,316.5,249.2875,1.2696184124755554,expansion,compression,1_1_to_1_3
NQ,2024-03-18,2024-03-18 04:00:00+00:00,2024-03-19 03:59:00+00:00,18125.25,18381.0,18122.5,18179.5,649789,databento_ohlcv_1m,../trading/data/databento_ohlcv_1m/front_1m.parquet,258.5,54.25,0.20986460348162475,0.20986460348162475,64.75,237.3375,0.27281824406172644,compression,neutral,lt_0_7
NQ,2024-03-19,2024-03-19 04:00:00+00:00,2024-03-20 03:59:00+00:00,18180.0,18289.25,18053.25,18246.25,639680,databento_ohlcv_1m,../trading/data/databento_ohlcv_1m/front_1m.parquet,236.0,66.75,0.2807203389830508,0.2807203389830508,258.5,240.325,1.075626755435348,neutral,neutral,0_9_to_1_1
NQ,2024-03-20,2024-03-20 04:00:00+00:00,2024-03-21 03:59:00+00:00,18245.75,18596.5,18234.0,18592.25,619366,databento_ohlcv_1m,../trading/data/databento_ohlcv_1m/front_1m.parquet,362.5,346.0,0.9558620689655173,0.9558620689655173,236.0,248.8125,0.9485054006531022,neutral,expansion,0_9_to_1_1
NQ,2024-03-21,2024-03-21 04:00:00+00:00,2024-03-22 03:59:00+00:00,18592.5,18709.0,18532.0,18553.25,594096,databento_ohlcv_1m,../trading/data/databento_ohlcv_1m/front_1m.parquet,177.0,-39.0,0.22175141242937854,-0.22175141242937854,362.5,260.4125,1.3920222723563576,expansion,compression,gt_1_3
NQ,2024-03-22,2024-03-22 04:00:00+00:00,2024-03-22 20:59:00+00:00,18553.0,18626.0,18492.0,18563.75,484473,databento_ohlcv_1m,../trading/data/databento_ohlcv_1m/front_1m.parquet,134.0,10.5,0.08022388059701492,0.08022388059701492,177.0,262.6875,0.6738044254104212,compression,compression,lt_0_7
NQ,2024-03-24,2024-03-24 22:00:00+00:00,2024-03-25 03:59:00+00:00,18567.0,18601.25,18552.75,18576.25,22069,databento_ohlcv_1m,../trading/data/databento_ohlcv_1m/front_1m.parquet,48.5,12.5,0.19072164948453607,0.19072164948453607,134.0,261.3,0.5128205128205128,compression,compression,lt_0_7
NQ,2024-03-25,2024-03-25 04:00:00+00:00,2024-03-26 03:59:00+00:00,18576.0,18576.5,18414.75,18523.25,445887,databento_ohlcv_1m,../trading/data/databento_ohlcv_1m/front_1m.parquet,161.75,-53.0,0.3261205564142195,-0.3261205564142195,48.5,248.425,0.19522994867666296,compression,compression,lt_0_7
NQ,2024-03-26,2024-03-26 04:00:00+00:00,2024-03-27 03:59:00+00:00,18523.75,18619.0,18439.25,18497.25,511837,databento_ohlcv_1m,../trading/data/databento_ohlcv_1m/front_1m.parquet,179.75,-26.0,0.1474269819193324,-0.1474269819193324,161.75,239.35,0.6757885941090453,compression,compression,lt_0_7
NQ,2024-03-27,2024-03-27 04:00:00+00:00,2024-03-28 03:59:00+00:00,18496.75,18571.75,18378.5,18494.5,598648,databento_ohlcv_1m,../trading/data/databento_ohlcv_1m/front_1m.parquet,193.25,-2.75,0.01164294954721863,-0.01164294954721863,179.75,246.3875,0.7295418801684339,compression,compression,0_7_to_0_9
NQ,2024-03-28,2024-03-28 04:00:00+00:00,2024-03-28 20:59:00+00:00,18493.75,18538.75,18447.5,18465.0,484601,databento_ohlcv_1m,../trading/data/databento_ohlcv_1m/front_1m.parquet,91.25,-29.5,0.3150684931506849,-0.3150684931506849,193.25,246.4375,0.784174486431651,compression,compression,0_7_to_0_9
NQ,2024-03-31,2024-03-31 22:00:00+00:00,2024-04-01 03:59:00+00:00,18503.0,18612.0,18500.5,18584.5,34544,databento_ohlcv_1m,../trading/data/databento_ohlcv_1m/front_1m.parquet,111.5,119.5,0.7309417040358744,0.7309417040358744,91.25,232.175,0.3930225045762894,compression,compression,lt_0_7
NQ,2024-04-01,2024-04-01 04:00:00+00:00,2024-04-02 03:59:00+00:00,18584.5,18607.0,18414.5,18479.0,546453,databento_ohlcv_1m,../trading/data/databento_ohlcv_1m/front_1m.parquet,192.5,-105.5,0.548051948051948,-0.548051948051948,111.5,225.65,0.4941280744515843,compression,neutral,lt_0_7
NQ,2024-04-02,2024-04-02 04:00:00+00:00,2024-04-03 03:59:00+00:00,18479.25,18511.0,18201.5,18310.0,609319,databento_ohlcv_1m,../trading/data/databento_ohlcv_1m/front_1m.parquet,309.5,-169.0,0.5468497576736672,-0.5468497576736672,192.5,213.0625,0.9034907597535934,neutral,expansion,0_9_to_1_1
NQ,2024-04-03,2024-04-03 04:00:00+00:00,2024-04-04 03:59:00+00:00,18310.0,18485.0,18232.5,18453.25,588781,databento_ohlcv_1m,../trading/data/databento_ohlcv_1m/front_1m.parquet,252.5,143.25,0.5673267326732673,0.5673267326732673,309.5,207.3375,1.4927352746126483,expansion,expansion,gt_1_3
NQ,2024-04-04,2024-04-04 04:00:00+00:00,2024-04-05 03:59:00+00:00,18453.25,18568.0,18053.25,18110.0,773825,databento_ohlcv_1m,../trading/data/databento_ohlcv_1m/front_1m.parquet,514.75,-343.25,0.6668285575522098,-0.6668285575522098,252.5,203.6375,1.2399484377877357,expansion,expansion,1_1_to_1_3
NQ,2024-04-05,2024-04-05 04:00:00+00:00,2024-04-05 20:59:00+00:00,18109.75,18408.25,18051.5,18311.0,761965,databento_ohlcv_1m,../trading/data/databento_ohlcv_1m/front_1m.parquet,356.75,201.0,0.5641205325858444,0.5641205325858444,514.75,220.675,2.3326158377704767,expansion,expansion,gt_1_3
NQ,2024-04-07,2024-04-07 22:00:00+00:00,2024-04-08 03:59:00+00:00,18348.25,18372.25,18270.25,18285.5,27761,databento_ohlcv_1m,../trading/data/databento_ohlcv_1m/front_1m.parquet,102.0,-25.5,0.6151960784313726,-0.6151960784313726,356.75,222.6625,1.6022006399820357,expansion,compression,gt_1_3
NQ,2024-04-08,2024-04-08 04:00:00+00:00,2024-04-09 03:59:00+00:00,18285.75,18376.0,18237.5,18303.5,505979,databento_ohlcv_1m,../trading/data/databento_ohlcv_1m/front_1m.parquet,138.5,18.0,0.12815884476534295,0.12815884476534295,102.0,216.5125,0.47110443969747706,compression,compression,lt_0_7
NQ,2024-04-09,2024-04-09 04:00:00+00:00,2024-04-10 03:59:00+00:00,18303.5,18407.25,18160.75,18378.25,689248,databento_ohlcv_1m,../trading/data/databento_ohlcv_1m/front_1m.parquet,246.5,74.75,0.30324543610547666,0.30324543610547666,138.5,210.0875,0.6592491223894805,compression,neutral,lt_0_7
NQ,2024-04-10,2024-04-10 04:00:00+00:00,2024-04-11 03:59:00+00:00,18379.0,18474.25,18053.5,18199.0,874230,databento_ohlcv_1m,../trading/data/databento_ohlcv_1m/front_1m.parquet,420.75,-179.25,0.42780748663101603,-0.42780748663101603,246.5,206.5875,1.1931990076843952,neutral,expansion,1_1_to_1_3
NQ,2024-04-11,2024-04-11 04:00:00+00:00,2024-04-12 03:59:00+00:00,18199.0,18518.75,18088.0,18489.0,710758,databento_ohlcv_1m,../trading/data/databento_ohlcv_1m/front_1m.parquet,430.75,290.0,0.673244341265235,0.673244341265235,420.75,224.3875,1.875104451005515,expansion,expansion,gt_1_3
NQ,2024-04-12,2024-04-12 04:00:00+00:00,2024-04-12 20:59:00+00:00,18488.25,18507.75,18120.25,18172.5,755353,databento_ohlcv_1m,../trading/data/databento_ohlcv_1m/front_1m.parquet,387.5,-316.5,0.8148387096774193,-0.8148387096774193,430.75,233.0,1.8487124463519313,expansion,expansion,gt_1_3
NQ,2024-04-14,2024-04-14 22:00:00+00:00,2024-04-15 03:59:00+00:00,18151.0,18255.0,18146.75,18230.75,44494,databento_ohlcv_1m,../trading/data/databento_ohlcv_1m/front_1m.parquet,108.25,58.25,0.7367205542725174,0.7367205542725174,387.5,240.575,1.6107243063493715,expansion,compression,gt_1_3
NQ,2024-04-15,2024-04-15 04:00:00+00:00,2024-04-16 03:59:00+00:00,18231.0,18350.75,17795.75,17846.5,784155,databento_ohlcv_1m,../trading/data/databento_ohlcv_1m/front_1m.parquet,555.0,-384.25,0.6927927927927928,-0.6927927927927928,108.25,227.8625,0.4750672006144056,compression,expansion,lt_0_7
NQ,2024-04-16,2024-04-16 04:00:00+00:00,2024-04-17 03:59:00+00:00,17847.0,17988.0,17792.0,17929.0,745770,databento_ohlcv_1m,../trading/data/databento_ohlcv_1m/front_1m.parquet,196.0,82.5,0.41836734693877553,0.41836734693877553,555.0,246.7625,2.2491261840838863,expansion,compression,gt_1_3
NQ,2024-04-17,2024-04-17 04:00:00+00:00,2024-04-18 03:59:00+00:00,17929.5,17968.5,17615.25,17729.75,829172,databento_ohlcv_1m,../trading/data/databento_ohlcv_1m/front_1m.parquet,353.25,-199.25,0.5654635527246992,-0.5654635527246992,196.0,249.8625,0.7844314372905098,compression,expansion,0_7_to_0_9
NQ,2024-04-18,2024-04-18 04:00:00+00:00,2024-04-19 03:59:00+00:00,17730.0,17770.75,17181.75,17337.75,855126,databento_ohlcv_1m,../trading/data/databento_ohlcv_1m/front_1m.parquet,589.0,-392.0,0.6659592529711376,-0.6659592529711376,353.25,265.1,1.332516031686156,expansion,expansion,gt_1_3
NQ,2024-04-19,2024-04-19 04:00:00+00:00,2024-04-19 20:59:00+00:00,17338.5,17553.25,17113.25,17179.25,885036,databento_ohlcv_1m,../trading/data/databento_ohlcv_1m/front_1m.parquet,440.0,-158.5,0.3619318181818182,-0.3619318181818182,589.0,286.4625,2.0561155474102195,expansion,expansion,gt_1_3
NQ,2024-04-21,2024-04-21 22:00:00+00:00,2024-04-22 03:59:00+00:00,17228.25,17273.0,17195.75,17239.75,37304,databento_ohlcv_1m,../trading/data/databento_ohlcv_1m/front_1m.parquet,77.25,60.5,0.1488673139158576,0.1488673139158576,440.0,299.475,1.4692378328741964,expansion,compression,gt_1_3
NQ,2024-04-22,2024-04-22 04:00:00+00:00,2024-04-23 03:59:00+00:00,17239.75,17448.0,17148.5,17331.25,622135,databento_ohlcv_1m,../trading/data/databento_ohlcv_1m/front_1m.parquet,299.5,91.5,0.3055091819699499,0.3055091819699499,77.25,293.675,0.2630458840555035,compression,neutral,lt_0_7
NQ,2024-04-23,2024-04-23 04:00:00+00:00,2024-04-24 03:59:00+00:00,17332.0,17745.25,17317.5,17733.25,596640,databento_ohlcv_1m,../trading/data/databento_ohlcv_1m/front_1m.parquet,427.75,402.0,0.9380479251899474,0.9380479251899474,299.5,304.0875,0.9849138816952359,neutral,expansion,0_9_to_1_1
NQ,2024-04-24,2024-04-24 04:00:00+00:00,2024-04-25 03:59:00+00:00,17732.75,17795.5,17437.5,17460.25,658669,databento_ohlcv_1m,../trading/data/databento_ohlcv_1m/front_1m.parquet,358.0,-273.0,0.7611731843575419,-0.7611731843575419,427.75,319.9,1.3371366051891216,expansion,neutral,gt_1_3
NQ,2024-04-25,2024-04-25 04:00:00+00:00,2024-04-26 03:59:00+00:00,17460.0,17827.5,17308.25,17769.5,806947,databento_ohlcv_1m,../trading/data/databento_ohlcv_1m/front_1m.parquet,519.25,309.25,0.5960519980741454,0.5960519980741454,358.0,328.175,1.090881389502552,neutral,expansion,0_9_to_1_1
NQ,2024-04-26,2024-04-26 04:00:00+00:00,2024-04-26 20:59:00+00:00,17769.5,17901.5,17668.25,17836.75,593415,databento_ohlcv_1m,../trading/data/databento_ohlcv_1m/front_1m.parquet,233.25,67.25,0.2883172561629153,0.2883172561629153,519.25,338.6625,1.5332373675857232,expansion,compression,gt_1_3
NQ,2024-04-28,2024-04-28 22:00:00+00:00,2024-04-29 03:59:00+00:00,17864.75,17913.0,17853.25,17900.75,22039,databento_ohlcv_1m,../trading/data/databento_ohlcv_1m/front_1m.parquet,59.75,64.0,0.602510460251046,0.602510460251046,233.25,337.7,0.6907018063369855,compression,compression,lt_0_7
NQ,2024-04-29,2024-04-29 04:00:00+00:00,2024-04-30 03:59:00+00:00,17901.25,17949.0,17791.25,17911.25,515975,databento_ohlcv_1m,../trading/data/databento_ohlcv_1m/front_1m.parquet,157.75,10.5,0.06339144215530904,0.06339144215530904,59.75,314.95,0.1897126528020321,compression,compression,lt_0_7
NQ,2024-04-30,2024-04-30 04:00:00+00:00,2024-05-01 03:59:00+00:00,17910.75,17911.75,17453.75,17526.0,679253,databento_ohlcv_1m,../trading/data/databento_ohlcv_1m/front_1m.parquet,458.0,-385.25,0.8400655021834061,-0.8400655021834061,157.75,305.0,0.5172131147540984,compression,expansion,lt_0_7
NQ,2024-05-01,2024-05-01 04:00:00+00:00,2024-05-02 03:59:00+00:00,17526.75,17793.25,17399.25,17549.0,779925,databento_ohlcv_1m,../trading/data/databento_ohlcv_1m/front_1m.parquet,394.0,23.0,0.056472081218274114,0.056472081218274114,458.0,322.8,1.4188351920693927,expansion,neutral,gt_1_3
NQ,2024-05-02,2024-05-02 04:00:00+00:00,2024-05-03 03:59:00+00:00,17549.25,17808.25,17386.25,17763.0,627150,databento_ohlcv_1m,../trading/data/databento_ohlcv_1m/front_1m.parquet,422.0,214.0,0.5065165876777251,0.5065165876777251,394.0,335.575,1.1741041495939806,neutral,expansion,1_1_to_1_3
NQ,2024-05-03,2024-05-03 04:00:00+00:00,2024-05-03 20:59:00+00:00,17762.75,18050.25,17719.5,18025.5,522727,databento_ohlcv_1m,../trading/data/databento_ohlcv_1m/front_1m.parquet,330.75,262.5,0.7944066515495087,0.7944066515495087,422.0,344.35,1.2254973137795846,expansion,neutral,1_1_to_1_3
NQ,2024-05-05,2024-05-05 22:00:00+00:00,2024-05-06 03:59:00+00:00,18047.5,18063.75,17995.0,18005.5,17316,databento_ohlcv_1m,../trading/data/databento_ohlcv_1m/front_1m.parquet,68.75,-20.0,0.610909090909091,-0.610909090909091,330.75,339.85,0.9732234809474768,neutral,compression,0_9_to_1_1
NQ,2024-05-06,2024-05-06 04:00:00+00:00,2024-05-07 03:59:00+00:00,18006.0,18201.25,17983.75,18188.25,386076,databento_ohlcv_1m,../trading/data/databento_ohlcv_1m/front_1m.parquet,217.5,182.75,0.8379310344827586,0.8379310344827586,68.75,321.75,0.21367521367521367,compression,compression,lt_0_7
NQ,2024-05-07,2024-05-07 04:00:00+00:00,2024-05-08 03:59:00+00:00,18188.25,18266.25,18151.0,18194.5,465240,databento_ohlcv_1m,../trading/data/databento_ohlcv_1m/front_1m.parquet,115.25,6.25,0.05422993492407809,0.05422993492407809,217.5,313.25,0.6943335993615323,compression,compression,lt_0_7
NQ,2024-05-08,2024-05-08 04:00:00+00:00,2024-05-09 03:59:00+00:00,18194.0,18242.25,18072.5,18159.75,447237,databento_ohlcv_1m,../trading/data/databento_ohlcv_1m/front_1m.parquet,169.75,-34.75,0.20176730486008837,-0.20176730486008837,115.25,313.6,0.3675063775510204,compression,compression,lt_0_7
NQ,2024-05-09,2024-05-09 04:00:00+00:00,2024-05-10 03:59:00+00:00,18159.25,18244.75,18103.75,18217.5,470181,databento_ohlcv_1m,../trading/data/databento_ohlcv_1m/front_1m.parquet,141.0,57.75,0.41312056737588654,0.41312056737588654,169.75,294.3375,0.5767189026202914,compression,compression,lt_0_7
NQ,2024-05-10,2024-05-10 04:00:00+00:00,2024-05-10 20:59:00+00:00,18217.0,18348.0,18188.5,18239.25,456940,databento_ohlcv_1m,../trading/data/databento_ohlcv_1m/front_1m.parquet,159.5,21.75,0.13949843260188088,0.13949843260188088,141.0,291.5875,0.4835598233806319,compression,compression,lt_0_7
NQ,2024-05-12,2024-05-12 22:00:00+00:00,2024-05-13 03:59:00+00:00,18238.0,18279.5,18228.75,18278.25,16113,databento_ohlcv_1m,../trading/data/databento_ohlcv_1m/front_1m.parquet,50.75,39.0,0.7931034482758621,0.7931034482758621,159.5,281.9,0.5658034764100746,compression,compression,lt_0_7
NQ,2024-05-13,2024-05-13 04:00:00+00:00,2024-05-14 03:59:00+00:00,18278.0,18336.25,18235.0,18266.0,401892,databento_ohlcv_1m,../trading/data/databento_ohlcv_1m/front_1m.parquet,101.25,-12.25,0.11851851851851852,-0.11851851851851852,50.75,254.9875,0.19902936418451883,compression,compression,lt_0_7
NQ,2024-05-14,2024-05-14 04:00:00+00:00,2024-05-15 03:59:00+00:00,18266.0,18438.25,18165.5,18423.75,552563,databento_ohlcv_1m,../trading/data/databento_ohlcv_1m/front_1m.parquet,272.75,157.75,0.5783684692942255,0.5783684692942255,101.25,238.05,0.4253308128544423,compression,neutral,lt_0_7
NQ,2024-05-15,2024-05-15 04:00:00+00:00,2024-05-16 03:59:00+00:00,18423.5,18738.75,18393.0,18732.5,601562,databento_ohlcv_1m,../trading/data/databento_ohlcv_1m/front_1m.parquet,345.75,308.75,0.8937093275488069,0.8937093275488069,272.75,247.825,1.100575002521941,neutral,expansion,1_1_to_1_3
NQ,2024-05-16,2024-05-16 04:00:00+00:00,2024-05-17 03:59:00+00:00,18732.75,18760.75,18633.25,18650.0,535713,databento_ohlcv_1m,../trading/data/databento_ohlcv_1m/front_1m.parquet,127.5,-82.5,0.6490196078431373,-0.6490196078431373,345.75,250.1375,1.38223976812753,expansion,compression,gt_1_3
NQ,2024-05-17,2024-05-17 04:00:00+00:00,2024-05-17 20:59:00+00:00,18650.75,18686.75,18545.0,18633.75,466464,databento_ohlcv_1m,../trading/data/databento_ohlcv_1m/front_1m.parquet,141.75,-16.25,0.11992945326278659,-0.11992945326278659,127.5,235.125,0.5422647527910686,compression,compression,lt_0_7
NQ,2024-05-19,2024-05-19 22:00:00+00:00,2024-05-20 03:59:00+00:00,18633.5,18679.25,18633.0,18669.75,15509,databento_ohlcv_1m,../trading/data/databento_ohlcv_1m/front_1m.parquet,46.25,36.0,0.7837837837837838,0.7837837837837838,141.75,224.3125,0.6319308999721371,compression,compression,lt_0_7
NQ,2024-05-20,2024-05-20 04:00:00+00:00,2024-05-21 03:59:00+00:00,18669.75,18794.5,18635.25,18751.25,461327,databento_ohlcv_1m,../trading/data/databento_ohlcv_1m/front_1m.parquet,159.25,81.5,0.5117739403453689,0.5117739403453689,46.25,200.6625,0.23048651342428209,compression,neutral,lt_0_7
NQ,2024-05-21,2024-05-21 04:00:00+00:00,2024-05-22 03:59:00+00:00,18751.25,18824.0,18678.0,18810.0,422101,databento_ohlcv_1m,../trading/data/databento_ohlcv_1m/front_1m.parquet,146.0,58.75,0.4023972602739726,0.4023972602739726,159.25,196.9625,0.8085295424255886,neutral,compression,0_7_to_0_9
NQ,2024-05-22,2024-05-22 04:00:00+00:00,2024-05-23 03:59:00+00:00,18810.0,18965.75,18684.25,18961.5,589277,databento_ohlcv_1m,../trading/data/databento_ohlcv_1m/front_1m.parquet,281.5,151.5,0.5381882770870338,0.5381882770870338,146.0,201.275,0.7253757297230158,compression,expansion,0_7_to_0_9
NQ,2024-05-23,2024-05-23 04:00:00+00:00,2024-05-24 03:59:00+00:00,18962.5,19023.25,18621.5,18710.75,829904,databento_ohlcv_1m,../trading/data/databento_ohlcv_1m/front_1m.parquet,401.75,-250.75,0.626633478531425,-0.626633478531425,281.5,207.4625,1.356871723805507,expansion,expansion,gt_1_3
NQ,2024-05-24,2024-05-24 04:00:00+00:00,2024-05-24 20:59:00+00:00,18711.25,18926.0,18682.75,18870.75,520474,databento_ohlcv_1m,../trading/data/databento_ohlcv_1m/front_1m.parquet,243.25,160.0,0.6557040082219938,0.6557040082219938,401.75,204.65,1.9631077449303689,expansion,expansion,gt_1_3
NQ,2024-05-26,2024-05-26 22:00:00+00:00,2024-05-27 03:59:00+00:00,18874.75,18886.5,18833.5,18850.75,13041,databento_ohlcv_1m,../trading/data/databento_ohlcv_1m/front_1m.parquet,53.0,-20.0,0.4528301886792453,-0.4528301886792453,243.25,197.1125,1.2340668400025365,expansion,compression,1_1_to_1_3
NQ,2024-05-27,2024-05-27 04:00:00+00:00,2024-05-28 03:59:00+00:00,18850.75,18956.0,18848.25,18927.25,82372,databento_ohlcv_1m,../trading/data/databento_ohlcv_1m/front_1m.parquet,107.75,76.5,0.7099767981438515,0.7099767981438515,53.0,178.6625,0.29664870915832925,compression,compression,lt_0_7
NQ,2024-05-28,2024-05-28 04:00:00+00:00,2024-05-29 03:59:00+00:00,18927.25,18980.5,18819.5,18886.5,560253,databento_ohlcv_1m,../trading/data/databento_ohlcv_1m/front_1m.parquet,161.0,-40.75,0.2531055900621118,-0.2531055900621118,107.75,167.5125,0.6432355794343706,compression,neutral,lt_0_7
NQ,2024-05-29,2024-05-29 04:00:00+00:00,2024-05-30 03:59:00+00:00,18886.75,18900.5,18676.75,18686.0,575477,databento_ohlcv_1m,../trading/data/databento_ohlcv_1m/front_1m.parquet,223.75,-200.5,0.8972067039106145,-0.8972067039106145,161.0,172.125,0.9353667392883079,neutral,expansion,0_9_to_1_1
NQ,2024-05-30,2024-05-30 04:00:00+00:00,2024-05-31 03:59:00+00:00,18686.25,18787.0,18502.5,18561.75,615344,databento_ohlcv_1m,../trading/data/databento_ohlcv_1m/front_1m.parquet,284.5,-124.25,0.437609841827768,-0.437609841827768,223.75,172.4375,1.2975715839072128,expansion,expansion,1_1_to_1_3
NQ,2024-05-31,2024-05-31 04:00:00+00:00,2024-05-31 20:59:00+00:00,18562.0,18668.25,18241.25,18570.75,783819,databento_ohlcv_1m,../trading/data/databento_ohlcv_1m/front_1m.parquet,427.0,9.0,0.020491803278688523,0.020491803278688523,284.5,180.9,1.5726920950801548,expansion,expansion,gt_1_3
NQ,2024-06-02,2024-06-02 22:00:00+00:00,2024-06-03 03:59:00+00:00,18590.25,18653.5,18539.25,18642.25,30375,databento_ohlcv_1m,../trading/data/databento_ohlcv_1m/front_1m.parquet,114.25,71.5,0.4551422319474836,0.4551422319474836,427.0,193.7625,2.203728791690859,expansion,compression,gt_1_3
NQ,2024-06-03,2024-06-03 04:00:00+00:00,2024-06-04 03:59:00+00:00,18641.75,18755.5,18435.75,18654.5,644398,databento_ohlcv_1m,../trading/data/databento_ohlcv_1m/front_1m.parquet,319.75,12.25,0.0398749022673964,0.0398749022673964,114.25,192.425,0.5937378199298428,compression,expansion,lt_0_7
NQ,2024-06-04,2024-06-04 04:00:00+00:00,2024-06-05 03:59:00+00:00,18654.0,18766.0,18511.25,18758.25,614409,databento_ohlcv_1m,../trading/data/databento_ohlcv_1m/front_1m.parquet,254.75,103.75,0.40922473012757604,0.40922473012757604,319.75,200.4375,1.59526036794512,expansion,expansion,gt_1_3
NQ,2024-06-05,2024-06-05 04:00:00+00:00,2024-06-06 03:59:00+00:00,18757.75,19111.25,18703.0,19100.0,566880,databento_ohlcv_1m,../trading/data/databento_ohlcv_1m/front_1m.parquet,408.25,341.75,0.8383343539497856,0.8383343539497856,254.75,210.6375,1.2094237730698476,expansion,expansion,1_1_to_1_3
NQ,2024-06-06,2024-06-06 04:00:00+00:00,2024-06-07 03:59:00+00:00,19099.5,19124.5,19017.25,19082.25,503160,databento_ohlcv_1m,../trading/data/databento_ohlcv_1m/front_1m.parquet,107.25,-17.75,0.16083916083916083,-0.16083916083916083,408.25,225.9875,1.8065158471154377,expansion,compression,gt_1_3
NQ,2024-06-07,2024-06-07 04:00:00+00:00,2024-06-07 20:59:00+00:00,19082.5,19155.0,18940.0,19030.25,591831,databento_ohlcv_1m,../trading/data/databento_ohlcv_1m/front_1m.parquet,215.0,-52.0,0.24302325581395348,-0.24302325581395348,107.25,217.7125,0.49262215077223404,compression,neutral,lt_0_7
NQ,2024-06-09,2024-06-09 22:00:00+00:00,2024-06-10 03:59:00+00:00,19025.0,19059.75,19009.0,19042.5,16526,databento_ohlcv_1m,../trading/data/databento_ohlcv_1m/front_1m.parquet,50.75,12.25,0.3448275862068966,0.3448275862068966,215.0,211.175,1.0181129395051498,neutral,compression,0_9_to_1_1
NQ,2024-06-10,2024-06-10 04:00:00+00:00,2024-06-11 03:59:00+00:00,19043.25,19129.75,18974.25,19090.5,562591,databento_ohlcv_1m,../trading/data/databento_ohlcv_1m/front_1m.parquet,155.5,48.0,0.30385852090032156,0.30385852090032156,50.75,207.3375,0.24477000060288176,compression,compression,lt_0_7
NQ,2024-06-11,2024-06-11 04:00:00+00:00,2024-06-12 03:59:00+00:00,19091.0,19269.75,18994.5,19266.75,556753,databento_ohlcv_1m,../trading/data/databento_ohlcv_1m/front_1m.parquet,275.25,176.25,0.6385104450499546,0.6385104450499546,155.5,208.025,0.7475063093378199,compression,expansion,0_7_to_0_9
NQ,2024-06-12,2024-06-12 04:00:00+00:00,2024-06-13 03:59:00+00:00,19266.75,19638.0,19240.25,19637.25,675492,databento_ohlcv_1m,../trading/data/databento_ohlcv_1m/front_1m.parquet,397.75,370.5,0.9314896291640478,0.9314896291640478,275.25,219.475,1.2541291718874588,expansion,expansion,1_1_to_1_3
NQ,2024-06-13,2024-06-13 04:00:00+00:00,2024-06-14 03:59:00+00:00,19636.5,19691.0,19500.0,19640.25,540810,databento_ohlcv_1m,../trading/data/databento_ohlcv_1m/front_1m.parquet,191.0,3.0,0.01963350785340314,0.01963350785340314,397.75,231.4,1.718885047536733,expansion,neutral,gt_1_3
NQ,2024-06-14,2024-06-14 04:00:00+00:00,2024-06-14 20:59:00+00:00,19640.0,19699.5,19501.5,19696.25,498652,databento_ohlcv_1m,../trading/data/databento_ohlcv_1m/front_1m.parquet,198.0,56.0,0.2840909090909091,0.2840909090909091,191.0,233.65,0.8174620158356516,neutral,neutral,0_7_to_0_9
NQ,2024-06-16,2024-06-16 22:00:00+00:00,2024-06-17 03:59:00+00:00,19695.0,19978.25,19670.0,19960.75,12374,databento_ohlcv_1m,../trading/data/databento_ohlcv_1m/front_1m.parquet,308.25,264.5,0.862124898621249,0.862124898621249,198.0,229.475,0.8628390892254059,neutral,expansion,0_7_to_0_9
NQ,2024-06-17,2024-06-17 04:00:00+00:00,2024-06-18 03:59:00+00:00,19961.0,20271.25,19904.0,20184.0,510253,databento_ohlcv_1m,../trading/data/databento_ohlcv_1m/front_1m.parquet,367.25,223.25,0.607215793056501,0.607215793056501,308.25,224.8,1.3712188612099643,expansion,expansion,gt_1_3
NQ,2024-06-18,2024-06-18 04:00:00+00:00,2024-06-19 03:59:00+00:00,20183.75,20270.5,20127.0,20219.75,481329,databento_ohlcv_1m,../trading/data/databento_ohlcv_1m/front_1m.parquet,143.5,35.75,0.2508710801393728,0.2508710801393728,367.25,231.0,1.5898268398268398,expansion,compression,gt_1_3
NQ,2024-06-19,2024-06-19 04:00:00+00:00,2024-06-20 03:59:00+00:00,20220.0,20293.5,20213.75,20290.25,73284,databento_ohlcv_1m,../trading/data/databento_ohlcv_1m/front_1m.parquet,79.75,70.5,0.8808777429467085,0.8808777429467085,143.5,235.525,0.6092771467997028,compression,compression,lt_0_7
NQ,2024-06-20,2024-06-20 04:00:00+00:00,2024-06-21 03:59:00+00:00,20290.0,20371.0,19958.25,20053.75,784681,databento_ohlcv_1m,../trading/data/databento_ohlcv_1m/front_1m.parquet,412.75,-236.5,0.5723803755299818,-0.5723803755299818,79.75,234.125,0.3406300053390283,compression,expansion,lt_0_7
NQ,2024-06-21,2024-06-21 04:00:00+00:00,2024-06-21 20:59:00+00:00,20053.75,20086.0,19914.25,20009.75,556542,databento_ohlcv_1m,../trading/data/databento_ohlcv_1m/front_1m.parquet,171.75,-44.0,0.2561863173216885,-0.2561863173216885,412.75,246.7125,1.6729999493337386,expansion,compression,gt_1_3
NQ,2024-06-23,2024-06-23 22:00:00+00:00,2024-06-24 03:59:00+00:00,20014.75,20030.25,19918.5,19963.25,26126,databento_ohlcv_1m,../trading/data/databento_ohlcv_1m/front_1m.parquet,111.75,-46.5,0.4608501118568233,-0.4608501118568233,171.75,244.1125,0.703569051154693,compression,compression,0_7_to_0_9
NQ,2024-06-24,2024-06-24 04:00:00+00:00,2024-06-25 03:59:00+00:00,19963.25,20030.0,19728.0,19794.25,668292,databento_ohlcv_1m,../trading/data/databento_ohlcv_1m/front_1m.parquet,302.0,-169.0,0.5596026490066225,-0.5596026490066225,111.75,235.475,0.47457267225820154,compression,expansion,lt_0_7
NQ,2024-06-25,2024-06-25 04:00:00+00:00,2024-06-26 03:59:00+00:00,19794.0,20008.5,19726.0,19990.75,569703,databento_ohlcv_1m,../trading/data/databento_ohlcv_1m/front_1m.parquet,282.5,196.5,0.6964601769911505,0.6964601769911505,302.0,229.225,1.317482822554259,expansion,neutral,gt_1_3
NQ,2024-06-26,2024-06-26 04:00:00+00:00,2024-06-27 03:59:00+00:00,19990.5,20070.5,19874.25,19911.5,586497,databento_ohlcv_1m,../trading/data/databento_ohlcv_1m/front_1m.parquet,196.25,-79.25,0.40254777070063696,-0.40254777070063696,282.5,237.6375,1.1887854400084161,neutral,neutral,1_1_to_1_3
NQ,2024-06-27,2024-06-27 04:00:00+00:00,2024-06-28 03:59:00+00:00,19912.0,20140.25,19909.75,20130.75,577326,databento_ohlcv_1m,../trading/data/databento_ohlcv_1m/front_1m.parquet,230.5,219.25,0.9490238611713666,0.9490238611713666,196.25,231.4625,0.8478695253010746,neutral,neutral,0_7_to_0_9
NQ,2024-06-28,2024-06-28 04:00:00+00:00,2024-06-28 20:59:00+00:00,20131.0,20273.25,19906.25,19966.5,716948,databento_ohlcv_1m,../trading/data/databento_ohlcv_1m/front_1m.parquet,367.0,-164.25,0.4482288828337875,-0.4482288828337875,230.5,230.25,1.001085776330076,neutral,expansion,0_9_to_1_1
NQ,2024-06-30,2024-06-30 22:00:00+00:00,2024-07-01 03:59:00+00:00,19970.0,20005.0,19931.5,19996.25,25779,databento_ohlcv_1m,../trading/data/databento_ohlcv_1m/front_1m.parquet,73.5,29.75,0.35714285714285715,0.35714285714285715,367.0,228.1875,1.6083264858942756,expansion,compression,gt_1_3
NQ,2024-07-01,2024-07-01 04:00:00+00:00,2024-07-02 03:59:00+00:00,19995.75,20074.0,19811.75,19981.25,628076,databento_ohlcv_1m,../trading/data/databento_ohlcv_1m/front_1m.parquet,262.25,-15.0,0.055290753098188754,-0.055290753098188754,73.5,226.5,0.32450331125827814,compression,neutral,lt_0_7
NQ,2024-07-02,2024-07-02 04:00:00+00:00,2024-07-03 03:59:00+00:00,19982.0,20259.25,19910.0,20235.25,600362,databento_ohlcv_1m,../trading/data/databento_ohlcv_1m/front_1m.parquet,349.25,254.0,0.725125268432355,0.725125268432355,262.25,228.8625,1.1458845376590747,neutral,expansion,1_1_to_1_3
NQ,2024-07-03,2024-07-03 04:00:00+00:00,2024-07-04 03:59:00+00:00,20235.75,20435.25,20205.0,20403.5,384450,databento_ohlcv_1m,../trading/data/databento_ohlcv_1m/front_1m.parquet,230.25,168.25,0.7285559174809989,0.7285559174809989,349.25,243.7875,1.4326001128031585,expansion,neutral,gt_1_3
NQ,2024-07-04,2024-07-04 04:00:00+00:00,2024-07-05 03:59:00+00:00,20404.0,20419.0,20361.0,20413.5,55352,databento_ohlcv_1m,../trading/data/databento_ohlcv_1m/front_1m.parquet,58.0,10.0,0.16379310344827586,0.16379310344827586,230.25,247.525,0.9302090697909302,neutral,compression,0_9_to_1_1
NQ,2024-07-05,2024-07-05 04:00:00+00:00,2024-07-05 20:59:00+00:00,20414.0,20639.5,20373.0,20591.5,526864,databento_ohlcv_1m,../trading/data/databento_ohlcv_1m/front_1m.parquet,266.5,178.0,0.6660412757973734,0.6660412757973734,58.0,236.6625,0.24507473723128928,compression,neutral,lt_0_7
NQ,2024-07-07,2024-07-07 22:00:00+00:00,2024-07-08 03:59:00+00:00,20591.5,20618.0,20579.25,20598.0,18336,databento_ohlcv_1m,../trading/data/databento_ohlcv_1m/front_1m.parquet,38.75,6.5,0.16774193548387098,0.16774193548387098,266.5,230.1,1.1581920903954803,neutral,compression,1_1_to_1_3
NQ,2024-07-08,2024-07-08 04:00:00+00:00,2024-07-09 03:59:00+00:00,20597.25,20748.75,20583.0,20734.25,508183,databento_ohlcv_1m,../trading/data/databento_ohlcv_1m/front_1m.parquet,165.75,136.25,0.8265460030165912,0.8265460030165912,38.75,222.4875,0.17416708803865386,compression,compression,lt_0_7
NQ,2024-07-09,2024-07-09 04:00:00+00:00,2024-07-10 03:59:00+00:00,20734.25,20771.75,20615.75,20709.75,542235,databento_ohlcv_1m,../trading/data/databento_ohlcv_1m/front_1m.parquet,156.0,-24.5,0.15705128205128205,-0.15705128205128205,165.75,220.875,0.7504244482173175,compression,compression,0_7_to_0_9
NQ,2024-07-10,2024-07-10 04:00:00+00:00,2024-07-11 03:59:00+00:00,20709.5,20916.75,20696.25,20883.75,567708,databento_ohlcv_1m,../trading/data/databento_ohlcv_1m/front_1m.parquet,220.5,174.0,0.7902494331065759,0.7902494331065759,156.0,213.2625,0.7314928784948128,compression,neutral,0_7_to_0_9
NQ,2024-07-11,2024-07-11 04:00:00+00:00,2024-07-12 03:59:00+00:00,20883.5,20983.75,20377.25,20420.5,899014,databento_ohlcv_1m,../trading/data/databento_ohlcv_1m/front_1m.parquet,606.5,-463.25,0.763396537510305,-0.763396537510305,220.5,205.925,1.0707781959451257,neutral,expansion,0_9_to_1_1
NQ,2024-07-12,2024-07-12 04:00:00+00:00,2024-07-12 20:59:00+00:00,20420.25,20741.0,20335.0,20539.75,685995,databento_ohlcv_1m,../trading/data/databento_ohlcv_1m/front_1m.parquet,406.0,119.25,0.29433497536945813,0.29433497536945813,606.5,229.075,2.6476044963439924,expansion,expansion,gt_1_3
NQ,2024-07-14,2024-07-14 22:00:00+00:00,2024-07-15 03:59:00+00:00,20580.0,20590.0,20508.0,20575.75,28177,databento_ohlcv_1m,../trading/data/databento_ohlcv_1m/front_1m.parquet,82.0,36.0,0.051829268292682924,-0.051829268292682924,406.0,245.3875,1.654526004788345,expansion,compression,gt_1_3
NQ,2024-07-15,2024-07-15 04:00:00+00:00,2024-07-16 03:59:00+00:00,20575.5,20797.0,20506.25,20647.5,685002,databento_ohlcv_1m,../trading/data/databento_ohlcv_1m/front_1m.parquet,290.75,71.75,0.24763542562338778,0.24763542562338778,82.0,228.85,0.35831330565872843,compression,expansion,lt_0_7
NQ,2024-07-16,2024-07-16 04:00:00+00:00,2024-07-17 03:59:00+00:00,20647.75,20684.5,20464.5,20535.25,618595,databento_ohlcv_1m,../trading/data/databento_ohlcv_1m/front_1m.parquet,220.0,-112.25,0.5113636363636364,-0.5113636363636364,290.75,234.8,1.2382879045996593,expansion,neutral,1_1_to_1_3
NQ,2024-07-17,2024-07-17 04:00:00+00:00,2024-07-18 03:59:00+00:00,20535.5,20538.0,19965.75,20051.0,847013,databento_ohlcv_1m,../trading/data/databento_ohlcv_1m/front_1m.parquet,572.25,-484.25,0.8466579292267365,-0.8466579292267365,220.0,240.2125,0.9158557527189467,neutral,expansion,0_9_to_1_1
NQ,2024-07-18,2024-07-18 04:00:00+00:00,2024-07-19 03:59:00+00:00,20051.25,20162.5,19758.75,19955.75,949777,databento_ohlcv_1m,../trading/data/databento_ohlcv_1m/front_1m.parquet,403.75,-95.25,0.23653250773993809,-0.23653250773993809,572.25,253.725,2.2553946201596218,expansion,expansion,gt_1_3
NQ,2024-07-19,2024-07-19 04:00:00+00:00,2024-07-19 20:59:00+00:00,19956.0,19979.75,19654.0,19701.5,737670,databento_ohlcv_1m,../trading/data/databento_ohlcv_1m/front_1m.parquet,325.75,-254.25,0.7812739831158864,-0.7812739831158864,403.75,259.7875,1.5541548380888224,expansion,expansion,gt_1_3
NQ,2024-07-21,2024-07-21 22:00:00+00:00,2024-07-22 03:59:00+00:00,19749.0,19842.0,19718.75,19777.25,48647,databento_ohlcv_1m,../trading/data/databento_ohlcv_1m/front_1m.parquet,123.25,75.75,0.22920892494929007,0.22920892494929007,325.75,266.2625,1.2234167409980752,expansion,compression,1_1_to_1_3
NQ,2024-07-22,2024-07-22 04:00:00+00:00,2024-07-23 03:59:00+00:00,19778.0,20044.75,19740.75,19933.0,621068,databento_ohlcv_1m,../trading/data/databento_ohlcv_1m/front_1m.parquet,304.0,155.75,0.5098684210526315,0.5098684210526315,123.25,260.9,0.4724032196243772,compression,neutral,lt_0_7
NQ,2024-07-23,2024-07-23 04:00:00+00:00,2024-07-24 03:59:00+00:00,19933.25,20084.75,19786.25,19798.5,604862,databento_ohlcv_1m,../trading/data/databento_ohlcv_1m/front_1m.parquet,298.5,-134.5,0.45142378559463986,-0.45142378559463986,304.0,257.75,1.1794374393792435,neutral,neutral,1_1_to_1_3
NQ,2024-07-24,2024-07-24 04:00:00+00:00,2024-07-25 03:59:00+00:00,19798.75,19801.0,19168.75,19267.5,823140,databento_ohlcv_1m,../trading/data/databento_ohlcv_1m/front_1m.parquet,632.25,-531.0,0.8402530644523527,-0.8402530644523527,298.5,269.0,1.1096654275092936,neutral,expansion,1_1_to_1_3
NQ,2024-07-25,2024-07-25 04:00:00+00:00,2024-07-26 03:59:00+00:00,19267.75,19390.5,18883.25,19073.25,960445,databento_ohlcv_1m,../trading/data/databento_ohlcv_1m/front_1m.parquet,507.25,-194.25,0.3834401182848694,-0.3834401182848694,632.25,287.5,2.199130434782609,expansion,expansion,gt_1_3
NQ,2024-07-26,2024-07-26 04:00:00+00:00,2024-07-26 20:59:00+00:00,19073.5,19297.75,19040.25,19175.75,661298,databento_ohlcv_1m,../trading/data/databento_ohlcv_1m/front_1m.parquet,257.5,102.5,0.3970873786407767,0.3970873786407767,507.25,295.4,1.7171631685849698,expansion,neutral,gt_1_3
NQ,2024-07-28,2024-07-28 22:00:00+00:00,2024-07-29 03:59:00+00:00,19171.75,19330.0,19167.75,19302.75,36947,databento_ohlcv_1m,../trading/data/databento_ohlcv_1m/front_1m.parquet,162.25,127.0,0.8073959938366718,0.8073959938366718,257.5,296.7625,0.8676972326355251,neutral,compression,0_7_to_0_9
NQ,2024-07-29,2024-07-29 04:00:00+00:00,2024-07-30 03:59:00+00:00,19302.75,19377.25,19076.0,19130.0,581988,databento_ohlcv_1m,../trading/data/databento_ohlcv_1m/front_1m.parquet,301.25,-172.75,0.5734439834024896,-0.5734439834024896,162.25,301.975,0.5372961337859093,compression,neutral,lt_0_7
NQ,2024-07-30,2024-07-30 04:00:00+00:00,2024-07-31 03:59:00+00:00,19131.0,19319.75,18725.0,19134.25,746310,databento_ohlcv_1m,../trading/data/databento_ohlcv_1m/front_1m.parquet,594.75,4.25,0.00546448087431694,0.00546448087431694,301.25,303.7125,0.9918920031279582,neutral,expansion,0_9_to_1_1
NQ,2024-07-31,2024-07-31 04:00:00+00:00,2024-08-01 03:59:00+00:00,19135.25,19717.0,19095.0,19684.25,747423,databento_ohlcv_1m,../trading/data/databento_ohlcv_1m/front_1m.parquet,622.0,550.0,0.882636655948553,0.882636655948553,594.75,331.5125,1.7940499981147016,expansion,expansion,gt_1_3
NQ,2024-08-01,2024-08-01 04:00:00+00:00,2024-08-02 03:59:00+00:00,19684.5,19692.75,18686.0,18787.25,907108,databento_ohlcv_1m,../trading/data/databento_ohlcv_1m/front_1m.parquet,1006.75,-897.0,0.8912341693568413,-0.8912341693568413,622.0,354.325,1.7554505044803501,expansion,expansion,gt_1_3
NQ,2024-08-02,2024-08-02 04:00:00+00:00,2024-08-02 20:59:00+00:00,18790.5,18802.75,18385.75,18513.25,771345,databento_ohlcv_1m,../trading/data/databento_ohlcv_1m/front_1m.parquet,417.0,-274.0,0.6648681055155875,-0.6648681055155875,1006.75,396.8625,2.536772811742102,expansion,neutral,gt_1_3
NQ,2024-08-04,2024-08-04 22:00:00+00:00,2024-08-05 03:59:00+00:00,18390.0,18390.0,18022.5,18027.25,74678,databento_ohlcv_1m,../trading/data/databento_ohlcv_1m/front_1m.parquet,367.5,-486.0,0.9870748299319728,-0.9870748299319728,417.0,406.6875,1.0253573075149838,neutral,neutral,0_9_to_1_1
NQ,2024-08-05,2024-08-05 04:00:00+00:00,2024-08-06 03:59:00+00:00,18025.75,18437.0,17351.0,18392.25,896794,databento_ohlcv_1m,../trading/data/databento_ohlcv_1m/front_1m.parquet,1086.0,365.0,0.3374769797421731,0.3374769797421731,367.5,394.7375,0.9309984483359194,neutral,expansion,0_9_to_1_1
NQ,2024-08-06,2024-08-06 04:00:00+00:00,2024-08-07 03:59:00+00:00,18392.5,18483.25,17966.0,18384.5,682984,databento_ohlcv_1m,../trading/data/databento_ohlcv_1m/front_1m.parquet,517.25,-7.75,0.015466408893185114,-0.015466408893185114,1086.0,428.7375,2.5330184553485524,expansion,neutral,gt_1_3
NQ,2024-08-07,2024-08-07 04:00:00+00:00,2024-08-08 03:59:00+00:00,18387.5,18558.5,17741.75,18020.75,707504,databento_ohlcv_1m,../trading/data/databento_ohlcv_1m/front_1m.parquet,816.75,-363.75,0.4490358126721763,-0.4490358126721763,517.25,450.5,1.1481687014428412,neutral,expansion,1_1_to_1_3
NQ,2024-08-08,2024-08-08 04:00:00+00:00,2024-08-09 03:59:00+00:00,18022.0,18617.0,17879.0,18565.25,627534,databento_ohlcv_1m,../trading/data/databento_ohlcv_1m/front_1m.parquet,738.0,544.5,0.7361111111111112,0.7361111111111112,816.75,476.8,1.7129823825503356,expansion,expansion,gt_1_3
NQ,2024-08-09,2024-08-09 04:00:00+00:00,2024-08-09 20:59:00+00:00,18565.0,18674.5,18383.0,18602.5,466719,databento_ohlcv_1m,../trading/data/databento_ohlcv_1m/front_1m.parquet,291.5,37.25,0.12864493996569468,0.12864493996569468,738.0,502.7,1.4680724089914463,expansion,compression,gt_1_3
NQ,2024-08-11,2024-08-11 22:00:00+00:00,2024-08-12 03:59:00+00:00,18590.0,18667.0,18515.0,18637.25,24166,databento_ohlcv_1m,../trading/data/databento_ohlcv_1m/front_1m.parquet,152.0,34.75,0.31085526315789475,0.31085526315789475,291.5,488.6625,0.5965262323178062,compression,compression,lt_0_7
NQ,2024-08-12,2024-08-12 04:00:00+00:00,2024-08-13 03:59:00+00:00,18636.75,18765.25,18523.5,18670.0,454702,databento_ohlcv_1m,../trading/data/databento_ohlcv_1m/front_1m.parquet,241.75,32.75,0.1375387797311272,0.1375387797311272,152.0,476.075,0.3192774247755081,compression,compression,lt_0_7
NQ,2024-08-13,2024-08-13 04:00:00+00:00,2024-08-14 03:59:00+00:00,18670.25,19153.25,18647.5,19108.5,500688,databento_ohlcv_1m,../trading/data/databento_ohlcv_1m/front_1m.parquet,505.75,438.5,0.8665348492338112,0.8665348492338112,241.75,471.875,0.512317880794702,compression,neutral,lt_0_7
NQ,2024-08-14,2024-08-14 04:00:00+00:00,2024-08-15 03:59:00+00:00,19108.25,19224.75,18925.5,19214.0,537232,databento_ohlcv_1m,../trading/data/databento_ohlcv_1m/front_1m.parquet,299.25,105.5,0.3533834586466165,0.3533834586466165,505.75,491.0,1.030040733197556,neutral,compression,0_9_to_1_1
NQ,2024-08-15,2024-08-15 04:00:00+00:00,2024-08-16 03:59:00+00:00,19215.0,19644.5,19104.75,19635.0,517992,databento_ohlcv_1m,../trading/data/databento_ohlcv_1m/front_1m.parquet,539.75,421.0,0.778138026864289,0.778138026864289,299.25,490.7625,0.6097654160617407,compression,neutral,lt_0_7
NQ,2024-08-16,2024-08-16 04:00:00+00:00,2024-08-16 20:59:00+00:00,19633.75,19683.0,19447.5,19604.0,428448,databento_ohlcv_1m,../trading/data/databento_ohlcv_1m/front_1m.parquet,235.5,-31.0,0.12632696390658174,-0.12632696390658174,539.75,502.825,1.073435091731716,neutral,compression,0_9_to_1_1
NQ,2024-08-18,2024-08-18 22:00:00+00:00,2024-08-19 03:59:00+00:00,19629.0,19688.0,19614.5,19646.0,18912,databento_ohlcv_1m,../trading/data/databento_ohlcv_1m/front_1m.parquet,73.5,42.0,0.23129251700680273,0.23129251700680273,235.5,482.9875,0.48759025854706384,compression,compression,lt_0_7
NQ,2024-08-19,2024-08-19 04:00:00+00:00,2024-08-20 03:59:00+00:00,19646.25,19914.5,19525.25,19876.75,424178,databento_ohlcv_1m,../trading/data/databento_ohlcv_1m/front_1m.parquet,389.25,230.75,0.5921644187540142,0.5921644187540142,73.5,461.3,0.15933232169954475,compression,neutral,lt_0_7
NQ,2024-08-20,2024-08-20 04:00:00+00:00,2024-08-21 03:59:00+00:00,19875.75,19931.0,19743.0,19832.5,476836,databento_ohlcv_1m,../trading/data/databento_ohlcv_1m/front_1m.parquet,188.0,-44.25,0.2300531914893617,-0.2300531914893617,389.25,467.8875,0.831930752584756,neutral,compression,0_7_to_0_9
NQ,2024-08-21,2024-08-21 04:00:00+00:00,2024-08-22 03:59:00+00:00,19832.5,19981.75,19771.5,19882.5,472044,databento_ohlcv_1m,../trading/data/databento_ohlcv_1m/front_1m.parquet,210.25,50.0,0.23781212841854935,0.23781212841854935,188.0,469.175,0.4007033622848617,compression,compression,lt_0_7
NQ,2024-08-22,2024-08-22 04:00:00+00:00,2024-08-23 03:59:00+00:00,19882.5,20025.25,19542.0,19666.5,623368,databento_ohlcv_1m,../trading/data/databento_ohlcv_1m/front_1m.parquet,483.25,-216.0,0.4469736161407139,-0.4469736161407139,210.25,464.625,0.452515469464622,compression,neutral,lt_0_7
NQ,2024-08-23,2024-08-23 04:00:00+00:00,2024-08-23 20:59:00+00:00,19666.5,19904.25,19591.75,19776.75,557537,databento_ohlcv_1m,../trading/data/databento_ohlcv_1m/front_1m.parquet,312.5,110.25,0.3528,0.3528,483.25,459.05,1.0527175688922774,neutral,compression,0_9_to_1_1
NQ,2024-08-25,2024-08-25 22:00:00+00:00,2024-08-26 03:59:00+00:00,19787.75,19832.5,19716.25,19762.75,24577,databento_ohlcv_1m,../trading/data/databento_ohlcv_1m/front_1m.parquet,116.25,-14.0,0.21505376344086022,-0.21505376344086022,312.5,443.575,0.7045031843543933,compression,compression,0_7_to_0_9
NQ,2024-08-26,2024-08-26 04:00:00+00:00,2024-08-27 03:59:00+00:00,19763.25,19846.25,19505.5,19595.25,461446,databento_ohlcv_1m,../trading/data/databento_ohlcv_1m/front_1m.parquet,340.75,-167.5,0.4930300807043287,-0.4930300807043287,116.25,399.05,0.2913168775842626,compression,neutral,lt_0_7
NQ,2024-08-27,2024-08-27 04:00:00+00:00,2024-08-28 03:59:00+00:00,19596.25,19694.25,19441.5,19618.75,435360,databento_ohlcv_1m,../trading/data/databento_ohlcv_1m/front_1m.parquet,252.75,23.5,0.08902077151335312,0.08902077151335312,340.75,395.2375,0.8621398526202599,neutral,compression,0_7_to_0_9
NQ,2024-08-28,2024-08-28 04:00:00+00:00,2024-08-29 03:59:00+00:00,19619.5,19691.0,19140.25,19274.25,546170,databento_ohlcv_1m,../trading/data/databento_ohlcv_1m/front_1m.parquet,550.75,-344.5,0.6268724466636405,-0.6268724466636405,252.75,389.5,0.6489088575096277,compression,expansion,lt_0_7
NQ,2024-08-29,2024-08-29 04:00:00+00:00,2024-08-30 03:59:00+00:00,19275.75,19693.5,19274.0,19453.25,641911,databento_ohlcv_1m,../trading/data/databento_ohlcv_1m/front_1m.parquet,419.5,179.0,0.4231227651966627,0.4231227651966627,550.75,362.7375,1.5183155863399842,expansion,neutral,gt_1_3
NQ,2024-08-30,2024-08-30 04:00:00+00:00,2024-08-30 20:59:00+00:00,19453.25,19632.75,19370.5,19594.5,467079,databento_ohlcv_1m,../trading/data/databento_ohlcv_1m/front_1m.parquet,262.25,141.25,0.5386081982840801,0.5386081982840801,419.5,357.85,1.1722788878021517,neutral,compression,1_1_to_1_3
NQ,2024-09-01,2024-09-01 22:00:00+00:00,2024-09-02 03:59:00+00:00,19599.0,19628.0,19569.0,19590.5,11588,databento_ohlcv_1m,../trading/data/databento_ohlcv_1m/front_1m.parquet,59.0,-4.0,0.1440677966101695,-0.1440677966101695,262.25,330.125,0.7943960620976903,compression,compression,0_7_to_0_9
NQ,2024-09-02,2024-09-02 04:00:00+00:00,2024-09-03 03:59:00+00:00,19589.25,19683.0,19511.0,19561.25,86006,databento_ohlcv_1m,../trading/data/databento_ohlcv_1m/front_1m.parquet,172.0,-29.25,0.16279069767441862,-0.16279069767441862,59.0,296.175,0.19920655018148054,compression,compression,lt_0_7
NQ,2024-09-03,2024-09-03 04:00:00+00:00,2024-09-04 03:59:00+00:00,19561.75,19644.75,18825.75,18881.5,635495,databento_ohlcv_1m,../trading/data/databento_ohlcv_1m/front_1m.parquet,819.0,-679.75,0.8305860805860806,-0.8305860805860806,172.0,290.2,0.5926946933149553,compression,expansion,lt_0_7
NQ,2024-09-04,2024-09-04 04:00:00+00:00,2024-09-05 03:59:00+00:00,18881.75,19114.75,18830.25,18905.5,557632,databento_ohlcv_1m,../trading/data/databento_ohlcv_1m/front_1m.parquet,284.5,24.0,0.08347978910369068,0.08347978910369068,819.0,323.55,2.5312934631432547,expansion,neutral,gt_1_3
NQ,2024-09-05,2024-09-05 04:00:00+00:00,2024-09-06 03:59:00+00:00,18905.0,19150.5,18791.0,18870.5,578901,databento_ohlcv_1m,../trading/data/databento_ohlcv_1m/front_1m.parquet,359.5,-35.0,0.09596662030598054,-0.09596662030598054,284.5,325.6875,0.8735367491844176,neutral,neutral,0_7_to_0_9
NQ,2024-09-06,2024-09-06 04:00:00+00:00,2024-09-06 20:59:00+00:00,18871.0,18972.25,18339.75,18377.5,682489,databento_ohlcv_1m,../trading/data/databento_ohlcv_1m/front_1m.parquet,632.5,-493.0,0.7802371541501977,-0.7802371541501977,359.5,318.375,1.1291715744012565,neutral,expansion,1_1_to_1_3
NQ,2024-09-08,2024-09-08 22:00:00+00:00,2024-09-09 03:59:00+00:00,18400.0,18542.0,18386.0,18539.0,34152,databento_ohlcv_1m,../trading/data/databento_ohlcv_1m/front_1m.parquet,156.0,161.5,0.8910256410256411,0.8910256410256411,632.5,335.0375,1.8878483751818824,expansion,compression,gt_1_3
NQ,2024-09-09,2024-09-09 04:00:00+00:00,2024-09-10 03:59:00+00:00,18538.25,18741.0,18497.25,18652.75,517094,databento_ohlcv_1m,../trading/data/databento_ohlcv_1m/front_1m.parquet,243.75,113.75,0.46974358974358976,0.46974358974358976,156.0,315.85,0.4939053348108279,compression,compression,lt_0_7
NQ,2024-09-10,2024-09-10 04:00:00+00:00,2024-09-11 03:59:00+00:00,18652.5,18878.5,18582.25,18751.5,530895,databento_ohlcv_1m,../trading/data/databento_ohlcv_1m/front_1m.parquet,296.25,98.75,0.3341772151898734,0.3341772151898734,243.75,316.2625,0.7707205248804395,compression,neutral,0_7_to_0_9
NQ,2024-09-11,2024-09-11 04:00:00+00:00,2024-09-12 03:59:00+00:00,18750.0,19310.5,18547.0,19308.25,706094,databento_ohlcv_1m,../trading/data/databento_ohlcv_1m/front_1m.parquet,763.5,556.75,0.7311722331368696,0.7311722331368696,296.25,327.4,0.9048564447159438,neutral,expansion,0_9_to_1_1
NQ,2024-09-12,2024-09-12 04:00:00+00:00,2024-09-13 03:59:00+00:00,19308.0,19483.5,19185.0,19450.0,553970,databento_ohlcv_1m,../trading/data/databento_ohlcv_1m/front_1m.parquet,298.5,141.75,0.47571189279731996,0.47571189279731996,763.5,346.1125,2.2059301527682473,expansion,neutral,gt_1_3
NQ,2024-09-13,2024-09-13 04:00:00+00:00,2024-09-13 20:59:00+00:00,19451.5,19577.25,19398.25,19503.5,401411,databento_ohlcv_1m,../trading/data/databento_ohlcv_1m/front_1m.parquet,179.0,53.5,0.2905027932960894,0.2905027932960894,298.5,351.6375,0.84888557107817,neutral,compression,0_7_to_0_9
NQ,2024-09-15,2024-09-15 22:00:00+00:00,2024-09-16 03:59:00+00:00,19498.0,19780.75,19479.0,19767.75,11544,databento_ohlcv_1m,../trading/data/databento_ohlcv_1m/front_1m.parquet,301.75,264.25,0.8939519469759735,0.8939519469759735,179.0,350.075,0.5113190030707706,compression,neutral,lt_0_7
NQ,2024-09-16,2024-09-16 04:00:00+00:00,2024-09-17 03:59:00+00:00,19767.5,19781.5,19529.0,19647.0,270310,databento_ohlcv_1m,../trading/data/databento_ohlcv_1m/front_1m.parquet,252.5,-120.75,0.4772277227722772,-0.4772277227722772,301.75,341.0,0.8848973607038123,neutral,compression,0_7_to_0_9
NQ,2024-09-17,2024-09-17 04:00:00+00:00,2024-09-18 03:59:00+00:00,19647.25,19850.25,19574.5,19687.0,409083,databento_ohlcv_1m,../trading/data/databento_ohlcv_1m/front_1m.parquet,275.75,40.0,0.1441523118766999,0.1441523118766999,252.5,338.0,0.7470414201183432,compression,compression,0_7_to_0_9
NQ,2024-09-18,2024-09-18 04:00:00+00:00,2024-09-19 03:59:00+00:00,19687.0,19900.0,19558.0,19864.75,544561,databento_ohlcv_1m,../trading/data/databento_ohlcv_1m/front_1m.parquet,342.0,177.75,0.5197368421052632,0.5197368421052632,275.75,345.975,0.7970229062793553,compression,neutral,0_7_to_0_9
NQ,2024-09-19,2024-09-19 04:00:00+00:00,2024-09-20 03:59:00+00:00,19865.25,20203.0,19842.75,20051.25,535451,databento_ohlcv_1m,../trading/data/databento_ohlcv_1m/front_1m.parquet,360.25,186.5,0.5163081193615545,0.5163081193615545,342.0,346.0375,0.9883321894303363,neutral,neutral,0_9_to_1_1
NQ,2024-09-20,2024-09-20 04:00:00+00:00,2024-09-20 20:59:00+00:00,20051.5,20084.0,19860.0,20015.5,449047,databento_ohlcv_1m,../trading/data/databento_ohlcv_1m/front_1m.parquet,224.0,-35.75,0.16071428571428573,-0.16071428571428573,360.25,351.4125,1.0251485078077758,neutral,compression,0_9_to_1_1
NQ,2024-09-22,2024-09-22 22:00:00+00:00,2024-09-23 03:59:00+00:00,20040.0,20164.0,19996.25,20145.5,26382,databento_ohlcv_1m,../trading/data/databento_ohlcv_1m/front_1m.parquet,167.75,130.0,0.6289120715350224,0.6289120715350224,224.0,335.075,0.6685070506602999,compression,compression,lt_0_7
NQ,2024-09-23,2024-09-23 04:00:00+00:00,2024-09-24 03:59:00+00:00,20145.5,20157.75,19955.25,20050.25,382685,databento_ohlcv_1m,../trading/data/databento_ohlcv_1m/front_1m.parquet,202.5,-95.25,0.4703703703703704,-0.4703703703703704,167.75,322.4875,0.5201752005891701,compression,compression,lt_0_7
NQ,2024-09-24,2024-09-24 04:00:00+00:00,2024-09-25 03:59:00+00:00,20050.25,20214.75,19953.0,20127.75,451190,databento_ohlcv_1m,../trading/data/databento_ohlcv_1m/front_1m.parquet,261.75,77.5,0.29608404966571156,0.29608404966571156,202.5,319.5,0.6338028169014085,compression,compression,lt_0_7
NQ,2024-09-25,2024-09-25 04:00:00+00:00,2024-09-26 03:59:00+00:00,20128.25,20370.5,20064.25,20363.5,401630,databento_ohlcv_1m,../trading/data/databento_ohlcv_1m/front_1m.parquet,306.25,235.75,0.7681632653061224,0.7681632653061224,261.75,329.6375,0.7940540745515908,compression,neutral,0_7_to_0_9
NQ,2024-09-26,2024-09-26 04:00:00+00:00,2024-09-27 03:59:00+00:00,20364.25,20538.0,20188.0,20319.5,501768,databento_ohlcv_1m,../trading/data/databento_ohlcv_1m/front_1m.parquet,350.0,-44.0,0.12785714285714286,-0.12785714285714286,306.25,336.35,0.9105098855359001,neutral,neutral,0_9_to_1_1
NQ,2024-09-27,2024-09-27 04:00:00+00:00,2024-09-27 20:59:00+00:00,20320.75,20395.75,20173.0,20193.0,405705,databento_ohlcv_1m,../trading/data/databento_ohlcv_1m/front_1m.parquet,222.75,-126.5,0.5735129068462402,-0.5735129068462402,350.0,312.9,1.1185682326621924,neutral,compression,1_1_to_1_3
NQ,2024-09-29,2024-09-29 22:00:00+00:00,2024-09-30 03:59:00+00:00,20198.5,20287.0,20153.5,20219.75,28347,databento_ohlcv_1m,../trading/data/databento_ohlcv_1m/front_1m.parquet,133.5,26.75,0.15917602996254682,0.15917602996254682,222.75,309.8125,0.7189832560016138,compression,compression,0_7_to_0_9
NQ,2024-09-30,2024-09-30 04:00:00+00:00,2024-10-01 03:59:00+00:00,20219.75,20331.75,20056.0,20284.5,495599,databento_ohlcv_1m,../trading/data/databento_ohlcv_1m/front_1m.parquet,275.75,64.75,0.23481414324569355,0.23481414324569355,133.5,298.5125,0.4472174532054772,compression,neutral,lt_0_7
NQ,2024-10-01,2024-10-01 04:00:00+00:00,2024-10-02 03:59:00+00:00,20284.25,20324.75,19818.0,19984.75,654417,databento_ohlcv_1m,../trading/data/databento_ohlcv_1m/front_1m.parquet,506.75,-299.75,0.5910212136161815,-0.5910212136161815,275.75,280.675,0.9824530150529972,neutral,expansion,0_9_to_1_1
NQ,2024-10-02,2024-10-02 04:00:00+00:00,2024-10-03 03:59:00+00:00,19985.25,20090.25,19833.5,19950.0,469838,databento_ohlcv_1m,../trading/data/databento_ohlcv_1m/front_1m.parquet,256.75,-34.75,0.13729308666017526,-0.13729308666017526,506.75,298.2125,1.699291612524626,expansion,neutral,gt_1_3
NQ,2024-10-03,2024-10-03 04:00:00+00:00,2024-10-04 03:59:00+00:00,19950.0,20113.75,19852.0,20012.5,517920,databento_ohlcv_1m,../trading/data/databento_ohlcv_1m/front_1m.parquet,261.75,62.5,0.2387774594078319,0.2387774594078319,256.75,298.8625,0.8590907189761178,neutral,neutral,0_7_to_0_9
NQ,2024-10-04,2024-10-04 04:00:00+00:00,2024-10-04 20:59:00+00:00,20012.25,20263.75,19971.75,20202.25,529747,databento_ohlcv_1m,../trading/data/databento_ohlcv_1m/front_1m.parquet,292.0,189.75,0.6506849315068494,0.6506849315068494,261.75,297.1375,0.8809053047831391,neutral,neutral,0_7_to_0_9
NQ,2024-10-06,2024-10-06 22:00:00+00:00,2024-10-07 03:59:00+00:00,20220.0,20267.25,20201.25,20219.5,27459,databento_ohlcv_1m,../trading/data/databento_ohlcv_1m/front_1m.parquet,66.0,17.25,0.007575757575757576,-0.007575757575757576,292.0,273.5625,1.0673977610235321,neutral,compression,0_9_to_1_1
NQ,2024-10-07,2024-10-07 04:00:00+00:00,2024-10-08 03:59:00+00:00,20219.0,20234.25,19902.5,19984.75,450736,databento_ohlcv_1m,../trading/data/databento_ohlcv_1m/front_1m.parquet,331.75,-234.75,0.706103993971364,-0.706103993971364,66.0,261.9375,0.25196850393700787,compression,expansion,lt_0_7
NQ,2024-10-08,2024-10-08 04:00:00+00:00,2024-10-09 03:59:00+00:00,19985.0,20329.5,19942.5,20237.5,420265,databento_ohlcv_1m,../trading/data/databento_ohlcv_1m/front_1m.parquet,387.0,252.75,0.6524547803617571,0.6524547803617571,331.75,269.575,1.2306408235185013,expansion,expansion,1_1_to_1_3
NQ,2024-10-09,2024-10-09 04:00:00+00:00,2024-10-10 03:59:00+00:00,20237.0,20482.75,20196.0,20471.0,410069,databento_ohlcv_1m,../trading/data/databento_ohlcv_1m/front_1m.parquet,286.75,233.5,0.8160418482999128,0.8160418482999128,387.0,273.8375,1.4132469073812024,expansion,neutral,gt_1_3
NQ,2024-10-10,2024-10-10 04:00:00+00:00,2024-10-11 03:59:00+00:00,20470.0,20508.25,20301.5,20455.0,443192,databento_ohlcv_1m,../trading/data/databento_ohlcv_1m/front_1m.parquet,206.75,-16.0,0.07255139056831923,-0.07255139056831923,286.75,275.55,1.040645980765741,neutral,compression,0_9_to_1_1
NQ,2024-10-11,2024-10-11 04:00:00+00:00,2024-10-11 20:59:00+00:00,20456.0,20494.25,20314.75,20413.25,365585,databento_ohlcv_1m,../trading/data/databento_ohlcv_1m/front_1m.parquet,179.5,-41.75,0.2381615598885794,-0.2381615598885794,206.75,272.1,0.7598309445056963,compression,compression,0_7_to_0_9
NQ,2024-10-13,2024-10-13 22:00:00+00:00,2024-10-14 03:59:00+00:00,20432.5,20450.75,20383.25,20408.0,19068,databento_ohlcv_1m,../trading/data/databento_ohlcv_1m/front_1m.parquet,67.5,-5.25,0.362962962962963,-0.362962962962963,179.5,263.975,0.6799886352874325,compression,compression,lt_0_7
NQ,2024-10-14,2024-10-14 04:00:00+00:00,2024-10-15 03:59:00+00:00,20408.0,20680.0,20403.25,20633.5,382492,databento_ohlcv_1m,../trading/data/databento_ohlcv_1m/front_1m.parquet,276.75,225.5,0.8148148148148148,0.8148148148148148,67.5,249.3375,0.2707174011129493,compression,neutral,lt_0_7
NQ,2024-10-15,2024-10-15 04:00:00+00:00,2024-10-16 03:59:00+00:00,20633.5,20659.25,20254.0,20387.75,511379,databento_ohlcv_1m,../trading/data/databento_ohlcv_1m/front_1m.parquet,405.25,-245.75,0.6064157927205429,-0.6064157927205429,276.75,251.975,1.098323246353805,neutral,expansion,0_9_to_1_1
NQ,2024-10-16,2024-10-16 04:00:00+00:00,2024-10-17 03:59:00+00:00,20387.75,20398.5,20206.25,20297.5,409498,databento_ohlcv_1m,../trading/data/databento_ohlcv_1m/front_1m.parquet,192.25,-90.25,0.4694408322496749,-0.4694408322496749,405.25,263.85,1.5359105552397194,expansion,compression,gt_1_3
NQ,2024-10-17,2024-10-17 04:00:00+00:00,2024-10-18 03:59:00+00:00,20297.0,20594.75,20288.0,20362.0,529848,databento_ohlcv_1m,../trading/data/databento_ohlcv_1m/front_1m.parquet,306.75,64.5,0.21189894050529748,0.21189894050529748,192.25,263.3375,0.7300517396876632,compression,neutral,0_7_to_0_9
NQ,2024-10-18,2024-10-18 04:00:00+00:00,2024-10-18 20:59:00+00:00,20362.25,20529.75,20358.75,20484.25,357903,databento_ohlcv_1m,../trading/data/databento_ohlcv_1m/front_1m.parquet,171.0,122.25,0.7134502923976608,0.7134502923976608,306.75,265.5875,1.1549865863416013,neutral,compression,1_1_to_1_3
NQ,2024-10-20,2024-10-20 22:00:00+00:00,2024-10-21 03:59:00+00:00,20496.25,20526.0,20475.75,20480.25,17179,databento_ohlcv_1m,../trading/data/databento_ohlcv_1m/front_1m.parquet,50.25,-4.0,0.31840796019900497,-0.31840796019900497,171.0,258.825,0.66067806432918,compression,compression,lt_0_7
NQ,2024-10-21,2024-10-21 04:00:00+00:00,2024-10-22 03:59:00+00:00,20480.0,20554.5,20343.75,20467.5,447599,databento_ohlcv_1m,../trading/data/databento_ohlcv_1m/front_1m.parquet,210.75,-12.75,0.05931198102016608,-0.05931198102016608,50.25,243.8375,0.20607986876505868,compression,neutral,lt_0_7
NQ,2024-10-22,2024-10-22 04:00:00+00:00,2024-10-23 03:59:00+00:00,20468.0,20602.25,20360.25,20511.75,459433,databento_ohlcv_1m,../trading/data/databento_ohlcv_1m/front_1m.parquet,242.0,44.25,0.18078512396694216,0.18078512396694216,210.75,243.2375,0.8664371242098772,neutral,neutral,0_7_to_0_9
NQ,2024-10-23,2024-10-23 04:00:00+00:00,2024-10-24 03:59:00+00:00,20511.75,20542.5,20079.0,20320.25,612805,databento_ohlcv_1m,../trading/data/databento_ohlcv_1m/front_1m.parquet,463.5,-191.5,0.41316073354908306,-0.41316073354908306,242.0,248.6625,0.9732066556075002,neutral,expansion,0_9_to_1_1
NQ,2024-10-24,2024-10-24 04:00:00+00:00,2024-10-25 03:59:00+00:00,20320.0,20428.5,20261.75,20375.0,448217,databento_ohlcv_1m,../trading/data/databento_ohlcv_1m/front_1m.parquet,166.75,54.75,0.32983508245877063,0.32983508245877063,463.5,258.05,1.7961635341987987,expansion,compression,gt_1_3
NQ,2024-10-25,2024-10-25 04:00:00+00:00,2024-10-25 20:59:00+00:00,20375.25,20707.25,20364.75,20476.0,556163,databento_ohlcv_1m,../trading/data/databento_ohlcv_1m/front_1m.parquet,342.5,101.0,0.2941605839416058,0.2941605839416058,166.75,241.05,0.6917651939431653,compression,expansion,lt_0_7
NQ,2024-10-27,2024-10-27 22:00:00+00:00,2024-10-28 03:59:00+00:00,20525.5,20649.0,20525.25,20614.25,28926,databento_ohlcv_1m,../trading/data/databento_ohlcv_1m/front_1m.parquet,123.75,138.25,0.7171717171717171,0.7171717171717171,342.5,245.3375,1.3960360727569165,expansion,compression,gt_1_3
NQ,2024-10-28,2024-10-28 04:00:00+00:00,2024-10-29 03:59:00+00:00,20612.5,20676.5,20456.0,20461.5,418309,databento_ohlcv_1m,../trading/data/databento_ohlcv_1m/front_1m.parquet,220.5,-152.75,0.6848072562358276,-0.6848072562358276,123.75,238.4375,0.5190039318479686,compression,neutral,lt_0_7
NQ,2024-10-29,2024-10-29 04:00:00+00:00,2024-10-30 03:59:00+00:00,20461.25,20788.5,20432.25,20729.5,494586,databento_ohlcv_1m,../trading/data/databento_ohlcv_1m/front_1m.parquet,356.25,268.0,0.7529824561403509,0.7529824561403509,220.5,234.8625,0.9388471978285167,neutral,expansion,0_9_to_1_1
NQ,2024-10-30,2024-10-30 04:00:00+00:00,2024-10-31 03:59:00+00:00,20728.5,20765.0,20401.0,20421.75,515801,databento_ohlcv_1m,../trading/data/databento_ohlcv_1m/front_1m.parquet,364.0,-307.75,0.8427197802197802,-0.8427197802197802,356.25,249.375,1.4285714285714286,expansion,expansion,gt_1_3
NQ,2024-10-31,2024-10-31 04:00:00+00:00,2024-11-01 03:59:00+00:00,20422.25,20424.75,20008.5,20087.0,670764,databento_ohlcv_1m,../trading/data/databento_ohlcv_1m/front_1m.parquet,416.25,-334.75,0.8054054054054054,-0.8054054054054054,364.0,250.9875,1.450271427859953,expansion,expansion,gt_1_3
NQ,2024-11-01,2024-11-01 04:00:00+00:00,2024-11-01 20:59:00+00:00,20087.25,20288.0,20055.25,20170.25,512946,databento_ohlcv_1m,../trading/data/databento_ohlcv_1m/front_1m.parquet,232.75,83.25,0.35660580021482274,0.35660580021482274,416.25,252.45,1.6488413547237077,expansion,neutral,gt_1_3
NQ,2024-11-03,2024-11-03 23:00:00+00:00,2024-11-04 04:59:00+00:00,20138.0,20248.5,20070.5,20234.0,39262,databento_ohlcv_1m,../trading/data/databento_ohlcv_1m/front_1m.parquet,178.0,63.75,0.5393258426966292,0.5393258426966292,232.75,249.75,0.9319319319319319,neutral,compression,0_9_to_1_1
NQ,2024-11-04,2024-11-04 05:00:00+00:00,2024-11-05 04:59:00+00:00,20233.75,20247.75,20013.0,20085.25,494095,databento_ohlcv_1m,../trading/data/databento_ohlcv_1m/front_1m.parquet,234.75,-148.75,0.6325878594249201,-0.6325878594249201,178.0,248.3125,0.7168386609614901,compression,neutral,0_7_to_0_9
NQ,2024-11-05,2024-11-05 05:00:00+00:00,2024-11-06 04:59:00+00:00,20085.25,20640.5,20084.75,20597.25,497530,databento_ohlcv_1m,../trading/data/databento_ohlcv_1m/front_1m.parquet,555.75,512.0,0.9212775528565003,0.9212775528565003,234.75,251.075,0.934979587772578,neutral,expansion,0_9_to_1_1
NQ,2024-11-06,2024-11-06 05:00:00+00:00,2024-11-07 04:59:00+00:00,20596.25,20935.25,20457.75,20921.75,566716,databento_ohlcv_1m,../trading/data/databento_ohlcv_1m/front_1m.parquet,477.5,324.5,0.6816753926701571,0.6816753926701571,555.75,275.4875,2.0173329098416444,expansion,expansion,gt_1_3
NQ,2024-11-07,2024-11-07 05:00:00+00:00,2024-11-08 04:59:00+00:00,20922.0,21253.0,20908.25,21224.25,448545,databento_ohlcv_1m,../trading/data/databento_ohlcv_1m/front_1m.parquet,344.75,302.5,0.8767222625090645,0.8767222625090645,477.5,285.525,1.672357937133351,expansion,expansion,gt_1_3
NQ,2024-11-08,2024-11-08 05:00:00+00:00,2024-11-08 21:59:00+00:00,21224.75,21265.0,21121.75,21226.75,379234,databento_ohlcv_1m,../trading/data/databento_ohlcv_1m/front_1m.parquet,143.25,2.5,0.013961605584642234,0.013961605584642234,344.75,282.5,1.2203539823008849,expansion,compression,1_1_to_1_3
NQ,2024-11-10,2024-11-10 23:00:00+00:00,2024-11-11 04:59:00+00:00,21249.75,21320.0,21249.0,21287.75,25020,databento_ohlcv_1m,../trading/data/databento_ohlcv_1m/front_1m.parquet,71.0,61.0,0.5352112676056338,0.5352112676056338,143.25,280.05,0.511515800749866,compression,compression,lt_0_7
NQ,2024-11-11,2024-11-11 05:00:00+00:00,2024-11-12 04:59:00+00:00,21287.5,21340.75,21098.25,21222.75,448808,databento_ohlcv_1m,../trading/data/databento_ohlcv_1m/front_1m.parquet,242.5,-65.0,0.2670103092783505,-0.2670103092783505,71.0,268.2625,0.26466613857695354,compression,neutral,lt_0_7
NQ,2024-11-12,2024-11-12 05:00:00+00:00,2024-11-13 04:59:00+00:00,21222.5,21251.75,21054.75,21140.0,497921,databento_ohlcv_1m,../trading/data/databento_ohlcv_1m/front_1m.parquet,197.0,-82.75,0.41878172588832485,-0.41878172588832485,242.5,271.8375,0.8920770681013473,neutral,compression,0_7_to_0_9
NQ,2024-11-13,2024-11-13 05:00:00+00:00,2024-11-14 04:59:00+00:00,21140.25,21268.5,21056.5,21138.5,526234,databento_ohlcv_1m,../trading/data/databento_ohlcv_1m/front_1m.parquet,212.0,-1.5,0.008254716981132075,-0.008254716981132075,197.0,279.175,0.7056505775946986,compression,compression,0_7_to_0_9
NQ,2024-11-14,2024-11-14 05:00:00+00:00,2024-11-15 04:59:00+00:00,21139.0,21190.25,20884.25,20918.75,555462,databento_ohlcv_1m,../trading/data/databento_ohlcv_1m/front_1m.parquet,306.0,-219.75,0.7197712418300654,-0.7197712418300654,212.0,279.2375,0.7592103496127848,compression,neutral,0_7_to_0_9
NQ,2024-11-15,2024-11-15 05:00:00+00:00,2024-11-15 21:59:00+00:00,20919.0,20929.0,20405.25,20503.25,643621,databento_ohlcv_1m,../trading/data/databento_ohlcv_1m/front_1m.parquet,523.75,-415.5,0.7937947494033413,-0.7937947494033413,306.0,282.4375,1.0834255366231467,neutral,expansion,0_9_to_1_1
NQ,2024-11-17,2024-11-17 23:00:00+00:00,2024-11-18 04:59:00+00:00,20504.0,20657.0,20476.0,20649.0,37039,databento_ohlcv_1m,../trading/data/databento_ohlcv_1m/front_1m.parquet,181.0,145.75,0.8011049723756906,0.8011049723756906,523.75,285.45,1.834822210544754,expansion,compression,gt_1_3
NQ,2024-11-18,2024-11-18 05:00:00+00:00,2024-11-19 04:59:00+00:00,20648.75,20724.25,20481.5,20682.0,506715,databento_ohlcv_1m,../trading/data/databento_ohlcv_1m/front_1m.parquet,242.75,33.0,0.13697219361483007,0.13697219361483007,181.0,286.1625,0.6325077534617568,compression,neutral,lt_0_7
NQ,2024-11-19,2024-11-19 05:00:00+00:00,2024-11-20 04:59:00+00:00,20682.75,20834.25,20382.5,20801.75,551725,databento_ohlcv_1m,../trading/data/databento_ohlcv_1m/front_1m.parquet,451.75,119.75,0.2634200332042059,0.2634200332042059,242.75,281.175,0.8633413354672357,neutral,expansion,0_7_to_0_9
NQ,2024-11-20,2024-11-20 05:00:00+00:00,2024-11-21 04:59:00+00:00,20802.5,20843.25,20477.0,20677.25,616947,databento_ohlcv_1m,../trading/data/databento_ohlcv_1m/front_1m.parquet,366.25,-124.5,0.34197952218430033,-0.34197952218430033,451.75,297.575,1.518104679492565,expansion,expansion,gt_1_3
NQ,2024-11-21,2024-11-21 05:00:00+00:00,2024-11-22 04:59:00+00:00,20677.25,20905.75,20514.25,20808.75,684071,databento_ohlcv_1m,../trading/data/databento_ohlcv_1m/front_1m.parquet,391.5,131.5,0.33588761174968074,0.33588761174968074,366.25,304.8625,1.2013612694247406,expansion,expansion,1_1_to_1_3
NQ,2024-11-22,2024-11-22 05:00:00+00:00,2024-11-22 21:59:00+00:00,20809.75,20880.0,20693.25,20878.75,508699,databento_ohlcv_1m,../trading/data/databento_ohlcv_1m/front_1m.parquet,186.75,70.0,0.36947791164658633,0.36947791164658633,391.5,306.625,1.276803913575214,expansion,compression,1_1_to_1_3
NQ,2024-11-24,2024-11-24 23:00:00+00:00,2024-11-25 04:59:00+00:00,20935.0,20970.5,20928.5,20965.25,22220,databento_ohlcv_1m,../trading/data/databento_ohlcv_1m/front_1m.parquet,42.0,86.5,0.7202380952380952,0.7202380952380952,186.75,297.7625,0.6271777003484321,compression,compression,lt_0_7
NQ,2024-11-25,2024-11-25 05:00:00+00:00,2024-11-26 04:59:00+00:00,20965.25,21081.0,20755.0,20901.5,557468,databento_ohlcv_1m,../trading/data/databento_ohlcv_1m/front_1m.parquet,326.0,-63.75,0.1955521472392638,-0.1955521472392638,42.0,279.05,0.150510661171833,compression,neutral,lt_0_7
NQ,2024-11-26,2024-11-26 05:00:00+00:00,2024-11-27 04:59:00+00:00,20901.0,21024.75,20852.0,20966.25,470052,databento_ohlcv_1m,../trading/data/databento_ohlcv_1m/front_1m.parquet,172.75,64.75,0.37771345875542695,0.37771345875542695,326.0,283.7125,1.1490505353130371,neutral,compression,1_1_to_1_3
NQ,2024-11-27,2024-11-27 05:00:00+00:00,2024-11-28 04:59:00+00:00,20966.75,20990.0,20675.0,20855.0,504867,databento_ohlcv_1m,../trading/data/databento_ohlcv_1m/front_1m.parquet,315.0,-111.25,0.3547619047619048,-0.3547619047619048,172.75,283.45,0.6094549303228083,compression,neutral,lt_0_7
NQ,2024-11-28,2024-11-28 05:00:00+00:00,2024-11-29 04:59:00+00:00,20855.0,20937.75,20822.75,20931.75,64573,databento_ohlcv_1m,../trading/data/databento_ohlcv_1m/front_1m.parquet,115.0,76.75,0.6673913043478261,0.6673913043478261,315.0,287.4625,1.0957951037091795,neutral,compression,0_9_to_1_1
NQ,2024-11-29,2024-11-29 05:00:00+00:00,2024-11-29 18:14:00+00:00,20932.25,21017.5,20805.5,20991.25,262465,databento_ohlcv_1m,../trading/data/databento_ohlcv_1m/front_1m.parquet,212.0,59.5,0.2783018867924528,0.2783018867924528,115.0,265.425,0.4332674013374776,compression,neutral,lt_0_7
NQ,2024-12-01,2024-12-01 23:00:00+00:00,2024-12-02 04:59:00+00:00,20995.25,21004.0,20941.75,20957.0,23291,databento_ohlcv_1m,../trading/data/databento_ohlcv_1m/front_1m.parquet,62.25,-34.25,0.6144578313253012,-0.6144578313253012,212.0,252.15,0.8407693833035891,neutral,compression,0_7_to_0_9
NQ,2024-12-02,2024-12-02 05:00:00+00:00,2024-12-03 04:59:00+00:00,20957.5,21259.75,20940.0,21225.0,459962,databento_ohlcv_1m,../trading/data/databento_ohlcv_1m/front_1m.parquet,319.75,268.0,0.836591086786552,0.836591086786552,62.25,238.025,0.2615271505094003,compression,expansion,lt_0_7
NQ,2024-12-03,2024-12-03 05:00:00+00:00,2024-12-04 04:59:00+00:00,21224.75,21354.5,21134.25,21351.5,443234,databento_ohlcv_1m,../trading/data/databento_ohlcv_1m/front_1m.parquet,220.25,126.5,0.5754824063564131,0.5754824063564131,319.75,246.85,1.295321045169131,expansion,neutral,1_1_to_1_3
NQ,2024-12-04,2024-12-04 05:00:00+00:00,2024-12-05 04:59:00+00:00,21351.5,21548.5,21337.75,21510.0,452241,databento_ohlcv_1m,../trading/data/databento_ohlcv_1m/front_1m.parquet,210.75,158.5,0.7520759193357058,0.7520759193357058,220.25,254.3125,0.8660604571147702,neutral,neutral,0_7_to_0_9
NQ,2024-12-05,2024-12-05 05:00:00+00:00,2024-12-06 04:59:00+00:00,21510.75,21567.25,21424.75,21472.5,414940,databento_ohlcv_1m,../trading/data/databento_ohlcv_1m/front_1m.parquet,142.5,-37.5,0.26842105263157895,-0.26842105263157895,210.75,252.725,0.8339103768918785,neutral,compression,0_7_to_0_9
NQ,2024-12-06,2024-12-06 05:00:00+00:00,2024-12-06 21:59:00+00:00,21472.5,21669.25,21440.25,21634.0,430111,databento_ohlcv_1m,../trading/data/databento_ohlcv_1m/front_1m.parquet,229.0,161.5,0.7052401746724891,0.7052401746724891,142.5,250.0,0.57,compression,neutral,lt_0_7
NQ,2024-12-08,2024-12-08 23:00:00+00:00,2024-12-09 04:59:00+00:00,21649.0,21670.75,21626.75,21638.75,20494,databento_ohlcv_1m,../trading/data/databento_ohlcv_1m/front_1m.parquet,44.0,4.75,0.23295454545454544,-0.23295454545454544,229.0,250.85,0.9128961530795296,neutral,compression,0_9_to_1_1
NQ,2024-12-09,2024-12-09 05:00:00+00:00,2024-12-10 04:59:00+00:00,21639.0,21706.25,21436.0,21468.5,500765,databento_ohlcv_1m,../trading/data/databento_ohlcv_1m/front_1m.parquet,270.25,-170.25,0.6308973172987974,-0.6308973172987974,44.0,237.75,0.18506834910620398,compression,expansion,lt_0_7
NQ,2024-12-10,2024-12-10 05:00:00+00:00,2024-12-11 04:59:00+00:00,21468.25,21606.75,21352.75,21431.0,529524,databento_ohlcv_1m,../trading/data/databento_ohlcv_1m/front_1m.parquet,254.0,-37.5,0.1466535433070866,-0.1466535433070866,270.25,225.075,1.20071087415306,expansion,neutral,1_1_to_1_3
NQ,2024-12-11,2024-12-11 05:00:00+00:00,2024-12-12 04:59:00+00:00,21431.0,21820.0,21405.75,21761.0,530482,databento_ohlcv_1m,../trading/data/databento_ohlcv_1m/front_1m.parquet,414.25,330.0,0.7966203983101992,0.7966203983101992,254.0,228.725,1.110503880205487,neutral,expansion,1_1_to_1_3
NQ,2024-12-12,2024-12-12 05:00:00+00:00,2024-12-13 04:59:00+00:00,21761.5,21772.5,21604.25,21718.25,502467,databento_ohlcv_1m,../trading/data/databento_ohlcv_1m/front_1m.parquet,168.25,-42.75,0.25705794947994054,-0.25705794947994054,414.25,237.3,1.7456805731142013,expansion,compression,gt_1_3
NQ,2024-12-13,2024-12-13 05:00:00+00:00,2024-12-13 21:59:00+00:00,21718.5,21908.0,21666.5,21760.5,535012,databento_ohlcv_1m,../trading/data/databento_ohlcv_1m/front_1m.parquet,241.5,42.25,0.17391304347826086,0.17391304347826086,168.25,223.125,0.7540616246498599,compression,neutral,0_7_to_0_9
NQ,2024-12-15,2024-12-15 23:00:00+00:00,2024-12-16 04:59:00+00:00,21780.25,21821.75,21762.0,21800.75,15662,databento_ohlcv_1m,../trading/data/databento_ohlcv_1m/front_1m.parquet,59.75,40.25,0.34309623430962344,0.34309623430962344,241.5,216.8875,1.1134804910379805,neutral,compression,1_1_to_1_3
NQ,2024-12-16,2024-12-16 05:00:00+00:00,2024-12-17 04:59:00+00:00,21800.5,22425.75,21784.25,22414.5,289985,databento_ohlcv_1m,../trading/data/databento_ohlcv_1m/front_1m.parquet,641.5,613.75,0.9571317225253313,0.9571317225253313,59.75,200.3,0.2983025461807289,compression,expansion,lt_0_7
NQ,2024-12-17,2024-12-17 05:00:00+00:00,2024-12-18 04:59:00+00:00,22415.5,22425.5,22206.0,22335.5,462199,databento_ohlcv_1m,../trading/data/databento_ohlcv_1m/front_1m.parquet,219.5,-79.0,0.36446469248291574,-0.36446469248291574,641.5,223.0375,2.87619794877543,expansion,neutral,gt_1_3
NQ,2024-12-18,2024-12-18 05:00:00+00:00,2024-12-19 04:59:00+00:00,22335.0,22387.75,21311.0,21485.0,666938,databento_ohlcv_1m,../trading/data/databento_ohlcv_1m/front_1m.parquet,1076.75,-850.5,0.7894125841653122,-0.7894125841653122,219.5,231.9125,0.9464776585996874,neutral,expansion,0_9_to_1_1
NQ,2024-12-19,2024-12-19 05:00:00+00:00,2024-12-20 04:59:00+00:00,21484.5,21697.75,21204.0,21247.5,692680,databento_ohlcv_1m,../trading/data/databento_ohlcv_1m/front_1m.parquet,493.75,-237.5,0.48,-0.48,1076.75,269.45,3.996103173130451,expansion,expansion,gt_1_3
NQ,2024-12-20,2024-12-20 05:00:00+00:00,2024-12-20 21:59:00+00:00,21247.75,21812.25,21006.5,21552.5,792351,databento_ohlcv_1m,../trading/data/databento_ohlcv_1m/front_1m.parquet,805.75,305.0,0.3782190505739994,0.3782190505739994,493.75,285.5,1.7294220665499125,expansion,expansion,gt_1_3
NQ,2024-12-22,2024-12-22 23:00:00+00:00,2024-12-23 04:59:00+00:00,21566.0,21708.75,21565.75,21706.25,30344,databento_ohlcv_1m,../trading/data/databento_ohlcv_1m/front_1m.parquet,143.0,153.75,0.9807692307692307,0.9807692307692307,805.75,310.0375,2.5988791678425995,expansion,compression,gt_1_3
NQ,2024-12-23,2024-12-23 05:00:00+00:00,2024-12-24 04:59:00+00:00,21705.75,21776.75,21476.75,21751.5,486486,databento_ohlcv_1m,../trading/data/databento_ohlcv_1m/front_1m.parquet,300.0,45.25,0.1525,0.1525,143.0,311.4375,0.45916114790286977,compression,neutral,lt_0_7
NQ,2024-12-24,2024-12-24 05:00:00+00:00,2024-12-24 18:14:00+00:00,21751.0,22049.75,21738.25,22046.5,242083,databento_ohlcv_1m,../trading/data/databento_ohlcv_1m/front_1m.parquet,311.5,295.0,0.9486356340288925,0.9486356340288925,300.0,315.8375,0.9498555428028654,neutral,neutral,0_9_to_1_1
NQ,2024-12-25,2024-12-25 23:00:00+00:00,2024-12-26 04:59:00+00:00,22049.5,22111.25,22043.25,22086.25,16119,databento_ohlcv_1m,../trading/data/databento_ohlcv_1m/front_1m.parquet,68.0,39.75,0.5404411764705882,0.5404411764705882,311.5,328.3,0.9488272921108741,neutral,compression,0_9_to_1_1
NQ,2024-12-26,2024-12-26 05:00:00+00:00,2024-12-27 04:59:00+00:00,22086.5,22098.0,21870.25,21946.5,395634,databento_ohlcv_1m,../trading/data/databento_ohlcv_1m/front_1m.parquet,227.75,-139.75,0.6147091108671789,-0.6147091108671789,68.0,315.7125,0.21538583363028074,compression,compression,lt_0_7
NQ,2024-12-27,2024-12-27 05:00:00+00:00,2024-12-27 21:59:00+00:00,21947.5,21966.0,21498.75,21719.75,541916,databento_ohlcv_1m,../trading/data/databento_ohlcv_1m/front_1m.parquet,467.25,-226.75,0.48742643124665597,-0.48742643124665597,227.75,316.0875,0.7205283347174438,compression,expansion,0_7_to_0_9
NQ,2024-12-29,2024-12-29 23:00:00+00:00,2024-12-30 04:59:00+00:00,21711.0,21742.75,21670.5,21688.75,19044,databento_ohlcv_1m,../trading/data/databento_ohlcv_1m/front_1m.parquet,72.25,-31.0,0.3079584775086505,-0.3079584775086505,467.25,328.9125,1.4205905826017557,expansion,compression,gt_1_3
NQ,2024-12-30,2024-12-30 05:00:00+00:00,2024-12-31 04:59:00+00:00,21688.25,21690.75,21253.0,21410.25,516520,databento_ohlcv_1m,../trading/data/databento_ohlcv_1m/front_1m.parquet,437.75,-278.5,0.6350656767561393,-0.6350656767561393,72.25,325.4,0.2220344191763983,compression,expansion,lt_0_7
NQ,2024-12-31,2024-12-31 05:00:00+00:00,2024-12-31 21:59:00+00:00,21410.25,21524.75,21182.0,21234.25,449575,databento_ohlcv_1m,../trading/data/databento_ohlcv_1m/front_1m.parquet,342.75,-176.0,0.513493800145879,-0.513493800145879,437.75,335.8375,1.303457773476756,expansion,neutral,gt_1_3
NQ,2025-01-01,2025-01-01 23:00:00+00:00,2025-01-02 04:59:00+00:00,21269.0,21339.75,21121.75,21324.0,42802,databento_ohlcv_1m,../trading/data/databento_ohlcv_1m/front_1m.parquet,218.0,89.75,0.25229357798165136,0.25229357798165136,342.75,350.775,0.9771220868077828,neutral,compression,0_9_to_1_1
NQ,2025-01-02,2025-01-02 05:00:00+00:00,2025-01-03 04:59:00+00:00,21324.75,21490.5,20983.75,21223.75,640177,databento_ohlcv_1m,../trading/data/databento_ohlcv_1m/front_1m.parquet,506.75,-100.25,0.19930932412432165,-0.19930932412432165,218.0,348.1625,0.6261444009621944,compression,expansion,lt_0_7
NQ,2025-01-03,2025-01-03 05:00:00+00:00,2025-01-03 21:59:00+00:00,21225.0,21559.25,21207.5,21493.0,455311,databento_ohlcv_1m,../trading/data/databento_ohlcv_1m/front_1m.parquet,351.75,269.25,0.7619047619047619,0.7619047619047619,506.75,360.8,1.4045177383592018,expansion,neutral,gt_1_3
NQ,2025-01-05,2025-01-05 23:00:00+00:00,2025-01-06 04:59:00+00:00,21532.25,21544.75,21478.25,21523.0,21483,databento_ohlcv_1m,../trading/data/databento_ohlcv_1m/front_1m.parquet,66.5,30.0,0.13909774436090225,-0.13909774436090225,351.75,357.675,0.9834346823233382,neutral,compression,0_9_to_1_1
NQ,2025-01-06,2025-01-06 05:00:00+00:00,2025-01-07 04:59:00+00:00,21523.25,21896.75,21520.5,21720.5,563530,databento_ohlcv_1m,../trading/data/databento_ohlcv_1m/front_1m.parquet,376.25,197.5,0.5242524916943522,0.5242524916943522,66.5,352.5875,0.18860566526039638,compression,neutral,lt_0_7
NQ,2025-01-07,2025-01-07 05:00:00+00:00,2025-01-08 04:59:00+00:00,21720.25,21806.0,21279.5,21393.75,635262,databento_ohlcv_1m,../trading/data/databento_ohlcv_1m/front_1m.parquet,526.5,-326.75,0.6201329534662868,-0.6201329534662868,376.25,359.325,1.047102205524247,neutral,expansion,0_9_to_1_1
NQ,2025-01-08,2025-01-08 05:00:00+00:00,2025-01-09 04:59:00+00:00,21393.75,21448.25,21166.25,21310.75,623473,databento_ohlcv_1m,../trading/data/databento_ohlcv_1m/front_1m.parquet,282.0,-83.0,0.29432624113475175,-0.29432624113475175,526.5,382.6625,1.3758860614771502,expansion,compression,gt_1_3
NQ,2025-01-09,2025-01-09 05:00:00+00:00,2025-01-10 04:59:00+00:00,21310.25,21334.5,21179.5,21302.0,85697,databento_ohlcv_1m,../trading/data/databento_ohlcv_1m/front_1m.parquet,155.0,-8.75,0.0532258064516129,-0.0532258064516129,282.0,364.6875,0.7732647814910025,compression,compression,0_7_to_0_9
NQ,2025-01-10,2025-01-10 05:00:00+00:00,2025-01-10 21:59:00+00:00,21302.75,21372.5,20874.75,20997.75,660919,databento_ohlcv_1m,../trading/data/databento_ohlcv_1m/front_1m.parquet,497.75,-304.25,0.6127574083375188,-0.6127574083375188,155.0,361.4625,0.4288135007089256,compression,expansion,lt_0_7
NQ,2025-01-12,2025-01-12 23:00:00+00:00,2025-01-13 04:59:00+00:00,21027.5,21037.0,20858.5,20898.5,38595,databento_ohlcv_1m,../trading/data/databento_ohlcv_1m/front_1m.parquet,178.5,-99.25,0.7226890756302521,-0.7226890756302521,497.75,332.5125,1.496936205405812,expansion,compression,gt_1_3
NQ,2025-01-13,2025-01-13 05:00:00+00:00,2025-01-14 04:59:00+00:00,20897.5,21088.5,20694.0,21043.0,594410,databento_ohlcv_1m,../trading/data/databento_ohlcv_1m/front_1m.parquet,394.5,144.5,0.3688212927756654,0.3688212927756654,178.5,316.75,0.56353591160221,compression,expansion,lt_0_7
NQ,2025-01-14,2025-01-14 05:00:00+00:00,2025-01-15 04:59:00+00:00,21043.75,21143.75,20773.5,20945.0,653747,databento_ohlcv_1m,../trading/data/databento_ohlcv_1m/front_1m.parquet,370.25,-98.0,0.2667116812964213,-0.2667116812964213,394.5,296.1875,1.3319265667862419,expansion,expansion,gt_1_3
NQ,2025-01-15,2025-01-15 05:00:00+00:00,2025-01-16 04:59:00+00:00,20944.5,21452.75,20909.0,21389.25,548677,databento_ohlcv_1m,../trading/data/databento_ohlcv_1m/front_1m.parquet,543.75,444.25,0.8179310344827586,0.8179310344827586,370.25,307.55,1.2038692895464151,expansion,expansion,1_1_to_1_3
NQ,2025-01-16,2025-01-16 05:00:00+00:00,2025-01-17 04:59:00+00:00,21390.0,21567.25,21172.25,21289.0,586976,databento_ohlcv_1m,../trading/data/databento_ohlcv_1m/front_1m.parquet,395.0,-100.25,0.25569620253164554,-0.25569620253164554,543.75,319.7375,1.700613784745299,expansion,expansion,gt_1_3
NQ,2025-01-17,2025-01-17 05:00:00+00:00,2025-01-17 21:59:00+00:00,21289.5,21682.5,21251.75,21589.0,559272,databento_ohlcv_1m,../trading/data/databento_ohlcv_1m/front_1m.parquet,430.75,300.0,0.6952988972721996,0.6952988972721996,395.0,323.9125,1.2194651333307605,expansion,expansion,1_1_to_1_3
NQ,2025-01-19,2025-01-19 23:00:00+00:00,2025-01-20 04:59:00+00:00,21600.0,21618.0,21526.5,21565.0,23099,databento_ohlcv_1m,../trading/data/databento_ohlcv_1m/front_1m.parquet,91.5,-24.0,0.3825136612021858,-0.3825136612021858,430.75,342.05,1.2593188130390294,expansion,compression,1_1_to_1_3
NQ,2025-01-20,2025-01-20 05:00:00+00:00,2025-01-21 04:59:00+00:00,21565.0,21778.75,21377.75,21604.25,179614,databento_ohlcv_1m,../trading/data/databento_ohlcv_1m/front_1m.parquet,401.0,39.25,0.09788029925187032,0.09788029925187032,91.5,335.2375,0.27294082553413623,compression,expansion,lt_0_7
NQ,2025-01-21,2025-01-21 05:00:00+00:00,2025-01-22 04:59:00+00:00,21607.75,21876.75,21525.75,21869.25,478140,databento_ohlcv_1m,../trading/data/databento_ohlcv_1m/front_1m.parquet,351.0,265.0,0.7450142450142451,0.7450142450142451,401.0,331.925,1.2081042404157565,expansion,neutral,1_1_to_1_3
NQ,2025-01-22,2025-01-22 05:00:00+00:00,2025-01-23 04:59:00+00:00,21869.0,22093.5,21839.5,21963.75,481927,databento_ohlcv_1m,../trading/data/databento_ohlcv_1m/front_1m.parquet,254.0,94.5,0.37303149606299213,0.37303149606299213,351.0,345.8625,1.0148541689255122,neutral,compression,0_9_to_1_1
NQ,2025-01-23,2025-01-23 05:00:00+00:00,2025-01-24 04:59:00+00:00,21963.5,22058.5,21855.5,21995.5,499170,databento_ohlcv_1m,../trading/data/databento_ohlcv_1m/front_1m.parquet,203.0,31.75,0.15763546798029557,0.15763546798029557,254.0,336.675,0.7544367713670453,compression,compression,0_7_to_0_9
NQ,2025-01-24,2025-01-24 05:00:00+00:00,2025-01-24 21:59:00+00:00,21995.25,22078.25,21844.0,21907.75,465630,databento_ohlcv_1m,../trading/data/databento_ohlcv_1m/front_1m.parquet,234.25,-87.75,0.37353255069370334,-0.37353255069370334,203.0,329.6875,0.6157345971563981,compression,compression,lt_0_7
NQ,2025-01-26,2025-01-26 23:00:00+00:00,2025-01-27 04:59:00+00:00,21771.0,21771.0,21473.5,21497.25,87570,databento_ohlcv_1m,../trading/data/databento_ohlcv_1m/front_1m.parquet,297.5,-410.5,0.9201680672268907,-0.9201680672268907,234.25,330.5,0.7087745839636914,compression,neutral,0_7_to_0_9
NQ,2025-01-27,2025-01-27 05:00:00+00:00,2025-01-28 04:59:00+00:00,21497.25,21506.75,20763.75,21302.0,985136,databento_ohlcv_1m,../trading/data/databento_ohlcv_1m/front_1m.parquet,743.0,-195.25,0.26278600269179003,-0.26278600269179003,297.5,320.0375,0.9295785650119126,neutral,expansion,0_9_to_1_1
NQ,2025-01-28,2025-01-28 05:00:00+00:00,2025-01-29 04:59:00+00:00,21300.75,21626.0,21159.5,21596.0,629668,databento_ohlcv_1m,../trading/data/databento_ohlcv_1m/front_1m.parquet,466.5,294.0,0.6329046087888531,0.6329046087888531,743.0,339.6,2.1878680800942285,expansion,expansion,gt_1_3
NQ,2025-01-29,2025-01-29 05:00:00+00:00,2025-01-30 04:59:00+00:00,21597.0,21697.0,21367.0,21660.0,638217,databento_ohlcv_1m,../trading/data/databento_ohlcv_1m/front_1m.parquet,330.0,64.0,0.19090909090909092,0.19090909090909092,466.5,359.6,1.2972747497219133,expansion,neutral,1_1_to_1_3
NQ,2025-01-30,2025-01-30 05:00:00+00:00,2025-01-31 04:59:00+00:00,21660.0,21787.75,21419.5,21729.75,611557,databento_ohlcv_1m,../trading/data/databento_ohlcv_1m/front_1m.parquet,368.25,69.75,0.1894093686354379,0.1894093686354379,330.0,357.2875,0.9236259314977433,neutral,neutral,0_9_to_1_1
NQ,2025-01-31,2025-01-31 05:00:00+00:00,2025-01-31 21:59:00+00:00,21730.75,21966.0,21533.75,21571.0,615472,databento_ohlcv_1m,../trading/data/databento_ohlcv_1m/front_1m.parquet,432.25,-158.75,0.36957779063042223,-0.36957779063042223,368.25,349.375,1.054025044722719,neutral,expansion,0_9_to_1_1
NQ,2025-02-02,2025-02-02 23:00:00+00:00,2025-02-03 04:59:00+00:00,21200.0,21200.0,20943.0,21018.5,79741,databento_ohlcv_1m,../trading/data/databento_ohlcv_1m/front_1m.parquet,257.0,-552.5,0.7062256809338522,-0.7062256809338522,432.25,356.8875,1.21116598367833,expansion,compression,1_1_to_1_3
NQ,2025-02-03,2025-02-03 05:00:00+00:00,2025-02-04 04:59:00+00:00,21019.0,21600.0,20998.25,21449.25,670361,databento_ohlcv_1m,../trading/data/databento_ohlcv_1m/front_1m.parquet,601.75,430.75,0.7149979227253843,0.7149979227253843,257.0,361.9875,0.7099692668945751,compression,expansion,0_7_to_0_9
NQ,2025-02-04,2025-02-04 05:00:00+00:00,2025-02-05 04:59:00+00:00,21449.25,21694.0,21242.5,21561.5,489942,databento_ohlcv_1m,../trading/data/databento_ohlcv_1m/front_1m.parquet,451.5,112.25,0.24861572535991142,0.24861572535991142,601.75,367.1875,1.638808510638298,expansion,neutral,gt_1_3
NQ,2025-02-05,2025-02-05 05:00:00+00:00,2025-02-06 04:59:00+00:00,21561.75,21806.25,21429.75,21804.5,482173,databento_ohlcv_1m,../trading/data/databento_ohlcv_1m/front_1m.parquet,376.5,243.0,0.6447543160690571,0.6447543160690571,451.5,380.8375,1.1855450159188632,neutral,neutral,1_1_to_1_3
NQ,2025-02-06,2025-02-06 05:00:00+00:00,2025-02-07 04:59:00+00:00,21804.5,21899.25,21705.75,21857.0,436805,databento_ohlcv_1m,../trading/data/databento_ohlcv_1m/front_1m.parquet,193.5,52.5,0.2713178294573643,0.2713178294573643,376.5,379.9375,0.9909524592860668,neutral,compression,0_9_to_1_1
NQ,2025-02-07,2025-02-07 05:00:00+00:00,2025-02-07 21:59:00+00:00,21857.0,21968.0,21552.75,21575.25,574097,databento_ohlcv_1m,../trading/data/databento_ohlcv_1m/front_1m.parquet,415.25,-281.75,0.6785069235400362,-0.6785069235400362,193.5,371.1,0.5214227970897332,compression,neutral,lt_0_7
NQ,2025-02-09,2025-02-09 23:00:00+00:00,2025-02-10 04:59:00+00:00,21463.25,21702.5,21418.0,21683.75,34192,databento_ohlcv_1m,../trading/data/databento_ohlcv_1m/front_1m.parquet,284.5,108.5,0.7750439367311072,0.7750439367311072,415.25,364.675,1.138685130595736,neutral,compression,1_1_to_1_3
NQ,2025-02-10,2025-02-10 05:00:00+00:00,2025-02-11 04:59:00+00:00,21685.0,21894.0,21683.0,21782.25,374688,databento_ohlcv_1m,../trading/data/databento_ohlcv_1m/front_1m.parquet,211.0,98.5,0.4609004739336493,0.4609004739336493,284.5,359.15,0.792148127523319,compression,compression,0_7_to_0_9
NQ,2025-02-11,2025-02-11 05:00:00+00:00,2025-02-12 04:59:00+00:00,21784.25,21871.5,21669.5,21782.5,420103,databento_ohlcv_1m,../trading/data/databento_ohlcv_1m/front_1m.parquet,202.0,0.25,0.008663366336633664,-0.008663366336633664,211.0,348.1625,0.6060388468028578,compression,compression,lt_0_7
NQ,2025-02-12,2025-02-12 05:00:00+00:00,2025-02-13 04:59:00+00:00,21782.75,21927.0,21510.75,21906.75,536653,databento_ohlcv_1m,../trading/data/databento_ohlcv_1m/front_1m.parquet,416.25,124.25,0.2978978978978979,0.2978978978978979,202.0,353.6875,0.5711256405725393,compression,neutral,lt_0_7
NQ,2025-02-13,2025-02-13 05:00:00+00:00,2025-02-14 04:59:00+00:00,21906.75,22147.0,21753.0,22142.5,531007,databento_ohlcv_1m,../trading/data/databento_ohlcv_1m/front_1m.parquet,394.0,235.75,0.5983502538071066,0.5983502538071066,416.25,354.45,1.174354633939907,neutral,neutral,1_1_to_1_3
NQ,2025-02-14,2025-02-14 05:00:00+00:00,2025-02-14 21:59:00+00:00,22142.25,22225.0,22042.5,22203.5,406804,databento_ohlcv_1m,../trading/data/databento_ohlcv_1m/front_1m.parquet,182.5,61.0,0.3356164383561644,0.3356164383561644,394.0,356.6,1.1048794167134044,neutral,compression,1_1_to_1_3
NQ,2025-02-16,2025-02-16 23:00:00+00:00,2025-02-17 04:59:00+00:00,22235.75,22278.25,22196.25,22276.25,33321,databento_ohlcv_1m,../trading/data/databento_ohlcv_1m/front_1m.parquet,82.0,72.75,0.49390243902439024,0.49390243902439024,182.5,353.025,0.516960555201473,compression,compression,lt_0_7
NQ,2025-02-17,2025-02-17 05:00:00+00:00,2025-02-18 04:59:00+00:00,22276.0,22281.75,22192.5,22268.0,87012,databento_ohlcv_1m,../trading/data/databento_ohlcv_1m/front_1m.parquet,89.25,-8.25,0.0896358543417367,-0.0896358543417367,82.0,346.975,0.23632826572519633,compression,compression,lt_0_7
NQ,2025-02-18,2025-02-18 05:00:00+00:00,2025-02-19 04:59:00+00:00,22268.5,22319.75,22102.75,22267.0,460627,databento_ohlcv_1m,../trading/data/databento_ohlcv_1m/front_1m.parquet,217.0,-1.0,0.0069124423963133645,-0.0069124423963133645,89.25,339.725,0.2627124880417985,compression,compression,lt_0_7
NQ,2025-02-19,2025-02-19 05:00:00+00:00,2025-02-20 04:59:00+00:00,22267.75,22299.75,22118.0,22176.0,493027,databento_ohlcv_1m,../trading/data/databento_ohlcv_1m/front_1m.parquet,181.75,-91.0,0.5048143053645117,-0.5048143053645117,217.0,335.7,0.6464104855525767,compression,compression,lt_0_7
NQ,2025-02-20,2025-02-20 05:00:00+00:00,2025-02-21 04:59:00+00:00,22176.5,22225.5,21951.0,22124.25,550014,databento_ohlcv_1m,../trading/data/databento_ohlcv_1m/front_1m.parquet,274.5,-51.75,0.19034608378870674,-0.19034608378870674,181.75,307.6375,0.590792734955914,compression,neutral,lt_0_7
NQ,2025-02-21,2025-02-21 05:00:00+00:00,2025-02-21 21:59:00+00:00,22124.25,22245.5,21652.75,21660.0,680139,databento_ohlcv_1m,../trading/data/databento_ohlcv_1m/front_1m.parquet,592.75,-464.25,0.7832138338253901,-0.7832138338253901,274.5,298.0375,0.9210250387954535,neutral,expansion,0_9_to_1_1
NQ,2025-02-23,2025-02-23 23:00:00+00:00,2025-02-24 04:59:00+00:00,21700.75,21796.25,21676.75,21775.25,35305,databento_ohlcv_1m,../trading/data/databento_ohlcv_1m/front_1m.parquet,119.5,115.25,0.6234309623430963,0.6234309623430963,592.75,311.175,1.9048766771109504,expansion,compression,gt_1_3
NQ,2025-02-24,2025-02-24 05:00:00+00:00,2025-02-25 04:59:00+00:00,21776.0,21813.0,21366.5,21421.25,666407,databento_ohlcv_1m,../trading/data/databento_ohlcv_1m/front_1m.parquet,446.5,-354.0,0.7945128779395296,-0.7945128779395296,119.5,298.7375,0.4000167371019708,compression,expansion,lt_0_7
NQ,2025-02-25,2025-02-25 05:00:00+00:00,2025-02-26 04:59:00+00:00,21424.25,21451.75,20990.0,21252.25,768758,databento_ohlcv_1m,../trading/data/databento_ohlcv_1m/front_1m.parquet,461.75,-169.0,0.3724959393611261,-0.3724959393611261,446.5,299.45,1.491066956086158,expansion,expansion,gt_1_3
NQ,2025-02-26,2025-02-26 05:00:00+00:00,2025-02-27 04:59:00+00:00,21252.25,21409.25,21055.0,21171.25,659405,databento_ohlcv_1m,../trading/data/databento_ohlcv_1m/front_1m.parquet,354.25,-81.0,0.22865208186309105,-0.22865208186309105,461.75,309.6875,1.491019172552977,expansion,neutral,gt_1_3
NQ,2025-02-27,2025-02-27 05:00:00+00:00,2025-02-28 04:59:00+00:00,21171.25,21386.5,20515.5,20617.0,862507,databento_ohlcv_1m,../trading/data/databento_ohlcv_1m/front_1m.parquet,871.0,-554.25,0.636337543053961,-0.636337543053961,354.25,297.3125,1.191507252470044,neutral,expansion,1_1_to_1_3
NQ,2025-02-28,2025-02-28 05:00:00+00:00,2025-02-28 21:59:00+00:00,20616.75,20944.25,20460.5,20909.0,776020,databento_ohlcv_1m,../trading/data/databento_ohlcv_1m/front_1m.parquet,483.75,292.0,0.6041343669250646,0.6041343669250646,871.0,318.2875,2.736519655971409,expansion,expansion,gt_1_3
NQ,2025-03-02,2025-03-02 23:00:00+00:00,2025-03-03 04:59:00+00:00,21005.25,21036.25,20837.75,20951.75,51312,databento_ohlcv_1m,../trading/data/databento_ohlcv_1m/front_1m.parquet,198.5,42.75,0.2695214105793451,-0.2695214105793451,483.75,323.65,1.4946701683917814,expansion,compression,gt_1_3
NQ,2025-03-03,2025-03-03 05:00:00+00:00,2025-03-04 04:59:00+00:00,20951.5,21121.0,20316.75,20529.75,820956,databento_ohlcv_1m,../trading/data/databento_ohlcv_1m/front_1m.parquet,804.25,-422.0,0.5244016164128069,-0.5244016164128069,198.5,323.9,0.612843470206854,compression,expansion,lt_0_7
NQ,2025-03-04,2025-03-04 05:00:00+00:00,2025-03-05 04:59:00+00:00,20530.25,20732.5,20075.25,20537.5,940785,databento_ohlcv_1m,../trading/data/databento_ohlcv_1m/front_1m.parquet,657.25,7.75,0.01103081019399011,0.01103081019399011,804.25,343.35,2.3423620212611036,expansion,expansion,gt_1_3
NQ,2025-03-05,2025-03-05 05:00:00+00:00,2025-03-06 04:59:00+00:00,20537.75,20725.0,20215.0,20637.75,749455,databento_ohlcv_1m,../trading/data/databento_ohlcv_1m/front_1m.parquet,510.0,100.25,0.19607843137254902,0.19607843137254902,657.25,361.9875,1.8156704306087916,expansion,expansion,gt_1_3
NQ,2025-03-06,2025-03-06 05:00:00+00:00,2025-03-07 04:59:00+00:00,20637.5,20647.5,20003.0,20183.75,756584,databento_ohlcv_1m,../trading/data/databento_ohlcv_1m/front_1m.parquet,644.5,-454.0,0.7040341349883631,-0.7040341349883631,510.0,376.9375,1.3530094511689603,expansion,expansion,gt_1_3
NQ,2025-03-07,2025-03-07 05:00:00+00:00,2025-03-07 21:59:00+00:00,20184.25,20286.25,19765.5,20207.25,725143,databento_ohlcv_1m,../trading/data/databento_ohlcv_1m/front_1m.parquet,520.75,23.5,0.044167066730676906,0.044167066730676906,644.5,399.0625,1.6150352388410336,expansion,expansion,gt_1_3
NQ,2025-03-09,2025-03-09 22:00:00+00:00,2025-03-10 03:59:00+00:00,20147.0,20156.5,19932.25,20126.0,47305,databento_ohlcv_1m,../trading/data/databento_ohlcv_1m/front_1m.parquet,224.25,-81.25,0.09364548494983277,-0.09364548494983277,520.75,404.2875,1.2880685155984293,expansion,compression,1_1_to_1_3
NQ,2025-03-10,2025-03-10 04:00:00+00:00,2025-03-11 03:59:00+00:00,20125.75,20152.5,19139.25,19436.75,807684,databento_ohlcv_1m,../trading/data/databento_ohlcv_1m/front_1m.parquet,1013.25,-689.25,0.6799901307673328,-0.6799901307673328,224.25,395.8,0.5665740272865083,compression,expansion,lt_0_7
NQ,2025-03-11,2025-03-11 04:00:00+00:00,2025-03-12 03:59:00+00:00,19434.75,19686.75,19201.0,19451.0,787825,databento_ohlcv_1m,../trading/data/databento_ohlcv_1m/front_1m.parquet,485.75,14.25,0.033453422542460115,0.033453422542460115,1013.25,437.3375,2.3168605482036186,expansion,neutral,gt_1_3
NQ,2025-03-12,2025-03-12 04:00:00+00:00,2025-03-13 03:59:00+00:00,19451.25,19788.75,19387.0,19520.25,685923,databento_ohlcv_1m,../trading/data/databento_ohlcv_1m/front_1m.parquet,401.75,69.25,0.1717485998755445,0.1717485998755445,485.75,457.525,1.0616906179990164,neutral,neutral,0_9_to_1_1
NQ,2025-03-13,2025-03-13 04:00:00+00:00,2025-03-14 03:59:00+00:00,19518.5,19631.0,19170.0,19449.5,743852,databento_ohlcv_1m,../trading/data/databento_ohlcv_1m/front_1m.parquet,461.0,-70.75,0.14967462039045554,-0.14967462039045554,401.75,473.15,0.8490964810313855,neutral,neutral,0_7_to_0_9
NQ,2025-03-14,2025-03-14 04:00:00+00:00,2025-03-14 20:59:00+00:00,19449.0,19742.5,19370.0,19667.5,640758,databento_ohlcv_1m,../trading/data/databento_ohlcv_1m/front_1m.parquet,372.5,218.0,0.5865771812080537,0.5865771812080537,461.0,485.35,0.9498300195735037,neutral,compression,0_9_to_1_1
NQ,2025-03-16,2025-03-16 22:00:00+00:00,2025-03-17 03:59:00+00:00,19668.25,19686.25,19550.5,19586.25,31298,databento_ohlcv_1m,../trading/data/databento_ohlcv_1m/front_1m.parquet,135.75,-81.25,0.6040515653775322,-0.6040515653775322,372.5,494.8875,0.7526963198706776,compression,compression,0_7_to_0_9
NQ,2025-03-17,2025-03-17 04:00:00+00:00,2025-03-18 03:59:00+00:00,19584.5,20036.5,19554.75,19941.0,387225,databento_ohlcv_1m,../trading/data/databento_ohlcv_1m/front_1m.parquet,481.75,354.75,0.7400103788271926,0.7400103788271926,135.75,487.95,0.27820473409160773,compression,neutral,lt_0_7
NQ,2025-03-18,2025-03-18 04:00:00+00:00,2025-03-19 03:59:00+00:00,19940.25,20038.5,19604.25,19763.25,474232,databento_ohlcv_1m,../trading/data/databento_ohlcv_1m/front_1m.parquet,434.25,-177.75,0.4075993091537133,-0.4075993091537133,481.75,482.4,0.9986525704809287,neutral,neutral,0_9_to_1_1
NQ,2025-03-19,2025-03-19 04:00:00+00:00,2025-03-20 03:59:00+00:00,19762.75,20143.0,19660.0,20083.5,505748,databento_ohlcv_1m,../trading/data/databento_ohlcv_1m/front_1m.parquet,483.0,320.25,0.6640786749482401,0.6640786749482401,434.25,498.1375,0.8717472585380542,neutral,neutral,0_7_to_0_9
NQ,2025-03-20,2025-03-20 04:00:00+00:00,2025-03-21 03:59:00+00:00,20083.5,20105.0,19735.25,19874.5,569946,databento_ohlcv_1m,../trading/data/databento_ohlcv_1m/front_1m.parquet,369.75,-209.0,0.5652467883705207,-0.5652467883705207,483.0,499.9625,0.9660724554341577,neutral,compression,0_9_to_1_1
NQ,2025-03-21,2025-03-21 04:00:00+00:00,2025-03-21 20:59:00+00:00,19874.0,19977.5,19602.25,19970.75,569867,databento_ohlcv_1m,../trading/data/databento_ohlcv_1m/front_1m.parquet,375.25,96.25,0.25782811459027316,0.25782811459027316,369.75,495.3625,0.7464230740114562,compression,compression,0_7_to_0_9
NQ,2025-03-23,2025-03-23 22:00:00+00:00,2025-03-24 03:59:00+00:00,20050.5,20139.0,20050.5,20104.75,53784,databento_ohlcv_1m,../trading/data/databento_ohlcv_1m/front_1m.parquet,88.5,134.0,0.6129943502824858,0.6129943502824858,375.25,496.4125,0.755923752927253,compression,compression,0_7_to_0_9
NQ,2025-03-24,2025-03-24 04:00:00+00:00,2025-03-25 03:59:00+00:00,20104.0,20409.5,20096.0,20338.75,516910,databento_ohlcv_1m,../trading/data/databento_ohlcv_1m/front_1m.parquet,313.5,234.0,0.7488038277511961,0.7488038277511961,88.5,457.2875,0.1935325151026433,compression,compression,lt_0_7
NQ,2025-03-25,2025-03-25 04:00:00+00:00,2025-03-26 03:59:00+00:00,20338.75,20536.75,20293.0,20479.25,462778,databento_ohlcv_1m,../trading/data/databento_ohlcv_1m/front_1m.parquet,243.75,140.5,0.5764102564102564,0.5764102564102564,313.5,448.775,0.6985683248844076,compression,compression,lt_0_7
NQ,2025-03-26,2025-03-26 04:00:00+00:00,2025-03-27 03:59:00+00:00,20479.75,20498.25,20003.25,20133.5,631066,databento_ohlcv_1m,../trading/data/databento_ohlcv_1m/front_1m.parquet,495.0,-345.75,0.6994949494949495,-0.6994949494949495,243.75,451.0375,0.5404206967269906,compression,neutral,lt_0_7
NQ,2025-03-27,2025-03-27 04:00:00+00:00,2025-03-28 03:59:00+00:00,20134.5,20199.5,19931.25,19989.25,605062,databento_ohlcv_1m,../trading/data/databento_ohlcv_1m/front_1m.parquet,268.25,-144.25,0.5414725069897484,-0.5414725069897484,495.0,435.575,1.136428858405556,neutral,compression,1_1_to_1_3
NQ,2025-03-28,2025-03-28 04:00:00+00:00,2025-03-28 20:59:00+00:00,19988.75,20008.75,19357.5,19361.0,663321,databento_ohlcv_1m,../trading/data/databento_ohlcv_1m/front_1m.parquet,651.25,-628.25,0.963915547024952,-0.963915547024952,268.25,416.125,0.6446380294382698,compression,expansion,lt_0_7
NQ,2025-03-30,2025-03-30 22:00:00+00:00,2025-03-31 03:59:00+00:00,19319.75,19365.0,19160.0,19200.0,66546,databento_ohlcv_1m,../trading/data/databento_ohlcv_1m/front_1m.parquet,205.0,-161.0,0.5841463414634146,-0.5841463414634146,651.25,423.1875,1.5389159651454734,expansion,compression,gt_1_3
NQ,2025-03-31,2025-03-31 04:00:00+00:00,2025-04-01 03:59:00+00:00,19199.75,19489.75,18976.75,19361.5,798981,databento_ohlcv_1m,../trading/data/databento_ohlcv_1m/front_1m.parquet,513.0,161.5,0.3153021442495127,0.3153021442495127,205.0,401.2125,0.5109511792379351,compression,expansion,lt_0_7
NQ,2025-04-01,2025-04-01 04:00:00+00:00,2025-04-02 03:59:00+00:00,19360.5,19697.0,19261.25,19568.5,778105,databento_ohlcv_1m,../trading/data/databento_ohlcv_1m/front_1m.parquet,435.75,207.0,0.47733792312105566,0.47733792312105566,513.0,400.825,1.2798602881556789,expansion,neutral,1_1_to_1_3
NQ,2025-04-02,2025-04-02 04:00:00+00:00,2025-04-03 03:59:00+00:00,19567.75,20044.25,18819.0,19105.0,881570,databento_ohlcv_1m,../trading/data/databento_ohlcv_1m/front_1m.parquet,1225.25,-463.5,0.377678024892879,-0.377678024892879,435.75,411.4,1.0591881380651436,neutral,expansion,0_9_to_1_1
NQ,2025-04-03,2025-04-03 04:00:00+00:00,2025-04-04 03:59:00+00:00,19105.0,19177.0,18520.0,18561.0,829918,databento_ohlcv_1m,../trading/data/databento_ohlcv_1m/front_1m.parquet,657.0,-544.0,0.8280060882800608,-0.8280060882800608,1225.25,422.0,2.903436018957346,expansion,expansion,gt_1_3
NQ,2025-04-04,2025-04-04 04:00:00+00:00,2025-04-04 20:59:00+00:00,18561.25,18675.75,17387.5,17483.25,1132064,databento_ohlcv_1m,../trading/data/databento_ohlcv_1m/front_1m.parquet,1288.25,-1077.75,0.8367941005239666,-0.8367941005239666,657.0,430.5625,1.525910872405284,expansion,expansion,gt_1_3
NQ,2025-04-06,2025-04-06 22:00:00+00:00,2025-04-07 03:59:00+00:00,17100.0,17100.0,16460.0,16810.0,128294,databento_ohlcv_1m,../trading/data/databento_ohlcv_1m/front_1m.parquet,640.0,-673.25,0.453125,-0.453125,1288.25,474.8875,2.712747756047485,expansion,expansion,gt_1_3
NQ,2025-04-07,2025-04-07 04:00:00+00:00,2025-04-08 03:59:00+00:00,16809.25,18361.5,16480.0,17771.25,1040479,databento_ohlcv_1m,../trading/data/databento_ohlcv_1m/front_1m.parquet,1881.5,961.25,0.511294180175392,0.511294180175392,640.0,483.8375,1.3227581574392229,expansion,expansion,gt_1_3
NQ,2025-04-08,2025-04-08 04:00:00+00:00,2025-04-09 03:59:00+00:00,17773.0,18357.25,16839.5,16929.25,964928,databento_ohlcv_1m,../trading/data/databento_ohlcv_1m/front_1m.parquet,1517.75,-842.0,0.5559215944654917,-0.5559215944654917,1881.5,559.2875,3.3641016471850342,expansion,expansion,gt_1_3
NQ,2025-04-09,2025-04-09 04:00:00+00:00,2025-04-10 03:59:00+00:00,16930.25,19386.75,16735.0,19015.0,1040352,databento_ohlcv_1m,../trading/data/databento_ohlcv_1m/front_1m.parquet,2651.75,2085.75,0.7861789384368814,0.7861789384368814,1517.75,628.3875,2.4153090250840443,expansion,expansion,gt_1_3
NQ,2025-04-10,2025-04-10 04:00:00+00:00,2025-04-11 03:59:00+00:00,19014.5,19186.5,17919.0,18480.0,945226,databento_ohlcv_1m,../trading/data/databento_ohlcv_1m/front_1m.parquet,1267.5,-535.0,0.42169625246548326,-0.42169625246548326,2651.75,736.8875,3.598581873081033,expansion,expansion,gt_1_3
NQ,2025-04-11,2025-04-11 04:00:00+00:00,2025-04-11 20:59:00+00:00,18479.25,18873.5,18270.0,18820.5,612149,databento_ohlcv_1m,../trading/data/databento_ohlcv_1m/front_1m.parquet,603.5,340.5,0.5654515327257663,0.5654515327257663,1267.5,778.55,1.628026459443838,expansion,compression,gt_1_3
NQ,2025-04-13,2025-04-13 22:00:00+00:00,2025-04-14 03:59:00+00:00,19225.0,19250.0,18931.5,19056.5,54444,databento_ohlcv_1m,../trading/data/databento_ohlcv_1m/front_1m.parquet,318.5,236.0,0.5290423861852434,-0.5290423861852434,603.5,784.575,0.7692062581652487,compression,compression,0_7_to_0_9
NQ,2025-04-14,2025-04-14 04:00:00+00:00,2025-04-15 03:59:00+00:00,19058.5,19256.0,18737.5,18913.75,540015,databento_ohlcv_1m,../trading/data/databento_ohlcv_1m/front_1m.parquet,518.5,-142.75,0.27917068466730954,-0.27917068466730954,318.5,782.0125,0.40728249228752733,compression,compression,lt_0_7
NQ,2025-04-15,2025-04-15 04:00:00+00:00,2025-04-16 03:59:00+00:00,18915.25,19144.75,18636.25,18673.0,530411,databento_ohlcv_1m,../trading/data/databento_ohlcv_1m/front_1m.parquet,508.5,-240.75,0.47640117994100295,-0.47640117994100295,518.5,789.175,0.6570152374314949,compression,compression,lt_0_7
NQ,2025-04-16,2025-04-16 04:00:00+00:00,2025-04-17 03:59:00+00:00,18673.5,18861.25,18116.25,18534.5,669278,databento_ohlcv_1m,../trading/data/databento_ohlcv_1m/front_1m.parquet,745.0,-138.5,0.1865771812080537,-0.1865771812080537,508.5,810.175,0.6276421760730707,compression,neutral,lt_0_7
NQ,2025-04-17,2025-04-17 04:00:00+00:00,2025-04-17 20:59:00+00:00,18534.25,18652.75,18261.5,18427.75,588394,databento_ohlcv_1m,../trading/data/databento_ohlcv_1m/front_1m.parquet,391.25,-106.75,0.2722044728434505,-0.2722044728434505,745.0,831.75,0.8957018334836189,neutral,compression,0_7_to_0_9
NQ,2025-04-20,2025-04-20 22:00:00+00:00,2025-04-21 03:59:00+00:00,18306.25,18383.5,18189.0,18220.75,33253,databento_ohlcv_1m,../trading/data/databento_ohlcv_1m/front_1m.parquet,194.5,-207.0,0.43958868894601544,-0.43958868894601544,391.25,839.125,0.4662594964993297,compression,compression,lt_0_7
NQ,2025-04-21,2025-04-21 04:00:00+00:00,2025-04-22 03:59:00+00:00,18221.0,18256.75,17700.0,17981.5,480826,databento_ohlcv_1m,../trading/data/databento_ohlcv_1m/front_1m.parquet,556.75,-239.25,0.4301751234845083,-0.4301751234845083,194.5,824.1,0.23601504671763135,compression,compression,lt_0_7
NQ,2025-04-22,2025-04-22 04:00:00+00:00,2025-04-23 03:59:00+00:00,17981.0,18802.75,17971.75,18702.75,625870,databento_ohlcv_1m,../trading/data/databento_ohlcv_1m/front_1m.parquet,831.0,721.25,0.868531889290012,0.868531889290012,556.75,838.525,0.6639635073492144,compression,neutral,lt_0_7
NQ,2025-04-23,2025-04-23 04:00:00+00:00,2025-04-24 03:59:00+00:00,18702.75,19165.5,18681.75,18757.5,699928,databento_ohlcv_1m,../trading/data/databento_ohlcv_1m/front_1m.parquet,483.75,54.75,0.11317829457364341,0.11317829457364341,831.0,847.5125,0.9805165115558767,neutral,compression,0_9_to_1_1
NQ,2025-04-24,2025-04-24 04:00:00+00:00,2025-04-25 03:59:00+00:00,18756.75,19469.75,18594.75,19447.75,596451,databento_ohlcv_1m,../trading/data/databento_ohlcv_1m/front_1m.parquet,875.0,690.25,0.7897142857142857,0.7897142857142857,483.75,861.45,0.5615531951941494,compression,neutral,lt_0_7
NQ,2025-04-25,2025-04-25 04:00:00+00:00,2025-04-25 20:59:00+00:00,19447.0,19589.0,19216.25,19554.75,542141,databento_ohlcv_1m,../trading/data/databento_ohlcv_1m/front_1m.parquet,372.75,107.0,0.28906773977196515,0.28906773977196515,875.0,879.55,0.9948269001193792,neutral,compression,0_9_to_1_1
NQ,2025-04-27,2025-04-27 22:00:00+00:00,2025-04-28 03:59:00+00:00,19524.5,19524.5,19392.25,19404.25,24509,databento_ohlcv_1m,../trading/data/databento_ohlcv_1m/front_1m.parquet,132.25,-150.5,0.9092627599243857,-0.9092627599243857,372.75,876.4,0.4253194888178914,compression,compression,lt_0_7
NQ,2025-04-28,2025-04-28 04:00:00+00:00,2025-04-29 03:59:00+00:00,19403.25,19631.0,19257.25,19573.25,510157,databento_ohlcv_1m,../trading/data/databento_ohlcv_1m/front_1m.parquet,373.75,169.0,0.45484949832775917,0.45484949832775917,132.25,821.75,0.16093702464253118,compression,compression,lt_0_7
NQ,2025-04-29,2025-04-29 04:00:00+00:00,2025-04-30 03:59:00+00:00,19574.0,19688.5,19378.0,19523.25,561409,databento_ohlcv_1m,../trading/data/databento_ohlcv_1m/front_1m.parquet,310.5,-50.0,0.16344605475040258,-0.16344605475040258,373.75,807.5875,0.4627981488074048,compression,compression,lt_0_7
NQ,2025-04-30,2025-04-30 04:00:00+00:00,2025-05-01 03:59:00+00:00,19522.75,19963.25,19103.75,19957.25,722560,databento_ohlcv_1m,../trading/data/databento_ohlcv_1m/front_1m.parquet,859.5,434.0,0.5055264688772542,0.5055264688772542,310.5,758.7,0.40925266903914587,compression,neutral,lt_0_7
NQ,2025-05-01,2025-05-01 04:00:00+00:00,2025-05-02 03:59:00+00:00,19958.25,20125.75,19749.5,19978.0,578283,databento_ohlcv_1m,../trading/data/databento_ohlcv_1m/front_1m.parquet,376.25,20.75,0.05249169435215947,0.05249169435215947,859.5,769.675,1.1167051028031312,neutral,compression,1_1_to_1_3
NQ,2025-05-02,2025-05-02 04:00:00+00:00,2025-05-02 20:59:00+00:00,19978.25,20276.75,19864.0,20204.5,466270,databento_ohlcv_1m,../trading/data/databento_ohlcv_1m/front_1m.parquet,412.75,226.5,0.548152634766808,0.548152634766808,376.25,694.4125,0.5418249239465015,compression,compression,lt_0_7
NQ,2025-05-04,2025-05-04 22:00:00+00:00,2025-05-05 03:59:00+00:00,20181.5,20201.75,19991.5,20056.75,38788,databento_ohlcv_1m,../trading/data/databento_ohlcv_1m/front_1m.parquet,210.25,-147.75,0.5933412604042806,-0.5933412604042806,412.75,639.1625,0.6457669215575069,compression,compression,lt_0_7
NQ,2025-05-05,2025-05-05 04:00:00+00:00,2025-05-06 03:59:00+00:00,20056.5,20191.5,19932.25,19988.0,395233,databento_ohlcv_1m,../trading/data/databento_ohlcv_1m/front_1m.parquet,259.25,-68.75,0.26422372227579555,-0.26422372227579555,210.25,517.0875,0.4066042981120217,compression,compression,lt_0_7
NQ,2025-05-06,2025-05-06 04:00:00+00:00,2025-05-07 03:59:00+00:00,19987.25,20133.75,19739.0,20002.0,536761,databento_ohlcv_1m,../trading/data/databento_ohlcv_1m/front_1m.parquet,394.75,14.0,0.037365421152628246,0.037365421152628246,259.25,466.675,0.5555257941822467,compression,neutral,lt_0_7
NQ,2025-05-07,2025-05-07 04:00:00+00:00,2025-05-08 03:59:00+00:00,20002.0,20170.0,19678.75,20164.0,573461,databento_ohlcv_1m,../trading/data/databento_ohlcv_1m/front_1m.parquet,491.25,162.0,0.3297709923664122,0.3297709923664122,394.75,456.2375,0.8652291843612153,neutral,neutral,0_7_to_0_9
NQ,2025-05-08,2025-05-08 04:00:00+00:00,2025-05-09 03:59:00+00:00,20164.75,20337.25,19979.0,20184.5,549435,databento_ohlcv_1m,../trading/data/databento_ohlcv_1m/front_1m.parquet,358.25,20.5,0.05512909979064899,0.05512909979064899,491.25,464.875,1.056735681634848,neutral,compression,0_9_to_1_1
NQ,2025-05-09,2025-05-09 04:00:00+00:00,2025-05-09 20:59:00+00:00,20185.5,20288.75,20058.0,20146.5,416545,databento_ohlcv_1m,../trading/data/databento_ohlcv_1m/front_1m.parquet,230.75,-38.0,0.16901408450704225,-0.16901408450704225,358.25,456.8625,0.7841527811978439,compression,compression,0_7_to_0_9
NQ,2025-05-11,2025-05-11 22:00:00+00:00,2025-05-12 03:59:00+00:00,20398.5,20547.25,20376.75,20526.0,46786,databento_ohlcv_1m,../trading/data/databento_ohlcv_1m/front_1m.parquet,170.5,379.5,0.7478005865102639,0.7478005865102639,230.75,442.975,0.5209097578870139,compression,compression,lt_0_7
NQ,2025-05-12,2025-05-12 04:00:00+00:00,2025-05-13 03:59:00+00:00,20525.5,20996.0,20520.5,20844.25,607852,databento_ohlcv_1m,../trading/data/databento_ohlcv_1m/front_1m.parquet,475.5,318.25,0.6703470031545742,0.6703470031545742,170.5,414.25,0.4115872057936029,compression,neutral,lt_0_7
NQ,2025-05-13,2025-05-13 04:00:00+00:00,2025-05-14 03:59:00+00:00,20844.25,21346.5,20818.0,21287.25,516357,databento_ohlcv_1m,../trading/data/databento_ohlcv_1m/front_1m.parquet,528.5,443.0,0.8382213812677389,0.8382213812677389,475.5,418.4625,1.1363025360695402,neutral,expansion,1_1_to_1_3
NQ,2025-05-14,2025-05-14 04:00:00+00:00,2025-05-15 03:59:00+00:00,21288.25,21419.5,21238.25,21379.0,499335,databento_ohlcv_1m,../trading/data/databento_ohlcv_1m/front_1m.parquet,181.25,91.75,0.5006896551724138,0.5006896551724138,528.5,435.1625,1.2144888403757217,expansion,compression,1_1_to_1_3
NQ,2025-05-15,2025-05-15 04:00:00+00:00,2025-05-16 03:59:00+00:00,21379.0,21529.75,21192.0,21406.5,534735,databento_ohlcv_1m,../trading/data/databento_ohlcv_1m/front_1m.parquet,337.75,27.5,0.08142116950407106,0.08142116950407106,181.25,416.3875,0.43529164540241966,compression,neutral,lt_0_7
NQ,2025-05-16,2025-05-16 04:00:00+00:00,2025-05-16 20:59:00+00:00,21405.5,21512.0,21320.25,21400.25,382804,databento_ohlcv_1m,../trading/data/databento_ohlcv_1m/front_1m.parquet,191.75,-6.25,0.027379400260756193,-0.027379400260756193,337.75,391.725,0.8622120109770884,neutral,compression,0_7_to_0_9
NQ,2025-05-18,2025-05-18 22:00:00+00:00,2025-05-19 03:59:00+00:00,21310.75,21418.0,21196.0,21212.25,50407,databento_ohlcv_1m,../trading/data/databento_ohlcv_1m/front_1m.parquet,222.0,-188.0,0.4436936936936937,-0.4436936936936937,191.75,377.125,0.5084521047398077,compression,compression,lt_0_7
NQ,2025-05-19,2025-05-19 04:00:00+00:00,2025-05-20 03:59:00+00:00,21212.0,21562.25,21112.5,21434.0,485365,databento_ohlcv_1m,../trading/data/databento_ohlcv_1m/front_1m.parquet,449.75,221.75,0.4936075597554197,0.4936075597554197,222.0,344.475,0.6444589592858697,compression,expansion,lt_0_7
NQ,2025-05-20,2025-05-20 04:00:00+00:00,2025-05-21 03:59:00+00:00,21434.75,21487.0,21298.0,21377.25,427409,databento_ohlcv_1m,../trading/data/databento_ohlcv_1m/front_1m.parquet,189.0,-56.75,0.30423280423280424,-0.30423280423280424,449.75,348.325,1.2911792148137515,expansion,compression,1_1_to_1_3
NQ,2025-05-21,2025-05-21 04:00:00+00:00,2025-05-22 03:59:00+00:00,21378.0,21558.5,21072.75,21166.0,599812,databento_ohlcv_1m,../trading/data/databento_ohlcv_1m/front_1m.parquet,485.75,-211.25,0.4364384971693258,-0.4364384971693258,189.0,351.1625,0.5382123660698395,compression,expansion,lt_0_7
NQ,2025-05-22,2025-05-22 04:00:00+00:00,2025-05-23 03:59:00+00:00,21165.5,21337.5,21040.0,21190.75,505759,databento_ohlcv_1m,../trading/data/databento_ohlcv_1m/front_1m.parquet,297.5,24.75,0.08487394957983194,0.08487394957983194,485.75,356.7625,1.3615500508041065,expansion,neutral,gt_1_3
NQ,2025-05-23,2025-05-23 04:00:00+00:00,2025-05-23 20:59:00+00:00,21190.5,21231.0,20727.0,20953.25,493314,databento_ohlcv_1m,../trading/data/databento_ohlcv_1m/front_1m.parquet,504.0,-237.5,0.470734126984127,-0.470734126984127,297.5,356.1125,0.8354101583067148,neutral,expansion,0_7_to_0_9
NQ,2025-05-25,2025-05-25 22:00:00+00:00,2025-05-26 03:59:00+00:00,20978.0,21233.5,20954.25,21213.5,34518,databento_ohlcv_1m,../trading/data/databento_ohlcv_1m/front_1m.parquet,279.25,260.25,0.8433303491495077,0.8433303491495077,504.0,338.3375,1.489636827132671,expansion,neutral,gt_1_3
NQ,2025-05-26,2025-05-26 04:00:00+00:00,2025-05-27 03:59:00+00:00,21212.5,21307.75,21141.5,21152.75,83218,databento_ohlcv_1m,../trading/data/databento_ohlcv_1m/front_1m.parquet,166.25,-60.75,0.3593984962406015,-0.3593984962406015,279.25,333.4875,0.8373627197421193,neutral,compression,0_7_to_0_9
NQ,2025-05-27,2025-05-27 04:00:00+00:00,2025-05-28 03:59:00+00:00,21152.0,21488.5,21145.0,21444.75,426123,databento_ohlcv_1m,../trading/data/databento_ohlcv_1m/front_1m.parquet,343.5,292.0,0.8522561863173217,0.8522561863173217,166.25,321.1625,0.5176507219865333,compression,neutral,lt_0_7
NQ,2025-05-28,2025-05-28 04:00:00+00:00,2025-05-29 03:59:00+00:00,21443.25,21833.5,21321.25,21782.75,472332,databento_ohlcv_1m,../trading/data/databento_ohlcv_1m/front_1m.parquet,512.25,338.0,0.6627623230844314,0.6627623230844314,343.5,327.825,1.0478151452756808,neutral,expansion,0_9_to_1_1
NQ,2025-05-29,2025-05-29 04:00:00+00:00,2025-05-30 03:59:00+00:00,21782.5,21858.75,21268.5,21346.0,513811,databento_ohlcv_1m,../trading/data/databento_ohlcv_1m/front_1m.parquet,590.25,-436.75,0.7395171537484116,-0.7395171537484116,512.25,340.475,1.50451575005507,expansion,expansion,gt_1_3
NQ,2025-05-30,2025-05-30 04:00:00+00:00,2025-05-30 20:59:00+00:00,21345.75,21433.5,21071.5,21369.0,512188,databento_ohlcv_1m,../trading/data/databento_ohlcv_1m/front_1m.parquet,362.0,23.0,0.06422651933701658,0.06422651933701658,590.25,350.25,1.6852248394004283,expansion,neutral,gt_1_3
NQ,2025-06-01,2025-06-01 22:00:00+00:00,2025-06-02 03:59:00+00:00,21303.75,21348.5,21226.5,21231.5,28736,databento_ohlcv_1m,../trading/data/databento_ohlcv_1m/front_1m.parquet,122.0,-137.5,0.5922131147540983,-0.5922131147540983,362.0,343.7875,1.052976038977566,neutral,compression,0_9_to_1_1
NQ,2025-06-02,2025-06-02 04:00:00+00:00,2025-06-03 03:59:00+00:00,21231.5,21576.25,21163.0,21461.75,425726,databento_ohlcv_1m,../trading/data/databento_ohlcv_1m/front_1m.parquet,413.25,230.25,0.5571687840290381,0.5571687840290381,122.0,331.975,0.36749755252654565,compression,expansion,lt_0_7
NQ,2025-06-03,2025-06-03 04:00:00+00:00,2025-06-04 03:59:00+00:00,21461.5,21759.75,21399.25,21680.0,413653,databento_ohlcv_1m,../trading/data/databento_ohlcv_1m/front_1m.parquet,360.5,218.25,0.6061026352288488,0.6061026352288488,413.25,341.1,1.2115215479331574,expansion,neutral,1_1_to_1_3
NQ,2025-06-04,2025-06-04 04:00:00+00:00,2025-06-05 03:59:00+00:00,21679.5,21803.0,21641.0,21750.25,394205,databento_ohlcv_1m,../trading/data/databento_ohlcv_1m/front_1m.parquet,162.0,70.25,0.4367283950617284,0.4367283950617284,360.5,350.6,1.0282373074729034,neutral,compression,0_9_to_1_1
NQ,2025-06-05,2025-06-05 04:00:00+00:00,2025-06-06 03:59:00+00:00,21751.0,21935.0,21471.0,21609.75,590932,databento_ohlcv_1m,../trading/data/databento_ohlcv_1m/front_1m.parquet,464.0,-140.5,0.30441810344827586,-0.30441810344827586,162.0,334.925,0.48369037844293494,compression,expansion,lt_0_7
NQ,2025-06-06,2025-06-06 04:00:00+00:00,2025-06-06 20:59:00+00:00,21610.0,21873.5,21601.5,21809.5,431560,databento_ohlcv_1m,../trading/data/databento_ohlcv_1m/front_1m.parquet,272.0,199.75,0.7334558823529411,0.7334558823529411,464.0,331.7,1.3988543864938197,expansion,neutral,gt_1_3
NQ,2025-06-08,2025-06-08 22:00:00+00:00,2025-06-09 03:59:00+00:00,21799.25,21820.75,21716.0,21743.5,24493,databento_ohlcv_1m,../trading/data/databento_ohlcv_1m/front_1m.parquet,104.75,-66.0,0.5322195704057279,-0.5322195704057279,272.0,336.2375,0.8089520056507676,neutral,compression,0_7_to_0_9
NQ,2025-06-09,2025-06-09 04:00:00+00:00,2025-06-10 03:59:00+00:00,21744.0,21973.25,21729.0,21939.25,351992,databento_ohlcv_1m,../trading/data/databento_ohlcv_1m/front_1m.parquet,244.25,195.75,0.7993858751279427,0.7993858751279427,104.75,324.5875,0.3227172950283052,compression,compression,lt_0_7
NQ,2025-06-10,2025-06-10 04:00:00+00:00,2025-06-11 03:59:00+00:00,21939.0,22002.75,21732.0,21907.75,426787,databento_ohlcv_1m,../trading/data/databento_ohlcv_1m/front_1m.parquet,270.75,-31.5,0.11542012927054478,-0.11542012927054478,244.25,327.2125,0.7464568132329908,compression,neutral,0_7_to_0_9
NQ,2025-06-11,2025-06-11 04:00:00+00:00,2025-06-12 03:59:00+00:00,21906.25,22106.0,21754.0,21809.0,509344,databento_ohlcv_1m,../trading/data/databento_ohlcv_1m/front_1m.parquet,352.0,-98.75,0.2762784090909091,-0.2762784090909091,270.75,329.65,0.8213256484149857,neutral,neutral,0_7_to_0_9
NQ,2025-06-12,2025-06-12 04:00:00+00:00,2025-06-13 03:59:00+00:00,21809.25,21977.25,21471.0,21573.0,416407,databento_ohlcv_1m,../trading/data/databento_ohlcv_1m/front_1m.parquet,506.25,-236.0,0.4666666666666667,-0.4666666666666667,352.0,324.7625,1.0838689811785536,neutral,expansion,0_9_to_1_1
NQ,2025-06-13,2025-06-13 04:00:00+00:00,2025-06-13 20:59:00+00:00,21574.0,21854.75,21513.5,21652.0,422597,databento_ohlcv_1m,../trading/data/databento_ohlcv_1m/front_1m.parquet,341.25,79.0,0.22857142857142856,0.22857142857142856,506.25,340.625,1.4862385321100917,expansion,neutral,gt_1_3
NQ,2025-06-15,2025-06-15 22:00:00+00:00,2025-06-16 03:59:00+00:00,21554.0,21938.0,21501.75,21908.75,18037,databento_ohlcv_1m,../trading/data/databento_ohlcv_1m/front_1m.parquet,436.25,256.75,0.8131805157593123,0.8131805157593123,341.25,333.4,1.0235452909418117,neutral,expansion,0_9_to_1_1
NQ,2025-06-16,2025-06-16 04:00:00+00:00,2025-06-17 03:59:00+00:00,21908.0,22222.0,21888.25,22079.5,287086,databento_ohlcv_1m,../trading/data/databento_ohlcv_1m/front_1m.parquet,333.75,170.75,0.5138576779026217,0.5138576779026217,436.25,340.3375,1.281815844566056,expansion,neutral,1_1_to_1_3
NQ,2025-06-17,2025-06-17 04:00:00+00:00,2025-06-18 03:59:00+00:00,22079.75,22135.0,21862.25,21970.0,386401,databento_ohlcv_1m,../trading/data/databento_ohlcv_1m/front_1m.parquet,272.75,-109.5,0.40238313473877174,-0.40238313473877174,333.75,331.825,1.005801250659233,neutral,neutral,0_9_to_1_1
NQ,2025-06-18,2025-06-18 04:00:00+00:00,2025-06-19 03:59:00+00:00,21969.75,22097.75,21790.0,21883.0,438840,databento_ohlcv_1m,../trading/data/databento_ohlcv_1m/front_1m.parquet,307.75,-87.0,0.2818846466287571,-0.2818846466287571,272.75,331.5,0.8227752639517345,neutral,neutral,0_7_to_0_9
NQ,2025-06-19,2025-06-19 04:00:00+00:00,2025-06-20 03:59:00+00:00,21882.75,21930.25,21650.25,21900.75,122119,databento_ohlcv_1m,../trading/data/databento_ohlcv_1m/front_1m.parquet,280.0,17.75,0.06428571428571428,0.06428571428571428,307.75,338.575,0.9089566565753526,neutral,neutral,0_9_to_1_1
NQ,2025-06-20,2025-06-20 04:00:00+00:00,2025-06-20 20:59:00+00:00,21900.25,22130.5,21765.0,21874.0,481637,databento_ohlcv_1m,../trading/data/databento_ohlcv_1m/front_1m.parquet,365.5,-26.75,0.07181942544459645,-0.07181942544459645,280.0,335.4,0.8348240906380442,neutral,neutral,0_7_to_0_9
NQ,2025-06-22,2025-06-22 22:00:00+00:00,2025-06-23 03:59:00+00:00,21648.25,21787.0,21566.75,21766.75,36829,databento_ohlcv_1m,../trading/data/databento_ohlcv_1m/front_1m.parquet,220.25,-107.25,0.5380249716231555,0.5380249716231555,365.5,328.0625,1.1141169746618405,neutral,compression,1_1_to_1_3
NQ,2025-06-23,2025-06-23 04:00:00+00:00,2025-06-24 03:59:00+00:00,21766.75,22271.5,21738.25,22246.5,548671,databento_ohlcv_1m,../trading/data/databento_ohlcv_1m/front_1m.parquet,533.25,479.75,0.8996718237224567,0.8996718237224567,220.25,309.5625,0.7114879870785382,compression,expansion,0_7_to_0_9
NQ,2025-06-24,2025-06-24 04:00:00+00:00,2025-06-25 03:59:00+00:00,22245.5,22448.25,22220.25,22406.75,416759,databento_ohlcv_1m,../trading/data/databento_ohlcv_1m/front_1m.parquet,228.0,160.25,0.7072368421052632,0.7072368421052632,533.25,318.125,1.6762278978388998,expansion,compression,gt_1_3
NQ,2025-06-25,2025-06-25 04:00:00+00:00,2025-06-26 03:59:00+00:00,22406.25,22548.25,22388.5,22494.75,390875,databento_ohlcv_1m,../trading/data/databento_ohlcv_1m/front_1m.parquet,159.75,88.0,0.5539906103286385,0.5539906103286385,228.0,323.425,0.7049547808610961,compression,compression,0_7_to_0_9
NQ,2025-06-26,2025-06-26 04:00:00+00:00,2025-06-27 03:59:00+00:00,22495.25,22713.5,22476.0,22693.25,406094,databento_ohlcv_1m,../trading/data/databento_ohlcv_1m/front_1m.parquet,237.5,198.5,0.8336842105263158,0.8336842105263158,159.75,310.75,0.5140788415124699,compression,compression,lt_0_7
NQ,2025-06-27,2025-06-27 04:00:00+00:00,2025-06-27 20:59:00+00:00,22693.5,22825.5,22600.0,22740.25,450327,databento_ohlcv_1m,../trading/data/databento_ohlcv_1m/front_1m.parquet,225.5,47.0,0.2073170731707317,0.2073170731707317,237.5,304.6,0.7797110965200262,compression,compression,0_7_to_0_9
NQ,2025-06-29,2025-06-29 22:00:00+00:00,2025-06-30 03:59:00+00:00,22751.5,22880.5,22751.5,22873.25,31269,databento_ohlcv_1m,../trading/data/databento_ohlcv_1m/front_1m.parquet,129.0,133.0,0.9437984496124031,0.9437984496124031,225.5,307.775,0.7326780927625701,compression,compression,0_7_to_0_9
NQ,2025-06-30,2025-06-30 04:00:00+00:00,2025-07-01 03:59:00+00:00,22873.0,22934.75,22781.0,22872.75,413250,databento_ohlcv_1m,../trading/data/databento_ohlcv_1m/front_1m.parquet,153.75,-0.5,0.0016260162601626016,-0.0016260162601626016,129.0,291.025,0.443260888239842,compression,compression,lt_0_7
NQ,2025-07-01,2025-07-01 04:00:00+00:00,2025-07-02 03:59:00+00:00,22873.0,22878.0,22594.5,22739.5,482779,databento_ohlcv_1m,../trading/data/databento_ohlcv_1m/front_1m.parquet,283.5,-133.25,0.4708994708994709,-0.4708994708994709,153.75,285.1125,0.5392608180981191,compression,neutral,lt_0_7
NQ,2025-07-02,2025-07-02 04:00:00+00:00,2025-07-03 03:59:00+00:00,22739.5,22882.0,22582.0,22862.0,397876,databento_ohlcv_1m,../trading/data/databento_ohlcv_1m/front_1m.parquet,300.0,122.5,0.4083333333333333,0.4083333333333333,283.5,294.05,0.9641217480020404,neutral,neutral,0_9_to_1_1
NQ,2025-07-03,2025-07-03 04:00:00+00:00,2025-07-04 03:59:00+00:00,22862.25,23102.5,22830.0,23009.75,263804,databento_ohlcv_1m,../trading/data/databento_ohlcv_1m/front_1m.parquet,272.5,147.75,0.5412844036697247,0.5412844036697247,300.0,296.8375,1.0106539773445067,neutral,neutral,0_9_to_1_1
NQ,2025-07-04,2025-07-04 04:00:00+00:00,2025-07-04 16:59:00+00:00,23009.0,23015.25,22882.0,22906.75,58483,databento_ohlcv_1m,../trading/data/databento_ohlcv_1m/front_1m.parquet,133.25,-103.0,0.7673545966228893,-0.7673545966228893,272.5,296.925,0.9177401700766187,neutral,compression,0_9_to_1_1
NQ,2025-07-06,2025-07-06 22:00:00+00:00,2025-07-07 03:59:00+00:00,22970.0,23028.5,22914.5,22975.0,30095,databento_ohlcv_1m,../trading/data/databento_ohlcv_1m/front_1m.parquet,114.0,68.25,0.043859649122807015,0.043859649122807015,133.25,285.9875,0.46592945495869575,compression,compression,lt_0_7
NQ,2025-07-07,2025-07-07 04:00:00+00:00,2025-07-08 03:59:00+00:00,22974.25,23001.75,22779.75,22915.75,452695,databento_ohlcv_1m,../trading/data/databento_ohlcv_1m/front_1m.parquet,222.0,-59.25,0.2635135135135135,-0.2635135135135135,114.0,266.375,0.4279680900985453,compression,neutral,lt_0_7
NQ,2025-07-08,2025-07-08 04:00:00+00:00,2025-07-09 03:59:00+00:00,22915.25,22972.75,22841.0,22874.25,408319,databento_ohlcv_1m,../trading/data/databento_ohlcv_1m/front_1m.parquet,131.75,-41.5,0.3111954459203036,-0.3111954459203036,222.0,260.4125,0.8524936398982383,neutral,compression,0_7_to_0_9
NQ,2025-07-09,2025-07-09 04:00:00+00:00,2025-07-10 03:59:00+00:00,22874.5,23112.0,22843.5,22997.5,448372,databento_ohlcv_1m,../trading/data/databento_ohlcv_1m/front_1m.parquet,268.5,123.25,0.4581005586592179,0.4581005586592179,131.75,245.1875,0.537343869487637,compression,neutral,lt_0_7
NQ,2025-07-10,2025-07-10 04:00:00+00:00,2025-07-11 03:59:00+00:00,22996.75,23090.0,22831.5,22967.75,411672,databento_ohlcv_1m,../trading/data/databento_ohlcv_1m/front_1m.parquet,258.5,-29.75,0.11218568665377177,-0.11218568665377177,268.5,241.925,1.1098480934173813,neutral,neutral,1_1_to_1_3
NQ,2025-07-11,2025-07-11 04:00:00+00:00,2025-07-11 20:59:00+00:00,22968.25,23021.5,22852.0,22938.0,410380,databento_ohlcv_1m,../trading/data/databento_ohlcv_1m/front_1m.parquet,169.5,-29.75,0.17846607669616518,-0.17846607669616518,258.5,241.2125,1.0716691713737887,neutral,compression,0_9_to_1_1
NQ,2025-07-13,2025-07-13 22:00:00+00:00,2025-07-14 03:59:00+00:00,22860.75,22890.5,22803.0,22874.25,33414,databento_ohlcv_1m,../trading/data/databento_ohlcv_1m/front_1m.parquet,87.5,-63.75,0.15428571428571428,0.15428571428571428,169.5,234.3,0.7234314980793853,compression,compression,0_7_to_0_9
NQ,2025-07-14,2025-07-14 04:00:00+00:00,2025-07-15 03:59:00+00:00,22874.25,23173.75,22804.25,23094.25,417023,databento_ohlcv_1m,../trading/data/databento_ohlcv_1m/front_1m.parquet,369.5,220.0,0.5953991880920162,0.5953991880920162,87.5,224.675,0.3894514298431067,compression,expansion,lt_0_7
NQ,2025-07-15,2025-07-15 04:00:00+00:00,2025-07-16 03:59:00+00:00,23094.0,23222.75,22973.75,23015.25,503377,databento_ohlcv_1m,../trading/data/databento_ohlcv_1m/front_1m.parquet,249.0,-79.0,0.31626506024096385,-0.31626506024096385,369.5,224.875,1.6431350750416898,expansion,neutral,gt_1_3
NQ,2025-07-16,2025-07-16 04:00:00+00:00,2025-07-17 03:59:00+00:00,23016.25,23100.0,22835.5,23038.5,531376,databento_ohlcv_1m,../trading/data/databento_ohlcv_1m/front_1m.parquet,264.5,23.25,0.08412098298676748,0.08412098298676748,249.0,226.3125,1.1002485501242751,neutral,expansion,1_1_to_1_3
NQ,2025-07-17,2025-07-17 04:00:00+00:00,2025-07-18 03:59:00+00:00,23039.0,23288.75,23027.0,23275.5,436245,databento_ohlcv_1m,../trading/data/databento_ohlcv_1m/front_1m.parquet,261.75,237.0,0.9035339063992359,0.9035339063992359,264.5,212.875,1.2425132119788609,expansion,expansion,1_1_to_1_3
NQ,2025-07-18,2025-07-18 04:00:00+00:00,2025-07-18 20:59:00+00:00,23275.75,23320.75,23169.5,23228.5,420865,databento_ohlcv_1m,../trading/data/databento_ohlcv_1m/front_1m.parquet,151.25,-47.0,0.31239669421487604,-0.31239669421487604,261.75,214.5625,1.2199242644916983,expansion,compression,1_1_to_1_3
NQ,2025-07-20,2025-07-20 22:00:00+00:00,2025-07-21 03:59:00+00:00,23232.5,23277.25,23203.75,23246.5,17952,databento_ohlcv_1m,../trading/data/databento_ohlcv_1m/front_1m.parquet,73.5,18.0,0.19047619047619047,0.19047619047619047,151.25,214.1375,0.7063218726285682,compression,compression,0_7_to_0_9
NQ,2025-07-21,2025-07-21 04:00:00+00:00,2025-07-22 03:59:00+00:00,23247.0,23424.75,23223.75,23329.0,389458,databento_ohlcv_1m,../trading/data/databento_ohlcv_1m/front_1m.parquet,201.0,82.5,0.4079601990049751,0.4079601990049751,73.5,205.9375,0.35690440060698025,compression,neutral,lt_0_7
NQ,2025-07-22,2025-07-22 04:00:00+00:00,2025-07-23 03:59:00+00:00,23329.0,23349.75,23108.0,23238.25,547311,databento_ohlcv_1m,../trading/data/databento_ohlcv_1m/front_1m.parquet,241.75,-90.75,0.375387797311272,-0.375387797311272,201.0,204.7125,0.981864810404836,neutral,neutral,0_9_to_1_1
NQ,2025-07-23,2025-07-23 04:00:00+00:00,2025-07-24 03:59:00+00:00,23238.25,23422.75,23146.75,23379.0,492982,databento_ohlcv_1m,../trading/data/databento_ohlcv_1m/front_1m.parquet,276.0,140.75,0.509963768115942,0.509963768115942,241.75,210.35,1.1492750178274305,neutral,expansion,1_1_to_1_3
NQ,2025-07-24,2025-07-24 04:00:00+00:00,2025-07-25 03:59:00+00:00,23379.0,23441.75,23298.25,23428.25,430416,databento_ohlcv_1m,../trading/data/databento_ohlcv_1m/front_1m.parquet,143.5,49.25,0.343205574912892,0.343205574912892,276.0,216.4625,1.2750476410463707,expansion,compression,1_1_to_1_3
NQ,2025-07-25,2025-07-25 04:00:00+00:00,2025-07-25 20:59:00+00:00,23428.5,23476.0,23330.75,23447.75,372056,databento_ohlcv_1m,../trading/data/databento_ohlcv_1m/front_1m.parquet,145.25,19.5,0.13253012048192772,0.13253012048192772,143.5,209.4625,0.6850868293847348,compression,compression,lt_0_7
NQ,2025-07-27,2025-07-27 22:00:00+00:00,2025-07-28 03:59:00+00:00,23520.0,23566.5,23504.0,23548.5,22911,databento_ohlcv_1m,../trading/data/databento_ohlcv_1m/front_1m.parquet,62.5,100.75,0.456,0.456,145.25,201.725,0.7200396579501798,compression,compression,0_7_to_0_9
NQ,2025-07-28,2025-07-28 04:00:00+00:00,2025-07-29 03:59:00+00:00,23549.25,23585.25,23436.75,23543.25,412529,databento_ohlcv_1m,../trading/data/databento_ohlcv_1m/front_1m.parquet,148.5,-5.25,0.04040404040404041,-0.04040404040404041,62.5,191.225,0.32684010981827694,compression,compression,lt_0_7
NQ,2025-07-29,2025-07-29 04:00:00+00:00,2025-07-30 03:59:00+00:00,23543.75,23652.5,23421.25,23498.5,530886,databento_ohlcv_1m,../trading/data/databento_ohlcv_1m/front_1m.parquet,231.25,-44.75,0.19567567567567568,-0.19567567567567568,148.5,191.9875,0.7734878572823751,compression,neutral,0_7_to_0_9
NQ,2025-07-30,2025-07-30 04:00:00+00:00,2025-07-31 03:59:00+00:00,23499.0,23800.75,23356.5,23797.75,542168,databento_ohlcv_1m,../trading/data/databento_ohlcv_1m/front_1m.parquet,444.25,299.25,0.6724817107484524,0.6724817107484524,231.25,197.85,1.168814758655547,neutral,expansion,1_1_to_1_3
NQ,2025-07-31,2025-07-31 04:00:00+00:00,2025-08-01 03:59:00+00:00,23798.25,23845.0,23231.5,23304.5,740725,databento_ohlcv_1m,../trading/data/databento_ohlcv_1m/front_1m.parquet,613.5,-493.25,0.8048084759576202,-0.8048084759576202,444.25,208.9625,2.125979541783813,expansion,expansion,gt_1_3
NQ,2025-08-01,2025-08-01 04:00:00+00:00,2025-08-01 20:59:00+00:00,23304.5,23325.0,22775.0,22870.0,749397,databento_ohlcv_1m,../trading/data/databento_ohlcv_1m/front_1m.parquet,550.0,-434.5,0.79,-0.79,613.5,233.05,2.632482299935636,expansion,expansion,gt_1_3
NQ,2025-08-03,2025-08-03 22:00:00+00:00,2025-08-04 03:59:00+00:00,22850.0,22988.5,22821.75,22987.5,40124,databento_ohlcv_1m,../trading/data/databento_ohlcv_1m/front_1m.parquet,166.75,117.5,0.8245877061469266,0.8245877061469266,550.0,247.125,2.225594334850784,expansion,compression,gt_1_3
NQ,2025-08-04,2025-08-04 04:00:00+00:00,2025-08-05 03:59:00+00:00,22987.0,23374.5,22947.5,23342.5,446485,databento_ohlcv_1m,../trading/data/databento_ohlcv_1m/front_1m.parquet,427.0,355.0,0.832552693208431,0.832552693208431,166.75,242.5375,0.6875225480595785,compression,expansion,lt_0_7
NQ,2025-08-05,2025-08-05 04:00:00+00:00,2025-08-06 03:59:00+00:00,23342.0,23404.25,23045.5,23166.0,544679,databento_ohlcv_1m,../trading/data/databento_ohlcv_1m/front_1m.parquet,358.75,-176.5,0.4905923344947735,-0.4905923344947735,427.0,255.4125,1.6718054128126072,expansion,expansion,gt_1_3
NQ,2025-08-06,2025-08-06 04:00:00+00:00,2025-08-07 03:59:00+00:00,23166.5,23511.25,23107.25,23490.0,518345,databento_ohlcv_1m,../trading/data/databento_ohlcv_1m/front_1m.parquet,404.0,324.0,0.8007425742574258,0.8007425742574258,358.75,268.975,1.3337670787247884,expansion,expansion,gt_1_3
NQ,2025-08-07,2025-08-07 04:00:00+00:00,2025-08-08 03:59:00+00:00,23489.75,23671.0,23329.0,23553.75,544820,databento_ohlcv_1m,../trading/data/databento_ohlcv_1m/front_1m.parquet,342.0,63.75,0.1871345029239766,0.1871345029239766,404.0,270.7,1.4924270410048024,expansion,expansion,gt_1_3
NQ,2025-08-08,2025-08-08 04:00:00+00:00,2025-08-08 20:59:00+00:00,23553.0,23767.75,23503.0,23765.5,426512,databento_ohlcv_1m,../trading/data/databento_ohlcv_1m/front_1m.parquet,264.75,211.75,0.8026440037771483,0.8026440037771483,342.0,275.35,1.242055565643726,expansion,neutral,1_1_to_1_3
NQ,2025-08-10,2025-08-10 22:00:00+00:00,2025-08-11 03:59:00+00:00,23764.0,23773.0,23701.0,23754.75,25139,databento_ohlcv_1m,../trading/data/databento_ohlcv_1m/front_1m.parquet,72.0,-10.75,0.1284722222222222,-0.1284722222222222,264.75,275.3625,0.9614598937763856,neutral,compression,0_9_to_1_1
NQ,2025-08-11,2025-08-11 04:00:00+00:00,2025-08-12 03:59:00+00:00,23754.75,23804.5,23587.5,23657.5,430947,databento_ohlcv_1m,../trading/data/databento_ohlcv_1m/front_1m.parquet,217.0,-97.25,0.44815668202764974,-0.44815668202764974,72.0,265.875,0.27080394922425954,compression,neutral,lt_0_7
NQ,2025-08-12,2025-08-12 04:00:00+00:00,2025-08-13 03:59:00+00:00,23656.0,23970.0,23596.0,23942.5,484386,databento_ohlcv_1m,../trading/data/databento_ohlcv_1m/front_1m.parquet,374.0,285.0,0.766042780748663,0.766042780748663,217.0,269.1625,0.8062044304091394,neutral,expansion,0_7_to_0_9
NQ,2025-08-13,2025-08-13 04:00:00+00:00,2025-08-14 03:59:00+00:00,23942.25,24068.5,23886.0,23926.0,442951,databento_ohlcv_1m,../trading/data/databento_ohlcv_1m/front_1m.parquet,182.5,-16.5,0.08904109589041095,-0.08904109589041095,374.0,284.1875,1.3160325489333626,expansion,compression,gt_1_3
NQ,2025-08-14,2025-08-14 04:00:00+00:00,2025-08-15 03:59:00+00:00,23926.0,24007.75,23793.25,23929.0,487178,databento_ohlcv_1m,../trading/data/databento_ohlcv_1m/front_1m.parquet,214.5,3.0,0.013986013986013986,0.013986013986013986,182.5,283.2625,0.6442787167380081,compression,compression,lt_0_7
NQ,2025-08-15,2025-08-15 04:00:00+00:00,2025-08-15 20:59:00+00:00,23929.25,23963.0,23734.5,23796.75,418488,databento_ohlcv_1m,../trading/data/databento_ohlcv_1m/front_1m.parquet,228.5,-132.25,0.5798687089715536,-0.5798687089715536,214.5,281.9,0.7609081234480313,compression,neutral,0_7_to_0_9
NQ,2025-08-17,2025-08-17 22:00:00+00:00,2025-08-18 03:59:00+00:00,23795.0,23881.75,23795.0,23857.75,16184,databento_ohlcv_1m,../trading/data/databento_ohlcv_1m/front_1m.parquet,86.75,61.0,0.723342939481268,0.723342939481268,228.5,279.525,0.8174581879974958,neutral,compression,0_7_to_0_9
NQ,2025-08-18,2025-08-18 04:00:00+00:00,2025-08-19 03:59:00+00:00,23857.25,23860.0,23719.0,23753.75,399861,databento_ohlcv_1m,../trading/data/databento_ohlcv_1m/front_1m.parquet,141.0,-104.0,0.7340425531914894,-0.7340425531914894,86.75,276.6875,0.31353060763496726,compression,compression,lt_0_7
NQ,2025-08-19,2025-08-19 04:00:00+00:00,2025-08-20 03:59:00+00:00,23754.25,23804.75,23336.5,23345.25,563537,databento_ohlcv_1m,../trading/data/databento_ohlcv_1m/front_1m.parquet,468.25,-408.5,0.8734650293646556,-0.8734650293646556,141.0,276.475,0.509991861831992,compression,expansion,lt_0_7
NQ,2025-08-20,2025-08-20 04:00:00+00:00,2025-08-21 03:59:00+00:00,23344.5,23452.0,23035.0,23342.0,696891,databento_ohlcv_1m,../trading/data/databento_ohlcv_1m/front_1m.parquet,417.0,-3.25,0.005995203836930456,-0.005995203836930456,468.25,296.7625,1.5778610842003287,expansion,expansion,gt_1_3
NQ,2025-08-21,2025-08-21 04:00:00+00:00,2025-08-22 03:59:00+00:00,23341.5,23368.25,23119.0,23194.75,512213,databento_ohlcv_1m,../trading/data/databento_ohlcv_1m/front_1m.parquet,249.25,-147.25,0.5887662988966901,-0.5887662988966901,417.0,310.1875,1.3443481765061456,expansion,neutral,gt_1_3
NQ,2025-08-22,2025-08-22 04:00:00+00:00,2025-08-22 20:59:00+00:00,23194.5,23650.0,23076.75,23582.75,460521,databento_ohlcv_1m,../trading/data/databento_ohlcv_1m/front_1m.parquet,573.25,388.0,0.6772786742259049,0.6772786742259049,249.25,311.0875,0.8012215212761683,neutral,expansion,0_7_to_0_9
NQ,2025-08-24,2025-08-24 22:00:00+00:00,2025-08-25 03:59:00+00:00,23602.0,23607.5,23520.5,23547.5,26560,databento_ohlcv_1m,../trading/data/databento_ohlcv_1m/front_1m.parquet,87.0,-35.25,0.6264367816091954,-0.6264367816091954,573.25,317.5375,1.8052985867810887,expansion,compression,gt_1_3
NQ,2025-08-25,2025-08-25 04:00:00+00:00,2025-08-26 03:59:00+00:00,23547.5,23616.25,23371.5,23451.0,411867,databento_ohlcv_1m,../trading/data/databento_ohlcv_1m/front_1m.parquet,244.75,-96.5,0.39427987742594484,-0.39427987742594484,87.0,291.2125,0.29875091213460964,compression,neutral,lt_0_7
NQ,2025-08-26,2025-08-26 04:00:00+00:00,2025-08-27 03:59:00+00:00,23452.0,23629.0,23415.25,23613.5,409447,databento_ohlcv_1m,../trading/data/databento_ohlcv_1m/front_1m.parquet,213.75,162.5,0.7555555555555555,0.7555555555555555,244.75,275.95,0.886936039137525,neutral,compression,0_7_to_0_9
NQ,2025-08-27,2025-08-27 04:00:00+00:00,2025-08-28 03:59:00+00:00,23613.25,23689.0,23434.75,23575.0,439023,databento_ohlcv_1m,../trading/data/databento_ohlcv_1m/front_1m.parquet,254.25,-38.5,0.1504424778761062,-0.1504424778761062,213.75,278.3,0.7680560546173194,compression,neutral,0_7_to_0_9
NQ,2025-08-28,2025-08-28 04:00:00+00:00,2025-08-29 03:59:00+00:00,23575.0,23803.75,23539.5,23728.5,470186,databento_ohlcv_1m,../trading/data/databento_ohlcv_1m/front_1m.parquet,264.25,153.5,0.5808893093661306,0.5808893093661306,254.25,269.6625,0.9428452231956611,neutral,neutral,0_9_to_1_1
NQ,2025-08-29,2025-08-29 04:00:00+00:00,2025-08-29 20:59:00+00:00,23728.25,23737.0,23397.5,23454.5,512458,databento_ohlcv_1m,../trading/data/databento_ohlcv_1m/front_1m.parquet,339.5,-274.0,0.8063328424153167,-0.8063328424153167,264.25,264.9375,0.9974050483604624,neutral,expansion,0_9_to_1_1
NQ,2025-08-31,2025-08-31 22:00:00+00:00,2025-09-01 03:59:00+00:00,23479.0,23552.5,23431.75,23442.25,25672,databento_ohlcv_1m,../trading/data/databento_ohlcv_1m/front_1m.parquet,120.75,-12.25,0.30434782608695654,-0.30434782608695654,339.5,261.7125,1.2972250083584087,expansion,compression,1_1_to_1_3
NQ,2025-09-01,2025-09-01 04:00:00+00:00,2025-09-02 03:59:00+00:00,23442.0,23509.5,23370.5,23438.25,88112,databento_ohlcv_1m,../trading/data/databento_ohlcv_1m/front_1m.parquet,139.0,-4.0,0.02697841726618705,-0.02697841726618705,120.75,250.65,0.4817474566128067,compression,compression,lt_0_7
NQ,2025-09-02,2025-09-02 04:00:00+00:00,2025-09-03 03:59:00+00:00,23437.75,23452.0,23025.25,23324.0,652054,databento_ohlcv_1m,../trading/data/databento_ohlcv_1m/front_1m.parquet,426.75,-114.25,0.2665495020503808,-0.2665495020503808,139.0,244.3625,0.5688270499769809,compression,expansion,lt_0_7
NQ,2025-09-03,2025-09-03 04:00:00+00:00,2025-09-04 03:59:00+00:00,23324.25,23532.0,23308.0,23469.0,553832,databento_ohlcv_1m,../trading/data/databento_ohlcv_1m/front_1m.parquet,224.0,145.0,0.6462053571428571,0.6462053571428571,426.75,262.1,1.6281953452880578,expansion,neutral,gt_1_3
NQ,2025-09-04,2025-09-04 04:00:00+00:00,2025-09-05 03:59:00+00:00,23469.25,23742.75,23410.0,23741.0,467824,databento_ohlcv_1m,../trading/data/databento_ohlcv_1m/front_1m.parquet,332.75,272.0,0.816679188580015,0.816679188580015,224.0,262.45,0.8534959039817108,neutral,expansion,0_7_to_0_9
NQ,2025-09-05,2025-09-05 04:00:00+00:00,2025-09-05 20:59:00+00:00,23742.25,23902.0,23505.0,23673.25,645153,databento_ohlcv_1m,../trading/data/databento_ohlcv_1m/front_1m.parquet,397.0,-67.75,0.17380352644836272,-0.17380352644836272,332.75,260.3875,1.2779031251500168,expansion,expansion,1_1_to_1_3
NQ,2025-09-07,2025-09-07 22:00:00+00:00,2025-09-08 03:59:00+00:00,23673.5,23791.25,23650.25,23754.25,30079,databento_ohlcv_1m,../trading/data/databento_ohlcv_1m/front_1m.parquet,141.0,81.0,0.5726950354609929,0.5726950354609929,397.0,271.1125,1.464336760569874,expansion,compression,gt_1_3
NQ,2025-09-08,2025-09-08 04:00:00+00:00,2025-09-09 03:59:00+00:00,23754.0,23888.0,23724.5,23839.5,437966,databento_ohlcv_1m,../trading/data/databento_ohlcv_1m/front_1m.parquet,163.5,85.25,0.5229357798165137,0.5229357798165137,141.0,267.4375,0.5272259873802291,compression,compression,lt_0_7
NQ,2025-09-09,2025-09-09 04:00:00+00:00,2025-09-10 03:59:00+00:00,23839.5,23921.25,23726.0,23917.75,466688,databento_ohlcv_1m,../trading/data/databento_ohlcv_1m/front_1m.parquet,195.25,78.25,0.4007682458386684,0.4007682458386684,163.5,264.1875,0.6188786373314408,compression,compression,lt_0_7
NQ,2025-09-10,2025-09-10 04:00:00+00:00,2025-09-11 03:59:00+00:00,23917.75,24044.25,23785.0,23913.5,508498,databento_ohlcv_1m,../trading/data/databento_ohlcv_1m/front_1m.parquet,259.25,-4.25,0.01639344262295082,-0.01639344262295082,195.25,269.6125,0.7241874913069684,compression,neutral,0_7_to_0_9
NQ,2025-09-11,2025-09-11 04:00:00+00:00,2025-09-12 03:59:00+00:00,23913.0,24046.0,23838.0,24008.75,429102,databento_ohlcv_1m,../trading/data/databento_ohlcv_1m/front_1m.parquet,208.0,95.25,0.46033653846153844,0.46033653846153844,259.25,275.525,0.9409309500045369,neutral,compression,0_9_to_1_1
NQ,2025-09-12,2025-09-12 04:00:00+00:00,2025-09-12 20:59:00+00:00,24008.5,24159.0,23969.0,24115.25,366816,databento_ohlcv_1m,../trading/data/databento_ohlcv_1m/front_1m.parquet,190.0,106.5,0.5618421052631579,0.5618421052631579,208.0,262.5125,0.7923432217513452,compression,compression,0_7_to_0_9
NQ,2025-09-14,2025-09-14 22:00:00+00:00,2025-09-15 03:59:00+00:00,24115.25,24369.25,24099.75,24360.25,9128,databento_ohlcv_1m,../trading/data/databento_ohlcv_1m/front_1m.parquet,269.5,245.0,0.9090909090909091,0.9090909090909091,190.0,251.1625,0.7564823570397651,compression,neutral,0_7_to_0_9
NQ,2025-09-15,2025-09-15 04:00:00+00:00,2025-09-16 03:59:00+00:00,24359.5,24589.5,24317.75,24585.25,223026,databento_ohlcv_1m,../trading/data/databento_ohlcv_1m/front_1m.parquet,271.75,225.0,0.8307267709291628,0.8307267709291628,269.5,252.175,1.0687022900763359,neutral,neutral,0_9_to_1_1
NQ,2025-09-16,2025-09-16 04:00:00+00:00,2025-09-17 03:59:00+00:00,24584.75,24647.25,24499.25,24518.0,319009,databento_ohlcv_1m,../trading/data/databento_ohlcv_1m/front_1m.parquet,148.0,-67.25,0.4510135135135135,-0.4510135135135135,271.75,237.1,1.1461408688317165,neutral,compression,1_1_to_1_3
NQ,2025-09-17,2025-09-17 04:00:00+00:00,2025-09-18 03:59:00+00:00,24519.0,24645.0,24242.0,24635.75,564795,databento_ohlcv_1m,../trading/data/databento_ohlcv_1m/front_1m.parquet,403.0,117.75,0.28970223325062033,0.28970223325062033,148.0,240.15,0.6162814907349573,compression,expansion,lt_0_7
NQ,2025-09-18,2025-09-18 04:00:00+00:00,2025-09-19 03:59:00+00:00,24635.75,24816.0,24586.5,24712.0,513836,databento_ohlcv_1m,../trading/data/databento_ohlcv_1m/front_1m.parquet,229.5,76.25,0.332244008714597,0.332244008714597,403.0,248.0625,1.6245905769715294,expansion,neutral,gt_1_3
NQ,2025-09-19,2025-09-19 04:00:00+00:00,2025-09-19 20:59:00+00:00,24713.0,24888.0,24655.0,24861.0,458008,databento_ohlcv_1m,../trading/data/databento_ohlcv_1m/front_1m.parquet,233.0,149.0,0.6351931330472103,0.6351931330472103,229.5,248.85,0.9222423146473779,neutral,neutral,0_9_to_1_1
NQ,2025-09-21,2025-09-21 22:00:00+00:00,2025-09-22 03:59:00+00:00,24850.0,24876.0,24826.75,24859.0,22819,databento_ohlcv_1m,../trading/data/databento_ohlcv_1m/front_1m.parquet,49.25,-2.0,0.18274111675126903,0.18274111675126903,233.0,247.7875,0.9403218483579681,neutral,compression,0_9_to_1_1
NQ,2025-09-22,2025-09-22 04:00:00+00:00,2025-09-23 03:59:00+00:00,24858.25,25027.25,24748.75,25002.5,462623,databento_ohlcv_1m,../trading/data/databento_ohlcv_1m/front_1m.parquet,278.5,143.5,0.5179533213644524,0.5179533213644524,49.25,237.0375,0.20777303169329747,compression,neutral,lt_0_7
NQ,2025-09-23,2025-09-23 04:00:00+00:00,2025-09-24 03:59:00+00:00,25003.0,25026.0,24780.5,24837.25,551561,databento_ohlcv_1m,../trading/data/databento_ohlcv_1m/front_1m.parquet,245.5,-165.25,0.675152749490835,-0.675152749490835,278.5,233.9875,1.1902345210748437,neutral,neutral,1_1_to_1_3
NQ,2025-09-24,2025-09-24 04:00:00+00:00,2025-09-25 03:59:00+00:00,24837.5,24913.5,24627.0,24785.25,519281,databento_ohlcv_1m,../trading/data/databento_ohlcv_1m/front_1m.parquet,286.5,-52.0,0.1823734729493892,-0.1823734729493892,245.5,240.225,1.0219585804974503,neutral,neutral,0_9_to_1_1
NQ,2025-09-25,2025-09-25 04:00:00+00:00,2025-09-26 03:59:00+00:00,24785.0,24788.5,24422.5,24594.0,695512,databento_ohlcv_1m,../trading/data/databento_ohlcv_1m/front_1m.parquet,366.0,-191.25,0.5218579234972678,-0.5218579234972678,286.5,247.6,1.1571082390953151,neutral,expansion,1_1_to_1_3
NQ,2025-09-26,2025-09-26 04:00:00+00:00,2025-09-26 20:59:00+00:00,24594.0,24747.5,24520.0,24726.5,519205,databento_ohlcv_1m,../trading/data/databento_ohlcv_1m/front_1m.parquet,227.5,132.5,0.5824175824175825,0.5824175824175825,366.0,244.5625,1.4965499616662408,expansion,neutral,gt_1_3
NQ,2025-09-28,2025-09-28 22:00:00+00:00,2025-09-29 03:59:00+00:00,24726.5,24818.0,24721.75,24814.5,24527,databento_ohlcv_1m,../trading/data/databento_ohlcv_1m/front_1m.parquet,96.25,88.0,0.9142857142857143,0.9142857142857143,227.5,244.7375,0.9295673936360386,neutral,compression,0_9_to_1_1
NQ,2025-09-29,2025-09-29 04:00:00+00:00,2025-09-30 03:59:00+00:00,24815.0,24975.5,24780.5,24842.75,492841,databento_ohlcv_1m,../trading/data/databento_ohlcv_1m/front_1m.parquet,195.0,28.25,0.1423076923076923,0.1423076923076923,96.25,232.9125,0.41324531744753934,compression,neutral,lt_0_7
NQ,2025-09-30,2025-09-30 04:00:00+00:00,2025-10-01 03:59:00+00:00,24842.75,24913.75,24722.25,24771.5,512136,databento_ohlcv_1m,../trading/data/databento_ohlcv_1m/front_1m.parquet,191.5,-71.25,0.3720626631853786,-0.3720626631853786,195.0,222.8125,0.8751753155680224,neutral,neutral,0_7_to_0_9
NQ,2025-10-01,2025-10-01 04:00:00+00:00,2025-10-02 03:59:00+00:00,24772.25,25076.5,24633.25,25064.0,461341,databento_ohlcv_1m,../trading/data/databento_ohlcv_1m/front_1m.parquet,443.25,292.5,0.6582064297800339,0.6582064297800339,191.5,225.3375,0.8498363565762467,neutral,expansion,0_7_to_0_9
NQ,2025-10-02,2025-10-02 04:00:00+00:00,2025-10-03 03:59:00+00:00,25064.25,25180.0,24993.75,25170.5,449396,databento_ohlcv_1m,../trading/data/databento_ohlcv_1m/front_1m.parquet,186.25,106.5,0.5704697986577181,0.5704697986577181,443.25,239.325,1.852083986211219,expansion,compression,gt_1_3
NQ,2025-10-03,2025-10-03 04:00:00+00:00,2025-10-03 20:59:00+00:00,25169.25,25196.5,24923.25,24982.0,464471,databento_ohlcv_1m,../trading/data/databento_ohlcv_1m/front_1m.parquet,273.25,-188.5,0.6852698993595608,-0.6852698993595608,186.25,238.875,0.7796964939822083,compression,neutral,0_7_to_0_9
NQ,2025-10-05,2025-10-05 22:00:00+00:00,2025-10-06 03:59:00+00:00,25000.0,25099.0,24995.0,25089.0,19812,databento_ohlcv_1m,../trading/data/databento_ohlcv_1m/front_1m.parquet,104.0,107.0,0.8557692307692307,0.8557692307692307,273.25,239.575,1.140561410831681,neutral,compression,1_1_to_1_3
NQ,2025-10-06,2025-10-06 04:00:00+00:00,2025-10-07 03:59:00+00:00,25089.0,25252.75,25045.5,25159.25,410103,databento_ohlcv_1m,../trading/data/databento_ohlcv_1m/front_1m.parquet,207.25,70.25,0.33896260554885405,0.33896260554885405,104.0,234.375,0.4437333333333333,compression,neutral,lt_0_7
NQ,2025-10-07,2025-10-07 04:00:00+00:00,2025-10-08 03:59:00+00:00,25159.0,25275.0,24984.75,25086.75,533153,databento_ohlcv_1m,../trading/data/databento_ohlcv_1m/front_1m.parquet,290.25,-72.5,0.24892334194659776,-0.24892334194659776,207.25,235.2375,0.881024496519475,neutral,expansion,0_7_to_0_9
NQ,2025-10-08,2025-10-08 04:00:00+00:00,2025-10-09 03:59:00+00:00,25087.0,25394.0,25026.25,25326.75,441392,databento_ohlcv_1m,../trading/data/databento_ohlcv_1m/front_1m.parquet,367.75,240.0,0.6519374575118967,0.6519374575118967,290.25,236.275,1.2284414347688075,expansion,expansion,1_1_to_1_3
NQ,2025-10-09,2025-10-09 04:00:00+00:00,2025-10-10 03:59:00+00:00,25327.0,25367.75,25160.75,25317.0,486132,databento_ohlcv_1m,../trading/data/databento_ohlcv_1m/front_1m.parquet,207.0,-9.75,0.04830917874396135,-0.04830917874396135,367.75,241.075,1.5254588820906358,expansion,neutral,gt_1_3
NQ,2025-10-10,2025-10-10 04:00:00+00:00,2025-10-10 20:59:00+00:00,25317.25,25388.0,24158.5,24188.0,897025,databento_ohlcv_1m,../trading/data/databento_ohlcv_1m/front_1m.parquet,1229.5,-1129.0,0.9184627897519316,-0.9184627897519316,207.0,244.025,0.8482737424444217,neutral,expansion,0_7_to_0_9
NQ,2025-10-12,2025-10-12 22:00:00+00:00,2025-10-13 03:59:00+00:00,24542.0,24855.5,24542.0,24777.5,73668,databento_ohlcv_1m,../trading/data/databento_ohlcv_1m/front_1m.parquet,313.5,589.5,0.7511961722488039,0.7511961722488039,1229.5,285.35,4.308743648151393,expansion,neutral,gt_1_3
NQ,2025-10-13,2025-10-13 04:00:00+00:00,2025-10-14 03:59:00+00:00,24778.0,25044.25,24724.5,24911.5,610950,databento_ohlcv_1m,../trading/data/databento_ohlcv_1m/front_1m.parquet,319.75,134.0,0.4175136825645035,0.4175136825645035,313.5,289.55,1.0827145570713175,neutral,neutral,0_9_to_1_1
NQ,2025-10-14,2025-10-14 04:00:00+00:00,2025-10-15 03:59:00+00:00,24912.5,24947.5,24421.0,24809.0,715295,databento_ohlcv_1m,../trading/data/databento_ohlcv_1m/front_1m.parquet,526.5,-102.5,0.19658119658119658,-0.19658119658119658,319.75,293.8875,1.0880013610650334,neutral,expansion,0_9_to_1_1
NQ,2025-10-15,2025-10-15 04:00:00+00:00,2025-10-16 03:59:00+00:00,24809.25,25115.0,24663.25,24915.5,622589,databento_ohlcv_1m,../trading/data/databento_ohlcv_1m/front_1m.parquet,451.75,106.5,0.23519645821804094,0.23519645821804094,526.5,317.75,1.6569630212431157,expansion,expansion,gt_1_3
NQ,2025-10-16,2025-10-16 04:00:00+00:00,2025-10-17 03:59:00+00:00,24915.25,25179.5,24643.5,24732.25,738201,databento_ohlcv_1m,../trading/data/databento_ohlcv_1m/front_1m.parquet,536.0,-183.25,0.3414179104477612,-0.3414179104477612,451.75,326.4125,1.3839849883199937,expansion,expansion,gt_1_3
NQ,2025-10-17,2025-10-17 04:00:00+00:00,2025-10-17 20:59:00+00:00,24732.25,25055.75,24410.0,25033.5,695239,databento_ohlcv_1m,../trading/data/databento_ohlcv_1m/front_1m.parquet,645.75,301.25,0.4665118079752226,0.4665118079752226,536.0,340.9375,1.5721356553620531,expansion,expansion,gt_1_3
NQ,2025-10-19,2025-10-19 22:00:00+00:00,2025-10-20 03:59:00+00:00,25065.75,25099.25,24955.75,25095.25,35524,databento_ohlcv_1m,../trading/data/databento_ohlcv_1m/front_1m.parquet,143.5,61.75,0.20557491289198607,0.20557491289198607,645.75,358.9,1.7992477013095571,expansion,compression,gt_1_3
NQ,2025-10-20,2025-10-20 04:00:00+00:00,2025-10-21 03:59:00+00:00,25095.75,25368.0,25038.0,25328.75,414098,databento_ohlcv_1m,../trading/data/databento_ohlcv_1m/front_1m.parquet,330.0,233.5,0.706060606060606,0.706060606060606,143.5,347.775,0.41262310401840274,compression,neutral,lt_0_7
NQ,2025-10-21,2025-10-21 04:00:00+00:00,2025-10-22 03:59:00+00:00,25329.25,25348.5,25203.25,25290.75,434098,databento_ohlcv_1m,../trading/data/databento_ohlcv_1m/front_1m.parquet,145.25,-38.0,0.26506024096385544,-0.26506024096385544,330.0,352.9,0.9351090960612072,neutral,compression,0_9_to_1_1
NQ,2025-10-22,2025-10-22 04:00:00+00:00,2025-10-23 03:59:00+00:00,25290.75,25338.25,24804.75,25086.25,692620,databento_ohlcv_1m,../trading/data/databento_ohlcv_1m/front_1m.parquet,533.5,-204.5,0.38331771321462044,-0.38331771321462044,145.25,355.35,0.4087519347122555,compression,expansion,lt_0_7
NQ,2025-10-23,2025-10-23 04:00:00+00:00,2025-10-24 03:59:00+00:00,25086.5,25330.0,24937.0,25329.0,509902,databento_ohlcv_1m,../trading/data/databento_ohlcv_1m/front_1m.parquet,393.0,242.75,0.6170483460559797,0.6170483460559797,533.5,372.275,1.4330803841246391,expansion,neutral,gt_1_3
NQ,2025-10-24,2025-10-24 04:00:00+00:00,2025-10-24 20:59:00+00:00,25328.5,25570.75,25319.75,25510.25,441467,databento_ohlcv_1m,../trading/data/databento_ohlcv_1m/front_1m.parquet,251.0,181.25,0.7241035856573705,0.7241035856573705,393.0,382.35,1.0278540604158493,neutral,compression,0_9_to_1_1
NQ,2025-10-26,2025-10-26 22:00:00+00:00,2025-10-27 03:59:00+00:00,25723.5,25773.0,25700.0,25761.25,31824,databento_ohlcv_1m,../trading/data/databento_ohlcv_1m/front_1m.parquet,73.0,251.0,0.5171232876712328,0.5171232876712328,251.0,372.7375,0.6733961568127703,compression,compression,lt_0_7
NQ,2025-10-27,2025-10-27 04:00:00+00:00,2025-10-28 03:59:00+00:00,25760.75,26018.75,25753.0,25982.5,408990,databento_ohlcv_1m,../trading/data/databento_ohlcv_1m/front_1m.parquet,265.75,221.25,0.8344308560677328,0.8344308560677328,73.0,367.075,0.19886944084996255,compression,compression,lt_0_7
NQ,2025-10-28,2025-10-28 04:00:00+00:00,2025-10-29 03:59:00+00:00,25981.25,26252.75,25943.0,26244.5,446221,databento_ohlcv_1m,../trading/data/databento_ohlcv_1m/front_1m.parquet,309.75,262.0,0.8498789346246973,0.8498789346246973,265.75,366.7,0.724706844832288,compression,neutral,0_7_to_0_9
NQ,2025-10-29,2025-10-29 04:00:00+00:00,2025-10-30 03:59:00+00:00,26244.25,26399.0,26049.25,26377.75,563508,databento_ohlcv_1m,../trading/data/databento_ohlcv_1m/front_1m.parquet,349.75,133.25,0.3817012151536812,0.3817012151536812,309.75,376.9875,0.8216452800159156,neutral,neutral,0_7_to_0_9
NQ,2025-10-30,2025-10-30 04:00:00+00:00,2025-10-31 03:59:00+00:00,26377.25,26382.75,25853.0,26191.0,644845,databento_ohlcv_1m,../trading/data/databento_ohlcv_1m/front_1m.parquet,529.75,-186.75,0.3515809344030203,-0.3515809344030203,349.75,384.1125,0.9105405317452568,neutral,expansion,0_9_to_1_1
NQ,2025-10-31,2025-10-31 04:00:00+00:00,2025-10-31 20:59:00+00:00,26192.5,26274.0,25888.75,25983.0,559799,databento_ohlcv_1m,../trading/data/databento_ohlcv_1m/front_1m.parquet,385.25,-208.0,0.5438027255029202,-0.5438027255029202,529.75,396.0875,1.337457001293906,expansion,neutral,gt_1_3
NQ,2025-11-02,2025-11-02 23:00:00+00:00,2025-11-03 04:59:00+00:00,26028.25,26123.0,26012.75,26085.25,28384,databento_ohlcv_1m,../trading/data/databento_ohlcv_1m/front_1m.parquet,110.25,102.25,0.5170068027210885,0.5170068027210885,385.25,396.9625,0.9704946940831943,neutral,compression,0_9_to_1_1
NQ,2025-11-03,2025-11-03 05:00:00+00:00,2025-11-04 04:59:00+00:00,26085.0,26266.0,25905.5,25922.75,474082,databento_ohlcv_1m,../trading/data/databento_ohlcv_1m/front_1m.parquet,360.5,-162.5,0.4500693481276006,-0.4500693481276006,110.25,392.125,0.2811603442779726,compression,neutral,lt_0_7
NQ,2025-11-04,2025-11-04 05:00:00+00:00,2025-11-05 04:59:00+00:00,25924.75,25927.0,25282.0,25465.25,710507,databento_ohlcv_1m,../trading/data/databento_ohlcv_1m/front_1m.parquet,645.0,-457.5,0.7124031007751938,-0.7124031007751938,360.5,348.675,1.0339141033914103,neutral,expansion,0_9_to_1_1
NQ,2025-11-05,2025-11-05 05:00:00+00:00,2025-11-06 04:59:00+00:00,25465.75,25880.0,25404.0,25739.5,565442,databento_ohlcv_1m,../trading/data/databento_ohlcv_1m/front_1m.parquet,476.0,274.25,0.5751050420168067,0.5751050420168067,645.0,365.25,1.7659137577002053,expansion,expansion,gt_1_3
NQ,2025-11-06,2025-11-06 05:00:00+00:00,2025-11-07 04:59:00+00:00,25738.5,25822.25,25162.0,25250.25,755837,databento_ohlcv_1m,../trading/data/databento_ohlcv_1m/front_1m.parquet,660.25,-489.25,0.7394926164331692,-0.7394926164331692,476.0,373.0625,1.2759256156810186,expansion,expansion,1_1_to_1_3
NQ,2025-11-07,2025-11-07 05:00:00+00:00,2025-11-07 21:59:00+00:00,25248.5,25354.75,24709.25,25226.75,703508,databento_ohlcv_1m,../trading/data/databento_ohlcv_1m/front_1m.parquet,645.5,-23.5,0.03369481022463207,-0.03369481022463207,660.25,379.75,1.738643844634628,expansion,expansion,gt_1_3
NQ,2025-11-09,2025-11-09 23:00:00+00:00,2025-11-10 04:59:00+00:00,25320.75,25489.0,25269.0,25465.75,51657,databento_ohlcv_1m,../trading/data/databento_ohlcv_1m/front_1m.parquet,220.0,239.0,0.6590909090909091,0.6590909090909091,645.5,389.4375,1.6575188573262718,expansion,compression,gt_1_3
NQ,2025-11-10,2025-11-10 05:00:00+00:00,2025-11-11 04:59:00+00:00,25466.75,25768.75,25452.0,25690.0,585744,databento_ohlcv_1m,../trading/data/databento_ohlcv_1m/front_1m.parquet,316.75,224.25,0.7048145224940805,0.7048145224940805,220.0,373.6375,0.5888059951155866,compression,neutral,lt_0_7
NQ,2025-11-11,2025-11-11 05:00:00+00:00,2025-11-12 04:59:00+00:00,25690.75,25761.5,25478.5,25716.0,528786,databento_ohlcv_1m,../trading/data/databento_ohlcv_1m/front_1m.parquet,283.0,26.0,0.0892226148409894,0.0892226148409894,316.75,357.1875,0.8867891513560805,neutral,compression,0_7_to_0_9
NQ,2025-11-12,2025-11-12 05:00:00+00:00,2025-11-13 04:59:00+00:00,25715.5,25830.0,25488.75,25688.75,618654,databento_ohlcv_1m,../trading/data/databento_ohlcv_1m/front_1m.parquet,341.25,-27.25,0.07838827838827839,-0.07838827838827839,283.0,364.1625,0.7771255964027047,compression,neutral,0_7_to_0_9
NQ,2025-11-13,2025-11-13 05:00:00+00:00,2025-11-14 04:59:00+00:00,25688.5,25721.5,25002.5,25036.0,749584,databento_ohlcv_1m,../trading/data/databento_ohlcv_1m/front_1m.parquet,719.0,-652.75,0.9075104311543811,-0.9075104311543811,341.25,364.725,0.9356364384125025,neutral,expansion,0_9_to_1_1
NQ,2025-11-14,2025-11-14 05:00:00+00:00,2025-11-14 21:59:00+00:00,25035.75,25293.25,24626.0,25147.5,811855,databento_ohlcv_1m,../trading/data/databento_ohlcv_1m/front_1m.parquet,667.25,111.5,0.16747845635069314,0.16747845635069314,719.0,393.4125,1.8275982588250246,expansion,expansion,gt_1_3
NQ,2025-11-16,2025-11-16 23:00:00+00:00,2025-11-17 04:59:00+00:00,25142.25,25284.75,25022.0,25275.25,45279,databento_ohlcv_1m,../trading/data/databento_ohlcv_1m/front_1m.parquet,262.75,127.75,0.5061845861084682,0.5061845861084682,667.25,400.1,1.6677080729817544,expansion,compression,gt_1_3
NQ,2025-11-17,2025-11-17 05:00:00+00:00,2025-11-18 04:59:00+00:00,25275.25,25361.25,24607.0,24730.25,747685,databento_ohlcv_1m,../trading/data/databento_ohlcv_1m/front_1m.parquet,754.25,-545.0,0.7225720914816043,-0.7225720914816043,262.75,393.5875,0.6675770953091753,compression,expansion,lt_0_7
NQ,2025-11-18,2025-11-18 05:00:00+00:00,2025-11-19 04:59:00+00:00,24731.75,24859.5,24376.25,24522.0,849627,databento_ohlcv_1m,../trading/data/databento_ohlcv_1m/front_1m.parquet,483.25,-208.25,0.4340403517847905,-0.4340403517847905,754.25,418.75,1.8011940298507463,expansion,neutral,gt_1_3
NQ,2025-11-19,2025-11-19 05:00:00+00:00,2025-11-20 04:59:00+00:00,24523.25,25196.0,24445.0,25187.0,758388,databento_ohlcv_1m,../trading/data/databento_ohlcv_1m/front_1m.parquet,751.0,665.0,0.8838215712383488,0.8838215712383488,483.25,439.2625,1.1001394382629976,neutral,expansion,1_1_to_1_3
NQ,2025-11-20,2025-11-20 05:00:00+00:00,2025-11-21 04:59:00+00:00,25186.0,25310.0,24018.0,24171.75,989199,databento_ohlcv_1m,../trading/data/databento_ohlcv_1m/front_1m.parquet,1292.0,-1015.25,0.7850232198142415,-0.7850232198142415,751.0,463.525,1.620193085594089,expansion,expansion,gt_1_3
NQ,2025-11-21,2025-11-21 05:00:00+00:00,2025-11-21 21:59:00+00:00,24170.25,24596.25,23904.5,24349.0,842149,databento_ohlcv_1m,../trading/data/databento_ohlcv_1m/front_1m.parquet,691.75,177.25,0.25840260209613297,0.25840260209613297,1292.0,512.6375,2.520299431859745,expansion,expansion,gt_1_3
NQ,2025-11-23,2025-11-23 23:00:00+00:00,2025-11-24 04:59:00+00:00,24455.75,24555.25,24404.0,24455.0,40313,databento_ohlcv_1m,../trading/data/databento_ohlcv_1m/front_1m.parquet,151.25,106.0,0.0049586776859504135,-0.0049586776859504135,691.75,529.7375,1.305835437362845,expansion,compression,gt_1_3
NQ,2025-11-24,2025-11-24 05:00:00+00:00,2025-11-25 04:59:00+00:00,24452.0,24993.5,24361.75,24935.25,580785,databento_ohlcv_1m,../trading/data/databento_ohlcv_1m/front_1m.parquet,631.75,480.25,0.7649386624455876,0.7649386624455876,151.25,510.8125,0.2960969044414536,compression,expansion,lt_0_7
NQ,2025-11-25,2025-11-25 05:00:00+00:00,2025-11-26 04:59:00+00:00,24935.25,25196.5,24602.0,25168.75,616714,databento_ohlcv_1m,../trading/data/databento_ohlcv_1m/front_1m.parquet,594.5,233.5,0.3927670311185871,0.3927670311185871,631.75,523.1375,1.207617500179207,expansion,neutral,1_1_to_1_3
NQ,2025-11-26,2025-11-26 05:00:00+00:00,2025-11-27 04:59:00+00:00,25168.5,25376.0,25118.5,25325.0,497387,databento_ohlcv_1m,../trading/data/databento_ohlcv_1m/front_1m.parquet,257.5,156.25,0.6077669902912621,0.6077669902912621,594.5,547.35,1.0861423220973783,neutral,compression,0_9_to_1_1
NQ,2025-11-27,2025-11-27 05:00:00+00:00,2025-11-28 02:44:00+00:00,25324.75,25368.0,25285.75,25347.75,44059,databento_ohlcv_1m,../trading/data/databento_ohlcv_1m/front_1m.parquet,82.25,22.75,0.2796352583586626,0.2796352583586626,257.5,542.2,0.47491700479527843,compression,compression,lt_0_7
NQ,2025-11-28,2025-11-28 13:30:00+00:00,2025-11-28 18:14:00+00:00,25368.5,25499.75,25331.0,25484.5,142070,databento_ohlcv_1m,../trading/data/databento_ohlcv_1m/front_1m.parquet,168.75,136.75,0.6874074074074074,0.6874074074074074,82.25,514.0625,0.16,compression,compression,lt_0_7
NQ,2025-11-30,2025-11-30 23:00:00+00:00,2025-12-01 04:59:00+00:00,25482.5,25546.0,25227.25,25230.75,63116,databento_ohlcv_1m,../trading/data/databento_ohlcv_1m/front_1m.parquet,318.75,-253.75,0.7898039215686274,-0.7898039215686274,168.75,498.7,0.33837978744736313,compression,compression,lt_0_7
NQ,2025-12-01,2025-12-01 05:00:00+00:00,2025-12-02 04:59:00+00:00,25231.0,25495.75,25193.25,25372.0,531079,databento_ohlcv_1m,../trading/data/databento_ohlcv_1m/front_1m.parquet,302.5,141.25,0.46611570247933887,0.46611570247933887,318.75,481.625,0.6618219569166883,compression,compression,lt_0_7
NQ,2025-12-02,2025-12-02 05:00:00+00:00,2025-12-03 04:59:00+00:00,25372.75,25677.0,25324.75,25659.5,550747,databento_ohlcv_1m,../trading/data/databento_ohlcv_1m/front_1m.parquet,352.25,287.5,0.8140525195173882,0.8140525195173882,302.5,464.475,0.6512729425695678,compression,compression,lt_0_7
NQ,2025-12-03,2025-12-03 05:00:00+00:00,2025-12-04 04:59:00+00:00,25659.25,25685.25,25421.5,25639.75,480555,databento_ohlcv_1m,../trading/data/databento_ohlcv_1m/front_1m.parquet,263.75,-19.75,0.07393364928909953,-0.07393364928909953,352.25,471.0875,0.7477379467720965,compression,compression,0_7_to_0_9
NQ,2025-12-04,2025-12-04 05:00:00+00:00,2025-12-05 04:59:00+00:00,25640.0,25732.5,25488.75,25712.5,505898,databento_ohlcv_1m,../trading/data/databento_ohlcv_1m/front_1m.parquet,243.75,72.75,0.29743589743589743,0.29743589743589743,263.75,468.4375,0.5630420280186791,compression,compression,lt_0_7
NQ,2025-12-05,2025-12-05 05:00:00+00:00,2025-12-05 21:59:00+00:00,25712.0,25868.0,25579.75,25735.0,468744,databento_ohlcv_1m,../trading/data/databento_ohlcv_1m/front_1m.parquet,288.25,22.5,0.0797918473547268,0.0797918473547268,243.75,466.475,0.5225360415885095,compression,compression,lt_0_7
NQ,2025-12-07,2025-12-07 23:00:00+00:00,2025-12-08 04:59:00+00:00,25750.0,25803.25,25700.25,25798.5,20751,databento_ohlcv_1m,../trading/data/databento_ohlcv_1m/front_1m.parquet,103.0,63.5,0.470873786407767,0.470873786407767,288.25,463.825,0.6214628361989974,compression,compression,lt_0_7
NQ,2025-12-08,2025-12-08 05:00:00+00:00,2025-12-09 04:59:00+00:00,25798.25,25860.75,25564.75,25686.5,467678,databento_ohlcv_1m,../trading/data/databento_ohlcv_1m/front_1m.parquet,296.0,-112.0,0.37753378378378377,-0.37753378378378377,103.0,433.025,0.23786155533745165,compression,compression,lt_0_7
NQ,2025-12-09,2025-12-09 05:00:00+00:00,2025-12-10 04:59:00+00:00,25688.0,25735.75,25560.0,25693.75,397113,databento_ohlcv_1m,../trading/data/databento_ohlcv_1m/front_1m.parquet,175.75,7.25,0.032716927453769556,0.032716927453769556,296.0,414.4625,0.7141780016286154,compression,compression,0_7_to_0_9
NQ,2025-12-10,2025-12-10 05:00:00+00:00,2025-12-11 04:59:00+00:00,25693.75,25870.75,25383.0,25509.5,572862,databento_ohlcv_1m,../trading/data/databento_ohlcv_1m/front_1m.parquet,487.75,-184.25,0.3777549974372117,-0.3777549974372117,175.75,410.1125,0.42854094912981194,compression,expansion,lt_0_7
NQ,2025-12-11,2025-12-11 05:00:00+00:00,2025-12-12 04:59:00+00:00,25507.75,25861.5,25390.25,25659.0,584801,databento_ohlcv_1m,../trading/data/databento_ohlcv_1m/front_1m.parquet,471.25,149.5,0.3209549071618037,0.3209549071618037,487.75,396.7875,1.2292473931260435,expansion,neutral,1_1_to_1_3
NQ,2025-12-12,2025-12-12 05:00:00+00:00,2025-12-12 21:59:00+00:00,25658.5,25704.25,25118.0,25202.5,663647,databento_ohlcv_1m,../trading/data/databento_ohlcv_1m/front_1m.parquet,586.25,-456.5,0.7778251599147121,-0.7778251599147121,471.25,396.1875,1.189462060261871,neutral,expansion,1_1_to_1_3
NQ,2025-12-14,2025-12-14 23:00:00+00:00,2025-12-15 04:59:00+00:00,25223.5,25542.0,25132.5,25526.5,16687,databento_ohlcv_1m,../trading/data/databento_ohlcv_1m/front_1m.parquet,409.5,324.0,0.73992673992674,0.73992673992674,586.25,387.95,1.5111483438587447,expansion,neutral,gt_1_3
NQ,2025-12-15,2025-12-15 05:00:00+00:00,2025-12-16 04:59:00+00:00,25526.25,25668.0,25103.5,25164.5,324058,databento_ohlcv_1m,../trading/data/databento_ohlcv_1m/front_1m.parquet,564.5,-362.0,0.6408325952170062,-0.6408325952170062,409.5,343.825,1.1910128699192903,neutral,expansion,1_1_to_1_3
NQ,2025-12-16,2025-12-16 05:00:00+00:00,2025-12-17 04:59:00+00:00,25164.0,25444.0,25073.25,25313.25,538302,databento_ohlcv_1m,../trading/data/databento_ohlcv_1m/front_1m.parquet,370.75,148.75,0.40256237356709373,0.40256237356709373,564.5,337.4625,1.6727784568655777,expansion,neutral,gt_1_3
NQ,2025-12-17,2025-12-17 05:00:00+00:00,2025-12-18 04:59:00+00:00,25312.0,25508.5,24887.75,24988.0,634408,databento_ohlcv_1m,../trading/data/databento_ohlcv_1m/front_1m.parquet,620.75,-325.25,0.5219492549335482,-0.5219492549335482,370.75,348.4375,1.0640358744394618,neutral,expansion,0_9_to_1_1
NQ,2025-12-18,2025-12-18 05:00:00+00:00,2025-12-19 04:59:00+00:00,24986.75,25412.5,24953.75,25306.25,659145,databento_ohlcv_1m,../trading/data/databento_ohlcv_1m/front_1m.parquet,458.75,318.25,0.6964577656675749,0.6964577656675749,620.75,347.8875,1.7843412022564766,expansion,expansion,gt_1_3
NQ,2025-12-19,2025-12-19 05:00:00+00:00,2025-12-19 21:59:00+00:00,25305.25,25600.25,25266.75,25597.5,454810,databento_ohlcv_1m,../trading/data/databento_ohlcv_1m/front_1m.parquet,333.5,291.25,0.876311844077961,0.876311844077961,458.75,341.1,1.3449135150982117,expansion,neutral,gt_1_3
NQ,2025-12-21,2025-12-21 23:00:00+00:00,2025-12-22 04:59:00+00:00,25635.25,25699.25,25632.25,25681.25,24726,databento_ohlcv_1m,../trading/data/databento_ohlcv_1m/front_1m.parquet,67.0,83.75,0.6865671641791045,0.6865671641791045,333.5,344.9,0.9669469411423601,neutral,compression,0_9_to_1_1
NQ,2025-12-22,2025-12-22 05:00:00+00:00,2025-12-23 04:59:00+00:00,25680.25,25794.75,25628.0,25688.75,351768,databento_ohlcv_1m,../trading/data/databento_ohlcv_1m/front_1m.parquet,166.75,7.5,0.050974512743628186,0.050974512743628186,67.0,344.1375,0.19468962260724276,compression,compression,lt_0_7
NQ,2025-12-23,2025-12-23 05:00:00+00:00,2025-12-24 04:59:00+00:00,25687.75,25827.0,25608.25,25780.5,327314,databento_ohlcv_1m,../trading/data/databento_ohlcv_1m/front_1m.parquet,218.75,91.75,0.424,0.424,166.75,344.0375,0.4846855357337499,compression,compression,lt_0_7
NQ,2025-12-24,2025-12-24 05:00:00+00:00,2025-12-24 18:14:00+00:00,25781.25,25892.0,25777.5,25864.75,147792,databento_ohlcv_1m,../trading/data/databento_ohlcv_1m/front_1m.parquet,114.5,84.25,0.7292576419213974,0.7292576419213974,218.75,339.0375,0.6452088633263282,compression,compression,lt_0_7
NQ,2025-12-25,2025-12-25 23:00:00+00:00,2025-12-26 04:59:00+00:00,25868.0,25916.5,25864.75,25878.75,11892,databento_ohlcv_1m,../trading/data/databento_ohlcv_1m/front_1m.parquet,51.75,14.0,0.20772946859903382,0.20772946859903382,114.5,329.6375,0.3473512570626825,compression,compression,lt_0_7
NQ,2025-12-26,2025-12-26 05:00:00+00:00,2025-12-26 21:59:00+00:00,25879.5,25935.25,25834.25,25856.0,223715,databento_ohlcv_1m,../trading/data/databento_ohlcv_1m/front_1m.parquet,101.0,-22.75,0.23267326732673269,-0.23267326732673269,51.75,314.6125,0.1644880607096031,compression,compression,lt_0_7
NQ,2025-12-28,2025-12-28 23:00:00+00:00,2025-12-29 04:59:00+00:00,25863.25,25893.75,25821.0,25855.75,17616,databento_ohlcv_1m,../trading/data/databento_ohlcv_1m/front_1m.parquet,72.75,-0.25,0.10309278350515463,-0.10309278350515463,101.0,306.475,0.3295537972102129,compression,compression,lt_0_7
NQ,2025-12-29,2025-12-29 05:00:00+00:00,2025-12-30 04:59:00+00:00,25856.0,25856.0,25648.0,25749.25,338432,databento_ohlcv_1m,../trading/data/databento_ohlcv_1m/front_1m.parquet,208.0,-106.5,0.5132211538461539,-0.5132211538461539,72.75,297.925,0.2441889737350004,compression,compression,lt_0_7
NQ,2025-12-30,2025-12-30 05:00:00+00:00,2025-12-31 04:59:00+00:00,25749.5,25793.75,25588.0,25616.25,301838,databento_ohlcv_1m,../trading/data/databento_ohlcv_1m/front_1m.parquet,205.75,-133.0,0.6476306196840826,-0.6476306196840826,208.0,293.9125,0.7076936162973674,compression,compression,0_7_to_0_9
NQ,2025-12-31,2025-12-31 05:00:00+00:00,2025-12-31 21:59:00+00:00,25616.75,25716.75,25429.0,25434.75,299674,databento_ohlcv_1m,../trading/data/databento_ohlcv_1m/front_1m.parquet,287.75,-181.5,0.63249348392702,-0.63249348392702,205.75,299.05,0.6880120381207155,compression,,lt_0_7
