instrument,timeframe,variant,signal_time,entry_time,exit_time,entry_session_time,session_rollup,rth_segment,trading_day,direction,reason,level,entry,stop,target,exit,outcome,r,mfe_r,mae_r,risk_points,delta,delta_pct,depth_imbalance,wick_ratio,volume_ratio,signal_volume,bid_volume,ask_volume,depth_bid_churn,depth_ask_churn,top_bid_churn,top_ask_churn,quote_bid_churn,quote_ask_churn,bid_quote_updates,ask_quote_updates,signal_trades,signal_depth_rows
MNQ DATABENTO,1,vwap_delta_rejection,2025-01-01T23:21:00Z,2025-01-01T23:21:00Z,2025-01-01T23:22:00Z,2025-01-01T18:21:00-05:00,overnight,overnight,2025-01-02,short,vwap_bear_rejection,21295.9775,21289.5000,21296.2500,21276.0000,21296.2500,stop,-1.165926,0.185185,-1.444444,6.7500,-155,-0.249597,0.000000,0.000000,1.363487,621,388,233,0,0,0,0,0,0,0,0,362,0
MNQ DATABENTO,1,vwap_delta_rejection,2025-01-01T23:31:00Z,2025-01-01T23:31:00Z,2025-01-01T23:32:00Z,2025-01-01T18:31:00-05:00,overnight,overnight,2025-01-02,long,vwap_bull_rejection,21296.4376,21304.2500,21298.0000,21316.7500,21298.0000,stop,-1.179200,0.040000,-1.760000,6.2500,91,0.203579,0.000000,0.000000,1.482095,447,178,269,0,0,0,0,0,0,0,0,302,0
MNQ DATABENTO,1,vwap_delta_rejection,2025-01-02T00:47:00Z,2025-01-02T00:47:00Z,2025-01-02T01:03:00Z,2025-01-01T19:47:00-05:00,overnight,overnight,2025-01-02,long,vwap_bull_rejection,21220.5374,21236.2500,21219.0000,21270.7500,21270.7500,target,1.935072,2.376812,-0.942029,17.2500,225,0.136945,0.000000,0.000000,2.112640,1643,709,934,0,0,0,0,0,0,0,0,888,0
MNQ DATABENTO,1,vwap_delta_rejection,2025-01-02T17:03:00Z,2025-01-02T17:03:00Z,2025-01-02T17:05:00Z,2025-01-02T12:03:00-05:00,rth_09_30_16_00,rth_lunch_11_30_13_30,2025-01-02,short,vwap_bear_rejection,21318.0086,21304.2500,21323.7500,21265.2500,21323.7500,stop,-1.057436,0.166667,-1.679487,19.5000,-501,-0.127061,0.000000,0.000000,1.481579,3943,2222,1721,0,0,0,0,0,0,0,0,2290,0
MNQ DATABENTO,1,vwap_delta_rejection,2025-01-03T05:05:00Z,2025-01-03T05:05:00Z,2025-01-03T05:19:00Z,2025-01-03T00:05:00-05:00,overnight,overnight,2025-01-03,long,vwap_bull_rejection,21217.7945,21220.0000,21215.0000,21230.0000,21215.0000,stop,-1.224000,0.900000,-1.900000,5.0000,118,0.373418,0.000000,0.000000,1.693916,316,99,217,0,0,0,0,0,0,0,0,150,0
MNQ DATABENTO,1,vwap_delta_rejection,2025-01-03T05:28:00Z,2025-01-03T05:28:00Z,2025-01-03T05:33:00Z,2025-01-03T00:28:00-05:00,overnight,overnight,2025-01-03,long,vwap_bull_rejection,21217.7599,21220.7500,21218.0000,21226.2500,21226.2500,target,1.592727,2.000000,-0.909091,2.7500,83,0.400966,0.000000,0.000000,1.239150,207,62,145,0,0,0,0,0,0,0,0,119,0
MNQ DATABENTO,1,vwap_delta_rejection,2025-01-03T07:13:00Z,2025-01-03T07:13:00Z,2025-01-03T07:14:00Z,2025-01-03T02:13:00-05:00,overnight,overnight,2025-01-03,short,vwap_bear_rejection,21220.6657,21216.2500,21220.5000,21207.7500,21220.5000,stop,-1.263529,0.000000,-1.529412,4.2500,-117,-0.234469,0.000000,0.000000,2.073982,499,308,191,0,0,0,0,0,0,0,0,280,0
MNQ DATABENTO,1,vwap_delta_rejection,2025-01-03T07:16:00Z,2025-01-03T07:16:00Z,2025-01-03T07:36:00Z,2025-01-03T02:16:00-05:00,overnight,overnight,2025-01-03,long,vwap_bull_rejection,21220.7323,21230.5000,21220.5000,21250.5000,21238.2500,timeout,0.663000,1.325000,-0.675000,10.0000,197,0.225659,0.000000,0.000000,3.074485,873,338,535,0,0,0,0,0,0,0,0,482,0
MNQ DATABENTO,1,vwap_delta_rejection,2025-01-03T11:23:00Z,2025-01-03T11:23:00Z,2025-01-03T11:28:00Z,2025-01-03T06:23:00-05:00,overnight,overnight,2025-01-03,long,vwap_bull_rejection,21233.9909,21239.0000,21234.0000,21249.0000,21249.0000,target,1.776000,2.700000,-0.700000,5.0000,135,0.360000,0.000000,0.000000,1.336422,375,120,255,0,0,0,0,0,0,0,0,193,0
MNQ DATABENTO,1,vwap_delta_rejection,2025-01-03T12:16:00Z,2025-01-03T12:16:00Z,2025-01-03T12:19:00Z,2025-01-03T07:16:00-05:00,overnight,overnight,2025-01-03,short,vwap_bear_rejection,21234.3715,21226.7500,21233.7500,21212.7500,21212.7500,target,1.840000,2.392857,-0.071429,7.0000,-172,-0.318519,0.000000,0.000000,1.588002,540,356,184,0,0,0,0,0,0,0,0,327,0
MNQ DATABENTO,1,vwap_delta_rejection,2025-01-03T12:31:00Z,2025-01-03T12:31:00Z,2025-01-03T12:32:00Z,2025-01-03T07:31:00-05:00,overnight,overnight,2025-01-03,long,vwap_bull_rejection,21233.9148,21237.5000,21233.0000,21246.5000,21233.0000,stop,-1.248889,0.000000,-1.888889,4.5000,107,0.158990,0.000000,0.000000,1.555530,673,283,390,0,0,0,0,0,0,0,0,370,0
MNQ DATABENTO,1,vwap_delta_rejection,2025-01-03T13:55:00Z,2025-01-03T13:55:00Z,2025-01-03T13:56:00Z,2025-01-03T08:55:00-05:00,overnight,overnight,2025-01-03,long,vwap_bull_rejection,21236.4844,21242.2500,21236.2500,21254.2500,21236.2500,stop,-1.186667,0.250000,-1.500000,6.0000,108,0.114407,0.000000,0.000000,1.649052,944,418,526,0,0,0,0,0,0,0,0,540,0
MNQ DATABENTO,1,vwap_delta_rejection,2025-01-05T23:07:00Z,2025-01-05T23:07:00Z,2025-01-05T23:12:00Z,2025-01-05T18:07:00-05:00,overnight,overnight,2025-01-06,short,vwap_bear_rejection,21526.4089,21519.2500,21525.7500,21506.2500,21525.7500,stop,-1.172308,0.884615,-1.307692,6.5000,-84,-0.115385,0.000000,0.000000,2.093458,728,406,322,0,0,0,0,0,0,0,0,471,0
MNQ DATABENTO,1,vwap_delta_rejection,2025-01-05T23:42:00Z,2025-01-05T23:42:00Z,2025-01-05T23:44:00Z,2025-01-05T18:42:00-05:00,overnight,overnight,2025-01-06,long,vwap_bull_rejection,21522.3396,21527.5000,21521.2500,21540.0000,21521.2500,stop,-1.179200,0.400000,-1.000000,6.2500,132,0.229965,0.000000,0.000000,1.805599,574,221,353,0,0,0,0,0,0,0,0,338,0
MNQ DATABENTO,1,vwap_delta_rejection,2025-01-07T02:05:00Z,2025-01-07T02:05:00Z,2025-01-07T02:12:00Z,2025-01-06T21:05:00-05:00,overnight,overnight,2025-01-07,long,vwap_bull_rejection,21768.8431,21772.2500,21769.5000,21777.7500,21769.5000,stop,-1.407273,0.909091,-1.000000,2.7500,90,0.279503,0.000000,0.000000,1.588163,322,116,206,0,0,0,0,0,0,0,0,162,0
MNQ DATABENTO,1,vwap_delta_rejection,2025-01-07T09:48:00Z,2025-01-07T09:48:00Z,2025-01-07T09:51:00Z,2025-01-07T04:48:00-05:00,overnight,overnight,2025-01-07,short,vwap_bear_rejection,21737.0961,21734.7500,21738.2500,21727.7500,21738.2500,stop,-1.320000,1.642857,-2.714286,3.5000,-62,-0.113553,0.000000,0.000000,1.827309,546,304,242,0,0,0,0,0,0,0,0,308,0
MNQ DATABENTO,1,vwap_delta_rejection,2025-01-07T12:01:00Z,2025-01-07T12:01:00Z,2025-01-07T12:11:00Z,2025-01-07T07:01:00-05:00,overnight,overnight,2025-01-07,short,vwap_bear_rejection,21738.8567,21724.2500,21743.5000,21685.7500,21743.5000,stop,-1.058182,0.285714,-1.207792,19.2500,-162,-0.114085,0.000000,0.000000,4.225562,1420,791,629,0,0,0,0,0,0,0,0,788,0
MNQ DATABENTO,1,vwap_delta_rejection,2025-01-07T13:00:00Z,2025-01-07T13:00:00Z,2025-01-07T13:07:00Z,2025-01-07T08:00:00-05:00,overnight,overnight,2025-01-07,long,vwap_bull_rejection,21739.2522,21745.2500,21737.2500,21761.2500,21737.2500,stop,-1.140000,1.031250,-1.062500,8.0000,130,0.207006,0.000000,0.000000,1.323080,628,249,379,0,0,0,0,0,0,0,0,352,0
MNQ DATABENTO,1,vwap_delta_rejection,2025-01-07T14:37:00Z,2025-01-07T14:37:00Z,2025-01-07T14:44:00Z,2025-01-07T09:37:00-05:00,rth_09_30_16_00,rth_open_09_30_11_00,2025-01-07,short,vwap_bear_rejection,21748.5324,21725.7500,21749.7500,21677.7500,21749.7500,stop,-1.046667,1.281250,-1.093750,24.0000,-1248,-0.144847,0.000000,0.000000,2.738150,8616,4932,3684,0,0,0,0,0,0,0,0,4706,0
MNQ DATABENTO,1,vwap_delta_rejection,2025-01-07T14:45:00Z,2025-01-07T14:45:00Z,2025-01-07T14:51:00Z,2025-01-07T09:45:00-05:00,rth_09_30_16_00,rth_open_09_30_11_00,2025-01-07,long,vwap_bull_rejection,21745.7502,21765.7500,21748.5000,21800.2500,21748.5000,stop,-1.064928,1.260870,-1.014493,17.2500,1181,0.147791,0.000000,0.000000,1.369260,7991,3405,4586,0,0,0,0,0,0,0,0,4300,0
MNQ DATABENTO,1,vwap_delta_rejection,2025-01-08T03:35:00Z,2025-01-08T03:35:00Z,2025-01-08T03:37:00Z,2025-01-07T22:35:00-05:00,overnight,overnight,2025-01-08,short,vwap_bear_rejection,21401.0806,21398.0000,21402.2500,21389.5000,21402.2500,stop,-1.263529,0.176471,-1.588235,4.2500,-90,-0.202703,0.000000,0.000000,1.497723,444,267,177,0,0,0,0,0,0,0,0,270,0
MNQ DATABENTO,1,vwap_delta_rejection,2025-01-08T03:43:00Z,2025-01-08T03:43:00Z,2025-01-08T03:44:00Z,2025-01-07T22:43:00-05:00,overnight,overnight,2025-01-08,short,vwap_bear_rejection,21401.0952,21399.5000,21401.7500,21395.0000,21401.7500,stop,-1.497778,0.444444,-1.000000,2.2500,-54,-0.245455,0.000000,0.000000,1.278698,220,137,83,0,0,0,0,0,0,0,0,127,0
MNQ DATABENTO,1,vwap_delta_rejection,2025-01-08T06:41:00Z,2025-01-08T06:41:00Z,2025-01-08T06:48:00Z,2025-01-08T01:41:00-05:00,overnight,overnight,2025-01-08,long,vwap_bull_rejection,21404.0612,21410.5000,21404.0000,21423.5000,21404.0000,stop,-1.172308,0.423077,-1.076923,6.5000,85,0.261538,0.000000,0.000000,1.544310,325,120,205,0,0,0,0,0,0,0,0,204,0
MNQ DATABENTO,1,vwap_delta_rejection,2025-01-08T08:16:00Z,2025-01-08T08:16:00Z,2025-01-08T08:17:00Z,2025-01-08T03:16:00-05:00,overnight,overnight,2025-01-08,short,vwap_bear_rejection,21399.6015,21396.7500,21398.5000,21393.2500,21398.5000,stop,-1.640000,0.857143,-1.857143,1.7500,-111,-0.190395,0.000000,0.000000,1.823585,583,347,236,0,0,0,0,0,0,0,0,341,0
MNQ DATABENTO,1,vwap_delta_rejection,2025-01-08T08:19:00Z,2025-01-08T08:19:00Z,2025-01-08T08:24:00Z,2025-01-08T03:19:00-05:00,overnight,overnight,2025-01-08,long,vwap_bull_rejection,21399.6238,21408.2500,21400.0000,21424.7500,21400.0000,stop,-1.135758,1.333333,-1.121212,8.2500,185,0.343228,0.000000,0.000000,1.514470,539,177,362,0,0,0,0,0,0,0,0,283,0
MNQ DATABENTO,1,vwap_delta_rejection,2025-01-08T08:27:00Z,2025-01-08T08:27:00Z,2025-01-08T08:32:00Z,2025-01-08T03:27:00-05:00,overnight,overnight,2025-01-08,short,vwap_bear_rejection,21399.8056,21394.5000,21400.0000,21383.5000,21400.0000,stop,-1.203636,1.727273,-1.272727,5.5000,-216,-0.271357,0.000000,0.000000,2.187414,796,506,290,0,0,0,0,0,0,0,0,458,0
MNQ DATABENTO,1,vwap_delta_rejection,2025-01-08T08:29:00Z,2025-01-08T08:29:00Z,2025-01-08T08:32:00Z,2025-01-08T03:29:00-05:00,overnight,overnight,2025-01-08,short,vwap_bear_rejection,21399.7676,21394.7500,21399.5000,21385.2500,21399.5000,stop,-1.235789,1.526316,-1.421053,4.7500,-154,-0.249191,0.000000,0.000000,1.565945,618,386,232,0,0,0,0,0,0,0,0,390,0
MNQ DATABENTO,1,vwap_delta_rejection,2025-01-08T11:27:00Z,2025-01-08T11:27:00Z,2025-01-08T11:32:00Z,2025-01-08T06:27:00-05:00,overnight,overnight,2025-01-08,short,vwap_bear_rejection,21406.4912,21392.7500,21408.7500,21360.7500,21360.7500,target,1.930000,3.937500,-0.406250,16.0000,-224,-0.189509,0.000000,0.000000,2.423124,1182,703,479,0,0,0,0,0,0,0,0,648,0
MNQ DATABENTO,1,vwap_delta_rejection,2025-01-08T13:25:00Z,2025-01-08T13:25:00Z,2025-01-08T13:30:00Z,2025-01-08T08:25:00-05:00,overnight,overnight,2025-01-08,long,vwap_bull_rejection,21354.6416,21367.0000,21353.0000,21395.0000,21353.0000,stop,-1.080000,1.535714,-1.589286,14.0000,545,0.165101,0.000000,0.000000,1.993418,3301,1378,1923,0,0,0,0,0,0,0,0,1714,0
MNQ DATABENTO,1,vwap_delta_rejection,2025-01-08T14:15:00Z,2025-01-08T14:15:00Z,2025-01-08T14:26:00Z,2025-01-08T09:15:00-05:00,overnight,overnight,2025-01-08,short,vwap_bear_rejection,21354.2596,21338.0000,21353.2500,21307.5000,21353.2500,stop,-1.073443,0.770492,-1.147541,15.2500,-434,-0.207457,0.000000,0.000000,1.369558,2092,1263,829,0,0,0,0,0,0,0,0,1188,0
MNQ DATABENTO,1,vwap_delta_rejection,2025-01-08T16:03:00Z,2025-01-08T16:03:00Z,2025-01-08T16:11:00Z,2025-01-08T11:03:00-05:00,rth_09_30_16_00,rth_mid_11_00_11_30,2025-01-08,short,vwap_bear_rejection,21339.1796,21322.0000,21343.7500,21278.5000,21343.7500,stop,-1.051494,1.724138,-1.310345,21.7500,-676,-0.164317,0.000000,0.000000,1.311716,4114,2395,1719,0,0,0,0,0,0,0,0,2264,0
MNQ DATABENTO,1,vwap_delta_rejection,2025-01-08T17:07:00Z,2025-01-08T17:07:00Z,2025-01-08T17:09:00Z,2025-01-08T12:07:00-05:00,rth_09_30_16_00,rth_lunch_11_30_13_30,2025-01-08,short,vwap_bear_rejection,21341.8101,21335.2500,21345.0000,21315.7500,21315.7500,target,1.885128,2.230769,-0.435897,9.7500,-360,-0.113924,0.000000,0.000000,1.587461,3160,1760,1400,0,0,0,0,0,0,0,0,1721,0
MNQ DATABENTO,1,vwap_delta_rejection,2025-01-08T18:53:00Z,2025-01-08T18:53:00Z,2025-01-08T19:06:00Z,2025-01-08T13:53:00-05:00,rth_09_30_16_00,rth_afternoon_13_30_15_00,2025-01-08,short,vwap_bear_rejection,21331.3965,21315.5000,21335.0000,21276.5000,21335.0000,stop,-1.057436,1.717949,-1.346154,19.5000,-446,-0.108095,0.000000,0.000000,1.995357,4126,2286,1840,0,0,0,0,0,0,0,0,1926,0
MNQ DATABENTO,1,vwap_delta_rejection,2025-01-08T19:07:00Z,2025-01-08T19:07:00Z,2025-01-08T19:09:00Z,2025-01-08T14:07:00-05:00,rth_09_30_16_00,rth_afternoon_13_30_15_00,2025-01-08,long,vwap_bull_rejection,21330.8413,21342.7500,21321.7500,21384.7500,21384.7500,target,1.946667,2.214286,-0.440476,21.0000,570,0.138350,0.000000,0.000000,1.448206,4120,1775,2345,0,0,0,0,0,0,0,0,2235,0
MNQ DATABENTO,1,vwap_delta_rejection,2025-01-08T19:08:00Z,2025-01-08T19:08:00Z,2025-01-08T19:10:00Z,2025-01-08T14:08:00-05:00,rth_09_30_16_00,rth_afternoon_13_30_15_00,2025-01-08,long,vwap_bull_rejection,21330.9009,21353.0000,21333.2500,21392.5000,21392.5000,target,1.943291,2.063291,-0.050633,19.7500,695,0.140036,0.000000,0.000000,1.651278,4963,2134,2829,0,0,0,0,0,0,0,0,2467,0
MNQ DATABENTO,1,vwap_delta_rejection,2025-01-08T20:12:00Z,2025-01-08T20:12:00Z,2025-01-08T20:16:00Z,2025-01-08T15:12:00-05:00,rth_09_30_16_00,rth_close_15_00_16_00,2025-01-08,short,vwap_bear_rejection,21333.9922,21321.2500,21332.7500,21298.2500,21332.7500,stop,-1.097391,1.760870,-1.065217,11.5000,-330,-0.137386,0.000000,0.000000,1.359559,2402,1366,1036,0,0,0,0,0,0,0,0,1340,0
MNQ DATABENTO,1,vwap_delta_rejection,2025-01-08T20:24:00Z,2025-01-08T20:24:00Z,2025-01-08T20:34:00Z,2025-01-08T15:24:00-05:00,rth_09_30_16_00,rth_close_15_00_16_00,2025-01-08,long,vwap_bull_rejection,21333.9189,21350.7500,21336.0000,21380.2500,21336.0000,stop,-1.075932,0.576271,-1.033898,14.7500,611,0.199478,0.000000,0.000000,1.516262,3063,1226,1837,0,0,0,0,0,0,0,0,1596,0
MNQ DATABENTO,1,vwap_delta_rejection,2025-01-08T20:51:00Z,2025-01-08T20:51:00Z,2025-01-08T20:54:00Z,2025-01-08T15:51:00-05:00,rth_09_30_16_00,rth_close_15_00_16_00,2025-01-08,long,vwap_bull_rejection,21334.0156,21349.7500,21334.7500,21379.7500,21334.7500,stop,-1.074667,0.183333,-1.116667,15.0000,485,0.181308,0.000000,0.000000,1.621360,2675,1095,1580,0,0,0,0,0,0,0,0,1582,0
MNQ DATABENTO,1,vwap_delta_rejection,2025-01-08T20:55:00Z,2025-01-08T20:55:00Z,2025-01-08T21:15:00Z,2025-01-08T15:55:00-05:00,rth_09_30_16_00,rth_close_15_00_16_00,2025-01-08,long,vwap_bull_rejection,21334.0727,21354.7500,21336.5000,21391.2500,21351.7500,timeout,-0.225753,1.904110,-0.671233,18.2500,856,0.218926,0.000000,0.000000,2.352233,3910,1527,2383,0,0,0,0,0,0,0,0,1898,0
MNQ DATABENTO,1,vwap_delta_rejection,2025-01-08T23:06:00Z,2025-01-08T23:06:00Z,2025-01-08T23:11:00Z,2025-01-08T18:06:00-05:00,overnight,overnight,2025-01-09,short,vwap_bear_rejection,21328.3388,21324.5000,21329.0000,21315.5000,21329.0000,stop,-1.248889,0.444444,-2.666667,4.5000,-156,-0.319672,0.000000,0.000000,2.162641,488,322,166,0,0,0,0,0,0,0,0,368,0
MNQ DATABENTO,1,vwap_delta_rejection,2025-01-08T23:48:00Z,2025-01-08T23:48:00Z,2025-01-08T23:58:00Z,2025-01-08T18:48:00-05:00,overnight,overnight,2025-01-09,short,vwap_bear_rejection,21335.1652,21329.5000,21336.5000,21315.5000,21315.5000,target,1.840000,2.071429,-0.285714,7.0000,-76,-0.294574,0.000000,0.000000,2.273128,258,167,91,0,0,0,0,0,0,0,0,137,0
MNQ DATABENTO,1,vwap_delta_rejection,2025-01-09T01:01:00Z,2025-01-09T01:01:00Z,2025-01-09T01:03:00Z,2025-01-08T20:01:00-05:00,overnight,overnight,2025-01-09,short,vwap_bear_rejection,21309.1037,21301.7500,21308.7500,21287.7500,21308.7500,stop,-1.160000,0.142857,-1.428571,7.0000,-86,-0.205742,0.000000,0.000000,1.376358,418,252,166,0,0,0,0,0,0,0,0,262,0
MNQ DATABENTO,1,vwap_delta_rejection,2025-01-09T01:04:00Z,2025-01-09T01:04:00Z,2025-01-09T01:08:00Z,2025-01-08T20:04:00-05:00,overnight,overnight,2025-01-09,long,vwap_bull_rejection,21309.1661,21316.7500,21309.7500,21330.7500,21309.7500,stop,-1.160000,0.428571,-1.607143,7.0000,110,0.176282,0.000000,0.000000,2.040883,624,257,367,0,0,0,0,0,0,0,0,331,0
MNQ DATABENTO,1,vwap_delta_rejection,2025-01-09T05:09:00Z,2025-01-09T05:09:00Z,2025-01-09T05:19:00Z,2025-01-09T00:09:00-05:00,overnight,overnight,2025-01-09,long,vwap_bull_rejection,21315.7986,21320.5000,21316.0000,21329.5000,21329.5000,target,1.751111,2.055556,-0.500000,4.5000,98,0.401639,0.000000,0.000000,1.266217,244,73,171,0,0,0,0,0,0,0,0,113,0
MNQ DATABENTO,1,vwap_delta_rejection,2025-01-09T05:46:00Z,2025-01-09T05:46:00Z,2025-01-09T06:06:00Z,2025-01-09T00:46:00-05:00,overnight,overnight,2025-01-09,long,vwap_bull_rejection,21315.9572,21320.7500,21315.5000,21331.2500,21325.0000,timeout,0.596190,1.428571,-0.809524,5.2500,98,0.365672,0.000000,0.000000,1.693523,268,85,183,0,0,0,0,0,0,0,0,156,0
MNQ DATABENTO,1,vwap_delta_rejection,2025-01-09T07:01:00Z,2025-01-09T07:01:00Z,2025-01-09T07:11:00Z,2025-01-09T02:01:00-05:00,overnight,overnight,2025-01-09,short,vwap_bear_rejection,21316.2398,21308.2500,21316.0000,21292.7500,21316.0000,stop,-1.144516,0.387097,-1.096774,7.7500,-130,-0.363128,0.000000,0.000000,2.876657,358,244,114,0,0,0,0,0,0,0,0,194,0
MNQ DATABENTO,1,vwap_delta_rejection,2025-01-09T09:21:00Z,2025-01-09T09:21:00Z,2025-01-09T09:38:00Z,2025-01-09T04:21:00-05:00,overnight,overnight,2025-01-09,short,vwap_bear_rejection,21298.4096,21289.7500,21298.5000,21272.2500,21298.5000,stop,-1.128000,1.171429,-2.085714,8.7500,-44,-0.121547,0.000000,0.000000,1.246771,362,203,159,0,0,0,0,0,0,0,0,219,0
MNQ DATABENTO,1,vwap_delta_rejection,2025-01-09T12:22:00Z,2025-01-09T12:22:00Z,2025-01-09T12:33:00Z,2025-01-09T07:22:00-05:00,overnight,overnight,2025-01-09,short,vwap_bear_rejection,21300.3178,21292.7500,21299.5000,21279.2500,21299.5000,stop,-1.165926,1.000000,-1.037037,6.7500,-75,-0.162690,0.000000,0.000000,1.808198,461,268,193,0,0,0,0,0,0,0,0,267,0
MNQ DATABENTO,1,vwap_delta_rejection,2025-01-10T01:19:00Z,2025-01-10T01:19:00Z,2025-01-10T01:21:00Z,2025-01-09T20:19:00-05:00,overnight,overnight,2025-01-10,long,vwap_bull_rejection,21228.8317,21233.5000,21230.0000,21240.5000,21230.0000,stop,-1.320000,0.428571,-1.071429,3.5000,250,0.331565,0.000000,0.000000,1.519242,754,252,502,0,0,0,0,0,0,0,0,377,0
MNQ DATABENTO,1,vwap_delta_rejection,2025-01-10T09:49:00Z,2025-01-10T09:49:00Z,2025-01-10T10:09:00Z,2025-01-10T04:49:00-05:00,overnight,overnight,2025-01-10,long,vwap_bull_rejection,21261.7386,21274.5000,21263.2500,21297.0000,21276.0000,timeout,0.033778,1.688889,-0.400000,11.2500,94,0.230392,0.000000,0.000000,1.213383,408,157,251,0,0,0,0,0,0,0,0,244,0
MNQ DATABENTO,1,vwap_delta_rejection,2025-01-10T12:10:00Z,2025-01-10T12:10:00Z,2025-01-10T12:13:00Z,2025-01-10T07:10:00-05:00,overnight,overnight,2025-01-10,long,vwap_bull_rejection,21272.8756,21285.0000,21272.7500,21309.5000,21272.7500,stop,-1.091429,0.367347,-2.306122,12.2500,100,0.107759,0.000000,0.000000,1.264047,928,414,514,0,0,0,0,0,0,0,0,564,0
MNQ DATABENTO,1,vwap_delta_rejection,2025-01-10T18:24:00Z,2025-01-10T18:24:00Z,2025-01-10T18:44:00Z,2025-01-10T13:24:00-05:00,rth_09_30_16_00,rth_lunch_11_30_13_30,2025-01-10,long,vwap_bull_rejection,21078.6716,21107.2500,21077.2500,21167.2500,21119.2500,timeout,0.362667,0.991667,-0.666667,30.0000,1381,0.247891,0.000000,0.000000,2.546161,5571,2095,3476,0,0,0,0,0,0,0,0,2672,0
MNQ DATABENTO,1,vwap_delta_rejection,2025-01-10T19:41:00Z,2025-01-10T19:41:00Z,2025-01-10T19:42:00Z,2025-01-10T14:41:00-05:00,rth_09_30_16_00,rth_afternoon_13_30_15_00,2025-01-10,long,vwap_bull_rejection,21081.7449,21091.5000,21075.5000,21123.5000,21075.5000,stop,-1.070000,0.062500,-1.046875,16.0000,654,0.210154,0.000000,0.000000,1.240187,3112,1229,1883,0,0,0,0,0,0,0,0,1686,0
MNQ DATABENTO,1,vwap_delta_rejection,2025-01-12T23:16:00Z,2025-01-12T23:16:00Z,2025-01-12T23:31:00Z,2025-01-12T18:16:00-05:00,overnight,overnight,2025-01-13,long,vwap_bull_rejection,20972.8951,20986.2500,20976.0000,21006.7500,21006.7500,target,1.890732,2.414634,-0.439024,10.2500,166,0.159309,0.000000,0.000000,1.614378,1042,438,604,0,0,0,0,0,0,0,0,575,0
MNQ DATABENTO,1,vwap_delta_rejection,2025-01-13T00:48:00Z,2025-01-13T00:48:00Z,2025-01-13T00:52:00Z,2025-01-12T19:48:00-05:00,overnight,overnight,2025-01-13,short,vwap_bear_rejection,21001.1820,20992.2500,20999.5000,20977.7500,20999.5000,stop,-1.154483,1.551724,-1.448276,7.2500,-153,-0.170569,0.000000,0.000000,2.443143,897,525,372,0,0,0,0,0,0,0,0,559,0
MNQ DATABENTO,1,vwap_delta_rejection,2025-01-13T15:07:00Z,2025-01-13T15:07:00Z,2025-01-13T15:10:00Z,2025-01-13T10:07:00-05:00,rth_09_30_16_00,rth_open_09_30_11_00,2025-01-13,long,vwap_bull_rejection,20817.3802,20850.0000,20814.5000,20921.0000,20814.5000,stop,-1.031549,0.161972,-1.457746,35.5000,1952,0.222628,0.000000,0.000000,1.255135,8768,3408,5360,0,0,0,0,0,0,0,0,4385,0
MNQ DATABENTO,1,vwap_delta_rejection,2025-01-13T23:06:00Z,2025-01-13T23:06:00Z,2025-01-13T23:26:00Z,2025-01-13T18:06:00-05:00,overnight,overnight,2025-01-14,long,vwap_bull_rejection,21022.6753,21032.2500,21020.5000,21055.7500,21039.2500,timeout,0.500426,1.382979,-0.191489,11.7500,211,0.326121,0.000000,0.000000,1.787293,647,218,429,0,0,0,0,0,0,0,0,395,0
MNQ DATABENTO,1,vwap_delta_rejection,2025-01-14T00:54:00Z,2025-01-14T00:54:00Z,2025-01-14T00:55:00Z,2025-01-13T19:54:00-05:00,overnight,overnight,2025-01-14,short,vwap_bear_rejection,21047.7023,21045.2500,21047.7500,21040.2500,21047.7500,stop,-1.448000,0.400000,-3.100000,2.5000,-54,-0.225000,0.000000,0.000000,1.223242,240,147,93,0,0,0,0,0,0,0,0,152,0
MNQ DATABENTO,1,vwap_delta_rejection,2025-01-14T02:55:00Z,2025-01-14T02:55:00Z,2025-01-14T02:58:00Z,2025-01-13T21:55:00-05:00,overnight,overnight,2025-01-14,short,vwap_bear_rejection,21038.0712,21035.0000,21038.5000,21028.0000,21038.5000,stop,-1.320000,0.642857,-2.642857,3.5000,-41,-0.146953,0.000000,0.000000,1.267606,279,160,119,0,0,0,0,0,0,0,0,159,0
MNQ DATABENTO,1,vwap_delta_rejection,2025-01-14T02:58:00Z,2025-01-14T02:58:00Z,2025-01-14T03:01:00Z,2025-01-13T21:58:00-05:00,overnight,overnight,2025-01-14,long,vwap_bull_rejection,21038.0751,21039.2500,21036.7500,21044.2500,21036.7500,stop,-1.448000,1.600000,-3.500000,2.5000,84,0.135048,0.000000,0.000000,2.622260,622,269,353,0,0,0,0,0,0,0,0,310,0
MNQ DATABENTO,1,vwap_delta_rejection,2025-01-14T03:21:00Z,2025-01-14T03:21:00Z,2025-01-14T03:28:00Z,2025-01-13T22:21:00-05:00,overnight,overnight,2025-01-14,short,vwap_bear_rejection,21038.2210,21035.5000,21038.2500,21030.0000,21030.0000,target,1.592727,3.636364,-0.727273,2.7500,-60,-0.174419,0.000000,0.000000,1.382915,344,202,142,0,0,0,0,0,0,0,0,158,0
MNQ DATABENTO,1,vwap_delta_rejection,2025-01-14T03:44:00Z,2025-01-14T03:44:00Z,2025-01-14T03:50:00Z,2025-01-13T22:44:00-05:00,overnight,overnight,2025-01-14,short,vwap_bear_rejection,21037.9925,21033.7500,21038.2500,21024.7500,21024.7500,target,1.751111,2.555556,-0.166667,4.5000,-36,-0.135338,0.000000,0.000000,1.265461,266,151,115,0,0,0,0,0,0,0,0,149,0
MNQ DATABENTO,1,vwap_delta_rejection,2025-01-14T11:25:00Z,2025-01-14T11:25:00Z,2025-01-14T11:27:00Z,2025-01-14T06:25:00-05:00,overnight,overnight,2025-01-14,short,vwap_bear_rejection,21061.6542,21058.2500,21061.0000,21052.7500,21061.0000,stop,-1.407273,1.454545,-1.454545,2.7500,-151,-0.178698,0.000000,0.000000,2.346570,845,498,347,0,0,0,0,0,0,0,0,437,0
MNQ DATABENTO,1,vwap_delta_rejection,2025-01-14T14:02:00Z,2025-01-14T14:02:00Z,2025-01-14T14:07:00Z,2025-01-14T09:02:00-05:00,overnight,overnight,2025-01-14,short,vwap_bear_rejection,21054.7413,21034.2500,21059.5000,20983.7500,21059.5000,stop,-1.044356,0.386139,-1.039604,25.2500,-653,-0.160798,0.000000,0.000000,1.825866,4061,2357,1704,0,0,0,0,0,0,0,0,2340,0
MNQ DATABENTO,1,vwap_delta_rejection,2025-01-14T19:13:00Z,2025-01-14T19:13:00Z,2025-01-14T19:15:00Z,2025-01-14T14:13:00-05:00,rth_09_30_16_00,rth_afternoon_13_30_15_00,2025-01-14,short,vwap_bear_rejection,20991.3684,20977.2500,20991.2500,20949.2500,20991.2500,stop,-1.080000,0.321429,-1.053571,14.0000,-739,-0.242057,0.000000,0.000000,1.613466,3053,1896,1157,0,0,0,0,0,0,0,0,1558,0
MNQ DATABENTO,1,vwap_delta_rejection,2025-01-15T01:34:00Z,2025-01-15T01:34:00Z,2025-01-15T01:39:00Z,2025-01-14T20:34:00-05:00,overnight,overnight,2025-01-15,short,vwap_bear_rejection,20951.7695,20946.7500,20952.7500,20934.7500,20952.7500,stop,-1.186667,0.958333,-1.000000,6.0000,-143,-0.508897,0.000000,0.000000,2.081481,281,212,69,0,0,0,0,0,0,0,0,164,0
MNQ DATABENTO,1,vwap_delta_rejection,2025-01-15T05:19:00Z,2025-01-15T05:19:00Z,2025-01-15T05:31:00Z,2025-01-15T00:19:00-05:00,overnight,overnight,2025-01-15,short,vwap_bear_rejection,20946.4700,20942.5000,20946.7500,20934.0000,20946.7500,stop,-1.263529,0.823529,-1.411765,4.2500,-56,-0.282828,0.000000,0.000000,1.485371,198,127,71,0,0,0,0,0,0,0,0,131,0
MNQ DATABENTO,1,vwap_delta_rejection,2025-01-15T06:35:00Z,2025-01-15T06:35:00Z,2025-01-15T06:38:00Z,2025-01-15T01:35:00-05:00,overnight,overnight,2025-01-15,long,vwap_bull_rejection,20946.3020,20949.2500,20945.7500,20956.2500,20956.2500,target,1.680000,2.214286,-0.214286,3.5000,41,0.414141,0.000000,0.000000,1.353383,99,29,70,0,0,0,0,0,0,0,0,50,0
MNQ DATABENTO,1,vwap_delta_rejection,2025-01-15T07:00:00Z,2025-01-15T07:00:00Z,2025-01-15T07:01:00Z,2025-01-15T02:00:00-05:00,overnight,overnight,2025-01-15,long,vwap_bull_rejection,20946.5282,20948.0000,20946.0000,20952.0000,20952.0000,target,1.440000,4.500000,-0.375000,2.0000,14,0.140000,0.000000,0.000000,1.200480,100,43,57,0,0,0,0,0,0,0,0,65,0
MNQ DATABENTO,1,vwap_delta_rejection,2025-01-15T07:01:00Z,2025-01-15T07:01:00Z,2025-01-15T07:21:00Z,2025-01-15T02:01:00-05:00,overnight,overnight,2025-01-15,long,vwap_bull_rejection,20946.5968,20957.0000,20947.0000,20977.0000,20952.7500,timeout,-0.537000,0.250000,-0.525000,10.0000,189,0.301435,0.000000,0.000000,7.367803,627,219,408,0,0,0,0,0,0,0,0,354,0
MNQ DATABENTO,1,vwap_delta_rejection,2025-01-15T07:40:00Z,2025-01-15T07:40:00Z,2025-01-15T07:43:00Z,2025-01-15T02:40:00-05:00,overnight,overnight,2025-01-15,short,vwap_bear_rejection,20947.0266,20945.5000,20947.7500,20941.0000,20941.0000,target,1.502222,6.666667,-0.222222,2.2500,-114,-0.347561,0.000000,0.000000,2.816660,328,221,107,0,0,0,0,0,0,0,0,178,0
MNQ DATABENTO,1,vwap_delta_rejection,2025-01-15T08:52:00Z,2025-01-15T08:52:00Z,2025-01-15T09:01:00Z,2025-01-15T03:52:00-05:00,overnight,overnight,2025-01-15,short,vwap_bear_rejection,20943.5903,20939.7500,20945.2500,20928.7500,20928.7500,target,1.796364,2.500000,0.000000,5.5000,-94,-0.324138,0.000000,0.000000,1.662367,290,192,98,0,0,0,0,0,0,0,0,163,0
MNQ DATABENTO,1,vwap_delta_rejection,2025-01-15T09:03:00Z,2025-01-15T09:03:00Z,2025-01-15T09:04:00Z,2025-01-15T04:03:00-05:00,overnight,overnight,2025-01-15,short,vwap_bear_rejection,20943.2983,20939.0000,20942.0000,20933.0000,20942.0000,stop,-1.373333,0.333333,-1.000000,3.0000,-43,-0.108312,0.000000,0.000000,1.670875,397,220,177,0,0,0,0,0,0,0,0,225,0
MNQ DATABENTO,1,vwap_delta_rejection,2025-01-16T01:33:00Z,2025-01-16T01:33:00Z,2025-01-16T01:36:00Z,2025-01-15T20:33:00-05:00,overnight,overnight,2025-01-16,long,vwap_bull_rejection,21416.2801,21422.5000,21416.0000,21435.5000,21416.0000,stop,-1.172308,0.538462,-1.692308,6.5000,188,0.437209,0.000000,0.000000,2.024482,430,121,309,0,0,0,0,0,0,0,0,239,0
MNQ DATABENTO,1,vwap_delta_rejection,2025-01-16T06:20:00Z,2025-01-16T06:20:00Z,2025-01-16T06:27:00Z,2025-01-16T01:20:00-05:00,overnight,overnight,2025-01-16,long,vwap_bull_rejection,21400.5828,21406.0000,21399.0000,21420.0000,21420.0000,target,1.840000,3.642857,-0.428571,7.0000,222,0.339450,0.000000,0.000000,1.270767,654,216,438,0,0,0,0,0,0,0,0,351,0
MNQ DATABENTO,1,vwap_delta_rejection,2025-01-16T06:21:00Z,2025-01-16T06:21:00Z,2025-01-16T06:32:00Z,2025-01-16T01:21:00-05:00,overnight,overnight,2025-01-16,long,vwap_bull_rejection,21400.6864,21413.0000,21402.7500,21433.5000,21433.5000,target,1.890732,2.000000,-0.439024,10.2500,342,0.304270,0.000000,0.000000,2.083024,1124,391,733,0,0,0,0,0,0,0,0,612,0
MNQ DATABENTO,1,vwap_delta_rejection,2025-01-16T12:32:00Z,2025-01-16T12:32:00Z,2025-01-16T12:47:00Z,2025-01-16T07:32:00-05:00,overnight,overnight,2025-01-16,long,vwap_bull_rejection,21463.1023,21473.0000,21460.7500,21497.5000,21460.7500,stop,-1.091429,0.591837,-1.204082,12.2500,247,0.166779,0.000000,0.000000,2.660320,1481,617,864,0,0,0,0,0,0,0,0,799,0
MNQ DATABENTO,1,vwap_delta_rejection,2025-01-16T16:18:00Z,2025-01-16T16:18:00Z,2025-01-16T16:20:00Z,2025-01-16T11:18:00-05:00,rth_09_30_16_00,rth_mid_11_00_11_30,2025-01-16,short,vwap_bear_rejection,21429.0686,21405.7500,21431.7500,21353.7500,21431.7500,stop,-1.043077,0.192308,-1.057692,26.0000,-1706,-0.216883,0.000000,0.000000,1.914358,7866,4786,3080,0,0,0,0,0,0,0,0,4117,0
MNQ DATABENTO,1,vwap_delta_rejection,2025-01-16T16:21:00Z,2025-01-16T16:21:00Z,2025-01-16T16:41:00Z,2025-01-16T11:21:00-05:00,rth_09_30_16_00,rth_mid_11_00_11_30,2025-01-16,short,vwap_bear_rejection,21428.8703,21396.0000,21426.2500,21335.5000,21367.2500,timeout,0.913388,1.322314,-0.925620,30.2500,-1293,-0.240201,0.000000,0.000000,1.247914,5383,3338,2045,0,0,0,0,0,0,0,0,3008,0
MNQ DATABENTO,1,vwap_delta_rejection,2025-01-16T23:08:00Z,2025-01-16T23:08:00Z,2025-01-16T23:12:00Z,2025-01-16T18:08:00-05:00,overnight,overnight,2025-01-17,short,vwap_bear_rejection,21222.6580,21210.5000,21224.2500,21183.0000,21224.2500,stop,-1.081455,0.127273,-1.036364,13.7500,-273,-0.661017,0.000000,0.000000,1.383816,413,343,70,0,0,0,0,0,0,0,0,197,0
MNQ DATABENTO,1,vwap_delta_rejection,2025-01-16T23:50:00Z,2025-01-16T23:50:00Z,2025-01-16T23:52:00Z,2025-01-16T18:50:00-05:00,overnight,overnight,2025-01-17,long,vwap_bull_rejection,21226.2164,21232.0000,21226.0000,21244.0000,21226.0000,stop,-1.186667,0.125000,-1.083333,6.0000,78,0.382353,0.000000,0.000000,1.368668,204,63,141,0,0,0,0,0,0,0,0,121,0
MNQ DATABENTO,1,vwap_delta_rejection,2025-01-17T03:15:00Z,2025-01-17T03:15:00Z,2025-01-17T03:16:00Z,2025-01-16T22:15:00-05:00,overnight,overnight,2025-01-17,long,vwap_bull_rejection,21247.6113,21250.0000,21247.7500,21254.5000,21247.7500,stop,-1.497778,0.444444,-1.777778,2.2500,41,0.144876,0.000000,0.000000,1.841249,283,121,162,0,0,0,0,0,0,0,0,152,0
MNQ DATABENTO,1,vwap_delta_rejection,2025-01-17T07:36:00Z,2025-01-17T07:36:00Z,2025-01-17T07:47:00Z,2025-01-17T02:36:00-05:00,overnight,overnight,2025-01-17,short,vwap_bear_rejection,21266.6301,21258.2500,21265.7500,21243.2500,21265.7500,stop,-1.149333,0.900000,-1.300000,7.5000,-150,-0.168161,0.000000,0.000000,3.720542,892,521,371,0,0,0,0,0,0,0,0,480,0
MNQ DATABENTO,1,vwap_delta_rejection,2025-01-19T23:04:00Z,2025-01-19T23:04:00Z,2025-01-19T23:06:00Z,2025-01-19T18:04:00-05:00,overnight,overnight,2025-01-20,short,vwap_bear_rejection,21604.3723,21593.5000,21603.0000,21574.5000,21574.5000,target,1.882105,4.236842,-0.263158,9.5000,-110,-0.217391,0.000000,0.000000,1.338624,506,308,198,0,0,0,0,0,0,0,0,390,0
MNQ DATABENTO,1,vwap_delta_rejection,2025-01-20T00:17:00Z,2025-01-20T00:17:00Z,2025-01-20T00:37:00Z,2025-01-19T19:17:00-05:00,overnight,overnight,2025-01-20,short,vwap_bear_rejection,21557.0213,21545.0000,21556.2500,21522.5000,21553.2500,timeout,-0.832889,0.244444,-0.800000,11.2500,-153,-0.314168,0.000000,0.000000,1.354094,487,320,167,0,0,0,0,0,0,0,0,304,0
MNQ DATABENTO,1,vwap_delta_rejection,2025-01-20T01:03:00Z,2025-01-20T01:03:00Z,2025-01-20T01:18:00Z,2025-01-19T20:03:00-05:00,overnight,overnight,2025-01-20,long,vwap_bull_rejection,21555.0021,21561.7500,21554.2500,21576.7500,21554.2500,stop,-1.149333,1.966667,-1.166667,7.5000,135,0.155709,0.000000,0.000000,3.120389,867,366,501,0,0,0,0,0,0,0,0,485,0
MNQ DATABENTO,1,vwap_delta_rejection,2025-01-20T01:43:00Z,2025-01-20T01:43:00Z,2025-01-20T02:03:00Z,2025-01-19T20:43:00-05:00,overnight,overnight,2025-01-20,long,vwap_bull_rejection,21556.0067,21561.0000,21551.7500,21579.5000,21561.0000,timeout,-0.121081,1.243243,-0.459459,9.2500,75,0.189873,0.000000,0.000000,1.270709,395,160,235,0,0,0,0,0,0,0,0,225,0
MNQ DATABENTO,1,vwap_delta_rejection,2025-01-20T01:58:00Z,2025-01-20T01:58:00Z,2025-01-20T02:18:00Z,2025-01-19T20:58:00-05:00,overnight,overnight,2025-01-20,long,vwap_bull_rejection,21556.5081,21561.7500,21556.5000,21572.2500,21567.5000,timeout,0.881905,1.714286,-0.952381,5.2500,75,0.217391,0.000000,0.000000,1.253634,345,135,210,0,0,0,0,0,0,0,0,224,0
MNQ DATABENTO,1,vwap_delta_rejection,2025-01-20T02:59:00Z,2025-01-20T02:59:00Z,2025-01-20T03:01:00Z,2025-01-19T21:59:00-05:00,overnight,overnight,2025-01-20,long,vwap_bull_rejection,21557.2750,21560.5000,21557.7500,21566.0000,21557.7500,stop,-1.407273,0.636364,-1.090909,2.7500,88,0.199095,0.000000,0.000000,2.347942,442,177,265,0,0,0,0,0,0,0,0,238,0
MNQ DATABENTO,1,vwap_delta_rejection,2025-01-20T04:33:00Z,2025-01-20T04:33:00Z,2025-01-20T04:38:00Z,2025-01-19T23:33:00-05:00,overnight,overnight,2025-01-20,short,vwap_bear_rejection,21557.7868,21555.2500,21558.0000,21549.7500,21558.0000,stop,-1.407273,0.272727,-1.272727,2.7500,-28,-0.202899,0.000000,0.000000,1.493506,138,83,55,0,0,0,0,0,0,0,0,95,0
MNQ DATABENTO,1,vwap_delta_rejection,2025-01-20T13:01:00Z,2025-01-20T13:01:00Z,2025-01-20T13:21:00Z,2025-01-20T08:01:00-05:00,overnight,overnight,2025-01-20,short,vwap_bear_rejection,21583.6201,21569.0000,21584.7500,21537.5000,21574.2500,timeout,-0.404444,0.746032,-0.761905,15.7500,-731,-0.375064,0.000000,0.000000,6.980659,1949,1340,609,0,0,0,0,0,0,0,0,1103,0
MNQ DATABENTO,1,vwap_delta_rejection,2025-01-20T17:28:00Z,2025-01-20T17:28:00Z,2025-01-20T17:36:00Z,2025-01-20T12:28:00-05:00,rth_09_30_16_00,rth_lunch_11_30_13_30,2025-01-20,long,vwap_bull_rejection,21653.6047,21668.0000,21651.7500,21700.5000,21700.5000,target,1.931077,2.092308,-0.984615,16.2500,228,0.123913,0.000000,0.000000,1.509496,1840,806,1034,0,0,0,0,0,0,0,0,1288,0
MNQ DATABENTO,1,vwap_delta_rejection,2025-01-20T23:40:00Z,2025-01-20T23:40:00Z,2025-01-20T23:43:00Z,2025-01-20T18:40:00-05:00,overnight,overnight,2025-01-21,short,vwap_bear_rejection,21713.3638,21709.2500,21715.7500,21696.2500,21715.7500,stop,-1.172308,0.576923,-2.192308,6.5000,-56,-0.118143,0.000000,0.000000,1.412185,474,265,209,0,0,0,0,0,0,0,0,261,0
MNQ DATABENTO,1,vwap_delta_rejection,2025-01-20T23:43:00Z,2025-01-20T23:43:00Z,2025-01-20T23:47:00Z,2025-01-20T18:43:00-05:00,overnight,overnight,2025-01-21,long,vwap_bull_rejection,21713.4126,21719.0000,21712.0000,21733.0000,21733.0000,target,1.840000,2.964286,-0.857143,7.0000,159,0.223001,0.000000,0.000000,2.172456,713,277,436,0,0,0,0,0,0,0,0,401,0
MNQ DATABENTO,1,vwap_delta_rejection,2025-01-21T02:16:00Z,2025-01-21T02:16:00Z,2025-01-21T02:24:00Z,2025-01-20T21:16:00-05:00,overnight,overnight,2025-01-21,short,vwap_bear_rejection,21597.2738,21578.7500,21596.2500,21543.7500,21596.2500,stop,-1.064000,0.214286,-1.000000,17.5000,-302,-0.247136,0.000000,0.000000,2.055682,1222,762,460,0,0,0,0,0,0,0,0,814,0
MNQ DATABENTO,1,vwap_delta_rejection,2025-01-21T03:09:00Z,2025-01-21T03:09:00Z,2025-01-21T03:12:00Z,2025-01-20T22:09:00-05:00,overnight,overnight,2025-01-21,long,vwap_bull_rejection,21596.2057,21603.2500,21596.5000,21616.7500,21616.7500,target,1.834074,2.851852,-0.666667,6.7500,52,0.131980,0.000000,0.000000,1.313114,394,171,223,0,0,0,0,0,0,0,0,231,0
MNQ DATABENTO,1,vwap_delta_rejection,2025-01-21T04:33:00Z,2025-01-21T04:33:00Z,2025-01-21T04:53:00Z,2025-01-20T23:33:00-05:00,overnight,overnight,2025-01-21,long,vwap_bull_rejection,21599.6436,21611.2500,21600.5000,21632.7500,21615.5000,timeout,0.291163,0.744186,-0.534884,10.7500,121,0.311054,0.000000,0.000000,1.503382,389,134,255,0,0,0,0,0,0,0,0,264,0
MNQ DATABENTO,1,vwap_delta_rejection,2025-01-21T06:48:00Z,2025-01-21T06:48:00Z,2025-01-21T06:49:00Z,2025-01-21T01:48:00-05:00,overnight,overnight,2025-01-21,short,vwap_bear_rejection,21600.1313,21593.0000,21599.2500,21580.5000,21599.2500,stop,-1.179200,0.120000,-1.360000,6.2500,-251,-0.445826,0.000000,0.000000,1.851974,563,407,156,0,0,0,0,0,0,0,0,355,0
MNQ DATABENTO,1,vwap_delta_rejection,2025-01-21T06:57:00Z,2025-01-21T06:57:00Z,2025-01-21T07:00:00Z,2025-01-21T01:57:00-05:00,overnight,overnight,2025-01-21,short,vwap_bear_rejection,21600.1101,21594.5000,21599.5000,21584.5000,21599.5000,stop,-1.224000,0.150000,-1.400000,5.0000,-106,-0.280423,0.000000,0.000000,1.254355,378,242,136,0,0,0,0,0,0,0,0,199,0
MNQ DATABENTO,1,vwap_delta_rejection,2025-01-21T14:41:00Z,2025-01-21T14:41:00Z,2025-01-21T14:48:00Z,2025-01-21T09:41:00-05:00,rth_09_30_16_00,rth_open_09_30_11_00,2025-01-21,short,vwap_bear_rejection,21639.4438,21602.5000,21638.2500,21531.0000,21638.2500,stop,-1.031329,0.363636,-1.454545,35.7500,-1720,-0.148301,0.000000,0.000000,2.603309,11598,6659,4939,0,0,0,0,0,0,0,0,6376,0
MNQ DATABENTO,1,vwap_delta_rejection,2025-01-21T23:46:00Z,2025-01-21T23:46:00Z,2025-01-22T00:01:00Z,2025-01-21T18:46:00-05:00,overnight,overnight,2025-01-22,long,vwap_bull_rejection,21793.6200,21799.2500,21792.5000,21812.7500,21812.7500,target,1.834074,2.518519,-0.037037,6.7500,96,0.301887,0.000000,0.000000,1.321421,318,111,207,0,0,0,0,0,0,0,0,151,0
MNQ DATABENTO,1,vwap_delta_rejection,2025-01-22T20:54:00Z,2025-01-22T20:54:00Z,2025-01-22T20:55:00Z,2025-01-22T15:54:00-05:00,rth_09_30_16_00,rth_close_15_00_16_00,2025-01-22,long,vwap_bull_rejection,21981.5626,21994.5000,21981.5000,22020.5000,22020.5000,target,1.913846,2.596154,-0.384615,13.0000,740,0.239018,0.000000,0.000000,1.728981,3096,1178,1918,0,0,0,0,0,0,0,0,1582,0
MNQ DATABENTO,1,vwap_delta_rejection,2025-01-22T23:10:00Z,2025-01-22T23:10:00Z,2025-01-22T23:30:00Z,2025-01-22T18:10:00-05:00,overnight,overnight,2025-01-23,short,vwap_bear_rejection,21975.2490,21967.0000,21978.7500,21943.5000,21963.7500,timeout,0.181277,0.765957,-0.595745,11.7500,-378,-0.389691,0.000000,0.000000,3.482944,970,674,296,0,0,0,0,0,0,0,0,564,0
MNQ DATABENTO,1,vwap_delta_rejection,2025-01-23T01:10:00Z,2025-01-23T01:10:00Z,2025-01-23T01:13:00Z,2025-01-22T20:10:00-05:00,overnight,overnight,2025-01-23,short,vwap_bear_rejection,21963.0460,21959.5000,21963.0000,21952.5000,21963.0000,stop,-1.320000,0.142857,-1.857143,3.5000,-204,-0.548387,0.000000,0.000000,1.392216,372,288,84,0,0,0,0,0,0,0,0,179,0
MNQ DATABENTO,1,vwap_delta_rejection,2025-01-23T03:15:00Z,2025-01-23T03:15:00Z,2025-01-23T03:19:00Z,2025-01-22T22:15:00-05:00,overnight,overnight,2025-01-23,short,vwap_bear_rejection,21957.7943,21952.7500,21958.0000,21942.2500,21942.2500,target,1.786667,2.142857,0.000000,5.2500,-286,-0.459807,0.000000,0.000000,2.973231,622,454,168,0,0,0,0,0,0,0,0,320,0
MNQ DATABENTO,1,vwap_delta_rejection,2025-01-23T05:52:00Z,2025-01-23T05:52:00Z,2025-01-23T05:55:00Z,2025-01-23T00:52:00-05:00,overnight,overnight,2025-01-23,short,vwap_bear_rejection,21957.8753,21956.5000,21957.7500,21954.0000,21957.7500,stop,-1.896000,0.600000,-1.800000,1.2500,-52,-0.412698,0.000000,0.000000,1.435897,126,89,37,0,0,0,0,0,0,0,0,69,0
MNQ DATABENTO,1,vwap_delta_rejection,2025-01-23T06:15:00Z,2025-01-23T06:15:00Z,2025-01-23T06:24:00Z,2025-01-23T01:15:00-05:00,overnight,overnight,2025-01-23,long,vwap_bull_rejection,21957.7927,21960.5000,21957.7500,21966.0000,21957.7500,stop,-1.407273,1.545455,-4.363636,2.7500,128,0.516129,0.000000,0.000000,2.262774,248,60,188,0,0,0,0,0,0,0,0,119,0
MNQ DATABENTO,1,vwap_delta_rejection,2025-01-23T16:14:00Z,2025-01-23T16:14:00Z,2025-01-23T16:34:00Z,2025-01-23T11:14:00-05:00,rth_09_30_16_00,rth_mid_11_00_11_30,2025-01-23,long,vwap_bull_rejection,21908.5486,21935.5000,21906.7500,21993.0000,21957.7500,timeout,0.734957,0.939130,-0.886957,28.7500,1187,0.228930,0.000000,0.000000,1.810563,5185,1999,3186,0,0,0,0,0,0,0,0,2628,0
MNQ DATABENTO,1,vwap_delta_rejection,2025-01-23T17:33:00Z,2025-01-23T17:33:00Z,2025-01-23T17:35:00Z,2025-01-23T12:33:00-05:00,rth_09_30_16_00,rth_lunch_11_30_13_30,2025-01-23,short,vwap_bear_rejection,21915.5434,21913.2500,21917.0000,21905.7500,21905.7500,target,1.701333,2.133333,-0.200000,3.7500,-273,-0.109683,0.000000,0.000000,2.098297,2489,1381,1108,0,0,0,0,0,0,0,0,1297,0
MNQ DATABENTO,1,vwap_delta_rejection,2025-01-23T17:46:00Z,2025-01-23T17:46:00Z,2025-01-23T18:06:00Z,2025-01-23T12:46:00-05:00,rth_09_30_16_00,rth_lunch_11_30_13_30,2025-01-23,long,vwap_bull_rejection,21915.3931,21922.0000,21911.7500,21942.5000,21938.0000,timeout,1.451707,1.975610,-0.097561,10.2500,420,0.199620,0.000000,0.000000,1.294968,2104,842,1262,0,0,0,0,0,0,0,0,1010,0
MNQ DATABENTO,1,vwap_delta_rejection,2025-01-24T00:16:00Z,2025-01-24T00:16:00Z,2025-01-24T00:18:00Z,2025-01-23T19:16:00-05:00,overnight,overnight,2025-01-24,long,vwap_bull_rejection,22005.8386,22009.5000,22005.5000,22017.5000,22005.5000,stop,-1.280000,0.062500,-1.000000,4.0000,77,0.425414,0.000000,0.000000,1.450902,181,52,129,0,0,0,0,0,0,0,0,103,0
MNQ DATABENTO,1,vwap_delta_rejection,2025-01-24T00:36:00Z,2025-01-24T00:36:00Z,2025-01-24T00:37:00Z,2025-01-23T19:36:00-05:00,overnight,overnight,2025-01-24,short,vwap_bear_rejection,22006.1758,22004.7500,22005.7500,22002.7500,22005.7500,stop,-2.120000,0.250000,-1.750000,1.0000,-30,-0.187500,0.000000,0.000000,1.220442,160,95,65,0,0,0,0,0,0,0,0,89,0
MNQ DATABENTO,1,vwap_delta_rejection,2025-01-24T01:07:00Z,2025-01-24T01:07:00Z,2025-01-24T01:12:00Z,2025-01-23T20:07:00-05:00,overnight,overnight,2025-01-24,long,vwap_bull_rejection,22005.8370,22011.7500,22006.7500,22021.7500,22021.7500,target,1.776000,2.000000,-0.100000,5.0000,200,0.414938,0.000000,0.000000,1.305702,482,141,341,0,0,0,0,0,0,0,0,275,0
MNQ DATABENTO,1,vwap_delta_rejection,2025-01-24T01:38:00Z,2025-01-24T01:38:00Z,2025-01-24T01:52:00Z,2025-01-23T20:38:00-05:00,overnight,overnight,2025-01-24,short,vwap_bear_rejection,22012.3945,22008.2500,22012.2500,22000.2500,22012.2500,stop,-1.280000,1.812500,-1.125000,4.0000,-230,-0.391156,0.000000,0.000000,1.234257,588,409,179,0,0,0,0,0,0,0,0,349,0
MNQ DATABENTO,1,vwap_delta_rejection,2025-01-24T01:53:00Z,2025-01-24T01:53:00Z,2025-01-24T02:04:00Z,2025-01-23T20:53:00-05:00,overnight,overnight,2025-01-24,short,vwap_bear_rejection,22011.7425,22007.7500,22012.0000,21999.2500,22012.0000,stop,-1.263529,0.823529,-1.529412,4.2500,-120,-0.264317,0.000000,0.000000,1.201376,454,287,167,0,0,0,0,0,0,0,0,249,0
MNQ DATABENTO,1,vwap_delta_rejection,2025-01-24T02:05:00Z,2025-01-24T02:05:00Z,2025-01-24T02:17:00Z,2025-01-23T21:05:00-05:00,overnight,overnight,2025-01-24,long,vwap_bull_rejection,22011.6871,22020.0000,22010.5000,22039.0000,22039.0000,target,1.882105,2.763158,-0.421053,9.5000,112,0.106667,0.000000,0.000000,3.798842,1050,469,581,0,0,0,0,0,0,0,0,564,0
MNQ DATABENTO,1,vwap_delta_rejection,2025-01-24T09:41:00Z,2025-01-24T09:41:00Z,2025-01-24T09:43:00Z,2025-01-24T04:41:00-05:00,overnight,overnight,2025-01-24,short,vwap_bear_rejection,22010.2276,22006.0000,22009.5000,21999.0000,22009.5000,stop,-1.320000,0.571429,-1.214286,3.5000,-101,-0.241050,0.000000,0.000000,1.274719,419,260,159,0,0,0,0,0,0,0,0,205,0
MNQ DATABENTO,1,vwap_delta_rejection,2025-01-24T11:30:00Z,2025-01-24T11:30:00Z,2025-01-24T11:50:00Z,2025-01-24T06:30:00-05:00,overnight,overnight,2025-01-24,short,vwap_bear_rejection,22008.8414,21998.2500,22008.2500,21978.2500,22008.2500,stop,-1.112000,0.825000,-1.175000,10.0000,-214,-0.399254,0.000000,0.000000,2.635202,536,375,161,0,0,0,0,0,0,0,0,322,0
MNQ DATABENTO,1,vwap_delta_rejection,2025-01-24T12:01:00Z,2025-01-24T12:01:00Z,2025-01-24T12:18:00Z,2025-01-24T07:01:00-05:00,overnight,overnight,2025-01-24,long,vwap_bull_rejection,22008.5968,22014.2500,22008.2500,22026.2500,22026.2500,target,1.813333,2.541667,-0.708333,6.0000,197,0.252888,0.000000,0.000000,3.418916,779,291,488,0,0,0,0,0,0,0,0,473,0
MNQ DATABENTO,1,vwap_delta_rejection,2025-01-24T13:13:00Z,2025-01-24T13:13:00Z,2025-01-24T13:33:00Z,2025-01-24T08:13:00-05:00,overnight,overnight,2025-01-24,long,vwap_bull_rejection,22010.5521,22018.7500,22008.7500,22038.7500,22014.0000,timeout,-0.587000,0.950000,-0.700000,10.0000,191,0.297045,0.000000,0.000000,1.330850,643,226,417,0,0,0,0,0,0,0,0,291,0
MNQ DATABENTO,1,vwap_delta_rejection,2025-01-24T14:01:00Z,2025-01-24T14:01:00Z,2025-01-24T14:06:00Z,2025-01-24T09:01:00-05:00,overnight,overnight,2025-01-24,long,vwap_bull_rejection,22010.4884,22016.0000,22009.2500,22029.5000,22009.2500,stop,-1.165926,0.851852,-1.407407,6.7500,282,0.308534,0.000000,0.000000,1.853955,914,316,598,0,0,0,0,0,0,0,0,507,0
MNQ DATABENTO,1,vwap_delta_rejection,2025-01-24T14:34:00Z,2025-01-24T14:34:00Z,2025-01-24T14:36:00Z,2025-01-24T09:34:00-05:00,rth_09_30_16_00,rth_open_09_30_11_00,2025-01-24,long,vwap_bull_rejection,22015.1866,22026.5000,22011.5000,22056.5000,22011.5000,stop,-1.074667,0.300000,-1.283333,15.0000,1246,0.148652,0.000000,0.000000,3.670440,8382,3568,4814,0,0,0,0,0,0,0,0,4167,0
MNQ DATABENTO,1,vwap_delta_rejection,2025-01-24T14:39:00Z,2025-01-24T14:39:00Z,2025-01-24T14:40:00Z,2025-01-24T09:39:00-05:00,rth_09_30_16_00,rth_open_09_30_11_00,2025-01-24,short,vwap_bear_rejection,22015.2409,22006.2500,22013.7500,21991.2500,22013.7500,stop,-1.149333,0.433333,-2.366667,7.5000,-830,-0.113917,0.000000,0.000000,2.045566,7286,4058,3228,0,0,0,0,0,0,0,0,3709,0
MNQ DATABENTO,1,vwap_delta_rejection,2025-01-24T16:57:00Z,2025-01-24T16:57:00Z,2025-01-24T17:17:00Z,2025-01-24T11:57:00-05:00,rth_09_30_16_00,rth_lunch_11_30_13_30,2025-01-24,short,vwap_bear_rejection,22017.0230,21995.0000,22017.2500,21950.5000,21989.5000,timeout,0.196854,1.033708,-0.370787,22.2500,-1791,-0.281737,0.000000,0.000000,4.064318,6357,4074,2283,0,0,0,0,0,0,0,0,3422,0
MNQ DATABENTO,1,vwap_delta_rejection,2025-01-26T23:05:00Z,2025-01-26T23:05:00Z,2025-01-26T23:07:00Z,2025-01-26T18:05:00-05:00,overnight,overnight,2025-01-27,short,vwap_bear_rejection,21706.6980,21681.2500,21706.2500,21631.2500,21706.2500,stop,-1.044800,0.270000,-1.140000,25.0000,-605,-0.211317,0.000000,0.000000,4.123875,2863,1734,1129,0,0,0,0,0,0,0,0,1486,0
MNQ DATABENTO,1,vwap_delta_rejection,2025-01-27T15:24:00Z,2025-01-27T15:24:00Z,2025-01-27T15:31:00Z,2025-01-27T10:24:00-05:00,rth_09_30_16_00,rth_open_09_30_11_00,2025-01-27,long,vwap_bull_rejection,21261.8969,21300.5000,21264.2500,21373.0000,21373.0000,target,1.969103,2.186207,-0.275862,36.2500,1275,0.149560,0.000000,0.000000,1.435705,8525,3625,4900,0,0,0,0,0,0,0,0,4750,0
MNQ DATABENTO,1,vwap_delta_rejection,2025-01-27T16:21:00Z,2025-01-27T16:21:00Z,2025-01-27T16:29:00Z,2025-01-27T11:21:00-05:00,rth_09_30_16_00,rth_mid_11_00_11_30,2025-01-27,short,vwap_bear_rejection,21273.3918,21248.2500,21272.7500,21199.2500,21199.2500,target,1.954286,2.163265,-0.693878,24.5000,-606,-0.124743,0.000000,0.000000,1.202059,4858,2732,2126,0,0,0,0,0,0,0,0,2564,0
MNQ DATABENTO,1,vwap_delta_rejection,2025-01-27T23:15:00Z,2025-01-27T23:15:00Z,2025-01-27T23:21:00Z,2025-01-27T18:15:00-05:00,overnight,overnight,2025-01-28,short,vwap_bear_rejection,21336.2653,21317.5000,21335.2500,21282.0000,21282.0000,target,1.936901,2.901408,-0.112676,17.7500,-161,-0.227723,0.000000,0.000000,1.275713,707,434,273,0,0,0,0,0,0,0,0,454,0
MNQ DATABENTO,1,vwap_delta_rejection,2025-01-27T23:51:00Z,2025-01-27T23:51:00Z,2025-01-27T23:55:00Z,2025-01-27T18:51:00-05:00,overnight,overnight,2025-01-28,long,vwap_bull_rejection,21299.4023,21310.7500,21301.5000,21329.2500,21329.2500,target,1.878919,2.189189,0.000000,9.2500,465,0.345212,0.000000,0.000000,2.790842,1347,441,906,0,0,0,0,0,0,0,0,863,0
MNQ DATABENTO,1,vwap_delta_rejection,2025-01-28T01:07:00Z,2025-01-28T01:07:00Z,2025-01-28T01:19:00Z,2025-01-27T20:07:00-05:00,overnight,overnight,2025-01-28,long,vwap_bull_rejection,21301.0504,21309.7500,21300.5000,21328.2500,21300.5000,stop,-1.121081,1.270270,-1.216216,9.2500,104,0.136483,0.000000,0.000000,2.202949,762,329,433,0,0,0,0,0,0,0,0,486,0
MNQ DATABENTO,1,vwap_delta_rejection,2025-01-28T01:48:00Z,2025-01-28T01:48:00Z,2025-01-28T01:52:00Z,2025-01-27T20:48:00-05:00,overnight,overnight,2025-01-28,short,vwap_bear_rejection,21302.7624,21291.5000,21303.5000,21267.5000,21303.5000,stop,-1.093333,0.208333,-1.000000,12.0000,-195,-0.209452,0.000000,0.000000,2.847530,931,563,368,0,0,0,0,0,0,0,0,569,0
MNQ DATABENTO,1,vwap_delta_rejection,2025-01-28T01:54:00Z,2025-01-28T01:54:00Z,2025-01-28T01:59:00Z,2025-01-27T20:54:00-05:00,overnight,overnight,2025-01-28,long,vwap_bull_rejection,21302.6949,21308.5000,21301.7500,21322.0000,21301.7500,stop,-1.165926,0.666667,-9.148148,6.7500,159,0.281416,0.000000,0.000000,1.528266,565,203,362,0,0,0,0,0,0,0,0,318,0
MNQ DATABENTO,1,vwap_delta_rejection,2025-01-28T02:33:00Z,2025-01-28T02:33:00Z,2025-01-28T02:35:00Z,2025-01-27T21:33:00-05:00,overnight,overnight,2025-01-28,short,vwap_bear_rejection,21294.1748,21286.0000,21293.2500,21271.5000,21293.2500,stop,-1.154483,0.172414,-1.896552,7.2500,-159,-0.242009,0.000000,0.000000,1.590992,657,408,249,0,0,0,0,0,0,0,0,399,0
MNQ DATABENTO,1,vwap_delta_rejection,2025-01-28T03:03:00Z,2025-01-28T03:03:00Z,2025-01-28T03:05:00Z,2025-01-27T22:03:00-05:00,overnight,overnight,2025-01-28,short,vwap_bear_rejection,21293.4928,21285.2500,21292.7500,21270.2500,21292.7500,stop,-1.149333,0.100000,-1.500000,7.5000,-109,-0.271820,0.000000,0.000000,1.232329,401,255,146,0,0,0,0,0,0,0,0,229,0
MNQ DATABENTO,1,vwap_delta_rejection,2025-01-28T03:55:00Z,2025-01-28T03:55:00Z,2025-01-28T04:08:00Z,2025-01-27T22:55:00-05:00,overnight,overnight,2025-01-28,short,vwap_bear_rejection,21294.9903,21286.2500,21294.7500,21269.2500,21294.7500,stop,-1.131765,0.676471,-1.235294,8.5000,-132,-0.234875,0.000000,0.000000,1.671375,562,347,215,0,0,0,0,0,0,0,0,301,0
MNQ DATABENTO,1,vwap_delta_rejection,2025-01-28T04:10:00Z,2025-01-28T04:10:00Z,2025-01-28T04:12:00Z,2025-01-27T23:10:00-05:00,overnight,overnight,2025-01-28,short,vwap_bear_rejection,21294.8348,21285.5000,21294.0000,21268.5000,21294.0000,stop,-1.131765,0.382353,-1.176471,8.5000,-68,-0.213836,0.000000,0.000000,1.240492,318,193,125,0,0,0,0,0,0,0,0,170,0
MNQ DATABENTO,1,vwap_delta_rejection,2025-01-28T04:14:00Z,2025-01-28T04:14:00Z,2025-01-28T04:17:00Z,2025-01-27T23:14:00-05:00,overnight,overnight,2025-01-28,long,vwap_bull_rejection,21294.8388,21299.0000,21295.2500,21306.5000,21295.2500,stop,-1.298667,0.866667,-1.933333,3.7500,246,0.358601,0.000000,0.000000,2.604404,686,220,466,0,0,0,0,0,0,0,0,357,0
MNQ DATABENTO,1,vwap_delta_rejection,2025-01-28T04:21:00Z,2025-01-28T04:21:00Z,2025-01-28T04:23:00Z,2025-01-27T23:21:00-05:00,overnight,overnight,2025-01-28,short,vwap_bear_rejection,21294.8367,21285.0000,21295.7500,21263.5000,21295.7500,stop,-1.104186,0.046512,-1.255814,10.7500,-182,-0.455000,0.000000,0.000000,1.385281,400,291,109,0,0,0,0,0,0,0,0,230,0
MNQ DATABENTO,1,vwap_delta_rejection,2025-01-28T06:38:00Z,2025-01-28T06:38:00Z,2025-01-28T06:40:00Z,2025-01-28T01:38:00-05:00,overnight,overnight,2025-01-28,long,vwap_bull_rejection,21293.7501,21297.0000,21292.0000,21307.0000,21292.0000,stop,-1.224000,0.800000,-4.150000,5.0000,68,0.171717,0.000000,0.000000,1.367403,396,164,232,0,0,0,0,0,0,0,0,166,0
MNQ DATABENTO,1,vwap_delta_rejection,2025-01-28T12:03:00Z,2025-01-28T12:03:00Z,2025-01-28T12:11:00Z,2025-01-28T07:03:00-05:00,overnight,overnight,2025-01-28,short,vwap_bear_rejection,21323.8607,21311.2500,21323.0000,21287.7500,21287.7500,target,1.904681,2.085106,-0.872340,11.7500,-365,-0.270170,0.000000,0.000000,2.166453,1351,858,493,0,0,0,0,0,0,0,0,771,0
MNQ DATABENTO,1,vwap_delta_rejection,2025-01-28T14:32:00Z,2025-01-28T14:32:00Z,2025-01-28T14:52:00Z,2025-01-28T09:32:00-05:00,rth_09_30_16_00,rth_open_09_30_11_00,2025-01-28,short,vwap_bear_rejection,21315.4274,21251.7500,21314.0000,21127.2500,21236.5000,timeout,0.226988,1.461847,-0.630522,62.2500,-2549,-0.181566,0.000000,0.000000,8.429554,14039,8294,5745,0,0,0,0,0,0,0,0,8011,0
MNQ DATABENTO,1,vwap_delta_rejection,2025-01-28T23:46:00Z,2025-01-28T23:46:00Z,2025-01-28T23:48:00Z,2025-01-28T18:46:00-05:00,overnight,overnight,2025-01-29,long,vwap_bull_rejection,21556.2741,21561.5000,21556.7500,21571.0000,21556.7500,stop,-1.235789,0.526316,-1.000000,4.7500,66,0.272727,0.000000,0.000000,1.245817,242,88,154,0,0,0,0,0,0,0,0,149,0
MNQ DATABENTO,1,vwap_delta_rejection,2025-01-29T00:06:00Z,2025-01-29T00:06:00Z,2025-01-29T00:12:00Z,2025-01-28T19:06:00-05:00,overnight,overnight,2025-01-29,long,vwap_bull_rejection,21554.9652,21561.7500,21556.0000,21573.2500,21556.0000,stop,-1.194783,1.782609,-2.347826,5.7500,42,0.122807,0.000000,0.000000,1.604880,342,150,192,0,0,0,0,0,0,0,0,201,0
MNQ DATABENTO,1,vwap_delta_rejection,2025-01-29T00:31:00Z,2025-01-29T00:31:00Z,2025-01-29T00:32:00Z,2025-01-28T19:31:00-05:00,overnight,overnight,2025-01-29,long,vwap_bull_rejection,21555.3746,21556.2500,21555.0000,21558.7500,21555.0000,stop,-1.896000,1.000000,-2.200000,1.2500,138,0.355670,0.000000,0.000000,2.347958,388,125,263,0,0,0,0,0,0,0,0,213,0
MNQ DATABENTO,1,vwap_delta_rejection,2025-01-29T13:07:00Z,2025-01-29T13:07:00Z,2025-01-29T13:08:00Z,2025-01-29T08:07:00-05:00,overnight,overnight,2025-01-29,short,vwap_bear_rejection,21636.0241,21633.2500,21635.2500,21629.2500,21629.2500,target,1.440000,5.750000,-0.125000,2.0000,-127,-0.147503,0.000000,0.000000,1.799561,861,494,367,0,0,0,0,0,0,0,0,513,0
MNQ DATABENTO,1,vwap_delta_rejection,2025-01-29T19:42:00Z,2025-01-29T19:42:00Z,2025-01-29T19:44:00Z,2025-01-29T14:42:00-05:00,rth_09_30_16_00,rth_afternoon_13_30_15_00,2025-01-29,long,vwap_bull_rejection,21523.5826,21560.2500,21516.7500,21647.2500,21516.7500,stop,-1.025747,0.074713,-1.172414,43.5000,1333,0.147766,0.000000,0.000000,2.072435,9021,3844,5177,0,0,0,0,0,0,0,0,5512,0
MNQ DATABENTO,1,vwap_delta_rejection,2025-01-29T23:07:00Z,2025-01-29T23:07:00Z,2025-01-29T23:13:00Z,2025-01-29T18:07:00-05:00,overnight,overnight,2025-01-30,long,vwap_bull_rejection,21552.4041,21578.7500,21552.2500,21631.7500,21552.2500,stop,-1.042264,0.198113,-1.018868,26.5000,366,0.343340,0.000000,0.000000,1.669407,1066,350,716,0,0,0,0,0,0,0,0,662,0
MNQ DATABENTO,1,vwap_delta_rejection,2025-01-29T23:56:00Z,2025-01-29T23:56:00Z,2025-01-29T23:59:00Z,2025-01-29T18:56:00-05:00,overnight,overnight,2025-01-30,short,vwap_bear_rejection,21542.8067,21538.0000,21545.2500,21523.5000,21545.2500,stop,-1.154483,0.620690,-1.000000,7.2500,-94,-0.247368,0.000000,0.000000,1.317843,380,237,143,0,0,0,0,0,0,0,0,214,0
MNQ DATABENTO,1,vwap_delta_rejection,2025-01-30T00:01:00Z,2025-01-30T00:01:00Z,2025-01-30T00:09:00Z,2025-01-29T19:01:00-05:00,overnight,overnight,2025-01-30,short,vwap_bear_rejection,21542.5922,21533.2500,21541.5000,21516.7500,21541.5000,stop,-1.135758,0.848485,-1.909091,8.2500,-90,-0.194805,0.000000,0.000000,1.685516,462,276,186,0,0,0,0,0,0,0,0,311,0
MNQ DATABENTO,1,vwap_delta_rejection,2025-01-30T10:04:00Z,2025-01-30T10:04:00Z,2025-01-30T10:10:00Z,2025-01-30T05:04:00-05:00,overnight,overnight,2025-01-30,long,vwap_bull_rejection,21634.8155,21645.7500,21636.0000,21665.2500,21636.0000,stop,-1.114872,0.282051,-1.307692,9.7500,164,0.319066,0.000000,0.000000,1.270391,514,175,339,0,0,0,0,0,0,0,0,329,0
MNQ DATABENTO,1,vwap_delta_rejection,2025-01-30T10:46:00Z,2025-01-30T10:46:00Z,2025-01-30T10:48:00Z,2025-01-30T05:46:00-05:00,overnight,overnight,2025-01-30,short,vwap_bear_rejection,21634.3644,21629.7500,21634.5000,21620.2500,21634.5000,stop,-1.235789,0.578947,-1.421053,4.7500,-172,-0.372294,0.000000,0.000000,1.227255,462,317,145,0,0,0,0,0,0,0,0,278,0
MNQ DATABENTO,1,vwap_delta_rejection,2025-01-30T12:07:00Z,2025-01-30T12:07:00Z,2025-01-30T12:09:00Z,2025-01-30T07:07:00-05:00,overnight,overnight,2025-01-30,long,vwap_bull_rejection,21635.9948,21647.7500,21637.2500,21668.7500,21637.2500,stop,-1.106667,0.071429,-1.547619,10.5000,270,0.177632,0.000000,0.000000,2.257705,1520,625,895,0,0,0,0,0,0,0,0,833,0
MNQ DATABENTO,1,vwap_delta_rejection,2025-01-30T13:01:00Z,2025-01-30T13:01:00Z,2025-01-30T13:08:00Z,2025-01-30T08:01:00-05:00,overnight,overnight,2025-01-30,short,vwap_bear_rejection,21631.7733,21623.5000,21635.2500,21600.0000,21635.2500,stop,-1.095319,0.446809,-1.106383,11.7500,-215,-0.151943,0.000000,0.000000,2.846796,1415,815,600,0,0,0,0,0,0,0,0,784,0
MNQ DATABENTO,1,vwap_delta_rejection,2025-01-30T13:24:00Z,2025-01-30T13:24:00Z,2025-01-30T13:25:00Z,2025-01-30T08:24:00-05:00,overnight,overnight,2025-01-30,short,vwap_bear_rejection,21631.9070,21627.7500,21632.0000,21619.2500,21632.0000,stop,-1.263529,0.470588,-1.117647,4.2500,-219,-0.233227,0.000000,0.000000,1.647224,939,579,360,0,0,0,0,0,0,0,0,466,0
MNQ DATABENTO,1,vwap_delta_rejection,2025-01-30T14:23:00Z,2025-01-30T14:23:00Z,2025-01-30T14:24:00Z,2025-01-30T09:23:00-05:00,overnight,overnight,2025-01-30,short,vwap_bear_rejection,21633.7983,21629.2500,21633.5000,21620.7500,21620.7500,target,1.736471,2.647059,-0.294118,4.2500,-206,-0.129235,0.000000,0.000000,1.302767,1594,900,694,0,0,0,0,0,0,0,0,927,0
MNQ DATABENTO,1,vwap_delta_rejection,2025-01-30T14:29:00Z,2025-01-30T14:29:00Z,2025-01-30T14:31:00Z,2025-01-30T09:29:00-05:00,overnight,overnight,2025-01-30,long,vwap_bull_rejection,21633.7163,21659.5000,21634.0000,21710.5000,21634.0000,stop,-1.043922,0.176471,-1.078431,25.5000,667,0.209682,0.000000,0.000000,2.400483,3181,1257,1924,0,0,0,0,0,0,0,0,1818,0
MNQ DATABENTO,1,vwap_delta_rejection,2025-01-30T14:32:00Z,2025-01-30T14:32:00Z,2025-01-30T14:35:00Z,2025-01-30T09:32:00-05:00,rth_09_30_16_00,rth_open_09_30_11_00,2025-01-30,long,vwap_bull_rejection,21634.4392,21661.7500,21629.2500,21726.7500,21629.2500,stop,-1.034462,0.215385,-1.330769,32.5000,1111,0.109061,0.000000,0.000000,5.519016,10187,4538,5649,0,0,0,0,0,0,0,0,5878,0
MNQ DATABENTO,1,vwap_delta_rejection,2025-01-30T16:57:00Z,2025-01-30T16:57:00Z,2025-01-30T17:01:00Z,2025-01-30T11:57:00-05:00,rth_09_30_16_00,rth_lunch_11_30_13_30,2025-01-30,long,vwap_bull_rejection,21598.4845,21617.5000,21600.5000,21651.5000,21600.5000,stop,-1.065882,0.455882,-1.808824,17.0000,801,0.231436,0.000000,0.000000,1.264985,3461,1330,2131,0,0,0,0,0,0,0,0,1866,0
MNQ DATABENTO,1,vwap_delta_rejection,2025-01-30T23:57:00Z,2025-01-30T23:57:00Z,2025-01-31T00:01:00Z,2025-01-30T18:57:00-05:00,overnight,overnight,2025-01-31,long,vwap_bull_rejection,21690.1675,21699.0000,21689.7500,21717.5000,21689.7500,stop,-1.121081,0.378378,-1.756757,9.2500,193,0.302983,0.000000,0.000000,1.859311,637,222,415,0,0,0,0,0,0,0,0,384,0
MNQ DATABENTO,1,vwap_delta_rejection,2025-01-31T00:02:00Z,2025-01-31T00:02:00Z,2025-01-31T00:06:00Z,2025-01-30T19:02:00-05:00,overnight,overnight,2025-01-31,short,vwap_bear_rejection,21690.0321,21685.0000,21689.7500,21675.5000,21689.7500,stop,-1.235789,0.894737,-1.578947,4.7500,-312,-0.230088,0.000000,0.000000,3.627608,1356,834,522,0,0,0,0,0,0,0,0,656,0
MNQ DATABENTO,1,vwap_delta_rejection,2025-01-31T04:54:00Z,2025-01-31T04:54:00Z,2025-01-31T04:57:00Z,2025-01-30T23:54:00-05:00,overnight,overnight,2025-01-31,long,vwap_bull_rejection,21722.9506,21723.7500,21722.0000,21727.2500,21727.2500,target,1.360000,2.142857,-0.714286,1.7500,92,0.429907,0.000000,0.000000,1.212808,214,61,153,0,0,0,0,0,0,0,0,108,0
MNQ DATABENTO,1,vwap_delta_rejection,2025-01-31T14:18:00Z,2025-01-31T14:18:00Z,2025-01-31T14:24:00Z,2025-01-31T09:18:00-05:00,overnight,overnight,2025-01-31,long,vwap_bull_rejection,21759.1453,21765.5000,21754.5000,21787.5000,21754.5000,stop,-1.101818,0.590909,-1.363636,11.0000,280,0.192308,0.000000,0.000000,1.299536,1456,588,868,0,0,0,0,0,0,0,0,846,0
MNQ DATABENTO,1,vwap_delta_rejection,2025-01-31T14:38:00Z,2025-01-31T14:38:00Z,2025-01-31T14:50:00Z,2025-01-31T09:38:00-05:00,rth_09_30_16_00,rth_open_09_30_11_00,2025-01-31,long,vwap_bull_rejection,21766.1531,21791.5000,21769.5000,21835.5000,21835.5000,target,1.949091,2.045455,-0.590909,22.0000,867,0.138609,0.000000,0.000000,1.737017,6255,2694,3561,0,0,0,0,0,0,0,0,3918,0
MNQ DATABENTO,1,vwap_delta_rejection,2025-01-31T18:27:00Z,2025-01-31T18:27:00Z,2025-01-31T18:28:00Z,2025-01-31T13:27:00-05:00,rth_09_30_16_00,rth_lunch_11_30_13_30,2025-01-31,short,vwap_bear_rejection,21847.3980,21824.2500,21843.2500,21786.2500,21843.2500,stop,-1.058947,0.105263,-1.144737,19.0000,-956,-0.131499,0.000000,0.000000,2.183150,7270,4113,3157,0,0,0,0,0,0,0,0,4109,0
MNQ DATABENTO,1,vwap_delta_rejection,2025-02-02T23:08:00Z,2025-02-02T23:08:00Z,2025-02-02T23:16:00Z,2025-02-02T18:08:00-05:00,overnight,overnight,2025-02-03,long,vwap_bull_rejection,21031.7441,21091.0000,21032.5000,21208.0000,21032.5000,stop,-1.019145,0.324786,-1.132479,58.5000,637,0.211417,0.000000,0.000000,1.841181,3013,1188,1825,0,0,0,0,0,0,0,0,2116,0
MNQ DATABENTO,1,vwap_delta_rejection,2025-02-02T23:18:00Z,2025-02-02T23:18:00Z,2025-02-02T23:23:00Z,2025-02-02T18:18:00-05:00,overnight,overnight,2025-02-03,short,vwap_bear_rejection,21045.4152,21019.0000,21048.5000,20960.0000,21048.5000,stop,-1.037966,0.305085,-1.008475,29.5000,-654,-0.189785,0.000000,0.000000,1.294005,3446,2050,1396,0,0,0,0,0,0,0,0,2266,0
MNQ DATABENTO,1,vwap_delta_rejection,2025-02-02T23:24:00Z,2025-02-02T23:24:00Z,2025-02-02T23:33:00Z,2025-02-02T18:24:00-05:00,overnight,overnight,2025-02-03,long,vwap_bull_rejection,21044.9672,21065.5000,21046.0000,21104.5000,21104.5000,target,1.942564,2.012821,-0.730769,19.5000,506,0.152135,0.000000,0.000000,1.433250,3326,1410,1916,0,0,0,0,0,0,0,0,2408,0
MNQ DATABENTO,1,vwap_delta_rejection,2025-02-03T01:12:00Z,2025-02-03T01:12:00Z,2025-02-03T01:23:00Z,2025-02-02T20:12:00-05:00,overnight,overnight,2025-02-03,long,vwap_bull_rejection,21083.0194,21101.0000,21084.5000,21134.0000,21134.0000,target,1.932121,2.181818,-0.454545,16.5000,292,0.211901,0.000000,0.000000,1.693603,1378,543,835,0,0,0,0,0,0,0,0,893,0
MNQ DATABENTO,1,vwap_delta_rejection,2025-02-03T01:46:00Z,2025-02-03T01:46:00Z,2025-02-03T01:55:00Z,2025-02-02T20:46:00-05:00,overnight,overnight,2025-02-03,long,vwap_bull_rejection,21088.0247,21101.7500,21082.7500,21139.7500,21082.7500,stop,-1.058947,0.736842,-1.223684,19.0000,188,0.116915,0.000000,0.000000,1.913375,1608,710,898,0,0,0,0,0,0,0,0,1081,0
MNQ DATABENTO,1,vwap_delta_rejection,2025-02-03T01:55:00Z,2025-02-03T01:55:00Z,2025-02-03T01:56:00Z,2025-02-02T20:55:00-05:00,overnight,overnight,2025-02-03,short,vwap_bear_rejection,21088.2779,21084.2500,21088.2500,21076.2500,21076.2500,target,1.720000,3.062500,-0.562500,4.0000,-199,-0.168216,0.000000,0.000000,1.372310,1183,691,492,0,0,0,0,0,0,0,0,752,0
MNQ DATABENTO,1,vwap_delta_rejection,2025-02-03T06:54:00Z,2025-02-03T06:54:00Z,2025-02-03T06:56:00Z,2025-02-03T01:54:00-05:00,overnight,overnight,2025-02-03,short,vwap_bear_rejection,21066.1815,21055.5000,21065.0000,21036.5000,21065.0000,stop,-1.117895,0.052632,-1.710526,9.5000,-208,-0.264631,0.000000,0.000000,1.490895,786,497,289,0,0,0,0,0,0,0,0,465,0
MNQ DATABENTO,1,vwap_delta_rejection,2025-02-03T07:01:00Z,2025-02-03T07:01:00Z,2025-02-03T07:03:00Z,2025-02-03T02:01:00-05:00,overnight,overnight,2025-02-03,long,vwap_bull_rejection,21066.1843,21074.2500,21066.5000,21089.7500,21089.7500,target,1.855484,3.064516,-0.032258,7.7500,136,0.171285,0.000000,0.000000,1.431017,794,329,465,0,0,0,0,0,0,0,0,483,0
MNQ DATABENTO,1,vwap_delta_rejection,2025-02-04T00:03:00Z,2025-02-04T00:03:00Z,2025-02-04T00:19:00Z,2025-02-03T19:03:00-05:00,overnight,overnight,2025-02-04,short,vwap_bear_rejection,21572.1171,21562.0000,21572.5000,21541.0000,21541.0000,target,1.893333,2.357143,-0.428571,10.5000,-138,-0.310811,0.000000,0.000000,1.766813,444,291,153,0,0,0,0,0,0,0,0,295,0
MNQ DATABENTO,1,vwap_delta_rejection,2025-02-04T00:46:00Z,2025-02-04T00:46:00Z,2025-02-04T01:02:00Z,2025-02-03T19:46:00-05:00,overnight,overnight,2025-02-04,short,vwap_bear_rejection,21564.2876,21554.7500,21565.7500,21532.7500,21532.7500,target,1.898182,2.431818,-0.409091,11.0000,-47,-0.103297,0.000000,0.000000,2.062089,455,251,204,0,0,0,0,0,0,0,0,267,0
MNQ DATABENTO,1,vwap_delta_rejection,2025-02-04T07:54:00Z,2025-02-04T07:54:00Z,2025-02-04T08:01:00Z,2025-02-04T02:54:00-05:00,overnight,overnight,2025-02-04,short,vwap_bear_rejection,21419.4801,21411.2500,21418.7500,21396.2500,21418.7500,stop,-1.149333,1.800000,-1.533333,7.5000,-67,-0.144708,0.000000,0.000000,1.246467,463,265,198,0,0,0,0,0,0,0,0,282,0
MNQ DATABENTO,1,vwap_delta_rejection,2025-02-04T11:15:00Z,2025-02-04T11:15:00Z,2025-02-04T11:23:00Z,2025-02-04T06:15:00-05:00,overnight,overnight,2025-02-04,short,vwap_bear_rejection,21407.1258,21398.0000,21407.2500,21379.5000,21379.5000,target,1.878919,2.108108,-0.783784,9.2500,-163,-0.296903,0.000000,0.000000,1.337393,549,356,193,0,0,0,0,0,0,0,0,304,0
MNQ DATABENTO,1,vwap_delta_rejection,2025-02-04T11:56:00Z,2025-02-04T11:56:00Z,2025-02-04T11:57:00Z,2025-02-04T06:56:00-05:00,overnight,overnight,2025-02-04,short,vwap_bear_rejection,21406.9528,21400.5000,21407.0000,21387.5000,21407.0000,stop,-1.172308,0.384615,-1.115385,6.5000,-81,-0.135225,0.000000,0.000000,1.886911,599,340,259,0,0,0,0,0,0,0,0,335,0
MNQ DATABENTO,1,vwap_delta_rejection,2025-02-04T23:08:00Z,2025-02-04T23:08:00Z,2025-02-04T23:13:00Z,2025-02-04T18:08:00-05:00,overnight,overnight,2025-02-05,short,vwap_bear_rejection,21575.4785,21566.2500,21575.2500,21548.2500,21575.2500,stop,-1.124444,0.555556,-1.250000,9.0000,-113,-0.155433,0.000000,0.000000,1.805987,727,420,307,0,0,0,0,0,0,0,0,470,0
MNQ DATABENTO,1,vwap_delta_rejection,2025-02-04T23:52:00Z,2025-02-04T23:52:00Z,2025-02-04T23:54:00Z,2025-02-04T18:52:00-05:00,overnight,overnight,2025-02-05,short,vwap_bear_rejection,21578.8195,21577.5000,21581.7500,21569.0000,21569.0000,target,1.736471,2.176471,-0.705882,4.2500,-117,-0.313673,0.000000,0.000000,2.053399,373,245,128,0,0,0,0,0,0,0,0,111,0
MNQ DATABENTO,1,vwap_delta_rejection,2025-02-05T01:34:00Z,2025-02-05T01:34:00Z,2025-02-05T01:35:00Z,2025-02-04T20:34:00-05:00,overnight,overnight,2025-02-05,short,vwap_bear_rejection,21588.3227,21582.7500,21588.2500,21571.7500,21588.2500,stop,-1.203636,0.136364,-1.500000,5.5000,-337,-0.375697,0.000000,0.000000,2.317530,897,617,280,0,0,0,0,0,0,0,0,502,0
MNQ DATABENTO,1,vwap_delta_rejection,2025-02-05T13:59:00Z,2025-02-05T13:59:00Z,2025-02-05T14:01:00Z,2025-02-05T08:59:00-05:00,overnight,overnight,2025-02-05,long,vwap_bull_rejection,21522.2424,21531.5000,21521.5000,21551.5000,21521.5000,stop,-1.112000,0.075000,-1.050000,10.0000,232,0.269142,0.000000,0.000000,1.288876,862,315,547,0,0,0,0,0,0,0,0,479,0
MNQ DATABENTO,1,vwap_delta_rejection,2025-02-05T14:07:00Z,2025-02-05T14:07:00Z,2025-02-05T14:08:00Z,2025-02-05T09:07:00-05:00,overnight,overnight,2025-02-05,long,vwap_bull_rejection,21522.2361,21531.5000,21521.0000,21552.5000,21521.0000,stop,-1.106667,0.071429,-1.309524,10.5000,225,0.241676,0.000000,0.000000,1.413927,931,353,578,0,0,0,0,0,0,0,0,490,0
MNQ DATABENTO,1,vwap_delta_rejection,2025-02-05T15:15:00Z,2025-02-05T15:15:00Z,2025-02-05T15:17:00Z,2025-02-05T10:15:00-05:00,rth_09_30_16_00,rth_open_09_30_11_00,2025-02-05,long,vwap_bull_rejection,21535.1353,21558.5000,21530.7500,21614.0000,21530.7500,stop,-1.040360,0.054054,-1.414414,27.7500,1551,0.207881,0.000000,0.000000,1.260251,7461,2955,4506,0,0,0,0,0,0,0,0,3882,0
MNQ DATABENTO,1,vwap_delta_rejection,2025-02-05T23:39:00Z,2025-02-05T23:39:00Z,2025-02-05T23:42:00Z,2025-02-05T18:39:00-05:00,overnight,overnight,2025-02-06,short,vwap_bear_rejection,21758.3848,21755.5000,21759.0000,21748.5000,21759.0000,stop,-1.320000,0.357143,-1.285714,3.5000,-53,-0.211155,0.000000,0.000000,1.255314,251,152,99,0,0,0,0,0,0,0,0,142,0
MNQ DATABENTO,1,vwap_delta_rejection,2025-02-05T23:48:00Z,2025-02-05T23:48:00Z,2025-02-06T00:05:00Z,2025-02-05T18:48:00-05:00,overnight,overnight,2025-02-06,long,vwap_bull_rejection,21758.7822,21770.0000,21758.7500,21792.5000,21792.5000,target,1.900444,2.066667,-0.222222,11.2500,252,0.471910,0.000000,0.000000,2.713415,534,141,393,0,0,0,0,0,0,0,0,281,0
MNQ DATABENTO,1,vwap_delta_rejection,2025-02-06T01:01:00Z,2025-02-06T01:01:00Z,2025-02-06T01:04:00Z,2025-02-05T20:01:00-05:00,overnight,overnight,2025-02-06,long,vwap_bull_rejection,21772.7515,21781.0000,21773.2500,21796.5000,21773.2500,stop,-1.144516,0.064516,-1.193548,7.7500,183,0.316062,0.000000,0.000000,2.928680,579,198,381,0,0,0,0,0,0,0,0,287,0
MNQ DATABENTO,1,vwap_delta_rejection,2025-02-06T01:41:00Z,2025-02-06T01:41:00Z,2025-02-06T01:42:00Z,2025-02-05T20:41:00-05:00,overnight,overnight,2025-02-06,short,vwap_bear_rejection,21773.4583,21771.7500,21774.2500,21766.7500,21766.7500,target,1.552000,2.600000,-0.200000,2.5000,-24,-0.106195,0.000000,0.000000,1.767005,226,125,101,0,0,0,0,0,0,0,0,122,0
MNQ DATABENTO,1,vwap_delta_rejection,2025-02-06T02:17:00Z,2025-02-06T02:17:00Z,2025-02-06T02:37:00Z,2025-02-05T21:17:00-05:00,overnight,overnight,2025-02-06,long,vwap_bull_rejection,21772.5434,21778.2500,21771.7500,21791.2500,21784.2500,timeout,0.750769,0.961538,-0.807692,6.5000,112,0.337349,0.000000,0.000000,1.631851,332,110,222,0,0,0,0,0,0,0,0,198,0
MNQ DATABENTO,1,vwap_delta_rejection,2025-02-06T03:31:00Z,2025-02-06T03:31:00Z,2025-02-06T03:32:00Z,2025-02-05T22:31:00-05:00,overnight,overnight,2025-02-06,short,vwap_bear_rejection,21773.7612,21772.5000,21774.0000,21769.5000,21774.0000,stop,-1.746667,1.000000,-1.166667,1.5000,-89,-0.375527,0.000000,0.000000,2.305447,237,163,74,0,0,0,0,0,0,0,0,144,0
MNQ DATABENTO,1,vwap_delta_rejection,2025-02-06T03:46:00Z,2025-02-06T03:46:00Z,2025-02-06T03:48:00Z,2025-02-05T22:46:00-05:00,overnight,overnight,2025-02-06,short,vwap_bear_rejection,21773.7575,21772.0000,21774.0000,21768.0000,21774.0000,stop,-1.560000,0.375000,-1.250000,2.0000,-39,-0.378641,0.000000,0.000000,1.277123,103,71,32,0,0,0,0,0,0,0,0,66,0
MNQ DATABENTO,1,vwap_delta_rejection,2025-02-06T07:56:00Z,2025-02-06T07:56:00Z,2025-02-06T07:57:00Z,2025-02-06T02:56:00-05:00,overnight,overnight,2025-02-06,short,vwap_bear_rejection,21790.8281,21786.7500,21790.7500,21778.7500,21790.7500,stop,-1.280000,1.062500,-1.062500,4.0000,-115,-0.215760,0.000000,0.000000,2.638614,533,324,209,0,0,0,0,0,0,0,0,317,0
MNQ DATABENTO,1,vwap_delta_rejection,2025-02-06T08:31:00Z,2025-02-06T08:31:00Z,2025-02-06T08:38:00Z,2025-02-06T03:31:00-05:00,overnight,overnight,2025-02-06,long,vwap_bull_rejection,21789.9591,21797.2500,21790.7500,21810.2500,21810.2500,target,1.827692,2.076923,-0.192308,6.5000,60,0.137615,0.000000,0.000000,1.206419,436,188,248,0,0,0,0,0,0,0,0,270,0
MNQ DATABENTO,1,vwap_delta_rejection,2025-02-06T10:22:00Z,2025-02-06T10:22:00Z,2025-02-06T10:25:00Z,2025-02-06T05:22:00-05:00,overnight,overnight,2025-02-06,long,vwap_bull_rejection,21794.2596,21797.7500,21794.0000,21805.2500,21794.0000,stop,-1.298667,1.000000,-1.000000,3.7500,104,0.344371,0.000000,0.000000,1.202229,302,99,203,0,0,0,0,0,0,0,0,171,0
MNQ DATABENTO,1,vwap_delta_rejection,2025-02-06T10:50:00Z,2025-02-06T10:50:00Z,2025-02-06T11:02:00Z,2025-02-06T05:50:00-05:00,overnight,overnight,2025-02-06,short,vwap_bear_rejection,21793.9202,21784.0000,21793.7500,21764.5000,21764.5000,target,1.885128,2.307692,-0.179487,9.7500,-184,-0.291139,0.000000,0.000000,1.995895,632,408,224,0,0,0,0,0,0,0,0,334,0
MNQ DATABENTO,1,vwap_delta_rejection,2025-02-06T14:21:00Z,2025-02-06T14:21:00Z,2025-02-06T14:24:00Z,2025-02-06T09:21:00-05:00,overnight,overnight,2025-02-06,short,vwap_bear_rejection,21775.4072,21770.5000,21775.5000,21760.5000,21775.5000,stop,-1.224000,0.850000,-1.200000,5.0000,-171,-0.171515,0.000000,0.000000,1.457176,997,584,413,0,0,0,0,0,0,0,0,503,0
MNQ DATABENTO,1,vwap_delta_rejection,2025-02-06T17:19:00Z,2025-02-06T17:19:00Z,2025-02-06T17:21:00Z,2025-02-06T12:19:00-05:00,rth_09_30_16_00,rth_lunch_11_30_13_30,2025-02-06,long,vwap_bull_rejection,21783.9606,21787.7500,21781.7500,21799.7500,21799.7500,target,1.813333,2.000000,-0.416667,6.0000,300,0.139147,0.000000,0.000000,1.416464,2156,928,1228,0,0,0,0,0,0,0,0,1091,0
MNQ DATABENTO,1,vwap_delta_rejection,2025-02-06T23:04:00Z,2025-02-06T23:04:00Z,2025-02-06T23:24:00Z,2025-02-06T18:04:00-05:00,overnight,overnight,2025-02-07,long,vwap_bull_rejection,21820.4549,21832.5000,21819.5000,21858.5000,21845.0000,timeout,0.875385,1.307692,-0.846154,13.0000,209,0.418838,0.000000,0.000000,1.433290,499,145,354,0,0,0,0,0,0,0,0,317,0
MNQ DATABENTO,1,vwap_delta_rejection,2025-02-07T04:29:00Z,2025-02-07T04:29:00Z,2025-02-07T04:30:00Z,2025-02-06T23:29:00-05:00,overnight,overnight,2025-02-07,short,vwap_bear_rejection,21866.8928,21864.2500,21867.2500,21858.2500,21858.2500,target,1.626667,2.083333,-0.083333,3.0000,-148,-0.632479,0.000000,0.000000,3.101392,234,191,43,0,0,0,0,0,0,0,0,93,0
MNQ DATABENTO,1,vwap_delta_rejection,2025-02-07T07:01:00Z,2025-02-07T07:01:00Z,2025-02-07T07:08:00Z,2025-02-07T02:01:00-05:00,overnight,overnight,2025-02-07,long,vwap_bull_rejection,21860.7824,21866.0000,21859.7500,21878.5000,21859.7500,stop,-1.179200,0.640000,-1.680000,6.2500,225,0.316456,0.000000,0.000000,2.687075,711,243,468,0,0,0,0,0,0,0,0,367,0
MNQ DATABENTO,1,vwap_delta_rejection,2025-02-07T07:06:00Z,2025-02-07T07:06:00Z,2025-02-07T07:08:00Z,2025-02-07T02:06:00-05:00,overnight,overnight,2025-02-07,long,vwap_bull_rejection,21860.8596,21865.5000,21860.5000,21875.5000,21860.5000,stop,-1.224000,0.250000,-2.000000,5.0000,209,0.379310,0.000000,0.000000,1.932994,551,171,380,0,0,0,0,0,0,0,0,230,0
MNQ DATABENTO,1,vwap_delta_rejection,2025-02-07T09:11:00Z,2025-02-07T09:11:00Z,2025-02-07T09:31:00Z,2025-02-07T04:11:00-05:00,overnight,overnight,2025-02-07,short,vwap_bear_rejection,21860.1975,21851.7500,21860.5000,21834.2500,21846.0000,timeout,0.529143,1.800000,-0.371429,8.7500,-123,-0.282759,0.000000,0.000000,1.366635,435,279,156,0,0,0,0,0,0,0,0,254,0
MNQ DATABENTO,1,vwap_delta_rejection,2025-02-07T09:52:00Z,2025-02-07T09:52:00Z,2025-02-07T09:53:00Z,2025-02-07T04:52:00-05:00,overnight,overnight,2025-02-07,long,vwap_bull_rejection,21859.3670,21863.0000,21859.0000,21871.0000,21859.0000,stop,-1.280000,0.062500,-1.687500,4.0000,100,0.295858,0.000000,0.000000,1.354167,338,119,219,0,0,0,0,0,0,0,0,182,0
MNQ DATABENTO,1,vwap_delta_rejection,2025-02-07T11:41:00Z,2025-02-07T11:41:00Z,2025-02-07T11:51:00Z,2025-02-07T06:41:00-05:00,overnight,overnight,2025-02-07,long,vwap_bull_rejection,21858.8201,21862.5000,21858.7500,21870.0000,21870.0000,target,1.701333,2.466667,-0.333333,3.7500,103,0.410359,0.000000,0.000000,1.232204,251,74,177,0,0,0,0,0,0,0,0,129,0
MNQ DATABENTO,1,vwap_delta_rejection,2025-02-07T13:17:00Z,2025-02-07T13:17:00Z,2025-02-07T13:20:00Z,2025-02-07T08:17:00-05:00,overnight,overnight,2025-02-07,long,vwap_bull_rejection,21859.6419,21866.0000,21860.5000,21877.0000,21860.5000,stop,-1.203636,0.772727,-1.090909,5.5000,144,0.244898,0.000000,0.000000,2.003407,588,222,366,0,0,0,0,0,0,0,0,302,0
MNQ DATABENTO,1,vwap_delta_rejection,2025-02-10T23:04:00Z,2025-02-10T23:04:00Z,2025-02-10T23:09:00Z,2025-02-10T18:04:00-05:00,overnight,overnight,2025-02-11,short,vwap_bear_rejection,21819.2502,21814.2500,21820.7500,21801.2500,21801.2500,target,1.827692,2.884615,-0.384615,6.5000,-104,-0.242991,0.000000,0.000000,1.572373,428,266,162,0,0,0,0,0,0,0,0,260,0
MNQ DATABENTO,1,vwap_delta_rejection,2025-02-11T00:01:00Z,2025-02-11T00:01:00Z,2025-02-11T00:05:00Z,2025-02-10T19:01:00-05:00,overnight,overnight,2025-02-11,short,vwap_bear_rejection,21797.8807,21794.5000,21797.7500,21788.0000,21788.0000,target,1.655385,2.000000,0.000000,3.2500,-117,-0.251613,0.000000,0.000000,2.409326,465,291,174,0,0,0,0,0,0,0,0,304,0
MNQ DATABENTO,1,vwap_delta_rejection,2025-02-11T00:30:00Z,2025-02-11T00:30:00Z,2025-02-11T00:33:00Z,2025-02-10T19:30:00-05:00,overnight,overnight,2025-02-11,long,vwap_bull_rejection,21796.3950,21799.0000,21795.7500,21805.5000,21805.5000,target,1.655385,2.076923,-0.307692,3.2500,198,0.572254,0.000000,0.000000,2.109113,346,74,272,0,0,0,0,0,0,0,0,169,0
MNQ DATABENTO,1,vwap_delta_rejection,2025-02-11T01:52:00Z,2025-02-11T01:52:00Z,2025-02-11T02:10:00Z,2025-02-10T20:52:00-05:00,overnight,overnight,2025-02-11,short,vwap_bear_rejection,21799.4494,21795.0000,21799.0000,21787.0000,21787.0000,target,1.720000,2.937500,-0.812500,4.0000,-129,-0.326582,0.000000,0.000000,1.735501,395,262,133,0,0,0,0,0,0,0,0,222,0
MNQ DATABENTO,1,vwap_delta_rejection,2025-02-11T05:54:00Z,2025-02-11T05:54:00Z,2025-02-11T06:01:00Z,2025-02-11T00:54:00-05:00,overnight,overnight,2025-02-11,long,vwap_bull_rejection,21787.4675,21788.5000,21787.0000,21791.5000,21787.0000,stop,-1.746667,1.333333,-1.000000,1.5000,30,0.263158,0.000000,0.000000,1.533289,114,42,72,0,0,0,0,0,0,0,0,62,0
MNQ DATABENTO,1,vwap_delta_rejection,2025-02-11T06:04:00Z,2025-02-11T06:04:00Z,2025-02-11T06:18:00Z,2025-02-11T01:04:00-05:00,overnight,overnight,2025-02-11,short,vwap_bear_rejection,21787.4503,21781.2500,21787.5000,21768.7500,21768.7500,target,1.820800,2.320000,-0.560000,6.2500,-243,-0.509434,0.000000,0.000000,6.643454,477,360,117,0,0,0,0,0,0,0,0,308,0
MNQ DATABENTO,1,vwap_delta_rejection,2025-02-11T09:10:00Z,2025-02-11T09:10:00Z,2025-02-11T09:11:00Z,2025-02-11T04:10:00-05:00,overnight,overnight,2025-02-11,long,vwap_bull_rejection,21777.9807,21783.2500,21778.5000,21792.7500,21778.5000,stop,-1.235789,1.052632,-1.105263,4.7500,197,0.429194,0.000000,0.000000,1.545455,459,131,328,0,0,0,0,0,0,0,0,258,0
MNQ DATABENTO,1,vwap_delta_rejection,2025-02-11T20:55:00Z,2025-02-11T20:55:00Z,2025-02-11T20:59:00Z,2025-02-11T15:55:00-05:00,rth_09_30_16_00,rth_close_15_00_16_00,2025-02-11,short,vwap_bear_rejection,21785.6838,21779.5000,21786.5000,21765.5000,21786.5000,stop,-1.160000,1.464286,-1.107143,7.0000,-402,-0.149220,0.000000,0.000000,1.474064,2694,1548,1146,0,0,0,0,0,0,0,0,1417,0
MNQ DATABENTO,1,vwap_delta_rejection,2025-02-11T23:06:00Z,2025-02-11T23:06:00Z,2025-02-11T23:12:00Z,2025-02-11T18:06:00-05:00,overnight,overnight,2025-02-12,short,vwap_bear_rejection,21806.3090,21798.5000,21805.5000,21784.5000,21784.5000,target,1.840000,2.428571,-0.357143,7.0000,-356,-0.477212,0.000000,0.000000,2.888674,746,551,195,0,0,0,0,0,0,0,0,450,0
MNQ DATABENTO,1,vwap_delta_rejection,2025-02-12T01:23:00Z,2025-02-12T01:23:00Z,2025-02-12T01:32:00Z,2025-02-11T20:23:00-05:00,overnight,overnight,2025-02-12,short,vwap_bear_rejection,21808.7324,21803.5000,21808.0000,21794.5000,21794.5000,target,1.751111,2.222222,-0.888889,4.5000,-115,-0.186386,0.000000,0.000000,1.659048,617,366,251,0,0,0,0,0,0,0,0,302,0
MNQ DATABENTO,1,vwap_delta_rejection,2025-02-12T08:01:00Z,2025-02-12T08:01:00Z,2025-02-12T08:15:00Z,2025-02-12T03:01:00-05:00,overnight,overnight,2025-02-12,long,vwap_bull_rejection,21800.3861,21803.2500,21797.5000,21814.7500,21797.5000,stop,-1.194783,1.652174,-1.347826,5.7500,212,0.228942,0.000000,0.000000,4.474511,926,357,569,0,0,0,0,0,0,0,0,484,0
MNQ DATABENTO,1,vwap_delta_rejection,2025-02-12T08:02:00Z,2025-02-12T08:02:00Z,2025-02-12T08:14:00Z,2025-02-12T03:02:00-05:00,overnight,overnight,2025-02-12,long,vwap_bull_rejection,21800.4500,21810.7500,21800.7500,21830.7500,21800.7500,stop,-1.112000,0.200000,-1.050000,10.0000,313,0.356086,0.000000,0.000000,3.560146,879,283,596,0,0,0,0,0,0,0,0,460,0
MNQ DATABENTO,1,vwap_delta_rejection,2025-02-12T08:15:00Z,2025-02-12T08:15:00Z,2025-02-12T08:18:00Z,2025-02-12T03:15:00-05:00,overnight,overnight,2025-02-12,short,vwap_bear_rejection,21800.6804,21798.0000,21801.5000,21791.0000,21801.5000,stop,-1.320000,0.428571,-1.285714,3.5000,-196,-0.319218,0.000000,0.000000,2.006864,614,405,209,0,0,0,0,0,0,0,0,310,0
MNQ DATABENTO,1,vwap_delta_rejection,2025-02-12T08:57:00Z,2025-02-12T08:57:00Z,2025-02-12T09:01:00Z,2025-02-12T03:57:00-05:00,overnight,overnight,2025-02-12,short,vwap_bear_rejection,21800.6894,21796.7500,21801.0000,21788.2500,21788.2500,target,1.736471,2.176471,-0.529412,4.2500,-86,-0.344000,0.000000,0.000000,1.224590,250,168,82,0,0,0,0,0,0,0,0,137,0
MNQ DATABENTO,1,vwap_delta_rejection,2025-02-12T10:58:00Z,2025-02-12T10:58:00Z,2025-02-12T11:00:00Z,2025-02-12T05:58:00-05:00,overnight,overnight,2025-02-12,short,vwap_bear_rejection,21791.4976,21788.2500,21792.2500,21780.2500,21792.2500,stop,-1.280000,0.937500,-1.062500,4.0000,-225,-0.270758,0.000000,0.000000,3.890449,831,528,303,0,0,0,0,0,0,0,0,326,0
MNQ DATABENTO,1,vwap_delta_rejection,2025-02-12T11:02:00Z,2025-02-12T11:02:00Z,2025-02-12T11:06:00Z,2025-02-12T06:02:00-05:00,overnight,overnight,2025-02-12,long,vwap_bull_rejection,21791.4894,21795.5000,21787.7500,21811.0000,21787.7500,stop,-1.144516,0.709677,-1.483871,7.7500,114,0.212687,0.000000,0.000000,1.808977,536,211,325,0,0,0,0,0,0,0,0,263,0
MNQ DATABENTO,1,vwap_delta_rejection,2025-02-12T11:46:00Z,2025-02-12T11:46:00Z,2025-02-12T11:49:00Z,2025-02-12T06:46:00-05:00,overnight,overnight,2025-02-12,short,vwap_bear_rejection,21791.0518,21787.7500,21792.2500,21778.7500,21792.2500,stop,-1.248889,0.388889,-1.277778,4.5000,-67,-0.271255,0.000000,0.000000,1.537504,247,157,90,0,0,0,0,0,0,0,0,137,0
MNQ DATABENTO,1,vwap_delta_rejection,2025-02-12T12:01:00Z,2025-02-12T12:01:00Z,2025-02-12T12:05:00Z,2025-02-12T07:01:00-05:00,overnight,overnight,2025-02-12,short,vwap_bear_rejection,21791.0322,21789.0000,21791.5000,21784.0000,21791.5000,stop,-1.448000,1.900000,-2.300000,2.5000,-74,-0.179612,0.000000,0.000000,3.203733,412,243,169,0,0,0,0,0,0,0,0,243,0
MNQ DATABENTO,1,vwap_delta_rejection,2025-02-12T16:26:00Z,2025-02-12T16:26:00Z,2025-02-12T16:28:00Z,2025-02-12T11:26:00-05:00,rth_09_30_16_00,rth_mid_11_00_11_30,2025-02-12,short,vwap_bear_rejection,21673.4561,21663.0000,21670.2500,21648.5000,21648.5000,target,1.845517,2.275862,-0.310345,7.2500,-598,-0.138747,0.000000,0.000000,1.427956,4310,2454,1856,0,0,0,0,0,0,0,0,2159,0
MNQ DATABENTO,1,vwap_delta_rejection,2025-02-12T23:40:00Z,2025-02-12T23:40:00Z,2025-02-12T23:42:00Z,2025-02-12T18:40:00-05:00,overnight,overnight,2025-02-13,long,vwap_bull_rejection,21854.7625,21858.0000,21855.2500,21863.5000,21863.5000,target,1.592727,2.545455,0.000000,2.7500,67,0.358289,0.000000,0.000000,1.262660,187,60,127,0,0,0,0,0,0,0,0,102,0
MNQ DATABENTO,1,vwap_delta_rejection,2025-02-13T07:01:00Z,2025-02-13T07:01:00Z,2025-02-13T07:08:00Z,2025-02-13T02:01:00-05:00,overnight,overnight,2025-02-13,short,vwap_bear_rejection,21892.9232,21887.5000,21893.2500,21876.0000,21876.0000,target,1.805217,2.130435,-0.434783,5.7500,-234,-0.228516,0.000000,0.000000,4.837034,1024,629,395,0,0,0,0,0,0,0,0,582,0
MNQ DATABENTO,1,vwap_delta_rejection,2025-02-13T11:47:00Z,2025-02-13T11:47:00Z,2025-02-13T12:07:00Z,2025-02-13T06:47:00-05:00,overnight,overnight,2025-02-13,short,vwap_bear_rejection,21852.4445,21831.5000,21854.7500,21785.0000,21808.2500,timeout,0.951828,1.483871,-0.279570,23.2500,-607,-0.220647,0.000000,0.000000,15.262136,2751,1679,1072,0,0,0,0,0,0,0,0,1598,0
MNQ DATABENTO,1,vwap_delta_rejection,2025-02-13T23:13:00Z,2025-02-13T23:13:00Z,2025-02-13T23:33:00Z,2025-02-13T18:13:00-05:00,overnight,overnight,2025-02-14,long,vwap_bull_rejection,22078.8042,22085.7500,22076.2500,22104.7500,22085.2500,timeout,-0.170526,1.736842,-0.368421,9.5000,128,0.247104,0.000000,0.000000,1.689773,518,195,323,0,0,0,0,0,0,0,0,286,0
MNQ DATABENTO,1,vwap_delta_rejection,2025-02-13T23:21:00Z,2025-02-13T23:21:00Z,2025-02-13T23:35:00Z,2025-02-13T18:21:00-05:00,overnight,overnight,2025-02-14,long,vwap_bull_rejection,22081.8604,22092.0000,22082.2500,22111.5000,22082.2500,stop,-1.114872,1.051282,-1.128205,9.7500,108,0.216867,0.000000,0.000000,1.405192,498,195,303,0,0,0,0,0,0,0,0,283,0
MNQ DATABENTO,1,vwap_delta_rejection,2025-02-13T23:35:00Z,2025-02-13T23:35:00Z,2025-02-13T23:42:00Z,2025-02-13T18:35:00-05:00,overnight,overnight,2025-02-14,short,vwap_bear_rejection,22086.1226,22083.0000,22086.7500,22075.5000,22086.7500,stop,-1.298667,0.666667,-1.066667,3.7500,-95,-0.248042,0.000000,0.000000,1.251839,383,239,144,0,0,0,0,0,0,0,0,220,0
MNQ DATABENTO,1,vwap_delta_rejection,2025-02-14T00:17:00Z,2025-02-14T00:17:00Z,2025-02-14T00:28:00Z,2025-02-13T19:17:00-05:00,overnight,overnight,2025-02-14,long,vwap_bull_rejection,22085.7475,22091.7500,22085.2500,22104.7500,22104.7500,target,1.827692,2.115385,-0.076923,6.5000,113,0.279012,0.000000,0.000000,1.503899,405,146,259,0,0,0,0,0,0,0,0,232,0
MNQ DATABENTO,1,vwap_delta_rejection,2025-02-14T08:40:00Z,2025-02-14T08:40:00Z,2025-02-14T09:00:00Z,2025-02-14T03:40:00-05:00,overnight,overnight,2025-02-14,short,vwap_bear_rejection,22123.0871,22112.2500,22123.0000,22090.7500,22117.7500,timeout,-0.615814,1.000000,-0.651163,10.7500,-395,-0.340811,0.000000,0.000000,4.995690,1159,777,382,0,0,0,0,0,0,0,0,595,0
MNQ DATABENTO,1,vwap_delta_rejection,2025-02-14T13:56:00Z,2025-02-14T13:56:00Z,2025-02-14T13:58:00Z,2025-02-14T08:56:00-05:00,overnight,overnight,2025-02-14,long,vwap_bull_rejection,22107.7614,22114.2500,22107.2500,22128.2500,22107.2500,stop,-1.160000,0.142857,-2.035714,7.0000,395,0.333333,0.000000,0.000000,1.624400,1185,395,790,0,0,0,0,0,0,0,0,603,0
MNQ DATABENTO,1,vwap_delta_rejection,2025-02-14T14:31:00Z,2025-02-14T14:31:00Z,2025-02-14T14:32:00Z,2025-02-14T09:31:00-05:00,rth_09_30_16_00,rth_open_09_30_11_00,2025-02-14,long,vwap_bull_rejection,22108.0132,22122.7500,22100.0000,22168.2500,22100.0000,stop,-1.049231,0.670330,-1.076923,22.7500,956,0.136650,0.000000,0.000000,8.577208,6996,3020,3976,0,0,0,0,0,0,0,0,4112,0
MNQ DATABENTO,1,vwap_delta_rejection,2025-02-14T14:42:00Z,2025-02-14T14:42:00Z,2025-02-14T14:46:00Z,2025-02-14T09:42:00-05:00,rth_09_30_16_00,rth_open_09_30_11_00,2025-02-14,short,vwap_bear_rejection,22107.8048,22097.2500,22110.2500,22071.2500,22110.2500,stop,-1.086154,0.211538,-1.057692,13.0000,-550,-0.116773,0.000000,0.000000,1.278502,4710,2630,2080,0,0,0,0,0,0,0,0,2561,0
MNQ DATABENTO,1,vwap_delta_rejection,2025-02-14T15:46:00Z,2025-02-14T15:46:00Z,2025-02-14T15:53:00Z,2025-02-14T10:46:00-05:00,rth_09_30_16_00,rth_open_09_30_11_00,2025-02-14,long,vwap_bull_rejection,22116.3580,22125.0000,22117.2500,22140.5000,22140.5000,target,1.855484,2.161290,-0.354839,7.7500,831,0.198187,0.000000,0.000000,1.374619,4193,1681,2512,0,0,0,0,0,0,0,0,2113,0
MNQ DATABENTO,1,vwap_delta_rejection,2025-02-14T16:26:00Z,2025-02-14T16:26:00Z,2025-02-14T16:46:00Z,2025-02-14T11:26:00-05:00,rth_09_30_16_00,rth_mid_11_00_11_30,2025-02-14,long,vwap_bull_rejection,22120.7177,22131.7500,22114.5000,22166.2500,22138.0000,timeout,0.297391,0.942029,-0.898551,17.2500,515,0.140749,0.000000,0.000000,1.326686,3659,1572,2087,0,0,0,0,0,0,0,0,1880,0
MNQ DATABENTO,1,vwap_delta_rejection,2025-02-14T17:49:00Z,2025-02-14T17:49:00Z,2025-02-14T17:53:00Z,2025-02-14T12:49:00-05:00,rth_09_30_16_00,rth_lunch_11_30_13_30,2025-02-14,long,vwap_bull_rejection,22121.1643,22128.5000,22120.0000,22145.5000,22145.5000,target,1.868235,2.470588,-0.058824,8.5000,626,0.303589,0.000000,0.000000,1.291939,2062,718,1344,0,0,0,0,0,0,0,0,1097,0
MNQ DATABENTO,1,vwap_delta_rejection,2025-02-16T23:16:00Z,2025-02-16T23:16:00Z,2025-02-16T23:18:00Z,2025-02-16T18:16:00-05:00,overnight,overnight,2025-02-17,long,vwap_bull_rejection,22218.1792,22223.5000,22218.7500,22233.0000,22218.7500,stop,-1.235789,0.105263,-1.789474,4.7500,396,0.429501,0.000000,0.000000,2.374147,922,263,659,0,0,0,0,0,0,0,0,573,0
MNQ DATABENTO,1,vwap_delta_rejection,2025-02-17T00:53:00Z,2025-02-17T00:53:00Z,2025-02-17T01:13:00Z,2025-02-16T19:53:00-05:00,overnight,overnight,2025-02-17,long,vwap_bull_rejection,22212.1081,22219.2500,22212.7500,22232.2500,22229.0000,timeout,1.327692,1.653846,-0.576923,6.5000,151,0.328976,0.000000,0.000000,1.234037,459,154,305,0,0,0,0,0,0,0,0,199,0
MNQ DATABENTO,1,vwap_delta_rejection,2025-02-17T09:15:00Z,2025-02-17T09:15:00Z,2025-02-17T09:21:00Z,2025-02-17T04:15:00-05:00,overnight,overnight,2025-02-17,long,vwap_bull_rejection,22241.0339,22243.0000,22240.0000,22249.0000,22240.0000,stop,-1.373333,1.500000,-1.583333,3.0000,79,0.241590,0.000000,0.000000,1.383541,327,124,203,0,0,0,0,0,0,0,0,179,0
MNQ DATABENTO,1,vwap_delta_rejection,2025-02-17T09:41:00Z,2025-02-17T09:41:00Z,2025-02-17T09:42:00Z,2025-02-17T04:41:00-05:00,overnight,overnight,2025-02-17,long,vwap_bull_rejection,22240.9889,22244.5000,22239.7500,22254.0000,22239.7500,stop,-1.235789,0.315789,-2.157895,4.7500,94,0.345588,0.000000,0.000000,1.744708,272,89,183,0,0,0,0,0,0,0,0,143,0
MNQ DATABENTO,1,vwap_delta_rejection,2025-02-17T17:01:00Z,2025-02-17T17:01:00Z,2025-02-17T17:11:00Z,2025-02-17T12:01:00-05:00,rth_09_30_16_00,rth_lunch_11_30_13_30,2025-02-17,short,vwap_bear_rejection,22235.8602,22232.7500,22237.2500,22223.7500,22223.7500,target,1.751111,2.333333,-0.500000,4.5000,-470,-0.322359,0.000000,0.000000,2.989849,1458,964,494,0,0,0,0,0,0,0,0,728,0
MNQ DATABENTO,1,vwap_delta_rejection,2025-02-18T00:14:00Z,2025-02-18T00:14:00Z,2025-02-18T00:16:00Z,2025-02-17T19:14:00-05:00,overnight,overnight,2025-02-18,long,vwap_bull_rejection,22217.0339,22219.5000,22216.7500,22225.0000,22225.0000,target,1.592727,2.818182,-0.090909,2.7500,119,0.528889,0.000000,0.000000,1.258037,225,53,172,0,0,0,0,0,0,0,0,102,0
MNQ DATABENTO,1,vwap_delta_rejection,2025-02-18T00:58:00Z,2025-02-18T00:58:00Z,2025-02-18T01:18:00Z,2025-02-17T19:58:00-05:00,overnight,overnight,2025-02-18,long,vwap_bull_rejection,22218.5061,22226.7500,22218.2500,22243.7500,22234.5000,timeout,0.780000,1.794118,-0.058824,8.5000,142,0.443750,0.000000,0.000000,1.615754,320,89,231,0,0,0,0,0,0,0,0,195,0
MNQ DATABENTO,1,vwap_delta_rejection,2025-02-18T23:28:00Z,2025-02-18T23:28:00Z,2025-02-18T23:36:00Z,2025-02-18T18:28:00-05:00,overnight,overnight,2025-02-19,short,vwap_bear_rejection,22243.2858,22238.0000,22242.7500,22228.5000,22242.7500,stop,-1.235789,1.052632,-1.789474,4.7500,-119,-0.506383,0.000000,0.000000,1.326934,235,177,58,0,0,0,0,0,0,0,0,127,0
MNQ DATABENTO,1,vwap_delta_rejection,2025-02-19T05:05:00Z,2025-02-19T05:05:00Z,2025-02-19T05:07:00Z,2025-02-19T00:05:00-05:00,overnight,overnight,2025-02-19,short,vwap_bear_rejection,22267.2642,22265.0000,22267.7500,22259.5000,22259.5000,target,1.592727,2.545455,-0.636364,2.7500,-19,-0.108571,0.000000,0.000000,1.444490,175,97,78,0,0,0,0,0,0,0,0,92,0
MNQ DATABENTO,1,vwap_delta_rejection,2025-02-19T05:07:00Z,2025-02-19T05:07:00Z,2025-02-19T05:21:00Z,2025-02-19T00:07:00-05:00,overnight,overnight,2025-02-19,short,vwap_bear_rejection,22267.2127,22263.7500,22267.0000,22257.2500,22267.0000,stop,-1.344615,1.538462,-1.000000,3.2500,-215,-0.290934,0.000000,0.000000,5.869738,739,477,262,0,0,0,0,0,0,0,0,370,0
MNQ DATABENTO,1,vwap_delta_rejection,2025-02-19T06:30:00Z,2025-02-19T06:30:00Z,2025-02-19T06:44:00Z,2025-02-19T01:30:00-05:00,overnight,overnight,2025-02-19,long,vwap_bull_rejection,22266.5460,22269.7500,22266.2500,22276.7500,22266.2500,stop,-1.320000,0.571429,-1.000000,3.5000,210,0.532995,0.000000,0.000000,5.146963,394,92,302,0,0,0,0,0,0,0,0,214,0
MNQ DATABENTO,1,vwap_delta_rejection,2025-02-19T08:40:00Z,2025-02-19T08:40:00Z,2025-02-19T08:47:00Z,2025-02-19T03:40:00-05:00,overnight,overnight,2025-02-19,long,vwap_bull_rejection,22264.4337,22271.2500,22264.7500,22284.2500,22264.7500,stop,-1.172308,0.692308,-1.346154,6.5000,226,0.343465,0.000000,0.000000,2.307557,658,216,442,0,0,0,0,0,0,0,0,347,0
MNQ DATABENTO,1,vwap_delta_rejection,2025-02-19T12:57:00Z,2025-02-19T12:57:00Z,2025-02-19T12:59:00Z,2025-02-19T07:57:00-05:00,overnight,overnight,2025-02-19,short,vwap_bear_rejection,22250.6819,22248.2500,22251.0000,22242.7500,22242.7500,target,1.592727,2.909091,-0.454545,2.7500,-63,-0.164491,0.000000,0.000000,1.291955,383,223,160,0,0,0,0,0,0,0,0,165,0
MNQ DATABENTO,1,vwap_delta_rejection,2025-02-19T12:59:00Z,2025-02-19T12:59:00Z,2025-02-19T13:00:00Z,2025-02-19T07:59:00-05:00,overnight,overnight,2025-02-19,short,vwap_bear_rejection,22250.6528,22242.7500,22249.7500,22228.7500,22228.7500,target,1.840000,2.214286,-0.107143,7.0000,-252,-0.318182,0.000000,0.000000,2.640880,792,522,270,0,0,0,0,0,0,0,0,364,0
MNQ DATABENTO,1,vwap_delta_rejection,2025-02-20T00:54:00Z,2025-02-20T00:54:00Z,2025-02-20T00:56:00Z,2025-02-19T19:54:00-05:00,overnight,overnight,2025-02-20,long,vwap_bull_rejection,22217.6959,22219.0000,22217.7500,22221.5000,22221.5000,target,1.104000,3.200000,-0.800000,1.2500,135,0.454545,0.000000,0.000000,1.548488,297,81,216,0,0,0,0,0,0,0,0,152,0
MNQ DATABENTO,1,vwap_delta_rejection,2025-02-20T00:56:00Z,2025-02-20T00:56:00Z,2025-02-20T01:00:00Z,2025-02-19T19:56:00-05:00,overnight,overnight,2025-02-20,long,vwap_bull_rejection,22217.7408,22221.0000,22217.7500,22227.5000,22227.5000,target,1.655385,2.307692,0.000000,3.2500,108,0.306818,0.000000,0.000000,1.916689,352,122,230,0,0,0,0,0,0,0,0,171,0
MNQ DATABENTO,1,vwap_delta_rejection,2025-02-20T01:09:00Z,2025-02-20T01:09:00Z,2025-02-20T01:10:00Z,2025-02-19T20:09:00-05:00,overnight,overnight,2025-02-20,short,vwap_bear_rejection,22218.4674,22215.5000,22219.0000,22208.5000,22219.0000,stop,-1.320000,0.285714,-1.000000,3.5000,-137,-0.426791,0.000000,0.000000,1.274568,321,229,92,0,0,0,0,0,0,0,0,166,0
MNQ DATABENTO,1,vwap_delta_rejection,2025-02-20T08:30:00Z,2025-02-20T08:30:00Z,2025-02-20T08:33:00Z,2025-02-20T03:30:00-05:00,overnight,overnight,2025-02-20,short,vwap_bear_rejection,22182.2148,22179.5000,22183.5000,22171.5000,22183.5000,stop,-1.280000,1.125000,-1.000000,4.0000,-146,-0.305439,0.000000,0.000000,1.394399,478,312,166,0,0,0,0,0,0,0,0,270,0
MNQ DATABENTO,1,vwap_delta_rejection,2025-02-20T09:01:00Z,2025-02-20T09:01:00Z,2025-02-20T09:02:00Z,2025-02-20T04:01:00-05:00,overnight,overnight,2025-02-20,long,vwap_bull_rejection,22182.1023,22184.2500,22180.7500,22191.2500,22180.7500,stop,-1.320000,0.285714,-1.214286,3.5000,101,0.176883,0.000000,0.000000,3.440795,571,235,336,0,0,0,0,0,0,0,0,335,0
MNQ DATABENTO,1,vwap_delta_rejection,2025-02-20T09:03:00Z,2025-02-20T09:03:00Z,2025-02-20T09:05:00Z,2025-02-20T04:03:00-05:00,overnight,overnight,2025-02-20,short,vwap_bear_rejection,22182.0865,22178.0000,22182.0000,22170.0000,22182.0000,stop,-1.280000,0.625000,-1.437500,4.0000,-79,-0.142342,0.000000,0.000000,2.902720,555,317,238,0,0,0,0,0,0,0,0,315,0
MNQ DATABENTO,1,vwap_delta_rejection,2025-02-20T11:36:00Z,2025-02-20T11:36:00Z,2025-02-20T11:43:00Z,2025-02-20T06:36:00-05:00,overnight,overnight,2025-02-20,short,vwap_bear_rejection,22185.4234,22178.0000,22185.0000,22164.0000,22185.0000,stop,-1.160000,0.428571,-1.571429,7.0000,-458,-0.383585,0.000000,0.000000,5.064687,1194,826,368,0,0,0,0,0,0,0,0,594,0
MNQ DATABENTO,1,vwap_delta_rejection,2025-02-20T12:01:00Z,2025-02-20T12:01:00Z,2025-02-20T12:11:00Z,2025-02-20T07:01:00-05:00,overnight,overnight,2025-02-20,long,vwap_bull_rejection,22185.8526,22195.0000,22182.0000,22221.0000,22182.0000,stop,-1.086154,0.576923,-1.134615,13.0000,264,0.154748,0.000000,0.000000,3.720423,1706,721,985,0,0,0,0,0,0,0,0,900,0
MNQ DATABENTO,1,vwap_delta_rejection,2025-02-20T23:24:00Z,2025-02-20T23:24:00Z,2025-02-20T23:28:00Z,2025-02-20T18:24:00-05:00,overnight,overnight,2025-02-21,short,vwap_bear_rejection,22147.2204,22143.5000,22148.0000,22134.5000,22148.0000,stop,-1.248889,0.277778,-1.000000,4.5000,-144,-0.400000,0.000000,0.000000,1.685393,360,252,108,0,0,0,0,0,0,0,0,191,0
MNQ DATABENTO,1,vwap_delta_rejection,2025-02-20T23:31:00Z,2025-02-20T23:31:00Z,2025-02-20T23:33:00Z,2025-02-20T18:31:00-05:00,overnight,overnight,2025-02-21,long,vwap_bull_rejection,22147.3910,22152.0000,22147.7500,22160.5000,22160.5000,target,1.736471,2.705882,-0.176471,4.2500,197,0.373814,0.000000,0.000000,2.811416,527,165,362,0,0,0,0,0,0,0,0,250,0
MNQ DATABENTO,1,vwap_delta_rejection,2025-02-21T00:02:00Z,2025-02-21T00:02:00Z,2025-02-21T00:22:00Z,2025-02-20T19:02:00-05:00,overnight,overnight,2025-02-21,long,vwap_bull_rejection,22155.8536,22160.5000,22155.2500,22171.0000,22155.2500,stop,-1.213333,1.619048,-2.095238,5.2500,81,0.217158,0.000000,0.000000,1.658884,373,146,227,0,0,0,0,0,0,0,0,223,0
MNQ DATABENTO,1,vwap_delta_rejection,2025-02-21T01:02:00Z,2025-02-21T01:02:00Z,2025-02-21T01:05:00Z,2025-02-20T20:02:00-05:00,overnight,overnight,2025-02-21,long,vwap_bull_rejection,22156.1233,22160.0000,22156.5000,22167.0000,22156.5000,stop,-1.320000,0.214286,-1.642857,3.5000,116,0.371795,0.000000,0.000000,2.271569,312,98,214,0,0,0,0,0,0,0,0,166,0
MNQ DATABENTO,1,vwap_delta_rejection,2025-02-21T02:49:00Z,2025-02-21T02:49:00Z,2025-02-21T03:00:00Z,2025-02-20T21:49:00-05:00,overnight,overnight,2025-02-21,long,vwap_bull_rejection,22150.4531,22155.2500,22150.2500,22165.2500,22150.2500,stop,-1.224000,0.650000,-1.300000,5.0000,214,0.469298,0.000000,0.000000,3.727013,456,121,335,0,0,0,0,0,0,0,0,257,0
MNQ DATABENTO,1,vwap_delta_rejection,2025-02-21T03:24:00Z,2025-02-21T03:24:00Z,2025-02-21T03:26:00Z,2025-02-20T22:24:00-05:00,overnight,overnight,2025-02-21,long,vwap_bull_rejection,22150.4742,22153.2500,22150.7500,22158.2500,22150.7500,stop,-1.448000,0.500000,-1.100000,2.5000,44,0.323529,0.000000,0.000000,1.399897,136,46,90,0,0,0,0,0,0,0,0,73,0
MNQ DATABENTO,1,vwap_delta_rejection,2025-02-21T03:28:00Z,2025-02-21T03:28:00Z,2025-02-21T03:29:00Z,2025-02-20T22:28:00-05:00,overnight,overnight,2025-02-21,short,vwap_bear_rejection,22150.4800,22148.5000,22150.7500,22144.0000,22150.7500,stop,-1.497778,0.111111,-1.333333,2.2500,-31,-0.223022,0.000000,0.000000,1.360078,139,85,54,0,0,0,0,0,0,0,0,85,0
MNQ DATABENTO,1,vwap_delta_rejection,2025-02-21T07:52:00Z,2025-02-21T07:52:00Z,2025-02-21T07:54:00Z,2025-02-21T02:52:00-05:00,overnight,overnight,2025-02-21,long,vwap_bull_rejection,22145.2921,22149.5000,22144.5000,22159.5000,22144.5000,stop,-1.224000,0.000000,-1.300000,5.0000,29,0.169591,0.000000,0.000000,1.231988,171,71,100,0,0,0,0,0,0,0,0,120,0
MNQ DATABENTO,1,vwap_delta_rejection,2025-02-21T08:48:00Z,2025-02-21T08:48:00Z,2025-02-21T09:08:00Z,2025-02-21T03:48:00-05:00,overnight,overnight,2025-02-21,long,vwap_bull_rejection,22142.3966,22148.7500,22142.2500,22161.7500,22142.2500,stop,-1.172308,1.961538,-1.076923,6.5000,181,0.434053,0.000000,0.000000,1.291022,417,118,299,0,0,0,0,0,0,0,0,251,0
MNQ DATABENTO,1,vwap_delta_rejection,2025-02-21T14:32:00Z,2025-02-21T14:32:00Z,2025-02-21T14:36:00Z,2025-02-21T09:32:00-05:00,rth_09_30_16_00,rth_open_09_30_11_00,2025-02-21,short,vwap_bear_rejection,22169.9929,22138.5000,22170.0000,22075.5000,22170.0000,stop,-1.035556,0.087302,-1.206349,31.5000,-1342,-0.119907,0.000000,0.000000,7.752572,11192,6267,4925,0,0,0,0,0,0,0,0,5871,0
MNQ DATABENTO,1,vwap_delta_rejection,2025-02-23T23:06:00Z,2025-02-23T23:06:00Z,2025-02-23T23:26:00Z,2025-02-23T18:06:00-05:00,overnight,overnight,2025-02-24,long,vwap_bull_rejection,21704.0064,21723.5000,21703.5000,21763.5000,21747.5000,timeout,1.144000,1.425000,-0.250000,20.0000,161,0.117949,0.000000,0.000000,1.935072,1365,602,763,0,0,0,0,0,0,0,0,961,0
MNQ DATABENTO,1,vwap_delta_rejection,2025-02-24T02:06:00Z,2025-02-24T02:06:00Z,2025-02-24T02:08:00Z,2025-02-23T21:06:00-05:00,overnight,overnight,2025-02-24,long,vwap_bull_rejection,21752.7328,21759.2500,21753.0000,21771.7500,21753.0000,stop,-1.179200,0.440000,-1.080000,6.2500,156,0.219101,0.000000,0.000000,2.135893,712,278,434,0,0,0,0,0,0,0,0,392,0
MNQ DATABENTO,1,vwap_delta_rejection,2025-02-24T10:32:00Z,2025-02-24T10:32:00Z,2025-02-24T10:38:00Z,2025-02-24T05:32:00-05:00,overnight,overnight,2025-02-24,long,vwap_bull_rejection,21763.4584,21771.0000,21763.5000,21786.0000,21763.5000,stop,-1.149333,0.400000,-1.033333,7.5000,151,0.380353,0.000000,0.000000,1.551084,397,123,274,0,0,0,0,0,0,0,0,203,0
MNQ DATABENTO,1,vwap_delta_rejection,2025-02-24T11:01:00Z,2025-02-24T11:01:00Z,2025-02-24T11:21:00Z,2025-02-24T06:01:00-05:00,overnight,overnight,2025-02-24,short,vwap_bear_rejection,21763.4617,21754.2500,21776.0000,21710.7500,21776.0000,stop,-1.051494,0.241379,-1.034483,21.7500,-327,-0.102347,0.000000,0.000000,13.671374,3195,1761,1434,0,0,0,0,0,0,0,0,1643,0
MNQ DATABENTO,1,vwap_delta_rejection,2025-02-24T12:04:00Z,2025-02-24T12:04:00Z,2025-02-24T12:20:00Z,2025-02-24T07:04:00-05:00,overnight,overnight,2025-02-24,short,vwap_bear_rejection,21763.8935,21751.7500,21762.5000,21730.2500,21762.5000,stop,-1.104186,0.883721,-1.441860,10.7500,-425,-0.466520,0.000000,0.000000,2.647102,911,668,243,0,0,0,0,0,0,0,0,477,0
MNQ DATABENTO,1,vwap_delta_rejection,2025-02-24T13:16:00Z,2025-02-24T13:16:00Z,2025-02-24T13:36:00Z,2025-02-24T08:16:00-05:00,overnight,overnight,2025-02-24,long,vwap_bull_rejection,21763.3450,21773.5000,21763.0000,21794.5000,21775.0000,timeout,0.036190,1.190476,-0.785714,10.5000,107,0.167449,0.000000,0.000000,1.627818,639,266,373,0,0,0,0,0,0,0,0,399,0
MNQ DATABENTO,1,vwap_delta_rejection,2025-02-24T14:28:00Z,2025-02-24T14:28:00Z,2025-02-24T14:33:00Z,2025-02-24T09:28:00-05:00,overnight,overnight,2025-02-24,short,vwap_bear_rejection,21764.9759,21742.7500,21763.7500,21700.7500,21763.7500,stop,-1.053333,0.511905,-2.809524,21.0000,-807,-0.259736,0.000000,0.000000,3.298652,3107,1957,1150,0,0,0,0,0,0,0,0,1786,0
MNQ DATABENTO,1,vwap_delta_rejection,2025-02-24T17:32:00Z,2025-02-24T17:32:00Z,2025-02-24T17:37:00Z,2025-02-24T12:32:00-05:00,rth_09_30_16_00,rth_lunch_11_30_13_30,2025-02-24,short,vwap_bear_rejection,21629.4320,21611.7500,21627.2500,21580.7500,21627.2500,stop,-1.072258,0.145161,-1.467742,15.5000,-896,-0.224000,0.000000,0.000000,1.391934,4000,2448,1552,0,0,0,0,0,0,0,0,1969,0
MNQ DATABENTO,1,vwap_delta_rejection,2025-02-24T17:55:00Z,2025-02-24T17:55:00Z,2025-02-24T17:57:00Z,2025-02-24T12:55:00-05:00,rth_09_30_16_00,rth_lunch_11_30_13_30,2025-02-24,short,vwap_bear_rejection,21629.6142,21614.7500,21627.7500,21588.7500,21627.7500,stop,-1.086154,0.192308,-1.461538,13.0000,-534,-0.168348,0.000000,0.000000,1.690696,3172,1853,1319,0,0,0,0,0,0,0,0,1591,0
MNQ DATABENTO,1,vwap_delta_rejection,2025-02-24T23:10:00Z,2025-02-24T23:10:00Z,2025-02-24T23:11:00Z,2025-02-24T18:10:00-05:00,overnight,overnight,2025-02-25,short,vwap_bear_rejection,21438.3754,21434.5000,21437.0000,21429.5000,21437.0000,stop,-1.448000,0.700000,-3.000000,2.5000,-86,-0.133956,0.000000,0.000000,1.480115,642,364,278,0,0,0,0,0,0,0,0,341,0
MNQ DATABENTO,1,vwap_delta_rejection,2025-02-24T23:32:00Z,2025-02-24T23:32:00Z,2025-02-24T23:35:00Z,2025-02-24T18:32:00-05:00,overnight,overnight,2025-02-25,short,vwap_bear_rejection,21434.4603,21427.2500,21436.0000,21409.7500,21409.7500,target,1.872000,3.742857,-0.085714,8.7500,-44,-0.120219,0.000000,0.000000,1.304348,366,205,161,0,0,0,0,0,0,0,0,198,0
MNQ DATABENTO,1,vwap_delta_rejection,2025-02-25T02:26:00Z,2025-02-25T02:26:00Z,2025-02-25T02:31:00Z,2025-02-24T21:26:00-05:00,overnight,overnight,2025-02-25,long,vwap_bull_rejection,21423.7999,21429.5000,21422.7500,21443.0000,21422.7500,stop,-1.165926,0.777778,-1.407407,6.7500,105,0.167464,0.000000,0.000000,1.664675,627,261,366,0,0,0,0,0,0,0,0,404,0
MNQ DATABENTO,1,vwap_delta_rejection,2025-02-25T04:52:00Z,2025-02-25T04:52:00Z,2025-02-25T04:59:00Z,2025-02-24T23:52:00-05:00,overnight,overnight,2025-02-25,long,vwap_bull_rejection,21425.0991,21425.2500,21422.2500,21431.2500,21422.2500,stop,-1.373333,0.916667,-2.000000,3.0000,33,0.106109,0.000000,0.000000,2.356061,311,139,172,0,0,0,0,0,0,0,0,156,0
MNQ DATABENTO,1,vwap_delta_rejection,2025-02-25T04:59:00Z,2025-02-25T04:59:00Z,2025-02-25T05:01:00Z,2025-02-24T23:59:00-05:00,overnight,overnight,2025-02-25,short,vwap_bear_rejection,21425.0964,21423.2500,21424.7500,21420.2500,21424.7500,stop,-1.746667,1.500000,-2.333333,1.5000,-47,-0.188755,0.000000,0.000000,1.661662,249,148,101,0,0,0,0,0,0,0,0,130,0
MNQ DATABENTO,1,vwap_delta_rejection,2025-02-25T07:01:00Z,2025-02-25T07:01:00Z,2025-02-25T07:02:00Z,2025-02-25T02:01:00-05:00,overnight,overnight,2025-02-25,short,vwap_bear_rejection,21425.4004,21419.2500,21425.5000,21406.7500,21406.7500,target,1.820800,2.160000,0.000000,6.2500,-76,-0.114804,0.000000,0.000000,2.257075,662,369,293,0,0,0,0,0,0,0,0,378,0
MNQ DATABENTO,1,vwap_delta_rejection,2025-02-25T11:46:00Z,2025-02-25T11:46:00Z,2025-02-25T12:06:00Z,2025-02-25T06:46:00-05:00,overnight,overnight,2025-02-25,short,vwap_bear_rejection,21381.9694,21370.2500,21380.5000,21349.7500,21377.7500,timeout,-0.840976,1.097561,-0.878049,10.2500,-108,-0.102079,0.000000,0.000000,1.747172,1058,583,475,0,0,0,0,0,0,0,0,630,0
MNQ DATABENTO,1,vwap_delta_rejection,2025-02-25T14:26:00Z,2025-02-25T14:26:00Z,2025-02-25T14:30:00Z,2025-02-25T09:26:00-05:00,overnight,overnight,2025-02-25,short,vwap_bear_rejection,21387.5782,21370.0000,21387.7500,21334.5000,21387.7500,stop,-1.063099,0.676056,-1.830986,17.7500,-638,-0.147140,0.000000,0.000000,5.123479,4336,2487,1849,0,0,0,0,0,0,0,0,2647,0
MNQ DATABENTO,1,vwap_delta_rejection,2025-02-25T14:41:00Z,2025-02-25T14:41:00Z,2025-02-25T14:52:00Z,2025-02-25T09:41:00-05:00,rth_09_30_16_00,rth_open_09_30_11_00,2025-02-25,short,vwap_bear_rejection,21382.1320,21342.7500,21378.2500,21271.7500,21271.7500,target,1.968451,2.542254,-0.619718,35.5000,-1228,-0.143929,0.000000,0.000000,1.441715,8532,4880,3652,0,0,0,0,0,0,0,0,4704,0
MNQ DATABENTO,1,vwap_delta_rejection,2025-02-25T18:40:00Z,2025-02-25T18:40:00Z,2025-02-25T18:42:00Z,2025-02-25T13:40:00-05:00,rth_09_30_16_00,rth_afternoon_13_30_15_00,2025-02-25,long,vwap_bull_rejection,21230.0066,21243.2500,21231.2500,21267.2500,21231.2500,stop,-1.093333,0.375000,-1.208333,12.0000,452,0.118201,0.000000,0.000000,1.407383,3824,1686,2138,0,0,0,0,0,0,0,0,2085,0
MNQ DATABENTO,1,vwap_delta_rejection,2025-02-25T23:37:00Z,2025-02-25T23:37:00Z,2025-02-25T23:42:00Z,2025-02-25T18:37:00-05:00,overnight,overnight,2025-02-26,short,vwap_bear_rejection,21225.3039,21222.0000,21225.5000,21215.0000,21225.5000,stop,-1.320000,1.857143,-1.000000,3.5000,-73,-0.265455,0.000000,0.000000,1.577740,275,174,101,0,0,0,0,0,0,0,0,160,0
MNQ DATABENTO,1,vwap_delta_rejection,2025-02-25T23:46:00Z,2025-02-25T23:46:00Z,2025-02-25T23:48:00Z,2025-02-25T18:46:00-05:00,overnight,overnight,2025-02-26,short,vwap_bear_rejection,21224.6965,21217.2500,21224.2500,21203.2500,21224.2500,stop,-1.160000,0.892857,-1.000000,7.0000,-76,-0.306452,0.000000,0.000000,1.379310,248,162,86,0,0,0,0,0,0,0,0,148,0
MNQ DATABENTO,1,vwap_delta_rejection,2025-02-26T00:03:00Z,2025-02-26T00:03:00Z,2025-02-26T00:08:00Z,2025-02-25T19:03:00-05:00,overnight,overnight,2025-02-26,long,vwap_bull_rejection,21223.9887,21232.0000,21224.7500,21246.5000,21224.7500,stop,-1.154483,0.724138,-1.310345,7.2500,144,0.411429,0.000000,0.000000,1.648999,350,103,247,0,0,0,0,0,0,0,0,184,0
MNQ DATABENTO,1,vwap_delta_rejection,2025-02-26T12:57:00Z,2025-02-26T12:57:00Z,2025-02-26T13:05:00Z,2025-02-26T07:57:00-05:00,overnight,overnight,2025-02-26,long,vwap_bull_rejection,21272.1564,21284.5000,21273.5000,21306.5000,21273.5000,stop,-1.101818,1.272727,-1.045455,11.0000,135,0.177398,0.000000,0.000000,1.319005,761,313,448,0,0,0,0,0,0,0,0,448,0
MNQ DATABENTO,1,vwap_delta_rejection,2025-02-26T17:51:00Z,2025-02-26T17:51:00Z,2025-02-26T17:52:00Z,2025-02-26T12:51:00-05:00,rth_09_30_16_00,rth_lunch_11_30_13_30,2025-02-26,short,vwap_bear_rejection,21306.4748,21303.5000,21308.2500,21294.0000,21294.0000,target,1.764211,4.736842,-0.052632,4.7500,-764,-0.186888,0.000000,0.000000,1.236072,4088,2426,1662,0,0,0,0,0,0,0,0,2271,0
MNQ DATABENTO,1,vwap_delta_rejection,2025-02-26T21:25:00Z,2025-02-26T21:25:00Z,2025-02-26T21:27:00Z,2025-02-26T16:25:00-05:00,overnight,overnight,2025-02-26,short,vwap_bear_rejection,21261.9738,21244.0000,21260.7500,21210.5000,21210.5000,target,1.933134,3.000000,-0.402985,16.7500,-231,-0.116139,0.000000,0.000000,1.326221,1989,1110,879,0,0,0,0,0,0,0,0,1166,0
MNQ DATABENTO,1,vwap_delta_rejection,2025-02-26T23:21:00Z,2025-02-26T23:21:00Z,2025-02-26T23:23:00Z,2025-02-26T18:21:00-05:00,overnight,overnight,2025-02-27,short,vwap_bear_rejection,21236.1429,21230.5000,21235.2500,21221.0000,21221.0000,target,1.764211,5.736842,-0.526316,4.7500,-128,-0.107023,0.000000,0.000000,1.963875,1196,662,534,0,0,0,0,0,0,0,0,667,0
MNQ DATABENTO,1,vwap_delta_rejection,2025-02-27T01:41:00Z,2025-02-27T01:41:00Z,2025-02-27T01:45:00Z,2025-02-26T20:41:00-05:00,overnight,overnight,2025-02-27,long,vwap_bull_rejection,21180.3480,21190.7500,21180.7500,21210.7500,21180.7500,stop,-1.112000,0.200000,-1.450000,10.0000,150,0.237342,0.000000,0.000000,1.274194,632,241,391,0,0,0,0,0,0,0,0,379,0
MNQ DATABENTO,1,vwap_delta_rejection,2025-02-27T02:16:00Z,2025-02-27T02:16:00Z,2025-02-27T02:20:00Z,2025-02-26T21:16:00-05:00,overnight,overnight,2025-02-27,short,vwap_bear_rejection,21179.4726,21174.0000,21181.0000,21160.0000,21181.0000,stop,-1.160000,0.464286,-1.928571,7.0000,-164,-0.224044,0.000000,0.000000,1.641440,732,448,284,0,0,0,0,0,0,0,0,429,0
MNQ DATABENTO,1,vwap_delta_rejection,2025-02-27T02:20:00Z,2025-02-27T02:20:00Z,2025-02-27T02:22:00Z,2025-02-26T21:20:00-05:00,overnight,overnight,2025-02-27,long,vwap_bull_rejection,21179.4614,21185.2500,21178.7500,21198.2500,21198.2500,target,1.827692,3.346154,0.000000,6.5000,91,0.132075,0.000000,0.000000,1.452055,689,299,390,0,0,0,0,0,0,0,0,432,0
MNQ DATABENTO,1,vwap_delta_rejection,2025-02-27T23:05:00Z,2025-02-27T23:05:00Z,2025-02-27T23:12:00Z,2025-02-27T18:05:00-05:00,overnight,overnight,2025-02-28,long,vwap_bull_rejection,20661.9946,20670.0000,20659.7500,20690.5000,20659.7500,stop,-1.109268,0.268293,-1.658537,10.2500,187,0.255814,0.000000,0.000000,1.419004,731,272,459,0,0,0,0,0,0,0,0,446,0
MNQ DATABENTO,1,vwap_delta_rejection,2025-02-27T23:31:00Z,2025-02-27T23:31:00Z,2025-02-27T23:34:00Z,2025-02-27T18:31:00-05:00,overnight,overnight,2025-02-28,long,vwap_bull_rejection,20658.0610,20668.2500,20657.7500,20689.2500,20657.7500,stop,-1.106667,0.452381,-1.071429,10.5000,230,0.317680,0.000000,0.000000,1.874434,724,247,477,0,0,0,0,0,0,0,0,450,0
MNQ DATABENTO,1,vwap_delta_rejection,2025-02-27T23:46:00Z,2025-02-27T23:46:00Z,2025-02-27T23:47:00Z,2025-02-27T18:46:00-05:00,overnight,overnight,2025-02-28,short,vwap_bear_rejection,20661.3258,20656.5000,20660.5000,20648.5000,20660.5000,stop,-1.280000,1.062500,-1.312500,4.0000,-181,-0.200000,0.000000,0.000000,1.850337,905,543,362,0,0,0,0,0,0,0,0,479,0
MNQ DATABENTO,1,vwap_delta_rejection,2025-02-27T23:56:00Z,2025-02-27T23:56:00Z,2025-02-28T00:01:00Z,2025-02-27T18:56:00-05:00,overnight,overnight,2025-02-28,long,vwap_bull_rejection,20661.6590,20666.7500,20661.5000,20677.2500,20677.2500,target,1.786667,3.333333,-0.142857,5.2500,256,0.335079,0.000000,0.000000,1.334964,764,254,510,0,0,0,0,0,0,0,0,427,0
MNQ DATABENTO,1,vwap_delta_rejection,2025-02-28T01:22:00Z,2025-02-28T01:22:00Z,2025-02-28T01:24:00Z,2025-02-27T20:22:00-05:00,overnight,overnight,2025-02-28,long,vwap_bull_rejection,20656.0707,20664.7500,20657.5000,20679.2500,20657.5000,stop,-1.154483,0.344828,-1.137931,7.2500,245,0.369532,0.000000,0.000000,1.295175,663,209,454,0,0,0,0,0,0,0,0,271,0
MNQ DATABENTO,1,vwap_delta_rejection,2025-02-28T02:00:00Z,2025-02-28T02:00:00Z,2025-02-28T02:01:00Z,2025-02-27T21:00:00-05:00,overnight,overnight,2025-02-28,short,vwap_bear_rejection,20638.4485,20625.7500,20639.0000,20599.2500,20639.0000,stop,-1.084528,1.415094,-1.509434,13.2500,-316,-0.247649,0.000000,0.000000,1.837161,1276,796,480,0,0,0,0,0,0,0,0,761,0
MNQ DATABENTO,1,vwap_delta_rejection,2025-02-28T05:01:00Z,2025-02-28T05:01:00Z,2025-02-28T05:21:00Z,2025-02-28T00:01:00-05:00,overnight,overnight,2025-02-28,long,vwap_bull_rejection,20611.8357,20627.7500,20612.5000,20658.2500,20631.5000,timeout,0.172459,1.180328,-0.196721,15.2500,174,0.116155,0.000000,0.000000,2.872483,1498,662,836,0,0,0,0,0,0,0,0,963,0
MNQ DATABENTO,1,vwap_delta_rejection,2025-02-28T18:56:00Z,2025-02-28T18:56:00Z,2025-02-28T19:16:00Z,2025-02-28T13:56:00-05:00,rth_09_30_16_00,rth_afternoon_13_30_15_00,2025-02-28,short,vwap_bear_rejection,20630.9503,20598.7500,20631.5000,20533.2500,20571.2500,timeout,0.805496,1.877863,-0.305344,32.7500,-1142,-0.241438,0.000000,0.000000,1.208097,4730,2936,1794,0,0,0,0,0,0,0,0,2592,0
MNQ DATABENTO,1,vwap_delta_rejection,2025-03-02T23:06:00Z,2025-03-02T23:06:00Z,2025-03-02T23:09:00Z,2025-03-02T18:06:00-05:00,overnight,overnight,2025-03-03,long,vwap_bull_rejection,20988.4097,20991.5000,20983.0000,21008.5000,21008.5000,target,1.868235,2.382353,-0.382353,8.5000,338,0.178270,0.000000,0.000000,3.075925,1896,779,1117,0,0,0,0,0,0,0,0,1263,0
MNQ DATABENTO,1,vwap_delta_rejection,2025-03-03T01:55:00Z,2025-03-03T01:55:00Z,2025-03-03T02:02:00Z,2025-03-02T20:55:00-05:00,overnight,overnight,2025-03-03,long,vwap_bull_rejection,20931.1346,20938.0000,20930.2500,20953.5000,20953.5000,target,1.855484,2.032258,-0.161290,7.7500,361,0.285375,0.000000,0.000000,2.236168,1265,452,813,0,0,0,0,0,0,0,0,580,0
MNQ DATABENTO,1,vwap_delta_rejection,2025-03-03T02:36:00Z,2025-03-03T02:36:00Z,2025-03-03T02:48:00Z,2025-03-02T21:36:00-05:00,overnight,overnight,2025-03-03,long,vwap_bull_rejection,20932.5152,20942.7500,20932.2500,20963.7500,20932.2500,stop,-1.106667,0.500000,-1.000000,10.5000,283,0.367056,0.000000,0.000000,1.801823,771,244,527,0,0,0,0,0,0,0,0,398,0
MNQ DATABENTO,1,vwap_delta_rejection,2025-03-03T14:50:00Z,2025-03-03T14:50:00Z,2025-03-03T14:57:00Z,2025-03-03T09:50:00-05:00,rth_09_30_16_00,rth_open_09_30_11_00,2025-03-03,short,vwap_bear_rejection,20988.7877,20941.2500,20986.2500,20851.2500,20851.2500,target,1.975111,2.094444,-0.505556,45.0000,-2268,-0.175596,0.000000,0.000000,1.442435,12916,7592,5324,0,0,0,0,0,0,0,0,7122,0
MNQ DATABENTO,1,vwap_delta_rejection,2025-03-03T15:31:00Z,2025-03-03T15:31:00Z,2025-03-03T15:32:00Z,2025-03-03T10:31:00-05:00,rth_09_30_16_00,rth_open_09_30_11_00,2025-03-03,long,vwap_bull_rejection,20950.9043,20971.0000,20952.2500,21008.5000,20952.2500,stop,-1.059733,0.346667,-1.306667,18.7500,1540,0.131759,0.000000,0.000000,1.699418,11688,5074,6614,0,0,0,0,0,0,0,0,6960,0
MNQ DATABENTO,1,vwap_delta_rejection,2025-03-03T17:46:00Z,2025-03-03T17:46:00Z,2025-03-03T17:55:00Z,2025-03-03T12:46:00-05:00,rth_09_30_16_00,rth_lunch_11_30_13_30,2025-03-03,short,vwap_bear_rejection,20938.6474,20918.2500,20939.5000,20875.7500,20875.7500,target,1.947294,2.435294,-0.152941,21.2500,-834,-0.223953,0.000000,0.000000,1.601479,3724,2279,1445,0,0,0,0,0,0,0,0,1992,0
MNQ DATABENTO,1,vwap_delta_rejection,2025-03-04T00:08:00Z,2025-03-04T00:08:00Z,2025-03-04T00:09:00Z,2025-03-03T19:08:00-05:00,overnight,overnight,2025-03-04,long,vwap_bull_rejection,20521.2925,20524.5000,20522.2500,20529.0000,20522.2500,stop,-1.497778,1.333333,-3.888889,2.2500,152,0.186275,0.000000,0.000000,1.282817,816,332,484,0,0,0,0,0,0,0,0,436,0
MNQ DATABENTO,1,vwap_delta_rejection,2025-03-04T00:10:00Z,2025-03-04T00:10:00Z,2025-03-04T00:18:00Z,2025-03-03T19:10:00-05:00,overnight,overnight,2025-03-04,short,vwap_bear_rejection,20520.8630,20499.5000,20521.0000,20456.5000,20521.0000,stop,-1.052093,0.313953,-1.116279,21.5000,-385,-0.323258,0.000000,0.000000,1.864287,1191,788,403,0,0,0,0,0,0,0,0,681,0
MNQ DATABENTO,1,vwap_delta_rejection,2025-03-04T00:53:00Z,2025-03-04T00:53:00Z,2025-03-04T00:57:00Z,2025-03-03T19:53:00-05:00,overnight,overnight,2025-03-04,long,vwap_bull_rejection,20518.9227,20528.5000,20520.0000,20545.5000,20545.5000,target,1.868235,2.147059,-0.411765,8.5000,126,0.101286,0.000000,0.000000,1.884563,1244,559,685,0,0,0,0,0,0,0,0,801,0
MNQ DATABENTO,1,vwap_delta_rejection,2025-03-04T01:19:00Z,2025-03-04T01:19:00Z,2025-03-04T01:21:00Z,2025-03-03T20:19:00-05:00,overnight,overnight,2025-03-04,short,vwap_bear_rejection,20522.6709,20514.7500,20521.5000,20501.2500,20501.2500,target,1.834074,2.888889,-0.148148,6.7500,-212,-0.253589,0.000000,0.000000,1.230860,836,524,312,0,0,0,0,0,0,0,0,493,0
MNQ DATABENTO,1,vwap_delta_rejection,2025-03-04T17:22:00Z,2025-03-04T17:22:00Z,2025-03-04T17:42:00Z,2025-03-04T12:22:00-05:00,rth_09_30_16_00,rth_lunch_11_30_13_30,2025-03-04,long,vwap_bull_rejection,20322.4457,20369.7500,20326.5000,20456.2500,20368.2500,timeout,-0.060578,1.456647,-0.901734,43.2500,1244,0.253567,0.000000,0.000000,1.480677,4906,1831,3075,0,0,0,0,0,0,0,0,2862,0
MNQ DATABENTO,1,vwap_delta_rejection,2025-03-04T23:04:00Z,2025-03-04T23:04:00Z,2025-03-04T23:24:00Z,2025-03-04T18:04:00-05:00,overnight,overnight,2025-03-05,long,vwap_bull_rejection,20547.0793,20564.2500,20549.5000,20593.7500,20558.0000,timeout,-0.499661,0.830508,-0.779661,14.7500,140,0.292887,0.000000,0.000000,1.220789,478,169,309,0,0,0,0,0,0,0,0,358,0
MNQ DATABENTO,1,vwap_delta_rejection,2025-03-04T23:49:00Z,2025-03-04T23:49:00Z,2025-03-04T23:51:00Z,2025-03-04T18:49:00-05:00,overnight,overnight,2025-03-05,short,vwap_bear_rejection,20569.3638,20562.7500,20569.5000,20549.2500,20569.5000,stop,-1.165926,0.333333,-1.555556,6.7500,-116,-0.221374,0.000000,0.000000,1.271382,524,320,204,0,0,0,0,0,0,0,0,350,0
MNQ DATABENTO,1,vwap_delta_rejection,2025-03-05T00:15:00Z,2025-03-05T00:15:00Z,2025-03-05T00:16:00Z,2025-03-04T19:15:00-05:00,overnight,overnight,2025-03-05,short,vwap_bear_rejection,20570.8515,20566.2500,20570.0000,20558.7500,20558.7500,target,1.701333,2.666667,-0.800000,3.7500,-154,-0.276978,0.000000,0.000000,1.227373,556,355,201,0,0,0,0,0,0,0,0,320,0
MNQ DATABENTO,1,vwap_delta_rejection,2025-03-05T00:16:00Z,2025-03-05T00:16:00Z,2025-03-05T00:23:00Z,2025-03-04T19:16:00-05:00,overnight,overnight,2025-03-05,short,vwap_bear_rejection,20570.6012,20556.2500,20569.5000,20529.7500,20529.7500,target,1.915472,2.094340,-0.320755,13.2500,-94,-0.120513,0.000000,0.000000,1.669163,780,437,343,0,0,0,0,0,0,0,0,505,0
MNQ DATABENTO,1,vwap_delta_rejection,2025-03-05T03:39:00Z,2025-03-05T03:39:00Z,2025-03-05T03:41:00Z,2025-03-04T22:39:00-05:00,overnight,overnight,2025-03-05,short,vwap_bear_rejection,20519.2006,20507.0000,20518.0000,20485.0000,20518.0000,stop,-1.101818,0.340909,-1.045455,11.0000,-247,-0.247743,0.000000,0.000000,1.971330,997,622,375,0,0,0,0,0,0,0,0,612,0
MNQ DATABENTO,1,vwap_delta_rejection,2025-03-05T05:19:00Z,2025-03-05T05:19:00Z,2025-03-05T05:20:00Z,2025-03-05T00:19:00-05:00,overnight,overnight,2025-03-05,short,vwap_bear_rejection,20522.6878,20518.0000,20521.5000,20511.0000,20521.5000,stop,-1.320000,0.142857,-1.500000,3.5000,-96,-0.191235,0.000000,0.000000,1.641596,502,299,203,0,0,0,0,0,0,0,0,307,0
MNQ DATABENTO,1,vwap_delta_rejection,2025-03-05T06:31:00Z,2025-03-05T06:31:00Z,2025-03-05T06:32:00Z,2025-03-05T01:31:00-05:00,overnight,overnight,2025-03-05,long,vwap_bull_rejection,20524.0692,20527.5000,20523.7500,20535.0000,20523.7500,stop,-1.298667,0.000000,-1.133333,3.7500,74,0.171296,0.000000,0.000000,1.433311,432,179,253,0,0,0,0,0,0,0,0,289,0
MNQ DATABENTO,1,vwap_delta_rejection,2025-03-05T08:06:00Z,2025-03-05T08:06:00Z,2025-03-05T08:10:00Z,2025-03-05T03:06:00-05:00,overnight,overnight,2025-03-05,long,vwap_bull_rejection,20527.1729,20533.0000,20521.7500,20555.5000,20521.7500,stop,-1.099556,0.600000,-1.688889,11.2500,118,0.103147,0.000000,0.000000,1.931780,1144,513,631,0,0,0,0,0,0,0,0,588,0
MNQ DATABENTO,1,vwap_delta_rejection,2025-03-05T08:10:00Z,2025-03-05T08:10:00Z,2025-03-05T08:11:00Z,2025-03-05T03:10:00-05:00,overnight,overnight,2025-03-05,short,vwap_bear_rejection,20527.1893,20517.7500,20527.5000,20498.2500,20527.5000,stop,-1.114872,0.487179,-1.179487,9.7500,-268,-0.238434,0.000000,0.000000,1.663953,1124,696,428,0,0,0,0,0,0,0,0,669,0
MNQ DATABENTO,1,vwap_delta_rejection,2025-03-05T10:58:00Z,2025-03-05T10:58:00Z,2025-03-05T11:03:00Z,2025-03-05T05:58:00-05:00,overnight,overnight,2025-03-05,long,vwap_bull_rejection,20539.7991,20555.5000,20539.0000,20588.5000,20539.0000,stop,-1.067879,0.090909,-1.090909,16.5000,101,0.116494,0.000000,0.000000,1.611824,867,383,484,0,0,0,0,0,0,0,0,498,0
MNQ DATABENTO,1,vwap_delta_rejection,2025-03-05T11:09:00Z,2025-03-05T11:09:00Z,2025-03-05T11:10:00Z,2025-03-05T06:09:00-05:00,overnight,overnight,2025-03-05,short,vwap_bear_rejection,20539.8477,20535.0000,20540.5000,20524.0000,20540.5000,stop,-1.203636,0.136364,-1.636364,5.5000,-145,-0.134633,0.000000,0.000000,2.084180,1077,611,466,0,0,0,0,0,0,0,0,609,0
MNQ DATABENTO,1,vwap_delta_rejection,2025-03-05T11:44:00Z,2025-03-05T11:44:00Z,2025-03-05T11:52:00Z,2025-03-05T06:44:00-05:00,overnight,overnight,2025-03-05,long,vwap_bull_rejection,20539.9044,20551.7500,20539.5000,20576.2500,20539.5000,stop,-1.091429,0.489796,-1.897959,12.2500,116,0.241667,0.000000,0.000000,1.212121,480,182,298,0,0,0,0,0,0,0,0,293,0
MNQ DATABENTO,1,vwap_delta_rejection,2025-03-05T17:23:00Z,2025-03-05T17:23:00Z,2025-03-05T17:43:00Z,2025-03-05T12:23:00-05:00,rth_09_30_16_00,rth_lunch_11_30_13_30,2025-03-05,long,vwap_bull_rejection,20418.7073,20453.2500,20423.5000,20512.7500,20507.5000,timeout,1.785882,1.974790,-0.672269,29.7500,847,0.194400,0.000000,0.000000,1.237907,4357,1755,2602,0,0,0,0,0,0,0,0,2437,0
MNQ DATABENTO,1,vwap_delta_rejection,2025-03-05T23:11:00Z,2025-03-05T23:11:00Z,2025-03-05T23:23:00Z,2025-03-05T18:11:00-05:00,overnight,overnight,2025-03-06,long,vwap_bull_rejection,20622.0894,20629.7500,20622.2500,20644.7500,20622.2500,stop,-1.149333,1.833333,-1.566667,7.5000,57,0.115152,0.000000,0.000000,1.701323,495,219,276,0,0,0,0,0,0,0,0,295,0
MNQ DATABENTO,1,vwap_delta_rejection,2025-03-06T02:18:00Z,2025-03-06T02:18:00Z,2025-03-06T02:23:00Z,2025-03-05T21:18:00-05:00,overnight,overnight,2025-03-06,short,vwap_bear_rejection,20612.3085,20608.5000,20613.7500,20598.0000,20598.0000,target,1.786667,3.333333,-0.238095,5.2500,-170,-0.464481,0.000000,0.000000,1.296953,366,268,98,0,0,0,0,0,0,0,0,220,0
MNQ DATABENTO,1,vwap_delta_rejection,2025-03-06T05:51:00Z,2025-03-06T05:51:00Z,2025-03-06T05:52:00Z,2025-03-06T00:51:00-05:00,overnight,overnight,2025-03-06,short,vwap_bear_rejection,20615.1608,20610.5000,20615.0000,20601.5000,20615.0000,stop,-1.248889,0.111111,-1.166667,4.5000,-49,-0.137255,0.000000,0.000000,1.399177,357,203,154,0,0,0,0,0,0,0,0,216,0
MNQ DATABENTO,1,vwap_delta_rejection,2025-03-06T06:01:00Z,2025-03-06T06:01:00Z,2025-03-06T06:08:00Z,2025-03-06T01:01:00-05:00,overnight,overnight,2025-03-06,short,vwap_bear_rejection,20615.0850,20608.7500,20614.0000,20598.2500,20598.2500,target,1.786667,2.190476,-0.666667,5.2500,-241,-0.256656,0.000000,0.000000,3.413304,939,590,349,0,0,0,0,0,0,0,0,532,0
MNQ DATABENTO,1,vwap_delta_rejection,2025-03-06T07:21:00Z,2025-03-06T07:21:00Z,2025-03-06T07:28:00Z,2025-03-06T02:21:00-05:00,overnight,overnight,2025-03-06,long,vwap_bull_rejection,20616.6324,20624.5000,20617.2500,20639.0000,20617.2500,stop,-1.154483,1.551724,-1.103448,7.2500,140,0.289256,0.000000,0.000000,1.565836,484,172,312,0,0,0,0,0,0,0,0,303,0
MNQ DATABENTO,1,vwap_delta_rejection,2025-03-07T02:13:00Z,2025-03-07T02:13:00Z,2025-03-07T02:17:00Z,2025-03-06T21:13:00-05:00,overnight,overnight,2025-03-07,long,vwap_bull_rejection,20188.0920,20195.2500,20187.5000,20210.7500,20210.7500,target,1.855484,2.806452,-0.032258,7.7500,88,0.162963,0.000000,0.000000,2.086150,540,226,314,0,0,0,0,0,0,0,0,303,0
MNQ DATABENTO,1,vwap_delta_rejection,2025-03-07T03:12:00Z,2025-03-07T03:12:00Z,2025-03-07T03:22:00Z,2025-03-06T22:12:00-05:00,overnight,overnight,2025-03-07,short,vwap_bear_rejection,20189.2195,20183.2500,20190.7500,20168.2500,20168.2500,target,1.850667,2.666667,-0.266667,7.5000,-39,-0.179724,0.000000,0.000000,1.458824,217,128,89,0,0,0,0,0,0,0,0,135,0
MNQ DATABENTO,1,vwap_delta_rejection,2025-03-07T10:53:00Z,2025-03-07T10:53:00Z,2025-03-07T10:54:00Z,2025-03-07T05:53:00-05:00,overnight,overnight,2025-03-07,short,vwap_bear_rejection,20177.3547,20171.7500,20176.7500,20161.7500,20176.7500,stop,-1.224000,0.200000,-1.550000,5.0000,-94,-0.252688,0.000000,0.000000,1.451424,372,233,139,0,0,0,0,0,0,0,0,197,0
MNQ DATABENTO,1,vwap_delta_rejection,2025-03-07T10:57:00Z,2025-03-07T10:57:00Z,2025-03-07T10:58:00Z,2025-03-07T05:57:00-05:00,overnight,overnight,2025-03-07,short,vwap_bear_rejection,20177.3491,20173.7500,20177.7500,20165.7500,20165.7500,target,1.720000,2.062500,-0.750000,4.0000,-70,-0.177665,0.000000,0.000000,1.641325,394,232,162,0,0,0,0,0,0,0,0,221,0
MNQ DATABENTO,1,vwap_delta_rejection,2025-03-07T10:58:00Z,2025-03-07T10:58:00Z,2025-03-07T11:00:00Z,2025-03-07T05:58:00-05:00,overnight,overnight,2025-03-07,short,vwap_bear_rejection,20177.3378,20166.2500,20177.0000,20144.7500,20177.0000,stop,-1.104186,0.116279,-1.162791,10.7500,-84,-0.224599,0.000000,0.000000,1.519707,374,229,145,0,0,0,0,0,0,0,0,224,0
MNQ DATABENTO,1,vwap_delta_rejection,2025-03-07T11:06:00Z,2025-03-07T11:06:00Z,2025-03-07T11:07:00Z,2025-03-07T06:06:00-05:00,overnight,overnight,2025-03-07,long,vwap_bull_rejection,20177.2073,20184.5000,20178.5000,20196.5000,20178.5000,stop,-1.186667,0.083333,-1.291667,6.0000,118,0.176119,0.000000,0.000000,1.714871,670,276,394,0,0,0,0,0,0,0,0,389,0
MNQ DATABENTO,1,vwap_delta_rejection,2025-03-07T11:33:00Z,2025-03-07T11:33:00Z,2025-03-07T11:50:00Z,2025-03-07T06:33:00-05:00,overnight,overnight,2025-03-07,long,vwap_bull_rejection,20177.1817,20185.5000,20176.7500,20203.0000,20176.7500,stop,-1.128000,1.857143,-1.114286,8.7500,68,0.178947,0.000000,0.000000,1.651097,380,156,224,0,0,0,0,0,0,0,0,224,0
MNQ DATABENTO,1,vwap_delta_rejection,2025-03-07T11:51:00Z,2025-03-07T11:51:00Z,2025-03-07T11:52:00Z,2025-03-07T06:51:00-05:00,overnight,overnight,2025-03-07,short,vwap_bear_rejection,20177.4506,20175.7500,20178.0000,20171.2500,20178.0000,stop,-1.497778,0.888889,-1.111111,2.2500,-138,-0.175127,0.000000,0.000000,2.159200,788,463,325,0,0,0,0,0,0,0,0,466,0
MNQ DATABENTO,1,vwap_delta_rejection,2025-03-07T13:37:00Z,2025-03-07T13:37:00Z,2025-03-07T13:40:00Z,2025-03-07T08:37:00-05:00,overnight,overnight,2025-03-07,long,vwap_bull_rejection,20170.6870,20205.5000,20165.7500,20285.0000,20165.7500,stop,-1.028176,0.289308,-1.446541,39.7500,477,0.105601,0.000000,0.000000,1.773598,4517,2020,2497,0,0,0,0,0,0,0,0,2762,0
MNQ DATABENTO,1,vwap_delta_rejection,2025-03-07T17:48:00Z,2025-03-07T17:48:00Z,2025-03-07T17:53:00Z,2025-03-07T12:48:00-05:00,rth_09_30_16_00,rth_lunch_11_30_13_30,2025-03-07,short,vwap_bear_rejection,20037.9668,20000.2500,20031.5000,19937.7500,20031.5000,stop,-1.035840,0.488000,-1.152000,31.2500,-873,-0.139035,0.000000,0.000000,1.202977,6279,3576,2703,0,0,0,0,0,0,0,0,3354,0
MNQ DATABENTO,1,vwap_delta_rejection,2025-03-09T22:08:00Z,2025-03-09T22:08:00Z,2025-03-09T22:10:00Z,2025-03-09T18:08:00-04:00,overnight,overnight,2025-03-10,short,vwap_bear_rejection,20095.5849,20080.0000,20098.7500,20042.5000,20042.5000,target,1.940267,2.413333,-0.253333,18.7500,-117,-0.168345,0.000000,0.000000,1.300646,695,406,289,0,0,0,0,0,0,0,0,447,0
MNQ DATABENTO,1,vwap_delta_rejection,2025-03-09T22:28:00Z,2025-03-09T22:28:00Z,2025-03-09T22:31:00Z,2025-03-09T18:28:00-04:00,overnight,overnight,2025-03-10,short,vwap_bear_rejection,20055.0552,20034.5000,20058.7500,19986.0000,20058.7500,stop,-1.046186,0.206186,-1.226804,24.2500,-244,-0.170629,0.000000,0.000000,1.406650,1430,837,593,0,0,0,0,0,0,0,0,878,0
MNQ DATABENTO,1,vwap_delta_rejection,2025-03-10T22:27:00Z,2025-03-10T22:27:00Z,2025-03-10T22:36:00Z,2025-03-10T18:27:00-04:00,overnight,overnight,2025-03-11,long,vwap_bull_rejection,19412.2849,19427.2500,19413.0000,19455.7500,19413.0000,stop,-1.078596,0.473684,-1.456140,14.2500,285,0.277507,0.000000,0.000000,1.373546,1027,371,656,0,0,0,0,0,0,0,0,539,0
MNQ DATABENTO,1,vwap_delta_rejection,2025-03-11T13:37:00Z,2025-03-11T13:37:00Z,2025-03-11T13:57:00Z,2025-03-11T09:37:00-04:00,rth_09_30_16_00,rth_open_09_30_11_00,2025-03-11,long,vwap_bull_rejection,19420.8453,19485.2500,19421.7500,19612.2500,19522.7500,timeout,0.572913,1.791339,-0.102362,63.5000,1791,0.142290,0.000000,0.000000,3.085087,12587,5398,7189,0,0,0,0,0,0,0,0,7434,0
MNQ DATABENTO,1,vwap_delta_rejection,2025-03-11T22:11:00Z,2025-03-11T22:11:00Z,2025-03-11T22:26:00Z,2025-03-11T18:11:00-04:00,overnight,overnight,2025-03-12,long,vwap_bull_rejection,19423.8629,19443.5000,19424.5000,19481.5000,19424.5000,stop,-1.058947,0.407895,-1.131579,19.0000,230,0.340237,0.000000,0.000000,1.640976,676,223,453,0,0,0,0,0,0,0,0,347,0
MNQ DATABENTO,1,vwap_delta_rejection,2025-03-11T22:27:00Z,2025-03-11T22:27:00Z,2025-03-11T22:29:00Z,2025-03-11T18:27:00-04:00,overnight,overnight,2025-03-12,short,vwap_bear_rejection,19430.8630,19419.2500,19429.5000,19398.7500,19429.5000,stop,-1.109268,0.243902,-1.414634,10.2500,-104,-0.207171,0.000000,0.000000,1.431015,502,303,199,0,0,0,0,0,0,0,0,314,0
MNQ DATABENTO,1,vwap_delta_rejection,2025-03-11T23:26:00Z,2025-03-11T23:26:00Z,2025-03-11T23:27:00Z,2025-03-11T19:26:00-04:00,overnight,overnight,2025-03-12,short,vwap_bear_rejection,19447.3998,19444.0000,19446.0000,19440.0000,19440.0000,target,1.440000,3.750000,-0.375000,2.0000,-88,-0.140575,0.000000,0.000000,1.581407,626,357,269,0,0,0,0,0,0,0,0,412,0
MNQ DATABENTO,1,vwap_delta_rejection,2025-03-11T23:46:00Z,2025-03-11T23:46:00Z,2025-03-11T23:55:00Z,2025-03-11T19:46:00-04:00,overnight,overnight,2025-03-12,long,vwap_bull_rejection,19446.0637,19454.7500,19444.5000,19475.2500,19475.2500,target,1.890732,2.268293,-0.780488,10.2500,92,0.203540,0.000000,0.000000,1.239035,452,180,272,0,0,0,0,0,0,0,0,304,0
MNQ DATABENTO,1,vwap_delta_rejection,2025-03-12T00:41:00Z,2025-03-12T00:41:00Z,2025-03-12T00:43:00Z,2025-03-11T20:41:00-04:00,overnight,overnight,2025-03-12,short,vwap_bear_rejection,19456.1044,19450.7500,19454.5000,19443.2500,19443.2500,target,1.701333,2.866667,-0.466667,3.7500,-115,-0.120925,0.000000,0.000000,2.276209,951,533,418,0,0,0,0,0,0,0,0,576,0
MNQ DATABENTO,1,vwap_delta_rejection,2025-03-12T01:16:00Z,2025-03-12T01:16:00Z,2025-03-12T01:18:00Z,2025-03-11T21:16:00-04:00,overnight,overnight,2025-03-12,long,vwap_bull_rejection,19456.5346,19463.0000,19456.2500,19476.5000,19456.2500,stop,-1.165926,0.444444,-1.296296,6.7500,96,0.187500,0.000000,0.000000,1.509434,512,208,304,0,0,0,0,0,0,0,0,322,0
MNQ DATABENTO,1,vwap_delta_rejection,2025-03-12T01:23:00Z,2025-03-12T01:23:00Z,2025-03-12T01:28:00Z,2025-03-11T21:23:00-04:00,overnight,overnight,2025-03-12,long,vwap_bull_rejection,19456.5698,19464.5000,19455.2500,19483.0000,19455.2500,stop,-1.121081,0.621622,-1.783784,9.2500,97,0.243108,0.000000,0.000000,1.349112,399,151,248,0,0,0,0,0,0,0,0,262,0
MNQ DATABENTO,1,vwap_delta_rejection,2025-03-12T01:37:00Z,2025-03-12T01:37:00Z,2025-03-12T01:49:00Z,2025-03-11T21:37:00-04:00,overnight,overnight,2025-03-12,long,vwap_bull_rejection,19456.5091,19464.7500,19456.7500,19480.7500,19480.7500,target,1.860000,2.187500,-0.312500,8.0000,150,0.266904,0.000000,0.000000,1.541838,562,206,356,0,0,0,0,0,0,0,0,376,0
MNQ DATABENTO,1,vwap_delta_rejection,2025-03-12T02:45:00Z,2025-03-12T02:45:00Z,2025-03-12T02:55:00Z,2025-03-11T22:45:00-04:00,overnight,overnight,2025-03-12,long,vwap_bull_rejection,19459.5762,19466.0000,19457.0000,19484.0000,19457.0000,stop,-1.124444,0.333333,-1.194444,9.0000,73,0.259786,0.000000,0.000000,1.344819,281,104,177,0,0,0,0,0,0,0,0,177,0
MNQ DATABENTO,1,vwap_delta_rejection,2025-03-12T03:15:00Z,2025-03-12T03:15:00Z,2025-03-12T03:17:00Z,2025-03-11T23:15:00-04:00,overnight,overnight,2025-03-12,long,vwap_bull_rejection,19459.6765,19461.7500,19457.7500,19469.7500,19457.7500,stop,-1.280000,0.375000,-1.625000,4.0000,102,0.392308,0.000000,0.000000,1.264284,260,79,181,0,0,0,0,0,0,0,0,128,0
MNQ DATABENTO,1,vwap_delta_rejection,2025-03-12T04:55:00Z,2025-03-12T04:55:00Z,2025-03-12T04:57:00Z,2025-03-12T00:55:00-04:00,overnight,overnight,2025-03-12,short,vwap_bear_rejection,19458.7656,19456.5000,19459.7500,19450.0000,19459.7500,stop,-1.344615,0.000000,-1.769231,3.2500,-54,-0.306818,0.000000,0.000000,1.325800,176,115,61,0,0,0,0,0,0,0,0,95,0
MNQ DATABENTO,1,vwap_delta_rejection,2025-03-12T05:16:00Z,2025-03-12T05:16:00Z,2025-03-12T05:26:00Z,2025-03-12T01:16:00-04:00,overnight,overnight,2025-03-12,short,vwap_bear_rejection,19458.6596,19452.7500,19458.5000,19441.2500,19458.5000,stop,-1.194783,0.826087,-1.086957,5.7500,-53,-0.256039,0.000000,0.000000,1.235452,207,130,77,0,0,0,0,0,0,0,0,124,0
MNQ DATABENTO,1,vwap_delta_rejection,2025-03-12T15:47:00Z,2025-03-12T15:47:00Z,2025-03-12T15:52:00Z,2025-03-12T11:47:00-04:00,rth_09_30_16_00,rth_lunch_11_30_13_30,2025-03-12,long,vwap_bull_rejection,19584.2877,19601.0000,19588.0000,19627.0000,19627.0000,target,1.913846,2.153846,-0.884615,13.0000,1136,0.152853,0.000000,0.000000,1.621309,7432,3148,4284,0,0,0,0,0,0,0,0,3662,0
MNQ DATABENTO,1,vwap_delta_rejection,2025-03-12T15:59:00Z,2025-03-12T15:59:00Z,2025-03-12T16:05:00Z,2025-03-12T11:59:00-04:00,rth_09_30_16_00,rth_lunch_11_30_13_30,2025-03-12,long,vwap_bull_rejection,19585.0506,19619.7500,19586.7500,19685.7500,19586.7500,stop,-1.033939,0.560606,-1.015152,33.0000,1150,0.173979,0.000000,0.000000,1.485978,6610,2730,3880,0,0,0,0,0,0,0,0,3628,0
MNQ DATABENTO,1,vwap_delta_rejection,2025-03-12T22:11:00Z,2025-03-12T22:11:00Z,2025-03-12T22:14:00Z,2025-03-12T18:11:00-04:00,overnight,overnight,2025-03-13,long,vwap_bull_rejection,19584.1696,19587.5000,19580.7500,19601.0000,19601.0000,target,1.834074,2.962963,-0.148148,6.7500,90,0.198238,0.000000,0.000000,1.525538,454,182,272,0,0,0,0,0,0,0,0,237,0
MNQ DATABENTO,1,vwap_delta_rejection,2025-03-12T22:56:00Z,2025-03-12T22:56:00Z,2025-03-12T23:02:00Z,2025-03-12T18:56:00-04:00,overnight,overnight,2025-03-13,long,vwap_bull_rejection,19610.1638,19620.5000,19611.2500,19639.0000,19639.0000,target,1.878919,2.432432,-0.378378,9.2500,113,0.232990,0.000000,0.000000,1.526117,485,186,299,0,0,0,0,0,0,0,0,297,0
MNQ DATABENTO,1,vwap_delta_rejection,2025-03-13T00:54:00Z,2025-03-13T00:54:00Z,2025-03-13T01:00:00Z,2025-03-12T20:54:00-04:00,overnight,overnight,2025-03-13,long,vwap_bull_rejection,19645.8049,19657.2500,19645.0000,19681.7500,19645.0000,stop,-1.091429,0.775510,-1.285714,12.2500,119,0.243354,0.000000,0.000000,1.472005,489,185,304,0,0,0,0,0,0,0,0,322,0
MNQ DATABENTO,1,vwap_delta_rejection,2025-03-13T01:04:00Z,2025-03-13T01:04:00Z,2025-03-13T01:20:00Z,2025-03-12T21:04:00-04:00,overnight,overnight,2025-03-13,short,vwap_bear_rejection,19646.1320,19635.7500,19648.5000,19610.2500,19648.5000,stop,-1.087843,0.725490,-1.254902,12.7500,-254,-0.187040,0.000000,0.000000,3.202075,1358,806,552,0,0,0,0,0,0,0,0,782,0
MNQ DATABENTO,1,vwap_delta_rejection,2025-03-13T01:31:00Z,2025-03-13T01:31:00Z,2025-03-13T01:51:00Z,2025-03-12T21:31:00-04:00,overnight,overnight,2025-03-13,short,vwap_bear_rejection,19645.1526,19622.2500,19645.2500,19576.2500,19621.2500,timeout,-0.005217,0.663043,-0.413043,23.0000,-556,-0.353240,0.000000,0.000000,5.356474,1574,1065,509,0,0,0,0,0,0,0,0,873,0
MNQ DATABENTO,1,vwap_delta_rejection,2025-03-13T11:27:00Z,2025-03-13T11:27:00Z,2025-03-13T11:30:00Z,2025-03-13T07:27:00-04:00,overnight,overnight,2025-03-13,short,vwap_bear_rejection,19539.0059,19528.0000,19538.2500,19507.5000,19538.2500,stop,-1.109268,0.658537,-1.439024,10.2500,-208,-0.177172,0.000000,0.000000,1.450905,1174,691,483,0,0,0,0,0,0,0,0,648,0
MNQ DATABENTO,1,vwap_delta_rejection,2025-03-13T11:31:00Z,2025-03-13T11:31:00Z,2025-03-13T11:36:00Z,2025-03-13T07:31:00-04:00,overnight,overnight,2025-03-13,long,vwap_bull_rejection,19538.9757,19550.2500,19537.2500,19576.2500,19537.2500,stop,-1.086154,0.653846,-1.096154,13.0000,229,0.133996,0.000000,0.000000,1.954148,1709,740,969,0,0,0,0,0,0,0,0,901,0
MNQ DATABENTO,1,vwap_delta_rejection,2025-03-13T13:00:00Z,2025-03-13T13:00:00Z,2025-03-13T13:09:00Z,2025-03-13T09:00:00-04:00,overnight,overnight,2025-03-13,long,vwap_bull_rejection,19537.1676,19555.7500,19539.7500,19587.7500,19587.7500,target,1.930000,2.062500,-0.078125,16.0000,231,0.114983,0.000000,0.000000,1.328045,2009,889,1120,0,0,0,0,0,0,0,0,1118,0
MNQ DATABENTO,1,vwap_delta_rejection,2025-03-13T13:44:00Z,2025-03-13T13:44:00Z,2025-03-13T13:46:00Z,2025-03-13T09:44:00-04:00,rth_09_30_16_00,rth_open_09_30_11_00,2025-03-13,short,vwap_bear_rejection,19539.0400,19508.2500,19533.2500,19458.2500,19458.2500,target,1.955200,2.020000,-0.100000,25.0000,-1068,-0.105638,0.000000,0.000000,1.498744,10110,5589,4521,0,0,0,0,0,0,0,0,6017,0
MNQ DATABENTO,1,vwap_delta_rejection,2025-03-13T23:41:00Z,2025-03-13T23:41:00Z,2025-03-14T00:01:00Z,2025-03-13T19:41:00-04:00,overnight,overnight,2025-03-14,long,vwap_bull_rejection,19353.5593,19364.0000,19352.5000,19387.0000,19352.5000,stop,-1.097391,1.239130,-2.000000,11.5000,126,0.184751,0.000000,0.000000,2.031878,682,278,404,0,0,0,0,0,0,0,0,400,0
MNQ DATABENTO,1,vwap_delta_rejection,2025-03-14T07:02:00Z,2025-03-14T07:02:00Z,2025-03-14T07:03:00Z,2025-03-14T03:02:00-04:00,overnight,overnight,2025-03-14,long,vwap_bull_rejection,19398.4857,19411.2500,19397.7500,19438.2500,19397.7500,stop,-1.082963,0.018519,-1.129630,13.5000,75,0.124378,0.000000,0.000000,1.940154,603,264,339,0,0,0,0,0,0,0,0,360,0
MNQ DATABENTO,1,vwap_delta_rejection,2025-03-14T08:05:00Z,2025-03-14T08:05:00Z,2025-03-14T08:09:00Z,2025-03-14T04:05:00-04:00,overnight,overnight,2025-03-14,short,vwap_bear_rejection,19397.6655,19390.2500,19401.7500,19367.2500,19401.7500,stop,-1.097391,0.260870,-1.152174,11.5000,-81,-0.111417,0.000000,0.000000,1.225246,727,404,323,0,0,0,0,0,0,0,0,458,0
MNQ DATABENTO,1,vwap_delta_rejection,2025-03-14T10:40:00Z,2025-03-14T10:40:00Z,2025-03-14T10:49:00Z,2025-03-14T06:40:00-04:00,overnight,overnight,2025-03-14,long,vwap_bull_rejection,19406.2300,19419.7500,19406.7500,19445.7500,19445.7500,target,1.913846,2.038462,-0.653846,13.0000,219,0.182348,0.000000,0.000000,2.292641,1201,491,710,0,0,0,0,0,0,0,0,701,0
MNQ DATABENTO,1,vwap_delta_rejection,2025-03-16T22:07:00Z,2025-03-16T22:07:00Z,2025-03-16T22:08:00Z,2025-03-16T18:07:00-04:00,overnight,overnight,2025-03-17,short,vwap_bear_rejection,19662.9428,19653.7500,19661.2500,19638.7500,19638.7500,target,1.850667,3.733333,0.000000,7.5000,-102,-0.195402,0.000000,0.000000,1.474576,522,312,210,0,0,0,0,0,0,0,0,321,0
MNQ DATABENTO,1,vwap_delta_rejection,2025-03-17T01:01:00Z,2025-03-17T01:01:00Z,2025-03-17T01:06:00Z,2025-03-16T21:01:00-04:00,overnight,overnight,2025-03-17,long,vwap_bull_rejection,19598.8657,19609.0000,19599.0000,19629.0000,19599.0000,stop,-1.112000,1.075000,-1.025000,10.0000,57,0.124726,0.000000,0.000000,1.570717,457,200,257,0,0,0,0,0,0,0,0,316,0
MNQ DATABENTO,1,vwap_delta_rejection,2025-03-17T02:04:00Z,2025-03-17T02:04:00Z,2025-03-17T02:08:00Z,2025-03-16T22:04:00-04:00,overnight,overnight,2025-03-17,short,vwap_bear_rejection,19600.9591,19596.7500,19601.2500,19587.7500,19601.2500,stop,-1.248889,1.111111,-1.444444,4.5000,-114,-0.250000,0.000000,0.000000,2.103806,456,285,171,0,0,0,0,0,0,0,0,324,0
MNQ DATABENTO,1,vwap_delta_rejection,2025-03-17T02:10:00Z,2025-03-17T02:10:00Z,2025-03-17T02:11:00Z,2025-03-16T22:10:00-04:00,overnight,overnight,2025-03-17,long,vwap_bull_rejection,19600.9330,19603.5000,19600.5000,19609.5000,19600.5000,stop,-1.373333,0.250000,-3.416667,3.0000,136,0.343434,0.000000,0.000000,1.576747,396,130,266,0,0,0,0,0,0,0,0,247,0
MNQ DATABENTO,1,vwap_delta_rejection,2025-03-17T02:18:00Z,2025-03-17T02:18:00Z,2025-03-17T02:27:00Z,2025-03-16T22:18:00-04:00,overnight,overnight,2025-03-17,long,vwap_bull_rejection,19600.9051,19607.7500,19601.5000,19620.2500,19601.5000,stop,-1.179200,0.400000,-1.120000,6.2500,111,0.288312,0.000000,0.000000,1.505082,385,137,248,0,0,0,0,0,0,0,0,277,0
MNQ DATABENTO,1,vwap_delta_rejection,2025-03-17T03:04:00Z,2025-03-17T03:04:00Z,2025-03-17T03:06:00Z,2025-03-16T23:04:00-04:00,overnight,overnight,2025-03-17,short,vwap_bear_rejection,19601.1294,19596.5000,19601.5000,19586.5000,19586.5000,target,1.776000,2.050000,-0.300000,5.0000,-158,-0.572464,0.000000,0.000000,2.387543,276,217,59,0,0,0,0,0,0,0,0,163,0
MNQ DATABENTO,1,vwap_delta_rejection,2025-03-17T03:31:00Z,2025-03-17T03:31:00Z,2025-03-17T03:47:00Z,2025-03-16T23:31:00-04:00,overnight,overnight,2025-03-17,short,vwap_bear_rejection,19600.8943,19590.7500,19600.7500,19570.7500,19600.7500,stop,-1.112000,0.200000,-1.000000,10.0000,-60,-0.214286,0.000000,0.000000,1.801222,280,170,110,0,0,0,0,0,0,0,0,180,0
MNQ DATABENTO,1,vwap_delta_rejection,2025-03-17T03:51:00Z,2025-03-17T03:51:00Z,2025-03-17T04:07:00Z,2025-03-16T23:51:00-04:00,overnight,overnight,2025-03-17,short,vwap_bear_rejection,19600.7737,19593.0000,19602.0000,19575.0000,19602.0000,stop,-1.124444,1.000000,-1.583333,9.0000,-92,-0.362205,0.000000,0.000000,2.409867,254,173,81,0,0,0,0,0,0,0,0,162,0
MNQ DATABENTO,1,vwap_delta_rejection,2025-03-17T08:23:00Z,2025-03-17T08:23:00Z,2025-03-17T08:28:00Z,2025-03-17T04:23:00-04:00,overnight,overnight,2025-03-17,long,vwap_bull_rejection,19595.9286,19604.5000,19598.0000,19617.5000,19617.5000,target,1.827692,2.000000,-0.692308,6.5000,74,0.140152,0.000000,0.000000,1.328302,528,227,301,0,0,0,0,0,0,0,0,364,0
MNQ DATABENTO,1,vwap_delta_rejection,2025-03-17T14:39:00Z,2025-03-17T14:39:00Z,2025-03-17T14:56:00Z,2025-03-17T10:39:00-04:00,rth_09_30_16_00,rth_open_09_30_11_00,2025-03-17,long,vwap_bull_rejection,19698.9027,19725.0000,19701.5000,19772.0000,19701.5000,stop,-1.047660,1.468085,-2.000000,23.5000,629,0.156429,0.000000,0.000000,1.301421,4021,1696,2325,0,0,0,0,0,0,0,0,2628,0
MNQ DATABENTO,1,vwap_delta_rejection,2025-03-17T15:30:00Z,2025-03-17T15:30:00Z,2025-03-17T15:35:00Z,2025-03-17T11:30:00-04:00,rth_09_30_16_00,rth_lunch_11_30_13_30,2025-03-17,short,vwap_bear_rejection,19700.2999,19681.0000,19703.5000,19636.0000,19636.0000,target,1.950222,2.333333,-0.733333,22.5000,-669,-0.251977,0.000000,0.000000,1.234941,2655,1662,993,0,0,0,0,0,0,0,0,1589,0
MNQ DATABENTO,1,vwap_delta_rejection,2025-03-17T15:59:00Z,2025-03-17T15:59:00Z,2025-03-17T16:05:00Z,2025-03-17T11:59:00-04:00,rth_09_30_16_00,rth_lunch_11_30_13_30,2025-03-17,short,vwap_bear_rejection,19697.7474,19676.2500,19695.7500,19637.2500,19695.7500,stop,-1.057436,1.000000,-1.025641,19.5000,-657,-0.351525,0.000000,0.000000,1.204369,1869,1263,606,0,0,0,0,0,0,0,0,1205,0
MNQ DATABENTO,1,vwap_delta_rejection,2025-03-17T16:07:00Z,2025-03-17T16:07:00Z,2025-03-17T16:21:00Z,2025-03-17T12:07:00-04:00,rth_09_30_16_00,rth_lunch_11_30_13_30,2025-03-17,long,vwap_bull_rejection,19697.4480,19715.7500,19698.0000,19751.2500,19698.0000,stop,-1.063099,1.661972,-1.309859,17.7500,797,0.287207,0.000000,0.000000,1.736817,2775,989,1786,0,0,0,0,0,0,0,0,1695,0
MNQ DATABENTO,1,vwap_delta_rejection,2025-03-17T16:23:00Z,2025-03-17T16:23:00Z,2025-03-17T16:24:00Z,2025-03-17T12:23:00-04:00,rth_09_30_16_00,rth_lunch_11_30_13_30,2025-03-17,short,vwap_bear_rejection,19698.2200,19689.7500,19697.7500,19673.7500,19673.7500,target,1.860000,2.125000,-0.062500,8.0000,-342,-0.139592,0.000000,0.000000,1.395455,2450,1396,1054,0,0,0,0,0,0,0,0,1507,0
MNQ DATABENTO,1,vwap_delta_rejection,2025-03-17T16:41:00Z,2025-03-17T16:41:00Z,2025-03-17T16:42:00Z,2025-03-17T12:41:00-04:00,rth_09_30_16_00,rth_lunch_11_30_13_30,2025-03-17,short,vwap_bear_rejection,19697.6695,19686.2500,19694.5000,19669.7500,19669.7500,target,1.864242,2.969697,-0.030303,8.2500,-656,-0.267755,0.000000,0.000000,1.594533,2450,1553,897,0,0,0,0,0,0,0,0,1435,0
MNQ DATABENTO,1,vwap_delta_rejection,2025-03-17T22:21:00Z,2025-03-17T22:21:00Z,2025-03-17T22:22:00Z,2025-03-17T18:21:00-04:00,overnight,overnight,2025-03-18,short,vwap_bear_rejection,19846.4203,19840.5000,19846.5000,19828.5000,19846.5000,stop,-1.186667,0.500000,-1.083333,6.0000,-50,-0.200000,0.000000,0.000000,1.319261,250,150,100,0,0,0,0,0,0,0,0,180,0
MNQ DATABENTO,1,vwap_delta_rejection,2025-03-17T22:28:00Z,2025-03-17T22:28:00Z,2025-03-17T22:48:00Z,2025-03-17T18:28:00-04:00,overnight,overnight,2025-03-18,long,vwap_bull_rejection,19846.1079,19851.0000,19847.0000,19859.0000,19851.2500,timeout,-0.217500,1.750000,-0.625000,4.0000,34,0.133858,0.000000,0.000000,1.357200,254,110,144,0,0,0,0,0,0,0,0,174,0
MNQ DATABENTO,1,vwap_delta_rejection,2025-03-18T05:48:00Z,2025-03-18T05:48:00Z,2025-03-18T05:52:00Z,2025-03-18T01:48:00-04:00,overnight,overnight,2025-03-18,long,vwap_bull_rejection,19943.8664,19951.7500,19944.5000,19966.2500,19944.5000,stop,-1.154483,0.103448,-1.000000,7.2500,121,0.342776,0.000000,0.000000,3.663726,353,116,237,0,0,0,0,0,0,0,0,193,0
MNQ DATABENTO,1,vwap_delta_rejection,2025-03-18T10:16:00Z,2025-03-18T10:16:00Z,2025-03-18T10:24:00Z,2025-03-18T06:16:00-04:00,overnight,overnight,2025-03-18,short,vwap_bear_rejection,19966.4948,19933.2500,19964.2500,19871.2500,19964.2500,stop,-1.036129,0.338710,-1.080645,31.0000,-385,-0.225806,0.000000,0.000000,2.899167,1705,1045,660,0,0,0,0,0,0,0,0,966,0
MNQ DATABENTO,1,vwap_delta_rejection,2025-03-18T11:06:00Z,2025-03-18T11:06:00Z,2025-03-18T11:12:00Z,2025-03-18T07:06:00-04:00,overnight,overnight,2025-03-18,long,vwap_bull_rejection,19965.6436,19972.7500,19965.0000,19988.2500,19988.2500,target,1.855484,2.709677,-0.483871,7.7500,57,0.100529,0.000000,0.000000,1.739797,567,255,312,0,0,0,0,0,0,0,0,338,0
MNQ DATABENTO,1,vwap_delta_rejection,2025-03-18T11:14:00Z,2025-03-18T11:14:00Z,2025-03-18T11:28:00Z,2025-03-18T07:14:00-04:00,overnight,overnight,2025-03-18,long,vwap_bull_rejection,19965.9887,19976.2500,19963.0000,20002.7500,19963.0000,stop,-1.084528,0.735849,-1.113208,13.2500,339,0.177766,0.000000,0.000000,4.658605,1907,784,1123,0,0,0,0,0,0,0,0,1093,0
MNQ DATABENTO,1,vwap_delta_rejection,2025-03-18T12:31:00Z,2025-03-18T12:31:00Z,2025-03-18T12:32:00Z,2025-03-18T08:31:00-04:00,overnight,overnight,2025-03-18,short,vwap_bear_rejection,19964.3626,19953.2500,19963.7500,19932.2500,19963.7500,stop,-1.106667,0.119048,-1.880952,10.5000,-98,-0.128272,0.000000,0.000000,2.094872,764,431,333,0,0,0,0,0,0,0,0,474,0
MNQ DATABENTO,1,vwap_delta_rejection,2025-03-18T22:13:00Z,2025-03-18T22:13:00Z,2025-03-18T22:29:00Z,2025-03-18T18:13:00-04:00,overnight,overnight,2025-03-19,short,vwap_bear_rejection,19698.8571,19692.7500,19702.7500,19672.7500,19672.7500,target,1.888000,2.400000,-0.275000,10.0000,-55,-0.180328,0.000000,0.000000,1.425900,305,180,125,0,0,0,0,0,0,0,0,173,0
MNQ DATABENTO,1,vwap_delta_rejection,2025-03-18T22:42:00Z,2025-03-18T22:42:00Z,2025-03-18T22:45:00Z,2025-03-18T18:42:00-04:00,overnight,overnight,2025-03-19,long,vwap_bull_rejection,19686.8172,19692.0000,19686.7500,19702.5000,19702.5000,target,1.786667,2.142857,-0.809524,5.2500,95,0.363985,0.000000,0.000000,1.214518,261,83,178,0,0,0,0,0,0,0,0,167,0
MNQ DATABENTO,1,vwap_delta_rejection,2025-03-18T23:22:00Z,2025-03-18T23:22:00Z,2025-03-18T23:25:00Z,2025-03-18T19:22:00-04:00,overnight,overnight,2025-03-19,short,vwap_bear_rejection,19697.0823,19691.0000,19696.0000,19681.0000,19696.0000,stop,-1.224000,1.100000,-1.150000,5.0000,-159,-0.358916,0.000000,0.000000,2.044301,443,301,142,0,0,0,0,0,0,0,0,294,0
MNQ DATABENTO,1,vwap_delta_rejection,2025-03-18T23:34:00Z,2025-03-18T23:34:00Z,2025-03-18T23:54:00Z,2025-03-18T19:34:00-04:00,overnight,overnight,2025-03-19,long,vwap_bull_rejection,19697.1148,19709.5000,19697.2500,19734.0000,19713.7500,timeout,0.255510,0.591837,-0.306122,12.2500,178,0.303754,0.000000,0.000000,2.425999,586,204,382,0,0,0,0,0,0,0,0,340,0
MNQ DATABENTO,1,vwap_delta_rejection,2025-03-19T08:35:00Z,2025-03-19T08:35:00Z,2025-03-19T08:41:00Z,2025-03-19T04:35:00-04:00,overnight,overnight,2025-03-19,long,vwap_bull_rejection,19730.9413,19742.2500,19731.7500,19763.2500,19731.7500,stop,-1.106667,0.380952,-1.047619,10.5000,272,0.355091,0.000000,0.000000,1.957327,766,247,519,0,0,0,0,0,0,0,0,377,0
MNQ DATABENTO,1,vwap_delta_rejection,2025-03-19T08:54:00Z,2025-03-19T08:54:00Z,2025-03-19T08:56:00Z,2025-03-19T04:54:00-04:00,overnight,overnight,2025-03-19,short,vwap_bear_rejection,19731.0334,19723.7500,19731.5000,19708.2500,19731.5000,stop,-1.144516,0.064516,-1.225806,7.7500,-98,-0.178182,0.000000,0.000000,1.432105,550,324,226,0,0,0,0,0,0,0,0,282,0
MNQ DATABENTO,1,vwap_delta_rejection,2025-03-19T13:43:00Z,2025-03-19T13:43:00Z,2025-03-19T13:47:00Z,2025-03-19T09:43:00-04:00,rth_09_30_16_00,rth_open_09_30_11_00,2025-03-19,short,vwap_bear_rejection,19749.3948,19719.5000,19748.2500,19662.0000,19748.2500,stop,-1.038957,0.452174,-2.591304,28.7500,-1345,-0.134138,0.000000,0.000000,2.437821,10027,5686,4341,0,0,0,0,0,0,0,0,5785,0
MNQ DATABENTO,1,vwap_delta_rejection,2025-03-19T18:08:00Z,2025-03-19T18:08:00Z,2025-03-19T18:17:00Z,2025-03-19T14:08:00-04:00,rth_09_30_16_00,rth_afternoon_13_30_15_00,2025-03-19,long,vwap_bull_rejection,19814.8127,19852.0000,19814.5000,19927.0000,19927.0000,target,1.970133,2.026667,-0.100000,37.5000,544,0.122192,0.000000,0.000000,1.561776,4452,1954,2498,0,0,0,0,0,0,0,0,2806,0
MNQ DATABENTO,1,vwap_delta_rejection,2025-03-19T22:04:00Z,2025-03-19T22:04:00Z,2025-03-19T22:06:00Z,2025-03-19T18:04:00-04:00,overnight,overnight,2025-03-20,long,vwap_bull_rejection,19958.5421,19960.7500,19958.0000,19966.2500,19958.0000,stop,-1.407273,1.272727,-2.454545,2.7500,41,0.153558,0.000000,0.000000,1.311717,267,113,154,0,0,0,0,0,0,0,0,149,0
MNQ DATABENTO,1,vwap_delta_rejection,2025-03-19T22:08:00Z,2025-03-19T22:08:00Z,2025-03-19T22:13:00Z,2025-03-19T18:08:00-04:00,overnight,overnight,2025-03-20,long,vwap_bull_rejection,19959.7816,19968.0000,19959.5000,19985.0000,19985.0000,target,1.868235,2.323529,-0.147059,8.5000,116,0.244726,0.000000,0.000000,2.160930,474,179,295,0,0,0,0,0,0,0,0,270,0
MNQ DATABENTO,1,vwap_delta_rejection,2025-03-20T15:38:00Z,2025-03-20T15:38:00Z,2025-03-20T15:49:00Z,2025-03-20T11:38:00-04:00,rth_09_30_16_00,rth_lunch_11_30_13_30,2025-03-20,long,vwap_bull_rejection,19961.2152,19994.2500,19964.7500,20053.2500,20053.2500,target,1.962034,2.084746,-0.355932,29.5000,981,0.189200,0.000000,0.000000,1.676556,5185,2102,3083,0,0,0,0,0,0,0,0,2994,0
MNQ DATABENTO,1,vwap_delta_rejection,2025-03-20T22:06:00Z,2025-03-20T22:06:00Z,2025-03-20T22:10:00Z,2025-03-20T18:06:00-04:00,overnight,overnight,2025-03-21,short,vwap_bear_rejection,19895.8072,19892.2500,19896.2500,19884.2500,19884.2500,target,1.720000,2.687500,0.000000,4.0000,-98,-0.480392,0.000000,0.000000,1.240122,204,151,53,0,0,0,0,0,0,0,0,139,0
MNQ DATABENTO,1,vwap_delta_rejection,2025-03-20T22:51:00Z,2025-03-20T22:51:00Z,2025-03-20T23:02:00Z,2025-03-20T18:51:00-04:00,overnight,overnight,2025-03-21,short,vwap_bear_rejection,19896.2410,19890.7500,19896.0000,19880.2500,19880.2500,target,1.786667,2.952381,-0.047619,5.2500,-126,-0.411765,0.000000,0.000000,2.001308,306,216,90,0,0,0,0,0,0,0,0,184,0
MNQ DATABENTO,1,vwap_delta_rejection,2025-03-20T23:49:00Z,2025-03-20T23:49:00Z,2025-03-20T23:50:00Z,2025-03-20T19:49:00-04:00,overnight,overnight,2025-03-21,long,vwap_bull_rejection,19876.0822,19876.5000,19874.7500,19880.0000,19874.7500,stop,-1.640000,0.285714,-1.285714,1.7500,115,0.227723,0.000000,0.000000,2.069672,505,195,310,0,0,0,0,0,0,0,0,258,0
MNQ DATABENTO,1,vwap_delta_rejection,2025-03-21T14:57:00Z,2025-03-21T14:57:00Z,2025-03-21T15:15:00Z,2025-03-21T10:57:00-04:00,rth_09_30_16_00,rth_open_09_30_11_00,2025-03-21,long,vwap_bull_rejection,19747.7959,19780.2500,19748.5000,19843.7500,19748.5000,stop,-1.035276,0.992126,-1.007874,31.7500,2560,0.256051,0.000000,0.000000,2.587809,9998,3719,6279,0,0,0,0,0,0,0,0,5375,0
MNQ DATABENTO,1,vwap_delta_rejection,2025-03-21T15:16:00Z,2025-03-21T15:16:00Z,2025-03-21T15:36:00Z,2025-03-21T11:16:00-04:00,rth_09_30_16_00,rth_mid_11_00_11_30,2025-03-21,short,vwap_bear_rejection,19750.3028,19733.7500,19755.5000,19690.2500,19725.5000,timeout,0.327816,1.195402,-0.977011,21.7500,-1000,-0.178380,0.000000,0.000000,1.402885,5606,3303,2303,0,0,0,0,0,0,0,0,3194,0
MNQ DATABENTO,1,vwap_delta_rejection,2025-03-23T22:10:00Z,2025-03-23T22:10:00Z,2025-03-23T22:12:00Z,2025-03-23T18:10:00-04:00,overnight,overnight,2025-03-24,short,vwap_bear_rejection,20081.9860,20080.2500,20084.7500,20071.2500,20084.7500,stop,-1.248889,1.555556,-1.055556,4.5000,-190,-0.218894,0.000000,0.000000,1.275064,868,529,339,0,0,0,0,0,0,0,0,446,0
MNQ DATABENTO,1,vwap_delta_rejection,2025-03-23T22:46:00Z,2025-03-23T22:46:00Z,2025-03-23T22:55:00Z,2025-03-23T18:46:00-04:00,overnight,overnight,2025-03-24,short,vwap_bear_rejection,20078.2775,20072.0000,20077.2500,20061.5000,20061.5000,target,1.786667,2.238095,-0.857143,5.2500,-66,-0.141026,0.000000,0.000000,1.229799,468,267,201,0,0,0,0,0,0,0,0,228,0
MNQ DATABENTO,1,vwap_delta_rejection,2025-03-24T04:03:00Z,2025-03-24T04:03:00Z,2025-03-24T04:04:00Z,2025-03-24T00:03:00-04:00,overnight,overnight,2025-03-24,long,vwap_bull_rejection,20098.4411,20099.2500,20097.0000,20103.7500,20097.0000,stop,-1.497778,0.444444,-1.333333,2.2500,46,0.230000,0.000000,0.000000,1.651528,200,77,123,0,0,0,0,0,0,0,0,107,0
MNQ DATABENTO,1,vwap_delta_rejection,2025-03-24T22:09:00Z,2025-03-24T22:09:00Z,2025-03-24T22:29:00Z,2025-03-24T18:09:00-04:00,overnight,overnight,2025-03-25,short,vwap_bear_rejection,20360.6719,20354.0000,20360.2500,20341.5000,20341.5000,target,1.820800,2.040000,-0.520000,6.2500,-147,-0.485149,0.000000,0.000000,1.433302,303,225,78,0,0,0,0,0,0,0,0,164,0
MNQ DATABENTO,1,vwap_delta_rejection,2025-03-24T23:31:00Z,2025-03-24T23:31:00Z,2025-03-24T23:36:00Z,2025-03-24T19:31:00-04:00,overnight,overnight,2025-03-25,long,vwap_bull_rejection,20351.2243,20355.5000,20351.5000,20363.5000,20363.5000,target,1.720000,2.187500,-0.750000,4.0000,160,0.235988,0.000000,0.000000,6.865823,678,259,419,0,0,0,0,0,0,0,0,350,0
MNQ DATABENTO,1,vwap_delta_rejection,2025-03-25T00:02:00Z,2025-03-25T00:02:00Z,2025-03-25T00:04:00Z,2025-03-24T20:02:00-04:00,overnight,overnight,2025-03-25,long,vwap_bull_rejection,20353.9651,20359.7500,20354.5000,20370.2500,20354.5000,stop,-1.213333,0.714286,-1.000000,5.2500,57,0.215094,0.000000,0.000000,1.368448,265,104,161,0,0,0,0,0,0,0,0,164,0
MNQ DATABENTO,1,vwap_delta_rejection,2025-03-25T07:01:00Z,2025-03-25T07:01:00Z,2025-03-25T07:09:00Z,2025-03-25T03:01:00-04:00,overnight,overnight,2025-03-25,long,vwap_bull_rejection,20350.3220,20355.7500,20348.7500,20369.7500,20369.7500,target,1.840000,2.321429,-0.142857,7.0000,149,0.206657,0.000000,0.000000,7.120988,721,286,435,0,0,0,0,0,0,0,0,392,0
MNQ DATABENTO,1,vwap_delta_rejection,2025-03-25T08:06:00Z,2025-03-25T08:06:00Z,2025-03-25T08:16:00Z,2025-03-25T04:06:00-04:00,overnight,overnight,2025-03-25,short,vwap_bear_rejection,20351.0171,20337.7500,20351.2500,20310.7500,20310.7500,target,1.917037,2.444444,-0.166667,13.5000,-136,-0.177083,0.000000,0.000000,2.843391,768,452,316,0,0,0,0,0,0,0,0,408,0
MNQ DATABENTO,1,vwap_delta_rejection,2025-03-25T09:55:00Z,2025-03-25T09:55:00Z,2025-03-25T09:56:00Z,2025-03-25T05:55:00-04:00,overnight,overnight,2025-03-25,long,vwap_bull_rejection,20338.8129,20342.5000,20339.2500,20349.0000,20339.2500,stop,-1.344615,0.307692,-1.000000,3.2500,129,0.211823,0.000000,0.000000,1.659401,609,240,369,0,0,0,0,0,0,0,0,324,0
MNQ DATABENTO,1,vwap_delta_rejection,2025-03-25T18:51:00Z,2025-03-25T18:51:00Z,2025-03-25T18:53:00Z,2025-03-25T14:51:00-04:00,rth_09_30_16_00,rth_afternoon_13_30_15_00,2025-03-25,long,vwap_bull_rejection,20416.0477,20422.2500,20413.2500,20440.2500,20413.2500,stop,-1.124444,0.333333,-1.138889,9.0000,283,0.120477,0.000000,0.000000,1.543415,2349,1033,1316,0,0,0,0,0,0,0,0,1225,0
MNQ DATABENTO,1,vwap_delta_rejection,2025-03-25T23:22:00Z,2025-03-25T23:22:00Z,2025-03-25T23:24:00Z,2025-03-25T19:22:00-04:00,overnight,overnight,2025-03-26,short,vwap_bear_rejection,20514.0994,20510.7500,20514.0000,20504.2500,20514.0000,stop,-1.344615,0.000000,-1.461538,3.2500,-24,-0.137931,0.000000,0.000000,1.479592,174,99,75,0,0,0,0,0,0,0,0,79,0
MNQ DATABENTO,1,vwap_delta_rejection,2025-03-26T00:02:00Z,2025-03-26T00:02:00Z,2025-03-26T00:04:00Z,2025-03-25T20:02:00-04:00,overnight,overnight,2025-03-26,short,vwap_bear_rejection,20516.8685,20515.2500,20516.7500,20512.2500,20512.2500,target,1.253333,2.500000,-0.333333,1.5000,-98,-0.217778,0.000000,0.000000,1.731435,450,274,176,0,0,0,0,0,0,0,0,261,0
MNQ DATABENTO,1,vwap_delta_rejection,2025-03-26T00:14:00Z,2025-03-26T00:14:00Z,2025-03-26T00:18:00Z,2025-03-25T20:14:00-04:00,overnight,overnight,2025-03-26,long,vwap_bull_rejection,20516.7196,20519.2500,20516.2500,20525.2500,20525.2500,target,1.626667,2.416667,-0.333333,3.0000,173,0.532308,0.000000,0.000000,1.564380,325,76,249,0,0,0,0,0,0,0,0,170,0
MNQ DATABENTO,1,vwap_delta_rejection,2025-03-26T11:37:00Z,2025-03-26T11:37:00Z,2025-03-26T11:57:00Z,2025-03-26T07:37:00-04:00,overnight,overnight,2025-03-26,long,vwap_bull_rejection,20480.0088,20484.0000,20479.0000,20494.0000,20483.5000,timeout,-0.324000,1.800000,-0.450000,5.0000,195,0.240444,0.000000,0.000000,2.809144,811,308,503,0,0,0,0,0,0,0,0,396,0
MNQ DATABENTO,1,vwap_delta_rejection,2025-03-26T13:06:00Z,2025-03-26T13:06:00Z,2025-03-26T13:08:00Z,2025-03-26T09:06:00-04:00,overnight,overnight,2025-03-26,short,vwap_bear_rejection,20478.3770,20470.7500,20477.5000,20457.2500,20477.5000,stop,-1.165926,0.444444,-2.333333,6.7500,-267,-0.314488,0.000000,0.000000,1.405048,849,558,291,0,0,0,0,0,0,0,0,450,0
MNQ DATABENTO,1,vwap_delta_rejection,2025-03-26T13:12:00Z,2025-03-26T13:12:00Z,2025-03-26T13:17:00Z,2025-03-26T09:12:00-04:00,overnight,overnight,2025-03-26,short,vwap_bear_rejection,20478.3772,20476.5000,20480.0000,20469.5000,20469.5000,target,1.680000,3.071429,0.000000,3.5000,-164,-0.191589,0.000000,0.000000,1.521237,856,510,346,0,0,0,0,0,0,0,0,478,0
MNQ DATABENTO,1,vwap_delta_rejection,2025-03-26T13:40:00Z,2025-03-26T13:40:00Z,2025-03-26T13:47:00Z,2025-03-26T09:40:00-04:00,rth_09_30_16_00,rth_open_09_30_11_00,2025-03-26,short,vwap_bear_rejection,20469.4478,20458.2500,20475.2500,20424.2500,20424.2500,target,1.934118,2.367647,-0.838235,17.0000,-1088,-0.127460,0.000000,0.000000,2.237044,8536,4812,3724,0,0,0,0,0,0,0,0,4196,0
MNQ DATABENTO,1,vwap_delta_rejection,2025-03-26T22:04:00Z,2025-03-26T22:04:00Z,2025-03-26T22:15:00Z,2025-03-26T18:04:00-04:00,overnight,overnight,2025-03-27,long,vwap_bull_rejection,20050.3403,20065.2500,20046.7500,20102.2500,20046.7500,stop,-1.060541,1.621622,-1.175676,18.5000,186,0.170018,0.000000,0.000000,2.189752,1094,454,640,0,0,0,0,0,0,0,0,637,0
MNQ DATABENTO,1,vwap_delta_rejection,2025-03-27T07:52:00Z,2025-03-27T07:52:00Z,2025-03-27T08:01:00Z,2025-03-27T03:52:00-04:00,overnight,overnight,2025-03-27,short,vwap_bear_rejection,20083.1198,20077.2500,20087.2500,20057.2500,20087.2500,stop,-1.112000,0.875000,-1.450000,10.0000,-331,-0.280271,0.000000,0.000000,2.654231,1181,756,425,0,0,0,0,0,0,0,0,606,0
MNQ DATABENTO,1,vwap_delta_rejection,2025-03-27T08:04:00Z,2025-03-27T08:04:00Z,2025-03-27T08:09:00Z,2025-03-27T04:04:00-04:00,overnight,overnight,2025-03-27,short,vwap_bear_rejection,20082.9545,20066.7500,20080.7500,20038.7500,20038.7500,target,1.920000,2.571429,0.000000,14.0000,-155,-0.153314,0.000000,0.000000,1.895566,1011,583,428,0,0,0,0,0,0,0,0,633,0
MNQ DATABENTO,1,vwap_delta_rejection,2025-03-27T08:56:00Z,2025-03-27T08:56:00Z,2025-03-27T09:16:00Z,2025-03-27T04:56:00-04:00,overnight,overnight,2025-03-27,long,vwap_bull_rejection,20079.4015,20094.5000,20080.7500,20122.0000,20113.5000,timeout,1.300364,1.618182,-0.127273,13.7500,342,0.328846,0.000000,0.000000,2.376057,1040,349,691,0,0,0,0,0,0,0,0,542,0
MNQ DATABENTO,1,vwap_delta_rejection,2025-03-27T11:13:00Z,2025-03-27T11:13:00Z,2025-03-27T11:23:00Z,2025-03-27T07:13:00-04:00,overnight,overnight,2025-03-27,short,vwap_bear_rejection,20084.5371,20072.0000,20083.7500,20048.5000,20048.5000,target,1.904681,2.170213,-0.319149,11.7500,-190,-0.225653,0.000000,0.000000,1.264739,842,516,326,0,0,0,0,0,0,0,0,507,0
MNQ DATABENTO,1,vwap_delta_rejection,2025-03-27T12:32:00Z,2025-03-27T12:32:00Z,2025-03-27T12:35:00Z,2025-03-27T08:32:00-04:00,overnight,overnight,2025-03-27,long,vwap_bull_rejection,20081.8273,20091.0000,20081.0000,20111.0000,20081.0000,stop,-1.112000,0.825000,-1.975000,10.0000,544,0.156682,0.000000,0.000000,5.752154,3472,1464,2008,0,0,0,0,0,0,0,0,2038,0
MNQ DATABENTO,1,vwap_delta_rejection,2025-03-27T15:42:00Z,2025-03-27T15:42:00Z,2025-03-27T15:43:00Z,2025-03-27T11:42:00-04:00,rth_09_30_16_00,rth_lunch_11_30_13_30,2025-03-27,short,vwap_bear_rejection,20076.8412,20062.7500,20075.2500,20037.7500,20075.2500,stop,-1.089600,0.240000,-1.700000,12.5000,-605,-0.119212,0.000000,0.000000,1.377467,5075,2840,2235,0,0,0,0,0,0,0,0,2872,0
MNQ DATABENTO,1,vwap_delta_rejection,2025-03-27T18:19:00Z,2025-03-27T18:19:00Z,2025-03-27T18:21:00Z,2025-03-27T14:19:00-04:00,rth_09_30_16_00,rth_afternoon_13_30_15_00,2025-03-27,short,vwap_bear_rejection,20072.1795,20059.2500,20072.5000,20032.7500,20072.5000,stop,-1.084528,0.188679,-1.056604,13.2500,-654,-0.181667,0.000000,0.000000,1.397977,3600,2127,1473,0,0,0,0,0,0,0,0,1971,0
MNQ DATABENTO,1,vwap_delta_rejection,2025-03-27T18:58:00Z,2025-03-27T18:58:00Z,2025-03-27T19:01:00Z,2025-03-27T14:58:00-04:00,rth_09_30_16_00,rth_afternoon_13_30_15_00,2025-03-27,short,vwap_bear_rejection,20072.2848,20061.0000,20072.0000,20039.0000,20039.0000,target,1.898182,2.181818,-0.090909,11.0000,-722,-0.252801,0.000000,0.000000,1.239314,2856,1789,1067,0,0,0,0,0,0,0,0,1450,0
MNQ DATABENTO,1,vwap_delta_rejection,2025-03-27T22:06:00Z,2025-03-27T22:06:00Z,2025-03-27T22:11:00Z,2025-03-27T18:06:00-04:00,overnight,overnight,2025-03-28,short,vwap_bear_rejection,20000.1086,19996.5000,20002.5000,19984.5000,19984.5000,target,1.813333,2.166667,-0.208333,6.0000,-70,-0.170732,0.000000,0.000000,1.484700,410,240,170,0,0,0,0,0,0,0,0,276,0
MNQ DATABENTO,1,vwap_delta_rejection,2025-03-27T22:55:00Z,2025-03-27T22:55:00Z,2025-03-27T23:01:00Z,2025-03-27T18:55:00-04:00,overnight,overnight,2025-03-28,short,vwap_bear_rejection,19996.5808,19990.0000,19996.2500,19977.5000,19996.2500,stop,-1.179200,0.560000,-1.040000,6.2500,-95,-0.347985,0.000000,0.000000,2.164948,273,184,89,0,0,0,0,0,0,0,0,136,0
MNQ DATABENTO,1,vwap_delta_rejection,2025-03-27T23:01:00Z,2025-03-27T23:01:00Z,2025-03-27T23:04:00Z,2025-03-27T19:01:00-04:00,overnight,overnight,2025-03-28,short,vwap_bear_rejection,19996.1132,19990.0000,19996.7500,19976.5000,19976.5000,target,1.834074,2.592593,-0.037037,6.7500,-58,-0.181250,0.000000,0.000000,2.710716,320,189,131,0,0,0,0,0,0,0,0,181,0
MNQ DATABENTO,1,vwap_delta_rejection,2025-03-28T04:57:00Z,2025-03-28T04:57:00Z,2025-03-28T05:03:00Z,2025-03-28T00:57:00-04:00,overnight,overnight,2025-03-28,long,vwap_bull_rejection,19974.8816,19978.0000,19974.2500,19985.5000,19985.5000,target,1.701333,2.133333,0.000000,3.7500,21,0.170732,0.000000,0.000000,1.554011,123,51,72,0,0,0,0,0,0,0,0,82,0
MNQ DATABENTO,1,vwap_delta_rejection,2025-03-28T06:48:00Z,2025-03-28T06:48:00Z,2025-03-28T06:51:00Z,2025-03-28T02:48:00-04:00,overnight,overnight,2025-03-28,short,vwap_bear_rejection,19976.9753,19972.7500,19977.5000,19963.2500,19963.2500,target,1.764211,3.105263,-0.368421,4.7500,-148,-0.274074,0.000000,0.000000,2.365309,540,344,196,0,0,0,0,0,0,0,0,278,0
MNQ DATABENTO,1,vwap_delta_rejection,2025-03-28T11:05:00Z,2025-03-28T11:05:00Z,2025-03-28T11:18:00Z,2025-03-28T07:05:00-04:00,overnight,overnight,2025-03-28,short,vwap_bear_rejection,19940.1025,19932.7500,19939.7500,19918.7500,19939.7500,stop,-1.160000,1.642857,-1.285714,7.0000,-210,-0.237020,0.000000,0.000000,1.832472,886,548,338,0,0,0,0,0,0,0,0,507,0
MNQ DATABENTO,1,vwap_delta_rejection,2025-03-28T11:29:00Z,2025-03-28T11:29:00Z,2025-03-28T11:32:00Z,2025-03-28T07:29:00-04:00,overnight,overnight,2025-03-28,short,vwap_bear_rejection,19939.9014,19932.5000,19940.2500,19917.0000,19917.0000,target,1.855484,2.064516,0.000000,7.7500,-89,-0.141046,0.000000,0.000000,1.505248,631,360,271,0,0,0,0,0,0,0,0,375,0
MNQ DATABENTO,1,vwap_delta_rejection,2025-03-28T11:57:00Z,2025-03-28T11:57:00Z,2025-03-28T12:01:00Z,2025-03-28T07:57:00-04:00,overnight,overnight,2025-03-28,long,vwap_bull_rejection,19939.3705,19945.5000,19938.0000,19960.5000,19938.0000,stop,-1.149333,0.866667,-1.233333,7.5000,191,0.316750,0.000000,0.000000,1.290806,603,206,397,0,0,0,0,0,0,0,0,343,0
MNQ DATABENTO,1,vwap_delta_rejection,2025-03-28T12:31:00Z,2025-03-28T12:31:00Z,2025-03-28T12:51:00Z,2025-03-28T08:31:00-04:00,overnight,overnight,2025-03-28,short,vwap_bear_rejection,19938.9494,19905.5000,19937.2500,19842.0000,19892.5000,timeout,0.374173,1.330709,-0.433071,31.7500,-714,-0.125660,0.000000,0.000000,12.785779,5682,3198,2484,0,0,0,0,0,0,0,0,3579,0
MNQ DATABENTO,1,vwap_delta_rejection,2025-03-30T22:33:00Z,2025-03-30T22:33:00Z,2025-03-30T22:36:00Z,2025-03-30T18:33:00-04:00,overnight,overnight,2025-03-31,short,vwap_bear_rejection,19300.5946,19292.7500,19303.2500,19271.7500,19303.2500,stop,-1.106667,0.190476,-1.047619,10.5000,-175,-0.311943,0.000000,0.000000,1.220096,561,368,193,0,0,0,0,0,0,0,0,349,0
MNQ DATABENTO,1,vwap_delta_rejection,2025-03-30T22:41:00Z,2025-03-30T22:41:00Z,2025-03-30T22:59:00Z,2025-03-30T18:41:00-04:00,overnight,overnight,2025-03-31,long,vwap_bull_rejection,19300.6083,19309.2500,19302.0000,19323.7500,19302.0000,stop,-1.154483,1.827586,-1.241379,7.2500,321,0.556326,0.000000,0.000000,1.632942,577,128,449,0,0,0,0,0,0,0,0,299,0
MNQ DATABENTO,1,vwap_delta_rejection,2025-03-31T01:22:00Z,2025-03-31T01:22:00Z,2025-03-31T01:37:00Z,2025-03-30T21:22:00-04:00,overnight,overnight,2025-03-31,long,vwap_bull_rejection,19245.9682,19254.0000,19244.2500,19273.5000,19244.2500,stop,-1.114872,1.871795,-1.743590,9.7500,410,0.291607,0.000000,0.000000,2.342162,1406,498,908,0,0,0,0,0,0,0,0,735,0
MNQ DATABENTO,1,vwap_delta_rejection,2025-03-31T05:07:00Z,2025-03-31T05:07:00Z,2025-03-31T05:11:00Z,2025-03-31T01:07:00-04:00,overnight,overnight,2025-03-31,long,vwap_bull_rejection,19237.6167,19242.0000,19236.7500,19252.5000,19236.7500,stop,-1.213333,0.619048,-1.190476,5.2500,75,0.152749,0.000000,0.000000,2.192454,491,208,283,0,0,0,0,0,0,0,0,285,0
MNQ DATABENTO,1,vwap_delta_rejection,2025-03-31T05:42:00Z,2025-03-31T05:42:00Z,2025-03-31T05:47:00Z,2025-03-31T01:42:00-04:00,overnight,overnight,2025-03-31,short,vwap_bear_rejection,19237.8922,19229.2500,19239.0000,19209.7500,19239.0000,stop,-1.114872,0.641026,-1.000000,9.7500,-77,-0.228487,0.000000,0.000000,1.247686,337,207,130,0,0,0,0,0,0,0,0,193,0
MNQ DATABENTO,1,vwap_delta_rejection,2025-03-31T07:28:00Z,2025-03-31T07:28:00Z,2025-03-31T07:29:00Z,2025-03-31T03:28:00-04:00,overnight,overnight,2025-03-31,long,vwap_bull_rejection,19234.7984,19239.2500,19235.7500,19246.2500,19235.7500,stop,-1.320000,1.142857,-2.357143,3.5000,144,0.134579,0.000000,0.000000,1.431917,1070,463,607,0,0,0,0,0,0,0,0,594,0
MNQ DATABENTO,1,vwap_delta_rejection,2025-03-31T10:50:00Z,2025-03-31T10:50:00Z,2025-03-31T11:07:00Z,2025-03-31T06:50:00-04:00,overnight,overnight,2025-03-31,short,vwap_bear_rejection,19230.7639,19215.7500,19231.0000,19185.2500,19185.2500,target,1.926557,2.639344,-0.852459,15.2500,-109,-0.227557,0.000000,0.000000,1.542922,479,294,185,0,0,0,0,0,0,0,0,316,0
MNQ DATABENTO,1,vwap_delta_rejection,2025-03-31T13:01:00Z,2025-03-31T13:01:00Z,2025-03-31T13:02:00Z,2025-03-31T09:01:00-04:00,overnight,overnight,2025-03-31,long,vwap_bull_rejection,19220.5101,19229.5000,19219.0000,19250.5000,19219.0000,stop,-1.106667,0.000000,-1.309524,10.5000,703,0.257226,0.000000,0.000000,4.544396,2733,1015,1718,0,0,0,0,0,0,0,0,1605,0
MNQ DATABENTO,1,vwap_delta_rejection,2025-03-31T13:03:00Z,2025-03-31T13:03:00Z,2025-03-31T13:08:00Z,2025-03-31T09:03:00-04:00,overnight,overnight,2025-03-31,short,vwap_bear_rejection,19220.4828,19209.5000,19220.2500,19188.0000,19220.2500,stop,-1.104186,0.418605,-1.279070,10.7500,-457,-0.285804,0.000000,0.000000,2.164760,1599,1028,571,0,0,0,0,0,0,0,0,903,0
MNQ DATABENTO,1,vwap_delta_rejection,2025-03-31T15:10:00Z,2025-03-31T15:10:00Z,2025-03-31T15:11:00Z,2025-03-31T11:10:00-04:00,rth_09_30_16_00,rth_mid_11_00_11_30,2025-03-31,short,vwap_bear_rejection,19154.8565,19131.5000,19151.0000,19092.5000,19151.0000,stop,-1.057436,0.025641,-1.128205,19.5000,-766,-0.121975,0.000000,0.000000,1.346787,6280,3523,2757,0,0,0,0,0,0,0,0,3417,0
MNQ DATABENTO,1,vwap_delta_rejection,2025-03-31T22:04:00Z,2025-03-31T22:04:00Z,2025-03-31T22:07:00Z,2025-03-31T18:04:00-04:00,overnight,overnight,2025-04-01,short,vwap_bear_rejection,19403.4346,19398.7500,19403.0000,19390.2500,19390.2500,target,1.736471,4.411765,-0.941176,4.2500,-189,-0.388090,0.000000,0.000000,2.128497,487,338,149,0,0,0,0,0,0,0,0,264,0
MNQ DATABENTO,1,vwap_delta_rejection,2025-03-31T22:06:00Z,2025-03-31T22:06:00Z,2025-03-31T22:09:00Z,2025-03-31T18:06:00-04:00,overnight,overnight,2025-04-01,short,vwap_bear_rejection,19401.3674,19392.0000,19403.0000,19370.0000,19403.0000,stop,-1.101818,1.227273,-1.136364,11.0000,-111,-0.199282,0.000000,0.000000,2.252325,557,334,223,0,0,0,0,0,0,0,0,332,0
