instrument,timeframe,variant,signal_time,entry_time,exit_time,entry_session_time,session_rollup,rth_segment,trading_day,direction,reason,level,entry,stop,target,exit,outcome,r,mfe_r,mae_r,risk_points,delta,delta_pct,depth_imbalance,wick_ratio,volume_ratio,signal_volume,bid_volume,ask_volume,depth_bid_churn,depth_ask_churn,top_bid_churn,top_ask_churn,quote_bid_churn,quote_ask_churn,bid_quote_updates,ask_quote_updates,signal_trades,signal_depth_rows,pnl
MNQ DATABENTO,1,vwap_delta_rejection,2025-01-01T23:21:00Z,2025-01-01 23:21:00+00:00,2025-01-01 23:22:00+00:00,2025-01-01T18:21:00-05:00,overnight,overnight,2025-01-02,short,vwap_bear_rejection,21295.9775000000,21289.5000000000,21296.2500000000,21276.0000000000,21296.2500000000,stop,-1.1659260000,0.1851850000,-1.4444440000,6.7500000000,-155,-0.2495970000,0.0000000000,0.0000000000,1.3634870000,621,388,233,0,0,0,0,0,0,0,0,362,0,-15.7400010000
MNQ DATABENTO,1,vwap_delta_rejection,2025-01-01T23:31:00Z,2025-01-01 23:31:00+00:00,2025-01-01 23:32:00+00:00,2025-01-01T18:31:00-05:00,overnight,overnight,2025-01-02,long,vwap_bull_rejection,21296.4376000000,21304.2500000000,21298.0000000000,21316.7500000000,21298.0000000000,stop,-1.1792000000,0.0400000000,-1.7600000000,6.2500000000,91,0.2035790000,0.0000000000,0.0000000000,1.4820950000,447,178,269,0,0,0,0,0,0,0,0,302,0,-14.7400000000
MNQ DATABENTO,1,vwap_delta_rejection,2025-01-02T00:47:00Z,2025-01-02 00:47:00+00:00,2025-01-02 01:03:00+00:00,2025-01-01T19:47:00-05:00,overnight,overnight,2025-01-02,long,vwap_bull_rejection,21220.5374000000,21236.2500000000,21219.0000000000,21270.7500000000,21270.7500000000,target,1.9350720000,2.3768120000,-0.9420290000,17.2500000000,225,0.1369450000,0.0000000000,0.0000000000,2.1126400000,1643,709,934,0,0,0,0,0,0,0,0,888,0,66.7599840000
MNQ DATABENTO,1,vwap_delta_rejection,2025-01-02T17:03:00Z,2025-01-02 17:03:00+00:00,2025-01-02 17:05:00+00:00,2025-01-02T12:03:00-05:00,rth_09_30_16_00,rth_lunch_11_30_13_30,2025-01-02,short,vwap_bear_rejection,21318.0086000000,21304.2500000000,21323.7500000000,21265.2500000000,21323.7500000000,stop,-1.0574360000,0.1666670000,-1.6794870000,19.5000000000,-501,-0.1270610000,0.0000000000,0.0000000000,1.4815790000,3943,2222,1721,0,0,0,0,0,0,0,0,2290,0,-41.2400040000
MNQ DATABENTO,1,vwap_delta_rejection,2025-01-03T05:05:00Z,2025-01-03 05:05:00+00:00,2025-01-03 05:19:00+00:00,2025-01-03T00:05:00-05:00,overnight,overnight,2025-01-03,long,vwap_bull_rejection,21217.7945000000,21220.0000000000,21215.0000000000,21230.0000000000,21215.0000000000,stop,-1.2240000000,0.9000000000,-1.9000000000,5.0000000000,118,0.3734180000,0.0000000000,0.0000000000,1.6939160000,316,99,217,0,0,0,0,0,0,0,0,150,0,-12.2400000000
MNQ DATABENTO,1,vwap_delta_rejection,2025-01-03T05:28:00Z,2025-01-03 05:28:00+00:00,2025-01-03 05:33:00+00:00,2025-01-03T00:28:00-05:00,overnight,overnight,2025-01-03,long,vwap_bull_rejection,21217.7599000000,21220.7500000000,21218.0000000000,21226.2500000000,21226.2500000000,target,1.5927270000,2.0000000000,-0.9090910000,2.7500000000,83,0.4009660000,0.0000000000,0.0000000000,1.2391500000,207,62,145,0,0,0,0,0,0,0,0,119,0,8.7599985000
MNQ DATABENTO,1,vwap_delta_rejection,2025-01-03T07:13:00Z,2025-01-03 07:13:00+00:00,2025-01-03 07:14:00+00:00,2025-01-03T02:13:00-05:00,overnight,overnight,2025-01-03,short,vwap_bear_rejection,21220.6657000000,21216.2500000000,21220.5000000000,21207.7500000000,21220.5000000000,stop,-1.2635290000,0.0000000000,-1.5294120000,4.2500000000,-117,-0.2344690000,0.0000000000,0.0000000000,2.0739820000,499,308,191,0,0,0,0,0,0,0,0,280,0,-10.7399965000
MNQ DATABENTO,1,vwap_delta_rejection,2025-01-03T07:16:00Z,2025-01-03 07:16:00+00:00,2025-01-03 07:36:00+00:00,2025-01-03T02:16:00-05:00,overnight,overnight,2025-01-03,long,vwap_bull_rejection,21220.7323000000,21230.5000000000,21220.5000000000,21250.5000000000,21238.2500000000,timeout,0.6630000000,1.3250000000,-0.6750000000,10.0000000000,197,0.2256590000,0.0000000000,0.0000000000,3.0744850000,873,338,535,0,0,0,0,0,0,0,0,482,0,13.2600000000
MNQ DATABENTO,1,vwap_delta_rejection,2025-01-03T11:23:00Z,2025-01-03 11:23:00+00:00,2025-01-03 11:28:00+00:00,2025-01-03T06:23:00-05:00,overnight,overnight,2025-01-03,long,vwap_bull_rejection,21233.9909000000,21239.0000000000,21234.0000000000,21249.0000000000,21249.0000000000,target,1.7760000000,2.7000000000,-0.7000000000,5.0000000000,135,0.3600000000,0.0000000000,0.0000000000,1.3364220000,375,120,255,0,0,0,0,0,0,0,0,193,0,17.7600000000
MNQ DATABENTO,1,vwap_delta_rejection,2025-01-03T12:16:00Z,2025-01-03 12:16:00+00:00,2025-01-03 12:19:00+00:00,2025-01-03T07:16:00-05:00,overnight,overnight,2025-01-03,short,vwap_bear_rejection,21234.3715000000,21226.7500000000,21233.7500000000,21212.7500000000,21212.7500000000,target,1.8400000000,2.3928570000,-0.0714290000,7.0000000000,-172,-0.3185190000,0.0000000000,0.0000000000,1.5880020000,540,356,184,0,0,0,0,0,0,0,0,327,0,25.7600000000
MNQ DATABENTO,1,vwap_delta_rejection,2025-01-03T12:31:00Z,2025-01-03 12:31:00+00:00,2025-01-03 12:32:00+00:00,2025-01-03T07:31:00-05:00,overnight,overnight,2025-01-03,long,vwap_bull_rejection,21233.9148000000,21237.5000000000,21233.0000000000,21246.5000000000,21233.0000000000,stop,-1.2488890000,0.0000000000,-1.8888890000,4.5000000000,107,0.1589900000,0.0000000000,0.0000000000,1.5555300000,673,283,390,0,0,0,0,0,0,0,0,370,0,-11.2400010000
MNQ DATABENTO,1,vwap_delta_rejection,2025-01-03T13:55:00Z,2025-01-03 13:55:00+00:00,2025-01-03 13:56:00+00:00,2025-01-03T08:55:00-05:00,overnight,overnight,2025-01-03,long,vwap_bull_rejection,21236.4844000000,21242.2500000000,21236.2500000000,21254.2500000000,21236.2500000000,stop,-1.1866670000,0.2500000000,-1.5000000000,6.0000000000,108,0.1144070000,0.0000000000,0.0000000000,1.6490520000,944,418,526,0,0,0,0,0,0,0,0,540,0,-14.2400040000
MNQ DATABENTO,1,vwap_delta_rejection,2025-01-05T23:07:00Z,2025-01-05 23:07:00+00:00,2025-01-05 23:12:00+00:00,2025-01-05T18:07:00-05:00,overnight,overnight,2025-01-06,short,vwap_bear_rejection,21526.4089000000,21519.2500000000,21525.7500000000,21506.2500000000,21525.7500000000,stop,-1.1723080000,0.8846150000,-1.3076920000,6.5000000000,-84,-0.1153850000,0.0000000000,0.0000000000,2.0934580000,728,406,322,0,0,0,0,0,0,0,0,471,0,-15.2400040000
MNQ DATABENTO,1,vwap_delta_rejection,2025-01-05T23:42:00Z,2025-01-05 23:42:00+00:00,2025-01-05 23:44:00+00:00,2025-01-05T18:42:00-05:00,overnight,overnight,2025-01-06,long,vwap_bull_rejection,21522.3396000000,21527.5000000000,21521.2500000000,21540.0000000000,21521.2500000000,stop,-1.1792000000,0.4000000000,-1.0000000000,6.2500000000,132,0.2299650000,0.0000000000,0.0000000000,1.8055990000,574,221,353,0,0,0,0,0,0,0,0,338,0,-14.7400000000
MNQ DATABENTO,1,vwap_delta_rejection,2025-01-07T02:05:00Z,2025-01-07 02:05:00+00:00,2025-01-07 02:12:00+00:00,2025-01-06T21:05:00-05:00,overnight,overnight,2025-01-07,long,vwap_bull_rejection,21768.8431000000,21772.2500000000,21769.5000000000,21777.7500000000,21769.5000000000,stop,-1.4072730000,0.9090910000,-1.0000000000,2.7500000000,90,0.2795030000,0.0000000000,0.0000000000,1.5881630000,322,116,206,0,0,0,0,0,0,0,0,162,0,-7.7400015000
MNQ DATABENTO,1,vwap_delta_rejection,2025-01-07T09:48:00Z,2025-01-07 09:48:00+00:00,2025-01-07 09:51:00+00:00,2025-01-07T04:48:00-05:00,overnight,overnight,2025-01-07,short,vwap_bear_rejection,21737.0961000000,21734.7500000000,21738.2500000000,21727.7500000000,21738.2500000000,stop,-1.3200000000,1.6428570000,-2.7142860000,3.5000000000,-62,-0.1135530000,0.0000000000,0.0000000000,1.8273090000,546,304,242,0,0,0,0,0,0,0,0,308,0,-9.2400000000
MNQ DATABENTO,1,vwap_delta_rejection,2025-01-07T12:01:00Z,2025-01-07 12:01:00+00:00,2025-01-07 12:11:00+00:00,2025-01-07T07:01:00-05:00,overnight,overnight,2025-01-07,short,vwap_bear_rejection,21738.8567000000,21724.2500000000,21743.5000000000,21685.7500000000,21743.5000000000,stop,-1.0581820000,0.2857140000,-1.2077920000,19.2500000000,-162,-0.1140850000,0.0000000000,0.0000000000,4.2255620000,1420,791,629,0,0,0,0,0,0,0,0,788,0,-40.7400070000
MNQ DATABENTO,1,vwap_delta_rejection,2025-01-07T13:00:00Z,2025-01-07 13:00:00+00:00,2025-01-07 13:07:00+00:00,2025-01-07T08:00:00-05:00,overnight,overnight,2025-01-07,long,vwap_bull_rejection,21739.2522000000,21745.2500000000,21737.2500000000,21761.2500000000,21737.2500000000,stop,-1.1400000000,1.0312500000,-1.0625000000,8.0000000000,130,0.2070060000,0.0000000000,0.0000000000,1.3230800000,628,249,379,0,0,0,0,0,0,0,0,352,0,-18.2400000000
MNQ DATABENTO,1,vwap_delta_rejection,2025-01-07T14:37:00Z,2025-01-07 14:37:00+00:00,2025-01-07 14:44:00+00:00,2025-01-07T09:37:00-05:00,rth_09_30_16_00,rth_open_09_30_11_00,2025-01-07,short,vwap_bear_rejection,21748.5324000000,21725.7500000000,21749.7500000000,21677.7500000000,21749.7500000000,stop,-1.0466670000,1.2812500000,-1.0937500000,24.0000000000,-1248,-0.1448470000,0.0000000000,0.0000000000,2.7381500000,8616,4932,3684,0,0,0,0,0,0,0,0,4706,0,-50.2400160000
MNQ DATABENTO,1,vwap_delta_rejection,2025-01-07T14:45:00Z,2025-01-07 14:45:00+00:00,2025-01-07 14:51:00+00:00,2025-01-07T09:45:00-05:00,rth_09_30_16_00,rth_open_09_30_11_00,2025-01-07,long,vwap_bull_rejection,21745.7502000000,21765.7500000000,21748.5000000000,21800.2500000000,21748.5000000000,stop,-1.0649280000,1.2608700000,-1.0144930000,17.2500000000,1181,0.1477910000,0.0000000000,0.0000000000,1.3692600000,7991,3405,4586,0,0,0,0,0,0,0,0,4300,0,-36.7400160000
MNQ DATABENTO,1,vwap_delta_rejection,2025-01-08T03:35:00Z,2025-01-08 03:35:00+00:00,2025-01-08 03:37:00+00:00,2025-01-07T22:35:00-05:00,overnight,overnight,2025-01-08,short,vwap_bear_rejection,21401.0806000000,21398.0000000000,21402.2500000000,21389.5000000000,21402.2500000000,stop,-1.2635290000,0.1764710000,-1.5882350000,4.2500000000,-90,-0.2027030000,0.0000000000,0.0000000000,1.4977230000,444,267,177,0,0,0,0,0,0,0,0,270,0,-10.7399965000
MNQ DATABENTO,1,vwap_delta_rejection,2025-01-08T03:43:00Z,2025-01-08 03:43:00+00:00,2025-01-08 03:44:00+00:00,2025-01-07T22:43:00-05:00,overnight,overnight,2025-01-08,short,vwap_bear_rejection,21401.0952000000,21399.5000000000,21401.7500000000,21395.0000000000,21401.7500000000,stop,-1.4977780000,0.4444440000,-1.0000000000,2.2500000000,-54,-0.2454550000,0.0000000000,0.0000000000,1.2786980000,220,137,83,0,0,0,0,0,0,0,0,127,0,-6.7400010000
MNQ DATABENTO,1,vwap_delta_rejection,2025-01-08T06:41:00Z,2025-01-08 06:41:00+00:00,2025-01-08 06:48:00+00:00,2025-01-08T01:41:00-05:00,overnight,overnight,2025-01-08,long,vwap_bull_rejection,21404.0612000000,21410.5000000000,21404.0000000000,21423.5000000000,21404.0000000000,stop,-1.1723080000,0.4230770000,-1.0769230000,6.5000000000,85,0.2615380000,0.0000000000,0.0000000000,1.5443100000,325,120,205,0,0,0,0,0,0,0,0,204,0,-15.2400040000
MNQ DATABENTO,1,vwap_delta_rejection,2025-01-08T08:16:00Z,2025-01-08 08:16:00+00:00,2025-01-08 08:17:00+00:00,2025-01-08T03:16:00-05:00,overnight,overnight,2025-01-08,short,vwap_bear_rejection,21399.6015000000,21396.7500000000,21398.5000000000,21393.2500000000,21398.5000000000,stop,-1.6400000000,0.8571430000,-1.8571430000,1.7500000000,-111,-0.1903950000,0.0000000000,0.0000000000,1.8235850000,583,347,236,0,0,0,0,0,0,0,0,341,0,-5.7400000000
MNQ DATABENTO,1,vwap_delta_rejection,2025-01-08T08:19:00Z,2025-01-08 08:19:00+00:00,2025-01-08 08:24:00+00:00,2025-01-08T03:19:00-05:00,overnight,overnight,2025-01-08,long,vwap_bull_rejection,21399.6238000000,21408.2500000000,21400.0000000000,21424.7500000000,21400.0000000000,stop,-1.1357580000,1.3333330000,-1.1212120000,8.2500000000,185,0.3432280000,0.0000000000,0.0000000000,1.5144700000,539,177,362,0,0,0,0,0,0,0,0,283,0,-18.7400070000
MNQ DATABENTO,1,vwap_delta_rejection,2025-01-08T08:27:00Z,2025-01-08 08:27:00+00:00,2025-01-08 08:32:00+00:00,2025-01-08T03:27:00-05:00,overnight,overnight,2025-01-08,short,vwap_bear_rejection,21399.8056000000,21394.5000000000,21400.0000000000,21383.5000000000,21400.0000000000,stop,-1.2036360000,1.7272730000,-1.2727270000,5.5000000000,-216,-0.2713570000,0.0000000000,0.0000000000,2.1874140000,796,506,290,0,0,0,0,0,0,0,0,458,0,-13.2399960000
MNQ DATABENTO,1,vwap_delta_rejection,2025-01-08T11:27:00Z,2025-01-08 11:27:00+00:00,2025-01-08 11:32:00+00:00,2025-01-08T06:27:00-05:00,overnight,overnight,2025-01-08,short,vwap_bear_rejection,21406.4912000000,21392.7500000000,21408.7500000000,21360.7500000000,21360.7500000000,target,1.9300000000,3.9375000000,-0.4062500000,16.0000000000,-224,-0.1895090000,0.0000000000,0.0000000000,2.4231240000,1182,703,479,0,0,0,0,0,0,0,0,648,0,61.7600000000
MNQ DATABENTO,1,vwap_delta_rejection,2025-01-08T13:25:00Z,2025-01-08 13:25:00+00:00,2025-01-08 13:30:00+00:00,2025-01-08T08:25:00-05:00,overnight,overnight,2025-01-08,long,vwap_bull_rejection,21354.6416000000,21367.0000000000,21353.0000000000,21395.0000000000,21353.0000000000,stop,-1.0800000000,1.5357140000,-1.5892860000,14.0000000000,545,0.1651010000,0.0000000000,0.0000000000,1.9934180000,3301,1378,1923,0,0,0,0,0,0,0,0,1714,0,-30.2400000000
MNQ DATABENTO,1,vwap_delta_rejection,2025-01-08T14:15:00Z,2025-01-08 14:15:00+00:00,2025-01-08 14:26:00+00:00,2025-01-08T09:15:00-05:00,overnight,overnight,2025-01-08,short,vwap_bear_rejection,21354.2596000000,21338.0000000000,21353.2500000000,21307.5000000000,21353.2500000000,stop,-1.0734430000,0.7704920000,-1.1475410000,15.2500000000,-434,-0.2074570000,0.0000000000,0.0000000000,1.3695580000,2092,1263,829,0,0,0,0,0,0,0,0,1188,0,-32.7400115000
MNQ DATABENTO,1,vwap_delta_rejection,2025-01-08T16:03:00Z,2025-01-08 16:03:00+00:00,2025-01-08 16:11:00+00:00,2025-01-08T11:03:00-05:00,rth_09_30_16_00,rth_mid_11_00_11_30,2025-01-08,short,vwap_bear_rejection,21339.1796000000,21322.0000000000,21343.7500000000,21278.5000000000,21343.7500000000,stop,-1.0514940000,1.7241380000,-1.3103450000,21.7500000000,-676,-0.1643170000,0.0000000000,0.0000000000,1.3117160000,4114,2395,1719,0,0,0,0,0,0,0,0,2264,0,-45.7399890000
MNQ DATABENTO,1,vwap_delta_rejection,2025-01-08T17:07:00Z,2025-01-08 17:07:00+00:00,2025-01-08 17:09:00+00:00,2025-01-08T12:07:00-05:00,rth_09_30_16_00,rth_lunch_11_30_13_30,2025-01-08,short,vwap_bear_rejection,21341.8101000000,21335.2500000000,21345.0000000000,21315.7500000000,21315.7500000000,target,1.8851280000,2.2307690000,-0.4358970000,9.7500000000,-360,-0.1139240000,0.0000000000,0.0000000000,1.5874610000,3160,1760,1400,0,0,0,0,0,0,0,0,1721,0,36.7599960000
MNQ DATABENTO,1,vwap_delta_rejection,2025-01-08T18:53:00Z,2025-01-08 18:53:00+00:00,2025-01-08 19:06:00+00:00,2025-01-08T13:53:00-05:00,rth_09_30_16_00,rth_afternoon_13_30_15_00,2025-01-08,short,vwap_bear_rejection,21331.3965000000,21315.5000000000,21335.0000000000,21276.5000000000,21335.0000000000,stop,-1.0574360000,1.7179490000,-1.3461540000,19.5000000000,-446,-0.1080950000,0.0000000000,0.0000000000,1.9953570000,4126,2286,1840,0,0,0,0,0,0,0,0,1926,0,-41.2400040000
MNQ DATABENTO,1,vwap_delta_rejection,2025-01-08T19:07:00Z,2025-01-08 19:07:00+00:00,2025-01-08 19:09:00+00:00,2025-01-08T14:07:00-05:00,rth_09_30_16_00,rth_afternoon_13_30_15_00,2025-01-08,long,vwap_bull_rejection,21330.8413000000,21342.7500000000,21321.7500000000,21384.7500000000,21384.7500000000,target,1.9466670000,2.2142860000,-0.4404760000,21.0000000000,570,0.1383500000,0.0000000000,0.0000000000,1.4482060000,4120,1775,2345,0,0,0,0,0,0,0,0,2235,0,81.7600140000
MNQ DATABENTO,1,vwap_delta_rejection,2025-01-08T20:12:00Z,2025-01-08 20:12:00+00:00,2025-01-08 20:16:00+00:00,2025-01-08T15:12:00-05:00,rth_09_30_16_00,rth_close_15_00_16_00,2025-01-08,short,vwap_bear_rejection,21333.9922000000,21321.2500000000,21332.7500000000,21298.2500000000,21332.7500000000,stop,-1.0973910000,1.7608700000,-1.0652170000,11.5000000000,-330,-0.1373860000,0.0000000000,0.0000000000,1.3595590000,2402,1366,1036,0,0,0,0,0,0,0,0,1340,0,-25.2399930000
MNQ DATABENTO,1,vwap_delta_rejection,2025-01-08T20:24:00Z,2025-01-08 20:24:00+00:00,2025-01-08 20:34:00+00:00,2025-01-08T15:24:00-05:00,rth_09_30_16_00,rth_close_15_00_16_00,2025-01-08,long,vwap_bull_rejection,21333.9189000000,21350.7500000000,21336.0000000000,21380.2500000000,21336.0000000000,stop,-1.0759320000,0.5762710000,-1.0338980000,14.7500000000,611,0.1994780000,0.0000000000,0.0000000000,1.5162620000,3063,1226,1837,0,0,0,0,0,0,0,0,1596,0,-31.7399940000
MNQ DATABENTO,1,vwap_delta_rejection,2025-01-08T20:51:00Z,2025-01-08 20:51:00+00:00,2025-01-08 20:54:00+00:00,2025-01-08T15:51:00-05:00,rth_09_30_16_00,rth_close_15_00_16_00,2025-01-08,long,vwap_bull_rejection,21334.0156000000,21349.7500000000,21334.7500000000,21379.7500000000,21334.7500000000,stop,-1.0746670000,0.1833330000,-1.1166670000,15.0000000000,485,0.1813080000,0.0000000000,0.0000000000,1.6213600000,2675,1095,1580,0,0,0,0,0,0,0,0,1582,0,-32.2400100000
MNQ DATABENTO,1,vwap_delta_rejection,2025-01-08T20:55:00Z,2025-01-08 20:55:00+00:00,2025-01-08 21:15:00+00:00,2025-01-08T15:55:00-05:00,rth_09_30_16_00,rth_close_15_00_16_00,2025-01-08,long,vwap_bull_rejection,21334.0727000000,21354.7500000000,21336.5000000000,21391.2500000000,21351.7500000000,timeout,-0.2257530000,1.9041100000,-0.6712330000,18.2500000000,856,0.2189260000,0.0000000000,0.0000000000,2.3522330000,3910,1527,2383,0,0,0,0,0,0,0,0,1898,0,-8.2399845000
MNQ DATABENTO,1,vwap_delta_rejection,2025-01-08T23:06:00Z,2025-01-08 23:06:00+00:00,2025-01-08 23:11:00+00:00,2025-01-08T18:06:00-05:00,overnight,overnight,2025-01-09,short,vwap_bear_rejection,21328.3388000000,21324.5000000000,21329.0000000000,21315.5000000000,21329.0000000000,stop,-1.2488890000,0.4444440000,-2.6666670000,4.5000000000,-156,-0.3196720000,0.0000000000,0.0000000000,2.1626410000,488,322,166,0,0,0,0,0,0,0,0,368,0,-11.2400010000
MNQ DATABENTO,1,vwap_delta_rejection,2025-01-08T23:48:00Z,2025-01-08 23:48:00+00:00,2025-01-08 23:58:00+00:00,2025-01-08T18:48:00-05:00,overnight,overnight,2025-01-09,short,vwap_bear_rejection,21335.1652000000,21329.5000000000,21336.5000000000,21315.5000000000,21315.5000000000,target,1.8400000000,2.0714290000,-0.2857140000,7.0000000000,-76,-0.2945740000,0.0000000000,0.0000000000,2.2731280000,258,167,91,0,0,0,0,0,0,0,0,137,0,25.7600000000
MNQ DATABENTO,1,vwap_delta_rejection,2025-01-09T01:01:00Z,2025-01-09 01:01:00+00:00,2025-01-09 01:03:00+00:00,2025-01-08T20:01:00-05:00,overnight,overnight,2025-01-09,short,vwap_bear_rejection,21309.1037000000,21301.7500000000,21308.7500000000,21287.7500000000,21308.7500000000,stop,-1.1600000000,0.1428570000,-1.4285710000,7.0000000000,-86,-0.2057420000,0.0000000000,0.0000000000,1.3763580000,418,252,166,0,0,0,0,0,0,0,0,262,0,-16.2400000000
MNQ DATABENTO,1,vwap_delta_rejection,2025-01-09T01:04:00Z,2025-01-09 01:04:00+00:00,2025-01-09 01:08:00+00:00,2025-01-08T20:04:00-05:00,overnight,overnight,2025-01-09,long,vwap_bull_rejection,21309.1661000000,21316.7500000000,21309.7500000000,21330.7500000000,21309.7500000000,stop,-1.1600000000,0.4285710000,-1.6071430000,7.0000000000,110,0.1762820000,0.0000000000,0.0000000000,2.0408830000,624,257,367,0,0,0,0,0,0,0,0,331,0,-16.2400000000
MNQ DATABENTO,1,vwap_delta_rejection,2025-01-09T05:09:00Z,2025-01-09 05:09:00+00:00,2025-01-09 05:19:00+00:00,2025-01-09T00:09:00-05:00,overnight,overnight,2025-01-09,long,vwap_bull_rejection,21315.7986000000,21320.5000000000,21316.0000000000,21329.5000000000,21329.5000000000,target,1.7511110000,2.0555560000,-0.5000000000,4.5000000000,98,0.4016390000,0.0000000000,0.0000000000,1.2662170000,244,73,171,0,0,0,0,0,0,0,0,113,0,15.7599990000
MNQ DATABENTO,1,vwap_delta_rejection,2025-01-09T05:46:00Z,2025-01-09 05:46:00+00:00,2025-01-09 06:06:00+00:00,2025-01-09T00:46:00-05:00,overnight,overnight,2025-01-09,long,vwap_bull_rejection,21315.9572000000,21320.7500000000,21315.5000000000,21331.2500000000,21325.0000000000,timeout,0.5961900000,1.4285710000,-0.8095240000,5.2500000000,98,0.3656720000,0.0000000000,0.0000000000,1.6935230000,268,85,183,0,0,0,0,0,0,0,0,156,0,6.2599950000
MNQ DATABENTO,1,vwap_delta_rejection,2025-01-09T07:01:00Z,2025-01-09 07:01:00+00:00,2025-01-09 07:11:00+00:00,2025-01-09T02:01:00-05:00,overnight,overnight,2025-01-09,short,vwap_bear_rejection,21316.2398000000,21308.2500000000,21316.0000000000,21292.7500000000,21316.0000000000,stop,-1.1445160000,0.3870970000,-1.0967740000,7.7500000000,-130,-0.3631280000,0.0000000000,0.0000000000,2.8766570000,358,244,114,0,0,0,0,0,0,0,0,194,0,-17.7399980000
MNQ DATABENTO,1,vwap_delta_rejection,2025-01-09T09:21:00Z,2025-01-09 09:21:00+00:00,2025-01-09 09:38:00+00:00,2025-01-09T04:21:00-05:00,overnight,overnight,2025-01-09,short,vwap_bear_rejection,21298.4096000000,21289.7500000000,21298.5000000000,21272.2500000000,21298.5000000000,stop,-1.1280000000,1.1714290000,-2.0857140000,8.7500000000,-44,-0.1215470000,0.0000000000,0.0000000000,1.2467710000,362,203,159,0,0,0,0,0,0,0,0,219,0,-19.7400000000
MNQ DATABENTO,1,vwap_delta_rejection,2025-01-09T12:22:00Z,2025-01-09 12:22:00+00:00,2025-01-09 12:33:00+00:00,2025-01-09T07:22:00-05:00,overnight,overnight,2025-01-09,short,vwap_bear_rejection,21300.3178000000,21292.7500000000,21299.5000000000,21279.2500000000,21299.5000000000,stop,-1.1659260000,1.0000000000,-1.0370370000,6.7500000000,-75,-0.1626900000,0.0000000000,0.0000000000,1.8081980000,461,268,193,0,0,0,0,0,0,0,0,267,0,-15.7400010000
MNQ DATABENTO,1,vwap_delta_rejection,2025-01-10T01:19:00Z,2025-01-10 01:19:00+00:00,2025-01-10 01:21:00+00:00,2025-01-09T20:19:00-05:00,overnight,overnight,2025-01-10,long,vwap_bull_rejection,21228.8317000000,21233.5000000000,21230.0000000000,21240.5000000000,21230.0000000000,stop,-1.3200000000,0.4285710000,-1.0714290000,3.5000000000,250,0.3315650000,0.0000000000,0.0000000000,1.5192420000,754,252,502,0,0,0,0,0,0,0,0,377,0,-9.2400000000
MNQ DATABENTO,1,vwap_delta_rejection,2025-01-10T09:49:00Z,2025-01-10 09:49:00+00:00,2025-01-10 10:09:00+00:00,2025-01-10T04:49:00-05:00,overnight,overnight,2025-01-10,long,vwap_bull_rejection,21261.7386000000,21274.5000000000,21263.2500000000,21297.0000000000,21276.0000000000,timeout,0.0337780000,1.6888890000,-0.4000000000,11.2500000000,94,0.2303920000,0.0000000000,0.0000000000,1.2133830000,408,157,251,0,0,0,0,0,0,0,0,244,0,0.7600050000
MNQ DATABENTO,1,vwap_delta_rejection,2025-01-10T12:10:00Z,2025-01-10 12:10:00+00:00,2025-01-10 12:13:00+00:00,2025-01-10T07:10:00-05:00,overnight,overnight,2025-01-10,long,vwap_bull_rejection,21272.8756000000,21285.0000000000,21272.7500000000,21309.5000000000,21272.7500000000,stop,-1.0914290000,0.3673470000,-2.3061220000,12.2500000000,100,0.1077590000,0.0000000000,0.0000000000,1.2640470000,928,414,514,0,0,0,0,0,0,0,0,564,0,-26.7400105000
MNQ DATABENTO,1,vwap_delta_rejection,2025-01-10T18:24:00Z,2025-01-10 18:24:00+00:00,2025-01-10 18:44:00+00:00,2025-01-10T13:24:00-05:00,rth_09_30_16_00,rth_lunch_11_30_13_30,2025-01-10,long,vwap_bull_rejection,21078.6716000000,21107.2500000000,21077.2500000000,21167.2500000000,21119.2500000000,timeout,0.3626670000,0.9916670000,-0.6666670000,30.0000000000,1381,0.2478910000,0.0000000000,0.0000000000,2.5461610000,5571,2095,3476,0,0,0,0,0,0,0,0,2672,0,21.7600200000
MNQ DATABENTO,1,vwap_delta_rejection,2025-01-10T19:41:00Z,2025-01-10 19:41:00+00:00,2025-01-10 19:42:00+00:00,2025-01-10T14:41:00-05:00,rth_09_30_16_00,rth_afternoon_13_30_15_00,2025-01-10,long,vwap_bull_rejection,21081.7449000000,21091.5000000000,21075.5000000000,21123.5000000000,21075.5000000000,stop,-1.0700000000,0.0625000000,-1.0468750000,16.0000000000,654,0.2101540000,0.0000000000,0.0000000000,1.2401870000,3112,1229,1883,0,0,0,0,0,0,0,0,1686,0,-34.2400000000
MNQ DATABENTO,1,vwap_delta_rejection,2025-01-12T23:16:00Z,2025-01-12 23:16:00+00:00,2025-01-12 23:31:00+00:00,2025-01-12T18:16:00-05:00,overnight,overnight,2025-01-13,long,vwap_bull_rejection,20972.8951000000,20986.2500000000,20976.0000000000,21006.7500000000,21006.7500000000,target,1.8907320000,2.4146340000,-0.4390240000,10.2500000000,166,0.1593090000,0.0000000000,0.0000000000,1.6143780000,1042,438,604,0,0,0,0,0,0,0,0,575,0,38.7600060000
MNQ DATABENTO,1,vwap_delta_rejection,2025-01-13T00:48:00Z,2025-01-13 00:48:00+00:00,2025-01-13 00:52:00+00:00,2025-01-12T19:48:00-05:00,overnight,overnight,2025-01-13,short,vwap_bear_rejection,21001.1820000000,20992.2500000000,20999.5000000000,20977.7500000000,20999.5000000000,stop,-1.1544830000,1.5517240000,-1.4482760000,7.2500000000,-153,-0.1705690000,0.0000000000,0.0000000000,2.4431430000,897,525,372,0,0,0,0,0,0,0,0,559,0,-16.7400035000
MNQ DATABENTO,1,vwap_delta_rejection,2025-01-13T15:07:00Z,2025-01-13 15:07:00+00:00,2025-01-13 15:10:00+00:00,2025-01-13T10:07:00-05:00,rth_09_30_16_00,rth_open_09_30_11_00,2025-01-13,long,vwap_bull_rejection,20817.3802000000,20850.0000000000,20814.5000000000,20921.0000000000,20814.5000000000,stop,-1.0315490000,0.1619720000,-1.4577460000,35.5000000000,1952,0.2226280000,0.0000000000,0.0000000000,1.2551350000,8768,3408,5360,0,0,0,0,0,0,0,0,4385,0,-73.2399790000
MNQ DATABENTO,1,vwap_delta_rejection,2025-01-13T23:06:00Z,2025-01-13 23:06:00+00:00,2025-01-13 23:26:00+00:00,2025-01-13T18:06:00-05:00,overnight,overnight,2025-01-14,long,vwap_bull_rejection,21022.6753000000,21032.2500000000,21020.5000000000,21055.7500000000,21039.2500000000,timeout,0.5004260000,1.3829790000,-0.1914890000,11.7500000000,211,0.3261210000,0.0000000000,0.0000000000,1.7872930000,647,218,429,0,0,0,0,0,0,0,0,395,0,11.7600110000
MNQ DATABENTO,1,vwap_delta_rejection,2025-01-14T00:54:00Z,2025-01-14 00:54:00+00:00,2025-01-14 00:55:00+00:00,2025-01-13T19:54:00-05:00,overnight,overnight,2025-01-14,short,vwap_bear_rejection,21047.7023000000,21045.2500000000,21047.7500000000,21040.2500000000,21047.7500000000,stop,-1.4480000000,0.4000000000,-3.1000000000,2.5000000000,-54,-0.2250000000,0.0000000000,0.0000000000,1.2232420000,240,147,93,0,0,0,0,0,0,0,0,152,0,-7.2400000000
MNQ DATABENTO,1,vwap_delta_rejection,2025-01-14T02:55:00Z,2025-01-14 02:55:00+00:00,2025-01-14 02:58:00+00:00,2025-01-13T21:55:00-05:00,overnight,overnight,2025-01-14,short,vwap_bear_rejection,21038.0712000000,21035.0000000000,21038.5000000000,21028.0000000000,21038.5000000000,stop,-1.3200000000,0.6428570000,-2.6428570000,3.5000000000,-41,-0.1469530000,0.0000000000,0.0000000000,1.2676060000,279,160,119,0,0,0,0,0,0,0,0,159,0,-9.2400000000
MNQ DATABENTO,1,vwap_delta_rejection,2025-01-14T02:58:00Z,2025-01-14 02:58:00+00:00,2025-01-14 03:01:00+00:00,2025-01-13T21:58:00-05:00,overnight,overnight,2025-01-14,long,vwap_bull_rejection,21038.0751000000,21039.2500000000,21036.7500000000,21044.2500000000,21036.7500000000,stop,-1.4480000000,1.6000000000,-3.5000000000,2.5000000000,84,0.1350480000,0.0000000000,0.0000000000,2.6222600000,622,269,353,0,0,0,0,0,0,0,0,310,0,-7.2400000000
MNQ DATABENTO,1,vwap_delta_rejection,2025-01-14T03:21:00Z,2025-01-14 03:21:00+00:00,2025-01-14 03:28:00+00:00,2025-01-13T22:21:00-05:00,overnight,overnight,2025-01-14,short,vwap_bear_rejection,21038.2210000000,21035.5000000000,21038.2500000000,21030.0000000000,21030.0000000000,target,1.5927270000,3.6363640000,-0.7272730000,2.7500000000,-60,-0.1744190000,0.0000000000,0.0000000000,1.3829150000,344,202,142,0,0,0,0,0,0,0,0,158,0,8.7599985000
MNQ DATABENTO,1,vwap_delta_rejection,2025-01-14T03:44:00Z,2025-01-14 03:44:00+00:00,2025-01-14 03:50:00+00:00,2025-01-13T22:44:00-05:00,overnight,overnight,2025-01-14,short,vwap_bear_rejection,21037.9925000000,21033.7500000000,21038.2500000000,21024.7500000000,21024.7500000000,target,1.7511110000,2.5555560000,-0.1666670000,4.5000000000,-36,-0.1353380000,0.0000000000,0.0000000000,1.2654610000,266,151,115,0,0,0,0,0,0,0,0,149,0,15.7599990000
MNQ DATABENTO,1,vwap_delta_rejection,2025-01-14T11:25:00Z,2025-01-14 11:25:00+00:00,2025-01-14 11:27:00+00:00,2025-01-14T06:25:00-05:00,overnight,overnight,2025-01-14,short,vwap_bear_rejection,21061.6542000000,21058.2500000000,21061.0000000000,21052.7500000000,21061.0000000000,stop,-1.4072730000,1.4545450000,-1.4545450000,2.7500000000,-151,-0.1786980000,0.0000000000,0.0000000000,2.3465700000,845,498,347,0,0,0,0,0,0,0,0,437,0,-7.7400015000
MNQ DATABENTO,1,vwap_delta_rejection,2025-01-14T14:02:00Z,2025-01-14 14:02:00+00:00,2025-01-14 14:07:00+00:00,2025-01-14T09:02:00-05:00,overnight,overnight,2025-01-14,short,vwap_bear_rejection,21054.7413000000,21034.2500000000,21059.5000000000,20983.7500000000,21059.5000000000,stop,-1.0443560000,0.3861390000,-1.0396040000,25.2500000000,-653,-0.1607980000,0.0000000000,0.0000000000,1.8258660000,4061,2357,1704,0,0,0,0,0,0,0,0,2340,0,-52.7399780000
MNQ DATABENTO,1,vwap_delta_rejection,2025-01-14T19:13:00Z,2025-01-14 19:13:00+00:00,2025-01-14 19:15:00+00:00,2025-01-14T14:13:00-05:00,rth_09_30_16_00,rth_afternoon_13_30_15_00,2025-01-14,short,vwap_bear_rejection,20991.3684000000,20977.2500000000,20991.2500000000,20949.2500000000,20991.2500000000,stop,-1.0800000000,0.3214290000,-1.0535710000,14.0000000000,-739,-0.2420570000,0.0000000000,0.0000000000,1.6134660000,3053,1896,1157,0,0,0,0,0,0,0,0,1558,0,-30.2400000000
MNQ DATABENTO,1,vwap_delta_rejection,2025-01-15T01:34:00Z,2025-01-15 01:34:00+00:00,2025-01-15 01:39:00+00:00,2025-01-14T20:34:00-05:00,overnight,overnight,2025-01-15,short,vwap_bear_rejection,20951.7695000000,20946.7500000000,20952.7500000000,20934.7500000000,20952.7500000000,stop,-1.1866670000,0.9583330000,-1.0000000000,6.0000000000,-143,-0.5088970000,0.0000000000,0.0000000000,2.0814810000,281,212,69,0,0,0,0,0,0,0,0,164,0,-14.2400040000
MNQ DATABENTO,1,vwap_delta_rejection,2025-01-15T05:19:00Z,2025-01-15 05:19:00+00:00,2025-01-15 05:31:00+00:00,2025-01-15T00:19:00-05:00,overnight,overnight,2025-01-15,short,vwap_bear_rejection,20946.4700000000,20942.5000000000,20946.7500000000,20934.0000000000,20946.7500000000,stop,-1.2635290000,0.8235290000,-1.4117650000,4.2500000000,-56,-0.2828280000,0.0000000000,0.0000000000,1.4853710000,198,127,71,0,0,0,0,0,0,0,0,131,0,-10.7399965000
MNQ DATABENTO,1,vwap_delta_rejection,2025-01-15T06:35:00Z,2025-01-15 06:35:00+00:00,2025-01-15 06:38:00+00:00,2025-01-15T01:35:00-05:00,overnight,overnight,2025-01-15,long,vwap_bull_rejection,20946.3020000000,20949.2500000000,20945.7500000000,20956.2500000000,20956.2500000000,target,1.6800000000,2.2142860000,-0.2142860000,3.5000000000,41,0.4141410000,0.0000000000,0.0000000000,1.3533830000,99,29,70,0,0,0,0,0,0,0,0,50,0,11.7600000000
MNQ DATABENTO,1,vwap_delta_rejection,2025-01-15T07:00:00Z,2025-01-15 07:00:00+00:00,2025-01-15 07:01:00+00:00,2025-01-15T02:00:00-05:00,overnight,overnight,2025-01-15,long,vwap_bull_rejection,20946.5282000000,20948.0000000000,20946.0000000000,20952.0000000000,20952.0000000000,target,1.4400000000,4.5000000000,-0.3750000000,2.0000000000,14,0.1400000000,0.0000000000,0.0000000000,1.2004800000,100,43,57,0,0,0,0,0,0,0,0,65,0,5.7600000000
MNQ DATABENTO,1,vwap_delta_rejection,2025-01-15T07:01:00Z,2025-01-15 07:01:00+00:00,2025-01-15 07:21:00+00:00,2025-01-15T02:01:00-05:00,overnight,overnight,2025-01-15,long,vwap_bull_rejection,20946.5968000000,20957.0000000000,20947.0000000000,20977.0000000000,20952.7500000000,timeout,-0.5370000000,0.2500000000,-0.5250000000,10.0000000000,189,0.3014350000,0.0000000000,0.0000000000,7.3678030000,627,219,408,0,0,0,0,0,0,0,0,354,0,-10.7400000000
MNQ DATABENTO,1,vwap_delta_rejection,2025-01-15T07:40:00Z,2025-01-15 07:40:00+00:00,2025-01-15 07:43:00+00:00,2025-01-15T02:40:00-05:00,overnight,overnight,2025-01-15,short,vwap_bear_rejection,20947.0266000000,20945.5000000000,20947.7500000000,20941.0000000000,20941.0000000000,target,1.5022220000,6.6666670000,-0.2222220000,2.2500000000,-114,-0.3475610000,0.0000000000,0.0000000000,2.8166600000,328,221,107,0,0,0,0,0,0,0,0,178,0,6.7599990000
MNQ DATABENTO,1,vwap_delta_rejection,2025-01-15T08:52:00Z,2025-01-15 08:52:00+00:00,2025-01-15 09:01:00+00:00,2025-01-15T03:52:00-05:00,overnight,overnight,2025-01-15,short,vwap_bear_rejection,20943.5903000000,20939.7500000000,20945.2500000000,20928.7500000000,20928.7500000000,target,1.7963640000,2.5000000000,0.0000000000,5.5000000000,-94,-0.3241380000,0.0000000000,0.0000000000,1.6623670000,290,192,98,0,0,0,0,0,0,0,0,163,0,19.7600040000
MNQ DATABENTO,1,vwap_delta_rejection,2025-01-15T09:03:00Z,2025-01-15 09:03:00+00:00,2025-01-15 09:04:00+00:00,2025-01-15T04:03:00-05:00,overnight,overnight,2025-01-15,short,vwap_bear_rejection,20943.2983000000,20939.0000000000,20942.0000000000,20933.0000000000,20942.0000000000,stop,-1.3733330000,0.3333330000,-1.0000000000,3.0000000000,-43,-0.1083120000,0.0000000000,0.0000000000,1.6708750000,397,220,177,0,0,0,0,0,0,0,0,225,0,-8.2399980000
MNQ DATABENTO,1,vwap_delta_rejection,2025-01-16T01:33:00Z,2025-01-16 01:33:00+00:00,2025-01-16 01:36:00+00:00,2025-01-15T20:33:00-05:00,overnight,overnight,2025-01-16,long,vwap_bull_rejection,21416.2801000000,21422.5000000000,21416.0000000000,21435.5000000000,21416.0000000000,stop,-1.1723080000,0.5384620000,-1.6923080000,6.5000000000,188,0.4372090000,0.0000000000,0.0000000000,2.0244820000,430,121,309,0,0,0,0,0,0,0,0,239,0,-15.2400040000
MNQ DATABENTO,1,vwap_delta_rejection,2025-01-16T06:20:00Z,2025-01-16 06:20:00+00:00,2025-01-16 06:27:00+00:00,2025-01-16T01:20:00-05:00,overnight,overnight,2025-01-16,long,vwap_bull_rejection,21400.5828000000,21406.0000000000,21399.0000000000,21420.0000000000,21420.0000000000,target,1.8400000000,3.6428570000,-0.4285710000,7.0000000000,222,0.3394500000,0.0000000000,0.0000000000,1.2707670000,654,216,438,0,0,0,0,0,0,0,0,351,0,25.7600000000
MNQ DATABENTO,1,vwap_delta_rejection,2025-01-16T12:32:00Z,2025-01-16 12:32:00+00:00,2025-01-16 12:47:00+00:00,2025-01-16T07:32:00-05:00,overnight,overnight,2025-01-16,long,vwap_bull_rejection,21463.1023000000,21473.0000000000,21460.7500000000,21497.5000000000,21460.7500000000,stop,-1.0914290000,0.5918370000,-1.2040820000,12.2500000000,247,0.1667790000,0.0000000000,0.0000000000,2.6603200000,1481,617,864,0,0,0,0,0,0,0,0,799,0,-26.7400105000
MNQ DATABENTO,1,vwap_delta_rejection,2025-01-16T16:18:00Z,2025-01-16 16:18:00+00:00,2025-01-16 16:20:00+00:00,2025-01-16T11:18:00-05:00,rth_09_30_16_00,rth_mid_11_00_11_30,2025-01-16,short,vwap_bear_rejection,21429.0686000000,21405.7500000000,21431.7500000000,21353.7500000000,21431.7500000000,stop,-1.0430770000,0.1923080000,-1.0576920000,26.0000000000,-1706,-0.2168830000,0.0000000000,0.0000000000,1.9143580000,7866,4786,3080,0,0,0,0,0,0,0,0,4117,0,-54.2400040000
MNQ DATABENTO,1,vwap_delta_rejection,2025-01-16T16:21:00Z,2025-01-16 16:21:00+00:00,2025-01-16 16:41:00+00:00,2025-01-16T11:21:00-05:00,rth_09_30_16_00,rth_mid_11_00_11_30,2025-01-16,short,vwap_bear_rejection,21428.8703000000,21396.0000000000,21426.2500000000,21335.5000000000,21367.2500000000,timeout,0.9133880000,1.3223140000,-0.9256200000,30.2500000000,-1293,-0.2402010000,0.0000000000,0.0000000000,1.2479140000,5383,3338,2045,0,0,0,0,0,0,0,0,3008,0,55.2599740000
MNQ DATABENTO,1,vwap_delta_rejection,2025-01-16T23:08:00Z,2025-01-16 23:08:00+00:00,2025-01-16 23:12:00+00:00,2025-01-16T18:08:00-05:00,overnight,overnight,2025-01-17,short,vwap_bear_rejection,21222.6580000000,21210.5000000000,21224.2500000000,21183.0000000000,21224.2500000000,stop,-1.0814550000,0.1272730000,-1.0363640000,13.7500000000,-273,-0.6610170000,0.0000000000,0.0000000000,1.3838160000,413,343,70,0,0,0,0,0,0,0,0,197,0,-29.7400125000
MNQ DATABENTO,1,vwap_delta_rejection,2025-01-16T23:50:00Z,2025-01-16 23:50:00+00:00,2025-01-16 23:52:00+00:00,2025-01-16T18:50:00-05:00,overnight,overnight,2025-01-17,long,vwap_bull_rejection,21226.2164000000,21232.0000000000,21226.0000000000,21244.0000000000,21226.0000000000,stop,-1.1866670000,0.1250000000,-1.0833330000,6.0000000000,78,0.3823530000,0.0000000000,0.0000000000,1.3686680000,204,63,141,0,0,0,0,0,0,0,0,121,0,-14.2400040000
MNQ DATABENTO,1,vwap_delta_rejection,2025-01-17T03:15:00Z,2025-01-17 03:15:00+00:00,2025-01-17 03:16:00+00:00,2025-01-16T22:15:00-05:00,overnight,overnight,2025-01-17,long,vwap_bull_rejection,21247.6113000000,21250.0000000000,21247.7500000000,21254.5000000000,21247.7500000000,stop,-1.4977780000,0.4444440000,-1.7777780000,2.2500000000,41,0.1448760000,0.0000000000,0.0000000000,1.8412490000,283,121,162,0,0,0,0,0,0,0,0,152,0,-6.7400010000
MNQ DATABENTO,1,vwap_delta_rejection,2025-01-17T07:36:00Z,2025-01-17 07:36:00+00:00,2025-01-17 07:47:00+00:00,2025-01-17T02:36:00-05:00,overnight,overnight,2025-01-17,short,vwap_bear_rejection,21266.6301000000,21258.2500000000,21265.7500000000,21243.2500000000,21265.7500000000,stop,-1.1493330000,0.9000000000,-1.3000000000,7.5000000000,-150,-0.1681610000,0.0000000000,0.0000000000,3.7205420000,892,521,371,0,0,0,0,0,0,0,0,480,0,-17.2399950000
MNQ DATABENTO,1,vwap_delta_rejection,2025-01-19T23:04:00Z,2025-01-19 23:04:00+00:00,2025-01-19 23:06:00+00:00,2025-01-19T18:04:00-05:00,overnight,overnight,2025-01-20,short,vwap_bear_rejection,21604.3723000000,21593.5000000000,21603.0000000000,21574.5000000000,21574.5000000000,target,1.8821050000,4.2368420000,-0.2631580000,9.5000000000,-110,-0.2173910000,0.0000000000,0.0000000000,1.3386240000,506,308,198,0,0,0,0,0,0,0,0,390,0,35.7599950000
MNQ DATABENTO,1,vwap_delta_rejection,2025-01-20T00:17:00Z,2025-01-20 00:17:00+00:00,2025-01-20 00:37:00+00:00,2025-01-19T19:17:00-05:00,overnight,overnight,2025-01-20,short,vwap_bear_rejection,21557.0213000000,21545.0000000000,21556.2500000000,21522.5000000000,21553.2500000000,timeout,-0.8328890000,0.2444440000,-0.8000000000,11.2500000000,-153,-0.3141680000,0.0000000000,0.0000000000,1.3540940000,487,320,167,0,0,0,0,0,0,0,0,304,0,-18.7400025000
MNQ DATABENTO,1,vwap_delta_rejection,2025-01-20T01:03:00Z,2025-01-20 01:03:00+00:00,2025-01-20 01:18:00+00:00,2025-01-19T20:03:00-05:00,overnight,overnight,2025-01-20,long,vwap_bull_rejection,21555.0021000000,21561.7500000000,21554.2500000000,21576.7500000000,21554.2500000000,stop,-1.1493330000,1.9666670000,-1.1666670000,7.5000000000,135,0.1557090000,0.0000000000,0.0000000000,3.1203890000,867,366,501,0,0,0,0,0,0,0,0,485,0,-17.2399950000
MNQ DATABENTO,1,vwap_delta_rejection,2025-01-20T01:43:00Z,2025-01-20 01:43:00+00:00,2025-01-20 02:03:00+00:00,2025-01-19T20:43:00-05:00,overnight,overnight,2025-01-20,long,vwap_bull_rejection,21556.0067000000,21561.0000000000,21551.7500000000,21579.5000000000,21561.0000000000,timeout,-0.1210810000,1.2432430000,-0.4594590000,9.2500000000,75,0.1898730000,0.0000000000,0.0000000000,1.2707090000,395,160,235,0,0,0,0,0,0,0,0,225,0,-2.2399985000
MNQ DATABENTO,1,vwap_delta_rejection,2025-01-20T02:59:00Z,2025-01-20 02:59:00+00:00,2025-01-20 03:01:00+00:00,2025-01-19T21:59:00-05:00,overnight,overnight,2025-01-20,long,vwap_bull_rejection,21557.2750000000,21560.5000000000,21557.7500000000,21566.0000000000,21557.7500000000,stop,-1.4072730000,0.6363640000,-1.0909090000,2.7500000000,88,0.1990950000,0.0000000000,0.0000000000,2.3479420000,442,177,265,0,0,0,0,0,0,0,0,238,0,-7.7400015000
MNQ DATABENTO,1,vwap_delta_rejection,2025-01-20T04:33:00Z,2025-01-20 04:33:00+00:00,2025-01-20 04:38:00+00:00,2025-01-19T23:33:00-05:00,overnight,overnight,2025-01-20,short,vwap_bear_rejection,21557.7868000000,21555.2500000000,21558.0000000000,21549.7500000000,21558.0000000000,stop,-1.4072730000,0.2727270000,-1.2727270000,2.7500000000,-28,-0.2028990000,0.0000000000,0.0000000000,1.4935060000,138,83,55,0,0,0,0,0,0,0,0,95,0,-7.7400015000
MNQ DATABENTO,1,vwap_delta_rejection,2025-01-20T13:01:00Z,2025-01-20 13:01:00+00:00,2025-01-20 13:21:00+00:00,2025-01-20T08:01:00-05:00,overnight,overnight,2025-01-20,short,vwap_bear_rejection,21583.6201000000,21569.0000000000,21584.7500000000,21537.5000000000,21574.2500000000,timeout,-0.4044440000,0.7460320000,-0.7619050000,15.7500000000,-731,-0.3750640000,0.0000000000,0.0000000000,6.9806590000,1949,1340,609,0,0,0,0,0,0,0,0,1103,0,-12.7399860000
MNQ DATABENTO,1,vwap_delta_rejection,2025-01-20T17:28:00Z,2025-01-20 17:28:00+00:00,2025-01-20 17:36:00+00:00,2025-01-20T12:28:00-05:00,rth_09_30_16_00,rth_lunch_11_30_13_30,2025-01-20,long,vwap_bull_rejection,21653.6047000000,21668.0000000000,21651.7500000000,21700.5000000000,21700.5000000000,target,1.9310770000,2.0923080000,-0.9846150000,16.2500000000,228,0.1239130000,0.0000000000,0.0000000000,1.5094960000,1840,806,1034,0,0,0,0,0,0,0,0,1288,0,62.7600025000
MNQ DATABENTO,1,vwap_delta_rejection,2025-01-20T23:40:00Z,2025-01-20 23:40:00+00:00,2025-01-20 23:43:00+00:00,2025-01-20T18:40:00-05:00,overnight,overnight,2025-01-21,short,vwap_bear_rejection,21713.3638000000,21709.2500000000,21715.7500000000,21696.2500000000,21715.7500000000,stop,-1.1723080000,0.5769230000,-2.1923080000,6.5000000000,-56,-0.1181430000,0.0000000000,0.0000000000,1.4121850000,474,265,209,0,0,0,0,0,0,0,0,261,0,-15.2400040000
MNQ DATABENTO,1,vwap_delta_rejection,2025-01-20T23:43:00Z,2025-01-20 23:43:00+00:00,2025-01-20 23:47:00+00:00,2025-01-20T18:43:00-05:00,overnight,overnight,2025-01-21,long,vwap_bull_rejection,21713.4126000000,21719.0000000000,21712.0000000000,21733.0000000000,21733.0000000000,target,1.8400000000,2.9642860000,-0.8571430000,7.0000000000,159,0.2230010000,0.0000000000,0.0000000000,2.1724560000,713,277,436,0,0,0,0,0,0,0,0,401,0,25.7600000000
MNQ DATABENTO,1,vwap_delta_rejection,2025-01-21T02:16:00Z,2025-01-21 02:16:00+00:00,2025-01-21 02:24:00+00:00,2025-01-20T21:16:00-05:00,overnight,overnight,2025-01-21,short,vwap_bear_rejection,21597.2738000000,21578.7500000000,21596.2500000000,21543.7500000000,21596.2500000000,stop,-1.0640000000,0.2142860000,-1.0000000000,17.5000000000,-302,-0.2471360000,0.0000000000,0.0000000000,2.0556820000,1222,762,460,0,0,0,0,0,0,0,0,814,0,-37.2400000000
MNQ DATABENTO,1,vwap_delta_rejection,2025-01-21T03:09:00Z,2025-01-21 03:09:00+00:00,2025-01-21 03:12:00+00:00,2025-01-20T22:09:00-05:00,overnight,overnight,2025-01-21,long,vwap_bull_rejection,21596.2057000000,21603.2500000000,21596.5000000000,21616.7500000000,21616.7500000000,target,1.8340740000,2.8518520000,-0.6666670000,6.7500000000,52,0.1319800000,0.0000000000,0.0000000000,1.3131140000,394,171,223,0,0,0,0,0,0,0,0,231,0,24.7599990000
MNQ DATABENTO,1,vwap_delta_rejection,2025-01-21T04:33:00Z,2025-01-21 04:33:00+00:00,2025-01-21 04:53:00+00:00,2025-01-20T23:33:00-05:00,overnight,overnight,2025-01-21,long,vwap_bull_rejection,21599.6436000000,21611.2500000000,21600.5000000000,21632.7500000000,21615.5000000000,timeout,0.2911630000,0.7441860000,-0.5348840000,10.7500000000,121,0.3110540000,0.0000000000,0.0000000000,1.5033820000,389,134,255,0,0,0,0,0,0,0,0,264,0,6.2600045000
MNQ DATABENTO,1,vwap_delta_rejection,2025-01-21T06:48:00Z,2025-01-21 06:48:00+00:00,2025-01-21 06:49:00+00:00,2025-01-21T01:48:00-05:00,overnight,overnight,2025-01-21,short,vwap_bear_rejection,21600.1313000000,21593.0000000000,21599.2500000000,21580.5000000000,21599.2500000000,stop,-1.1792000000,0.1200000000,-1.3600000000,6.2500000000,-251,-0.4458260000,0.0000000000,0.0000000000,1.8519740000,563,407,156,0,0,0,0,0,0,0,0,355,0,-14.7400000000
MNQ DATABENTO,1,vwap_delta_rejection,2025-01-21T06:57:00Z,2025-01-21 06:57:00+00:00,2025-01-21 07:00:00+00:00,2025-01-21T01:57:00-05:00,overnight,overnight,2025-01-21,short,vwap_bear_rejection,21600.1101000000,21594.5000000000,21599.5000000000,21584.5000000000,21599.5000000000,stop,-1.2240000000,0.1500000000,-1.4000000000,5.0000000000,-106,-0.2804230000,0.0000000000,0.0000000000,1.2543550000,378,242,136,0,0,0,0,0,0,0,0,199,0,-12.2400000000
MNQ DATABENTO,1,vwap_delta_rejection,2025-01-21T14:41:00Z,2025-01-21 14:41:00+00:00,2025-01-21 14:48:00+00:00,2025-01-21T09:41:00-05:00,rth_09_30_16_00,rth_open_09_30_11_00,2025-01-21,short,vwap_bear_rejection,21639.4438000000,21602.5000000000,21638.2500000000,21531.0000000000,21638.2500000000,stop,-1.0313290000,0.3636360000,-1.4545450000,35.7500000000,-1720,-0.1483010000,0.0000000000,0.0000000000,2.6033090000,11598,6659,4939,0,0,0,0,0,0,0,0,6376,0,-73.7400235000
MNQ DATABENTO,1,vwap_delta_rejection,2025-01-21T23:46:00Z,2025-01-21 23:46:00+00:00,2025-01-22 00:01:00+00:00,2025-01-21T18:46:00-05:00,overnight,overnight,2025-01-22,long,vwap_bull_rejection,21793.6200000000,21799.2500000000,21792.5000000000,21812.7500000000,21812.7500000000,target,1.8340740000,2.5185190000,-0.0370370000,6.7500000000,96,0.3018870000,0.0000000000,0.0000000000,1.3214210000,318,111,207,0,0,0,0,0,0,0,0,151,0,24.7599990000
MNQ DATABENTO,1,vwap_delta_rejection,2025-01-22T20:54:00Z,2025-01-22 20:54:00+00:00,2025-01-22 20:55:00+00:00,2025-01-22T15:54:00-05:00,rth_09_30_16_00,rth_close_15_00_16_00,2025-01-22,long,vwap_bull_rejection,21981.5626000000,21994.5000000000,21981.5000000000,22020.5000000000,22020.5000000000,target,1.9138460000,2.5961540000,-0.3846150000,13.0000000000,740,0.2390180000,0.0000000000,0.0000000000,1.7289810000,3096,1178,1918,0,0,0,0,0,0,0,0,1582,0,49.7599960000
MNQ DATABENTO,1,vwap_delta_rejection,2025-01-22T23:10:00Z,2025-01-22 23:10:00+00:00,2025-01-22 23:30:00+00:00,2025-01-22T18:10:00-05:00,overnight,overnight,2025-01-23,short,vwap_bear_rejection,21975.2490000000,21967.0000000000,21978.7500000000,21943.5000000000,21963.7500000000,timeout,0.1812770000,0.7659570000,-0.5957450000,11.7500000000,-378,-0.3896910000,0.0000000000,0.0000000000,3.4829440000,970,674,296,0,0,0,0,0,0,0,0,564,0,4.2600095000
MNQ DATABENTO,1,vwap_delta_rejection,2025-01-23T01:10:00Z,2025-01-23 01:10:00+00:00,2025-01-23 01:13:00+00:00,2025-01-22T20:10:00-05:00,overnight,overnight,2025-01-23,short,vwap_bear_rejection,21963.0460000000,21959.5000000000,21963.0000000000,21952.5000000000,21963.0000000000,stop,-1.3200000000,0.1428570000,-1.8571430000,3.5000000000,-204,-0.5483870000,0.0000000000,0.0000000000,1.3922160000,372,288,84,0,0,0,0,0,0,0,0,179,0,-9.2400000000
MNQ DATABENTO,1,vwap_delta_rejection,2025-01-23T03:15:00Z,2025-01-23 03:15:00+00:00,2025-01-23 03:19:00+00:00,2025-01-22T22:15:00-05:00,overnight,overnight,2025-01-23,short,vwap_bear_rejection,21957.7943000000,21952.7500000000,21958.0000000000,21942.2500000000,21942.2500000000,target,1.7866670000,2.1428570000,0.0000000000,5.2500000000,-286,-0.4598070000,0.0000000000,0.0000000000,2.9732310000,622,454,168,0,0,0,0,0,0,0,0,320,0,18.7600035000
MNQ DATABENTO,1,vwap_delta_rejection,2025-01-23T05:52:00Z,2025-01-23 05:52:00+00:00,2025-01-23 05:55:00+00:00,2025-01-23T00:52:00-05:00,overnight,overnight,2025-01-23,short,vwap_bear_rejection,21957.8753000000,21956.5000000000,21957.7500000000,21954.0000000000,21957.7500000000,stop,-1.8960000000,0.6000000000,-1.8000000000,1.2500000000,-52,-0.4126980000,0.0000000000,0.0000000000,1.4358970000,126,89,37,0,0,0,0,0,0,0,0,69,0,-4.7400000000
MNQ DATABENTO,1,vwap_delta_rejection,2025-01-23T06:15:00Z,2025-01-23 06:15:00+00:00,2025-01-23 06:24:00+00:00,2025-01-23T01:15:00-05:00,overnight,overnight,2025-01-23,long,vwap_bull_rejection,21957.7927000000,21960.5000000000,21957.7500000000,21966.0000000000,21957.7500000000,stop,-1.4072730000,1.5454550000,-4.3636360000,2.7500000000,128,0.5161290000,0.0000000000,0.0000000000,2.2627740000,248,60,188,0,0,0,0,0,0,0,0,119,0,-7.7400015000
MNQ DATABENTO,1,vwap_delta_rejection,2025-01-23T16:14:00Z,2025-01-23 16:14:00+00:00,2025-01-23 16:34:00+00:00,2025-01-23T11:14:00-05:00,rth_09_30_16_00,rth_mid_11_00_11_30,2025-01-23,long,vwap_bull_rejection,21908.5486000000,21935.5000000000,21906.7500000000,21993.0000000000,21957.7500000000,timeout,0.7349570000,0.9391300000,-0.8869570000,28.7500000000,1187,0.2289300000,0.0000000000,0.0000000000,1.8105630000,5185,1999,3186,0,0,0,0,0,0,0,0,2628,0,42.2600275000
MNQ DATABENTO,1,vwap_delta_rejection,2025-01-23T17:33:00Z,2025-01-23 17:33:00+00:00,2025-01-23 17:35:00+00:00,2025-01-23T12:33:00-05:00,rth_09_30_16_00,rth_lunch_11_30_13_30,2025-01-23,short,vwap_bear_rejection,21915.5434000000,21913.2500000000,21917.0000000000,21905.7500000000,21905.7500000000,target,1.7013330000,2.1333330000,-0.2000000000,3.7500000000,-273,-0.1096830000,0.0000000000,0.0000000000,2.0982970000,2489,1381,1108,0,0,0,0,0,0,0,0,1297,0,12.7599975000
MNQ DATABENTO,1,vwap_delta_rejection,2025-01-23T17:46:00Z,2025-01-23 17:46:00+00:00,2025-01-23 18:06:00+00:00,2025-01-23T12:46:00-05:00,rth_09_30_16_00,rth_lunch_11_30_13_30,2025-01-23,long,vwap_bull_rejection,21915.3931000000,21922.0000000000,21911.7500000000,21942.5000000000,21938.0000000000,timeout,1.4517070000,1.9756100000,-0.0975610000,10.2500000000,420,0.1996200000,0.0000000000,0.0000000000,1.2949680000,2104,842,1262,0,0,0,0,0,0,0,0,1010,0,29.7599935000
MNQ DATABENTO,1,vwap_delta_rejection,2025-01-24T00:16:00Z,2025-01-24 00:16:00+00:00,2025-01-24 00:18:00+00:00,2025-01-23T19:16:00-05:00,overnight,overnight,2025-01-24,long,vwap_bull_rejection,22005.8386000000,22009.5000000000,22005.5000000000,22017.5000000000,22005.5000000000,stop,-1.2800000000,0.0625000000,-1.0000000000,4.0000000000,77,0.4254140000,0.0000000000,0.0000000000,1.4509020000,181,52,129,0,0,0,0,0,0,0,0,103,0,-10.2400000000
MNQ DATABENTO,1,vwap_delta_rejection,2025-01-24T00:36:00Z,2025-01-24 00:36:00+00:00,2025-01-24 00:37:00+00:00,2025-01-23T19:36:00-05:00,overnight,overnight,2025-01-24,short,vwap_bear_rejection,22006.1758000000,22004.7500000000,22005.7500000000,22002.7500000000,22005.7500000000,stop,-2.1200000000,0.2500000000,-1.7500000000,1.0000000000,-30,-0.1875000000,0.0000000000,0.0000000000,1.2204420000,160,95,65,0,0,0,0,0,0,0,0,89,0,-4.2400000000
MNQ DATABENTO,1,vwap_delta_rejection,2025-01-24T01:07:00Z,2025-01-24 01:07:00+00:00,2025-01-24 01:12:00+00:00,2025-01-23T20:07:00-05:00,overnight,overnight,2025-01-24,long,vwap_bull_rejection,22005.8370000000,22011.7500000000,22006.7500000000,22021.7500000000,22021.7500000000,target,1.7760000000,2.0000000000,-0.1000000000,5.0000000000,200,0.4149380000,0.0000000000,0.0000000000,1.3057020000,482,141,341,0,0,0,0,0,0,0,0,275,0,17.7600000000
MNQ DATABENTO,1,vwap_delta_rejection,2025-01-24T01:38:00Z,2025-01-24 01:38:00+00:00,2025-01-24 01:52:00+00:00,2025-01-23T20:38:00-05:00,overnight,overnight,2025-01-24,short,vwap_bear_rejection,22012.3945000000,22008.2500000000,22012.2500000000,22000.2500000000,22012.2500000000,stop,-1.2800000000,1.8125000000,-1.1250000000,4.0000000000,-230,-0.3911560000,0.0000000000,0.0000000000,1.2342570000,588,409,179,0,0,0,0,0,0,0,0,349,0,-10.2400000000
MNQ DATABENTO,1,vwap_delta_rejection,2025-01-24T01:53:00Z,2025-01-24 01:53:00+00:00,2025-01-24 02:04:00+00:00,2025-01-23T20:53:00-05:00,overnight,overnight,2025-01-24,short,vwap_bear_rejection,22011.7425000000,22007.7500000000,22012.0000000000,21999.2500000000,22012.0000000000,stop,-1.2635290000,0.8235290000,-1.5294120000,4.2500000000,-120,-0.2643170000,0.0000000000,0.0000000000,1.2013760000,454,287,167,0,0,0,0,0,0,0,0,249,0,-10.7399965000
MNQ DATABENTO,1,vwap_delta_rejection,2025-01-24T02:05:00Z,2025-01-24 02:05:00+00:00,2025-01-24 02:17:00+00:00,2025-01-23T21:05:00-05:00,overnight,overnight,2025-01-24,long,vwap_bull_rejection,22011.6871000000,22020.0000000000,22010.5000000000,22039.0000000000,22039.0000000000,target,1.8821050000,2.7631580000,-0.4210530000,9.5000000000,112,0.1066670000,0.0000000000,0.0000000000,3.7988420000,1050,469,581,0,0,0,0,0,0,0,0,564,0,35.7599950000
MNQ DATABENTO,1,vwap_delta_rejection,2025-01-24T09:41:00Z,2025-01-24 09:41:00+00:00,2025-01-24 09:43:00+00:00,2025-01-24T04:41:00-05:00,overnight,overnight,2025-01-24,short,vwap_bear_rejection,22010.2276000000,22006.0000000000,22009.5000000000,21999.0000000000,22009.5000000000,stop,-1.3200000000,0.5714290000,-1.2142860000,3.5000000000,-101,-0.2410500000,0.0000000000,0.0000000000,1.2747190000,419,260,159,0,0,0,0,0,0,0,0,205,0,-9.2400000000
MNQ DATABENTO,1,vwap_delta_rejection,2025-01-24T11:30:00Z,2025-01-24 11:30:00+00:00,2025-01-24 11:50:00+00:00,2025-01-24T06:30:00-05:00,overnight,overnight,2025-01-24,short,vwap_bear_rejection,22008.8414000000,21998.2500000000,22008.2500000000,21978.2500000000,22008.2500000000,stop,-1.1120000000,0.8250000000,-1.1750000000,10.0000000000,-214,-0.3992540000,0.0000000000,0.0000000000,2.6352020000,536,375,161,0,0,0,0,0,0,0,0,322,0,-22.2400000000
MNQ DATABENTO,1,vwap_delta_rejection,2025-01-24T12:01:00Z,2025-01-24 12:01:00+00:00,2025-01-24 12:18:00+00:00,2025-01-24T07:01:00-05:00,overnight,overnight,2025-01-24,long,vwap_bull_rejection,22008.5968000000,22014.2500000000,22008.2500000000,22026.2500000000,22026.2500000000,target,1.8133330000,2.5416670000,-0.7083330000,6.0000000000,197,0.2528880000,0.0000000000,0.0000000000,3.4189160000,779,291,488,0,0,0,0,0,0,0,0,473,0,21.7599960000
MNQ DATABENTO,1,vwap_delta_rejection,2025-01-24T13:13:00Z,2025-01-24 13:13:00+00:00,2025-01-24 13:33:00+00:00,2025-01-24T08:13:00-05:00,overnight,overnight,2025-01-24,long,vwap_bull_rejection,22010.5521000000,22018.7500000000,22008.7500000000,22038.7500000000,22014.0000000000,timeout,-0.5870000000,0.9500000000,-0.7000000000,10.0000000000,191,0.2970450000,0.0000000000,0.0000000000,1.3308500000,643,226,417,0,0,0,0,0,0,0,0,291,0,-11.7400000000
MNQ DATABENTO,1,vwap_delta_rejection,2025-01-24T14:01:00Z,2025-01-24 14:01:00+00:00,2025-01-24 14:06:00+00:00,2025-01-24T09:01:00-05:00,overnight,overnight,2025-01-24,long,vwap_bull_rejection,22010.4884000000,22016.0000000000,22009.2500000000,22029.5000000000,22009.2500000000,stop,-1.1659260000,0.8518520000,-1.4074070000,6.7500000000,282,0.3085340000,0.0000000000,0.0000000000,1.8539550000,914,316,598,0,0,0,0,0,0,0,0,507,0,-15.7400010000
MNQ DATABENTO,1,vwap_delta_rejection,2025-01-24T14:34:00Z,2025-01-24 14:34:00+00:00,2025-01-24 14:36:00+00:00,2025-01-24T09:34:00-05:00,rth_09_30_16_00,rth_open_09_30_11_00,2025-01-24,long,vwap_bull_rejection,22015.1866000000,22026.5000000000,22011.5000000000,22056.5000000000,22011.5000000000,stop,-1.0746670000,0.3000000000,-1.2833330000,15.0000000000,1246,0.1486520000,0.0000000000,0.0000000000,3.6704400000,8382,3568,4814,0,0,0,0,0,0,0,0,4167,0,-32.2400100000
MNQ DATABENTO,1,vwap_delta_rejection,2025-01-24T14:39:00Z,2025-01-24 14:39:00+00:00,2025-01-24 14:40:00+00:00,2025-01-24T09:39:00-05:00,rth_09_30_16_00,rth_open_09_30_11_00,2025-01-24,short,vwap_bear_rejection,22015.2409000000,22006.2500000000,22013.7500000000,21991.2500000000,22013.7500000000,stop,-1.1493330000,0.4333330000,-2.3666670000,7.5000000000,-830,-0.1139170000,0.0000000000,0.0000000000,2.0455660000,7286,4058,3228,0,0,0,0,0,0,0,0,3709,0,-17.2399950000
MNQ DATABENTO,1,vwap_delta_rejection,2025-01-24T16:57:00Z,2025-01-24 16:57:00+00:00,2025-01-24 17:17:00+00:00,2025-01-24T11:57:00-05:00,rth_09_30_16_00,rth_lunch_11_30_13_30,2025-01-24,short,vwap_bear_rejection,22017.0230000000,21995.0000000000,22017.2500000000,21950.5000000000,21989.5000000000,timeout,0.1968540000,1.0337080000,-0.3707870000,22.2500000000,-1791,-0.2817370000,0.0000000000,0.0000000000,4.0643180000,6357,4074,2283,0,0,0,0,0,0,0,0,3422,0,8.7600030000
MNQ DATABENTO,1,vwap_delta_rejection,2025-01-26T23:05:00Z,2025-01-26 23:05:00+00:00,2025-01-26 23:07:00+00:00,2025-01-26T18:05:00-05:00,overnight,overnight,2025-01-27,short,vwap_bear_rejection,21706.6980000000,21681.2500000000,21706.2500000000,21631.2500000000,21706.2500000000,stop,-1.0448000000,0.2700000000,-1.1400000000,25.0000000000,-605,-0.2113170000,0.0000000000,0.0000000000,4.1238750000,2863,1734,1129,0,0,0,0,0,0,0,0,1486,0,-52.2400000000
MNQ DATABENTO,1,vwap_delta_rejection,2025-01-27T15:24:00Z,2025-01-27 15:24:00+00:00,2025-01-27 15:31:00+00:00,2025-01-27T10:24:00-05:00,rth_09_30_16_00,rth_open_09_30_11_00,2025-01-27,long,vwap_bull_rejection,21261.8969000000,21300.5000000000,21264.2500000000,21373.0000000000,21373.0000000000,target,1.9691030000,2.1862070000,-0.2758620000,36.2500000000,1275,0.1495600000,0.0000000000,0.0000000000,1.4357050000,8525,3625,4900,0,0,0,0,0,0,0,0,4750,0,142.7599675000
MNQ DATABENTO,1,vwap_delta_rejection,2025-01-27T16:21:00Z,2025-01-27 16:21:00+00:00,2025-01-27 16:29:00+00:00,2025-01-27T11:21:00-05:00,rth_09_30_16_00,rth_mid_11_00_11_30,2025-01-27,short,vwap_bear_rejection,21273.3918000000,21248.2500000000,21272.7500000000,21199.2500000000,21199.2500000000,target,1.9542860000,2.1632650000,-0.6938780000,24.5000000000,-606,-0.1247430000,0.0000000000,0.0000000000,1.2020590000,4858,2732,2126,0,0,0,0,0,0,0,0,2564,0,95.7600140000
MNQ DATABENTO,1,vwap_delta_rejection,2025-01-27T23:15:00Z,2025-01-27 23:15:00+00:00,2025-01-27 23:21:00+00:00,2025-01-27T18:15:00-05:00,overnight,overnight,2025-01-28,short,vwap_bear_rejection,21336.2653000000,21317.5000000000,21335.2500000000,21282.0000000000,21282.0000000000,target,1.9369010000,2.9014080000,-0.1126760000,17.7500000000,-161,-0.2277230000,0.0000000000,0.0000000000,1.2757130000,707,434,273,0,0,0,0,0,0,0,0,454,0,68.7599855000
MNQ DATABENTO,1,vwap_delta_rejection,2025-01-27T23:51:00Z,2025-01-27 23:51:00+00:00,2025-01-27 23:55:00+00:00,2025-01-27T18:51:00-05:00,overnight,overnight,2025-01-28,long,vwap_bull_rejection,21299.4023000000,21310.7500000000,21301.5000000000,21329.2500000000,21329.2500000000,target,1.8789190000,2.1891890000,0.0000000000,9.2500000000,465,0.3452120000,0.0000000000,0.0000000000,2.7908420000,1347,441,906,0,0,0,0,0,0,0,0,863,0,34.7600015000
MNQ DATABENTO,1,vwap_delta_rejection,2025-01-28T01:07:00Z,2025-01-28 01:07:00+00:00,2025-01-28 01:19:00+00:00,2025-01-27T20:07:00-05:00,overnight,overnight,2025-01-28,long,vwap_bull_rejection,21301.0504000000,21309.7500000000,21300.5000000000,21328.2500000000,21300.5000000000,stop,-1.1210810000,1.2702700000,-1.2162160000,9.2500000000,104,0.1364830000,0.0000000000,0.0000000000,2.2029490000,762,329,433,0,0,0,0,0,0,0,0,486,0,-20.7399985000
MNQ DATABENTO,1,vwap_delta_rejection,2025-01-28T01:48:00Z,2025-01-28 01:48:00+00:00,2025-01-28 01:52:00+00:00,2025-01-27T20:48:00-05:00,overnight,overnight,2025-01-28,short,vwap_bear_rejection,21302.7624000000,21291.5000000000,21303.5000000000,21267.5000000000,21303.5000000000,stop,-1.0933330000,0.2083330000,-1.0000000000,12.0000000000,-195,-0.2094520000,0.0000000000,0.0000000000,2.8475300000,931,563,368,0,0,0,0,0,0,0,0,569,0,-26.2399920000
MNQ DATABENTO,1,vwap_delta_rejection,2025-01-28T01:54:00Z,2025-01-28 01:54:00+00:00,2025-01-28 01:59:00+00:00,2025-01-27T20:54:00-05:00,overnight,overnight,2025-01-28,long,vwap_bull_rejection,21302.6949000000,21308.5000000000,21301.7500000000,21322.0000000000,21301.7500000000,stop,-1.1659260000,0.6666670000,-9.1481480000,6.7500000000,159,0.2814160000,0.0000000000,0.0000000000,1.5282660000,565,203,362,0,0,0,0,0,0,0,0,318,0,-15.7400010000
MNQ DATABENTO,1,vwap_delta_rejection,2025-01-28T02:33:00Z,2025-01-28 02:33:00+00:00,2025-01-28 02:35:00+00:00,2025-01-27T21:33:00-05:00,overnight,overnight,2025-01-28,short,vwap_bear_rejection,21294.1748000000,21286.0000000000,21293.2500000000,21271.5000000000,21293.2500000000,stop,-1.1544830000,0.1724140000,-1.8965520000,7.2500000000,-159,-0.2420090000,0.0000000000,0.0000000000,1.5909920000,657,408,249,0,0,0,0,0,0,0,0,399,0,-16.7400035000
MNQ DATABENTO,1,vwap_delta_rejection,2025-01-28T03:03:00Z,2025-01-28 03:03:00+00:00,2025-01-28 03:05:00+00:00,2025-01-27T22:03:00-05:00,overnight,overnight,2025-01-28,short,vwap_bear_rejection,21293.4928000000,21285.2500000000,21292.7500000000,21270.2500000000,21292.7500000000,stop,-1.1493330000,0.1000000000,-1.5000000000,7.5000000000,-109,-0.2718200000,0.0000000000,0.0000000000,1.2323290000,401,255,146,0,0,0,0,0,0,0,0,229,0,-17.2399950000
MNQ DATABENTO,1,vwap_delta_rejection,2025-01-28T03:55:00Z,2025-01-28 03:55:00+00:00,2025-01-28 04:08:00+00:00,2025-01-27T22:55:00-05:00,overnight,overnight,2025-01-28,short,vwap_bear_rejection,21294.9903000000,21286.2500000000,21294.7500000000,21269.2500000000,21294.7500000000,stop,-1.1317650000,0.6764710000,-1.2352940000,8.5000000000,-132,-0.2348750000,0.0000000000,0.0000000000,1.6713750000,562,347,215,0,0,0,0,0,0,0,0,301,0,-19.2400050000
MNQ DATABENTO,1,vwap_delta_rejection,2025-01-28T04:10:00Z,2025-01-28 04:10:00+00:00,2025-01-28 04:12:00+00:00,2025-01-27T23:10:00-05:00,overnight,overnight,2025-01-28,short,vwap_bear_rejection,21294.8348000000,21285.5000000000,21294.0000000000,21268.5000000000,21294.0000000000,stop,-1.1317650000,0.3823530000,-1.1764710000,8.5000000000,-68,-0.2138360000,0.0000000000,0.0000000000,1.2404920000,318,193,125,0,0,0,0,0,0,0,0,170,0,-19.2400050000
MNQ DATABENTO,1,vwap_delta_rejection,2025-01-28T04:14:00Z,2025-01-28 04:14:00+00:00,2025-01-28 04:17:00+00:00,2025-01-27T23:14:00-05:00,overnight,overnight,2025-01-28,long,vwap_bull_rejection,21294.8388000000,21299.0000000000,21295.2500000000,21306.5000000000,21295.2500000000,stop,-1.2986670000,0.8666670000,-1.9333330000,3.7500000000,246,0.3586010000,0.0000000000,0.0000000000,2.6044040000,686,220,466,0,0,0,0,0,0,0,0,357,0,-9.7400025000
MNQ DATABENTO,1,vwap_delta_rejection,2025-01-28T04:21:00Z,2025-01-28 04:21:00+00:00,2025-01-28 04:23:00+00:00,2025-01-27T23:21:00-05:00,overnight,overnight,2025-01-28,short,vwap_bear_rejection,21294.8367000000,21285.0000000000,21295.7500000000,21263.5000000000,21295.7500000000,stop,-1.1041860000,0.0465120000,-1.2558140000,10.7500000000,-182,-0.4550000000,0.0000000000,0.0000000000,1.3852810000,400,291,109,0,0,0,0,0,0,0,0,230,0,-23.7399990000
MNQ DATABENTO,1,vwap_delta_rejection,2025-01-28T06:38:00Z,2025-01-28 06:38:00+00:00,2025-01-28 06:40:00+00:00,2025-01-28T01:38:00-05:00,overnight,overnight,2025-01-28,long,vwap_bull_rejection,21293.7501000000,21297.0000000000,21292.0000000000,21307.0000000000,21292.0000000000,stop,-1.2240000000,0.8000000000,-4.1500000000,5.0000000000,68,0.1717170000,0.0000000000,0.0000000000,1.3674030000,396,164,232,0,0,0,0,0,0,0,0,166,0,-12.2400000000
MNQ DATABENTO,1,vwap_delta_rejection,2025-01-28T12:03:00Z,2025-01-28 12:03:00+00:00,2025-01-28 12:11:00+00:00,2025-01-28T07:03:00-05:00,overnight,overnight,2025-01-28,short,vwap_bear_rejection,21323.8607000000,21311.2500000000,21323.0000000000,21287.7500000000,21287.7500000000,target,1.9046810000,2.0851060000,-0.8723400000,11.7500000000,-365,-0.2701700000,0.0000000000,0.0000000000,2.1664530000,1351,858,493,0,0,0,0,0,0,0,0,771,0,44.7600035000
MNQ DATABENTO,1,vwap_delta_rejection,2025-01-28T14:32:00Z,2025-01-28 14:32:00+00:00,2025-01-28 14:52:00+00:00,2025-01-28T09:32:00-05:00,rth_09_30_16_00,rth_open_09_30_11_00,2025-01-28,short,vwap_bear_rejection,21315.4274000000,21251.7500000000,21314.0000000000,21127.2500000000,21236.5000000000,timeout,0.2269880000,1.4618470000,-0.6305220000,62.2500000000,-2549,-0.1815660000,0.0000000000,0.0000000000,8.4295540000,14039,8294,5745,0,0,0,0,0,0,0,0,8011,0,28.2600060000
MNQ DATABENTO,1,vwap_delta_rejection,2025-01-28T23:46:00Z,2025-01-28 23:46:00+00:00,2025-01-28 23:48:00+00:00,2025-01-28T18:46:00-05:00,overnight,overnight,2025-01-29,long,vwap_bull_rejection,21556.2741000000,21561.5000000000,21556.7500000000,21571.0000000000,21556.7500000000,stop,-1.2357890000,0.5263160000,-1.0000000000,4.7500000000,66,0.2727270000,0.0000000000,0.0000000000,1.2458170000,242,88,154,0,0,0,0,0,0,0,0,149,0,-11.7399955000
MNQ DATABENTO,1,vwap_delta_rejection,2025-01-29T00:06:00Z,2025-01-29 00:06:00+00:00,2025-01-29 00:12:00+00:00,2025-01-28T19:06:00-05:00,overnight,overnight,2025-01-29,long,vwap_bull_rejection,21554.9652000000,21561.7500000000,21556.0000000000,21573.2500000000,21556.0000000000,stop,-1.1947830000,1.7826090000,-2.3478260000,5.7500000000,42,0.1228070000,0.0000000000,0.0000000000,1.6048800000,342,150,192,0,0,0,0,0,0,0,0,201,0,-13.7400045000
MNQ DATABENTO,1,vwap_delta_rejection,2025-01-29T00:31:00Z,2025-01-29 00:31:00+00:00,2025-01-29 00:32:00+00:00,2025-01-28T19:31:00-05:00,overnight,overnight,2025-01-29,long,vwap_bull_rejection,21555.3746000000,21556.2500000000,21555.0000000000,21558.7500000000,21555.0000000000,stop,-1.8960000000,1.0000000000,-2.2000000000,1.2500000000,138,0.3556700000,0.0000000000,0.0000000000,2.3479580000,388,125,263,0,0,0,0,0,0,0,0,213,0,-4.7400000000
MNQ DATABENTO,1,vwap_delta_rejection,2025-01-29T13:07:00Z,2025-01-29 13:07:00+00:00,2025-01-29 13:08:00+00:00,2025-01-29T08:07:00-05:00,overnight,overnight,2025-01-29,short,vwap_bear_rejection,21636.0241000000,21633.2500000000,21635.2500000000,21629.2500000000,21629.2500000000,target,1.4400000000,5.7500000000,-0.1250000000,2.0000000000,-127,-0.1475030000,0.0000000000,0.0000000000,1.7995610000,861,494,367,0,0,0,0,0,0,0,0,513,0,5.7600000000
MNQ DATABENTO,1,vwap_delta_rejection,2025-01-29T19:42:00Z,2025-01-29 19:42:00+00:00,2025-01-29 19:44:00+00:00,2025-01-29T14:42:00-05:00,rth_09_30_16_00,rth_afternoon_13_30_15_00,2025-01-29,long,vwap_bull_rejection,21523.5826000000,21560.2500000000,21516.7500000000,21647.2500000000,21516.7500000000,stop,-1.0257470000,0.0747130000,-1.1724140000,43.5000000000,1333,0.1477660000,0.0000000000,0.0000000000,2.0724350000,9021,3844,5177,0,0,0,0,0,0,0,0,5512,0,-89.2399890000
MNQ DATABENTO,1,vwap_delta_rejection,2025-01-29T23:07:00Z,2025-01-29 23:07:00+00:00,2025-01-29 23:13:00+00:00,2025-01-29T18:07:00-05:00,overnight,overnight,2025-01-30,long,vwap_bull_rejection,21552.4041000000,21578.7500000000,21552.2500000000,21631.7500000000,21552.2500000000,stop,-1.0422640000,0.1981130000,-1.0188680000,26.5000000000,366,0.3433400000,0.0000000000,0.0000000000,1.6694070000,1066,350,716,0,0,0,0,0,0,0,0,662,0,-55.2399920000
MNQ DATABENTO,1,vwap_delta_rejection,2025-01-29T23:56:00Z,2025-01-29 23:56:00+00:00,2025-01-29 23:59:00+00:00,2025-01-29T18:56:00-05:00,overnight,overnight,2025-01-30,short,vwap_bear_rejection,21542.8067000000,21538.0000000000,21545.2500000000,21523.5000000000,21545.2500000000,stop,-1.1544830000,0.6206900000,-1.0000000000,7.2500000000,-94,-0.2473680000,0.0000000000,0.0000000000,1.3178430000,380,237,143,0,0,0,0,0,0,0,0,214,0,-16.7400035000
MNQ DATABENTO,1,vwap_delta_rejection,2025-01-30T00:01:00Z,2025-01-30 00:01:00+00:00,2025-01-30 00:09:00+00:00,2025-01-29T19:01:00-05:00,overnight,overnight,2025-01-30,short,vwap_bear_rejection,21542.5922000000,21533.2500000000,21541.5000000000,21516.7500000000,21541.5000000000,stop,-1.1357580000,0.8484850000,-1.9090910000,8.2500000000,-90,-0.1948050000,0.0000000000,0.0000000000,1.6855160000,462,276,186,0,0,0,0,0,0,0,0,311,0,-18.7400070000
MNQ DATABENTO,1,vwap_delta_rejection,2025-01-30T10:04:00Z,2025-01-30 10:04:00+00:00,2025-01-30 10:10:00+00:00,2025-01-30T05:04:00-05:00,overnight,overnight,2025-01-30,long,vwap_bull_rejection,21634.8155000000,21645.7500000000,21636.0000000000,21665.2500000000,21636.0000000000,stop,-1.1148720000,0.2820510000,-1.3076920000,9.7500000000,164,0.3190660000,0.0000000000,0.0000000000,1.2703910000,514,175,339,0,0,0,0,0,0,0,0,329,0,-21.7400040000
MNQ DATABENTO,1,vwap_delta_rejection,2025-01-30T10:46:00Z,2025-01-30 10:46:00+00:00,2025-01-30 10:48:00+00:00,2025-01-30T05:46:00-05:00,overnight,overnight,2025-01-30,short,vwap_bear_rejection,21634.3644000000,21629.7500000000,21634.5000000000,21620.2500000000,21634.5000000000,stop,-1.2357890000,0.5789470000,-1.4210530000,4.7500000000,-172,-0.3722940000,0.0000000000,0.0000000000,1.2272550000,462,317,145,0,0,0,0,0,0,0,0,278,0,-11.7399955000
MNQ DATABENTO,1,vwap_delta_rejection,2025-01-30T12:07:00Z,2025-01-30 12:07:00+00:00,2025-01-30 12:09:00+00:00,2025-01-30T07:07:00-05:00,overnight,overnight,2025-01-30,long,vwap_bull_rejection,21635.9948000000,21647.7500000000,21637.2500000000,21668.7500000000,21637.2500000000,stop,-1.1066670000,0.0714290000,-1.5476190000,10.5000000000,270,0.1776320000,0.0000000000,0.0000000000,2.2577050000,1520,625,895,0,0,0,0,0,0,0,0,833,0,-23.2400070000
MNQ DATABENTO,1,vwap_delta_rejection,2025-01-30T13:01:00Z,2025-01-30 13:01:00+00:00,2025-01-30 13:08:00+00:00,2025-01-30T08:01:00-05:00,overnight,overnight,2025-01-30,short,vwap_bear_rejection,21631.7733000000,21623.5000000000,21635.2500000000,21600.0000000000,21635.2500000000,stop,-1.0953190000,0.4468090000,-1.1063830000,11.7500000000,-215,-0.1519430000,0.0000000000,0.0000000000,2.8467960000,1415,815,600,0,0,0,0,0,0,0,0,784,0,-25.7399965000
MNQ DATABENTO,1,vwap_delta_rejection,2025-01-30T13:24:00Z,2025-01-30 13:24:00+00:00,2025-01-30 13:25:00+00:00,2025-01-30T08:24:00-05:00,overnight,overnight,2025-01-30,short,vwap_bear_rejection,21631.9070000000,21627.7500000000,21632.0000000000,21619.2500000000,21632.0000000000,stop,-1.2635290000,0.4705880000,-1.1176470000,4.2500000000,-219,-0.2332270000,0.0000000000,0.0000000000,1.6472240000,939,579,360,0,0,0,0,0,0,0,0,466,0,-10.7399965000
MNQ DATABENTO,1,vwap_delta_rejection,2025-01-30T14:23:00Z,2025-01-30 14:23:00+00:00,2025-01-30 14:24:00+00:00,2025-01-30T09:23:00-05:00,overnight,overnight,2025-01-30,short,vwap_bear_rejection,21633.7983000000,21629.2500000000,21633.5000000000,21620.7500000000,21620.7500000000,target,1.7364710000,2.6470590000,-0.2941180000,4.2500000000,-206,-0.1292350000,0.0000000000,0.0000000000,1.3027670000,1594,900,694,0,0,0,0,0,0,0,0,927,0,14.7600035000
MNQ DATABENTO,1,vwap_delta_rejection,2025-01-30T14:29:00Z,2025-01-30 14:29:00+00:00,2025-01-30 14:31:00+00:00,2025-01-30T09:29:00-05:00,overnight,overnight,2025-01-30,long,vwap_bull_rejection,21633.7163000000,21659.5000000000,21634.0000000000,21710.5000000000,21634.0000000000,stop,-1.0439220000,0.1764710000,-1.0784310000,25.5000000000,667,0.2096820000,0.0000000000,0.0000000000,2.4004830000,3181,1257,1924,0,0,0,0,0,0,0,0,1818,0,-53.2400220000
MNQ DATABENTO,1,vwap_delta_rejection,2025-01-30T14:32:00Z,2025-01-30 14:32:00+00:00,2025-01-30 14:35:00+00:00,2025-01-30T09:32:00-05:00,rth_09_30_16_00,rth_open_09_30_11_00,2025-01-30,long,vwap_bull_rejection,21634.4392000000,21661.7500000000,21629.2500000000,21726.7500000000,21629.2500000000,stop,-1.0344620000,0.2153850000,-1.3307690000,32.5000000000,1111,0.1090610000,0.0000000000,0.0000000000,5.5190160000,10187,4538,5649,0,0,0,0,0,0,0,0,5878,0,-67.2400300000
MNQ DATABENTO,1,vwap_delta_rejection,2025-01-30T16:57:00Z,2025-01-30 16:57:00+00:00,2025-01-30 17:01:00+00:00,2025-01-30T11:57:00-05:00,rth_09_30_16_00,rth_lunch_11_30_13_30,2025-01-30,long,vwap_bull_rejection,21598.4845000000,21617.5000000000,21600.5000000000,21651.5000000000,21600.5000000000,stop,-1.0658820000,0.4558820000,-1.8088240000,17.0000000000,801,0.2314360000,0.0000000000,0.0000000000,1.2649850000,3461,1330,2131,0,0,0,0,0,0,0,0,1866,0,-36.2399880000
MNQ DATABENTO,1,vwap_delta_rejection,2025-01-30T23:57:00Z,2025-01-30 23:57:00+00:00,2025-01-31 00:01:00+00:00,2025-01-30T18:57:00-05:00,overnight,overnight,2025-01-31,long,vwap_bull_rejection,21690.1675000000,21699.0000000000,21689.7500000000,21717.5000000000,21689.7500000000,stop,-1.1210810000,0.3783780000,-1.7567570000,9.2500000000,193,0.3029830000,0.0000000000,0.0000000000,1.8593110000,637,222,415,0,0,0,0,0,0,0,0,384,0,-20.7399985000
MNQ DATABENTO,1,vwap_delta_rejection,2025-01-31T00:02:00Z,2025-01-31 00:02:00+00:00,2025-01-31 00:06:00+00:00,2025-01-30T19:02:00-05:00,overnight,overnight,2025-01-31,short,vwap_bear_rejection,21690.0321000000,21685.0000000000,21689.7500000000,21675.5000000000,21689.7500000000,stop,-1.2357890000,0.8947370000,-1.5789470000,4.7500000000,-312,-0.2300880000,0.0000000000,0.0000000000,3.6276080000,1356,834,522,0,0,0,0,0,0,0,0,656,0,-11.7399955000
MNQ DATABENTO,1,vwap_delta_rejection,2025-01-31T04:54:00Z,2025-01-31 04:54:00+00:00,2025-01-31 04:57:00+00:00,2025-01-30T23:54:00-05:00,overnight,overnight,2025-01-31,long,vwap_bull_rejection,21722.9506000000,21723.7500000000,21722.0000000000,21727.2500000000,21727.2500000000,target,1.3600000000,2.1428570000,-0.7142860000,1.7500000000,92,0.4299070000,0.0000000000,0.0000000000,1.2128080000,214,61,153,0,0,0,0,0,0,0,0,108,0,4.7600000000
MNQ DATABENTO,1,vwap_delta_rejection,2025-01-31T14:18:00Z,2025-01-31 14:18:00+00:00,2025-01-31 14:24:00+00:00,2025-01-31T09:18:00-05:00,overnight,overnight,2025-01-31,long,vwap_bull_rejection,21759.1453000000,21765.5000000000,21754.5000000000,21787.5000000000,21754.5000000000,stop,-1.1018180000,0.5909090000,-1.3636360000,11.0000000000,280,0.1923080000,0.0000000000,0.0000000000,1.2995360000,1456,588,868,0,0,0,0,0,0,0,0,846,0,-24.2399960000
MNQ DATABENTO,1,vwap_delta_rejection,2025-01-31T14:38:00Z,2025-01-31 14:38:00+00:00,2025-01-31 14:50:00+00:00,2025-01-31T09:38:00-05:00,rth_09_30_16_00,rth_open_09_30_11_00,2025-01-31,long,vwap_bull_rejection,21766.1531000000,21791.5000000000,21769.5000000000,21835.5000000000,21835.5000000000,target,1.9490910000,2.0454550000,-0.5909090000,22.0000000000,867,0.1386090000,0.0000000000,0.0000000000,1.7370170000,6255,2694,3561,0,0,0,0,0,0,0,0,3918,0,85.7600040000
MNQ DATABENTO,1,vwap_delta_rejection,2025-01-31T18:27:00Z,2025-01-31 18:27:00+00:00,2025-01-31 18:28:00+00:00,2025-01-31T13:27:00-05:00,rth_09_30_16_00,rth_lunch_11_30_13_30,2025-01-31,short,vwap_bear_rejection,21847.3980000000,21824.2500000000,21843.2500000000,21786.2500000000,21843.2500000000,stop,-1.0589470000,0.1052630000,-1.1447370000,19.0000000000,-956,-0.1314990000,0.0000000000,0.0000000000,2.1831500000,7270,4113,3157,0,0,0,0,0,0,0,0,4109,0,-40.2399860000
MNQ DATABENTO,1,vwap_delta_rejection,2025-02-02T23:08:00Z,2025-02-02 23:08:00+00:00,2025-02-02 23:16:00+00:00,2025-02-02T18:08:00-05:00,overnight,overnight,2025-02-03,long,vwap_bull_rejection,21031.7441000000,21091.0000000000,21032.5000000000,21208.0000000000,21032.5000000000,stop,-1.0191450000,0.3247860000,-1.1324790000,58.5000000000,637,0.2114170000,0.0000000000,0.0000000000,1.8411810000,3013,1188,1825,0,0,0,0,0,0,0,0,2116,0,-119.2399650000
MNQ DATABENTO,1,vwap_delta_rejection,2025-02-02T23:18:00Z,2025-02-02 23:18:00+00:00,2025-02-02 23:23:00+00:00,2025-02-02T18:18:00-05:00,overnight,overnight,2025-02-03,short,vwap_bear_rejection,21045.4152000000,21019.0000000000,21048.5000000000,20960.0000000000,21048.5000000000,stop,-1.0379660000,0.3050850000,-1.0084750000,29.5000000000,-654,-0.1897850000,0.0000000000,0.0000000000,1.2940050000,3446,2050,1396,0,0,0,0,0,0,0,0,2266,0,-61.2399940000
MNQ DATABENTO,1,vwap_delta_rejection,2025-02-02T23:24:00Z,2025-02-02 23:24:00+00:00,2025-02-02 23:33:00+00:00,2025-02-02T18:24:00-05:00,overnight,overnight,2025-02-03,long,vwap_bull_rejection,21044.9672000000,21065.5000000000,21046.0000000000,21104.5000000000,21104.5000000000,target,1.9425640000,2.0128210000,-0.7307690000,19.5000000000,506,0.1521350000,0.0000000000,0.0000000000,1.4332500000,3326,1410,1916,0,0,0,0,0,0,0,0,2408,0,75.7599960000
MNQ DATABENTO,1,vwap_delta_rejection,2025-02-03T01:12:00Z,2025-02-03 01:12:00+00:00,2025-02-03 01:23:00+00:00,2025-02-02T20:12:00-05:00,overnight,overnight,2025-02-03,long,vwap_bull_rejection,21083.0194000000,21101.0000000000,21084.5000000000,21134.0000000000,21134.0000000000,target,1.9321210000,2.1818180000,-0.4545450000,16.5000000000,292,0.2119010000,0.0000000000,0.0000000000,1.6936030000,1378,543,835,0,0,0,0,0,0,0,0,893,0,63.7599930000
MNQ DATABENTO,1,vwap_delta_rejection,2025-02-03T01:46:00Z,2025-02-03 01:46:00+00:00,2025-02-03 01:55:00+00:00,2025-02-02T20:46:00-05:00,overnight,overnight,2025-02-03,long,vwap_bull_rejection,21088.0247000000,21101.7500000000,21082.7500000000,21139.7500000000,21082.7500000000,stop,-1.0589470000,0.7368420000,-1.2236840000,19.0000000000,188,0.1169150000,0.0000000000,0.0000000000,1.9133750000,1608,710,898,0,0,0,0,0,0,0,0,1081,0,-40.2399860000
MNQ DATABENTO,1,vwap_delta_rejection,2025-02-03T01:55:00Z,2025-02-03 01:55:00+00:00,2025-02-03 01:56:00+00:00,2025-02-02T20:55:00-05:00,overnight,overnight,2025-02-03,short,vwap_bear_rejection,21088.2779000000,21084.2500000000,21088.2500000000,21076.2500000000,21076.2500000000,target,1.7200000000,3.0625000000,-0.5625000000,4.0000000000,-199,-0.1682160000,0.0000000000,0.0000000000,1.3723100000,1183,691,492,0,0,0,0,0,0,0,0,752,0,13.7600000000
MNQ DATABENTO,1,vwap_delta_rejection,2025-02-03T06:54:00Z,2025-02-03 06:54:00+00:00,2025-02-03 06:56:00+00:00,2025-02-03T01:54:00-05:00,overnight,overnight,2025-02-03,short,vwap_bear_rejection,21066.1815000000,21055.5000000000,21065.0000000000,21036.5000000000,21065.0000000000,stop,-1.1178950000,0.0526320000,-1.7105260000,9.5000000000,-208,-0.2646310000,0.0000000000,0.0000000000,1.4908950000,786,497,289,0,0,0,0,0,0,0,0,465,0,-21.2400050000
MNQ DATABENTO,1,vwap_delta_rejection,2025-02-03T07:01:00Z,2025-02-03 07:01:00+00:00,2025-02-03 07:03:00+00:00,2025-02-03T02:01:00-05:00,overnight,overnight,2025-02-03,long,vwap_bull_rejection,21066.1843000000,21074.2500000000,21066.5000000000,21089.7500000000,21089.7500000000,target,1.8554840000,3.0645160000,-0.0322580000,7.7500000000,136,0.1712850000,0.0000000000,0.0000000000,1.4310170000,794,329,465,0,0,0,0,0,0,0,0,483,0,28.7600020000
MNQ DATABENTO,1,vwap_delta_rejection,2025-02-04T00:03:00Z,2025-02-04 00:03:00+00:00,2025-02-04 00:19:00+00:00,2025-02-03T19:03:00-05:00,overnight,overnight,2025-02-04,short,vwap_bear_rejection,21572.1171000000,21562.0000000000,21572.5000000000,21541.0000000000,21541.0000000000,target,1.8933330000,2.3571430000,-0.4285710000,10.5000000000,-138,-0.3108110000,0.0000000000,0.0000000000,1.7668130000,444,291,153,0,0,0,0,0,0,0,0,295,0,39.7599930000
MNQ DATABENTO,1,vwap_delta_rejection,2025-02-04T00:46:00Z,2025-02-04 00:46:00+00:00,2025-02-04 01:02:00+00:00,2025-02-03T19:46:00-05:00,overnight,overnight,2025-02-04,short,vwap_bear_rejection,21564.2876000000,21554.7500000000,21565.7500000000,21532.7500000000,21532.7500000000,target,1.8981820000,2.4318180000,-0.4090910000,11.0000000000,-47,-0.1032970000,0.0000000000,0.0000000000,2.0620890000,455,251,204,0,0,0,0,0,0,0,0,267,0,41.7600040000
MNQ DATABENTO,1,vwap_delta_rejection,2025-02-04T07:54:00Z,2025-02-04 07:54:00+00:00,2025-02-04 08:01:00+00:00,2025-02-04T02:54:00-05:00,overnight,overnight,2025-02-04,short,vwap_bear_rejection,21419.4801000000,21411.2500000000,21418.7500000000,21396.2500000000,21418.7500000000,stop,-1.1493330000,1.8000000000,-1.5333330000,7.5000000000,-67,-0.1447080000,0.0000000000,0.0000000000,1.2464670000,463,265,198,0,0,0,0,0,0,0,0,282,0,-17.2399950000
MNQ DATABENTO,1,vwap_delta_rejection,2025-02-04T11:15:00Z,2025-02-04 11:15:00+00:00,2025-02-04 11:23:00+00:00,2025-02-04T06:15:00-05:00,overnight,overnight,2025-02-04,short,vwap_bear_rejection,21407.1258000000,21398.0000000000,21407.2500000000,21379.5000000000,21379.5000000000,target,1.8789190000,2.1081080000,-0.7837840000,9.2500000000,-163,-0.2969030000,0.0000000000,0.0000000000,1.3373930000,549,356,193,0,0,0,0,0,0,0,0,304,0,34.7600015000
MNQ DATABENTO,1,vwap_delta_rejection,2025-02-04T11:56:00Z,2025-02-04 11:56:00+00:00,2025-02-04 11:57:00+00:00,2025-02-04T06:56:00-05:00,overnight,overnight,2025-02-04,short,vwap_bear_rejection,21406.9528000000,21400.5000000000,21407.0000000000,21387.5000000000,21407.0000000000,stop,-1.1723080000,0.3846150000,-1.1153850000,6.5000000000,-81,-0.1352250000,0.0000000000,0.0000000000,1.8869110000,599,340,259,0,0,0,0,0,0,0,0,335,0,-15.2400040000
MNQ DATABENTO,1,vwap_delta_rejection,2025-02-04T23:08:00Z,2025-02-04 23:08:00+00:00,2025-02-04 23:13:00+00:00,2025-02-04T18:08:00-05:00,overnight,overnight,2025-02-05,short,vwap_bear_rejection,21575.4785000000,21566.2500000000,21575.2500000000,21548.2500000000,21575.2500000000,stop,-1.1244440000,0.5555560000,-1.2500000000,9.0000000000,-113,-0.1554330000,0.0000000000,0.0000000000,1.8059870000,727,420,307,0,0,0,0,0,0,0,0,470,0,-20.2399920000
MNQ DATABENTO,1,vwap_delta_rejection,2025-02-04T23:52:00Z,2025-02-04 23:52:00+00:00,2025-02-04 23:54:00+00:00,2025-02-04T18:52:00-05:00,overnight,overnight,2025-02-05,short,vwap_bear_rejection,21578.8195000000,21577.5000000000,21581.7500000000,21569.0000000000,21569.0000000000,target,1.7364710000,2.1764710000,-0.7058820000,4.2500000000,-117,-0.3136730000,0.0000000000,0.0000000000,2.0533990000,373,245,128,0,0,0,0,0,0,0,0,111,0,14.7600035000
MNQ DATABENTO,1,vwap_delta_rejection,2025-02-05T01:34:00Z,2025-02-05 01:34:00+00:00,2025-02-05 01:35:00+00:00,2025-02-04T20:34:00-05:00,overnight,overnight,2025-02-05,short,vwap_bear_rejection,21588.3227000000,21582.7500000000,21588.2500000000,21571.7500000000,21588.2500000000,stop,-1.2036360000,0.1363640000,-1.5000000000,5.5000000000,-337,-0.3756970000,0.0000000000,0.0000000000,2.3175300000,897,617,280,0,0,0,0,0,0,0,0,502,0,-13.2399960000
MNQ DATABENTO,1,vwap_delta_rejection,2025-02-05T13:59:00Z,2025-02-05 13:59:00+00:00,2025-02-05 14:01:00+00:00,2025-02-05T08:59:00-05:00,overnight,overnight,2025-02-05,long,vwap_bull_rejection,21522.2424000000,21531.5000000000,21521.5000000000,21551.5000000000,21521.5000000000,stop,-1.1120000000,0.0750000000,-1.0500000000,10.0000000000,232,0.2691420000,0.0000000000,0.0000000000,1.2888760000,862,315,547,0,0,0,0,0,0,0,0,479,0,-22.2400000000
MNQ DATABENTO,1,vwap_delta_rejection,2025-02-05T14:07:00Z,2025-02-05 14:07:00+00:00,2025-02-05 14:08:00+00:00,2025-02-05T09:07:00-05:00,overnight,overnight,2025-02-05,long,vwap_bull_rejection,21522.2361000000,21531.5000000000,21521.0000000000,21552.5000000000,21521.0000000000,stop,-1.1066670000,0.0714290000,-1.3095240000,10.5000000000,225,0.2416760000,0.0000000000,0.0000000000,1.4139270000,931,353,578,0,0,0,0,0,0,0,0,490,0,-23.2400070000
MNQ DATABENTO,1,vwap_delta_rejection,2025-02-05T15:15:00Z,2025-02-05 15:15:00+00:00,2025-02-05 15:17:00+00:00,2025-02-05T10:15:00-05:00,rth_09_30_16_00,rth_open_09_30_11_00,2025-02-05,long,vwap_bull_rejection,21535.1353000000,21558.5000000000,21530.7500000000,21614.0000000000,21530.7500000000,stop,-1.0403600000,0.0540540000,-1.4144140000,27.7500000000,1551,0.2078810000,0.0000000000,0.0000000000,1.2602510000,7461,2955,4506,0,0,0,0,0,0,0,0,3882,0,-57.7399800000
MNQ DATABENTO,1,vwap_delta_rejection,2025-02-05T23:39:00Z,2025-02-05 23:39:00+00:00,2025-02-05 23:42:00+00:00,2025-02-05T18:39:00-05:00,overnight,overnight,2025-02-06,short,vwap_bear_rejection,21758.3848000000,21755.5000000000,21759.0000000000,21748.5000000000,21759.0000000000,stop,-1.3200000000,0.3571430000,-1.2857140000,3.5000000000,-53,-0.2111550000,0.0000000000,0.0000000000,1.2553140000,251,152,99,0,0,0,0,0,0,0,0,142,0,-9.2400000000
MNQ DATABENTO,1,vwap_delta_rejection,2025-02-05T23:48:00Z,2025-02-05 23:48:00+00:00,2025-02-06 00:05:00+00:00,2025-02-05T18:48:00-05:00,overnight,overnight,2025-02-06,long,vwap_bull_rejection,21758.7822000000,21770.0000000000,21758.7500000000,21792.5000000000,21792.5000000000,target,1.9004440000,2.0666670000,-0.2222220000,11.2500000000,252,0.4719100000,0.0000000000,0.0000000000,2.7134150000,534,141,393,0,0,0,0,0,0,0,0,281,0,42.7599900000
MNQ DATABENTO,1,vwap_delta_rejection,2025-02-06T01:01:00Z,2025-02-06 01:01:00+00:00,2025-02-06 01:04:00+00:00,2025-02-05T20:01:00-05:00,overnight,overnight,2025-02-06,long,vwap_bull_rejection,21772.7515000000,21781.0000000000,21773.2500000000,21796.5000000000,21773.2500000000,stop,-1.1445160000,0.0645160000,-1.1935480000,7.7500000000,183,0.3160620000,0.0000000000,0.0000000000,2.9286800000,579,198,381,0,0,0,0,0,0,0,0,287,0,-17.7399980000
MNQ DATABENTO,1,vwap_delta_rejection,2025-02-06T01:41:00Z,2025-02-06 01:41:00+00:00,2025-02-06 01:42:00+00:00,2025-02-05T20:41:00-05:00,overnight,overnight,2025-02-06,short,vwap_bear_rejection,21773.4583000000,21771.7500000000,21774.2500000000,21766.7500000000,21766.7500000000,target,1.5520000000,2.6000000000,-0.2000000000,2.5000000000,-24,-0.1061950000,0.0000000000,0.0000000000,1.7670050000,226,125,101,0,0,0,0,0,0,0,0,122,0,7.7600000000
MNQ DATABENTO,1,vwap_delta_rejection,2025-02-06T02:17:00Z,2025-02-06 02:17:00+00:00,2025-02-06 02:37:00+00:00,2025-02-05T21:17:00-05:00,overnight,overnight,2025-02-06,long,vwap_bull_rejection,21772.5434000000,21778.2500000000,21771.7500000000,21791.2500000000,21784.2500000000,timeout,0.7507690000,0.9615380000,-0.8076920000,6.5000000000,112,0.3373490000,0.0000000000,0.0000000000,1.6318510000,332,110,222,0,0,0,0,0,0,0,0,198,0,9.7599970000
MNQ DATABENTO,1,vwap_delta_rejection,2025-02-06T03:31:00Z,2025-02-06 03:31:00+00:00,2025-02-06 03:32:00+00:00,2025-02-05T22:31:00-05:00,overnight,overnight,2025-02-06,short,vwap_bear_rejection,21773.7612000000,21772.5000000000,21774.0000000000,21769.5000000000,21774.0000000000,stop,-1.7466670000,1.0000000000,-1.1666670000,1.5000000000,-89,-0.3755270000,0.0000000000,0.0000000000,2.3054470000,237,163,74,0,0,0,0,0,0,0,0,144,0,-5.2400010000
MNQ DATABENTO,1,vwap_delta_rejection,2025-02-06T03:46:00Z,2025-02-06 03:46:00+00:00,2025-02-06 03:48:00+00:00,2025-02-05T22:46:00-05:00,overnight,overnight,2025-02-06,short,vwap_bear_rejection,21773.7575000000,21772.0000000000,21774.0000000000,21768.0000000000,21774.0000000000,stop,-1.5600000000,0.3750000000,-1.2500000000,2.0000000000,-39,-0.3786410000,0.0000000000,0.0000000000,1.2771230000,103,71,32,0,0,0,0,0,0,0,0,66,0,-6.2400000000
MNQ DATABENTO,1,vwap_delta_rejection,2025-02-06T07:56:00Z,2025-02-06 07:56:00+00:00,2025-02-06 07:57:00+00:00,2025-02-06T02:56:00-05:00,overnight,overnight,2025-02-06,short,vwap_bear_rejection,21790.8281000000,21786.7500000000,21790.7500000000,21778.7500000000,21790.7500000000,stop,-1.2800000000,1.0625000000,-1.0625000000,4.0000000000,-115,-0.2157600000,0.0000000000,0.0000000000,2.6386140000,533,324,209,0,0,0,0,0,0,0,0,317,0,-10.2400000000
MNQ DATABENTO,1,vwap_delta_rejection,2025-02-06T08:31:00Z,2025-02-06 08:31:00+00:00,2025-02-06 08:38:00+00:00,2025-02-06T03:31:00-05:00,overnight,overnight,2025-02-06,long,vwap_bull_rejection,21789.9591000000,21797.2500000000,21790.7500000000,21810.2500000000,21810.2500000000,target,1.8276920000,2.0769230000,-0.1923080000,6.5000000000,60,0.1376150000,0.0000000000,0.0000000000,1.2064190000,436,188,248,0,0,0,0,0,0,0,0,270,0,23.7599960000
MNQ DATABENTO,1,vwap_delta_rejection,2025-02-06T10:22:00Z,2025-02-06 10:22:00+00:00,2025-02-06 10:25:00+00:00,2025-02-06T05:22:00-05:00,overnight,overnight,2025-02-06,long,vwap_bull_rejection,21794.2596000000,21797.7500000000,21794.0000000000,21805.2500000000,21794.0000000000,stop,-1.2986670000,1.0000000000,-1.0000000000,3.7500000000,104,0.3443710000,0.0000000000,0.0000000000,1.2022290000,302,99,203,0,0,0,0,0,0,0,0,171,0,-9.7400025000
MNQ DATABENTO,1,vwap_delta_rejection,2025-02-06T10:50:00Z,2025-02-06 10:50:00+00:00,2025-02-06 11:02:00+00:00,2025-02-06T05:50:00-05:00,overnight,overnight,2025-02-06,short,vwap_bear_rejection,21793.9202000000,21784.0000000000,21793.7500000000,21764.5000000000,21764.5000000000,target,1.8851280000,2.3076920000,-0.1794870000,9.7500000000,-184,-0.2911390000,0.0000000000,0.0000000000,1.9958950000,632,408,224,0,0,0,0,0,0,0,0,334,0,36.7599960000
MNQ DATABENTO,1,vwap_delta_rejection,2025-02-06T14:21:00Z,2025-02-06 14:21:00+00:00,2025-02-06 14:24:00+00:00,2025-02-06T09:21:00-05:00,overnight,overnight,2025-02-06,short,vwap_bear_rejection,21775.4072000000,21770.5000000000,21775.5000000000,21760.5000000000,21775.5000000000,stop,-1.2240000000,0.8500000000,-1.2000000000,5.0000000000,-171,-0.1715150000,0.0000000000,0.0000000000,1.4571760000,997,584,413,0,0,0,0,0,0,0,0,503,0,-12.2400000000
MNQ DATABENTO,1,vwap_delta_rejection,2025-02-06T17:19:00Z,2025-02-06 17:19:00+00:00,2025-02-06 17:21:00+00:00,2025-02-06T12:19:00-05:00,rth_09_30_16_00,rth_lunch_11_30_13_30,2025-02-06,long,vwap_bull_rejection,21783.9606000000,21787.7500000000,21781.7500000000,21799.7500000000,21799.7500000000,target,1.8133330000,2.0000000000,-0.4166670000,6.0000000000,300,0.1391470000,0.0000000000,0.0000000000,1.4164640000,2156,928,1228,0,0,0,0,0,0,0,0,1091,0,21.7599960000
MNQ DATABENTO,1,vwap_delta_rejection,2025-02-06T23:04:00Z,2025-02-06 23:04:00+00:00,2025-02-06 23:24:00+00:00,2025-02-06T18:04:00-05:00,overnight,overnight,2025-02-07,long,vwap_bull_rejection,21820.4549000000,21832.5000000000,21819.5000000000,21858.5000000000,21845.0000000000,timeout,0.8753850000,1.3076920000,-0.8461540000,13.0000000000,209,0.4188380000,0.0000000000,0.0000000000,1.4332900000,499,145,354,0,0,0,0,0,0,0,0,317,0,22.7600100000
MNQ DATABENTO,1,vwap_delta_rejection,2025-02-07T04:29:00Z,2025-02-07 04:29:00+00:00,2025-02-07 04:30:00+00:00,2025-02-06T23:29:00-05:00,overnight,overnight,2025-02-07,short,vwap_bear_rejection,21866.8928000000,21864.2500000000,21867.2500000000,21858.2500000000,21858.2500000000,target,1.6266670000,2.0833330000,-0.0833330000,3.0000000000,-148,-0.6324790000,0.0000000000,0.0000000000,3.1013920000,234,191,43,0,0,0,0,0,0,0,0,93,0,9.7600020000
MNQ DATABENTO,1,vwap_delta_rejection,2025-02-07T07:01:00Z,2025-02-07 07:01:00+00:00,2025-02-07 07:08:00+00:00,2025-02-07T02:01:00-05:00,overnight,overnight,2025-02-07,long,vwap_bull_rejection,21860.7824000000,21866.0000000000,21859.7500000000,21878.5000000000,21859.7500000000,stop,-1.1792000000,0.6400000000,-1.6800000000,6.2500000000,225,0.3164560000,0.0000000000,0.0000000000,2.6870750000,711,243,468,0,0,0,0,0,0,0,0,367,0,-14.7400000000
MNQ DATABENTO,1,vwap_delta_rejection,2025-02-07T09:11:00Z,2025-02-07 09:11:00+00:00,2025-02-07 09:31:00+00:00,2025-02-07T04:11:00-05:00,overnight,overnight,2025-02-07,short,vwap_bear_rejection,21860.1975000000,21851.7500000000,21860.5000000000,21834.2500000000,21846.0000000000,timeout,0.5291430000,1.8000000000,-0.3714290000,8.7500000000,-123,-0.2827590000,0.0000000000,0.0000000000,1.3666350000,435,279,156,0,0,0,0,0,0,0,0,254,0,9.2600025000
MNQ DATABENTO,1,vwap_delta_rejection,2025-02-07T09:52:00Z,2025-02-07 09:52:00+00:00,2025-02-07 09:53:00+00:00,2025-02-07T04:52:00-05:00,overnight,overnight,2025-02-07,long,vwap_bull_rejection,21859.3670000000,21863.0000000000,21859.0000000000,21871.0000000000,21859.0000000000,stop,-1.2800000000,0.0625000000,-1.6875000000,4.0000000000,100,0.2958580000,0.0000000000,0.0000000000,1.3541670000,338,119,219,0,0,0,0,0,0,0,0,182,0,-10.2400000000
MNQ DATABENTO,1,vwap_delta_rejection,2025-02-07T11:41:00Z,2025-02-07 11:41:00+00:00,2025-02-07 11:51:00+00:00,2025-02-07T06:41:00-05:00,overnight,overnight,2025-02-07,long,vwap_bull_rejection,21858.8201000000,21862.5000000000,21858.7500000000,21870.0000000000,21870.0000000000,target,1.7013330000,2.4666670000,-0.3333330000,3.7500000000,103,0.4103590000,0.0000000000,0.0000000000,1.2322040000,251,74,177,0,0,0,0,0,0,0,0,129,0,12.7599975000
MNQ DATABENTO,1,vwap_delta_rejection,2025-02-07T13:17:00Z,2025-02-07 13:17:00+00:00,2025-02-07 13:20:00+00:00,2025-02-07T08:17:00-05:00,overnight,overnight,2025-02-07,long,vwap_bull_rejection,21859.6419000000,21866.0000000000,21860.5000000000,21877.0000000000,21860.5000000000,stop,-1.2036360000,0.7727270000,-1.0909090000,5.5000000000,144,0.2448980000,0.0000000000,0.0000000000,2.0034070000,588,222,366,0,0,0,0,0,0,0,0,302,0,-13.2399960000
MNQ DATABENTO,1,vwap_delta_rejection,2025-02-10T23:04:00Z,2025-02-10 23:04:00+00:00,2025-02-10 23:09:00+00:00,2025-02-10T18:04:00-05:00,overnight,overnight,2025-02-11,short,vwap_bear_rejection,21819.2502000000,21814.2500000000,21820.7500000000,21801.2500000000,21801.2500000000,target,1.8276920000,2.8846150000,-0.3846150000,6.5000000000,-104,-0.2429910000,0.0000000000,0.0000000000,1.5723730000,428,266,162,0,0,0,0,0,0,0,0,260,0,23.7599960000
MNQ DATABENTO,1,vwap_delta_rejection,2025-02-11T00:01:00Z,2025-02-11 00:01:00+00:00,2025-02-11 00:05:00+00:00,2025-02-10T19:01:00-05:00,overnight,overnight,2025-02-11,short,vwap_bear_rejection,21797.8807000000,21794.5000000000,21797.7500000000,21788.0000000000,21788.0000000000,target,1.6553850000,2.0000000000,0.0000000000,3.2500000000,-117,-0.2516130000,0.0000000000,0.0000000000,2.4093260000,465,291,174,0,0,0,0,0,0,0,0,304,0,10.7600025000
MNQ DATABENTO,1,vwap_delta_rejection,2025-02-11T00:30:00Z,2025-02-11 00:30:00+00:00,2025-02-11 00:33:00+00:00,2025-02-10T19:30:00-05:00,overnight,overnight,2025-02-11,long,vwap_bull_rejection,21796.3950000000,21799.0000000000,21795.7500000000,21805.5000000000,21805.5000000000,target,1.6553850000,2.0769230000,-0.3076920000,3.2500000000,198,0.5722540000,0.0000000000,0.0000000000,2.1091130000,346,74,272,0,0,0,0,0,0,0,0,169,0,10.7600025000
MNQ DATABENTO,1,vwap_delta_rejection,2025-02-11T01:52:00Z,2025-02-11 01:52:00+00:00,2025-02-11 02:10:00+00:00,2025-02-10T20:52:00-05:00,overnight,overnight,2025-02-11,short,vwap_bear_rejection,21799.4494000000,21795.0000000000,21799.0000000000,21787.0000000000,21787.0000000000,target,1.7200000000,2.9375000000,-0.8125000000,4.0000000000,-129,-0.3265820000,0.0000000000,0.0000000000,1.7355010000,395,262,133,0,0,0,0,0,0,0,0,222,0,13.7600000000
MNQ DATABENTO,1,vwap_delta_rejection,2025-02-11T05:54:00Z,2025-02-11 05:54:00+00:00,2025-02-11 06:01:00+00:00,2025-02-11T00:54:00-05:00,overnight,overnight,2025-02-11,long,vwap_bull_rejection,21787.4675000000,21788.5000000000,21787.0000000000,21791.5000000000,21787.0000000000,stop,-1.7466670000,1.3333330000,-1.0000000000,1.5000000000,30,0.2631580000,0.0000000000,0.0000000000,1.5332890000,114,42,72,0,0,0,0,0,0,0,0,62,0,-5.2400010000
MNQ DATABENTO,1,vwap_delta_rejection,2025-02-11T06:04:00Z,2025-02-11 06:04:00+00:00,2025-02-11 06:18:00+00:00,2025-02-11T01:04:00-05:00,overnight,overnight,2025-02-11,short,vwap_bear_rejection,21787.4503000000,21781.2500000000,21787.5000000000,21768.7500000000,21768.7500000000,target,1.8208000000,2.3200000000,-0.5600000000,6.2500000000,-243,-0.5094340000,0.0000000000,0.0000000000,6.6434540000,477,360,117,0,0,0,0,0,0,0,0,308,0,22.7600000000
MNQ DATABENTO,1,vwap_delta_rejection,2025-02-11T09:10:00Z,2025-02-11 09:10:00+00:00,2025-02-11 09:11:00+00:00,2025-02-11T04:10:00-05:00,overnight,overnight,2025-02-11,long,vwap_bull_rejection,21777.9807000000,21783.2500000000,21778.5000000000,21792.7500000000,21778.5000000000,stop,-1.2357890000,1.0526320000,-1.1052630000,4.7500000000,197,0.4291940000,0.0000000000,0.0000000000,1.5454550000,459,131,328,0,0,0,0,0,0,0,0,258,0,-11.7399955000
MNQ DATABENTO,1,vwap_delta_rejection,2025-02-11T20:55:00Z,2025-02-11 20:55:00+00:00,2025-02-11 20:59:00+00:00,2025-02-11T15:55:00-05:00,rth_09_30_16_00,rth_close_15_00_16_00,2025-02-11,short,vwap_bear_rejection,21785.6838000000,21779.5000000000,21786.5000000000,21765.5000000000,21786.5000000000,stop,-1.1600000000,1.4642860000,-1.1071430000,7.0000000000,-402,-0.1492200000,0.0000000000,0.0000000000,1.4740640000,2694,1548,1146,0,0,0,0,0,0,0,0,1417,0,-16.2400000000
MNQ DATABENTO,1,vwap_delta_rejection,2025-02-11T23:06:00Z,2025-02-11 23:06:00+00:00,2025-02-11 23:12:00+00:00,2025-02-11T18:06:00-05:00,overnight,overnight,2025-02-12,short,vwap_bear_rejection,21806.3090000000,21798.5000000000,21805.5000000000,21784.5000000000,21784.5000000000,target,1.8400000000,2.4285710000,-0.3571430000,7.0000000000,-356,-0.4772120000,0.0000000000,0.0000000000,2.8886740000,746,551,195,0,0,0,0,0,0,0,0,450,0,25.7600000000
MNQ DATABENTO,1,vwap_delta_rejection,2025-02-12T01:23:00Z,2025-02-12 01:23:00+00:00,2025-02-12 01:32:00+00:00,2025-02-11T20:23:00-05:00,overnight,overnight,2025-02-12,short,vwap_bear_rejection,21808.7324000000,21803.5000000000,21808.0000000000,21794.5000000000,21794.5000000000,target,1.7511110000,2.2222220000,-0.8888890000,4.5000000000,-115,-0.1863860000,0.0000000000,0.0000000000,1.6590480000,617,366,251,0,0,0,0,0,0,0,0,302,0,15.7599990000
MNQ DATABENTO,1,vwap_delta_rejection,2025-02-12T08:01:00Z,2025-02-12 08:01:00+00:00,2025-02-12 08:15:00+00:00,2025-02-12T03:01:00-05:00,overnight,overnight,2025-02-12,long,vwap_bull_rejection,21800.3861000000,21803.2500000000,21797.5000000000,21814.7500000000,21797.5000000000,stop,-1.1947830000,1.6521740000,-1.3478260000,5.7500000000,212,0.2289420000,0.0000000000,0.0000000000,4.4745110000,926,357,569,0,0,0,0,0,0,0,0,484,0,-13.7400045000
MNQ DATABENTO,1,vwap_delta_rejection,2025-02-12T08:15:00Z,2025-02-12 08:15:00+00:00,2025-02-12 08:18:00+00:00,2025-02-12T03:15:00-05:00,overnight,overnight,2025-02-12,short,vwap_bear_rejection,21800.6804000000,21798.0000000000,21801.5000000000,21791.0000000000,21801.5000000000,stop,-1.3200000000,0.4285710000,-1.2857140000,3.5000000000,-196,-0.3192180000,0.0000000000,0.0000000000,2.0068640000,614,405,209,0,0,0,0,0,0,0,0,310,0,-9.2400000000
MNQ DATABENTO,1,vwap_delta_rejection,2025-02-12T08:57:00Z,2025-02-12 08:57:00+00:00,2025-02-12 09:01:00+00:00,2025-02-12T03:57:00-05:00,overnight,overnight,2025-02-12,short,vwap_bear_rejection,21800.6894000000,21796.7500000000,21801.0000000000,21788.2500000000,21788.2500000000,target,1.7364710000,2.1764710000,-0.5294120000,4.2500000000,-86,-0.3440000000,0.0000000000,0.0000000000,1.2245900000,250,168,82,0,0,0,0,0,0,0,0,137,0,14.7600035000
MNQ DATABENTO,1,vwap_delta_rejection,2025-02-12T10:58:00Z,2025-02-12 10:58:00+00:00,2025-02-12 11:00:00+00:00,2025-02-12T05:58:00-05:00,overnight,overnight,2025-02-12,short,vwap_bear_rejection,21791.4976000000,21788.2500000000,21792.2500000000,21780.2500000000,21792.2500000000,stop,-1.2800000000,0.9375000000,-1.0625000000,4.0000000000,-225,-0.2707580000,0.0000000000,0.0000000000,3.8904490000,831,528,303,0,0,0,0,0,0,0,0,326,0,-10.2400000000
MNQ DATABENTO,1,vwap_delta_rejection,2025-02-12T11:02:00Z,2025-02-12 11:02:00+00:00,2025-02-12 11:06:00+00:00,2025-02-12T06:02:00-05:00,overnight,overnight,2025-02-12,long,vwap_bull_rejection,21791.4894000000,21795.5000000000,21787.7500000000,21811.0000000000,21787.7500000000,stop,-1.1445160000,0.7096770000,-1.4838710000,7.7500000000,114,0.2126870000,0.0000000000,0.0000000000,1.8089770000,536,211,325,0,0,0,0,0,0,0,0,263,0,-17.7399980000
MNQ DATABENTO,1,vwap_delta_rejection,2025-02-12T11:46:00Z,2025-02-12 11:46:00+00:00,2025-02-12 11:49:00+00:00,2025-02-12T06:46:00-05:00,overnight,overnight,2025-02-12,short,vwap_bear_rejection,21791.0518000000,21787.7500000000,21792.2500000000,21778.7500000000,21792.2500000000,stop,-1.2488890000,0.3888890000,-1.2777780000,4.5000000000,-67,-0.2712550000,0.0000000000,0.0000000000,1.5375040000,247,157,90,0,0,0,0,0,0,0,0,137,0,-11.2400010000
MNQ DATABENTO,1,vwap_delta_rejection,2025-02-12T12:01:00Z,2025-02-12 12:01:00+00:00,2025-02-12 12:05:00+00:00,2025-02-12T07:01:00-05:00,overnight,overnight,2025-02-12,short,vwap_bear_rejection,21791.0322000000,21789.0000000000,21791.5000000000,21784.0000000000,21791.5000000000,stop,-1.4480000000,1.9000000000,-2.3000000000,2.5000000000,-74,-0.1796120000,0.0000000000,0.0000000000,3.2037330000,412,243,169,0,0,0,0,0,0,0,0,243,0,-7.2400000000
MNQ DATABENTO,1,vwap_delta_rejection,2025-02-12T16:26:00Z,2025-02-12 16:26:00+00:00,2025-02-12 16:28:00+00:00,2025-02-12T11:26:00-05:00,rth_09_30_16_00,rth_mid_11_00_11_30,2025-02-12,short,vwap_bear_rejection,21673.4561000000,21663.0000000000,21670.2500000000,21648.5000000000,21648.5000000000,target,1.8455170000,2.2758620000,-0.3103450000,7.2500000000,-598,-0.1387470000,0.0000000000,0.0000000000,1.4279560000,4310,2454,1856,0,0,0,0,0,0,0,0,2159,0,26.7599965000
MNQ DATABENTO,1,vwap_delta_rejection,2025-02-12T23:40:00Z,2025-02-12 23:40:00+00:00,2025-02-12 23:42:00+00:00,2025-02-12T18:40:00-05:00,overnight,overnight,2025-02-13,long,vwap_bull_rejection,21854.7625000000,21858.0000000000,21855.2500000000,21863.5000000000,21863.5000000000,target,1.5927270000,2.5454550000,0.0000000000,2.7500000000,67,0.3582890000,0.0000000000,0.0000000000,1.2626600000,187,60,127,0,0,0,0,0,0,0,0,102,0,8.7599985000
MNQ DATABENTO,1,vwap_delta_rejection,2025-02-13T07:01:00Z,2025-02-13 07:01:00+00:00,2025-02-13 07:08:00+00:00,2025-02-13T02:01:00-05:00,overnight,overnight,2025-02-13,short,vwap_bear_rejection,21892.9232000000,21887.5000000000,21893.2500000000,21876.0000000000,21876.0000000000,target,1.8052170000,2.1304350000,-0.4347830000,5.7500000000,-234,-0.2285160000,0.0000000000,0.0000000000,4.8370340000,1024,629,395,0,0,0,0,0,0,0,0,582,0,20.7599955000
MNQ DATABENTO,1,vwap_delta_rejection,2025-02-13T11:47:00Z,2025-02-13 11:47:00+00:00,2025-02-13 12:07:00+00:00,2025-02-13T06:47:00-05:00,overnight,overnight,2025-02-13,short,vwap_bear_rejection,21852.4445000000,21831.5000000000,21854.7500000000,21785.0000000000,21808.2500000000,timeout,0.9518280000,1.4838710000,-0.2795700000,23.2500000000,-607,-0.2206470000,0.0000000000,0.0000000000,15.2621360000,2751,1679,1072,0,0,0,0,0,0,0,0,1598,0,44.2600020000
MNQ DATABENTO,1,vwap_delta_rejection,2025-02-13T23:13:00Z,2025-02-13 23:13:00+00:00,2025-02-13 23:33:00+00:00,2025-02-13T18:13:00-05:00,overnight,overnight,2025-02-14,long,vwap_bull_rejection,22078.8042000000,22085.7500000000,22076.2500000000,22104.7500000000,22085.2500000000,timeout,-0.1705260000,1.7368420000,-0.3684210000,9.5000000000,128,0.2471040000,0.0000000000,0.0000000000,1.6897730000,518,195,323,0,0,0,0,0,0,0,0,286,0,-3.2399940000
MNQ DATABENTO,1,vwap_delta_rejection,2025-02-13T23:35:00Z,2025-02-13 23:35:00+00:00,2025-02-13 23:42:00+00:00,2025-02-13T18:35:00-05:00,overnight,overnight,2025-02-14,short,vwap_bear_rejection,22086.1226000000,22083.0000000000,22086.7500000000,22075.5000000000,22086.7500000000,stop,-1.2986670000,0.6666670000,-1.0666670000,3.7500000000,-95,-0.2480420000,0.0000000000,0.0000000000,1.2518390000,383,239,144,0,0,0,0,0,0,0,0,220,0,-9.7400025000
MNQ DATABENTO,1,vwap_delta_rejection,2025-02-14T00:17:00Z,2025-02-14 00:17:00+00:00,2025-02-14 00:28:00+00:00,2025-02-13T19:17:00-05:00,overnight,overnight,2025-02-14,long,vwap_bull_rejection,22085.7475000000,22091.7500000000,22085.2500000000,22104.7500000000,22104.7500000000,target,1.8276920000,2.1153850000,-0.0769230000,6.5000000000,113,0.2790120000,0.0000000000,0.0000000000,1.5038990000,405,146,259,0,0,0,0,0,0,0,0,232,0,23.7599960000
MNQ DATABENTO,1,vwap_delta_rejection,2025-02-14T08:40:00Z,2025-02-14 08:40:00+00:00,2025-02-14 09:00:00+00:00,2025-02-14T03:40:00-05:00,overnight,overnight,2025-02-14,short,vwap_bear_rejection,22123.0871000000,22112.2500000000,22123.0000000000,22090.7500000000,22117.7500000000,timeout,-0.6158140000,1.0000000000,-0.6511630000,10.7500000000,-395,-0.3408110000,0.0000000000,0.0000000000,4.9956900000,1159,777,382,0,0,0,0,0,0,0,0,595,0,-13.2400010000
MNQ DATABENTO,1,vwap_delta_rejection,2025-02-14T13:56:00Z,2025-02-14 13:56:00+00:00,2025-02-14 13:58:00+00:00,2025-02-14T08:56:00-05:00,overnight,overnight,2025-02-14,long,vwap_bull_rejection,22107.7614000000,22114.2500000000,22107.2500000000,22128.2500000000,22107.2500000000,stop,-1.1600000000,0.1428570000,-2.0357140000,7.0000000000,395,0.3333330000,0.0000000000,0.0000000000,1.6244000000,1185,395,790,0,0,0,0,0,0,0,0,603,0,-16.2400000000
MNQ DATABENTO,1,vwap_delta_rejection,2025-02-14T14:31:00Z,2025-02-14 14:31:00+00:00,2025-02-14 14:32:00+00:00,2025-02-14T09:31:00-05:00,rth_09_30_16_00,rth_open_09_30_11_00,2025-02-14,long,vwap_bull_rejection,22108.0132000000,22122.7500000000,22100.0000000000,22168.2500000000,22100.0000000000,stop,-1.0492310000,0.6703300000,-1.0769230000,22.7500000000,956,0.1366500000,0.0000000000,0.0000000000,8.5772080000,6996,3020,3976,0,0,0,0,0,0,0,0,4112,0,-47.7400105000
MNQ DATABENTO,1,vwap_delta_rejection,2025-02-14T14:42:00Z,2025-02-14 14:42:00+00:00,2025-02-14 14:46:00+00:00,2025-02-14T09:42:00-05:00,rth_09_30_16_00,rth_open_09_30_11_00,2025-02-14,short,vwap_bear_rejection,22107.8048000000,22097.2500000000,22110.2500000000,22071.2500000000,22110.2500000000,stop,-1.0861540000,0.2115380000,-1.0576920000,13.0000000000,-550,-0.1167730000,0.0000000000,0.0000000000,1.2785020000,4710,2630,2080,0,0,0,0,0,0,0,0,2561,0,-28.2400040000
MNQ DATABENTO,1,vwap_delta_rejection,2025-02-14T15:46:00Z,2025-02-14 15:46:00+00:00,2025-02-14 15:53:00+00:00,2025-02-14T10:46:00-05:00,rth_09_30_16_00,rth_open_09_30_11_00,2025-02-14,long,vwap_bull_rejection,22116.3580000000,22125.0000000000,22117.2500000000,22140.5000000000,22140.5000000000,target,1.8554840000,2.1612900000,-0.3548390000,7.7500000000,831,0.1981870000,0.0000000000,0.0000000000,1.3746190000,4193,1681,2512,0,0,0,0,0,0,0,0,2113,0,28.7600020000
MNQ DATABENTO,1,vwap_delta_rejection,2025-02-14T16:26:00Z,2025-02-14 16:26:00+00:00,2025-02-14 16:46:00+00:00,2025-02-14T11:26:00-05:00,rth_09_30_16_00,rth_mid_11_00_11_30,2025-02-14,long,vwap_bull_rejection,22120.7177000000,22131.7500000000,22114.5000000000,22166.2500000000,22138.0000000000,timeout,0.2973910000,0.9420290000,-0.8985510000,17.2500000000,515,0.1407490000,0.0000000000,0.0000000000,1.3266860000,3659,1572,2087,0,0,0,0,0,0,0,0,1880,0,10.2599895000
MNQ DATABENTO,1,vwap_delta_rejection,2025-02-14T17:49:00Z,2025-02-14 17:49:00+00:00,2025-02-14 17:53:00+00:00,2025-02-14T12:49:00-05:00,rth_09_30_16_00,rth_lunch_11_30_13_30,2025-02-14,long,vwap_bull_rejection,22121.1643000000,22128.5000000000,22120.0000000000,22145.5000000000,22145.5000000000,target,1.8682350000,2.4705880000,-0.0588240000,8.5000000000,626,0.3035890000,0.0000000000,0.0000000000,1.2919390000,2062,718,1344,0,0,0,0,0,0,0,0,1097,0,31.7599950000
MNQ DATABENTO,1,vwap_delta_rejection,2025-02-16T23:16:00Z,2025-02-16 23:16:00+00:00,2025-02-16 23:18:00+00:00,2025-02-16T18:16:00-05:00,overnight,overnight,2025-02-17,long,vwap_bull_rejection,22218.1792000000,22223.5000000000,22218.7500000000,22233.0000000000,22218.7500000000,stop,-1.2357890000,0.1052630000,-1.7894740000,4.7500000000,396,0.4295010000,0.0000000000,0.0000000000,2.3741470000,922,263,659,0,0,0,0,0,0,0,0,573,0,-11.7399955000
MNQ DATABENTO,1,vwap_delta_rejection,2025-02-17T00:53:00Z,2025-02-17 00:53:00+00:00,2025-02-17 01:13:00+00:00,2025-02-16T19:53:00-05:00,overnight,overnight,2025-02-17,long,vwap_bull_rejection,22212.1081000000,22219.2500000000,22212.7500000000,22232.2500000000,22229.0000000000,timeout,1.3276920000,1.6538460000,-0.5769230000,6.5000000000,151,0.3289760000,0.0000000000,0.0000000000,1.2340370000,459,154,305,0,0,0,0,0,0,0,0,199,0,17.2599960000
MNQ DATABENTO,1,vwap_delta_rejection,2025-02-17T09:15:00Z,2025-02-17 09:15:00+00:00,2025-02-17 09:21:00+00:00,2025-02-17T04:15:00-05:00,overnight,overnight,2025-02-17,long,vwap_bull_rejection,22241.0339000000,22243.0000000000,22240.0000000000,22249.0000000000,22240.0000000000,stop,-1.3733330000,1.5000000000,-1.5833330000,3.0000000000,79,0.2415900000,0.0000000000,0.0000000000,1.3835410000,327,124,203,0,0,0,0,0,0,0,0,179,0,-8.2399980000
MNQ DATABENTO,1,vwap_delta_rejection,2025-02-17T09:41:00Z,2025-02-17 09:41:00+00:00,2025-02-17 09:42:00+00:00,2025-02-17T04:41:00-05:00,overnight,overnight,2025-02-17,long,vwap_bull_rejection,22240.9889000000,22244.5000000000,22239.7500000000,22254.0000000000,22239.7500000000,stop,-1.2357890000,0.3157890000,-2.1578950000,4.7500000000,94,0.3455880000,0.0000000000,0.0000000000,1.7447080000,272,89,183,0,0,0,0,0,0,0,0,143,0,-11.7399955000
MNQ DATABENTO,1,vwap_delta_rejection,2025-02-17T17:01:00Z,2025-02-17 17:01:00+00:00,2025-02-17 17:11:00+00:00,2025-02-17T12:01:00-05:00,rth_09_30_16_00,rth_lunch_11_30_13_30,2025-02-17,short,vwap_bear_rejection,22235.8602000000,22232.7500000000,22237.2500000000,22223.7500000000,22223.7500000000,target,1.7511110000,2.3333330000,-0.5000000000,4.5000000000,-470,-0.3223590000,0.0000000000,0.0000000000,2.9898490000,1458,964,494,0,0,0,0,0,0,0,0,728,0,15.7599990000
MNQ DATABENTO,1,vwap_delta_rejection,2025-02-18T00:14:00Z,2025-02-18 00:14:00+00:00,2025-02-18 00:16:00+00:00,2025-02-17T19:14:00-05:00,overnight,overnight,2025-02-18,long,vwap_bull_rejection,22217.0339000000,22219.5000000000,22216.7500000000,22225.0000000000,22225.0000000000,target,1.5927270000,2.8181820000,-0.0909090000,2.7500000000,119,0.5288890000,0.0000000000,0.0000000000,1.2580370000,225,53,172,0,0,0,0,0,0,0,0,102,0,8.7599985000
MNQ DATABENTO,1,vwap_delta_rejection,2025-02-18T00:58:00Z,2025-02-18 00:58:00+00:00,2025-02-18 01:18:00+00:00,2025-02-17T19:58:00-05:00,overnight,overnight,2025-02-18,long,vwap_bull_rejection,22218.5061000000,22226.7500000000,22218.2500000000,22243.7500000000,22234.5000000000,timeout,0.7800000000,1.7941180000,-0.0588240000,8.5000000000,142,0.4437500000,0.0000000000,0.0000000000,1.6157540000,320,89,231,0,0,0,0,0,0,0,0,195,0,13.2600000000
MNQ DATABENTO,1,vwap_delta_rejection,2025-02-18T23:28:00Z,2025-02-18 23:28:00+00:00,2025-02-18 23:36:00+00:00,2025-02-18T18:28:00-05:00,overnight,overnight,2025-02-19,short,vwap_bear_rejection,22243.2858000000,22238.0000000000,22242.7500000000,22228.5000000000,22242.7500000000,stop,-1.2357890000,1.0526320000,-1.7894740000,4.7500000000,-119,-0.5063830000,0.0000000000,0.0000000000,1.3269340000,235,177,58,0,0,0,0,0,0,0,0,127,0,-11.7399955000
MNQ DATABENTO,1,vwap_delta_rejection,2025-02-19T05:05:00Z,2025-02-19 05:05:00+00:00,2025-02-19 05:07:00+00:00,2025-02-19T00:05:00-05:00,overnight,overnight,2025-02-19,short,vwap_bear_rejection,22267.2642000000,22265.0000000000,22267.7500000000,22259.5000000000,22259.5000000000,target,1.5927270000,2.5454550000,-0.6363640000,2.7500000000,-19,-0.1085710000,0.0000000000,0.0000000000,1.4444900000,175,97,78,0,0,0,0,0,0,0,0,92,0,8.7599985000
MNQ DATABENTO,1,vwap_delta_rejection,2025-02-19T05:07:00Z,2025-02-19 05:07:00+00:00,2025-02-19 05:21:00+00:00,2025-02-19T00:07:00-05:00,overnight,overnight,2025-02-19,short,vwap_bear_rejection,22267.2127000000,22263.7500000000,22267.0000000000,22257.2500000000,22267.0000000000,stop,-1.3446150000,1.5384620000,-1.0000000000,3.2500000000,-215,-0.2909340000,0.0000000000,0.0000000000,5.8697380000,739,477,262,0,0,0,0,0,0,0,0,370,0,-8.7399975000
MNQ DATABENTO,1,vwap_delta_rejection,2025-02-19T06:30:00Z,2025-02-19 06:30:00+00:00,2025-02-19 06:44:00+00:00,2025-02-19T01:30:00-05:00,overnight,overnight,2025-02-19,long,vwap_bull_rejection,22266.5460000000,22269.7500000000,22266.2500000000,22276.7500000000,22266.2500000000,stop,-1.3200000000,0.5714290000,-1.0000000000,3.5000000000,210,0.5329950000,0.0000000000,0.0000000000,5.1469630000,394,92,302,0,0,0,0,0,0,0,0,214,0,-9.2400000000
MNQ DATABENTO,1,vwap_delta_rejection,2025-02-19T08:40:00Z,2025-02-19 08:40:00+00:00,2025-02-19 08:47:00+00:00,2025-02-19T03:40:00-05:00,overnight,overnight,2025-02-19,long,vwap_bull_rejection,22264.4337000000,22271.2500000000,22264.7500000000,22284.2500000000,22264.7500000000,stop,-1.1723080000,0.6923080000,-1.3461540000,6.5000000000,226,0.3434650000,0.0000000000,0.0000000000,2.3075570000,658,216,442,0,0,0,0,0,0,0,0,347,0,-15.2400040000
MNQ DATABENTO,1,vwap_delta_rejection,2025-02-19T12:57:00Z,2025-02-19 12:57:00+00:00,2025-02-19 12:59:00+00:00,2025-02-19T07:57:00-05:00,overnight,overnight,2025-02-19,short,vwap_bear_rejection,22250.6819000000,22248.2500000000,22251.0000000000,22242.7500000000,22242.7500000000,target,1.5927270000,2.9090910000,-0.4545450000,2.7500000000,-63,-0.1644910000,0.0000000000,0.0000000000,1.2919550000,383,223,160,0,0,0,0,0,0,0,0,165,0,8.7599985000
MNQ DATABENTO,1,vwap_delta_rejection,2025-02-19T12:59:00Z,2025-02-19 12:59:00+00:00,2025-02-19 13:00:00+00:00,2025-02-19T07:59:00-05:00,overnight,overnight,2025-02-19,short,vwap_bear_rejection,22250.6528000000,22242.7500000000,22249.7500000000,22228.7500000000,22228.7500000000,target,1.8400000000,2.2142860000,-0.1071430000,7.0000000000,-252,-0.3181820000,0.0000000000,0.0000000000,2.6408800000,792,522,270,0,0,0,0,0,0,0,0,364,0,25.7600000000
MNQ DATABENTO,1,vwap_delta_rejection,2025-02-20T00:54:00Z,2025-02-20 00:54:00+00:00,2025-02-20 00:56:00+00:00,2025-02-19T19:54:00-05:00,overnight,overnight,2025-02-20,long,vwap_bull_rejection,22217.6959000000,22219.0000000000,22217.7500000000,22221.5000000000,22221.5000000000,target,1.1040000000,3.2000000000,-0.8000000000,1.2500000000,135,0.4545450000,0.0000000000,0.0000000000,1.5484880000,297,81,216,0,0,0,0,0,0,0,0,152,0,2.7600000000
MNQ DATABENTO,1,vwap_delta_rejection,2025-02-20T00:56:00Z,2025-02-20 00:56:00+00:00,2025-02-20 01:00:00+00:00,2025-02-19T19:56:00-05:00,overnight,overnight,2025-02-20,long,vwap_bull_rejection,22217.7408000000,22221.0000000000,22217.7500000000,22227.5000000000,22227.5000000000,target,1.6553850000,2.3076920000,0.0000000000,3.2500000000,108,0.3068180000,0.0000000000,0.0000000000,1.9166890000,352,122,230,0,0,0,0,0,0,0,0,171,0,10.7600025000
MNQ DATABENTO,1,vwap_delta_rejection,2025-02-20T01:09:00Z,2025-02-20 01:09:00+00:00,2025-02-20 01:10:00+00:00,2025-02-19T20:09:00-05:00,overnight,overnight,2025-02-20,short,vwap_bear_rejection,22218.4674000000,22215.5000000000,22219.0000000000,22208.5000000000,22219.0000000000,stop,-1.3200000000,0.2857140000,-1.0000000000,3.5000000000,-137,-0.4267910000,0.0000000000,0.0000000000,1.2745680000,321,229,92,0,0,0,0,0,0,0,0,166,0,-9.2400000000
MNQ DATABENTO,1,vwap_delta_rejection,2025-02-20T08:30:00Z,2025-02-20 08:30:00+00:00,2025-02-20 08:33:00+00:00,2025-02-20T03:30:00-05:00,overnight,overnight,2025-02-20,short,vwap_bear_rejection,22182.2148000000,22179.5000000000,22183.5000000000,22171.5000000000,22183.5000000000,stop,-1.2800000000,1.1250000000,-1.0000000000,4.0000000000,-146,-0.3054390000,0.0000000000,0.0000000000,1.3943990000,478,312,166,0,0,0,0,0,0,0,0,270,0,-10.2400000000
MNQ DATABENTO,1,vwap_delta_rejection,2025-02-20T09:01:00Z,2025-02-20 09:01:00+00:00,2025-02-20 09:02:00+00:00,2025-02-20T04:01:00-05:00,overnight,overnight,2025-02-20,long,vwap_bull_rejection,22182.1023000000,22184.2500000000,22180.7500000000,22191.2500000000,22180.7500000000,stop,-1.3200000000,0.2857140000,-1.2142860000,3.5000000000,101,0.1768830000,0.0000000000,0.0000000000,3.4407950000,571,235,336,0,0,0,0,0,0,0,0,335,0,-9.2400000000
MNQ DATABENTO,1,vwap_delta_rejection,2025-02-20T09:03:00Z,2025-02-20 09:03:00+00:00,2025-02-20 09:05:00+00:00,2025-02-20T04:03:00-05:00,overnight,overnight,2025-02-20,short,vwap_bear_rejection,22182.0865000000,22178.0000000000,22182.0000000000,22170.0000000000,22182.0000000000,stop,-1.2800000000,0.6250000000,-1.4375000000,4.0000000000,-79,-0.1423420000,0.0000000000,0.0000000000,2.9027200000,555,317,238,0,0,0,0,0,0,0,0,315,0,-10.2400000000
MNQ DATABENTO,1,vwap_delta_rejection,2025-02-20T11:36:00Z,2025-02-20 11:36:00+00:00,2025-02-20 11:43:00+00:00,2025-02-20T06:36:00-05:00,overnight,overnight,2025-02-20,short,vwap_bear_rejection,22185.4234000000,22178.0000000000,22185.0000000000,22164.0000000000,22185.0000000000,stop,-1.1600000000,0.4285710000,-1.5714290000,7.0000000000,-458,-0.3835850000,0.0000000000,0.0000000000,5.0646870000,1194,826,368,0,0,0,0,0,0,0,0,594,0,-16.2400000000
MNQ DATABENTO,1,vwap_delta_rejection,2025-02-20T12:01:00Z,2025-02-20 12:01:00+00:00,2025-02-20 12:11:00+00:00,2025-02-20T07:01:00-05:00,overnight,overnight,2025-02-20,long,vwap_bull_rejection,22185.8526000000,22195.0000000000,22182.0000000000,22221.0000000000,22182.0000000000,stop,-1.0861540000,0.5769230000,-1.1346150000,13.0000000000,264,0.1547480000,0.0000000000,0.0000000000,3.7204230000,1706,721,985,0,0,0,0,0,0,0,0,900,0,-28.2400040000
MNQ DATABENTO,1,vwap_delta_rejection,2025-02-20T23:24:00Z,2025-02-20 23:24:00+00:00,2025-02-20 23:28:00+00:00,2025-02-20T18:24:00-05:00,overnight,overnight,2025-02-21,short,vwap_bear_rejection,22147.2204000000,22143.5000000000,22148.0000000000,22134.5000000000,22148.0000000000,stop,-1.2488890000,0.2777780000,-1.0000000000,4.5000000000,-144,-0.4000000000,0.0000000000,0.0000000000,1.6853930000,360,252,108,0,0,0,0,0,0,0,0,191,0,-11.2400010000
MNQ DATABENTO,1,vwap_delta_rejection,2025-02-20T23:31:00Z,2025-02-20 23:31:00+00:00,2025-02-20 23:33:00+00:00,2025-02-20T18:31:00-05:00,overnight,overnight,2025-02-21,long,vwap_bull_rejection,22147.3910000000,22152.0000000000,22147.7500000000,22160.5000000000,22160.5000000000,target,1.7364710000,2.7058820000,-0.1764710000,4.2500000000,197,0.3738140000,0.0000000000,0.0000000000,2.8114160000,527,165,362,0,0,0,0,0,0,0,0,250,0,14.7600035000
MNQ DATABENTO,1,vwap_delta_rejection,2025-02-21T00:02:00Z,2025-02-21 00:02:00+00:00,2025-02-21 00:22:00+00:00,2025-02-20T19:02:00-05:00,overnight,overnight,2025-02-21,long,vwap_bull_rejection,22155.8536000000,22160.5000000000,22155.2500000000,22171.0000000000,22155.2500000000,stop,-1.2133330000,1.6190480000,-2.0952380000,5.2500000000,81,0.2171580000,0.0000000000,0.0000000000,1.6588840000,373,146,227,0,0,0,0,0,0,0,0,223,0,-12.7399965000
MNQ DATABENTO,1,vwap_delta_rejection,2025-02-21T01:02:00Z,2025-02-21 01:02:00+00:00,2025-02-21 01:05:00+00:00,2025-02-20T20:02:00-05:00,overnight,overnight,2025-02-21,long,vwap_bull_rejection,22156.1233000000,22160.0000000000,22156.5000000000,22167.0000000000,22156.5000000000,stop,-1.3200000000,0.2142860000,-1.6428570000,3.5000000000,116,0.3717950000,0.0000000000,0.0000000000,2.2715690000,312,98,214,0,0,0,0,0,0,0,0,166,0,-9.2400000000
MNQ DATABENTO,1,vwap_delta_rejection,2025-02-21T02:49:00Z,2025-02-21 02:49:00+00:00,2025-02-21 03:00:00+00:00,2025-02-20T21:49:00-05:00,overnight,overnight,2025-02-21,long,vwap_bull_rejection,22150.4531000000,22155.2500000000,22150.2500000000,22165.2500000000,22150.2500000000,stop,-1.2240000000,0.6500000000,-1.3000000000,5.0000000000,214,0.4692980000,0.0000000000,0.0000000000,3.7270130000,456,121,335,0,0,0,0,0,0,0,0,257,0,-12.2400000000
MNQ DATABENTO,1,vwap_delta_rejection,2025-02-21T03:24:00Z,2025-02-21 03:24:00+00:00,2025-02-21 03:26:00+00:00,2025-02-20T22:24:00-05:00,overnight,overnight,2025-02-21,long,vwap_bull_rejection,22150.4742000000,22153.2500000000,22150.7500000000,22158.2500000000,22150.7500000000,stop,-1.4480000000,0.5000000000,-1.1000000000,2.5000000000,44,0.3235290000,0.0000000000,0.0000000000,1.3998970000,136,46,90,0,0,0,0,0,0,0,0,73,0,-7.2400000000
MNQ DATABENTO,1,vwap_delta_rejection,2025-02-21T03:28:00Z,2025-02-21 03:28:00+00:00,2025-02-21 03:29:00+00:00,2025-02-20T22:28:00-05:00,overnight,overnight,2025-02-21,short,vwap_bear_rejection,22150.4800000000,22148.5000000000,22150.7500000000,22144.0000000000,22150.7500000000,stop,-1.4977780000,0.1111110000,-1.3333330000,2.2500000000,-31,-0.2230220000,0.0000000000,0.0000000000,1.3600780000,139,85,54,0,0,0,0,0,0,0,0,85,0,-6.7400010000
MNQ DATABENTO,1,vwap_delta_rejection,2025-02-21T07:52:00Z,2025-02-21 07:52:00+00:00,2025-02-21 07:54:00+00:00,2025-02-21T02:52:00-05:00,overnight,overnight,2025-02-21,long,vwap_bull_rejection,22145.2921000000,22149.5000000000,22144.5000000000,22159.5000000000,22144.5000000000,stop,-1.2240000000,0.0000000000,-1.3000000000,5.0000000000,29,0.1695910000,0.0000000000,0.0000000000,1.2319880000,171,71,100,0,0,0,0,0,0,0,0,120,0,-12.2400000000
MNQ DATABENTO,1,vwap_delta_rejection,2025-02-21T08:48:00Z,2025-02-21 08:48:00+00:00,2025-02-21 09:08:00+00:00,2025-02-21T03:48:00-05:00,overnight,overnight,2025-02-21,long,vwap_bull_rejection,22142.3966000000,22148.7500000000,22142.2500000000,22161.7500000000,22142.2500000000,stop,-1.1723080000,1.9615380000,-1.0769230000,6.5000000000,181,0.4340530000,0.0000000000,0.0000000000,1.2910220000,417,118,299,0,0,0,0,0,0,0,0,251,0,-15.2400040000
MNQ DATABENTO,1,vwap_delta_rejection,2025-02-21T14:32:00Z,2025-02-21 14:32:00+00:00,2025-02-21 14:36:00+00:00,2025-02-21T09:32:00-05:00,rth_09_30_16_00,rth_open_09_30_11_00,2025-02-21,short,vwap_bear_rejection,22169.9929000000,22138.5000000000,22170.0000000000,22075.5000000000,22170.0000000000,stop,-1.0355560000,0.0873020000,-1.2063490000,31.5000000000,-1342,-0.1199070000,0.0000000000,0.0000000000,7.7525720000,11192,6267,4925,0,0,0,0,0,0,0,0,5871,0,-65.2400280000
MNQ DATABENTO,1,vwap_delta_rejection,2025-02-23T23:06:00Z,2025-02-23 23:06:00+00:00,2025-02-23 23:26:00+00:00,2025-02-23T18:06:00-05:00,overnight,overnight,2025-02-24,long,vwap_bull_rejection,21704.0064000000,21723.5000000000,21703.5000000000,21763.5000000000,21747.5000000000,timeout,1.1440000000,1.4250000000,-0.2500000000,20.0000000000,161,0.1179490000,0.0000000000,0.0000000000,1.9350720000,1365,602,763,0,0,0,0,0,0,0,0,961,0,45.7600000000
MNQ DATABENTO,1,vwap_delta_rejection,2025-02-24T02:06:00Z,2025-02-24 02:06:00+00:00,2025-02-24 02:08:00+00:00,2025-02-23T21:06:00-05:00,overnight,overnight,2025-02-24,long,vwap_bull_rejection,21752.7328000000,21759.2500000000,21753.0000000000,21771.7500000000,21753.0000000000,stop,-1.1792000000,0.4400000000,-1.0800000000,6.2500000000,156,0.2191010000,0.0000000000,0.0000000000,2.1358930000,712,278,434,0,0,0,0,0,0,0,0,392,0,-14.7400000000
MNQ DATABENTO,1,vwap_delta_rejection,2025-02-24T10:32:00Z,2025-02-24 10:32:00+00:00,2025-02-24 10:38:00+00:00,2025-02-24T05:32:00-05:00,overnight,overnight,2025-02-24,long,vwap_bull_rejection,21763.4584000000,21771.0000000000,21763.5000000000,21786.0000000000,21763.5000000000,stop,-1.1493330000,0.4000000000,-1.0333330000,7.5000000000,151,0.3803530000,0.0000000000,0.0000000000,1.5510840000,397,123,274,0,0,0,0,0,0,0,0,203,0,-17.2399950000
MNQ DATABENTO,1,vwap_delta_rejection,2025-02-24T11:01:00Z,2025-02-24 11:01:00+00:00,2025-02-24 11:21:00+00:00,2025-02-24T06:01:00-05:00,overnight,overnight,2025-02-24,short,vwap_bear_rejection,21763.4617000000,21754.2500000000,21776.0000000000,21710.7500000000,21776.0000000000,stop,-1.0514940000,0.2413790000,-1.0344830000,21.7500000000,-327,-0.1023470000,0.0000000000,0.0000000000,13.6713740000,3195,1761,1434,0,0,0,0,0,0,0,0,1643,0,-45.7399890000
MNQ DATABENTO,1,vwap_delta_rejection,2025-02-24T12:04:00Z,2025-02-24 12:04:00+00:00,2025-02-24 12:20:00+00:00,2025-02-24T07:04:00-05:00,overnight,overnight,2025-02-24,short,vwap_bear_rejection,21763.8935000000,21751.7500000000,21762.5000000000,21730.2500000000,21762.5000000000,stop,-1.1041860000,0.8837210000,-1.4418600000,10.7500000000,-425,-0.4665200000,0.0000000000,0.0000000000,2.6471020000,911,668,243,0,0,0,0,0,0,0,0,477,0,-23.7399990000
MNQ DATABENTO,1,vwap_delta_rejection,2025-02-24T13:16:00Z,2025-02-24 13:16:00+00:00,2025-02-24 13:36:00+00:00,2025-02-24T08:16:00-05:00,overnight,overnight,2025-02-24,long,vwap_bull_rejection,21763.3450000000,21773.5000000000,21763.0000000000,21794.5000000000,21775.0000000000,timeout,0.0361900000,1.1904760000,-0.7857140000,10.5000000000,107,0.1674490000,0.0000000000,0.0000000000,1.6278180000,639,266,373,0,0,0,0,0,0,0,0,399,0,0.7599900000
MNQ DATABENTO,1,vwap_delta_rejection,2025-02-24T14:28:00Z,2025-02-24 14:28:00+00:00,2025-02-24 14:33:00+00:00,2025-02-24T09:28:00-05:00,overnight,overnight,2025-02-24,short,vwap_bear_rejection,21764.9759000000,21742.7500000000,21763.7500000000,21700.7500000000,21763.7500000000,stop,-1.0533330000,0.5119050000,-2.8095240000,21.0000000000,-807,-0.2597360000,0.0000000000,0.0000000000,3.2986520000,3107,1957,1150,0,0,0,0,0,0,0,0,1786,0,-44.2399860000
MNQ DATABENTO,1,vwap_delta_rejection,2025-02-24T17:32:00Z,2025-02-24 17:32:00+00:00,2025-02-24 17:37:00+00:00,2025-02-24T12:32:00-05:00,rth_09_30_16_00,rth_lunch_11_30_13_30,2025-02-24,short,vwap_bear_rejection,21629.4320000000,21611.7500000000,21627.2500000000,21580.7500000000,21627.2500000000,stop,-1.0722580000,0.1451610000,-1.4677420000,15.5000000000,-896,-0.2240000000,0.0000000000,0.0000000000,1.3919340000,4000,2448,1552,0,0,0,0,0,0,0,0,1969,0,-33.2399980000
MNQ DATABENTO,1,vwap_delta_rejection,2025-02-24T17:55:00Z,2025-02-24 17:55:00+00:00,2025-02-24 17:57:00+00:00,2025-02-24T12:55:00-05:00,rth_09_30_16_00,rth_lunch_11_30_13_30,2025-02-24,short,vwap_bear_rejection,21629.6142000000,21614.7500000000,21627.7500000000,21588.7500000000,21627.7500000000,stop,-1.0861540000,0.1923080000,-1.4615380000,13.0000000000,-534,-0.1683480000,0.0000000000,0.0000000000,1.6906960000,3172,1853,1319,0,0,0,0,0,0,0,0,1591,0,-28.2400040000
MNQ DATABENTO,1,vwap_delta_rejection,2025-02-24T23:10:00Z,2025-02-24 23:10:00+00:00,2025-02-24 23:11:00+00:00,2025-02-24T18:10:00-05:00,overnight,overnight,2025-02-25,short,vwap_bear_rejection,21438.3754000000,21434.5000000000,21437.0000000000,21429.5000000000,21437.0000000000,stop,-1.4480000000,0.7000000000,-3.0000000000,2.5000000000,-86,-0.1339560000,0.0000000000,0.0000000000,1.4801150000,642,364,278,0,0,0,0,0,0,0,0,341,0,-7.2400000000
MNQ DATABENTO,1,vwap_delta_rejection,2025-02-24T23:32:00Z,2025-02-24 23:32:00+00:00,2025-02-24 23:35:00+00:00,2025-02-24T18:32:00-05:00,overnight,overnight,2025-02-25,short,vwap_bear_rejection,21434.4603000000,21427.2500000000,21436.0000000000,21409.7500000000,21409.7500000000,target,1.8720000000,3.7428570000,-0.0857140000,8.7500000000,-44,-0.1202190000,0.0000000000,0.0000000000,1.3043480000,366,205,161,0,0,0,0,0,0,0,0,198,0,32.7600000000
MNQ DATABENTO,1,vwap_delta_rejection,2025-02-25T02:26:00Z,2025-02-25 02:26:00+00:00,2025-02-25 02:31:00+00:00,2025-02-24T21:26:00-05:00,overnight,overnight,2025-02-25,long,vwap_bull_rejection,21423.7999000000,21429.5000000000,21422.7500000000,21443.0000000000,21422.7500000000,stop,-1.1659260000,0.7777780000,-1.4074070000,6.7500000000,105,0.1674640000,0.0000000000,0.0000000000,1.6646750000,627,261,366,0,0,0,0,0,0,0,0,404,0,-15.7400010000
MNQ DATABENTO,1,vwap_delta_rejection,2025-02-25T04:52:00Z,2025-02-25 04:52:00+00:00,2025-02-25 04:59:00+00:00,2025-02-24T23:52:00-05:00,overnight,overnight,2025-02-25,long,vwap_bull_rejection,21425.0991000000,21425.2500000000,21422.2500000000,21431.2500000000,21422.2500000000,stop,-1.3733330000,0.9166670000,-2.0000000000,3.0000000000,33,0.1061090000,0.0000000000,0.0000000000,2.3560610000,311,139,172,0,0,0,0,0,0,0,0,156,0,-8.2399980000
MNQ DATABENTO,1,vwap_delta_rejection,2025-02-25T04:59:00Z,2025-02-25 04:59:00+00:00,2025-02-25 05:01:00+00:00,2025-02-24T23:59:00-05:00,overnight,overnight,2025-02-25,short,vwap_bear_rejection,21425.0964000000,21423.2500000000,21424.7500000000,21420.2500000000,21424.7500000000,stop,-1.7466670000,1.5000000000,-2.3333330000,1.5000000000,-47,-0.1887550000,0.0000000000,0.0000000000,1.6616620000,249,148,101,0,0,0,0,0,0,0,0,130,0,-5.2400010000
MNQ DATABENTO,1,vwap_delta_rejection,2025-02-25T07:01:00Z,2025-02-25 07:01:00+00:00,2025-02-25 07:02:00+00:00,2025-02-25T02:01:00-05:00,overnight,overnight,2025-02-25,short,vwap_bear_rejection,21425.4004000000,21419.2500000000,21425.5000000000,21406.7500000000,21406.7500000000,target,1.8208000000,2.1600000000,0.0000000000,6.2500000000,-76,-0.1148040000,0.0000000000,0.0000000000,2.2570750000,662,369,293,0,0,0,0,0,0,0,0,378,0,22.7600000000
MNQ DATABENTO,1,vwap_delta_rejection,2025-02-25T11:46:00Z,2025-02-25 11:46:00+00:00,2025-02-25 12:06:00+00:00,2025-02-25T06:46:00-05:00,overnight,overnight,2025-02-25,short,vwap_bear_rejection,21381.9694000000,21370.2500000000,21380.5000000000,21349.7500000000,21377.7500000000,timeout,-0.8409760000,1.0975610000,-0.8780490000,10.2500000000,-108,-0.1020790000,0.0000000000,0.0000000000,1.7471720000,1058,583,475,0,0,0,0,0,0,0,0,630,0,-17.2400080000
MNQ DATABENTO,1,vwap_delta_rejection,2025-02-25T14:26:00Z,2025-02-25 14:26:00+00:00,2025-02-25 14:30:00+00:00,2025-02-25T09:26:00-05:00,overnight,overnight,2025-02-25,short,vwap_bear_rejection,21387.5782000000,21370.0000000000,21387.7500000000,21334.5000000000,21387.7500000000,stop,-1.0630990000,0.6760560000,-1.8309860000,17.7500000000,-638,-0.1471400000,0.0000000000,0.0000000000,5.1234790000,4336,2487,1849,0,0,0,0,0,0,0,0,2647,0,-37.7400145000
MNQ DATABENTO,1,vwap_delta_rejection,2025-02-25T14:41:00Z,2025-02-25 14:41:00+00:00,2025-02-25 14:52:00+00:00,2025-02-25T09:41:00-05:00,rth_09_30_16_00,rth_open_09_30_11_00,2025-02-25,short,vwap_bear_rejection,21382.1320000000,21342.7500000000,21378.2500000000,21271.7500000000,21271.7500000000,target,1.9684510000,2.5422540000,-0.6197180000,35.5000000000,-1228,-0.1439290000,0.0000000000,0.0000000000,1.4417150000,8532,4880,3652,0,0,0,0,0,0,0,0,4704,0,139.7600210000
MNQ DATABENTO,1,vwap_delta_rejection,2025-02-25T18:40:00Z,2025-02-25 18:40:00+00:00,2025-02-25 18:42:00+00:00,2025-02-25T13:40:00-05:00,rth_09_30_16_00,rth_afternoon_13_30_15_00,2025-02-25,long,vwap_bull_rejection,21230.0066000000,21243.2500000000,21231.2500000000,21267.2500000000,21231.2500000000,stop,-1.0933330000,0.3750000000,-1.2083330000,12.0000000000,452,0.1182010000,0.0000000000,0.0000000000,1.4073830000,3824,1686,2138,0,0,0,0,0,0,0,0,2085,0,-26.2399920000
MNQ DATABENTO,1,vwap_delta_rejection,2025-02-25T23:37:00Z,2025-02-25 23:37:00+00:00,2025-02-25 23:42:00+00:00,2025-02-25T18:37:00-05:00,overnight,overnight,2025-02-26,short,vwap_bear_rejection,21225.3039000000,21222.0000000000,21225.5000000000,21215.0000000000,21225.5000000000,stop,-1.3200000000,1.8571430000,-1.0000000000,3.5000000000,-73,-0.2654550000,0.0000000000,0.0000000000,1.5777400000,275,174,101,0,0,0,0,0,0,0,0,160,0,-9.2400000000
MNQ DATABENTO,1,vwap_delta_rejection,2025-02-25T23:46:00Z,2025-02-25 23:46:00+00:00,2025-02-25 23:48:00+00:00,2025-02-25T18:46:00-05:00,overnight,overnight,2025-02-26,short,vwap_bear_rejection,21224.6965000000,21217.2500000000,21224.2500000000,21203.2500000000,21224.2500000000,stop,-1.1600000000,0.8928570000,-1.0000000000,7.0000000000,-76,-0.3064520000,0.0000000000,0.0000000000,1.3793100000,248,162,86,0,0,0,0,0,0,0,0,148,0,-16.2400000000
MNQ DATABENTO,1,vwap_delta_rejection,2025-02-26T00:03:00Z,2025-02-26 00:03:00+00:00,2025-02-26 00:08:00+00:00,2025-02-25T19:03:00-05:00,overnight,overnight,2025-02-26,long,vwap_bull_rejection,21223.9887000000,21232.0000000000,21224.7500000000,21246.5000000000,21224.7500000000,stop,-1.1544830000,0.7241380000,-1.3103450000,7.2500000000,144,0.4114290000,0.0000000000,0.0000000000,1.6489990000,350,103,247,0,0,0,0,0,0,0,0,184,0,-16.7400035000
MNQ DATABENTO,1,vwap_delta_rejection,2025-02-26T12:57:00Z,2025-02-26 12:57:00+00:00,2025-02-26 13:05:00+00:00,2025-02-26T07:57:00-05:00,overnight,overnight,2025-02-26,long,vwap_bull_rejection,21272.1564000000,21284.5000000000,21273.5000000000,21306.5000000000,21273.5000000000,stop,-1.1018180000,1.2727270000,-1.0454550000,11.0000000000,135,0.1773980000,0.0000000000,0.0000000000,1.3190050000,761,313,448,0,0,0,0,0,0,0,0,448,0,-24.2399960000
MNQ DATABENTO,1,vwap_delta_rejection,2025-02-26T17:51:00Z,2025-02-26 17:51:00+00:00,2025-02-26 17:52:00+00:00,2025-02-26T12:51:00-05:00,rth_09_30_16_00,rth_lunch_11_30_13_30,2025-02-26,short,vwap_bear_rejection,21306.4748000000,21303.5000000000,21308.2500000000,21294.0000000000,21294.0000000000,target,1.7642110000,4.7368420000,-0.0526320000,4.7500000000,-764,-0.1868880000,0.0000000000,0.0000000000,1.2360720000,4088,2426,1662,0,0,0,0,0,0,0,0,2271,0,16.7600045000
MNQ DATABENTO,1,vwap_delta_rejection,2025-02-26T21:25:00Z,2025-02-26 21:25:00+00:00,2025-02-26 21:27:00+00:00,2025-02-26T16:25:00-05:00,overnight,overnight,2025-02-26,short,vwap_bear_rejection,21261.9738000000,21244.0000000000,21260.7500000000,21210.5000000000,21210.5000000000,target,1.9331340000,3.0000000000,-0.4029850000,16.7500000000,-231,-0.1161390000,0.0000000000,0.0000000000,1.3262210000,1989,1110,879,0,0,0,0,0,0,0,0,1166,0,64.7599890000
MNQ DATABENTO,1,vwap_delta_rejection,2025-02-26T23:21:00Z,2025-02-26 23:21:00+00:00,2025-02-26 23:23:00+00:00,2025-02-26T18:21:00-05:00,overnight,overnight,2025-02-27,short,vwap_bear_rejection,21236.1429000000,21230.5000000000,21235.2500000000,21221.0000000000,21221.0000000000,target,1.7642110000,5.7368420000,-0.5263160000,4.7500000000,-128,-0.1070230000,0.0000000000,0.0000000000,1.9638750000,1196,662,534,0,0,0,0,0,0,0,0,667,0,16.7600045000
MNQ DATABENTO,1,vwap_delta_rejection,2025-02-27T01:41:00Z,2025-02-27 01:41:00+00:00,2025-02-27 01:45:00+00:00,2025-02-26T20:41:00-05:00,overnight,overnight,2025-02-27,long,vwap_bull_rejection,21180.3480000000,21190.7500000000,21180.7500000000,21210.7500000000,21180.7500000000,stop,-1.1120000000,0.2000000000,-1.4500000000,10.0000000000,150,0.2373420000,0.0000000000,0.0000000000,1.2741940000,632,241,391,0,0,0,0,0,0,0,0,379,0,-22.2400000000
MNQ DATABENTO,1,vwap_delta_rejection,2025-02-27T02:16:00Z,2025-02-27 02:16:00+00:00,2025-02-27 02:20:00+00:00,2025-02-26T21:16:00-05:00,overnight,overnight,2025-02-27,short,vwap_bear_rejection,21179.4726000000,21174.0000000000,21181.0000000000,21160.0000000000,21181.0000000000,stop,-1.1600000000,0.4642860000,-1.9285710000,7.0000000000,-164,-0.2240440000,0.0000000000,0.0000000000,1.6414400000,732,448,284,0,0,0,0,0,0,0,0,429,0,-16.2400000000
MNQ DATABENTO,1,vwap_delta_rejection,2025-02-27T02:20:00Z,2025-02-27 02:20:00+00:00,2025-02-27 02:22:00+00:00,2025-02-26T21:20:00-05:00,overnight,overnight,2025-02-27,long,vwap_bull_rejection,21179.4614000000,21185.2500000000,21178.7500000000,21198.2500000000,21198.2500000000,target,1.8276920000,3.3461540000,0.0000000000,6.5000000000,91,0.1320750000,0.0000000000,0.0000000000,1.4520550000,689,299,390,0,0,0,0,0,0,0,0,432,0,23.7599960000
MNQ DATABENTO,1,vwap_delta_rejection,2025-02-27T23:05:00Z,2025-02-27 23:05:00+00:00,2025-02-27 23:12:00+00:00,2025-02-27T18:05:00-05:00,overnight,overnight,2025-02-28,long,vwap_bull_rejection,20661.9946000000,20670.0000000000,20659.7500000000,20690.5000000000,20659.7500000000,stop,-1.1092680000,0.2682930000,-1.6585370000,10.2500000000,187,0.2558140000,0.0000000000,0.0000000000,1.4190040000,731,272,459,0,0,0,0,0,0,0,0,446,0,-22.7399940000
MNQ DATABENTO,1,vwap_delta_rejection,2025-02-27T23:31:00Z,2025-02-27 23:31:00+00:00,2025-02-27 23:34:00+00:00,2025-02-27T18:31:00-05:00,overnight,overnight,2025-02-28,long,vwap_bull_rejection,20658.0610000000,20668.2500000000,20657.7500000000,20689.2500000000,20657.7500000000,stop,-1.1066670000,0.4523810000,-1.0714290000,10.5000000000,230,0.3176800000,0.0000000000,0.0000000000,1.8744340000,724,247,477,0,0,0,0,0,0,0,0,450,0,-23.2400070000
MNQ DATABENTO,1,vwap_delta_rejection,2025-02-27T23:46:00Z,2025-02-27 23:46:00+00:00,2025-02-27 23:47:00+00:00,2025-02-27T18:46:00-05:00,overnight,overnight,2025-02-28,short,vwap_bear_rejection,20661.3258000000,20656.5000000000,20660.5000000000,20648.5000000000,20660.5000000000,stop,-1.2800000000,1.0625000000,-1.3125000000,4.0000000000,-181,-0.2000000000,0.0000000000,0.0000000000,1.8503370000,905,543,362,0,0,0,0,0,0,0,0,479,0,-10.2400000000
MNQ DATABENTO,1,vwap_delta_rejection,2025-02-27T23:56:00Z,2025-02-27 23:56:00+00:00,2025-02-28 00:01:00+00:00,2025-02-27T18:56:00-05:00,overnight,overnight,2025-02-28,long,vwap_bull_rejection,20661.6590000000,20666.7500000000,20661.5000000000,20677.2500000000,20677.2500000000,target,1.7866670000,3.3333330000,-0.1428570000,5.2500000000,256,0.3350790000,0.0000000000,0.0000000000,1.3349640000,764,254,510,0,0,0,0,0,0,0,0,427,0,18.7600035000
MNQ DATABENTO,1,vwap_delta_rejection,2025-02-28T01:22:00Z,2025-02-28 01:22:00+00:00,2025-02-28 01:24:00+00:00,2025-02-27T20:22:00-05:00,overnight,overnight,2025-02-28,long,vwap_bull_rejection,20656.0707000000,20664.7500000000,20657.5000000000,20679.2500000000,20657.5000000000,stop,-1.1544830000,0.3448280000,-1.1379310000,7.2500000000,245,0.3695320000,0.0000000000,0.0000000000,1.2951750000,663,209,454,0,0,0,0,0,0,0,0,271,0,-16.7400035000
MNQ DATABENTO,1,vwap_delta_rejection,2025-02-28T02:00:00Z,2025-02-28 02:00:00+00:00,2025-02-28 02:01:00+00:00,2025-02-27T21:00:00-05:00,overnight,overnight,2025-02-28,short,vwap_bear_rejection,20638.4485000000,20625.7500000000,20639.0000000000,20599.2500000000,20639.0000000000,stop,-1.0845280000,1.4150940000,-1.5094340000,13.2500000000,-316,-0.2476490000,0.0000000000,0.0000000000,1.8371610000,1276,796,480,0,0,0,0,0,0,0,0,761,0,-28.7399920000
MNQ DATABENTO,1,vwap_delta_rejection,2025-02-28T05:01:00Z,2025-02-28 05:01:00+00:00,2025-02-28 05:21:00+00:00,2025-02-28T00:01:00-05:00,overnight,overnight,2025-02-28,long,vwap_bull_rejection,20611.8357000000,20627.7500000000,20612.5000000000,20658.2500000000,20631.5000000000,timeout,0.1724590000,1.1803280000,-0.1967210000,15.2500000000,174,0.1161550000,0.0000000000,0.0000000000,2.8724830000,1498,662,836,0,0,0,0,0,0,0,0,963,0,5.2599995000
MNQ DATABENTO,1,vwap_delta_rejection,2025-02-28T18:56:00Z,2025-02-28 18:56:00+00:00,2025-02-28 19:16:00+00:00,2025-02-28T13:56:00-05:00,rth_09_30_16_00,rth_afternoon_13_30_15_00,2025-02-28,short,vwap_bear_rejection,20630.9503000000,20598.7500000000,20631.5000000000,20533.2500000000,20571.2500000000,timeout,0.8054960000,1.8778630000,-0.3053440000,32.7500000000,-1142,-0.2414380000,0.0000000000,0.0000000000,1.2080970000,4730,2936,1794,0,0,0,0,0,0,0,0,2592,0,52.7599880000
MNQ DATABENTO,1,vwap_delta_rejection,2025-03-02T23:06:00Z,2025-03-02 23:06:00+00:00,2025-03-02 23:09:00+00:00,2025-03-02T18:06:00-05:00,overnight,overnight,2025-03-03,long,vwap_bull_rejection,20988.4097000000,20991.5000000000,20983.0000000000,21008.5000000000,21008.5000000000,target,1.8682350000,2.3823530000,-0.3823530000,8.5000000000,338,0.1782700000,0.0000000000,0.0000000000,3.0759250000,1896,779,1117,0,0,0,0,0,0,0,0,1263,0,31.7599950000
MNQ DATABENTO,1,vwap_delta_rejection,2025-03-03T01:55:00Z,2025-03-03 01:55:00+00:00,2025-03-03 02:02:00+00:00,2025-03-02T20:55:00-05:00,overnight,overnight,2025-03-03,long,vwap_bull_rejection,20931.1346000000,20938.0000000000,20930.2500000000,20953.5000000000,20953.5000000000,target,1.8554840000,2.0322580000,-0.1612900000,7.7500000000,361,0.2853750000,0.0000000000,0.0000000000,2.2361680000,1265,452,813,0,0,0,0,0,0,0,0,580,0,28.7600020000
MNQ DATABENTO,1,vwap_delta_rejection,2025-03-03T02:36:00Z,2025-03-03 02:36:00+00:00,2025-03-03 02:48:00+00:00,2025-03-02T21:36:00-05:00,overnight,overnight,2025-03-03,long,vwap_bull_rejection,20932.5152000000,20942.7500000000,20932.2500000000,20963.7500000000,20932.2500000000,stop,-1.1066670000,0.5000000000,-1.0000000000,10.5000000000,283,0.3670560000,0.0000000000,0.0000000000,1.8018230000,771,244,527,0,0,0,0,0,0,0,0,398,0,-23.2400070000
MNQ DATABENTO,1,vwap_delta_rejection,2025-03-03T14:50:00Z,2025-03-03 14:50:00+00:00,2025-03-03 14:57:00+00:00,2025-03-03T09:50:00-05:00,rth_09_30_16_00,rth_open_09_30_11_00,2025-03-03,short,vwap_bear_rejection,20988.7877000000,20941.2500000000,20986.2500000000,20851.2500000000,20851.2500000000,target,1.9751110000,2.0944440000,-0.5055560000,45.0000000000,-2268,-0.1755960000,0.0000000000,0.0000000000,1.4424350000,12916,7592,5324,0,0,0,0,0,0,0,0,7122,0,177.7599900000
MNQ DATABENTO,1,vwap_delta_rejection,2025-03-03T15:31:00Z,2025-03-03 15:31:00+00:00,2025-03-03 15:32:00+00:00,2025-03-03T10:31:00-05:00,rth_09_30_16_00,rth_open_09_30_11_00,2025-03-03,long,vwap_bull_rejection,20950.9043000000,20971.0000000000,20952.2500000000,21008.5000000000,20952.2500000000,stop,-1.0597330000,0.3466670000,-1.3066670000,18.7500000000,1540,0.1317590000,0.0000000000,0.0000000000,1.6994180000,11688,5074,6614,0,0,0,0,0,0,0,0,6960,0,-39.7399875000
MNQ DATABENTO,1,vwap_delta_rejection,2025-03-03T17:46:00Z,2025-03-03 17:46:00+00:00,2025-03-03 17:55:00+00:00,2025-03-03T12:46:00-05:00,rth_09_30_16_00,rth_lunch_11_30_13_30,2025-03-03,short,vwap_bear_rejection,20938.6474000000,20918.2500000000,20939.5000000000,20875.7500000000,20875.7500000000,target,1.9472940000,2.4352940000,-0.1529410000,21.2500000000,-834,-0.2239530000,0.0000000000,0.0000000000,1.6014790000,3724,2279,1445,0,0,0,0,0,0,0,0,1992,0,82.7599950000
MNQ DATABENTO,1,vwap_delta_rejection,2025-03-04T00:08:00Z,2025-03-04 00:08:00+00:00,2025-03-04 00:09:00+00:00,2025-03-03T19:08:00-05:00,overnight,overnight,2025-03-04,long,vwap_bull_rejection,20521.2925000000,20524.5000000000,20522.2500000000,20529.0000000000,20522.2500000000,stop,-1.4977780000,1.3333330000,-3.8888890000,2.2500000000,152,0.1862750000,0.0000000000,0.0000000000,1.2828170000,816,332,484,0,0,0,0,0,0,0,0,436,0,-6.7400010000
MNQ DATABENTO,1,vwap_delta_rejection,2025-03-04T00:10:00Z,2025-03-04 00:10:00+00:00,2025-03-04 00:18:00+00:00,2025-03-03T19:10:00-05:00,overnight,overnight,2025-03-04,short,vwap_bear_rejection,20520.8630000000,20499.5000000000,20521.0000000000,20456.5000000000,20521.0000000000,stop,-1.0520930000,0.3139530000,-1.1162790000,21.5000000000,-385,-0.3232580000,0.0000000000,0.0000000000,1.8642870000,1191,788,403,0,0,0,0,0,0,0,0,681,0,-45.2399990000
MNQ DATABENTO,1,vwap_delta_rejection,2025-03-04T00:53:00Z,2025-03-04 00:53:00+00:00,2025-03-04 00:57:00+00:00,2025-03-03T19:53:00-05:00,overnight,overnight,2025-03-04,long,vwap_bull_rejection,20518.9227000000,20528.5000000000,20520.0000000000,20545.5000000000,20545.5000000000,target,1.8682350000,2.1470590000,-0.4117650000,8.5000000000,126,0.1012860000,0.0000000000,0.0000000000,1.8845630000,1244,559,685,0,0,0,0,0,0,0,0,801,0,31.7599950000
MNQ DATABENTO,1,vwap_delta_rejection,2025-03-04T01:19:00Z,2025-03-04 01:19:00+00:00,2025-03-04 01:21:00+00:00,2025-03-03T20:19:00-05:00,overnight,overnight,2025-03-04,short,vwap_bear_rejection,20522.6709000000,20514.7500000000,20521.5000000000,20501.2500000000,20501.2500000000,target,1.8340740000,2.8888890000,-0.1481480000,6.7500000000,-212,-0.2535890000,0.0000000000,0.0000000000,1.2308600000,836,524,312,0,0,0,0,0,0,0,0,493,0,24.7599990000
MNQ DATABENTO,1,vwap_delta_rejection,2025-03-04T17:22:00Z,2025-03-04 17:22:00+00:00,2025-03-04 17:42:00+00:00,2025-03-04T12:22:00-05:00,rth_09_30_16_00,rth_lunch_11_30_13_30,2025-03-04,long,vwap_bull_rejection,20322.4457000000,20369.7500000000,20326.5000000000,20456.2500000000,20368.2500000000,timeout,-0.0605780000,1.4566470000,-0.9017340000,43.2500000000,1244,0.2535670000,0.0000000000,0.0000000000,1.4806770000,4906,1831,3075,0,0,0,0,0,0,0,0,2862,0,-5.2399970000
MNQ DATABENTO,1,vwap_delta_rejection,2025-03-04T23:04:00Z,2025-03-04 23:04:00+00:00,2025-03-04 23:24:00+00:00,2025-03-04T18:04:00-05:00,overnight,overnight,2025-03-05,long,vwap_bull_rejection,20547.0793000000,20564.2500000000,20549.5000000000,20593.7500000000,20558.0000000000,timeout,-0.4996610000,0.8305080000,-0.7796610000,14.7500000000,140,0.2928870000,0.0000000000,0.0000000000,1.2207890000,478,169,309,0,0,0,0,0,0,0,0,358,0,-14.7399995000
MNQ DATABENTO,1,vwap_delta_rejection,2025-03-04T23:49:00Z,2025-03-04 23:49:00+00:00,2025-03-04 23:51:00+00:00,2025-03-04T18:49:00-05:00,overnight,overnight,2025-03-05,short,vwap_bear_rejection,20569.3638000000,20562.7500000000,20569.5000000000,20549.2500000000,20569.5000000000,stop,-1.1659260000,0.3333330000,-1.5555560000,6.7500000000,-116,-0.2213740000,0.0000000000,0.0000000000,1.2713820000,524,320,204,0,0,0,0,0,0,0,0,350,0,-15.7400010000
MNQ DATABENTO,1,vwap_delta_rejection,2025-03-05T00:15:00Z,2025-03-05 00:15:00+00:00,2025-03-05 00:16:00+00:00,2025-03-04T19:15:00-05:00,overnight,overnight,2025-03-05,short,vwap_bear_rejection,20570.8515000000,20566.2500000000,20570.0000000000,20558.7500000000,20558.7500000000,target,1.7013330000,2.6666670000,-0.8000000000,3.7500000000,-154,-0.2769780000,0.0000000000,0.0000000000,1.2273730000,556,355,201,0,0,0,0,0,0,0,0,320,0,12.7599975000
MNQ DATABENTO,1,vwap_delta_rejection,2025-03-05T00:16:00Z,2025-03-05 00:16:00+00:00,2025-03-05 00:23:00+00:00,2025-03-04T19:16:00-05:00,overnight,overnight,2025-03-05,short,vwap_bear_rejection,20570.6012000000,20556.2500000000,20569.5000000000,20529.7500000000,20529.7500000000,target,1.9154720000,2.0943400000,-0.3207550000,13.2500000000,-94,-0.1205130000,0.0000000000,0.0000000000,1.6691630000,780,437,343,0,0,0,0,0,0,0,0,505,0,50.7600080000
MNQ DATABENTO,1,vwap_delta_rejection,2025-03-05T03:39:00Z,2025-03-05 03:39:00+00:00,2025-03-05 03:41:00+00:00,2025-03-04T22:39:00-05:00,overnight,overnight,2025-03-05,short,vwap_bear_rejection,20519.2006000000,20507.0000000000,20518.0000000000,20485.0000000000,20518.0000000000,stop,-1.1018180000,0.3409090000,-1.0454550000,11.0000000000,-247,-0.2477430000,0.0000000000,0.0000000000,1.9713300000,997,622,375,0,0,0,0,0,0,0,0,612,0,-24.2399960000
MNQ DATABENTO,1,vwap_delta_rejection,2025-03-05T05:19:00Z,2025-03-05 05:19:00+00:00,2025-03-05 05:20:00+00:00,2025-03-05T00:19:00-05:00,overnight,overnight,2025-03-05,short,vwap_bear_rejection,20522.6878000000,20518.0000000000,20521.5000000000,20511.0000000000,20521.5000000000,stop,-1.3200000000,0.1428570000,-1.5000000000,3.5000000000,-96,-0.1912350000,0.0000000000,0.0000000000,1.6415960000,502,299,203,0,0,0,0,0,0,0,0,307,0,-9.2400000000
MNQ DATABENTO,1,vwap_delta_rejection,2025-03-05T06:31:00Z,2025-03-05 06:31:00+00:00,2025-03-05 06:32:00+00:00,2025-03-05T01:31:00-05:00,overnight,overnight,2025-03-05,long,vwap_bull_rejection,20524.0692000000,20527.5000000000,20523.7500000000,20535.0000000000,20523.7500000000,stop,-1.2986670000,0.0000000000,-1.1333330000,3.7500000000,74,0.1712960000,0.0000000000,0.0000000000,1.4333110000,432,179,253,0,0,0,0,0,0,0,0,289,0,-9.7400025000
MNQ DATABENTO,1,vwap_delta_rejection,2025-03-05T08:06:00Z,2025-03-05 08:06:00+00:00,2025-03-05 08:10:00+00:00,2025-03-05T03:06:00-05:00,overnight,overnight,2025-03-05,long,vwap_bull_rejection,20527.1729000000,20533.0000000000,20521.7500000000,20555.5000000000,20521.7500000000,stop,-1.0995560000,0.6000000000,-1.6888890000,11.2500000000,118,0.1031470000,0.0000000000,0.0000000000,1.9317800000,1144,513,631,0,0,0,0,0,0,0,0,588,0,-24.7400100000
MNQ DATABENTO,1,vwap_delta_rejection,2025-03-05T08:10:00Z,2025-03-05 08:10:00+00:00,2025-03-05 08:11:00+00:00,2025-03-05T03:10:00-05:00,overnight,overnight,2025-03-05,short,vwap_bear_rejection,20527.1893000000,20517.7500000000,20527.5000000000,20498.2500000000,20527.5000000000,stop,-1.1148720000,0.4871790000,-1.1794870000,9.7500000000,-268,-0.2384340000,0.0000000000,0.0000000000,1.6639530000,1124,696,428,0,0,0,0,0,0,0,0,669,0,-21.7400040000
MNQ DATABENTO,1,vwap_delta_rejection,2025-03-05T10:58:00Z,2025-03-05 10:58:00+00:00,2025-03-05 11:03:00+00:00,2025-03-05T05:58:00-05:00,overnight,overnight,2025-03-05,long,vwap_bull_rejection,20539.7991000000,20555.5000000000,20539.0000000000,20588.5000000000,20539.0000000000,stop,-1.0678790000,0.0909090000,-1.0909090000,16.5000000000,101,0.1164940000,0.0000000000,0.0000000000,1.6118240000,867,383,484,0,0,0,0,0,0,0,0,498,0,-35.2400070000
MNQ DATABENTO,1,vwap_delta_rejection,2025-03-05T11:09:00Z,2025-03-05 11:09:00+00:00,2025-03-05 11:10:00+00:00,2025-03-05T06:09:00-05:00,overnight,overnight,2025-03-05,short,vwap_bear_rejection,20539.8477000000,20535.0000000000,20540.5000000000,20524.0000000000,20540.5000000000,stop,-1.2036360000,0.1363640000,-1.6363640000,5.5000000000,-145,-0.1346330000,0.0000000000,0.0000000000,2.0841800000,1077,611,466,0,0,0,0,0,0,0,0,609,0,-13.2399960000
MNQ DATABENTO,1,vwap_delta_rejection,2025-03-05T11:44:00Z,2025-03-05 11:44:00+00:00,2025-03-05 11:52:00+00:00,2025-03-05T06:44:00-05:00,overnight,overnight,2025-03-05,long,vwap_bull_rejection,20539.9044000000,20551.7500000000,20539.5000000000,20576.2500000000,20539.5000000000,stop,-1.0914290000,0.4897960000,-1.8979590000,12.2500000000,116,0.2416670000,0.0000000000,0.0000000000,1.2121210000,480,182,298,0,0,0,0,0,0,0,0,293,0,-26.7400105000
MNQ DATABENTO,1,vwap_delta_rejection,2025-03-05T17:23:00Z,2025-03-05 17:23:00+00:00,2025-03-05 17:43:00+00:00,2025-03-05T12:23:00-05:00,rth_09_30_16_00,rth_lunch_11_30_13_30,2025-03-05,long,vwap_bull_rejection,20418.7073000000,20453.2500000000,20423.5000000000,20512.7500000000,20507.5000000000,timeout,1.7858820000,1.9747900000,-0.6722690000,29.7500000000,847,0.1944000000,0.0000000000,0.0000000000,1.2379070000,4357,1755,2602,0,0,0,0,0,0,0,0,2437,0,106.2599790000
MNQ DATABENTO,1,vwap_delta_rejection,2025-03-05T23:11:00Z,2025-03-05 23:11:00+00:00,2025-03-05 23:23:00+00:00,2025-03-05T18:11:00-05:00,overnight,overnight,2025-03-06,long,vwap_bull_rejection,20622.0894000000,20629.7500000000,20622.2500000000,20644.7500000000,20622.2500000000,stop,-1.1493330000,1.8333330000,-1.5666670000,7.5000000000,57,0.1151520000,0.0000000000,0.0000000000,1.7013230000,495,219,276,0,0,0,0,0,0,0,0,295,0,-17.2399950000
MNQ DATABENTO,1,vwap_delta_rejection,2025-03-06T02:18:00Z,2025-03-06 02:18:00+00:00,2025-03-06 02:23:00+00:00,2025-03-05T21:18:00-05:00,overnight,overnight,2025-03-06,short,vwap_bear_rejection,20612.3085000000,20608.5000000000,20613.7500000000,20598.0000000000,20598.0000000000,target,1.7866670000,3.3333330000,-0.2380950000,5.2500000000,-170,-0.4644810000,0.0000000000,0.0000000000,1.2969530000,366,268,98,0,0,0,0,0,0,0,0,220,0,18.7600035000
MNQ DATABENTO,1,vwap_delta_rejection,2025-03-06T05:51:00Z,2025-03-06 05:51:00+00:00,2025-03-06 05:52:00+00:00,2025-03-06T00:51:00-05:00,overnight,overnight,2025-03-06,short,vwap_bear_rejection,20615.1608000000,20610.5000000000,20615.0000000000,20601.5000000000,20615.0000000000,stop,-1.2488890000,0.1111110000,-1.1666670000,4.5000000000,-49,-0.1372550000,0.0000000000,0.0000000000,1.3991770000,357,203,154,0,0,0,0,0,0,0,0,216,0,-11.2400010000
MNQ DATABENTO,1,vwap_delta_rejection,2025-03-06T06:01:00Z,2025-03-06 06:01:00+00:00,2025-03-06 06:08:00+00:00,2025-03-06T01:01:00-05:00,overnight,overnight,2025-03-06,short,vwap_bear_rejection,20615.0850000000,20608.7500000000,20614.0000000000,20598.2500000000,20598.2500000000,target,1.7866670000,2.1904760000,-0.6666670000,5.2500000000,-241,-0.2566560000,0.0000000000,0.0000000000,3.4133040000,939,590,349,0,0,0,0,0,0,0,0,532,0,18.7600035000
MNQ DATABENTO,1,vwap_delta_rejection,2025-03-06T07:21:00Z,2025-03-06 07:21:00+00:00,2025-03-06 07:28:00+00:00,2025-03-06T02:21:00-05:00,overnight,overnight,2025-03-06,long,vwap_bull_rejection,20616.6324000000,20624.5000000000,20617.2500000000,20639.0000000000,20617.2500000000,stop,-1.1544830000,1.5517240000,-1.1034480000,7.2500000000,140,0.2892560000,0.0000000000,0.0000000000,1.5658360000,484,172,312,0,0,0,0,0,0,0,0,303,0,-16.7400035000
MNQ DATABENTO,1,vwap_delta_rejection,2025-03-07T02:13:00Z,2025-03-07 02:13:00+00:00,2025-03-07 02:17:00+00:00,2025-03-06T21:13:00-05:00,overnight,overnight,2025-03-07,long,vwap_bull_rejection,20188.0920000000,20195.2500000000,20187.5000000000,20210.7500000000,20210.7500000000,target,1.8554840000,2.8064520000,-0.0322580000,7.7500000000,88,0.1629630000,0.0000000000,0.0000000000,2.0861500000,540,226,314,0,0,0,0,0,0,0,0,303,0,28.7600020000
MNQ DATABENTO,1,vwap_delta_rejection,2025-03-07T03:12:00Z,2025-03-07 03:12:00+00:00,2025-03-07 03:22:00+00:00,2025-03-06T22:12:00-05:00,overnight,overnight,2025-03-07,short,vwap_bear_rejection,20189.2195000000,20183.2500000000,20190.7500000000,20168.2500000000,20168.2500000000,target,1.8506670000,2.6666670000,-0.2666670000,7.5000000000,-39,-0.1797240000,0.0000000000,0.0000000000,1.4588240000,217,128,89,0,0,0,0,0,0,0,0,135,0,27.7600050000
MNQ DATABENTO,1,vwap_delta_rejection,2025-03-07T10:53:00Z,2025-03-07 10:53:00+00:00,2025-03-07 10:54:00+00:00,2025-03-07T05:53:00-05:00,overnight,overnight,2025-03-07,short,vwap_bear_rejection,20177.3547000000,20171.7500000000,20176.7500000000,20161.7500000000,20176.7500000000,stop,-1.2240000000,0.2000000000,-1.5500000000,5.0000000000,-94,-0.2526880000,0.0000000000,0.0000000000,1.4514240000,372,233,139,0,0,0,0,0,0,0,0,197,0,-12.2400000000
MNQ DATABENTO,1,vwap_delta_rejection,2025-03-07T10:57:00Z,2025-03-07 10:57:00+00:00,2025-03-07 10:58:00+00:00,2025-03-07T05:57:00-05:00,overnight,overnight,2025-03-07,short,vwap_bear_rejection,20177.3491000000,20173.7500000000,20177.7500000000,20165.7500000000,20165.7500000000,target,1.7200000000,2.0625000000,-0.7500000000,4.0000000000,-70,-0.1776650000,0.0000000000,0.0000000000,1.6413250000,394,232,162,0,0,0,0,0,0,0,0,221,0,13.7600000000
MNQ DATABENTO,1,vwap_delta_rejection,2025-03-07T10:58:00Z,2025-03-07 10:58:00+00:00,2025-03-07 11:00:00+00:00,2025-03-07T05:58:00-05:00,overnight,overnight,2025-03-07,short,vwap_bear_rejection,20177.3378000000,20166.2500000000,20177.0000000000,20144.7500000000,20177.0000000000,stop,-1.1041860000,0.1162790000,-1.1627910000,10.7500000000,-84,-0.2245990000,0.0000000000,0.0000000000,1.5197070000,374,229,145,0,0,0,0,0,0,0,0,224,0,-23.7399990000
MNQ DATABENTO,1,vwap_delta_rejection,2025-03-07T11:06:00Z,2025-03-07 11:06:00+00:00,2025-03-07 11:07:00+00:00,2025-03-07T06:06:00-05:00,overnight,overnight,2025-03-07,long,vwap_bull_rejection,20177.2073000000,20184.5000000000,20178.5000000000,20196.5000000000,20178.5000000000,stop,-1.1866670000,0.0833330000,-1.2916670000,6.0000000000,118,0.1761190000,0.0000000000,0.0000000000,1.7148710000,670,276,394,0,0,0,0,0,0,0,0,389,0,-14.2400040000
MNQ DATABENTO,1,vwap_delta_rejection,2025-03-07T11:33:00Z,2025-03-07 11:33:00+00:00,2025-03-07 11:50:00+00:00,2025-03-07T06:33:00-05:00,overnight,overnight,2025-03-07,long,vwap_bull_rejection,20177.1817000000,20185.5000000000,20176.7500000000,20203.0000000000,20176.7500000000,stop,-1.1280000000,1.8571430000,-1.1142860000,8.7500000000,68,0.1789470000,0.0000000000,0.0000000000,1.6510970000,380,156,224,0,0,0,0,0,0,0,0,224,0,-19.7400000000
MNQ DATABENTO,1,vwap_delta_rejection,2025-03-07T11:51:00Z,2025-03-07 11:51:00+00:00,2025-03-07 11:52:00+00:00,2025-03-07T06:51:00-05:00,overnight,overnight,2025-03-07,short,vwap_bear_rejection,20177.4506000000,20175.7500000000,20178.0000000000,20171.2500000000,20178.0000000000,stop,-1.4977780000,0.8888890000,-1.1111110000,2.2500000000,-138,-0.1751270000,0.0000000000,0.0000000000,2.1592000000,788,463,325,0,0,0,0,0,0,0,0,466,0,-6.7400010000
MNQ DATABENTO,1,vwap_delta_rejection,2025-03-07T13:37:00Z,2025-03-07 13:37:00+00:00,2025-03-07 13:40:00+00:00,2025-03-07T08:37:00-05:00,overnight,overnight,2025-03-07,long,vwap_bull_rejection,20170.6870000000,20205.5000000000,20165.7500000000,20285.0000000000,20165.7500000000,stop,-1.0281760000,0.2893080000,-1.4465410000,39.7500000000,477,0.1056010000,0.0000000000,0.0000000000,1.7735980000,4517,2020,2497,0,0,0,0,0,0,0,0,2762,0,-81.7399920000
MNQ DATABENTO,1,vwap_delta_rejection,2025-03-07T17:48:00Z,2025-03-07 17:48:00+00:00,2025-03-07 17:53:00+00:00,2025-03-07T12:48:00-05:00,rth_09_30_16_00,rth_lunch_11_30_13_30,2025-03-07,short,vwap_bear_rejection,20037.9668000000,20000.2500000000,20031.5000000000,19937.7500000000,20031.5000000000,stop,-1.0358400000,0.4880000000,-1.1520000000,31.2500000000,-873,-0.1390350000,0.0000000000,0.0000000000,1.2029770000,6279,3576,2703,0,0,0,0,0,0,0,0,3354,0,-64.7400000000
MNQ DATABENTO,1,vwap_delta_rejection,2025-03-09T22:08:00Z,2025-03-09 22:08:00+00:00,2025-03-09 22:10:00+00:00,2025-03-09T18:08:00-04:00,overnight,overnight,2025-03-10,short,vwap_bear_rejection,20095.5849000000,20080.0000000000,20098.7500000000,20042.5000000000,20042.5000000000,target,1.9402670000,2.4133330000,-0.2533330000,18.7500000000,-117,-0.1683450000,0.0000000000,0.0000000000,1.3006460000,695,406,289,0,0,0,0,0,0,0,0,447,0,72.7600125000
MNQ DATABENTO,1,vwap_delta_rejection,2025-03-09T22:28:00Z,2025-03-09 22:28:00+00:00,2025-03-09 22:31:00+00:00,2025-03-09T18:28:00-04:00,overnight,overnight,2025-03-10,short,vwap_bear_rejection,20055.0552000000,20034.5000000000,20058.7500000000,19986.0000000000,20058.7500000000,stop,-1.0461860000,0.2061860000,-1.2268040000,24.2500000000,-244,-0.1706290000,0.0000000000,0.0000000000,1.4066500000,1430,837,593,0,0,0,0,0,0,0,0,878,0,-50.7400210000
MNQ DATABENTO,1,vwap_delta_rejection,2025-03-10T22:27:00Z,2025-03-10 22:27:00+00:00,2025-03-10 22:36:00+00:00,2025-03-10T18:27:00-04:00,overnight,overnight,2025-03-11,long,vwap_bull_rejection,19412.2849000000,19427.2500000000,19413.0000000000,19455.7500000000,19413.0000000000,stop,-1.0785960000,0.4736840000,-1.4561400000,14.2500000000,285,0.2775070000,0.0000000000,0.0000000000,1.3735460000,1027,371,656,0,0,0,0,0,0,0,0,539,0,-30.7399860000
MNQ DATABENTO,1,vwap_delta_rejection,2025-03-11T13:37:00Z,2025-03-11 13:37:00+00:00,2025-03-11 13:57:00+00:00,2025-03-11T09:37:00-04:00,rth_09_30_16_00,rth_open_09_30_11_00,2025-03-11,long,vwap_bull_rejection,19420.8453000000,19485.2500000000,19421.7500000000,19612.2500000000,19522.7500000000,timeout,0.5729130000,1.7913390000,-0.1023620000,63.5000000000,1791,0.1422900000,0.0000000000,0.0000000000,3.0850870000,12587,5398,7189,0,0,0,0,0,0,0,0,7434,0,72.7599510000
MNQ DATABENTO,1,vwap_delta_rejection,2025-03-11T22:11:00Z,2025-03-11 22:11:00+00:00,2025-03-11 22:26:00+00:00,2025-03-11T18:11:00-04:00,overnight,overnight,2025-03-12,long,vwap_bull_rejection,19423.8629000000,19443.5000000000,19424.5000000000,19481.5000000000,19424.5000000000,stop,-1.0589470000,0.4078950000,-1.1315790000,19.0000000000,230,0.3402370000,0.0000000000,0.0000000000,1.6409760000,676,223,453,0,0,0,0,0,0,0,0,347,0,-40.2399860000
MNQ DATABENTO,1,vwap_delta_rejection,2025-03-11T22:27:00Z,2025-03-11 22:27:00+00:00,2025-03-11 22:29:00+00:00,2025-03-11T18:27:00-04:00,overnight,overnight,2025-03-12,short,vwap_bear_rejection,19430.8630000000,19419.2500000000,19429.5000000000,19398.7500000000,19429.5000000000,stop,-1.1092680000,0.2439020000,-1.4146340000,10.2500000000,-104,-0.2071710000,0.0000000000,0.0000000000,1.4310150000,502,303,199,0,0,0,0,0,0,0,0,314,0,-22.7399940000
MNQ DATABENTO,1,vwap_delta_rejection,2025-03-11T23:26:00Z,2025-03-11 23:26:00+00:00,2025-03-11 23:27:00+00:00,2025-03-11T19:26:00-04:00,overnight,overnight,2025-03-12,short,vwap_bear_rejection,19447.3998000000,19444.0000000000,19446.0000000000,19440.0000000000,19440.0000000000,target,1.4400000000,3.7500000000,-0.3750000000,2.0000000000,-88,-0.1405750000,0.0000000000,0.0000000000,1.5814070000,626,357,269,0,0,0,0,0,0,0,0,412,0,5.7600000000
MNQ DATABENTO,1,vwap_delta_rejection,2025-03-11T23:46:00Z,2025-03-11 23:46:00+00:00,2025-03-11 23:55:00+00:00,2025-03-11T19:46:00-04:00,overnight,overnight,2025-03-12,long,vwap_bull_rejection,19446.0637000000,19454.7500000000,19444.5000000000,19475.2500000000,19475.2500000000,target,1.8907320000,2.2682930000,-0.7804880000,10.2500000000,92,0.2035400000,0.0000000000,0.0000000000,1.2390350000,452,180,272,0,0,0,0,0,0,0,0,304,0,38.7600060000
MNQ DATABENTO,1,vwap_delta_rejection,2025-03-12T00:41:00Z,2025-03-12 00:41:00+00:00,2025-03-12 00:43:00+00:00,2025-03-11T20:41:00-04:00,overnight,overnight,2025-03-12,short,vwap_bear_rejection,19456.1044000000,19450.7500000000,19454.5000000000,19443.2500000000,19443.2500000000,target,1.7013330000,2.8666670000,-0.4666670000,3.7500000000,-115,-0.1209250000,0.0000000000,0.0000000000,2.2762090000,951,533,418,0,0,0,0,0,0,0,0,576,0,12.7599975000
MNQ DATABENTO,1,vwap_delta_rejection,2025-03-12T01:16:00Z,2025-03-12 01:16:00+00:00,2025-03-12 01:18:00+00:00,2025-03-11T21:16:00-04:00,overnight,overnight,2025-03-12,long,vwap_bull_rejection,19456.5346000000,19463.0000000000,19456.2500000000,19476.5000000000,19456.2500000000,stop,-1.1659260000,0.4444440000,-1.2962960000,6.7500000000,96,0.1875000000,0.0000000000,0.0000000000,1.5094340000,512,208,304,0,0,0,0,0,0,0,0,322,0,-15.7400010000
MNQ DATABENTO,1,vwap_delta_rejection,2025-03-12T01:23:00Z,2025-03-12 01:23:00+00:00,2025-03-12 01:28:00+00:00,2025-03-11T21:23:00-04:00,overnight,overnight,2025-03-12,long,vwap_bull_rejection,19456.5698000000,19464.5000000000,19455.2500000000,19483.0000000000,19455.2500000000,stop,-1.1210810000,0.6216220000,-1.7837840000,9.2500000000,97,0.2431080000,0.0000000000,0.0000000000,1.3491120000,399,151,248,0,0,0,0,0,0,0,0,262,0,-20.7399985000
MNQ DATABENTO,1,vwap_delta_rejection,2025-03-12T01:37:00Z,2025-03-12 01:37:00+00:00,2025-03-12 01:49:00+00:00,2025-03-11T21:37:00-04:00,overnight,overnight,2025-03-12,long,vwap_bull_rejection,19456.5091000000,19464.7500000000,19456.7500000000,19480.7500000000,19480.7500000000,target,1.8600000000,2.1875000000,-0.3125000000,8.0000000000,150,0.2669040000,0.0000000000,0.0000000000,1.5418380000,562,206,356,0,0,0,0,0,0,0,0,376,0,29.7600000000
MNQ DATABENTO,1,vwap_delta_rejection,2025-03-12T02:45:00Z,2025-03-12 02:45:00+00:00,2025-03-12 02:55:00+00:00,2025-03-11T22:45:00-04:00,overnight,overnight,2025-03-12,long,vwap_bull_rejection,19459.5762000000,19466.0000000000,19457.0000000000,19484.0000000000,19457.0000000000,stop,-1.1244440000,0.3333330000,-1.1944440000,9.0000000000,73,0.2597860000,0.0000000000,0.0000000000,1.3448190000,281,104,177,0,0,0,0,0,0,0,0,177,0,-20.2399920000
MNQ DATABENTO,1,vwap_delta_rejection,2025-03-12T03:15:00Z,2025-03-12 03:15:00+00:00,2025-03-12 03:17:00+00:00,2025-03-11T23:15:00-04:00,overnight,overnight,2025-03-12,long,vwap_bull_rejection,19459.6765000000,19461.7500000000,19457.7500000000,19469.7500000000,19457.7500000000,stop,-1.2800000000,0.3750000000,-1.6250000000,4.0000000000,102,0.3923080000,0.0000000000,0.0000000000,1.2642840000,260,79,181,0,0,0,0,0,0,0,0,128,0,-10.2400000000
MNQ DATABENTO,1,vwap_delta_rejection,2025-03-12T04:55:00Z,2025-03-12 04:55:00+00:00,2025-03-12 04:57:00+00:00,2025-03-12T00:55:00-04:00,overnight,overnight,2025-03-12,short,vwap_bear_rejection,19458.7656000000,19456.5000000000,19459.7500000000,19450.0000000000,19459.7500000000,stop,-1.3446150000,0.0000000000,-1.7692310000,3.2500000000,-54,-0.3068180000,0.0000000000,0.0000000000,1.3258000000,176,115,61,0,0,0,0,0,0,0,0,95,0,-8.7399975000
MNQ DATABENTO,1,vwap_delta_rejection,2025-03-12T05:16:00Z,2025-03-12 05:16:00+00:00,2025-03-12 05:26:00+00:00,2025-03-12T01:16:00-04:00,overnight,overnight,2025-03-12,short,vwap_bear_rejection,19458.6596000000,19452.7500000000,19458.5000000000,19441.2500000000,19458.5000000000,stop,-1.1947830000,0.8260870000,-1.0869570000,5.7500000000,-53,-0.2560390000,0.0000000000,0.0000000000,1.2354520000,207,130,77,0,0,0,0,0,0,0,0,124,0,-13.7400045000
MNQ DATABENTO,1,vwap_delta_rejection,2025-03-12T15:47:00Z,2025-03-12 15:47:00+00:00,2025-03-12 15:52:00+00:00,2025-03-12T11:47:00-04:00,rth_09_30_16_00,rth_lunch_11_30_13_30,2025-03-12,long,vwap_bull_rejection,19584.2877000000,19601.0000000000,19588.0000000000,19627.0000000000,19627.0000000000,target,1.9138460000,2.1538460000,-0.8846150000,13.0000000000,1136,0.1528530000,0.0000000000,0.0000000000,1.6213090000,7432,3148,4284,0,0,0,0,0,0,0,0,3662,0,49.7599960000
MNQ DATABENTO,1,vwap_delta_rejection,2025-03-12T15:59:00Z,2025-03-12 15:59:00+00:00,2025-03-12 16:05:00+00:00,2025-03-12T11:59:00-04:00,rth_09_30_16_00,rth_lunch_11_30_13_30,2025-03-12,long,vwap_bull_rejection,19585.0506000000,19619.7500000000,19586.7500000000,19685.7500000000,19586.7500000000,stop,-1.0339390000,0.5606060000,-1.0151520000,33.0000000000,1150,0.1739790000,0.0000000000,0.0000000000,1.4859780000,6610,2730,3880,0,0,0,0,0,0,0,0,3628,0,-68.2399740000
MNQ DATABENTO,1,vwap_delta_rejection,2025-03-12T22:11:00Z,2025-03-12 22:11:00+00:00,2025-03-12 22:14:00+00:00,2025-03-12T18:11:00-04:00,overnight,overnight,2025-03-13,long,vwap_bull_rejection,19584.1696000000,19587.5000000000,19580.7500000000,19601.0000000000,19601.0000000000,target,1.8340740000,2.9629630000,-0.1481480000,6.7500000000,90,0.1982380000,0.0000000000,0.0000000000,1.5255380000,454,182,272,0,0,0,0,0,0,0,0,237,0,24.7599990000
MNQ DATABENTO,1,vwap_delta_rejection,2025-03-12T22:56:00Z,2025-03-12 22:56:00+00:00,2025-03-12 23:02:00+00:00,2025-03-12T18:56:00-04:00,overnight,overnight,2025-03-13,long,vwap_bull_rejection,19610.1638000000,19620.5000000000,19611.2500000000,19639.0000000000,19639.0000000000,target,1.8789190000,2.4324320000,-0.3783780000,9.2500000000,113,0.2329900000,0.0000000000,0.0000000000,1.5261170000,485,186,299,0,0,0,0,0,0,0,0,297,0,34.7600015000
MNQ DATABENTO,1,vwap_delta_rejection,2025-03-13T00:54:00Z,2025-03-13 00:54:00+00:00,2025-03-13 01:00:00+00:00,2025-03-12T20:54:00-04:00,overnight,overnight,2025-03-13,long,vwap_bull_rejection,19645.8049000000,19657.2500000000,19645.0000000000,19681.7500000000,19645.0000000000,stop,-1.0914290000,0.7755100000,-1.2857140000,12.2500000000,119,0.2433540000,0.0000000000,0.0000000000,1.4720050000,489,185,304,0,0,0,0,0,0,0,0,322,0,-26.7400105000
MNQ DATABENTO,1,vwap_delta_rejection,2025-03-13T01:04:00Z,2025-03-13 01:04:00+00:00,2025-03-13 01:20:00+00:00,2025-03-12T21:04:00-04:00,overnight,overnight,2025-03-13,short,vwap_bear_rejection,19646.1320000000,19635.7500000000,19648.5000000000,19610.2500000000,19648.5000000000,stop,-1.0878430000,0.7254900000,-1.2549020000,12.7500000000,-254,-0.1870400000,0.0000000000,0.0000000000,3.2020750000,1358,806,552,0,0,0,0,0,0,0,0,782,0,-27.7399965000
MNQ DATABENTO,1,vwap_delta_rejection,2025-03-13T01:31:00Z,2025-03-13 01:31:00+00:00,2025-03-13 01:51:00+00:00,2025-03-12T21:31:00-04:00,overnight,overnight,2025-03-13,short,vwap_bear_rejection,19645.1526000000,19622.2500000000,19645.2500000000,19576.2500000000,19621.2500000000,timeout,-0.0052170000,0.6630430000,-0.4130430000,23.0000000000,-556,-0.3532400000,0.0000000000,0.0000000000,5.3564740000,1574,1065,509,0,0,0,0,0,0,0,0,873,0,-0.2399820000
MNQ DATABENTO,1,vwap_delta_rejection,2025-03-13T11:27:00Z,2025-03-13 11:27:00+00:00,2025-03-13 11:30:00+00:00,2025-03-13T07:27:00-04:00,overnight,overnight,2025-03-13,short,vwap_bear_rejection,19539.0059000000,19528.0000000000,19538.2500000000,19507.5000000000,19538.2500000000,stop,-1.1092680000,0.6585370000,-1.4390240000,10.2500000000,-208,-0.1771720000,0.0000000000,0.0000000000,1.4509050000,1174,691,483,0,0,0,0,0,0,0,0,648,0,-22.7399940000
MNQ DATABENTO,1,vwap_delta_rejection,2025-03-13T11:31:00Z,2025-03-13 11:31:00+00:00,2025-03-13 11:36:00+00:00,2025-03-13T07:31:00-04:00,overnight,overnight,2025-03-13,long,vwap_bull_rejection,19538.9757000000,19550.2500000000,19537.2500000000,19576.2500000000,19537.2500000000,stop,-1.0861540000,0.6538460000,-1.0961540000,13.0000000000,229,0.1339960000,0.0000000000,0.0000000000,1.9541480000,1709,740,969,0,0,0,0,0,0,0,0,901,0,-28.2400040000
MNQ DATABENTO,1,vwap_delta_rejection,2025-03-13T13:00:00Z,2025-03-13 13:00:00+00:00,2025-03-13 13:09:00+00:00,2025-03-13T09:00:00-04:00,overnight,overnight,2025-03-13,long,vwap_bull_rejection,19537.1676000000,19555.7500000000,19539.7500000000,19587.7500000000,19587.7500000000,target,1.9300000000,2.0625000000,-0.0781250000,16.0000000000,231,0.1149830000,0.0000000000,0.0000000000,1.3280450000,2009,889,1120,0,0,0,0,0,0,0,0,1118,0,61.7600000000
MNQ DATABENTO,1,vwap_delta_rejection,2025-03-13T13:44:00Z,2025-03-13 13:44:00+00:00,2025-03-13 13:46:00+00:00,2025-03-13T09:44:00-04:00,rth_09_30_16_00,rth_open_09_30_11_00,2025-03-13,short,vwap_bear_rejection,19539.0400000000,19508.2500000000,19533.2500000000,19458.2500000000,19458.2500000000,target,1.9552000000,2.0200000000,-0.1000000000,25.0000000000,-1068,-0.1056380000,0.0000000000,0.0000000000,1.4987440000,10110,5589,4521,0,0,0,0,0,0,0,0,6017,0,97.7600000000
MNQ DATABENTO,1,vwap_delta_rejection,2025-03-13T23:41:00Z,2025-03-13 23:41:00+00:00,2025-03-14 00:01:00+00:00,2025-03-13T19:41:00-04:00,overnight,overnight,2025-03-14,long,vwap_bull_rejection,19353.5593000000,19364.0000000000,19352.5000000000,19387.0000000000,19352.5000000000,stop,-1.0973910000,1.2391300000,-2.0000000000,11.5000000000,126,0.1847510000,0.0000000000,0.0000000000,2.0318780000,682,278,404,0,0,0,0,0,0,0,0,400,0,-25.2399930000
MNQ DATABENTO,1,vwap_delta_rejection,2025-03-14T07:02:00Z,2025-03-14 07:02:00+00:00,2025-03-14 07:03:00+00:00,2025-03-14T03:02:00-04:00,overnight,overnight,2025-03-14,long,vwap_bull_rejection,19398.4857000000,19411.2500000000,19397.7500000000,19438.2500000000,19397.7500000000,stop,-1.0829630000,0.0185190000,-1.1296300000,13.5000000000,75,0.1243780000,0.0000000000,0.0000000000,1.9401540000,603,264,339,0,0,0,0,0,0,0,0,360,0,-29.2400010000
MNQ DATABENTO,1,vwap_delta_rejection,2025-03-14T08:05:00Z,2025-03-14 08:05:00+00:00,2025-03-14 08:09:00+00:00,2025-03-14T04:05:00-04:00,overnight,overnight,2025-03-14,short,vwap_bear_rejection,19397.6655000000,19390.2500000000,19401.7500000000,19367.2500000000,19401.7500000000,stop,-1.0973910000,0.2608700000,-1.1521740000,11.5000000000,-81,-0.1114170000,0.0000000000,0.0000000000,1.2252460000,727,404,323,0,0,0,0,0,0,0,0,458,0,-25.2399930000
MNQ DATABENTO,1,vwap_delta_rejection,2025-03-14T10:40:00Z,2025-03-14 10:40:00+00:00,2025-03-14 10:49:00+00:00,2025-03-14T06:40:00-04:00,overnight,overnight,2025-03-14,long,vwap_bull_rejection,19406.2300000000,19419.7500000000,19406.7500000000,19445.7500000000,19445.7500000000,target,1.9138460000,2.0384620000,-0.6538460000,13.0000000000,219,0.1823480000,0.0000000000,0.0000000000,2.2926410000,1201,491,710,0,0,0,0,0,0,0,0,701,0,49.7599960000
MNQ DATABENTO,1,vwap_delta_rejection,2025-03-16T22:07:00Z,2025-03-16 22:07:00+00:00,2025-03-16 22:08:00+00:00,2025-03-16T18:07:00-04:00,overnight,overnight,2025-03-17,short,vwap_bear_rejection,19662.9428000000,19653.7500000000,19661.2500000000,19638.7500000000,19638.7500000000,target,1.8506670000,3.7333330000,0.0000000000,7.5000000000,-102,-0.1954020000,0.0000000000,0.0000000000,1.4745760000,522,312,210,0,0,0,0,0,0,0,0,321,0,27.7600050000
MNQ DATABENTO,1,vwap_delta_rejection,2025-03-17T01:01:00Z,2025-03-17 01:01:00+00:00,2025-03-17 01:06:00+00:00,2025-03-16T21:01:00-04:00,overnight,overnight,2025-03-17,long,vwap_bull_rejection,19598.8657000000,19609.0000000000,19599.0000000000,19629.0000000000,19599.0000000000,stop,-1.1120000000,1.0750000000,-1.0250000000,10.0000000000,57,0.1247260000,0.0000000000,0.0000000000,1.5707170000,457,200,257,0,0,0,0,0,0,0,0,316,0,-22.2400000000
MNQ DATABENTO,1,vwap_delta_rejection,2025-03-17T02:04:00Z,2025-03-17 02:04:00+00:00,2025-03-17 02:08:00+00:00,2025-03-16T22:04:00-04:00,overnight,overnight,2025-03-17,short,vwap_bear_rejection,19600.9591000000,19596.7500000000,19601.2500000000,19587.7500000000,19601.2500000000,stop,-1.2488890000,1.1111110000,-1.4444440000,4.5000000000,-114,-0.2500000000,0.0000000000,0.0000000000,2.1038060000,456,285,171,0,0,0,0,0,0,0,0,324,0,-11.2400010000
MNQ DATABENTO,1,vwap_delta_rejection,2025-03-17T02:10:00Z,2025-03-17 02:10:00+00:00,2025-03-17 02:11:00+00:00,2025-03-16T22:10:00-04:00,overnight,overnight,2025-03-17,long,vwap_bull_rejection,19600.9330000000,19603.5000000000,19600.5000000000,19609.5000000000,19600.5000000000,stop,-1.3733330000,0.2500000000,-3.4166670000,3.0000000000,136,0.3434340000,0.0000000000,0.0000000000,1.5767470000,396,130,266,0,0,0,0,0,0,0,0,247,0,-8.2399980000
MNQ DATABENTO,1,vwap_delta_rejection,2025-03-17T02:18:00Z,2025-03-17 02:18:00+00:00,2025-03-17 02:27:00+00:00,2025-03-16T22:18:00-04:00,overnight,overnight,2025-03-17,long,vwap_bull_rejection,19600.9051000000,19607.7500000000,19601.5000000000,19620.2500000000,19601.5000000000,stop,-1.1792000000,0.4000000000,-1.1200000000,6.2500000000,111,0.2883120000,0.0000000000,0.0000000000,1.5050820000,385,137,248,0,0,0,0,0,0,0,0,277,0,-14.7400000000
MNQ DATABENTO,1,vwap_delta_rejection,2025-03-17T03:04:00Z,2025-03-17 03:04:00+00:00,2025-03-17 03:06:00+00:00,2025-03-16T23:04:00-04:00,overnight,overnight,2025-03-17,short,vwap_bear_rejection,19601.1294000000,19596.5000000000,19601.5000000000,19586.5000000000,19586.5000000000,target,1.7760000000,2.0500000000,-0.3000000000,5.0000000000,-158,-0.5724640000,0.0000000000,0.0000000000,2.3875430000,276,217,59,0,0,0,0,0,0,0,0,163,0,17.7600000000
MNQ DATABENTO,1,vwap_delta_rejection,2025-03-17T03:31:00Z,2025-03-17 03:31:00+00:00,2025-03-17 03:47:00+00:00,2025-03-16T23:31:00-04:00,overnight,overnight,2025-03-17,short,vwap_bear_rejection,19600.8943000000,19590.7500000000,19600.7500000000,19570.7500000000,19600.7500000000,stop,-1.1120000000,0.2000000000,-1.0000000000,10.0000000000,-60,-0.2142860000,0.0000000000,0.0000000000,1.8012220000,280,170,110,0,0,0,0,0,0,0,0,180,0,-22.2400000000
MNQ DATABENTO,1,vwap_delta_rejection,2025-03-17T03:51:00Z,2025-03-17 03:51:00+00:00,2025-03-17 04:07:00+00:00,2025-03-16T23:51:00-04:00,overnight,overnight,2025-03-17,short,vwap_bear_rejection,19600.7737000000,19593.0000000000,19602.0000000000,19575.0000000000,19602.0000000000,stop,-1.1244440000,1.0000000000,-1.5833330000,9.0000000000,-92,-0.3622050000,0.0000000000,0.0000000000,2.4098670000,254,173,81,0,0,0,0,0,0,0,0,162,0,-20.2399920000
MNQ DATABENTO,1,vwap_delta_rejection,2025-03-17T08:23:00Z,2025-03-17 08:23:00+00:00,2025-03-17 08:28:00+00:00,2025-03-17T04:23:00-04:00,overnight,overnight,2025-03-17,long,vwap_bull_rejection,19595.9286000000,19604.5000000000,19598.0000000000,19617.5000000000,19617.5000000000,target,1.8276920000,2.0000000000,-0.6923080000,6.5000000000,74,0.1401520000,0.0000000000,0.0000000000,1.3283020000,528,227,301,0,0,0,0,0,0,0,0,364,0,23.7599960000
MNQ DATABENTO,1,vwap_delta_rejection,2025-03-17T14:39:00Z,2025-03-17 14:39:00+00:00,2025-03-17 14:56:00+00:00,2025-03-17T10:39:00-04:00,rth_09_30_16_00,rth_open_09_30_11_00,2025-03-17,long,vwap_bull_rejection,19698.9027000000,19725.0000000000,19701.5000000000,19772.0000000000,19701.5000000000,stop,-1.0476600000,1.4680850000,-2.0000000000,23.5000000000,629,0.1564290000,0.0000000000,0.0000000000,1.3014210000,4021,1696,2325,0,0,0,0,0,0,0,0,2628,0,-49.2400200000
MNQ DATABENTO,1,vwap_delta_rejection,2025-03-17T15:30:00Z,2025-03-17 15:30:00+00:00,2025-03-17 15:35:00+00:00,2025-03-17T11:30:00-04:00,rth_09_30_16_00,rth_lunch_11_30_13_30,2025-03-17,short,vwap_bear_rejection,19700.2999000000,19681.0000000000,19703.5000000000,19636.0000000000,19636.0000000000,target,1.9502220000,2.3333330000,-0.7333330000,22.5000000000,-669,-0.2519770000,0.0000000000,0.0000000000,1.2349410000,2655,1662,993,0,0,0,0,0,0,0,0,1589,0,87.7599900000
MNQ DATABENTO,1,vwap_delta_rejection,2025-03-17T15:59:00Z,2025-03-17 15:59:00+00:00,2025-03-17 16:05:00+00:00,2025-03-17T11:59:00-04:00,rth_09_30_16_00,rth_lunch_11_30_13_30,2025-03-17,short,vwap_bear_rejection,19697.7474000000,19676.2500000000,19695.7500000000,19637.2500000000,19695.7500000000,stop,-1.0574360000,1.0000000000,-1.0256410000,19.5000000000,-657,-0.3515250000,0.0000000000,0.0000000000,1.2043690000,1869,1263,606,0,0,0,0,0,0,0,0,1205,0,-41.2400040000
MNQ DATABENTO,1,vwap_delta_rejection,2025-03-17T16:07:00Z,2025-03-17 16:07:00+00:00,2025-03-17 16:21:00+00:00,2025-03-17T12:07:00-04:00,rth_09_30_16_00,rth_lunch_11_30_13_30,2025-03-17,long,vwap_bull_rejection,19697.4480000000,19715.7500000000,19698.0000000000,19751.2500000000,19698.0000000000,stop,-1.0630990000,1.6619720000,-1.3098590000,17.7500000000,797,0.2872070000,0.0000000000,0.0000000000,1.7368170000,2775,989,1786,0,0,0,0,0,0,0,0,1695,0,-37.7400145000
MNQ DATABENTO,1,vwap_delta_rejection,2025-03-17T16:23:00Z,2025-03-17 16:23:00+00:00,2025-03-17 16:24:00+00:00,2025-03-17T12:23:00-04:00,rth_09_30_16_00,rth_lunch_11_30_13_30,2025-03-17,short,vwap_bear_rejection,19698.2200000000,19689.7500000000,19697.7500000000,19673.7500000000,19673.7500000000,target,1.8600000000,2.1250000000,-0.0625000000,8.0000000000,-342,-0.1395920000,0.0000000000,0.0000000000,1.3954550000,2450,1396,1054,0,0,0,0,0,0,0,0,1507,0,29.7600000000
MNQ DATABENTO,1,vwap_delta_rejection,2025-03-17T16:41:00Z,2025-03-17 16:41:00+00:00,2025-03-17 16:42:00+00:00,2025-03-17T12:41:00-04:00,rth_09_30_16_00,rth_lunch_11_30_13_30,2025-03-17,short,vwap_bear_rejection,19697.6695000000,19686.2500000000,19694.5000000000,19669.7500000000,19669.7500000000,target,1.8642420000,2.9696970000,-0.0303030000,8.2500000000,-656,-0.2677550000,0.0000000000,0.0000000000,1.5945330000,2450,1553,897,0,0,0,0,0,0,0,0,1435,0,30.7599930000
MNQ DATABENTO,1,vwap_delta_rejection,2025-03-17T22:21:00Z,2025-03-17 22:21:00+00:00,2025-03-17 22:22:00+00:00,2025-03-17T18:21:00-04:00,overnight,overnight,2025-03-18,short,vwap_bear_rejection,19846.4203000000,19840.5000000000,19846.5000000000,19828.5000000000,19846.5000000000,stop,-1.1866670000,0.5000000000,-1.0833330000,6.0000000000,-50,-0.2000000000,0.0000000000,0.0000000000,1.3192610000,250,150,100,0,0,0,0,0,0,0,0,180,0,-14.2400040000
MNQ DATABENTO,1,vwap_delta_rejection,2025-03-17T22:28:00Z,2025-03-17 22:28:00+00:00,2025-03-17 22:48:00+00:00,2025-03-17T18:28:00-04:00,overnight,overnight,2025-03-18,long,vwap_bull_rejection,19846.1079000000,19851.0000000000,19847.0000000000,19859.0000000000,19851.2500000000,timeout,-0.2175000000,1.7500000000,-0.6250000000,4.0000000000,34,0.1338580000,0.0000000000,0.0000000000,1.3572000000,254,110,144,0,0,0,0,0,0,0,0,174,0,-1.7400000000
MNQ DATABENTO,1,vwap_delta_rejection,2025-03-18T05:48:00Z,2025-03-18 05:48:00+00:00,2025-03-18 05:52:00+00:00,2025-03-18T01:48:00-04:00,overnight,overnight,2025-03-18,long,vwap_bull_rejection,19943.8664000000,19951.7500000000,19944.5000000000,19966.2500000000,19944.5000000000,stop,-1.1544830000,0.1034480000,-1.0000000000,7.2500000000,121,0.3427760000,0.0000000000,0.0000000000,3.6637260000,353,116,237,0,0,0,0,0,0,0,0,193,0,-16.7400035000
MNQ DATABENTO,1,vwap_delta_rejection,2025-03-18T10:16:00Z,2025-03-18 10:16:00+00:00,2025-03-18 10:24:00+00:00,2025-03-18T06:16:00-04:00,overnight,overnight,2025-03-18,short,vwap_bear_rejection,19966.4948000000,19933.2500000000,19964.2500000000,19871.2500000000,19964.2500000000,stop,-1.0361290000,0.3387100000,-1.0806450000,31.0000000000,-385,-0.2258060000,0.0000000000,0.0000000000,2.8991670000,1705,1045,660,0,0,0,0,0,0,0,0,966,0,-64.2399980000
MNQ DATABENTO,1,vwap_delta_rejection,2025-03-18T11:06:00Z,2025-03-18 11:06:00+00:00,2025-03-18 11:12:00+00:00,2025-03-18T07:06:00-04:00,overnight,overnight,2025-03-18,long,vwap_bull_rejection,19965.6436000000,19972.7500000000,19965.0000000000,19988.2500000000,19988.2500000000,target,1.8554840000,2.7096770000,-0.4838710000,7.7500000000,57,0.1005290000,0.0000000000,0.0000000000,1.7397970000,567,255,312,0,0,0,0,0,0,0,0,338,0,28.7600020000
MNQ DATABENTO,1,vwap_delta_rejection,2025-03-18T11:14:00Z,2025-03-18 11:14:00+00:00,2025-03-18 11:28:00+00:00,2025-03-18T07:14:00-04:00,overnight,overnight,2025-03-18,long,vwap_bull_rejection,19965.9887000000,19976.2500000000,19963.0000000000,20002.7500000000,19963.0000000000,stop,-1.0845280000,0.7358490000,-1.1132080000,13.2500000000,339,0.1777660000,0.0000000000,0.0000000000,4.6586050000,1907,784,1123,0,0,0,0,0,0,0,0,1093,0,-28.7399920000
MNQ DATABENTO,1,vwap_delta_rejection,2025-03-18T12:31:00Z,2025-03-18 12:31:00+00:00,2025-03-18 12:32:00+00:00,2025-03-18T08:31:00-04:00,overnight,overnight,2025-03-18,short,vwap_bear_rejection,19964.3626000000,19953.2500000000,19963.7500000000,19932.2500000000,19963.7500000000,stop,-1.1066670000,0.1190480000,-1.8809520000,10.5000000000,-98,-0.1282720000,0.0000000000,0.0000000000,2.0948720000,764,431,333,0,0,0,0,0,0,0,0,474,0,-23.2400070000
MNQ DATABENTO,1,vwap_delta_rejection,2025-03-18T22:13:00Z,2025-03-18 22:13:00+00:00,2025-03-18 22:29:00+00:00,2025-03-18T18:13:00-04:00,overnight,overnight,2025-03-19,short,vwap_bear_rejection,19698.8571000000,19692.7500000000,19702.7500000000,19672.7500000000,19672.7500000000,target,1.8880000000,2.4000000000,-0.2750000000,10.0000000000,-55,-0.1803280000,0.0000000000,0.0000000000,1.4259000000,305,180,125,0,0,0,0,0,0,0,0,173,0,37.7600000000
MNQ DATABENTO,1,vwap_delta_rejection,2025-03-18T22:42:00Z,2025-03-18 22:42:00+00:00,2025-03-18 22:45:00+00:00,2025-03-18T18:42:00-04:00,overnight,overnight,2025-03-19,long,vwap_bull_rejection,19686.8172000000,19692.0000000000,19686.7500000000,19702.5000000000,19702.5000000000,target,1.7866670000,2.1428570000,-0.8095240000,5.2500000000,95,0.3639850000,0.0000000000,0.0000000000,1.2145180000,261,83,178,0,0,0,0,0,0,0,0,167,0,18.7600035000
MNQ DATABENTO,1,vwap_delta_rejection,2025-03-18T23:22:00Z,2025-03-18 23:22:00+00:00,2025-03-18 23:25:00+00:00,2025-03-18T19:22:00-04:00,overnight,overnight,2025-03-19,short,vwap_bear_rejection,19697.0823000000,19691.0000000000,19696.0000000000,19681.0000000000,19696.0000000000,stop,-1.2240000000,1.1000000000,-1.1500000000,5.0000000000,-159,-0.3589160000,0.0000000000,0.0000000000,2.0443010000,443,301,142,0,0,0,0,0,0,0,0,294,0,-12.2400000000
MNQ DATABENTO,1,vwap_delta_rejection,2025-03-18T23:34:00Z,2025-03-18 23:34:00+00:00,2025-03-18 23:54:00+00:00,2025-03-18T19:34:00-04:00,overnight,overnight,2025-03-19,long,vwap_bull_rejection,19697.1148000000,19709.5000000000,19697.2500000000,19734.0000000000,19713.7500000000,timeout,0.2555100000,0.5918370000,-0.3061220000,12.2500000000,178,0.3037540000,0.0000000000,0.0000000000,2.4259990000,586,204,382,0,0,0,0,0,0,0,0,340,0,6.2599950000
MNQ DATABENTO,1,vwap_delta_rejection,2025-03-19T08:35:00Z,2025-03-19 08:35:00+00:00,2025-03-19 08:41:00+00:00,2025-03-19T04:35:00-04:00,overnight,overnight,2025-03-19,long,vwap_bull_rejection,19730.9413000000,19742.2500000000,19731.7500000000,19763.2500000000,19731.7500000000,stop,-1.1066670000,0.3809520000,-1.0476190000,10.5000000000,272,0.3550910000,0.0000000000,0.0000000000,1.9573270000,766,247,519,0,0,0,0,0,0,0,0,377,0,-23.2400070000
MNQ DATABENTO,1,vwap_delta_rejection,2025-03-19T08:54:00Z,2025-03-19 08:54:00+00:00,2025-03-19 08:56:00+00:00,2025-03-19T04:54:00-04:00,overnight,overnight,2025-03-19,short,vwap_bear_rejection,19731.0334000000,19723.7500000000,19731.5000000000,19708.2500000000,19731.5000000000,stop,-1.1445160000,0.0645160000,-1.2258060000,7.7500000000,-98,-0.1781820000,0.0000000000,0.0000000000,1.4321050000,550,324,226,0,0,0,0,0,0,0,0,282,0,-17.7399980000
MNQ DATABENTO,1,vwap_delta_rejection,2025-03-19T13:43:00Z,2025-03-19 13:43:00+00:00,2025-03-19 13:47:00+00:00,2025-03-19T09:43:00-04:00,rth_09_30_16_00,rth_open_09_30_11_00,2025-03-19,short,vwap_bear_rejection,19749.3948000000,19719.5000000000,19748.2500000000,19662.0000000000,19748.2500000000,stop,-1.0389570000,0.4521740000,-2.5913040000,28.7500000000,-1345,-0.1341380000,0.0000000000,0.0000000000,2.4378210000,10027,5686,4341,0,0,0,0,0,0,0,0,5785,0,-59.7400275000
MNQ DATABENTO,1,vwap_delta_rejection,2025-03-19T18:08:00Z,2025-03-19 18:08:00+00:00,2025-03-19 18:17:00+00:00,2025-03-19T14:08:00-04:00,rth_09_30_16_00,rth_afternoon_13_30_15_00,2025-03-19,long,vwap_bull_rejection,19814.8127000000,19852.0000000000,19814.5000000000,19927.0000000000,19927.0000000000,target,1.9701330000,2.0266670000,-0.1000000000,37.5000000000,544,0.1221920000,0.0000000000,0.0000000000,1.5617760000,4452,1954,2498,0,0,0,0,0,0,0,0,2806,0,147.7599750000
MNQ DATABENTO,1,vwap_delta_rejection,2025-03-19T22:04:00Z,2025-03-19 22:04:00+00:00,2025-03-19 22:06:00+00:00,2025-03-19T18:04:00-04:00,overnight,overnight,2025-03-20,long,vwap_bull_rejection,19958.5421000000,19960.7500000000,19958.0000000000,19966.2500000000,19958.0000000000,stop,-1.4072730000,1.2727270000,-2.4545450000,2.7500000000,41,0.1535580000,0.0000000000,0.0000000000,1.3117170000,267,113,154,0,0,0,0,0,0,0,0,149,0,-7.7400015000
MNQ DATABENTO,1,vwap_delta_rejection,2025-03-19T22:08:00Z,2025-03-19 22:08:00+00:00,2025-03-19 22:13:00+00:00,2025-03-19T18:08:00-04:00,overnight,overnight,2025-03-20,long,vwap_bull_rejection,19959.7816000000,19968.0000000000,19959.5000000000,19985.0000000000,19985.0000000000,target,1.8682350000,2.3235290000,-0.1470590000,8.5000000000,116,0.2447260000,0.0000000000,0.0000000000,2.1609300000,474,179,295,0,0,0,0,0,0,0,0,270,0,31.7599950000
MNQ DATABENTO,1,vwap_delta_rejection,2025-03-20T15:38:00Z,2025-03-20 15:38:00+00:00,2025-03-20 15:49:00+00:00,2025-03-20T11:38:00-04:00,rth_09_30_16_00,rth_lunch_11_30_13_30,2025-03-20,long,vwap_bull_rejection,19961.2152000000,19994.2500000000,19964.7500000000,20053.2500000000,20053.2500000000,target,1.9620340000,2.0847460000,-0.3559320000,29.5000000000,981,0.1892000000,0.0000000000,0.0000000000,1.6765560000,5185,2102,3083,0,0,0,0,0,0,0,0,2994,0,115.7600060000
MNQ DATABENTO,1,vwap_delta_rejection,2025-03-20T22:06:00Z,2025-03-20 22:06:00+00:00,2025-03-20 22:10:00+00:00,2025-03-20T18:06:00-04:00,overnight,overnight,2025-03-21,short,vwap_bear_rejection,19895.8072000000,19892.2500000000,19896.2500000000,19884.2500000000,19884.2500000000,target,1.7200000000,2.6875000000,0.0000000000,4.0000000000,-98,-0.4803920000,0.0000000000,0.0000000000,1.2401220000,204,151,53,0,0,0,0,0,0,0,0,139,0,13.7600000000
MNQ DATABENTO,1,vwap_delta_rejection,2025-03-20T22:51:00Z,2025-03-20 22:51:00+00:00,2025-03-20 23:02:00+00:00,2025-03-20T18:51:00-04:00,overnight,overnight,2025-03-21,short,vwap_bear_rejection,19896.2410000000,19890.7500000000,19896.0000000000,19880.2500000000,19880.2500000000,target,1.7866670000,2.9523810000,-0.0476190000,5.2500000000,-126,-0.4117650000,0.0000000000,0.0000000000,2.0013080000,306,216,90,0,0,0,0,0,0,0,0,184,0,18.7600035000
MNQ DATABENTO,1,vwap_delta_rejection,2025-03-20T23:49:00Z,2025-03-20 23:49:00+00:00,2025-03-20 23:50:00+00:00,2025-03-20T19:49:00-04:00,overnight,overnight,2025-03-21,long,vwap_bull_rejection,19876.0822000000,19876.5000000000,19874.7500000000,19880.0000000000,19874.7500000000,stop,-1.6400000000,0.2857140000,-1.2857140000,1.7500000000,115,0.2277230000,0.0000000000,0.0000000000,2.0696720000,505,195,310,0,0,0,0,0,0,0,0,258,0,-5.7400000000
MNQ DATABENTO,1,vwap_delta_rejection,2025-03-21T14:57:00Z,2025-03-21 14:57:00+00:00,2025-03-21 15:15:00+00:00,2025-03-21T10:57:00-04:00,rth_09_30_16_00,rth_open_09_30_11_00,2025-03-21,long,vwap_bull_rejection,19747.7959000000,19780.2500000000,19748.5000000000,19843.7500000000,19748.5000000000,stop,-1.0352760000,0.9921260000,-1.0078740000,31.7500000000,2560,0.2560510000,0.0000000000,0.0000000000,2.5878090000,9998,3719,6279,0,0,0,0,0,0,0,0,5375,0,-65.7400260000
MNQ DATABENTO,1,vwap_delta_rejection,2025-03-21T15:16:00Z,2025-03-21 15:16:00+00:00,2025-03-21 15:36:00+00:00,2025-03-21T11:16:00-04:00,rth_09_30_16_00,rth_mid_11_00_11_30,2025-03-21,short,vwap_bear_rejection,19750.3028000000,19733.7500000000,19755.5000000000,19690.2500000000,19725.5000000000,timeout,0.3278160000,1.1954020000,-0.9770110000,21.7500000000,-1000,-0.1783800000,0.0000000000,0.0000000000,1.4028850000,5606,3303,2303,0,0,0,0,0,0,0,0,3194,0,14.2599960000
MNQ DATABENTO,1,vwap_delta_rejection,2025-03-23T22:10:00Z,2025-03-23 22:10:00+00:00,2025-03-23 22:12:00+00:00,2025-03-23T18:10:00-04:00,overnight,overnight,2025-03-24,short,vwap_bear_rejection,20081.9860000000,20080.2500000000,20084.7500000000,20071.2500000000,20084.7500000000,stop,-1.2488890000,1.5555560000,-1.0555560000,4.5000000000,-190,-0.2188940000,0.0000000000,0.0000000000,1.2750640000,868,529,339,0,0,0,0,0,0,0,0,446,0,-11.2400010000
MNQ DATABENTO,1,vwap_delta_rejection,2025-03-23T22:46:00Z,2025-03-23 22:46:00+00:00,2025-03-23 22:55:00+00:00,2025-03-23T18:46:00-04:00,overnight,overnight,2025-03-24,short,vwap_bear_rejection,20078.2775000000,20072.0000000000,20077.2500000000,20061.5000000000,20061.5000000000,target,1.7866670000,2.2380950000,-0.8571430000,5.2500000000,-66,-0.1410260000,0.0000000000,0.0000000000,1.2297990000,468,267,201,0,0,0,0,0,0,0,0,228,0,18.7600035000
MNQ DATABENTO,1,vwap_delta_rejection,2025-03-24T04:03:00Z,2025-03-24 04:03:00+00:00,2025-03-24 04:04:00+00:00,2025-03-24T00:03:00-04:00,overnight,overnight,2025-03-24,long,vwap_bull_rejection,20098.4411000000,20099.2500000000,20097.0000000000,20103.7500000000,20097.0000000000,stop,-1.4977780000,0.4444440000,-1.3333330000,2.2500000000,46,0.2300000000,0.0000000000,0.0000000000,1.6515280000,200,77,123,0,0,0,0,0,0,0,0,107,0,-6.7400010000
MNQ DATABENTO,1,vwap_delta_rejection,2025-03-24T22:09:00Z,2025-03-24 22:09:00+00:00,2025-03-24 22:29:00+00:00,2025-03-24T18:09:00-04:00,overnight,overnight,2025-03-25,short,vwap_bear_rejection,20360.6719000000,20354.0000000000,20360.2500000000,20341.5000000000,20341.5000000000,target,1.8208000000,2.0400000000,-0.5200000000,6.2500000000,-147,-0.4851490000,0.0000000000,0.0000000000,1.4333020000,303,225,78,0,0,0,0,0,0,0,0,164,0,22.7600000000
MNQ DATABENTO,1,vwap_delta_rejection,2025-03-24T23:31:00Z,2025-03-24 23:31:00+00:00,2025-03-24 23:36:00+00:00,2025-03-24T19:31:00-04:00,overnight,overnight,2025-03-25,long,vwap_bull_rejection,20351.2243000000,20355.5000000000,20351.5000000000,20363.5000000000,20363.5000000000,target,1.7200000000,2.1875000000,-0.7500000000,4.0000000000,160,0.2359880000,0.0000000000,0.0000000000,6.8658230000,678,259,419,0,0,0,0,0,0,0,0,350,0,13.7600000000
MNQ DATABENTO,1,vwap_delta_rejection,2025-03-25T00:02:00Z,2025-03-25 00:02:00+00:00,2025-03-25 00:04:00+00:00,2025-03-24T20:02:00-04:00,overnight,overnight,2025-03-25,long,vwap_bull_rejection,20353.9651000000,20359.7500000000,20354.5000000000,20370.2500000000,20354.5000000000,stop,-1.2133330000,0.7142860000,-1.0000000000,5.2500000000,57,0.2150940000,0.0000000000,0.0000000000,1.3684480000,265,104,161,0,0,0,0,0,0,0,0,164,0,-12.7399965000
MNQ DATABENTO,1,vwap_delta_rejection,2025-03-25T07:01:00Z,2025-03-25 07:01:00+00:00,2025-03-25 07:09:00+00:00,2025-03-25T03:01:00-04:00,overnight,overnight,2025-03-25,long,vwap_bull_rejection,20350.3220000000,20355.7500000000,20348.7500000000,20369.7500000000,20369.7500000000,target,1.8400000000,2.3214290000,-0.1428570000,7.0000000000,149,0.2066570000,0.0000000000,0.0000000000,7.1209880000,721,286,435,0,0,0,0,0,0,0,0,392,0,25.7600000000
MNQ DATABENTO,1,vwap_delta_rejection,2025-03-25T08:06:00Z,2025-03-25 08:06:00+00:00,2025-03-25 08:16:00+00:00,2025-03-25T04:06:00-04:00,overnight,overnight,2025-03-25,short,vwap_bear_rejection,20351.0171000000,20337.7500000000,20351.2500000000,20310.7500000000,20310.7500000000,target,1.9170370000,2.4444440000,-0.1666670000,13.5000000000,-136,-0.1770830000,0.0000000000,0.0000000000,2.8433910000,768,452,316,0,0,0,0,0,0,0,0,408,0,51.7599990000
MNQ DATABENTO,1,vwap_delta_rejection,2025-03-25T09:55:00Z,2025-03-25 09:55:00+00:00,2025-03-25 09:56:00+00:00,2025-03-25T05:55:00-04:00,overnight,overnight,2025-03-25,long,vwap_bull_rejection,20338.8129000000,20342.5000000000,20339.2500000000,20349.0000000000,20339.2500000000,stop,-1.3446150000,0.3076920000,-1.0000000000,3.2500000000,129,0.2118230000,0.0000000000,0.0000000000,1.6594010000,609,240,369,0,0,0,0,0,0,0,0,324,0,-8.7399975000
MNQ DATABENTO,1,vwap_delta_rejection,2025-03-25T18:51:00Z,2025-03-25 18:51:00+00:00,2025-03-25 18:53:00+00:00,2025-03-25T14:51:00-04:00,rth_09_30_16_00,rth_afternoon_13_30_15_00,2025-03-25,long,vwap_bull_rejection,20416.0477000000,20422.2500000000,20413.2500000000,20440.2500000000,20413.2500000000,stop,-1.1244440000,0.3333330000,-1.1388890000,9.0000000000,283,0.1204770000,0.0000000000,0.0000000000,1.5434150000,2349,1033,1316,0,0,0,0,0,0,0,0,1225,0,-20.2399920000
MNQ DATABENTO,1,vwap_delta_rejection,2025-03-25T23:22:00Z,2025-03-25 23:22:00+00:00,2025-03-25 23:24:00+00:00,2025-03-25T19:22:00-04:00,overnight,overnight,2025-03-26,short,vwap_bear_rejection,20514.0994000000,20510.7500000000,20514.0000000000,20504.2500000000,20514.0000000000,stop,-1.3446150000,0.0000000000,-1.4615380000,3.2500000000,-24,-0.1379310000,0.0000000000,0.0000000000,1.4795920000,174,99,75,0,0,0,0,0,0,0,0,79,0,-8.7399975000
MNQ DATABENTO,1,vwap_delta_rejection,2025-03-26T00:02:00Z,2025-03-26 00:02:00+00:00,2025-03-26 00:04:00+00:00,2025-03-25T20:02:00-04:00,overnight,overnight,2025-03-26,short,vwap_bear_rejection,20516.8685000000,20515.2500000000,20516.7500000000,20512.2500000000,20512.2500000000,target,1.2533330000,2.5000000000,-0.3333330000,1.5000000000,-98,-0.2177780000,0.0000000000,0.0000000000,1.7314350000,450,274,176,0,0,0,0,0,0,0,0,261,0,3.7599990000
MNQ DATABENTO,1,vwap_delta_rejection,2025-03-26T00:14:00Z,2025-03-26 00:14:00+00:00,2025-03-26 00:18:00+00:00,2025-03-25T20:14:00-04:00,overnight,overnight,2025-03-26,long,vwap_bull_rejection,20516.7196000000,20519.2500000000,20516.2500000000,20525.2500000000,20525.2500000000,target,1.6266670000,2.4166670000,-0.3333330000,3.0000000000,173,0.5323080000,0.0000000000,0.0000000000,1.5643800000,325,76,249,0,0,0,0,0,0,0,0,170,0,9.7600020000
MNQ DATABENTO,1,vwap_delta_rejection,2025-03-26T11:37:00Z,2025-03-26 11:37:00+00:00,2025-03-26 11:57:00+00:00,2025-03-26T07:37:00-04:00,overnight,overnight,2025-03-26,long,vwap_bull_rejection,20480.0088000000,20484.0000000000,20479.0000000000,20494.0000000000,20483.5000000000,timeout,-0.3240000000,1.8000000000,-0.4500000000,5.0000000000,195,0.2404440000,0.0000000000,0.0000000000,2.8091440000,811,308,503,0,0,0,0,0,0,0,0,396,0,-3.2400000000
MNQ DATABENTO,1,vwap_delta_rejection,2025-03-26T13:06:00Z,2025-03-26 13:06:00+00:00,2025-03-26 13:08:00+00:00,2025-03-26T09:06:00-04:00,overnight,overnight,2025-03-26,short,vwap_bear_rejection,20478.3770000000,20470.7500000000,20477.5000000000,20457.2500000000,20477.5000000000,stop,-1.1659260000,0.4444440000,-2.3333330000,6.7500000000,-267,-0.3144880000,0.0000000000,0.0000000000,1.4050480000,849,558,291,0,0,0,0,0,0,0,0,450,0,-15.7400010000
MNQ DATABENTO,1,vwap_delta_rejection,2025-03-26T13:12:00Z,2025-03-26 13:12:00+00:00,2025-03-26 13:17:00+00:00,2025-03-26T09:12:00-04:00,overnight,overnight,2025-03-26,short,vwap_bear_rejection,20478.3772000000,20476.5000000000,20480.0000000000,20469.5000000000,20469.5000000000,target,1.6800000000,3.0714290000,0.0000000000,3.5000000000,-164,-0.1915890000,0.0000000000,0.0000000000,1.5212370000,856,510,346,0,0,0,0,0,0,0,0,478,0,11.7600000000
MNQ DATABENTO,1,vwap_delta_rejection,2025-03-26T13:40:00Z,2025-03-26 13:40:00+00:00,2025-03-26 13:47:00+00:00,2025-03-26T09:40:00-04:00,rth_09_30_16_00,rth_open_09_30_11_00,2025-03-26,short,vwap_bear_rejection,20469.4478000000,20458.2500000000,20475.2500000000,20424.2500000000,20424.2500000000,target,1.9341180000,2.3676470000,-0.8382350000,17.0000000000,-1088,-0.1274600000,0.0000000000,0.0000000000,2.2370440000,8536,4812,3724,0,0,0,0,0,0,0,0,4196,0,65.7600120000
MNQ DATABENTO,1,vwap_delta_rejection,2025-03-26T22:04:00Z,2025-03-26 22:04:00+00:00,2025-03-26 22:15:00+00:00,2025-03-26T18:04:00-04:00,overnight,overnight,2025-03-27,long,vwap_bull_rejection,20050.3403000000,20065.2500000000,20046.7500000000,20102.2500000000,20046.7500000000,stop,-1.0605410000,1.6216220000,-1.1756760000,18.5000000000,186,0.1700180000,0.0000000000,0.0000000000,2.1897520000,1094,454,640,0,0,0,0,0,0,0,0,637,0,-39.2400170000
MNQ DATABENTO,1,vwap_delta_rejection,2025-03-27T07:52:00Z,2025-03-27 07:52:00+00:00,2025-03-27 08:01:00+00:00,2025-03-27T03:52:00-04:00,overnight,overnight,2025-03-27,short,vwap_bear_rejection,20083.1198000000,20077.2500000000,20087.2500000000,20057.2500000000,20087.2500000000,stop,-1.1120000000,0.8750000000,-1.4500000000,10.0000000000,-331,-0.2802710000,0.0000000000,0.0000000000,2.6542310000,1181,756,425,0,0,0,0,0,0,0,0,606,0,-22.2400000000
MNQ DATABENTO,1,vwap_delta_rejection,2025-03-27T08:04:00Z,2025-03-27 08:04:00+00:00,2025-03-27 08:09:00+00:00,2025-03-27T04:04:00-04:00,overnight,overnight,2025-03-27,short,vwap_bear_rejection,20082.9545000000,20066.7500000000,20080.7500000000,20038.7500000000,20038.7500000000,target,1.9200000000,2.5714290000,0.0000000000,14.0000000000,-155,-0.1533140000,0.0000000000,0.0000000000,1.8955660000,1011,583,428,0,0,0,0,0,0,0,0,633,0,53.7600000000
MNQ DATABENTO,1,vwap_delta_rejection,2025-03-27T08:56:00Z,2025-03-27 08:56:00+00:00,2025-03-27 09:16:00+00:00,2025-03-27T04:56:00-04:00,overnight,overnight,2025-03-27,long,vwap_bull_rejection,20079.4015000000,20094.5000000000,20080.7500000000,20122.0000000000,20113.5000000000,timeout,1.3003640000,1.6181820000,-0.1272730000,13.7500000000,342,0.3288460000,0.0000000000,0.0000000000,2.3760570000,1040,349,691,0,0,0,0,0,0,0,0,542,0,35.7600100000
MNQ DATABENTO,1,vwap_delta_rejection,2025-03-27T11:13:00Z,2025-03-27 11:13:00+00:00,2025-03-27 11:23:00+00:00,2025-03-27T07:13:00-04:00,overnight,overnight,2025-03-27,short,vwap_bear_rejection,20084.5371000000,20072.0000000000,20083.7500000000,20048.5000000000,20048.5000000000,target,1.9046810000,2.1702130000,-0.3191490000,11.7500000000,-190,-0.2256530000,0.0000000000,0.0000000000,1.2647390000,842,516,326,0,0,0,0,0,0,0,0,507,0,44.7600035000
MNQ DATABENTO,1,vwap_delta_rejection,2025-03-27T12:32:00Z,2025-03-27 12:32:00+00:00,2025-03-27 12:35:00+00:00,2025-03-27T08:32:00-04:00,overnight,overnight,2025-03-27,long,vwap_bull_rejection,20081.8273000000,20091.0000000000,20081.0000000000,20111.0000000000,20081.0000000000,stop,-1.1120000000,0.8250000000,-1.9750000000,10.0000000000,544,0.1566820000,0.0000000000,0.0000000000,5.7521540000,3472,1464,2008,0,0,0,0,0,0,0,0,2038,0,-22.2400000000
MNQ DATABENTO,1,vwap_delta_rejection,2025-03-27T15:42:00Z,2025-03-27 15:42:00+00:00,2025-03-27 15:43:00+00:00,2025-03-27T11:42:00-04:00,rth_09_30_16_00,rth_lunch_11_30_13_30,2025-03-27,short,vwap_bear_rejection,20076.8412000000,20062.7500000000,20075.2500000000,20037.7500000000,20075.2500000000,stop,-1.0896000000,0.2400000000,-1.7000000000,12.5000000000,-605,-0.1192120000,0.0000000000,0.0000000000,1.3774670000,5075,2840,2235,0,0,0,0,0,0,0,0,2872,0,-27.2400000000
MNQ DATABENTO,1,vwap_delta_rejection,2025-03-27T18:19:00Z,2025-03-27 18:19:00+00:00,2025-03-27 18:21:00+00:00,2025-03-27T14:19:00-04:00,rth_09_30_16_00,rth_afternoon_13_30_15_00,2025-03-27,short,vwap_bear_rejection,20072.1795000000,20059.2500000000,20072.5000000000,20032.7500000000,20072.5000000000,stop,-1.0845280000,0.1886790000,-1.0566040000,13.2500000000,-654,-0.1816670000,0.0000000000,0.0000000000,1.3979770000,3600,2127,1473,0,0,0,0,0,0,0,0,1971,0,-28.7399920000
MNQ DATABENTO,1,vwap_delta_rejection,2025-03-27T18:58:00Z,2025-03-27 18:58:00+00:00,2025-03-27 19:01:00+00:00,2025-03-27T14:58:00-04:00,rth_09_30_16_00,rth_afternoon_13_30_15_00,2025-03-27,short,vwap_bear_rejection,20072.2848000000,20061.0000000000,20072.0000000000,20039.0000000000,20039.0000000000,target,1.8981820000,2.1818180000,-0.0909090000,11.0000000000,-722,-0.2528010000,0.0000000000,0.0000000000,1.2393140000,2856,1789,1067,0,0,0,0,0,0,0,0,1450,0,41.7600040000
MNQ DATABENTO,1,vwap_delta_rejection,2025-03-27T22:06:00Z,2025-03-27 22:06:00+00:00,2025-03-27 22:11:00+00:00,2025-03-27T18:06:00-04:00,overnight,overnight,2025-03-28,short,vwap_bear_rejection,20000.1086000000,19996.5000000000,20002.5000000000,19984.5000000000,19984.5000000000,target,1.8133330000,2.1666670000,-0.2083330000,6.0000000000,-70,-0.1707320000,0.0000000000,0.0000000000,1.4847000000,410,240,170,0,0,0,0,0,0,0,0,276,0,21.7599960000
MNQ DATABENTO,1,vwap_delta_rejection,2025-03-27T22:55:00Z,2025-03-27 22:55:00+00:00,2025-03-27 23:01:00+00:00,2025-03-27T18:55:00-04:00,overnight,overnight,2025-03-28,short,vwap_bear_rejection,19996.5808000000,19990.0000000000,19996.2500000000,19977.5000000000,19996.2500000000,stop,-1.1792000000,0.5600000000,-1.0400000000,6.2500000000,-95,-0.3479850000,0.0000000000,0.0000000000,2.1649480000,273,184,89,0,0,0,0,0,0,0,0,136,0,-14.7400000000
MNQ DATABENTO,1,vwap_delta_rejection,2025-03-27T23:01:00Z,2025-03-27 23:01:00+00:00,2025-03-27 23:04:00+00:00,2025-03-27T19:01:00-04:00,overnight,overnight,2025-03-28,short,vwap_bear_rejection,19996.1132000000,19990.0000000000,19996.7500000000,19976.5000000000,19976.5000000000,target,1.8340740000,2.5925930000,-0.0370370000,6.7500000000,-58,-0.1812500000,0.0000000000,0.0000000000,2.7107160000,320,189,131,0,0,0,0,0,0,0,0,181,0,24.7599990000
MNQ DATABENTO,1,vwap_delta_rejection,2025-03-28T04:57:00Z,2025-03-28 04:57:00+00:00,2025-03-28 05:03:00+00:00,2025-03-28T00:57:00-04:00,overnight,overnight,2025-03-28,long,vwap_bull_rejection,19974.8816000000,19978.0000000000,19974.2500000000,19985.5000000000,19985.5000000000,target,1.7013330000,2.1333330000,0.0000000000,3.7500000000,21,0.1707320000,0.0000000000,0.0000000000,1.5540110000,123,51,72,0,0,0,0,0,0,0,0,82,0,12.7599975000
MNQ DATABENTO,1,vwap_delta_rejection,2025-03-28T06:48:00Z,2025-03-28 06:48:00+00:00,2025-03-28 06:51:00+00:00,2025-03-28T02:48:00-04:00,overnight,overnight,2025-03-28,short,vwap_bear_rejection,19976.9753000000,19972.7500000000,19977.5000000000,19963.2500000000,19963.2500000000,target,1.7642110000,3.1052630000,-0.3684210000,4.7500000000,-148,-0.2740740000,0.0000000000,0.0000000000,2.3653090000,540,344,196,0,0,0,0,0,0,0,0,278,0,16.7600045000
MNQ DATABENTO,1,vwap_delta_rejection,2025-03-28T11:05:00Z,2025-03-28 11:05:00+00:00,2025-03-28 11:18:00+00:00,2025-03-28T07:05:00-04:00,overnight,overnight,2025-03-28,short,vwap_bear_rejection,19940.1025000000,19932.7500000000,19939.7500000000,19918.7500000000,19939.7500000000,stop,-1.1600000000,1.6428570000,-1.2857140000,7.0000000000,-210,-0.2370200000,0.0000000000,0.0000000000,1.8324720000,886,548,338,0,0,0,0,0,0,0,0,507,0,-16.2400000000
MNQ DATABENTO,1,vwap_delta_rejection,2025-03-28T11:29:00Z,2025-03-28 11:29:00+00:00,2025-03-28 11:32:00+00:00,2025-03-28T07:29:00-04:00,overnight,overnight,2025-03-28,short,vwap_bear_rejection,19939.9014000000,19932.5000000000,19940.2500000000,19917.0000000000,19917.0000000000,target,1.8554840000,2.0645160000,0.0000000000,7.7500000000,-89,-0.1410460000,0.0000000000,0.0000000000,1.5052480000,631,360,271,0,0,0,0,0,0,0,0,375,0,28.7600020000
MNQ DATABENTO,1,vwap_delta_rejection,2025-03-28T11:57:00Z,2025-03-28 11:57:00+00:00,2025-03-28 12:01:00+00:00,2025-03-28T07:57:00-04:00,overnight,overnight,2025-03-28,long,vwap_bull_rejection,19939.3705000000,19945.5000000000,19938.0000000000,19960.5000000000,19938.0000000000,stop,-1.1493330000,0.8666670000,-1.2333330000,7.5000000000,191,0.3167500000,0.0000000000,0.0000000000,1.2908060000,603,206,397,0,0,0,0,0,0,0,0,343,0,-17.2399950000
MNQ DATABENTO,1,vwap_delta_rejection,2025-03-28T12:31:00Z,2025-03-28 12:31:00+00:00,2025-03-28 12:51:00+00:00,2025-03-28T08:31:00-04:00,overnight,overnight,2025-03-28,short,vwap_bear_rejection,19938.9494000000,19905.5000000000,19937.2500000000,19842.0000000000,19892.5000000000,timeout,0.3741730000,1.3307090000,-0.4330710000,31.7500000000,-714,-0.1256600000,0.0000000000,0.0000000000,12.7857790000,5682,3198,2484,0,0,0,0,0,0,0,0,3579,0,23.7599855000
MNQ DATABENTO,1,vwap_delta_rejection,2025-03-30T22:33:00Z,2025-03-30 22:33:00+00:00,2025-03-30 22:36:00+00:00,2025-03-30T18:33:00-04:00,overnight,overnight,2025-03-31,short,vwap_bear_rejection,19300.5946000000,19292.7500000000,19303.2500000000,19271.7500000000,19303.2500000000,stop,-1.1066670000,0.1904760000,-1.0476190000,10.5000000000,-175,-0.3119430000,0.0000000000,0.0000000000,1.2200960000,561,368,193,0,0,0,0,0,0,0,0,349,0,-23.2400070000
MNQ DATABENTO,1,vwap_delta_rejection,2025-03-30T22:41:00Z,2025-03-30 22:41:00+00:00,2025-03-30 22:59:00+00:00,2025-03-30T18:41:00-04:00,overnight,overnight,2025-03-31,long,vwap_bull_rejection,19300.6083000000,19309.2500000000,19302.0000000000,19323.7500000000,19302.0000000000,stop,-1.1544830000,1.8275860000,-1.2413790000,7.2500000000,321,0.5563260000,0.0000000000,0.0000000000,1.6329420000,577,128,449,0,0,0,0,0,0,0,0,299,0,-16.7400035000
MNQ DATABENTO,1,vwap_delta_rejection,2025-03-31T01:22:00Z,2025-03-31 01:22:00+00:00,2025-03-31 01:37:00+00:00,2025-03-30T21:22:00-04:00,overnight,overnight,2025-03-31,long,vwap_bull_rejection,19245.9682000000,19254.0000000000,19244.2500000000,19273.5000000000,19244.2500000000,stop,-1.1148720000,1.8717950000,-1.7435900000,9.7500000000,410,0.2916070000,0.0000000000,0.0000000000,2.3421620000,1406,498,908,0,0,0,0,0,0,0,0,735,0,-21.7400040000
MNQ DATABENTO,1,vwap_delta_rejection,2025-03-31T05:07:00Z,2025-03-31 05:07:00+00:00,2025-03-31 05:11:00+00:00,2025-03-31T01:07:00-04:00,overnight,overnight,2025-03-31,long,vwap_bull_rejection,19237.6167000000,19242.0000000000,19236.7500000000,19252.5000000000,19236.7500000000,stop,-1.2133330000,0.6190480000,-1.1904760000,5.2500000000,75,0.1527490000,0.0000000000,0.0000000000,2.1924540000,491,208,283,0,0,0,0,0,0,0,0,285,0,-12.7399965000
MNQ DATABENTO,1,vwap_delta_rejection,2025-03-31T05:42:00Z,2025-03-31 05:42:00+00:00,2025-03-31 05:47:00+00:00,2025-03-31T01:42:00-04:00,overnight,overnight,2025-03-31,short,vwap_bear_rejection,19237.8922000000,19229.2500000000,19239.0000000000,19209.7500000000,19239.0000000000,stop,-1.1148720000,0.6410260000,-1.0000000000,9.7500000000,-77,-0.2284870000,0.0000000000,0.0000000000,1.2476860000,337,207,130,0,0,0,0,0,0,0,0,193,0,-21.7400040000
MNQ DATABENTO,1,vwap_delta_rejection,2025-03-31T07:28:00Z,2025-03-31 07:28:00+00:00,2025-03-31 07:29:00+00:00,2025-03-31T03:28:00-04:00,overnight,overnight,2025-03-31,long,vwap_bull_rejection,19234.7984000000,19239.2500000000,19235.7500000000,19246.2500000000,19235.7500000000,stop,-1.3200000000,1.1428570000,-2.3571430000,3.5000000000,144,0.1345790000,0.0000000000,0.0000000000,1.4319170000,1070,463,607,0,0,0,0,0,0,0,0,594,0,-9.2400000000
MNQ DATABENTO,1,vwap_delta_rejection,2025-03-31T10:50:00Z,2025-03-31 10:50:00+00:00,2025-03-31 11:07:00+00:00,2025-03-31T06:50:00-04:00,overnight,overnight,2025-03-31,short,vwap_bear_rejection,19230.7639000000,19215.7500000000,19231.0000000000,19185.2500000000,19185.2500000000,target,1.9265570000,2.6393440000,-0.8524590000,15.2500000000,-109,-0.2275570000,0.0000000000,0.0000000000,1.5429220000,479,294,185,0,0,0,0,0,0,0,0,316,0,58.7599885000
MNQ DATABENTO,1,vwap_delta_rejection,2025-03-31T13:01:00Z,2025-03-31 13:01:00+00:00,2025-03-31 13:02:00+00:00,2025-03-31T09:01:00-04:00,overnight,overnight,2025-03-31,long,vwap_bull_rejection,19220.5101000000,19229.5000000000,19219.0000000000,19250.5000000000,19219.0000000000,stop,-1.1066670000,0.0000000000,-1.3095240000,10.5000000000,703,0.2572260000,0.0000000000,0.0000000000,4.5443960000,2733,1015,1718,0,0,0,0,0,0,0,0,1605,0,-23.2400070000
MNQ DATABENTO,1,vwap_delta_rejection,2025-03-31T13:03:00Z,2025-03-31 13:03:00+00:00,2025-03-31 13:08:00+00:00,2025-03-31T09:03:00-04:00,overnight,overnight,2025-03-31,short,vwap_bear_rejection,19220.4828000000,19209.5000000000,19220.2500000000,19188.0000000000,19220.2500000000,stop,-1.1041860000,0.4186050000,-1.2790700000,10.7500000000,-457,-0.2858040000,0.0000000000,0.0000000000,2.1647600000,1599,1028,571,0,0,0,0,0,0,0,0,903,0,-23.7399990000
MNQ DATABENTO,1,vwap_delta_rejection,2025-03-31T15:10:00Z,2025-03-31 15:10:00+00:00,2025-03-31 15:11:00+00:00,2025-03-31T11:10:00-04:00,rth_09_30_16_00,rth_mid_11_00_11_30,2025-03-31,short,vwap_bear_rejection,19154.8565000000,19131.5000000000,19151.0000000000,19092.5000000000,19151.0000000000,stop,-1.0574360000,0.0256410000,-1.1282050000,19.5000000000,-766,-0.1219750000,0.0000000000,0.0000000000,1.3467870000,6280,3523,2757,0,0,0,0,0,0,0,0,3417,0,-41.2400040000
MNQ DATABENTO,1,vwap_delta_rejection,2025-03-31T22:04:00Z,2025-03-31 22:04:00+00:00,2025-03-31 22:07:00+00:00,2025-03-31T18:04:00-04:00,overnight,overnight,2025-04-01,short,vwap_bear_rejection,19403.4346000000,19398.7500000000,19403.0000000000,19390.2500000000,19390.2500000000,target,1.7364710000,4.4117650000,-0.9411760000,4.2500000000,-189,-0.3880900000,0.0000000000,0.0000000000,2.1284970000,487,338,149,0,0,0,0,0,0,0,0,264,0,14.7600035000
