root,session_date,coiled_cohort,globex_state,globex_range_ratio,rth_morning_range_div_atr20,closed_outside_globex_range,failed_breakout_reentry,lunch_cohort,morning_state,morning_range_ratio,lunch_range_div_morning_range,lunch_range_contraction,trend_continuation_failure,vwap_cross,inside_state,inside_sub_state,rest_rth_range_div_first_hour_range,new_rth_high_or_low_after_10_30,new_session_high_or_low_after_10_30,chop_index,first_hour_vwap_cross_count,year,month,week,eligible_primary_states
MNQ,2023-01-03,primary_2023_2025,unclassified,,,True,False,primary_2023_2025,unclassified,,0.2605331040412725,True,True,False,broken,broken_both,0.5536062378167641,True,True,0.534375,0,2023,2023-01,2023-W01,False
MNQ,2023-01-04,primary_2023_2025,unclassified,,,False,True,primary_2023_2025,unclassified,,0.5,False,True,False,broken,broken_down,1.0449591280653951,True,True,0.5108359133126935,40,2023,2023-01,2023-W01,False
MNQ,2023-01-05,primary_2023_2025,unclassified,,,True,False,primary_2023_2025,unclassified,,0.8288888888888889,False,True,True,broken,broken_down,0.9688888888888888,True,True,0.4394904458598726,48,2023,2023-01,2023-W01,False
MNQ,2023-01-06,primary_2023_2025,unclassified,,,True,False,primary_2023_2025,unclassified,,0.4105571847507331,True,False,False,trapped,trapped,1.5588235294117647,True,True,0.525,0,2023,2023-01,2023-W01,False
MNQ,2023-01-09,primary_2023_2025,unclassified,,,True,False,primary_2023_2025,unclassified,,0.6321989528795812,False,True,True,broken,broken_up,1.717017208413002,True,True,0.5123456790123457,14,2023,2023-01,2023-W02,False
MNQ,2023-01-10,primary_2023_2025,unclassified,,,False,True,primary_2023_2025,unclassified,,0.5661538461538461,False,False,True,broken,broken_up,1.1357388316151202,True,True,0.5541795665634675,25,2023,2023-01,2023-W02,False
MNQ,2023-01-11,primary_2023_2025,unclassified,,,True,False,primary_2023_2025,unclassified,,0.8673469387755102,False,False,False,broken,broken_up,1.7095115681233932,True,True,0.5188679245283019,13,2023,2023-01,2023-W02,False
MNQ,2023-01-12,primary_2023_2025,unclassified,,,False,False,primary_2023_2025,unclassified,,0.7469879518072289,False,True,True,trapped,trapped,0.9012048192771084,True,False,0.50920245398773,20,2023,2023-01,2023-W02,False
MNQ,2023-01-13,primary_2023_2025,unclassified,,,False,True,primary_2023_2025,unclassified,,0.8826923076923077,False,False,True,trapped,trapped,1.4581497797356828,True,True,0.4875,12,2023,2023-01,2023-W02,False
MNQ,2023-01-16,primary_2023_2025,unclassified,,,False,False,primary_2023_2025,unclassified,,0.8983050847457628,False,False,False,trapped,trapped,1.347457627118644,True,False,0.5217391304347826,11,2023,2023-01,2023-W03,False
MNQ,2023-01-17,primary_2023_2025,unclassified,,,False,True,primary_2023_2025,unclassified,,0.5156537753222836,False,True,True,broken,broken_up,0.8011049723756906,False,False,0.553125,49,2023,2023-01,2023-W03,False
MNQ,2023-01-18,primary_2023_2025,unclassified,,,True,False,primary_2023_2025,unclassified,,0.3696900114810562,True,False,False,broken,broken_up,2.845272206303725,True,True,0.5496894409937888,1,2023,2023-01,2023-W03,False
MNQ,2023-01-19,primary_2023_2025,unclassified,,,True,False,primary_2023_2025,unclassified,,0.9362549800796812,False,True,True,trapped,trapped,1.4936061381074168,True,True,0.44,21,2023,2023-01,2023-W03,False
MNQ,2023-01-20,primary_2023_2025,unclassified,,,True,False,primary_2023_2025,unclassified,,0.6359223300970874,False,False,False,broken,broken_up,2.119815668202765,True,True,0.5124223602484472,0,2023,2023-01,2023-W03,False
MNQ,2023-01-23,primary_2023_2025,unclassified,,,True,False,primary_2023_2025,unclassified,,0.2732049036777583,True,False,False,broken,broken_up,0.7430093209054593,True,True,0.5403726708074534,0,2023,2023-01,2023-W04,False
MNQ,2023-01-24,primary_2023_2025,unclassified,,,False,True,primary_2023_2025,unclassified,,0.5824175824175825,False,True,True,broken,broken_up,0.7516483516483516,False,False,0.5474006116207951,12,2023,2023-01,2023-W04,False
MNQ,2023-01-25,primary_2023_2025,unclassified,,0.6313645621181263,False,True,primary_2023_2025,unclassified,,0.8333333333333334,False,False,False,broken,broken_down,2.721461187214612,True,True,0.50625,11,2023,2023-01,2023-W04,False
MNQ,2023-01-26,primary_2023_2025,unclassified,,0.7535944471988101,False,True,primary_2023_2025,unclassified,,0.6578947368421053,False,True,True,broken,broken_up,1.62109375,True,True,0.4705882352941176,32,2023,2023-01,2023-W04,False
MNQ,2023-01-27,primary_2023_2025,unclassified,,0.6836734693877551,True,False,primary_2023_2025,unclassified,,0.736318407960199,False,False,False,broken,broken_up,1.429519071310116,True,True,0.5290519877675841,5,2023,2023-01,2023-W04,False
MNQ,2023-01-30,primary_2023_2025,unclassified,,0.7423203273586537,False,True,primary_2023_2025,unclassified,,0.4580745341614907,True,False,True,broken,broken_down,0.961206896551724,True,True,0.5138461538461538,0,2023,2023-01,2023-W05,False
MNQ,2023-01-31,primary_2023_2025,neutral,1.0868347338935571,0.5883408071748879,True,False,primary_2023_2025,standard,0.7797147385103012,0.483739837398374,True,False,False,broken,broken_up,1.236413043478261,True,True,0.567398119122257,0,2023,2023-01,2023-W05,True
MNQ,2023-02-01,primary_2023_2025,compression,0.6311858076563959,0.3672428449985832,False,True,primary_2023_2025,standard,0.5307125307125307,0.8055555555555556,False,True,True,trapped,trapped,8.195555555555556,True,True,0.5015479876160991,56,2023,2023-02,2023-W05,True
MNQ,2023-02-02,primary_2023_2025,expansion,1.357609710550887,0.7912702252324894,True,False,primary_2023_2025,standard,1.2678725236864772,0.8478260869565217,False,False,False,broken,broken_up,2.4325,True,True,0.5061728395061729,3,2023,2023-02,2023-W05,True
MNQ,2023-02-03,primary_2023_2025,expansion,1.5760971055088702,1.224218230206254,True,False,primary_2023_2025,exhaustion,1.959049959049959,0.8712374581939799,False,True,True,broken,broken_up,1.09024612579763,True,True,0.5,14,2023,2023-02,2023-W05,True
MNQ,2023-02-06,primary_2023_2025,neutral,1.107376283846872,0.6002858504049547,False,True,primary_2023_2025,standard,0.9287469287469288,0.7513227513227513,False,True,True,trapped,trapped,1.2848101265822784,True,True,0.5372670807453416,39,2023,2023-02,2023-W06,True
MNQ,2023-02-07,primary_2023_2025,compression,0.6956521739130435,0.3928744416339271,False,False,primary_2023_2025,standard,0.6239316239316239,3.495890410958904,False,True,True,trapped,trapped,4.684039087947883,True,True,0.5169230769230769,18,2023,2023-02,2023-W06,True
MNQ,2023-02-08,primary_2023_2025,neutral,0.7808340727595386,0.9415568015355862,True,False,primary_2023_2025,exhaustion,1.6568888888888889,0.453862660944206,True,True,False,broken,broken_down,1.6304909560723515,True,True,0.4754601226993865,0,2023,2023-02,2023-W06,True
MNQ,2023-02-09,primary_2023_2025,expansion,1.318544809228039,0.6385981990752008,False,True,primary_2023_2025,standard,1.1213675213675214,0.7591463414634146,False,False,False,broken,broken_up,2.6704035874439462,True,True,0.4876543209876543,0,2023,2023-02,2023-W06,True
MNQ,2023-02-10,primary_2023_2025,neutral,1.284826974267968,0.5143820856366532,False,False,primary_2023_2025,standard,0.9384615384615383,0.9198542805100182,False,False,True,trapped,trapped,1.209471766848816,True,True,0.55,15,2023,2023-02,2023-W06,True
MNQ,2023-02-13,primary_2023_2025,neutral,1.1978704525288375,0.7135922330097088,True,False,primary_2023_2025,standard,1.2564102564102564,0.3578231292517007,True,False,False,broken,broken_up,1.006198347107438,True,True,0.5047021943573667,0,2023,2023-02,2023-W07,True
MNQ,2023-02-14,primary_2023_2025,expansion,1.5704347826086955,1.1058420923979466,False,True,primary_2023_2025,exhaustion,1.8525798525798525,0.7250221043324492,False,True,True,broken,broken_down,0.8770999115826702,False,False,0.4506172839506173,5,2023,2023-02,2023-W07,True
MNQ,2023-02-15,primary_2023_2025,compression,0.6365957446808511,0.4123039694727535,True,False,primary_2023_2025,standard,0.7020602218700476,0.7200902934537246,False,False,False,broken,broken_both,1.662004662004662,True,True,0.5276073619631901,7,2023,2023-02,2023-W07,True
MNQ,2023-02-16,primary_2023_2025,expansion,1.9046808510638296,0.6686128637348149,False,True,primary_2023_2025,standard,1.162981162981163,0.504225352112676,False,False,False,broken,broken_down,1.7375745526838966,True,True,0.478125,3,2023,2023-02,2023-W07,True
MNQ,2023-02-17,primary_2023_2025,neutral,0.8224755700325733,0.4954379562043796,True,False,primary_2023_2025,standard,0.8605388272583201,0.6077348066298343,False,True,True,broken,broken_down,1.123529411764706,True,True,0.4643962848297213,12,2023,2023-02,2023-W07,True
MNQ,2023-02-20,primary_2023_2025,compression,0.4674267100977198,0.0986269580351962,False,False,primary_2023_2025,standard,0.1635926222935044,0.8137254901960784,False,False,True,trapped,trapped,0.9509803921568628,True,False,0.5107913669064749,7,2023,2023-02,2023-W08,True
MNQ,2023-02-21,primary_2023_2025,neutral,1.017915309446254,0.5480832199889175,True,False,primary_2023_2025,standard,0.92991452991453,0.3180147058823529,True,False,False,broken,broken_down,1.24373576309795,True,True,0.5030864197530864,0,2023,2023-02,2023-W08,True
MNQ,2023-02-22,primary_2023_2025,compression,0.638095238095238,0.544739525173569,False,True,primary_2023_2025,standard,0.958974358974359,0.6399286987522281,False,True,True,broken,broken_both,1.1635687732342008,True,True,0.5015384615384615,29,2023,2023-02,2023-W08,True
MNQ,2023-02-23,primary_2023_2025,neutral,0.7257799671592775,0.7427134191448439,True,False,primary_2023_2025,standard,1.2871794871794873,0.5139442231075697,False,True,False,trapped,trapped,2.3054830287206265,True,True,0.4938271604938271,18,2023,2023-02,2023-W08,True
MNQ,2023-02-24,primary_2023_2025,expansion,1.6408510638297873,0.4793223716990533,False,True,primary_2023_2025,standard,0.8222222222222222,0.7255717255717256,False,False,True,broken,broken_down,0.9038901601830664,True,True,0.4968944099378882,35,2023,2023-02,2023-W08,True
MNQ,2023-02-27,primary_2023_2025,neutral,1.0870279146141215,0.5142207053469852,False,True,primary_2023_2025,standard,0.8014184397163121,0.6061946902654868,False,True,True,broken,broken_up,1.2048192771084338,True,False,0.5705521472392638,7,2023,2023-02,2023-W09,True
MNQ,2023-02-28,primary_2023_2025,neutral,0.8045977011494253,0.390473390179359,False,False,primary_2023_2025,standard,0.5981981981981982,1.2530120481927711,False,False,True,trapped,trapped,1.5421686746987953,True,True,0.5202492211838006,34,2023,2023-02,2023-W09,True
MNQ,2023-03-01,primary_2023_2025,neutral,1.0032840722495897,0.7075202556202215,True,False,primary_2023_2025,standard,1.117117117117117,0.5725806451612904,False,True,True,broken,broken_down,0.889763779527559,True,True,0.4420062695924764,46,2023,2023-03,2023-W09,True
MNQ,2023-03-02,primary_2023_2025,neutral,1.0372168284789645,0.4096318848602269,False,False,primary_2023_2025,standard,0.6560283687943262,1.281081081081081,False,False,True,trapped,trapped,2.5162241887905603,True,True,0.4907407407407407,18,2023,2023-03,2023-W09,True
MNQ,2023-03-03,primary_2023_2025,neutral,0.9239482200647248,0.5529797580006786,True,False,primary_2023_2025,standard,0.8810810810810811,0.7791411042944786,False,False,False,broken,broken_up,1.317391304347826,True,True,0.4921135646687697,0,2023,2023-03,2023-W09,True
MNQ,2023-03-06,primary_2023_2025,neutral,0.7093023255813954,0.6634730538922156,True,False,primary_2023_2025,standard,1.0137236962488565,0.8267148014440433,False,True,True,broken,broken_up,1.7911227154046998,True,True,0.5299684542586751,15,2023,2023-03,2023-W10,True
MNQ,2023-03-07,primary_2023_2025,compression,0.4686971235194585,0.8915054667788058,True,False,primary_2023_2025,standard,1.3577310155535225,0.7601078167115903,False,False,True,broken,broken_down,0.9528301886792452,True,True,0.5015479876160991,19,2023,2023-03,2023-W10,True
MNQ,2023-03-08,primary_2023_2025,compression,0.5296108291032149,0.5810237638719424,False,True,primary_2023_2025,standard,0.9066183136899364,0.902,False,True,True,broken,broken_down,1.0488372093023255,True,True,0.5107692307692308,28,2023,2023-03,2023-W10,True
MNQ,2023-03-09,primary_2023_2025,neutral,0.9509306260575296,0.5931440235336495,True,False,primary_2023_2025,standard,0.9039341262580056,1.7165991902834008,False,True,True,broken,broken_up,2.9979757085020244,True,True,0.5276073619631901,20,2023,2023-03,2023-W10,True
MNQ,2023-03-10,primary_2023_2025,expansion,1.3451015004413065,0.8657706406004538,False,True,primary_2023_2025,standard,1.3689052437902485,1.521505376344086,False,True,True,broken,broken_down,1.749613601236476,True,True,0.544891640866873,32,2023,2023-03,2023-W10,True
MNQ,2023-03-13,primary_2023_2025,expansion,2.944395410414828,1.6812044449755048,False,False,primary_2023_2025,exhaustion,2.5887764489420424,0.4207533759772566,True,True,False,trapped,trapped,1.0264227642276422,True,False,0.5351681957186545,0,2023,2023-03,2023-W11,True
MNQ,2023-03-14,primary_2023_2025,expansion,1.3592233009708738,0.6661415550804546,True,False,primary_2023_2025,standard,1.0892364305427782,0.8716216216216216,False,True,True,broken,broken_up,1.7465116279069768,True,True,0.4720496894409938,45,2023,2023-03,2023-W11,True
MNQ,2023-03-15,primary_2023_2025,expansion,1.9858781994704324,0.5198372867029426,False,False,primary_2023_2025,standard,0.90524379024839,1.056910569105691,False,False,True,trapped,trapped,2.7621621621621624,True,True,0.4953560371517028,38,2023,2023-03,2023-W11,True
MNQ,2023-03-16,primary_2023_2025,neutral,0.8967851099830795,1.131248755228042,True,False,primary_2023_2025,exhaustion,2.0901563937442504,0.363556338028169,True,False,False,broken,broken_down,2.8385093167701863,True,True,0.5235109717868338,0,2023,2023-03,2023-W11,True
MNQ,2023-03-17,primary_2023_2025,neutral,0.7608120035304501,0.8835186080231996,True,False,primary_2023_2025,exhaustion,1.6816927322907085,0.5470459518599562,False,True,True,broken,broken_up,0.9658886894075404,True,True,0.4767801857585139,0,2023,2023-03,2023-W11,True
MNQ,2023-03-20,primary_2023_2025,expansion,1.585172109443954,0.6495609086003042,False,False,primary_2023_2025,standard,1.2058287795992717,0.7990936555891238,False,True,True,trapped,trapped,1.3734939759036144,True,False,0.5263157894736842,3,2023,2023-03,2023-W12,True
MNQ,2023-03-21,primary_2023_2025,neutral,0.7851099830795262,0.4917951514550592,False,True,primary_2023_2025,standard,0.8896860986547085,0.8729838709677419,False,True,True,broken,broken_up,1.7946859903381642,True,True,0.4829721362229102,11,2023,2023-03,2023-W12,True
MNQ,2023-03-22,primary_2023_2025,compression,0.5542806707855251,0.334889092046384,True,False,primary_2023_2025,standard,0.6242152466367713,0.8477011494252874,False,False,True,broken,broken_up,4.433908045977011,True,True,0.4654088050314465,37,2023,2023-03,2023-W12,True
MNQ,2023-03-23,primary_2023_2025,neutral,1.143865842894969,0.6812517308224869,True,False,primary_2023_2025,standard,1.4003795066413662,0.6693766937669376,False,True,True,broken,broken_up,2.696832579185521,True,True,0.4753086419753086,11,2023,2023-03,2023-W12,True
MNQ,2023-03-24,primary_2023_2025,neutral,1.1336717428087986,0.4294755877034358,True,False,primary_2023_2025,standard,0.9013282732447818,1.0042105263157894,False,True,True,broken,broken_down,1.5632183908045978,True,True,0.5323076923076923,41,2023,2023-03,2023-W12,True
MNQ,2023-03-27,primary_2023_2025,neutral,0.8629441624365483,0.541030534351145,True,False,primary_2023_2025,standard,1.0759013282732448,0.6331569664902998,False,False,False,trapped,trapped,1.592814371257485,True,True,0.5169230769230769,0,2023,2023-03,2023-W13,True
MNQ,2023-03-28,primary_2023_2025,compression,0.5789938217122683,0.4942114991730713,True,False,primary_2023_2025,standard,0.9063336306868868,0.6968503937007874,False,False,True,broken,broken_down,0.9592326139088728,True,True,0.5188679245283019,13,2023,2023-03,2023-W13,True
MNQ,2023-03-29,primary_2023_2025,neutral,1.055604589585172,0.3017714749558324,True,False,primary_2023_2025,standard,0.5637823371989296,0.5981012658227848,False,False,True,broken,broken_up,2.685990338164251,True,True,0.5158227848101266,55,2023,2023-03,2023-W13,True
MNQ,2023-03-30,primary_2023_2025,neutral,1.0061782877316858,0.3180329425167323,True,False,primary_2023_2025,standard,0.6308851224105462,0.9134328358208956,False,True,True,broken,broken_up,1.3388704318936877,True,True,0.4859813084112149,42,2023,2023-03,2023-W13,True
MNQ,2023-03-31,primary_2023_2025,compression,0.5812720848056537,0.469303706541519,True,False,primary_2023_2025,standard,0.9227871939736346,0.463265306122449,True,False,False,broken,broken_up,1.9644970414201184,True,True,0.483076923076923,0,2023,2023-03,2023-W13,True
MNQ,2023-04-03,primary_2023_2025,neutral,0.7051282051282052,0.4580382703028477,False,True,primary_2023_2025,standard,0.8587570621468926,0.4539473684210526,True,False,False,trapped,trapped,1.7659574468085106,True,True,0.509493670886076,16,2023,2023-04,2023-W14,True
MNQ,2023-04-04,primary_2023_2025,neutral,0.8974358974358975,0.5024285788896433,False,True,primary_2023_2025,standard,0.9543650793650794,0.5571725571725572,False,False,False,trapped,trapped,1.3746770025839794,True,True,0.4968553459119497,4,2023,2023-04,2023-W14,True
MNQ,2023-04-05,primary_2023_2025,compression,0.5494505494505495,0.6861298482293423,True,False,primary_2023_2025,standard,1.3072289156626506,0.3594470046082949,True,True,False,broken,broken_down,1.0343007915567282,True,True,0.4953846153846153,0,2023,2023-04,2023-W14,True
MNQ,2023-04-06,primary_2023_2025,neutral,0.7051282051282052,0.5639365845630588,False,True,primary_2023_2025,standard,1.0239043824701195,0.8365758754863813,False,False,False,broken,broken_down,1.8148148148148149,True,True,0.445141065830721,0,2023,2023-04,2023-W14,True
MNQ,2023-04-10,primary_2023_2025,expansion,1.3269230769230769,0.5561412756984713,False,True,primary_2023_2025,standard,0.8258317025440313,1.1777251184834123,False,False,True,broken,broken_down,2.066265060240964,True,False,0.5141065830721003,1,2023,2023-04,2023-W15,True
MNQ,2023-04-11,primary_2023_2025,compression,0.6442307692307693,0.5606733381933858,True,False,primary_2023_2025,standard,0.8426294820717132,0.6879432624113475,False,True,True,broken,broken_down,0.8814016172506739,True,True,0.5186335403726708,11,2023,2023-04,2023-W15,True
MNQ,2023-04-12,primary_2023_2025,expansion,1.622,1.0701251303441084,True,False,primary_2023_2025,exhaustion,1.6619433198380569,0.4786845310596833,True,True,True,broken,broken_down,1.294915254237288,True,True,0.5372670807453416,12,2023,2023-04,2023-W15,True
MNQ,2023-04-13,primary_2023_2025,neutral,0.916,0.6181379704258425,True,False,primary_2023_2025,standard,0.98582995951417,0.7227926078028748,False,False,False,broken,broken_up,1.065126050420168,True,True,0.4700315457413249,0,2023,2023-04,2023-W15,True
MNQ,2023-04-14,primary_2023_2025,neutral,0.9769392033542976,0.6988810401950365,False,True,primary_2023_2025,standard,1.1338742393509127,0.6153846153846154,False,False,False,broken,broken_up,1.0977596741344195,True,True,0.51875,0,2023,2023-04,2023-W15,True
MNQ,2023-04-17,primary_2023_2025,compression,0.5311827956989247,0.5343889163780307,True,False,primary_2023_2025,standard,0.7667342799188641,0.5476190476190477,False,False,False,broken,broken_down,1.6813186813186811,True,True,0.5220125786163522,14,2023,2023-04,2023-W16,True
MNQ,2023-04-18,primary_2023_2025,neutral,1.1913978494623656,0.8106942647692971,False,True,primary_2023_2025,standard,1.1545547594677583,0.3599290780141844,True,False,False,trapped,trapped,0.4904214559386973,True,True,0.5389408099688473,0,2023,2023-04,2023-W16,True
MNQ,2023-04-19,primary_2023_2025,neutral,1.0451612903225806,0.4795526039846207,False,False,primary_2023_2025,standard,0.7021494370522006,0.8658892128279884,False,False,False,trapped,trapped,2.133640552995392,True,True,0.5202492211838006,0,2023,2023-04,2023-W16,True
MNQ,2023-04-20,primary_2023_2025,neutral,1.1869747899159664,0.6349656296506272,False,False,primary_2023_2025,standard,0.9256198347107438,0.8482142857142857,False,False,True,trapped,trapped,1.67688679245283,True,True,0.4842767295597484,18,2023,2023-04,2023-W16,True
MNQ,2023-04-21,primary_2023_2025,neutral,0.8442622950819673,0.5660511869965067,False,True,primary_2023_2025,standard,0.8202479338842975,0.5944584382871536,False,False,False,broken,broken_down,1.1889168765743072,True,True,0.5587301587301587,6,2023,2023-04,2023-W16,True
MNQ,2023-04-24,primary_2023_2025,neutral,0.7163865546218487,0.8474706379058877,True,False,primary_2023_2025,standard,1.1548117154811717,0.6014492753623188,False,True,False,broken,broken_up,1.634375,True,True,0.5172413793103449,1,2023,2023-04,2023-W17,True
MNQ,2023-04-25,primary_2023_2025,neutral,0.7987012987012987,0.5396875493135552,True,False,primary_2023_2025,standard,0.7066115702479339,1.131578947368421,False,False,False,broken,broken_down,2.1464968152866244,True,True,0.4813664596273292,0,2023,2023-04,2023-W17,True
MNQ,2023-04-26,primary_2023_2025,neutral,1.025287356321839,0.6041431261770245,False,False,primary_2023_2025,standard,0.855923159018143,1.0623441396508728,False,True,True,trapped,trapped,2.090909090909091,True,True,0.5015576323987538,15,2023,2023-04,2023-W17,True
MNQ,2023-04-27,primary_2023_2025,neutral,0.9778761061946902,0.7955140186915888,True,False,primary_2023_2025,standard,1.176991150442478,0.6954887218045113,False,False,False,broken,broken_up,2.2888888888888888,True,True,0.5295950155763239,0,2023,2023-04,2023-W17,True
MNQ,2023-04-28,primary_2023_2025,compression,0.6058558558558559,0.6815295611683363,False,True,primary_2023_2025,standard,1.030949839914621,0.639751552795031,False,True,True,broken,broken_up,1.1753653444676408,True,True,0.5109717868338558,9,2023,2023-04,2023-W17,True
MNQ,2023-05-01,primary_2023_2025,neutral,0.7681498829039812,0.4480218695421064,True,False,primary_2023_2025,standard,0.6120331950207469,1.3627118644067795,False,True,True,broken,broken_down,2.1384615384615384,True,True,0.5403726708074534,37,2023,2023-05,2023-W18,True
MNQ,2023-05-02,primary_2023_2025,compression,0.6229508196721312,1.1764705882352942,True,False,primary_2023_2025,exhaustion,1.6755602988260403,0.5656050955414013,False,True,True,broken,broken_down,0.956896551724138,True,True,0.5157232704402516,0,2023,2023-05,2023-W18,True
MNQ,2023-05-03,primary_2023_2025,neutral,0.7049180327868853,0.3601922938939513,False,True,primary_2023_2025,standard,0.520746887966805,0.9083665338645418,False,True,True,broken,broken_up,4.0,True,True,0.4921630094043887,49,2023,2023-05,2023-W18,True
MNQ,2023-05-04,primary_2023_2025,neutral,1.2948557089084065,0.5973952434881087,False,True,primary_2023_2025,standard,0.9065520945220192,0.9549763033175356,False,True,True,broken,broken_down,1.588957055214724,True,True,0.4938650306748466,51,2023,2023-05,2023-W18,True
MNQ,2023-05-05,primary_2023_2025,neutral,0.882903981264637,0.8717116862966359,True,False,primary_2023_2025,standard,1.4190585533869116,0.4288025889967637,True,False,False,broken,broken_up,1.0810234541577826,True,True,0.473186119873817,0,2023,2023-05,2023-W18,True
MNQ,2023-05-08,primary_2023_2025,compression,0.4519906323185012,0.3400686237133054,False,True,primary_2023_2025,standard,0.5120551090700345,1.3542600896860986,False,True,True,broken,broken_down,2.3045685279187818,True,True,0.5159235668789809,6,2023,2023-05,2023-W19,True
MNQ,2023-05-09,primary_2023_2025,neutral,0.7934093789607097,0.3366476160651374,False,True,primary_2023_2025,standard,0.4936854190585534,0.641860465116279,False,True,True,trapped,trapped,1.2329545454545454,True,True,0.5555555555555556,25,2023,2023-05,2023-W19,True
MNQ,2023-05-10,primary_2023_2025,expansion,2.091254752851711,0.8352561144439317,False,True,primary_2023_2025,standard,1.2482758620689656,0.9594843462246776,False,False,True,broken,broken_up,1.6466666666666667,True,True,0.5076923076923077,27,2023,2023-05,2023-W19,True
MNQ,2023-05-11,primary_2023_2025,compression,0.6539923954372624,0.4365966323945761,False,True,primary_2023_2025,standard,0.6735632183908046,0.9044368600682594,False,True,True,broken,broken_down,1.804081632653061,True,True,0.4620253164556962,5,2023,2023-05,2023-W19,True
MNQ,2023-05-12,primary_2023_2025,compression,0.5442359249329759,0.6699714586149917,True,False,primary_2023_2025,standard,1.0838396111786148,0.827354260089686,False,False,False,broken,broken_down,1.3657817109144543,True,True,0.5235109717868338,0,2023,2023-05,2023-W19,True
MNQ,2023-05-15,primary_2023_2025,neutral,1.0985915492957747,0.5299968915138328,False,False,primary_2023_2025,standard,0.8286755771567437,0.7155425219941349,False,False,False,trapped,trapped,1.5194805194805194,True,True,0.5047021943573667,6,2023,2023-05,2023-W20,True
MNQ,2023-05-16,primary_2023_2025,neutral,0.7050938337801609,0.6519535210169227,True,False,primary_2023_2025,standard,1.0157958687727826,0.5095693779904307,False,False,False,broken,broken_up,0.92,True,True,0.4875,1,2023,2023-05,2023-W20,True
MNQ,2023-05-17,primary_2023_2025,compression,0.5943661971830986,0.5234493192133132,True,False,primary_2023_2025,standard,0.8449328449328449,1.6098265895953756,False,False,False,broken,broken_up,2.523076923076923,True,True,0.5295950155763239,2,2023,2023-05,2023-W20,True
MNQ,2023-05-18,primary_2023_2025,compression,0.6636771300448431,1.0589470526473677,True,False,primary_2023_2025,exhaustion,1.724053724053724,0.5240793201133145,False,True,False,broken,broken_up,1.1788617886178865,True,True,0.5358255451713395,0,2023,2023-05,2023-W20,True
MNQ,2023-05-19,primary_2023_2025,neutral,1.0358814352574104,0.4379774463441251,True,False,primary_2023_2025,standard,0.7350427350427351,0.8737541528239202,False,False,False,broken,broken_down,1.4014869888475836,True,True,0.5714285714285714,9,2023,2023-05,2023-W20,True
MNQ,2023-05-22,primary_2023_2025,neutral,1.060842433697348,0.6428226196230062,True,False,primary_2023_2025,standard,0.9743589743589745,0.543859649122807,False,True,True,broken,broken_up,0.7268170426065163,False,False,0.5431309904153354,49,2023,2023-05,2023-W21,True
MNQ,2023-05-23,primary_2023_2025,expansion,1.893915756630265,0.3772057633155253,False,True,primary_2023_2025,standard,0.5825,1.8369098712446352,False,True,True,broken,broken_down,2.781115879828326,True,True,0.5139318885448917,32,2023,2023-05,2023-W21,True
MNQ,2023-05-24,primary_2023_2025,expansion,1.594383775351014,0.662890385793019,True,False,primary_2023_2025,standard,1.0825,0.6397228637413395,False,True,True,broken,broken_down,1.5617977528089888,True,True,0.503125,25,2023,2023-05,2023-W21,True
MNQ,2023-05-25,primary_2023_2025,expansion,2.146645865834633,0.779912223901,False,True,primary_2023_2025,standard,1.3268053855569155,0.6051660516605166,False,False,False,trapped,trapped,1.4291938997821352,True,True,0.490566037735849,5,2023,2023-05,2023-W21,True
MNQ,2023-05-26,primary_2023_2025,expansion,1.4945397815912635,1.4755877034358047,True,False,primary_2023_2025,exhaustion,2.4969400244798043,0.3558823529411765,True,False,False,broken,broken_up,0.924901185770751,True,True,0.484472049689441,0,2023,2023-05,2023-W21,True
MNQ,2023-05-29,primary_2023_2025,neutral,0.9515151515151516,0.123922797521544,False,False,primary_2023_2025,standard,0.2129742962056303,1.6551724137931034,False,False,True,trapped,trapped,2.1818181818181817,True,False,0.4857142857142857,1,2023,2023-05,2023-W22,True
MNQ,2023-05-30,primary_2023_2025,expansion,2.374613003095975,0.9749430523917996,False,False,primary_2023_2025,exhaustion,1.5716034271725827,0.8753894080996885,False,False,True,trapped,trapped,0.9236760124610592,True,True,0.4876543209876543,14,2023,2023-05,2023-W22,True
MNQ,2023-05-31,primary_2023_2025,expansion,1.369047619047619,0.8386495591713856,True,False,primary_2023_2025,standard,1.4320685434516525,0.7692307692307693,False,True,True,broken,broken_down,0.8152173913043478,True,True,0.5170278637770898,17,2023,2023-05,2023-W22,True
MNQ,2023-06-01,primary_2023_2025,neutral,0.99023709902371,0.8548820121520417,True,False,primary_2023_2025,standard,1.4404761904761905,0.7173553719008264,False,False,False,broken,broken_up,2.682451253481894,True,True,0.5063694267515924,5,2023,2023-06,2023-W22,True
MNQ,2023-06-02,primary_2023_2025,neutral,1.041726618705036,0.8488598910338333,True,False,primary_2023_2025,standard,1.4829612220916568,0.3534072900158478,True,True,False,broken,broken_both,0.6767036450079239,False,False,0.5093167701863354,3,2023,2023-06,2023-W22,True
MNQ,2023-06-05,primary_2023_2025,neutral,0.823021582733813,0.6196116913156234,True,False,primary_2023_2025,standard,1.0387779083431257,0.7714932126696833,False,True,True,broken,broken_up,1.8035714285714288,True,True,0.5139318885448917,23,2023,2023-06,2023-W23,True
MNQ,2023-06-06,primary_2023_2025,compression,0.6848920863309352,0.5713483540394468,False,True,primary_2023_2025,standard,0.9302857142857144,0.945945945945946,False,True,True,broken,broken_down,1.25,True,True,0.5372670807453416,12,2023,2023-06,2023-W23,True
MNQ,2023-06-07,primary_2023_2025,neutral,0.8920863309352518,1.251289102784462,True,False,primary_2023_2025,exhaustion,2.08,0.7406593406593407,False,False,False,broken,broken_both,1.7704347826086957,True,True,0.514018691588785,0,2023,2023-06,2023-W23,True
MNQ,2023-06-08,primary_2023_2025,expansion,1.363095238095238,0.8599382080329557,True,False,primary_2023_2025,exhaustion,1.526857142857143,0.6137724550898204,False,True,False,broken,broken_up,1.3421052631578947,True,True,0.5327102803738317,0,2023,2023-06,2023-W23,True
MNQ,2023-06-09,primary_2023_2025,neutral,1.1971223021582733,0.7004470938897168,False,True,primary_2023_2025,standard,1.2702702702702702,0.8439716312056738,False,True,False,broken,broken_up,1.391634980988593,True,False,0.4423676012461059,5,2023,2023-06,2023-W23,True
MNQ,2023-06-12,primary_2023_2025,expansion,3.101813110181311,0.3490136570561457,False,True,primary_2023_2025,standard,0.5609756097560976,1.1557971014492754,False,False,False,trapped,trapped,3.759090909090909,True,True,0.5537974683544303,11,2023,2023-06,2023-W24,True
MNQ,2023-06-13,primary_2023_2025,expansion,1.9330543933054396,0.8088013056882065,False,True,primary_2023_2025,standard,1.3597560975609757,0.4648729446935725,True,False,True,broken,broken_down,0.820627802690583,False,False,0.4937106918238994,18,2023,2023-06,2023-W24,True
MNQ,2023-06-14,primary_2023_2025,neutral,0.7275064267352185,0.7666490019431196,True,False,primary_2023_2025,standard,1.1772151898734178,0.5376344086021505,False,True,True,broken,broken_both,2.010482180293501,True,True,0.4953560371517028,13,2023,2023-06,2023-W24,True
MNQ,2023-06-15,primary_2023_2025,expansion,1.673521850899743,0.8266926560798028,True,False,primary_2023_2025,standard,1.2550043516100955,0.5436893203883495,False,False,False,broken,broken_up,1.4384,True,True,0.4937106918238994,0,2023,2023-06,2023-W24,True
MNQ,2023-06-16,primary_2023_2025,expansion,1.459954233409611,0.6709920700937171,False,True,primary_2023_2025,standard,1.0530896431679722,0.5669421487603306,False,True,True,broken,broken_up,1.1070175438596492,True,True,0.5031055900621118,44,2023,2023-06,2023-W24,True
MNQ,2023-06-19,primary_2023_2025,neutral,0.7668845315904139,0.1069393031317938,False,True,primary_2023_2025,standard,0.1529411764705882,0.7912087912087912,False,True,True,broken,broken_down,0.7912087912087912,False,False,0.5827338129496403,28,2023,2023-06,2023-W25,True
MNQ,2023-06-20,primary_2023_2025,neutral,0.775599128540305,0.9424418976887124,False,True,primary_2023_2025,standard,1.2369747899159664,0.6875,False,True,True,broken,broken_both,0.8958333333333334,True,True,0.5124223602484472,9,2023,2023-06,2023-W25,True
MNQ,2023-06-21,primary_2023_2025,neutral,0.8375286041189931,1.0758826084258857,True,False,primary_2023_2025,standard,1.4330578512396694,0.3160322952710496,True,True,False,broken,broken_down,1.0278745644599303,True,True,0.5186335403726708,4,2023,2023-06,2023-W25,True
MNQ,2023-06-22,primary_2023_2025,neutral,0.918158567774936,0.8763008514664143,True,False,primary_2023_2025,standard,1.199029126213592,0.5330634278002699,False,False,True,broken,broken_both,0.8744939271255061,True,True,0.5232198142414861,10,2023,2023-06,2023-W25,True
MNQ,2023-06-23,primary_2023_2025,expansion,2.3736263736263736,0.482633397762549,True,False,primary_2023_2025,standard,0.6472898664571878,1.4393203883495145,False,True,True,broken,broken_down,1.444174757281553,True,False,0.5545171339563862,14,2023,2023-06,2023-W25,True
MNQ,2023-06-26,primary_2023_2025,neutral,1.28021978021978,0.8322098296359848,False,True,primary_2023_2025,standard,1.098705501618123,0.8851251840942562,False,False,False,broken,broken_up,2.138671875,True,True,0.5415384615384615,1,2023,2023-06,2023-W26,True
MNQ,2023-06-27,primary_2023_2025,neutral,0.7621483375959079,0.4513683212889467,True,False,primary_2023_2025,standard,0.598586017282011,1.4960629921259845,False,False,False,broken,broken_up,2.73972602739726,True,True,0.4984520123839009,19,2023,2023-06,2023-W26,True
MNQ,2023-06-28,primary_2023_2025,neutral,0.7857142857142857,0.8209250976617789,True,False,primary_2023_2025,standard,1.1731391585760518,0.8813793103448276,False,True,True,broken,broken_up,1.339622641509434,True,True,0.5138461538461538,12,2023,2023-06,2023-W26,True
MNQ,2023-06-29,primary_2023_2025,neutral,1.115117891816921,0.52429811703687,False,True,primary_2023_2025,standard,0.7254290171606864,0.7182795698924731,False,True,True,broken,broken_down,1.0182648401826484,True,True,0.4921135646687697,21,2023,2023-06,2023-W26,True
MNQ,2023-06-30,primary_2023_2025,expansion,1.8104395604395604,0.6158472075282588,True,False,primary_2023_2025,standard,0.8627145085803433,0.5714285714285714,False,False,True,broken,broken_up,0.6274864376130199,False,False,0.5360501567398119,19,2023,2023-06,2023-W26,True
MNQ,2023-07-03,primary_2023_2025,compression,0.6666666666666666,0.3906391727641047,True,False,primary_2023_2025,standard,0.5143312101910829,0.7306501547987616,False,True,True,trapped,trapped,1.1291866028708133,True,True,0.4968152866242038,2,2023,2023-07,2023-W27,True
MNQ,2023-07-04,primary_2023_2025,compression,0.4348958333333333,0.1165121523427712,False,False,primary_2023_2025,standard,0.1480891719745223,0.6666666666666666,False,False,True,trapped,trapped,0.8157894736842105,True,False,0.5639097744360902,0,2023,2023-07,2023-W27,True
MNQ,2023-07-05,primary_2023_2025,neutral,1.0546875,0.732124079915878,True,False,primary_2023_2025,standard,0.8869426751592356,0.2998204667863555,True,False,False,broken,broken_up,0.8206106870229007,True,True,0.5127388535031847,66,2023,2023-07,2023-W27,True
MNQ,2023-07-06,primary_2023_2025,expansion,1.990086741016109,0.5541595925297114,True,False,primary_2023_2025,standard,0.69803250641574,1.0024509803921569,False,True,True,broken,broken_down,1.3627450980392155,True,False,0.5198776758409785,25,2023,2023-07,2023-W27,True
MNQ,2023-07-07,primary_2023_2025,expansion,1.3605947955390334,0.5342735100684792,False,False,primary_2023_2025,standard,0.7029438001784122,1.2055837563451777,False,False,False,trapped,trapped,2.097765363128492,True,True,0.515625,6,2023,2023-07,2023-W27,True
MNQ,2023-07-10,primary_2023_2025,neutral,1.278810408921933,0.7774011299435029,False,True,primary_2023_2025,standard,0.9297297297297298,0.9089147286821704,False,False,True,broken,broken_up,1.001937984496124,True,True,0.5297805642633229,40,2023,2023-07,2023-W28,True
MNQ,2023-07-11,primary_2023_2025,compression,0.6319702602230484,0.7657484846159749,False,True,primary_2023_2025,standard,0.8990990990990991,0.6953907815631263,False,True,True,broken,broken_down,0.9879759519038076,True,True,0.5202492211838006,8,2023,2023-07,2023-W28,True
MNQ,2023-07-12,primary_2023_2025,expansion,1.8932291666666667,0.5903676851372346,True,False,primary_2023_2025,standard,0.7464920486435921,1.1779448621553883,False,False,False,broken,broken_up,1.6015037593984962,True,False,0.514018691588785,62,2023,2023-07,2023-W28,True
MNQ,2023-07-13,primary_2023_2025,neutral,1.2465923172242874,0.3931273421480591,True,False,primary_2023_2025,standard,0.547783251231527,1.1618705035971224,False,False,True,broken,broken_up,2.643884892086331,True,True,0.5654952076677316,20,2023,2023-07,2023-W28,True
MNQ,2023-07-14,primary_2023_2025,compression,0.5774473358116481,0.7573340730979956,True,False,primary_2023_2025,standard,1.1327800829875518,0.7857142857142857,False,True,True,broken,broken_up,1.3278388278388278,True,True,0.5634674922600619,30,2023,2023-07,2023-W28,True
MNQ,2023-07-17,primary_2023_2025,neutral,0.71875,0.4595434898005611,True,False,primary_2023_2025,standard,0.6286307053941909,0.801980198019802,False,False,False,broken,broken_up,2.051546391752577,True,True,0.5170278637770898,16,2023,2023-07,2023-W29,True
MNQ,2023-07-18,primary_2023_2025,compression,0.4947916666666667,0.4971002485501242,True,False,primary_2023_2025,standard,0.6846473029045643,2.203030303030303,False,True,True,broken,broken_down,3.372727272727273,True,True,0.5607476635514018,4,2023,2023-07,2023-W29,True
MNQ,2023-07-19,primary_2023_2025,neutral,0.7604166666666666,0.4373813374586879,True,False,primary_2023_2025,standard,0.7092360319270239,1.7459807073954985,False,True,True,broken,broken_up,2.2611940298507465,True,True,0.5261538461538462,13,2023,2023-07,2023-W29,True
MNQ,2023-07-20,primary_2023_2025,neutral,1.269382391590013,1.1257278412766876,True,False,primary_2023_2025,exhaustion,1.9097560975609755,0.5402298850574713,False,False,False,broken,broken_down,1.5912897822445562,True,True,0.5233644859813084,0,2023,2023-07,2023-W29,True
MNQ,2023-07-21,primary_2023_2025,expansion,1.5960346964064436,0.9543161434977578,False,True,primary_2023_2025,exhaustion,1.6609756097560977,0.5859030837004405,False,True,True,broken,broken_both,0.7840236686390533,True,True,0.5339506172839507,14,2023,2023-07,2023-W29,True
MNQ,2023-07-24,primary_2023_2025,compression,0.6716232961586122,0.7794289044289044,False,True,primary_2023_2025,standard,1.2256586483390608,0.5439252336448598,False,True,True,broken,broken_both,0.5925233644859813,False,False,0.5274390243902439,69,2023,2023-07,2023-W30,True
MNQ,2023-07-25,primary_2023_2025,neutral,0.9085714285714286,0.5165772977871762,True,False,primary_2023_2025,standard,0.7835051546391752,0.7368421052631579,False,False,False,broken,broken_up,1.5584795321637428,True,True,0.5,5,2023,2023-07,2023-W30,True
MNQ,2023-07-26,primary_2023_2025,expansion,1.4833333333333334,0.7167112202875515,True,False,primary_2023_2025,standard,1.13631156930126,0.4677419354838709,True,True,True,broken,broken_down,2.310580204778157,True,True,0.5,15,2023,2023-07,2023-W30,True
MNQ,2023-07-27,primary_2023_2025,expansion,2.131350681536555,0.7995519148638242,False,True,primary_2023_2025,standard,1.3081328751431844,1.0595446584938704,False,False,True,broken,broken_up,2.5816135084427767,True,True,0.4814814814814814,13,2023,2023-07,2023-W30,True
MNQ,2023-07-28,primary_2023_2025,expansion,1.927927927927928,0.8166125230906427,True,False,primary_2023_2025,standard,1.418141592920354,0.7535101404056163,False,True,True,broken,broken_up,1.0522875816993464,True,True,0.4953560371517028,11,2023,2023-07,2023-W30,True
MNQ,2023-07-31,primary_2023_2025,neutral,1.1283783783783785,0.4934128759632115,False,False,primary_2023_2025,standard,0.8783185840707964,0.5465994962216625,False,False,True,trapped,trapped,0.801007556675063,True,False,0.5216049382716049,33,2023,2023-07,2023-W31,True
MNQ,2023-08-01,primary_2023_2025,neutral,1.0853658536585369,0.5520384907571537,False,True,primary_2023_2025,standard,0.9646017699115044,0.6055045871559633,False,False,True,broken,broken_down,0.833810888252149,True,False,0.5170278637770898,2,2023,2023-08,2023-W31,True
MNQ,2023-08-02,primary_2023_2025,expansion,1.5816733067729083,0.912847714796768,True,False,primary_2023_2025,exhaustion,1.5879828326180256,0.5891891891891892,False,False,False,broken,broken_down,1.0034662045060658,True,True,0.5372670807453416,0,2023,2023-08,2023-W31,True
MNQ,2023-08-03,primary_2023_2025,expansion,1.3209028459273795,0.6084687462934408,False,False,primary_2023_2025,standard,1.1008583690987124,0.6393762183235867,False,True,False,trapped,trapped,1.4730021598272138,True,True,0.4860681114551083,12,2023,2023-08,2023-W31,True
MNQ,2023-08-04,primary_2023_2025,neutral,1.252208047105005,0.8988367994360239,False,True,primary_2023_2025,exhaustion,1.5376884422110553,0.4928104575163399,True,True,False,broken,broken_both,1.431372549019608,True,True,0.5,7,2023,2023-08,2023-W31,True
MNQ,2023-08-07,primary_2023_2025,neutral,0.7948969578017664,0.6496266164774452,True,False,primary_2023_2025,standard,1.0573122529644268,0.8485981308411215,False,True,True,broken,broken_both,1.3440860215053765,True,True,0.5205047318611987,33,2023,2023-08,2023-W32,True
MNQ,2023-08-08,primary_2023_2025,expansion,1.4282868525896415,0.7778526367366938,True,False,primary_2023_2025,standard,1.254940711462451,0.5637795275590551,False,True,True,broken,broken_down,1.1388888888888888,True,True,0.5375,16,2023,2023-08,2023-W32,True
MNQ,2023-08-09,primary_2023_2025,compression,0.6885245901639344,1.0230059558565925,True,False,primary_2023_2025,exhaustion,1.6717557251908397,0.541095890410959,False,True,True,broken,broken_down,1.446188340807175,True,True,0.52,3,2023,2023-08,2023-W32,True
MNQ,2023-08-10,primary_2023_2025,neutral,1.2669322709163346,0.8299850763402594,False,True,primary_2023_2025,standard,1.3514018691588785,1.052558782849239,False,False,False,broken,broken_up,1.6899109792284863,True,True,0.4723926380368098,3,2023,2023-08,2023-W32,True
MNQ,2023-08-11,primary_2023_2025,expansion,1.458937198067633,0.5601695400652958,True,False,primary_2023_2025,standard,0.904717853839038,0.6707566462167689,False,True,True,broken,broken_down,1.0531697341513293,True,True,0.5107033639143731,51,2023,2023-08,2023-W32,True
MNQ,2023-08-14,primary_2023_2025,expansion,1.5243445692883897,1.030277288999454,False,True,primary_2023_2025,exhaustion,1.5869158878504672,0.3521790341578327,True,False,False,trapped,trapped,0.9451553930530164,True,True,0.5186335403726708,0,2023,2023-08,2023-W33,True
MNQ,2023-08-15,primary_2023_2025,neutral,1.247863247863248,0.7165275063658435,False,True,primary_2023_2025,standard,1.0940325497287522,0.4661157024793388,True,False,True,broken,broken_down,0.9025641025641026,True,True,0.4767801857585139,23,2023,2023-08,2023-W33,True
MNQ,2023-08-16,primary_2023_2025,compression,0.6373626373626373,0.4225114078080108,False,True,primary_2023_2025,standard,0.6377551020408163,1.2106666666666666,False,True,False,broken,broken_down,2.168,True,True,0.54858934169279,12,2023,2023-08,2023-W33,True
MNQ,2023-08-17,primary_2023_2025,neutral,0.8194662480376766,0.6591008293321694,True,False,primary_2023_2025,standard,1.0272108843537415,0.6589403973509934,False,True,True,broken,broken_down,1.617063492063492,True,True,0.5015479876160991,13,2023,2023-08,2023-W33,True
MNQ,2023-08-18,primary_2023_2025,neutral,1.0753532182103611,0.4514166800064031,False,True,primary_2023_2025,standard,0.72,0.9739952718676124,False,False,True,broken,broken_down,1.911680911680912,True,True,0.484472049689441,7,2023,2023-08,2023-W33,True
MNQ,2023-08-21,primary_2023_2025,neutral,0.8665620094191523,0.6386033423304428,False,True,primary_2023_2025,standard,1.0054249547920433,1.2697841726618706,False,False,True,broken,broken_up,1.7790927021696252,True,True,0.4984615384615384,14,2023,2023-08,2023-W34,True
MNQ,2023-08-22,primary_2023_2025,neutral,1.1020408163265305,0.5724591308394903,False,False,primary_2023_2025,standard,0.8731144631765749,0.8577235772357723,False,False,True,trapped,trapped,1.311345646437995,True,True,0.5572755417956656,13,2023,2023-08,2023-W34,True
MNQ,2023-08-23,primary_2023_2025,neutral,0.7795575896262396,0.9108094174256745,True,False,primary_2023_2025,standard,1.4108251996450754,0.3761006289308176,True,False,False,broken,broken_up,0.8113207547169812,True,True,0.5286624203821656,0,2023,2023-08,2023-W34,True
MNQ,2023-08-24,primary_2023_2025,neutral,0.7459954233409611,1.4964826263056916,True,False,primary_2023_2025,exhaustion,2.389787234042553,0.2749287749287749,True,False,False,broken,broken_down,0.8636788048552755,True,True,0.5479876160990712,0,2023,2023-08,2023-W34,True
MNQ,2023-08-25,primary_2023_2025,neutral,0.8351648351648352,1.1614800294045575,False,True,primary_2023_2025,exhaustion,1.96029776674938,0.3881856540084388,True,True,True,broken,broken_up,1.5293296089385475,True,True,0.5107692307692308,2,2023,2023-08,2023-W34,True
MNQ,2023-08-28,primary_2023_2025,neutral,0.9023569023569024,0.5200345335432431,False,True,primary_2023_2025,standard,0.8469809760132341,0.962890625,False,False,True,broken,broken_up,1.0346938775510204,True,False,0.5372670807453416,15,2023,2023-08,2023-W35,True
MNQ,2023-08-29,primary_2023_2025,compression,0.6683501683501684,1.215625,True,False,primary_2023_2025,exhaustion,1.9305210918114144,0.1970865467009425,True,False,False,broken,broken_up,0.6004250797024442,True,True,0.5333333333333333,0,2023,2023-08,2023-W35,True
MNQ,2023-08-30,primary_2023_2025,neutral,0.7205387205387206,0.5186338425610586,False,True,primary_2023_2025,standard,0.8596774193548387,0.49906191369606,True,False,False,broken,broken_up,0.9118198874296436,True,True,0.525,16,2023,2023-08,2023-W35,True
MNQ,2023-08-31,primary_2023_2025,compression,0.6286764705882353,0.4586977648202138,True,False,primary_2023_2025,standard,0.7808105872622002,0.7542372881355932,False,True,True,broken,broken_up,1.0685579196217494,True,True,0.5264797507788161,23,2023,2023-08,2023-W35,True
MNQ,2023-09-01,primary_2023_2025,neutral,1.192883895131086,0.6694973832329416,False,True,primary_2023_2025,standard,1.1215880893300247,0.411504424778761,True,False,False,broken,broken_down,0.8471544715447155,True,True,0.5264797507788161,2,2023,2023-09,2023-W35,True
MNQ,2023-09-04,primary_2023_2025,compression,0.5224719101123596,0.2828389830508475,False,True,primary_2023_2025,standard,0.4416873449131513,0.2359550561797752,True,True,False,broken,broken_up,1.3083333333333331,True,False,0.5555555555555556,0,2023,2023-09,2023-W36,True
MNQ,2023-09-05,primary_2023_2025,neutral,0.8670411985018727,0.5819129301921615,False,True,primary_2023_2025,standard,0.8866832092638545,0.457089552238806,True,False,False,trapped,trapped,1.3707165109034267,True,True,0.5185185185185185,1,2023,2023-09,2023-W36,True
MNQ,2023-09-06,primary_2023_2025,neutral,0.715370018975332,0.7147470398277718,True,False,primary_2023_2025,standard,1.1448275862068966,0.5346385542168675,False,False,False,broken,broken_down,0.8718446601941747,True,True,0.5109717868338558,0,2023,2023-09,2023-W36,True
MNQ,2023-09-07,primary_2023_2025,expansion,1.6129032258064515,0.5446658979849558,False,True,primary_2023_2025,standard,0.8551724137931035,0.7298387096774194,False,False,True,broken,broken_down,1.4894894894894894,True,False,0.4764890282131661,6,2023,2023-09,2023-W36,True
MNQ,2023-09-08,primary_2023_2025,neutral,0.922201138519924,0.5299475572729782,True,False,primary_2023_2025,standard,0.8791208791208791,0.5729166666666666,False,True,True,broken,broken_up,1.0958333333333334,True,False,0.44,23,2023,2023-09,2023-W36,True
MNQ,2023-09-11,primary_2023_2025,expansion,2.600193610842207,0.5040957781978576,False,True,primary_2023_2025,standard,0.8058608058608059,0.9931818181818182,False,True,True,broken,broken_up,1.415909090909091,True,True,0.546583850931677,32,2023,2023-09,2023-W37,True
MNQ,2023-09-12,primary_2023_2025,compression,0.6853823814133592,0.6525360445746453,True,False,primary_2023_2025,standard,1.0626753975678205,0.6038732394366197,False,False,True,broken,broken_down,1.673015873015873,True,True,0.4968944099378882,0,2023,2023-09,2023-W37,True
MNQ,2023-09-13,primary_2023_2025,neutral,0.99,0.6268407891080856,True,False,primary_2023_2025,standard,1.0551917680074836,0.5833333333333334,False,False,False,broken,broken_up,1.037122969837587,True,True,0.5264797507788161,8,2023,2023-09,2023-W37,True
MNQ,2023-09-14,primary_2023_2025,compression,0.6779324055666004,0.7391918621079401,True,False,primary_2023_2025,standard,1.1978021978021978,0.5015290519877675,False,False,False,broken,broken_down,1.259860788863109,True,True,0.5,0,2023,2023-09,2023-W37,True
MNQ,2023-09-15,primary_2023_2025,neutral,1.0386178861788615,0.9664292980671414,True,False,primary_2023_2025,exhaustion,1.565934065934066,0.4760233918128655,True,False,False,broken,broken_down,0.9448818897637796,True,True,0.5201238390092879,0,2023,2023-09,2023-W37,True
MNQ,2023-09-18,primary_2023_2025,neutral,0.7967479674796748,0.5177309648022188,False,True,primary_2023_2025,standard,0.7,0.4183673469387755,True,False,False,broken,broken_up,0.9846938775510204,True,True,0.48125,32,2023,2023-09,2023-W38,True
MNQ,2023-09-19,primary_2023_2025,neutral,0.8,0.6892741211409628,True,False,primary_2023_2025,standard,0.9072727272727272,0.9779559118236472,False,True,True,broken,broken_down,1.595,True,True,0.5279503105590062,9,2023,2023-09,2023-W38,True
MNQ,2023-09-20,primary_2023_2025,neutral,0.7966280295047419,0.5589566143199362,True,False,primary_2023_2025,standard,0.7636363636363637,0.5761904761904761,False,True,True,trapped,trapped,3.25,True,True,0.5345911949685535,0,2023,2023-09,2023-W38,True
MNQ,2023-09-21,primary_2023_2025,expansion,1.840628507295174,0.5098435133770823,False,True,primary_2023_2025,standard,0.7558465855940131,0.7871287128712872,False,True,True,broken,broken_down,1.5792079207920793,True,True,0.5138461538461538,24,2023,2023-09,2023-W38,True
MNQ,2023-09-22,primary_2023_2025,neutral,1.2300785634118967,0.6805837314311891,True,False,primary_2023_2025,standard,0.9952153110047848,0.9076923076923076,False,True,True,trapped,trapped,2.2885245901639344,True,True,0.4969135802469135,8,2023,2023-09,2023-W38,True
MNQ,2023-09-25,primary_2023_2025,expansion,1.468013468013468,0.7212149595236502,False,False,primary_2023_2025,standard,1.0445736434108528,0.5324675324675324,False,False,False,broken,broken_down,1.0723684210526316,True,False,0.5170278637770898,19,2023,2023-09,2023-W39,True
MNQ,2023-09-26,primary_2023_2025,expansion,1.4118967452300786,0.6549628629304524,True,False,primary_2023_2025,standard,0.9211775878442544,0.6536082474226804,False,True,True,broken,broken_down,1.1505154639175257,True,True,0.5327102803738317,3,2023,2023-09,2023-W39,True
MNQ,2023-09-27,primary_2023_2025,compression,0.6996838777660696,0.6381062652772418,False,True,primary_2023_2025,standard,0.9735034347399412,1.2419354838709675,False,False,False,broken,broken_both,2.3168316831683167,True,True,0.490625,13,2023,2023-09,2023-W39,True
MNQ,2023-09-28,primary_2023_2025,neutral,0.9799789251844048,0.851063829787234,True,False,primary_2023_2025,standard,1.378894472361809,0.717201166180758,False,False,False,broken,broken_down,2.2921108742004264,True,True,0.5634674922600619,3,2023,2023-09,2023-W39,True
MNQ,2023-09-29,primary_2023_2025,expansion,1.5562565720294428,0.5236547490068617,False,True,primary_2023_2025,standard,0.8537782139352306,1.328735632183908,False,False,False,broken,broken_up,2.3534246575342466,True,True,0.4876543209876543,11,2023,2023-09,2023-W39,True
MNQ,2023-10-02,primary_2023_2025,expansion,1.5667718191377498,0.985392423867294,True,False,primary_2023_2025,exhaustion,1.6,0.8969849246231156,False,True,True,trapped,trapped,1.2491408934707904,True,True,0.5107692307692308,36,2023,2023-10,2023-W40,True
MNQ,2023-10-03,primary_2023_2025,expansion,1.4984709480122325,1.2167857797324535,True,False,primary_2023_2025,exhaustion,1.9548577036310109,0.3835341365461847,True,False,False,broken,broken_down,0.7859778597785978,True,True,0.550314465408805,0,2023,2023-10,2023-W40,True
MNQ,2023-10-04,primary_2023_2025,expansion,1.6739562624254474,0.5811081049288319,True,False,primary_2023_2025,standard,0.9695780176643768,0.6842105263157895,False,True,False,broken,broken_up,2.162094763092269,True,True,0.4937106918238994,14,2023,2023-10,2023-W40,True
MNQ,2023-10-05,primary_2023_2025,neutral,0.8139754485363551,0.949160184872055,True,False,primary_2023_2025,exhaustion,1.692462311557789,0.6021377672209026,False,True,True,broken,broken_down,1.1702453987730062,True,True,0.542319749216301,3,2023,2023-10,2023-W40,True
MNQ,2023-10-06,primary_2023_2025,expansion,2.081510934393638,1.1094335402337416,True,False,primary_2023_2025,exhaustion,1.9470068694798823,0.7076612903225806,False,False,False,trapped,trapped,2.234265734265734,True,True,0.5264797507788161,0,2023,2023-10,2023-W40,True
MNQ,2023-10-09,primary_2023_2025,neutral,0.789423984891407,0.5050125985096231,False,True,primary_2023_2025,standard,0.8895184135977338,1.4522292993630572,False,False,False,broken,broken_down,2.1040339702760087,True,True,0.5141065830721003,6,2023,2023-10,2023-W41,True
MNQ,2023-10-10,primary_2023_2025,compression,0.5268389662027833,0.7790792699536911,True,False,primary_2023_2025,standard,1.3503305004721435,0.7174825174825175,False,True,True,broken,broken_up,1.1152173913043475,True,True,0.5559006211180124,0,2023,2023-10,2023-W41,True
MNQ,2023-10-11,primary_2023_2025,compression,0.5785288270377733,0.366712199222444,False,True,primary_2023_2025,standard,0.6591123701605288,0.8939828080229226,False,False,False,broken,broken_up,1.5244956772334295,True,True,0.5341614906832298,18,2023,2023-10,2023-W41,True
MNQ,2023-10-12,primary_2023_2025,neutral,0.7090163934426229,0.4223227752639517,False,True,primary_2023_2025,standard,0.7968596663395485,1.8990147783251232,False,True,True,broken,broken_up,2.6518324607329844,True,True,0.5263157894736842,5,2023,2023-10,2023-W41,True
MNQ,2023-10-13,primary_2023_2025,neutral,1.0758196721311477,0.9021783806000822,True,False,primary_2023_2025,exhaustion,1.764824120603015,0.6321184510250569,False,False,False,broken,broken_up,2.3300248138957818,True,True,0.5987654320987654,0,2023,2023-10,2023-W41,True
MNQ,2023-10-16,primary_2023_2025,neutral,0.8484848484848485,0.679216622362068,True,False,primary_2023_2025,standard,1.258291457286432,0.7012779552715654,False,False,True,broken,broken_up,0.9582542694497154,True,True,0.5169230769230769,2,2023,2023-10,2023-W42,True
MNQ,2023-10-17,primary_2023_2025,expansion,1.3737373737373737,0.8392428685683818,False,True,primary_2023_2025,exhaustion,1.5446516192345436,0.6035578144853876,False,True,False,broken,broken_down,0.8508914100486223,True,True,0.5736677115987461,0,2023,2023-10,2023-W42,True
MNQ,2023-10-18,primary_2023_2025,neutral,0.8872320596458527,0.535010996879955,False,True,primary_2023_2025,standard,0.987724268177526,0.864244741873805,False,False,True,broken,broken_down,1.9390243902439024,True,True,0.4892307692307692,9,2023,2023-10,2023-W42,True
MNQ,2023-10-19,primary_2023_2025,neutral,1.2637465051258154,0.5767001058627816,False,True,primary_2023_2025,standard,1.0772128060263653,1.4825174825174825,False,False,True,broken,broken_up,2.691764705882353,True,True,0.5474006116207951,30,2023,2023-10,2023-W42,True
MNQ,2023-10-20,primary_2023_2025,compression,0.6821994408201305,0.8687048580191946,True,False,primary_2023_2025,exhaustion,1.5805580558055805,0.6537585421412301,False,True,True,broken,broken_down,1.2135728542914173,True,True,0.5015479876160991,0,2023,2023-10,2023-W42,True
MNQ,2023-10-23,primary_2023_2025,expansion,1.5604395604395604,0.9733091474475252,True,False,primary_2023_2025,exhaustion,1.5676126878130217,0.5420660276890309,False,False,False,broken,broken_down,1.2708933717579252,True,True,0.4761904761904761,0,2023,2023-10,2023-W43,True
MNQ,2023-10-24,primary_2023_2025,neutral,0.8251748251748252,0.4833129833129833,False,True,primary_2023_2025,standard,0.7240853658536586,1.08,False,True,True,broken,broken_up,1.9005524861878451,True,True,0.5496894409937888,27,2023,2023-10,2023-W43,True
MNQ,2023-10-25,primary_2023_2025,neutral,1.2029755579171095,0.5977779962638875,True,False,primary_2023_2025,standard,0.926829268292683,1.2894736842105263,False,False,True,broken,broken_down,1.5345394736842106,True,True,0.5077399380804953,22,2023,2023-10,2023-W43,True
MNQ,2023-10-26,primary_2023_2025,expansion,1.3866133866133863,0.7816950735465795,False,True,primary_2023_2025,standard,1.2759146341463414,0.7096774193548387,False,False,False,broken,broken_up,1.309114927344782,True,True,0.5153374233128835,4,2023,2023-10,2023-W43,True
MNQ,2023-10-27,primary_2023_2025,neutral,0.7296058661778185,0.5051795090109267,True,False,primary_2023_2025,standard,0.796420581655481,1.2378277153558053,False,True,True,broken,broken_up,2.498422712933754,True,True,0.5292307692307693,22,2023,2023-10,2023-W43,True
MNQ,2023-10-30,primary_2023_2025,neutral,0.7152847152847153,0.6906007210684,False,True,primary_2023_2025,standard,1.0141685309470545,0.7,False,True,True,broken,broken_up,1.1411359724612735,True,False,0.4984423676012461,21,2023,2023-10,2023-W44,True
MNQ,2023-10-31,primary_2023_2025,neutral,1.1885336273428886,0.535597648595689,False,True,primary_2023_2025,standard,0.7534456355283308,0.9573170731707316,False,True,True,broken,broken_down,1.3503184713375795,True,True,0.5527950310559007,2,2023,2023-10,2023-W44,True
MNQ,2023-11-01,primary_2023_2025,neutral,1.0893054024255788,0.5728,True,False,primary_2023_2025,standard,0.8703403565640194,0.4301675977653631,True,False,True,broken,broken_up,1.6464646464646464,True,True,0.50625,6,2023,2023-11,2023-W44,True
MNQ,2023-11-02,primary_2023_2025,expansion,1.7045203969128997,0.4276572498829405,False,True,primary_2023_2025,standard,0.6661264181523501,0.754257907542579,False,False,True,trapped,trapped,1.1646706586826348,True,True,0.5862068965517241,3,2023,2023-11,2023-W44,True
MNQ,2023-11-03,primary_2023_2025,neutral,1.1711340206185568,0.5093431337025726,True,False,primary_2023_2025,standard,0.8338983050847457,0.8272357723577236,False,False,False,broken,broken_up,1.3475609756097562,True,True,0.5476923076923077,12,2023,2023-11,2023-W44,True
MNQ,2023-11-06,primary_2023_2025,compression,0.51340206185567,0.3083258539675835,False,True,primary_2023_2025,standard,0.5266005410279531,1.25,False,True,True,broken,broken_up,1.4828767123287672,True,True,0.5173501577287066,19,2023,2023-11,2023-W45,True
MNQ,2023-11-07,primary_2023_2025,neutral,0.8948453608247423,0.7549865377218528,True,False,primary_2023_2025,standard,1.2389540126239855,0.4541484716157205,True,False,False,broken,broken_up,0.6951983298538622,True,True,0.5266457680250783,0,2023,2023-11,2023-W45,True
MNQ,2023-11-08,primary_2023_2025,compression,0.4432989690721649,0.370998516005936,False,True,primary_2023_2025,standard,0.6311992786293958,0.9485714285714286,False,True,False,broken,broken_up,1.3846153846153846,True,True,0.5386996904024768,12,2023,2023-11,2023-W45,True
MNQ,2023-11-09,primary_2023_2025,compression,0.5463917525773195,0.3766396342459043,False,True,primary_2023_2025,standard,0.6239855725879171,1.713872832369942,False,True,True,broken,broken_up,2.6978193146417446,True,True,0.5372670807453416,14,2023,2023-11,2023-W45,True
MNQ,2023-11-10,primary_2023_2025,neutral,1.022680412371134,0.6244200644069647,True,False,primary_2023_2025,standard,1.03155996393147,1.0909090909090908,False,False,False,broken,broken_up,3.383233532934132,True,True,0.5493827160493827,4,2023,2023-11,2023-W45,True
MNQ,2023-11-13,primary_2023_2025,neutral,0.7546391752577319,0.4584717607973422,False,True,primary_2023_2025,standard,0.7466185752930569,0.5048309178743962,False,True,False,broken,broken_down,1.006779661016949,True,False,0.5203761755485894,0,2023,2023-11,2023-W46,True
MNQ,2023-11-14,primary_2023_2025,expansion,2.375257731958763,0.5129079949960196,True,False,primary_2023_2025,standard,0.842203548085901,0.4878048780487805,True,True,True,broken,broken_up,0.9872448979591836,True,True,0.5375,19,2023,2023-11,2023-W46,True
MNQ,2023-11-15,primary_2023_2025,neutral,1.2762886597938143,0.3027416110934688,False,False,primary_2023_2025,standard,0.5411542100283823,1.7587412587412588,False,True,True,trapped,trapped,2.120879120879121,True,True,0.4811320754716981,9,2023,2023-11,2023-W46,True
MNQ,2023-11-16,primary_2023_2025,compression,0.4969696969696969,0.4275173611111111,True,False,primary_2023_2025,standard,0.7680311890838206,1.065989847715736,False,True,True,broken,broken_up,1.3560371517027865,True,True,0.5434782608695652,42,2023,2023-11,2023-W46,True
MNQ,2023-11-17,primary_2023_2025,compression,0.5237068965517241,0.2514949980439278,True,False,primary_2023_2025,standard,0.4573170731707317,1.2533333333333334,False,True,True,broken,broken_down,2.1488372093023256,True,True,0.51875,35,2023,2023-11,2023-W46,True
MNQ,2023-11-20,primary_2023_2025,neutral,0.8125,0.6458768267223383,True,False,primary_2023_2025,standard,1.0237849017580145,0.604040404040404,False,False,False,broken,broken_up,1.6120092378752886,True,True,0.5331230283911672,7,2023,2023-11,2023-W47,True
MNQ,2023-11-21,primary_2023_2025,neutral,1.1570247933884297,0.5320234753763715,True,False,primary_2023_2025,standard,0.8624612202688728,0.580335731414868,False,True,True,broken,broken_down,0.8395989974937343,True,True,0.50920245398773,32,2023,2023-11,2023-W47,True
MNQ,2023-11-22,primary_2023_2025,neutral,1.183982683982684,0.8252993552348787,False,True,primary_2023_2025,standard,1.4252386002120891,0.2782738095238095,True,True,True,broken,broken_up,0.5520833333333334,False,False,0.5325077399380805,39,2023,2023-11,2023-W47,True
MNQ,2023-11-23,primary_2023_2025,compression,0.4567099567099567,0.1113329702910389,False,False,primary_2023_2025,standard,0.1951219512195122,0.5869565217391305,False,True,True,trapped,trapped,0.9583333333333334,True,False,0.4193548387096774,6,2023,2023-11,2023-W47,True
MNQ,2023-11-24,primary_2023_2025,compression,0.4975961538461538,0.3594997171767959,True,False,primary_2023_2025,standard,0.6589861751152074,0.3671328671328671,True,True,True,broken,broken_down,0.6996047430830039,True,True,0.4807692307692308,29,2023,2023-11,2023-W47,True
MNQ,2023-11-27,primary_2023_2025,neutral,0.8187422934648582,0.4646175839885632,True,False,primary_2023_2025,standard,0.7821901323706378,0.8430769230769231,False,False,False,broken,broken_up,1.1442006269592475,True,True,0.4842767295597484,18,2023,2023-11,2023-W48,True
MNQ,2023-11-28,primary_2023_2025,compression,0.6806411837237978,0.5344480107486751,True,False,primary_2023_2025,standard,0.8678787878787879,1.1480446927374302,False,True,True,trapped,trapped,2.096938775510204,True,True,0.5031055900621118,16,2023,2023-11,2023-W48,True
MNQ,2023-11-29,primary_2023_2025,expansion,1.4266487213997308,0.9823951314931536,False,True,primary_2023_2025,exhaustion,1.684472049689441,0.4011799410029498,True,True,False,broken,broken_up,0.9714867617107944,True,True,0.5299684542586751,0,2023,2023-11,2023-W48,True
MNQ,2023-11-30,primary_2023_2025,neutral,0.7725437415881561,0.961565735356687,True,False,primary_2023_2025,exhaustion,1.684472049689441,0.331858407079646,True,False,False,broken,broken_down,1.0225988700564972,True,True,0.439873417721519,4,2023,2023-11,2023-W48,True
MNQ,2023-12-01,primary_2023_2025,neutral,0.9340974212034384,0.676910004956454,False,True,primary_2023_2025,standard,1.183168316831683,0.9539748953974896,False,False,False,broken,broken_down,2.0554016620498614,True,True,0.5184049079754601,8,2023,2023-12,2023-W48,True
MNQ,2023-12-04,primary_2023_2025,expansion,2.1702127659574466,0.9119658748253292,True,False,primary_2023_2025,exhaustion,1.534653465346535,0.6951612903225807,False,True,True,broken,broken_down,1.2664092664092663,True,True,0.5214723926380368,62,2023,2023-12,2023-W49,True
MNQ,2023-12-05,primary_2023_2025,neutral,1.160458452722063,1.0909090909090908,True,False,primary_2023_2025,exhaustion,1.7184115523465704,0.4299719887955182,True,True,True,broken,broken_up,0.8745928338762216,True,True,0.5185185185185185,67,2023,2023-12,2023-W49,True
MNQ,2023-12-06,primary_2023_2025,expansion,1.67621776504298,0.956432448291037,False,True,primary_2023_2025,exhaustion,1.569193742478941,0.4907975460122699,True,False,False,broken,broken_both,0.906441717791411,True,True,0.5325077399380805,2,2023,2023-12,2023-W49,True
MNQ,2023-12-07,primary_2023_2025,expansion,1.5989232839838492,0.6996381182147166,True,False,primary_2023_2025,standard,1.1359447004608294,0.7139959432048681,False,False,False,broken,broken_up,1.2356979405034323,True,True,0.5386996904024768,6,2023,2023-12,2023-W49,True
MNQ,2023-12-08,primary_2023_2025,expansion,1.5217391304347827,0.974396488661302,True,False,primary_2023_2025,standard,1.433799784714747,0.5885885885885885,False,False,True,broken,broken_up,0.7762762762762763,True,True,0.5517241379310345,30,2023,2023-12,2023-W49,True
MNQ,2023-12-11,primary_2023_2025,expansion,2.4271099744245523,0.7408972462849496,True,False,primary_2023_2025,standard,1.132400430570506,0.9372623574144486,False,False,True,broken,broken_up,1.1807511737089202,True,True,0.5329153605015674,10,2023,2023-12,2023-W50,True
MNQ,2023-12-12,primary_2023_2025,neutral,0.9541899441340782,0.6537464173604476,False,True,primary_2023_2025,standard,0.9866117404737385,0.5824634655532359,False,False,False,broken,broken_down,1.2845744680851063,True,True,0.5570032573289903,0,2023,2023-12,2023-W50,True
MNQ,2023-12-13,primary_2023_2025,compression,0.4447115384615384,0.3163605464409438,False,True,primary_2023_2025,standard,0.4979423868312757,0.7272727272727273,False,False,False,broken,broken_up,3.801652892561984,True,True,0.5266457680250783,9,2023,2023-12,2023-W50,True
MNQ,2023-12-14,primary_2023_2025,neutral,1.1406649616368287,0.6845489381048256,True,False,primary_2023_2025,standard,1.0843621399176957,1.4478178368121442,False,False,True,trapped,trapped,2.092140921409214,True,True,0.5185185185185185,0,2023,2023-12,2023-W50,True
MNQ,2023-12-15,primary_2023_2025,neutral,0.8293269230769231,0.5058589998079016,True,False,primary_2023_2025,standard,0.7995951417004049,1.260759493670886,False,True,True,broken,broken_up,1.4518950437317784,True,True,0.5031055900621118,26,2023,2023-12,2023-W50,True
MNQ,2023-12-18,primary_2023_2025,compression,0.5432692307692307,0.3903333551640578,True,False,primary_2023_2025,standard,0.6032388663967612,0.7751677852348994,False,False,False,broken,broken_up,1.5906040268456376,True,True,0.4596273291925465,10,2023,2023-12,2023-W51,True
MNQ,2023-12-19,primary_2023_2025,neutral,0.7524038461538461,0.350584307178631,True,False,primary_2023_2025,standard,0.5617283950617284,0.6703296703296703,False,True,True,broken,broken_up,1.1737089201877935,True,True,0.473186119873817,26,2023,2023-12,2023-W51,True
MNQ,2023-12-20,primary_2023_2025,neutral,0.9013333333333332,0.5200885795634292,False,True,primary_2023_2025,standard,0.845679012345679,0.4209245742092457,True,True,True,broken,broken_up,3.726190476190476,True,True,0.465625,3,2023,2023-12,2023-W51,True
MNQ,2023-12-21,primary_2023_2025,expansion,2.12298682284041,0.5596697826878718,False,False,primary_2023_2025,standard,0.9634273772204808,0.9240780911062908,False,False,True,trapped,trapped,1.314533622559653,True,False,0.5356037151702786,25,2023,2023-12,2023-W51,True
MNQ,2023-12-22,primary_2023_2025,expansion,1.3093333333333332,0.3519806471121863,False,True,primary_2023_2025,standard,0.6081504702194357,0.7353951890034365,False,True,True,broken,broken_up,2.6634615384615383,True,False,0.5705329153605015,28,2023,2023-12,2023-W51,True
MNQ,2023-12-26,primary_2023_2025,neutral,0.7115384615384616,0.2824461626941018,False,True,primary_2023_2025,standard,0.4618599791013584,0.4932126696832579,True,False,True,broken,broken_up,1.714975845410628,True,True,0.5286624203821656,22,2023,2023-12,2023-W52,True
MNQ,2023-12-27,primary_2023_2025,compression,0.3269230769230769,0.358139233114903,False,True,primary_2023_2025,standard,0.5768025078369906,0.8913043478260869,False,True,True,broken,broken_both,1.0072463768115942,True,True,0.5266457680250783,15,2023,2023-12,2023-W52,True
MNQ,2023-12-28,primary_2023_2025,compression,0.4591346153846153,0.2889987797829298,True,False,primary_2023_2025,standard,0.4702194357366771,0.8088888888888889,False,True,True,broken,broken_down,1.1822222222222225,True,True,0.4869281045751634,49,2023,2023-12,2023-W52,True
MNQ,2023-12-29,primary_2023_2025,compression,0.688,0.9058338403298858,True,False,primary_2023_2025,standard,1.4270500532481365,0.5880597014925373,False,True,False,trapped,trapped,4.443661971830986,True,True,0.4984520123839009,1,2023,2023-12,2023-W52,True
MNQ,2024-01-02,primary_2023_2025,expansion,2.376,1.0889659156556903,True,False,primary_2023_2025,exhaustion,1.6059637912673057,0.5291777188328912,False,False,True,broken,broken_down,1.0574162679425838,True,True,0.4906832298136646,19,2024,2024-01,2024-W01,True
MNQ,2024-01-03,primary_2023_2025,expansion,1.4230769230769231,0.6121174266083698,True,False,primary_2023_2025,standard,0.9382978723404256,0.63718820861678,False,False,True,broken,broken_down,1.095360824742268,True,True,0.521875,26,2024,2024-01,2024-W01,True
MNQ,2024-01-04,primary_2023_2025,expansion,1.3798076923076923,0.7875994972769166,False,True,primary_2023_2025,standard,1.2505543237250554,0.6631205673758865,False,True,True,broken,broken_down,1.647222222222222,True,True,0.5462962962962963,40,2024,2024-01,2024-W01,True
MNQ,2024-01-05,primary_2023_2025,neutral,1.2371134020618555,0.7997710851992273,True,False,primary_2023_2025,standard,1.2394678492239468,0.7316636851520573,False,True,True,broken,broken_up,1.46723044397463,True,True,0.5186335403726708,15,2024,2024-01,2024-W01,True
MNQ,2024-01-08,primary_2023_2025,neutral,1.2485681557846506,1.0034292530192337,True,False,primary_2023_2025,standard,1.492239467849224,0.563150074294205,False,False,False,broken,broken_up,1.2302158273381294,True,True,0.5294117647058824,0,2024,2024-01,2024-W02,True
MNQ,2024-01-09,primary_2023_2025,neutral,1.2600229095074456,0.7232727011287655,False,False,primary_2023_2025,standard,1.11529933481153,0.7554671968190855,False,False,False,trapped,trapped,1.822674418604651,True,True,0.468944099378882,0,2024,2024-01,2024-W02,True
MNQ,2024-01-10,primary_2023_2025,neutral,0.9209621993127148,0.5581869853530569,False,True,primary_2023_2025,standard,0.8492239467849224,0.7859007832898173,False,False,False,broken,broken_down,1.8027681660899653,True,True,0.4811320754716981,0,2024,2024-01,2024-W02,True
MNQ,2024-01-11,primary_2023_2025,expansion,1.5802171290711702,1.5193842645381983,True,False,primary_2023_2025,exhaustion,2.5023474178403755,0.6885553470919324,False,True,True,broken,broken_down,1.0560640732265447,True,True,0.5446153846153846,18,2024,2024-01,2024-W02,True
MNQ,2024-01-12,primary_2023_2025,expansion,1.3419811320754718,0.6875,False,True,primary_2023_2025,standard,1.2136150234741785,0.5531914893617021,False,False,True,broken,broken_up,0.7645687645687645,True,False,0.5186335403726708,19,2024,2024-01,2024-W02,True
MNQ,2024-01-15,primary_2023_2025,neutral,0.7235859124866596,0.2273342354533153,False,True,primary_2023_2025,standard,0.3725055432372505,0.6130952380952381,False,True,True,broken,broken_down,0.8174603174603174,True,False,0.4814814814814814,0,2024,2024-01,2024-W03,True
MNQ,2024-01-16,primary_2023_2025,expansion,1.3796192609182532,1.0169010083794916,True,False,primary_2023_2025,exhaustion,1.6807511737089202,0.7150837988826816,False,True,True,broken,broken_up,1.1563025210084037,True,True,0.562111801242236,35,2024,2024-01,2024-W03,True
MNQ,2024-01-17,primary_2023_2025,expansion,1.3637245392822503,0.8575611796695253,False,True,primary_2023_2025,standard,1.3636363636363635,0.7008130081300813,False,False,True,broken,broken_down,1.0292682926829269,True,False,0.5015576323987538,10,2024,2024-01,2024-W03,True
MNQ,2024-01-18,primary_2023_2025,expansion,1.5557603686635946,0.5601362862010222,True,False,primary_2023_2025,standard,0.8526970954356846,1.5571776155717765,False,True,True,broken,broken_up,2.669090909090909,True,True,0.5125,20,2024,2024-01,2024-W03,True
MNQ,2024-01-19,primary_2023_2025,neutral,1.08310502283105,0.5331302361005331,True,False,primary_2023_2025,standard,0.8713692946058091,1.6047619047619048,False,False,False,trapped,trapped,3.827715355805244,True,True,0.465625,2,2024,2024-01,2024-W03,True
MNQ,2024-01-22,primary_2023_2025,neutral,0.8471849865951743,0.7062232148246514,False,True,primary_2023_2025,standard,1.2136929460580912,0.5452991452991452,False,False,True,broken,broken_up,0.7915632754342432,True,True,0.5171339563862928,0,2024,2024-01,2024-W04,True
MNQ,2024-01-23,primary_2023_2025,neutral,0.7598173515981735,0.3757655032998394,False,True,primary_2023_2025,standard,0.6196078431372549,0.8481012658227848,False,True,True,broken,broken_down,1.4208860759493671,True,True,0.4542586750788643,29,2024,2024-01,2024-W04,True
MNQ,2024-01-24,primary_2023_2025,neutral,1.0410958904109588,0.6082971251711208,True,False,primary_2023_2025,standard,1.0019607843137257,0.7632093933463796,False,False,False,broken,broken_up,2.34984520123839,True,True,0.475,10,2024,2024-01,2024-W04,True
MNQ,2024-01-25,primary_2023_2025,neutral,0.9901697944593388,0.4034877756881518,False,True,primary_2023_2025,standard,0.688715953307393,2.053672316384181,False,True,True,broken,broken_up,2.4590643274853803,True,True,0.4641744548286604,27,2024,2024-01,2024-W04,True
MNQ,2024-01-26,primary_2023_2025,neutral,1.0382902938557437,0.593090437448414,False,True,primary_2023_2025,standard,0.9785992217898832,1.0357852882703775,False,True,True,trapped,trapped,1.669871794871795,True,True,0.4769230769230769,30,2024,2024-01,2024-W04,True
MNQ,2024-01-29,primary_2023_2025,neutral,0.9464442493415276,0.3127641589180051,False,False,primary_2023_2025,standard,0.5038910505836576,0.8532818532818532,False,False,False,trapped,trapped,3.270833333333333,True,True,0.515527950310559,11,2024,2024-01,2024-W05,True
MNQ,2024-01-30,primary_2023_2025,compression,0.6391571553994733,0.3342652242615777,True,False,primary_2023_2025,standard,0.5424063116370809,1.4654545454545456,False,False,True,broken,broken_down,1.7345454545454546,True,True,0.5109717868338558,6,2024,2024-01,2024-W05,True
MNQ,2024-01-31,primary_2023_2025,neutral,0.9634906500445236,0.6531686113017616,False,True,primary_2023_2025,standard,1.1351888667992047,0.5901926444833625,False,True,True,broken,broken_down,2.3302540415704387,True,True,0.4968944099378882,16,2024,2024-01,2024-W05,True
MNQ,2024-02-01,primary_2023_2025,neutral,0.7318840579710145,0.5107446871837609,False,True,primary_2023_2025,standard,0.8461538461538461,1.2447552447552448,False,True,True,broken,broken_up,1.9093198992443323,True,True,0.4753086419753086,10,2024,2024-02,2024-W05,True
MNQ,2024-02-02,primary_2023_2025,neutral,1.1744292237442922,0.9491137793024584,True,False,primary_2023_2025,exhaustion,1.6500994035785288,0.4469879518072289,True,False,False,broken,broken_down,1.4360189573459716,True,True,0.4814814814814814,2,2024,2024-02,2024-W05,True
MNQ,2024-02-05,primary_2023_2025,compression,0.5507246376811594,0.8664345157292097,True,False,primary_2023_2025,standard,1.459244532803181,0.6021798365122616,False,True,True,broken,broken_down,1.401098901098901,True,True,0.5046728971962616,15,2024,2024-02,2024-W06,True
MNQ,2024-02-06,primary_2023_2025,neutral,0.7065217391304348,0.7975063224136917,True,False,primary_2023_2025,standard,1.3479125248508943,0.6061946902654868,False,False,True,broken,broken_down,0.6076696165191741,True,True,0.5,0,2024,2024-02,2024-W06,True
MNQ,2024-02-07,primary_2023_2025,neutral,1.0922374429223745,0.7163128618458395,True,False,primary_2023_2025,standard,1.244575936883629,0.5039619651347068,False,False,True,broken,broken_up,0.6454849498327759,True,True,0.5124223602484472,0,2024,2024-02,2024-W06,True
MNQ,2024-02-08,primary_2023_2025,compression,0.5057880676758683,0.3858734822864113,True,False,primary_2023_2025,standard,0.6770428015564203,0.5431034482758621,False,False,True,broken,broken_up,1.247863247863248,True,True,0.5238095238095238,10,2024,2024-02,2024-W06,True
MNQ,2024-02-09,primary_2023_2025,neutral,0.8748858447488584,0.6056121577779042,True,False,primary_2023_2025,standard,1.04930966469428,0.5845864661654135,False,False,False,trapped,trapped,1.1587301587301588,True,True,0.5457413249211357,0,2024,2024-02,2024-W06,True
MNQ,2024-02-12,primary_2023_2025,compression,0.4166666666666667,0.4417719965639956,True,False,primary_2023_2025,standard,0.7100591715976331,1.4416666666666669,False,True,True,trapped,trapped,4.234285714285714,True,True,0.4658385093167702,4,2024,2024-02,2024-W07,True
MNQ,2024-02-13,primary_2023_2025,expansion,2.575925925925926,1.037616763443575,False,True,primary_2023_2025,exhaustion,1.621301775147929,0.5875912408759124,False,True,True,broken,broken_down,1.5753205128205128,True,True,0.5233644859813084,7,2024,2024-02,2024-W07,True
MNQ,2024-02-14,primary_2023_2025,neutral,1.0555555555555556,0.6728293938684765,False,True,primary_2023_2025,standard,1.1341222879684418,0.8591304347826086,False,True,True,broken,broken_up,1.8894230769230769,True,True,0.5245398773006135,26,2024,2024-02,2024-W07,True
MNQ,2024-02-15,primary_2023_2025,compression,0.6685185185185185,0.5673676912410446,True,False,primary_2023_2025,standard,0.9684418145956608,0.9694501018329938,False,True,True,broken,broken_down,1.442080378250591,True,True,0.5372670807453416,18,2024,2024-02,2024-W07,True
MNQ,2024-02-16,primary_2023_2025,neutral,0.9685658153241652,1.0018488560203374,True,False,primary_2023_2025,exhaustion,1.7100591715976332,0.4140715109573241,True,True,True,broken,broken_down,0.8350634371395617,False,False,0.5046439628482973,18,2024,2024-02,2024-W07,True
MNQ,2024-02-19,primary_2023_2025,compression,0.6419753086419753,0.165680473372781,False,True,primary_2023_2025,standard,0.2684563758389262,0.5714285714285714,False,True,True,broken,broken_up,0.7967479674796748,True,False,0.5899280575539568,6,2024,2024-02,2024-W08,True
MNQ,2024-02-20,primary_2023_2025,expansion,1.4506172839506173,1.1523809523809525,True,False,primary_2023_2025,exhaustion,1.9092702169625249,0.5010330578512396,False,False,True,broken,broken_down,0.7343927355278093,True,True,0.453416149068323,29,2024,2024-02,2024-W08,True
MNQ,2024-02-21,primary_2023_2025,neutral,0.8527131782945736,0.3528202786024206,False,True,primary_2023_2025,standard,0.5925215723873442,1.1003236245954693,False,False,True,broken,broken_down,2.1941747572815533,True,True,0.4984520123839009,28,2024,2024-02,2024-W08,True
MNQ,2024-02-22,primary_2023_2025,expansion,2.059670781893004,0.4910179640718562,True,False,primary_2023_2025,standard,0.8714975845410629,1.0731707317073171,False,False,False,broken,broken_up,1.795294117647059,True,True,0.4423676012461059,11,2024,2024-02,2024-W08,True
MNQ,2024-02-23,primary_2023_2025,neutral,0.9382716049382716,0.8697077301283802,False,True,primary_2023_2025,exhaustion,1.5381642512077294,0.3844221105527638,True,True,True,broken,broken_up,1.254320987654321,True,True,0.515625,0,2024,2024-02,2024-W08,True
MNQ,2024-02-26,primary_2023_2025,neutral,0.906951871657754,0.4038598999285204,False,True,primary_2023_2025,standard,0.614687216681777,0.9380530973451328,False,False,True,broken,broken_up,1.0176991150442478,True,True,0.4598765432098765,32,2024,2024-02,2024-W09,True
MNQ,2024-02-27,primary_2023_2025,neutral,1.0066964285714286,0.4704125443345156,False,False,primary_2023_2025,standard,0.6854034451495921,1.0740740740740742,False,False,True,trapped,trapped,1.3042328042328042,True,True,0.5246913580246914,27,2024,2024-02,2024-W09,True
MNQ,2024-02-28,primary_2023_2025,neutral,1.1267916207276736,0.4467290863472248,False,True,primary_2023_2025,standard,0.6618313689936537,0.8904109589041096,False,True,True,broken,broken_down,1.295373665480427,True,False,0.4582043343653251,41,2024,2024-02,2024-W09,True
MNQ,2024-02-29,primary_2023_2025,expansion,1.836824696802646,0.5215139933423746,False,True,primary_2023_2025,standard,0.8269794721407625,1.4373522458628842,False,True,True,broken,broken_up,2.3123287671232875,True,True,0.4873417721518987,33,2024,2024-02,2024-W09,True
MNQ,2024-03-01,primary_2023_2025,neutral,1.1336898395721926,0.7162202828769184,True,False,primary_2023_2025,standard,1.163245356793744,0.9361344537815126,False,False,False,broken,broken_up,2.2106537530266346,True,True,0.5201238390092879,0,2024,2024-03,2024-W09,True
MNQ,2024-03-04,primary_2023_2025,compression,0.5818181818181818,0.2629220197191514,True,False,primary_2023_2025,standard,0.4301075268817204,1.0454545454545454,False,False,True,broken,broken_down,1.7227272727272729,True,True,0.5327102803738317,66,2024,2024-03,2024-W10,True
MNQ,2024-03-05,primary_2023_2025,neutral,1.255614973262032,1.0863041651662466,True,False,primary_2023_2025,exhaustion,1.921443736730361,0.4574585635359116,True,False,False,broken,broken_down,0.8005464480874317,True,True,0.484472049689441,0,2024,2024-03,2024-W10,True
MNQ,2024-03-06,primary_2023_2025,expansion,1.345679012345679,0.7229317046085508,False,True,primary_2023_2025,standard,1.382165605095541,0.8817204301075269,False,False,True,broken,broken_up,1.1674347158218126,True,True,0.4892307692307692,48,2024,2024-03,2024-W10,True
MNQ,2024-03-07,primary_2023_2025,expansion,2.2448559670781894,0.7675765095119934,True,False,primary_2023_2025,standard,1.4777070063694266,0.5747126436781609,False,False,False,broken,broken_up,1.1816283924843425,True,True,0.5031645569620253,0,2024,2024-03,2024-W10,True
MNQ,2024-03-08,primary_2023_2025,expansion,1.3107569721115535,1.0732295549221662,True,False,primary_2023_2025,exhaustion,1.913978494623656,0.8947906026557712,False,False,False,broken,broken_up,2.89419795221843,True,True,0.5093167701863354,10,2024,2024-03,2024-W10,True
MNQ,2024-03-11,primary_2023_2025,expansion,2.5302593659942363,0.5346343446663617,False,False,primary_2023_2025,standard,0.9868667917448404,0.6996197718631179,False,True,True,trapped,trapped,0.9797752808988764,True,False,0.5015673981191222,20,2024,2024-03,2024-W11,True
MNQ,2024-03-12,primary_2023_2025,expansion,1.3163636363636364,1.1848366013071896,True,False,primary_2023_2025,exhaustion,2.058128973660309,0.4677846425419241,True,True,False,broken,broken_down,0.8691709844559585,True,True,0.54858934169279,0,2024,2024-03,2024-W11,True
MNQ,2024-03-13,primary_2023_2025,compression,0.6890909090909091,0.5039589661869429,True,False,primary_2023_2025,standard,0.9191643960036332,0.9209486166007904,False,True,True,broken,broken_down,0.9723320158102768,True,True,0.5125786163522013,28,2024,2024-03,2024-W11,True
MNQ,2024-03-14,primary_2023_2025,compression,0.6762728146013448,0.761998041136141,True,False,primary_2023_2025,exhaustion,1.507751937984496,0.5347043701799485,False,True,True,broken,broken_down,0.929305912596401,True,True,0.4969135802469135,49,2024,2024-03,2024-W11,True
MNQ,2024-03-15,primary_2023_2025,expansion,1.4812680115273775,0.5706162066767979,True,False,primary_2023_2025,standard,1.0383586083853702,0.7164948453608248,False,False,True,broken,broken_down,1.134020618556701,True,True,0.5185185185185185,14,2024,2024-03,2024-W11,True
MNQ,2024-03-18,primary_2023_2025,expansion,1.6741271262309758,0.434874170790776,True,False,primary_2023_2025,standard,0.7454873646209387,0.8329297820823245,False,True,False,broken,broken_up,1.5593220338983051,True,False,0.5124223602484472,2,2024,2024-03,2024-W12,True
MNQ,2024-03-19,primary_2023_2025,neutral,1.1281224818694602,0.4139365574622985,False,True,primary_2023_2025,standard,0.7184115523465704,1.5552763819095476,False,True,False,broken,broken_down,2.2311557788944723,True,True,0.4937106918238994,3,2024,2024-03,2024-W12,True
MNQ,2024-03-20,primary_2023_2025,compression,0.6672038678485093,0.3576272037771861,False,True,primary_2023_2025,standard,0.689922480620155,0.5842696629213483,False,False,True,broken,broken_up,2.851123595505618,True,True,0.4858934169278996,38,2024,2024-03,2024-W12,True
MNQ,2024-03-21,primary_2023_2025,neutral,1.0926672038678484,0.3493617429695748,False,True,primary_2023_2025,standard,0.7054263565891473,1.0467032967032968,False,False,True,broken,broken_up,1.8761329305135952,True,False,0.4890965732087227,24,2024,2024-03,2024-W12,True
MNQ,2024-03-22,primary_2023_2025,neutral,0.7316680096696213,0.2474305291206699,False,False,primary_2023_2025,standard,0.5038759689922481,1.5038461538461538,False,False,True,trapped,trapped,1.9115384615384616,True,True,0.5171339563862928,7,2024,2024-03,2024-W12,True
MNQ,2024-03-25,primary_2023_2025,neutral,0.9315068493150684,0.5122012578616352,False,True,primary_2023_2025,standard,1.0958019375672767,0.3654223968565815,True,False,False,broken,broken_down,0.5717092337917485,True,False,0.5325077399380805,0,2024,2024-03,2024-W13,True
MNQ,2024-03-26,primary_2023_2025,compression,0.6575342465753424,0.3143274853801169,False,False,primary_2023_2025,standard,0.593103448275862,0.7906976744186046,False,False,True,trapped,trapped,2.411290322580645,True,True,0.5555555555555556,3,2024,2024-03,2024-W13,True
MNQ,2024-03-27,primary_2023_2025,compression,0.6720386784850927,0.7852686044742049,True,False,primary_2023_2025,exhaustion,1.5251231527093596,0.3281653746770026,True,True,True,broken,broken_down,0.6098191214470284,False,False,0.5314465408805031,2,2024,2024-03,2024-W13,True
MNQ,2024-03-28,primary_2023_2025,compression,0.4415793714746172,0.3337390951511463,False,True,primary_2023_2025,standard,0.6357487922705314,0.790273556231003,False,True,True,broken,broken_both,0.8632218844984803,True,True,0.5046728971962616,41,2024,2024-03,2024-W13,True
MNQ,2024-04-01,primary_2023_2025,neutral,0.9167381974248928,0.8022130013831259,True,False,primary_2023_2025,standard,1.4009661835748792,0.4262068965517241,True,False,False,trapped,trapped,1.018,True,True,0.5015576323987538,0,2024,2024-04,2024-W14,True
MNQ,2024-04-02,primary_2023_2025,expansion,1.6841201716738197,0.4277009608624326,True,False,primary_2023_2025,standard,0.7053140096618358,0.7753424657534247,False,True,True,broken,broken_down,1.5205479452054795,True,False,0.5440251572327044,22,2024,2024-04,2024-W14,True
MNQ,2024-04-03,primary_2023_2025,neutral,0.741337630942788,1.0153994225216554,True,False,primary_2023_2025,exhaustion,1.6309178743961352,0.3886255924170616,True,True,False,broken,broken_up,0.8298465829846583,True,True,0.5295950155763239,3,2024,2024-04,2024-W14,True
MNQ,2024-04-04,primary_2023_2025,neutral,1.1314935064935066,0.4324390542692637,False,True,primary_2023_2025,standard,0.6821256038647343,0.8923512747875354,False,False,True,broken,broken_up,6.184049079754601,True,True,0.5451713395638629,9,2024,2024-04,2024-W14,True
MNQ,2024-04-05,primary_2023_2025,neutral,0.9514563106796116,1.000904772675865,True,False,primary_2023_2025,exhaustion,1.7438423645320198,0.607909604519774,False,False,False,broken,broken_up,1.429519071310116,True,True,0.4845679012345679,0,2024,2024-04,2024-W14,True
MNQ,2024-04-08,primary_2023_2025,neutral,0.8662092624356775,0.6430831176301409,False,True,primary_2023_2025,standard,1.1014778325123151,0.5957066189624329,False,True,True,broken,broken_down,1.2072289156626506,True,True,0.4952978056426332,61,2024,2024-04,2024-W15,True
MNQ,2024-04-09,primary_2023_2025,neutral,1.0197841726618706,1.160227542071581,True,False,primary_2023_2025,exhaustion,1.929064039408867,0.390194075587334,True,True,True,broken,broken_up,1.5223048327137547,True,True,0.5,1,2024,2024-04,2024-W15,True
MNQ,2024-04-10,primary_2023_2025,expansion,3.022706630336058,0.6024822267743102,False,False,primary_2023_2025,standard,0.9852216748768472,0.884,False,True,True,trapped,trapped,1.1707920792079207,True,False,0.5264797507788161,60,2024,2024-04,2024-W15,True
MNQ,2024-04-11,primary_2023_2025,expansion,1.4623069936421436,0.4799200133311115,False,False,primary_2023_2025,standard,0.8588469184890656,1.872685185185185,False,True,False,trapped,trapped,3.014251781472684,True,True,0.5401234567901234,8,2024,2024-04,2024-W15,True
MNQ,2024-04-12,primary_2023_2025,expansion,1.6314410480349344,0.6414368184733804,True,False,primary_2023_2025,standard,1.2875536480686696,1.1133333333333333,False,False,True,broken,broken_down,2.029585798816568,True,True,0.5185185185185185,0,2024,2024-04,2024-W15,True
MNQ,2024-04-15,primary_2023_2025,expansion,1.3962264150943395,0.7882796698190565,False,False,primary_2023_2025,exhaustion,1.5472103004291846,1.944521497919556,False,False,False,trapped,trapped,2.7550675675675675,True,True,0.5216049382716049,0,2024,2024-04,2024-W16,True
MNQ,2024-04-16,primary_2023_2025,neutral,0.869639794168096,0.4402039477005401,False,True,primary_2023_2025,standard,0.9356223175965666,1.0963302752293578,False,True,True,broken,broken_up,1.5596330275229358,True,True,0.5294117647058824,43,2024,2024-04,2024-W16,True
MNQ,2024-04-17,primary_2023_2025,expansion,1.3292576419213973,0.7805412949209989,True,False,primary_2023_2025,exhaustion,1.6730769230769231,0.8033205619412516,False,False,False,trapped,trapped,1.6076158940397351,True,True,0.5351681957186545,0,2024,2024-04,2024-W16,True
MNQ,2024-04-18,primary_2023_2025,neutral,0.7528384279475983,0.7331860694646802,False,True,primary_2023_2025,exhaustion,1.5460852329038652,0.9166666666666666,False,True,True,broken,broken_down,1.7534246575342465,True,True,0.5138461538461538,12,2024,2024-04,2024-W16,True
MNQ,2024-04-19,primary_2023_2025,expansion,2.600873362445415,0.6897451509089327,False,False,primary_2023_2025,standard,1.4850187265917605,0.7477931904161412,False,False,False,trapped,trapped,1.7696709585121602,True,True,0.4748427672955975,0,2024,2024-04,2024-W16,True
MNQ,2024-04-22,primary_2023_2025,neutral,0.8279475982532751,0.6204379562043796,False,True,primary_2023_2025,standard,1.261432269197584,1.1655266757865936,False,True,True,broken,broken_both,2.011764705882353,True,True,0.5185185185185185,10,2024,2024-04,2024-W17,True
MNQ,2024-04-23,primary_2023_2025,neutral,1.0602620087336243,0.636248103964252,True,False,primary_2023_2025,standard,1.1748675246025737,0.4252577319587629,True,False,False,broken,broken_up,0.7344992050874404,True,True,0.5353846153846153,0,2024,2024-04,2024-W17,True
MNQ,2024-04-24,primary_2023_2025,compression,0.6251082251082251,0.4984010607596911,True,False,primary_2023_2025,standard,0.8838174273858921,0.865414710485133,False,True,False,broken,broken_up,2.083333333333333,True,True,0.5327102803738317,0,2024,2024-04,2024-W17,True
MNQ,2024-04-25,primary_2023_2025,expansion,1.3385281385281385,0.4250142558448964,False,True,primary_2023_2025,standard,0.7731673582295989,1.5849731663685152,False,False,True,broken,broken_down,1.889087656529517,True,True,0.5203761755485894,18,2024,2024-04,2024-W17,True
MNQ,2024-04-26,primary_2023_2025,neutral,0.9707112970711296,0.642046292201091,True,False,primary_2023_2025,standard,1.2808823529411764,0.3593570608495982,True,False,False,broken,broken_both,0.6966618287373004,True,True,0.5541795665634675,0,2024,2024-04,2024-W17,True
MNQ,2024-04-29,primary_2023_2025,compression,0.5138075313807532,0.3811410459587955,False,True,primary_2023_2025,standard,0.665283540802213,0.7214137214137214,False,True,True,broken,broken_both,1.1663201663201663,True,True,0.4984423676012461,56,2024,2024-04,2024-W18,True
MNQ,2024-04-30,primary_2023_2025,neutral,0.8736401673640167,0.4669451953797001,True,False,primary_2023_2025,standard,0.8382352941176471,0.7087719298245614,False,False,False,trapped,trapped,4.440140845070423,True,True,0.4813664596273292,5,2024,2024-04,2024-W18,True
MNQ,2024-05-01,primary_2023_2025,neutral,0.8013698630136986,0.3259144571317979,False,False,primary_2023_2025,standard,0.6191176470588236,0.7933491686460807,False,True,True,trapped,trapped,4.269021739130435,True,True,0.5125786163522013,26,2024,2024-05,2024-W18,True
MNQ,2024-05-02,primary_2023_2025,neutral,0.9315068493150684,0.6451372592840914,False,True,primary_2023_2025,standard,1.3979015334947538,0.5912240184757506,False,True,True,broken,broken_down,1.115473441108545,True,True,0.5169230769230769,16,2024,2024-05,2024-W18,True
MNQ,2024-05-03,primary_2023_2025,expansion,1.7367044463818655,0.4545124518986423,False,True,primary_2023_2025,standard,0.9205882352941176,0.4009584664536741,True,True,True,broken,broken_up,0.8482428115015974,False,False,0.4937888198757764,10,2024,2024-05,2024-W18,True
MNQ,2024-05-06,primary_2023_2025,compression,0.6573670444638187,0.2307513013751845,True,False,primary_2023_2025,standard,0.4695652173913043,0.8888888888888888,False,False,True,broken,broken_up,1.7643097643097645,True,True,0.5356037151702786,22,2024,2024-05,2024-W19,True
MNQ,2024-05-07,primary_2023_2025,compression,0.4376634699215344,0.2585484578861269,True,False,primary_2023_2025,standard,0.5122529644268775,1.0432098765432098,False,True,True,broken,broken_up,1.8545454545454545,True,True,0.4858934169278996,24,2024,2024-05,2024-W19,True
MNQ,2024-05-08,primary_2023_2025,neutral,1.0249110320284698,0.5202979960957731,False,True,primary_2023_2025,standard,1.065252854812398,0.335375191424196,True,True,True,trapped,trapped,0.7878787878787878,True,True,0.5365079365079365,15,2024,2024-05,2024-W19,True
MNQ,2024-05-09,primary_2023_2025,neutral,0.7607142857142857,0.4185414721113846,True,False,primary_2023_2025,standard,0.7794466403162056,0.5476673427991886,False,True,True,trapped,trapped,0.9192708333333334,True,True,0.50625,1,2024,2024-05,2024-W19,True
MNQ,2024-05-10,primary_2023_2025,neutral,0.701688555347092,0.5476516969489201,False,True,primary_2023_2025,standard,1.0102766798418972,0.380281690140845,True,True,False,broken,broken_up,0.6707317073170732,True,True,0.5264797507788161,0,2024,2024-05,2024-W19,True
MNQ,2024-05-13,primary_2023_2025,neutral,0.8299319727891157,0.3312913501592747,False,True,primary_2023_2025,standard,0.5289514866979655,0.8816568047337278,False,True,True,broken,broken_up,0.8816568047337278,True,False,0.5903225806451613,62,2024,2024-05,2024-W20,True
MNQ,2024-05-14,primary_2023_2025,neutral,1.1498470948012232,0.4460069262252072,True,False,primary_2023_2025,standard,0.6719367588932806,0.571764705882353,False,True,True,broken,broken_up,1.416470588235294,True,True,0.5109034267912772,43,2024,2024-05,2024-W20,True
MNQ,2024-05-15,primary_2023_2025,neutral,1.2389558232931728,0.6241492311570457,True,False,primary_2023_2025,standard,0.9786561264822136,0.6898222940226171,False,False,False,trapped,trapped,1.884514435695538,True,True,0.4937106918238994,0,2024,2024-05,2024-W20,True
MNQ,2024-05-16,primary_2023_2025,compression,0.4839357429718876,0.3546099290780142,True,False,primary_2023_2025,standard,0.570281124497992,0.9464788732394366,False,True,True,broken,broken_down,2.294117647058824,True,True,0.4859813084112149,34,2024,2024-05,2024-W20,True
MNQ,2024-05-17,primary_2023_2025,compression,0.5582329317269076,0.2401572711333085,False,False,primary_2023_2025,standard,0.3801513877207738,0.9424778761061948,False,True,True,trapped,trapped,2.8085106382978724,True,True,0.4857142857142857,34,2024,2024-05,2024-W20,True
MNQ,2024-05-20,primary_2023_2025,compression,0.5031847133757962,0.6760037348272643,True,False,primary_2023_2025,standard,0.9619131975199292,0.4622467771639042,True,True,False,broken,broken_up,0.7137014314928425,True,True,0.5217391304347826,2,2024,2024-05,2024-W21,True
MNQ,2024-05-21,primary_2023_2025,neutral,0.7374301675977654,0.4375396322130628,False,True,primary_2023_2025,standard,0.6261343012704175,0.5130434782608696,False,False,False,broken,broken_down,1.5255813953488373,True,True,0.490506329113924,0,2024,2024-05,2024-W21,True
MNQ,2024-05-22,primary_2023_2025,compression,0.6447831184056272,0.2457795431976167,True,False,primary_2023_2025,standard,0.3822393822393822,1.8636363636363635,False,True,True,broken,broken_up,3.414364640883978,True,True,0.4952076677316294,36,2024,2024-05,2024-W21,True
MNQ,2024-05-23,primary_2023_2025,expansion,1.6834701055099648,0.8706647398843931,False,True,primary_2023_2025,standard,1.484599589322382,1.2309820193637622,False,False,True,broken,broken_down,2.160899653979239,True,True,0.4485981308411215,21,2024,2024-05,2024-W21,True
MNQ,2024-05-24,primary_2023_2025,neutral,0.8862837045720985,0.9134204420564171,True,False,primary_2023_2025,exhaustion,1.5359342915811087,0.2232620320855615,True,False,False,broken,broken_up,1.0588235294117647,True,True,0.4906832298136646,0,2024,2024-05,2024-W21,True
MNQ,2024-05-27,primary_2023_2025,compression,0.5472636815920398,0.2922668158299538,True,False,primary_2023_2025,standard,0.4291581108829568,0.6555023923444976,False,False,False,broken,broken_up,2.24822695035461,True,True,0.5107913669064749,1,2024,2024-05,2024-W22,True
MNQ,2024-05-28,primary_2023_2025,neutral,0.9502487562189056,0.5859112933283638,False,True,primary_2023_2025,standard,0.8562091503267973,0.5521628498727735,False,True,True,broken,broken_down,1.2849872773536897,True,True,0.4753086419753086,21,2024,2024-05,2024-W22,True
MNQ,2024-05-29,primary_2023_2025,expansion,2.0631578947368423,0.6905556361526186,False,False,primary_2023_2025,standard,1.1252955082742315,0.5168067226890757,False,False,True,trapped,trapped,0.8899297423887588,True,False,0.5299684542586751,10,2024,2024-05,2024-W22,True
MNQ,2024-05-30,primary_2023_2025,expansion,1.3657894736842104,0.842989571263036,False,True,primary_2023_2025,standard,1.2918978912319643,0.4261168384879725,True,True,True,trapped,trapped,2.1294117647058823,True,True,0.5331230283911672,0,2024,2024-05,2024-W22,True
MNQ,2024-05-31,primary_2023_2025,expansion,1.926315789473684,1.6687387760740435,True,False,primary_2023_2025,exhaustion,2.681465038845727,0.4163907284768212,True,True,False,broken,broken_down,1.6771561771561772,True,True,0.4461538461538462,3,2024,2024-05,2024-W22,True
MNQ,2024-06-03,primary_2023_2025,expansion,1.8657894736842104,0.9961038961038962,False,True,primary_2023_2025,exhaustion,1.7025527192008878,1.0495436766623207,False,False,False,broken,broken_up,2.4081632653061225,True,True,0.4766355140186916,1,2024,2024-06,2024-W23,True
MNQ,2024-06-04,primary_2023_2025,expansion,1.641089108910891,0.4813267660078558,False,False,primary_2023_2025,standard,0.7966976264189887,0.8497409326424871,False,True,True,trapped,trapped,1.8937823834196887,True,True,0.4751552795031056,29,2024,2024-06,2024-W23,True
MNQ,2024-06-05,primary_2023_2025,expansion,1.4794841735052755,0.8638386235538416,True,False,primary_2023_2025,exhaustion,1.502579979360165,0.4079670329670329,True,False,False,broken,broken_up,2.002659574468085,True,True,0.4794952681388013,0,2024,2024-06,2024-W23,True
MNQ,2024-06-06,primary_2023_2025,compression,0.6307151230949589,0.3693668786286978,False,True,primary_2023_2025,standard,0.6893704850361198,0.6586826347305389,False,True,True,broken,broken_down,1.062874251497006,True,True,0.5015673981191222,44,2024,2024-06,2024-W23,True
MNQ,2024-06-07,primary_2023_2025,expansion,2.07663782447466,0.5738551589578791,False,False,primary_2023_2025,standard,1.109877913429523,0.796,False,False,False,trapped,trapped,2.1979166666666665,True,True,0.468944099378882,29,2024,2024-06,2024-W23,True
MNQ,2024-06-10,primary_2023_2025,neutral,0.733615221987315,0.5434717117551364,True,False,primary_2023_2025,standard,1.0011098779134295,0.5942350332594235,False,False,False,trapped,trapped,1.7842323651452283,True,True,0.4891640866873065,0,2024,2024-06,2024-W24,True
MNQ,2024-06-11,primary_2023_2025,neutral,0.7502774694783574,0.6831962538272198,True,False,primary_2023_2025,standard,1.2276159654800431,0.7258347978910369,False,False,True,broken,broken_down,1.904392764857881,True,True,0.5046728971962616,0,2024,2024-06,2024-W24,True
MNQ,2024-06-12,primary_2023_2025,expansion,2.3842105263157896,0.7833314357281111,True,False,primary_2023_2025,standard,1.4098360655737705,0.2703488372093023,True,True,True,broken,broken_up,0.9174041297935104,True,True,0.4861538461538461,15,2024,2024-06,2024-W24,True
MNQ,2024-06-13,primary_2023_2025,neutral,1.131578947368421,0.557115093932196,True,False,primary_2023_2025,standard,1.0573770491803278,0.8430232558139535,False,False,True,broken,broken_down,1.0290697674418603,True,True,0.484472049689441,11,2024,2024-06,2024-W24,True
MNQ,2024-06-14,primary_2023_2025,expansion,1.5541871921182266,0.3935828877005347,False,False,primary_2023_2025,standard,0.7244094488188977,1.2282608695652173,False,False,True,trapped,trapped,1.391304347826087,True,True,0.4440993788819876,20,2024,2024-06,2024-W24,True
MNQ,2024-06-17,primary_2023_2025,expansion,2.889357218124341,0.5145873853848291,False,True,primary_2023_2025,standard,0.9114173228346456,2.041036717062635,False,False,False,trapped,trapped,4.078125,True,True,0.5076923076923077,2,2024,2024-06,2024-W25,True
MNQ,2024-06-18,primary_2023_2025,neutral,0.7791304347826087,0.3990699183474828,True,False,primary_2023_2025,standard,0.7561475409836066,0.8401084010840109,False,True,True,trapped,trapped,1.8545454545454545,True,True,0.5611285266457681,68,2024,2024-06,2024-W25,True
MNQ,2024-06-19,primary_2023_2025,compression,0.3304347826086956,0.1219900286411371,False,True,primary_2023_2025,standard,0.235655737704918,0.6956521739130435,False,False,True,broken,broken_up,1.420289855072464,True,False,0.5267175572519084,22,2024,2024-06,2024-W25,True
MNQ,2024-06-20,primary_2023_2025,neutral,1.008695652173913,0.6201633132305064,True,False,primary_2023_2025,standard,1.1905737704918034,1.7401032702237522,False,False,True,broken,broken_down,1.8623063683304648,True,True,0.4709480122324159,11,2024,2024-06,2024-W25,True
MNQ,2024-06-21,primary_2023_2025,neutral,1.0045495905368518,0.5175993922512029,False,True,primary_2023_2025,standard,1.0471311475409837,0.9843444227005872,False,False,True,broken,broken_down,1.145054945054945,True,False,0.4969135802469135,23,2024,2024-06,2024-W25,True
MNQ,2024-06-24,primary_2023_2025,neutral,0.950530035335689,0.7394833165349318,False,True,primary_2023_2025,standard,1.4282786885245902,0.7890961262553802,False,False,True,broken,broken_down,1.5611650485436894,True,True,0.556923076923077,5,2024,2024-06,2024-W26,True
MNQ,2024-06-25,primary_2023_2025,neutral,0.8886925795053003,0.6604184829991282,True,False,primary_2023_2025,standard,1.198813056379822,0.8613861386138614,False,True,True,broken,broken_up,1.3601895734597156,True,True,0.5108359133126935,3,2024,2024-06,2024-W26,True
MNQ,2024-06-26,primary_2023_2025,neutral,1.197879858657244,0.4708850115619087,False,False,primary_2023_2025,standard,0.872444011684518,0.828125,False,False,True,trapped,trapped,1.099526066350711,True,False,0.4921630094043887,84,2024,2024-06,2024-W26,True
MNQ,2024-06-27,primary_2023_2025,neutral,0.9434628975265018,0.5955334987593053,False,True,primary_2023_2025,standard,1.0749756572541382,0.8115942028985508,False,False,True,broken,broken_up,1.0276134122287968,True,False,0.509375,14,2024,2024-06,2024-W26,True
MNQ,2024-06-28,primary_2023_2025,neutral,0.8074204946996466,1.0159934941718622,False,True,primary_2023_2025,exhaustion,1.8247322297955209,0.6200640341515475,False,True,False,broken,broken_both,1.4578441835645677,True,True,0.5061349693251533,2,2024,2024-06,2024-W26,True
MNQ,2024-07-01,primary_2023_2025,neutral,0.8752293577981651,0.7683404067684506,False,True,primary_2023_2025,standard,1.3573515092502435,0.6011477761836442,False,True,False,broken,broken_down,1.2080344332855093,True,True,0.5077399380804953,21,2024,2024-07,2024-W27,True
MNQ,2024-07-02,primary_2023_2025,neutral,1.078358208955224,0.673139864717434,True,False,primary_2023_2025,standard,1.201557935735151,0.9789303079416533,False,False,True,broken,broken_up,1.6895833333333334,True,True,0.5329153605015674,0,2024,2024-07,2024-W27,True
MNQ,2024-07-03,primary_2023_2025,compression,0.5802238805970149,0.571545631465738,True,False,primary_2023_2025,standard,1.0449438202247192,0.7759856630824373,False,False,False,broken,broken_up,2.282608695652174,True,True,0.5705521472392638,5,2024,2024-07,2024-W27,True
MNQ,2024-07-04,primary_2023_2025,compression,0.2352941176470588,0.1483200484310362,True,False,primary_2023_2025,standard,0.2752808988764045,0.5306122448979592,False,False,True,broken,broken_down,0.7007299270072993,True,True,0.4964539007092198,25,2024,2024-07,2024-W27,True
MNQ,2024-07-05,primary_2023_2025,neutral,1.0318225650916104,0.5962431405656395,True,False,primary_2023_2025,standard,1.0580524344569289,0.5646017699115045,False,False,False,broken,broken_up,1.2832618025751072,True,True,0.484472049689441,0,2024,2024-07,2024-W27,True
MNQ,2024-07-08,primary_2023_2025,compression,0.4840887174541948,0.3541514419022991,True,False,primary_2023_2025,standard,0.5675675675675675,0.7904761904761904,False,True,True,broken,broken_up,1.7434782608695651,True,True,0.4796238244514106,59,2024,2024-07,2024-W28,True
MNQ,2024-07-09,primary_2023_2025,compression,0.5882352941176471,0.4609808585343753,False,True,primary_2023_2025,standard,0.7333333333333333,0.9926289926289926,False,False,False,broken,broken_up,1.60828025477707,True,True,0.5141065830721003,4,2024,2024-07,2024-W28,True
MNQ,2024-07-10,primary_2023_2025,compression,0.6595949855351977,0.4352161417091911,False,True,primary_2023_2025,standard,0.6947565543071161,1.431266846361186,False,True,True,broken,broken_up,2.888888888888889,True,True,0.4923076923076923,20,2024,2024-07,2024-W28,True
MNQ,2024-07-11,primary_2023_2025,neutral,1.0612244897959184,1.8171879744913453,True,False,primary_2023_2025,exhaustion,2.9133398247322297,0.4351604278074866,True,False,False,broken,broken_down,1.423780487804878,True,True,0.4598765432098765,0,2024,2024-07,2024-W28,True
MNQ,2024-07-12,primary_2023_2025,neutral,1.0576735092864125,1.0544700360222683,True,False,primary_2023_2025,exhaustion,1.8174976481655687,0.7712215320910973,False,False,True,broken,broken_up,1.430340557275542,True,True,0.5206349206349207,0,2024,2024-07,2024-W28,True
MNQ,2024-07-15,primary_2023_2025,neutral,1.1397849462365592,0.9384036226744504,True,False,primary_2023_2025,exhaustion,1.5495495495495497,0.8790697674418605,False,True,True,broken,broken_up,2.7708830548926016,True,True,0.4738461538461538,26,2024,2024-07,2024-W29,True
MNQ,2024-07-16,primary_2023_2025,neutral,0.8875855327468231,0.8445011699638374,False,True,primary_2023_2025,standard,1.4140694568121104,0.5629722921914357,False,False,True,broken,broken_both,0.7581863979848866,True,True,0.5384615384615384,49,2024,2024-07,2024-W29,True
MNQ,2024-07-17,primary_2023_2025,expansion,2.684261974584555,0.795549084858569,True,False,primary_2023_2025,standard,1.3350785340314135,0.6666666666666666,False,False,False,broken,broken_down,1.0435967302452316,True,True,0.5107033639143731,0,2024,2024-07,2024-W29,True
MNQ,2024-07-18,primary_2023_2025,neutral,1.094876660341556,1.3114108496603327,True,False,primary_2023_2025,exhaustion,2.244313395113732,0.5217717717717718,False,True,False,trapped,trapped,2.231660231660232,True,True,0.5168195718654435,0,2024,2024-07,2024-W29,True
MNQ,2024-07-19,primary_2023_2025,expansion,1.7267552182163188,0.898292858860303,True,False,primary_2023_2025,exhaustion,1.527391659852821,0.7387580299785867,False,False,False,trapped,trapped,1.2394957983193278,True,True,0.483076923076923,0,2024,2024-07,2024-W29,True
MNQ,2024-07-22,primary_2023_2025,expansion,1.819734345351044,0.7607550062278432,False,True,primary_2023_2025,standard,1.208523592085236,1.044080604534005,False,True,True,broken,broken_up,1.6280276816608996,True,True,0.5263157894736842,10,2024,2024-07,2024-W30,True
MNQ,2024-07-23,primary_2023_2025,neutral,1.1195445920303606,0.6120568407779232,True,False,primary_2023_2025,standard,0.9604261796042618,1.006339144215531,False,True,True,broken,broken_up,1.5807860262008733,True,True,0.5046439628482973,9,2024,2024-07,2024-W30,True
MNQ,2024-07-24,primary_2023_2025,expansion,2.089803554724041,1.0603103800762013,True,False,primary_2023_2025,exhaustion,1.7183734939759037,0.3768624014022787,True,False,False,broken,broken_down,1.7526455026455026,True,True,0.4936708860759494,0,2024,2024-07,2024-W30,True
MNQ,2024-07-25,primary_2023_2025,expansion,1.8166510757717491,1.376792698826597,False,True,primary_2023_2025,exhaustion,2.166894664842681,0.6262626262626263,False,True,False,broken,broken_down,1.1924198250728864,True,True,0.5137614678899083,7,2024,2024-07,2024-W30,True
MNQ,2024-07-26,primary_2023_2025,expansion,1.8029739776951672,0.5135581031346503,False,False,primary_2023_2025,standard,0.7787042976266838,1.3196046128500825,False,True,True,trapped,trapped,1.733221476510067,True,True,0.5170278637770898,28,2024,2024-07,2024-W30,True
MNQ,2024-07-29,primary_2023_2025,expansion,1.3881932021466905,0.7646158301957052,False,True,primary_2023_2025,standard,1.2640218878248974,1.0216450216450217,False,True,True,broken,broken_up,1.5250403877221326,True,True,0.4769230769230769,35,2024,2024-07,2024-W31,True
MNQ,2024-07-30,primary_2023_2025,expansion,1.5047619047619047,1.1291449233677118,True,False,primary_2023_2025,exhaustion,1.7626683771648493,0.673216885007278,False,False,False,broken,broken_up,2.344773790951638,True,True,0.5122699386503068,0,2024,2024-07,2024-W31,True
MNQ,2024-07-31,primary_2023_2025,expansion,3.577586206896552,0.5528981959248239,True,False,primary_2023_2025,standard,0.924433249370277,0.935967302452316,False,True,True,broken,broken_up,1.4217054263565891,True,True,0.5124223602484472,15,2024,2024-07,2024-W31,True
MNQ,2024-08-01,primary_2023_2025,expansion,1.4458653026427963,1.2142781634307058,True,False,primary_2023_2025,exhaustion,2.1700251889168767,0.8618688334300638,False,False,False,broken,broken_down,2.5480464625132,True,True,0.4646153846153846,0,2024,2024-08,2024-W31,True
MNQ,2024-08-02,primary_2023_2025,expansion,2.773060029282577,0.945099889885166,True,False,primary_2023_2025,exhaustion,1.8162031438935915,0.5019973368841545,False,True,True,broken,broken_down,0.6098535286284953,False,False,0.5030487804878049,37,2024,2024-08,2024-W31,True
MNQ,2024-08-05,primary_2023_2025,expansion,5.16256157635468,1.7208993454131485,False,False,primary_2023_2025,exhaustion,3.0504484304932737,0.3969128996692392,True,True,False,trapped,trapped,0.7277248238707004,True,False,0.4938271604938271,4,2024,2024-08,2024-W32,True
MNQ,2024-08-06,primary_2023_2025,expansion,1.9464181712288875,0.8816164910033192,False,True,primary_2023_2025,exhaustion,1.6297093649085037,0.7040951122853368,False,False,False,broken,broken_down,1.324953445065177,True,True,0.5092592592592593,0,2024,2024-08,2024-W32,True
MNQ,2024-08-07,primary_2023_2025,expansion,1.9561551433389543,0.3397157028457425,True,False,primary_2023_2025,standard,0.6452631578947369,2.566068515497553,False,True,False,broken,broken_up,3.905383360522023,True,True,0.5446153846153846,8,2024,2024-08,2024-W32,True
MNQ,2024-08-08,primary_2023_2025,expansion,2.176565008025682,0.7825677020585616,True,False,primary_2023_2025,exhaustion,1.5726315789473684,0.4799196787148594,True,False,False,broken,broken_up,0.7140661029976941,True,True,0.5170278637770898,0,2024,2024-08,2024-W32,True
MNQ,2024-08-09,primary_2023_2025,neutral,1.11767755313634,0.3491432828408244,False,False,primary_2023_2025,standard,0.74,1.2759601706970127,False,False,True,trapped,trapped,1.476780185758514,True,True,0.5510835913312694,19,2024,2024-08,2024-W32,True
MNQ,2024-08-12,primary_2023_2025,neutral,0.7418856259659969,0.5065415170027006,False,True,primary_2023_2025,standard,1.039827771797632,0.6035196687370601,False,False,True,broken,broken_up,0.9288343558282208,True,True,0.5292307692307693,59,2024,2024-08,2024-W33,True
MNQ,2024-08-13,primary_2023_2025,neutral,0.8974755280783101,0.340166644623727,True,False,primary_2023_2025,standard,0.6768421052631579,0.8180404354587869,False,False,False,broken,broken_up,2.418823529411765,True,True,0.528125,4,2024,2024-08,2024-W33,True
MNQ,2024-08-14,primary_2023_2025,compression,0.6532715095311695,0.5073329435986071,False,True,primary_2023_2025,standard,1.0505263157894738,0.7424849699398798,False,False,True,broken,broken_both,1.3297491039426523,True,True,0.4829721362229102,25,2024,2024-08,2024-W33,True
MNQ,2024-08-15,primary_2023_2025,neutral,1.119751166407465,0.3901124052693149,True,False,primary_2023_2025,standard,0.7810590631364562,0.499348109517601,True,False,False,broken,broken_up,0.8845528455284553,True,True,0.50625,0,2024,2024-08,2024-W33,True
MNQ,2024-08-16,primary_2023_2025,neutral,0.9799072642967542,0.2561493211546576,False,False,primary_2023_2025,standard,0.5431578947368421,1.071705426356589,False,False,True,trapped,trapped,1.317829457364341,True,False,0.5139318885448917,25,2024,2024-08,2024-W33,True
MNQ,2024-08-19,primary_2023_2025,compression,0.6718186501803194,0.3207919720862298,False,False,primary_2023_2025,standard,0.6275132275132275,0.6981450252951096,False,False,False,trapped,trapped,2.794805194805195,True,True,0.5142857142857142,0,2024,2024-08,2024-W34,True
MNQ,2024-08-20,primary_2023_2025,compression,0.4914992272024729,0.3877643544816919,True,False,primary_2023_2025,standard,0.7693121693121693,0.6079779917469051,False,True,True,broken,broken_down,1.026694045174538,True,True,0.5233644859813084,10,2024,2024-08,2024-W34,True
MNQ,2024-08-21,primary_2023_2025,compression,0.3307573415765069,0.384052767360834,True,False,primary_2023_2025,standard,0.764021164021164,0.7188365650969529,False,False,True,broken,broken_up,2.0712530712530715,True,True,0.5047021943573667,70,2024,2024-08,2024-W34,True
MNQ,2024-08-22,primary_2023_2025,compression,0.5747006767308693,0.4742467372039314,True,False,primary_2023_2025,standard,1.0443524541691307,1.1075877689694225,False,False,False,broken,broken_up,2.5899653979238755,True,True,0.4907407407407407,0,2024,2024-08,2024-W34,True
MNQ,2024-08-23,primary_2023_2025,neutral,0.7365532381997805,0.6097329022090591,False,True,primary_2023_2025,standard,1.36,0.8074866310160428,False,True,True,broken,broken_up,1.531130876747141,True,True,0.4984615384615384,10,2024,2024-08,2024-W34,True
MNQ,2024-08-26,primary_2023_2025,compression,0.5977011494252874,0.7377074802288144,True,False,primary_2023_2025,standard,1.3060320973990038,0.4050847457627118,True,False,False,broken,broken_down,0.7076326002587322,True,True,0.4984520123839009,0,2024,2024-08,2024-W35,True
MNQ,2024-08-27,primary_2023_2025,neutral,0.7816091954022989,0.6382374293740728,False,True,primary_2023_2025,standard,1.0935640886965927,0.4470820969337289,True,False,False,broken,broken_down,0.6064935064935065,True,True,0.5389408099688473,0,2024,2024-08,2024-W35,True
MNQ,2024-08-28,primary_2023_2025,compression,0.6050029086678301,0.8138938733658035,True,False,primary_2023_2025,standard,1.3737155219037318,0.5606299212598426,False,False,False,broken,broken_down,2.1951219512195124,True,True,0.50625,2,2024,2024-08,2024-W35,True
MNQ,2024-08-29,primary_2023_2025,expansion,1.9260204081632653,0.5892476079025263,True,False,primary_2023_2025,standard,0.8716904276985743,0.5338785046728972,False,False,True,broken,broken_up,1.712907117008444,True,True,0.5123456790123457,9,2024,2024-08,2024-W35,True
MNQ,2024-08-30,primary_2023_2025,neutral,0.9113764927718416,0.5147007472588868,False,True,primary_2023_2025,standard,0.7971876690102758,0.6960651289009498,False,False,False,broken,broken_up,2.2869565217391306,True,True,0.4937888198757764,7,2024,2024-08,2024-W35,True
MNQ,2024-09-02,primary_2023_2025,neutral,0.7003460207612456,0.2767465406682416,True,False,primary_2023_2025,standard,0.3772282921219091,0.3902439024390244,True,True,True,broken,broken_up,1.117391304347826,True,True,0.425531914893617,1,2024,2024-09,2024-W36,True
MNQ,2024-09-03,primary_2023_2025,expansion,1.3585714285714283,1.1531671188046333,True,False,primary_2023_2025,exhaustion,1.6500308071472582,0.3637042569081404,True,False,False,broken,broken_down,2.0287141073657926,True,True,0.5046439628482973,0,2024,2024-09,2024-W36,True
MNQ,2024-09-04,primary_2023_2025,neutral,1.0442857142857145,0.8619424599343503,True,False,primary_2023_2025,standard,1.3752310536044363,0.3996415770609319,True,True,True,trapped,trapped,1.253776435045317,True,True,0.5046153846153846,14,2024,2024-09,2024-W36,True
MNQ,2024-09-05,primary_2023_2025,neutral,1.03,0.8808409422235863,False,True,primary_2023_2025,standard,1.320299022426682,0.6036585365853658,False,True,False,broken,broken_up,1.1054613935969868,True,False,0.4875776397515527,5,2024,2024-09,2024-W36,True
MNQ,2024-09-06,primary_2023_2025,expansion,1.5357142857142858,1.5300074577069516,True,False,primary_2023_2025,exhaustion,2.24151811385854,0.2519240636223704,True,False,False,broken,broken_down,0.7089381207028266,True,True,0.4938271604938271,0,2024,2024-09,2024-W36,True
MNQ,2024-09-09,primary_2023_2025,expansion,1.4857142857142858,0.706403512241427,False,True,primary_2023_2025,standard,0.9659275283937264,0.7625979843225084,False,True,True,broken,broken_up,2.015151515151515,True,True,0.4984326018808777,31,2024,2024-09,2024-W37,True
MNQ,2024-09-10,primary_2023_2025,neutral,1.1163454675231976,0.4685709770455533,False,True,primary_2023_2025,standard,0.6677927927927928,1.387858347386172,False,False,True,broken,broken_up,2.1259259259259258,True,True,0.5306748466257669,33,2024,2024-09,2024-W37,True
MNQ,2024-09-11,primary_2023_2025,neutral,1.2819414703783012,1.095796265892864,True,False,primary_2023_2025,exhaustion,1.615990990990991,1.0912891986062718,False,True,True,broken,broken_down,2.835551330798479,True,True,0.4769230769230769,5,2024,2024-09,2024-W37,True
MNQ,2024-09-12,primary_2023_2025,compression,0.6334716459197787,0.586684007080669,False,True,primary_2023_2025,standard,0.9144144144144144,1.0935960591133005,False,False,True,broken,broken_both,1.4355083459787557,True,True,0.4953560371517028,16,2024,2024-09,2024-W37,True
MNQ,2024-09-13,primary_2023_2025,compression,0.4710920770877944,0.4117772562406657,True,False,primary_2023_2025,standard,0.652027027027027,0.6839378238341969,False,False,True,broken,broken_both,1.2307692307692308,True,True,0.5479876160990712,1,2024,2024-09,2024-W37,True
MNQ,2024-09-16,primary_2023_2025,expansion,1.7957068837897854,0.494189243685156,False,False,primary_2023_2025,standard,0.759009009009009,0.7433234421364985,False,True,True,trapped,trapped,1.131386861313869,True,False,0.4907975460122699,15,2024,2024-09,2024-W38,True
MNQ,2024-09-17,primary_2023_2025,neutral,1.0692362598144185,0.4186080911175209,False,True,primary_2023_2025,standard,0.6373873873873874,1.489399293286219,False,False,True,broken,broken_up,2.3048016701461376,True,True,0.4382716049382716,24,2024,2024-09,2024-W38,True
MNQ,2024-09-18,primary_2023_2025,compression,0.4453665283540802,0.2983780659610591,False,True,primary_2023_2025,standard,0.4650900900900901,1.4334140435835352,False,True,True,broken,broken_down,3.7666666666666666,True,True,0.45,64,2024,2024-09,2024-W38,True
MNQ,2024-09-19,primary_2023_2025,expansion,2.3374827109266945,0.5643063583815029,True,False,primary_2023_2025,standard,0.8795045045045045,0.6030729833546735,False,False,False,broken,broken_up,0.8901734104046243,True,True,0.5015290519877675,0,2024,2024-09,2024-W38,True
MNQ,2024-09-20,primary_2023_2025,compression,0.5151098901098901,0.6332266097474208,True,False,primary_2023_2025,standard,1.017724413950829,0.6089887640449438,False,True,True,broken,broken_both,2.022573363431152,True,True,0.52,24,2024,2024-09,2024-W38,True
MNQ,2024-09-23,primary_2023_2025,neutral,1.1483516483516485,0.2945508100147275,False,False,primary_2023_2025,standard,0.4352806414662085,1.131578947368421,False,True,True,trapped,trapped,1.2231638418079096,True,False,0.5356037151702786,94,2024,2024-09,2024-W39,True
MNQ,2024-09-24,primary_2023_2025,neutral,0.8472972972972973,0.6319906140007822,False,True,primary_2023_2025,standard,0.9688249400479616,0.5086633663366337,False,True,False,broken,broken_down,1.38107752956636,True,True,0.5358255451713395,2,2024,2024-09,2024-W39,True
MNQ,2024-09-25,primary_2023_2025,compression,0.6959459459459459,0.4078074663634641,True,False,primary_2023_2025,standard,0.6641975308641975,0.7899628252788105,False,True,True,broken,broken_up,0.8475836431226765,True,False,0.5078369905956113,25,2024,2024-09,2024-W39,True
MNQ,2024-09-26,primary_2023_2025,expansion,1.6689189189189189,0.98050139275766,False,True,primary_2023_2025,exhaustion,1.6614222781623662,0.4098484848484848,True,True,False,trapped,trapped,0.9930458970792768,True,True,0.5046728971962616,0,2024,2024-09,2024-W39,True
MNQ,2024-09-27,primary_2023_2025,neutral,0.8621621621621621,0.4376647232649149,False,False,primary_2023_2025,standard,0.6897419760855884,0.5565693430656934,False,True,False,trapped,trapped,1.653061224489796,True,True,0.5294117647058824,1,2024,2024-09,2024-W39,True
MNQ,2024-09-30,primary_2023_2025,neutral,0.9108108108108108,0.4570376260829531,False,False,primary_2023_2025,standard,0.6872246696035242,0.6391941391941391,False,True,True,trapped,trapped,1.6794871794871795,True,True,0.50625,44,2024,2024-09,2024-W40,True
MNQ,2024-10-01,primary_2023_2025,compression,0.6391891891891892,1.597469707769066,True,False,primary_2023_2025,exhaustion,2.2567652611705475,0.3519241494701617,True,True,True,broken,broken_down,0.6831489915419648,True,True,0.4334365325077399,21,2024,2024-10,2024-W40,True
MNQ,2024-10-02,primary_2023_2025,neutral,0.7369146005509641,0.8585562169866688,True,False,primary_2023_2025,standard,1.288860918816866,0.45703125,True,True,False,broken,broken_both,0.675,True,True,0.4937888198757764,0,2024,2024-10,2024-W40,True
MNQ,2024-10-03,primary_2023_2025,neutral,1.2458781362007167,0.7381061969120046,False,True,primary_2023_2025,standard,1.1101321585903083,0.8197278911564626,False,True,True,broken,broken_up,0.8197278911564626,True,False,0.5216049382716049,22,2024,2024-10,2024-W40,True
MNQ,2024-10-04,primary_2023_2025,expansion,1.808854532677442,0.7628900664479771,False,False,primary_2023_2025,standard,1.1415984896161109,0.6549062844542448,False,True,True,trapped,trapped,1.0,True,False,0.4676923076923077,28,2024,2024-10,2024-W40,True
MNQ,2024-10-07,primary_2023_2025,neutral,1.18060435699227,0.3777184280808851,False,False,primary_2023_2025,standard,0.4984266834487099,0.6868686868686869,False,True,True,trapped,trapped,2.530343007915567,True,True,0.4907407407407407,50,2024,2024-10,2024-W41,True
MNQ,2024-10-08,primary_2023_2025,neutral,1.1539002108222065,0.7592824363788068,True,False,primary_2023_2025,standard,1.1257731958762889,0.4688644688644688,True,True,True,broken,broken_up,1.2420262664165105,True,True,0.50625,0,2024,2024-10,2024-W41,True
MNQ,2024-10-09,primary_2023_2025,compression,0.5917076598735067,0.590543994158452,True,False,primary_2023_2025,standard,0.8143486469477659,0.5749613601236476,False,False,False,broken,broken_up,1.436830835117773,True,True,0.5202492211838006,0,2024,2024-10,2024-W41,True
MNQ,2024-10-10,primary_2023_2025,neutral,0.9283536585365854,0.5097736858814459,False,True,primary_2023_2025,standard,0.7725085910652921,0.9234875444839856,False,False,True,broken,broken_down,1.2819956616052062,True,True,0.4485981308411215,5,2024,2024-10,2024-W41,True
MNQ,2024-10-11,primary_2023_2025,neutral,0.7896341463414634,0.6163880213117766,False,True,primary_2023_2025,standard,1.015897047691143,0.3994038748137108,True,False,False,broken,broken_both,0.61698956780924,True,True,0.4968944099378882,0,2024,2024-10,2024-W41,True
MNQ,2024-10-14,primary_2023_2025,neutral,1.1204268292682926,0.6118565992389345,False,True,primary_2023_2025,standard,0.908550185873606,0.6481178396072013,False,True,True,broken,broken_up,1.0179533213644525,True,False,0.4528301886792453,22,2024,2024-10,2024-W42,True
MNQ,2024-10-15,primary_2023_2025,compression,0.5426829268292683,1.2991131149977704,True,False,primary_2023_2025,exhaustion,1.9893778452200304,0.3035850495804729,True,False,False,broken,broken_both,1.7537688442211057,True,True,0.4938271604938271,0,2024,2024-10,2024-W42,True
MNQ,2024-10-16,primary_2023_2025,compression,0.5739130434782609,0.5763497846969194,False,True,primary_2023_2025,standard,0.8388429752066116,0.5106732348111659,False,True,True,broken,broken_down,0.8784893267651889,True,False,0.5124223602484472,32,2024,2024-10,2024-W42,True
MNQ,2024-10-17,primary_2023_2025,expansion,2.009486166007905,0.7997343705530785,False,False,primary_2023_2025,standard,1.1611570247933884,0.4021352313167259,True,True,False,trapped,trapped,0.8315539739027283,True,False,0.4829721362229102,17,2024,2024-10,2024-W42,True
MNQ,2024-10-18,primary_2023_2025,neutral,1.1936758893280632,0.3396368426004327,True,False,primary_2023_2025,standard,0.4881676808654496,0.994459833795014,False,True,True,broken,broken_up,0.994459833795014,True,True,0.4634920634920635,48,2024,2024-10,2024-W42,True
MNQ,2024-10-21,primary_2023_2025,neutral,1.1189024390243902,0.8573623559539052,False,True,primary_2023_2025,standard,1.2701062215477996,0.6905615292712067,False,True,True,broken,broken_up,1.3561904761904762,True,False,0.4984520123839009,17,2024,2024-10,2024-W43,True
MNQ,2024-10-22,primary_2023_2025,neutral,1.1189024390243902,0.6190965092402464,False,False,primary_2023_2025,standard,0.8154158215010142,1.0066334991708126,False,False,True,trapped,trapped,1.1724709784411278,True,True,0.4485981308411215,15,2024,2024-10,2024-W43,True
MNQ,2024-10-23,primary_2023_2025,compression,0.6747159090909091,0.6317798312575331,True,False,primary_2023_2025,standard,0.9544764795144158,1.5310015898251192,False,False,False,broken,broken_down,3.246252676659529,True,True,0.4923076923076923,6,2024,2024-10,2024-W43,True
MNQ,2024-10-24,primary_2023_2025,neutral,0.9090909090909092,0.3231736816642477,False,False,primary_2023_2025,standard,0.5068285280728376,1.535928143712575,False,True,True,trapped,trapped,1.7754491017964071,True,True,0.449685534591195,26,2024,2024-10,2024-W43,True
MNQ,2024-10-25,primary_2023_2025,neutral,0.9041095890410958,0.9009475482835396,True,False,primary_2023_2025,standard,1.3636363636363635,0.8344827586206897,False,True,True,broken,broken_up,1.1172413793103448,True,False,0.5306748466257669,17,2024,2024-10,2024-W43,True
MNQ,2024-10-28,primary_2023_2025,neutral,0.9421613394216134,0.4144210140756632,False,False,primary_2023_2025,standard,0.6009104704097117,0.6565656565656566,False,False,False,trapped,trapped,1.3308080808080809,True,True,0.56,5,2024,2024-10,2024-W44,True
MNQ,2024-10-29,primary_2023_2025,compression,0.6608419380460683,0.7710280373831776,True,False,primary_2023_2025,standard,1.1016691957511382,0.5798898071625345,False,False,False,broken,broken_both,1.195906432748538,True,True,0.4904458598726114,0,2024,2024-10,2024-W44,True
MNQ,2024-10-30,primary_2023_2025,neutral,0.9531374106433678,0.626125225045009,False,True,primary_2023_2025,standard,0.9499241274658572,0.8162939297124601,False,True,True,broken,broken_down,1.1373801916932906,True,True,0.503125,11,2024,2024-10,2024-W44,True
MNQ,2024-10-31,primary_2023_2025,expansion,1.3312152501985703,1.2561490683229817,True,False,primary_2023_2025,exhaustion,1.9811912225705328,0.2879746835443038,True,False,False,broken,broken_down,0.597,True,True,0.450920245398773,0,2024,2024-10,2024-W44,True
MNQ,2024-11-01,primary_2023_2025,neutral,0.8212867355043686,0.9089112823552656,True,False,primary_2023_2025,standard,1.4420062695924765,0.5728260869565217,False,True,True,broken,broken_up,0.7702227432590856,True,True,0.4700315457413249,57,2024,2024-11,2024-W44,True
MNQ,2024-11-04,primary_2023_2025,neutral,1.1905537459283388,0.856827530851811,False,True,primary_2023_2025,standard,1.3385579937304075,0.7166276346604216,False,True,True,broken,broken_down,1.036649214659686,True,False,0.544891640866873,22,2024,2024-11,2024-W45,True
MNQ,2024-11-05,primary_2023_2025,neutral,0.8436482084690554,0.7047845940043677,True,False,primary_2023_2025,standard,1.077389984825493,0.4873239436619718,True,False,False,broken,broken_up,0.7915492957746478,True,True,0.5109034267912772,9,2024,2024-11,2024-W45,True
MNQ,2024-11-06,primary_2023_2025,expansion,2.699751861042184,0.6462123269074124,True,False,primary_2023_2025,standard,1.0834597875569043,0.5812324929971989,False,False,False,broken,broken_up,1.491577335375191,True,True,0.4735202492211838,15,2024,2024-11,2024-W45,True
MNQ,2024-11-07,primary_2023_2025,neutral,1.0407166123778502,0.5885182108346815,True,False,primary_2023_2025,standard,0.9746560463432296,0.2927191679049034,True,False,False,broken,broken_up,1.3280318091451293,True,True,0.4782608695652174,0,2024,2024-11,2024-W45,True
MNQ,2024-11-08,primary_2023_2025,neutral,0.90302066772655,0.2492156776103574,False,False,primary_2023_2025,standard,0.4078091106290672,1.0212765957446808,False,False,True,trapped,trapped,1.3546099290780145,True,True,0.5173501577287066,37,2024,2024-11,2024-W45,True
MNQ,2024-11-11,primary_2023_2025,compression,0.6263910969793323,0.5108640022332852,True,False,primary_2023_2025,standard,0.7939262472885033,0.8761384335154827,False,False,True,broken,broken_down,1.0637522768670309,True,True,0.5093167701863354,34,2024,2024-11,2024-W46,True
MNQ,2024-11-12,primary_2023_2025,neutral,0.7891714520098442,0.3188019660985805,False,True,primary_2023_2025,standard,0.5018076644974693,1.654178674351585,False,True,False,broken,broken_up,2.48122866894198,True,True,0.5046439628482973,13,2024,2024-11,2024-W46,True
MNQ,2024-11-13,primary_2023_2025,neutral,0.933552091878589,0.4552772808586762,False,True,primary_2023_2025,standard,0.7818740399385561,1.31237721021611,False,True,True,broken,broken_down,1.4361493123772102,True,True,0.4877300613496932,28,2024,2024-11,2024-W46,True
MNQ,2024-11-14,primary_2023_2025,compression,0.6661197703035275,0.4803649700330977,False,True,primary_2023_2025,standard,0.8248847926267281,0.9217877094972068,False,False,True,broken,broken_down,1.2625698324022343,True,True,0.4736842105263157,50,2024,2024-11,2024-W46,True
MNQ,2024-11-15,primary_2023_2025,expansion,1.5343383584589614,0.8513836088763151,True,False,primary_2023_2025,exhaustion,1.5346613545816734,0.770508826583593,False,False,False,broken,broken_down,1.0613577023498697,True,True,0.5386996904024768,0,2024,2024-11,2024-W46,True
MNQ,2024-11-18,primary_2023_2025,neutral,1.2160804020100502,0.7584551603753,True,False,primary_2023_2025,standard,1.3348694316436251,0.5937859608745685,False,True,True,trapped,trapped,0.8758169934640523,True,True,0.4861538461538461,0,2024,2024-11,2024-W47,True
MNQ,2024-11-19,primary_2023_2025,expansion,2.108877721943049,0.6351321341328003,False,False,primary_2023_2025,standard,1.098310291858679,0.8377622377622378,False,False,False,trapped,trapped,2.1761658031088085,True,True,0.5479876160990712,0,2024,2024-11,2024-W47,True
MNQ,2024-11-20,primary_2023_2025,neutral,0.7403685092127303,0.936227381502162,True,False,primary_2023_2025,exhaustion,1.6124367317425885,0.57847533632287,False,True,True,broken,broken_down,0.9103139013452914,True,False,0.515527950310559,44,2024,2024-11,2024-W47,True
MNQ,2024-11-21,primary_2023_2025,expansion,1.966499162479062,1.288577400713144,False,True,primary_2023_2025,exhaustion,2.207865168539326,0.4338422391857506,True,True,False,broken,broken_both,0.9504885993485342,True,True,0.4813664596273292,6,2024,2024-11,2024-W47,True
MNQ,2024-11-22,primary_2023_2025,neutral,1.016750418760469,0.4930725346373268,False,True,primary_2023_2025,standard,0.8467459762071379,0.8677685950413223,False,True,True,broken,broken_up,0.9619834710743802,True,True,0.4860681114551083,17,2024,2024-11,2024-W47,True
MNQ,2024-11-25,primary_2023_2025,neutral,0.911350455675228,0.7552721922511034,False,True,primary_2023_2025,standard,1.1896067415730338,0.859504132231405,False,False,True,broken,broken_both,0.859504132231405,True,True,0.4953560371517028,0,2024,2024-11,2024-W48,True
MNQ,2024-11-26,primary_2023_2025,expansion,1.53464499572284,0.3719298245614035,False,True,primary_2023_2025,standard,0.5934219734079776,0.5731132075471698,False,False,True,broken,broken_up,0.9882075471698112,True,False,0.528125,44,2024,2024-11,2024-W48,True
MNQ,2024-11-27,primary_2023_2025,neutral,0.7605633802816901,0.8575319597592583,True,False,primary_2023_2025,standard,1.3707865168539326,0.5881147540983607,False,True,True,broken,broken_down,0.8895265423242468,True,True,0.5,0,2024,2024-11,2024-W48,True
MNQ,2024-11-28,primary_2023_2025,compression,0.4863945578231292,0.1238953387627794,True,False,primary_2023_2025,standard,0.2001399580125962,0.6433566433566433,False,True,True,broken,broken_up,1.106194690265487,True,True,0.539568345323741,32,2024,2024-11,2024-W48,True
MNQ,2024-11-29,primary_2023_2025,neutral,0.8847845206684257,0.7165634965297317,True,False,primary_2023_2025,standard,1.0730337078651686,0.2604712041884817,True,False,False,broken,broken_both,0.4851190476190476,True,True,0.4430379746835443,0,2024,2024-11,2024-W48,True
MNQ,2024-12-02,primary_2023_2025,neutral,0.752858399296394,0.7401221358108461,True,False,primary_2023_2025,standard,0.9957865168539326,0.4569816643159379,True,False,False,broken,broken_up,0.6970588235294117,True,True,0.4763406940063091,1,2024,2024-12,2024-W49,True
MNQ,2024-12-03,primary_2023_2025,neutral,0.7066189624329159,0.4713465605801188,True,False,primary_2023_2025,standard,0.6596194503171248,0.6175213675213675,False,True,True,broken,broken_down,1.279596977329975,True,True,0.5015576323987538,14,2024,2024-12,2024-W49,True
MNQ,2024-12-04,primary_2023_2025,neutral,1.082289803220036,0.4232442207125751,True,False,primary_2023_2025,standard,0.6266280752532561,0.5080831408775982,False,False,True,broken,broken_up,1.414012738853503,True,True,0.503125,0,2024,2024-12,2024-W49,True
MNQ,2024-12-05,primary_2023_2025,compression,0.3506261180679785,0.2536623734146102,False,True,primary_2023_2025,standard,0.4037558685446009,1.3410852713178294,False,False,True,broken,broken_up,2.0,True,True,0.490566037735849,21,2024,2024-12,2024-W49,True
MNQ,2024-12-06,primary_2023_2025,neutral,0.805318138651472,0.6379490236995081,True,False,primary_2023_2025,standard,1.1126516464471403,0.4485981308411215,True,False,False,broken,broken_up,0.602803738317757,True,True,0.544891640866873,2,2024,2024-12,2024-W49,True
MNQ,2024-12-09,primary_2023_2025,neutral,0.9796747967479674,0.8856396866840731,True,False,primary_2023_2025,standard,1.3600641539695268,0.3561320754716981,True,True,False,broken,broken_down,1.3461538461538465,True,True,0.4953560371517028,0,2024,2024-12,2024-W50,True
MNQ,2024-12-10,primary_2023_2025,neutral,0.732994923857868,0.6066622545775424,False,True,primary_2023_2025,standard,0.8142116950407106,0.4272727272727272,True,False,False,broken,broken_up,2.2142857142857144,True,True,0.4658385093167702,9,2024,2024-12,2024-W50,True
MNQ,2024-12-11,primary_2023_2025,expansion,1.500507614213198,0.8270472675964617,True,False,primary_2023_2025,standard,1.1280532938564027,0.3674540682414698,True,False,False,broken,broken_up,0.8943338437978561,True,True,0.5,0,2024,2024-12,2024-W50,True
MNQ,2024-12-12,primary_2023_2025,neutral,1.0131979695431472,0.4813729593972373,False,True,primary_2023_2025,standard,0.6460674157303371,0.6565217391304348,False,True,True,broken,broken_down,1.082010582010582,True,False,0.5107692307692308,20,2024,2024-12,2024-W50,True
MNQ,2024-12-13,primary_2023_2025,neutral,1.1696606786427146,1.073235833843074,False,True,primary_2023_2025,standard,1.3553370786516854,0.4238341968911917,True,True,False,broken,broken_up,1.3800424628450103,True,True,0.4968944099378882,0,2024,2024-12,2024-W50,True
MNQ,2024-12-16,primary_2023_2025,neutral,1.2115768463073853,0.7517493343241067,True,False,primary_2023_2025,standard,0.8525280898876404,0.8253706754530478,False,False,False,broken,broken_up,1.6957605985037407,True,True,0.5691823899371069,0,2024,2024-12,2024-W51,True
MNQ,2024-12-17,primary_2023_2025,expansion,2.776447105788423,0.5476707296710636,False,False,primary_2023_2025,standard,0.7283493708364175,0.717479674796748,False,True,True,trapped,trapped,1.1300813008130082,True,False,0.5,35,2024,2024-12,2024-W51,True
MNQ,2024-12-18,primary_2023_2025,expansion,1.4530938123752497,0.6049841218580118,False,False,primary_2023_2025,standard,0.899919935948759,0.3861209964412811,True,True,True,trapped,trapped,8.820574162679426,True,True,0.4396284829721362,5,2024,2024-12,2024-W51,True
MNQ,2024-12-19,primary_2023_2025,expansion,1.931623931623932,0.8793550778354337,False,True,primary_2023_2025,exhaustion,1.566006600660066,0.8345626975763962,False,False,True,broken,broken_up,1.3225404732254047,True,True,0.558282208588957,12,2024,2024-12,2024-W51,True
MNQ,2024-12-20,primary_2023_2025,expansion,3.259259259259259,1.799973761315433,True,False,primary_2023_2025,exhaustion,3.396039603960396,0.3051506316812439,True,False,False,broken,broken_up,1.1858921161825726,True,True,0.5153374233128835,0,2024,2024-12,2024-W51,True
MNQ,2024-12-23,primary_2023_2025,expansion,1.5023741690408356,0.6399101880437833,False,True,primary_2023_2025,standard,1.277822257806245,0.7694235588972431,False,False,False,broken,broken_down,1.2781954887218046,True,True,0.509375,8,2024,2024-12,2024-W52,True
MNQ,2024-12-24,primary_2023_2025,neutral,1.017447199265381,0.5882352941176471,True,False,primary_2023_2025,standard,1.1913530824659728,0.5833333333333334,False,False,False,broken,broken_up,0.908450704225352,True,True,0.5308641975308642,0,2024,2024-12,2024-W52,True
MNQ,2024-12-26,primary_2023_2025,expansion,1.640491958372753,0.4713884604737612,False,True,primary_2023_2025,standard,0.8823094004441154,0.6845637583892618,False,False,False,broken,broken_down,0.7844202898550725,True,False,0.4876543209876543,0,2024,2024-12,2024-W52,True
MNQ,2024-12-27,primary_2023_2025,neutral,1.156140350877193,1.1311663177850626,True,False,primary_2023_2025,exhaustion,2.293034427542034,0.5020949720670391,False,True,True,broken,broken_down,0.6231263383297645,True,True,0.544891640866873,30,2024,2024-12,2024-W52,True
MNQ,2024-12-30,primary_2023_2025,expansion,2.579345088161209,0.5242353302375562,False,True,primary_2023_2025,standard,1.0111028867505552,1.027818448023426,False,True,False,broken,broken_down,1.786910197869102,True,False,0.5245398773006135,11,2024,2024-12,2025-W01,True
MNQ,2024-12-31,primary_2023_2025,neutral,1.198019801980198,0.5920856887831002,True,False,primary_2023_2025,standard,1.201509433962264,0.7977386934673367,False,False,False,broken,broken_down,1.672523961661342,True,True,0.4770642201834862,5,2024,2024-12,2025-W01,True
MNQ,2025-01-02,primary_2023_2025,expansion,2.3364928909952605,0.7962982890347573,False,False,primary_2023_2025,exhaustion,1.6754716981132076,1.3468468468468469,False,False,True,trapped,trapped,1.3468468468468469,True,True,0.5412844036697247,24,2025,2025-01,2025-W01,True
MNQ,2025-01-03,primary_2023_2025,neutral,0.9169675090252708,0.498390613643443,True,False,primary_2023_2025,standard,1.0091100210231254,0.6125,False,False,False,broken,broken_up,1.4583333333333333,True,True,0.5203761755485894,16,2025,2025-01,2025-W01,True
MNQ,2025-01-06,primary_2023_2025,expansion,1.6303249097472925,0.4910540301151461,True,False,primary_2023_2025,standard,0.9467213114754098,1.0952380952380951,False,True,True,broken,broken_up,1.5368098159509205,True,True,0.528125,1,2025,2025-01,2025-W02,True
MNQ,2025-01-07,primary_2023_2025,neutral,0.7620357634112792,1.1318918167280818,True,False,primary_2023_2025,exhaustion,2.2240437158469946,0.4250614250614251,True,False,False,broken,broken_both,1.0905861456483126,True,True,0.52,0,2025,2025-01,2025-W02,True
MNQ,2025-01-08,primary_2023_2025,neutral,1.248968363136176,0.4563407866818998,False,False,primary_2023_2025,standard,0.9282868525896414,1.446351931330472,False,False,True,trapped,trapped,1.51931330472103,True,True,0.5061349693251533,51,2025,2025-01,2025-W02,True
MNQ,2025-01-10,primary_2023_2025,expansion,1.7886843899113838,0.8913764510779436,True,False,primary_2023_2025,exhaustion,1.7622950819672132,0.8984496124031007,False,True,True,broken,broken_down,0.8984496124031007,False,False,0.4907407407407407,37,2025,2025-01,2025-W02,True
MNQ,2025-01-13,primary_2023_2025,expansion,1.796078431372549,0.5629139072847682,False,False,primary_2023_2025,standard,0.9482071713147412,1.0938375350140055,False,True,True,trapped,trapped,1.606158833063209,True,False,0.5076923076923077,28,2025,2025-01,2025-W03,True
MNQ,2025-01-14,primary_2023_2025,neutral,0.9638118214716526,0.8572512327727906,True,False,primary_2023_2025,standard,1.389344262295082,0.8593903638151426,False,True,True,trapped,trapped,1.5611620795107033,True,True,0.5076452599388379,0,2025,2025-01,2025-W03,True
MNQ,2025-01-15,primary_2023_2025,expansion,2.0180072028811527,0.7209255124822407,True,False,primary_2023_2025,standard,1.1532467532467532,0.6722972972972973,False,False,True,broken,broken_up,0.9301801801801802,True,True,0.5236593059936908,15,2025,2025-01,2025-W03,True
MNQ,2025-01-16,primary_2023_2025,neutral,0.9645070422535212,0.5061116101066115,False,True,primary_2023_2025,standard,0.8415584415584415,1.0169753086419753,False,False,True,broken,broken_down,1.4212962962962965,True,True,0.5046439628482973,33,2025,2025-01,2025-W03,True
MNQ,2025-01-17,primary_2023_2025,expansion,2.123943661971831,0.5319969159599075,False,False,primary_2023_2025,standard,0.8961038961038961,0.6521739130434783,False,True,False,trapped,trapped,0.910144927536232,True,False,0.5279503105590062,8,2025,2025-01,2025-W03,True
MNQ,2025-01-20,primary_2023_2025,neutral,0.8980281690140846,0.4143533181801245,False,True,primary_2023_2025,standard,0.7220779220779221,0.7751798561151079,False,False,True,broken,broken_up,1.0435835351089588,True,False,0.4551724137931034,0,2025,2025-01,2025-W04,True
MNQ,2025-01-21,primary_2023_2025,expansion,1.695774647887324,0.5803638550593896,False,False,primary_2023_2025,standard,1.0025974025974025,0.8652849740932642,False,True,True,trapped,trapped,0.9676165803108808,True,True,0.5559006211180124,31,2025,2025-01,2025-W04,True
MNQ,2025-01-22,primary_2023_2025,neutral,0.7459154929577465,0.43508063061438,True,False,primary_2023_2025,standard,0.7955145118733509,0.5555555555555556,False,True,False,broken,broken_up,0.8345724907063197,True,True,0.5232198142414861,3,2025,2025-01,2025-W04,True
MNQ,2025-01-23,primary_2023_2025,compression,0.6012768427161926,0.2490272373540856,False,False,primary_2023_2025,standard,0.4590163934426229,1.0,False,False,True,trapped,trapped,2.9043062200956937,True,True,0.4330218068535825,2,2025,2025-01,2025-W04,True
MNQ,2025-01-24,primary_2023_2025,compression,0.4074289030760302,0.3269383584969917,False,True,primary_2023_2025,standard,0.602510460251046,1.6134259259259258,False,False,True,broken,broken_up,2.12707182320442,True,True,0.5295950155763239,7,2025,2025-01,2025-W04,True
MNQ,2025-01-27,primary_2023_2025,expansion,4.69065583284968,0.9654420072466592,False,False,primary_2023_2025,exhaustion,1.753715498938429,0.4616626311541565,True,True,False,trapped,trapped,1.2249761677788369,True,False,0.4984520123839009,14,2025,2025-01,2025-W05,True
MNQ,2025-01-28,primary_2023_2025,neutral,0.9308390022675735,0.9417468596194816,False,True,primary_2023_2025,exhaustion,1.7880055788005578,0.6107644305772231,False,False,False,broken,broken_both,0.7449297971918877,True,True,0.5124223602484472,0,2025,2025-01,2025-W05,True
MNQ,2025-01-29,primary_2023_2025,neutral,0.753968253968254,0.4148456468955949,True,False,primary_2023_2025,standard,0.8340306834030683,1.1906354515050168,False,False,True,broken,broken_down,1.852882703777336,True,True,0.5061728395061729,53,2025,2025-01,2025-W05,True
MNQ,2025-01-30,primary_2023_2025,neutral,0.9731663685152058,0.9210572256555288,False,True,primary_2023_2025,exhaustion,1.8396094839609485,0.3699772554965883,True,True,True,broken,broken_up,1.239250275633958,True,True,0.4783950617283951,12,2025,2025-01,2025-W05,True
MNQ,2025-01-31,primary_2023_2025,neutral,0.731067382230173,0.5763050774833964,True,False,primary_2023_2025,standard,1.1255230125523012,1.0855018587360594,False,True,True,broken,broken_up,2.726984126984127,True,True,0.4907975460122699,6,2025,2025-01,2025-W05,True
MNQ,2025-02-03,primary_2023_2025,expansion,1.6615760537568722,0.9724020442930154,True,False,primary_2023_2025,exhaustion,1.99023709902371,0.3686054660126139,True,False,False,broken,broken_up,0.7942057942057942,True,True,0.5335365853658537,0,2025,2025-02,2025-W06,True
MNQ,2025-02-04,primary_2023_2025,expansion,1.7137745974955276,0.7552748286520629,True,False,primary_2023_2025,exhaustion,1.51278600269179,0.5142348754448398,False,True,True,broken,broken_up,0.5589941972920697,True,True,0.5389408099688473,4,2025,2025-02,2025-W06,True
MNQ,2025-02-05,primary_2023_2025,neutral,0.932617769827072,0.340883315511487,False,True,primary_2023_2025,standard,0.6662444585180494,0.9809885931558936,False,False,False,trapped,trapped,2.076388888888889,True,True,0.5233644859813084,2,2025,2025-02,2025-W06,True
MNQ,2025-02-06,primary_2023_2025,compression,0.6058437686344663,0.2897044494965898,False,True,primary_2023_2025,standard,0.6002691790040376,0.8408071748878924,False,False,True,broken,broken_up,1.5269058295964126,True,True,0.4984423676012461,36,2025,2025-02,2025-W06,True
MNQ,2025-02-07,primary_2023_2025,compression,0.6524129505192425,0.9368039626342208,True,False,primary_2023_2025,exhaustion,1.8963660834454912,0.4151880766501065,True,False,False,broken,broken_both,0.8885941644562334,True,True,0.4984520123839009,0,2025,2025-02,2025-W06,True
MNQ,2025-02-10,primary_2023_2025,expansion,1.865015479876161,0.4160087869842795,True,False,primary_2023_2025,standard,0.8156123822341858,0.4504950495049505,True,False,True,broken,broken_up,0.5828571428571429,True,True,0.5141065830721003,0,2025,2025-02,2025-W07,True
MNQ,2025-02-11,primary_2023_2025,neutral,0.804953560371517,0.484025050419276,False,True,primary_2023_2025,standard,0.9357045143638852,0.7397660818713451,False,True,True,broken,broken_up,1.0724137931034483,True,True,0.4610591900311526,26,2025,2025-02,2025-W07,True
MNQ,2025-02-12,primary_2023_2025,expansion,1.6788592684438934,0.6640189520624303,False,False,primary_2023_2025,standard,1.3871906841339157,0.6977964323189927,False,False,True,trapped,trapped,0.947109471094711,True,False,0.4922600619195046,0,2025,2025-02,2025-W07,True
MNQ,2025-02-13,primary_2023_2025,neutral,0.8642281463112214,0.6208888734208053,True,False,primary_2023_2025,standard,1.2983988355167395,0.5538116591928252,False,True,True,broken,broken_up,1.4442724458204337,True,True,0.470404984423676,3,2025,2025-02,2025-W07,True
MNQ,2025-02-14,primary_2023_2025,compression,0.6054464851171628,0.2317296717739425,False,True,primary_2023_2025,standard,0.4582763337893297,1.2776119402985076,False,False,True,trapped,trapped,1.836805555555556,True,True,0.5124223602484472,24,2025,2025-02,2025-W07,True
MNQ,2025-02-17,primary_2023_2025,compression,0.4638269100743746,0.1649367268590928,False,True,primary_2023_2025,standard,0.3186813186813186,0.5172413793103449,False,True,False,broken,broken_down,0.6,True,False,0.5454545454545454,0,2025,2025-02,2025-W08,True
MNQ,2025-02-18,primary_2023_2025,neutral,0.7136563876651982,0.4152148664343786,False,True,primary_2023_2025,standard,0.7857142857142857,0.5402097902097902,False,False,True,broken,broken_down,0.9891107078039928,True,True,0.5220125786163522,22,2025,2025-02,2025-W08,True
MNQ,2025-02-19,primary_2023_2025,compression,0.6782215523737755,0.310857982730112,False,True,primary_2023_2025,standard,0.6558139534883721,0.6572104018912529,False,False,False,broken,broken_down,1.4806763285024154,True,True,0.4722222222222222,9,2025,2025-02,2025-W08,True
MNQ,2025-02-20,primary_2023_2025,compression,0.5749049429657794,0.8850620744893872,True,False,primary_2023_2025,exhaustion,1.7131782945736431,0.2959276018099547,True,True,True,broken,broken_down,0.6235294117647059,False,False,0.4953271028037383,26,2025,2025-02,2025-W08,True
MNQ,2025-02-21,primary_2023_2025,neutral,0.8608365019011407,0.8177087635252333,True,False,primary_2023_2025,standard,1.3279678068410463,1.0777777777777775,False,False,False,broken,broken_down,1.8773946360153255,True,True,0.4662576687116564,0,2025,2025-02,2025-W08,True
MNQ,2025-02-24,primary_2023_2025,neutral,0.8228136882129278,1.2028836251287334,True,False,primary_2023_2025,exhaustion,1.718658034137728,0.2958904109589041,True,True,True,broken,broken_down,0.6924657534246575,True,True,0.4922600619195046,38,2025,2025-02,2025-W09,True
MNQ,2025-02-25,primary_2023_2025,neutral,1.0625494853523356,1.21526064791975,True,False,primary_2023_2025,exhaustion,1.7398469688051794,0.7882273342354533,False,True,True,broken,broken_down,0.7882273342354533,True,True,0.4877300613496932,25,2025,2025-02,2025-W09,True
MNQ,2025-02-26,primary_2023_2025,neutral,0.8487727632620744,0.6949091055665283,True,False,primary_2023_2025,standard,1.014714537963508,1.531322505800464,False,True,True,broken,broken_both,1.880108991825613,True,True,0.5446153846153846,3,2025,2025-02,2025-W09,True
MNQ,2025-02-27,primary_2023_2025,expansion,1.8914334181509755,1.629667003027245,True,False,primary_2023_2025,exhaustion,2.209806157354618,0.3328173374613003,True,False,True,broken,broken_down,1.1609907120743037,True,True,0.4648318042813456,10,2025,2025-02,2025-W09,True
MNQ,2025-02-28,primary_2023_2025,neutral,1.1620016963528417,0.9981138006916064,False,True,primary_2023_2025,standard,1.4481185860889396,0.8346456692913385,False,True,True,broken,broken_both,1.5414225941422597,True,True,0.4769230769230769,22,2025,2025-02,2025-W09,True
MNQ,2025-03-03,primary_2023_2025,expansion,1.7401315789473684,1.115100969149388,False,True,primary_2023_2025,exhaustion,1.5653116531165312,0.8656509695290858,False,False,True,broken,broken_both,1.860803324099723,True,True,0.5245398773006135,51,2025,2025-03,2025-W10,True
MNQ,2025-03-04,primary_2023_2025,expansion,2.1726973684210527,1.0323097657815177,True,False,primary_2023_2025,exhaustion,1.5360433604336043,1.083274523641496,False,True,True,broken,broken_down,1.7621736062103035,True,True,0.5030674846625767,9,2025,2025-03,2025-W10,True
MNQ,2025-03-05,primary_2023_2025,expansion,1.6578947368421053,0.6767592976634869,True,False,primary_2023_2025,standard,1.0612466124661246,1.560776302349336,False,True,True,broken,broken_down,2.253863134657837,True,True,0.5474006116207951,15,2025,2025-03,2025-W10,True
MNQ,2025-03-06,primary_2023_2025,expansion,2.2976973684210527,0.7566957618399655,False,True,primary_2023_2025,standard,1.1801242236024845,1.5263157894736843,False,True,True,broken,broken_down,2.0,True,True,0.5229357798165137,9,2025,2025-03,2025-W10,True
MNQ,2025-03-07,primary_2023_2025,expansion,1.4761544284632857,0.9646785971730342,True,False,primary_2023_2025,exhaustion,1.563230066023362,1.0669265756985056,False,True,True,broken,broken_down,2.3887614678899083,True,True,0.4770642201834862,16,2025,2025-03,2025-W10,True
MNQ,2025-03-10,primary_2023_2025,expansion,1.7433628318584071,0.9662324522574932,True,False,primary_2023_2025,exhaustion,1.5520568816658202,0.7336387434554974,False,False,False,broken,broken_down,1.739656912209889,True,True,0.4785276073619632,0,2025,2025-03,2025-W11,True
MNQ,2025-03-11,primary_2023_2025,expansion,2.617994100294985,0.7970703516150258,False,True,primary_2023_2025,standard,1.3298329355608591,0.9870782483847812,False,True,True,broken,broken_up,1.6216666666666666,True,True,0.4847560975609756,46,2025,2025-03,2025-W11,True
MNQ,2025-03-12,primary_2023_2025,expansion,2.3256150506512303,0.8350422442785661,False,False,primary_2023_2025,standard,1.3603563474387528,0.5703994760969221,False,True,True,trapped,trapped,1.6912325285895806,True,False,0.4615384615384615,43,2025,2025-03,2025-W11,True
MNQ,2025-03-13,primary_2023_2025,expansion,1.6975397973950797,0.5351524285449882,True,False,primary_2023_2025,standard,0.8398340248962656,0.8962450592885376,False,False,False,broken,broken_down,1.4466403162055337,True,True,0.5216049382716049,9,2025,2025-03,2025-W11,True
MNQ,2025-03-14,primary_2023_2025,neutral,1.1349397590361443,0.4919890783576323,True,False,primary_2023_2025,standard,0.7925311203319502,0.4345549738219895,True,True,False,broken,broken_up,1.416452442159383,True,True,0.5124223602484472,3,2025,2025-03,2025-W11,True
MNQ,2025-03-17,primary_2023_2025,neutral,0.9494001043296818,0.3966484741332923,False,True,primary_2023_2025,standard,0.6423236514522822,1.062015503875969,False,True,True,broken,broken_up,2.0167682926829267,True,True,0.4783950617283951,2,2025,2025-03,2025-W12,True
MNQ,2025-03-18,primary_2023_2025,neutral,0.9254042775169536,0.6148103989010135,True,False,primary_2023_2025,standard,0.9842323651452282,0.4173693086003373,True,True,True,broken,broken_down,0.6732394366197183,True,True,0.4565217391304347,60,2025,2025-03,2025-W12,True
MNQ,2025-03-19,primary_2023_2025,compression,0.5779864371413668,0.3885444642453753,True,False,primary_2023_2025,standard,0.6302931596091205,0.7842377260981912,False,True,True,broken,broken_up,1.9470284237726097,True,True,0.4738461538461538,36,2025,2025-03,2025-W12,True
MNQ,2025-03-20,primary_2023_2025,expansion,1.497130933750652,0.6966915901873015,False,True,primary_2023_2025,standard,1.1343648208469057,0.659727207465901,False,True,True,trapped,trapped,0.9393019726858876,True,True,0.4691358024691358,6,2025,2025-03,2025-W12,True
MNQ,2025-03-21,primary_2023_2025,expansion,1.3333333333333333,0.4133649623984253,False,False,primary_2023_2025,standard,0.6150957566654149,1.1025641025641026,False,False,True,trapped,trapped,1.7966867469879515,True,True,0.5122699386503068,8,2025,2025-03,2025-W12,True
MNQ,2025-03-24,primary_2023_2025,neutral,0.925459825750242,0.3106658294886844,True,False,primary_2023_2025,standard,0.4273375891851295,0.5008787346221442,False,True,True,broken,broken_up,0.8505263157894737,True,True,0.515527950310559,0,2025,2025-03,2025-W13,True
MNQ,2025-03-25,primary_2023_2025,compression,0.601161665053243,0.2982168192060533,True,False,primary_2023_2025,standard,0.4364820846905538,0.5802238805970149,False,True,True,broken,broken_up,1.024390243902439,True,True,0.5124223602484472,2,2025,2025-03,2025-W13,True
MNQ,2025-03-26,primary_2023_2025,compression,0.4211035818005808,0.5513728963684676,True,False,primary_2023_2025,standard,0.8564058469475494,0.8845381526104418,False,False,False,broken,broken_down,1.1214859437751004,True,True,0.5323076923076923,0,2025,2025-03,2025-W13,True
MNQ,2025-03-27,primary_2023_2025,compression,0.5614714424007744,0.5988881884348672,False,True,primary_2023_2025,standard,0.8985382631126397,0.5894736842105263,False,True,True,broken,broken_down,1.2091767881241566,True,True,0.5046153846153846,27,2025,2025-03,2025-W13,True
MNQ,2025-03-28,primary_2023_2025,compression,0.6676752395360565,0.9272754535912432,True,False,primary_2023_2025,standard,1.4151029748283752,0.4987063389391979,True,False,False,broken,broken_down,0.7705314009661836,True,True,0.5370370370370371,0,2025,2025-03,2025-W13,True
MNQ,2025-03-31,primary_2023_2025,neutral,0.9954614220877458,0.6379932777293664,False,True,primary_2023_2025,standard,0.9382151029748284,0.5678048780487804,False,False,False,broken,broken_down,1.991879350348028,True,True,0.4891640866873065,3,2025,2025-03,2025-W14,True
MNQ,2025-04-01,primary_2023_2025,neutral,0.928644240570846,0.8542056074766355,True,False,primary_2023_2025,standard,1.3246376811594205,0.4274252370532458,True,True,False,broken,broken_down,1.5696517412935322,True,True,0.5092592592592593,6,2025,2025-04,2025-W14,True
MNQ,2025-04-02,primary_2023_2025,expansion,1.5587778353184878,0.96429438911829,True,False,primary_2023_2025,exhaustion,1.5342995169082123,0.7021410579345088,False,False,False,broken,broken_down,1.084843492586491,True,True,0.5152439024390244,0,2025,2025-04,2025-W14,True
MNQ,2025-04-03,primary_2023_2025,expansion,1.4883480062143968,0.837377204402888,False,True,primary_2023_2025,standard,1.2951945080091534,0.4989399293286219,True,False,True,trapped,trapped,1.4839449541284404,True,True,0.5398773006134969,10,2025,2025-04,2025-W14,True
MNQ,2025-04-04,primary_2023_2025,expansion,3.7027446918694977,1.3774696103745394,False,True,primary_2023_2025,exhaustion,2.128193635141192,0.6819713563605728,False,False,True,trapped,trapped,1.8415178571428568,True,True,0.4817073170731707,11,2025,2025-04,2025-W14,True
MNQ,2025-04-07,primary_2023_2025,expansion,3.3998970663921773,3.474074455486329,False,True,primary_2023_2025,exhaustion,6.048408785298073,0.3540832962798281,True,False,True,broken,broken_up,0.3978064324885134,False,False,0.5076452599388379,33,2025,2025-04,2025-W15,True
MNQ,2025-04-08,primary_2023_2025,expansion,2.1677817807514157,0.6739319382229056,False,True,primary_2023_2025,standard,1.3554459883460332,1.712962962962963,False,False,False,broken,broken_up,4.611864406779661,True,True,0.4420731707317073,6,2025,2025-04,2025-W15,True
MNQ,2025-04-09,primary_2023_2025,expansion,2.845084920226454,0.6365205658842438,False,True,primary_2023_2025,standard,1.4379202151501569,4.076059850374065,False,False,True,broken,broken_up,5.420199501246882,True,True,0.5229357798165137,21,2025,2025-04,2025-W15,True
MNQ,2025-04-10,primary_2023_2025,expansion,2.7936181163149767,0.5483810910075656,True,False,primary_2023_2025,standard,1.4522635589421784,1.4722222222222223,False,False,False,broken,broken_down,2.86455798864558,True,True,0.5168195718654435,8,2025,2025-04,2025-W15,True
MNQ,2025-04-11,primary_2023_2025,expansion,2.9706639217704582,0.4844756320292223,False,False,primary_2023_2025,standard,1.1826359014470085,1.2903439153439151,False,True,True,trapped,trapped,1.6271072151045178,True,True,0.5884146341463414,11,2025,2025-04,2025-W15,True
MNQ,2025-04-14,primary_2023_2025,neutral,1.1468168038111737,0.399502614462441,False,False,primary_2023_2025,standard,0.906657018813314,0.8116520351157223,False,False,False,trapped,trapped,1.6943150046598323,True,True,0.5060975609756098,3,2025,2025-04,2025-W16,True
MNQ,2025-04-15,primary_2023_2025,compression,0.6976568405139834,0.2767947421638018,False,True,primary_2023_2025,standard,0.6338639652677279,0.841324200913242,False,True,True,broken,broken_up,0.9417808219178082,True,False,0.5230769230769231,51,2025,2025-04,2025-W16,True
MNQ,2025-04-16,primary_2023_2025,neutral,1.0778533635676493,0.2776922603287975,False,False,primary_2023_2025,standard,0.6526772793053546,1.8813747228381372,False,True,True,trapped,trapped,3.657311669128508,True,True,0.4723926380368098,20,2025,2025-04,2025-W16,True
MNQ,2025-04-17,primary_2023_2025,neutral,0.8901818181818182,0.2977913061732467,True,False,primary_2023_2025,standard,0.7185238784370478,0.6888217522658611,False,True,True,broken,broken_down,1.3646907216494846,True,True,0.5626911314984709,40,2025,2025-04,2025-W16,True
MNQ,2025-04-21,primary_2023_2025,neutral,0.9387755102040816,0.3738346046736893,True,False,primary_2023_2025,standard,0.941310975609756,0.5757085020242915,False,False,False,broken,broken_down,1.0746268656716418,True,True,0.5061728395061729,0,2025,2025-04,2025-W17,True
MNQ,2025-04-22,primary_2023_2025,neutral,0.9571317225253312,0.3400722988351854,True,False,primary_2023_2025,standard,0.8711890243902439,1.0603674540682415,False,True,True,broken,broken_up,1.4744525547445255,True,True,0.4938650306748466,2,2025,2025-04,2025-W17,True
MNQ,2025-04-23,primary_2023_2025,neutral,1.1036632891660172,0.3352415711321393,False,True,primary_2023_2025,standard,0.868140243902439,0.7699736611062336,False,True,False,broken,broken_up,1.912280701754386,True,True,0.4907407407407407,6,2025,2025-04,2025-W17,True
MNQ,2025-04-24,primary_2023_2025,neutral,0.8255474452554744,0.4198639061821341,True,False,primary_2023_2025,standard,1.1051829268292683,0.4289655172413793,True,False,False,broken,broken_up,0.8494077834179357,True,True,0.5169230769230769,0,2025,2025-04,2025-W17,True
MNQ,2025-04-25,primary_2023_2025,neutral,0.8233576642335766,0.1943069482462734,False,False,primary_2023_2025,standard,0.4917444364680545,1.4335766423357663,False,False,True,trapped,trapped,1.885125184094256,True,True,0.5,10,2025,2025-04,2025-W17,True
MNQ,2025-04-28,primary_2023_2025,compression,0.5182481751824818,0.3772038964585925,True,False,primary_2023_2025,standard,0.8923187365398421,0.4223652453740949,True,True,False,broken,broken_up,1.6930171277997366,True,True,0.4492307692307692,17,2025,2025-04,2025-W18,True
MNQ,2025-04-29,primary_2023_2025,neutral,0.7364963503649635,0.2608749343953567,False,False,primary_2023_2025,standard,0.6440548780487805,0.9325443786982248,False,False,True,trapped,trapped,1.1256345177664977,True,True,0.5109034267912772,16,2025,2025-04,2025-W18,True
MNQ,2025-04-30,primary_2023_2025,neutral,1.1437956204379562,0.4418455675826612,False,True,primary_2023_2025,standard,1.0251524390243902,0.5226765799256505,False,False,False,broken,broken_down,2.0681551116333723,True,True,0.4722222222222222,0,2025,2025-04,2025-W18,True
MNQ,2025-05-01,primary_2023_2025,compression,0.629838142153413,0.3468808306968443,True,False,primary_2023_2025,standard,0.8229407236335643,0.6529466791393826,False,True,True,trapped,trapped,1.8251273344651957,True,True,0.45565749235474,20,2025,2025-05,2025-W18,True
MNQ,2025-05-02,primary_2023_2025,neutral,1.148175182481752,0.25133487945634,False,True,primary_2023_2025,standard,0.5600961538461539,0.7954220314735336,False,False,False,broken,broken_up,0.9580745341614908,True,True,0.4937888198757764,0,2025,2025-05,2025-W18,True
MNQ,2025-05-05,primary_2023_2025,compression,0.6824817518248175,0.2684369342184671,False,False,primary_2023_2025,standard,0.4487489911218725,0.6438848920863309,False,False,False,trapped,trapped,1.4493041749502982,True,False,0.5202492211838006,6,2025,2025-05,2025-W19,True
MNQ,2025-05-06,primary_2023_2025,neutral,0.7911145752143414,0.4423524377524003,False,True,primary_2023_2025,standard,0.695542472666106,0.9165659008464327,False,True,True,broken,broken_down,1.1033478893740902,True,False,0.5276073619631901,0,2025,2025-05,2025-W19,True
MNQ,2025-05-07,primary_2023_2025,neutral,1.0850202429149798,0.4140005468963631,False,True,primary_2023_2025,standard,0.663453111305872,0.7437252311756936,False,True,True,trapped,trapped,3.1638655462184877,True,True,0.5045871559633027,14,2025,2025-05,2025-W19,True
MNQ,2025-05-08,primary_2023_2025,neutral,1.140080971659919,0.4894691596819256,False,False,primary_2023_2025,standard,0.8251811594202898,0.8529088913282108,False,False,False,trapped,trapped,2.404682274247492,True,True,0.468944099378882,9,2025,2025-05,2025-W19,True
MNQ,2025-05-09,primary_2023_2025,compression,0.6785425101214575,0.4858852786051977,False,True,primary_2023_2025,standard,0.8622696411251213,0.515185601799775,False,True,False,trapped,trapped,0.7742899850523169,True,True,0.5279503105590062,0,2025,2025-05,2025-W19,True
MNQ,2025-05-12,primary_2023_2025,expansion,2.0154975530179446,0.5594868860850974,False,False,primary_2023_2025,standard,0.9758403361344538,0.7664155005382132,False,True,True,trapped,trapped,1.3312342569269522,True,False,0.440625,17,2025,2025-05,2025-W20,True
MNQ,2025-05-13,primary_2023_2025,neutral,0.8017944535073409,0.7624668395481237,True,False,primary_2023_2025,standard,1.3902173913043478,0.2947615324472244,True,False,False,broken,broken_up,0.5972093023255814,True,True,0.542319749216301,0,2025,2025-05,2025-W20,True
MNQ,2025-05-14,primary_2023_2025,compression,0.4959660297239915,0.3027175782593739,False,True,primary_2023_2025,standard,0.5739130434782609,1.0492424242424243,False,True,True,broken,broken_up,1.0492424242424243,True,True,0.5403726708074534,28,2025,2025-05,2025-W20,True
MNQ,2025-05-15,primary_2023_2025,neutral,0.7481953290870488,0.4186882300089847,False,True,primary_2023_2025,standard,0.7597826086956522,0.8154506437768241,False,False,False,trapped,trapped,2.7645569620253165,True,True,0.4565217391304347,9,2025,2025-05,2025-W20,True
MNQ,2025-05-16,primary_2023_2025,compression,0.5515714918105357,0.3825832325418549,False,True,primary_2023_2025,standard,0.6532608695652173,0.5307820299500832,False,True,True,trapped,trapped,2.3680981595092025,True,True,0.5186335403726708,35,2025,2025-05,2025-W20,True
MNQ,2025-05-19,primary_2023_2025,neutral,1.139524031731218,0.755904372671706,False,True,primary_2023_2025,standard,1.1611111111111112,0.5607655502392345,False,False,False,broken,broken_up,0.6449760765550239,True,True,0.5201238390092879,0,2025,2025-05,2025-W21,True
MNQ,2025-05-20,primary_2023_2025,compression,0.6299580027998134,0.2783542039355993,False,True,primary_2023_2025,standard,0.4322222222222222,0.8611825192802056,False,False,True,broken,broken_down,2.049562682215744,True,True,0.5046728971962616,30,2025,2025-05,2025-W21,True
MNQ,2025-05-21,primary_2023_2025,neutral,0.8478260869565217,0.7341924947633757,True,False,primary_2023_2025,standard,1.1926182237600922,1.5406189555125724,False,True,True,trapped,trapped,2.977064220183486,True,True,0.4320987654320987,3,2025,2025-05,2025-W21,True
MNQ,2025-05-22,primary_2023_2025,neutral,0.821285140562249,0.6051923547293756,False,True,primary_2023_2025,standard,0.9988465974625144,0.5923787528868361,False,False,True,broken,broken_up,0.792147806004619,True,True,0.4890965732087227,42,2025,2025-05,2025-W21,True
MNQ,2025-05-23,primary_2023_2025,expansion,2.122002085505735,0.4824929971988795,False,False,primary_2023_2025,standard,0.8053769725306839,0.9056603773584906,False,False,True,trapped,trapped,1.161103047895501,True,False,0.5276073619631901,12,2025,2025-05,2025-W21,True
MNQ,2025-05-26,primary_2023_2025,expansion,1.3962460896767466,0.2760736196319018,False,True,primary_2023_2025,standard,0.4313267095265926,0.4661246612466124,True,True,True,broken,broken_up,1.6313131313131313,True,False,0.5755395683453237,10,2025,2025-05,2025-W22,True
MNQ,2025-05-27,primary_2023_2025,neutral,0.8755020080321285,0.6448354892592161,True,False,primary_2023_2025,standard,0.992822966507177,0.5397590361445783,False,False,False,broken,broken_up,0.735873850197109,True,True,0.5,0,2025,2025-05,2025-W22,True
MNQ,2025-05-28,primary_2023_2025,compression,0.5453597497393118,0.4216133942161339,False,True,primary_2023_2025,standard,0.6686783343391671,0.4169675090252707,True,True,True,broken,broken_up,1.3043478260869563,True,True,0.468944099378882,9,2025,2025-05,2025-W22,True
MNQ,2025-05-29,primary_2023_2025,expansion,1.6120218579234973,0.8763188745603752,False,True,primary_2023_2025,exhaustion,1.5101010101010102,0.681438127090301,False,False,True,broken,broken_down,0.7391304347826086,True,True,0.5170278637770898,13,2025,2025-05,2025-W22,True
MNQ,2025-05-30,primary_2023_2025,neutral,0.8154327424400417,0.4696073540939214,False,False,primary_2023_2025,standard,0.8320707070707071,1.8664643399089529,False,False,True,trapped,trapped,2.2609375,True,True,0.468944099378882,22,2025,2025-05,2025-W22,True
MNQ,2025-06-02,primary_2023_2025,neutral,0.8171806167400881,0.6724332455810456,True,False,primary_2023_2025,standard,1.128787878787879,0.5335570469798657,False,False,True,broken,broken_up,0.8713646532438478,True,True,0.553125,0,2025,2025-06,2025-W23,True
MNQ,2025-06-03,primary_2023_2025,neutral,0.7164860239589276,0.5169320885960095,True,False,primary_2023_2025,standard,0.852142426071213,0.5934844192634561,False,False,False,broken,broken_up,1.3650485436893205,True,True,0.5408805031446541,0,2025,2025-06,2025-W23,True
MNQ,2025-06-04,primary_2023_2025,compression,0.522543352601156,0.4347206385404789,False,True,primary_2023_2025,standard,0.7687460617517329,0.5573770491803278,False,False,True,broken,broken_both,0.6409836065573771,True,True,0.5807453416149069,29,2025,2025-06,2025-W23,True
MNQ,2025-06-05,primary_2023_2025,neutral,0.8820754716981132,0.6960608773500447,True,False,primary_2023_2025,standard,1.21484375,1.1843515541264735,False,True,True,broken,broken_down,2.919055649241147,True,True,0.509375,11,2025,2025-06,2025-W23,True
MNQ,2025-06-06,primary_2023_2025,expansion,1.641304347826087,0.4052120207878286,False,True,primary_2023_2025,standard,0.7005208333333334,0.8345724907063197,False,True,True,broken,broken_up,1.6596858638743457,True,True,0.5607476635514018,32,2025,2025-06,2025-W23,True
MNQ,2025-06-09,primary_2023_2025,compression,0.513126491646778,0.437608152278408,True,False,primary_2023_2025,standard,0.8099644128113879,0.4833040421792619,True,False,True,broken,broken_up,0.6802575107296137,True,True,0.5186335403726708,0,2025,2025-06,2025-W24,True
MNQ,2025-06-10,primary_2023_2025,neutral,1.2075,0.2296833269744372,False,False,primary_2023_2025,standard,0.4337175792507204,2.491694352159469,False,False,True,trapped,trapped,3.3122923588039868,True,True,0.4984423676012461,23,2025,2025-06,2025-W24,True
MNQ,2025-06-11,primary_2023_2025,neutral,1.13875,0.4597788213906983,False,False,primary_2023_2025,standard,0.900593471810089,0.7924217462932455,False,True,True,trapped,trapped,2.155945419103314,True,True,0.5264797507788161,15,2025,2025-06,2025-W24,True
MNQ,2025-06-12,primary_2023_2025,neutral,0.8520286396181385,0.4975737502888392,True,False,primary_2023_2025,standard,0.9584569732937686,0.4705882352941176,True,False,True,broken,broken_up,0.8326086956521739,True,True,0.5460122699386503,0,2025,2025-06,2025-W24,True
MNQ,2025-06-13,primary_2023_2025,expansion,2.2475,0.5580439092444379,False,False,primary_2023_2025,standard,1.1647509578544062,0.5578947368421052,False,True,False,trapped,trapped,1.4237762237762237,True,False,0.4984615384615384,13,2025,2025-06,2025-W24,True
MNQ,2025-06-16,primary_2023_2025,expansion,2.662291169451074,0.6200411401704379,True,False,primary_2023_2025,standard,1.2522255192878338,0.3127962085308057,True,True,True,broken,broken_up,0.4705882352941176,True,True,0.4660493827160494,0,2025,2025-06,2025-W25,True
MNQ,2025-06-17,primary_2023_2025,neutral,0.8675417661097852,0.3321783669780054,False,False,primary_2023_2025,standard,0.6543026706231454,1.7551020408163265,False,True,True,trapped,trapped,2.125581395348837,True,True,0.483076923076923,24,2025,2025-06,2025-W25,True
MNQ,2025-06-18,primary_2023_2025,neutral,0.9665871121718376,0.5193336850832894,False,True,primary_2023_2025,standard,1.0222551928783383,0.8011611030478955,False,True,True,broken,broken_up,1.3896940418679549,True,True,0.5283018867924528,28,2025,2025-06,2025-W25,True
MNQ,2025-06-19,primary_2023_2025,neutral,1.1498771498771498,0.4028628347967239,True,False,primary_2023_2025,standard,0.8100890207715133,0.4798534798534798,True,False,True,broken,broken_down,0.4798534798534798,False,False,0.5277777777777778,21,2025,2025-06,2025-W25,True
MNQ,2025-06-20,primary_2023_2025,expansion,1.7455410225921522,1.057925125721736,False,True,primary_2023_2025,exhaustion,2.176245210727969,0.4570422535211267,True,False,False,broken,broken_up,0.8544891640866873,True,False,0.4782608695652174,0,2025,2025-06,2025-W25,True
MNQ,2025-06-23,primary_2023_2025,expansion,1.8204518430439955,0.8367930992784877,True,False,primary_2023_2025,exhaustion,1.5908045977011491,1.3265895953757223,False,False,True,broken,broken_up,1.399802566633761,True,True,0.5389408099688473,9,2025,2025-06,2025-W26,True
MNQ,2025-06-24,primary_2023_2025,expansion,1.5160523186682522,0.3561342955757766,False,False,primary_2023_2025,standard,0.6735905044510386,0.6079295154185022,False,False,False,trapped,trapped,2.0170648464163823,True,True,0.484375,1,2025,2025-06,2025-W26,True
MNQ,2025-06-25,primary_2023_2025,compression,0.5880302149912842,0.3193951550686622,False,True,primary_2023_2025,standard,0.6344827586206897,0.7342995169082126,False,False,False,broken,broken_up,1.5935672514619883,True,False,0.4811320754716981,4,2025,2025-06,2025-W26,True
MNQ,2025-06-26,primary_2023_2025,compression,0.6833236490412551,0.4400016058452768,False,True,primary_2023_2025,standard,0.8398467432950192,0.7427007299270073,False,False,True,trapped,trapped,1.42643391521197,True,True,0.4748427672955975,0,2025,2025-06,2025-W26,True
MNQ,2025-06-27,primary_2023_2025,compression,0.6407035175879398,0.4646969634880957,True,False,primary_2023_2025,standard,0.9028662420382164,0.8677248677248677,False,True,True,broken,broken_up,1.5520282186948853,True,True,0.5031055900621118,10,2025,2025-06,2025-W26,True
MNQ,2025-06-30,primary_2023_2025,neutral,0.8523748395378691,0.2761933353347343,False,False,primary_2023_2025,standard,0.5291700903861956,1.0217391304347827,False,True,True,trapped,trapped,1.9130434782608696,True,True,0.4705882352941176,57,2025,2025-06,2025-W27,True
MNQ,2025-07-01,primary_2023_2025,neutral,0.8164313222079589,0.8808449099434681,True,False,primary_2023_2025,exhaustion,1.7091836734693877,0.5830845771144278,False,True,True,broken,broken_down,1.966321243523316,True,True,0.557632398753894,0,2025,2025-07,2025-W27,True
MNQ,2025-07-02,primary_2023_2025,neutral,1.0077021822849808,0.6695271676791708,True,False,primary_2023_2025,standard,1.3401360544217686,0.2525380710659898,True,False,False,broken,broken_up,0.5874363327674024,True,True,0.484375,0,2025,2025-07,2025-W27,True
MNQ,2025-07-03,primary_2023_2025,compression,0.5642633228840125,0.5043785786460088,True,False,primary_2023_2025,standard,1.0187074829931972,0.4891485809682804,True,True,False,broken,broken_up,0.5204262877442274,True,True,0.5838509316770186,0,2025,2025-07,2025-W27,True
MNQ,2025-07-04,primary_2023_2025,neutral,0.9078369905956112,0.1969945700214673,False,False,primary_2023_2025,standard,0.4006849315068493,0.7350427350427351,False,True,True,trapped,trapped,1.0978260869565215,True,False,0.5673758865248227,8,2025,2025-07,2025-W27,True
MNQ,2025-07-07,primary_2023_2025,compression,0.6296296296296297,0.3567916842253126,False,True,primary_2023_2025,standard,0.6523972602739726,1.3595800524934385,False,False,True,broken,broken_down,2.347266881028939,True,True,0.558282208588957,2,2025,2025-07,2025-W28,True
MNQ,2025-07-08,primary_2023_2025,neutral,0.8597883597883598,0.3951659313255323,False,False,primary_2023_2025,standard,0.7066895368782161,0.9101941747572816,False,True,True,trapped,trapped,1.2849604221635884,True,False,0.5232198142414861,45,2025,2025-07,2025-W28,True
MNQ,2025-07-09,primary_2023_2025,neutral,0.7512060647829083,0.7910812461820402,True,False,primary_2023_2025,standard,1.332761578044597,0.3655083655083655,True,False,False,broken,broken_up,1.0524344569288389,True,False,0.4875,0,2025,2025-07,2025-W28,True
MNQ,2025-07-10,primary_2023_2025,compression,0.5563282336578581,0.7794755316952302,False,True,primary_2023_2025,standard,1.2950257289879932,0.414569536423841,True,True,True,broken,broken_both,0.609271523178808,False,False,0.5169230769230769,19,2025,2025-07,2025-W28,True
MNQ,2025-07-11,primary_2023_2025,neutral,1.2564841498559078,0.5985605550665355,False,False,primary_2023_2025,standard,0.9914236706689536,0.5103806228373703,False,False,True,trapped,trapped,0.7985865724381626,True,False,0.515625,8,2025,2025-07,2025-W28,True
MNQ,2025-07-14,primary_2023_2025,neutral,0.8213256484149856,0.8015564202334631,True,False,primary_2023_2025,standard,1.2593886462882096,0.4382801664355062,True,False,False,broken,broken_up,0.9982817869415808,True,True,0.54375,4,2025,2025-07,2025-W29,True
MNQ,2025-07-15,primary_2023_2025,expansion,1.3592085235920852,0.5661216772327883,False,True,primary_2023_2025,standard,0.8890829694323145,0.7740667976424361,False,True,True,broken,broken_up,1.308433734939759,True,False,0.5031055900621118,31,2025,2025-07,2025-W29,True
MNQ,2025-07-16,primary_2023_2025,neutral,0.9482496194824962,0.8483574825793607,False,True,primary_2023_2025,standard,1.3397379912663756,1.211212516297262,False,True,True,broken,broken_up,1.8641975308641976,True,True,0.5185185185185185,32,2025,2025-07,2025-W29,True
MNQ,2025-07-17,primary_2023_2025,neutral,0.8786936236391913,0.8397530138194649,True,False,primary_2023_2025,standard,1.247161572052402,0.3319327731092437,True,False,False,broken,broken_up,1.226027397260274,True,True,0.5345911949685535,0,2025,2025-07,2025-W29,True
MNQ,2025-07-18,primary_2023_2025,compression,0.4765687053216839,0.6043635515109088,True,False,primary_2023_2025,standard,0.8802039082412915,0.640926640926641,False,False,True,broken,broken_down,0.6734279918864098,True,True,0.53125,1,2025,2025-07,2025-W29,True
MNQ,2025-07-21,primary_2023_2025,compression,0.6903385631709331,0.8263458500425326,True,False,primary_2023_2025,standard,1.1877729257641922,0.3808823529411764,True,False,True,broken,broken_up,0.5661764705882353,False,False,0.464968152866242,4,2025,2025-07,2025-W30,True
MNQ,2025-07-22,primary_2023_2025,compression,0.694300518134715,1.1961634797483047,True,False,primary_2023_2025,exhaustion,1.7100436681222708,0.372829417773238,True,True,True,broken,broken_down,0.3993871297242083,False,False,0.567398119122257,42,2025,2025-07,2025-W30,True
MNQ,2025-07-23,primary_2023_2025,neutral,0.7964757709251101,0.5790381071279948,False,True,primary_2023_2025,standard,0.8275276125743416,0.8254620123203286,False,True,False,broken,broken_down,1.4537987679671458,True,True,0.5127388535031847,14,2025,2025-07,2025-W30,True
MNQ,2025-07-24,primary_2023_2025,compression,0.6748898678414097,0.4721500721500721,False,True,primary_2023_2025,standard,0.6949872557349193,0.7995110024449877,False,False,True,broken,broken_down,0.938875305623472,True,True,0.4937888198757764,20,2025,2025-07,2025-W30,True
MNQ,2025-07-25,primary_2023_2025,neutral,0.7117117117117117,0.443887596205477,False,True,primary_2023_2025,standard,0.6321155480033984,0.8064516129032258,False,False,False,broken,broken_down,1.0116618075801749,True,True,0.5206349206349207,0,2025,2025-07,2025-W30,True
MNQ,2025-07-28,primary_2023_2025,neutral,0.8666666666666667,0.4738903394255874,False,True,primary_2023_2025,standard,0.616822429906542,0.5840220385674931,False,True,True,broken,broken_down,1.2490421455938698,True,True,0.5188679245283019,19,2025,2025-07,2025-W31,True
MNQ,2025-07-29,primary_2023_2025,neutral,0.8732943469785575,1.0108632017172965,True,False,primary_2023_2025,standard,1.320305862361937,0.444015444015444,True,True,False,broken,broken_up,1.3590308370044053,True,True,0.540625,0,2025,2025-07,2025-W31,True
MNQ,2025-07-30,primary_2023_2025,compression,0.6123301985370951,0.4595089313892571,False,True,primary_2023_2025,standard,0.6185216652506372,0.8296703296703297,False,False,True,broken,broken_up,3.078688524590164,True,True,0.5488958990536278,24,2025,2025-07,2025-W31,True
MNQ,2025-07-31,primary_2023_2025,expansion,1.3771551724137931,1.283384119017745,True,False,primary_2023_2025,exhaustion,1.95985401459854,0.9394785847299814,False,False,False,broken,broken_down,2.439236111111111,True,True,0.4828660436137071,0,2025,2025-07,2025-W31,True
MNQ,2025-08-01,primary_2023_2025,expansion,2.6436781609195403,1.268804539857594,True,False,primary_2023_2025,exhaustion,2.162408759124088,0.7375527426160338,False,False,True,broken,broken_down,0.8683544303797468,True,True,0.52,32,2025,2025-08,2025-W31,True
MNQ,2025-08-04,primary_2023_2025,expansion,2.300940438871473,0.7222078927005416,True,False,primary_2023_2025,standard,1.1128775834658189,0.5042857142857143,False,False,True,broken,broken_up,0.6885714285714286,True,True,0.55625,18,2025,2025-08,2025-W32,True
MNQ,2025-08-05,primary_2023_2025,neutral,0.7173489278752436,1.0128318150651383,True,False,primary_2023_2025,standard,1.4985507246376812,0.5357833655705996,False,True,False,broken,broken_down,1.3160813308687616,True,True,0.528125,0,2025,2025-08,2025-W32,True
MNQ,2025-08-06,primary_2023_2025,expansion,1.5605573419078242,0.6788803124709384,True,False,primary_2023_2025,standard,1.0325318246110324,0.5383561643835616,False,False,False,broken,broken_up,1.946788990825688,True,True,0.53125,2,2025,2025-08,2025-W32,True
MNQ,2025-08-07,primary_2023_2025,expansion,2.167202572347267,0.6449526449526449,False,True,primary_2023_2025,standard,0.9872701555869872,0.8610315186246418,False,False,False,broken,broken_up,2.056530214424951,True,True,0.5229357798165137,0,2025,2025-08,2025-W32,True
MNQ,2025-08-08,primary_2023_2025,compression,0.6118546845124283,0.6277823203416008,True,False,primary_2023_2025,standard,0.988555078683834,0.548480463096961,False,False,True,broken,broken_up,0.7188498402555911,True,True,0.5644171779141104,10,2025,2025-08,2025-W32,True
MNQ,2025-08-11,primary_2023_2025,neutral,0.9067524115755627,0.3254938852304798,False,False,primary_2023_2025,standard,0.4949928469241774,1.3439306358381502,False,True,True,trapped,trapped,2.514450867052023,True,True,0.5493827160493827,33,2025,2025-08,2025-W33,True
MNQ,2025-08-12,primary_2023_2025,expansion,2.011111111111111,0.8881456707543663,True,False,primary_2023_2025,standard,1.3765298776097912,0.4006276150627615,True,False,False,trapped,trapped,1.1621983914209115,True,True,0.5299684542586751,0,2025,2025-08,2025-W33,True
MNQ,2025-08-13,primary_2023_2025,neutral,1.1155555555555556,0.6223317635667445,False,True,primary_2023_2025,standard,1.011444921316166,0.4087694483734088,True,True,False,broken,broken_up,0.7166324435318275,True,True,0.4922118380062305,0,2025,2025-08,2025-W33,True
MNQ,2025-08-14,primary_2023_2025,expansion,1.5266666666666666,0.5802092992449331,False,True,primary_2023_2025,standard,0.9399141630901288,0.7016742770167428,False,False,True,trapped,trapped,1.199579831932773,True,True,0.5077881619937694,33,2025,2025-08,2025-W33,True
MNQ,2025-08-15,primary_2023_2025,neutral,0.8111111111111111,0.5142781009903629,True,False,primary_2023_2025,standard,0.8336933045356372,0.7512953367875648,False,True,True,broken,broken_down,0.8842832469775475,True,True,0.531055900621118,16,2025,2025-08,2025-W33,True
MNQ,2025-08-18,primary_2023_2025,neutral,1.2733333333333334,0.3828920570264765,False,True,primary_2023_2025,standard,0.6090712742980562,0.7304964539007093,False,True,True,broken,broken_down,1.0865921787709498,True,True,0.4722222222222222,20,2025,2025-08,2025-W34,True
MNQ,2025-08-19,primary_2023_2025,neutral,0.934619506966774,0.9305486340778326,True,False,primary_2023_2025,standard,1.4787616990640748,0.563777994157741,False,False,False,broken,broken_down,1.579391891891892,True,True,0.5356037151702786,0,2025,2025-08,2025-W34,True
MNQ,2025-08-20,primary_2023_2025,expansion,1.3269024651661308,1.3395796404152949,True,False,primary_2023_2025,exhaustion,2.285097192224622,0.4108380592312539,True,True,True,broken,broken_down,0.903728813559322,True,True,0.5232198142414861,33,2025,2025-08,2025-W34,True
MNQ,2025-08-21,primary_2023_2025,expansion,1.318413021363174,0.6233598449674996,False,True,primary_2023_2025,standard,1.1044349070100143,0.9132124352331606,False,False,True,broken,broken_down,1.172279792746114,True,True,0.5294117647058824,13,2025,2025-08,2025-W34,True
MNQ,2025-08-22,primary_2023_2025,expansion,1.5386046511627909,1.4289739564464838,True,False,primary_2023_2025,exhaustion,2.5230987917555083,0.3126760563380282,True,True,False,broken,broken_up,0.3346986541837332,True,True,0.50920245398773,0,2025,2025-08,2025-W34,True
MNQ,2025-08-25,primary_2023_2025,neutral,0.9932885906040269,0.5459547760295762,False,True,primary_2023_2025,standard,0.883785664578984,0.3748031496062992,True,True,False,broken,broken_down,1.103448275862069,True,True,0.5377358490566038,2,2025,2025-08,2025-W35,True
MNQ,2025-08-26,primary_2023_2025,neutral,0.985962014863749,0.4516245814100823,False,True,primary_2023_2025,standard,0.6945024356297843,0.6192384769539078,False,True,True,broken,broken_up,0.9979381443298968,True,True,0.521875,4,2025,2025-08,2025-W35,True
MNQ,2025-08-27,primary_2023_2025,compression,0.6134868421052632,0.4577069777877496,False,True,primary_2023_2025,standard,0.7249466950959488,0.703921568627451,False,False,True,broken,broken_down,0.9767441860465116,True,True,0.4860681114551083,1,2025,2025-08,2025-W35,True
MNQ,2025-08-28,primary_2023_2025,neutral,1.1529605263157894,0.6731481481481482,True,False,primary_2023_2025,standard,1.0334044065387349,0.5722145804676754,False,False,True,broken,broken_up,1.0248901903367496,True,True,0.5377358490566038,4,2025,2025-08,2025-W35,True
MNQ,2025-08-29,primary_2023_2025,neutral,0.9917763157894736,0.9593365688168496,True,False,primary_2023_2025,standard,1.447050461975835,0.3536345776031434,True,False,False,broken,broken_down,0.4760416666666666,True,True,0.5169230769230769,0,2025,2025-08,2025-W35,True
MNQ,2025-09-01,primary_2023_2025,neutral,1.225,0.24601593625498,False,False,primary_2023_2025,standard,0.3511016346837242,0.4089068825910931,True,True,False,trapped,trapped,0.5362318840579711,True,False,0.4822695035460992,0,2025,2025-09,2025-W36,True
MNQ,2025-09-02,primary_2023_2025,expansion,3.006666666666667,1.043060734535424,False,True,primary_2023_2025,standard,1.4533807829181495,0.7845249755142018,False,False,True,broken,broken_down,1.0323212536728696,True,False,0.56,19,2025,2025-09,2025-W36,True
MNQ,2025-09-03,primary_2023_2025,neutral,1.039279869067103,0.5953231414011526,False,True,primary_2023_2025,standard,0.8896797153024911,0.7536,False,True,True,broken,broken_up,2.031784841075795,True,True,0.5386996904024768,35,2025,2025-09,2025-W36,True
MNQ,2025-09-04,primary_2023_2025,compression,0.6890343698854338,0.5555291319857313,True,False,primary_2023_2025,standard,0.8408927285817135,0.6267123287671232,False,False,False,broken,broken_both,1.453887884267631,True,True,0.5202492211838006,0,2025,2025-09,2025-W36,True
MNQ,2025-09-05,primary_2023_2025,expansion,1.38,1.5236452493891046,True,False,primary_2023_2025,exhaustion,2.3590504451038576,0.2088050314465409,True,False,False,broken,broken_both,0.6907593778591034,True,True,0.5264797507788161,0,2025,2025-09,2025-W36,True
MNQ,2025-09-08,primary_2023_2025,neutral,0.9607201309328968,0.4355124498741024,True,False,primary_2023_2025,standard,0.6847507331378299,1.0492505353319057,False,True,True,broken,broken_up,1.2304038004750597,True,True,0.470404984423676,10,2025,2025-09,2025-W37,True
MNQ,2025-09-09,primary_2023_2025,compression,0.618657937806874,0.4957273027713517,True,False,primary_2023_2025,standard,0.7697947214076246,0.7714285714285715,False,True,True,broken,broken_down,2.1009771986970684,True,True,0.5263157894736842,11,2025,2025-09,2025-W37,True
MNQ,2025-09-10,primary_2023_2025,neutral,1.1133333333333333,0.3945540427896638,False,False,primary_2023_2025,standard,0.6594427244582043,0.8802816901408451,False,False,True,trapped,trapped,1.931924882629108,True,True,0.5092592592592593,10,2025,2025-09,2025-W37,True
MNQ,2025-09-11,primary_2023_2025,neutral,0.8723404255319149,0.5042397859701627,True,False,primary_2023_2025,standard,0.8825396825396825,0.3669064748201439,True,True,False,broken,broken_up,0.9331550802139036,True,True,0.5434782608695652,1,2025,2025-09,2025-W37,True
MNQ,2025-09-12,primary_2023_2025,compression,0.5666666666666667,0.4333333333333333,True,False,primary_2023_2025,standard,0.7526881720430108,0.5076923076923077,False,False,False,broken,broken_up,1.2684563758389262,True,True,0.4876543209876543,0,2025,2025-09,2025-W37,True
MNQ,2025-09-15,primary_2023_2025,neutral,0.7183333333333334,0.4433369672429009,True,False,primary_2023_2025,standard,0.706368899917287,0.4262295081967213,True,False,False,broken,broken_up,1.0133689839572193,True,True,0.4525316455696203,1,2025,2025-09,2025-W38,True
MNQ,2025-09-16,primary_2023_2025,expansion,2.4166666666666665,0.3756115524225367,False,False,primary_2023_2025,standard,0.5905707196029777,0.5266106442577031,False,True,True,trapped,trapped,0.7545454545454545,True,False,0.5,17,2025,2025-09,2025-W38,True
MNQ,2025-09-17,primary_2023_2025,compression,0.6350245499181669,0.5708640948320682,True,False,primary_2023_2025,standard,0.963157894736842,0.6211293260473588,False,True,False,broken,broken_down,2.9569377990430623,True,True,0.4520123839009288,26,2025,2025-09,2025-W38,True
MNQ,2025-09-18,primary_2023_2025,expansion,1.8233333333333333,0.8739428111155859,True,False,primary_2023_2025,exhaustion,1.5710407239819004,0.3940092165898617,True,True,True,broken,broken_up,0.6222222222222222,True,True,0.5123456790123457,0,2025,2025-09,2025-W38,True
MNQ,2025-09-19,primary_2023_2025,neutral,0.8633333333333333,0.3904054596547571,False,True,primary_2023_2025,standard,0.7040723981900453,1.300771208226221,False,True,True,broken,broken_up,2.2857142857142856,True,True,0.446875,7,2025,2025-09,2025-W38,True
MNQ,2025-09-22,primary_2023_2025,neutral,0.8578637510513036,0.5217666280172868,True,False,primary_2023_2025,standard,0.9217877094972068,0.8363636363636363,False,False,False,broken,broken_up,1.4972677595628416,True,True,0.5295950155763239,0,2025,2025-09,2025-W39,True
MNQ,2025-09-23,primary_2023_2025,compression,0.3597972972972973,0.3424547927668427,True,False,primary_2023_2025,standard,0.6202898550724638,2.289719626168224,False,False,True,broken,broken_down,2.439252336448598,True,True,0.4629629629629629,22,2025,2025-09,2025-W39,True
MNQ,2025-09-24,primary_2023_2025,neutral,0.7321428571428571,0.5082895899381529,True,False,primary_2023_2025,standard,0.944927536231884,1.3660531697341514,False,False,False,broken,broken_down,1.7658643326039387,True,True,0.52,4,2025,2025-09,2025-W39,True
MNQ,2025-09-25,primary_2023_2025,expansion,1.8017857142857143,0.9473365617433414,False,True,primary_2023_2025,exhaustion,1.8411764705882352,0.7902023429179978,False,True,True,broken,broken_down,1.1080773606370875,True,False,0.4908536585365853,6,2025,2025-09,2025-W39,True
MNQ,2025-09-26,primary_2023_2025,neutral,1.2785714285714285,0.87134174370499,False,True,primary_2023_2025,exhaustion,1.6725490196078432,0.6963657678780774,False,True,True,broken,broken_down,0.9308323563892146,True,False,0.4764890282131661,4,2025,2025-09,2025-W39,True
MNQ,2025-09-29,primary_2023_2025,expansion,1.3267857142857142,0.5441665772244284,False,True,primary_2023_2025,standard,0.9941176470588236,0.5838264299802761,False,True,False,broken,broken_up,1.4260355029585798,True,False,0.4890965732087227,3,2025,2025-09,2025-W40,True
MNQ,2025-09-30,primary_2023_2025,neutral,0.7321428571428571,0.6351700145887106,False,True,primary_2023_2025,standard,1.0968992248062015,0.7950530035335689,False,False,True,broken,broken_down,1.6859122401847575,True,True,0.5277777777777778,31,2025,2025-09,2025-W40,True
MNQ,2025-10-01,primary_2023_2025,expansion,1.851569933396765,0.8645469174851562,True,False,primary_2023_2025,exhaustion,1.5096899224806202,0.5083440308087291,False,False,False,broken,broken_up,0.9715568862275448,True,True,0.5123456790123457,0,2025,2025-10,2025-W40,True
MNQ,2025-10-02,primary_2023_2025,expansion,1.362511893434824,0.7322678366238379,False,True,primary_2023_2025,standard,1.3585271317829457,0.6105563480741797,False,True,True,trapped,trapped,0.8594507269789984,True,True,0.5046439628482973,28,2025,2025-10,2025-W40,True
MNQ,2025-10-03,primary_2023_2025,neutral,0.8857142857142857,0.5021445757924469,False,True,primary_2023_2025,standard,0.9302325581395348,1.9416666666666669,False,True,True,broken,broken_down,1.9416666666666669,True,True,0.5125,25,2025,2025-10,2025-W40,True
MNQ,2025-10-06,primary_2023_2025,expansion,1.8839200761179828,0.4746195594338618,False,False,primary_2023_2025,standard,0.8902195608782435,0.6614349775784754,False,True,False,trapped,trapped,1.3627684964200475,True,True,0.5283018867924528,19,2025,2025-10,2025-W41,True
MNQ,2025-10-07,primary_2023_2025,neutral,1.1569933396764986,0.8979591836734694,True,False,primary_2023_2025,exhaustion,1.69061876247505,0.5041322314049587,False,False,False,trapped,trapped,4.241379310344827,True,True,0.515527950310559,0,2025,2025-10,2025-W41,True
MNQ,2025-10-08,primary_2023_2025,compression,0.595968448729185,0.6979203383856186,True,False,primary_2023_2025,standard,1.3832335329341316,0.316017316017316,True,False,False,broken,broken_up,1.0839936608557843,True,True,0.541795665634675,0,2025,2025-10,2025-W41,True
MNQ,2025-10-09,primary_2023_2025,neutral,0.7516650808753568,0.586190797323235,True,False,primary_2023_2025,standard,1.0700757575757576,0.8070796460176991,False,False,True,broken,broken_down,1.505586592178771,True,True,0.5108359133126935,8,2025,2025-10,2025-W41,True
MNQ,2025-10-10,primary_2023_2025,neutral,0.8171206225680934,2.399180117858058,True,False,primary_2023_2025,exhaustion,4.433712121212121,0.5215719777872704,False,False,False,broken,broken_up,10.350132625994696,True,True,0.5137614678899083,15,2025,2025-10,2025-W41,True
MNQ,2025-10-13,primary_2023_2025,expansion,3.603112840466926,0.647008547008547,False,False,primary_2023_2025,standard,1.3590664272890485,0.5627476882430648,False,False,False,trapped,trapped,1.1704095112285338,True,True,0.5153374233128835,10,2025,2025-10,2025-W42,True
MNQ,2025-10-14,primary_2023_2025,expansion,3.850799289520426,1.1638874852619168,False,True,primary_2023_2025,exhaustion,2.4438549955791333,0.7098408104196816,False,False,False,broken,broken_down,0.9171499585749792,True,False,0.4984615384615384,0,2025,2025-10,2025-W42,True
MNQ,2025-10-15,primary_2023_2025,expansion,2.0230905861456483,0.6885795609622959,True,False,primary_2023_2025,standard,1.4027005559968229,1.7927519818799549,False,True,True,broken,broken_up,2.0498301245753114,True,True,0.5403726708074534,3,2025,2025-10,2025-W42,True
MNQ,2025-10-16,primary_2023_2025,expansion,1.3580060422960725,0.504762989107746,False,True,primary_2023_2025,standard,0.9540889526542324,2.0526315789473686,False,False,False,broken,broken_up,4.790178571428571,True,True,0.4770642201834862,4,2025,2025-10,2025-W42,True
MNQ,2025-10-17,primary_2023_2025,expansion,2.7084592145015107,0.8390591485803615,False,True,primary_2023_2025,exhaustion,1.699558173784978,1.0589254766031195,False,True,True,broken,broken_up,1.3162911611785095,True,True,0.5092592592592593,25,2025,2025-10,2025-W42,True
MNQ,2025-10-20,primary_2023_2025,neutral,1.0991620111731844,0.6223711413702145,True,False,primary_2023_2025,standard,1.2525107604017216,0.2978235967926689,True,False,False,broken,broken_up,0.5333333333333333,True,True,0.531055900621118,0,2025,2025-10,2025-W43,True
MNQ,2025-10-21,primary_2023_2025,compression,0.6319396847155586,0.2852325418013207,False,True,primary_2023_2025,standard,0.5569272976680384,0.9605911330049262,False,True,True,broken,broken_down,1.4486215538847118,True,True,0.5139318885448917,11,2025,2025-10,2025-W43,True
MNQ,2025-10-22,primary_2023_2025,neutral,0.7224126113776559,0.7436603997349053,True,False,primary_2023_2025,standard,1.4622770919067216,1.2232645403377111,False,False,False,broken,broken_down,2.2341040462427744,True,True,0.4613003095975232,0,2025,2025-10,2025-W43,True
MNQ,2025-10-23,primary_2023_2025,neutral,1.0692254969156956,0.5342392752464695,True,False,primary_2023_2025,standard,1.0442708333333333,0.8179551122194514,False,False,True,broken,broken_up,0.9323204419889504,True,True,0.5109034267912772,0,2025,2025-10,2025-W43,True
MNQ,2025-10-24,primary_2023_2025,expansion,1.3543522960932146,0.3125202619464436,True,False,primary_2023_2025,standard,0.6276041666666666,0.533195020746888,False,False,False,broken,broken_up,1.1327800829875518,True,True,0.490625,8,2025,2025-10,2025-W43,True
MNQ,2025-10-27,primary_2023_2025,neutral,0.8089297439264609,0.2843282576472173,True,False,primary_2023_2025,standard,0.578875171467764,0.3909952606635071,True,False,False,broken,broken_up,1.6335403726708075,True,True,0.5391849529780565,0,2025,2025-10,2025-W44,True
MNQ,2025-10-28,primary_2023_2025,compression,0.6403743315508021,0.2304582210242587,False,True,primary_2023_2025,standard,0.4691358024691358,1.8011695906432748,False,True,True,broken,broken_up,3.476923076923077,True,True,0.5093167701863354,2,2025,2025-10,2025-W44,True
MNQ,2025-10-29,primary_2023_2025,neutral,0.7767379679144385,0.2347310100645838,False,True,primary_2023_2025,standard,0.4910836762688614,0.729050279329609,False,False,False,broken,broken_up,3.612456747404844,True,True,0.4859813084112149,5,2025,2025-10,2025-W44,True
MNQ,2025-10-30,primary_2023_2025,expansion,1.9264264264264264,0.6126323240773512,True,False,primary_2023_2025,standard,1.3658536585365857,0.5462184873949579,False,True,True,broken,broken_down,0.967436974789916,True,True,0.4722222222222222,57,2025,2025-10,2025-W44,True
MNQ,2025-10-31,primary_2023_2025,neutral,0.835243553008596,0.3558052434456928,False,True,primary_2023_2025,standard,0.7862068965517242,1.894736842105263,False,False,True,broken,broken_down,2.0719298245614035,True,True,0.541795665634675,8,2025,2025-10,2025-W44,True
MNQ,2025-11-03,primary_2023_2025,expansion,1.3767908309455588,0.6379424464966748,False,True,primary_2023_2025,standard,1.3958620689655172,0.4851778656126482,True,True,True,broken,broken_up,0.6612729234088457,True,False,0.5015384615384615,19,2025,2025-11,2025-W45,True
MNQ,2025-11-04,primary_2023_2025,expansion,2.640401146131805,0.6535438646179991,False,False,primary_2023_2025,standard,1.18409236690186,0.8374864572047671,False,True,False,trapped,trapped,1.4962080173347778,True,True,0.5122699386503068,8,2025,2025-11,2025-W45,True
MNQ,2025-11-05,primary_2023_2025,expansion,1.597957881301851,0.7078559738134206,True,False,primary_2023_2025,standard,1.3316228351507378,0.5635838150289018,False,False,False,broken,broken_up,0.9565689467969598,True,True,0.514018691588785,0,2025,2025-11,2025-W45,True
MNQ,2025-11-06,primary_2023_2025,neutral,0.98220640569395,1.0899255351120314,True,False,primary_2023_2025,exhaustion,1.9486567164179105,0.4301470588235294,True,False,False,broken,broken_down,1.129233511586453,True,True,0.5426829268292683,0,2025,2025-11,2025-W45,True
MNQ,2025-11-07,primary_2023_2025,expansion,1.3561088592935726,0.8938291035477736,True,False,primary_2023_2025,exhaustion,1.5523917995444192,0.7175348495964784,False,True,True,broken,broken_down,2.0195865070729053,True,True,0.4723926380368098,2,2025,2025-11,2025-W45,True
MNQ,2025-11-10,primary_2023_2025,neutral,1.293548387096774,0.5200520052005201,False,True,primary_2023_2025,standard,0.8883826879271071,1.1833333333333331,False,True,True,broken,broken_up,2.1596491228070174,True,True,0.5154320987654321,7,2025,2025-11,2025-W46,True
MNQ,2025-11-11,primary_2023_2025,neutral,0.8440860215053764,0.4461951406560463,True,False,primary_2023_2025,standard,0.7289293849658315,1.3578125,False,True,True,broken,broken_down,1.922566371681416,True,True,0.5154320987654321,10,2025,2025-11,2025-W46,True
MNQ,2025-11-12,primary_2023_2025,neutral,0.9322524609148812,0.775623268698061,True,False,primary_2023_2025,standard,1.3540298507462687,0.5238095238095238,False,True,True,broken,broken_down,0.7431506849315068,True,True,0.5,8,2025,2025-11,2025-W46,True
MNQ,2025-11-13,primary_2023_2025,expansion,1.4072259644825476,0.8762164930851972,True,False,primary_2023_2025,exhaustion,1.5319402985074626,0.7817614964925955,False,False,False,broken,broken_down,1.740656851642129,True,True,0.556923076923077,0,2025,2025-11,2025-W46,True
MNQ,2025-11-14,primary_2023_2025,expansion,2.4409063074096755,1.6260368517697714,True,False,primary_2023_2025,exhaustion,2.859688195991091,0.3200934579439252,True,True,False,broken,broken_down,0.7868241143567433,True,True,0.4862385321100917,0,2025,2025-11,2025-W46,True
MNQ,2025-11-17,primary_2023_2025,expansion,1.826086956521739,0.7882490740447624,False,True,primary_2023_2025,standard,1.38641425389755,1.0096385542168675,False,True,True,broken,broken_down,1.5659432387312189,True,True,0.5061349693251533,24,2025,2025-11,2025-W47,True
MNQ,2025-11-18,primary_2023_2025,expansion,1.5919508105086642,1.075870276703362,False,True,primary_2023_2025,exhaustion,1.9285333333333332,0.6924778761061947,False,True,True,broken,broken_down,1.070273631840796,True,True,0.4643962848297213,14,2025,2025-11,2025-W47,True
MNQ,2025-11-19,primary_2023_2025,neutral,1.1698306824012314,0.944528162406528,False,True,primary_2023_2025,exhaustion,1.6914460285132382,0.5213726670680313,False,True,False,broken,broken_up,1.1119807344972907,True,False,0.4551083591331269,6,2025,2025-11,2025-W47,True
MNQ,2025-11-20,primary_2023_2025,neutral,1.1823308270676691,0.9196828307891473,True,False,primary_2023_2025,exhaustion,1.7362525458248472,1.6234604105571848,False,False,False,broken,broken_up,7.797101449275362,True,True,0.56,4,2025,2025-11,2025-W47,True
MNQ,2025-11-21,primary_2023_2025,expansion,1.3551769331585846,0.7238318212857283,False,True,primary_2023_2025,standard,1.4478048780487804,1.1293800539083558,False,True,False,broken,broken_up,2.4672811059907835,True,True,0.4738461538461538,6,2025,2025-11,2025-W47,True
MNQ,2025-11-24,primary_2023_2025,neutral,0.7353448275862069,0.723955267804591,True,False,primary_2023_2025,standard,1.3591160220994476,0.3401084010840108,True,False,False,broken,broken_up,1.10546875,True,True,0.56656346749226,0,2025,2025-11,2025-W48,True
MNQ,2025-11-25,primary_2023_2025,compression,0.5689655172413793,0.5382755070277518,False,True,primary_2023_2025,standard,0.9449348465741908,0.7927046263345195,False,True,False,broken,broken_down,1.3375,True,True,0.4785276073619632,0,2025,2025-11,2025-W48,True
MNQ,2025-11-26,primary_2023_2025,compression,0.6008620689655172,0.3730062472825465,True,False,primary_2023_2025,standard,0.6851618327028163,0.4625766871165644,True,True,False,broken,broken_up,1.2572402044293016,True,True,0.4674922600619195,4,2025,2025-11,2025-W48,True
MNQ,2025-11-27,primary_2023_2025,compression,0.1775862068965517,0.0596035669731552,False,True,primary_2023_2025,standard,0.1084489281210592,0.3798449612403101,True,False,True,broken,broken_down,0.6048387096774194,True,True,0.55,47,2025,2025-11,2025-W48,True
MNQ,2025-11-28,primary_2023_2025,compression,0.4089121887287025,0.2096027297099683,False,True,primary_2023_2025,standard,0.3614964270701976,1.181395348837209,False,False,True,broken,broken_up,1.5326086956521738,True,True,0.5125,7,2025,2025-11,2025-W48,True
MNQ,2025-12-01,primary_2023_2025,neutral,1.218872870249017,0.4387540010929815,False,False,primary_2023_2025,standard,0.7087011349306431,0.5575326215895611,False,False,False,trapped,trapped,1.2697095435684649,True,False,0.5153374233128835,7,2025,2025-12,2025-W49,True
MNQ,2025-12-02,primary_2023_2025,compression,0.6862068965517242,0.4901087631230939,False,True,primary_2023_2025,standard,0.7633459436738125,0.9196035242290748,False,True,True,broken,broken_up,1.400273224043716,True,True,0.5263157894736842,25,2025,2025-12,2025-W49,True
MNQ,2025-12-03,primary_2023_2025,neutral,0.9008300567933596,0.3730013036422167,False,False,primary_2023_2025,standard,0.58932324506095,0.7146932952924394,False,False,True,trapped,trapped,1.2842287694974004,True,True,0.457680250783699,1,2025,2025-12,2025-W49,True
MNQ,2025-12-04,primary_2023_2025,compression,0.4781206817134961,0.4451459297504079,True,False,primary_2023_2025,standard,0.6994535519125683,0.4326923076923077,True,True,True,broken,broken_down,0.8654592496765847,True,True,0.4707692307692308,51,2025,2025-12,2025-W49,True
MNQ,2025-12-05,primary_2023_2025,compression,0.6503915246430216,0.4453038970805468,False,True,primary_2023_2025,standard,0.7342781222320638,0.5331724969843185,False,False,False,broken,broken_up,1.016887816646562,True,False,0.4861538461538461,3,2025,2025-12,2025-W49,True
MNQ,2025-12-08,primary_2023_2025,compression,0.564755838641189,0.5521632180581681,True,False,primary_2023_2025,standard,0.938976377952756,0.5566037735849056,False,False,False,broken,broken_both,0.7867647058823529,True,True,0.5460122699386503,0,2025,2025-12,2025-W50,True
MNQ,2025-12-09,primary_2023_2025,compression,0.6779252110977081,0.3622290085568288,False,True,primary_2023_2025,standard,0.5765158806544755,0.4774624373956594,True,False,False,broken,broken_down,0.9363636363636364,True,True,0.5264797507788161,0,2025,2025-12,2025-W50,True
MNQ,2025-12-10,primary_2023_2025,compression,0.6296743063932448,0.3537606158734038,False,True,primary_2023_2025,standard,0.5572666025024061,0.6010362694300518,False,False,True,broken,broken_down,3.2216981132075477,True,True,0.483076923076923,39,2025,2025-12,2025-W50,True
MNQ,2025-12-11,primary_2023_2025,expansion,1.9915100060642812,0.6555720466100358,False,False,primary_2023_2025,standard,1.1149301825993556,0.8583815028901735,False,True,True,trapped,trapped,1.0298651252408475,True,False,0.4641744548286604,22,2025,2025-12,2025-W50,True
MNQ,2025-12-12,primary_2023_2025,neutral,0.9775621588841722,1.2308373107437496,True,False,primary_2023_2025,exhaustion,2.0912996777658432,0.514637904468413,False,True,False,broken,broken_down,0.9288052373158756,True,True,0.4861538461538461,0,2025,2025-12,2025-W50,True
MNQ,2025-12-15,primary_2023_2025,expansion,1.3857677902621723,1.1366732253670349,False,True,primary_2023_2025,exhaustion,1.6133190118152525,0.4840213049267643,True,False,True,broken,broken_both,0.5639147802929427,False,False,0.556923076923077,7,2025,2025-12,2025-W51,True
MNQ,2025-12-16,primary_2023_2025,expansion,1.731585518102372,0.739268680445151,False,True,primary_2023_2025,standard,0.9989258861439312,0.7978494623655914,False,False,True,broken,broken_up,1.178494623655914,True,True,0.4801223241590214,32,2025,2025-12,2025-W51,True
MNQ,2025-12-17,primary_2023_2025,neutral,1.2122347066167292,1.3488051470588236,True,False,primary_2023_2025,exhaustion,1.9162132752992385,0.3463940942646223,True,False,False,broken,broken_down,2.176470588235294,True,True,0.5216049382716049,1,2025,2025-12,2025-W51,True
MNQ,2025-12-18,primary_2023_2025,expansion,1.9213483146067416,0.7864953002110109,True,False,primary_2023_2025,standard,1.1153427638737758,0.8819512195121951,False,True,True,broken,broken_up,1.310296191819464,True,True,0.5,27,2025,2025-12,2025-W51,True
MNQ,2025-12-19,primary_2023_2025,neutral,0.9213483146067416,0.7666405638214565,True,False,primary_2023_2025,standard,1.0652883569096845,0.4208375893769152,True,False,True,broken,broken_up,0.5628192032686414,False,False,0.5579937304075235,18,2025,2025-12,2025-W51,True
MNQ,2025-12-22,primary_2023_2025,neutral,0.8044328552803129,0.513138516394078,False,True,primary_2023_2025,standard,0.720348204570185,0.3564954682779456,True,False,True,broken,broken_up,0.8205645161290323,True,True,0.546583850931677,18,2025,2025-12,2025-W52,True
MNQ,2025-12-23,primary_2023_2025,neutral,0.7202216066481995,0.4049493813273341,True,False,primary_2023_2025,standard,0.5962307252998287,0.3754789272030651,True,False,False,broken,broken_up,1.1955645161290325,True,True,0.5650793650793651,6,2025,2025-12,2025-W52,True
MNQ,2025-12-24,primary_2023_2025,compression,0.3005540166204986,0.234738085860575,True,False,primary_2023_2025,standard,0.355820895522388,0.5637583892617449,False,False,False,broken,broken_up,1.438818565400844,True,True,0.4522292993630573,2,2025,2025-12,2025-W52,True
MNQ,2025-12-26,primary_2023_2025,compression,0.4473684210526316,0.3437833226700789,False,True,primary_2023_2025,standard,0.4811940298507463,0.4491315136476427,True,True,True,broken,broken_both,0.6228287841191067,False,False,0.5047619047619047,55,2025,2025-12,2025-W52,True
MNQ,2025-12-29,primary_2023_2025,expansion,1.3157894736842106,0.5696689761354888,False,False,primary_2023_2025,standard,0.751044776119403,0.5182829888712241,False,False,True,trapped,trapped,0.8060413354531002,True,True,0.526813880126183,8,2025,2025-12,2026-W01,True
MNQ,2025-12-30,primary_2023_2025,compression,0.3702737940026075,0.4429739913610881,True,False,primary_2023_2025,standard,0.5755223880597015,0.6431535269709544,False,True,True,broken,broken_both,1.2419753086419754,True,True,0.4794952681388013,34,2025,2025-12,2026-W01,True
MNQ,2025-12-31,primary_2023_2025,neutral,0.9196675900277008,0.5402967573174581,False,True,primary_2023_2025,standard,0.7212522576760987,0.4140233722871452,True,True,True,trapped,trapped,1.534274193548387,True,True,0.5,8,2025,2025-12,2026-W01,True
NQ,2023-01-03,primary_2023_2025,unclassified,,,True,False,primary_2023_2025,unclassified,,0.2575107296137339,True,True,False,broken,broken_both,0.5501460564751705,True,True,0.540625,0,2023,2023-01,2023-W01,False
NQ,2023-01-04,primary_2023_2025,unclassified,,,False,True,primary_2023_2025,unclassified,,0.5040983606557377,False,True,False,broken,broken_down,1.0519125683060109,True,True,0.5294117647058824,42,2023,2023-01,2023-W01,False
NQ,2023-01-05,primary_2023_2025,unclassified,,,True,False,primary_2023_2025,unclassified,,0.8244444444444444,False,True,True,broken,broken_down,0.9644444444444444,True,True,0.43125,48,2023,2023-01,2023-W01,False
NQ,2023-01-06,primary_2023_2025,unclassified,,,True,False,primary_2023_2025,unclassified,,0.412109375,True,False,False,trapped,trapped,1.5552447552447553,True,True,0.5266457680250783,0,2023,2023-01,2023-W01,False
NQ,2023-01-09,primary_2023_2025,unclassified,,,True,False,primary_2023_2025,unclassified,,0.6159895150720839,False,True,True,broken,broken_up,1.7332053742802302,True,True,0.50920245398773,21,2023,2023-01,2023-W02,False
NQ,2023-01-10,primary_2023_2025,unclassified,,,False,True,primary_2023_2025,unclassified,,0.5646153846153846,False,False,True,broken,broken_up,1.1394148020654045,True,True,0.546875,26,2023,2023-01,2023-W02,False
NQ,2023-01-11,primary_2023_2025,unclassified,,,True,False,primary_2023_2025,unclassified,,0.8644501278772379,False,False,False,broken,broken_up,1.7139175257731958,True,True,0.5186335403726708,12,2023,2023-01,2023-W02,False
NQ,2023-01-12,primary_2023_2025,unclassified,,,False,False,primary_2023_2025,unclassified,,0.7457831325301205,False,True,True,trapped,trapped,0.8987951807228916,True,False,0.4921630094043887,14,2023,2023-01,2023-W02,False
NQ,2023-01-13,primary_2023_2025,unclassified,,,False,True,primary_2023_2025,unclassified,,0.8822393822393823,False,False,True,trapped,trapped,1.4613686534216337,True,True,0.4968553459119497,12,2023,2023-01,2023-W02,False
NQ,2023-01-16,primary_2023_2025,unclassified,,,False,False,primary_2023_2025,unclassified,,0.8888888888888888,False,False,False,trapped,trapped,1.3675213675213675,True,False,0.4964539007092198,13,2023,2023-01,2023-W03,False
NQ,2023-01-17,primary_2023_2025,unclassified,,,False,True,primary_2023_2025,unclassified,,0.5166051660516605,False,True,True,broken,broken_up,0.8025830258302583,False,False,0.5541795665634675,50,2023,2023-01,2023-W03,False
NQ,2023-01-18,primary_2023_2025,unclassified,,,True,False,primary_2023_2025,unclassified,,0.3735632183908046,True,False,False,broken,broken_up,2.848137535816619,True,True,0.550314465408805,1,2023,2023-01,2023-W03,False
NQ,2023-01-19,primary_2023_2025,unclassified,,,True,False,primary_2023_2025,unclassified,,0.9362549800796812,False,True,True,trapped,trapped,1.4910485933503836,True,True,0.4440993788819876,15,2023,2023-01,2023-W03,False
NQ,2023-01-20,primary_2023_2025,unclassified,,,True,False,primary_2023_2025,unclassified,,0.6348949919224556,False,False,False,broken,broken_up,2.1270207852194,True,True,0.5077881619937694,0,2023,2023-01,2023-W03,False
NQ,2023-01-23,primary_2023_2025,unclassified,,,True,False,primary_2023_2025,unclassified,,0.2734443470639789,True,False,False,broken,broken_up,0.7443408788282291,True,True,0.5391849529780565,0,2023,2023-01,2023-W04,False
NQ,2023-01-24,primary_2023_2025,unclassified,,,False,True,primary_2023_2025,unclassified,,0.5894039735099338,False,True,True,broken,broken_up,0.7637969094922737,False,False,0.563076923076923,12,2023,2023-01,2023-W04,False
NQ,2023-01-25,primary_2023_2025,unclassified,,0.6319723653661022,False,True,primary_2023_2025,unclassified,,0.8351254480286738,False,False,False,broken,broken_down,2.736842105263158,True,True,0.5077399380804953,10,2023,2023-01,2023-W04,False
NQ,2023-01-26,primary_2023_2025,unclassified,,0.75303197353914,False,True,primary_2023_2025,unclassified,,0.6559297218155198,False,True,True,broken,broken_up,1.6171875,True,True,0.4528301886792453,17,2023,2023-01,2023-W04,False
NQ,2023-01-27,primary_2023_2025,unclassified,,0.6876205605355725,True,False,primary_2023_2025,unclassified,,0.7392739273927392,False,False,False,broken,broken_up,1.4273927392739274,True,True,0.5401234567901234,5,2023,2023-01,2023-W04,False
NQ,2023-01-30,primary_2023_2025,unclassified,,0.7417661648497433,False,True,primary_2023_2025,unclassified,,0.4587869362363919,True,False,True,broken,broken_down,0.961123110151188,True,True,0.5061349693251533,0,2023,2023-01,2023-W05,False
NQ,2023-01-31,primary_2023_2025,neutral,1.0793357933579335,0.5901364615752933,True,False,primary_2023_2025,standard,0.7812995245641838,0.4827586206896552,True,False,False,broken,broken_up,1.2351351351351352,True,True,0.5559006211180124,0,2023,2023-01,2023-W05,True
NQ,2023-02-01,primary_2023_2025,compression,0.6199261992619927,0.3687106472289976,False,True,primary_2023_2025,standard,0.5306122448979592,0.7876923076923077,False,True,True,trapped,trapped,8.123348017621145,True,True,0.4923076923076923,55,2023,2023-02,2023-W05,True
NQ,2023-02-02,primary_2023_2025,expansion,1.3426443202979517,0.7962982890347574,True,False,primary_2023_2025,standard,1.2714776632302405,0.845945945945946,False,False,False,broken,broken_up,2.410891089108911,True,True,0.475,3,2023,2023-02,2023-W05,True
NQ,2023-02-03,primary_2023_2025,expansion,1.5623836126629422,1.2262459662961636,True,False,primary_2023_2025,exhaustion,1.9542857142857144,0.8713450292397661,False,True,True,broken,broken_up,1.087114337568058,True,True,0.5046439628482973,11,2023,2023-02,2023-W05,True
NQ,2023-02-06,primary_2023_2025,neutral,1.1042830540037245,0.6025946518400848,False,True,primary_2023_2025,standard,0.9289795918367348,0.7469244288224957,False,True,True,trapped,trapped,1.2863157894736843,True,True,0.5446153846153846,39,2023,2023-02,2023-W06,True
NQ,2023-02-07,primary_2023_2025,compression,0.6944198405668733,0.3919457305911489,False,False,primary_2023_2025,standard,0.6195744680851064,3.508241758241758,False,True,True,trapped,trapped,4.650485436893204,True,True,0.5169230769230769,19,2023,2023-02,2023-W06,True
NQ,2023-02-08,primary_2023_2025,neutral,0.7723649247121346,0.9410694430405336,True,False,primary_2023_2025,exhaustion,1.6521739130434785,0.4543501611170784,True,True,False,broken,broken_down,1.6253229974160206,True,True,0.4693251533742331,0,2023,2023-02,2023-W06,True
NQ,2023-02-09,primary_2023_2025,expansion,1.310894596988485,0.6351061757256965,False,True,primary_2023_2025,standard,1.1097872340425532,0.7638036809815951,False,False,False,broken,broken_up,2.68552036199095,True,True,0.5,0,2023,2023-02,2023-W06,True
NQ,2023-02-10,primary_2023_2025,neutral,1.2825509300265725,0.5156572285767861,False,False,primary_2023_2025,standard,0.9361702127659576,0.9145454545454546,False,False,True,trapped,trapped,1.2054545454545456,True,True,0.5625,16,2023,2023-02,2023-W06,True
NQ,2023-02-13,primary_2023_2025,neutral,1.1922054915854738,0.7131059943651026,True,False,primary_2023_2025,standard,1.2493617021276595,0.3596730245231607,True,False,False,broken,broken_up,1.0020661157024793,True,True,0.4907407407407407,0,2023,2023-02,2023-W07,True
NQ,2023-02-14,primary_2023_2025,expansion,1.5736568457538995,1.1079031074137509,False,True,primary_2023_2025,exhaustion,1.8481632653061224,0.7252650176678446,False,True,True,broken,broken_down,0.8763250883392226,False,False,0.4582043343653251,5,2023,2023-02,2023-W07,True
NQ,2023-02-15,primary_2023_2025,compression,0.6281833616298812,0.4124383204543339,True,False,primary_2023_2025,standard,0.7020602218700476,0.6930022573363431,False,False,False,broken,broken_both,1.662004662004662,True,True,0.5358255451713395,7,2023,2023-02,2023-W07,True
NQ,2023-02-16,primary_2023_2025,expansion,1.8930390492359928,0.6659758854559157,False,True,primary_2023_2025,standard,1.1542857142857144,0.5035360678925035,False,False,False,broken,broken_down,1.7375745526838966,True,True,0.4786585365853658,2,2023,2023-02,2023-W07,True
NQ,2023-02-17,primary_2023_2025,neutral,0.8361858190709046,0.4965089216446857,True,False,primary_2023_2025,standard,0.8621236133122029,0.6029411764705882,False,True,True,broken,broken_down,1.1215686274509804,True,True,0.4691358024691358,12,2023,2023-02,2023-W07,True
NQ,2023-02-20,primary_2023_2025,compression,0.4645476772616136,0.0947913140204091,False,False,primary_2023_2025,standard,0.1569255404323458,0.7346938775510204,False,False,True,trapped,trapped,0.8877551020408163,True,False,0.4744525547445255,5,2023,2023-02,2023-W08,True
NQ,2023-02-21,primary_2023_2025,neutral,1.0105949470252649,0.5422567152144333,True,False,primary_2023_2025,standard,0.915744680851064,0.3178438661710037,True,False,False,broken,broken_down,1.2725173210161662,True,True,0.5170278637770898,0,2023,2023-02,2023-W08,True
NQ,2023-02-22,primary_2023_2025,compression,0.6379585326953748,0.5457370363177316,False,True,primary_2023_2025,standard,0.9565957446808512,0.6387900355871886,False,True,True,broken,broken_both,1.1635687732342008,True,True,0.4937888198757764,32,2023,2023-02,2023-W08,True
NQ,2023-02-23,primary_2023_2025,neutral,0.7271228359439407,0.740594645234456,True,False,primary_2023_2025,standard,1.2782978723404257,0.5139813581890812,False,True,False,trapped,trapped,2.318421052631579,True,True,0.5015479876160991,15,2023,2023-02,2023-W08,True
NQ,2023-02-24,primary_2023_2025,expansion,1.6366723259762308,0.4783020278013054,False,True,primary_2023_2025,standard,0.8170212765957446,0.7270833333333333,False,False,True,broken,broken_down,0.8990825688073395,True,True,0.4936708860759494,39,2023,2023-02,2023-W08,True
NQ,2023-02-27,primary_2023_2025,neutral,1.0750206100577082,0.5144548144775779,False,True,primary_2023_2025,standard,0.7992926613616269,0.6039823008849557,False,True,True,broken,broken_up,1.1951951951951951,True,False,0.5644171779141104,8,2023,2023-02,2023-W09,True
NQ,2023-02-28,primary_2023_2025,neutral,0.7699917559769167,0.3883038183208801,False,False,primary_2023_2025,standard,0.5935251798561151,1.2575757575757576,False,False,True,trapped,trapped,1.5363636363636364,True,True,0.5077881619937694,35,2023,2023-02,2023-W09,True
NQ,2023-03-01,primary_2023_2025,neutral,1.0057708161582852,0.7070649380318693,True,False,primary_2023_2025,standard,1.1133093525179856,0.5718901453957996,False,True,True,broken,broken_down,0.8932806324110671,True,True,0.468944099378882,43,2023,2023-03,2023-W09,True
NQ,2023-03-02,primary_2023_2025,neutral,1.0357723577235771,0.4078014184397163,False,False,primary_2023_2025,standard,0.6507515473032714,1.2826086956521738,False,False,True,trapped,trapped,2.5058823529411764,True,True,0.5062111801242236,19,2023,2023-03,2023-W09,True
NQ,2023-03-03,primary_2023_2025,neutral,0.9284552845528456,0.5513415600588701,True,False,primary_2023_2025,standard,0.8758992805755396,0.7823408624229979,False,False,False,broken,broken_up,1.3223684210526316,True,True,0.49375,0,2023,2023-03,2023-W09,True
NQ,2023-03-06,primary_2023_2025,neutral,0.7049044056525353,0.6665867401990169,True,False,primary_2023_2025,standard,1.016453382084095,0.8201438848920863,False,True,True,broken,broken_up,1.8105263157894735,True,True,0.5169230769230769,12,2023,2023-03,2023-W10,True
NQ,2023-03-07,primary_2023_2025,compression,0.4674005080440305,0.877773101665364,True,False,primary_2023_2025,standard,1.3345521023765996,0.7726027397260274,False,False,True,broken,broken_down,0.9671232876712328,True,True,0.5015673981191222,21,2023,2023-03,2023-W10,True
NQ,2023-03-08,primary_2023_2025,compression,0.5317527519051651,0.5815305885089556,False,True,primary_2023_2025,standard,0.9041591320072332,0.9,False,True,True,broken,broken_down,1.0440835266821349,True,True,0.5217391304347826,31,2023,2023-03,2023-W10,True
NQ,2023-03-09,primary_2023_2025,neutral,0.9483488569009314,0.5935359846209299,True,False,primary_2023_2025,standard,0.903107861060329,1.7165991902834008,False,True,True,broken,broken_up,2.9919028340080973,True,True,0.5264797507788161,19,2023,2023-03,2023-W10,True
NQ,2023-03-10,primary_2023_2025,expansion,1.326259946949602,0.8712871287128713,False,True,primary_2023_2025,standard,1.3826247689463955,1.5213903743315509,False,True,True,broken,broken_down,1.7507692307692309,True,True,0.5493827160493827,30,2023,2023-03,2023-W10,True
NQ,2023-03-13,primary_2023_2025,expansion,2.946065428824049,1.6283391405342624,False,False,primary_2023_2025,exhaustion,2.5914972273567467,0.4215406562054208,True,True,False,trapped,trapped,1.0132248219735505,True,False,0.5351681957186545,0,2023,2023-03,2023-W11,True
NQ,2023-03-14,primary_2023_2025,expansion,1.3138815207780723,0.6519119097184178,True,False,primary_2023_2025,standard,1.099815157116451,0.865546218487395,False,True,True,broken,broken_up,1.728735632183908,True,True,0.4723926380368098,38,2023,2023-03,2023-W11,True
NQ,2023-03-15,primary_2023_2025,expansion,1.9628647214854111,0.5118150861624188,False,False,primary_2023_2025,standard,0.9168207024029574,1.0362903225806452,False,False,True,trapped,trapped,2.7154255319148937,True,True,0.4891640866873065,36,2023,2023-03,2023-W11,True
NQ,2023-03-16,primary_2023_2025,neutral,0.8755292125317528,1.1126822370666536,True,False,primary_2023_2025,exhaustion,2.1090573012939,0.3707274320771253,True,False,False,broken,broken_down,2.8491735537190084,True,True,0.5356037151702786,0,2023,2023-03,2023-W11,True
NQ,2023-03-17,primary_2023_2025,neutral,0.7603890362511052,0.8685768411082169,True,False,primary_2023_2025,exhaustion,1.6950092421441774,0.5419847328244275,False,True,True,broken,broken_up,0.9469964664310954,True,True,0.4861538461538461,0,2023,2023-03,2023-W11,True
NQ,2023-03-20,primary_2023_2025,expansion,1.5897435897435896,0.6342189977417959,False,False,primary_2023_2025,standard,1.206581352833638,0.8015151515151515,False,True,True,trapped,trapped,1.3792270531400963,True,False,0.5329153605015674,3,2023,2023-03,2023-W12,True
NQ,2023-03-21,primary_2023_2025,neutral,0.7823878069432684,0.4814365445280272,False,True,primary_2023_2025,standard,0.8872987477638641,0.8669354838709677,False,True,True,broken,broken_up,1.7990314769975786,True,True,0.473186119873817,11,2023,2023-03,2023-W12,True
NQ,2023-03-22,primary_2023_2025,compression,0.5464190981432361,0.3307576328684508,True,False,primary_2023_2025,standard,0.627906976744186,0.8404558404558404,False,False,True,broken,broken_up,4.398860398860399,True,True,0.4764890282131661,37,2023,2023-03,2023-W12,True
NQ,2023-03-23,primary_2023_2025,neutral,1.158267020335986,0.6649176768590555,True,False,primary_2023_2025,standard,1.3920454545454546,0.6693877551020408,False,True,True,broken,broken_up,2.6741573033707864,True,True,0.4643962848297213,11,2023,2023-03,2023-W12,True
NQ,2023-03-24,primary_2023_2025,neutral,1.1295512277730737,0.4139336996986349,True,False,primary_2023_2025,standard,0.884469696969697,1.019271948608137,False,True,True,broken,broken_down,1.5483870967741935,True,True,0.5401234567901234,40,2023,2023-03,2023-W12,True
NQ,2023-03-27,primary_2023_2025,neutral,0.9195596951735816,0.5313128478555728,True,False,primary_2023_2025,standard,1.0757575757575757,0.6338028169014085,False,False,False,trapped,trapped,1.5769230769230769,True,True,0.515527950310559,0,2023,2023-03,2023-W13,True
NQ,2023-03-28,primary_2023_2025,compression,0.5817860300618921,0.4843697958795261,True,False,primary_2023_2025,standard,0.905693950177936,0.6895874263261297,False,False,True,broken,broken_down,0.9640287769784172,True,True,0.5124223602484472,13,2023,2023-03,2023-W13,True
NQ,2023-03-29,primary_2023_2025,neutral,1.0468611847922191,0.2924277105619657,True,False,primary_2023_2025,standard,0.5569395017793595,0.6038338658146964,False,False,True,broken,broken_up,2.6956521739130435,True,True,0.5031645569620253,54,2023,2023-03,2023-W13,True
NQ,2023-03-30,primary_2023_2025,neutral,1.013262599469496,0.3102503367237936,True,False,primary_2023_2025,standard,0.6272300469483568,0.9191616766467066,False,True,True,broken,broken_up,1.3355481727574752,True,True,0.5295950155763239,45,2023,2023-03,2023-W13,True
NQ,2023-03-31,primary_2023_2025,compression,0.5747126436781609,0.4487329617312286,True,False,primary_2023_2025,standard,0.8995305164319248,0.4676409185803757,True,False,False,broken,broken_up,2.0090909090909093,True,True,0.471875,0,2023,2023-03,2023-W13,True
NQ,2023-04-03,primary_2023_2025,compression,0.6962828649138713,0.4486550166895739,False,True,primary_2023_2025,standard,0.8582159624413146,0.4485776805251641,True,False,False,trapped,trapped,1.7821428571428573,True,True,0.5251572327044025,19,2023,2023-04,2023-W14,True
NQ,2023-04-04,primary_2023_2025,neutral,0.886672710788758,0.4914606168748406,False,True,primary_2023_2025,standard,0.9554013875123883,0.553941908713693,False,False,False,trapped,trapped,1.3772609819121446,True,True,0.4968553459119497,5,2023,2023-04,2023-W14,True
NQ,2023-04-05,primary_2023_2025,compression,0.5403445149592022,0.6864142774169703,True,False,primary_2023_2025,standard,1.3052208835341366,0.36,True,True,False,broken,broken_down,1.0425531914893618,True,True,0.4969135802469135,0,2023,2023-04,2023-W14,True
NQ,2023-04-06,primary_2023_2025,compression,0.6854034451495921,0.560655197053812,False,True,primary_2023_2025,standard,1.0149253731343284,0.8450980392156863,False,False,False,broken,broken_down,1.8188585607940448,True,True,0.4679487179487179,0,2023,2023-04,2023-W14,True
NQ,2023-04-10,primary_2023_2025,neutral,1.2566037735849056,0.5554093182416425,False,True,primary_2023_2025,standard,0.8282630029440629,1.1729857819905214,False,False,True,broken,broken_down,2.0755287009063443,True,False,0.4952978056426332,1,2023,2023-04,2023-W15,True
NQ,2023-04-11,primary_2023_2025,compression,0.6283018867924528,0.5547831843760345,True,False,primary_2023_2025,standard,0.8338308457711443,0.6754176610978521,False,True,True,broken,broken_down,0.8695652173913043,True,True,0.496875,11,2023,2023-04,2023-W15,True
NQ,2023-04-12,primary_2023_2025,expansion,1.6163021868787275,1.067100977198697,True,False,primary_2023_2025,exhaustion,1.6512096774193548,0.4822954822954823,True,True,True,broken,broken_down,1.3010204081632653,True,True,0.5238095238095238,10,2023,2023-04,2023-W15,True
NQ,2023-04-13,primary_2023_2025,neutral,0.8946322067594433,0.6140183951791944,True,False,primary_2023_2025,standard,0.9758064516129032,0.7045454545454546,False,False,False,broken,broken_up,1.059071729957806,True,True,0.4700315457413249,0,2023,2023-04,2023-W15,True
NQ,2023-04-14,primary_2023_2025,neutral,0.9779179810725552,0.6987063308543217,False,True,primary_2023_2025,standard,1.1408163265306122,0.6010733452593918,False,False,False,broken,broken_up,1.083673469387755,True,True,0.526984126984127,0,2023,2023-04,2023-W15,True
NQ,2023-04-17,primary_2023_2025,compression,0.5329018338727076,0.5344266930581083,True,False,primary_2023_2025,standard,0.7714285714285715,0.5502645502645502,False,False,False,broken,broken_down,1.7011070110701108,True,True,0.5079365079365079,12,2023,2023-04,2023-W16,True
NQ,2023-04-18,primary_2023_2025,neutral,1.1952535059331175,0.8101120367710427,False,True,primary_2023_2025,standard,1.1677018633540373,0.3617021276595745,True,False,False,trapped,trapped,0.4933078393881453,True,True,0.5331230283911672,0,2023,2023-04,2023-W16,True
NQ,2023-04-19,primary_2023_2025,neutral,1.0507011866235167,0.4646943901758303,False,False,primary_2023_2025,standard,0.6894409937888198,0.8918918918918919,False,False,False,trapped,trapped,2.215311004784689,True,True,0.515625,0,2023,2023-04,2023-W16,True
NQ,2023-04-20,primary_2023_2025,neutral,1.1827731092436975,0.6339076792171878,False,False,primary_2023_2025,standard,0.9302809573361084,0.854586129753915,False,False,True,trapped,trapped,1.6895734597156398,True,True,0.4968944099378882,20,2023,2023-04,2023-W16,True
NQ,2023-04-21,primary_2023_2025,neutral,0.8422131147540983,0.5663742064341251,False,True,primary_2023_2025,standard,0.826222684703434,0.5818639798488665,False,False,False,broken,broken_down,1.1889168765743072,True,True,0.559748427672956,7,2023,2023-04,2023-W16,True
NQ,2023-04-24,primary_2023_2025,neutral,0.7163865546218487,0.8466502765826676,True,False,primary_2023_2025,standard,1.1649048625792813,0.6025408348457351,False,True,False,broken,broken_up,1.634375,True,True,0.496875,1,2023,2023-04,2023-W17,True
NQ,2023-04-25,primary_2023_2025,neutral,0.8109289617486338,0.5399857898476356,True,False,primary_2023_2025,standard,0.7117585848074922,1.1198830409356726,False,False,False,broken,broken_down,2.1528662420382165,True,True,0.4890965732087227,0,2023,2023-04,2023-W17,True
NQ,2023-04-26,primary_2023_2025,neutral,1.0336817653890824,0.6026819346090101,False,False,primary_2023_2025,standard,0.8547008547008547,1.0625,False,True,True,trapped,trapped,2.091549295774648,True,True,0.5,17,2023,2023-04,2023-W17,True
NQ,2023-04-27,primary_2023_2025,neutral,1.0011173184357542,0.795871044954746,True,False,primary_2023_2025,standard,1.176991150442478,0.6954887218045113,False,False,False,broken,broken_up,2.2961783439490446,True,True,0.50625,0,2023,2023-04,2023-W17,True
NQ,2023-04-28,primary_2023_2025,compression,0.6002239641657335,0.6816257408975445,False,True,primary_2023_2025,standard,1.0320512820512822,0.6418219461697723,False,True,True,broken,broken_up,1.1729166666666666,True,True,0.4984326018808777,9,2023,2023-04,2023-W17,True
NQ,2023-05-01,primary_2023_2025,neutral,0.794392523364486,0.4468085106382978,True,False,primary_2023_2025,standard,0.6118626430801248,1.3741496598639455,False,True,True,broken,broken_down,2.1487179487179486,True,True,0.53125,37,2023,2023-05,2023-W18,True
NQ,2023-05-02,primary_2023_2025,compression,0.6261682242990654,1.1797373358348968,True,False,primary_2023_2025,exhaustion,1.6741214057507987,0.5661577608142494,False,True,True,broken,broken_down,0.9632034632034632,True,True,0.5094339622641509,0,2023,2023-05,2023-W18,True
NQ,2023-05-03,primary_2023_2025,compression,0.6962616822429907,0.3602698435481555,False,True,primary_2023_2025,standard,0.5202072538860104,0.900398406374502,False,True,True,broken,broken_up,4.082949308755761,True,True,0.4877300613496932,50,2023,2023-05,2023-W18,True
NQ,2023-05-04,primary_2023_2025,expansion,1.3054499366286438,0.5970149253731343,False,True,primary_2023_2025,standard,0.90752688172043,0.95260663507109,False,True,True,broken,broken_down,1.5987654320987654,True,True,0.5061349693251533,52,2023,2023-05,2023-W18,True
NQ,2023-05-05,primary_2023_2025,neutral,0.9509345794392524,0.8647278360678826,True,False,primary_2023_2025,standard,1.4131185270425777,0.4348534201954397,True,False,False,broken,broken_up,1.0764331210191085,True,True,0.4921135646687697,0,2023,2023-05,2023-W18,True
NQ,2023-05-08,primary_2023_2025,compression,0.441588785046729,0.3394732836048105,False,True,primary_2023_2025,standard,0.5132336018411968,1.3497757847533631,False,True,True,broken,broken_down,2.316326530612245,True,True,0.5286624203821656,4,2023,2023-05,2023-W19,True
NQ,2023-05-09,primary_2023_2025,neutral,0.7628361858190709,0.3327085285848172,False,True,primary_2023_2025,standard,0.4902186421173763,0.6525821596244131,False,True,True,trapped,trapped,1.2325581395348837,True,True,0.5523809523809524,24,2023,2023-05,2023-W19,True
NQ,2023-05-10,primary_2023_2025,expansion,2.0122249388753057,0.8321179089583173,False,True,primary_2023_2025,standard,1.2474108170310705,0.9649446494464944,False,False,True,broken,broken_up,1.64,True,True,0.4875776397515527,23,2023,2023-05,2023-W19,True
NQ,2023-05-11,primary_2023_2025,compression,0.6259168704156479,0.4374349055200119,False,True,primary_2023_2025,standard,0.6766398158803222,0.9013605442176872,False,True,True,broken,broken_down,1.7827868852459017,True,True,0.454828660436137,5,2023,2023-05,2023-W19,True
NQ,2023-05-12,primary_2023_2025,compression,0.5089974293059126,0.6676669167291823,True,False,primary_2023_2025,standard,1.0827250608272505,0.8269662921348314,False,False,False,broken,broken_down,1.3558823529411763,True,True,0.5186335403726708,0,2023,2023-05,2023-W19,True
NQ,2023-05-15,primary_2023_2025,neutral,1.095505617977528,0.532608695652174,False,False,primary_2023_2025,standard,0.8345498783454988,0.7230320699708455,False,False,False,trapped,trapped,1.5374592833876222,True,True,0.5015974440894568,10,2023,2023-05,2023-W20,True
NQ,2023-05-16,primary_2023_2025,compression,0.6911957950065704,0.6497351199750702,True,False,primary_2023_2025,standard,1.0145985401459854,0.5083932853717026,False,False,False,broken,broken_up,0.9230769230769232,True,True,0.4779874213836478,1,2023,2023-05,2023-W20,True
NQ,2023-05-17,primary_2023_2025,compression,0.5870786516853933,0.5213449187759728,True,False,primary_2023_2025,standard,0.8445532435740514,1.6115942028985508,False,False,False,broken,broken_up,2.5387596899224807,True,True,0.5420560747663551,2,2023,2023-05,2023-W20,True
NQ,2023-05-18,primary_2023_2025,compression,0.6461086637298091,1.0489248520266723,True,False,primary_2023_2025,exhaustion,1.7135862913096696,0.5242857142857142,False,True,False,broken,broken_up,1.1788617886178865,True,True,0.51875,0,2023,2023-05,2023-W20,True
NQ,2023-05-19,primary_2023_2025,neutral,1.0153374233128831,0.434814222351487,True,False,primary_2023_2025,standard,0.7319461444308446,0.8729096989966555,False,False,False,broken,broken_down,1.4014869888475836,True,True,0.5579937304075235,9,2023,2023-05,2023-W20,True
NQ,2023-05-22,primary_2023_2025,neutral,1.0575427682737168,0.6423569186186912,True,False,primary_2023_2025,standard,0.9767441860465116,0.543859649122807,False,True,True,broken,broken_up,0.7268170426065163,False,False,0.5408805031446541,48,2023,2023-05,2023-W21,True
NQ,2023-05-23,primary_2023_2025,expansion,1.919129082426128,0.36043316631647,False,True,primary_2023_2025,standard,0.55819774718398,1.9237668161434975,False,True,True,broken,broken_down,2.9192825112107625,True,True,0.5109034267912772,29,2023,2023-05,2023-W21,True
NQ,2023-05-24,primary_2023_2025,expansion,1.5925349922239502,0.662797800855223,True,False,primary_2023_2025,standard,1.0863579474342928,0.6382488479262672,False,True,True,broken,broken_down,1.5646067415730338,True,True,0.4984520123839009,21,2023,2023-05,2023-W21,True
NQ,2023-05-25,primary_2023_2025,expansion,2.1524105754276825,0.7787915798548746,False,True,primary_2023_2025,standard,1.3284313725490196,0.6143911439114391,False,False,False,trapped,trapped,1.4279475982532752,True,True,0.5078864353312302,8,2023,2023-05,2023-W21,True
NQ,2023-05-26,primary_2023_2025,expansion,1.4961119751166407,1.4710982658959535,True,False,primary_2023_2025,exhaustion,2.4950980392156863,0.3575638506876228,True,False,False,broken,broken_up,0.9211563731931668,True,True,0.4984227129337539,0,2023,2023-05,2023-W21,True
NQ,2023-05-29,primary_2023_2025,neutral,1.0998509687034277,0.1222198536204078,False,False,primary_2023_2025,standard,0.2107843137254902,1.697674418604651,False,False,True,trapped,trapped,2.212121212121212,True,False,0.5255474452554745,0,2023,2023-05,2023-W22,True
NQ,2023-05-30,primary_2023_2025,expansion,2.2831594634873325,0.9665934398909174,False,False,primary_2023_2025,exhaustion,1.5637254901960784,0.8793103448275862,False,False,True,trapped,trapped,0.926332288401254,True,True,0.5077399380804953,6,2023,2023-05,2023-W22,True
NQ,2023-05-31,primary_2023_2025,neutral,1.2863187588152327,0.8383404864091559,True,False,primary_2023_2025,standard,1.4362745098039216,0.7764505119453925,False,True,True,broken,broken_down,0.8242753623188406,True,True,0.5154320987654321,8,2023,2023-05,2023-W22,True
NQ,2023-06-01,primary_2023_2025,neutral,0.930171277997365,0.8489634748272458,True,False,primary_2023_2025,standard,1.435041716328963,0.7225913621262459,False,False,False,broken,broken_up,2.6777777777777776,True,True,0.4875776397515527,6,2023,2023-06,2023-W22,True
NQ,2023-06-02,primary_2023_2025,neutral,1.0193905817174516,0.8563183678947722,True,False,primary_2023_2025,standard,1.499412455934195,0.3495297805642633,True,True,False,broken,broken_both,0.6661442006269592,False,False,0.5139318885448917,3,2023,2023-06,2023-W22,True
NQ,2023-06-05,primary_2023_2025,neutral,0.7406380027739251,0.6169989506820567,True,False,primary_2023_2025,standard,1.036427732079906,0.7687074829931972,False,True,True,broken,broken_up,1.7899408284023668,True,True,0.50625,21,2023,2023-06,2023-W23,True
NQ,2023-06-06,primary_2023_2025,compression,0.6490984743411928,0.5729896329504063,False,True,primary_2023_2025,standard,0.9348571428571428,0.938875305623472,False,True,True,broken,broken_down,1.2427184466019416,True,True,0.5327102803738317,12,2023,2023-06,2023-W23,True
NQ,2023-06-07,primary_2023_2025,neutral,0.8599167822468793,1.2472557628979144,True,False,primary_2023_2025,exhaustion,2.077714285714286,0.7414741474147415,False,False,False,broken,broken_both,1.7704347826086957,True,True,0.509375,0,2023,2023-06,2023-W23,True
NQ,2023-06-08,primary_2023_2025,expansion,1.3304473304473303,0.8555805725313606,True,False,primary_2023_2025,exhaustion,1.52,0.6165413533834586,False,True,False,broken,broken_up,1.3412073490813647,True,True,0.5297805642633229,0,2023,2023-06,2023-W23,True
NQ,2023-06-09,primary_2023_2025,neutral,1.159500693481276,0.6901688182720953,False,True,primary_2023_2025,standard,1.255079006772009,0.8561151079136691,False,True,False,broken,broken_up,1.4042145593869733,True,False,0.4582043343653251,8,2023,2023-06,2023-W23,True
NQ,2023-06-12,primary_2023_2025,expansion,3.012211668928087,0.3475733063700708,False,True,primary_2023_2025,standard,0.5595116988809766,1.1563636363636365,False,False,False,trapped,trapped,3.737556561085973,True,True,0.5566037735849056,13,2023,2023-06,2023-W24,True
NQ,2023-06-13,primary_2023_2025,expansion,1.864314789687924,0.807153214113098,False,True,primary_2023_2025,standard,1.3591047812817905,0.4625748502994012,True,False,True,broken,broken_down,0.8218562874251497,False,False,0.4813664596273292,20,2023,2023-06,2023-W24,True
NQ,2023-06-14,primary_2023_2025,neutral,0.7217280813214739,0.7700459201695514,True,False,primary_2023_2025,standard,1.1912568306010929,0.536697247706422,False,True,True,broken,broken_both,2.0125786163522013,True,True,0.4984423676012461,8,2023,2023-06,2023-W24,True
NQ,2023-06-15,primary_2023_2025,expansion,1.6569250317662008,0.8258301313299306,True,False,primary_2023_2025,standard,1.2609457092819614,0.5444444444444444,False,False,False,broken,broken_up,1.4414125200642054,True,True,0.4953271028037383,0,2023,2023-06,2023-W24,True
NQ,2023-06-16,primary_2023_2025,expansion,1.459954233409611,0.6713271193963604,False,True,primary_2023_2025,standard,1.0595446584938704,0.5702479338842975,False,True,True,broken,broken_up,1.112280701754386,True,True,0.5015479876160991,32,2023,2023-06,2023-W24,True
NQ,2023-06-19,primary_2023_2025,neutral,0.772082878953108,0.1057890096973259,False,True,primary_2023_2025,standard,0.1515151515151515,0.7888888888888889,False,True,True,broken,broken_down,0.7888888888888889,False,False,0.5746268656716418,25,2023,2023-06,2023-W25,True
NQ,2023-06-20,primary_2023_2025,neutral,0.7764449291166848,0.9426360555093688,False,True,primary_2023_2025,standard,1.2407407407407407,0.6865671641791045,False,True,True,broken,broken_both,0.8932038834951457,True,True,0.540625,27,2023,2023-06,2023-W25,True
NQ,2023-06-21,primary_2023_2025,neutral,0.8375286041189931,1.0794677278945404,True,False,primary_2023_2025,standard,1.4382767191383596,0.3168202764976958,True,True,False,broken,broken_down,1.029668411867365,True,True,0.5301587301587302,4,2023,2023-06,2023-W25,True
NQ,2023-06-22,primary_2023_2025,neutral,0.8945362134688691,0.8769331042246845,True,False,primary_2023_2025,standard,1.1906677393403058,0.5324324324324324,False,False,False,broken,broken_both,0.8756756756756757,True,True,0.4907407407407407,6,2023,2023-06,2023-W25,True
NQ,2023-06-23,primary_2023_2025,expansion,2.355495251017639,0.4812206572769953,False,True,primary_2023_2025,standard,0.6426332288401254,1.4439024390243902,False,True,True,broken,broken_down,1.446341463414634,True,False,0.5784615384615385,14,2023,2023-06,2023-W25,True
NQ,2023-06-26,primary_2023_2025,neutral,1.2510176390773406,0.8353295252134391,True,False,primary_2023_2025,standard,1.0941271118262268,0.8838235294117647,False,False,False,broken,broken_up,2.13671875,True,True,0.5337423312883436,2,2023,2023-06,2023-W26,True
NQ,2023-06-27,primary_2023_2025,neutral,0.7633587786259542,0.4501454955757467,True,False,primary_2023_2025,standard,0.5940438871473355,1.5013192612137205,False,False,False,broken,broken_up,2.741758241758242,True,True,0.490625,18,2023,2023-06,2023-W26,True
NQ,2023-06-28,primary_2023_2025,neutral,0.779291553133515,0.82444998865956,True,False,primary_2023_2025,standard,1.169750603378922,0.8817056396148556,False,True,True,broken,broken_up,1.3438155136268344,True,True,0.5124223602484472,9,2023,2023-06,2023-W26,True
NQ,2023-06-29,primary_2023_2025,neutral,1.1246537396121885,0.5250381076045842,False,True,primary_2023_2025,standard,0.7198142414860681,0.7161290322580646,False,True,True,broken,broken_down,1.0159817351598173,True,True,0.4797507788161994,24,2023,2023-06,2023-W26,True
NQ,2023-06-30,primary_2023_2025,expansion,1.7956403269754768,0.6167400881057269,True,False,primary_2023_2025,standard,0.8560371517027864,0.5587703435804702,False,False,True,broken,broken_up,0.6166365280289331,False,False,0.5172413793103449,16,2023,2023-06,2023-W26,True
NQ,2023-07-03,primary_2023_2025,compression,0.6373056994818653,0.3946253480208207,True,False,primary_2023_2025,standard,0.5178713264495631,0.7239263803680982,False,True,True,trapped,trapped,1.1184834123222749,True,True,0.4968152866242038,2,2023,2023-07,2023-W27,True
NQ,2023-07-04,primary_2023_2025,compression,0.3160621761658031,0.1166217317700169,False,True,primary_2023_2025,standard,0.147736298649722,0.6881720430107527,False,False,True,broken,broken_up,0.8205128205128205,True,False,0.5681818181818182,0,2023,2023-07,2023-W27,True
NQ,2023-07-05,primary_2023_2025,neutral,1.049222797927461,0.7341139323773187,True,False,primary_2023_2025,standard,0.886417791898332,0.3010752688172043,True,False,True,broken,broken_up,0.8225190839694656,True,True,0.5251572327044025,70,2023,2023-07,2023-W27,True
NQ,2023-07-06,primary_2023_2025,expansion,1.98766954377312,0.5587655495887431,True,False,primary_2023_2025,standard,0.7067927773000859,0.9927007299270072,False,True,True,broken,broken_down,1.3479318734793186,True,False,0.5214723926380368,28,2023,2023-07,2023-W27,True
NQ,2023-07-07,primary_2023_2025,expansion,1.3563501849568431,0.5345997286295794,False,False,primary_2023_2025,standard,0.7073608617594255,1.2081218274111676,False,False,False,trapped,trapped,2.100840336134454,True,True,0.5248447204968945,6,2023,2023-07,2023-W27,True
NQ,2023-07-10,primary_2023_2025,neutral,1.18865598027127,0.7813798836242727,False,True,primary_2023_2025,standard,0.9306930693069309,0.9110251450676984,False,False,True,broken,broken_up,1.0,True,True,0.540625,37,2023,2023-07,2023-W28,True
NQ,2023-07-11,primary_2023_2025,compression,0.6288532675709001,0.7639584135541009,False,True,primary_2023_2025,standard,0.8928892889288929,0.7016129032258065,False,True,True,broken,broken_down,0.9818548387096774,True,True,0.514018691588785,13,2023,2023-07,2023-W28,True
NQ,2023-07-12,primary_2023_2025,expansion,1.9040207522697796,0.5898083494280196,True,False,primary_2023_2025,standard,0.7420560747663552,1.1838790931989924,False,False,True,broken,broken_up,1.6120906801007555,True,False,0.5323076923076923,61,2023,2023-07,2023-W28,True
NQ,2023-07-13,primary_2023_2025,neutral,1.2305795314426633,0.3931866572036905,True,False,primary_2023_2025,standard,0.5468904244817374,1.1407942238267148,False,False,True,broken,broken_up,2.6137184115523464,True,True,0.5591054313099042,18,2023,2023-07,2023-W28,True
NQ,2023-07-14,primary_2023_2025,compression,0.5770653514180024,0.7556359588087949,True,False,primary_2023_2025,standard,1.130072840790843,0.7918968692449355,False,True,True,broken,broken_up,1.298342541436464,True,True,0.5527950310559007,25,2023,2023-07,2023-W28,True
NQ,2023-07-17,primary_2023_2025,neutral,0.7055771725032426,0.460576483147781,True,False,primary_2023_2025,standard,0.6285119667013528,0.8079470198675497,False,False,False,broken,broken_up,1.9793814432989687,True,True,0.5124223602484472,17,2023,2023-07,2023-W29,True
NQ,2023-07-18,primary_2023_2025,compression,0.4954604409857328,0.5034498445674426,True,False,primary_2023_2025,standard,0.6909469302809573,2.1686746987951806,False,True,True,broken,broken_down,3.3373493975903616,True,True,0.5493827160493827,5,2023,2023-07,2023-W29,True
NQ,2023-07-19,primary_2023_2025,neutral,0.7522697795071336,0.4413949211289524,True,False,primary_2023_2025,standard,0.7123287671232876,1.7403846153846154,False,True,True,broken,broken_up,2.2954545454545454,True,True,0.5339506172839507,13,2023,2023-07,2023-W29,True
NQ,2023-07-20,primary_2023_2025,neutral,1.273447820343461,1.1328944512768575,True,False,primary_2023_2025,exhaustion,1.907429963459196,0.5402298850574713,False,False,False,broken,broken_down,1.5893155258764609,True,True,0.5171339563862928,0,2023,2023-07,2023-W29,True
NQ,2023-07-21,primary_2023_2025,expansion,1.6078914919852034,0.9599661685931774,False,True,primary_2023_2025,exhaustion,1.658952496954933,0.5844346549192364,False,True,True,broken,broken_both,0.7837037037037037,True,True,0.5384615384615384,14,2023,2023-07,2023-W29,True
NQ,2023-07-24,primary_2023_2025,compression,0.6633785450061652,0.7916727752528955,False,True,primary_2023_2025,standard,1.2328767123287672,0.5388888888888889,False,True,True,broken,broken_both,0.587037037037037,False,False,0.5314465408805031,69,2023,2023-07,2023-W30,True
NQ,2023-07-25,primary_2023_2025,neutral,0.9078014184397164,0.5137558899528804,True,False,primary_2023_2025,standard,0.771689497716895,0.742603550295858,False,False,False,broken,broken_up,1.5650887573964498,True,True,0.5015479876160991,4,2023,2023-07,2023-W30,True
NQ,2023-07-26,primary_2023_2025,expansion,1.4675862068965515,0.7220164160674075,True,False,primary_2023_2025,standard,1.134703196347032,0.4627766599597585,True,True,True,broken,broken_down,2.313993174061433,True,True,0.49375,17,2023,2023-07,2023-W30,True
NQ,2023-07-27,primary_2023_2025,expansion,2.10110974106042,0.7992682755224091,False,True,primary_2023_2025,standard,1.2968036529680365,1.0774647887323945,False,False,True,broken,broken_up,2.588014981273408,True,True,0.4829721362229102,6,2023,2023-07,2023-W30,True
NQ,2023-07-28,primary_2023_2025,expansion,1.9458850056369783,0.8174491492900089,True,False,primary_2023_2025,standard,1.4090407938257994,0.7605633802816901,False,True,True,broken,broken_up,1.0704845814977977,True,True,0.48125,11,2023,2023-07,2023-W30,True
NQ,2023-07-31,primary_2023_2025,neutral,1.1341600901916573,0.4978476511323226,False,False,primary_2023_2025,standard,0.8798235942668137,0.5388471177944862,False,False,True,trapped,trapped,0.7969924812030075,True,False,0.5047021943573667,26,2023,2023-07,2023-W31,True
NQ,2023-08-01,primary_2023_2025,neutral,1.107883817427386,0.5504004067624253,False,True,primary_2023_2025,standard,0.9547960308710032,0.6096997690531177,False,False,True,broken,broken_down,0.8362068965517241,True,False,0.5202492211838006,1,2023,2023-08,2023-W31,True
NQ,2023-08-02,primary_2023_2025,expansion,1.6269113149847094,0.9108323549403696,True,False,primary_2023_2025,exhaustion,1.5866523143164692,0.587516960651289,False,False,False,broken,broken_down,1.0,True,True,0.5327102803738317,0,2023,2023-08,2023-W31,True
NQ,2023-08-03,primary_2023_2025,expansion,1.341317365269461,0.6059525931206559,False,False,primary_2023_2025,standard,1.0979547900968785,0.6411764705882353,False,True,False,trapped,trapped,1.4718614718614718,True,True,0.4845679012345679,10,2023,2023-08,2023-W31,True
NQ,2023-08-04,primary_2023_2025,neutral,1.2834331337325349,0.8979639872896316,False,True,primary_2023_2025,exhaustion,1.5367573011077542,0.4941022280471822,True,True,False,broken,broken_both,1.435124508519004,True,True,0.5061728395061729,8,2023,2023-08,2023-W31,True
NQ,2023-08-07,primary_2023_2025,neutral,0.8682634730538922,0.6499422948429813,False,True,primary_2023_2025,standard,1.0625620655412116,0.8467289719626169,False,True,True,broken,broken_both,1.3505376344086022,True,True,0.5124223602484472,33,2023,2023-08,2023-W32,True
NQ,2023-08-08,primary_2023_2025,expansion,1.4291417165668665,0.7760097919216646,True,False,primary_2023_2025,standard,1.259185700099305,0.5536277602523659,False,True,True,broken,broken_down,1.121771217712177,True,True,0.5279503105590062,21,2023,2023-08,2023-W32,True
NQ,2023-08-09,primary_2023_2025,compression,0.6879227053140097,1.0188481064363657,True,False,primary_2023_2025,exhaustion,1.6708133971291863,0.5360824742268041,False,True,True,broken,broken_down,1.4382022471910112,True,True,0.5235109717868338,3,2023,2023-08,2023-W32,True
NQ,2023-08-10,primary_2023_2025,neutral,1.251497005988024,0.8289858395918134,False,True,primary_2023_2025,standard,1.3451162790697675,1.052558782849239,False,False,False,broken,broken_up,1.6849112426035502,True,True,0.4643962848297213,1,2023,2023-08,2023-W32,True
NQ,2023-08-11,primary_2023_2025,expansion,1.4492753623188406,0.5594645615239403,True,False,primary_2023_2025,standard,0.9030470914127424,0.6707566462167689,False,True,True,broken,broken_down,1.049079754601227,True,True,0.5015384615384615,61,2023,2023-08,2023-W32,True
NQ,2023-08-14,primary_2023_2025,expansion,1.5328330206378986,1.032664686988667,False,True,primary_2023_2025,exhaustion,1.5851162790697677,0.3497652582159624,True,False,False,trapped,trapped,0.9365942028985508,True,True,0.5232198142414861,0,2023,2023-08,2023-W33,True
NQ,2023-08-15,primary_2023_2025,neutral,1.2609819121447028,0.7177910483060368,False,True,primary_2023_2025,standard,1.095667870036101,0.4629324546952224,True,False,True,broken,broken_down,0.9111111111111112,True,True,0.4794952681388013,23,2023,2023-08,2023-W33,True
NQ,2023-08-16,primary_2023_2025,compression,0.6425196850393701,0.4184006298504105,False,True,primary_2023_2025,standard,0.6331914893617021,1.2204301075268815,False,True,False,broken,broken_down,2.1881720430107525,True,True,0.540625,12,2023,2023-08,2023-W33,True
NQ,2023-08-17,primary_2023_2025,neutral,0.8236220472440945,0.6570058836347789,True,False,primary_2023_2025,standard,1.0263829787234042,0.6550580431177446,False,True,True,broken,broken_down,1.6175298804780875,True,True,0.51875,13,2023,2023-08,2023-W33,True
NQ,2023-08-18,primary_2023_2025,neutral,1.0771653543307087,0.4497495470531813,False,True,primary_2023_2025,standard,0.7207514944491887,0.976303317535545,False,False,True,broken,broken_down,1.9173789173789173,True,True,0.4984423676012461,6,2023,2023-08,2023-W33,True
NQ,2023-08-21,primary_2023_2025,neutral,0.8692913385826772,0.6379804934021801,False,True,primary_2023_2025,standard,1.0036101083032491,1.2589928057553956,False,False,True,broken,broken_up,1.7716535433070866,True,True,0.514018691588785,13,2023,2023-08,2023-W34,True
NQ,2023-08-22,primary_2023_2025,neutral,1.1039370078740158,0.5719600093001628,False,False,primary_2023_2025,standard,0.8754448398576512,0.8516260162601627,False,False,True,trapped,trapped,1.3015873015873016,True,True,0.5572755417956656,12,2023,2023-08,2023-W34,True
NQ,2023-08-23,primary_2023_2025,neutral,0.7650190114068441,0.9104443426477324,True,False,primary_2023_2025,standard,1.414590747330961,0.3761006289308176,True,False,False,broken,broken_up,0.8127147766323024,True,True,0.5295950155763239,0,2023,2023-08,2023-W34,True
NQ,2023-08-24,primary_2023_2025,neutral,0.7543726235741445,1.484953395472703,True,False,primary_2023_2025,exhaustion,2.380871050384287,0.2754662840746054,True,False,False,broken,broken_down,0.8647388059701493,True,True,0.5541795665634675,0,2023,2023-08,2023-W34,True
NQ,2023-08-25,primary_2023_2025,neutral,0.8377952755905512,1.163736102267718,False,True,primary_2023_2025,exhaustion,1.963636363636364,0.3745791245791245,True,True,True,broken,broken_up,1.53986013986014,True,True,0.4938271604938271,2,2023,2023-08,2023-W34,True
NQ,2023-08-28,primary_2023_2025,neutral,0.904156064461408,0.5184922124701943,False,True,primary_2023_2025,standard,0.8446280991735537,0.9510763209393346,False,False,True,broken,broken_up,1.0389344262295082,True,False,0.531055900621118,15,2023,2023-08,2023-W35,True
NQ,2023-08-29,primary_2023_2025,compression,0.6615776081424937,1.2123419532754045,True,False,primary_2023_2025,exhaustion,1.925619834710744,0.1991416309012875,True,False,False,broken,broken_up,0.6027689030883919,True,True,0.5283018867924528,0,2023,2023-08,2023-W35,True
NQ,2023-08-30,primary_2023_2025,neutral,0.72264631043257,0.5149922118380063,False,True,primary_2023_2025,standard,0.8525382755842063,0.4858223062381852,True,False,False,broken,broken_up,0.9054820415879016,True,True,0.5139318885448917,16,2023,2023-08,2023-W35,True
NQ,2023-08-31,primary_2023_2025,compression,0.6211981566820276,0.4588761423293798,True,False,primary_2023_2025,standard,0.7801652892561983,0.760593220338983,False,True,True,broken,broken_up,1.0781990521327014,True,True,0.528125,21,2023,2023-08,2023-W35,True
NQ,2023-09-01,primary_2023_2025,neutral,1.196244131455399,0.6746678520274608,False,True,primary_2023_2025,standard,1.1289256198347108,0.4055636896046852,True,False,False,broken,broken_down,0.8409090909090909,True,True,0.4907407407407407,2,2023,2023-09,2023-W35,True
NQ,2023-09-04,primary_2023_2025,compression,0.5258215962441315,0.2818393727484636,False,True,primary_2023_2025,standard,0.4396694214876033,0.2368421052631578,True,True,False,broken,broken_up,1.2644628099173554,True,False,0.5857142857142857,0,2023,2023-09,2023-W36,True
NQ,2023-09-05,primary_2023_2025,neutral,0.8751173708920188,0.5830302372292493,False,True,primary_2023_2025,standard,0.8876033057851239,0.4506517690875233,True,False,False,trapped,trapped,1.3591331269349844,True,True,0.53125,1,2023,2023-09,2023-W36,True
NQ,2023-09-06,primary_2023_2025,neutral,0.7146919431279621,0.714670110859972,True,False,primary_2023_2025,standard,1.1458153580672994,0.5331325301204819,False,False,False,broken,broken_down,0.8718446601941747,True,True,0.5170278637770898,0,2023,2023-09,2023-W36,True
NQ,2023-09-07,primary_2023_2025,expansion,1.6132701421800948,0.5436274778979738,False,True,primary_2023_2025,standard,0.8541846419327006,0.7272727272727273,False,False,True,broken,broken_down,1.497005988023952,True,False,0.4654088050314465,6,2023,2023-09,2023-W36,True
NQ,2023-09-08,primary_2023_2025,neutral,0.9156398104265404,0.5334658714380385,True,False,primary_2023_2025,standard,0.8838060384263495,0.5693581780538303,False,True,True,broken,broken_up,1.0890269151138716,True,False,0.4461538461538462,22,2023,2023-09,2023-W36,True
NQ,2023-09-11,primary_2023_2025,expansion,2.6140350877192984,0.5020057306590258,False,True,primary_2023_2025,standard,0.8014638609332113,1.0,False,True,True,broken,broken_up,1.4223744292237444,True,True,0.5460122699386503,27,2023,2023-09,2023-W37,True
NQ,2023-09-12,primary_2023_2025,compression,0.6920077972709552,0.6527985289047236,True,False,primary_2023_2025,standard,1.0656660412757974,0.6038732394366197,False,False,True,broken,broken_down,1.6815286624203822,True,True,0.4968553459119497,0,2023,2023-09,2023-W37,True
NQ,2023-09-13,primary_2023_2025,neutral,0.990990990990991,0.6259728708027574,True,False,primary_2023_2025,standard,1.0562851782363978,0.5843694493783304,False,False,False,broken,broken_up,1.0396270396270395,True,True,0.5339506172839507,6,2023,2023-09,2023-W37,True
NQ,2023-09-14,primary_2023_2025,compression,0.6766766766766766,0.7406569797026065,True,False,primary_2023_2025,standard,1.1985361390667886,0.5022900763358779,False,False,False,broken,broken_down,1.2529002320185614,True,True,0.496875,1,2023,2023-09,2023-W37,True
NQ,2023-09-15,primary_2023_2025,neutral,1.029263370332997,0.9642776396111236,True,False,primary_2023_2025,exhaustion,1.5608417200365965,0.4830011723329425,True,False,False,broken,broken_down,0.9478672985781992,True,True,0.5094339622641509,0,2023,2023-09,2023-W37,True
NQ,2023-09-18,primary_2023_2025,neutral,0.79313824419778,0.5100759828212752,False,True,primary_2023_2025,standard,0.6899016979445934,0.4300518134715025,True,False,False,broken,broken_up,1.0,True,True,0.4922118380062305,31,2023,2023-09,2023-W38,True
NQ,2023-09-19,primary_2023_2025,neutral,0.7955010224948875,0.6897505010712558,True,False,primary_2023_2025,standard,0.9072727272727272,0.9779559118236472,False,True,True,broken,broken_down,1.5910224438902745,True,True,0.5142857142857142,8,2023,2023-09,2023-W38,True
NQ,2023-09-20,primary_2023_2025,neutral,0.7924130663856691,0.5592915640189093,True,False,primary_2023_2025,standard,0.7636363636363637,0.5547619047619048,False,True,True,trapped,trapped,3.2996632996633,True,True,0.534375,0,2023,2023-09,2023-W38,True
NQ,2023-09-21,primary_2023_2025,expansion,1.8542600896860983,0.5113313553437283,False,True,primary_2023_2025,standard,0.7598499061913696,0.7901234567901234,False,True,True,broken,broken_down,1.5753086419753086,True,True,0.5263157894736842,23,2023,2023-09,2023-W38,True
NQ,2023-09-22,primary_2023_2025,neutral,1.2219730941704037,0.6771003863532186,True,False,primary_2023_2025,standard,0.9942307692307693,0.9148936170212766,False,True,True,trapped,trapped,2.3026315789473686,True,True,0.4889589905362776,8,2023,2023-09,2023-W38,True
NQ,2023-09-25,primary_2023_2025,expansion,1.468609865470852,0.7227464364585425,False,False,primary_2023_2025,standard,1.050583657587549,0.5314814814814814,False,False,False,trapped,trapped,1.0723684210526316,True,False,0.5046439628482973,22,2023,2023-09,2023-W39,True
NQ,2023-09-26,primary_2023_2025,expansion,1.3811659192825112,0.657752566180443,True,False,primary_2023_2025,standard,0.9311663479923518,0.6550308008213552,False,True,True,broken,broken_down,1.1457905544147844,True,True,0.5451713395638629,3,2023,2023-09,2023-W39,True
NQ,2023-09-27,primary_2023_2025,compression,0.6954689146469969,0.6381062652772418,False,True,primary_2023_2025,standard,0.9763779527559056,1.252016129032258,False,False,False,broken,broken_both,2.355,True,True,0.4875776397515527,13,2023,2023-09,2023-W39,True
NQ,2023-09-28,primary_2023_2025,neutral,0.9799789251844048,0.8396899224806201,True,False,primary_2023_2025,standard,1.3608040201005025,0.723781388478582,False,False,False,broken,broken_down,2.3253796095444685,True,True,0.5644171779141104,3,2023,2023-09,2023-W39,True
NQ,2023-09-29,primary_2023_2025,expansion,1.5532139093782928,0.5238123908724185,False,True,primary_2023_2025,standard,0.8562992125984252,1.342528735632184,False,False,False,broken,broken_up,2.369146005509642,True,True,0.4782608695652174,11,2023,2023-09,2023-W39,True
NQ,2023-10-02,primary_2023_2025,expansion,1.5553213909378294,0.9813141937878976,True,False,primary_2023_2025,exhaustion,1.593969849246231,0.9003783102143758,False,True,True,trapped,trapped,1.2577854671280275,True,True,0.5076452599388379,40,2023,2023-10,2023-W40,True
NQ,2023-10-03,primary_2023_2025,expansion,1.503067484662577,1.2204507971412866,True,False,primary_2023_2025,exhaustion,1.9665354330708664,0.3813813813813814,True,False,False,broken,broken_down,0.7818627450980392,True,True,0.54858934169279,0,2023,2023-10,2023-W40,True
NQ,2023-10-04,primary_2023_2025,expansion,1.6776119402985077,0.5763688760806917,True,False,primary_2023_2025,standard,0.9645669291338582,0.6816326530612244,False,True,False,broken,broken_up,2.17,True,True,0.4921630094043887,14,2023,2023-10,2023-W40,True
NQ,2023-10-05,primary_2023_2025,neutral,0.818957345971564,0.9478726401803323,True,False,primary_2023_2025,exhaustion,1.6904522613065327,0.6028537455410226,False,True,True,broken,broken_down,1.1702453987730062,True,True,0.5356037151702786,3,2023,2023-10,2023-W40,True
NQ,2023-10-06,primary_2023_2025,expansion,2.0855721393034825,1.1103656491110363,True,False,primary_2023_2025,exhaustion,1.954724409448819,0.7089627391742196,False,False,False,trapped,trapped,2.23859649122807,True,True,0.54375,0,2023,2023-10,2023-W40,True
NQ,2023-10-09,primary_2023_2025,compression,0.5213270142180095,0.5066983578219533,False,True,primary_2023_2025,standard,0.8874172185430463,1.4520255863539446,False,False,False,broken,broken_both,2.113006396588486,True,True,0.5123456790123457,7,2023,2023-10,2023-W41,True
NQ,2023-10-10,primary_2023_2025,compression,0.5373134328358209,0.7862515785427991,True,False,primary_2023_2025,standard,1.3547776726584673,0.7164804469273743,False,True,True,broken,broken_up,1.1152173913043475,True,True,0.5479876160990712,0,2023,2023-10,2023-W41,True
NQ,2023-10-11,primary_2023_2025,compression,0.5771144278606966,0.3672151965712471,False,True,primary_2023_2025,standard,0.6565752128666036,0.8962536023054755,False,False,False,broken,broken_up,1.5317919075144508,True,True,0.5263157894736842,15,2023,2023-10,2023-W41,True
NQ,2023-10-12,primary_2023_2025,neutral,0.7097435897435898,0.4232804232804232,False,True,primary_2023_2025,standard,0.7952755905511811,1.8985148514851484,False,True,True,broken,broken_up,2.6578947368421053,True,True,0.5308641975308642,5,2023,2023-10,2023-W41,True
NQ,2023-10-13,primary_2023_2025,neutral,1.078974358974359,0.9087145518526184,True,False,primary_2023_2025,exhaustion,1.764824120603015,0.6309794988610479,False,False,False,broken,broken_up,2.3308457711442787,True,True,0.5932721712538226,0,2023,2023-10,2023-W41,True
NQ,2023-10-16,primary_2023_2025,neutral,0.8435923309788093,0.6869394005688033,True,False,primary_2023_2025,standard,1.2623115577889448,0.695859872611465,False,False,True,broken,broken_up,0.9468690702087288,True,True,0.5141955835962145,2,2023,2023-10,2023-W42,True
NQ,2023-10-17,primary_2023_2025,expansion,1.372351160443996,0.8462820581751707,False,True,primary_2023_2025,exhaustion,1.5492125984251968,0.6010165184243964,False,True,False,broken,broken_down,0.8506493506493507,True,True,0.5789473684210527,0,2023,2023-10,2023-W42,True
NQ,2023-10-18,primary_2023_2025,neutral,0.8534080298786181,0.5393420645560483,False,True,primary_2023_2025,standard,0.9895931882686848,0.858508604206501,False,False,True,broken,broken_down,1.9411764705882355,True,True,0.4845679012345679,9,2023,2023-10,2023-W42,True
NQ,2023-10-19,primary_2023_2025,neutral,1.2698412698412698,0.5803435308466308,False,True,primary_2023_2025,standard,1.0743179680150516,1.4921190893169878,False,False,True,broken,broken_up,2.69811320754717,True,True,0.5384615384615384,28,2023,2023-10,2023-W42,True
NQ,2023-10-20,primary_2023_2025,compression,0.6834733893557423,0.8766330906552309,True,False,primary_2023_2025,exhaustion,1.5823582358235824,0.6507394766780432,False,True,True,broken,broken_down,1.2047713717693838,True,True,0.4906832298136646,0,2023,2023-10,2023-W42,True
NQ,2023-10-23,primary_2023_2025,expansion,1.578203834510595,0.9812937611035636,True,False,primary_2023_2025,exhaustion,1.5663052543786489,0.5399361022364217,False,False,False,broken,broken_down,1.265129682997118,True,True,0.4709480122324159,0,2023,2023-10,2023-W43,True
NQ,2023-10-24,primary_2023_2025,neutral,0.8476286579212916,0.4903318459250141,False,True,primary_2023_2025,standard,0.7325670498084291,1.0711297071129706,False,True,True,broken,broken_up,1.89010989010989,True,True,0.5537974683544303,27,2023,2023-10,2023-W43,True
NQ,2023-10-25,primary_2023_2025,neutral,1.2321041214750543,0.6050086784031738,True,False,primary_2023_2025,standard,0.9348659003831418,1.2852459016393445,False,False,True,broken,broken_down,1.5311475409836066,True,True,0.4984615384615384,21,2023,2023-10,2023-W43,True
NQ,2023-10-26,primary_2023_2025,expansion,1.4026236125126137,0.7832799849369233,False,True,primary_2023_2025,standard,1.275095785440613,0.6959134615384616,False,False,False,broken,broken_up,1.2932628797886394,True,True,0.5015673981191222,3,2023,2023-10,2023-W43,True
NQ,2023-10-27,primary_2023_2025,neutral,0.7093235831809872,0.5106179909329516,True,False,primary_2023_2025,standard,0.7961309523809523,1.2373831775700934,False,True,True,broken,broken_up,2.522292993630573,True,True,0.5246913580246914,22,2023,2023-10,2023-W43,True
NQ,2023-10-30,primary_2023_2025,neutral,0.7222787385554426,0.698318293683347,False,True,primary_2023_2025,standard,1.0133928571428572,0.697503671071953,False,True,True,broken,broken_up,1.137221269296741,True,False,0.4873417721518987,20,2023,2023-10,2023-W44,True
NQ,2023-10-31,primary_2023_2025,neutral,1.2035995500562429,0.5411350637923449,False,True,primary_2023_2025,standard,0.7517188693659282,0.9532520325203252,False,True,True,broken,broken_down,1.3595744680851063,True,True,0.525,2,2023,2023-10,2023-W44,True
NQ,2023-11-01,primary_2023_2025,neutral,1.1136107986501689,0.574116640829636,True,False,primary_2023_2025,standard,0.8675282714054927,0.4301675977653631,True,False,True,broken,broken_up,1.6551724137931034,True,True,0.5077399380804953,7,2023,2023-11,2023-W44,True
NQ,2023-11-02,primary_2023_2025,expansion,1.7412823397075363,0.4275063865283353,False,True,primary_2023_2025,standard,0.6623586429725363,0.748780487804878,False,False,True,trapped,trapped,1.1686746987951808,True,True,0.5910543130990416,4,2023,2023-11,2023-W44,True
NQ,2023-11-03,primary_2023_2025,neutral,1.1764705882352942,0.5093360995850622,True,False,primary_2023_2025,standard,0.8314987298899238,0.8309572301425662,False,False,False,broken,broken_up,1.35030549898167,True,True,0.5683229813664596,12,2023,2023-11,2023-W44,True
NQ,2023-11-06,primary_2023_2025,compression,0.5252100840336135,0.3067971436128008,False,True,primary_2023_2025,standard,0.5234657039711191,1.2551724137931035,False,True,True,broken,broken_up,1.4896551724137932,True,True,0.4952978056426332,20,2023,2023-11,2023-W45,True
NQ,2023-11-07,primary_2023_2025,neutral,0.9117647058823528,0.7552986512524085,True,False,primary_2023_2025,standard,1.2382671480144405,0.456268221574344,True,False,False,broken,broken_up,0.6902286902286903,True,True,0.515527950310559,0,2023,2023-11,2023-W45,True
NQ,2023-11-08,primary_2023_2025,compression,0.4516806722689075,0.3694267515923566,False,True,primary_2023_2025,standard,0.628158844765343,0.9511494252873564,False,True,False,broken,broken_up,1.3858520900321545,True,True,0.559748427672956,15,2023,2023-11,2023-W45,True
NQ,2023-11-09,primary_2023_2025,compression,0.5525210084033614,0.3782428602572487,False,True,primary_2023_2025,standard,0.6263537906137184,1.7146974063400575,False,True,True,broken,broken_up,2.70404984423676,True,True,0.5186335403726708,13,2023,2023-11,2023-W45,True
NQ,2023-11-10,primary_2023_2025,neutral,1.0399159663865547,0.6252732837778749,True,False,primary_2023_2025,standard,1.032490974729242,1.0909090909090908,False,False,False,broken,broken_up,3.304985337243402,True,True,0.5545171339563862,4,2023,2023-11,2023-W45,True
NQ,2023-11-13,primary_2023_2025,neutral,0.7710084033613446,0.4593874833555259,False,True,primary_2023_2025,standard,0.7472924187725631,0.5120772946859904,False,True,False,broken,broken_down,1.0033898305084743,True,False,0.5266457680250783,0,2023,2023-11,2023-W46,True
NQ,2023-11-14,primary_2023_2025,expansion,2.418067226890756,0.5139308301521281,True,False,primary_2023_2025,standard,0.8414179104477612,0.4855875831485587,True,True,True,broken,broken_up,0.9948586118251928,True,True,0.54375,37,2023,2023-11,2023-W46,True
NQ,2023-11-15,primary_2023_2025,neutral,1.2983193277310925,0.3022109114044854,False,False,primary_2023_2025,standard,0.5387523629489603,1.7649122807017543,False,True,True,trapped,trapped,2.1444444444444444,True,True,0.4984520123839009,9,2023,2023-11,2023-W46,True
NQ,2023-11-16,primary_2023_2025,compression,0.494949494949495,0.4237978810105949,True,False,primary_2023_2025,standard,0.759493670886076,1.087179487179487,False,True,True,broken,broken_up,1.3664596273291925,True,True,0.5297805642633229,41,2023,2023-11,2023-W46,True
NQ,2023-11-17,primary_2023_2025,compression,0.5145317545748116,0.2495244489202193,True,False,primary_2023_2025,standard,0.4537131230925738,1.2600896860986548,False,True,True,broken,broken_down,2.13953488372093,True,True,0.5230769230769231,35,2023,2023-11,2023-W46,True
NQ,2023-11-20,primary_2023_2025,neutral,0.8159311087190527,0.6461297480746638,True,False,primary_2023_2025,standard,1.021671826625387,0.604040404040404,False,False,False,broken,broken_up,1.6232558139534885,True,True,0.5440251572327044,7,2023,2023-11,2023-W47,True
NQ,2023-11-21,primary_2023_2025,neutral,1.14519906323185,0.5309169804096739,True,False,primary_2023_2025,standard,0.8586171310629515,0.5817307692307693,False,True,True,broken,broken_down,0.8556962025316456,True,True,0.5078369905956113,27,2023,2023-11,2023-W47,True
NQ,2023-11-22,primary_2023_2025,neutral,1.1830985915492958,0.825400724682184,False,True,primary_2023_2025,standard,1.4267515923566878,0.2767857142857143,True,True,True,broken,broken_up,0.5491071428571429,False,False,0.54375,46,2023,2023-11,2023-W47,True
NQ,2023-11-23,primary_2023_2025,compression,0.4507042253521127,0.1125567322239031,False,False,primary_2023_2025,standard,0.197452229299363,0.5806451612903226,False,True,True,trapped,trapped,0.9859154929577464,True,False,0.4427480916030534,6,2023,2023-11,2023-W47,True
NQ,2023-11-24,primary_2023_2025,compression,0.5109489051094891,0.3608474256616584,True,False,primary_2023_2025,standard,0.6620530565167243,0.3554006968641115,True,True,True,broken,broken_down,0.6904761904761905,True,True,0.5064102564102564,31,2023,2023-11,2023-W47,True
NQ,2023-11-27,primary_2023_2025,neutral,0.8167281672816729,0.465149563475025,True,False,primary_2023_2025,standard,0.7831325301204819,0.8461538461538461,False,False,False,broken,broken_up,1.14375,True,True,0.4952978056426332,18,2023,2023-11,2023-W48,True
NQ,2023-11-28,primary_2023_2025,compression,0.6765067650676507,0.5349671249252839,True,False,primary_2023_2025,standard,0.8689320388349514,1.1536312849162011,False,True,True,trapped,trapped,2.107142857142857,True,True,0.49375,15,2023,2023-11,2023-W48,True
NQ,2023-11-29,primary_2023_2025,expansion,1.4235924932975872,0.9818709209572154,False,True,primary_2023_2025,exhaustion,1.6925,0.4017725258493353,True,True,False,broken,broken_up,0.9655870445344128,True,True,0.544891640866873,0,2023,2023-11,2023-W48,True
NQ,2023-11-30,primary_2023_2025,neutral,0.7640750670241286,0.9650865739426624,True,False,primary_2023_2025,exhaustion,1.7,0.3294117647058823,True,False,False,broken,broken_down,1.0188323917137476,True,True,0.471875,4,2023,2023-11,2023-W48,True
NQ,2023-12-01,primary_2023_2025,neutral,0.932761087267525,0.6800311680952044,False,True,primary_2023_2025,standard,1.1940298507462686,0.95,False,False,False,broken,broken_down,2.066666666666667,True,True,0.5154320987654321,8,2023,2023-12,2023-W48,True
NQ,2023-12-04,primary_2023_2025,expansion,2.1580547112462005,0.9137728075338434,True,False,primary_2023_2025,exhaustion,1.544776119402985,0.6972624798711755,False,True,True,broken,broken_down,1.2678227360308283,True,True,0.5171339563862928,60,2023,2023-12,2023-W49,True
NQ,2023-12-05,primary_2023_2025,neutral,1.167381974248927,1.085579051836018,True,False,primary_2023_2025,exhaustion,1.7132530120481928,0.4331926863572433,True,True,True,broken,broken_up,0.8697068403908795,True,True,0.5031055900621118,54,2023,2023-12,2023-W49,True
NQ,2023-12-06,primary_2023_2025,expansion,1.6709585121602288,0.9497288582734869,False,True,primary_2023_2025,exhaustion,1.56144578313253,0.4984567901234568,True,False,False,broken,broken_both,0.9120370370370372,True,True,0.5292307692307693,2,2023,2023-12,2023-W49,True
NQ,2023-12-07,primary_2023_2025,expansion,1.5978552278820377,0.7006595276930715,True,False,primary_2023_2025,standard,1.1395617070357555,0.7105263157894737,False,False,False,broken,broken_up,1.235159817351598,True,True,0.5266457680250783,6,2023,2023-12,2023-W49,True
NQ,2023-12-08,primary_2023_2025,expansion,1.5298602287166454,0.9724354756159976,True,False,primary_2023_2025,standard,1.4285714285714286,0.5894736842105263,False,False,True,broken,broken_up,0.7774436090225564,True,True,0.5443037974683544,28,2023,2023-12,2023-W49,True
NQ,2023-12-11,primary_2023_2025,expansion,2.411689961880559,0.7391243136702802,True,False,primary_2023_2025,standard,1.1278195488721805,0.940952380952381,False,False,True,broken,broken_up,1.1839622641509433,True,True,0.525,6,2023,2023-12,2023-W50,True
NQ,2023-12-12,primary_2023_2025,neutral,0.9609810479375696,0.6575267717072506,False,True,primary_2023_2025,standard,0.9897330595482546,0.5767634854771784,False,False,False,broken,broken_down,1.2906666666666666,True,True,0.5480769230769231,0,2023,2023-12,2023-W50,True
NQ,2023-12-13,primary_2023_2025,compression,0.4362336114421931,0.3136025088200705,False,True,primary_2023_2025,standard,0.4918032786885246,0.7333333333333333,False,False,False,broken,broken_up,3.841666666666667,True,True,0.5246913580246914,9,2023,2023-12,2023-W50,True
NQ,2023-12-14,primary_2023_2025,neutral,1.1156289707750953,0.6830725277579378,True,False,primary_2023_2025,standard,1.0778688524590163,1.4448669201520912,False,False,True,trapped,trapped,2.1095890410958904,True,True,0.5230769230769231,0,2023,2023-12,2023-W50,True
NQ,2023-12-15,primary_2023_2025,neutral,0.8224076281287247,0.5097009668950503,True,False,primary_2023_2025,standard,0.8048533872598584,1.2537688442211057,False,True,True,broken,broken_up,1.4505813953488371,True,True,0.5094339622641509,32,2023,2023-12,2023-W50,True
NQ,2023-12-18,primary_2023_2025,compression,0.5387365911799762,0.3824993450353681,True,False,primary_2023_2025,standard,0.5904954499494439,0.8047945205479452,False,False,False,broken,broken_up,1.61986301369863,True,True,0.4591194968553459,13,2023,2023-12,2023-W51,True
NQ,2023-12-19,primary_2023_2025,neutral,0.7485101311084624,0.349322545431195,True,False,primary_2023_2025,standard,0.5573770491803278,0.6691176470588235,False,True,True,broken,broken_up,1.1690140845070425,True,True,0.4698412698412698,30,2023,2023-12,2023-W51,True
NQ,2023-12-20,primary_2023_2025,neutral,0.8924302788844621,0.518855985826373,False,True,primary_2023_2025,standard,0.8401639344262295,0.424390243902439,True,True,True,broken,broken_up,3.751497005988024,True,True,0.446875,2,2023,2023-12,2023-W51,True
NQ,2023-12-21,primary_2023_2025,expansion,2.1145374449339207,0.5611563221183045,False,False,primary_2023_2025,standard,0.9604989604989606,0.91991341991342,False,False,True,trapped,trapped,1.3073593073593073,True,False,0.5451713395638629,24,2023,2023-12,2023-W51,True
NQ,2023-12-22,primary_2023_2025,expansion,1.301460823373174,0.3534681031352136,False,True,primary_2023_2025,standard,0.6070686070686071,0.7294520547945206,False,True,True,broken,broken_up,2.650717703349282,True,False,0.5572755417956656,29,2023,2023-12,2023-W51,True
NQ,2023-12-26,primary_2023_2025,compression,0.6936829558998808,0.2815279288502143,False,True,primary_2023_2025,standard,0.4573804573804574,0.5045454545454545,False,False,True,broken,broken_up,1.7233009708737863,True,True,0.5031446540880503,21,2023,2023-12,2023-W52,True
NQ,2023-12-27,primary_2023_2025,compression,0.3194278903456495,0.3599506204924956,False,True,primary_2023_2025,standard,0.5758835758835759,0.8880866425992779,False,True,True,broken,broken_both,1.0036101083032491,True,True,0.5408805031446541,14,2023,2023-12,2023-W52,True
NQ,2023-12-28,primary_2023_2025,compression,0.4481525625744934,0.2893146457502893,True,False,primary_2023_2025,standard,0.4677754677754678,0.7955555555555556,False,False,True,broken,broken_down,1.1866666666666668,True,True,0.5160256410256411,30,2023,2023-12,2023-W52,True
NQ,2023-12-29,primary_2023_2025,compression,0.6905710491367862,0.9055837563451776,True,False,primary_2023_2025,standard,1.4203821656050954,0.585949177877429,False,True,False,trapped,trapped,4.659259259259259,True,True,0.5,1,2023,2023-12,2023-W52,True
NQ,2024-01-02,primary_2023_2025,expansion,2.353253652058433,1.0903832248734635,True,False,primary_2023_2025,exhaustion,1.6008492569002124,0.5278514588859416,False,False,True,broken,broken_down,1.0542264752791068,True,True,0.484472049689441,19,2024,2024-01,2024-W01,True
NQ,2024-01-03,primary_2023_2025,expansion,1.3897497020262215,0.6088830193925071,True,False,primary_2023_2025,standard,0.9279661016949152,0.6415525114155252,False,False,True,broken,broken_down,1.100515463917526,True,True,0.5077881619937694,21,2024,2024-01,2024-W01,True
NQ,2024-01-04,primary_2023_2025,expansion,1.365911799761621,0.7862889122070654,False,True,primary_2023_2025,standard,1.248888888888889,0.6601423487544484,False,True,True,broken,broken_down,1.6416666666666666,True,True,0.562111801242236,38,2024,2024-01,2024-W01,True
NQ,2024-01-05,primary_2023_2025,neutral,1.239080459770115,0.8013762454304352,True,False,primary_2023_2025,standard,1.242222222222222,0.7298747763864043,False,True,True,broken,broken_up,1.473460721868365,True,True,0.5062111801242236,23,2024,2024-01,2024-W01,True
NQ,2024-01-08,primary_2023_2025,neutral,1.250574712643678,1.005227781926811,True,False,primary_2023_2025,standard,1.4955555555555555,0.5616641901931649,False,False,False,broken,broken_up,1.2302158273381294,True,True,0.515625,0,2024,2024-01,2024-W02,True
NQ,2024-01-09,primary_2023_2025,neutral,1.271264367816092,0.7259109894858131,False,False,primary_2023_2025,standard,1.12,0.748015873015873,False,False,False,trapped,trapped,1.8092485549132948,True,True,0.465625,0,2024,2024-01,2024-W02,True
NQ,2024-01-10,primary_2023_2025,neutral,0.9195402298850576,0.5603385378666278,False,True,primary_2023_2025,standard,0.8533333333333334,0.78125,False,False,False,broken,broken_down,1.789655172413793,True,True,0.4511041009463722,0,2024,2024-01,2024-W02,True
NQ,2024-01-11,primary_2023_2025,expansion,1.58604091456077,1.5239726027397262,True,False,primary_2023_2025,exhaustion,2.518867924528302,0.6863295880149812,False,True,True,broken,broken_down,1.0536529680365296,True,True,0.5535168195718655,19,2024,2024-01,2024-W02,True
NQ,2024-01-12,primary_2023_2025,expansion,1.3563766388557807,0.686718126164493,False,True,primary_2023_2025,standard,1.2169811320754718,0.5542635658914729,False,False,True,broken,broken_up,0.7668997668997669,True,False,0.5271565495207667,9,2024,2024-01,2024-W02,True
NQ,2024-01-15,primary_2023_2025,neutral,0.736275565123789,0.2260881337575306,False,True,primary_2023_2025,standard,0.3711111111111111,0.592814371257485,False,True,True,broken,broken_down,0.825,True,False,0.4296296296296296,0,2024,2024-01,2024-W03,True
NQ,2024-01-16,primary_2023_2025,expansion,1.3775280898876403,1.0154086487254137,True,False,primary_2023_2025,exhaustion,1.6863207547169812,0.7230769230769231,False,True,True,broken,broken_up,1.1546218487394957,True,True,0.562111801242236,35,2024,2024-01,2024-W03,True
NQ,2024-01-17,primary_2023_2025,expansion,1.3741496598639455,0.8571428571428571,False,True,primary_2023_2025,standard,1.3666666666666667,0.7024390243902439,False,False,True,broken,broken_down,1.0276422764227642,True,False,0.4828660436137071,13,2024,2024-01,2024-W03,True
NQ,2024-01-18,primary_2023_2025,expansion,1.5549399815327791,0.55858310626703,True,False,primary_2023_2025,standard,0.8488612836438924,1.5585365853658537,False,True,True,broken,broken_up,2.6948529411764706,True,True,0.5031055900621118,20,2024,2024-01,2024-W03,True
NQ,2024-01-19,primary_2023_2025,neutral,1.0793072014585232,0.531557247066286,True,False,primary_2023_2025,standard,0.8674948240165632,1.6062052505966586,False,False,False,trapped,trapped,3.838345864661654,True,True,0.4641744548286604,3,2024,2024-01,2024-W03,True
NQ,2024-01-22,primary_2023_2025,neutral,0.8306595365418895,0.7063511229171697,False,True,primary_2023_2025,standard,1.2111801242236024,0.5452991452991452,False,False,True,broken,broken_up,0.7837837837837838,True,True,0.5139318885448917,0,2024,2024-01,2024-W04,True
NQ,2024-01-23,primary_2023_2025,neutral,0.7657247037374658,0.3734094422642407,False,True,primary_2023_2025,standard,0.615686274509804,0.8471337579617835,False,True,True,broken,broken_down,1.4203821656050954,True,True,0.45,30,2024,2024-01,2024-W04,True
NQ,2024-01-24,primary_2023_2025,neutral,1.0373746581586143,0.6072151446600786,True,False,primary_2023_2025,standard,1.0,0.7607843137254902,False,False,False,broken,broken_up,2.3251533742331287,True,True,0.4785276073619632,10,2024,2024-01,2024-W04,True
NQ,2024-01-25,primary_2023_2025,neutral,0.983957219251337,0.4047198312717323,False,True,primary_2023_2025,standard,0.6920077972709552,2.047887323943662,False,True,True,broken,broken_up,2.456140350877193,True,True,0.4754601226993865,27,2024,2024-01,2024-W04,True
NQ,2024-01-26,primary_2023_2025,neutral,1.0374331550802138,0.5919811320754716,False,True,primary_2023_2025,standard,0.9785575048732944,1.0239043824701195,False,True,True,trapped,trapped,1.6474358974358974,True,True,0.4674922600619195,30,2024,2024-01,2024-W04,True
NQ,2024-01-29,primary_2023_2025,neutral,0.9420035149384886,0.3081943437273386,False,False,primary_2023_2025,standard,0.4970760233918128,0.8627450980392157,False,False,False,trapped,trapped,3.417391304347826,True,True,0.5345911949685535,12,2024,2024-01,2024-W05,True
NQ,2024-01-30,primary_2023_2025,compression,0.6362038664323374,0.3321167883211678,True,False,primary_2023_2025,standard,0.5384615384615384,1.468864468864469,False,False,True,broken,broken_down,1.750915750915751,True,True,0.5271565495207667,7,2024,2024-01,2024-W05,True
NQ,2024-01-31,primary_2023_2025,neutral,0.962566844919786,0.6549868315584565,False,True,primary_2023_2025,standard,1.1371769383697814,0.5874125874125874,False,True,True,broken,broken_down,2.3364055299539173,True,True,0.4891640866873065,12,2024,2024-01,2024-W05,True
NQ,2024-02-01,primary_2023_2025,neutral,0.7312217194570135,0.513584366062917,False,True,primary_2023_2025,standard,0.8500986193293886,1.248259860788863,False,True,True,broken,broken_up,1.906801007556675,True,True,0.4658385093167702,14,2024,2024-02,2024-W05,True
NQ,2024-02-02,primary_2023_2025,neutral,1.167883211678832,0.9521084854380042,True,False,primary_2023_2025,exhaustion,1.654075546719682,0.4423076923076923,True,False,False,broken,broken_down,1.4321766561514195,True,True,0.4984423676012461,2,2024,2024-02,2024-W05,True
NQ,2024-02-05,primary_2023_2025,compression,0.5447963800904977,0.8649415101028005,True,False,primary_2023_2025,standard,1.4552683896620278,0.610655737704918,False,True,True,broken,broken_down,1.401098901098901,True,True,0.4875,17,2024,2024-02,2024-W06,True
NQ,2024-02-06,primary_2023_2025,neutral,0.7131221719457014,0.7982574910225466,True,False,primary_2023_2025,standard,1.3479125248508943,0.6047197640117994,False,False,False,broken,broken_down,0.6076696165191741,True,True,0.4984423676012461,0,2024,2024-02,2024-W06,True
NQ,2024-02-07,primary_2023_2025,neutral,1.0970695970695972,0.7123785718343464,True,False,primary_2023_2025,standard,1.2391304347826086,0.5087719298245614,False,False,True,broken,broken_up,0.6459731543624161,True,True,0.5264797507788161,0,2024,2024-02,2024-W06,True
NQ,2024-02-08,primary_2023_2025,compression,0.5013380909901873,0.3829928952042629,True,False,primary_2023_2025,standard,0.672514619883041,0.5478260869565217,False,False,True,broken,broken_up,1.25,True,True,0.5372670807453416,10,2024,2024-02,2024-W06,True
NQ,2024-02-09,primary_2023_2025,neutral,0.8772893772893773,0.604160729552579,True,False,primary_2023_2025,standard,1.0474308300395256,0.5867924528301887,False,False,False,trapped,trapped,1.1556728232189974,True,True,0.534375,0,2024,2024-02,2024-W06,True
NQ,2024-02-12,primary_2023_2025,compression,0.4182156133828996,0.4422604422604422,True,False,primary_2023_2025,standard,0.7114624505928854,1.4416666666666669,False,True,True,trapped,trapped,4.234285714285714,True,True,0.4664536741214057,5,2024,2024-02,2024-W07,True
NQ,2024-02-13,primary_2023_2025,expansion,2.58364312267658,1.036203955266317,False,True,primary_2023_2025,exhaustion,1.6205533596837944,0.5902439024390244,False,True,True,broken,broken_down,1.6009615384615383,True,True,0.5109034267912772,9,2024,2024-02,2024-W07,True
NQ,2024-02-14,primary_2023_2025,neutral,1.0594795539033457,0.6690058479532164,False,True,primary_2023_2025,standard,1.1304347826086956,0.8671328671328671,False,True,True,broken,broken_up,1.8918269230769231,True,True,0.5202492211838006,26,2024,2024-02,2024-W07,True
NQ,2024-02-15,primary_2023_2025,compression,0.6654275092936803,0.5671710754302876,True,False,primary_2023_2025,standard,0.9703557312252964,0.9735234215885948,False,True,True,broken,broken_down,1.4352941176470588,True,True,0.5327102803738317,17,2024,2024-02,2024-W07,True
NQ,2024-02-16,primary_2023_2025,neutral,0.9694581280788176,0.9841746563474644,True,False,primary_2023_2025,exhaustion,1.683794466403162,0.4225352112676056,True,True,True,broken,broken_down,0.8509389671361502,False,False,0.5108359133126935,18,2024,2024-02,2024-W07,True
NQ,2024-02-19,primary_2023_2025,compression,0.6364572605561277,0.1657000828500414,False,True,primary_2023_2025,standard,0.2692307692307692,0.5571428571428572,False,True,True,broken,broken_up,0.768,True,False,0.6029411764705882,6,2024,2024-02,2024-W08,True
NQ,2024-02-20,primary_2023_2025,expansion,1.474768280123584,1.1527240250074426,True,False,primary_2023_2025,exhaustion,1.9130434782608696,0.5010330578512396,False,False,True,broken,broken_down,0.7346938775510204,True,True,0.454828660436137,28,2024,2024-02,2024-W08,True
NQ,2024-02-21,primary_2023_2025,neutral,0.8521400778210116,0.3526390870185449,False,True,primary_2023_2025,standard,0.5942307692307692,1.1132686084142396,False,False,True,broken,broken_down,2.197411003236246,True,True,0.4890965732087227,28,2024,2024-02,2024-W08,True
NQ,2024-02-22,primary_2023_2025,expansion,2.057672502574665,0.4864511916421808,True,False,primary_2023_2025,standard,0.8662790697674418,1.080536912751678,False,False,False,broken,broken_up,1.807058823529412,True,True,0.4507936507936508,13,2024,2024-02,2024-W08,True
NQ,2024-02-23,primary_2023_2025,neutral,0.937178166838311,0.8679986898132984,False,True,primary_2023_2025,exhaustion,1.5406976744186047,0.3874213836477987,True,True,True,broken,broken_up,1.2574257425742574,True,True,0.5046439628482973,0,2024,2024-02,2024-W08,True
NQ,2024-02-26,primary_2023_2025,neutral,0.9079229122055674,0.4037636969985707,False,True,primary_2023_2025,standard,0.6152450090744102,0.935103244837758,False,False,True,broken,broken_up,1.0176991150442478,True,True,0.4627329192546583,37,2024,2024-02,2024-W09,True
NQ,2024-02-27,primary_2023_2025,neutral,1.0100783874580068,0.4553938036580813,False,False,primary_2023_2025,standard,0.6642468239564429,1.1065573770491803,False,False,True,trapped,trapped,1.3387978142076502,True,True,0.5217391304347826,23,2024,2024-02,2024-W09,True
NQ,2024-02-28,primary_2023_2025,neutral,1.1258278145695364,0.4478981827081931,False,True,primary_2023_2025,standard,0.6642468239564429,0.8852459016393442,False,True,True,broken,broken_down,1.2907801418439715,True,False,0.4720496894409938,42,2024,2024-02,2024-W09,True
NQ,2024-02-29,primary_2023_2025,expansion,1.8454746136865343,0.5214175654853621,False,True,primary_2023_2025,standard,0.8285994123408423,1.4373522458628842,False,True,True,broken,broken_up,2.308743169398907,True,True,0.4794952681388013,33,2024,2024-02,2024-W09,True
NQ,2024-03-01,primary_2023_2025,neutral,1.1434689507494646,0.7137698603755417,True,False,primary_2023_2025,standard,1.1616062683643489,0.9409780775716696,False,False,False,broken,broken_up,2.2233009708737863,True,True,0.5345911949685535,0,2024,2024-03,2024-W09,True
NQ,2024-03-04,primary_2023_2025,compression,0.5738758029978587,0.2603762317109585,True,False,primary_2023_2025,standard,0.4270323212536728,1.0504587155963303,False,False,True,broken,broken_down,1.7293577981651376,True,True,0.5360501567398119,69,2024,2024-03,2024-W10,True
NQ,2024-03-05,primary_2023_2025,neutral,1.23982869379015,1.0845830833833234,True,False,primary_2023_2025,exhaustion,1.927505330490405,0.454646017699115,True,False,False,broken,broken_down,0.7978142076502732,True,True,0.4814814814814814,0,2024,2024-03,2024-W10,True
NQ,2024-03-06,primary_2023_2025,expansion,1.345005149330587,0.7239216121689891,False,True,primary_2023_2025,standard,1.3901918976545842,0.8819018404907976,False,False,True,broken,broken_up,1.1641104294478528,True,True,0.5015384615384615,40,2024,2024-03,2024-W10,True
NQ,2024-03-07,primary_2023_2025,expansion,2.247167868177137,0.7684674751929438,True,False,primary_2023_2025,standard,1.4861407249466951,0.5753228120516499,False,False,False,broken,broken_up,1.1791666666666667,True,True,0.4937106918238994,0,2024,2024-03,2024-W10,True
NQ,2024-03-08,primary_2023_2025,expansion,1.311377245508982,1.073935936814392,True,False,primary_2023_2025,exhaustion,1.9177277179236043,0.8937691521961185,False,False,False,broken,broken_up,2.889267461669506,True,True,0.5107692307692308,9,2024,2024-03,2024-W10,True
NQ,2024-03-11,primary_2023_2025,expansion,2.519157088122605,0.5329265191965421,False,False,primary_2023_2025,standard,0.9858889934148636,0.7022900763358778,False,True,True,trapped,trapped,0.9841628959276018,True,False,0.5046728971962616,13,2024,2024-03,2024-W11,True
NQ,2024-03-12,primary_2023_2025,neutral,1.2826086956521738,1.1863786158916148,True,False,primary_2023_2025,exhaustion,2.06934306569343,0.4673721340388007,True,True,True,broken,broken_down,0.8680465717981889,True,True,0.5372670807453416,0,2024,2024-03,2024-W11,True
NQ,2024-03-13,primary_2023_2025,compression,0.6865942028985508,0.5060769077505479,True,False,primary_2023_2025,standard,0.927007299270073,0.9173228346456692,False,True,True,broken,broken_down,0.9645669291338582,True,True,0.503125,29,2024,2024-03,2024-W11,True
NQ,2024-03-14,primary_2023_2025,compression,0.6954022988505747,0.7631643399461181,True,False,primary_2023_2025,exhaustion,1.5096899224806202,0.5314505776636713,False,True,True,broken,broken_down,0.9281129653401796,True,True,0.4984326018808777,52,2024,2024-03,2024-W11,True
NQ,2024-03-15,primary_2023_2025,expansion,1.4770114942528736,0.5707561047366873,True,False,primary_2023_2025,standard,1.0420769919427038,0.7164948453608248,False,False,False,broken,broken_down,1.1391752577319587,True,True,0.50625,15,2024,2024-03,2024-W11,True
NQ,2024-03-18,primary_2023_2025,expansion,1.6801437556154537,0.4360878495812924,True,False,primary_2023_2025,standard,0.7486437613019892,0.8260869565217391,False,True,False,broken,broken_up,1.5555555555555556,True,False,0.514018691588785,2,2024,2024-03,2024-W12,True
NQ,2024-03-19,primary_2023_2025,neutral,1.1363636363636365,0.4129824196400707,False,True,primary_2023_2025,standard,0.7179023508137432,1.561712846347607,False,True,False,broken,broken_down,2.231738035264484,True,True,0.490625,3,2024,2024-03,2024-W12,True
NQ,2024-03-20,primary_2023_2025,compression,0.6737012987012987,0.3566942979150967,False,True,primary_2023_2025,standard,0.687984496124031,0.5774647887323944,False,False,True,broken,broken_up,2.850704225352113,True,True,0.5,46,2024,2024-03,2024-W12,True
NQ,2024-03-21,primary_2023_2025,neutral,1.0974025974025974,0.3513656218499495,False,True,primary_2023_2025,standard,0.7093023255813954,1.040983606557377,False,False,True,broken,broken_up,1.867469879518072,True,False,0.4796238244514106,24,2024,2024-03,2024-W12,True
NQ,2024-03-22,primary_2023_2025,neutral,0.7467532467532467,0.2474423031168213,False,False,primary_2023_2025,standard,0.5038759689922481,1.5,False,False,True,trapped,trapped,1.9,True,True,0.5109034267912772,7,2024,2024-03,2024-W12,True
NQ,2024-03-25,primary_2023_2025,neutral,0.939935064935065,0.5122270302908323,False,True,primary_2023_2025,standard,1.0934479054779809,0.3634577603143418,True,False,False,broken,broken_down,0.5717092337917485,True,False,0.5295950155763239,0,2024,2024-03,2024-W13,True
NQ,2024-03-26,primary_2023_2025,compression,0.663961038961039,0.3112596615834552,False,False,primary_2023_2025,standard,0.5860373647984267,0.7953020134228188,False,False,True,trapped,trapped,2.471074380165289,True,True,0.54858934169279,3,2024,2024-03,2024-W13,True
NQ,2024-03-27,primary_2023_2025,compression,0.6737012987012987,0.7843336208208614,True,False,primary_2023_2025,exhaustion,1.52015732546706,0.3247089262613195,True,True,True,broken,broken_both,0.6054333764553687,False,False,0.5327102803738317,1,2024,2024-03,2024-W13,True
NQ,2024-03-28,primary_2023_2025,compression,0.4448051948051948,0.3307126553385747,False,True,primary_2023_2025,standard,0.6311713455953534,0.7975460122699386,False,True,True,broken,broken_both,0.8619631901840491,True,True,0.5109034267912772,40,2024,2024-03,2024-W13,True
NQ,2024-04-01,primary_2023_2025,neutral,0.92573402417962,0.8010192776423665,True,False,primary_2023_2025,standard,1.3998063891577928,0.4246196403872752,True,False,False,trapped,trapped,1.022088353413655,True,True,0.5047021943573667,0,2024,2024-04,2024-W14,True
NQ,2024-04-02,primary_2023_2025,expansion,1.6718480138169258,0.4247579935464945,True,False,primary_2023_2025,standard,0.7008712487899322,0.7817679558011049,False,True,True,broken,broken_down,1.5441988950276244,True,False,0.534375,19,2024,2024-04,2024-W14,True
NQ,2024-04-03,primary_2023_2025,neutral,0.7305194805194806,1.015252908904564,True,False,primary_2023_2025,exhaustion,1.6302032913843176,0.3871733966745843,True,True,False,broken,broken_up,0.8310055865921788,True,True,0.5403726708074534,3,2024,2024-04,2024-W14,True
NQ,2024-04-04,primary_2023_2025,neutral,1.12987012987013,0.4333681173654165,False,True,primary_2023_2025,standard,0.6834462729912875,0.8980169971671388,False,False,True,broken,broken_up,6.123076923076923,True,True,0.559375,6,2024,2024-04,2024-W14,True
NQ,2024-04-05,primary_2023_2025,neutral,0.8980582524271845,1.0037385295117254,True,False,primary_2023_2025,exhaustion,1.7423795476892825,0.6139954853273137,False,False,False,broken,broken_up,1.4383333333333332,True,True,0.4796238244514106,0,2024,2024-04,2024-W14,True
NQ,2024-04-08,primary_2023_2025,neutral,0.8871252204585538,0.639685930373535,False,True,primary_2023_2025,standard,1.0894788593903637,0.6028880866425993,False,True,True,broken,broken_down,1.1951807228915663,True,True,0.4953560371517028,60,2024,2024-04,2024-W15,True
NQ,2024-04-09,primary_2023_2025,neutral,1.0412465627864345,1.1626108169215208,True,False,primary_2023_2025,exhaustion,1.92133726647001,0.3920163766632548,True,True,True,broken,broken_up,1.520446096654275,True,True,0.5,1,2024,2024-04,2024-W15,True
NQ,2024-04-10,primary_2023_2025,expansion,3.085242896425298,0.6111211956192897,False,False,primary_2023_2025,standard,0.993117010816126,0.8732673267326733,False,True,True,trapped,trapped,1.1970074812967582,True,False,0.5266457680250783,60,2024,2024-04,2024-W15,True
NQ,2024-04-11,primary_2023_2025,expansion,1.453712190650779,0.4790819452955267,False,False,primary_2023_2025,standard,0.8489634748272458,1.8790697674418604,False,True,False,trapped,trapped,3.0334928229665072,True,True,0.5372670807453416,9,2024,2024-04,2024-W15,True
NQ,2024-04-12,primary_2023_2025,expansion,1.659839715048976,0.6437768240343348,True,False,primary_2023_2025,standard,1.2834224598930482,1.115,False,False,True,broken,broken_down,2.0236686390532546,True,True,0.5109034267912772,0,2024,2024-04,2024-W15,True
NQ,2024-04-15,primary_2023_2025,expansion,1.4228421970357454,0.7921443853200943,False,False,primary_2023_2025,exhaustion,1.544385026737968,1.9390581717451525,False,False,False,trapped,trapped,2.7550675675675675,True,True,0.531055900621118,0,2024,2024-04,2024-W16,True
NQ,2024-04-16,primary_2023_2025,neutral,0.8823016564952049,0.4437465174003343,False,True,primary_2023_2025,standard,0.9368983957219252,1.082191780821918,False,True,True,broken,broken_up,1.552511415525114,True,True,0.531055900621118,44,2024,2024-04,2024-W16,True
NQ,2024-04-17,primary_2023_2025,expansion,1.357079252003562,0.7844314372905098,True,False,primary_2023_2025,exhaustion,1.662778366914104,0.8061224489795918,False,False,False,trapped,trapped,1.6099173553719008,True,True,0.5462962962962963,0,2024,2024-04,2024-W16,True
NQ,2024-04-18,primary_2023_2025,neutral,0.7640249332146037,0.7317993210109393,False,True,primary_2023_2025,exhaustion,1.5305719921104537,0.9201030927835052,False,True,True,broken,broken_down,1.7712031558185404,True,True,0.5138461538461538,11,2024,2024-04,2024-W16,True
NQ,2024-04-19,primary_2023_2025,expansion,2.646482635796972,0.6903172317493564,False,False,primary_2023_2025,standard,1.4882408278457198,0.7433628318584071,False,False,False,trapped,trapped,1.755681818181818,True,True,0.4827586206896552,0,2024,2024-04,2024-W16,True
NQ,2024-04-22,primary_2023_2025,neutral,0.8441674087266251,0.6231378224227462,False,True,primary_2023_2025,standard,1.268630849220104,1.1639344262295082,False,True,True,broken,broken_both,2.006700167504188,True,True,0.515527950310559,10,2024,2024-04,2024-W17,True
NQ,2024-04-23,primary_2023_2025,neutral,1.0739091718610865,0.6371521354873186,True,False,primary_2023_2025,standard,1.172465960665658,0.4154838709677419,True,False,False,broken,broken_up,0.7388535031847133,True,True,0.5214723926380368,0,2024,2024-04,2024-W17,True
NQ,2024-04-24,primary_2023_2025,compression,0.6447016918967052,0.498593310409503,True,False,primary_2023_2025,standard,0.8830449826989619,0.8652037617554859,False,True,False,broken,broken_up,2.083333333333333,True,True,0.528125,0,2024,2024-04,2024-W17,True
NQ,2024-04-25,primary_2023_2025,expansion,1.3748886910062332,0.4227927173002209,False,True,primary_2023_2025,standard,0.7681660899653979,1.6,False,False,True,broken,broken_down,1.8972972972972968,True,True,0.51875,13,2024,2024-04,2024-W17,True
NQ,2024-04-26,primary_2023_2025,neutral,1.0281810418445774,0.6437087070461004,True,False,primary_2023_2025,standard,1.2823529411764707,0.3589449541284403,True,False,False,broken,broken_both,0.6981132075471698,True,True,0.5541795665634675,0,2024,2024-04,2024-W17,True
NQ,2024-04-29,primary_2023_2025,compression,0.5029045643153527,0.3778377520241308,False,True,primary_2023_2025,standard,0.6588235294117647,0.7289915966386554,False,True,True,broken,broken_both,1.1785714285714286,True,True,0.4984423676012461,55,2024,2024-04,2024-W18,True
NQ,2024-04-30,primary_2023_2025,neutral,0.8614107883817428,0.4696721311475409,True,False,primary_2023_2025,standard,0.8426470588235294,0.7015706806282722,False,False,False,trapped,trapped,4.424561403508772,True,True,0.4892307692307692,5,2024,2024-04,2024-W18,True
NQ,2024-05-01,primary_2023_2025,neutral,0.8017094017094017,0.3260532837670384,False,False,primary_2023_2025,standard,0.6191176470588236,0.7909738717339667,False,True,True,trapped,trapped,4.294277929155314,True,True,0.5046439628482973,23,2024,2024-05,2024-W18,True
NQ,2024-05-02,primary_2023_2025,neutral,0.9076923076923076,0.6444163003799449,False,True,primary_2023_2025,standard,1.3974151857835218,0.5919075144508671,False,True,True,broken,broken_down,1.115606936416185,True,True,0.5093167701863354,16,2024,2024-05,2024-W18,True
NQ,2024-05-03,primary_2023_2025,expansion,1.7702582368655386,0.4544794540438507,False,True,primary_2023_2025,standard,0.9205882352941176,0.3929712460063898,True,True,True,broken,broken_up,0.8466453674121406,False,False,0.5124223602484472,10,2024,2024-05,2024-W18,True
NQ,2024-05-06,primary_2023_2025,compression,0.6461538461538462,0.2307692307692307,True,False,primary_2023_2025,standard,0.4699367088607595,0.8754208754208754,False,False,True,broken,broken_up,1.7643097643097645,True,True,0.534375,18,2024,2024-05,2024-W19,True
NQ,2024-05-07,primary_2023_2025,compression,0.4273504273504273,0.2617717478052673,True,False,primary_2023_2025,standard,0.5189873417721519,1.0091463414634143,False,True,True,broken,broken_up,1.8387096774193548,True,True,0.490506329113924,25,2024,2024-05,2024-W19,True
NQ,2024-05-08,primary_2023_2025,neutral,1.0185348631950573,0.5221619897959183,False,True,primary_2023_2025,standard,1.068515497553018,0.3312977099236641,True,True,True,trapped,trapped,0.7811320754716982,True,True,0.534375,10,2024,2024-05,2024-W19,True
NQ,2024-05-09,primary_2023_2025,neutral,0.7707581227436823,0.4161888987981484,True,False,primary_2023_2025,standard,0.7753164556962026,0.5489795918367347,False,True,True,trapped,trapped,0.9291338582677166,True,True,0.5078369905956113,1,2024,2024-05,2024-W19,True
NQ,2024-05-10,primary_2023_2025,neutral,0.7104761904761905,0.5470056158100056,False,True,primary_2023_2025,standard,1.009493670886076,0.384012539184953,True,True,False,broken,broken_up,0.673469387755102,True,True,0.5158227848101266,0,2024,2024-05,2024-W19,True
NQ,2024-05-13,primary_2023_2025,neutral,0.8312195121951219,0.3294279131329967,False,True,primary_2023_2025,standard,0.5266457680250783,0.8869047619047619,False,True,True,broken,broken_up,0.8869047619047619,True,False,0.583596214511041,66,2024,2024-05,2024-W20,True
NQ,2024-05-14,primary_2023_2025,neutral,1.1693877551020408,0.4421340054610376,True,False,primary_2023_2025,standard,0.6661392405063291,0.5771971496437055,False,True,True,broken,broken_up,1.4228028503562946,True,True,0.50920245398773,40,2024,2024-05,2024-W20,True
NQ,2024-05-15,primary_2023_2025,neutral,1.2467270896273916,0.6264501160092808,True,False,primary_2023_2025,standard,0.9825949367088608,0.6859903381642513,False,False,False,trapped,trapped,1.87467362924282,True,True,0.5125786163522013,0,2024,2024-05,2024-W20,True
NQ,2024-05-16,primary_2023_2025,compression,0.4874118831822759,0.3548048573284693,True,False,primary_2023_2025,standard,0.5693664795509222,0.9549295774647888,False,True,True,broken,broken_down,2.294117647058824,True,True,0.4810126582278481,35,2024,2024-05,2024-W20,True
NQ,2024-05-17,primary_2023_2025,compression,0.5619335347432024,0.2402977139819245,False,False,primary_2023_2025,standard,0.3785594639865997,0.9424778761061948,False,True,True,trapped,trapped,2.8085106382978724,True,True,0.492063492063492,31,2024,2024-05,2024-W20,True
NQ,2024-05-20,primary_2023_2025,compression,0.47932131495228,0.681492555908553,True,False,primary_2023_2025,standard,0.9698581560283688,0.4588665447897623,True,True,False,broken,broken_up,0.7099391480730223,True,True,0.5233644859813084,2,2024,2024-05,2024-W21,True
NQ,2024-05-21,primary_2023_2025,neutral,0.7388392857142857,0.4340927841594212,False,True,primary_2023_2025,standard,0.6206896551724138,0.5175438596491229,False,False,False,broken,broken_down,1.5233644859813085,True,True,0.4857142857142857,0,2024,2024-05,2024-W21,True
NQ,2024-05-22,primary_2023_2025,compression,0.6471277842907386,0.2484163457955533,True,False,primary_2023_2025,standard,0.3857280617164899,1.83,False,True,True,broken,broken_up,3.511363636363636,True,True,0.490506329113924,35,2024,2024-05,2024-W21,True
NQ,2024-05-23,primary_2023_2025,expansion,1.6881594372801876,0.8700367536301741,False,True,primary_2023_2025,standard,1.494824016563147,1.2313019390581716,False,False,True,broken,broken_down,2.1591695501730106,True,True,0.4382716049382716,21,2024,2024-05,2024-W21,True
NQ,2024-05-24,primary_2023_2025,neutral,0.8698710433763188,0.9113119960908868,True,False,primary_2023_2025,exhaustion,1.544513457556936,0.2225201072386059,True,False,False,broken,broken_up,1.066350710900474,True,True,0.4906832298136646,0,2024,2024-05,2024-W21,True
NQ,2024-05-27,primary_2023_2025,compression,0.5522388059701493,0.2924508500664661,True,False,primary_2023_2025,standard,0.432712215320911,0.6267942583732058,False,False,False,broken,broken_up,2.2285714285714286,True,True,0.4929577464788732,1,2024,2024-05,2024-W22,True
NQ,2024-05-28,primary_2023_2025,neutral,0.9502487562189056,0.5820461159614955,False,True,primary_2023_2025,standard,0.8562019758507134,0.5461538461538461,False,True,True,broken,broken_down,1.2923076923076924,True,True,0.4720496894409938,21,2024,2024-05,2024-W22,True
NQ,2024-05-29,primary_2023_2025,expansion,2.0473684210526315,0.6899055918663762,False,False,primary_2023_2025,standard,1.1282660332541568,0.5178947368421053,False,False,True,trapped,trapped,0.8875878220140515,True,False,0.5286624203821656,6,2024,2024-05,2024-W22,True
NQ,2024-05-30,primary_2023_2025,expansion,1.3605263157894736,0.8452337803552011,False,True,primary_2023_2025,standard,1.3013392857142858,0.4236706689536878,True,True,True,trapped,trapped,2.1436950146627565,True,True,0.5186335403726708,0,2024,2024-05,2024-W22,True
NQ,2024-05-31,primary_2023_2025,expansion,1.9289473684210523,1.6694306246545052,True,False,primary_2023_2025,exhaustion,2.696428571428572,0.4163907284768212,True,True,False,broken,broken_down,1.661662817551963,True,True,0.4551083591331269,2,2024,2024-05,2024-W22,True
NQ,2024-06-03,primary_2023_2025,expansion,1.8657894736842104,0.993893724827855,False,True,primary_2023_2025,exhaustion,1.7075892857142858,1.05359477124183,False,False,False,broken,broken_up,2.418181818181818,True,True,0.4722222222222222,1,2024,2024-06,2024-W23,True
NQ,2024-06-04,primary_2023_2025,expansion,1.641089108910891,0.4801995634549423,False,False,primary_2023_2025,standard,0.7979274611398963,0.8467532467532467,False,True,True,trapped,trapped,1.896103896103896,True,True,0.468944099378882,28,2024,2024-06,2024-W23,True
NQ,2024-06-05,primary_2023_2025,expansion,1.477139507620164,0.8628568037505193,True,False,primary_2023_2025,exhaustion,1.5067357512953368,0.4044016506189821,True,False,False,broken,broken_up,1.9946808510638296,True,True,0.4582043343653251,0,2024,2024-06,2024-W23,True
NQ,2024-06-06,primary_2023_2025,compression,0.6330597889800703,0.3694894629127717,False,True,primary_2023_2025,standard,0.6922279792746114,0.6616766467065869,False,True,True,broken,broken_down,1.0688622754491015,True,True,0.4968944099378882,35,2024,2024-06,2024-W23,True
NQ,2024-06-07,primary_2023_2025,expansion,2.047029702970297,0.5741516908767296,False,False,primary_2023_2025,standard,1.1160714285714286,0.792,False,False,False,trapped,trapped,2.179310344827586,True,True,0.4751552795031056,29,2024,2024-06,2024-W23,True
NQ,2024-06-10,primary_2023_2025,neutral,0.7253446447507953,0.5450051244950865,True,False,primary_2023_2025,standard,1.0089285714285714,0.5951327433628318,False,False,False,trapped,trapped,1.799163179916318,True,True,0.4875,0,2024,2024-06,2024-W24,True
NQ,2024-06-11,primary_2023_2025,neutral,0.7474972191323693,0.6850138204542723,True,False,primary_2023_2025,standard,1.2297734627831716,0.724561403508772,False,False,True,broken,broken_down,1.904392764857881,True,True,0.50625,0,2024,2024-06,2024-W24,True
NQ,2024-06-12,primary_2023_2025,expansion,2.393094289508632,0.7836883471921632,True,False,primary_2023_2025,standard,1.4112820512820512,0.2674418604651162,True,True,False,broken,broken_up,0.9202363367799112,True,True,0.49375,15,2024,2024-06,2024-W24,True
NQ,2024-06-13,primary_2023_2025,neutral,1.155378486055777,0.5563958513396715,True,False,primary_2023_2025,standard,1.0564102564102564,0.8466019417475729,False,False,True,broken,broken_down,1.0271844660194174,True,True,0.473186119873817,5,2024,2024-06,2024-W24,True
NQ,2024-06-14,primary_2023_2025,expansion,1.5373317013463892,0.390541408089022,False,False,primary_2023_2025,standard,0.7192118226600985,1.2356164383561643,False,False,True,trapped,trapped,1.4136986301369865,True,True,0.4351851851851852,23,2024,2024-06,2024-W24,True
NQ,2024-06-17,primary_2023_2025,expansion,2.880252100840336,0.5160142348754448,False,True,primary_2023_2025,standard,0.9142857142857144,2.0323275862068964,False,False,False,trapped,trapped,4.075,True,True,0.5030864197530864,2,2024,2024-06,2024-W25,True
NQ,2024-06-18,primary_2023_2025,neutral,0.7860262008733624,0.3982683982683982,True,False,primary_2023_2025,standard,0.7548717948717949,0.8478260869565217,False,True,True,trapped,trapped,1.8721461187214608,True,True,0.5611285266457681,67,2024,2024-06,2024-W25,True
NQ,2024-06-19,primary_2023_2025,compression,0.3248908296943231,0.1231291794926228,False,True,primary_2023_2025,standard,0.2379487179487179,0.6982758620689655,False,False,True,broken,broken_up,1.434782608695652,True,False,0.5407407407407407,15,2024,2024-06,2024-W25,True
NQ,2024-06-20,primary_2023_2025,neutral,1.0026200873362443,0.6182594767752269,True,False,primary_2023_2025,standard,1.1876923076923076,1.7461139896373057,False,False,True,broken,broken_down,1.8687392055267704,True,True,0.4615384615384615,8,2024,2024-06,2024-W25,True
NQ,2024-06-21,primary_2023_2025,neutral,1.013748854262145,0.5157825404063434,False,True,primary_2023_2025,standard,1.044102564102564,0.9842829076620824,False,False,True,broken,broken_down,1.1406593406593406,True,False,0.4877300613496932,30,2024,2024-06,2024-W25,True
NQ,2024-06-24,primary_2023_2025,neutral,0.9565217391304348,0.7399936298970167,False,True,primary_2023_2025,standard,1.4297435897435895,0.793400286944046,False,False,True,broken,broken_down,1.5592233009708738,True,True,0.541795665634675,5,2024,2024-06,2024-W26,True
NQ,2024-06-25,primary_2023_2025,neutral,0.8873114463176575,0.6609226742283782,True,False,primary_2023_2025,standard,1.2011892963330029,0.8597359735973598,False,True,True,broken,broken_up,1.3569739952718676,True,True,0.5108359133126935,3,2024,2024-06,2024-W26,True
NQ,2024-06-26,primary_2023_2025,neutral,1.2031943212067435,0.4713060859502394,False,False,primary_2023_2025,standard,0.875,0.828125,False,False,True,trapped,trapped,1.107398568019093,True,False,0.4922600619195046,84,2024,2024-06,2024-W26,True
NQ,2024-06-27,primary_2023_2025,neutral,0.9494232475598936,0.5983690662634336,False,True,primary_2023_2025,standard,1.08203125,0.8086642599277978,False,False,True,broken,broken_up,1.0275590551181102,True,False,0.509375,14,2024,2024-06,2024-W26,True
NQ,2024-06-28,primary_2023_2025,neutral,0.8482697426796806,1.01628664495114,False,True,primary_2023_2025,exhaustion,1.828125,0.6207264957264957,False,True,False,broken,broken_both,1.4583333333333333,True,True,0.5,2,2024,2024-06,2024-W26,True
NQ,2024-07-01,primary_2023_2025,neutral,0.8736263736263736,0.7682119205298014,False,True,primary_2023_2025,standard,1.359375,0.5991379310344828,False,True,False,broken,broken_down,1.2083333333333333,True,True,0.5,23,2024,2024-07,2024-W27,True
NQ,2024-07-02,primary_2023_2025,neutral,1.0763500931098695,0.6739854716259762,True,False,primary_2023_2025,standard,1.205078125,0.9773095623987034,False,False,True,broken,broken_up,1.6701030927835052,True,True,0.5375,0,2024,2024-07,2024-W27,True
NQ,2024-07-03,primary_2023_2025,compression,0.5865921787709497,0.5752961082910322,True,False,primary_2023_2025,standard,1.0495790458372312,0.7700534759358288,False,False,False,broken,broken_up,2.1845238095238093,True,True,0.558282208588957,5,2024,2024-07,2024-W27,True
NQ,2024-07-04,primary_2023_2025,compression,0.2338164251207729,0.1474598525401474,True,False,primary_2023_2025,standard,0.2731524789522919,0.547945205479452,False,False,True,broken,broken_down,0.7007299270072993,True,True,0.5,22,2024,2024-07,2024-W27,True
NQ,2024-07-05,primary_2023_2025,neutral,1.0434782608695652,0.5957851370622722,True,False,primary_2023_2025,standard,1.0551917680074836,0.5638297872340425,False,False,False,broken,broken_up,1.2844827586206895,True,True,0.4906832298136646,0,2024,2024-07,2024-W27,True
NQ,2024-07-08,primary_2023_2025,compression,0.4830917874396135,0.3539524692398449,True,False,primary_2023_2025,standard,0.5650224215246636,0.7841269841269841,False,True,True,broken,broken_up,1.7621145374449338,True,True,0.4888178913738019,58,2024,2024-07,2024-W28,True
NQ,2024-07-09,primary_2023_2025,compression,0.5893719806763285,0.4595359366157329,False,True,primary_2023_2025,standard,0.7282511210762331,0.9975369458128078,False,False,False,broken,broken_up,1.60828025477707,True,True,0.5171339563862928,4,2024,2024-07,2024-W28,True
NQ,2024-07-10,primary_2023_2025,compression,0.6396135265700483,0.4384268214055448,False,True,primary_2023_2025,standard,0.6997193638914874,1.4171122994652403,False,True,True,broken,broken_up,2.85,True,True,0.4923076923076923,18,2024,2024-07,2024-W28,True
NQ,2024-07-11,primary_2023_2025,neutral,1.0674846625766872,1.8210513536481727,True,False,primary_2023_2025,exhaustion,2.9296875,0.4346666666666666,True,False,False,broken,broken_down,1.424057084607543,True,True,0.4754601226993865,0,2024,2024-07,2024-W28,True
NQ,2024-07-12,primary_2023_2025,neutral,1.0450097847358122,1.052057186510968,True,False,primary_2023_2025,exhaustion,1.8137347130761996,0.7728215767634855,False,False,False,broken,broken_up,1.4265842349304485,True,True,0.5295950155763239,0,2024,2024-07,2024-W28,True
NQ,2024-07-15,primary_2023_2025,neutral,1.1311154598825832,0.940572427354162,True,False,primary_2023_2025,exhaustion,1.5443946188340807,0.8768873403019745,False,True,True,broken,broken_up,2.7494089834515365,True,True,0.4753086419753086,25,2024,2024-07,2024-W29,True
NQ,2024-07-16,primary_2023_2025,neutral,0.8864970645792564,0.8475298126064735,False,True,primary_2023_2025,standard,1.4151111111111112,0.5603015075376885,False,False,True,broken,broken_both,0.7525125628140703,True,True,0.5232198142414861,39,2024,2024-07,2024-W29,True
NQ,2024-07-17,primary_2023_2025,expansion,2.6868884540117417,0.7961700577613571,True,False,primary_2023_2025,standard,1.3385826771653544,0.6705882352941176,False,False,False,broken,broken_down,1.0435374149659864,True,True,0.5122699386503068,0,2024,2024-07,2024-W29,True
NQ,2024-07-18,primary_2023_2025,neutral,1.0909090909090908,1.3114592570696622,True,False,primary_2023_2025,exhaustion,2.2464135021097045,0.5206611570247934,False,True,False,trapped,trapped,2.231660231660232,True,True,0.5306748466257669,0,2024,2024-07,2024-W29,True
NQ,2024-07-19,primary_2023_2025,expansion,1.7140151515151516,0.8968868786989366,True,False,primary_2023_2025,exhaustion,1.5241210139002452,0.7392703862660944,False,False,False,trapped,trapped,1.2447257383966244,True,True,0.4907407407407407,0,2024,2024-07,2024-W29,True
NQ,2024-07-22,primary_2023_2025,expansion,1.816287878787879,0.7608279034112687,False,True,primary_2023_2025,standard,1.2094440213252091,1.0403022670025188,False,True,True,broken,broken_up,1.6319444444444444,True,True,0.52,11,2024,2024-07,2024-W30,True
NQ,2024-07-23,primary_2023_2025,neutral,1.115530303030303,0.6100872938894277,True,False,primary_2023_2025,standard,0.958111195734958,1.0079491255961843,False,True,True,broken,broken_up,1.5820568927789935,True,True,0.5107033639143731,9,2024,2024-07,2024-W30,True
NQ,2024-07-24,primary_2023_2025,expansion,2.0617399438727784,1.054832713754647,True,False,primary_2023_2025,exhaustion,1.7132075471698114,0.3762114537444934,True,False,False,broken,broken_down,1.756,True,True,0.4906832298136646,0,2024,2024-07,2024-W30,True
NQ,2024-07-25,primary_2023_2025,expansion,1.814780168381665,1.38,False,True,primary_2023_2025,exhaustion,2.1724845995893225,0.6250787649653434,False,True,False,broken,broken_down,1.1892285298398837,True,True,0.5198776758409785,7,2024,2024-07,2024-W30,True
NQ,2024-07-26,primary_2023_2025,expansion,1.7988826815642458,0.5145565335138795,False,False,primary_2023_2025,standard,0.7799871712636305,1.3092105263157894,False,True,True,trapped,trapped,1.751700680272109,True,True,0.5030864197530864,27,2024,2024-07,2024-W30,True
NQ,2024-07-29,primary_2023_2025,expansion,1.39247311827957,0.7649639870850236,False,True,primary_2023_2025,standard,1.264887063655031,1.0194805194805194,False,True,True,broken,broken_up,1.5169082125603863,True,True,0.4937888198757764,37,2024,2024-07,2024-W31,True
NQ,2024-07-30,primary_2023_2025,expansion,1.5060658578856152,1.1318269745236038,True,False,primary_2023_2025,exhaustion,1.763951250801796,0.6712727272727272,False,False,False,broken,broken_up,2.332814930015552,True,True,0.5046439628482973,0,2024,2024-07,2024-W31,True
NQ,2024-07-31,primary_2023_2025,expansion,3.5979202772963603,0.5527695034123902,True,False,primary_2023_2025,standard,0.9220125786163522,0.9345156889495224,False,True,True,broken,broken_up,1.4192546583850931,True,True,0.5339506172839507,13,2024,2024-07,2024-W31,True
NQ,2024-08-01,primary_2023_2025,expansion,1.455012853470437,1.2163973752910464,True,False,primary_2023_2025,exhaustion,2.168553459119497,0.8619489559164734,False,False,False,broken,broken_down,2.5443037974683542,True,True,0.4617737003058104,0,2024,2024-08,2024-W31,True
NQ,2024-08-02,primary_2023_2025,expansion,2.759882869692533,0.9455415918611608,True,False,primary_2023_2025,exhaustion,1.811707905853953,0.5009993337774816,False,True,True,broken,broken_down,0.608927381745503,False,False,0.5138461538461538,35,2024,2024-08,2024-W31,True
NQ,2024-08-05,primary_2023_2025,expansion,5.111931119311193,1.7226637955603408,False,False,primary_2023_2025,exhaustion,3.0476190476190474,0.3955882352941176,True,True,False,trapped,trapped,0.7264815582262744,True,False,0.5046153846153846,4,2024,2024-08,2024-W32,True
NQ,2024-08-06,primary_2023_2025,expansion,1.9580908032596045,0.8740779614566022,False,True,primary_2023_2025,exhaustion,1.615301724137931,0.7111407605070047,False,False,False,broken,broken_down,1.3488151658767773,True,True,0.5245398773006135,0,2024,2024-08,2024-W32,True
NQ,2024-08-07,primary_2023_2025,expansion,1.9458850056369783,0.3390677025527192,True,False,primary_2023_2025,standard,0.6445147679324894,2.572831423895254,False,True,False,broken,broken_up,3.90834697217676,True,True,0.5138461538461538,9,2024,2024-08,2024-W32,True
NQ,2024-08-08,primary_2023_2025,expansion,2.1909871244635197,0.783871644295302,True,False,primary_2023_2025,exhaustion,1.5770042194092826,0.4775919732441471,True,False,False,broken,broken_up,0.7122026093630084,True,True,0.52,0,2024,2024-08,2024-W32,True
NQ,2024-08-09,primary_2023_2025,neutral,1.1137662337662335,0.3466282076785359,False,False,primary_2023_2025,standard,0.7352320675105485,1.2568149210903874,False,False,True,trapped,trapped,1.470679012345679,True,True,0.5723076923076923,19,2024,2024-08,2024-W32,True
NQ,2024-08-12,primary_2023_2025,neutral,0.737603305785124,0.5077981410492044,False,True,primary_2023_2025,standard,1.0420258620689655,0.6028955532574974,False,False,True,broken,broken_up,0.9242053789731052,True,True,0.5217391304347826,64,2024,2024-08,2024-W33,True
NQ,2024-08-13,primary_2023_2025,neutral,0.9028925619834712,0.3396026490066225,True,False,primary_2023_2025,standard,0.6750921537651395,0.8190327613104524,False,False,False,broken,broken_up,2.4141176470588235,True,True,0.5186335403726708,3,2024,2024-08,2024-W33,True
NQ,2024-08-14,primary_2023_2025,compression,0.6756198347107438,0.5091649694501018,False,True,primary_2023_2025,standard,1.05318588730911,0.743,False,False,True,broken,broken_both,1.3269689737470167,True,True,0.4953560371517028,24,2024,2024-08,2024-W33,True
NQ,2024-08-15,primary_2023_2025,neutral,1.1262337662337665,0.3902091133695015,True,False,primary_2023_2025,standard,0.7788510421962379,0.4869451697127937,True,False,False,broken,broken_up,0.8843648208469055,True,True,0.5015673981191222,0,2024,2024-08,2024-W33,True
NQ,2024-08-16,primary_2023_2025,neutral,0.9731404958677686,0.2560532988614329,False,False,primary_2023_2025,standard,0.5423907319641916,1.062135922330097,False,False,True,trapped,trapped,1.287378640776699,True,False,0.5109034267912772,24,2024,2024-08,2024-W33,True
NQ,2024-08-19,primary_2023_2025,compression,0.6725206611570248,0.3230002167786689,False,False,primary_2023_2025,standard,0.6303543098889477,0.7013422818791947,False,False,False,trapped,trapped,2.7823834196891197,True,True,0.5283018867924528,0,2024,2024-08,2024-W34,True
NQ,2024-08-20,primary_2023_2025,compression,0.490702479338843,0.3889823942721274,True,False,primary_2023_2025,standard,0.7699629825489159,0.6057692307692307,False,True,True,broken,broken_down,1.0246406570841888,True,True,0.5308641975308642,7,2024,2024-08,2024-W34,True
NQ,2024-08-21,primary_2023_2025,compression,0.3233471074380165,0.3820536047317099,True,False,primary_2023_2025,standard,0.7583289264939186,0.7224546722454672,False,False,True,broken,broken_up,2.1399491094147582,True,True,0.490625,65,2024,2024-08,2024-W34,True
NQ,2024-08-22,primary_2023_2025,compression,0.5765199161425576,0.4724239978477266,True,False,primary_2023_2025,standard,1.03905325443787,1.1173120728929384,False,False,False,broken,broken_up,2.637323943661972,True,True,0.4984520123839009,0,2024,2024-08,2024-W34,True
NQ,2024-08-23,primary_2023_2025,neutral,0.7301762114537445,0.6137675634462477,False,True,primary_2023_2025,standard,1.3710462287104623,0.8039041703637977,False,True,True,broken,broken_up,1.5259165613147914,True,True,0.4953560371517028,10,2024,2024-08,2024-W34,True
NQ,2024-08-26,primary_2023_2025,compression,0.5966724039013196,0.7417616839994988,True,False,primary_2023_2025,standard,1.314095449500555,0.4028716216216216,True,False,False,broken,broken_down,0.7124352331606217,True,True,0.4984520123839009,0,2024,2024-08,2024-W35,True
NQ,2024-08-27,primary_2023_2025,neutral,0.7848537005163512,0.6394889148929441,False,True,primary_2023_2025,standard,1.0959349593495935,0.4460929772502472,True,False,True,broken,broken_down,0.6051948051948052,True,True,0.531055900621118,0,2024,2024-08,2024-W35,True
NQ,2024-08-28,primary_2023_2025,compression,0.6047591410330818,0.8145057766367138,True,False,primary_2023_2025,standard,1.3756097560975609,0.5594956658786446,False,False,False,broken,broken_down,2.193717277486911,True,True,0.5139318885448917,2,2024,2024-08,2024-W35,True
NQ,2024-08-29,primary_2023_2025,expansion,1.9245041586692255,0.59340432130673,True,False,primary_2023_2025,standard,0.8754448398576512,0.5307781649245064,False,False,True,broken,broken_up,1.724304715840387,True,True,0.5077399380804953,9,2024,2024-08,2024-W35,True
NQ,2024-08-30,primary_2023_2025,neutral,0.9017632241813602,0.5162777700153696,False,True,primary_2023_2025,standard,0.8010840108401084,0.6982408660351827,False,False,False,broken,broken_up,2.2854030501089326,True,True,0.4953846153846153,7,2024,2024-08,2024-W35,True
NQ,2024-09-02,primary_2023_2025,neutral,0.7090909090909091,0.2793956275850426,True,False,primary_2023_2025,standard,0.3806785508913168,0.3746223564954682,True,True,True,broken,broken_up,1.103448275862069,True,True,0.4214285714285714,1,2024,2024-09,2024-W36,True
NQ,2024-09-03,primary_2023_2025,expansion,1.3590844062947067,1.1509303928325294,True,False,primary_2023_2025,exhaustion,1.6422864167178857,0.3682634730538922,True,False,False,broken,broken_down,2.033707865168539,True,True,0.5,0,2024,2024-09,2024-W36,True
NQ,2024-09-04,primary_2023_2025,neutral,1.0300429184549356,0.8545819811466543,True,False,primary_2023_2025,standard,1.359557467732022,0.4005424954792043,True,True,True,trapped,trapped,1.26412213740458,True,True,0.5107692307692308,14,2024,2024-09,2024-W36,True
NQ,2024-09-05,primary_2023_2025,neutral,1.0228898426323318,0.8796776050662061,False,True,primary_2023_2025,standard,1.3179988499137436,0.6047120418848168,False,True,False,broken,broken_up,1.106403013182674,True,False,0.5076923076923077,5,2024,2024-09,2024-W36,True
NQ,2024-09-06,primary_2023_2025,expansion,1.5407725321888412,1.530427954456223,True,False,primary_2023_2025,exhaustion,2.24151811385854,0.2478193945613135,True,False,False,broken,broken_down,0.7035905271199389,True,True,0.4984615384615384,0,2024,2024-09,2024-W36,True
NQ,2024-09-09,primary_2023_2025,expansion,1.486409155937053,0.7076143739116669,False,True,primary_2023_2025,standard,0.9691056910569106,0.7606263982102909,False,True,True,broken,broken_up,2.0064655172413794,True,True,0.4984520123839009,27,2024,2024-09,2024-W37,True
NQ,2024-09-10,primary_2023_2025,neutral,1.119370979270908,0.4695466582348524,False,True,primary_2023_2025,standard,0.6704288939051919,1.3855218855218856,False,False,True,broken,broken_up,2.138888888888889,True,True,0.5279503105590062,33,2024,2024-09,2024-W37,True
NQ,2024-09-11,primary_2023_2025,neutral,1.272337383845604,1.098045204642639,True,False,primary_2023_2025,exhaustion,1.6230248306997743,1.0855354659248957,False,True,True,broken,broken_down,2.838403041825095,True,True,0.4813664596273292,5,2024,2024-09,2024-W37,True
NQ,2024-09-12,primary_2023_2025,compression,0.6512928022361985,0.5886814258369749,False,True,primary_2023_2025,standard,0.9198645598194132,1.094478527607362,False,False,True,broken,broken_both,1.437878787878788,True,True,0.5169230769230769,15,2024,2024-09,2024-W37,True
NQ,2024-09-13,primary_2023_2025,compression,0.4717655468191565,0.4073797589847499,True,False,primary_2023_2025,standard,0.6467268623024831,0.6928446771378709,False,False,True,broken,broken_both,1.251908396946565,True,True,0.509375,1,2024,2024-09,2024-W37,True
NQ,2024-09-16,primary_2023_2025,expansion,1.7965850037119524,0.4941348973607038,False,False,primary_2023_2025,standard,0.7607223476297968,0.7418397626112759,False,True,True,trapped,trapped,1.1412844036697247,True,False,0.4923076923076923,10,2024,2024-09,2024-W38,True
NQ,2024-09-17,primary_2023_2025,neutral,1.0664760543245175,0.4178994082840236,False,True,primary_2023_2025,standard,0.6376975169300225,1.4902654867256635,False,False,False,broken,broken_up,2.302713987473904,True,True,0.4272445820433436,23,2024,2024-09,2024-W38,True
NQ,2024-09-18,primary_2023_2025,compression,0.440251572327044,0.2984319676277187,False,True,primary_2023_2025,standard,0.4661399548532731,1.4334140435835352,False,True,True,broken,broken_both,3.82122905027933,True,True,0.4539877300613497,57,2024,2024-09,2024-W38,True
NQ,2024-09-19,primary_2023_2025,expansion,2.3508036338225016,0.5620778094859661,True,False,primary_2023_2025,standard,0.8781038374717833,0.6053984575835476,False,False,False,broken,broken_up,0.8953488372093024,True,True,0.5060975609756098,0,2024,2024-09,2024-W38,True
NQ,2024-09-20,primary_2023_2025,compression,0.5236768802228412,0.6331590367445665,True,False,primary_2023_2025,standard,1.0142450142450143,0.6101123595505618,False,True,True,broken,broken_both,2.031746031746032,True,True,0.5462962962962963,22,2024,2024-09,2024-W38,True
NQ,2024-09-23,primary_2023_2025,neutral,1.1629526462395543,0.2961355091282607,False,False,primary_2023_2025,standard,0.4363221016561964,1.1204188481675392,False,True,True,trapped,trapped,1.2134831460674158,True,False,0.534375,92,2024,2024-09,2024-W39,True
NQ,2024-09-24,primary_2023_2025,neutral,0.8553888130968622,0.6291079812206573,False,True,primary_2023_2025,standard,0.9594272076372315,0.5087064676616916,False,True,False,broken,broken_down,1.3776315789473683,True,True,0.5370370370370371,3,2024,2024-09,2024-W39,True
NQ,2024-09-25,primary_2023_2025,compression,0.6984993178717599,0.4034735125706268,True,False,primary_2023_2025,standard,0.6571957998764669,0.8007518796992481,False,True,True,broken,broken_up,0.8590225563909775,True,False,0.5189873417721519,26,2024,2024-09,2024-W39,True
NQ,2024-09-26,primary_2023_2025,expansion,1.669849931787176,0.9796343094990336,False,True,primary_2023_2025,exhaustion,1.6662452591656132,0.4112291350531107,True,True,False,trapped,trapped,0.99442119944212,True,True,0.4922118380062305,0,2024,2024-09,2024-W39,True
NQ,2024-09-27,primary_2023_2025,neutral,0.8772169167803547,0.4354426334292106,False,False,primary_2023_2025,standard,0.6890012642225032,0.5577981651376147,False,True,False,trapped,trapped,1.6445012787723785,True,True,0.5046439628482973,1,2024,2024-09,2024-W39,True
NQ,2024-09-30,primary_2023_2025,neutral,0.9140518417462484,0.4522423684100331,False,False,primary_2023_2025,standard,0.6826801517067004,0.6462962962962963,False,True,True,trapped,trapped,1.7092592592592593,True,True,0.5109034267912772,37,2024,2024-09,2024-W40,True
NQ,2024-10-01,primary_2023_2025,compression,0.6466575716234653,1.5961521332502004,True,False,primary_2023_2025,exhaustion,2.265486725663717,0.3493303571428571,True,True,True,broken,broken_down,0.685546875,True,True,0.4294478527607362,29,2024,2024-10,2024-W40,True
NQ,2024-10-02,primary_2023_2025,neutral,0.7358885017421603,0.8609632393008342,True,False,primary_2023_2025,standard,1.2983565107458912,0.4527750730282376,True,True,True,broken,broken_both,0.6717241379310345,True,True,0.484375,0,2024,2024-10,2024-W40,True
NQ,2024-10-03,primary_2023_2025,neutral,1.247653429602888,0.7327784516290936,False,True,primary_2023_2025,standard,1.1074589127686474,0.8242009132420092,False,True,True,broken,broken_up,0.8242009132420092,True,False,0.5261538461538462,20,2024,2024-10,2024-W40,True
NQ,2024-10-04,primary_2023_2025,expansion,1.8206214689265536,0.7597492743258593,False,False,primary_2023_2025,standard,1.1415929203539823,0.655592469545958,False,True,True,trapped,trapped,1.0044296788482836,True,False,0.4676923076923077,21,2024,2024-10,2024-W40,True
NQ,2024-10-07,primary_2023_2025,neutral,1.1822033898305084,0.3769983297542352,False,False,primary_2023_2025,standard,0.4993678887484197,0.6911392405063291,False,True,True,trapped,trapped,2.5656836461126007,True,True,0.4937888198757764,50,2024,2024-10,2024-W41,True
NQ,2024-10-08,primary_2023_2025,neutral,1.1539548022598871,0.7567467309654086,True,False,primary_2023_2025,standard,1.1239669421487604,0.4656862745098039,True,True,True,broken,broken_up,1.24105461393597,True,True,0.4890282131661442,0,2024,2024-10,2024-W41,True
NQ,2024-10-09,primary_2023_2025,compression,0.5918079096045198,0.5897658282740676,True,False,primary_2023_2025,standard,0.8166877370417194,0.5773993808049536,False,False,False,broken,broken_up,1.4494623655913978,True,True,0.5170278637770898,0,2024,2024-10,2024-W41,True
NQ,2024-10-10,primary_2023_2025,neutral,0.952018278750952,0.5062602068590092,False,True,primary_2023_2025,standard,0.768595041322314,0.9301075268817204,False,False,True,broken,broken_down,1.2954048140043763,True,True,0.4629629629629629,4,2024,2024-10,2024-W41,True
NQ,2024-10-11,primary_2023_2025,neutral,0.7844630616907845,0.6119073869900771,False,True,primary_2023_2025,standard,1.009090909090909,0.4054054054054054,True,False,False,broken,broken_both,0.6201201201201201,True,True,0.4875,0,2024,2024-10,2024-W41,True
NQ,2024-10-14,primary_2023_2025,neutral,1.1165270373191165,0.6116207951070336,False,True,primary_2023_2025,standard,0.9104477611940298,0.6491803278688525,False,True,True,broken,broken_up,1.0197841726618706,True,False,0.473015873015873,25,2024,2024-10,2024-W42,True
NQ,2024-10-15,primary_2023_2025,compression,0.5331302361005331,1.301716440123028,True,False,primary_2023_2025,exhaustion,2.0,0.3041158536585366,True,False,False,broken,broken_both,1.75503355704698,True,True,0.5,0,2024,2024-10,2024-W42,True
NQ,2024-10-16,primary_2023_2025,compression,0.5826771653543307,0.5722948645063483,False,True,primary_2023_2025,standard,0.8365650969529086,0.5215231788079471,False,True,True,broken,broken_down,0.8841059602649006,True,False,0.5109717868338558,33,2024,2024-10,2024-W42,True
NQ,2024-10-17,primary_2023_2025,expansion,2.0031496062992127,0.795557032325438,False,False,primary_2023_2025,standard,1.1606648199445984,0.3997613365155131,True,True,False,trapped,trapped,0.8353221957040573,True,False,0.4921135646687697,14,2024,2024-10,2024-W42,True
NQ,2024-10-18,primary_2023_2025,neutral,1.1826771653543309,0.339812679437097,True,False,primary_2023_2025,standard,0.491156462585034,0.9722991689750692,False,True,True,broken,broken_up,0.9722991689750692,True,True,0.4683544303797468,46,2024,2024-10,2024-W42,True
NQ,2024-10-21,primary_2023_2025,neutral,1.1104341203351105,0.8591787563438765,False,True,primary_2023_2025,standard,1.2774390243902438,0.6909307875894988,False,True,True,broken,broken_up,1.3510436432637571,True,False,0.5202492211838006,17,2024,2024-10,2024-W43,True
NQ,2024-10-22,primary_2023_2025,neutral,1.1195734958111196,0.6187368312862942,False,False,primary_2023_2025,standard,0.819047619047619,1.004983388704319,False,False,True,trapped,trapped,1.176079734219269,True,True,0.45,15,2024,2024-10,2024-W43,True
NQ,2024-10-23,primary_2023_2025,compression,0.6790564689063617,0.6313778716131303,True,False,primary_2023_2025,standard,0.9573170731707316,1.53343949044586,False,False,False,broken,broken_down,3.244111349036402,True,True,0.4892307692307692,6,2024,2024-10,2024-W43,True
NQ,2024-10-24,primary_2023_2025,neutral,0.9177984274481772,0.3187366789381902,False,False,primary_2023_2025,standard,0.5015243902439024,1.547112462006079,False,True,True,trapped,trapped,1.78419452887538,True,True,0.4489164086687306,27,2024,2024-10,2024-W43,True
NQ,2024-10-25,primary_2023_2025,neutral,0.9017517136329016,0.9002281684297863,True,False,primary_2023_2025,standard,1.362637362637363,0.8352534562211982,False,True,True,broken,broken_up,1.119815668202765,True,False,0.5154320987654321,11,2024,2024-10,2024-W43,True
NQ,2024-10-28,primary_2023_2025,neutral,0.9222560975609756,0.4120576671035386,False,False,primary_2023_2025,standard,0.5990853658536586,0.6590330788804071,False,False,False,trapped,trapped,1.3435114503816794,True,True,0.5415384615384615,5,2024,2024-10,2024-W44,True
NQ,2024-10-29,primary_2023_2025,compression,0.6550907655880032,0.7525679919101602,True,False,primary_2023_2025,standard,1.0777439024390243,0.6096181046676096,False,False,False,broken,broken_both,1.197657393850659,True,True,0.5095541401273885,0,2024,2024-10,2024-W44,True
NQ,2024-10-30,primary_2023_2025,neutral,0.9392265193370166,0.6285714285714286,False,True,primary_2023_2025,standard,0.9557926829268292,0.8149920255183413,False,True,True,broken,broken_down,1.1355661881977672,True,True,0.5154320987654321,11,2024,2024-10,2024-W44,True
NQ,2024-10-31,primary_2023_2025,expansion,1.318074191002368,1.261018975048558,True,False,primary_2023_2025,exhaustion,1.987441130298273,0.2898894154818325,True,False,False,broken,broken_down,0.5904095904095904,True,True,0.4584615384615385,0,2024,2024-10,2024-W44,True
NQ,2024-11-01,primary_2023_2025,neutral,0.8176795580110497,0.9130520895226778,True,False,primary_2023_2025,standard,1.4474097331240188,0.5704989154013015,False,True,True,broken,broken_up,0.7740046838407494,True,True,0.4693251533742331,59,2024,2024-11,2024-W44,True
NQ,2024-11-04,primary_2023_2025,neutral,1.1577235772357723,0.8608104706770702,False,True,primary_2023_2025,standard,1.3422291993720563,0.7146198830409357,False,True,True,broken,broken_down,1.035294117647059,True,False,0.5420560747663551,18,2024,2024-11,2024-W45,True
NQ,2024-11-05,primary_2023_2025,neutral,0.8422764227642277,0.6940157323508912,True,False,primary_2023_2025,standard,1.0625,0.4949784791965567,True,False,False,broken,broken_up,0.8048780487804879,True,True,0.5015673981191222,9,2024,2024-11,2024-W45,True
NQ,2024-11-06,primary_2023_2025,expansion,2.7183333333333333,0.6461273197513498,True,False,primary_2023_2025,standard,1.0853658536585369,0.5842696629213483,False,False,False,broken,broken_up,1.4821705426356588,True,True,0.4720496894409938,13,2024,2024-11,2024-W45,True
NQ,2024-11-07,primary_2023_2025,neutral,1.0341463414634149,0.5875142281761667,True,False,primary_2023_2025,standard,0.9845928099779896,0.293591654247392,True,False,False,broken,broken_up,1.3293413173652695,True,True,0.4968944099378882,0,2024,2024-11,2024-W45,True
NQ,2024-11-08,primary_2023_2025,neutral,0.9121676067687348,0.2513274336283186,False,False,primary_2023_2025,standard,0.4152046783625731,0.9823943661971832,False,False,True,trapped,trapped,1.3274647887323945,True,True,0.5189873417721519,44,2024,2024-11,2024-W45,True
NQ,2024-11-11,primary_2023_2025,compression,0.5914585012087027,0.5125576627370579,True,False,primary_2023_2025,standard,0.804093567251462,0.8745454545454545,False,False,True,broken,broken_down,1.0618181818181818,True,True,0.5123456790123457,28,2024,2024-11,2024-W46,True
NQ,2024-11-12,primary_2023_2025,neutral,0.8066666666666666,0.319124476939348,False,True,primary_2023_2025,standard,0.5073099415204678,1.6512968299711817,False,True,False,broken,broken_up,2.5121107266435985,True,True,0.5077881619937694,14,2024,2024-11,2024-W46,True
NQ,2024-11-13,primary_2023_2025,neutral,0.9483333333333334,0.4584937763051849,False,True,primary_2023_2025,standard,0.7882986913010007,1.3046875,False,True,True,broken,broken_down,1.423828125,True,True,0.4892307692307692,28,2024,2024-11,2024-W46,True
NQ,2024-11-14,primary_2023_2025,compression,0.6666666666666666,0.4807735350731904,False,True,primary_2023_2025,standard,0.8267898383371824,0.9199255121042832,False,False,True,broken,broken_down,1.2588454376163871,True,True,0.4722222222222222,49,2024,2024-11,2024-W46,True
NQ,2024-11-15,primary_2023_2025,expansion,1.5433866891322665,0.8506306705023235,True,False,primary_2023_2025,exhaustion,1.5314741035856574,0.7721123829344433,False,False,False,broken,broken_down,1.06282722513089,True,True,0.5337423312883436,0,2024,2024-11,2024-W46,True
NQ,2024-11-18,primary_2023_2025,neutral,1.2198820556023589,0.7591840300528545,True,False,primary_2023_2025,standard,1.3379522709776752,0.5914844649021864,False,True,True,trapped,trapped,0.8865131578947368,True,True,0.5015479876160991,0,2024,2024-11,2024-W47,True
NQ,2024-11-19,primary_2023_2025,expansion,2.119629317607413,0.6357250822441539,False,False,primary_2023_2025,standard,1.100846805234796,0.8349650349650349,False,False,False,trapped,trapped,2.1649484536082477,True,True,0.541795665634675,0,2024,2024-11,2024-W47,True
NQ,2024-11-20,primary_2023_2025,neutral,0.7447346251053075,0.9375787616567252,True,False,primary_2023_2025,exhaustion,1.631578947368421,0.5770609318996416,False,True,True,broken,broken_down,0.910394265232975,True,False,0.5077399380804953,45,2024,2024-11,2024-W47,True
NQ,2024-11-21,primary_2023_2025,expansion,1.9780960404380792,1.2841854934601664,False,True,primary_2023_2025,exhaustion,2.230769230769231,0.4342273307790549,True,True,False,broken,broken_both,0.9529411764705882,True,True,0.4646153846153846,2,2024,2024-11,2024-W47,True
NQ,2024-11-22,primary_2023_2025,neutral,1.0193765796124683,0.4916428862617203,False,True,primary_2023_2025,standard,0.8498942917547568,0.8656716417910447,False,True,True,broken,broken_up,0.9601990049751244,True,True,0.4813664596273292,17,2024,2024-11,2024-W47,True
NQ,2024-11-25,primary_2023_2025,neutral,0.78,0.7588245834079914,False,True,primary_2023_2025,standard,1.2065527065527066,0.8559622195985832,False,False,True,broken,broken_both,0.8559622195985832,True,True,0.5015290519877675,0,2024,2024-11,2024-W48,True
NQ,2024-11-26,primary_2023_2025,expansion,1.5429553264604812,0.3709741375512183,False,True,primary_2023_2025,standard,0.5933756166314306,0.5771971496437055,False,False,True,broken,broken_up,0.997624703087886,True,False,0.534375,42,2024,2024-11,2024-W48,True
NQ,2024-11-27,primary_2023_2025,neutral,0.765,0.8590580349267949,True,False,primary_2023_2025,standard,1.382540809084457,0.5893223819301848,False,True,True,broken,broken_down,0.889367816091954,True,True,0.4875776397515527,0,2024,2024-11,2024-W48,True
NQ,2024-11-28,primary_2023_2025,compression,0.4821124361158432,0.123494368830717,True,False,primary_2023_2025,standard,0.1990189208128941,0.6619718309859155,False,True,True,broken,broken_up,1.125,True,True,0.5289855072463768,27,2024,2024-11,2024-W48,True
NQ,2024-11-29,primary_2023_2025,neutral,0.8845814977973568,0.7196006404822455,True,False,primary_2023_2025,standard,1.084457061745919,0.2578534031413612,True,False,False,broken,broken_both,0.4836309523809524,True,True,0.4430379746835443,0,2024,2024-11,2024-W48,True
NQ,2024-12-02,primary_2023_2025,neutral,0.7506607929515419,0.7478206070790883,True,False,primary_2023_2025,standard,1.0106458481192335,0.4564606741573033,True,False,False,broken,broken_up,0.6985294117647058,True,True,0.4808917197452229,0,2024,2024-12,2024-W49,True
NQ,2024-12-03,primary_2023_2025,neutral,0.7306273062730627,0.4749848085882114,True,False,primary_2023_2025,standard,0.6657203690560681,0.6204690831556503,False,True,True,broken,broken_down,1.255639097744361,True,True,0.5,13,2024,2024-12,2024-W49,True
NQ,2024-12-04,primary_2023_2025,neutral,1.132958801498127,0.4266404521995576,True,False,primary_2023_2025,standard,0.6276211135213304,0.5023041474654378,False,False,True,broken,broken_up,1.4342105263157894,True,True,0.521875,0,2024,2024-12,2024-W49,True
NQ,2024-12-05,primary_2023_2025,compression,0.3651685393258427,0.2522504698783262,False,True,primary_2023_2025,standard,0.4003139717425432,1.3450980392156864,False,False,True,broken,broken_up,2.013953488372093,True,True,0.4746835443037974,21,2024,2024-12,2024-W49,True
NQ,2024-12-06,primary_2023_2025,neutral,0.8519269776876268,0.637,True,False,primary_2023_2025,standard,1.1049436253252385,0.4505494505494505,True,False,False,broken,broken_up,0.6043956043956044,True,True,0.5295950155763239,2,2024,2024-12,2024-W49,True
NQ,2024-12-09,primary_2023_2025,neutral,1.0105042016806722,0.8948475289169295,True,False,primary_2023_2025,standard,1.3725806451612903,0.3548766157461809,True,True,False,broken,broken_down,1.3590361445783132,True,True,0.4858044164037854,0,2024,2024-12,2024-W50,True
NQ,2024-12-10,primary_2023_2025,neutral,0.7461139896373057,0.6209041430634233,False,True,primary_2023_2025,standard,0.8287620459599704,0.4186046511627907,True,False,False,broken,broken_up,2.219753086419753,True,True,0.4658385093167702,11,2024,2024-12,2024-W50,True
NQ,2024-12-11,primary_2023_2025,expansion,1.5532139093782928,0.8339709257842387,True,False,primary_2023_2025,standard,1.1312083024462565,0.3669724770642202,True,False,False,broken,broken_up,0.9019908116385912,True,True,0.5202492211838006,0,2024,2024-12,2024-W50,True
NQ,2024-12-12,primary_2023_2025,neutral,1.0432033719704952,0.4846186262115465,False,True,primary_2023_2025,standard,0.644709180098108,0.658695652173913,False,True,True,broken,broken_down,1.0873015873015872,True,False,0.5109034267912772,20,2024,2024-12,2024-W50,True
NQ,2024-12-13,primary_2023_2025,neutral,1.194672131147541,1.0823529411764703,False,True,primary_2023_2025,standard,1.3538892782060266,0.422360248447205,True,True,False,broken,broken_up,1.3792372881355932,True,True,0.5047318611987381,0,2024,2024-12,2024-W50,True
NQ,2024-12-16,primary_2023_2025,neutral,1.2418032786885247,0.7613579630554168,True,False,primary_2023_2025,standard,0.8549404344779257,0.7983606557377049,False,False,False,broken,broken_up,1.7017543859649122,True,True,0.583596214511041,0,2024,2024-12,2024-W51,True
NQ,2024-12-17,primary_2023_2025,expansion,2.831967213114754,0.5492349941153394,False,False,primary_2023_2025,standard,0.72646404744255,0.7204081632653061,False,True,True,trapped,trapped,1.1306122448979592,True,False,0.5,36,2024,2024-12,2024-W51,True
NQ,2024-12-18,primary_2023_2025,expansion,1.4897540983606556,0.6058319409259958,False,False,primary_2023_2025,standard,0.901363271852446,0.3861209964412811,True,True,True,trapped,trapped,8.799522673031026,True,True,0.4417177914110429,6,2024,2024-12,2024-W51,True
NQ,2024-12-19,primary_2023_2025,expansion,2.04012036108325,0.8786416774911858,False,True,primary_2023_2025,exhaustion,1.5614179719703216,0.8289334741288279,False,False,True,broken,broken_up,1.323785803237858,True,True,0.5370370370370371,14,2024,2024-12,2024-W51,True
NQ,2024-12-20,primary_2023_2025,expansion,3.3921765295887663,1.8021015761821368,True,False,primary_2023_2025,exhaustion,3.393239901071723,0.3051506316812439,True,False,False,broken,broken_up,1.1853699085619285,True,True,0.5046153846153846,0,2024,2024-12,2024-W51,True
NQ,2024-12-23,primary_2023_2025,expansion,1.584754262788365,0.6381697772426249,False,True,primary_2023_2025,standard,1.2750601443464311,0.7735849056603774,False,False,False,broken,broken_down,1.2779874213836475,True,True,0.5122699386503068,7,2024,2024-12,2024-W52,True
NQ,2024-12-24,primary_2023_2025,neutral,1.0211981566820276,0.5881188902521075,True,False,primary_2023_2025,standard,1.1916599839615076,0.5746971736204576,False,False,False,broken,broken_up,0.9014084507042254,True,True,0.51875,0,2024,2024-12,2024-W52,True
NQ,2024-12-26,primary_2023_2025,expansion,1.643939393939394,0.4719483707487034,False,True,primary_2023_2025,standard,0.8836174944403261,0.6946308724832215,False,False,False,broken,broken_down,0.7840290381125227,True,False,0.4984326018808777,0,2024,2024-12,2024-W52,True
NQ,2024-12-27,primary_2023_2025,neutral,1.1539138082673703,1.126270415628584,True,False,primary_2023_2025,exhaustion,2.2838813151563757,0.5028089887640449,False,True,True,broken,broken_down,0.6216987865810135,True,True,0.5460122699386503,32,2024,2024-12,2024-W52,True
NQ,2024-12-30,primary_2023_2025,expansion,2.587542087542088,0.5239704978488016,False,True,primary_2023_2025,standard,1.011119347664937,1.035190615835777,False,True,False,broken,broken_down,1.8082822085889567,True,False,0.52,11,2024,2024-12,2025-W01,True
NQ,2024-12-31,primary_2023_2025,neutral,1.1973575557390586,0.588082033721666,True,False,primary_2023_2025,standard,1.197877179681577,0.7936708860759494,False,False,False,broken,broken_down,1.685483870967742,True,True,0.4615384615384615,6,2024,2024-12,2025-W01,True
NQ,2025-01-02,primary_2023_2025,expansion,2.337559429477021,0.7970416113165547,False,False,primary_2023_2025,exhaustion,1.683093252463988,1.3468468468468469,False,False,True,trapped,trapped,1.3468468468468469,True,True,0.5323076923076923,24,2025,2025-01,2025-W01,True
NQ,2025-01-03,primary_2023_2025,neutral,0.9210716871832004,0.4968126385809312,True,False,primary_2023_2025,standard,1.0063157894736845,0.6164574616457462,False,False,False,broken,broken_up,1.4574616457461649,True,True,0.5126582278481012,16,2025,2025-01,2025-W01,True
NQ,2025-01-06,primary_2023_2025,expansion,1.6350470673425055,0.4913673910731379,True,False,primary_2023_2025,standard,0.9493150684931508,1.0937950937950938,False,True,True,broken,broken_up,1.5252679938744258,True,True,0.5462962962962963,2,2025,2025-01,2025-W02,True
NQ,2025-01-07,primary_2023_2025,neutral,0.7506887052341598,1.1312878313504489,True,False,primary_2023_2025,exhaustion,2.2273972602739724,0.4249692496924969,True,False,False,broken,broken_both,1.0926090828138917,True,True,0.5216049382716049,0,2025,2025-01,2025-W02,True
NQ,2025-01-08,primary_2023_2025,neutral,1.2493112947658402,0.4579753699408748,False,False,primary_2023_2025,standard,0.9309428950863212,1.442225392296719,False,False,True,trapped,trapped,1.514978601997147,True,True,0.5046439628482973,54,2025,2025-01,2025-W02,True
NQ,2025-01-10,primary_2023_2025,expansion,1.789617486338798,0.8922087353459903,True,False,primary_2023_2025,exhaustion,1.7671232876712328,0.903875968992248,False,True,True,broken,broken_down,0.903875968992248,False,False,0.4922600619195046,41,2025,2025-01,2025-W02,True
NQ,2025-01-13,primary_2023_2025,expansion,1.7969875573018992,0.5627466456195738,False,False,primary_2023_2025,standard,0.9468791500664012,1.096774193548387,False,True,True,trapped,trapped,1.6123778501628665,True,False,0.5,32,2025,2025-01,2025-W03,True
NQ,2025-01-14,primary_2023_2025,neutral,0.9638118214716526,0.8575648871069846,True,False,primary_2023_2025,standard,1.3917808219178085,0.859251968503937,False,True,True,trapped,trapped,1.5596330275229358,True,True,0.5061728395061729,0,2025,2025-01,2025-W03,True
NQ,2025-01-15,primary_2023_2025,expansion,2.015596880623875,0.7193952202893839,True,False,primary_2023_2025,standard,1.1545988258317026,0.6757062146892655,False,False,True,broken,broken_up,0.9333333333333332,True,True,0.5279503105590062,14,2025,2025-01,2025-W03,True
NQ,2025-01-16,primary_2023_2025,neutral,0.9656338028169014,0.505883732749521,False,True,primary_2023_2025,standard,0.8440965427266797,1.0123647604327666,False,False,True,broken,broken_down,1.42967542503864,True,True,0.5030864197530864,31,2025,2025-01,2025-W03,True
NQ,2025-01-17,primary_2023_2025,expansion,2.132957746478873,0.5325512291128005,False,False,primary_2023_2025,standard,0.9001956947162426,0.6507246376811594,False,True,False,trapped,trapped,0.9043478260869564,True,False,0.525,7,2025,2025-01,2025-W03,True
NQ,2025-01-20,primary_2023_2025,neutral,0.9025352112676056,0.4101569782616801,False,True,primary_2023_2025,standard,0.7175472928897586,0.8054545454545454,False,False,True,broken,broken_up,1.0884520884520883,True,False,0.4594594594594595,0,2025,2025-01,2025-W04,True
NQ,2025-01-21,primary_2023_2025,expansion,1.6608450704225353,0.579950289975145,False,False,primary_2023_2025,standard,1.004566210045662,0.8662337662337662,False,True,True,trapped,trapped,0.9675324675324676,True,True,0.5248447204968945,31,2025,2025-01,2025-W04,True
NQ,2025-01-22,primary_2023_2025,neutral,0.7481690140845071,0.4365896852072716,True,False,primary_2023_2025,standard,0.7984137475214805,0.5496688741721855,False,True,False,broken,broken_up,0.828996282527881,True,True,0.5401234567901234,3,2025,2025-01,2025-W04,True
NQ,2025-01-23,primary_2023_2025,compression,0.5994202898550725,0.2494987747828023,False,False,primary_2023_2025,standard,0.4602739726027397,1.0089285714285714,False,False,True,trapped,trapped,2.9086538461538463,True,True,0.4351851851851852,2,2025,2025-01,2025-W04,True
NQ,2025-01-24,primary_2023_2025,compression,0.4023188405797101,0.3275829383886255,False,True,primary_2023_2025,standard,0.6041958041958042,1.6064814814814814,False,False,True,broken,broken_up,2.107142857142857,True,True,0.5386996904024768,7,2025,2025-01,2025-W04,True
NQ,2025-01-27,primary_2023_2025,expansion,4.671304347826087,0.9670741709955863,False,False,primary_2023_2025,exhaustion,1.7510608203677511,0.4620355411954766,True,True,False,trapped,trapped,1.2382775119617224,True,False,0.5077881619937694,14,2025,2025-01,2025-W05,True
NQ,2025-01-28,primary_2023_2025,neutral,0.927437641723356,0.9489104829210836,False,True,primary_2023_2025,exhaustion,1.8027972027972028,0.6074476338246703,False,False,False,broken,broken_both,0.7401086113266098,True,True,0.503125,0,2025,2025-01,2025-W05,True
NQ,2025-01-29,primary_2023_2025,neutral,0.7551020408163265,0.417825361512792,True,False,primary_2023_2025,standard,0.8405594405594405,1.2063227953410982,False,False,True,broken,broken_down,1.8588469184890657,True,True,0.4984423676012461,48,2025,2025-01,2025-W05,True
NQ,2025-01-30,primary_2023_2025,neutral,1.0017910447761194,0.9215267816534304,False,True,primary_2023_2025,exhaustion,1.841958041958042,0.3720577069096431,True,True,True,broken,broken_up,1.237045203969129,True,True,0.4736842105263157,10,2025,2025-01,2025-W05,True
NQ,2025-01-31,primary_2023_2025,neutral,0.7216981132075472,0.5753130590339892,True,False,primary_2023_2025,standard,1.1244755244755245,1.0845771144278606,False,True,True,broken,broken_up,2.714511041009464,True,True,0.4953846153846153,6,2025,2025-01,2025-W05,True
NQ,2025-02-03,primary_2023_2025,expansion,1.588412794206397,0.9979626368313824,True,False,primary_2023_2025,exhaustion,2.020979020979021,0.3653979238754325,True,False,False,broken,broken_up,0.7963891675025075,True,True,0.5290519877675841,0,2025,2025-02,2025-W06,True
NQ,2025-02-04,primary_2023_2025,expansion,1.6863207547169812,0.7632340425531915,True,False,primary_2023_2025,exhaustion,1.5118004045853,0.5138269402319358,False,True,True,broken,broken_up,0.5575992255566312,True,True,0.5297805642633229,3,2025,2025-02,2025-W06,True
NQ,2025-02-05,primary_2023_2025,neutral,0.9150943396226416,0.347260970886533,False,True,primary_2023_2025,standard,0.6721728081321474,0.9754253308128544,False,False,False,trapped,trapped,1.982261640798226,True,True,0.525,2,2025,2025-02,2025-W06,True
NQ,2025-02-06,primary_2023_2025,compression,0.5990566037735849,0.2908373087678894,False,True,primary_2023_2025,standard,0.5960890087660148,0.8484162895927602,False,False,True,broken,broken_up,1.5452488687782806,True,True,0.4968553459119497,36,2025,2025-02,2025-W06,True
NQ,2025-02-07,primary_2023_2025,compression,0.6747133373566687,0.956615467528968,True,False,primary_2023_2025,exhaustion,1.9150370869858395,0.4105633802816901,True,False,False,broken,broken_both,0.8909574468085106,True,True,0.5015384615384615,0,2025,2025-02,2025-W06,True
NQ,2025-02-10,primary_2023_2025,expansion,1.845583693638048,0.4176527913128219,True,False,primary_2023_2025,standard,0.8091706001348618,0.46,True,False,True,broken,broken_up,0.5926640926640927,True,True,0.5173501577287066,0,2025,2025-02,2025-W07,True
NQ,2025-02-11,primary_2023_2025,neutral,0.804200123533045,0.4904319103866728,False,True,primary_2023_2025,standard,0.9356164383561644,0.7423133235724744,False,True,True,broken,broken_up,1.0778546712802768,True,True,0.4596273291925465,29,2025,2025-02,2025-W07,True
NQ,2025-02-12,primary_2023_2025,expansion,1.676343421865349,0.6700830535430288,False,False,primary_2023_2025,standard,1.3809176984705025,0.6940928270042194,False,False,False,trapped,trapped,0.949569495694957,True,False,0.5172413793103449,0,2025,2025-02,2025-W07,True
NQ,2025-02-13,primary_2023_2025,neutral,0.8597899938233478,0.6291437438284666,True,False,primary_2023_2025,standard,1.2993445010924982,0.5526905829596412,False,True,True,broken,broken_up,1.4435857805255023,True,True,0.4907407407407407,3,2025,2025-02,2025-W07,True
NQ,2025-02-14,primary_2023_2025,compression,0.6138237159162968,0.2292484576556365,False,True,primary_2023_2025,standard,0.447945205479452,1.305810397553517,False,False,True,trapped,trapped,1.9,True,True,0.5216049382716049,23,2025,2025-02,2025-W07,True
NQ,2025-02-17,primary_2023_2025,compression,0.4646739130434782,0.1671590172202608,False,True,primary_2023_2025,standard,0.3193392980041294,0.5043103448275862,False,True,False,broken,broken_down,0.5792079207920792,True,False,0.5174825174825175,0,2025,2025-02,2025-W08,True
NQ,2025-02-18,primary_2023_2025,neutral,0.7136563876651982,0.4209286923246743,False,True,primary_2023_2025,standard,0.7873365450791466,0.5402097902097902,False,False,True,broken,broken_down,0.9927404718693283,True,True,0.5125,21,2025,2025-02,2025-W08,True
NQ,2025-02-19,primary_2023_2025,compression,0.6721804511278195,0.3165028299076556,False,True,primary_2023_2025,standard,0.6604506604506605,0.6517647058823529,False,False,False,broken,broken_down,1.4758454106280192,True,True,0.4751552795031056,10,2025,2025-02,2025-W08,True
NQ,2025-02-20,primary_2023_2025,compression,0.5740318906605922,0.8922839380764699,True,False,primary_2023_2025,exhaustion,1.7102803738317758,0.2987249544626594,True,True,True,broken,broken_down,0.6311475409836066,False,False,0.5188679245283019,24,2025,2025-02,2025-W08,True
NQ,2025-02-21,primary_2023_2025,neutral,0.8610478359908884,0.8295935914104768,True,False,primary_2023_2025,standard,1.3301950235373234,1.063700707785642,False,False,False,broken,broken_down,1.876117496807152,True,True,0.4601226993865031,0,2025,2025-02,2025-W08,True
NQ,2025-02-24,primary_2023_2025,neutral,0.8276385725132878,1.2234821540650236,True,False,primary_2023_2025,exhaustion,1.724056603773585,0.2934336525307797,True,True,True,broken,broken_down,0.688782489740082,True,True,0.5092592592592593,31,2025,2025-02,2025-W09,True
NQ,2025-02-25,primary_2023_2025,neutral,1.0625494853523356,1.2330940056770747,True,False,primary_2023_2025,exhaustion,1.741745283018868,0.7887610020311442,False,True,True,broken,broken_down,0.7887610020311442,True,True,0.4660493827160494,27,2025,2025-02,2025-W09,True
NQ,2025-02-26,primary_2023_2025,neutral,0.8392715756136183,0.6950554994954591,True,False,primary_2023_2025,standard,1.0153301886792452,1.5156794425087108,False,True,True,broken,broken_both,1.8736413043478264,True,True,0.5603715170278638,3,2025,2025-02,2025-W09,True
NQ,2025-02-27,primary_2023_2025,expansion,1.8897370653095844,1.6304393525331091,True,False,primary_2023_2025,exhaustion,2.2122076440387906,0.3321299638989169,True,False,True,broken,broken_down,1.1593604951005674,True,True,0.4676923076923077,9,2025,2025-02,2025-W09,True
NQ,2025-02-28,primary_2023_2025,neutral,1.1704834605597965,0.9975258217806228,False,True,primary_2023_2025,standard,1.4489446662863663,0.8338582677165355,False,True,True,broken,broken_both,1.5436241610738255,True,True,0.4693251533742331,22,2025,2025-02,2025-W09,True
NQ,2025-03-03,primary_2023_2025,expansion,1.729064039408867,1.1145415251620872,False,True,primary_2023_2025,exhaustion,1.5695652173913044,0.8621883656509696,False,False,True,broken,broken_both,1.8628808864265929,True,True,0.5076923076923077,52,2025,2025-03,2025-W10,True
NQ,2025-03-04,primary_2023_2025,expansion,2.167487684729064,1.0332022717343818,True,False,primary_2023_2025,exhaustion,1.542391304347826,1.0817477096546864,False,True,True,broken,broken_down,1.758985200845666,True,True,0.4907975460122699,9,2025,2025-03,2025-W10,True
NQ,2025-03-05,primary_2023_2025,expansion,1.6436781609195403,0.6782002140957906,True,False,primary_2023_2025,standard,1.067391304347826,1.5560081466395113,False,True,True,broken,broken_down,2.249173098125689,True,True,0.5216049382716049,16,2025,2025-03,2025-W10,True
NQ,2025-03-06,primary_2023_2025,expansion,2.2889983579638757,0.7560935168297132,False,True,primary_2023_2025,standard,1.1813471502590671,1.5350877192982455,False,True,True,broken,broken_down,1.99706457925636,True,True,0.5092592592592593,9,2025,2025-03,2025-W10,True
NQ,2025-03-07,primary_2023_2025,expansion,1.4962178517397882,0.9647611589663272,True,False,primary_2023_2025,exhaustion,1.5626585489599187,1.068181818181818,False,True,True,broken,broken_down,2.38602520045819,True,True,0.4785276073619632,17,2025,2025-03,2025-W10,True
NQ,2025-03-10,primary_2023_2025,expansion,1.7369581190301249,0.9689236988377968,True,False,primary_2023_2025,exhaustion,1.556570268899036,0.7327249022164276,False,False,True,broken,broken_down,1.7212787212787213,True,True,0.4814814814814814,0,2025,2025-03,2025-W11,True
NQ,2025-03-11,primary_2023_2025,expansion,2.6201322556943425,0.7991539714751194,False,True,primary_2023_2025,standard,1.3397220891231432,0.9821173104434908,False,True,True,broken,broken_up,1.6164725457570714,True,True,0.4984709480122324,46,2025,2025-03,2025-W11,True
NQ,2025-03-12,primary_2023_2025,expansion,2.318903318903319,0.8360198896235179,False,False,primary_2023_2025,standard,1.3672922252010724,0.569281045751634,False,True,True,trapped,trapped,1.6814159292035398,True,False,0.4676923076923077,40,2025,2025-03,2025-W11,True
NQ,2025-03-13,primary_2023_2025,expansion,1.6926406926406927,0.5336574025150587,True,False,primary_2023_2025,standard,0.8381742738589212,0.8831683168316832,False,False,False,broken,broken_down,1.4306930693069306,True,True,0.52,10,2025,2025-03,2025-W11,True
NQ,2025-03-14,primary_2023_2025,neutral,1.1280524121500894,0.4733697331822395,True,False,primary_2023_2025,standard,0.762655601659751,0.4494015233949945,True,True,False,broken,broken_up,1.4932065217391304,True,True,0.5216049382716049,3,2025,2025-03,2025-W11,True
NQ,2025-03-17,primary_2023_2025,neutral,0.9421487603305784,0.3965570242852751,False,True,primary_2023_2025,standard,0.6423236514522822,1.058139534883721,False,True,True,broken,broken_up,2.0091185410334345,True,True,0.4707692307692308,2,2025,2025-03,2025-W12,True
NQ,2025-03-18,primary_2023_2025,neutral,0.930785123966942,0.6135986733001658,True,False,primary_2023_2025,standard,0.9825726141078838,0.4239864864864865,True,True,True,broken,broken_down,0.6745061147695203,True,True,0.4707692307692308,61,2025,2025-03,2025-W12,True
NQ,2025-03-19,primary_2023_2025,compression,0.5681818181818182,0.3904544427994278,True,False,primary_2023_2025,standard,0.6340668296658517,0.781491002570694,False,True,True,broken,broken_up,1.922879177377892,True,True,0.4615384615384615,34,2025,2025-03,2025-W12,True
NQ,2025-03-20,primary_2023_2025,expansion,1.4772727272727273,0.6980523539265445,False,True,primary_2023_2025,standard,1.1377343113284433,0.6583094555873925,False,True,True,trapped,trapped,0.9372637944066516,True,True,0.4662576687116564,6,2025,2025-03,2025-W12,True
NQ,2025-03-21,primary_2023_2025,expansion,1.328643216080402,0.4128289888717858,False,False,primary_2023_2025,standard,0.6136534133533383,1.0794621026894866,False,False,True,trapped,trapped,1.7756024096385543,True,True,0.5138461538461538,7,2025,2025-03,2025-W12,True
NQ,2025-03-24,primary_2023_2025,neutral,0.9172346640701072,0.3083399393160758,True,False,primary_2023_2025,standard,0.423105776444111,0.5088652482269503,False,True,True,broken,broken_up,0.8562367864693446,True,True,0.50920245398773,0,2025,2025-03,2025-W13,True
NQ,2025-03-25,primary_2023_2025,compression,0.6017526777020448,0.2974764637067573,True,False,primary_2023_2025,standard,0.4352078239608802,0.5842696629213483,False,True,True,broken,broken_up,1.0026881720430108,True,True,0.5264797507788161,2,2025,2025-03,2025-W13,True
NQ,2025-03-26,primary_2023_2025,compression,0.4177215189873418,0.5498434165673586,True,False,primary_2023_2025,standard,0.8537005163511188,0.8881048387096774,False,False,False,broken,broken_down,1.1108870967741935,True,True,0.5446153846153846,0,2025,2025-03,2025-W13,True
NQ,2025-03-27,primary_2023_2025,compression,0.5628042843232717,0.6020777133673879,False,True,primary_2023_2025,standard,0.9027538726333908,0.5900857959961868,False,True,True,broken,broken_down,1.2151556156968877,True,True,0.5139318885448917,29,2025,2025-03,2025-W13,True
NQ,2025-03-28,primary_2023_2025,compression,0.6693467336683417,0.92880744968459,True,False,primary_2023_2025,standard,1.412517131110096,0.4993531694695989,True,False,False,broken,broken_down,0.7711522965350524,True,True,0.5555555555555556,0,2025,2025-03,2025-W13,True
NQ,2025-03-31,primary_2023_2025,neutral,0.9909547738693468,0.6393120852416114,False,True,primary_2023_2025,standard,0.9374143444495204,0.564327485380117,False,False,False,broken,broken_down,2.0,True,True,0.4676923076923077,3,2025,2025-03,2025-W14,True
NQ,2025-04-01,primary_2023_2025,neutral,0.9225316455696204,0.8557350464666625,True,False,primary_2023_2025,standard,1.3224096385542168,0.4300291545189504,True,True,False,broken,broken_down,1.5714285714285714,True,True,0.5061349693251533,4,2025,2025-04,2025-W14,True
NQ,2025-04-02,primary_2023_2025,expansion,1.562338334195551,0.9662129314535732,False,True,primary_2023_2025,exhaustion,1.5325301204819275,0.7012578616352201,False,False,False,broken,broken_down,1.0838126540673787,True,True,0.5122699386503068,0,2025,2025-04,2025-W14,True
NQ,2025-04-03,primary_2023_2025,expansion,1.4816347646145889,0.8394549763033176,False,True,primary_2023_2025,standard,1.2946550936500685,0.4961185603387438,True,False,True,trapped,trapped,1.481651376146789,True,True,0.558282208588957,10,2025,2025-04,2025-W14,True
NQ,2025-04-04,primary_2023_2025,expansion,3.6927056389032593,1.376687472782697,False,True,primary_2023_2025,exhaustion,2.123600537393641,0.6752425137072965,False,False,True,trapped,trapped,1.84375,True,True,0.4817073170731707,12,2025,2025-04,2025-W14,True
NQ,2025-04-07,primary_2023_2025,expansion,3.385411277806518,3.4887746402459503,False,True,primary_2023_2025,exhaustion,6.047469771607703,0.3529324644549763,True,False,True,broken,broken_up,0.3994372037914692,False,False,0.5076452599388379,33,2025,2025-04,2025-W15,True
NQ,2025-04-08,primary_2023_2025,expansion,2.1748577340920847,0.6749659164562054,False,True,primary_2023_2025,standard,1.3524406627854904,1.7132450331125828,False,False,False,broken,broken_up,4.557885906040268,True,True,0.45565749235474,6,2025,2025-04,2025-W15,True
NQ,2025-04-09,primary_2023_2025,expansion,2.8556647697878943,0.6289908694873784,False,True,primary_2023_2025,standard,1.4160322436184505,4.1340923466160655,False,False,True,broken,broken_up,5.517394054395952,True,True,0.5213414634146342,19,2025,2025-04,2025-W15,True
NQ,2025-04-10,primary_2023_2025,expansion,2.8142783238489395,0.5496089973028447,True,False,primary_2023_2025,standard,1.4509628302731752,1.4734567901234568,False,False,False,broken,broken_down,2.910891089108911,True,True,0.5030487804878049,8,2025,2025-04,2025-W15,True
NQ,2025-04-11,primary_2023_2025,expansion,3.0129332643559232,0.4851968402800077,False,False,primary_2023_2025,standard,1.182316118935837,1.2918596955658503,False,False,True,trapped,trapped,1.6234028244788163,True,True,0.5736196319018405,11,2025,2025-04,2025-W15,True
NQ,2025-04-14,primary_2023_2025,neutral,1.124783362218371,0.4008887325969853,False,False,primary_2023_2025,standard,0.9060693641618496,0.8125996810207337,False,False,False,trapped,trapped,1.705992509363296,True,True,0.5169230769230769,2,2025,2025-04,2025-W16,True
NQ,2025-04-15,primary_2023_2025,neutral,0.7068702290076336,0.2790889219754807,False,True,primary_2023_2025,standard,0.6365606936416185,0.8286038592508513,False,True,True,broken,broken_up,0.9364358683314415,True,False,0.5325077399380805,48,2025,2025-04,2025-W16,True
NQ,2025-04-16,primary_2023_2025,neutral,1.0893129770992367,0.2786435029468942,False,False,primary_2023_2025,standard,0.6524566473988439,1.884828349944629,False,True,True,trapped,trapped,3.634361233480176,True,True,0.4709480122324159,17,2025,2025-04,2025-W16,True
NQ,2025-04-17,primary_2023_2025,neutral,0.8948708621316842,0.2981665163811241,True,False,primary_2023_2025,standard,0.7167630057803468,0.6875,False,True,True,broken,broken_down,1.3616473616473617,True,True,0.5504587155963303,41,2025,2025-04,2025-W16,True
NQ,2025-04-21,primary_2023_2025,neutral,0.9267175572519084,0.3737410508433442,True,False,primary_2023_2025,standard,0.9383092155369384,0.573051948051948,False,False,False,broken,broken_down,1.0867106503298776,True,True,0.5031055900621118,0,2025,2025-04,2025-W17,True
NQ,2025-04-22,primary_2023_2025,neutral,0.9738924050632912,0.3404788169702752,True,False,primary_2023_2025,standard,0.8697638994668697,1.060420315236427,False,True,True,broken,broken_up,1.47323600973236,True,True,0.4953846153846153,3,2025,2025-04,2025-W17,True
NQ,2025-04-23,primary_2023_2025,neutral,1.1016211941478846,0.335688264184894,False,True,primary_2023_2025,standard,0.8667174409748667,0.7706502636203867,False,True,False,broken,broken_up,1.911184210526316,True,True,0.4938650306748466,6,2025,2025-04,2025-W17,True
NQ,2025-04-24,primary_2023_2025,neutral,0.8390932738758826,0.4205119275639909,True,False,primary_2023_2025,standard,1.1035795887281037,0.4285714285714285,True,False,False,broken,broken_up,0.847972972972973,True,True,0.50920245398773,0,2025,2025-04,2025-W17,True
NQ,2025-04-25,primary_2023_2025,neutral,0.8361204013377926,0.1955545449377522,False,False,primary_2023_2025,standard,0.4933667981355324,1.4244186046511629,False,False,True,trapped,trapped,1.8852941176470588,True,True,0.5015479876160991,10,2025,2025-04,2025-W17,True
NQ,2025-04-28,primary_2023_2025,compression,0.5269416573764399,0.378764831153027,True,False,primary_2023_2025,standard,0.8927931158121191,0.4240963855421686,True,True,False,broken,broken_up,1.69433465085639,True,True,0.4355828220858895,17,2025,2025-04,2025-W18,True
NQ,2025-04-29,primary_2023_2025,neutral,0.7521367521367521,0.2618911263485381,False,False,primary_2023_2025,standard,0.6443259710586443,0.9290780141843972,False,False,True,trapped,trapped,1.1012658227848102,True,True,0.50920245398773,17,2025,2025-04,2025-W18,True
NQ,2025-04-30,primary_2023_2025,neutral,1.16164994425864,0.4418742586002372,False,True,primary_2023_2025,standard,1.0213252094440213,0.5130499627143923,False,False,False,broken,broken_down,2.0828402366863905,True,True,0.4707692307692308,0,2025,2025-04,2025-W18,True
NQ,2025-05-01,primary_2023_2025,compression,0.6546099290780142,0.3452756033390717,True,False,primary_2023_2025,standard,0.8192678227360308,0.6538099717779868,False,True,True,trapped,trapped,1.8419243986254292,True,True,0.4707692307692308,22,2025,2025-05,2025-W18,True
NQ,2025-05-02,primary_2023_2025,neutral,1.16462281679673,0.2523716090940183,True,False,primary_2023_2025,standard,0.5610244097639056,0.7917261055634808,False,False,False,broken,broken_up,0.9641744548286604,True,True,0.4984326018808777,0,2025,2025-05,2025-W18,True
NQ,2025-05-05,primary_2023_2025,neutral,0.7008547008547008,0.2683298281238668,False,False,primary_2023_2025,standard,0.4481227291077916,0.654054054054054,False,False,False,trapped,trapped,1.4512922465208749,True,False,0.509375,6,2025,2025-05,2025-W19,True
NQ,2025-05-06,primary_2023_2025,neutral,0.7995255041518387,0.4408849841967107,False,True,primary_2023_2025,standard,0.6933445661331087,0.9173754556500608,False,True,True,broken,broken_down,1.107038123167155,True,False,0.5308641975308642,0,2025,2025-05,2025-W19,True
NQ,2025-05-07,primary_2023_2025,neutral,1.086550182852499,0.4126140442203896,False,True,primary_2023_2025,standard,0.6605263157894737,0.7370517928286853,False,True,True,trapped,trapped,3.1359832635983262,True,True,0.5154320987654321,13,2025,2025-05,2025-W19,True
NQ,2025-05-08,primary_2023_2025,neutral,1.143437626980902,0.4893788652863673,False,False,primary_2023_2025,standard,0.8268968650613358,0.8527472527472527,False,False,False,trapped,trapped,2.4043624161073827,True,True,0.4782608695652174,5,2025,2025-05,2025-W19,True
NQ,2025-05-09,primary_2023_2025,compression,0.6761479073547338,0.4853757968754275,False,True,primary_2023_2025,standard,0.8632603406326034,0.5107102593010147,False,True,False,trapped,trapped,0.7589285714285714,True,True,0.5171339563862928,0,2025,2025-05,2025-W19,True
NQ,2025-05-12,primary_2023_2025,expansion,2.0122749590834696,0.5606517803258901,False,False,primary_2023_2025,standard,0.9768664563617244,0.767491926803014,False,True,True,trapped,trapped,1.3295597484276729,True,False,0.441358024691358,12,2025,2025-05,2025-W20,True
NQ,2025-05-13,primary_2023_2025,neutral,0.8109656301145662,0.7647041252203005,True,False,primary_2023_2025,standard,1.3920609026644917,0.29375,True,False,False,broken,broken_up,0.582648401826484,True,True,0.5514018691588785,0,2025,2025-05,2025-W20,True
NQ,2025-05-14,primary_2023_2025,compression,0.4925309432351686,0.3021859650130698,False,True,primary_2023_2025,standard,0.5720500271886895,1.049429657794677,False,True,True,broken,broken_up,1.049429657794677,True,True,0.546583850931677,26,2025,2025-05,2025-W20,True
NQ,2025-05-15,primary_2023_2025,neutral,0.7511737089201878,0.4250848068205698,False,True,primary_2023_2025,standard,0.7699836867862969,0.8036723163841808,False,False,False,trapped,trapped,2.759493670886076,True,True,0.450920245398773,8,2025,2025-05,2025-W20,True
NQ,2025-05-16,primary_2023_2025,compression,0.5536823425022183,0.3822834896930244,False,True,primary_2023_2025,standard,0.6514410005437737,0.5292153589315526,False,True,True,trapped,trapped,2.345565749235474,True,True,0.5205047318611987,33,2025,2025-05,2025-W20,True
NQ,2025-05-19,primary_2023_2025,neutral,1.14365933551708,0.7554974961898541,False,True,primary_2023_2025,standard,1.1585976627712855,0.5590778097982709,False,False,False,broken,broken_up,0.6426512968299711,True,True,0.5185185185185185,0,2025,2025-05,2025-W21,True
NQ,2025-05-20,primary_2023_2025,compression,0.6307908282639214,0.2763224000574176,False,True,primary_2023_2025,standard,0.4284919309961046,0.8753246753246753,False,False,True,broken,broken_down,2.073529411764706,True,True,0.5171339563862928,34,2025,2025-05,2025-W21,True
NQ,2025-05-21,primary_2023_2025,neutral,0.847256549678695,0.7347025949524792,True,False,primary_2023_2025,standard,1.1909982688978649,1.5465116279069768,False,True,True,trapped,trapped,2.95738203957382,True,True,0.4382716049382716,3,2025,2025-05,2025-W21,True
NQ,2025-05-22,primary_2023_2025,neutral,0.8131868131868132,0.6075470375950387,False,True,primary_2023_2025,standard,1.0005770340450086,0.5916955017301038,False,False,True,broken,broken_up,0.7912341407151096,True,True,0.5,42,2025,2025-05,2025-W21,True
NQ,2025-05-23,primary_2023_2025,expansion,2.1054808686659774,0.482291410719927,False,False,primary_2023_2025,standard,0.8021015761821366,0.9112081513828238,False,False,True,trapped,trapped,1.1513828238719068,True,False,0.5230769230769231,9,2025,2025-05,2025-W21,True
NQ,2025-05-26,primary_2023_2025,expansion,1.3846949327817994,0.276622062296188,False,True,primary_2023_2025,standard,0.4308231173380035,0.4444444444444444,True,True,True,broken,broken_up,1.6020408163265305,True,False,0.6111111111111112,8,2025,2025-05,2025-W22,True
NQ,2025-05-27,primary_2023_2025,neutral,0.8721278721278721,0.6460903748102595,True,False,primary_2023_2025,standard,0.9946075494307968,0.5373493975903615,False,False,False,broken,broken_up,0.7313237221494102,True,True,0.4984227129337539,0,2025,2025-05,2025-W22,True
NQ,2025-05-28,primary_2023_2025,compression,0.5398138572905895,0.4316327308777549,False,True,primary_2023_2025,standard,0.6848154869933454,0.4010600706713781,True,True,True,broken,broken_up,1.2785299806576402,True,True,0.4937888198757764,8,2025,2025-05,2025-W22,True
NQ,2025-05-29,primary_2023_2025,expansion,1.585209003215434,0.8789191570599897,False,True,primary_2023_2025,exhaustion,1.519035532994924,0.681704260651629,False,False,True,broken,broken_down,0.7393483709273183,True,True,0.5030487804878049,9,2025,2025-05,2025-W22,True
NQ,2025-05-30,primary_2023_2025,neutral,0.8055842812823164,0.470378301213419,False,False,primary_2023_2025,standard,0.8362944162436549,1.8649468892261,False,False,True,trapped,trapped,2.2911392405063293,True,True,0.4860681114551083,21,2025,2025-05,2025-W22,True
NQ,2025-06-02,primary_2023_2025,neutral,0.814042786615469,0.6724903983733714,True,False,primary_2023_2025,standard,1.133248730964467,0.5296752519596865,False,False,True,broken,broken_up,0.8723404255319149,True,True,0.531055900621118,0,2025,2025-06,2025-W23,True
NQ,2025-06-03,primary_2023_2025,neutral,0.7244723331431832,0.5189094107299912,True,False,primary_2023_2025,standard,0.8566243194192378,0.5903954802259888,False,False,False,broken,broken_up,1.3650485436893205,True,True,0.5506329113924051,0,2025,2025-06,2025-W23,True
NQ,2025-06-04,primary_2023_2025,compression,0.5167630057803468,0.4342555618938961,False,True,primary_2023_2025,standard,0.7694251421351863,0.5566502463054187,False,False,True,broken,broken_both,0.6403940886699507,True,True,0.5784615384615385,27,2025,2025-06,2025-W23,True
NQ,2025-06-05,primary_2023_2025,neutral,0.8786264061574897,0.7038889303575427,True,False,primary_2023_2025,standard,1.2262678803641092,1.168610816542948,False,True,True,broken,broken_down,2.8959731543624163,True,True,0.5248447204968945,11,2025,2025-06,2025-W23,True
NQ,2025-06-06,primary_2023_2025,expansion,1.6573511543134871,0.4024721133554417,False,True,primary_2023_2025,standard,0.694408322496749,0.8426966292134831,False,True,True,broken,broken_up,1.4926108374384237,True,True,0.546583850931677,27,2025,2025-06,2025-W23,True
NQ,2025-06-09,primary_2023_2025,compression,0.5182525433871933,0.4313166711595487,True,False,primary_2023_2025,standard,0.7909604519774012,0.4964285714285714,True,False,True,broken,broken_up,0.6731601731601732,True,True,0.5360501567398119,0,2025,2025-06,2025-W24,True
NQ,2025-06-10,primary_2023_2025,neutral,1.211550533584432,0.2299728769530504,False,False,primary_2023_2025,standard,0.4315412186379928,2.5016611295681064,False,False,True,trapped,trapped,3.3156146179401995,True,True,0.4891640866873065,22,2025,2025-06,2025-W24,True
NQ,2025-06-11,primary_2023_2025,neutral,1.2065285624607658,0.4565448202639163,False,False,primary_2023_2025,standard,0.8945022288261516,0.7956810631229236,False,True,True,trapped,trapped,2.16078431372549,True,True,0.5457317073170732,15,2025,2025-06,2025-W24,True
NQ,2025-06-12,primary_2023_2025,neutral,0.8665469778575703,0.4888187521650437,True,False,primary_2023_2025,standard,0.9435364041604756,0.4818897637795276,True,False,True,broken,broken_up,0.859375,True,True,0.5203761755485894,0,2025,2025-06,2025-W24,True
NQ,2025-06-13,primary_2023_2025,expansion,2.233521657250471,0.5585321100917431,False,False,primary_2023_2025,standard,1.1761978361669243,0.5519053876478318,False,True,False,trapped,trapped,1.431786216596343,True,False,0.5030674846625767,13,2025,2025-06,2025-W24,True
NQ,2025-06-16,primary_2023_2025,expansion,2.6858168761220824,0.6111580416498329,True,False,primary_2023_2025,standard,1.236255572065379,0.328125,True,True,True,broken,broken_up,0.4533333333333333,True,True,0.479876160990712,0,2025,2025-06,2025-W25,True
NQ,2025-06-17,primary_2023_2025,neutral,0.8677438659485338,0.3284864009643637,False,False,primary_2023_2025,standard,0.6478454680534919,1.756880733944954,False,True,True,trapped,trapped,2.097674418604651,True,True,0.4815950920245399,22,2025,2025-06,2025-W25,True
NQ,2025-06-18,primary_2023_2025,neutral,0.9766606822262118,0.5173453996983409,False,True,primary_2023_2025,standard,1.0193164933135217,0.8090379008746356,False,True,True,broken,broken_up,1.3748006379585327,True,True,0.525,31,2025,2025-06,2025-W25,True
NQ,2025-06-19,primary_2023_2025,neutral,1.1558282208588957,0.4031603042162002,True,False,primary_2023_2025,standard,0.8118959107806691,0.4853479853479853,True,False,True,broken,broken_down,0.4853479853479853,False,False,0.5416666666666666,22,2025,2025-06,2025-W25,True
NQ,2025-06-20,primary_2023_2025,expansion,1.6921255180580226,1.0569469290399525,False,True,primary_2023_2025,exhaustion,2.1916537867078825,0.4428772919605077,True,False,False,broken,broken_up,0.8305785123966942,True,False,0.4814814814814814,0,2025,2025-06,2025-W25,True
NQ,2025-06-23,primary_2023_2025,expansion,1.788040260509177,0.8382798304058147,True,False,primary_2023_2025,exhaustion,1.6043276661514685,1.3477842003853564,False,False,True,broken,broken_up,1.3980295566502463,True,True,0.5709876543209876,10,2025,2025-06,2025-W26,True
NQ,2025-06-24,primary_2023_2025,expansion,1.5097690941385435,0.355992141453831,False,False,primary_2023_2025,standard,0.6736059479553903,0.6070640176600441,False,False,False,trapped,trapped,2.006802721088435,True,True,0.4922600619195046,1,2025,2025-06,2025-W26,True
NQ,2025-06-25,primary_2023_2025,compression,0.5779294653014789,0.319239390894334,False,True,primary_2023_2025,standard,0.6383307573415765,0.7288135593220338,False,False,False,broken,broken_up,1.6124260355029585,True,False,0.479876160990712,3,2025,2025-06,2025-W26,True
NQ,2025-06-26,primary_2023_2025,compression,0.6700796359499431,0.4368463395012067,False,True,primary_2023_2025,standard,0.839258114374034,0.7513812154696132,False,False,True,trapped,trapped,1.4545454545454546,True,True,0.4748427672955975,0,2025,2025-06,2025-W26,True
NQ,2025-06-27,primary_2023_2025,compression,0.6407523510971787,0.4604399212081418,True,False,primary_2023_2025,standard,0.9019292604501608,0.8841354723707665,False,True,True,broken,broken_up,1.568627450980392,True,True,0.5139318885448917,9,2025,2025-06,2025-W26,True
NQ,2025-06-30,primary_2023_2025,neutral,0.8395378690629012,0.2791856369727686,False,False,primary_2023_2025,standard,0.5367464905037159,1.0,False,True,True,trapped,trapped,1.892307692307692,True,True,0.4875,50,2025,2025-06,2025-W27,True
NQ,2025-07-01,primary_2023_2025,neutral,0.8164313222079589,0.8899995615765706,True,False,primary_2023_2025,exhaustion,1.7454858125537402,0.5724137931034483,False,True,True,broken,broken_down,1.899497487437186,True,True,0.5356037151702786,0,2025,2025-07,2025-W27,True
NQ,2025-07-02,primary_2023_2025,neutral,1.0231065468549423,0.6674035028056453,True,False,primary_2023_2025,standard,1.349957007738607,0.2547770700636942,True,False,False,broken,broken_up,0.564625850340136,True,True,0.4877300613496932,0,2025,2025-07,2025-W27,True
NQ,2025-07-03,primary_2023_2025,compression,0.5629262244265344,0.5255400682191436,True,False,primary_2023_2025,standard,1.0730868443680135,0.4807692307692308,True,True,False,broken,broken_up,0.5524861878453039,True,True,0.5911949685534591,0,2025,2025-07,2025-W27,True
NQ,2025-07-04,primary_2023_2025,neutral,0.8952262864228147,0.1936515955207544,False,False,primary_2023_2025,standard,0.3955288048151332,0.7260869565217392,False,True,True,trapped,trapped,1.053191489361702,True,False,0.5467625899280576,8,2025,2025-07,2025-W27,True
NQ,2025-07-07,primary_2023_2025,compression,0.6320630749014454,0.3566400750821211,False,True,primary_2023_2025,standard,0.6534823731728289,1.3578947368421053,False,False,True,broken,broken_down,2.373376623376624,True,True,0.5638629283489096,5,2025,2025-07,2025-W28,True
NQ,2025-07-08,primary_2023_2025,neutral,0.8633377135348226,0.3936062977007631,False,False,primary_2023_2025,standard,0.705073086844368,0.9170731707317074,False,True,True,trapped,trapped,1.2883597883597884,True,False,0.5186335403726708,46,2025,2025-07,2025-W28,True
NQ,2025-07-09,primary_2023_2025,neutral,0.7467218771566597,0.7840938057608973,True,False,primary_2023_2025,standard,1.3224419604471196,0.3719115734720416,True,False,False,broken,broken_up,1.0317164179104477,True,False,0.4875,0,2025,2025-07,2025-W28,True
NQ,2025-07-10,primary_2023_2025,compression,0.5656984785615491,0.780200475353932,False,True,primary_2023_2025,standard,1.2742616033755274,0.4158940397350993,True,True,True,broken,broken_both,0.6105960264900663,False,False,0.5266457680250783,13,2025,2025-07,2025-W28,True
NQ,2025-07-11,primary_2023_2025,neutral,1.2603335750543871,0.6052754314142095,False,False,primary_2023_2025,standard,0.9856540084388186,0.5017123287671232,False,False,True,trapped,trapped,0.7968197879858657,True,False,0.5314465408805031,10,2025,2025-07,2025-W28,True
NQ,2025-07-14,primary_2023_2025,neutral,0.8208846990572879,0.8022699454767998,True,False,primary_2023_2025,standard,1.2593886462882096,0.4133148404993065,True,False,False,broken,broken_up,0.9761904761904762,True,True,0.5299684542586751,5,2025,2025-07,2025-W29,True
NQ,2025-07-15,primary_2023_2025,expansion,1.360793287566743,0.5636464702612562,False,True,primary_2023_2025,standard,0.885589519650655,0.7731755424063116,False,True,True,broken,broken_up,1.3251833740831296,True,False,0.5125,30,2025,2025-07,2025-W29,True
NQ,2025-07-16,primary_2023_2025,neutral,0.9519450800915332,0.843965755316211,False,True,primary_2023_2025,standard,1.3344978165938866,1.225130890052356,False,True,True,broken,broken_up,1.8792184724689165,True,True,0.5030674846625767,31,2025,2025-07,2025-W29,True
NQ,2025-07-17,primary_2023_2025,neutral,0.8775193798449612,0.8373458602466236,True,False,primary_2023_2025,standard,1.245414847161572,0.332398316970547,True,False,False,broken,broken_up,1.2191780821917808,True,True,0.5142857142857142,0,2025,2025-07,2025-W29,True
NQ,2025-07-18,primary_2023_2025,compression,0.4793650793650794,0.574424701427323,True,False,primary_2023_2025,standard,0.8162251655629139,0.6876267748478702,False,False,True,broken,broken_down,0.6876267748478702,True,True,0.5201238390092879,0,2025,2025-07,2025-W29,True
NQ,2025-07-21,primary_2023_2025,compression,0.6908491343775762,0.8230652503793626,True,False,primary_2023_2025,standard,1.1842794759825328,0.3820058997050147,True,False,True,broken,broken_up,0.586890243902439,True,True,0.4728434504792332,7,2025,2025-07,2025-W30,True
NQ,2025-07-22,primary_2023_2025,compression,0.6891774891774892,1.1809244672406425,True,False,primary_2023_2025,exhaustion,1.6890829694323144,0.3774560496380558,True,True,True,broken,broken_down,0.40641158221303,False,False,0.559375,37,2025,2025-07,2025-W30,True
NQ,2025-07-23,primary_2023_2025,neutral,0.8021201413427562,0.5562158307582601,False,True,primary_2023_2025,standard,0.7748344370860927,0.8611111111111112,False,True,False,broken,broken_down,1.4893162393162394,True,True,0.4875776397515527,16,2025,2025-07,2025-W30,True
NQ,2025-07-24,primary_2023_2025,compression,0.6749116607773852,0.4746780620199803,False,True,primary_2023_2025,standard,0.6804635761589404,0.8077858880778589,False,False,True,broken,broken_down,0.927007299270073,True,True,0.5,19,2025,2025-07,2025-W30,True
NQ,2025-07-25,primary_2023_2025,compression,0.6865401987353207,0.4428000238706212,False,True,primary_2023_2025,standard,0.6142384105960265,0.7951482479784366,False,False,False,broken,broken_down,0.997067448680352,True,True,0.525,0,2025,2025-07,2025-W30,True
NQ,2025-07-28,primary_2023_2025,neutral,0.8599819331526649,0.4824160020917767,False,True,primary_2023_2025,standard,0.6109271523178808,0.5880758807588076,False,True,True,broken,broken_down,1.2801556420233462,True,True,0.5063694267515924,17,2025,2025-07,2025-W31,True
NQ,2025-07-29,primary_2023_2025,neutral,0.8649706457925636,1.013086789504525,True,False,primary_2023_2025,standard,1.2880794701986755,0.4498714652956298,True,True,False,broken,broken_up,1.3648351648351649,True,True,0.5216049382716049,0,2025,2025-07,2025-W31,True
NQ,2025-07-30,primary_2023_2025,compression,0.6081504702194357,0.457417235279252,False,True,primary_2023_2025,standard,0.5993377483443708,0.8314917127071824,False,False,True,broken,broken_up,3.0860927152317883,True,True,0.5233644859813084,24,2025,2025-07,2025-W31,True
NQ,2025-07-31,primary_2023_2025,expansion,1.367741935483871,1.2861159298917269,True,False,primary_2023_2025,exhaustion,1.9706691109074244,0.9376744186046512,False,False,False,broken,broken_down,2.460595446584939,True,True,0.4858934169278996,0,2025,2025-07,2025-W31,True
NQ,2025-08-01,primary_2023_2025,expansion,2.6415882967607107,1.2690409783308303,True,False,primary_2023_2025,exhaustion,2.16865261228231,0.7379543533389687,False,False,True,broken,broken_down,0.9146238377007608,True,True,0.5216049382716049,27,2025,2025-08,2025-W31,True
NQ,2025-08-04,primary_2023_2025,expansion,2.3113897596656217,0.7235994433850436,True,False,primary_2023_2025,standard,1.1125198098256734,0.4971509971509971,True,False,True,broken,broken_up,0.6809116809116809,True,True,0.546583850931677,13,2025,2025-08,2025-W32,True
NQ,2025-08-05,primary_2023_2025,neutral,0.7217305801376598,1.014045906132237,True,False,primary_2023_2025,exhaustion,1.5014492753623188,0.5347490347490348,False,True,False,broken,broken_down,1.3136531365313653,True,True,0.5274390243902439,0,2025,2025-08,2025-W32,True
NQ,2025-08-06,primary_2023_2025,expansion,1.5612903225806452,0.6794311739009201,True,False,primary_2023_2025,standard,1.03321554770318,0.5362517099863201,False,False,False,broken,broken_up,1.9468864468864469,True,True,0.5375,2,2025,2025-08,2025-W32,True
NQ,2025-08-07,primary_2023_2025,expansion,2.189247311827957,0.6446250461765792,False,True,primary_2023_2025,standard,0.986572438162544,0.8595988538681948,False,False,False,broken,broken_up,2.052529182879377,True,True,0.5184049079754601,0,2025,2025-08,2025-W32,True
NQ,2025-08-08,primary_2023_2025,compression,0.6142034548944337,0.6282912656618849,True,False,primary_2023_2025,standard,0.9885714285714284,0.5520231213872833,False,False,True,broken,broken_up,0.7296416938110749,True,True,0.5617283950617284,10,2025,2025-08,2025-W32,True
NQ,2025-08-11,primary_2023_2025,neutral,0.9053763440860216,0.3262811471556182,False,False,primary_2023_2025,standard,0.4957142857142857,1.3371757925072043,False,True,True,trapped,trapped,2.5014409221902016,True,True,0.5482866043613707,30,2025,2025-08,2025-W33,True
NQ,2025-08-12,primary_2023_2025,expansion,2.0200892857142856,0.8888682487345004,True,False,primary_2023_2025,standard,1.376978417266187,0.3960292580982236,True,False,False,trapped,trapped,1.167785234899329,True,True,0.5283018867924528,0,2025,2025-08,2025-W33,True
NQ,2025-08-13,primary_2023_2025,neutral,1.1116071428571428,0.6201891356938641,False,True,primary_2023_2025,standard,1.0071428571428571,0.4099290780141844,True,True,False,broken,broken_up,0.7181069958847737,True,True,0.4906832298136646,0,2025,2025-08,2025-W33,True
NQ,2025-08-14,primary_2023_2025,expansion,1.5491071428571428,0.5877940073253608,False,True,primary_2023_2025,standard,0.9514285714285714,0.6921921921921922,False,False,True,trapped,trapped,1.2163865546218486,True,True,0.5077881619937694,31,2025,2025-08,2025-W33,True
NQ,2025-08-15,primary_2023_2025,neutral,0.8214285714285714,0.4992905285562256,True,False,primary_2023_2025,standard,0.8100719424460432,0.7726465364120781,False,True,True,broken,broken_down,0.9094138543516874,True,True,0.5314465408805031,14,2025,2025-08,2025-W33,True
NQ,2025-08-18,primary_2023_2025,neutral,1.2700892857142858,0.3803930426925683,False,True,primary_2023_2025,standard,0.6057553956834533,0.7363420427553444,False,True,True,broken,broken_down,1.0896358543417366,True,True,0.4813664596273292,19,2025,2025-08,2025-W34,True
NQ,2025-08-19,primary_2023_2025,neutral,0.9225806451612903,0.9259426711275884,True,False,primary_2023_2025,standard,1.4733812949640288,0.564453125,False,False,False,broken,broken_down,1.583050847457627,True,True,0.5401234567901234,0,2025,2025-08,2025-W34,True
NQ,2025-08-20,primary_2023_2025,expansion,1.3010752688172045,1.3377701023545765,True,False,primary_2023_2025,exhaustion,2.2848920863309354,0.4105793450881612,True,True,True,broken,broken_down,0.9056987788331072,True,True,0.5186335403726708,35,2025,2025-08,2025-W34,True
NQ,2025-08-21,primary_2023_2025,expansion,1.322381930184805,0.6197864195043321,False,True,primary_2023_2025,standard,1.0985714285714283,0.9193758127438232,False,False,True,broken,broken_down,1.17815344603381,True,True,0.5294117647058824,13,2025,2025-08,2025-W34,True
NQ,2025-08-22,primary_2023_2025,expansion,1.5295220243673853,1.4288584401494755,True,False,primary_2023_2025,exhaustion,2.527363184079602,0.311586051743532,True,True,False,broken,broken_up,0.3339181286549708,True,True,0.5109034267912772,0,2025,2025-08,2025-W34,True
NQ,2025-08-25,primary_2023_2025,neutral,0.9914821124361158,0.5477100055801176,False,True,primary_2023_2025,standard,0.8885793871866295,0.3699059561128526,True,True,False,broken,broken_down,1.0806794055201698,True,True,0.540625,1,2025,2025-08,2025-W35,True
NQ,2025-08-26,primary_2023_2025,neutral,1.0025273799494523,0.459322341003805,False,True,primary_2023_2025,standard,0.7061281337047354,0.6134122287968442,False,True,True,broken,broken_up,1.0,True,True,0.5360501567398119,4,2025,2025-08,2025-W35,True
NQ,2025-08-27,primary_2023_2025,compression,0.62,0.4626302551203737,False,True,primary_2023_2025,standard,0.7320540156361052,0.6893203883495146,False,False,True,broken,broken_down,0.9705882352941176,True,True,0.4984126984126984,3,2025,2025-08,2025-W35,True
NQ,2025-08-28,primary_2023_2025,neutral,1.163333333333333,0.6684281277522829,True,False,primary_2023_2025,standard,1.0248756218905473,0.5700416088765603,False,False,True,broken,broken_up,1.0309278350515465,True,True,0.5339506172839507,4,2025,2025-08,2025-W35,True
NQ,2025-08-29,primary_2023_2025,neutral,0.9966666666666668,0.953998584571833,True,False,primary_2023_2025,standard,1.4371002132196162,0.373887240356083,True,False,False,broken,broken_down,0.4916666666666666,True,True,0.5233644859813084,0,2025,2025-08,2025-W35,True
NQ,2025-09-01,primary_2023_2025,neutral,1.220452640402347,0.2483542788749252,False,False,primary_2023_2025,standard,0.3539445628997867,0.4016064257028112,True,True,False,trapped,trapped,0.5141509433962265,True,False,0.460431654676259,0,2025,2025-09,2025-W36,True
NQ,2025-09-02,primary_2023_2025,expansion,3.01257334450964,1.0425085682132078,False,True,primary_2023_2025,standard,1.4526015680684248,0.7791952894995093,False,False,True,broken,broken_down,1.0333660451422964,True,False,0.5679012345679012,23,2025,2025-09,2025-W36,True
NQ,2025-09-03,primary_2023_2025,neutral,1.0656691604322528,0.5923311713086608,False,True,primary_2023_2025,standard,0.8852459016393442,0.7552334943639292,False,True,True,broken,broken_up,2.024449877750611,True,True,0.5353846153846153,34,2025,2025-09,2025-W36,True
NQ,2025-09-04,primary_2023_2025,compression,0.6899418121363259,0.5562964374166508,True,False,primary_2023_2025,standard,0.8402877697841726,0.6558219178082192,False,False,False,broken,broken_both,1.4520795660036163,True,True,0.5294117647058824,0,2025,2025-09,2025-W36,True
NQ,2025-09-05,primary_2023_2025,expansion,1.3813914501257334,1.5246507608852191,True,False,primary_2023_2025,exhaustion,2.338733431516937,0.2096977329974811,True,False,False,broken,broken_both,0.6919561243144424,True,True,0.5245398773006135,0,2025,2025-09,2025-W36,True
NQ,2025-09-08,primary_2023_2025,neutral,0.9625935162094764,0.4346810002336995,True,False,primary_2023_2025,standard,0.6783369803063457,1.049462365591398,False,True,True,broken,broken_up,1.2248803827751196,True,True,0.4892307692307692,12,2025,2025-09,2025-W37,True
NQ,2025-09-09,primary_2023_2025,compression,0.628428927680798,0.498698840785427,True,False,primary_2023_2025,standard,0.7687819110138585,0.7722960151802657,False,True,True,broken,broken_down,2.1437908496732025,True,True,0.5157232704402516,8,2025,2025-09,2025-W37,True
NQ,2025-09-10,primary_2023_2025,neutral,1.1416596814752724,0.3718299411191988,False,False,primary_2023_2025,standard,0.6150306748466258,0.9675810473815462,False,False,True,trapped,trapped,2.054862842892768,True,True,0.4984520123839009,9,2025,2025-09,2025-W37,True
NQ,2025-09-11,primary_2023_2025,neutral,0.9310058187863676,0.4945104799927411,True,False,primary_2023_2025,standard,0.8657664813343924,0.3779816513761468,True,True,False,broken,broken_up,0.8992042440318302,True,True,0.5297805642633229,1,2025,2025-09,2025-W37,True
NQ,2025-09-12,primary_2023_2025,compression,0.5532271584241408,0.4342650349983334,True,False,primary_2023_2025,standard,0.7568464730290456,0.4956140350877193,True,False,False,broken,broken_up,1.2642140468227423,True,True,0.4952380952380952,0,2025,2025-09,2025-W37,True
NQ,2025-09-15,primary_2023_2025,expansion,2.1676445934618607,0.4005155150193318,True,False,primary_2023_2025,standard,0.6705394190871369,0.4306930693069307,True,False,False,broken,broken_up,0.8241469816272966,True,True,0.4858934169278996,0,2025,2025-09,2025-W38,True
NQ,2025-09-16,primary_2023_2025,neutral,0.8196176226101413,0.3774778574441164,True,False,primary_2023_2025,standard,0.5941908713692946,0.5195530726256983,False,True,False,broken,broken_down,0.799373040752351,True,True,0.4716981132075472,8,2025,2025-09,2025-W38,True
NQ,2025-09-17,primary_2023_2025,compression,0.6433915211970075,0.5694357693108474,True,False,primary_2023_2025,standard,0.9689991142604074,0.6325411334552102,False,True,False,broken,broken_down,2.947494033412888,True,True,0.457680250783699,26,2025,2025-09,2025-W38,True
NQ,2025-09-18,primary_2023_2025,expansion,1.7937971500419112,0.8757873519778282,True,False,primary_2023_2025,exhaustion,1.5915750915750917,0.3912543153049482,True,True,True,broken,broken_up,0.6284584980237155,True,True,0.4953560371517028,0,2025,2025-09,2025-W38,True
NQ,2025-09-19,primary_2023_2025,neutral,0.8700754400670578,0.3938115330520393,False,True,primary_2023_2025,standard,0.717948717948718,1.3010204081632653,False,True,True,broken,broken_up,2.25,True,True,0.4392523364485981,7,2025,2025-09,2025-W38,True
NQ,2025-09-22,primary_2023_2025,neutral,0.864910790144435,0.5210146073933449,True,False,primary_2023_2025,standard,0.9216417910447762,0.8360323886639676,False,False,False,broken,broken_up,1.4959128065395095,True,True,0.5283018867924528,0,2025,2025-09,2025-W39,True
NQ,2025-09-23,primary_2023_2025,compression,0.3611584327086882,0.3429670388375447,True,False,primary_2023_2025,standard,0.6161228406909789,2.2710280373831777,False,False,True,broken,broken_down,2.426791277258567,True,True,0.4596273291925465,22,2025,2025-09,2025-W39,True
NQ,2025-09-24,primary_2023_2025,neutral,0.723441615452151,0.5088979082110522,True,False,primary_2023_2025,standard,0.9385796545105566,1.374233128834356,False,False,False,broken,broken_down,1.766884531590414,True,True,0.5092592592592593,2,2025,2025-09,2025-W39,True
NQ,2025-09-25,primary_2023_2025,expansion,1.7769973661106233,0.9460823909531504,False,True,primary_2023_2025,exhaustion,1.8354554358472088,0.7897545357524013,False,True,True,broken,broken_down,1.1094640820980617,True,False,0.4923547400611621,7,2025,2025-09,2025-W39,True
NQ,2025-09-26,primary_2023_2025,neutral,1.2519754170324846,0.8719652440582674,False,True,primary_2023_2025,exhaustion,1.6709108716944172,0.6975381008206331,False,True,True,broken,broken_down,0.9284876905041032,True,False,0.4829721362229102,3,2025,2025-09,2025-W39,True
NQ,2025-09-29,primary_2023_2025,expansion,1.318700614574188,0.546342510599474,False,True,primary_2023_2025,standard,0.9970617042115572,0.5795677799607073,False,True,False,broken,broken_up,1.418467583497053,True,False,0.501577287066246,2,2025,2025-09,2025-W40,True
NQ,2025-09-30,primary_2023_2025,neutral,0.7164179104477612,0.6305750350631136,False,True,primary_2023_2025,standard,1.084942084942085,0.797153024911032,False,False,True,broken,broken_down,1.673563218390805,True,True,0.5264797507788161,34,2025,2025-09,2025-W40,True
NQ,2025-10-01,primary_2023_2025,expansion,1.8053753475440224,0.8642591668053475,True,False,primary_2023_2025,exhaustion,1.503861003861004,0.5096277278562259,False,False,False,broken,broken_up,0.9700598802395208,True,True,0.5077399380804953,0,2025,2025-10,2025-W40,True
NQ,2025-10-02,primary_2023_2025,expansion,1.3215940685820204,0.7322678366238379,False,True,primary_2023_2025,standard,1.3532818532818534,0.6405135520684736,False,True,True,trapped,trapped,0.8564516129032258,True,True,0.509375,33,2025,2025-10,2025-W40,True
NQ,2025-10-03,primary_2023_2025,neutral,0.8674275680421423,0.4897959183673469,False,True,primary_2023_2025,standard,0.9034749034749034,1.9893162393162396,False,True,True,broken,broken_down,1.9893162393162396,True,True,0.5341614906832298,24,2025,2025-10,2025-W40,True
NQ,2025-10-06,primary_2023_2025,expansion,1.8276181649675625,0.4832,False,False,primary_2023_2025,standard,0.9032901296111664,0.6490066225165563,False,True,False,trapped,trapped,1.3738095238095238,True,True,0.5266457680250783,18,2025,2025-10,2025-W41,True
NQ,2025-10-07,primary_2023_2025,neutral,1.1306765523632991,0.9001540995802114,True,False,primary_2023_2025,exhaustion,1.6889332003988036,0.5064935064935064,False,False,False,trapped,trapped,4.3056768558951966,True,True,0.51875,0,2025,2025-10,2025-W41,True
NQ,2025-10-08,primary_2023_2025,compression,0.582905982905983,0.7300814728600148,True,False,primary_2023_2025,standard,1.3758723828514456,0.3521739130434783,True,False,False,broken,broken_up,1.0923566878980893,True,True,0.542319749216301,0,2025,2025-10,2025-W41,True
NQ,2025-10-09,primary_2023_2025,neutral,0.7395736793327155,0.5859172456704346,True,False,primary_2023_2025,standard,1.0721062618595825,0.8053097345132744,False,False,True,broken,broken_down,1.4917127071823204,True,True,0.5077881619937694,10,2025,2025-10,2025-W41,True
NQ,2025-10-10,primary_2023_2025,neutral,0.811284046692607,2.399344329474439,True,False,primary_2023_2025,exhaustion,4.4356060606060606,0.5196413321947054,False,False,False,broken,broken_up,10.291005291005291,True,True,0.5139318885448917,14,2025,2025-10,2025-W41,True
NQ,2025-10-13,primary_2023_2025,expansion,3.142023346303502,0.6527370056984977,False,False,primary_2023_2025,standard,1.363390441839495,0.5661375661375662,False,False,False,trapped,trapped,1.1693121693121693,True,True,0.5230769230769231,7,2025,2025-10,2025-W42,True
NQ,2025-10-14,primary_2023_2025,expansion,4.215953307392996,1.1824252477563697,False,True,primary_2023_2025,exhaustion,2.466725820763088,0.7122302158273381,False,False,False,broken,broken_down,0.9120065789473684,True,False,0.5077399380804953,0,2025,2025-10,2025-W42,True
NQ,2025-10-15,primary_2023_2025,expansion,2.0194862710363157,0.6860739575137687,True,False,primary_2023_2025,standard,1.3896414342629482,1.81651376146789,False,True,True,broken,broken_up,2.089017341040462,True,True,0.5308641975308642,3,2025,2025-10,2025-W42,True
NQ,2025-10-16,primary_2023_2025,expansion,1.3590325018896448,0.5077930532684869,False,True,primary_2023_2025,standard,0.9532710280373832,2.0588235294117645,False,False,False,broken,broken_up,4.796420581655481,True,True,0.4709480122324159,4,2025,2025-10,2025-W42,True
NQ,2025-10-17,primary_2023_2025,expansion,2.7120181405895694,0.8454628780934922,False,True,primary_2023_2025,exhaustion,1.704360679970436,1.034692107545533,False,True,True,broken,broken_up,1.320901994796184,True,True,0.5030487804878049,21,2025,2025-10,2025-W42,True
NQ,2025-10-20,primary_2023_2025,neutral,1.1037868162692848,0.6124649557903817,True,False,primary_2023_2025,standard,1.225017972681524,0.2992957746478873,True,False,False,broken,broken_up,0.5259259259259259,True,True,0.5271565495207667,0,2025,2025-10,2025-W43,True
NQ,2025-10-21,primary_2023_2025,compression,0.6284153005464481,0.2869084726551431,False,True,primary_2023_2025,standard,0.5559368565545642,0.9728395061728397,False,True,True,broken,broken_down,1.463476070528967,True,True,0.5109034267912772,11,2025,2025-10,2025-W43,True
NQ,2025-10-22,primary_2023_2025,neutral,0.7199453551912568,0.7478542282256929,True,False,primary_2023_2025,standard,1.4591626630061771,1.2304797742238949,False,False,False,broken,broken_down,2.2142857142857144,True,True,0.4434250764525994,0,2025,2025-10,2025-W43,True
NQ,2025-10-23,primary_2023_2025,neutral,1.0437158469945356,0.5358941642602915,True,False,primary_2023_2025,standard,1.0397394136807818,0.8208020050125313,False,False,True,broken,broken_up,0.9322268326417704,True,True,0.4984615384615384,0,2025,2025-10,2025-W43,True
NQ,2025-10-24,primary_2023_2025,expansion,1.3510928961748634,0.3112331633320256,True,False,primary_2023_2025,standard,0.6201954397394137,0.5882352941176471,False,False,False,broken,broken_up,1.1701680672268908,True,True,0.4952681388012618,10,2025,2025-10,2025-W43,True
NQ,2025-10-27,primary_2023_2025,neutral,0.8052805280528053,0.2860450861540557,True,False,primary_2023_2025,standard,0.5765271105010296,0.3904761904761905,True,False,False,broken,broken_up,1.640378548895899,True,True,0.5471698113207547,0,2025,2025-10,2025-W44,True
NQ,2025-10-28,primary_2023_2025,compression,0.6526743398781314,0.2345241341696209,False,True,primary_2023_2025,standard,0.4722031571722718,1.7703488372093024,False,True,True,broken,broken_up,3.4559386973180075,True,True,0.5,1,2025,2025-10,2025-W44,True
NQ,2025-10-29,primary_2023_2025,neutral,0.7867298578199052,0.2347557942902616,False,True,primary_2023_2025,standard,0.485929993136582,0.7344632768361582,False,True,False,broken,broken_up,3.6132404181184663,True,True,0.4906832298136646,6,2025,2025-10,2025-W44,True
NQ,2025-10-30,primary_2023_2025,expansion,1.9319727891156464,0.6254677991473852,True,False,primary_2023_2025,standard,1.3817397555715312,0.5483870967741935,False,True,True,broken,broken_down,0.9562955254942768,True,True,0.4877300613496932,52,2025,2025-10,2025-W44,True
NQ,2025-10-31,primary_2023_2025,neutral,0.8544395924308588,0.3521949064285038,False,True,primary_2023_2025,standard,0.7717842323651453,1.9301075268817205,False,False,True,broken,broken_down,2.10752688172043,True,True,0.5507692307692308,8,2025,2025-10,2025-W44,True
NQ,2025-11-03,primary_2023_2025,expansion,1.438136826783115,0.6388269046860058,False,True,primary_2023_2025,standard,1.3858921161825726,0.4900199600798403,True,True,True,broken,broken_up,0.6469957081545065,True,False,0.4923547400611621,37,2025,2025-11,2025-W45,True
NQ,2025-11-04,primary_2023_2025,expansion,2.6754002911208152,0.6610740661074066,False,False,primary_2023_2025,standard,1.1866151866151866,0.8449023861171366,False,True,False,trapped,trapped,1.502169197396963,True,True,0.5076923076923077,11,2025,2025-11,2025-W45,True
NQ,2025-11-05,primary_2023_2025,expansion,1.6196002578981303,0.7138945927446955,True,False,primary_2023_2025,standard,1.3423423423423424,0.5580057526366251,False,False,False,broken,broken_up,0.9620390455531452,True,True,0.5,0,2025,2025-11,2025-W45,True
NQ,2025-11-06,primary_2023_2025,neutral,0.9727164887307236,1.0949907857262524,True,False,primary_2023_2025,exhaustion,1.9806060606060607,0.4247246022031823,True,False,False,broken,broken_down,1.1235555555555556,True,True,0.5487804878048781,0,2025,2025-11,2025-W45,True
NQ,2025-11-07,primary_2023_2025,expansion,1.363583478766725,0.8946675444371297,True,False,primary_2023_2025,exhaustion,1.5765661252900232,0.7189109639440765,False,True,True,broken,broken_down,2.0251091703056767,True,True,0.4891640866873065,2,2025,2025-11,2025-W45,True
NQ,2025-11-10,primary_2023_2025,neutral,1.2739798622151564,0.5232344183868054,False,True,primary_2023_2025,standard,0.9071925754060324,1.1790281329923271,False,True,True,broken,broken_up,2.184070796460177,True,True,0.5108359133126935,7,2025,2025-11,2025-W46,True
NQ,2025-11-11,primary_2023_2025,neutral,0.8351881293057764,0.4465441819772528,True,False,primary_2023_2025,standard,0.740139211136891,1.365203761755486,False,True,True,broken,broken_down,1.9227373068432672,True,True,0.5092592592592593,9,2025,2025-11,2025-W46,True
NQ,2025-11-12,primary_2023_2025,neutral,0.9331006399069226,0.779185116534514,True,False,primary_2023_2025,standard,1.3757575757575755,0.5233480176211454,False,True,True,broken,broken_down,0.74230330672748,True,True,0.4722222222222222,9,2025,2025-11,2025-W46,True
NQ,2025-11-13,primary_2023_2025,expansion,1.4130702836004931,0.8773733634930426,True,False,primary_2023_2025,exhaustion,1.5515151515151515,0.7828125,False,False,False,broken,broken_down,1.7305524239007892,True,True,0.5429447852760736,0,2025,2025-11,2025-W46,True
NQ,2025-11-14,primary_2023_2025,expansion,2.479654747225647,1.6325104057446065,True,False,primary_2023_2025,exhaustion,2.896279594137542,0.3191903464383028,True,True,False,broken,broken_down,0.7850931677018633,True,True,0.4707692307692308,0,2025,2025-11,2025-W46,True
NQ,2025-11-17,primary_2023_2025,expansion,1.8372379778051788,0.7850859084701624,False,True,primary_2023_2025,standard,1.3934611048478016,1.016990291262136,False,True,True,broken,broken_down,1.569397993311037,True,True,0.5213414634146342,16,2025,2025-11,2025-W47,True
NQ,2025-11-18,primary_2023_2025,expansion,1.5741150442477876,1.088358208955224,False,True,primary_2023_2025,exhaustion,1.9362719065321297,0.6823916620954471,False,True,True,broken,broken_down,1.079601990049751,True,True,0.4629629629629629,14,2025,2025-11,2025-W47,True
NQ,2025-11-19,primary_2023_2025,neutral,1.1664137582195244,0.9459036453145898,False,True,primary_2023_2025,exhaustion,1.6933265410086602,0.5240673886883274,False,True,False,broken,broken_up,1.1137184115523466,True,False,0.4551083591331269,6,2025,2025-11,2025-W47,True
NQ,2025-11-20,primary_2023_2025,neutral,1.1597189695550352,0.9141901731298204,True,False,primary_2023_2025,exhaustion,1.726948548140601,1.6342182890855457,False,False,False,broken,broken_up,7.882926829268293,True,True,0.558282208588957,4,2025,2025-11,2025-W47,True
NQ,2025-11-21,primary_2023_2025,expansion,1.3484123531970422,0.7232205993513935,False,True,primary_2023_2025,standard,1.4503667481662592,1.1321645313553608,False,True,False,broken,broken_up,2.4709141274238227,True,True,0.4634146341463415,6,2025,2025-11,2025-W47,True
NQ,2025-11-24,primary_2023_2025,neutral,0.7320430107526882,0.7150373179982871,True,False,primary_2023_2025,standard,1.3415977961432506,0.3415468856947296,True,False,False,broken,broken_up,1.1175889328063242,True,True,0.5745341614906833,0,2025,2025-11,2025-W48,True
NQ,2025-11-25,primary_2023_2025,compression,0.5660215053763441,0.5376215622087883,False,True,primary_2023_2025,standard,0.9489666807254324,0.7857777777777778,False,True,False,broken,broken_down,1.3477477477477475,True,True,0.4785276073619632,0,2025,2025-11,2025-W48,True
NQ,2025-11-26,primary_2023_2025,compression,0.6004301075268818,0.3745318352059925,True,False,primary_2023_2025,standard,0.6916912695065374,0.4634146341463415,True,True,False,broken,broken_up,1.2610921501706485,True,True,0.4523076923076923,4,2025,2025-11,2025-W48,True
NQ,2025-11-27,primary_2023_2025,compression,0.1686021505376344,0.0590188122464035,False,True,primary_2023_2025,standard,0.1079713201180936,0.3828125,True,False,True,broken,broken_down,0.6097560975609756,True,True,0.5912408759124088,50,2025,2025-11,2025-W48,True
NQ,2025-11-28,primary_2023_2025,compression,0.3384080034797738,0.204741641337386,False,True,primary_2023_2025,standard,0.3551244200759173,1.1971496437054632,False,False,True,broken,broken_up,1.5412087912087913,True,True,0.5093167701863354,7,2025,2025-11,2025-W48,True
NQ,2025-12-01,primary_2023_2025,neutral,1.2274902131361465,0.4375811056319751,False,False,primary_2023_2025,standard,0.7110923660902573,0.5527876631079478,False,False,False,trapped,trapped,1.2698191933240612,True,False,0.4953560371517028,7,2025,2025-12,2025-W49,True
NQ,2025-12-02,primary_2023_2025,compression,0.6812903225806451,0.4887238279778244,False,True,primary_2023_2025,standard,0.7659215520877267,0.9151982378854624,False,True,True,broken,broken_up,1.3923705722070845,True,True,0.5171339563862928,23,2025,2025-12,2025-W49,True
NQ,2025-12-03,primary_2023_2025,neutral,0.8934319269247499,0.3725422559503277,False,False,primary_2023_2025,standard,0.5921552087726698,0.7108262108262108,False,False,True,trapped,trapped,1.278546712802768,True,True,0.4735202492211838,1,2025,2025-12,2025-W49,True
NQ,2025-12-04,primary_2023_2025,compression,0.47583985273815,0.4440293529019346,True,False,primary_2023_2025,standard,0.7018135807676086,0.4266826923076923,True,True,True,broken,broken_down,0.8545454545454545,True,True,0.4875776397515527,51,2025,2025-12,2025-W49,True
NQ,2025-12-05,primary_2023_2025,compression,0.6479521398987574,0.4169569644675491,False,True,primary_2023_2025,standard,0.6884955752212389,0.5668380462724936,False,False,False,broken,broken_up,1.0796915167095116,True,False,0.4938271604938271,3,2025,2025-12,2025-W49,True
NQ,2025-12-08,primary_2023_2025,compression,0.5654952076677316,0.5415391721032273,True,False,primary_2023_2025,standard,0.9227742252828331,0.5607675906183369,False,False,False,broken,broken_both,0.7803680981595092,True,True,0.5415384615384615,0,2025,2025-12,2025-W50,True
NQ,2025-12-09,primary_2023_2025,compression,0.6823956442831216,0.361311336972585,False,True,primary_2023_2025,standard,0.5807077072224915,0.4507512520868113,True,False,False,broken,broken_down,0.9113636363636364,True,True,0.540625,0,2025,2025-12,2025-W50,True
NQ,2025-12-10,primary_2023_2025,compression,0.6279491833030852,0.3499039897589076,False,True,primary_2023_2025,standard,0.5564711585070286,0.60801393728223,False,True,True,broken,broken_down,3.249406175771972,True,True,0.4875776397515527,38,2025,2025-12,2025-W50,True
NQ,2025-12-11,primary_2023_2025,expansion,2.010955569080949,0.6552625775761585,False,False,primary_2023_2025,standard,1.1267605633802815,0.8576923076923076,False,True,True,trapped,trapped,1.0278846153846153,True,False,0.4693251533742331,25,2025,2025-12,2025-W50,True
NQ,2025-12-12,primary_2023_2025,neutral,0.9774802191113816,1.2254298785297366,True,False,primary_2023_2025,exhaustion,2.104008667388949,0.5242018537590113,False,True,False,broken,broken_down,0.9326765188834154,True,True,0.4753086419753086,0,2025,2025-12,2025-W50,True
NQ,2025-12-15,primary_2023_2025,expansion,2.6796238244514106,1.111757434741511,False,True,primary_2023_2025,exhaustion,1.6565547128927411,0.4748201438848921,True,False,True,broken,broken_up,0.5493786788750817,False,False,0.5596330275229358,7,2025,2025-12,2025-W51,True
NQ,2025-12-16,primary_2023_2025,expansion,1.5711598746081503,0.6822980331147905,False,True,primary_2023_2025,standard,0.9978331527627302,0.7958740499457112,False,False,True,broken,broken_up,1.1824104234527688,True,True,0.4678899082568807,31,2025,2025-12,2025-W51,True
NQ,2025-12-17,primary_2023_2025,neutral,1.2238244514106582,1.2591928251121076,True,False,primary_2023_2025,exhaustion,1.9190814652815744,0.3447293447293447,True,False,False,broken,broken_down,2.1940667490729298,True,True,0.5368098159509203,1,2025,2025-12,2025-W51,True
NQ,2025-12-18,primary_2023_2025,expansion,1.924764890282132,0.722216233696238,True,False,primary_2023_2025,standard,1.0989611809732094,0.9054726368159204,False,True,True,broken,broken_up,1.291784702549575,True,True,0.5015384615384615,24,2025,2025-12,2025-W51,True
NQ,2025-12-19,primary_2023_2025,neutral,0.9216300940438872,0.7131339783054822,True,False,primary_2023_2025,standard,1.0639693821760523,0.4224049331963001,True,False,True,broken,broken_up,0.5652620760534429,False,False,0.5590062111801242,14,2025,2025-12,2025-W51,True
NQ,2025-12-22,primary_2023_2025,neutral,0.8015717092337917,0.4845446950710109,False,True,primary_2023_2025,standard,0.7293603061782394,0.3253373313343328,True,False,True,broken,broken_up,0.810204081632653,True,True,0.5488958990536278,16,2025,2025-12,2025-W52,True
NQ,2025-12-23,primary_2023_2025,neutral,0.7255038220986796,0.366965810413109,True,False,primary_2023_2025,standard,0.5768132495716733,0.3920792079207921,True,False,False,broken,broken_up,1.2093495934959348,True,True,0.5714285714285714,6,2025,2025-12,2025-W52,True
NQ,2025-12-24,primary_2023_2025,compression,0.3015983321751216,0.2131032702872101,True,False,primary_2023_2025,standard,0.3450746268656716,0.5743944636678201,False,False,False,broken,broken_up,1.4669603524229076,True,True,0.43125,1,2025,2025-12,2025-W52,True
NQ,2025-12-26,primary_2023_2025,compression,0.4447533009034051,0.3210298382931383,False,True,primary_2023_2025,standard,0.4823880597014925,0.4504950495049505,True,True,True,broken,broken_both,0.6361386138613861,False,False,0.5109717868338558,52,2025,2025-12,2025-W52,True
NQ,2025-12-29,primary_2023_2025,expansion,1.3175816539263376,0.5278174037089871,False,False,primary_2023_2025,standard,0.751044776119403,0.5151033386327504,False,False,True,trapped,trapped,0.8028616852146264,True,True,0.5235109717868338,7,2025,2025-12,2026-W01,True
NQ,2025-12-30,primary_2023_2025,compression,0.3680419122462344,0.4065835920554586,True,False,primary_2023_2025,standard,0.5707462686567164,0.6443514644351465,False,True,True,broken,broken_both,1.2487562189054726,True,True,0.4600638977635782,33,2025,2025-12,2026-W01,True
NQ,2025-12-31,primary_2023_2025,neutral,0.9131341209173036,0.499916401939475,False,True,primary_2023_2025,standard,0.7428571428571429,0.411371237458194,True,True,True,trapped,trapped,1.532258064516129,True,True,0.5139318885448917,12,2025,2025-12,2026-W01,True
