root,session_date,globex_first_timestamp,globex_last_timestamp,globex_open,globex_high,globex_low,globex_close,globex_volume,globex_bar_count,rth_morning_first_timestamp,rth_morning_last_timestamp,rth_morning_open,rth_morning_high,rth_morning_low,rth_morning_close,rth_morning_volume,rth_morning_bar_count,rth_morning_atr20,cohort,globex_range,globex_reference_median_20,globex_range_ratio,globex_state,globex_range_ratio_bin,rth_morning_range,rth_morning_range_div_atr20,rth_morning_trendiness,rth_morning_signed_trendiness,breached_globex_high,breached_globex_low,closed_outside_globex_range,max_extension_beyond_globex_range,failed_breakout_reentry,year,month,week
MNQ,2023-01-03,2023-01-02 23:00:00+00:00,2023-01-03 14:29:00+00:00,11117.0,11170.75,10951.75,11119.25,370758,930,2023-01-03 14:30:00+00:00,2023-01-03 16:29:00+00:00,11119.5,11181.75,10891.0,10914.5,374931,120,,primary_2023_2025,219.0,,,unclassified,,290.75,,0.705073086844368,-0.705073086844368,True,True,True,60.75,False,2023,2023-01,2023-W01
MNQ,2023-01-04,2023-01-03 23:00:00+00:00,2023-01-04 14:29:00+00:00,10941.75,11051.25,10923.25,11034.0,271917,930,2023-01-04 14:30:00+00:00,2023-01-04 16:29:00+00:00,11033.75,11046.75,10863.25,10992.5,443889,120,,primary_2023_2025,128.0,,,unclassified,,183.5,,0.22479564032697547,-0.22479564032697547,False,True,False,60.0,True,2023,2023-01,2023-W01
MNQ,2023-01-05,2023-01-04 23:00:00+00:00,2023-01-05 14:29:00+00:00,10983.75,11046.25,10889.25,10922.5,323096,930,2023-01-05 14:30:00+00:00,2023-01-05 16:29:00+00:00,10922.25,10927.25,10814.75,10848.25,382020,120,,primary_2023_2025,157.0,,,unclassified,,112.5,,0.6577777777777778,-0.6577777777777778,False,True,True,74.5,False,2023,2023-01,2023-W01
MNQ,2023-01-06,2023-01-05 23:00:00+00:00,2023-01-06 14:29:00+00:00,10837.75,10969.25,10751.0,10891.0,385437,930,2023-01-06 14:30:00+00:00,2023-01-06 16:29:00+00:00,10890.5,11022.25,10766.5,10986.5,513370,120,,primary_2023_2025,218.25,,,unclassified,,255.75,,0.375366568914956,0.375366568914956,True,False,True,53.0,False,2023,2023-01,2023-W01
MNQ,2023-01-09,2023-01-08 23:00:00+00:00,2023-01-09 14:29:00+00:00,11128.75,11205.5,11120.25,11199.75,257626,930,2023-01-09 14:30:00+00:00,2023-01-09 16:29:00+00:00,11199.5,11385.5,11194.5,11373.5,361620,120,,primary_2023_2025,85.25,,,unclassified,,191.0,,0.9109947643979057,0.9109947643979057,True,False,True,180.0,False,2023,2023-01,2023-W02
MNQ,2023-01-10,2023-01-09 23:00:00+00:00,2023-01-10 14:29:00+00:00,11181.25,11205.75,11094.25,11143.0,294074,930,2023-01-10 14:30:00+00:00,2023-01-10 16:29:00+00:00,11143.0,11283.25,11120.75,11194.75,502529,120,,primary_2023_2025,111.5,,,unclassified,,162.5,,0.31846153846153846,0.31846153846153846,True,False,False,77.5,True,2023,2023-01,2023-W02
MNQ,2023-01-11,2023-01-10 23:00:00+00:00,2023-01-11 14:29:00+00:00,11281.75,11334.25,11239.5,11323.5,210469,930,2023-01-11 14:30:00+00:00,2023-01-11 16:29:00+00:00,11323.75,11388.75,11290.75,11369.25,369818,120,,primary_2023_2025,94.75,,,unclassified,,98.0,,0.4642857142857143,0.4642857142857143,True,False,True,54.5,False,2023,2023-01,2023-W02
MNQ,2023-01-12,2023-01-11 23:00:00+00:00,2023-01-12 14:29:00+00:00,11471.75,11580.0,11288.5,11490.25,423370,930,2023-01-12 14:30:00+00:00,2023-01-12 16:29:00+00:00,11490.25,11518.5,11311.0,11450.75,585652,120,,primary_2023_2025,291.5,,,unclassified,,207.5,,0.19036144578313252,-0.19036144578313252,False,False,False,0.0,False,2023,2023-01,2023-W02
MNQ,2023-01-13,2023-01-12 23:00:00+00:00,2023-01-13 14:29:00+00:00,11529.75,11536.25,11389.5,11424.25,276776,930,2023-01-13 14:30:00+00:00,2023-01-13 16:29:00+00:00,11424.5,11538.5,11408.5,11485.25,374480,120,,primary_2023_2025,146.75,,,unclassified,,130.0,,0.4673076923076923,0.4673076923076923,True,False,False,2.25,True,2023,2023-01,2023-W02
MNQ,2023-01-16,2023-01-15 23:00:00+00:00,2023-01-16 14:29:00+00:00,11612.5,11638.25,11510.25,11590.75,166013,930,2023-01-16 14:30:00+00:00,2023-01-16 16:29:00+00:00,11590.5,11611.0,11581.5,11586.75,41594,120,,primary_2023_2025,128.0,,,unclassified,,29.5,,0.1271186440677966,-0.1271186440677966,False,False,False,0.0,False,2023,2023-01,2023-W03
MNQ,2023-01-17,2023-01-16 23:00:00+00:00,2023-01-17 14:29:00+00:00,11571.5,11604.25,11530.0,11598.5,236313,930,2023-01-17 14:30:00+00:00,2023-01-17 16:29:00+00:00,11598.5,11685.0,11549.25,11582.75,408375,120,,primary_2023_2025,74.25,,,unclassified,,135.75,,0.11602209944751381,-0.11602209944751381,True,False,False,80.75,True,2023,2023-01,2023-W03
MNQ,2023-01-18,2023-01-17 23:00:00+00:00,2023-01-18 14:29:00+00:00,11622.0,11721.75,11582.0,11695.0,313367,930,2023-01-18 14:30:00+00:00,2023-01-18 16:29:00+00:00,11694.75,11759.5,11541.75,11564.25,505892,120,,primary_2023_2025,139.75,,,unclassified,,217.75,,0.5993111366245695,-0.5993111366245695,True,True,True,40.25,False,2023,2023-01,2023-W03
MNQ,2023-01-19,2023-01-18 23:00:00+00:00,2023-01-19 14:29:00+00:00,11470.0,11486.75,11344.75,11407.5,293690,930,2023-01-19 14:30:00+00:00,2023-01-19 16:29:00+00:00,11407.5,11446.75,11321.25,11331.75,429895,120,,primary_2023_2025,142.0,,,unclassified,,125.5,,0.603585657370518,-0.603585657370518,False,True,True,23.5,False,2023,2023-01,2023-W03
MNQ,2023-01-20,2023-01-19 23:00:00+00:00,2023-01-20 14:29:00+00:00,11405.5,11448.25,11365.25,11428.5,208346,930,2023-01-20 14:30:00+00:00,2023-01-20 16:29:00+00:00,11428.25,11537.5,11383.0,11536.25,369197,120,,primary_2023_2025,83.0,,,unclassified,,154.5,,0.6990291262135923,0.6990291262135923,True,False,True,89.25,False,2023,2023-01,2023-W03
MNQ,2023-01-23,2023-01-22 23:00:00+00:00,2023-01-23 14:29:00+00:00,11677.75,11723.5,11650.25,11704.0,194623,930,2023-01-23 14:30:00+00:00,2023-01-23 16:29:00+00:00,11704.0,11957.25,11671.75,11911.25,414829,120,,primary_2023_2025,73.25,,,unclassified,,285.5,,0.7259194395796847,0.7259194395796847,True,False,True,233.75,False,2023,2023-01,2023-W04
MNQ,2023-01-24,2023-01-23 23:00:00+00:00,2023-01-24 14:29:00+00:00,11933.0,11944.5,11835.75,11859.5,186713,930,2023-01-24 14:30:00+00:00,2023-01-24 16:29:00+00:00,11860.0,11951.75,11838.0,11936.75,414720,120,,primary_2023_2025,108.75,,,unclassified,,113.75,,0.6747252747252748,0.6747252747252748,True,False,False,7.25,True,2023,2023-01,2023-W04
MNQ,2023-01-25,2023-01-24 23:00:00+00:00,2023-01-25 14:29:00+00:00,11973.0,11976.5,11701.5,11712.5,284621,930,2023-01-25 14:30:00+00:00,2023-01-25 16:29:00+00:00,11712.5,11744.0,11604.5,11724.25,485663,120,220.95,primary_2023_2025,275.0,,,unclassified,,139.5,0.6313645621181263,0.08422939068100359,0.08422939068100359,False,True,False,97.0,True,2023,2023-01,2023-W04
MNQ,2023-01-26,2023-01-25 23:00:00+00:00,2023-01-26 14:29:00+00:00,11875.0,12026.0,11867.25,12017.75,287156,930,2023-01-26 14:30:00+00:00,2023-01-26 16:29:00+00:00,12017.75,12075.0,11904.0,11946.0,459060,120,226.9125,primary_2023_2025,158.75,,,unclassified,,171.0,0.7535944471988101,0.4195906432748538,-0.4195906432748538,True,False,False,49.0,True,2023,2023-01,2023-W04
MNQ,2023-01-27,2023-01-26 23:00:00+00:00,2023-01-27 14:29:00+00:00,12050.25,12083.5,12016.0,12047.0,221255,930,2023-01-27 14:30:00+00:00,2023-01-27 16:29:00+00:00,12047.0,12192.5,12041.75,12157.75,433493,120,220.5,primary_2023_2025,67.5,,,unclassified,,150.75,0.6836734693877551,0.7346600331674958,0.7346600331674958,True,False,True,109.0,False,2023,2023-01,2023-W04
MNQ,2023-01-30,2023-01-29 23:00:00+00:00,2023-01-30 14:29:00+00:00,12213.25,12252.0,12039.25,12083.0,283625,930,2023-01-30 14:30:00+00:00,2023-01-30 16:29:00+00:00,12082.75,12143.5,11982.5,12055.0,435731,120,216.8875,primary_2023_2025,212.75,,,unclassified,,161.0,0.7423203273586537,0.17236024844720496,-0.17236024844720496,False,True,False,56.75,True,2023,2023-01,2023-W05
MNQ,2023-01-31,2023-01-30 23:00:00+00:00,2023-01-31 14:29:00+00:00,11984.25,12016.75,11871.25,11974.5,317707,930,2023-01-31 14:30:00+00:00,2023-01-31 16:29:00+00:00,11974.25,12092.25,11969.25,12083.75,403714,120,209.0625,primary_2023_2025,145.5,133.875,1.0868347338935573,neutral,0_9_to_1_1,123.0,0.5883408071748879,0.8902439024390244,0.8902439024390244,True,False,True,75.5,False,2023,2023-01,2023-W05
MNQ,2023-02-01,2023-01-31 23:00:00+00:00,2023-02-01 14:29:00+00:00,12121.25,12169.25,12084.75,12143.75,181746,930,2023-02-01 14:30:00+00:00,2023-02-01 16:29:00+00:00,12143.75,12157.75,12076.75,12130.25,279327,120,220.5625,primary_2023_2025,84.5,133.875,0.6311858076563959,compression,0_5_to_0_7,81.0,0.3672428449985832,0.16666666666666666,-0.16666666666666666,False,True,False,8.0,True,2023,2023-02,2023-W05
MNQ,2023-02-02,2023-02-01 23:00:00+00:00,2023-02-02 14:29:00+00:00,12514.0,12683.0,12501.25,12681.25,307879,930,2023-02-02 14:30:00+00:00,2023-02-02 16:29:00+00:00,12681.5,12831.5,12647.5,12809.25,434683,120,232.5375,primary_2023_2025,181.75,133.875,1.357609710550887,expansion,gt_1_3,184.0,0.7912702252324894,0.6942934782608695,0.6942934782608695,True,False,True,148.5,False,2023,2023-02,2023-W05
MNQ,2023-02-03,2023-02-02 23:00:00+00:00,2023-02-03 14:29:00+00:00,12739.5,12761.5,12550.5,12575.25,424161,930,2023-02-03 14:30:00+00:00,2023-02-03 16:29:00+00:00,12574.5,12857.25,12558.25,12840.5,533659,120,244.2375,primary_2023_2025,211.0,133.875,1.5760971055088702,expansion,gt_1_3,299.0,1.224218230206254,0.8896321070234113,0.8896321070234113,True,False,True,95.75,False,2023,2023-02,2023-W05
MNQ,2023-02-06,2023-02-05 23:00:00+00:00,2023-02-06 14:29:00+00:00,12578.25,12605.0,12456.75,12509.25,317601,930,2023-02-06 14:30:00+00:00,2023-02-06 16:29:00+00:00,12509.0,12598.25,12456.5,12591.5,408786,120,236.1375,primary_2023_2025,148.25,133.875,1.1073762838468721,neutral,1_1_to_1_3,141.75,0.6002858504049547,0.582010582010582,0.582010582010582,False,True,False,0.25,True,2023,2023-02,2023-W06
MNQ,2023-02-07,2023-02-06 23:00:00+00:00,2023-02-07 14:29:00+00:00,12517.0,12573.75,12475.75,12503.25,228497,930,2023-02-07 14:30:00+00:00,2023-02-07 16:29:00+00:00,12504.0,12568.25,12477.0,12558.0,327537,120,232.2625,primary_2023_2025,98.0,140.875,0.6956521739130435,compression,0_5_to_0_7,91.25,0.39287444163392715,0.5917808219178082,0.5917808219178082,False,False,False,0.0,False,2023,2023-02,2023-W06
MNQ,2023-02-08,2023-02-07 23:00:00+00:00,2023-02-08 14:29:00+00:00,12746.0,12809.0,12699.0,12714.25,240074,930,2023-02-08 14:30:00+00:00,2023-02-08 16:29:00+00:00,12713.75,12752.25,12519.25,12535.25,411226,120,247.4625,primary_2023_2025,110.0,140.875,0.7808340727595386,neutral,0_7_to_0_9,233.0,0.9415568015355862,0.7660944206008584,-0.7660944206008584,False,True,True,179.75,False,2023,2023-02,2023-W06
MNQ,2023-02-09,2023-02-08 23:00:00+00:00,2023-02-09 14:29:00+00:00,12557.25,12727.25,12541.5,12722.0,238767,930,2023-02-09 14:30:00+00:00,2023-02-09 16:29:00+00:00,12722.75,12729.5,12565.5,12580.0,420809,120,256.8125,primary_2023_2025,185.75,140.875,1.318544809228039,expansion,gt_1_3,164.0,0.6385981990752008,0.8704268292682927,-0.8704268292682927,True,False,False,2.25,True,2023,2023-02,2023-W06
MNQ,2023-02-10,2023-02-09 23:00:00+00:00,2023-02-10 14:29:00+00:00,12445.75,12451.5,12270.5,12334.75,295455,930,2023-02-10 14:30:00+00:00,2023-02-10 16:29:00+00:00,12335.0,12421.75,12284.5,12329.0,447309,120,266.825,primary_2023_2025,181.0,140.875,1.284826974267968,neutral,1_1_to_1_3,137.25,0.5143820856366532,0.04371584699453552,-0.04371584699453552,False,False,False,0.0,False,2023,2023-02,2023-W06
MNQ,2023-02-13,2023-02-12 23:00:00+00:00,2023-02-13 14:29:00+00:00,12353.25,12433.75,12265.0,12402.0,223873,930,2023-02-13 14:30:00+00:00,2023-02-13 16:29:00+00:00,12402.0,12535.75,12352.0,12523.25,352180,120,257.5,primary_2023_2025,168.75,140.875,1.1978704525288377,neutral,1_1_to_1_3,183.75,0.7135922330097088,0.6598639455782312,0.6598639455782312,True,False,True,102.0,False,2023,2023-02,2023-W07
MNQ,2023-02-14,2023-02-13 23:00:00+00:00,2023-02-14 14:29:00+00:00,12547.75,12685.75,12460.0,12473.5,431326,930,2023-02-14 14:30:00+00:00,2023-02-14 16:29:00+00:00,12473.5,12673.25,12390.5,12469.25,572029,120,255.6875,primary_2023_2025,225.75,143.75,1.5704347826086957,expansion,gt_1_3,282.75,1.1058420923979466,0.015030946065428824,-0.015030946065428824,False,True,False,69.5,True,2023,2023-02,2023-W07
MNQ,2023-02-15,2023-02-14 23:00:00+00:00,2023-02-15 14:29:00+00:00,12618.75,12624.5,12531.0,12553.5,292309,930,2023-02-15 14:30:00+00:00,2023-02-15 16:29:00+00:00,12553.25,12635.0,12524.25,12632.25,400248,120,268.6125,primary_2023_2025,93.5,146.875,0.6365957446808511,compression,0_5_to_0_7,110.75,0.4123039694727535,0.7133182844243793,0.7133182844243793,True,True,True,10.5,False,2023,2023-02,2023-W07
MNQ,2023-02-16,2023-02-15 23:00:00+00:00,2023-02-16 14:29:00+00:00,12743.75,12792.5,12512.75,12523.75,293849,930,2023-02-16 14:30:00+00:00,2023-02-16 16:29:00+00:00,12524.0,12674.0,12496.5,12643.0,421372,120,265.475,primary_2023_2025,279.75,146.875,1.9046808510638298,expansion,gt_1_3,177.5,0.6686128637348149,0.6704225352112676,0.6704225352112676,False,True,False,16.25,True,2023,2023-02,2023-W07
MNQ,2023-02-17,2023-02-16 23:00:00+00:00,2023-02-17 14:29:00+00:00,12461.0,12464.0,12337.75,12390.0,274276,930,2023-02-17 14:30:00+00:00,2023-02-17 16:29:00+00:00,12389.75,12423.5,12287.75,12294.0,405603,120,274.0,primary_2023_2025,126.25,153.5,0.8224755700325733,neutral,0_7_to_0_9,135.75,0.4954379562043796,0.7053406998158379,-0.7053406998158379,False,True,True,50.0,False,2023,2023-02,2023-W07
MNQ,2023-02-20,2023-02-19 23:00:00+00:00,2023-02-20 14:29:00+00:00,12383.0,12418.0,12346.25,12393.5,133147,930,2023-02-20 14:30:00+00:00,2023-02-20 16:29:00+00:00,12394.0,12396.5,12371.0,12381.0,25395,120,258.55,primary_2023_2025,71.75,153.5,0.46742671009771986,compression,lt_0_5,25.5,0.09862695803519628,0.5098039215686274,-0.5098039215686274,False,False,False,0.0,False,2023,2023-02,2023-W08
MNQ,2023-02-21,2023-02-20 23:00:00+00:00,2023-02-21 14:29:00+00:00,12370.0,12379.5,12223.25,12229.0,255452,930,2023-02-21 14:30:00+00:00,2023-02-21 16:29:00+00:00,12228.75,12291.25,12155.25,12161.0,315238,120,248.1375,primary_2023_2025,156.25,153.5,1.017915309446254,neutral,0_9_to_1_1,136.0,0.5480832199889175,0.49816176470588236,-0.49816176470588236,False,True,True,68.0,False,2023,2023-02,2023-W08
MNQ,2023-02-22,2023-02-21 23:00:00+00:00,2023-02-22 14:29:00+00:00,12111.25,12163.0,12062.5,12120.25,236308,930,2023-02-22 14:30:00+00:00,2023-02-22 16:29:00+00:00,12120.0,12174.5,12034.25,12089.75,353215,120,257.4625,primary_2023_2025,100.5,157.5,0.638095238095238,compression,0_5_to_0_7,140.25,0.544739525173569,0.21568627450980393,-0.21568627450980393,True,True,False,28.25,True,2023,2023-02,2023-W08
MNQ,2023-02-23,2023-02-22 23:00:00+00:00,2023-02-23 14:29:00+00:00,12175.5,12261.0,12150.5,12251.75,236531,930,2023-02-23 14:30:00+00:00,2023-02-23 16:29:00+00:00,12252.25,12260.25,12072.0,12081.25,370581,120,253.4625,primary_2023_2025,110.5,152.25,0.7257799671592775,neutral,0_7_to_0_9,188.25,0.7427134191448439,0.9083665338645418,-0.9083665338645418,False,True,True,78.5,False,2023,2023-02,2023-W08
MNQ,2023-02-24,2023-02-23 23:00:00+00:00,2023-02-24 14:29:00+00:00,12191.25,12214.25,11973.25,11993.75,283415,930,2023-02-24 14:30:00+00:00,2023-02-24 16:29:00+00:00,11994.0,12043.0,11922.75,11973.5,342491,120,250.875,primary_2023_2025,241.0,146.875,1.6408510638297873,expansion,gt_1_3,120.25,0.47932237169905334,0.1704781704781705,-0.1704781704781705,False,True,False,50.5,True,2023,2023-02,2023-W08
MNQ,2023-02-27,2023-02-26 23:00:00+00:00,2023-02-27 14:29:00+00:00,12002.25,12153.25,11987.75,12131.25,210845,930,2023-02-27 14:30:00+00:00,2023-02-27 16:29:00+00:00,12131.25,12189.5,12076.5,12094.25,315511,120,219.75,primary_2023_2025,165.5,152.25,1.0870279146141215,neutral,0_9_to_1_1,113.0,0.5142207053469852,0.3274336283185841,-0.3274336283185841,True,False,False,36.25,True,2023,2023-02,2023-W09
MNQ,2023-02-28,2023-02-27 23:00:00+00:00,2023-02-28 14:29:00+00:00,12092.0,12149.25,12026.75,12056.25,217948,930,2023-02-28 14:30:00+00:00,2023-02-28 16:29:00+00:00,12056.0,12124.25,12041.25,12097.5,319760,120,212.5625,primary_2023_2025,122.5,152.25,0.8045977011494253,neutral,0_7_to_0_9,83.0,0.390473390179359,0.5,0.5,False,False,False,0.0,False,2023,2023-02,2023-W09
MNQ,2023-03-01,2023-02-28 23:00:00+00:00,2023-03-01 14:29:00+00:00,12042.75,12142.0,11989.25,12051.75,262681,930,2023-03-01 14:30:00+00:00,2023-03-01 16:29:00+00:00,12052.25,12080.0,11925.0,11953.75,377308,120,219.075,primary_2023_2025,152.75,152.25,1.0032840722495895,neutral,0_9_to_1_1,155.0,0.7075202556202215,0.635483870967742,-0.635483870967742,False,True,True,64.25,False,2023,2023-03,2023-W09
MNQ,2023-03-02,2023-03-01 23:00:00+00:00,2023-03-02 14:29:00+00:00,11968.5,11991.75,11831.5,11857.25,316085,930,2023-03-02 14:30:00+00:00,2023-03-02 16:29:00+00:00,11857.0,11938.75,11846.25,11892.75,298276,120,225.8125,primary_2023_2025,160.25,154.5,1.0372168284789645,neutral,0_9_to_1_1,92.5,0.40963188486022695,0.3864864864864865,0.3864864864864865,False,False,False,0.0,False,2023,2023-03,2023-W09
MNQ,2023-03-03,2023-03-02 23:00:00+00:00,2023-03-03 14:29:00+00:00,12050.75,12155.0,12012.25,12134.5,229582,930,2023-03-03 14:30:00+00:00,2023-03-03 16:29:00+00:00,12134.5,12233.25,12111.0,12198.25,322762,120,221.075,primary_2023_2025,142.75,154.5,0.9239482200647249,neutral,0_9_to_1_1,122.25,0.5529797580006786,0.5214723926380368,0.5214723926380368,True,False,True,78.25,False,2023,2023-03,2023-W09
MNQ,2023-03-06,2023-03-05 23:00:00+00:00,2023-03-06 14:29:00+00:00,12307.75,12382.75,12276.0,12361.0,236980,930,2023-03-06 14:30:00+00:00,2023-03-06 16:29:00+00:00,12361.0,12485.75,12347.25,12450.25,288907,120,208.75,primary_2023_2025,106.75,150.5,0.7093023255813954,neutral,0_7_to_0_9,138.5,0.6634730538922156,0.644404332129964,0.644404332129964,True,False,True,103.0,False,2023,2023-03,2023-W10
MNQ,2023-03-07,2023-03-06 23:00:00+00:00,2023-03-07 14:29:00+00:00,12322.5,12381.75,12312.5,12324.0,169387,930,2023-03-07 14:30:00+00:00,2023-03-07 16:29:00+00:00,12324.25,12367.5,12182.0,12215.5,463022,120,208.075,primary_2023_2025,69.25,147.75,0.4686971235194585,compression,lt_0_5,185.5,0.8915054667788058,0.5862533692722371,-0.5862533692722371,False,True,True,130.5,False,2023,2023-03,2023-W10
MNQ,2023-03-08,2023-03-07 23:00:00+00:00,2023-03-08 14:29:00+00:00,12174.75,12216.75,12138.5,12185.0,230624,930,2023-03-08 14:30:00+00:00,2023-03-08 16:29:00+00:00,12185.25,12233.5,12108.5,12200.25,376499,120,215.1375,primary_2023_2025,78.25,147.75,0.5296108291032149,compression,0_5_to_0_7,125.0,0.5810237638719424,0.12,0.12,True,True,False,30.0,True,2023,2023-03,2023-W10
MNQ,2023-03-09,2023-03-08 23:00:00+00:00,2023-03-09 14:29:00+00:00,12223.0,12276.5,12136.0,12246.25,259566,930,2023-03-09 14:30:00+00:00,2023-03-09 16:29:00+00:00,12246.25,12353.75,12230.25,12283.5,341315,120,208.2125,primary_2023_2025,140.5,147.75,0.9509306260575296,neutral,0_9_to_1_1,123.5,0.5931440235336495,0.3016194331983806,0.3016194331983806,True,False,True,77.25,False,2023,2023-03,2023-W10
MNQ,2023-03-10,2023-03-09 23:00:00+00:00,2023-03-10 14:29:00+00:00,12008.75,12112.0,11921.5,12018.0,461580,930,2023-03-10 14:30:00+00:00,2023-03-10 16:29:00+00:00,12018.0,12051.75,11865.75,12045.25,525445,120,214.8375,primary_2023_2025,190.5,141.625,1.3451015004413063,expansion,gt_1_3,186.0,0.8657706406004538,0.14650537634408603,0.14650537634408603,False,True,False,55.75,True,2023,2023-03,2023-W10
MNQ,2023-03-13,2023-03-12 22:00:00+00:00,2023-03-13 13:29:00+00:00,12008.75,12223.25,11806.25,11887.75,418311,930,2023-03-13 13:30:00+00:00,2023-03-13 15:29:00+00:00,11887.25,12173.0,11821.25,12165.25,402679,120,209.225,primary_2023_2025,417.0,141.625,2.944395410414828,expansion,gt_1_3,351.75,1.6812044449755048,0.7903340440653873,0.7903340440653873,False,False,False,0.0,False,2023,2023-03,2023-W11
MNQ,2023-03-14,2023-03-13 22:00:00+00:00,2023-03-14 13:29:00+00:00,12080.75,12217.5,12025.0,12208.0,347253,930,2023-03-14 13:30:00+00:00,2023-03-14 15:29:00+00:00,12207.75,12350.0,12202.0,12340.25,296199,120,222.175,primary_2023_2025,192.5,141.625,1.3592233009708738,expansion,gt_1_3,148.0,0.6661415550804546,0.8952702702702703,0.8952702702702703,True,False,True,132.5,False,2023,2023-03,2023-W11
MNQ,2023-03-15,2023-03-14 22:00:00+00:00,2023-03-15 13:29:00+00:00,12328.5,12374.5,12093.25,12210.75,389897,930,2023-03-15 13:30:00+00:00,2023-03-15 15:29:00+00:00,12211.5,12274.5,12151.5,12240.0,392224,120,236.6125,primary_2023_2025,281.25,141.625,1.9858781994704324,expansion,gt_1_3,123.0,0.5198372867029426,0.23170731707317074,0.23170731707317074,False,False,False,0.0,False,2023,2023-03,2023-W11
MNQ,2023-03-16,2023-03-15 22:00:00+00:00,2023-03-16 13:29:00+00:00,12397.75,12465.75,12333.25,12345.25,322843,930,2023-03-16 13:30:00+00:00,2023-03-16 15:29:00+00:00,12345.25,12598.0,12314.0,12596.0,422934,120,251.05,primary_2023_2025,132.5,147.75,0.8967851099830795,neutral,0_7_to_0_9,284.0,1.1312487552280421,0.8829225352112676,0.8829225352112676,True,True,True,132.25,False,2023,2023-03,2023-W11
MNQ,2023-03-17,2023-03-16 22:00:00+00:00,2023-03-17 13:29:00+00:00,12710.25,12767.75,12660.0,12711.0,264352,930,2023-03-17 13:30:00+00:00,2023-03-17 15:29:00+00:00,12710.0,12810.0,12581.5,12607.0,474389,120,258.625,primary_2023_2025,107.75,141.625,0.7608120035304501,neutral,0_7_to_0_9,228.5,0.8835186080231996,0.45076586433260396,-0.45076586433260396,True,True,True,78.5,False,2023,2023-03,2023-W11
MNQ,2023-03-20,2023-03-19 22:00:00+00:00,2023-03-20 13:29:00+00:00,12689.25,12750.0,12525.5,12623.75,413670,930,2023-03-20 13:30:00+00:00,2023-03-20 15:29:00+00:00,12623.5,12694.75,12529.25,12692.25,347158,120,254.7875,primary_2023_2025,224.5,141.625,1.5851721094439541,expansion,gt_1_3,165.5,0.6495609086003042,0.41540785498489424,0.41540785498489424,False,False,False,0.0,False,2023,2023-03,2023-W12
MNQ,2023-03-21,2023-03-20 22:00:00+00:00,2023-03-21 13:29:00+00:00,12698.75,12792.25,12676.25,12775.5,213040,930,2023-03-21 13:30:00+00:00,2023-03-21 15:29:00+00:00,12775.5,12837.5,12713.5,12757.0,311728,120,252.1375,primary_2023_2025,116.0,147.75,0.7851099830795262,neutral,0_7_to_0_9,124.0,0.49179515145505925,0.14919354838709678,-0.14919354838709678,True,False,False,45.25,True,2023,2023-03,2023-W12
MNQ,2023-03-22,2023-03-21 22:00:00+00:00,2023-03-22 13:29:00+00:00,12873.5,12888.0,12809.5,12872.5,170859,930,2023-03-22 13:30:00+00:00,2023-03-22 15:29:00+00:00,12872.5,12938.0,12851.0,12919.0,221266,120,259.7875,primary_2023_2025,78.5,141.625,0.5542806707855251,compression,0_5_to_0_7,87.0,0.334889092046384,0.5344827586206896,0.5344827586206896,True,False,True,50.0,False,2023,2023-03,2023-W12
MNQ,2023-03-23,2023-03-22 22:00:00+00:00,2023-03-23 13:29:00+00:00,12698.25,12857.0,12695.0,12855.0,250273,930,2023-03-23 13:30:00+00:00,2023-03-23 15:29:00+00:00,12855.0,13031.5,12847.0,12976.5,364960,120,270.825,primary_2023_2025,162.0,141.625,1.143865842894969,neutral,1_1_to_1_3,184.5,0.6812517308224869,0.6585365853658537,0.6585365853658537,True,False,True,174.5,False,2023,2023-03,2023-W12
MNQ,2023-03-24,2023-03-23 22:00:00+00:00,2023-03-24 13:29:00+00:00,12872.0,12921.0,12753.5,12827.25,338916,930,2023-03-24 13:30:00+00:00,2023-03-24 15:29:00+00:00,12826.75,12844.75,12726.0,12750.5,433437,120,276.5,primary_2023_2025,167.5,147.75,1.1336717428087986,neutral,1_1_to_1_3,118.75,0.4294755877034358,0.6421052631578947,-0.6421052631578947,False,True,True,27.5,False,2023,2023-03,2023-W12
MNQ,2023-03-27,2023-03-26 22:00:00+00:00,2023-03-27 13:29:00+00:00,12916.0,12976.25,12848.75,12919.0,249918,930,2023-03-27 13:30:00+00:00,2023-03-27 15:29:00+00:00,12919.25,12965.25,12823.5,12848.5,316587,120,262.0,primary_2023_2025,127.5,147.75,0.8629441624365483,neutral,0_7_to_0_9,141.75,0.541030534351145,0.4991181657848324,-0.4991181657848324,False,True,True,25.25,False,2023,2023-03,2023-W13
MNQ,2023-03-28,2023-03-27 22:00:00+00:00,2023-03-28 13:29:00+00:00,12812.0,12833.5,12751.5,12776.5,178752,930,2023-03-28 13:30:00+00:00,2023-03-28 15:29:00+00:00,12776.25,12777.0,12650.0,12704.0,311749,120,256.975,primary_2023_2025,82.0,141.625,0.5789938217122683,compression,0_5_to_0_7,127.0,0.4942114991730713,0.5688976377952756,-0.5688976377952756,False,True,True,101.5,False,2023,2023-03,2023-W13
MNQ,2023-03-29,2023-03-28 22:00:00+00:00,2023-03-29 13:29:00+00:00,12747.0,12891.5,12742.0,12887.5,196332,930,2023-03-29 13:30:00+00:00,2023-03-29 15:29:00+00:00,12887.25,12933.0,12854.0,12897.5,279928,120,261.7875,primary_2023_2025,149.5,141.625,1.055604589585172,neutral,0_9_to_1_1,79.0,0.30177147495583245,0.12974683544303797,0.12974683544303797,True,False,True,41.5,False,2023,2023-03,2023-W13
MNQ,2023-03-30,2023-03-29 22:00:00+00:00,2023-03-30 13:29:00+00:00,12965.0,13073.75,12931.25,13064.75,200776,930,2023-03-30 13:30:00+00:00,2023-03-30 15:29:00+00:00,13064.75,13112.0,13028.25,13079.75,309462,120,263.3375,primary_2023_2025,142.5,141.625,1.0061782877316858,neutral,0_9_to_1_1,83.75,0.31803294251673236,0.1791044776119403,0.1791044776119403,True,False,True,38.25,False,2023,2023-03,2023-W13
MNQ,2023-03-31,2023-03-30 22:00:00+00:00,2023-03-31 13:29:00+00:00,13080.0,13138.75,13056.5,13091.75,199681,930,2023-03-31 13:30:00+00:00,2023-03-31 15:29:00+00:00,13092.0,13200.5,13078.0,13187.5,249422,120,261.025,primary_2023_2025,82.25,141.5,0.5812720848056537,compression,0_5_to_0_7,122.5,0.46930370654151904,0.7795918367346939,0.7795918367346939,True,False,True,61.75,False,2023,2023-03,2023-W13
MNQ,2023-04-03,2023-04-02 22:00:00+00:00,2023-04-03 13:29:00+00:00,13262.5,13275.5,13179.25,13210.25,203026,930,2023-04-03 13:30:00+00:00,2023-04-03 15:29:00+00:00,13210.25,13268.25,13154.25,13185.25,306603,120,248.8875,primary_2023_2025,96.25,136.5,0.7051282051282052,neutral,0_7_to_0_9,114.0,0.4580382703028477,0.21929824561403508,-0.21929824561403508,False,True,False,25.0,True,2023,2023-04,2023-W14
MNQ,2023-04-04,2023-04-03 22:00:00+00:00,2023-04-04 13:29:00+00:00,13261.75,13348.75,13226.25,13285.25,166945,930,2023-04-04 13:30:00+00:00,2023-04-04 15:29:00+00:00,13285.25,13326.75,13206.5,13237.25,358051,120,239.3375,primary_2023_2025,122.5,136.5,0.8974358974358975,neutral,0_7_to_0_9,120.25,0.5024285788896433,0.3991683991683992,-0.3991683991683992,False,True,False,19.75,True,2023,2023-04,2023-W14
MNQ,2023-04-05,2023-04-04 22:00:00+00:00,2023-04-05 13:29:00+00:00,13232.0,13247.25,13172.25,13174.0,167439,930,2023-04-05 13:30:00+00:00,2023-04-05 15:29:00+00:00,13174.0,13182.5,13019.75,13038.0,344450,120,237.2,primary_2023_2025,75.0,136.5,0.5494505494505495,compression,0_5_to_0_7,162.75,0.6861298482293423,0.8356374807987711,-0.8356374807987711,False,True,True,152.5,False,2023,2023-04,2023-W14
MNQ,2023-04-06,2023-04-05 22:00:00+00:00,2023-04-06 13:29:00+00:00,13075.25,13080.0,12983.75,13012.75,202396,930,2023-04-06 13:30:00+00:00,2023-04-06 15:29:00+00:00,13012.25,13081.0,12952.5,13073.0,328328,120,227.8625,primary_2023_2025,96.25,136.5,0.7051282051282052,neutral,0_7_to_0_9,128.5,0.5639365845630588,0.4727626459143969,0.4727626459143969,True,True,False,31.25,True,2023,2023-04,2023-W14
MNQ,2023-04-10,2023-04-09 22:00:00+00:00,2023-04-10 13:29:00+00:00,13178.0,13206.25,13033.75,13043.5,171367,930,2023-04-10 13:30:00+00:00,2023-04-10 15:29:00+00:00,13043.5,13073.0,12967.5,13064.5,270828,120,189.7,primary_2023_2025,172.5,130.0,1.3269230769230769,expansion,gt_1_3,105.5,0.5561412756984713,0.1990521327014218,0.1990521327014218,False,True,False,66.25,True,2023,2023-04,2023-W15
MNQ,2023-04-11,2023-04-10 22:00:00+00:00,2023-04-11 13:29:00+00:00,13168.75,13209.25,13125.5,13159.75,182209,930,2023-04-11 13:30:00+00:00,2023-04-11 15:29:00+00:00,13159.5,13160.75,13055.0,13074.75,314604,120,188.6125,primary_2023_2025,83.75,130.0,0.6442307692307693,compression,0_5_to_0_7,105.75,0.5606733381933858,0.8014184397163121,-0.8014184397163121,False,True,True,70.5,False,2023,2023-04,2023-W15
MNQ,2023-04-12,2023-04-11 22:00:00+00:00,2023-04-12 13:29:00+00:00,13076.0,13241.0,13038.25,13156.75,246598,930,2023-04-12 13:30:00+00:00,2023-04-12 15:29:00+00:00,13156.75,13181.0,12975.75,13026.25,437420,120,191.8,primary_2023_2025,202.75,125.0,1.622,expansion,gt_1_3,205.25,1.0701251303441084,0.6358099878197321,-0.6358099878197321,False,True,True,62.5,False,2023,2023-04,2023-W15
MNQ,2023-04-13,2023-04-12 22:00:00+00:00,2023-04-13 13:29:00+00:00,12955.0,13039.75,12925.25,13027.5,221613,930,2023-04-13 13:30:00+00:00,2023-04-13 15:29:00+00:00,13028.0,13141.5,13019.75,13129.5,313779,120,196.9625,primary_2023_2025,114.5,125.0,0.916,neutral,0_9_to_1_1,121.75,0.6181379704258425,0.8336755646817249,0.8336755646817249,True,False,True,101.75,False,2023,2023-04,2023-W15
MNQ,2023-04-14,2023-04-13 22:00:00+00:00,2023-04-14 13:29:00+00:00,13181.0,13217.5,13101.0,13139.5,218367,930,2023-04-14 13:30:00+00:00,2023-04-14 15:29:00+00:00,13139.25,13255.0,13115.25,13135.5,396477,120,199.9625,primary_2023_2025,116.5,119.25,0.9769392033542977,neutral,0_9_to_1_1,139.75,0.6988810401950365,0.026833631484794274,-0.026833631484794274,True,False,False,37.5,True,2023,2023-04,2023-W15
MNQ,2023-04-17,2023-04-16 22:00:00+00:00,2023-04-17 13:29:00+00:00,13210.0,13218.0,13156.25,13162.5,177266,930,2023-04-17 13:30:00+00:00,2023-04-17 15:29:00+00:00,13162.75,13206.0,13111.5,13119.5,340446,120,176.8375,primary_2023_2025,61.75,116.25,0.5311827956989247,compression,0_5_to_0_7,94.5,0.5343889163780307,0.4576719576719577,-0.4576719576719577,False,True,True,44.75,False,2023,2023-04,2023-W16
MNQ,2023-04-18,2023-04-17 22:00:00+00:00,2023-04-18 13:29:00+00:00,13185.75,13298.5,13160.0,13280.25,188273,930,2023-04-18 13:30:00+00:00,2023-04-18 15:29:00+00:00,13280.25,13297.75,13156.75,13186.0,360126,120,173.925,primary_2023_2025,138.5,116.25,1.1913978494623656,neutral,1_1_to_1_3,141.0,0.8106942647692971,0.6684397163120568,-0.6684397163120568,False,True,False,3.25,True,2023,2023-04,2023-W16
MNQ,2023-04-19,2023-04-18 22:00:00+00:00,2023-04-19 13:29:00+00:00,13174.0,13186.5,13065.0,13085.0,182846,930,2023-04-19 13:30:00+00:00,2023-04-19 15:29:00+00:00,13085.25,13164.0,13078.25,13147.75,300995,120,178.8125,primary_2023_2025,121.5,116.25,1.0451612903225806,neutral,0_9_to_1_1,85.75,0.47955260398462074,0.7288629737609329,0.7288629737609329,False,False,False,0.0,False,2023,2023-04,2023-W16
MNQ,2023-04-20,2023-04-19 22:00:00+00:00,2023-04-20 13:29:00+00:00,13166.0,13166.0,13024.75,13052.0,229846,930,2023-04-20 13:30:00+00:00,2023-04-20 15:29:00+00:00,13051.5,13157.75,13045.75,13123.25,304849,120,176.3875,primary_2023_2025,141.25,119.0,1.1869747899159664,neutral,1_1_to_1_3,112.0,0.6349656296506272,0.640625,0.640625,False,False,False,0.0,False,2023,2023-04,2023-W16
MNQ,2023-04-21,2023-04-20 22:00:00+00:00,2023-04-21 13:29:00+00:00,13090.0,13108.0,13005.0,13057.25,216758,930,2023-04-21 13:30:00+00:00,2023-04-21 15:29:00+00:00,13057.75,13082.0,12982.75,13065.0,358366,120,175.3375,primary_2023_2025,103.0,122.0,0.8442622950819673,neutral,0_7_to_0_9,99.25,0.5660511869965067,0.07304785894206549,0.07304785894206549,False,True,False,22.25,True,2023,2023-04,2023-W16
MNQ,2023-04-24,2023-04-23 22:00:00+00:00,2023-04-24 13:29:00+00:00,13071.25,13099.5,13014.25,13077.25,170081,930,2023-04-24 13:30:00+00:00,2023-04-24 15:29:00+00:00,13077.5,13134.0,12996.0,12998.25,338012,120,162.8375,primary_2023_2025,85.25,119.0,0.7163865546218487,neutral,0_7_to_0_9,138.0,0.8474706379058877,0.5742753623188406,-0.5742753623188406,True,True,True,34.5,False,2023,2023-04,2023-W17
MNQ,2023-04-25,2023-04-24 22:00:00+00:00,2023-04-25 13:29:00+00:00,13050.25,13059.75,12967.5,12988.75,200126,930,2023-04-25 13:30:00+00:00,2023-04-25 15:29:00+00:00,12988.5,13015.5,12930.0,12950.25,346873,120,158.425,primary_2023_2025,92.25,115.5,0.7987012987012987,neutral,0_7_to_0_9,85.5,0.5396875493135552,0.4473684210526316,-0.4473684210526316,False,True,True,37.5,False,2023,2023-04,2023-W17
MNQ,2023-04-26,2023-04-25 22:00:00+00:00,2023-04-26 13:29:00+00:00,12929.75,12996.75,12885.25,12950.25,290873,930,2023-04-26 13:30:00+00:00,2023-04-26 15:29:00+00:00,12950.0,12996.5,12896.25,12976.5,373403,120,165.9375,primary_2023_2025,111.5,108.75,1.025287356321839,neutral,0_9_to_1_1,100.25,0.6041431261770245,0.26433915211970077,0.26433915211970077,False,False,False,0.0,False,2023,2023-04,2023-W17
MNQ,2023-04-27,2023-04-26 22:00:00+00:00,2023-04-27 13:29:00+00:00,12962.0,13046.5,12936.0,13040.25,219417,930,2023-04-27 13:30:00+00:00,2023-04-27 15:29:00+00:00,13040.75,13146.25,13013.25,13136.0,350334,120,167.1875,primary_2023_2025,110.5,113.0,0.9778761061946902,neutral,0_9_to_1_1,133.0,0.7955140186915888,0.7161654135338346,0.7161654135338346,True,False,True,99.75,False,2023,2023-04,2023-W17
MNQ,2023-04-28,2023-04-27 22:00:00+00:00,2023-04-28 13:29:00+00:00,13220.0,13236.0,13168.75,13220.0,213651,930,2023-04-28 13:30:00+00:00,2023-04-28 15:29:00+00:00,13220.25,13293.25,13172.5,13215.0,375159,120,177.175,primary_2023_2025,67.25,111.0,0.6058558558558559,compression,0_5_to_0_7,120.75,0.6815295611683363,0.043478260869565216,-0.043478260869565216,True,False,False,57.25,True,2023,2023-04,2023-W17
MNQ,2023-05-01,2023-04-30 22:00:00+00:00,2023-05-01 13:29:00+00:00,13316.25,13367.25,13285.25,13301.25,147320,930,2023-05-01 13:30:00+00:00,2023-05-01 15:29:00+00:00,13301.0,13332.5,13258.75,13267.25,313696,120,164.6125,primary_2023_2025,82.0,106.75,0.7681498829039812,neutral,0_7_to_0_9,73.75,0.44802186954210643,0.4576271186440678,-0.4576271186440678,False,True,True,26.5,False,2023,2023-05,2023-W18
MNQ,2023-05-02,2023-05-01 22:00:00+00:00,2023-05-02 13:29:00+00:00,13288.5,13334.5,13268.0,13300.75,145423,930,2023-05-02 13:30:00+00:00,2023-05-02 15:29:00+00:00,13301.0,13313.25,13117.0,13134.0,418256,120,166.8125,primary_2023_2025,66.5,106.75,0.6229508196721312,compression,0_5_to_0_7,196.25,1.1764705882352942,0.8509554140127389,-0.8509554140127389,False,True,True,151.0,False,2023,2023-05,2023-W18
MNQ,2023-05-03,2023-05-02 22:00:00+00:00,2023-05-03 13:29:00+00:00,13163.25,13231.75,13156.5,13199.0,132581,930,2023-05-03 13:30:00+00:00,2023-05-03 15:29:00+00:00,13199.0,13242.0,13179.25,13187.25,261660,120,174.2125,primary_2023_2025,75.25,106.75,0.7049180327868853,neutral,0_7_to_0_9,62.75,0.36019229389395135,0.18725099601593626,-0.18725099601593626,True,False,False,10.25,True,2023,2023-05,2023-W18
MNQ,2023-05-04,2023-05-03 22:00:00+00:00,2023-05-04 13:29:00+00:00,13067.75,13172.0,13043.0,13083.0,225895,930,2023-05-04 13:30:00+00:00,2023-05-04 15:29:00+00:00,13082.75,13107.25,13001.75,13070.5,376233,120,176.6,primary_2023_2025,129.0,99.625,1.2948557089084065,neutral,1_1_to_1_3,105.5,0.5973952434881087,0.11611374407582939,-0.11611374407582939,False,True,False,41.25,True,2023,2023-05,2023-W18
MNQ,2023-05-05,2023-05-04 22:00:00+00:00,2023-05-05 13:29:00+00:00,13059.0,13150.0,13055.75,13139.25,198485,930,2023-05-05 13:30:00+00:00,2023-05-05 15:29:00+00:00,13139.0,13278.75,13124.25,13272.25,282925,120,177.2375,primary_2023_2025,94.25,106.75,0.882903981264637,neutral,0_7_to_0_9,154.5,0.8717116862966359,0.8624595469255664,0.8624595469255664,True,False,True,128.75,False,2023,2023-05,2023-W18
MNQ,2023-05-08,2023-05-07 22:00:00+00:00,2023-05-08 13:29:00+00:00,13315.5,13336.0,13287.75,13300.75,126823,930,2023-05-08 13:30:00+00:00,2023-05-08 15:29:00+00:00,13301.0,13310.25,13254.5,13289.25,258686,120,163.9375,primary_2023_2025,48.25,106.75,0.4519906323185012,compression,lt_0_5,55.75,0.3400686237133054,0.21076233183856502,-0.21076233183856502,False,True,False,33.25,True,2023,2023-05,2023-W19
MNQ,2023-05-09,2023-05-08 22:00:00+00:00,2023-05-09 13:29:00+00:00,13336.0,13347.25,13269.0,13280.75,117570,930,2023-05-09 13:30:00+00:00,2023-05-09 15:29:00+00:00,13281.0,13317.5,13263.75,13275.0,278910,120,159.6625,primary_2023_2025,78.25,98.625,0.7934093789607097,neutral,0_7_to_0_9,53.75,0.33664761606513743,0.11162790697674418,-0.11162790697674418,False,True,False,5.25,True,2023,2023-05,2023-W19
MNQ,2023-05-10,2023-05-09 22:00:00+00:00,2023-05-10 13:29:00+00:00,13261.5,13408.25,13202.0,13367.0,256900,930,2023-05-10 13:30:00+00:00,2023-05-10 15:29:00+00:00,13366.75,13434.0,13298.25,13366.0,426461,120,162.525,primary_2023_2025,206.25,98.625,2.091254752851711,expansion,gt_1_3,135.75,0.8352561144439317,0.0055248618784530384,-0.0055248618784530384,True,False,False,25.75,True,2023,2023-05,2023-W19
MNQ,2023-05-11,2023-05-10 22:00:00+00:00,2023-05-11 13:29:00+00:00,13408.5,13468.0,13403.5,13426.75,217831,930,2023-05-11 13:30:00+00:00,2023-05-11 15:29:00+00:00,13427.0,13434.75,13361.5,13434.25,362236,120,167.775,primary_2023_2025,64.5,98.625,0.6539923954372624,compression,0_5_to_0_7,73.25,0.4365966323945761,0.09897610921501707,0.09897610921501707,False,True,False,42.0,True,2023,2023-05,2023-W19
MNQ,2023-05-12,2023-05-11 22:00:00+00:00,2023-05-12 13:29:00+00:00,13444.0,13494.75,13444.0,13467.0,139738,930,2023-05-12 13:30:00+00:00,2023-05-12 15:29:00+00:00,13467.75,13487.25,13375.75,13379.25,307531,120,166.425,primary_2023_2025,50.75,93.25,0.5442359249329759,compression,0_5_to_0_7,111.5,0.6699714586149917,0.7937219730941704,-0.7937219730941704,False,True,True,68.25,False,2023,2023-05,2023-W19
MNQ,2023-05-15,2023-05-14 22:00:00+00:00,2023-05-15 13:29:00+00:00,13379.25,13447.5,13350.0,13416.5,147346,930,2023-05-15 13:30:00+00:00,2023-05-15 15:29:00+00:00,13416.75,13436.5,13351.25,13429.25,274776,120,160.85,primary_2023_2025,97.5,88.75,1.0985915492957747,neutral,0_9_to_1_1,85.25,0.5299968915138328,0.1466275659824047,0.1466275659824047,False,False,False,0.0,False,2023,2023-05,2023-W20
MNQ,2023-05-16,2023-05-15 22:00:00+00:00,2023-05-16 13:29:00+00:00,13466.75,13492.0,13426.25,13436.0,146465,930,2023-05-16 13:30:00+00:00,2023-05-16 15:29:00+00:00,13436.25,13539.0,13434.5,13538.75,323610,120,160.2875,primary_2023_2025,65.75,93.25,0.7050938337801609,neutral,0_7_to_0_9,104.5,0.6519535210169227,0.9808612440191388,0.9808612440191388,True,False,True,47.0,False,2023,2023-05,2023-W20
MNQ,2023-05-17,2023-05-16 22:00:00+00:00,2023-05-17 13:29:00+00:00,13500.5,13526.75,13474.0,13524.75,137386,930,2023-05-17 13:30:00+00:00,2023-05-17 15:29:00+00:00,13525.0,13561.5,13475.0,13536.75,285128,120,165.25,primary_2023_2025,52.75,88.75,0.5943661971830986,compression,0_5_to_0_7,86.5,0.5234493192133132,0.13583815028901733,0.13583815028901733,True,False,True,34.75,False,2023,2023-05,2023-W20
MNQ,2023-05-18,2023-05-17 22:00:00+00:00,2023-05-18 13:29:00+00:00,13641.5,13683.75,13628.25,13653.5,159966,930,2023-05-18 13:30:00+00:00,2023-05-18 15:29:00+00:00,13653.75,13829.25,13652.75,13821.25,348668,120,166.675,primary_2023_2025,55.5,83.625,0.6636771300448431,compression,0_5_to_0_7,176.5,1.0589470526473677,0.9490084985835694,0.9490084985835694,True,False,True,145.5,False,2023,2023-05,2023-W20
MNQ,2023-05-19,2023-05-18 22:00:00+00:00,2023-05-19 13:29:00+00:00,13908.25,13960.5,13877.5,13898.0,198116,930,2023-05-19 13:30:00+00:00,2023-05-19 15:29:00+00:00,13897.75,13929.0,13853.75,13854.25,315341,120,171.8125,primary_2023_2025,83.0,80.125,1.0358814352574104,neutral,0_9_to_1_1,75.25,0.4379774463441251,0.5780730897009967,-0.5780730897009967,False,True,True,23.75,False,2023,2023-05,2023-W20
MNQ,2023-05-22,2023-05-21 22:00:00+00:00,2023-05-22 13:29:00+00:00,13813.75,13879.25,13794.25,13848.25,133379,930,2023-05-22 13:30:00+00:00,2023-05-22 15:29:00+00:00,13848.25,13946.75,13847.0,13913.25,335680,120,155.175,primary_2023_2025,85.0,80.125,1.0608424336973479,neutral,0_9_to_1_1,99.75,0.6428226196230062,0.6516290726817042,0.6516290726817042,True,False,True,67.5,False,2023,2023-05,2023-W21
MNQ,2023-05-23,2023-05-22 22:00:00+00:00,2023-05-23 13:29:00+00:00,13911.5,13977.25,13825.5,13831.25,175184,930,2023-05-23 13:30:00+00:00,2023-05-23 15:29:00+00:00,13831.25,13880.0,13821.75,13869.0,254419,120,154.425,primary_2023_2025,151.75,80.125,1.8939157566302651,expansion,gt_1_3,58.25,0.3772057633155253,0.648068669527897,0.648068669527897,False,True,False,3.75,True,2023,2023-05,2023-W21
MNQ,2023-05-24,2023-05-23 22:00:00+00:00,2023-05-24 13:29:00+00:00,13732.0,13755.75,13628.0,13642.75,185798,930,2023-05-24 13:30:00+00:00,2023-05-24 15:29:00+00:00,13642.75,13675.0,13566.75,13615.0,336408,120,163.3,primary_2023_2025,127.75,80.125,1.594383775351014,expansion,gt_1_3,108.25,0.662890385793019,0.25635103926096997,-0.25635103926096997,False,True,True,61.25,False,2023,2023-05,2023-W21
MNQ,2023-05-25,2023-05-24 22:00:00+00:00,2023-05-25 13:29:00+00:00,13871.25,13975.0,13803.0,13954.25,287285,930,2023-05-25 13:30:00+00:00,2023-05-25 15:29:00+00:00,13954.75,13986.75,13851.25,13963.25,421312,120,173.7375,primary_2023_2025,172.0,80.125,2.1466458658346332,expansion,gt_1_3,135.5,0.779912223901,0.06273062730627306,0.06273062730627306,True,False,False,11.75,True,2023,2023-05,2023-W21
MNQ,2023-05-26,2023-05-25 22:00:00+00:00,2023-05-26 13:29:00+00:00,13981.75,14044.5,13924.75,14018.5,210719,930,2023-05-26 13:30:00+00:00,2023-05-26 15:29:00+00:00,14018.0,14269.75,14014.75,14246.5,376341,120,172.8125,primary_2023_2025,119.75,80.125,1.4945397815912635,expansion,gt_1_3,255.0,1.4755877034358047,0.8960784313725491,0.8960784313725491,True,False,True,225.25,False,2023,2023-05,2023-W21
MNQ,2023-05-29,2023-05-28 22:00:00+00:00,2023-05-29 13:29:00+00:00,14418.25,14446.0,14367.5,14379.0,138184,930,2023-05-29 13:30:00+00:00,2023-05-29 15:29:00+00:00,14378.5,14389.5,14367.75,14382.75,21049,120,175.5125,primary_2023_2025,78.5,82.5,0.9515151515151515,neutral,0_9_to_1_1,21.75,0.12392279752154406,0.19540229885057472,0.19540229885057472,False,False,False,0.0,False,2023,2023-05,2023-W22
MNQ,2023-05-30,2023-05-29 22:00:00+00:00,2023-05-30 13:29:00+00:00,14402.0,14570.0,14378.25,14509.75,239783,930,2023-05-30 13:30:00+00:00,2023-05-30 15:29:00+00:00,14510.0,14559.75,14399.25,14453.75,417300,120,164.625,primary_2023_2025,191.75,80.75,2.374613003095975,expansion,gt_1_3,160.5,0.9749430523917996,0.35046728971962615,-0.35046728971962615,False,False,False,0.0,False,2023,2023-05,2023-W22
MNQ,2023-05-31,2023-05-30 22:00:00+00:00,2023-05-31 13:29:00+00:00,14398.0,14430.0,14315.0,14330.0,195957,930,2023-05-31 13:30:00+00:00,2023-05-31 15:29:00+00:00,14330.25,14412.25,14266.0,14268.75,381246,120,174.3875,primary_2023_2025,115.0,84.0,1.369047619047619,expansion,gt_1_3,146.25,0.8386495591713856,0.4205128205128205,-0.4205128205128205,False,True,True,49.0,False,2023,2023-05,2023-W22
MNQ,2023-06-01,2023-05-31 22:00:00+00:00,2023-06-01 13:29:00+00:00,14290.0,14336.75,14248.0,14298.0,223921,930,2023-06-01 13:30:00+00:00,2023-06-01 15:29:00+00:00,14298.25,14403.25,14252.0,14382.5,349663,120,176.925,primary_2023_2025,88.75,89.625,0.9902370990237099,neutral,0_9_to_1_1,151.25,0.8548820121520417,0.5570247933884298,0.5570247933884298,True,False,True,66.5,False,2023,2023-06,2023-W22
MNQ,2023-06-02,2023-06-01 22:00:00+00:00,2023-06-02 13:29:00+00:00,14494.5,14564.25,14473.75,14543.25,205001,930,2023-06-02 13:30:00+00:00,2023-06-02 15:29:00+00:00,14543.25,14627.75,14470.0,14586.5,428898,120,185.8375,primary_2023_2025,90.5,86.875,1.041726618705036,neutral,0_9_to_1_1,157.75,0.8488598910338333,0.27416798732171155,0.27416798732171155,True,True,True,63.5,False,2023,2023-06,2023-W22
MNQ,2023-06-05,2023-06-04 22:00:00+00:00,2023-06-05 13:29:00+00:00,14582.75,14584.25,14512.75,14569.0,156853,930,2023-06-05 13:30:00+00:00,2023-06-05 15:29:00+00:00,14568.5,14678.25,14567.75,14672.0,366443,120,178.3375,primary_2023_2025,71.5,86.875,0.823021582733813,neutral,0_7_to_0_9,110.5,0.6196116913156234,0.9366515837104072,0.9366515837104072,True,False,True,94.0,False,2023,2023-06,2023-W23
MNQ,2023-06-06,2023-06-05 22:00:00+00:00,2023-06-06 13:29:00+00:00,14582.0,14616.0,14556.5,14560.5,159553,930,2023-06-06 13:30:00+00:00,2023-06-06 15:29:00+00:00,14560.75,14606.75,14505.0,14562.5,319528,120,178.0875,primary_2023_2025,59.5,86.875,0.6848920863309352,compression,0_5_to_0_7,101.75,0.5713483540394468,0.0171990171990172,0.0171990171990172,False,True,False,51.5,True,2023,2023-06,2023-W23
MNQ,2023-06-07,2023-06-06 22:00:00+00:00,2023-06-07 13:29:00+00:00,14593.5,14615.0,14537.5,14591.25,148825,930,2023-06-07 13:30:00+00:00,2023-06-07 15:29:00+00:00,14592.0,14675.5,14448.0,14486.25,432497,120,181.8125,primary_2023_2025,77.5,86.875,0.8920863309352518,neutral,0_7_to_0_9,227.5,1.251289102784462,0.46483516483516485,-0.46483516483516485,True,True,True,89.5,False,2023,2023-06,2023-W23
MNQ,2023-06-08,2023-06-07 22:00:00+00:00,2023-06-08 13:29:00+00:00,14318.75,14371.5,14257.0,14337.5,255637,930,2023-06-08 13:30:00+00:00,2023-06-08 15:29:00+00:00,14337.75,14495.0,14328.0,14491.0,367650,120,194.2,primary_2023_2025,114.5,84.0,1.3630952380952381,expansion,gt_1_3,167.0,0.8599382080329557,0.9176646706586826,0.9176646706586826,True,False,True,123.5,False,2023,2023-06,2023-W23
MNQ,2023-06-09,2023-06-08 22:00:00+00:00,2023-06-09 13:29:00+00:00,14518.75,14564.25,14460.25,14561.75,173390,930,2023-06-09 13:30:00+00:00,2023-06-09 15:29:00+00:00,14561.75,14688.0,14547.0,14551.25,395187,120,201.3,primary_2023_2025,104.0,86.875,1.1971223021582733,neutral,1_1_to_1_3,141.0,0.7004470938897168,0.07446808510638298,-0.07446808510638298,True,False,False,123.75,True,2023,2023-06,2023-W23
MNQ,2023-06-12,2023-06-11 22:00:00+00:00,2023-06-12 13:29:00+00:00,14561.5,14831.75,14553.75,14803.75,116811,930,2023-06-12 13:30:00+00:00,2023-06-12 15:29:00+00:00,14804.0,14833.0,14764.0,14815.75,166361,120,197.7,primary_2023_2025,278.0,89.625,3.101813110181311,expansion,gt_1_3,69.0,0.3490136570561457,0.17028985507246377,0.17028985507246377,True,False,False,1.25,True,2023,2023-06,2023-W24
MNQ,2023-06-13,2023-06-12 22:00:00+00:00,2023-06-13 13:29:00+00:00,15000.75,15151.75,14978.5,15097.25,229614,930,2023-06-13 13:30:00+00:00,2023-06-13 15:29:00+00:00,15097.0,15130.0,14962.75,15093.25,337994,120,206.7875,primary_2023_2025,173.25,89.625,1.9330543933054394,expansion,gt_1_3,167.25,0.8088013056882065,0.02242152466367713,-0.02242152466367713,False,True,False,15.75,True,2023,2023-06,2023-W24
MNQ,2023-06-14,2023-06-13 22:00:00+00:00,2023-06-14 13:29:00+00:00,15108.25,15151.75,15081.0,15095.75,151216,930,2023-06-14 13:30:00+00:00,2023-06-14 15:29:00+00:00,15095.5,15215.75,15053.0,15197.0,262826,120,212.2875,primary_2023_2025,70.75,97.25,0.7275064267352185,neutral,0_7_to_0_9,162.75,0.7666490019431196,0.6236559139784946,0.6236559139784946,True,True,True,64.0,False,2023,2023-06,2023-W24
MNQ,2023-06-15,2023-06-14 22:00:00+00:00,2023-06-15 13:29:00+00:00,15226.0,15229.0,15066.25,15141.5,259862,930,2023-06-15 13:30:00+00:00,2023-06-15 15:29:00+00:00,15141.0,15294.5,15114.25,15293.5,385938,120,218.0375,primary_2023_2025,162.75,97.25,1.673521850899743,expansion,gt_1_3,180.25,0.8266926560798028,0.8460471567267683,0.8460471567267683,True,False,True,65.5,False,2023,2023-06,2023-W24
MNQ,2023-06-16,2023-06-15 22:00:00+00:00,2023-06-16 13:29:00+00:00,15366.0,15474.5,15315.0,15470.5,235346,930,2023-06-16 13:30:00+00:00,2023-06-16 15:29:00+00:00,15471.0,15475.5,15324.25,15343.5,386901,120,225.4125,primary_2023_2025,159.5,109.25,1.459954233409611,expansion,gt_1_3,151.25,0.6709920700937171,0.8429752066115702,-0.8429752066115702,True,False,False,1.0,True,2023,2023-06,2023-W24
MNQ,2023-06-19,2023-06-18 22:00:00+00:00,2023-06-19 13:29:00+00:00,15302.5,15321.75,15233.75,15250.75,134177,930,2023-06-19 13:30:00+00:00,2023-06-19 15:29:00+00:00,15251.25,15253.25,15230.5,15234.0,37057,120,212.7375,primary_2023_2025,88.0,114.75,0.7668845315904139,neutral,0_7_to_0_9,22.75,0.10693930313179387,0.7582417582417582,-0.7582417582417582,False,True,False,3.25,True,2023,2023-06,2023-W25
MNQ,2023-06-20,2023-06-19 22:00:00+00:00,2023-06-20 13:29:00+00:00,15242.25,15257.75,15168.75,15212.75,181646,930,2023-06-20 13:30:00+00:00,2023-06-20 15:29:00+00:00,15212.5,15310.25,15126.25,15176.5,360259,120,195.2375,primary_2023_2025,89.0,114.75,0.775599128540305,neutral,0_7_to_0_9,184.0,0.9424418976887124,0.1956521739130435,-0.1956521739130435,True,True,False,52.5,True,2023,2023-06,2023-W25
MNQ,2023-06-21,2023-06-20 22:00:00+00:00,2023-06-21 13:29:00+00:00,15247.0,15273.0,15181.5,15201.5,160439,930,2023-06-21 13:30:00+00:00,2023-06-21 15:29:00+00:00,15201.75,15219.25,15002.5,15046.0,386649,120,201.4625,primary_2023_2025,91.5,109.25,0.8375286041189931,neutral,0_7_to_0_9,216.75,1.0758826084258857,0.7185697808535179,-0.7185697808535179,False,True,True,179.0,False,2023,2023-06,2023-W25
MNQ,2023-06-22,2023-06-21 22:00:00+00:00,2023-06-22 13:29:00+00:00,15042.0,15057.75,14968.0,14982.25,205260,930,2023-06-22 13:30:00+00:00,2023-06-22 15:29:00+00:00,14981.75,15149.25,14964.0,15109.0,400501,120,211.4,primary_2023_2025,89.75,97.75,0.9181585677749361,neutral,0_9_to_1_1,185.25,0.8763008514664143,0.6869095816464238,0.6869095816464238,True,True,True,91.5,False,2023,2023-06,2023-W25
MNQ,2023-06-23,2023-06-22 22:00:00+00:00,2023-06-23 13:29:00+00:00,15236.0,15236.5,15020.5,15043.25,234769,930,2023-06-23 13:30:00+00:00,2023-06-23 15:29:00+00:00,15043.5,15087.75,14984.75,15019.0,375596,120,213.4125,primary_2023_2025,216.0,91.0,2.3736263736263736,expansion,gt_1_3,103.0,0.48263339776254904,0.23786407766990292,-0.23786407766990292,False,True,True,35.75,False,2023,2023-06,2023-W25
MNQ,2023-06-26,2023-06-25 22:00:00+00:00,2023-06-26 13:29:00+00:00,15058.25,15114.5,14998.0,15036.25,192090,930,2023-06-26 13:30:00+00:00,2023-06-26 15:29:00+00:00,15036.0,15152.25,14982.5,14998.75,386063,120,203.975,primary_2023_2025,116.5,91.0,1.2802197802197801,neutral,1_1_to_1_3,169.75,0.8322098296359848,0.21944035346097202,-0.21944035346097202,True,True,False,37.75,True,2023,2023-06,2023-W26
MNQ,2023-06-27,2023-06-26 22:00:00+00:00,2023-06-27 13:29:00+00:00,14874.75,14937.0,14862.5,14918.75,172970,930,2023-06-27 13:30:00+00:00,2023-06-27 15:29:00+00:00,14917.75,14983.5,14888.25,14982.25,424204,120,211.025,primary_2023_2025,74.5,97.75,0.7621483375959079,neutral,0_7_to_0_9,95.25,0.45136832128894677,0.6771653543307087,0.6771653543307087,True,False,True,46.5,False,2023,2023-06,2023-W26
MNQ,2023-06-28,2023-06-27 22:00:00+00:00,2023-06-28 13:29:00+00:00,15087.0,15092.75,15021.25,15029.75,194428,930,2023-06-28 13:30:00+00:00,2023-06-28 15:29:00+00:00,15029.5,15206.75,15025.5,15144.75,433947,120,220.7875,primary_2023_2025,71.5,91.0,0.7857142857142857,neutral,0_7_to_0_9,181.25,0.8209250976617789,0.6358620689655172,0.6358620689655172,True,False,True,114.0,False,2023,2023-06,2023-W26
MNQ,2023-06-29,2023-06-28 22:00:00+00:00,2023-06-29 13:29:00+00:00,15160.5,15202.75,15102.25,15119.25,220948,930,2023-06-29 13:30:00+00:00,2023-06-29 15:29:00+00:00,15119.0,15144.75,15028.5,15131.5,423736,120,221.725,primary_2023_2025,100.5,90.125,1.115117891816921,neutral,1_1_to_1_3,116.25,0.52429811703687,0.10752688172043011,0.10752688172043011,False,True,False,73.75,True,2023,2023-06,2023-W26
MNQ,2023-06-30,2023-06-29 22:00:00+00:00,2023-06-30 13:29:00+00:00,15107.0,15263.5,15098.75,15251.75,193149,930,2023-06-30 13:30:00+00:00,2023-06-30 15:29:00+00:00,15251.75,15376.5,15238.25,15328.0,281004,120,224.4875,primary_2023_2025,164.75,91.0,1.8104395604395604,expansion,gt_1_3,138.25,0.6158472075282588,0.5515370705244123,0.5515370705244123,True,False,True,113.0,False,2023,2023-06,2023-W26
MNQ,2023-07-03,2023-07-02 22:00:00+00:00,2023-07-03 13:29:00+00:00,15331.5,15392.0,15328.0,15355.25,139986,930,2023-07-03 13:30:00+00:00,2023-07-03 15:29:00+00:00,15355.5,15389.75,15309.0,15321.5,218050,120,206.7125,primary_2023_2025,64.0,96.0,0.6666666666666666,compression,0_5_to_0_7,80.75,0.3906391727641047,0.42105263157894735,-0.42105263157894735,False,True,True,19.0,False,2023,2023-07,2023-W27
MNQ,2023-07-04,2023-07-03 22:00:00+00:00,2023-07-04 13:29:00+00:00,15356.5,15374.75,15333.0,15363.5,54557,929,2023-07-04 13:30:00+00:00,2023-07-04 15:29:00+00:00,15363.5,15368.25,15345.0,15352.75,18564,120,199.55,primary_2023_2025,41.75,96.0,0.4348958333333333,compression,lt_0_5,23.25,0.11651215234277122,0.46236559139784944,-0.46236559139784944,False,False,False,0.0,False,2023,2023-07,2023-W27
MNQ,2023-07-05,2023-07-04 22:00:00+00:00,2023-07-05 13:29:00+00:00,15345.5,15356.5,15255.25,15294.0,151686,930,2023-07-05 13:30:00+00:00,2023-07-05 15:29:00+00:00,15294.0,15431.75,15292.5,15362.0,306126,120,190.2,primary_2023_2025,101.25,96.0,1.0546875,neutral,0_9_to_1_1,139.25,0.732124079915878,0.4883303411131059,0.4883303411131059,True,False,True,75.25,False,2023,2023-07,2023-W27
MNQ,2023-07-06,2023-07-05 22:00:00+00:00,2023-07-06 13:29:00+00:00,15355.0,15365.75,15165.0,15196.0,249391,930,2023-07-06 13:30:00+00:00,2023-07-06 15:29:00+00:00,15196.0,15214.0,15112.0,15136.5,355470,120,184.0625,primary_2023_2025,200.75,100.875,1.990086741016109,expansion,gt_1_3,102.0,0.5541595925297114,0.5833333333333334,-0.5833333333333334,False,True,True,53.0,False,2023,2023-07,2023-W27
MNQ,2023-07-07,2023-07-06 22:00:00+00:00,2023-07-07 13:29:00+00:00,15214.0,15314.0,15176.75,15221.25,266279,930,2023-07-07 13:30:00+00:00,2023-07-07 15:29:00+00:00,15220.75,15278.0,15179.5,15249.0,370851,120,184.3625,primary_2023_2025,137.25,100.875,1.3605947955390334,expansion,gt_1_3,98.5,0.5342735100684792,0.2868020304568528,0.2868020304568528,False,False,False,0.0,False,2023,2023-07,2023-W27
MNQ,2023-07-10,2023-07-09 22:00:00+00:00,2023-07-10 13:29:00+00:00,15195.75,15207.0,15078.0,15169.0,237322,930,2023-07-10 13:30:00+00:00,2023-07-10 15:29:00+00:00,15168.75,15214.5,15085.5,15155.5,395666,120,165.9375,primary_2023_2025,129.0,100.875,1.278810408921933,neutral,1_1_to_1_3,129.0,0.7774011299435029,0.10271317829457365,-0.10271317829457365,True,False,False,7.5,True,2023,2023-07,2023-W28
MNQ,2023-07-11,2023-07-10 22:00:00+00:00,2023-07-11 13:29:00+00:00,15192.75,15239.5,15175.75,15201.75,177976,930,2023-07-11 13:30:00+00:00,2023-07-11 15:29:00+00:00,15202.0,15233.75,15109.0,15180.5,379987,120,162.9125,primary_2023_2025,63.75,100.875,0.6319702602230484,compression,0_5_to_0_7,124.75,0.7657484846159749,0.17234468937875752,-0.17234468937875752,False,True,False,66.75,True,2023,2023-07,2023-W28
MNQ,2023-07-12,2023-07-11 22:00:00+00:00,2023-07-12 13:29:00+00:00,15260.0,15435.0,15253.25,15430.5,230073,930,2023-07-12 13:30:00+00:00,2023-07-12 15:29:00+00:00,15430.5,15507.75,15408.0,15450.25,359107,120,168.9625,primary_2023_2025,181.75,96.0,1.8932291666666667,expansion,gt_1_3,99.75,0.5903676851372346,0.19799498746867167,0.19799498746867167,True,False,True,72.75,False,2023,2023-07,2023-W28
MNQ,2023-07-13,2023-07-12 22:00:00+00:00,2023-07-13 13:29:00+00:00,15459.75,15581.5,15455.75,15576.25,197885,930,2023-07-13 13:30:00+00:00,2023-07-13 15:29:00+00:00,15576.0,15621.75,15552.25,15599.25,333732,120,176.7875,primary_2023_2025,125.75,100.875,1.2465923172242874,neutral,1_1_to_1_3,69.5,0.3931273421480591,0.3345323741007194,0.3345323741007194,True,False,True,40.25,False,2023,2023-07,2023-W28
MNQ,2023-07-14,2023-07-13 22:00:00+00:00,2023-07-14 13:29:00+00:00,15699.5,15739.25,15681.0,15721.75,169470,930,2023-07-14 13:30:00+00:00,2023-07-14 15:29:00+00:00,15721.5,15857.5,15721.0,15807.75,392700,120,180.2375,primary_2023_2025,58.25,100.875,0.5774473358116481,compression,0_5_to_0_7,136.5,0.7573340730979956,0.6318681318681318,0.6318681318681318,True,False,True,118.25,False,2023,2023-07,2023-W28
MNQ,2023-07-17,2023-07-16 22:00:00+00:00,2023-07-17 13:29:00+00:00,15690.25,15730.0,15661.0,15729.75,145600,930,2023-07-17 13:30:00+00:00,2023-07-17 15:29:00+00:00,15729.75,15784.5,15708.75,15780.5,333796,120,164.8375,primary_2023_2025,69.0,96.0,0.71875,neutral,0_7_to_0_9,75.75,0.45954348980056114,0.66996699669967,0.66996699669967,True,False,True,54.5,False,2023,2023-07,2023-W29
MNQ,2023-07-18,2023-07-17 22:00:00+00:00,2023-07-18 13:29:00+00:00,15827.0,15843.75,15796.25,15815.0,146906,930,2023-07-18 13:30:00+00:00,2023-07-18 15:29:00+00:00,15815.0,15816.0,15733.5,15783.5,335364,120,165.9625,primary_2023_2025,47.5,96.0,0.4947916666666667,compression,lt_0_5,82.5,0.49710024855012425,0.38181818181818183,-0.38181818181818183,False,True,True,62.75,False,2023,2023-07,2023-W29
MNQ,2023-07-19,2023-07-18 22:00:00+00:00,2023-07-19 13:29:00+00:00,15952.0,16017.5,15944.5,16013.0,140885,930,2023-07-19 13:30:00+00:00,2023-07-19 15:29:00+00:00,16012.75,16049.0,15971.25,16032.0,409742,120,177.7625,primary_2023_2025,73.0,96.0,0.7604166666666666,neutral,0_7_to_0_9,77.75,0.4373813374586879,0.24758842443729903,0.24758842443729903,True,False,True,31.5,False,2023,2023-07,2023-W29
MNQ,2023-07-20,2023-07-19 22:00:00+00:00,2023-07-20 13:29:00+00:00,15925.75,15925.75,15805.0,15833.5,227443,930,2023-07-20 13:30:00+00:00,2023-07-20 15:29:00+00:00,15833.75,15895.0,15699.25,15742.75,446555,120,173.8875,primary_2023_2025,120.75,95.125,1.269382391590013,neutral,1_1_to_1_3,195.75,1.1257278412766876,0.4648786717752235,-0.4648786717752235,False,True,True,105.75,False,2023,2023-07,2023-W29
MNQ,2023-07-21,2023-07-20 22:00:00+00:00,2023-07-21 13:29:00+00:00,15594.0,15715.25,15554.25,15688.0,214637,930,2023-07-21 13:30:00+00:00,2023-07-21 15:29:00+00:00,15688.0,15719.5,15549.25,15632.75,456043,120,178.4,primary_2023_2025,161.0,100.875,1.5960346964064436,expansion,gt_1_3,170.25,0.9543161434977578,0.3245227606461087,-0.3245227606461087,True,True,False,5.0,True,2023,2023-07,2023-W29
MNQ,2023-07-24,2023-07-23 22:00:00+00:00,2023-07-24 13:29:00+00:00,15555.75,15594.75,15527.0,15579.0,170982,930,2023-07-24 13:30:00+00:00,2023-07-24 15:29:00+00:00,15578.5,15618.25,15484.5,15554.75,412815,120,171.6,primary_2023_2025,67.75,100.875,0.6716232961586122,compression,0_5_to_0_7,133.75,0.7794289044289044,0.17757009345794392,-0.17757009345794392,True,True,False,42.5,True,2023,2023-07,2023-W30
MNQ,2023-07-25,2023-07-24 22:00:00+00:00,2023-07-25 13:29:00+00:00,15569.25,15628.5,15549.0,15588.75,139044,930,2023-07-25 13:30:00+00:00,2023-07-25 15:29:00+00:00,15588.75,15673.75,15588.25,15649.25,324517,120,165.5125,primary_2023_2025,79.5,87.5,0.9085714285714286,neutral,0_9_to_1_1,85.5,0.5165772977871762,0.7076023391812866,0.7076023391812866,True,False,True,45.25,False,2023,2023-07,2023-W30
MNQ,2023-07-26,2023-07-25 22:00:00+00:00,2023-07-26 13:29:00+00:00,15725.25,15739.5,15606.0,15619.5,187233,930,2023-07-26 13:30:00+00:00,2023-07-26 15:29:00+00:00,15619.25,15639.0,15515.0,15550.0,339458,120,173.0125,primary_2023_2025,133.5,90.0,1.4833333333333334,expansion,gt_1_3,124.0,0.7167112202875515,0.5584677419354839,-0.5584677419354839,False,True,True,91.0,False,2023,2023-07,2023-W30
MNQ,2023-07-27,2023-07-26 22:00:00+00:00,2023-07-27 13:29:00+00:00,15639.25,15846.25,15631.25,15835.0,233120,930,2023-07-27 13:30:00+00:00,2023-07-27 15:29:00+00:00,15835.25,15904.0,15761.25,15824.0,401494,120,178.5375,primary_2023_2025,215.0,100.875,2.131350681536555,expansion,gt_1_3,142.75,0.7995519148638242,0.07880910683012259,-0.07880910683012259,True,False,False,57.75,True,2023,2023-07,2023-W30
MNQ,2023-07-28,2023-07-27 22:00:00+00:00,2023-07-28 13:29:00+00:00,15584.0,15760.5,15546.5,15737.75,338764,930,2023-07-28 13:30:00+00:00,2023-07-28 15:29:00+00:00,15738.0,15875.75,15715.5,15863.75,365477,120,196.2375,primary_2023_2025,214.0,111.0,1.927927927927928,expansion,gt_1_3,160.25,0.8166125230906427,0.7847113884555382,0.7847113884555382,True,False,True,115.25,False,2023,2023-07,2023-W30
MNQ,2023-07-31,2023-07-30 22:00:00+00:00,2023-07-31 13:29:00+00:00,15849.5,15916.5,15791.25,15860.0,246264,930,2023-07-31 13:30:00+00:00,2023-07-31 15:29:00+00:00,15860.25,15905.0,15805.75,15852.5,333863,120,201.15,primary_2023_2025,125.25,111.0,1.1283783783783783,neutral,1_1_to_1_3,99.25,0.49341287596321154,0.07808564231738035,-0.07808564231738035,False,False,False,0.0,False,2023,2023-07,2023-W31
MNQ,2023-08-01,2023-07-31 22:00:00+00:00,2023-08-01 13:29:00+00:00,15867.5,15889.0,15755.5,15796.25,197032,930,2023-08-01 13:30:00+00:00,2023-08-01 15:29:00+00:00,15796.5,15837.0,15728.0,15822.5,378807,120,197.45,primary_2023_2025,133.5,123.0,1.0853658536585367,neutral,0_9_to_1_1,109.0,0.5520384907571537,0.23853211009174313,0.23853211009174313,False,True,False,27.5,True,2023,2023-08,2023-W31
MNQ,2023-08-02,2023-08-01 22:00:00+00:00,2023-08-02 13:29:00+00:00,15769.5,15790.0,15591.5,15667.25,346030,930,2023-08-02 13:30:00+00:00,2023-08-02 15:29:00+00:00,15667.75,15668.75,15483.75,15504.0,420335,120,202.6625,primary_2023_2025,198.5,125.5,1.5816733067729083,expansion,gt_1_3,185.0,0.9128477147967681,0.8851351351351351,-0.8851351351351351,False,True,True,107.75,False,2023,2023-08,2023-W31
MNQ,2023-08-03,2023-08-02 22:00:00+00:00,2023-08-03 13:29:00+00:00,15452.5,15507.5,15339.25,15357.75,335630,930,2023-08-03 13:30:00+00:00,2023-08-03 15:29:00+00:00,15358.25,15479.25,15351.0,15462.0,426903,120,210.775,primary_2023_2025,168.25,127.375,1.3209028459273797,expansion,gt_1_3,128.25,0.6084687462934408,0.8089668615984406,0.8089668615984406,False,False,False,0.0,False,2023,2023-08,2023-W31
MNQ,2023-08-04,2023-08-03 22:00:00+00:00,2023-08-04 13:29:00+00:00,15444.0,15561.0,15401.5,15511.75,346767,930,2023-08-04 13:30:00+00:00,2023-08-04 15:29:00+00:00,15511.75,15584.0,15392.75,15542.25,477756,120,212.775,primary_2023_2025,159.5,127.375,1.252208047105005,neutral,1_1_to_1_3,191.25,0.8988367994360239,0.15947712418300652,0.15947712418300652,True,True,False,23.0,True,2023,2023-08,2023-W31
MNQ,2023-08-07,2023-08-06 22:00:00+00:00,2023-08-07 13:29:00+00:00,15369.75,15466.25,15365.0,15434.25,226281,930,2023-08-07 13:30:00+00:00,2023-08-07 15:29:00+00:00,15433.75,15473.25,15339.5,15360.5,447988,120,205.8875,primary_2023_2025,101.25,127.375,0.7948969578017664,neutral,0_7_to_0_9,133.75,0.6496266164774452,0.5476635514018692,-0.5476635514018692,True,True,True,25.5,False,2023,2023-08,2023-W32
MNQ,2023-08-08,2023-08-07 22:00:00+00:00,2023-08-08 13:29:00+00:00,15490.75,15498.0,15318.75,15379.5,259515,930,2023-08-08 13:30:00+00:00,2023-08-08 15:29:00+00:00,15379.25,15379.5,15220.75,15260.0,407078,120,204.0875,primary_2023_2025,179.25,125.5,1.4282868525896415,expansion,gt_1_3,158.75,0.7778526367366938,0.7511811023622047,-0.7511811023622047,False,True,True,98.0,False,2023,2023-08,2023-W32
MNQ,2023-08-09,2023-08-08 22:00:00+00:00,2023-08-09 13:29:00+00:00,15351.5,15432.75,15343.5,15360.75,202094,930,2023-08-09 13:30:00+00:00,2023-08-09 15:29:00+00:00,15360.75,15369.0,15150.0,15171.25,424837,120,214.075,primary_2023_2025,89.25,129.625,0.6885245901639344,compression,0_5_to_0_7,219.0,1.0230059558565923,0.865296803652968,-0.865296803652968,False,True,True,193.5,False,2023,2023-08,2023-W32
MNQ,2023-08-10,2023-08-09 22:00:00+00:00,2023-08-10 13:29:00+00:00,15202.25,15357.0,15198.0,15300.5,322025,930,2023-08-10 13:30:00+00:00,2023-08-10 15:29:00+00:00,15301.25,15441.75,15261.0,15296.75,516540,120,217.775,primary_2023_2025,159.0,125.5,1.2669322709163346,neutral,1_1_to_1_3,180.75,0.8299850763402594,0.024896265560165973,-0.024896265560165973,True,False,False,84.75,True,2023,2023-08,2023-W32
MNQ,2023-08-11,2023-08-10 22:00:00+00:00,2023-08-11 13:29:00+00:00,15218.75,15266.75,15078.0,15091.5,270302,930,2023-08-11 13:30:00+00:00,2023-08-11 15:29:00+00:00,15091.5,15174.25,15052.0,15057.25,402245,120,218.2375,primary_2023_2025,188.75,129.375,1.458937198067633,expansion,gt_1_3,122.25,0.5601695400652958,0.28016359918200406,-0.28016359918200406,False,True,True,26.0,False,2023,2023-08,2023-W32
MNQ,2023-08-14,2023-08-13 22:00:00+00:00,2023-08-14 13:29:00+00:00,15105.0,15223.5,15020.0,15067.75,301576,930,2023-08-14 13:30:00+00:00,2023-08-14 15:29:00+00:00,15068.0,15248.5,15036.25,15221.25,365363,120,206.0125,primary_2023_2025,203.5,133.5,1.5243445692883895,expansion,gt_1_3,212.25,1.030277288999454,0.7220259128386337,0.7220259128386337,True,False,False,25.0,True,2023,2023-08,2023-W33
MNQ,2023-08-15,2023-08-14 22:00:00+00:00,2023-08-15 13:29:00+00:00,15281.75,15335.0,15152.5,15224.75,337933,930,2023-08-15 13:30:00+00:00,2023-08-15 15:29:00+00:00,15225.0,15259.25,15108.0,15171.75,411568,120,211.0875,primary_2023_2025,182.5,146.25,1.2478632478632479,neutral,1_1_to_1_3,151.25,0.7165275063658435,0.35206611570247937,-0.35206611570247937,False,True,False,44.5,True,2023,2023-08,2023-W33
MNQ,2023-08-16,2023-08-15 22:00:00+00:00,2023-08-16 13:29:00+00:00,15113.0,15165.5,15064.0,15079.0,232031,930,2023-08-16 13:30:00+00:00,2023-08-16 15:29:00+00:00,15079.75,15144.5,15050.75,15099.75,346307,120,221.8875,primary_2023_2025,101.5,159.25,0.6373626373626373,compression,0_5_to_0_7,93.75,0.42251140780801083,0.21333333333333335,0.21333333333333335,False,True,False,13.25,True,2023,2023-08,2023-W33
MNQ,2023-08-17,2023-08-16 22:00:00+00:00,2023-08-17 13:29:00+00:00,14942.5,15018.0,14887.5,14994.25,241701,930,2023-08-17 13:30:00+00:00,2023-08-17 15:29:00+00:00,14994.25,15008.0,14857.0,14869.0,394557,120,229.1,primary_2023_2025,130.5,159.25,0.8194662480376766,neutral,0_7_to_0_9,151.0,0.6591008293321694,0.8294701986754967,-0.8294701986754967,False,True,True,30.5,False,2023,2023-08,2023-W33
MNQ,2023-08-18,2023-08-17 22:00:00+00:00,2023-08-18 13:29:00+00:00,14750.0,14791.0,14619.75,14632.0,306587,930,2023-08-18 13:30:00+00:00,2023-08-18 15:29:00+00:00,14632.0,14715.0,14609.25,14670.75,466548,120,234.2625,primary_2023_2025,171.25,159.25,1.0753532182103611,neutral,0_9_to_1_1,105.75,0.4514166800064031,0.3664302600472813,0.3664302600472813,False,True,False,10.5,True,2023,2023-08,2023-W33
MNQ,2023-08-21,2023-08-20 22:00:00+00:00,2023-08-21 13:29:00+00:00,14763.25,14858.5,14720.5,14808.5,228395,930,2023-08-21 13:30:00+00:00,2023-08-21 15:29:00+00:00,14808.5,14932.25,14793.25,14811.5,412453,120,217.6625,primary_2023_2025,138.0,159.25,0.8665620094191523,neutral,0_7_to_0_9,139.0,0.6386033423304428,0.02158273381294964,0.02158273381294964,True,False,False,73.75,True,2023,2023-08,2023-W34
MNQ,2023-08-22,2023-08-21 22:00:00+00:00,2023-08-22 13:29:00+00:00,14972.0,15118.5,14943.0,15091.75,233323,930,2023-08-22 13:30:00+00:00,2023-08-22 15:29:00+00:00,15091.75,15092.25,14969.25,15020.25,443553,120,214.8625,primary_2023_2025,175.5,159.25,1.1020408163265305,neutral,1_1_to_1_3,123.0,0.5724591308394903,0.5813008130081301,-0.5813008130081301,False,False,False,0.0,False,2023,2023-08,2023-W34
MNQ,2023-08-23,2023-08-22 22:00:00+00:00,2023-08-23 13:29:00+00:00,14964.0,15083.0,14955.25,15009.25,249710,930,2023-08-23 13:30:00+00:00,2023-08-23 15:29:00+00:00,15008.75,15198.0,14999.25,15189.5,363027,120,218.2125,primary_2023_2025,127.75,163.875,0.7795575896262396,neutral,0_7_to_0_9,198.75,0.9108094174256745,0.909433962264151,0.909433962264151,True,False,True,115.0,False,2023,2023-08,2023-W34
MNQ,2023-08-24,2023-08-23 22:00:00+00:00,2023-08-24 13:29:00+00:00,15341.25,15417.75,15295.5,15335.25,306883,930,2023-08-24 13:30:00+00:00,2023-08-24 15:29:00+00:00,15335.25,15339.5,14988.5,15018.25,621569,120,234.55,primary_2023_2025,122.25,163.875,0.7459954233409611,neutral,0_7_to_0_9,351.0,1.4964826263056916,0.9031339031339032,-0.9031339031339032,False,True,True,307.0,False,2023,2023-08,2023-W34
MNQ,2023-08-25,2023-08-24 22:00:00+00:00,2023-08-25 13:29:00+00:00,14838.0,14918.5,14785.5,14896.5,246327,930,2023-08-25 13:30:00+00:00,2023-08-25 15:29:00+00:00,14897.0,15049.0,14752.75,14861.0,724602,120,255.0625,primary_2023_2025,133.0,159.25,0.8351648351648352,neutral,0_7_to_0_9,296.25,1.1614800294045577,0.12151898734177215,-0.12151898734177215,True,True,False,130.5,True,2023,2023-08,2023-W34
MNQ,2023-08-28,2023-08-27 22:00:00+00:00,2023-08-28 13:29:00+00:00,14991.75,15107.25,14973.25,15098.25,224601,930,2023-08-28 13:30:00+00:00,2023-08-28 15:29:00+00:00,15098.25,15126.75,14998.75,15016.5,468094,120,246.1375,primary_2023_2025,134.0,148.5,0.9023569023569024,neutral,0_9_to_1_1,128.0,0.5200345335432431,0.638671875,-0.638671875,True,False,False,19.5,True,2023,2023-08,2023-W35
MNQ,2023-08-29,2023-08-28 22:00:00+00:00,2023-08-29 13:29:00+00:00,15096.0,15149.25,15050.0,15077.0,203771,930,2023-08-29 13:30:00+00:00,2023-08-29 15:29:00+00:00,15076.75,15354.0,15062.25,15345.0,448410,120,240.0,primary_2023_2025,99.25,148.5,0.6683501683501684,compression,0_5_to_0_7,291.75,1.215625,0.919451585261354,0.919451585261354,True,False,True,204.75,False,2023,2023-08,2023-W35
MNQ,2023-08-30,2023-08-29 22:00:00+00:00,2023-08-30 13:29:00+00:00,15424.25,15468.25,15361.25,15417.0,237938,930,2023-08-30 13:30:00+00:00,2023-08-30 15:29:00+00:00,15417.0,15507.5,15374.25,15462.5,492505,120,256.925,primary_2023_2025,107.0,148.5,0.7205387205387206,neutral,0_7_to_0_9,133.25,0.5186338425610586,0.34146341463414637,0.34146341463414637,True,False,False,39.25,True,2023,2023-08,2023-W35
MNQ,2023-08-31,2023-08-30 22:00:00+00:00,2023-08-31 13:29:00+00:00,15512.5,15544.0,15458.5,15491.75,242186,930,2023-08-31 13:30:00+00:00,2023-08-31 15:29:00+00:00,15492.25,15606.75,15488.75,15567.0,432286,120,257.25,primary_2023_2025,85.5,136.0,0.6286764705882353,compression,0_5_to_0_7,118.0,0.4586977648202138,0.6334745762711864,0.6334745762711864,True,False,True,62.75,False,2023,2023-08,2023-W35
MNQ,2023-09-01,2023-08-31 22:00:00+00:00,2023-09-01 13:29:00+00:00,15534.75,15661.25,15502.0,15634.5,239325,930,2023-09-01 13:30:00+00:00,2023-09-01 15:29:00+00:00,15633.5,15652.0,15482.5,15507.75,476404,120,253.175,primary_2023_2025,159.25,133.5,1.192883895131086,neutral,1_1_to_1_3,169.5,0.6694973832329416,0.7418879056047197,-0.7418879056047197,False,True,False,19.5,True,2023,2023-09,2023-W35
MNQ,2023-09-04,2023-09-03 22:00:00+00:00,2023-09-04 13:29:00+00:00,15517.75,15570.5,15500.75,15555.0,91777,930,2023-09-04 13:30:00+00:00,2023-09-04 15:29:00+00:00,15555.0,15578.5,15511.75,15519.5,59362,120,236.0,primary_2023_2025,69.75,133.5,0.5224719101123596,compression,0_5_to_0_7,66.75,0.2828389830508475,0.5318352059925093,-0.5318352059925093,True,False,False,8.0,True,2023,2023-09,2023-W36
MNQ,2023-09-05,2023-09-04 22:00:00+00:00,2023-09-05 13:29:00+00:00,15528.75,15534.25,15418.5,15481.5,255755,930,2023-09-05 13:30:00+00:00,2023-09-05 15:29:00+00:00,15481.5,15577.25,15443.25,15531.75,409258,120,230.275,primary_2023_2025,115.75,133.5,0.8670411985018727,neutral,0_7_to_0_9,134.0,0.5819129301921615,0.375,0.375,True,False,False,43.0,True,2023,2023-09,2023-W36
MNQ,2023-09-06,2023-09-05 22:00:00+00:00,2023-09-06 13:29:00+00:00,15512.5,15532.75,15438.5,15499.75,187541,930,2023-09-06 13:30:00+00:00,2023-09-06 15:29:00+00:00,15500.0,15514.25,15348.25,15389.75,444628,120,232.25,primary_2023_2025,94.25,131.75,0.715370018975332,neutral,0_7_to_0_9,166.0,0.7147470398277718,0.6641566265060241,-0.6641566265060241,False,True,True,90.25,False,2023,2023-09,2023-W36
MNQ,2023-09-07,2023-09-06 22:00:00+00:00,2023-09-07 13:29:00+00:00,15388.75,15395.5,15183.0,15200.5,277076,930,2023-09-07 13:30:00+00:00,2023-09-07 15:29:00+00:00,15200.5,15281.5,15157.5,15229.25,474745,120,227.6625,primary_2023_2025,212.5,131.75,1.6129032258064515,expansion,gt_1_3,124.0,0.5446658979849558,0.2318548387096774,0.2318548387096774,False,True,False,25.5,True,2023,2023-09,2023-W36
MNQ,2023-09-08,2023-09-07 22:00:00+00:00,2023-09-08 13:29:00+00:00,15287.0,15344.25,15222.75,15272.25,232102,930,2023-09-08 13:30:00+00:00,2023-09-08 15:29:00+00:00,15272.75,15390.5,15270.5,15355.25,405054,120,226.4375,primary_2023_2025,121.5,131.75,0.9222011385199241,neutral,0_9_to_1_1,120.0,0.5299475572729782,0.6875,0.6875,True,False,True,46.25,False,2023,2023-09,2023-W36
MNQ,2023-09-11,2023-09-10 22:00:00+00:00,2023-09-11 13:29:00+00:00,15308.0,15634.0,15298.25,15618.75,123067,930,2023-09-11 13:30:00+00:00,2023-09-11 15:29:00+00:00,15618.75,15647.0,15537.0,15593.5,256337,120,218.2125,primary_2023_2025,335.75,129.125,2.600193610842207,expansion,gt_1_3,110.0,0.5040957781978576,0.22954545454545455,-0.22954545454545455,True,False,False,13.0,True,2023,2023-09,2023-W37
MNQ,2023-09-12,2023-09-11 22:00:00+00:00,2023-09-12 13:29:00+00:00,15667.0,15680.0,15591.5,15600.5,134657,930,2023-09-12 13:30:00+00:00,2023-09-12 15:29:00+00:00,15600.5,15658.75,15516.75,15544.25,307138,120,217.6125,primary_2023_2025,88.5,129.125,0.6853823814133592,compression,0_5_to_0_7,142.0,0.6525360445746453,0.3961267605633803,-0.3961267605633803,False,True,True,74.75,False,2023,2023-09,2023-W37
MNQ,2023-09-13,2023-09-12 22:00:00+00:00,2023-09-13 13:29:00+00:00,15503.75,15530.0,15406.25,15504.25,294758,930,2023-09-13 13:30:00+00:00,2023-09-13 15:29:00+00:00,15503.75,15595.0,15454.0,15591.75,384114,120,224.9375,primary_2023_2025,123.75,125.0,0.99,neutral,0_9_to_1_1,141.0,0.6268407891080856,0.624113475177305,0.624113475177305,True,False,True,65.0,False,2023,2023-09,2023-W37
MNQ,2023-09-14,2023-09-13 22:00:00+00:00,2023-09-14 13:29:00+00:00,15571.0,15647.75,15562.5,15620.0,269469,930,2023-09-14 13:30:00+00:00,2023-09-14 15:29:00+00:00,15619.5,15694.5,15531.0,15660.5,440058,120,221.1875,primary_2023_2025,85.25,125.75,0.6779324055666004,compression,0_5_to_0_7,163.5,0.7391918621079401,0.25076452599388377,0.25076452599388377,True,True,True,46.75,False,2023,2023-09,2023-W37
MNQ,2023-09-15,2023-09-14 22:00:00+00:00,2023-09-15 13:29:00+00:00,15677.5,15719.75,15592.0,15610.25,232206,930,2023-09-15 13:30:00+00:00,2023-09-15 15:29:00+00:00,15610.5,15627.75,15414.0,15430.5,466332,120,221.175,primary_2023_2025,127.75,123.0,1.0386178861788617,neutral,0_9_to_1_1,213.75,0.9664292980671414,0.8421052631578947,-0.8421052631578947,False,True,True,178.0,False,2023,2023-09,2023-W37
MNQ,2023-09-18,2023-09-17 22:00:00+00:00,2023-09-18 13:29:00+00:00,15383.75,15428.5,15330.5,15355.75,199168,930,2023-09-18 13:30:00+00:00,2023-09-18 15:29:00+00:00,15355.75,15441.25,15343.25,15422.25,437277,120,189.2875,primary_2023_2025,98.0,123.0,0.7967479674796748,neutral,0_7_to_0_9,98.0,0.5177309648022188,0.6785714285714286,0.6785714285714286,True,False,False,12.75,True,2023,2023-09,2023-W38
MNQ,2023-09-19,2023-09-18 22:00:00+00:00,2023-09-19 13:29:00+00:00,15424.5,15442.5,15345.0,15355.25,184385,930,2023-09-19 13:30:00+00:00,2023-09-19 15:29:00+00:00,15355.0,15373.25,15248.5,15281.0,416833,120,180.9875,primary_2023_2025,97.5,121.875,0.8,neutral,0_7_to_0_9,124.75,0.6892741211409628,0.593186372745491,-0.593186372745491,False,True,True,96.5,False,2023,2023-09,2023-W38
MNQ,2023-09-20,2023-09-19 22:00:00+00:00,2023-09-20 13:29:00+00:00,15378.75,15436.5,15342.0,15419.75,165907,930,2023-09-20 13:30:00+00:00,2023-09-20 15:29:00+00:00,15419.25,15435.25,15330.25,15336.25,347713,120,187.85,primary_2023_2025,94.5,118.625,0.7966280295047419,neutral,0_7_to_0_9,105.0,0.5589566143199362,0.7904761904761904,-0.7904761904761904,False,True,True,11.75,False,2023,2023-09,2023-W38
MNQ,2023-09-21,2023-09-20 22:00:00+00:00,2023-09-21 13:29:00+00:00,15133.0,15148.0,14943.0,14988.25,293745,930,2023-09-21 13:30:00+00:00,2023-09-21 15:29:00+00:00,14988.5,15020.0,14919.0,14943.0,497011,120,198.1,primary_2023_2025,205.0,111.375,1.840628507295174,expansion,gt_1_3,101.0,0.5098435133770823,0.4504950495049505,-0.4504950495049505,False,True,False,24.0,True,2023,2023-09,2023-W38
MNQ,2023-09-22,2023-09-21 22:00:00+00:00,2023-09-22 13:29:00+00:00,14850.0,14972.75,14835.75,14937.5,223098,930,2023-09-22 13:30:00+00:00,2023-09-22 15:29:00+00:00,14937.25,15018.0,14888.0,15010.5,389719,120,191.0125,primary_2023_2025,137.0,111.375,1.2300785634118967,neutral,1_1_to_1_3,130.0,0.6805837314311891,0.5634615384615385,0.5634615384615385,True,False,True,45.25,False,2023,2023-09,2023-W38
MNQ,2023-09-25,2023-09-24 22:00:00+00:00,2023-09-25 13:29:00+00:00,14879.0,14946.0,14782.5,14824.75,297796,930,2023-09-25 13:30:00+00:00,2023-09-25 15:29:00+00:00,14825.25,14917.25,14782.5,14897.0,443560,120,186.8375,primary_2023_2025,163.5,111.375,1.468013468013468,expansion,gt_1_3,134.75,0.7212149595236502,0.5324675324675324,0.5324675324675324,False,False,False,0.0,False,2023,2023-09,2023-W39
MNQ,2023-09-26,2023-09-25 22:00:00+00:00,2023-09-26 13:29:00+00:00,14952.5,14952.5,14795.25,14824.75,296104,930,2023-09-26 13:30:00+00:00,2023-09-26 15:29:00+00:00,14825.0,14846.0,14724.75,14728.5,460141,120,185.125,primary_2023_2025,157.25,111.375,1.4118967452300786,expansion,gt_1_3,121.25,0.6549628629304524,0.7958762886597938,-0.7958762886597938,False,True,True,70.5,False,2023,2023-09,2023-W39
MNQ,2023-09-27,2023-09-26 22:00:00+00:00,2023-09-27 13:29:00+00:00,14726.5,14796.0,14713.0,14753.5,236759,930,2023-09-27 13:30:00+00:00,2023-09-27 15:29:00+00:00,14753.25,14806.25,14682.25,14738.25,426155,120,194.325,primary_2023_2025,83.0,118.625,0.6996838777660696,compression,0_5_to_0_7,124.0,0.6381062652772418,0.12096774193548387,-0.12096774193548387,True,True,False,30.75,True,2023,2023-09,2023-W39
MNQ,2023-09-28,2023-09-27 22:00:00+00:00,2023-09-28 13:29:00+00:00,14771.0,14794.0,14677.75,14695.25,346897,930,2023-09-28 13:30:00+00:00,2023-09-28 15:29:00+00:00,14695.25,14827.75,14656.25,14827.0,495683,120,201.5125,primary_2023_2025,116.25,118.625,0.9799789251844047,neutral,0_9_to_1_1,171.5,0.851063829787234,0.7682215743440233,0.7682215743440233,True,True,True,33.75,False,2023,2023-09,2023-W39
MNQ,2023-09-29,2023-09-28 22:00:00+00:00,2023-09-29 13:29:00+00:00,14877.0,15010.0,14825.0,15002.0,294155,930,2023-09-29 13:30:00+00:00,2023-09-29 15:29:00+00:00,15002.0,15060.75,14952.0,14953.5,443204,120,207.675,primary_2023_2025,185.0,118.875,1.5562565720294428,expansion,gt_1_3,108.75,0.5236547490068617,0.4459770114942529,-0.4459770114942529,True,False,False,50.75,True,2023,2023-09,2023-W39
MNQ,2023-10-02,2023-10-01 22:00:00+00:00,2023-10-02 13:29:00+00:00,14962.25,15011.0,14824.75,14874.0,327730,930,2023-10-02 13:30:00+00:00,2023-10-02 15:29:00+00:00,14874.0,15046.25,14847.25,15038.75,546097,120,201.95,primary_2023_2025,186.25,118.875,1.5667718191377498,expansion,gt_1_3,199.0,0.985392423867294,0.8278894472361809,0.8278894472361809,True,False,True,35.25,False,2023,2023-10,2023-W40
MNQ,2023-10-03,2023-10-02 22:00:00+00:00,2023-10-03 13:29:00+00:00,14992.0,15031.0,14847.25,14879.75,365430,930,2023-10-03 13:30:00+00:00,2023-10-03 15:29:00+00:00,14879.5,14974.0,14725.0,14737.5,566178,120,204.6375,primary_2023_2025,183.75,122.625,1.4984709480122325,expansion,gt_1_3,249.0,1.2167857797324537,0.570281124497992,-0.570281124497992,False,True,True,122.25,False,2023,2023-10,2023-W40
MNQ,2023-10-04,2023-10-03 22:00:00+00:00,2023-10-04 13:29:00+00:00,14715.0,14799.75,14589.25,14753.5,428275,930,2023-10-04 13:30:00+00:00,2023-10-04 15:29:00+00:00,14753.25,14857.75,14734.25,14838.75,522909,120,212.525,primary_2023_2025,210.5,125.75,1.6739562624254474,expansion,gt_1_3,123.5,0.5811081049288319,0.6923076923076923,0.6923076923076923,True,False,True,58.0,False,2023,2023-10,2023-W40
MNQ,2023-10-05,2023-10-04 22:00:00+00:00,2023-10-05 13:29:00+00:00,14904.25,14958.75,14851.0,14909.75,361005,930,2023-10-05 13:30:00+00:00,2023-10-05 15:29:00+00:00,14909.25,14926.5,14716.0,14755.75,463876,120,221.775,primary_2023_2025,107.75,132.375,0.8139754485363551,neutral,0_7_to_0_9,210.5,0.949160184872055,0.7292161520190024,-0.7292161520190024,False,True,True,135.0,False,2023,2023-10,2023-W40
MNQ,2023-10-06,2023-10-05 22:00:00+00:00,2023-10-06 13:29:00+00:00,14856.0,14922.0,14660.25,14736.25,411730,930,2023-10-06 13:30:00+00:00,2023-10-06 15:29:00+00:00,14736.25,14950.0,14702.0,14924.0,650864,120,223.5375,primary_2023_2025,261.75,125.75,2.081510934393638,expansion,gt_1_3,248.0,1.1094335402337416,0.7570564516129032,0.7570564516129032,True,False,True,28.0,False,2023,2023-10,2023-W40
MNQ,2023-10-09,2023-10-08 22:00:00+00:00,2023-10-09 13:29:00+00:00,15076.0,15076.0,14971.5,15012.75,318515,930,2023-10-09 13:30:00+00:00,2023-10-09 15:29:00+00:00,15012.25,15067.0,14949.25,15031.0,376995,120,233.1625,primary_2023_2025,104.5,132.375,0.789423984891407,neutral,0_7_to_0_9,117.75,0.5050125985096231,0.1592356687898089,0.1592356687898089,False,True,False,22.25,True,2023,2023-10,2023-W41
MNQ,2023-10-10,2023-10-09 22:00:00+00:00,2023-10-10 13:29:00+00:00,15199.0,15239.25,15173.0,15200.5,277377,930,2023-10-10 13:30:00+00:00,2023-10-10 15:29:00+00:00,15200.25,15358.75,15180.0,15351.25,395887,120,229.4375,primary_2023_2025,66.25,125.75,0.5268389662027833,compression,0_5_to_0_7,178.75,0.7790792699536911,0.8447552447552448,0.8447552447552448,True,False,True,119.5,False,2023,2023-10,2023-W41
MNQ,2023-10-11,2023-10-10 22:00:00+00:00,2023-10-11 13:29:00+00:00,15278.75,15346.25,15273.5,15325.25,281459,930,2023-10-11 13:30:00+00:00,2023-10-11 15:29:00+00:00,15325.25,15387.5,15300.25,15313.25,432358,120,237.925,primary_2023_2025,72.75,125.75,0.5785288270377733,compression,0_5_to_0_7,87.25,0.366712199222444,0.13753581661891118,-0.13753581661891118,True,False,False,41.25,True,2023,2023-10,2023-W41
MNQ,2023-10-12,2023-10-11 22:00:00+00:00,2023-10-12 13:29:00+00:00,15408.25,15448.0,15361.5,15393.25,262924,930,2023-10-12 13:30:00+00:00,2023-10-12 15:29:00+00:00,15393.0,15467.0,15365.5,15418.0,449092,120,240.3375,primary_2023_2025,86.5,122.0,0.7090163934426229,neutral,0_7_to_0_9,101.5,0.42232277526395173,0.24630541871921183,0.24630541871921183,True,False,False,19.0,True,2023,2023-10,2023-W41
MNQ,2023-10-13,2023-10-12 22:00:00+00:00,2023-10-13 13:29:00+00:00,15326.0,15348.75,15217.5,15342.5,305880,930,2023-10-13 13:30:00+00:00,2023-10-13 15:29:00+00:00,15342.25,15367.0,15147.5,15159.25,511092,120,243.3,primary_2023_2025,131.25,122.0,1.0758196721311475,neutral,0_9_to_1_1,219.5,0.9021783806000822,0.8337129840546698,-0.8337129840546698,True,True,True,70.0,False,2023,2023-10,2023-W41
MNQ,2023-10-16,2023-10-15 22:00:00+00:00,2023-10-16 13:29:00+00:00,15119.75,15188.0,15083.0,15176.0,302878,930,2023-10-16 13:30:00+00:00,2023-10-16 15:29:00+00:00,15175.75,15325.25,15168.75,15302.25,439915,120,230.4125,primary_2023_2025,105.0,123.75,0.8484848484848485,neutral,0_7_to_0_9,156.5,0.679216622362068,0.8083067092651757,0.8083067092651757,True,False,True,137.25,False,2023,2023-10,2023-W42
MNQ,2023-10-17,2023-10-16 22:00:00+00:00,2023-10-17 13:29:00+00:00,15304.75,15305.5,15135.5,15139.0,271391,930,2023-10-17 13:30:00+00:00,2023-10-17 15:29:00+00:00,15138.75,15246.75,15050.0,15231.5,493523,120,234.4375,primary_2023_2025,170.0,123.75,1.3737373737373737,expansion,gt_1_3,196.75,0.8392428685683818,0.4714104193138501,0.4714104193138501,False,True,False,85.5,True,2023,2023-10,2023-W42
MNQ,2023-10-18,2023-10-17 22:00:00+00:00,2023-10-18 13:29:00+00:00,15243.0,15243.0,15124.0,15130.0,281218,930,2023-10-18 13:30:00+00:00,2023-10-18 15:29:00+00:00,15130.5,15224.0,15093.25,15130.25,578870,120,244.3875,primary_2023_2025,119.0,134.125,0.8872320596458527,neutral,0_7_to_0_9,130.75,0.535010996879955,0.0019120458891013384,-0.0019120458891013384,False,True,False,30.75,True,2023,2023-10,2023-W42
MNQ,2023-10-19,2023-10-18 22:00:00+00:00,2023-10-19 13:29:00+00:00,15048.0,15106.25,14936.75,15087.75,362156,930,2023-10-19 13:30:00+00:00,2023-10-19 15:29:00+00:00,15087.75,15109.25,14966.25,15014.0,502914,120,247.9625,primary_2023_2025,169.5,134.125,1.2637465051258154,neutral,1_1_to_1_3,143.0,0.5767001058627816,0.5157342657342657,-0.5157342657342657,True,False,False,3.0,True,2023,2023-10,2023-W42
MNQ,2023-10-20,2023-10-19 22:00:00+00:00,2023-10-20 13:29:00+00:00,14850.25,14887.75,14796.25,14862.25,302204,930,2023-10-20 13:30:00+00:00,2023-10-20 15:29:00+00:00,14862.0,14885.75,14666.25,14676.25,539177,120,252.675,primary_2023_2025,91.5,134.125,0.6821994408201305,compression,0_5_to_0_7,219.5,0.8687048580191946,0.8462414578587699,-0.8462414578587699,False,True,True,130.0,False,2023,2023-10,2023-W42
MNQ,2023-10-23,2023-10-22 22:00:00+00:00,2023-10-23 13:29:00+00:00,14678.75,14715.75,14520.5,14602.25,305750,930,2023-10-23 13:30:00+00:00,2023-10-23 15:29:00+00:00,14602.0,14749.0,14514.25,14741.0,508492,120,241.1875,primary_2023_2025,195.25,125.125,1.5604395604395604,expansion,gt_1_3,234.75,0.9733091474475253,0.5921192758253461,0.5921192758253461,True,True,True,33.25,False,2023,2023-10,2023-W43
MNQ,2023-10-24,2023-10-23 22:00:00+00:00,2023-10-24 13:29:00+00:00,14746.0,14823.25,14720.0,14778.25,260574,930,2023-10-24 13:30:00+00:00,2023-10-24 15:29:00+00:00,14778.25,14877.75,14759.0,14801.5,541189,120,245.7,primary_2023_2025,103.25,125.125,0.8251748251748252,neutral,0_7_to_0_9,118.75,0.48331298331298334,0.1957894736842105,0.1957894736842105,True,False,False,54.5,True,2023,2023-10,2023-W43
MNQ,2023-10-25,2023-10-24 22:00:00+00:00,2023-10-25 13:29:00+00:00,14831.5,14854.5,14713.0,14741.5,267350,930,2023-10-25 13:30:00+00:00,2023-10-25 15:29:00+00:00,14741.5,14749.0,14597.0,14637.25,524642,120,254.275,primary_2023_2025,141.5,117.625,1.2029755579171095,neutral,1_1_to_1_3,152.0,0.5977779962638875,0.6858552631578947,-0.6858552631578947,False,True,True,116.0,False,2023,2023-10,2023-W43
MNQ,2023-10-26,2023-10-25 22:00:00+00:00,2023-10-26 13:29:00+00:00,14430.75,14430.75,14257.25,14421.0,420128,930,2023-10-26 13:30:00+00:00,2023-10-26 15:29:00+00:00,14420.75,14459.25,14250.0,14257.5,613279,120,267.6875,primary_2023_2025,173.5,125.125,1.3866133866133865,expansion,gt_1_3,209.25,0.7816950735465795,0.7801672640382318,-0.7801672640382318,True,True,False,28.5,True,2023,2023-10,2023-W43
MNQ,2023-10-27,2023-10-26 22:00:00+00:00,2023-10-27 13:29:00+00:00,14244.0,14343.5,14244.0,14307.0,306770,930,2023-10-27 13:30:00+00:00,2023-10-27 15:29:00+00:00,14306.75,14407.5,14274.0,14389.5,513442,120,264.2625,primary_2023_2025,99.5,136.375,0.7296058661778185,neutral,0_7_to_0_9,133.5,0.5051795090109267,0.6198501872659176,0.6198501872659176,True,False,True,64.0,False,2023,2023-10,2023-W43
MNQ,2023-10-30,2023-10-29 22:00:00+00:00,2023-10-30 13:29:00+00:00,14329.0,14391.75,14302.25,14365.25,196884,930,2023-10-30 13:30:00+00:00,2023-10-30 15:29:00+00:00,14365.25,14476.25,14306.25,14340.75,480023,120,246.1625,primary_2023_2025,89.5,125.125,0.7152847152847153,neutral,0_7_to_0_9,170.0,0.6906007210684,0.14411764705882352,-0.14411764705882352,True,False,False,84.5,True,2023,2023-10,2023-W44
MNQ,2023-10-31,2023-10-30 22:00:00+00:00,2023-10-31 13:29:00+00:00,14412.0,14455.0,14320.25,14419.5,276937,930,2023-10-31 13:30:00+00:00,2023-10-31 15:29:00+00:00,14419.25,14434.25,14311.25,14379.75,458066,120,229.65,primary_2023_2025,134.75,113.375,1.1885336273428886,neutral,1_1_to_1_3,123.0,0.535597648595689,0.32113821138211385,-0.32113821138211385,False,True,False,9.0,True,2023,2023-10,2023-W44
MNQ,2023-11-01,2023-10-31 22:00:00+00:00,2023-11-01 13:29:00+00:00,14458.0,14534.5,14411.0,14520.25,253237,930,2023-11-01 13:30:00+00:00,2023-11-01 15:29:00+00:00,14519.75,14649.5,14515.25,14591.5,381307,120,234.375,primary_2023_2025,123.5,113.375,1.0893054024255788,neutral,0_9_to_1_1,134.25,0.5728,0.5344506517690876,0.5344506517690876,True,False,True,115.0,False,2023,2023-11,2023-W44
MNQ,2023-11-02,2023-11-01 22:00:00+00:00,2023-11-02 13:29:00+00:00,14760.0,14953.0,14759.75,14920.75,262946,930,2023-11-02 13:30:00+00:00,2023-11-02 15:29:00+00:00,14920.5,14971.75,14869.0,14940.25,407928,120,240.2625,primary_2023_2025,193.25,113.375,1.7045203969128997,expansion,gt_1_3,102.75,0.42765724988294057,0.1922141119221411,0.1922141119221411,True,False,False,18.75,True,2023,2023-11,2023-W44
MNQ,2023-11-03,2023-11-02 22:00:00+00:00,2023-11-03 13:29:00+00:00,14931.25,15066.25,14924.25,15051.0,258754,930,2023-11-03 13:30:00+00:00,2023-11-03 15:29:00+00:00,15051.0,15163.25,15040.25,15104.5,429436,120,241.4875,primary_2023_2025,142.0,121.25,1.1711340206185568,neutral,1_1_to_1_3,123.0,0.5093431337025726,0.4349593495934959,0.4349593495934959,True,False,True,97.0,False,2023,2023-11,2023-W44
MNQ,2023-11-06,2023-11-05 23:00:00+00:00,2023-11-06 14:29:00+00:00,15187.0,15225.25,15163.0,15204.0,175610,930,2023-11-06 14:30:00+00:00,2023-11-06 16:29:00+00:00,15204.25,15257.5,15184.5,15220.5,336186,120,236.7625,primary_2023_2025,62.25,121.25,0.51340206185567,compression,0_5_to_0_7,73.0,0.30832585396758355,0.2226027397260274,0.2226027397260274,True,False,False,32.25,True,2023,2023-11,2023-W45
MNQ,2023-11-07,2023-11-06 23:00:00+00:00,2023-11-07 14:29:00+00:00,15216.75,15284.25,15175.75,15275.5,211067,930,2023-11-07 14:30:00+00:00,2023-11-07 16:29:00+00:00,15275.75,15396.25,15224.5,15384.75,378228,120,227.4875,primary_2023_2025,108.5,121.25,0.8948453608247423,neutral,0_7_to_0_9,171.75,0.7549865377218528,0.6346433770014556,0.6346433770014556,True,False,True,112.0,False,2023,2023-11,2023-W45
MNQ,2023-11-08,2023-11-07 23:00:00+00:00,2023-11-08 14:29:00+00:00,15372.0,15390.0,15336.25,15388.75,173169,930,2023-11-08 14:30:00+00:00,2023-11-08 16:29:00+00:00,15388.5,15417.75,15330.25,15345.5,388753,120,235.85,primary_2023_2025,53.75,121.25,0.44329896907216493,compression,lt_0_5,87.5,0.370998516005936,0.49142857142857144,-0.49142857142857144,True,True,False,27.75,True,2023,2023-11,2023-W45
MNQ,2023-11-09,2023-11-08 23:00:00+00:00,2023-11-09 14:29:00+00:00,15360.0,15410.75,15344.5,15404.0,193771,930,2023-11-09 14:30:00+00:00,2023-11-09 16:29:00+00:00,15404.0,15432.75,15346.25,15408.25,400438,120,229.6625,primary_2023_2025,66.25,121.25,0.5463917525773195,compression,0_5_to_0_7,86.5,0.3766396342459043,0.049132947976878616,0.049132947976878616,True,False,False,22.0,True,2023,2023-11,2023-W45
MNQ,2023-11-10,2023-11-09 23:00:00+00:00,2023-11-10 14:29:00+00:00,15254.75,15331.0,15207.0,15327.75,234490,930,2023-11-10 14:30:00+00:00,2023-11-10 16:29:00+00:00,15328.0,15448.5,15305.5,15436.25,434776,120,229.0125,primary_2023_2025,124.0,121.25,1.022680412371134,neutral,0_9_to_1_1,143.0,0.6244200644069647,0.756993006993007,0.756993006993007,True,False,True,117.5,False,2023,2023-11,2023-W45
MNQ,2023-11-13,2023-11-12 23:00:00+00:00,2023-11-13 14:29:00+00:00,15585.75,15601.0,15509.5,15529.75,197356,930,2023-11-13 14:30:00+00:00,2023-11-13 16:29:00+00:00,15529.5,15568.75,15465.25,15568.5,354213,120,225.75,primary_2023_2025,91.5,121.25,0.7546391752577319,neutral,0_7_to_0_9,103.5,0.4584717607973422,0.37681159420289856,0.37681159420289856,False,True,False,44.25,True,2023,2023-11,2023-W46
MNQ,2023-11-14,2023-11-13 23:00:00+00:00,2023-11-14 14:29:00+00:00,15559.5,15839.75,15551.75,15812.25,277629,930,2023-11-14 14:30:00+00:00,2023-11-14 16:29:00+00:00,15812.25,15902.75,15790.0,15870.0,368210,120,219.825,primary_2023_2025,288.0,121.25,2.375257731958763,expansion,gt_1_3,112.75,0.5129079949960196,0.5121951219512195,0.5121951219512195,True,False,True,63.0,False,2023,2023-11,2023-W46
MNQ,2023-11-15,2023-11-14 23:00:00+00:00,2023-11-15 14:29:00+00:00,15894.25,16049.0,15894.25,15957.0,282422,930,2023-11-15 14:30:00+00:00,2023-11-15 16:29:00+00:00,15957.0,15977.25,15905.75,15957.75,362097,120,236.175,primary_2023_2025,154.75,121.25,1.2762886597938143,neutral,1_1_to_1_3,71.5,0.3027416110934688,0.01048951048951049,0.01048951048951049,False,False,False,0.0,False,2023,2023-11,2023-W46
MNQ,2023-11-16,2023-11-15 23:00:00+00:00,2023-11-16 14:29:00+00:00,15844.0,15883.25,15821.75,15851.0,239912,930,2023-11-16 14:30:00+00:00,2023-11-16 16:29:00+00:00,15851.0,15905.75,15807.25,15812.5,418444,120,230.4,primary_2023_2025,61.5,123.75,0.49696969696969695,compression,lt_0_5,98.5,0.4275173611111111,0.39086294416243655,-0.39086294416243655,True,True,True,22.5,False,2023,2023-11,2023-W46
MNQ,2023-11-17,2023-11-16 23:00:00+00:00,2023-11-17 14:29:00+00:00,15898.25,15920.75,15860.0,15863.0,182361,930,2023-11-17 14:30:00+00:00,2023-11-17 16:29:00+00:00,15862.5,15880.75,15824.5,15859.25,329450,120,223.6625,primary_2023_2025,60.75,116.0,0.5237068965517241,compression,0_5_to_0_7,56.25,0.2514949980439278,0.057777777777777775,-0.057777777777777775,False,True,True,35.5,False,2023,2023-11,2023-W46
MNQ,2023-11-20,2023-11-19 23:00:00+00:00,2023-11-20 14:29:00+00:00,15891.25,15931.75,15837.5,15895.25,201615,930,2023-11-20 14:30:00+00:00,2023-11-20 16:29:00+00:00,15895.0,16018.5,15894.75,16011.25,342516,120,191.6,primary_2023_2025,94.25,116.0,0.8125,neutral,0_7_to_0_9,123.75,0.6458768267223383,0.9393939393939394,0.9393939393939394,True,False,True,86.75,False,2023,2023-11,2023-W47
MNQ,2023-11-21,2023-11-20 23:00:00+00:00,2023-11-21 14:29:00+00:00,16089.75,16122.5,16000.0,16013.25,198170,930,2023-11-21 14:30:00+00:00,2023-11-21 16:29:00+00:00,16013.0,16021.25,15917.0,15947.5,336813,120,195.95,primary_2023_2025,122.5,105.875,1.1570247933884297,neutral,1_1_to_1_3,104.25,0.5320234753763715,0.6282973621103117,-0.6282973621103117,False,True,True,83.0,False,2023,2023-11,2023-W47
MNQ,2023-11-22,2023-11-21 23:00:00+00:00,2023-11-22 14:29:00+00:00,15970.0,16079.25,15942.5,16069.75,230554,930,2023-11-22 14:30:00+00:00,2023-11-22 16:29:00+00:00,16069.75,16173.25,16005.25,16064.75,501911,120,203.5625,primary_2023_2025,136.75,115.5,1.183982683982684,neutral,1_1_to_1_3,168.0,0.8252993552348787,0.02976190476190476,-0.02976190476190476,True,False,False,94.0,True,2023,2023-11,2023-W47
MNQ,2023-11-23,2023-11-22 23:00:00+00:00,2023-11-23 14:29:00+00:00,16039.75,16086.75,16034.0,16063.5,90596,930,2023-11-23 14:30:00+00:00,2023-11-23 16:29:00+00:00,16063.0,16074.5,16051.5,16068.0,36463,120,206.5875,primary_2023_2025,52.75,115.5,0.45670995670995673,compression,lt_0_5,23.0,0.1113329702910389,0.21739130434782608,0.21739130434782608,False,False,False,0.0,False,2023,2023-11,2023-W47
MNQ,2023-11-24,2023-11-23 23:00:00+00:00,2023-11-24 14:29:00+00:00,16062.5,16076.25,16024.5,16028.25,134185,930,2023-11-24 14:30:00+00:00,2023-11-24 16:29:00+00:00,16028.25,16053.25,15981.75,16009.0,213477,120,198.8875,primary_2023_2025,51.75,104.0,0.49759615384615385,compression,lt_0_5,71.5,0.35949971717679596,0.2692307692307692,-0.2692307692307692,False,True,True,42.75,False,2023,2023-11,2023-W47
MNQ,2023-11-27,2023-11-26 23:00:00+00:00,2023-11-27 14:29:00+00:00,16008.5,16021.75,15938.75,15998.75,199508,930,2023-11-27 14:30:00+00:00,2023-11-27 16:29:00+00:00,15999.0,16051.5,15970.25,16028.5,357808,120,174.875,primary_2023_2025,83.0,101.375,0.8187422934648582,neutral,0_7_to_0_9,81.25,0.46461758398856323,0.3630769230769231,0.3630769230769231,True,False,True,29.75,False,2023,2023-11,2023-W48
MNQ,2023-11-28,2023-11-27 23:00:00+00:00,2023-11-28 14:29:00+00:00,16004.0,16014.0,15945.0,15974.5,216080,930,2023-11-28 14:30:00+00:00,2023-11-28 16:29:00+00:00,15974.25,16047.75,15958.25,16040.25,404176,120,167.4625,primary_2023_2025,69.0,101.375,0.6806411837237978,compression,0_5_to_0_7,89.5,0.5344480107486751,0.7374301675977654,0.7374301675977654,True,False,True,33.75,False,2023,2023-11,2023-W48
MNQ,2023-11-29,2023-11-28 23:00:00+00:00,2023-11-29 14:29:00+00:00,16054.75,16173.0,16040.5,16147.25,224595,930,2023-11-29 14:30:00+00:00,2023-11-29 16:29:00+00:00,16147.25,16207.75,16038.25,16045.25,437596,120,172.5375,primary_2023_2025,132.5,92.875,1.4266487213997308,expansion,gt_1_3,169.5,0.9823951314931537,0.6017699115044248,-0.6017699115044248,True,True,False,34.75,True,2023,2023-11,2023-W48
MNQ,2023-11-30,2023-11-29 23:00:00+00:00,2023-11-30 14:29:00+00:00,16041.5,16098.0,16026.25,16032.75,228676,930,2023-11-30 14:30:00+00:00,2023-11-30 16:29:00+00:00,16032.5,16051.5,15882.0,15894.5,472932,120,176.275,primary_2023_2025,71.75,92.875,0.7725437415881561,neutral,0_7_to_0_9,169.5,0.961565735356687,0.8141592920353983,-0.8141592920353983,False,True,True,144.25,False,2023,2023-11,2023-W48
MNQ,2023-12-01,2023-11-30 23:00:00+00:00,2023-12-01 14:29:00+00:00,15955.0,16000.75,15919.25,15933.25,182903,930,2023-12-01 14:30:00+00:00,2023-12-01 16:29:00+00:00,15933.5,15984.0,15864.5,15961.75,503522,120,176.5375,primary_2023_2025,81.5,87.25,0.9340974212034384,neutral,0_9_to_1_1,119.5,0.676910004956454,0.23640167364016737,0.23640167364016737,False,True,False,54.75,True,2023,2023-12,2023-W48
MNQ,2023-12-04,2023-12-03 23:00:00+00:00,2023-12-04 14:29:00+00:00,16021.75,16027.0,15848.5,15862.0,228795,930,2023-12-04 14:30:00+00:00,2023-12-04 16:29:00+00:00,15862.25,15876.25,15721.25,15769.5,428022,120,169.9625,primary_2023_2025,178.5,82.25,2.1702127659574466,expansion,gt_1_3,155.0,0.9119658748253291,0.5983870967741935,-0.5983870967741935,False,True,True,127.25,False,2023,2023-12,2023-W49
MNQ,2023-12-05,2023-12-04 23:00:00+00:00,2023-12-05 14:29:00+00:00,15860.75,15862.5,15761.25,15790.75,224367,930,2023-12-05 14:30:00+00:00,2023-12-05 16:29:00+00:00,15791.0,15961.75,15783.25,15877.0,496001,120,163.625,primary_2023_2025,101.25,87.25,1.160458452722063,neutral,1_1_to_1_3,178.5,1.0909090909090908,0.48179271708683474,0.48179271708683474,True,False,True,99.25,False,2023,2023-12,2023-W49
MNQ,2023-12-06,2023-12-05 23:00:00+00:00,2023-12-06 14:29:00+00:00,15898.75,16037.25,15891.0,16034.0,260784,930,2023-12-06 14:30:00+00:00,2023-12-06 16:29:00+00:00,16033.75,16039.0,15876.0,15908.75,454497,120,170.425,primary_2023_2025,146.25,87.25,1.67621776504298,expansion,gt_1_3,163.0,0.956432448291037,0.7668711656441718,-0.7668711656441718,True,True,False,15.0,True,2023,2023-12,2023-W49
MNQ,2023-12-07,2023-12-06 23:00:00+00:00,2023-12-07 14:29:00+00:00,15816.25,15939.75,15791.25,15934.25,220132,930,2023-12-07 14:30:00+00:00,2023-12-07 16:29:00+00:00,15934.25,16011.25,15888.0,15970.25,466158,120,176.1625,primary_2023_2025,148.5,92.875,1.5989232839838492,expansion,gt_1_3,123.25,0.6996381182147166,0.2920892494929006,0.2920892494929006,True,False,True,71.5,False,2023,2023-12,2023-W49
MNQ,2023-12-08,2023-12-07 23:00:00+00:00,2023-12-08 14:29:00+00:00,16018.5,16038.75,15890.0,15955.75,227222,930,2023-12-08 14:30:00+00:00,2023-12-08 16:29:00+00:00,15956.0,16113.25,15946.75,16054.25,481321,120,170.875,primary_2023_2025,148.75,97.75,1.5217391304347827,expansion,gt_1_3,166.5,0.9743964886613021,0.5900900900900901,0.5900900900900901,True,False,True,74.5,False,2023,2023-12,2023-W49
MNQ,2023-12-11,2023-12-10 23:00:00+00:00,2023-12-11 14:29:00+00:00,16092.0,16319.25,16082.0,16290.0,95094,930,2023-12-11 14:30:00+00:00,2023-12-11 16:29:00+00:00,16290.0,16413.0,16281.5,16364.25,211309,120,177.4875,primary_2023_2025,237.25,97.75,2.4271099744245523,expansion,gt_1_3,131.5,0.7408972462849496,0.564638783269962,0.564638783269962,True,False,True,93.75,False,2023,2023-12,2023-W50
MNQ,2023-12-12,2023-12-11 23:00:00+00:00,2023-12-12 14:29:00+00:00,16453.5,16546.75,16440.0,16444.75,136455,930,2023-12-12 14:30:00+00:00,2023-12-12 16:29:00+00:00,16444.5,16516.25,16396.5,16495.5,228991,120,183.175,primary_2023_2025,106.75,111.875,0.9541899441340782,neutral,0_9_to_1_1,119.75,0.6537464173604476,0.42588726513569936,0.42588726513569936,False,True,False,43.5,True,2023,2023-12,2023-W50
MNQ,2023-12-13,2023-12-12 23:00:00+00:00,2023-12-13 14:29:00+00:00,16597.5,16635.75,16589.5,16609.75,113832,930,2023-12-13 14:30:00+00:00,2023-12-13 16:29:00+00:00,16609.5,16657.25,16596.75,16608.25,225990,120,191.2375,primary_2023_2025,46.25,104.0,0.44471153846153844,compression,lt_0_5,60.5,0.31636054644094386,0.02066115702479339,-0.02066115702479339,True,False,False,21.5,True,2023,2023-12,2023-W50
MNQ,2023-12-14,2023-12-13 23:00:00+00:00,2023-12-14 14:29:00+00:00,16774.0,16885.5,16774.0,16820.5,252949,930,2023-12-14 14:30:00+00:00,2023-12-14 16:29:00+00:00,16820.5,16877.25,16745.5,16765.75,426428,120,192.4625,primary_2023_2025,111.5,97.75,1.1406649616368287,neutral,1_1_to_1_3,131.75,0.6845489381048256,0.4155597722960152,-0.4155597722960152,False,True,True,28.5,False,2023,2023-12,2023-W50
MNQ,2023-12-15,2023-12-14 23:00:00+00:00,2023-12-15 14:29:00+00:00,16740.0,16818.5,16732.25,16788.0,199048,930,2023-12-15 14:30:00+00:00,2023-12-15 16:29:00+00:00,16787.75,16879.0,16780.25,16876.0,320311,120,195.2125,primary_2023_2025,86.25,104.0,0.8293269230769231,neutral,0_7_to_0_9,98.75,0.5058589998079016,0.8936708860759494,0.8936708860759494,True,False,True,60.5,False,2023,2023-12,2023-W50
MNQ,2023-12-18,2023-12-17 23:00:00+00:00,2023-12-18 14:29:00+00:00,16820.25,16858.75,16802.25,16846.5,163206,930,2023-12-18 14:30:00+00:00,2023-12-18 16:29:00+00:00,16846.5,16906.5,16832.0,16899.5,293464,120,190.8625,primary_2023_2025,56.5,104.0,0.5432692307692307,compression,0_5_to_0_7,74.5,0.39033335516405787,0.7114093959731543,0.7114093959731543,True,False,True,47.75,False,2023,2023-12,2023-W51
MNQ,2023-12-19,2023-12-18 23:00:00+00:00,2023-12-19 14:29:00+00:00,16920.0,16989.25,16911.0,16952.5,141376,930,2023-12-19 14:30:00+00:00,2023-12-19 16:29:00+00:00,16952.5,17012.75,16944.5,16997.5,354161,120,194.675,primary_2023_2025,78.25,104.0,0.7524038461538461,neutral,0_7_to_0_9,68.25,0.35058430717863104,0.6593406593406593,0.6593406593406593,True,False,True,23.5,False,2023,2023-12,2023-W51
MNQ,2023-12-20,2023-12-19 23:00:00+00:00,2023-12-20 14:29:00+00:00,17023.0,17046.0,16961.5,16986.25,152492,930,2023-12-20 14:30:00+00:00,2023-12-20 16:29:00+00:00,16986.0,17073.5,16970.75,17041.5,284910,120,197.5625,primary_2023_2025,84.5,93.75,0.9013333333333333,neutral,0_9_to_1_1,102.75,0.5200885795634292,0.5401459854014599,0.5401459854014599,True,False,False,27.5,True,2023,2023-12,2023-W51
MNQ,2023-12-21,2023-12-20 23:00:00+00:00,2023-12-21 14:29:00+00:00,16793.75,16971.25,16790.0,16922.25,236595,930,2023-12-21 14:30:00+00:00,2023-12-21 16:29:00+00:00,16922.25,16958.75,16843.5,16897.75,426218,120,205.925,primary_2023_2025,181.25,85.375,2.12298682284041,expansion,gt_1_3,115.25,0.5596697826878718,0.21258134490238612,-0.21258134490238612,False,False,False,0.0,False,2023,2023-12,2023-W51
MNQ,2023-12-22,2023-12-21 23:00:00+00:00,2023-12-22 14:29:00+00:00,16954.5,17014.25,16891.5,16999.5,198120,930,2023-12-22 14:30:00+00:00,2023-12-22 16:29:00+00:00,16999.25,17041.25,16968.5,16998.75,290350,120,206.6875,primary_2023_2025,122.75,93.75,1.3093333333333332,expansion,gt_1_3,72.75,0.3519806471121863,0.006872852233676976,-0.006872852233676976,True,False,False,27.0,True,2023,2023-12,2023-W51
MNQ,2023-12-26,2023-12-25 23:00:00+00:00,2023-12-26 14:29:00+00:00,16963.5,17037.5,16963.5,17009.75,108733,930,2023-12-26 14:30:00+00:00,2023-12-26 16:29:00+00:00,17009.5,17060.5,17005.25,17037.5,206743,120,195.6125,primary_2023_2025,74.0,104.0,0.7115384615384616,neutral,0_7_to_0_9,55.25,0.28244616269410183,0.5067873303167421,0.5067873303167421,True,False,False,23.0,True,2023,2023-12,2023-W52
MNQ,2023-12-27,2023-12-26 23:00:00+00:00,2023-12-27 14:29:00+00:00,17085.0,17106.25,17072.25,17092.0,108443,930,2023-12-27 14:30:00+00:00,2023-12-27 16:29:00+00:00,17092.0,17124.5,17055.5,17078.25,243859,120,192.6625,primary_2023_2025,34.0,104.0,0.3269230769230769,compression,lt_0_5,69.0,0.35813923311490303,0.19927536231884058,-0.19927536231884058,True,True,False,18.25,True,2023,2023-12,2023-W52
MNQ,2023-12-28,2023-12-27 23:00:00+00:00,2023-12-28 14:29:00+00:00,17129.0,17165.5,17117.75,17148.5,120294,930,2023-12-28 14:30:00+00:00,2023-12-28 16:29:00+00:00,17148.75,17159.0,17102.75,17114.25,225510,120,194.6375,primary_2023_2025,47.75,104.0,0.45913461538461536,compression,lt_0_5,56.25,0.2889987797829298,0.6133333333333333,-0.6133333333333333,False,True,True,15.0,False,2023,2023-12,2023-W52
MNQ,2023-12-29,2023-12-28 23:00:00+00:00,2023-12-29 14:29:00+00:00,17089.75,17130.5,17066.0,17089.0,121329,930,2023-12-29 14:30:00+00:00,2023-12-29 16:29:00+00:00,17089.0,17107.5,16940.0,16943.5,324444,120,184.9125,primary_2023_2025,64.5,93.75,0.688,compression,0_5_to_0_7,167.5,0.9058338403298858,0.8686567164179104,-0.8686567164179104,False,True,True,126.0,False,2023,2023-12,2023-W52
MNQ,2024-01-02,2024-01-01 23:00:00+00:00,2024-01-02 14:29:00+00:00,17018.75,17038.5,16815.75,16862.25,254434,930,2024-01-02 14:30:00+00:00,2024-01-02 16:29:00+00:00,16862.0,16873.5,16685.0,16761.25,428037,120,173.1,primary_2023_2025,222.75,93.75,2.376,expansion,gt_1_3,188.5,1.0889659156556903,0.5344827586206896,-0.5344827586206896,False,True,True,130.75,False,2024,2024-01,2024-W01
MNQ,2024-01-03,2024-01-02 23:00:00+00:00,2024-01-03 14:29:00+00:00,16740.0,16740.0,16592.0,16609.75,226552,930,2024-01-03 14:30:00+00:00,2024-01-03 16:29:00+00:00,16610.0,16653.75,16543.5,16590.25,448219,120,180.1125,primary_2023_2025,148.0,104.0,1.4230769230769231,expansion,gt_1_3,110.25,0.6121174266083698,0.17913832199546487,-0.17913832199546487,False,True,True,48.5,False,2024,2024-01,2024-W01
MNQ,2024-01-04,2024-01-03 23:00:00+00:00,2024-01-04 14:29:00+00:00,16543.25,16587.25,16443.75,16453.0,232562,930,2024-01-04 14:30:00+00:00,2024-01-04 16:29:00+00:00,16453.25,16584.0,16443.0,16565.75,358638,120,179.025,primary_2023_2025,143.5,104.0,1.3798076923076923,expansion,gt_1_3,141.0,0.7875994972769166,0.7978723404255319,0.7978723404255319,False,True,False,0.75,True,2024,2024-01,2024-W01
MNQ,2024-01-05,2024-01-04 23:00:00+00:00,2024-01-05 14:29:00+00:00,16454.0,16469.25,16334.25,16449.25,304868,930,2024-01-05 14:30:00+00:00,2024-01-05 16:29:00+00:00,16449.0,16577.0,16437.25,16519.25,378050,120,174.7375,primary_2023_2025,135.0,109.125,1.2371134020618557,neutral,1_1_to_1_3,139.75,0.7997710851992273,0.5026833631484794,0.5026833631484794,True,False,True,107.75,False,2024,2024-01,2024-W01
MNQ,2024-01-08,2024-01-07 23:00:00+00:00,2024-01-08 14:29:00+00:00,16472.25,16514.5,16378.25,16511.0,236430,930,2024-01-08 14:30:00+00:00,2024-01-08 16:29:00+00:00,16512.0,16673.5,16505.25,16649.25,295264,120,167.675,primary_2023_2025,136.25,109.125,1.2485681557846506,neutral,1_1_to_1_3,168.25,1.0034292530192335,0.8157503714710252,0.8157503714710252,True,False,True,159.0,False,2024,2024-01,2024-W02
MNQ,2024-01-09,2024-01-08 23:00:00+00:00,2024-01-09 14:29:00+00:00,16790.0,16796.0,16658.5,16669.0,229077,930,2024-01-09 14:30:00+00:00,2024-01-09 16:29:00+00:00,16669.0,16786.5,16660.75,16779.75,356628,120,173.8625,primary_2023_2025,137.5,109.125,1.2600229095074456,neutral,1_1_to_1_3,125.75,0.7232727011287655,0.8807157057654076,0.8807157057654076,False,False,False,0.0,False,2024,2024-01,2024-W02
MNQ,2024-01-10,2024-01-09 23:00:00+00:00,2024-01-10 14:29:00+00:00,16829.5,16907.25,16806.75,16840.25,232818,930,2024-01-10 14:30:00+00:00,2024-01-10 16:29:00+00:00,16840.0,16897.5,16801.75,16866.5,339019,120,171.5375,primary_2023_2025,100.5,109.125,0.9209621993127147,neutral,0_9_to_1_1,95.75,0.5581869853530569,0.27676240208877284,0.27676240208877284,False,True,False,5.0,True,2024,2024-01,2024-W02
MNQ,2024-01-11,2024-01-10 23:00:00+00:00,2024-01-11 14:29:00+00:00,16955.5,17056.0,16892.25,16984.5,334368,930,2024-01-11 14:30:00+00:00,2024-01-11 16:29:00+00:00,16984.5,17043.0,16776.5,16795.25,541748,120,175.4,primary_2023_2025,163.75,103.625,1.5802171290711702,expansion,gt_1_3,266.5,1.5193842645381983,0.7101313320825516,-0.7101313320825516,False,True,True,115.75,False,2024,2024-01,2024-W02
MNQ,2024-01-12,2024-01-11 23:00:00+00:00,2024-01-12 14:29:00+00:00,16958.0,17008.5,16866.25,17008.25,328504,930,2024-01-12 14:30:00+00:00,2024-01-12 16:29:00+00:00,17008.25,17042.5,16913.25,16981.5,435014,120,188.0,primary_2023_2025,142.25,106.0,1.3419811320754718,expansion,gt_1_3,129.25,0.6875,0.20696324951644102,-0.20696324951644102,True,False,False,34.0,True,2024,2024-01,2024-W02
MNQ,2024-01-15,2024-01-14 23:00:00+00:00,2024-01-15 14:29:00+00:00,16962.0,17023.25,16938.5,16957.75,160703,930,2024-01-15 14:30:00+00:00,2024-01-15 16:29:00+00:00,16957.75,16978.0,16936.0,16973.0,59626,120,184.75,primary_2023_2025,84.75,117.125,0.7235859124866596,neutral,0_7_to_0_9,42.0,0.2273342354533153,0.3630952380952381,0.3630952380952381,False,True,False,2.5,True,2024,2024-01,2024-W03
MNQ,2024-01-16,2024-01-15 23:00:00+00:00,2024-01-16 14:29:00+00:00,16966.0,16966.0,16812.0,16916.75,324405,930,2024-01-16 14:30:00+00:00,2024-01-16 16:29:00+00:00,16916.5,17034.0,16855.0,16995.5,558551,120,176.025,primary_2023_2025,154.0,111.625,1.3796192609182532,expansion,gt_1_3,179.0,1.0169010083794916,0.441340782122905,0.441340782122905,True,False,True,68.0,False,2024,2024-01,2024-W03
MNQ,2024-01-17,2024-01-16 23:00:00+00:00,2024-01-17 14:29:00+00:00,16979.5,16981.25,16805.5,16825.0,323576,930,2024-01-17 14:30:00+00:00,2024-01-17 16:29:00+00:00,16825.0,16842.75,16689.0,16817.75,467358,120,179.2875,primary_2023_2025,175.75,128.875,1.3637245392822503,expansion,gt_1_3,153.75,0.8575611796695253,0.04715447154471545,-0.04715447154471545,False,True,False,116.5,True,2024,2024-01,2024-W03
MNQ,2024-01-18,2024-01-17 23:00:00+00:00,2024-01-18 14:29:00+00:00,16859.5,17044.75,16833.75,16996.75,339070,930,2024-01-18 14:30:00+00:00,2024-01-18 16:29:00+00:00,16996.75,17088.75,16986.0,17085.5,473495,120,183.4375,primary_2023_2025,211.0,135.625,1.5557603686635946,expansion,gt_1_3,102.75,0.5601362862010222,0.8637469586374696,0.8637469586374696,True,False,True,44.0,False,2024,2024-01,2024-W03
MNQ,2024-01-19,2024-01-18 23:00:00+00:00,2024-01-19 14:29:00+00:00,17117.75,17255.5,17107.25,17189.5,298303,930,2024-01-19 14:30:00+00:00,2024-01-19 16:29:00+00:00,17190.5,17271.25,17166.25,17257.5,426001,120,196.95,primary_2023_2025,148.25,136.875,1.0831050228310501,neutral,0_9_to_1_1,105.0,0.5331302361005331,0.638095238095238,0.638095238095238,True,False,True,15.75,False,2024,2024-01,2024-W03
MNQ,2024-01-22,2024-01-21 23:00:00+00:00,2024-01-22 14:29:00+00:00,17465.75,17582.5,17464.0,17528.25,279757,930,2024-01-22 14:30:00+00:00,2024-01-22 16:29:00+00:00,17528.0,17584.75,17438.5,17494.25,488354,120,207.0875,primary_2023_2025,118.5,139.875,0.8471849865951743,neutral,0_7_to_0_9,146.25,0.7062232148246514,0.23076923076923078,-0.23076923076923078,True,True,False,25.5,True,2024,2024-01,2024-W04
MNQ,2024-01-23,2024-01-22 23:00:00+00:00,2024-01-23 14:29:00+00:00,17457.0,17525.5,17421.5,17488.0,237589,930,2024-01-23 14:30:00+00:00,2024-01-23 16:29:00+00:00,17487.75,17488.25,17409.25,17441.75,389409,120,210.2375,primary_2023_2025,104.0,136.875,0.7598173515981735,neutral,0_7_to_0_9,79.0,0.37576550329983943,0.5822784810126582,-0.5822784810126582,False,True,False,12.25,True,2024,2024-01,2024-W04
MNQ,2024-01-24,2024-01-23 23:00:00+00:00,2024-01-24 14:29:00+00:00,17551.5,17694.0,17551.5,17692.5,235035,930,2024-01-24 14:30:00+00:00,2024-01-24 16:29:00+00:00,17692.75,17765.0,17637.25,17708.25,452953,120,210.0125,primary_2023_2025,142.5,136.875,1.0410958904109588,neutral,0_9_to_1_1,127.75,0.6082971251711208,0.12133072407045009,0.12133072407045009,True,False,True,71.0,False,2024,2024-01,2024-W04
MNQ,2024-01-25,2024-01-24 23:00:00+00:00,2024-01-25 14:29:00+00:00,17618.75,17727.0,17588.5,17721.75,279954,930,2024-01-25 14:30:00+00:00,2024-01-25 16:29:00+00:00,17722.5,17738.25,17649.75,17723.5,437136,120,219.3375,primary_2023_2025,138.5,139.875,0.9901697944593387,neutral,0_9_to_1_1,88.5,0.4034877756881518,0.011299435028248588,0.011299435028248588,True,False,False,11.25,True,2024,2024-01,2024-W04
MNQ,2024-01-26,2024-01-25 23:00:00+00:00,2024-01-26 14:29:00+00:00,17574.25,17611.5,17465.75,17558.25,355717,930,2024-01-26 14:30:00+00:00,2024-01-26 16:29:00+00:00,17557.75,17629.75,17504.0,17610.25,383197,120,212.025,primary_2023_2025,145.75,140.375,1.0382902938557435,neutral,0_9_to_1_1,125.75,0.593090437448414,0.41749502982107356,0.41749502982107356,True,False,False,18.25,True,2024,2024-01,2024-W04
MNQ,2024-01-29,2024-01-28 23:00:00+00:00,2024-01-29 14:29:00+00:00,17502.5,17591.0,17456.25,17548.25,205257,930,2024-01-29 14:30:00+00:00,2024-01-29 16:29:00+00:00,17548.25,17584.75,17520.0,17558.25,385372,120,207.025,primary_2023_2025,134.75,142.375,0.9464442493415277,neutral,0_9_to_1_1,64.75,0.3127641589180051,0.15444015444015444,0.15444015444015444,False,False,False,0.0,False,2024,2024-01,2024-W05
MNQ,2024-01-30,2024-01-29 23:00:00+00:00,2024-01-30 14:29:00+00:00,17708.0,17735.75,17644.75,17661.25,206840,930,2024-01-30 14:30:00+00:00,2024-01-30 16:29:00+00:00,17661.25,17685.0,17616.25,17642.5,343424,120,205.675,primary_2023_2025,91.0,142.375,0.6391571553994733,compression,0_5_to_0_7,68.75,0.33426522426157773,0.2727272727272727,-0.2727272727272727,False,True,True,28.5,False,2024,2024-01,2024-W05
MNQ,2024-01-31,2024-01-30 23:00:00+00:00,2024-01-31 14:29:00+00:00,17427.5,17468.75,17333.5,17399.75,298477,930,2024-01-31 14:30:00+00:00,2024-01-31 16:29:00+00:00,17399.75,17426.25,17283.5,17336.75,369262,120,218.55,primary_2023_2025,135.25,140.375,0.9634906500445236,neutral,0_9_to_1_1,142.75,0.6531686113017616,0.4413309982486865,-0.4413309982486865,False,True,False,50.0,True,2024,2024-01,2024-W05
MNQ,2024-02-01,2024-01-31 23:00:00+00:00,2024-02-01 14:29:00+00:00,17275.0,17363.75,17262.75,17306.5,243741,930,2024-02-01 14:30:00+00:00,2024-02-01 16:29:00+00:00,17307.25,17371.25,17264.0,17281.0,427325,120,209.9875,primary_2023_2025,101.0,138.0,0.7318840579710145,neutral,0_7_to_0_9,107.25,0.5107446871837609,0.24475524475524477,-0.24475524475524477,True,False,False,7.5,True,2024,2024-02,2024-W05
MNQ,2024-02-02,2024-02-01 23:00:00+00:00,2024-02-02 14:29:00+00:00,17592.0,17643.75,17483.0,17508.0,299359,930,2024-02-02 14:30:00+00:00,2024-02-02 16:29:00+00:00,17508.25,17673.25,17465.75,17671.0,508780,120,218.625,primary_2023_2025,160.75,136.875,1.1744292237442922,neutral,1_1_to_1_3,207.5,0.9491137793024585,0.7843373493975904,0.7843373493975904,True,True,True,29.5,False,2024,2024-02,2024-W05
MNQ,2024-02-05,2024-02-04 23:00:00+00:00,2024-02-05 14:29:00+00:00,17695.25,17739.5,17663.5,17722.25,224103,930,2024-02-05 14:30:00+00:00,2024-02-05 16:29:00+00:00,17722.5,17737.25,17553.75,17612.0,390848,120,211.7875,primary_2023_2025,76.0,138.0,0.5507246376811594,compression,0_5_to_0_7,183.5,0.8664345157292097,0.6021798365122616,-0.6021798365122616,False,True,True,109.75,False,2024,2024-02,2024-W06
MNQ,2024-02-06,2024-02-05 23:00:00+00:00,2024-02-06 14:29:00+00:00,17702.0,17768.25,17670.75,17741.25,226766,930,2024-02-06 14:30:00+00:00,2024-02-06 16:29:00+00:00,17741.5,17767.5,17598.0,17655.25,473992,120,212.5375,primary_2023_2025,97.5,138.0,0.7065217391304348,neutral,0_7_to_0_9,169.5,0.7975063224136917,0.5088495575221239,-0.5088495575221239,False,True,True,72.75,False,2024,2024-02,2024-W06
MNQ,2024-02-07,2024-02-06 23:00:00+00:00,2024-02-07 14:29:00+00:00,17648.0,17779.0,17629.5,17773.75,249917,930,2024-02-07 14:30:00+00:00,2024-02-07 16:29:00+00:00,17773.5,17876.0,17718.25,17828.5,458191,120,220.225,primary_2023_2025,149.5,136.875,1.0922374429223745,neutral,0_9_to_1_1,157.75,0.7163128618458395,0.3486529318541997,0.3486529318541997,True,False,True,97.0,False,2024,2024-02,2024-W06
MNQ,2024-02-08,2024-02-07 23:00:00+00:00,2024-02-08 14:29:00+00:00,17851.0,17862.5,17791.5,17835.5,174501,930,2024-02-08 14:30:00+00:00,2024-02-08 16:29:00+00:00,17835.5,17894.5,17807.5,17863.75,352146,120,225.4625,primary_2023_2025,71.0,140.375,0.5057880676758683,compression,0_5_to_0_7,87.0,0.3858734822864113,0.32471264367816094,0.32471264367816094,True,False,True,32.0,False,2024,2024-02,2024-W06
MNQ,2024-02-09,2024-02-08 23:00:00+00:00,2024-02-09 14:29:00+00:00,17857.25,17971.5,17851.75,17908.75,213989,930,2024-02-09 14:30:00+00:00,2024-02-09 16:29:00+00:00,17909.0,18008.25,17875.25,17983.25,346645,120,219.6125,primary_2023_2025,119.75,136.875,0.8748858447488584,neutral,0_7_to_0_9,133.0,0.6056121577779042,0.5582706766917294,0.5582706766917294,True,False,True,36.75,False,2024,2024-02,2024-W06
MNQ,2024-02-12,2024-02-11 23:00:00+00:00,2024-02-12 14:29:00+00:00,18039.25,18059.5,18003.25,18029.5,118308,930,2024-02-12 14:30:00+00:00,2024-02-12 16:29:00+00:00,18029.5,18097.25,18007.25,18094.0,304872,120,203.725,primary_2023_2025,56.25,135.0,0.4166666666666667,compression,lt_0_5,90.0,0.4417719965639956,0.7166666666666667,0.7166666666666667,True,False,True,37.75,False,2024,2024-02,2024-W07
MNQ,2024-02-13,2024-02-12 23:00:00+00:00,2024-02-13 14:29:00+00:00,17929.75,17963.5,17615.75,17628.25,380571,930,2024-02-13 14:30:00+00:00,2024-02-13 16:29:00+00:00,17628.25,17792.0,17586.5,17753.0,498413,120,198.05,primary_2023_2025,347.75,135.0,2.575925925925926,expansion,gt_1_3,205.5,1.037616763443575,0.6070559610705596,0.6070559610705596,False,True,False,29.25,True,2024,2024-02,2024-W07
MNQ,2024-02-14,2024-02-13 23:00:00+00:00,2024-02-14 14:29:00+00:00,17703.0,17811.75,17669.25,17788.5,240599,930,2024-02-14 14:30:00+00:00,2024-02-14 16:29:00+00:00,17788.75,17847.0,17703.25,17752.5,493455,120,213.65,primary_2023_2025,142.5,135.0,1.0555555555555556,neutral,0_9_to_1_1,143.75,0.6728293938684765,0.25217391304347825,-0.25217391304347825,True,False,False,35.25,True,2024,2024-02,2024-W07
MNQ,2024-02-15,2024-02-14 23:00:00+00:00,2024-02-15 14:29:00+00:00,17873.25,17934.0,17843.75,17888.25,230904,930,2024-02-15 14:30:00+00:00,2024-02-15 16:29:00+00:00,17888.25,17903.0,17780.25,17832.5,475286,120,216.35,primary_2023_2025,90.25,135.0,0.6685185185185185,compression,0_5_to_0_7,122.75,0.5673676912410446,0.45417515274949083,-0.45417515274949083,False,True,True,63.5,False,2024,2024-02,2024-W07
MNQ,2024-02-16,2024-02-15 23:00:00+00:00,2024-02-16 14:29:00+00:00,17949.25,18026.25,17903.0,17926.75,241758,930,2024-02-16 14:30:00+00:00,2024-02-16 16:29:00+00:00,17926.75,17930.5,17713.75,17862.25,546409,120,216.35,primary_2023_2025,123.25,127.25,0.9685658153241651,neutral,0_9_to_1_1,216.75,1.0018488560203374,0.2975778546712803,-0.2975778546712803,False,True,True,189.25,False,2024,2024-02,2024-W07
MNQ,2024-02-19,2024-02-18 23:00:00+00:00,2024-02-19 14:29:00+00:00,17728.5,17803.25,17725.25,17789.25,162922,930,2024-02-19 14:30:00+00:00,2024-02-19 16:29:00+00:00,17789.25,17807.25,17772.25,17782.0,62221,120,211.25,primary_2023_2025,78.0,121.5,0.6419753086419753,compression,0_5_to_0_7,35.0,0.16568047337278108,0.20714285714285716,-0.20714285714285716,True,False,False,4.0,True,2024,2024-02,2024-W08
MNQ,2024-02-20,2024-02-19 23:00:00+00:00,2024-02-20 14:29:00+00:00,17788.5,17790.0,17613.75,17662.0,335451,930,2024-02-20 14:30:00+00:00,2024-02-20 16:29:00+00:00,17661.75,17724.0,17482.0,17572.75,531389,120,210.0,primary_2023_2025,176.25,121.5,1.4506172839506173,expansion,gt_1_3,242.0,1.1523809523809523,0.3677685950413223,-0.3677685950413223,False,True,True,131.75,False,2024,2024-02,2024-W08
MNQ,2024-02-21,2024-02-20 23:00:00+00:00,2024-02-21 14:29:00+00:00,17574.75,17590.75,17480.75,17495.25,266581,930,2024-02-21 14:30:00+00:00,2024-02-21 16:29:00+00:00,17495.0,17525.75,17448.5,17490.0,445290,120,218.95,primary_2023_2025,110.0,129.0,0.8527131782945736,neutral,0_7_to_0_9,77.25,0.35282027860242066,0.06472491909385113,-0.06472491909385113,False,True,False,32.25,True,2024,2024-02,2024-W08
MNQ,2024-02-22,2024-02-21 23:00:00+00:00,2024-02-22 14:29:00+00:00,17704.0,17925.75,17675.5,17895.75,347378,930,2024-02-22 14:30:00+00:00,2024-02-22 16:29:00+00:00,17896.0,17976.75,17864.0,17955.5,487758,120,229.625,primary_2023_2025,250.25,121.5,2.0596707818930042,expansion,gt_1_3,112.75,0.49101796407185627,0.5277161862527716,0.5277161862527716,True,False,True,51.0,False,2024,2024-02,2024-W08
MNQ,2024-02-23,2024-02-22 23:00:00+00:00,2024-02-23 14:29:00+00:00,18025.25,18113.0,17999.0,18105.5,219313,930,2024-02-23 14:30:00+00:00,2024-02-23 16:29:00+00:00,18105.75,18145.0,17946.0,18006.25,519947,120,228.8125,primary_2023_2025,114.0,121.5,0.9382716049382716,neutral,0_9_to_1_1,199.0,0.8697077301283802,0.5,-0.5,True,True,False,53.0,True,2024,2024-02,2024-W08
MNQ,2024-02-26,2024-02-25 23:00:00+00:00,2024-02-26 14:29:00+00:00,17962.75,18028.0,17922.0,18017.0,233018,930,2024-02-26 14:30:00+00:00,2024-02-26 16:29:00+00:00,18017.0,18050.75,17966.0,18017.0,397727,120,209.85,primary_2023_2025,106.0,116.875,0.906951871657754,neutral,0_9_to_1_1,84.75,0.4038598999285204,0.0,0.0,True,False,False,22.75,True,2024,2024-02,2024-W09
MNQ,2024-02-27,2024-02-26 23:00:00+00:00,2024-02-27 14:29:00+00:00,17953.75,18040.5,17927.75,18018.25,224474,930,2024-02-27 14:30:00+00:00,2024-02-27 16:29:00+00:00,18018.25,18032.5,17938.0,17975.75,428710,120,200.8875,primary_2023_2025,112.75,112.0,1.0066964285714286,neutral,0_9_to_1_1,94.5,0.4704125443345156,0.4497354497354497,-0.4497354497354497,False,False,False,0.0,False,2024,2024-02,2024-W09
MNQ,2024-02-28,2024-02-27 23:00:00+00:00,2024-02-28 14:29:00+00:00,18014.0,18019.75,17892.0,17923.5,263880,930,2024-02-28 14:30:00+00:00,2024-02-28 16:29:00+00:00,17923.5,17967.5,17876.25,17961.25,405018,120,204.2625,primary_2023_2025,127.75,113.375,1.1267916207276736,neutral,1_1_to_1_3,91.25,0.4467290863472248,0.4136986301369863,0.4136986301369863,False,True,False,15.75,True,2024,2024-02,2024-W09
MNQ,2024-02-29,2024-02-28 23:00:00+00:00,2024-02-29 14:29:00+00:00,17868.25,18034.5,17826.25,18030.25,322353,930,2024-02-29 14:30:00+00:00,2024-02-29 16:29:00+00:00,18030.25,18072.25,17966.5,17979.25,398615,120,202.775,primary_2023_2025,208.25,113.375,1.836824696802646,expansion,gt_1_3,105.75,0.5215139933423746,0.48226950354609927,-0.48226950354609927,True,False,False,37.75,True,2024,2024-02,2024-W09
MNQ,2024-03-01,2024-02-29 23:00:00+00:00,2024-03-01 14:29:00+00:00,18071.5,18162.75,18030.25,18096.5,293452,930,2024-03-01 14:30:00+00:00,2024-03-01 16:29:00+00:00,18096.5,18242.25,18093.5,18229.25,438548,120,207.6875,primary_2023_2025,132.5,116.875,1.1336898395721926,neutral,1_1_to_1_3,148.75,0.7162202828769184,0.892436974789916,0.892436974789916,True,False,True,79.5,False,2024,2024-03,2024-W09
MNQ,2024-03-04,2024-03-03 23:00:00+00:00,2024-03-04 14:29:00+00:00,18335.0,18378.25,18310.25,18330.0,194553,930,2024-03-04 14:30:00+00:00,2024-03-04 16:29:00+00:00,18330.0,18335.0,18280.0,18303.75,320711,120,209.1875,primary_2023_2025,68.0,116.875,0.5818181818181818,compression,0_5_to_0_7,55.0,0.26292201971915147,0.4772727272727273,-0.4772727272727273,False,True,True,30.25,False,2024,2024-03,2024-W10
MNQ,2024-03-05,2024-03-04 23:00:00+00:00,2024-03-05 14:29:00+00:00,18248.5,18254.0,18107.25,18133.75,302429,930,2024-03-05 14:30:00+00:00,2024-03-05 16:29:00+00:00,18133.75,18135.0,17908.75,17954.25,527184,120,208.275,primary_2023_2025,146.75,116.875,1.255614973262032,neutral,1_1_to_1_3,226.25,1.0863041651662466,0.7933701657458564,-0.7933701657458564,False,True,True,198.5,False,2024,2024-03,2024-W10
MNQ,2024-03-06,2024-03-05 23:00:00+00:00,2024-03-06 14:29:00+00:00,17982.0,18106.0,17942.5,18104.0,261580,930,2024-03-06 14:30:00+00:00,2024-03-06 16:29:00+00:00,18104.0,18126.25,17963.5,18097.5,503654,120,225.125,primary_2023_2025,163.5,121.5,1.345679012345679,expansion,gt_1_3,162.75,0.7229317046085508,0.039938556067588324,-0.039938556067588324,True,False,False,20.25,True,2024,2024-03,2024-W10
MNQ,2024-03-07,2024-03-06 23:00:00+00:00,2024-03-07 14:29:00+00:00,18040.0,18188.25,17915.5,18182.25,346308,930,2024-03-07 14:30:00+00:00,2024-03-07 16:29:00+00:00,18182.25,18293.0,18119.0,18286.75,480541,120,226.6875,primary_2023_2025,272.75,121.5,2.2448559670781894,expansion,gt_1_3,174.0,0.7675765095119934,0.6005747126436781,0.6005747126436781,True,False,True,104.75,False,2024,2024-03,2024-W10
MNQ,2024-03-08,2024-03-07 23:00:00+00:00,2024-03-08 14:29:00+00:00,18275.0,18375.5,18211.0,18318.5,367916,930,2024-03-08 14:30:00+00:00,2024-03-08 16:29:00+00:00,18318.5,18436.25,18191.5,18199.0,616833,120,228.05,primary_2023_2025,164.5,125.5,1.3107569721115537,expansion,gt_1_3,244.75,1.0732295549221662,0.4882533197139939,-0.4882533197139939,True,True,True,60.75,False,2024,2024-03,2024-W10
MNQ,2024-03-11,2024-03-10 22:00:00+00:00,2024-03-11 13:29:00+00:00,18058.0,18304.0,17974.75,18224.75,213350,930,2024-03-11 13:30:00+00:00,2024-03-11 15:29:00+00:00,18224.75,18269.25,18137.75,18176.0,334845,120,245.9625,primary_2023_2025,329.25,130.125,2.5302593659942363,expansion,gt_1_3,131.5,0.5346343446663617,0.37072243346007605,-0.37072243346007605,False,False,False,0.0,False,2024,2024-03,2024-W11
MNQ,2024-03-12,2024-03-11 22:00:00+00:00,2024-03-12 13:29:00+00:00,18256.25,18381.0,18200.0,18311.25,307358,930,2024-03-12 13:30:00+00:00,2024-03-12 15:29:00+00:00,18311.25,18457.25,18174.0,18453.5,456830,120,239.0625,primary_2023_2025,181.0,137.5,1.3163636363636364,expansion,gt_1_3,283.25,1.1848366013071896,0.502206531332745,0.502206531332745,True,True,True,76.25,False,2024,2024-03,2024-W11
MNQ,2024-03-13,2024-03-12 22:00:00+00:00,2024-03-13 13:29:00+00:00,18470.5,18506.75,18412.0,18428.25,207757,930,2024-03-13 13:30:00+00:00,2024-03-13 15:29:00+00:00,18428.25,18429.5,18303.0,18321.0,498389,120,251.0125,primary_2023_2025,94.75,137.5,0.6890909090909091,compression,0_5_to_0_7,126.5,0.5039589661869429,0.8478260869565217,-0.8478260869565217,False,True,True,109.0,False,2024,2024-03,2024-W11
MNQ,2024-03-14,2024-03-13 22:00:00+00:00,2024-03-14 13:29:00+00:00,18341.25,18428.25,18340.25,18375.0,236490,930,2024-03-14 13:30:00+00:00,2024-03-14 15:29:00+00:00,18375.0,18398.0,18203.5,18279.25,578034,120,255.25,primary_2023_2025,88.0,130.125,0.6762728146013448,compression,0_5_to_0_7,194.5,0.761998041136141,0.4922879177377892,-0.4922879177377892,False,True,True,136.75,False,2024,2024-03,2024-W11
MNQ,2024-03-15,2024-03-14 22:00:00+00:00,2024-03-15 13:29:00+00:00,18251.0,18323.0,18130.25,18152.0,301976,930,2024-03-15 13:30:00+00:00,2024-03-15 15:29:00+00:00,18152.25,18174.75,18029.25,18102.25,565589,120,254.9875,primary_2023_2025,192.75,130.125,1.4812680115273775,expansion,gt_1_3,145.5,0.5706162066767979,0.3436426116838488,-0.3436426116838488,False,True,True,101.0,False,2024,2024-03,2024-W11
MNQ,2024-03-18,2024-03-17 22:00:00+00:00,2024-03-18 13:29:00+00:00,18072.75,18296.0,18062.25,18283.75,299941,930,2024-03-18 13:30:00+00:00,2024-03-18 15:29:00+00:00,18284.5,18380.75,18277.5,18319.75,542197,120,237.425,primary_2023_2025,233.75,139.625,1.6741271262309758,expansion,gt_1_3,103.25,0.434874170790776,0.3414043583535109,0.3414043583535109,True,False,True,84.75,False,2024,2024-03,2024-W12
MNQ,2024-03-19,2024-03-18 22:00:00+00:00,2024-03-19 13:29:00+00:00,18224.0,18252.75,18077.75,18143.5,371241,930,2024-03-19 13:30:00+00:00,2024-03-19 15:29:00+00:00,18143.5,18152.75,18053.25,18131.25,488286,120,240.375,primary_2023_2025,175.0,155.125,1.1281224818694602,neutral,1_1_to_1_3,99.5,0.4139365574622985,0.12311557788944724,-0.12311557788944724,False,True,False,24.5,True,2024,2024-03,2024-W12
MNQ,2024-03-20,2024-03-19 22:00:00+00:00,2024-03-20 13:29:00+00:00,18275.0,18331.0,18227.5,18317.75,230478,930,2024-03-20 13:30:00+00:00,2024-03-20 15:29:00+00:00,18318.0,18334.75,18245.75,18285.0,356241,120,248.8625,primary_2023_2025,103.5,155.125,0.6672038678485093,compression,0_5_to_0_7,89.0,0.35762720377718615,0.3707865168539326,-0.3707865168539326,True,False,False,3.75,True,2024,2024-03,2024-W12
MNQ,2024-03-21,2024-03-20 22:00:00+00:00,2024-03-21 13:29:00+00:00,18537.0,18696.0,18526.5,18687.75,288609,930,2024-03-21 13:30:00+00:00,2024-03-21 15:29:00+00:00,18687.75,18708.5,18617.5,18656.0,519854,120,260.475,primary_2023_2025,169.5,155.125,1.0926672038678484,neutral,0_9_to_1_1,91.0,0.3493617429695748,0.3489010989010989,-0.3489010989010989,True,False,False,12.5,True,2024,2024-03,2024-W12
MNQ,2024-03-22,2024-03-21 22:00:00+00:00,2024-03-22 13:29:00+00:00,18579.5,18606.25,18492.75,18537.25,300268,930,2024-03-22 13:30:00+00:00,2024-03-22 15:29:00+00:00,18537.5,18565.25,18500.25,18553.75,406392,120,262.7,primary_2023_2025,113.5,155.125,0.7316680096696213,neutral,0_7_to_0_9,65.0,0.24743052912066998,0.25,0.25,False,False,False,0.0,False,2024,2024-03,2024-W12
MNQ,2024-03-25,2024-03-24 22:00:00+00:00,2024-03-25 13:29:00+00:00,18566.75,18601.25,18456.75,18458.75,254635,930,2024-03-25 13:30:00+00:00,2024-03-25 15:29:00+00:00,18458.75,18542.25,18415.0,18528.75,426664,120,248.4375,primary_2023_2025,144.5,155.125,0.9315068493150684,neutral,0_9_to_1_1,127.25,0.5122012578616352,0.550098231827112,0.550098231827112,False,True,False,41.75,True,2024,2024-03,2024-W13
MNQ,2024-03-26,2024-03-25 22:00:00+00:00,2024-03-26 13:29:00+00:00,18534.0,18618.75,18516.75,18568.5,244569,930,2024-03-26 13:30:00+00:00,2024-03-26 15:29:00+00:00,18568.75,18609.25,18534.0,18568.5,383349,120,239.4,primary_2023_2025,102.0,155.125,0.6575342465753424,compression,0_5_to_0_7,75.25,0.31432748538011696,0.0033222591362126247,-0.0033222591362126247,False,False,False,0.0,False,2024,2024-03,2024-W13
MNQ,2024-03-27,2024-03-26 22:00:00+00:00,2024-03-27 13:29:00+00:00,18478.0,18572.25,18468.0,18566.5,211898,930,2024-03-27 13:30:00+00:00,2024-03-27 15:29:00+00:00,18566.25,18572.0,18378.5,18401.0,512065,120,246.4125,primary_2023_2025,104.25,155.125,0.6720386784850927,compression,0_5_to_0_7,193.5,0.7852686044742049,0.8540051679586563,-0.8540051679586563,False,True,True,89.5,False,2024,2024-03,2024-W13
MNQ,2024-03-28,2024-03-27 22:00:00+00:00,2024-03-28 13:29:00+00:00,18506.0,18527.75,18459.25,18500.0,235300,930,2024-03-28 13:30:00+00:00,2024-03-28 15:29:00+00:00,18500.0,18539.25,18457.0,18510.0,361883,120,246.45,primary_2023_2025,68.5,155.125,0.44157937147461723,compression,lt_0_5,82.25,0.3337390951511463,0.12158054711246201,0.12158054711246201,True,True,False,11.5,True,2024,2024-03,2024-W13
MNQ,2024-04-01,2024-03-31 22:00:00+00:00,2024-04-01 13:29:00+00:00,18500.0,18611.75,18478.25,18500.75,259472,930,2024-04-01 13:30:00+00:00,2024-04-01 15:29:00+00:00,18500.75,18607.25,18426.0,18470.75,518718,120,225.9375,primary_2023_2025,133.5,145.625,0.9167381974248927,neutral,0_9_to_1_1,181.25,0.8022130013831259,0.16551724137931034,-0.16551724137931034,False,True,True,52.25,False,2024,2024-04,2024-W14
MNQ,2024-04-02,2024-04-01 22:00:00+00:00,2024-04-02 13:29:00+00:00,18497.75,18514.0,18268.75,18287.5,342693,930,2024-04-02 13:30:00+00:00,2024-04-02 15:29:00+00:00,18287.5,18292.25,18201.0,18268.0,422525,120,213.35,primary_2023_2025,245.25,145.625,1.6841201716738197,expansion,gt_1_3,91.25,0.42770096086243264,0.2136986301369863,-0.2136986301369863,False,True,True,67.75,False,2024,2024-04,2024-W14
MNQ,2024-04-03,2024-04-02 22:00:00+00:00,2024-04-03 13:29:00+00:00,18347.75,18347.75,18232.75,18241.25,296273,930,2024-04-03 13:30:00+00:00,2024-04-03 15:29:00+00:00,18240.75,18450.0,18239.0,18442.25,399060,120,207.8,primary_2023_2025,115.0,155.125,0.741337630942788,neutral,0_7_to_0_9,211.0,1.0153994225216554,0.9549763033175356,0.9549763033175356,True,False,True,102.25,False,2024,2024-04,2024-W14
MNQ,2024-04-04,2024-04-03 22:00:00+00:00,2024-04-04 13:29:00+00:00,18389.0,18552.0,18377.75,18541.75,251221,930,2024-04-04 13:30:00+00:00,2024-04-04 15:29:00+00:00,18541.5,18568.25,18480.0,18501.75,328889,120,204.075,primary_2023_2025,174.25,154.0,1.1314935064935066,neutral,1_1_to_1_3,88.25,0.43243905426926377,0.45042492917847027,-0.45042492917847027,True,False,False,16.25,True,2024,2024-04,2024-W14
MNQ,2024-04-05,2024-04-04 22:00:00+00:00,2024-04-05 13:29:00+00:00,18088.0,18190.5,18043.5,18138.5,428056,930,2024-04-05 13:30:00+00:00,2024-04-05 15:29:00+00:00,18138.25,18323.75,18102.5,18282.75,589612,120,221.05,primary_2023_2025,147.0,154.5,0.9514563106796117,neutral,0_9_to_1_1,221.25,1.000904772675865,0.6531073446327683,0.6531073446327683,True,False,True,133.25,False,2024,2024-04,2024-W14
MNQ,2024-04-08,2024-04-07 22:00:00+00:00,2024-04-08 13:29:00+00:00,18346.5,18373.5,18247.25,18329.75,357862,930,2024-04-08 13:30:00+00:00,2024-04-08 15:29:00+00:00,18330.25,18377.5,18237.75,18335.75,470578,120,217.3125,primary_2023_2025,126.25,145.75,0.8662092624356775,neutral,0_7_to_0_9,139.75,0.6430831176301409,0.03935599284436494,0.03935599284436494,True,True,False,9.5,True,2024,2024-04,2024-W15
MNQ,2024-04-09,2024-04-08 22:00:00+00:00,2024-04-09 13:29:00+00:00,18317.0,18395.5,18253.75,18391.5,281347,930,2024-04-09 13:30:00+00:00,2024-04-09 15:29:00+00:00,18391.0,18405.0,18160.25,18225.5,669583,120,210.95,primary_2023_2025,141.75,139.0,1.0197841726618706,neutral,0_9_to_1_1,244.75,1.160227542071581,0.676200204290092,-0.676200204290092,True,True,True,93.5,False,2024,2024-04,2024-W15
MNQ,2024-04-10,2024-04-09 22:00:00+00:00,2024-04-10 13:29:00+00:00,18384.0,18470.0,18054.0,18139.75,436289,930,2024-04-10 13:30:00+00:00,2024-04-10 15:29:00+00:00,18140.0,18232.25,18107.25,18181.0,565617,120,207.475,primary_2023_2025,416.0,137.625,3.022706630336058,expansion,gt_1_3,125.0,0.6024822267743102,0.328,0.328,False,False,False,0.0,False,2024,2024-04,2024-W15
MNQ,2024-04-11,2024-04-10 22:00:00+00:00,2024-04-11 13:29:00+00:00,18190.75,18286.25,18085.0,18265.0,417753,930,2024-04-11 13:30:00+00:00,2024-04-11 15:29:00+00:00,18265.25,18277.0,18169.0,18246.25,548148,120,225.0375,primary_2023_2025,201.25,137.625,1.4623069936421436,expansion,gt_1_3,108.0,0.4799200133311115,0.17592592592592593,-0.17592592592592593,False,False,False,0.0,False,2024,2024-04,2024-W15
MNQ,2024-04-12,2024-04-11 22:00:00+00:00,2024-04-12 13:29:00+00:00,18485.5,18507.75,18274.25,18296.5,374987,930,2024-04-12 13:30:00+00:00,2024-04-12 15:29:00+00:00,18296.75,18343.25,18193.25,18262.25,502611,120,233.85,primary_2023_2025,233.5,143.125,1.6314410480349344,expansion,gt_1_3,150.0,0.6414368184733804,0.23,-0.23,False,True,True,81.0,False,2024,2024-04,2024-W15
MNQ,2024-04-15,2024-04-14 22:00:00+00:00,2024-04-15 13:29:00+00:00,18151.75,18351.0,18147.5,18335.75,401224,930,2024-04-15 13:30:00+00:00,2024-04-15 15:29:00+00:00,18335.25,18339.0,18158.75,18195.25,492252,120,228.6625,primary_2023_2025,203.5,145.75,1.3962264150943395,expansion,gt_1_3,180.25,0.7882796698190565,0.7766990291262136,-0.7766990291262136,False,False,False,0.0,False,2024,2024-04,2024-W16
MNQ,2024-04-16,2024-04-15 22:00:00+00:00,2024-04-16 13:29:00+00:00,17882.0,17918.0,17791.25,17868.0,454437,930,2024-04-16 13:30:00+00:00,2024-04-16 15:29:00+00:00,17867.75,17931.0,17822.0,17911.5,488045,120,247.6125,primary_2023_2025,126.75,145.75,0.869639794168096,neutral,0_7_to_0_9,109.0,0.44020394770054017,0.4013761467889908,0.4013761467889908,True,False,False,13.0,True,2024,2024-04,2024-W16
MNQ,2024-04-17,2024-04-16 22:00:00+00:00,2024-04-17 13:29:00+00:00,17897.75,17968.25,17778.0,17957.5,396936,930,2024-04-17 13:30:00+00:00,2024-04-17 15:29:00+00:00,17957.25,17959.5,17763.75,17767.5,560890,120,250.7875,primary_2023_2025,190.25,143.125,1.3292576419213973,expansion,gt_1_3,195.75,0.7805412949209989,0.9693486590038314,-0.9693486590038314,False,True,True,14.25,False,2024,2024-04,2024-W16
MNQ,2024-04-18,2024-04-17 22:00:00+00:00,2024-04-18 13:29:00+00:00,17674.0,17771.0,17663.25,17673.25,323567,930,2024-04-18 13:30:00+00:00,2024-04-18 15:29:00+00:00,17673.0,17746.0,17551.0,17705.75,525791,120,265.9625,primary_2023_2025,107.75,143.125,0.7528384279475983,neutral,0_7_to_0_9,195.0,0.7331860694646802,0.16794871794871793,0.16794871794871793,False,True,False,112.25,True,2024,2024-04,2024-W16
MNQ,2024-04-19,2024-04-18 22:00:00+00:00,2024-04-19 13:29:00+00:00,17530.0,17552.5,17180.25,17494.5,725813,930,2024-04-19 13:30:00+00:00,2024-04-19 15:29:00+00:00,17494.5,17516.25,17318.0,17333.25,566304,120,287.425,primary_2023_2025,372.25,143.125,2.600873362445415,expansion,gt_1_3,198.25,0.6897451509089327,0.8133669609079445,-0.8133669609079445,False,False,False,0.0,False,2024,2024-04,2024-W16
MNQ,2024-04-22,2024-04-21 22:00:00+00:00,2024-04-22 13:29:00+00:00,17228.25,17314.5,17196.0,17288.75,313832,930,2024-04-22 13:30:00+00:00,2024-04-22 15:29:00+00:00,17288.5,17331.5,17148.75,17206.0,524840,120,294.55,primary_2023_2025,118.5,143.125,0.8279475982532751,neutral,0_7_to_0_9,182.75,0.6204379562043796,0.45143638850889195,-0.45143638850889195,True,True,False,47.25,True,2024,2024-04,2024-W17
MNQ,2024-04-23,2024-04-22 22:00:00+00:00,2024-04-23 13:29:00+00:00,17350.0,17437.25,17285.5,17428.25,290883,930,2024-04-23 13:30:00+00:00,2024-04-23 15:29:00+00:00,17428.75,17607.5,17413.5,17588.0,528556,120,304.9125,primary_2023_2025,151.75,143.125,1.0602620087336245,neutral,0_9_to_1_1,194.0,0.636248103964252,0.8208762886597938,0.8208762886597938,True,False,True,170.25,False,2024,2024-04,2024-W17
MNQ,2024-04-24,2024-04-23 22:00:00+00:00,2024-04-24 13:29:00+00:00,17680.25,17754.25,17664.0,17731.0,317977,930,2024-04-24 13:30:00+00:00,2024-04-24 15:29:00+00:00,17731.0,17795.75,17636.0,17658.5,547797,120,320.525,primary_2023_2025,90.25,144.375,0.6251082251082251,compression,0_5_to_0_7,159.75,0.49840106075969115,0.4538341158059468,-0.4538341158059468,True,True,True,41.5,False,2024,2024-04,2024-W17
MNQ,2024-04-25,2024-04-24 22:00:00+00:00,2024-04-25 13:29:00+00:00,17451.5,17525.0,17331.75,17354.0,414476,930,2024-04-25 13:30:00+00:00,2024-04-25 15:29:00+00:00,17354.0,17447.75,17308.0,17407.0,629199,120,328.8125,primary_2023_2025,193.25,144.375,1.3385281385281385,expansion,gt_1_3,139.75,0.4250142558448964,0.37924865831842575,0.37924865831842575,False,True,False,23.75,True,2024,2024-04,2024-W17
MNQ,2024-04-26,2024-04-25 22:00:00+00:00,2024-04-26 13:29:00+00:00,17811.0,17822.5,17677.5,17697.25,383206,930,2024-04-26 13:30:00+00:00,2024-04-26 15:29:00+00:00,17697.25,17886.0,17668.25,17837.25,560545,120,339.15,primary_2023_2025,145.0,149.375,0.9707112970711297,neutral,0_9_to_1_1,217.75,0.642046292201091,0.642939150401837,0.642939150401837,True,True,True,63.5,False,2024,2024-04,2024-W17
MNQ,2024-04-29,2024-04-28 22:00:00+00:00,2024-04-29 13:29:00+00:00,17864.5,17929.25,17852.5,17922.25,221969,930,2024-04-29 13:30:00+00:00,2024-04-29 15:29:00+00:00,17921.5,17949.0,17828.75,17878.0,432867,120,315.5,primary_2023_2025,76.75,149.375,0.5138075313807532,compression,0_5_to_0_7,120.25,0.38114104595879555,0.36174636174636177,-0.36174636174636177,True,True,False,23.75,True,2024,2024-04,2024-W18
MNQ,2024-04-30,2024-04-29 22:00:00+00:00,2024-04-30 13:29:00+00:00,17912.75,17921.0,17790.5,17836.0,242171,930,2024-04-30 13:30:00+00:00,2024-04-30 15:29:00+00:00,17836.25,17895.0,17752.5,17771.25,473589,120,305.175,primary_2023_2025,130.5,149.375,0.8736401673640167,neutral,0_7_to_0_9,142.5,0.46694519537970014,0.45614035087719296,-0.45614035087719296,False,True,True,38.0,False,2024,2024-04,2024-W18
MNQ,2024-05-01,2024-04-30 22:00:00+00:00,2024-05-01 13:29:00+00:00,17471.5,17529.0,17412.0,17501.0,267596,930,2024-05-01 13:30:00+00:00,2024-05-01 15:29:00+00:00,17501.5,17517.5,17412.25,17451.5,412270,120,322.9375,primary_2023_2025,117.0,146.0,0.8013698630136986,neutral,0_7_to_0_9,105.25,0.32591445713179795,0.4750593824228028,-0.4750593824228028,False,False,False,0.0,False,2024,2024-05,2024-W18
MNQ,2024-05-02,2024-05-01 22:00:00+00:00,2024-05-02 13:29:00+00:00,17484.0,17620.0,17484.0,17583.0,276379,930,2024-05-02 13:30:00+00:00,2024-05-02 15:29:00+00:00,17582.75,17602.5,17386.0,17520.25,582436,120,335.5875,primary_2023_2025,136.0,146.0,0.9315068493150684,neutral,0_9_to_1_1,216.5,0.6451372592840914,0.28868360277136257,-0.28868360277136257,False,True,False,98.0,True,2024,2024-05,2024-W18
MNQ,2024-05-03,2024-05-02 22:00:00+00:00,2024-05-03 13:29:00+00:00,17745.0,17968.0,17719.0,17957.25,310186,930,2024-05-03 13:30:00+00:00,2024-05-03 15:29:00+00:00,17958.0,18050.0,17893.5,17946.0,485970,120,344.325,primary_2023_2025,249.0,143.375,1.7367044463818657,expansion,gt_1_3,156.5,0.4545124518986423,0.07667731629392971,-0.07667731629392971,True,False,False,82.0,True,2024,2024-05,2024-W18
MNQ,2024-05-06,2024-05-05 22:00:00+00:00,2024-05-06 13:29:00+00:00,18046.75,18078.0,17983.75,18074.25,170374,930,2024-05-06 13:30:00+00:00,2024-05-06 15:29:00+00:00,18074.25,18116.75,18042.5,18097.5,324775,120,321.775,primary_2023_2025,94.25,143.375,0.6573670444638187,compression,0_5_to_0_7,74.25,0.23075130137518454,0.31313131313131315,0.31313131313131315,True,False,True,38.75,False,2024,2024-05,2024-W19
MNQ,2024-05-07,2024-05-06 22:00:00+00:00,2024-05-07 13:29:00+00:00,18184.75,18213.5,18150.75,18210.75,169587,930,2024-05-07 13:30:00+00:00,2024-05-07 15:29:00+00:00,18211.25,18262.25,18181.25,18245.5,354550,120,313.2875,primary_2023_2025,62.75,143.375,0.43766346992153443,compression,lt_0_5,81.0,0.25854845788612696,0.4228395061728395,0.4228395061728395,True,False,True,48.75,False,2024,2024-05,2024-W19
MNQ,2024-05-08,2024-05-07 22:00:00+00:00,2024-05-08 13:29:00+00:00,18195.0,18216.5,18072.5,18084.0,198847,930,2024-05-08 13:30:00+00:00,2024-05-08 15:29:00+00:00,18083.75,18242.25,18079.0,18186.5,390264,120,313.7625,primary_2023_2025,144.0,140.5,1.0249110320284698,neutral,0_9_to_1_1,163.25,0.5202979960957731,0.6294027565084227,0.6294027565084227,True,False,False,25.75,True,2024,2024-05,2024-W19
MNQ,2024-05-09,2024-05-08 22:00:00+00:00,2024-05-09 13:29:00+00:00,18164.0,18210.75,18104.25,18187.0,201626,930,2024-05-09 13:30:00+00:00,2024-05-09 15:29:00+00:00,18186.75,18231.25,18108.0,18229.5,408531,120,294.475,primary_2023_2025,106.5,140.0,0.7607142857142857,neutral,0_7_to_0_9,123.25,0.41854147211138465,0.34685598377281945,0.34685598377281945,True,False,True,20.5,False,2024,2024-05,2024-W19
MNQ,2024-05-10,2024-05-09 22:00:00+00:00,2024-05-10 13:29:00+00:00,18222.0,18307.0,18213.5,18274.25,186113,930,2024-05-10 13:30:00+00:00,2024-05-10 15:29:00+00:00,18274.25,18348.0,18188.25,18238.0,451018,120,291.7,primary_2023_2025,93.5,133.25,0.701688555347092,neutral,0_7_to_0_9,159.75,0.5476516969489201,0.2269170579029734,-0.2269170579029734,True,True,False,41.0,True,2024,2024-05,2024-W19
MNQ,2024-05-13,2024-05-12 22:00:00+00:00,2024-05-13 13:29:00+00:00,18237.5,18335.75,18229.0,18332.0,154186,930,2024-05-13 13:30:00+00:00,2024-05-13 15:29:00+00:00,18332.25,18336.75,18252.25,18279.75,352252,120,255.0625,primary_2023_2025,106.75,128.625,0.8299319727891157,neutral,0_7_to_0_9,84.5,0.3312913501592747,0.621301775147929,-0.621301775147929,True,False,False,1.0,True,2024,2024-05,2024-W20
MNQ,2024-05-14,2024-05-13 22:00:00+00:00,2024-05-14 13:29:00+00:00,18284.75,18308.5,18167.5,18274.0,207802,930,2024-05-14 13:30:00+00:00,2024-05-14 15:29:00+00:00,18274.0,18371.5,18265.25,18358.25,464292,120,238.225,primary_2023_2025,141.0,122.625,1.1498470948012232,neutral,1_1_to_1_3,106.25,0.44600692622520727,0.7929411764705883,0.7929411764705883,True,False,True,63.0,False,2024,2024-05,2024-W20
MNQ,2024-05-15,2024-05-14 22:00:00+00:00,2024-05-15 13:29:00+00:00,18411.0,18547.0,18392.75,18509.5,246684,930,2024-05-15 13:30:00+00:00,2024-05-15 15:29:00+00:00,18509.25,18602.0,18447.25,18595.5,452222,120,247.9375,primary_2023_2025,154.25,124.5,1.2389558232931728,neutral,1_1_to_1_3,154.75,0.6241492311570457,0.5573505654281099,0.5573505654281099,True,False,True,55.0,False,2024,2024-05,2024-W20
MNQ,2024-05-16,2024-05-15 22:00:00+00:00,2024-05-16 13:29:00+00:00,18694.5,18738.75,18678.5,18678.5,178142,930,2024-05-16 13:30:00+00:00,2024-05-16 15:29:00+00:00,18678.5,18760.75,18672.0,18745.0,347142,120,250.275,primary_2023_2025,60.25,124.5,0.4839357429718876,compression,lt_0_5,88.75,0.3546099290780142,0.7492957746478873,0.7492957746478873,True,True,True,22.0,False,2024,2024-05,2024-W20
MNQ,2024-05-17,2024-05-16 22:00:00+00:00,2024-05-17 13:29:00+00:00,18640.0,18686.5,18617.0,18651.25,153299,930,2024-05-17 13:30:00+00:00,2024-05-17 15:29:00+00:00,18651.0,18677.0,18620.5,18654.75,338977,120,235.2625,primary_2023_2025,69.5,124.5,0.5582329317269076,compression,0_5_to_0_7,56.5,0.24015727113330854,0.06637168141592921,0.06637168141592921,False,False,False,0.0,False,2024,2024-05,2024-W20
MNQ,2024-05-20,2024-05-19 22:00:00+00:00,2024-05-20 13:29:00+00:00,18633.75,18690.75,18631.5,18643.5,132809,930,2024-05-20 13:30:00+00:00,2024-05-20 15:29:00+00:00,18643.75,18771.0,18635.25,18752.5,306786,120,200.8125,primary_2023_2025,59.25,117.75,0.5031847133757962,compression,0_5_to_0_7,135.75,0.6760037348272643,0.8011049723756906,0.8011049723756906,True,False,True,80.25,False,2024,2024-05,2024-W21
MNQ,2024-05-21,2024-05-20 22:00:00+00:00,2024-05-21 13:29:00+00:00,18747.75,18763.5,18681.0,18686.0,155045,930,2024-05-21 13:30:00+00:00,2024-05-21 15:29:00+00:00,18686.25,18764.25,18678.0,18753.75,308957,120,197.125,primary_2023_2025,82.5,111.875,0.7374301675977654,neutral,0_7_to_0_9,86.25,0.4375396322130628,0.782608695652174,0.782608695652174,True,True,False,3.0,True,2024,2024-05,2024-W21
MNQ,2024-05-22,2024-05-21 22:00:00+00:00,2024-05-22 13:29:00+00:00,18799.0,18824.0,18755.25,18808.0,140423,930,2024-05-22 13:30:00+00:00,2024-05-22 15:29:00+00:00,18808.0,18838.5,18789.0,18834.25,263825,120,201.4,primary_2023_2025,68.75,106.625,0.6447831184056272,compression,0_5_to_0_7,49.5,0.2457795431976167,0.5303030303030303,0.5303030303030303,True,False,True,14.5,False,2024,2024-05,2024-W21
MNQ,2024-05-23,2024-05-22 22:00:00+00:00,2024-05-23 13:29:00+00:00,18854.0,19022.5,18843.0,18982.0,217321,930,2024-05-23 13:30:00+00:00,2024-05-23 15:29:00+00:00,18981.5,18982.5,18801.75,18894.75,574875,120,207.6,primary_2023_2025,179.5,106.625,1.6834701055099648,expansion,gt_1_3,180.75,0.8706647398843931,0.47994467496542187,-0.47994467496542187,False,True,False,41.25,True,2024,2024-05,2024-W21
MNQ,2024-05-24,2024-05-23 22:00:00+00:00,2024-05-24 13:29:00+00:00,18685.75,18772.5,18678.0,18762.25,192087,930,2024-05-24 13:30:00+00:00,2024-05-24 15:29:00+00:00,18762.25,18918.75,18731.75,18900.75,411179,120,204.725,primary_2023_2025,94.5,106.625,0.8862837045720985,neutral,0_7_to_0_9,187.0,0.9134204420564171,0.7406417112299465,0.7406417112299465,True,False,True,146.25,False,2024,2024-05,2024-W21
MNQ,2024-05-27,2024-05-26 22:00:00+00:00,2024-05-27 13:29:00+00:00,18875.0,18889.0,18834.0,18879.0,84328,930,2024-05-27 13:30:00+00:00,2024-05-27 15:29:00+00:00,18879.25,18928.25,18876.0,18924.5,55154,120,178.775,primary_2023_2025,55.0,100.5,0.5472636815920398,compression,0_5_to_0_7,52.25,0.29226681582995384,0.8660287081339713,0.8660287081339713,True,False,True,39.25,False,2024,2024-05,2024-W22
MNQ,2024-05-28,2024-05-27 22:00:00+00:00,2024-05-28 13:29:00+00:00,18950.0,18980.5,18885.0,18920.25,201855,930,2024-05-28 13:30:00+00:00,2024-05-28 15:29:00+00:00,18920.25,18937.0,18838.75,18927.0,358621,120,167.6875,primary_2023_2025,95.5,100.5,0.9502487562189055,neutral,0_9_to_1_1,98.25,0.5859112933283638,0.06870229007633588,0.06870229007633588,False,True,False,46.25,True,2024,2024-05,2024-W22
MNQ,2024-05-29,2024-05-28 22:00:00+00:00,2024-05-29 13:29:00+00:00,18950.0,18951.0,18755.0,18765.75,251921,930,2024-05-29 13:30:00+00:00,2024-05-29 15:29:00+00:00,18765.5,18880.0,18761.0,18849.75,402600,120,172.325,primary_2023_2025,196.0,95.0,2.0631578947368423,expansion,gt_1_3,119.0,0.6905556361526186,0.707983193277311,0.707983193277311,False,False,False,0.0,False,2024,2024-05,2024-W22
MNQ,2024-05-30,2024-05-29 22:00:00+00:00,2024-05-30 13:29:00+00:00,18754.0,18787.0,18657.25,18765.0,269531,930,2024-05-30 13:30:00+00:00,2024-05-30 15:29:00+00:00,18764.75,18769.25,18623.75,18674.0,447006,120,172.6,primary_2023_2025,129.75,95.0,1.3657894736842104,expansion,gt_1_3,145.5,0.842989571263036,0.6237113402061856,-0.6237113402061856,False,True,False,33.5,True,2024,2024-05,2024-W22
MNQ,2024-05-31,2024-05-30 22:00:00+00:00,2024-05-31 13:29:00+00:00,18591.0,18668.0,18485.0,18602.0,342349,930,2024-05-31 13:30:00+00:00,2024-05-31 15:29:00+00:00,18602.0,18630.75,18328.75,18337.25,580450,120,180.975,primary_2023_2025,183.0,95.0,1.9263157894736842,expansion,gt_1_3,302.0,1.6687387760740435,0.8766556291390728,-0.8766556291390728,False,True,True,156.25,False,2024,2024-05,2024-W22
MNQ,2024-06-03,2024-06-02 22:00:00+00:00,2024-06-03 13:29:00+00:00,18589.25,18716.25,18539.0,18712.75,268761,930,2024-06-03 13:30:00+00:00,2024-06-03 15:29:00+00:00,18712.75,18755.5,18563.75,18616.5,548848,120,192.5,primary_2023_2025,177.25,95.0,1.8657894736842104,expansion,gt_1_3,191.75,0.9961038961038962,0.5019556714471969,-0.5019556714471969,True,False,False,39.25,True,2024,2024-06,2024-W23
MNQ,2024-06-04,2024-06-03 22:00:00+00:00,2024-06-04 13:29:00+00:00,18663.0,18677.0,18511.25,18638.0,256535,930,2024-06-04 13:30:00+00:00,2024-06-04 15:29:00+00:00,18638.25,18664.25,18567.75,18601.5,510057,120,200.4875,primary_2023_2025,165.75,101.0,1.641089108910891,expansion,gt_1_3,96.5,0.48132676600785584,0.38082901554404147,-0.38082901554404147,False,False,False,0.0,False,2024,2024-06,2024-W23
MNQ,2024-06-05,2024-06-04 22:00:00+00:00,2024-06-05 13:29:00+00:00,18713.75,18853.25,18695.5,18848.75,246315,930,2024-06-05 13:30:00+00:00,2024-06-05 15:29:00+00:00,18849.0,18982.0,18800.0,18964.5,430411,120,210.6875,primary_2023_2025,157.75,106.625,1.4794841735052755,expansion,gt_1_3,182.0,0.8638386235538416,0.6346153846153846,0.6346153846153846,True,False,True,128.75,False,2024,2024-06,2024-W23
MNQ,2024-06-06,2024-06-05 22:00:00+00:00,2024-06-06 13:29:00+00:00,19088.0,19124.25,19057.0,19102.75,218446,930,2024-06-06 13:30:00+00:00,2024-06-06 15:29:00+00:00,19103.0,19115.75,19032.25,19069.0,431447,120,226.0625,primary_2023_2025,67.25,106.625,0.6307151230949589,compression,0_5_to_0_7,83.5,0.3693668786286978,0.40718562874251496,-0.40718562874251496,False,True,False,24.75,True,2024,2024-06,2024-W23
MNQ,2024-06-07,2024-06-06 22:00:00+00:00,2024-06-07 13:29:00+00:00,19068.0,19150.0,18940.0,19040.75,270111,930,2024-06-07 13:30:00+00:00,2024-06-07 15:29:00+00:00,19040.5,19117.25,18992.25,19066.25,391746,120,217.825,primary_2023_2025,210.0,101.125,2.07663782447466,expansion,gt_1_3,125.0,0.5738551589578791,0.206,0.206,False,False,False,0.0,False,2024,2024-06,2024-W23
MNQ,2024-06-10,2024-06-09 22:00:00+00:00,2024-06-10 13:29:00+00:00,19026.25,19060.0,18973.25,18989.25,222565,930,2024-06-10 13:30:00+00:00,2024-06-10 15:29:00+00:00,18988.5,19090.25,18977.5,19089.75,339858,120,207.4625,primary_2023_2025,86.75,118.25,0.733615221987315,neutral,0_7_to_0_9,112.75,0.5434717117551364,0.8980044345898004,0.8980044345898004,True,False,True,30.25,False,2024,2024-06,2024-W24
MNQ,2024-06-11,2024-06-10 22:00:00+00:00,2024-06-11 13:29:00+00:00,19106.0,19113.5,19029.0,19057.5,182632,930,2024-06-11 13:30:00+00:00,2024-06-11 15:29:00+00:00,19058.0,19137.0,18994.75,19115.75,395170,120,208.2125,primary_2023_2025,84.5,112.625,0.7502774694783574,neutral,0_7_to_0_9,142.25,0.6831962538272198,0.40597539543058,0.40597539543058,True,True,True,34.25,False,2024,2024-06,2024-W24
MNQ,2024-06-12,2024-06-11 22:00:00+00:00,2024-06-12 13:29:00+00:00,19250.0,19458.5,19232.0,19401.75,233720,930,2024-06-12 13:30:00+00:00,2024-06-12 15:29:00+00:00,19401.75,19546.5,19374.5,19533.75,391287,120,219.575,primary_2023_2025,226.5,95.0,2.3842105263157896,expansion,gt_1_3,172.0,0.7833314357281111,0.7674418604651163,0.7674418604651163,True,False,True,88.0,False,2024,2024-06,2024-W24
MNQ,2024-06-13,2024-06-12 22:00:00+00:00,2024-06-13 13:29:00+00:00,19603.5,19690.0,19582.5,19636.25,288104,930,2024-06-13 13:30:00+00:00,2024-06-13 15:29:00+00:00,19636.75,19663.75,19534.75,19578.25,481012,120,231.55,primary_2023_2025,107.5,95.0,1.131578947368421,neutral,1_1_to_1_3,129.0,0.557115093932196,0.45348837209302323,-0.45348837209302323,False,True,True,47.75,False,2024,2024-06,2024-W24
MNQ,2024-06-14,2024-06-13 22:00:00+00:00,2024-06-14 13:29:00+00:00,19602.5,19659.25,19501.5,19577.75,352634,930,2024-06-14 13:30:00+00:00,2024-06-14 15:29:00+00:00,19577.75,19649.0,19557.0,19618.0,415504,120,233.75,primary_2023_2025,157.75,101.5,1.5541871921182266,expansion,gt_1_3,92.0,0.39358288770053473,0.4375,0.4375,False,False,False,0.0,False,2024,2024-06,2024-W24
MNQ,2024-06-17,2024-06-16 22:00:00+00:00,2024-06-17 13:29:00+00:00,19696.0,20012.75,19670.0,19957.75,147222,930,2024-06-17 13:30:00+00:00,2024-06-17 15:29:00+00:00,19958.0,20019.75,19904.0,20011.25,266278,120,224.9375,primary_2023_2025,342.75,118.625,2.889357218124341,expansion,gt_1_3,115.75,0.5145873853848291,0.46004319654427644,0.46004319654427644,True,False,False,7.0,True,2024,2024-06,2024-W25
MNQ,2024-06-18,2024-06-17 22:00:00+00:00,2024-06-18 13:29:00+00:00,20186.0,20270.0,20158.0,20191.5,189291,930,2024-06-18 13:30:00+00:00,2024-06-18 15:29:00+00:00,20191.75,20219.25,20127.0,20156.75,311827,120,231.1625,primary_2023_2025,112.0,143.75,0.7791304347826087,neutral,0_7_to_0_9,92.25,0.39906991834748284,0.3794037940379404,-0.3794037940379404,False,True,True,31.0,False,2024,2024-06,2024-W25
MNQ,2024-06-19,2024-06-18 22:00:00+00:00,2024-06-19 13:29:00+00:00,20204.0,20250.5,20203.0,20242.75,88307,930,2024-06-19 13:30:00+00:00,2024-06-19 15:29:00+00:00,20242.75,20252.25,20223.5,20241.25,45921,120,235.675,primary_2023_2025,47.5,143.75,0.33043478260869563,compression,lt_0_5,28.75,0.12199002864113716,0.05217391304347826,-0.05217391304347826,True,False,False,1.75,True,2024,2024-06,2024-W25
MNQ,2024-06-20,2024-06-19 22:00:00+00:00,2024-06-20 13:29:00+00:00,20231.0,20371.5,20226.5,20246.5,237115,930,2024-06-20 13:30:00+00:00,2024-06-20 15:29:00+00:00,20245.5,20263.5,20118.25,20189.75,430244,120,234.2125,primary_2023_2025,145.0,143.75,1.008695652173913,neutral,0_9_to_1_1,145.25,0.6201633132305064,0.3838209982788296,-0.3838209982788296,False,True,True,108.25,False,2024,2024-06,2024-W25
MNQ,2024-06-21,2024-06-20 22:00:00+00:00,2024-06-21 13:29:00+00:00,20044.0,20085.5,19947.5,20017.25,275102,930,2024-06-21 13:30:00+00:00,2024-06-21 15:29:00+00:00,20017.0,20041.75,19914.0,19996.5,442489,120,246.8125,primary_2023_2025,138.0,137.375,1.0045495905368518,neutral,0_9_to_1_1,127.75,0.5175993922512029,0.16046966731898238,-0.16046966731898238,False,True,False,33.5,True,2024,2024-06,2024-W25
MNQ,2024-06-24,2024-06-23 22:00:00+00:00,2024-06-24 13:29:00+00:00,20014.25,20030.0,19895.5,19922.5,281568,930,2024-06-24 13:30:00+00:00,2024-06-24 15:29:00+00:00,19922.0,19995.5,19821.25,19912.0,546911,120,235.6375,primary_2023_2025,134.5,141.5,0.950530035335689,neutral,0_9_to_1_1,174.25,0.7394833165349318,0.05738880918220947,-0.05738880918220947,False,True,False,74.25,True,2024,2024-06,2024-W26
MNQ,2024-06-25,2024-06-24 22:00:00+00:00,2024-06-25 13:29:00+00:00,19758.5,19851.0,19725.25,19830.25,254163,930,2024-06-25 13:30:00+00:00,2024-06-25 15:29:00+00:00,19830.25,19943.75,19792.25,19932.25,457710,120,229.4,primary_2023_2025,125.75,141.5,0.8886925795053003,neutral,0_7_to_0_9,151.5,0.6604184829991282,0.6732673267326733,0.6732673267326733,True,False,True,92.75,False,2024,2024-06,2024-W26
MNQ,2024-06-26,2024-06-25 22:00:00+00:00,2024-06-26 13:29:00+00:00,19972.0,20070.5,19901.0,19929.0,289522,930,2024-06-26 13:30:00+00:00,2024-06-26 15:29:00+00:00,19929.0,20024.0,19912.0,19957.5,465539,120,237.85,primary_2023_2025,169.5,141.5,1.197879858657244,neutral,1_1_to_1_3,112.0,0.47088501156190876,0.2544642857142857,0.2544642857142857,False,False,False,0.0,False,2024,2024-06,2024-W26
MNQ,2024-06-27,2024-06-26 22:00:00+00:00,2024-06-27 13:29:00+00:00,19951.0,20007.0,19873.5,19990.5,235977,930,2024-06-27 13:30:00+00:00,2024-06-27 15:29:00+00:00,19990.5,20116.5,19978.5,19993.0,552955,120,231.725,primary_2023_2025,133.5,141.5,0.9434628975265018,neutral,0_9_to_1_1,138.0,0.5955334987593053,0.018115942028985508,0.018115942028985508,True,False,False,109.5,True,2024,2024-06,2024-W26
MNQ,2024-06-28,2024-06-27 22:00:00+00:00,2024-06-28 13:29:00+00:00,20066.75,20172.75,20058.5,20071.25,277085,930,2024-06-28 13:30:00+00:00,2024-06-28 15:29:00+00:00,20070.25,20273.25,20039.0,20101.75,567518,120,230.5625,primary_2023_2025,114.25,141.5,0.8074204946996466,neutral,0_7_to_0_9,234.25,1.0159934941718622,0.1344717182497332,0.1344717182497332,True,True,False,100.5,True,2024,2024-06,2024-W26
MNQ,2024-07-01,2024-06-30 22:00:00+00:00,2024-07-01 13:29:00+00:00,19971.25,20020.25,19901.0,19971.25,319936,930,2024-07-01 13:30:00+00:00,2024-07-01 15:29:00+00:00,19971.0,19985.75,19811.5,19950.75,627555,120,226.7875,primary_2023_2025,119.25,136.25,0.8752293577981651,neutral,0_7_to_0_9,174.25,0.7683404067684506,0.11621233859397417,-0.11621233859397417,False,True,False,89.5,True,2024,2024-07,2024-W27
MNQ,2024-07-02,2024-07-01 22:00:00+00:00,2024-07-02 13:29:00+00:00,20048.0,20054.25,19909.75,19982.25,304200,930,2024-07-02 13:30:00+00:00,2024-07-02 15:29:00+00:00,19982.0,20130.75,19976.5,20126.0,584467,120,229.15,primary_2023_2025,144.5,134.0,1.078358208955224,neutral,0_9_to_1_1,154.25,0.673139864717434,0.93354943273906,0.93354943273906,True,False,True,76.5,False,2024,2024-07,2024-W27
MNQ,2024-07-03,2024-07-02 22:00:00+00:00,2024-07-03 13:29:00+00:00,20243.5,20282.75,20205.0,20216.25,211102,930,2024-07-03 13:30:00+00:00,2024-07-03 15:29:00+00:00,20216.25,20355.5,20216.0,20346.25,438571,120,244.075,primary_2023_2025,77.75,134.0,0.5802238805970149,compression,0_5_to_0_7,139.5,0.571545631465738,0.931899641577061,0.931899641577061,True,False,True,72.75,False,2024,2024-07,2024-W27
MNQ,2024-07-04,2024-07-03 22:00:00+00:00,2024-07-04 13:29:00+00:00,20420.0,20420.5,20390.0,20405.0,70885,930,2024-07-04 13:30:00+00:00,2024-07-04 15:29:00+00:00,20405.5,20406.25,20369.5,20387.5,45177,120,247.775,primary_2023_2025,30.5,129.625,0.23529411764705882,compression,lt_0_5,36.75,0.14832004843103622,0.4897959183673469,-0.4897959183673469,False,True,True,20.5,False,2024,2024-07,2024-W27
MNQ,2024-07-05,2024-07-04 22:00:00+00:00,2024-07-05 13:29:00+00:00,20381.5,20494.75,20361.0,20441.5,214870,930,2024-07-05 13:30:00+00:00,2024-07-05 15:29:00+00:00,20441.5,20569.25,20428.0,20560.25,490099,120,236.9,primary_2023_2025,133.75,129.625,1.0318225650916104,neutral,0_9_to_1_1,141.25,0.5962431405656395,0.8407079646017699,0.8407079646017699,True,False,True,74.5,False,2024,2024-07,2024-W27
MNQ,2024-07-08,2024-07-07 22:00:00+00:00,2024-07-08 13:29:00+00:00,20591.0,20642.0,20579.25,20632.25,166442,930,2024-07-08 13:30:00+00:00,2024-07-08 15:29:00+00:00,20632.0,20666.75,20588.0,20661.75,456755,120,222.3625,primary_2023_2025,62.75,129.625,0.4840887174541948,compression,lt_0_5,78.75,0.35415144190229914,0.37777777777777777,0.37777777777777777,True,False,True,24.75,False,2024,2024-07,2024-W28
MNQ,2024-07-09,2024-07-08 22:00:00+00:00,2024-07-09 13:29:00+00:00,20680.5,20748.75,20672.5,20723.0,190675,930,2024-07-09 13:30:00+00:00,2024-07-09 15:29:00+00:00,20723.0,20771.75,20670.0,20688.25,515521,120,220.725,primary_2023_2025,76.25,129.625,0.5882352941176471,compression,0_5_to_0_7,101.75,0.46098085853437537,0.3415233415233415,-0.3415233415233415,True,True,False,23.0,True,2024,2024-07,2024-W28
MNQ,2024-07-10,2024-07-09 22:00:00+00:00,2024-07-10 13:29:00+00:00,20687.75,20767.5,20682.0,20758.25,143175,930,2024-07-10 13:30:00+00:00,2024-07-10 15:29:00+00:00,20758.0,20795.75,20703.0,20753.0,453155,120,213.1125,primary_2023_2025,85.5,129.625,0.6595949855351977,compression,0_5_to_0_7,92.75,0.43521614170919115,0.05390835579514825,-0.05390835579514825,True,False,False,28.25,True,2024,2024-07,2024-W28
MNQ,2024-07-11,2024-07-10 22:00:00+00:00,2024-07-11 13:29:00+00:00,20894.75,20983.5,20853.5,20894.75,256625,930,2024-07-11 13:30:00+00:00,2024-07-11 15:29:00+00:00,20894.5,20902.25,20528.25,20536.75,783034,120,205.8125,primary_2023_2025,130.0,122.5,1.0612244897959184,neutral,0_9_to_1_1,374.0,1.8171879744913453,0.9565508021390374,-0.9565508021390374,False,True,True,325.25,False,2024,2024-07,2024-W28
MNQ,2024-07-12,2024-07-11 22:00:00+00:00,2024-07-12 13:29:00+00:00,20430.75,20467.5,20332.25,20444.0,262095,930,2024-07-12 13:30:00+00:00,2024-07-12 15:29:00+00:00,20443.25,20666.75,20425.25,20655.5,522235,120,229.025,primary_2023_2025,135.25,127.875,1.0576735092864125,neutral,0_9_to_1_1,241.5,1.0544700360222683,0.8788819875776398,0.8788819875776398,True,False,True,199.25,False,2024,2024-07,2024-W28
MNQ,2024-07-15,2024-07-14 22:00:00+00:00,2024-07-15 13:29:00+00:00,20578.75,20652.0,20506.25,20609.75,220835,930,2024-07-15 13:30:00+00:00,2024-07-15 15:29:00+00:00,20610.0,20796.5,20581.5,20734.25,523325,120,229.1125,primary_2023_2025,145.75,127.875,1.1397849462365592,neutral,1_1_to_1_3,215.0,0.9384036226744503,0.577906976744186,0.577906976744186,True,False,True,144.5,False,2024,2024-07,2024-W29
MNQ,2024-07-16,2024-07-15 22:00:00+00:00,2024-07-16 13:29:00+00:00,20625.0,20655.0,20541.5,20648.75,227544,930,2024-07-16 13:30:00+00:00,2024-07-16 15:29:00+00:00,20649.25,20684.0,20485.5,20557.0,605889,120,235.05,primary_2023_2025,113.5,127.875,0.8875855327468231,neutral,0_7_to_0_9,198.5,0.8445011699638374,0.464735516372796,-0.464735516372796,True,True,False,56.0,True,2024,2024-07,2024-W29
MNQ,2024-07-17,2024-07-16 22:00:00+00:00,2024-07-17 13:29:00+00:00,20592.0,20597.75,20254.5,20260.25,392255,930,2024-07-17 13:30:00+00:00,2024-07-17 15:29:00+00:00,20260.0,20281.5,20090.25,20131.25,662131,120,240.4,primary_2023_2025,343.25,127.875,2.684261974584555,expansion,gt_1_3,191.25,0.795549084858569,0.673202614379085,-0.673202614379085,False,True,True,164.25,False,2024,2024-07,2024-W29
MNQ,2024-07-18,2024-07-17 22:00:00+00:00,2024-07-18 13:29:00+00:00,20024.25,20162.75,20018.5,20141.0,336103,930,2024-07-18 13:30:00+00:00,2024-07-18 15:29:00+00:00,20141.5,20149.25,19816.25,19821.75,760141,120,253.925,primary_2023_2025,144.25,131.75,1.094876660341556,neutral,0_9_to_1_1,333.0,1.3114108496603327,0.9602102102102102,-0.9602102102102102,False,True,True,202.25,False,2024,2024-07,2024-W29
MNQ,2024-07-19,2024-07-18 22:00:00+00:00,2024-07-19 13:29:00+00:00,19950.0,19979.5,19752.0,19868.5,380875,930,2024-07-19 13:30:00+00:00,2024-07-19 15:29:00+00:00,19868.5,19976.75,19743.25,19746.5,650134,120,259.9375,primary_2023_2025,227.5,131.75,1.7267552182163188,expansion,gt_1_3,233.5,0.898292858860303,0.5224839400428265,-0.5224839400428265,False,True,True,8.75,False,2024,2024-07,2024-W29
MNQ,2024-07-22,2024-07-21 22:00:00+00:00,2024-07-22 13:29:00+00:00,19747.75,19958.5,19718.75,19955.0,388994,930,2024-07-22 13:30:00+00:00,2024-07-22 15:29:00+00:00,19955.0,20026.75,19828.25,19837.25,725736,120,260.925,primary_2023_2025,239.75,131.75,1.8197343453510437,expansion,gt_1_3,198.5,0.7607550062278432,0.593198992443325,-0.593198992443325,True,False,False,68.25,True,2024,2024-07,2024-W30
MNQ,2024-07-23,2024-07-22 22:00:00+00:00,2024-07-23 13:29:00+00:00,19982.0,20015.75,19868.25,19957.5,313160,930,2024-07-23 13:30:00+00:00,2024-07-23 15:29:00+00:00,19957.75,20085.0,19927.25,20063.75,600441,120,257.7375,primary_2023_2025,147.5,131.75,1.1195445920303606,neutral,1_1_to_1_3,157.75,0.6120568407779232,0.6719492868462758,0.6719492868462758,True,False,True,69.25,False,2024,2024-07,2024-W30
MNQ,2024-07-24,2024-07-23 22:00:00+00:00,2024-07-24 13:29:00+00:00,19886.75,19886.75,19607.5,19640.25,421373,930,2024-07-24 13:30:00+00:00,2024-07-24 15:29:00+00:00,19640.0,19655.0,19369.75,19395.0,568417,120,269.025,primary_2023_2025,279.25,133.625,2.0898035547240412,expansion,gt_1_3,285.25,1.0603103800762013,0.8588957055214724,-0.8588957055214724,False,True,True,237.75,False,2024,2024-07,2024-W30
MNQ,2024-07-25,2024-07-24 22:00:00+00:00,2024-07-25 13:29:00+00:00,19258.0,19304.75,19062.0,19218.25,624074,930,2024-07-25 13:30:00+00:00,2024-07-25 15:29:00+00:00,19217.25,19279.5,18883.5,19202.0,874220,120,287.625,primary_2023_2025,242.75,133.625,1.8166510757717493,expansion,gt_1_3,396.0,1.376792698826597,0.03851010101010101,-0.03851010101010101,False,True,False,178.5,True,2024,2024-07,2024-W30
MNQ,2024-07-26,2024-07-25 22:00:00+00:00,2024-07-26 13:29:00+00:00,19000.25,19237.25,18994.75,19163.5,375290,930,2024-07-26 13:30:00+00:00,2024-07-26 15:29:00+00:00,19163.75,19192.5,19040.75,19108.5,689064,120,295.4875,primary_2023_2025,242.5,134.5,1.8029739776951672,expansion,gt_1_3,151.75,0.5135581031346503,0.3640856672158155,-0.3640856672158155,False,False,False,0.0,False,2024,2024-07,2024-W30
MNQ,2024-07-29,2024-07-28 22:00:00+00:00,2024-07-29 13:29:00+00:00,19172.75,19362.0,19168.0,19285.5,327008,930,2024-07-29 13:30:00+00:00,2024-07-29 15:29:00+00:00,19284.75,19377.25,19146.25,19187.25,703821,120,302.1125,primary_2023_2025,194.0,139.75,1.3881932021466905,expansion,gt_1_3,231.0,0.7646158301957052,0.42207792207792205,-0.42207792207792205,True,True,False,21.75,True,2024,2024-07,2024-W31
MNQ,2024-07-30,2024-07-29 22:00:00+00:00,2024-07-30 13:29:00+00:00,19220.0,19293.5,19076.25,19287.5,282429,930,2024-07-30 13:30:00+00:00,2024-07-30 15:29:00+00:00,19287.25,19319.25,18975.75,19022.0,739016,120,304.2125,primary_2023_2025,217.25,144.375,1.5047619047619047,expansion,gt_1_3,343.5,1.1291449233677118,0.772197962154294,-0.772197962154294,True,True,True,100.5,False,2024,2024-07,2024-W31
MNQ,2024-07-31,2024-07-30 22:00:00+00:00,2024-07-31 13:29:00+00:00,18870.0,19380.75,18862.0,19371.25,434915,930,2024-07-31 13:30:00+00:00,2024-07-31 15:29:00+00:00,19371.0,19494.0,19310.5,19490.75,602492,120,331.8875,primary_2023_2025,518.75,145.0,3.5775862068965516,expansion,gt_1_3,183.5,0.5528981959248239,0.6525885558583107,0.6525885558583107,True,False,True,113.25,False,2024,2024-07,2024-W31
MNQ,2024-08-01,2024-07-31 22:00:00+00:00,2024-08-01 13:29:00+00:00,19588.0,19716.75,19504.75,19526.0,473349,930,2024-08-01 13:30:00+00:00,2024-08-01 15:29:00+00:00,19525.25,19681.75,19251.0,19265.5,793549,120,354.7375,primary_2023_2025,212.0,146.625,1.4458653026427963,expansion,gt_1_3,430.75,1.2142781634307058,0.6030179918746372,-0.6030179918746372,False,True,True,253.75,False,2024,2024-08,2024-W31
MNQ,2024-08-02,2024-08-01 22:00:00+00:00,2024-08-02 13:29:00+00:00,18961.0,18981.5,18508.0,18651.0,724876,930,2024-08-02 13:30:00+00:00,2024-08-02 15:29:00+00:00,18651.25,18761.25,18385.75,18480.0,770853,120,397.3125,primary_2023_2025,473.5,170.75,2.773060029282577,expansion,gt_1_3,375.5,0.9450998898851659,0.4560585885486019,-0.4560585885486019,False,True,True,122.25,False,2024,2024-08,2024-W31
MNQ,2024-08-05,2024-08-04 22:00:00+00:00,2024-08-05 13:29:00+00:00,18391.75,18394.0,17346.0,17564.25,1712084,930,2024-08-05 13:30:00+00:00,2024-08-05 15:29:00+00:00,17562.5,18189.5,17509.25,18101.5,853015,120,395.2875,primary_2023_2025,1048.0,203.0,5.16256157635468,expansion,gt_1_3,680.25,1.7208993454131485,0.7923557515619257,0.7923557515619257,False,False,False,0.0,False,2024,2024-08,2024-W32
MNQ,2024-08-06,2024-08-05 22:00:00+00:00,2024-08-06 13:29:00+00:00,18164.5,18435.5,18017.75,18077.25,720388,930,2024-08-06 13:30:00+00:00,2024-08-06 15:29:00+00:00,18077.25,18339.75,17961.25,18184.5,624504,120,429.325,primary_2023_2025,417.75,214.625,1.9464181712288875,expansion,gt_1_3,378.5,0.8816164910033192,0.28335535006605017,0.28335535006605017,False,True,False,56.5,True,2024,2024-08,2024-W32
MNQ,2024-08-07,2024-08-06 22:00:00+00:00,2024-08-07 13:29:00+00:00,18040.25,18462.5,18027.5,18454.5,643271,930,2024-08-07 13:30:00+00:00,2024-08-07 15:29:00+00:00,18453.5,18558.5,18405.25,18465.0,648442,120,451.1125,primary_2023_2025,435.0,222.375,1.9561551433389546,expansion,gt_1_3,153.25,0.3397157028457425,0.07504078303425775,0.07504078303425775,True,False,True,96.0,False,2024,2024-08,2024-W32
MNQ,2024-08-08,2024-08-07 22:00:00+00:00,2024-08-08 13:29:00+00:00,17881.25,18253.5,17745.0,18225.25,688569,930,2024-08-08 13:30:00+00:00,2024-08-08 15:29:00+00:00,18225.25,18438.25,18064.75,18382.25,570440,120,477.275,primary_2023_2025,508.5,233.625,2.176565008025682,expansion,gt_1_3,373.5,0.7825677020585616,0.4203480589022758,0.4203480589022758,True,False,True,184.75,False,2024,2024-08,2024-W32
MNQ,2024-08-09,2024-08-08 22:00:00+00:00,2024-08-09 13:29:00+00:00,18551.75,18652.5,18383.0,18450.75,515412,930,2024-08-09 13:30:00+00:00,2024-08-09 15:29:00+00:00,18451.0,18580.0,18404.25,18508.75,555298,120,503.375,primary_2023_2025,269.5,241.125,1.11767755313634,neutral,1_1_to_1_3,175.75,0.3491432828408244,0.3285917496443812,0.3285917496443812,False,False,False,0.0,False,2024,2024-08,2024-W32
MNQ,2024-08-12,2024-08-11 22:00:00+00:00,2024-08-12 13:29:00+00:00,18591.75,18694.5,18514.5,18641.0,315447,930,2024-08-12 13:30:00+00:00,2024-08-12 15:29:00+00:00,18641.25,18765.5,18524.0,18629.75,594662,120,476.7625,primary_2023_2025,180.0,242.625,0.7418856259659969,neutral,0_7_to_0_9,241.5,0.5065415170027006,0.047619047619047616,-0.047619047619047616,True,False,False,71.0,True,2024,2024-08,2024-W33
MNQ,2024-08-13,2024-08-12 22:00:00+00:00,2024-08-13 13:29:00+00:00,18644.0,18846.5,18628.75,18822.0,331991,930,2024-08-13 13:30:00+00:00,2024-08-13 15:29:00+00:00,18821.75,18976.5,18815.75,18966.25,418154,120,472.5625,primary_2023_2025,217.75,242.625,0.8974755280783101,neutral,0_7_to_0_9,160.75,0.34016664462372703,0.8989113530326595,0.8989113530326595,True,False,True,130.0,False,2024,2024-08,2024-W33
MNQ,2024-08-14,2024-08-13 22:00:00+00:00,2024-08-14 13:29:00+00:00,19100.0,19162.75,19004.25,19137.75,297125,930,2024-08-14 13:30:00+00:00,2024-08-14 15:29:00+00:00,19137.0,19175.0,18925.5,19107.5,537707,120,491.7875,primary_2023_2025,158.5,242.625,0.6532715095311695,compression,0_5_to_0_7,249.5,0.5073329435986071,0.11823647294589178,-0.11823647294589178,True,True,False,78.75,True,2024,2024-08,2024-W33
MNQ,2024-08-15,2024-08-14 22:00:00+00:00,2024-08-15 13:29:00+00:00,19148.25,19370.25,19100.25,19352.5,336279,930,2024-08-15 13:30:00+00:00,2024-08-15 15:29:00+00:00,19352.25,19528.0,19336.25,19501.5,436667,120,491.525,primary_2023_2025,270.0,241.125,1.119751166407465,neutral,1_1_to_1_3,191.75,0.3901124052693149,0.7783572359843546,0.7783572359843546,True,False,True,157.75,False,2024,2024-08,2024-W33
MNQ,2024-08-16,2024-08-15 22:00:00+00:00,2024-08-16 13:29:00+00:00,19569.0,19683.0,19445.25,19502.5,349663,930,2024-08-16 13:30:00+00:00,2024-08-16 15:29:00+00:00,19503.25,19591.5,19462.5,19531.5,435733,120,503.6125,primary_2023_2025,237.75,242.625,0.9799072642967542,neutral,0_9_to_1_1,129.0,0.2561493211546576,0.2189922480620155,0.2189922480620155,False,False,False,0.0,False,2024,2024-08,2024-W33
MNQ,2024-08-19,2024-08-18 22:00:00+00:00,2024-08-19 13:29:00+00:00,19628.25,19688.0,19525.0,19604.25,274189,930,2024-08-19 13:30:00+00:00,2024-08-19 15:29:00+00:00,19604.75,19677.5,19529.25,19658.0,436688,120,462.1375,primary_2023_2025,163.0,242.625,0.6718186501803194,compression,0_5_to_0_7,148.25,0.3207919720862298,0.3591905564924115,0.3591905564924115,False,False,False,0.0,False,2024,2024-08,2024-W34
MNQ,2024-08-20,2024-08-19 22:00:00+00:00,2024-08-20 13:29:00+00:00,19854.0,19930.75,19811.5,19817.25,211037,930,2024-08-20 13:30:00+00:00,2024-08-20 15:29:00+00:00,19817.75,19924.75,19743.0,19789.75,490850,120,468.7125,primary_2023_2025,119.25,242.625,0.49149922720247297,compression,lt_0_5,181.75,0.3877643544816919,0.15405777166437415,-0.15405777166437415,False,True,True,68.5,False,2024,2024-08,2024-W34
MNQ,2024-08-21,2024-08-20 22:00:00+00:00,2024-08-21 13:29:00+00:00,19805.0,19866.0,19785.75,19842.5,201146,930,2024-08-21 13:30:00+00:00,2024-08-21 15:29:00+00:00,19842.0,19982.0,19801.5,19866.25,549616,120,469.9875,primary_2023_2025,80.25,242.625,0.33075734157650694,compression,lt_0_5,180.5,0.38405276736083405,0.13434903047091412,0.13434903047091412,True,False,True,116.0,False,2024,2024-08,2024-W34
MNQ,2024-08-22,2024-08-21 22:00:00+00:00,2024-08-22 13:29:00+00:00,19917.75,20003.75,19865.75,19997.75,221859,930,2024-08-22 13:30:00+00:00,2024-08-22 15:29:00+00:00,19998.0,20025.75,19805.0,19809.5,487181,120,465.475,primary_2023_2025,138.0,240.125,0.5747006767308693,compression,0_5_to_0_7,220.75,0.47424673720393146,0.853907134767837,-0.853907134767837,True,True,True,60.75,False,2024,2024-08,2024-W34
MNQ,2024-08-23,2024-08-22 22:00:00+00:00,2024-08-23 13:29:00+00:00,19621.25,19778.5,19610.75,19756.0,196607,930,2024-08-23 13:30:00+00:00,2024-08-23 15:29:00+00:00,19755.75,19903.25,19622.75,19770.5,661317,120,460.0375,primary_2023_2025,167.75,227.75,0.7365532381997805,neutral,0_7_to_0_9,280.5,0.6097329022090591,0.05258467023172905,0.05258467023172905,True,False,False,124.75,True,2024,2024-08,2024-W34
MNQ,2024-08-26,2024-08-25 22:00:00+00:00,2024-08-26 13:29:00+00:00,19788.0,19846.25,19716.25,19763.25,260344,930,2024-08-26 13:30:00+00:00,2024-08-26 15:29:00+00:00,19763.25,19801.5,19506.5,19608.25,491751,120,399.8875,primary_2023_2025,130.0,217.5,0.5977011494252874,compression,0_5_to_0_7,295.0,0.7377074802288144,0.5254237288135594,-0.5254237288135594,False,True,True,209.75,False,2024,2024-08,2024-W35
MNQ,2024-08-27,2024-08-26 22:00:00+00:00,2024-08-27 13:29:00+00:00,19555.25,19647.0,19477.0,19523.75,278347,930,2024-08-27 13:30:00+00:00,2024-08-27 15:29:00+00:00,19523.5,19694.5,19441.75,19623.75,485877,120,396.0125,primary_2023_2025,170.0,217.5,0.7816091954022989,neutral,0_7_to_0_9,252.75,0.6382374293740728,0.39663699307616224,0.39663699307616224,True,True,False,47.5,True,2024,2024-08,2024-W35
MNQ,2024-08-28,2024-08-27 22:00:00+00:00,2024-08-28 13:29:00+00:00,19638.0,19690.0,19560.0,19625.5,227020,930,2024-08-28 13:30:00+00:00,2024-08-28 15:29:00+00:00,19625.5,19656.75,19339.25,19386.0,527432,120,390.1,primary_2023_2025,130.0,214.875,0.6050029086678301,compression,0_5_to_0_7,317.5,0.8138938733658035,0.7543307086614173,-0.7543307086614173,False,True,True,220.75,False,2024,2024-08,2024-W35
MNQ,2024-08-29,2024-08-28 22:00:00+00:00,2024-08-29 13:29:00+00:00,19240.75,19516.5,19139.0,19497.75,424435,930,2024-08-29 13:30:00+00:00,2024-08-29 15:29:00+00:00,19497.5,19692.0,19478.0,19627.75,607861,120,363.175,primary_2023_2025,377.5,196.0,1.9260204081632653,expansion,gt_1_3,214.0,0.5892476079025263,0.6086448598130841,0.6086448598130841,True,False,True,175.5,False,2024,2024-08,2024-W35
MNQ,2024-08-30,2024-08-29 22:00:00+00:00,2024-08-30 13:29:00+00:00,19449.0,19574.75,19393.5,19559.5,257577,930,2024-08-30 13:30:00+00:00,2024-08-30 15:29:00+00:00,19559.25,19628.0,19443.75,19465.75,499565,120,357.975,primary_2023_2025,181.25,198.875,0.9113764927718416,neutral,0_9_to_1_1,184.25,0.5147007472588868,0.5074626865671642,-0.5074626865671642,True,False,False,53.25,True,2024,2024-08,2024-W35
MNQ,2024-09-02,2024-09-01 22:00:00+00:00,2024-09-02 13:29:00+00:00,19600.0,19638.0,19511.5,19618.0,161064,930,2024-09-02 13:30:00+00:00,2024-09-02 15:29:00+00:00,19618.75,19669.75,19587.75,19648.0,87519,120,296.3,primary_2023_2025,126.5,180.625,0.7003460207612456,neutral,0_7_to_0_9,82.0,0.2767465406682416,0.3567073170731707,0.3567073170731707,True,False,True,31.75,False,2024,2024-09,2024-W36
MNQ,2024-09-03,2024-09-02 22:00:00+00:00,2024-09-03 13:29:00+00:00,19646.75,19683.0,19445.25,19478.25,355424,930,2024-09-03 13:30:00+00:00,2024-09-03 15:29:00+00:00,19477.75,19483.25,19148.5,19196.25,564457,120,290.2875,primary_2023_2025,237.75,175.0,1.3585714285714285,expansion,gt_1_3,334.75,1.1531671188046333,0.8409260642270351,-0.8409260642270351,False,True,True,296.75,False,2024,2024-09,2024-W36
MNQ,2024-09-04,2024-09-03 22:00:00+00:00,2024-09-04 13:29:00+00:00,18991.0,19007.0,18824.25,18878.75,431443,930,2024-09-04 13:30:00+00:00,2024-09-04 15:29:00+00:00,18878.0,19115.0,18836.0,19016.0,544696,120,323.6875,primary_2023_2025,182.75,175.0,1.0442857142857143,neutral,0_9_to_1_1,279.0,0.8619424599343503,0.4946236559139785,0.4946236559139785,True,False,True,108.0,False,2024,2024-09,2024-W36
MNQ,2024-09-05,2024-09-04 22:00:00+00:00,2024-09-05 13:29:00+00:00,18968.5,19008.25,18828.0,18888.0,401997,930,2024-09-05 13:30:00+00:00,2024-09-05 15:29:00+00:00,18886.5,19150.25,18863.25,18869.25,575097,120,325.825,primary_2023_2025,180.25,175.0,1.03,neutral,0_9_to_1_1,287.0,0.8808409422235863,0.06010452961672474,-0.06010452961672474,True,False,False,142.0,True,2024,2024-09,2024-W36
MNQ,2024-09-06,2024-09-05 22:00:00+00:00,2024-09-06 13:29:00+00:00,18920.0,18972.5,18703.75,18929.5,513866,930,2024-09-06 13:30:00+00:00,2024-09-06 15:29:00+00:00,18929.75,18967.25,18480.0,18505.0,699140,120,318.4625,primary_2023_2025,268.75,175.0,1.5357142857142858,expansion,gt_1_3,487.25,1.5300074577069516,0.8717290918419702,-0.8717290918419702,False,True,True,223.75,False,2024,2024-09,2024-W36
MNQ,2024-09-09,2024-09-08 22:00:00+00:00,2024-09-09 13:29:00+00:00,18399.5,18646.75,18386.75,18629.25,339877,930,2024-09-09 13:30:00+00:00,2024-09-09 15:29:00+00:00,18628.75,18720.5,18497.25,18568.25,503683,120,316.0375,primary_2023_2025,260.0,175.0,1.4857142857142858,expansion,gt_1_3,223.25,0.706403512241427,0.270996640537514,-0.270996640537514,True,False,False,73.75,True,2024,2024-09,2024-W37
MNQ,2024-09-10,2024-09-09 22:00:00+00:00,2024-09-10 13:29:00+00:00,18723.75,18778.0,18582.5,18757.75,317184,930,2024-09-10 13:30:00+00:00,2024-09-10 15:29:00+00:00,18758.5,18821.75,18673.5,18775.25,562869,120,316.3875,primary_2023_2025,195.5,175.125,1.1163454675231976,neutral,1_1_to_1_3,148.25,0.46857097704555334,0.11298482293423272,0.11298482293423272,True,False,False,43.75,True,2024,2024-09,2024-W37
MNQ,2024-09-11,2024-09-10 22:00:00+00:00,2024-09-11 13:29:00+00:00,18841.75,18929.25,18704.75,18902.25,415880,930,2024-09-11 13:30:00+00:00,2024-09-11 15:29:00+00:00,18902.75,18906.5,18547.75,18689.0,630945,120,327.3875,primary_2023_2025,224.5,175.125,1.2819414703783012,neutral,1_1_to_1_3,358.75,1.095796265892864,0.5958188153310104,-0.5958188153310104,False,True,True,157.0,False,2024,2024-09,2024-W37
MNQ,2024-09-12,2024-09-11 22:00:00+00:00,2024-09-12 13:29:00+00:00,19246.0,19342.5,19228.0,19259.0,298993,930,2024-09-12 13:30:00+00:00,2024-09-12 15:29:00+00:00,19259.5,19388.25,19185.25,19288.5,600197,120,346.0125,primary_2023_2025,114.5,180.75,0.6334716459197787,compression,0_5_to_0_7,203.0,0.586684007080669,0.14285714285714285,0.14285714285714285,True,True,False,45.75,True,2024,2024-09,2024-W37
MNQ,2024-09-13,2024-09-12 22:00:00+00:00,2024-09-13 13:29:00+00:00,19410.0,19488.5,19406.0,19409.0,222556,930,2024-09-13 13:30:00+00:00,2024-09-13 15:29:00+00:00,19409.25,19540.75,19396.0,19520.25,404604,120,351.525,primary_2023_2025,82.5,175.125,0.47109207708779444,compression,lt_0_5,144.75,0.4117772562406657,0.7668393782383419,0.7668393782383419,True,True,True,52.25,False,2024,2024-09,2024-W37
MNQ,2024-09-16,2024-09-15 22:00:00+00:00,2024-09-16 13:29:00+00:00,19498.25,19781.75,19478.5,19670.75,113595,930,2024-09-16 13:30:00+00:00,2024-09-16 15:29:00+00:00,19671.0,19697.75,19529.25,19614.0,320815,120,340.9625,primary_2023_2025,303.25,168.875,1.7957068837897854,expansion,gt_1_3,168.5,0.49418924368515604,0.33827893175074186,-0.33827893175074186,False,False,False,0.0,False,2024,2024-09,2024-W38
MNQ,2024-09-17,2024-09-16 22:00:00+00:00,2024-09-17 13:29:00+00:00,19658.0,19820.0,19632.75,19795.25,171383,930,2024-09-17 13:30:00+00:00,2024-09-17 15:29:00+00:00,19795.25,19850.5,19709.0,19765.5,408760,120,338.025,primary_2023_2025,187.25,175.125,1.0692362598144183,neutral,0_9_to_1_1,141.5,0.4186080911175209,0.21024734982332155,-0.21024734982332155,True,False,False,30.5,True,2024,2024-09,2024-W38
MNQ,2024-09-18,2024-09-17 22:00:00+00:00,2024-09-18 13:29:00+00:00,19686.5,19738.25,19657.75,19730.75,153052,930,2024-09-18 13:30:00+00:00,2024-09-18 15:29:00+00:00,19731.0,19736.75,19633.5,19663.5,303609,120,346.0375,primary_2023_2025,80.5,180.75,0.44536652835408025,compression,lt_0_5,103.25,0.2983780659610591,0.6537530266343826,-0.6537530266343826,False,True,False,24.25,True,2024,2024-09,2024-W38
MNQ,2024-09-19,2024-09-18 22:00:00+00:00,2024-09-19 13:29:00+00:00,19646.0,20058.0,19635.5,20052.5,329992,930,2024-09-19 13:30:00+00:00,2024-09-19 15:29:00+00:00,20052.5,20158.5,19963.25,20134.75,483569,120,346.0,primary_2023_2025,422.5,180.75,2.3374827109266945,expansion,gt_1_3,195.25,0.5643063583815029,0.4212548015364917,0.4212548015364917,True,False,True,100.5,False,2024,2024-09,2024-W38
MNQ,2024-09-20,2024-09-19 22:00:00+00:00,2024-09-20 13:29:00+00:00,20070.0,20075.0,19981.25,20035.0,257434,930,2024-09-20 13:30:00+00:00,2024-09-20 15:29:00+00:00,20035.0,20082.5,19860.0,19907.25,456248,120,351.375,primary_2023_2025,93.75,182.0,0.5151098901098901,compression,0_5_to_0_7,222.5,0.6332266097474208,0.5741573033707865,-0.5741573033707865,True,True,True,121.25,False,2024,2024-09,2024-W38
MNQ,2024-09-23,2024-09-22 22:00:00+00:00,2024-09-23 13:29:00+00:00,20039.0,20164.0,19955.0,20076.75,296467,930,2024-09-23 13:30:00+00:00,2024-09-23 15:29:00+00:00,20076.5,20126.75,20031.75,20093.25,422563,120,322.525,primary_2023_2025,209.0,182.0,1.1483516483516483,neutral,1_1_to_1_3,95.0,0.29455081001472755,0.1763157894736842,0.1763157894736842,False,False,False,0.0,False,2024,2024-09,2024-W39
MNQ,2024-09-24,2024-09-23 22:00:00+00:00,2024-09-24 13:29:00+00:00,20065.25,20179.25,20022.5,20135.0,279795,930,2024-09-24 13:30:00+00:00,2024-09-24 15:29:00+00:00,20135.25,20154.0,19952.0,20115.25,445625,120,319.625,primary_2023_2025,156.75,185.0,0.8472972972972973,neutral,0_7_to_0_9,202.0,0.6319906140007822,0.09900990099009901,-0.09900990099009901,False,True,False,70.5,True,2024,2024-09,2024-W39
MNQ,2024-09-25,2024-09-24 22:00:00+00:00,2024-09-25 13:29:00+00:00,20184.25,20192.5,20063.75,20140.75,218675,930,2024-09-25 13:30:00+00:00,2024-09-25 15:29:00+00:00,20140.75,20272.75,20138.25,20202.75,390450,120,329.8125,primary_2023_2025,128.75,185.0,0.6959459459459459,compression,0_5_to_0_7,134.5,0.4078074663634641,0.46096654275092935,0.46096654275092935,True,False,True,80.25,False,2024,2024-09,2024-W39
MNQ,2024-09-26,2024-09-25 22:00:00+00:00,2024-09-26 13:29:00+00:00,20241.75,20537.75,20229.0,20503.5,307341,930,2024-09-26 13:30:00+00:00,2024-09-26 15:29:00+00:00,20503.25,20518.0,20188.0,20255.25,541518,120,336.5625,primary_2023_2025,308.75,185.0,1.6689189189189189,expansion,gt_1_3,330.0,0.9805013927576601,0.7515151515151515,-0.7515151515151515,False,True,False,41.0,True,2024,2024-09,2024-W39
MNQ,2024-09-27,2024-09-26 22:00:00+00:00,2024-09-27 13:29:00+00:00,20344.5,20396.0,20236.5,20377.25,316843,930,2024-09-27 13:30:00+00:00,2024-09-27 15:29:00+00:00,20377.0,20383.0,20246.0,20270.0,414473,120,313.025,primary_2023_2025,159.5,185.0,0.8621621621621621,neutral,0_7_to_0_9,137.0,0.43766472326491496,0.781021897810219,-0.781021897810219,False,False,False,0.0,False,2024,2024-09,2024-W39
MNQ,2024-09-30,2024-09-29 22:00:00+00:00,2024-09-30 13:29:00+00:00,20198.25,20286.5,20118.0,20179.25,313616,930,2024-09-30 13:30:00+00:00,2024-09-30 15:29:00+00:00,20179.0,20264.0,20127.5,20226.5,374392,120,298.6625,primary_2023_2025,168.5,185.0,0.9108108108108108,neutral,0_9_to_1_1,136.5,0.4570376260829531,0.34798534798534797,0.34798534798534797,False,False,False,0.0,False,2024,2024-09,2024-W40
MNQ,2024-10-01,2024-09-30 22:00:00+00:00,2024-10-01 13:29:00+00:00,20232.0,20331.5,20213.25,20252.0,273927,930,2024-10-01 13:30:00+00:00,2024-10-01 15:29:00+00:00,20252.0,20266.25,19818.0,19893.5,671875,120,280.6,primary_2023_2025,118.25,185.0,0.6391891891891892,compression,0_5_to_0_7,448.25,1.597469707769066,0.7997769102063581,-0.7997769102063581,False,True,True,395.25,False,2024,2024-10,2024-W40
MNQ,2024-10-02,2024-10-01 22:00:00+00:00,2024-10-02 13:29:00+00:00,19972.0,20011.5,19877.75,19943.0,372906,930,2024-10-02 13:30:00+00:00,2024-10-02 15:29:00+00:00,19943.25,20089.5,19833.5,20055.0,541711,120,298.175,primary_2023_2025,133.75,181.5,0.7369146005509641,neutral,0_7_to_0_9,256.0,0.8585562169866688,0.4365234375,0.4365234375,True,True,True,78.0,False,2024,2024-10,2024-W40
MNQ,2024-10-03,2024-10-02 22:00:00+00:00,2024-10-03 13:29:00+00:00,20056.5,20068.25,19851.0,19912.5,351912,930,2024-10-03 13:30:00+00:00,2024-10-03 15:29:00+00:00,19912.25,20115.0,19894.5,19992.75,592225,120,298.7375,primary_2023_2025,217.25,174.375,1.2458781362007167,neutral,1_1_to_1_3,220.5,0.7381061969120046,0.36507936507936506,0.36507936507936506,True,False,False,46.75,True,2024,2024-10,2024-W40
MNQ,2024-10-04,2024-10-03 22:00:00+00:00,2024-10-04 13:29:00+00:00,19971.75,20263.0,19941.25,20227.75,351503,930,2024-10-04 13:30:00+00:00,2024-10-04 15:29:00+00:00,20227.5,20239.75,20013.0,20060.25,573382,120,297.225,primary_2023_2025,321.75,177.875,1.8088545326774421,expansion,gt_1_3,226.75,0.7628900664479771,0.7375964718853363,-0.7375964718853363,False,False,False,0.0,False,2024,2024-10,2024-W40
MNQ,2024-10-07,2024-10-06 22:00:00+00:00,2024-10-07 13:29:00+00:00,20219.0,20268.0,20058.0,20137.25,307333,930,2024-10-07 13:30:00+00:00,2024-10-07 15:29:00+00:00,20137.0,20187.75,20088.75,20162.0,420438,120,262.1,primary_2023_2025,210.0,177.875,1.18060435699227,neutral,1_1_to_1_3,99.0,0.3777184280808851,0.25252525252525254,0.25252525252525254,False,False,False,0.0,False,2024,2024-10,2024-W41
MNQ,2024-10-08,2024-10-07 22:00:00+00:00,2024-10-08 13:29:00+00:00,20032.0,20107.75,19902.5,20103.5,335142,930,2024-10-08 13:30:00+00:00,2024-10-08 15:29:00+00:00,20103.25,20274.25,20069.5,20233.5,430379,120,269.6625,primary_2023_2025,205.25,177.875,1.1539002108222065,neutral,1_1_to_1_3,204.75,0.7592824363788068,0.6361416361416361,0.6361416361416361,True,False,True,166.5,False,2024,2024-10,2024-W41
MNQ,2024-10-09,2024-10-08 22:00:00+00:00,2024-10-09 13:29:00+00:00,20298.0,20300.75,20195.5,20282.25,230065,930,2024-10-09 13:30:00+00:00,2024-10-09 15:29:00+00:00,20282.75,20400.0,20238.25,20386.75,390585,120,273.9,primary_2023_2025,105.25,177.875,0.5917076598735067,compression,0_5_to_0_7,161.75,0.590543994158452,0.642967542503864,0.642967542503864,True,False,True,99.25,False,2024,2024-10,2024-W41
MNQ,2024-10-10,2024-10-09 22:00:00+00:00,2024-10-10 13:29:00+00:00,20447.75,20474.5,20322.25,20359.25,254331,930,2024-10-10 13:30:00+00:00,2024-10-10 15:29:00+00:00,20359.75,20441.75,20301.25,20433.5,415229,120,275.6125,primary_2023_2025,152.25,164.0,0.9283536585365854,neutral,0_9_to_1_1,140.5,0.5097736858814459,0.5249110320284698,0.5249110320284698,False,True,False,21.0,True,2024,2024-10,2024-W41
MNQ,2024-10-11,2024-10-10 22:00:00+00:00,2024-10-11 13:29:00+00:00,20441.5,20468.5,20339.0,20341.0,215145,930,2024-10-11 13:30:00+00:00,2024-10-11 15:29:00+00:00,20340.5,20481.0,20313.25,20430.25,412881,120,272.15,primary_2023_2025,129.5,164.0,0.7896341463414634,neutral,0_7_to_0_9,167.75,0.6163880213117766,0.5350223546944859,0.5350223546944859,True,True,False,25.75,True,2024,2024-10,2024-W41
MNQ,2024-10-14,2024-10-13 22:00:00+00:00,2024-10-14 13:29:00+00:00,20433.75,20566.25,20382.5,20550.75,189187,930,2024-10-14 13:30:00+00:00,2024-10-14 15:29:00+00:00,20551.0,20680.0,20527.25,20546.5,367258,120,249.65,primary_2023_2025,183.75,164.0,1.1204268292682926,neutral,1_1_to_1_3,152.75,0.6118565992389345,0.029459901800327332,-0.029459901800327332,True,False,False,113.75,True,2024,2024-10,2024-W42
MNQ,2024-10-15,2024-10-14 22:00:00+00:00,2024-10-15 13:29:00+00:00,20637.5,20652.0,20563.0,20631.5,185935,930,2024-10-15 13:30:00+00:00,2024-10-15 15:29:00+00:00,20631.75,20659.25,20331.5,20396.75,562878,120,252.2875,primary_2023_2025,89.0,164.0,0.5426829268292683,compression,0_5_to_0_7,327.75,1.2991131149977704,0.7170099160945843,-0.7170099160945843,True,True,True,231.5,False,2024,2024-10,2024-W42
MNQ,2024-10-16,2024-10-15 22:00:00+00:00,2024-10-16 13:29:00+00:00,20340.0,20397.5,20306.75,20353.0,209042,930,2024-10-16 13:30:00+00:00,2024-10-16 15:29:00+00:00,20353.25,20357.5,20205.25,20312.75,501431,120,264.1625,primary_2023_2025,90.75,158.125,0.5739130434782609,compression,0_5_to_0_7,152.25,0.5763497846969194,0.2660098522167488,-0.2660098522167488,False,True,False,101.5,True,2024,2024-10,2024-W42
MNQ,2024-10-17,2024-10-16 22:00:00+00:00,2024-10-17 13:29:00+00:00,20332.0,20594.5,20276.75,20573.25,311410,930,2024-10-17 13:30:00+00:00,2024-10-17 15:29:00+00:00,20573.0,20576.0,20365.25,20452.75,531544,120,263.525,primary_2023_2025,317.75,158.125,2.009486166007905,expansion,gt_1_3,210.75,0.7997343705530785,0.5705812574139977,-0.5705812574139977,False,False,False,0.0,False,2024,2024-10,2024-W42
MNQ,2024-10-18,2024-10-17 22:00:00+00:00,2024-10-18 13:29:00+00:00,20385.5,20509.75,20321.0,20466.25,239457,930,2024-10-18 13:30:00+00:00,2024-10-18 15:29:00+00:00,20466.0,20523.25,20433.0,20513.25,384908,120,265.725,primary_2023_2025,188.75,158.125,1.1936758893280632,neutral,1_1_to_1_3,90.25,0.33963684260043275,0.5235457063711911,0.5235457063711911,True,False,True,13.5,False,2024,2024-10,2024-W42
MNQ,2024-10-21,2024-10-20 22:00:00+00:00,2024-10-21 13:29:00+00:00,20495.75,20526.0,20342.5,20428.25,230045,930,2024-10-21 13:30:00+00:00,2024-10-21 15:29:00+00:00,20427.75,20554.25,20345.0,20360.5,491285,120,244.0625,primary_2023_2025,183.5,164.0,1.1189024390243902,neutral,1_1_to_1_3,209.25,0.8573623559539052,0.3213859020310633,-0.3213859020310633,True,False,False,28.25,True,2024,2024-10,2024-W43
MNQ,2024-10-22,2024-10-21 22:00:00+00:00,2024-10-22 13:29:00+00:00,20539.0,20543.75,20360.25,20402.25,295086,930,2024-10-22 13:30:00+00:00,2024-10-22 15:29:00+00:00,20402.75,20519.5,20368.75,20478.75,436529,120,243.5,primary_2023_2025,183.5,164.0,1.1189024390243902,neutral,1_1_to_1_3,150.75,0.6190965092402464,0.5041459369817579,0.5041459369817579,False,False,False,0.0,False,2024,2024-10,2024-W43
MNQ,2024-10-23,2024-10-22 22:00:00+00:00,2024-10-23 13:29:00+00:00,20522.75,20542.5,20423.75,20434.75,233757,930,2024-10-23 13:30:00+00:00,2024-10-23 15:29:00+00:00,20434.75,20462.75,20305.5,20309.75,480816,120,248.9,primary_2023_2025,118.75,176.0,0.6747159090909091,compression,0_5_to_0_7,157.25,0.6317798312575331,0.794912559618442,-0.794912559618442,False,True,True,118.25,False,2024,2024-10,2024-W43
MNQ,2024-10-24,2024-10-23 22:00:00+00:00,2024-10-24 13:29:00+00:00,20299.5,20428.0,20268.0,20372.75,240197,930,2024-10-24 13:30:00+00:00,2024-10-24 15:29:00+00:00,20372.5,20379.5,20296.0,20340.25,433553,120,258.375,primary_2023_2025,160.0,176.0,0.9090909090909091,neutral,0_9_to_1_1,83.5,0.3231736816642477,0.38622754491017963,-0.38622754491017963,False,False,False,0.0,False,2024,2024-10,2024-W43
MNQ,2024-10-25,2024-10-24 22:00:00+00:00,2024-10-25 13:29:00+00:00,20385.0,20511.75,20363.25,20491.25,216825,930,2024-10-25 13:30:00+00:00,2024-10-25 15:29:00+00:00,20491.0,20707.5,20490.0,20635.5,436413,120,241.4125,primary_2023_2025,148.5,164.25,0.9041095890410958,neutral,0_9_to_1_1,217.5,0.9009475482835396,0.664367816091954,0.664367816091954,True,False,True,195.75,False,2024,2024-10,2024-W43
MNQ,2024-10-28,2024-10-27 22:00:00+00:00,2024-10-28 13:29:00+00:00,20524.0,20676.75,20522.0,20625.5,302965,930,2024-10-28 13:30:00+00:00,2024-10-28 15:29:00+00:00,20625.25,20627.0,20528.0,20560.25,385573,120,238.8875,primary_2023_2025,154.75,164.25,0.9421613394216134,neutral,0_9_to_1_1,99.0,0.41442101407566323,0.6565656565656566,-0.6565656565656566,False,False,False,0.0,False,2024,2024-10,2024-W44
MNQ,2024-10-29,2024-10-28 22:00:00+00:00,2024-10-29 13:29:00+00:00,20508.0,20555.0,20451.0,20510.75,250638,930,2024-10-29 13:30:00+00:00,2024-10-29 15:29:00+00:00,20511.0,20613.5,20432.0,20597.5,453776,120,235.4,primary_2023_2025,104.0,157.375,0.6608419380460683,compression,0_5_to_0_7,181.5,0.7710280373831776,0.4765840220385675,0.4765840220385675,True,True,True,58.5,False,2024,2024-10,2024-W44
MNQ,2024-10-30,2024-10-29 22:00:00+00:00,2024-10-30 13:29:00+00:00,20725.0,20789.75,20639.75,20661.25,281473,930,2024-10-30 13:30:00+00:00,2024-10-30 15:29:00+00:00,20661.75,20699.5,20543.0,20682.5,458843,120,249.95,primary_2023_2025,150.0,157.375,0.9531374106433678,neutral,0_9_to_1_1,156.5,0.626125225045009,0.13258785942492013,0.13258785942492013,False,True,False,96.75,True,2024,2024-10,2024-W44
MNQ,2024-10-31,2024-10-30 22:00:00+00:00,2024-10-31 13:29:00+00:00,20486.0,20496.5,20287.0,20365.25,346360,930,2024-10-31 13:30:00+00:00,2024-10-31 15:29:00+00:00,20365.75,20369.0,20053.0,20098.0,573890,120,251.5625,primary_2023_2025,209.5,157.375,1.3312152501985703,expansion,gt_1_3,316.0,1.2561490683229815,0.8473101265822784,-0.8473101265822784,False,True,True,234.0,False,2024,2024-10,2024-W44
MNQ,2024-11-01,2024-10-31 22:00:00+00:00,2024-11-01 13:29:00+00:00,20065.25,20147.0,20017.75,20068.75,270214,930,2024-11-01 13:30:00+00:00,2024-11-01 15:29:00+00:00,20068.5,20287.25,20057.25,20282.75,509488,120,253.05,primary_2023_2025,129.25,157.375,0.8212867355043686,neutral,0_7_to_0_9,230.0,0.9089112823552657,0.9315217391304348,0.9315217391304348,True,False,True,140.25,False,2024,2024-11,2024-W44
MNQ,2024-11-04,2024-11-03 23:00:00+00:00,2024-11-04 14:29:00+00:00,20141.75,20249.0,20066.25,20120.5,319945,930,2024-11-04 14:30:00+00:00,2024-11-04 16:29:00+00:00,20120.25,20226.75,20013.25,20177.75,388600,120,249.175,primary_2023_2025,182.75,153.5,1.1905537459283388,neutral,1_1_to_1_3,213.5,0.856827530851811,0.2693208430913349,0.2693208430913349,False,True,False,53.0,True,2024,2024-11,2024-W45
MNQ,2024-11-05,2024-11-04 23:00:00+00:00,2024-11-05 14:29:00+00:00,20128.0,20171.25,20041.75,20152.25,248741,930,2024-11-05 14:30:00+00:00,2024-11-05 16:29:00+00:00,20152.25,20324.5,20147.0,20298.5,414380,120,251.85,primary_2023_2025,129.5,153.5,0.8436482084690554,neutral,0_7_to_0_9,177.5,0.7047845940043677,0.823943661971831,0.823943661971831,True,False,True,153.25,False,2024,2024-11,2024-W45
MNQ,2024-11-06,2024-11-05 23:00:00+00:00,2024-11-06 14:29:00+00:00,20365.0,20731.5,20323.5,20685.0,573034,930,2024-11-06 14:30:00+00:00,2024-11-06 16:29:00+00:00,20684.75,20822.0,20643.5,20775.5,578245,120,276.225,primary_2023_2025,408.0,151.125,2.699751861042184,expansion,gt_1_3,178.5,0.6462123269074124,0.5084033613445378,0.5084033613445378,True,False,True,90.5,False,2024,2024-11,2024-W45
MNQ,2024-11-07,2024-11-06 23:00:00+00:00,2024-11-07 14:29:00+00:00,20924.25,21020.5,20860.75,21006.5,273256,930,2024-11-07 14:30:00+00:00,2024-11-07 16:29:00+00:00,21006.25,21172.0,21003.75,21154.25,350668,120,285.8875,primary_2023_2025,159.75,153.5,1.0407166123778502,neutral,0_9_to_1_1,168.25,0.5885182108346815,0.8796433878157504,0.8796433878157504,True,False,True,151.5,False,2024,2024-11,2024-W45
MNQ,2024-11-08,2024-11-07 23:00:00+00:00,2024-11-08 14:29:00+00:00,21225.0,21263.5,21121.5,21186.25,250187,930,2024-11-08 14:30:00+00:00,2024-11-08 16:29:00+00:00,21186.25,21232.0,21161.5,21210.75,374690,120,282.8875,primary_2023_2025,142.0,157.25,0.9030206677265501,neutral,0_9_to_1_1,70.5,0.24921567761035748,0.3475177304964539,0.3475177304964539,False,False,False,0.0,False,2024,2024-11,2024-W45
MNQ,2024-11-11,2024-11-10 23:00:00+00:00,2024-11-11 14:29:00+00:00,21242.0,21340.5,21242.0,21282.25,236801,930,2024-11-11 14:30:00+00:00,2024-11-11 16:29:00+00:00,21282.75,21292.5,21155.25,21208.25,403352,120,268.6625,primary_2023_2025,98.5,157.25,0.6263910969793323,compression,0_5_to_0_7,137.25,0.5108640022332852,0.5428051001821493,-0.5428051001821493,False,True,True,86.75,False,2024,2024-11,2024-W46
MNQ,2024-11-12,2024-11-11 23:00:00+00:00,2024-11-12 14:29:00+00:00,21218.0,21249.75,21129.5,21214.25,273401,930,2024-11-12 14:30:00+00:00,2024-11-12 16:29:00+00:00,21214.5,21252.25,21165.5,21181.5,415052,120,272.1125,primary_2023_2025,120.25,152.375,0.7891714520098442,neutral,0_7_to_0_9,86.75,0.3188019660985805,0.3804034582132565,-0.3804034582132565,True,False,False,2.5,True,2024,2024-11,2024-W46
MNQ,2024-11-13,2024-11-12 23:00:00+00:00,2024-11-13 14:29:00+00:00,21180.5,21243.5,21101.25,21158.5,295473,930,2024-11-13 14:30:00+00:00,2024-11-13 16:29:00+00:00,21158.75,21184.75,21057.5,21155.25,464484,120,279.5,primary_2023_2025,142.25,152.375,0.933552091878589,neutral,0_9_to_1_1,127.25,0.4552772808586762,0.0275049115913556,-0.0275049115913556,False,True,False,43.75,True,2024,2024-11,2024-W46
MNQ,2024-11-14,2024-11-13 23:00:00+00:00,2024-11-14 14:29:00+00:00,21166.0,21191.25,21089.75,21137.25,261749,930,2024-11-14 14:30:00+00:00,2024-11-14 16:29:00+00:00,21137.5,21174.5,21040.25,21111.0,451573,120,279.475,primary_2023_2025,101.5,152.375,0.6661197703035275,compression,0_5_to_0_7,134.25,0.48036497003309775,0.1973929236499069,-0.1973929236499069,False,True,False,49.5,True,2024,2024-11,2024-W46
MNQ,2024-11-15,2024-11-14 23:00:00+00:00,2024-11-15 14:29:00+00:00,20980.0,20981.0,20752.0,20758.5,360999,930,2024-11-15 14:30:00+00:00,2024-11-15 16:29:00+00:00,20758.5,20774.0,20533.25,20579.75,541359,120,282.775,primary_2023_2025,229.0,149.25,1.5343383584589614,expansion,gt_1_3,240.75,0.8513836088763151,0.7424714434060229,-0.7424714434060229,False,True,True,218.75,False,2024,2024-11,2024-W46
MNQ,2024-11-18,2024-11-17 23:00:00+00:00,2024-11-18 14:29:00+00:00,20504.75,20657.75,20476.25,20557.25,373021,930,2024-11-18 14:30:00+00:00,2024-11-18 16:29:00+00:00,20557.0,20717.75,20500.5,20695.75,395946,120,286.4375,primary_2023_2025,181.5,149.25,1.2160804020100502,neutral,1_1_to_1_3,217.25,0.7584551603753,0.6386651323360184,0.6386651323360184,True,False,True,60.0,False,2024,2024-11,2024-W47
MNQ,2024-11-19,2024-11-18 23:00:00+00:00,2024-11-19 14:29:00+00:00,20634.25,20696.75,20382.0,20521.75,462936,930,2024-11-19 14:30:00+00:00,2024-11-19 16:29:00+00:00,20522.0,20686.75,20508.0,20682.0,395944,120,281.4375,primary_2023_2025,314.75,149.25,2.1088777219430486,expansion,gt_1_3,178.75,0.6351321341328003,0.8951048951048951,0.8951048951048951,False,False,False,0.0,False,2024,2024-11,2024-W47
MNQ,2024-11-20,2024-11-19 23:00:00+00:00,2024-11-20 14:29:00+00:00,20766.0,20843.5,20733.0,20753.25,313424,930,2024-11-20 14:30:00+00:00,2024-11-20 16:29:00+00:00,20753.0,20756.0,20477.25,20566.0,546759,120,297.7375,primary_2023_2025,110.5,149.25,0.7403685092127303,neutral,0_7_to_0_9,278.75,0.9362273815021621,0.6708520179372197,-0.6708520179372197,False,True,True,255.75,False,2024,2024-11,2024-W47
MNQ,2024-11-21,2024-11-20 23:00:00+00:00,2024-11-21 14:29:00+00:00,20739.25,20889.25,20595.75,20875.5,509796,930,2024-11-21 14:30:00+00:00,2024-11-21 16:29:00+00:00,20875.25,20907.0,20514.0,20780.0,738955,120,304.9875,primary_2023_2025,293.5,149.25,1.966499162479062,expansion,gt_1_3,393.0,1.2885774007131439,0.24236641221374045,-0.24236641221374045,True,True,False,81.75,True,2024,2024-11,2024-W47
MNQ,2024-11-22,2024-11-21 23:00:00+00:00,2024-11-22 14:29:00+00:00,20804.0,20844.75,20693.0,20790.75,383809,930,2024-11-22 14:30:00+00:00,2024-11-22 16:29:00+00:00,20790.5,20873.25,20722.0,20779.25,595448,120,306.75,primary_2023_2025,151.75,149.25,1.016750418760469,neutral,0_9_to_1_1,151.25,0.4930725346373268,0.0743801652892562,-0.0743801652892562,True,False,False,28.5,True,2024,2024-11,2024-W47
MNQ,2024-11-25,2024-11-24 23:00:00+00:00,2024-11-25 14:29:00+00:00,20909.0,21045.5,20908.0,21016.5,258620,930,2024-11-25 14:30:00+00:00,2024-11-25 16:29:00+00:00,21016.0,21081.25,20869.5,20934.5,570618,120,280.3625,primary_2023_2025,137.5,150.875,0.9113504556752279,neutral,0_9_to_1_1,211.75,0.7552721922511034,0.38488783943329397,-0.38488783943329397,True,True,False,38.5,True,2024,2024-11,2024-W48
MNQ,2024-11-26,2024-11-25 23:00:00+00:00,2024-11-26 14:29:00+00:00,20910.0,20979.5,20755.25,20937.75,386795,930,2024-11-26 14:30:00+00:00,2024-11-26 16:29:00+00:00,20938.75,21025.0,20919.0,20953.5,477909,120,285.0,primary_2023_2025,224.25,146.125,1.53464499572284,expansion,gt_1_3,106.0,0.3719298245614035,0.1391509433962264,0.1391509433962264,True,False,False,45.5,True,2024,2024-11,2024-W48
MNQ,2024-11-27,2024-11-26 23:00:00+00:00,2024-11-27 14:29:00+00:00,20998.25,21019.25,20904.5,20937.0,271096,930,2024-11-27 14:30:00+00:00,2024-11-27 16:29:00+00:00,20936.25,20939.75,20695.75,20722.25,485837,120,284.5375,primary_2023_2025,114.75,150.875,0.7605633802816901,neutral,0_7_to_0_9,244.0,0.8575319597592583,0.8770491803278688,-0.8770491803278688,False,True,True,208.75,False,2024,2024-11,2024-W48
MNQ,2024-11-28,2024-11-27 23:00:00+00:00,2024-11-28 14:29:00+00:00,20814.75,20878.0,20806.5,20873.75,99198,930,2024-11-28 14:30:00+00:00,2024-11-28 16:29:00+00:00,20874.5,20909.5,20873.75,20893.75,58848,120,288.55,primary_2023_2025,71.5,147.0,0.48639455782312924,compression,lt_0_5,35.75,0.1238953387627794,0.5384615384615384,0.5384615384615384,True,False,True,31.5,False,2024,2024-11,2024-W48
MNQ,2024-11-29,2024-11-28 23:00:00+00:00,2024-11-29 14:29:00+00:00,20887.0,20937.75,20812.0,20831.0,254128,930,2024-11-29 14:30:00+00:00,2024-11-29 16:29:00+00:00,20831.5,20996.75,20805.75,20988.5,307840,120,266.55,primary_2023_2025,125.75,142.125,0.8847845206684257,neutral,0_7_to_0_9,191.0,0.7165634965297317,0.8219895287958116,0.8219895287958116,True,True,True,59.0,False,2024,2024-11,2024-W48
MNQ,2024-12-02,2024-12-01 23:00:00+00:00,2024-12-02 14:29:00+00:00,20994.5,21046.75,20939.75,21043.0,254768,930,2024-12-02 14:30:00+00:00,2024-12-02 16:29:00+00:00,21042.75,21203.75,21026.5,21184.5,441149,120,239.4875,primary_2023_2025,107.0,142.125,0.752858399296394,neutral,0_7_to_0_9,177.25,0.7401221358108461,0.7997179125528914,0.7997179125528914,True,False,True,157.0,False,2024,2024-12,2024-W49
MNQ,2024-12-03,2024-12-02 23:00:00+00:00,2024-12-03 14:29:00+00:00,21215.0,21243.75,21145.0,21157.5,211526,930,2024-12-03 14:30:00+00:00,2024-12-03 16:29:00+00:00,21158.0,21251.75,21134.75,21251.25,418076,120,248.225,primary_2023_2025,98.75,139.75,0.7066189624329159,neutral,0_7_to_0_9,117.0,0.47134656058011887,0.7970085470085471,0.7970085470085471,True,True,True,10.25,False,2024,2024-12,2024-W49
MNQ,2024-12-04,2024-12-03 23:00:00+00:00,2024-12-04 14:29:00+00:00,21321.25,21456.75,21305.5,21418.0,215647,930,2024-12-04 14:30:00+00:00,2024-12-04 16:29:00+00:00,21418.0,21496.5,21388.25,21470.5,380075,120,255.7625,primary_2023_2025,151.25,139.75,1.0822898032200359,neutral,0_9_to_1_1,108.25,0.42324422071257517,0.48498845265588914,0.48498845265588914,True,False,True,39.75,False,2024,2024-12,2024-W49
MNQ,2024-12-05,2024-12-04 23:00:00+00:00,2024-12-05 14:29:00+00:00,21511.0,21538.0,21489.0,21535.25,151852,930,2024-12-05 14:30:00+00:00,2024-12-05 16:29:00+00:00,21535.25,21552.0,21487.5,21528.75,355378,120,254.275,primary_2023_2025,49.0,139.75,0.35062611806797855,compression,lt_0_5,64.5,0.2536623734146102,0.10077519379844961,-0.10077519379844961,True,True,False,14.0,True,2024,2024-12,2024-W49
MNQ,2024-12-06,2024-12-05 23:00:00+00:00,2024-12-06 14:29:00+00:00,21449.25,21530.0,21424.0,21491.25,201911,930,2024-12-06 14:30:00+00:00,2024-12-06 16:29:00+00:00,21491.0,21645.5,21485.0,21620.25,403741,120,251.5875,primary_2023_2025,106.0,131.625,0.805318138651472,neutral,0_7_to_0_9,160.5,0.6379490236995081,0.8052959501557633,0.8052959501557633,True,False,True,115.5,False,2024,2024-12,2024-W49
MNQ,2024-12-09,2024-12-08 23:00:00+00:00,2024-12-09 14:29:00+00:00,21648.75,21706.5,21586.0,21614.5,205596,930,2024-12-09 14:30:00+00:00,2024-12-09 16:29:00+00:00,21615.0,21649.0,21437.0,21506.75,488737,120,239.375,primary_2023_2025,120.5,123.0,0.9796747967479674,neutral,0_9_to_1_1,212.0,0.8856396866840731,0.5106132075471698,-0.5106132075471698,False,True,True,149.0,False,2024,2024-12,2024-W50
MNQ,2024-12-10,2024-12-09 23:00:00+00:00,2024-12-10 14:29:00+00:00,21480.0,21538.0,21447.75,21532.5,165550,930,2024-12-10 14:30:00+00:00,2024-12-10 16:29:00+00:00,21532.75,21606.75,21469.25,21473.5,515032,120,226.65,primary_2023_2025,90.25,123.125,0.732994923857868,neutral,0_7_to_0_9,137.5,0.6066622545775424,0.4309090909090909,-0.4309090909090909,True,False,False,68.75,True,2024,2024-12,2024-W50
MNQ,2024-12-11,2024-12-10 23:00:00+00:00,2024-12-11 14:29:00+00:00,21438.25,21590.5,21405.75,21590.0,210464,930,2024-12-11 14:30:00+00:00,2024-12-11 16:29:00+00:00,21590.25,21763.5,21573.0,21763.25,484044,120,230.3375,primary_2023_2025,184.75,123.125,1.500507614213198,expansion,gt_1_3,190.5,0.8270472675964617,0.9081364829396326,0.9081364829396326,True,False,True,173.0,False,2024,2024-12,2024-W50
MNQ,2024-12-12,2024-12-11 23:00:00+00:00,2024-12-12 14:29:00+00:00,21756.75,21772.75,21648.0,21694.0,218974,930,2024-12-12 14:30:00+00:00,2024-12-12 16:29:00+00:00,21693.75,21739.75,21624.75,21716.25,441030,120,238.9,primary_2023_2025,124.75,123.125,1.0131979695431472,neutral,0_9_to_1_1,115.0,0.48137295939723734,0.1956521739130435,0.1956521739130435,False,True,False,23.25,True,2024,2024-12,2024-W50
MNQ,2024-12-13,2024-12-12 23:00:00+00:00,2024-12-13 14:29:00+00:00,21700.5,21844.0,21697.5,21795.5,232482,930,2024-12-13 14:30:00+00:00,2024-12-13 16:29:00+00:00,21795.0,21908.0,21666.75,21699.0,584409,120,224.7875,primary_2023_2025,146.5,125.25,1.1696606786427146,neutral,1_1_to_1_3,241.25,1.073235833843074,0.39792746113989635,-0.39792746113989635,True,True,False,64.0,True,2024,2024-12,2024-W50
MNQ,2024-12-16,2024-12-15 23:00:00+00:00,2024-12-16 14:29:00+00:00,21785.25,21914.0,21762.25,21899.25,138982,930,2024-12-16 14:30:00+00:00,2024-12-16 16:29:00+00:00,21899.5,22047.75,21896.0,22036.0,238175,120,201.8625,primary_2023_2025,151.75,125.25,1.2115768463073853,neutral,1_1_to_1_3,151.75,0.7517493343241067,0.899505766062603,0.899505766062603,True,False,True,133.75,False,2024,2024-12,2024-W51
MNQ,2024-12-17,2024-12-16 23:00:00+00:00,2024-12-17 14:29:00+00:00,22113.0,22426.5,22078.75,22336.5,176012,930,2024-12-17 14:30:00+00:00,2024-12-17 16:29:00+00:00,22336.0,22367.25,22244.25,22342.25,414915,120,224.5875,primary_2023_2025,347.75,125.25,2.776447105788423,expansion,gt_1_3,123.0,0.5476707296710636,0.0508130081300813,0.0508130081300813,False,False,False,0.0,False,2024,2024-12,2024-W51
MNQ,2024-12-18,2024-12-17 23:00:00+00:00,2024-12-18 14:29:00+00:00,22306.0,22387.5,22205.5,22279.75,198010,930,2024-12-18 14:30:00+00:00,2024-12-18 16:29:00+00:00,22280.5,22351.75,22211.25,22309.75,333662,120,232.2375,primary_2023_2025,182.0,125.25,1.4530938123752495,expansion,gt_1_3,140.5,0.6049841218580118,0.20818505338078291,0.20818505338078291,False,False,False,0.0,False,2024,2024-12,2024-W51
MNQ,2024-12-19,2024-12-18 23:00:00+00:00,2024-12-19 14:29:00+00:00,21499.0,21682.25,21428.0,21677.0,454951,930,2024-12-19 14:30:00+00:00,2024-12-19 16:29:00+00:00,21677.0,21698.0,21460.75,21602.0,576424,120,269.8,primary_2023_2025,254.25,131.625,1.9316239316239316,expansion,gt_1_3,237.25,0.8793550778354337,0.31612223393045313,-0.31612223393045313,True,False,False,15.75,True,2024,2024-12,2024-W51
MNQ,2024-12-20,2024-12-19 23:00:00+00:00,2024-12-20 14:29:00+00:00,21429.75,21436.0,21007.0,21211.25,635562,930,2024-12-20 14:30:00+00:00,2024-12-20 16:29:00+00:00,21211.25,21674.75,21160.25,21666.5,664815,120,285.8375,primary_2023_2025,429.0,131.625,3.259259259259259,expansion,gt_1_3,514.5,1.799973761315433,0.8848396501457726,0.8848396501457726,True,False,True,238.75,False,2024,2024-12,2024-W51
MNQ,2024-12-23,2024-12-22 23:00:00+00:00,2024-12-23 14:29:00+00:00,21566.5,21741.5,21543.75,21619.25,427540,930,2024-12-23 14:30:00+00:00,2024-12-23 16:29:00+00:00,21619.25,21675.5,21476.0,21632.5,537799,120,311.7625,primary_2023_2025,197.75,131.625,1.5023741690408356,expansion,gt_1_3,199.5,0.6399101880437833,0.06641604010025062,0.06641604010025062,False,True,False,67.75,True,2024,2024-12,2024-W52
MNQ,2024-12-24,2024-12-23 23:00:00+00:00,2024-12-24 14:29:00+00:00,21738.75,21847.0,21708.5,21826.25,219425,930,2024-12-24 14:30:00+00:00,2024-12-24 16:29:00+00:00,21825.75,21985.0,21799.0,21976.0,293284,120,316.2,primary_2023_2025,138.5,136.125,1.017447199265381,neutral,0_9_to_1_1,186.0,0.5882352941176471,0.8077956989247311,0.8077956989247311,True,False,True,138.0,False,2024,2024-12,2024-W52
MNQ,2024-12-26,2024-12-25 23:00:00+00:00,2024-12-26 14:29:00+00:00,22050.0,22111.0,21894.25,21961.75,293494,930,2024-12-26 14:30:00+00:00,2024-12-26 16:29:00+00:00,21961.5,22019.5,21870.5,21992.0,360006,120,316.0875,primary_2023_2025,216.75,132.125,1.640491958372753,expansion,gt_1_3,149.0,0.47138846047376126,0.20469798657718122,0.20469798657718122,False,True,False,23.75,True,2024,2024-12,2024-W52
MNQ,2024-12-27,2024-12-26 23:00:00+00:00,2024-12-27 14:29:00+00:00,21984.0,22008.75,21844.0,21845.75,235907,930,2024-12-27 14:30:00+00:00,2024-12-27 16:29:00+00:00,21845.75,21863.0,21505.0,21644.75,594464,120,316.4875,primary_2023_2025,164.75,142.5,1.156140350877193,neutral,1_1_to_1_3,358.0,1.1311663177850626,0.5614525139664804,-0.5614525139664804,False,True,True,339.0,False,2024,2024-12,2024-W52
MNQ,2024-12-30,2024-12-29 23:00:00+00:00,2024-12-30 14:29:00+00:00,21710.75,21742.5,21358.5,21409.0,407838,930,2024-12-30 14:30:00+00:00,2024-12-30 16:29:00+00:00,21408.5,21423.5,21252.75,21397.75,504537,120,325.7125,primary_2023_2025,384.0,148.875,2.579345088161209,expansion,gt_1_3,170.75,0.5242353302375562,0.0629575402635432,-0.0629575402635432,False,True,False,105.75,True,2024,2024-12,2025-W01
MNQ,2024-12-31,2024-12-30 23:00:00+00:00,2024-12-31 14:29:00+00:00,21391.25,21524.75,21343.25,21455.75,284207,930,2024-12-31 14:30:00+00:00,2024-12-31 16:29:00+00:00,21456.0,21489.5,21290.5,21299.5,495812,120,336.1,primary_2023_2025,181.5,151.5,1.198019801980198,neutral,1_1_to_1_3,199.0,0.5920856887831002,0.7864321608040201,-0.7864321608040201,False,True,True,52.75,False,2024,2024-12,2025-W01
MNQ,2025-01-02,2025-01-01 23:00:00+00:00,2025-01-02 14:29:00+00:00,21273.25,21490.75,21121.0,21348.25,509729,930,2025-01-02 14:30:00+00:00,2025-01-02 16:29:00+00:00,21348.0,21444.0,21166.5,21293.0,696129,120,348.4875,primary_2023_2025,369.75,158.25,2.3364928909952605,expansion,gt_1_3,277.5,0.7962982890347573,0.1981981981981982,-0.1981981981981982,False,False,False,0.0,False,2025,2025-01,2025-W01
MNQ,2025-01-03,2025-01-02 23:00:00+00:00,2025-01-03 14:29:00+00:00,21191.5,21303.0,21144.25,21294.25,278442,930,2025-01-03 14:30:00+00:00,2025-01-03 16:29:00+00:00,21293.75,21440.75,21260.75,21426.5,632338,120,361.1625,primary_2023_2025,158.75,173.125,0.9169675090252708,neutral,0_9_to_1_1,180.0,0.498390613643443,0.7375,0.7375,True,False,True,137.75,False,2025,2025-01,2025-W01
MNQ,2025-01-06,2025-01-05 23:00:00+00:00,2025-01-06 14:29:00+00:00,21532.0,21761.0,21478.75,21732.0,377474,930,2025-01-06 14:30:00+00:00,2025-01-06 16:29:00+00:00,21732.75,21897.0,21723.75,21888.5,529157,120,352.8125,primary_2023_2025,282.25,173.125,1.6303249097472925,expansion,gt_1_3,173.25,0.49105403011514615,0.898989898989899,0.898989898989899,True,False,True,136.0,False,2025,2025-01,2025-W02
MNQ,2025-01-07,2025-01-06 23:00:00+00:00,2025-01-07 14:29:00+00:00,21781.0,21797.5,21659.0,21791.5,302951,930,2025-01-07 14:30:00+00:00,2025-01-07 16:29:00+00:00,21791.75,21806.25,21399.25,21555.75,846308,120,359.575,primary_2023_2025,138.5,181.75,0.7620357634112792,neutral,0_7_to_0_9,407.0,1.1318918167280818,0.5798525798525799,-0.5798525798525799,True,True,True,259.75,False,2025,2025-01,2025-W02
MNQ,2025-01-08,2025-01-07 23:00:00+00:00,2025-01-08 14:29:00+00:00,21386.25,21448.25,21221.25,21356.0,499145,930,2025-01-08 14:30:00+00:00,2025-01-08 16:29:00+00:00,21355.75,21406.0,21231.25,21336.0,602905,120,382.9375,primary_2023_2025,227.0,181.75,1.248968363136176,neutral,1_1_to_1_3,174.75,0.4563407866818998,0.11301859799713877,-0.11301859799713877,False,False,False,0.0,False,2025,2025-01,2025-W02
MNQ,2025-01-10,2025-01-09 23:00:00+00:00,2025-01-10 14:29:00+00:00,21302.0,21372.5,21044.5,21193.0,583657,930,2025-01-10 14:30:00+00:00,2025-01-10 16:29:00+00:00,21193.25,21197.25,20874.75,20939.5,795915,120,361.8,primary_2023_2025,328.0,183.375,1.7886843899113838,expansion,gt_1_3,322.5,0.8913764510779436,0.7868217054263565,-0.7868217054263565,False,True,True,169.75,False,2025,2025-01,2025-W02
MNQ,2025-01-13,2025-01-12 23:00:00+00:00,2025-01-13 14:29:00+00:00,21027.5,21037.0,20693.5,20765.75,570205,930,2025-01-13 14:30:00+00:00,2025-01-13 16:29:00+00:00,20765.75,20880.0,20701.5,20755.5,671183,120,317.1,primary_2023_2025,343.5,191.25,1.796078431372549,expansion,gt_1_3,178.5,0.5629139072847682,0.05742296918767507,-0.05742296918767507,False,False,False,0.0,False,2025,2025-01,2025-W03
MNQ,2025-01-14,2025-01-13 23:00:00+00:00,2025-01-14 14:29:00+00:00,21020.0,21143.75,20944.0,21071.25,466681,930,2025-01-14 14:30:00+00:00,2025-01-14 16:29:00+00:00,21071.25,21129.25,20875.0,20903.25,663957,120,296.5875,primary_2023_2025,199.75,207.25,0.9638118214716526,neutral,0_9_to_1_1,254.25,0.8572512327727906,0.6607669616519174,-0.6607669616519174,False,True,True,69.0,False,2025,2025-01,2025-W03
MNQ,2025-01-15,2025-01-14 23:00:00+00:00,2025-01-15 14:29:00+00:00,20975.75,21329.0,20908.75,21251.5,376658,930,2025-01-15 14:30:00+00:00,2025-01-15 16:29:00+00:00,21252.25,21408.5,21186.5,21332.0,579790,120,307.9375,primary_2023_2025,420.25,208.25,2.0180072028811527,expansion,gt_1_3,222.0,0.7209255124822407,0.35923423423423423,0.35923423423423423,True,False,True,79.5,False,2025,2025-01,2025-W03
MNQ,2025-01-16,2025-01-15 23:00:00+00:00,2025-01-16 14:29:00+00:00,21386.25,21566.75,21352.75,21494.75,422669,930,2025-01-16 14:30:00+00:00,2025-01-16 16:29:00+00:00,21495.0,21498.0,21336.0,21407.0,607930,120,320.0875,primary_2023_2025,214.0,221.875,0.9645070422535211,neutral,0_9_to_1_1,162.0,0.5061116101066115,0.5432098765432098,-0.5432098765432098,False,True,False,16.75,True,2025,2025-01,2025-W03
MNQ,2025-01-17,2025-01-16 23:00:00+00:00,2025-01-17 14:29:00+00:00,21225.0,21680.0,21208.75,21646.25,405089,930,2025-01-17 14:30:00+00:00,2025-01-17 16:29:00+00:00,21647.0,21653.5,21481.0,21627.75,593117,120,324.25,primary_2023_2025,471.25,221.875,2.123943661971831,expansion,gt_1_3,172.5,0.5319969159599075,0.11159420289855072,-0.11159420289855072,False,False,False,0.0,False,2025,2025-01,2025-W03
MNQ,2025-01-20,2025-01-19 23:00:00+00:00,2025-01-20 14:29:00+00:00,21601.0,21726.5,21527.25,21723.0,322692,930,2025-01-20 14:30:00+00:00,2025-01-20 16:29:00+00:00,21723.5,21780.0,21641.0,21707.0,200858,120,335.4625,primary_2023_2025,199.25,221.875,0.8980281690140846,neutral,0_7_to_0_9,139.0,0.4143533181801245,0.11870503597122302,-0.11870503597122302,True,False,False,53.5,True,2025,2025-01,2025-W04
MNQ,2025-01-21,2025-01-20 23:00:00+00:00,2025-01-21 14:29:00+00:00,21685.5,21746.5,21370.25,21711.0,474438,930,2025-01-21 14:30:00+00:00,2025-01-21 16:29:00+00:00,21710.75,21718.5,21525.5,21630.25,567046,120,332.55,primary_2023_2025,376.25,221.875,1.695774647887324,expansion,gt_1_3,193.0,0.5803638550593896,0.4170984455958549,-0.4170984455958549,False,False,False,0.0,False,2025,2025-01,2025-W04
MNQ,2025-01-22,2025-01-21 23:00:00+00:00,2025-01-22 14:29:00+00:00,21800.0,21934.5,21769.0,21914.0,272521,930,2025-01-22 14:30:00+00:00,2025-01-22 16:29:00+00:00,21914.25,22053.25,21902.5,22052.25,479083,120,346.4875,primary_2023_2025,165.5,221.875,0.7459154929577465,neutral,0_7_to_0_9,150.75,0.43508063061438,0.9154228855721394,0.9154228855721394,True,False,True,118.75,False,2025,2025-01,2025-W04
MNQ,2025-01-23,2025-01-22 23:00:00+00:00,2025-01-23 14:29:00+00:00,21982.5,21985.0,21855.5,21888.5,277050,930,2025-01-23 14:30:00+00:00,2025-01-23 16:29:00+00:00,21889.0,21950.0,21866.0,21948.5,422448,120,337.3125,primary_2023_2025,129.5,215.375,0.6012768427161926,compression,0_5_to_0_7,84.0,0.2490272373540856,0.7083333333333334,0.7083333333333334,False,False,False,0.0,False,2025,2025-01,2025-W04
MNQ,2025-01-24,2025-01-23 23:00:00+00:00,2025-01-24 14:29:00+00:00,22018.0,22059.0,21971.25,22044.25,301471,930,2025-01-24 14:30:00+00:00,2025-01-24 16:29:00+00:00,22044.25,22078.0,21970.0,22013.0,436458,120,330.3375,primary_2023_2025,87.75,215.375,0.4074289030760302,compression,lt_0_5,108.0,0.3269383584969917,0.28935185185185186,-0.28935185185185186,True,True,False,19.0,True,2025,2025-01,2025-W04
MNQ,2025-01-27,2025-01-26 23:00:00+00:00,2025-01-27 14:29:00+00:00,21773.75,21774.0,20763.75,21124.0,1073415,930,2025-01-27 14:30:00+00:00,2025-01-27 16:29:00+00:00,21123.75,21418.0,21108.25,21209.75,718123,120,320.8375,primary_2023_2025,1010.25,215.375,4.69065583284968,expansion,gt_1_3,309.75,0.9654420072466592,0.27764326069410816,0.27764326069410816,False,False,False,0.0,False,2025,2025-01,2025-W05
MNQ,2025-01-28,2025-01-27 23:00:00+00:00,2025-01-28 14:29:00+00:00,21340.0,21423.25,21218.0,21302.0,512892,930,2025-01-28 14:30:00+00:00,2025-01-28 16:29:00+00:00,21302.5,21481.25,21160.75,21405.75,680706,120,340.325,primary_2023_2025,205.25,220.5,0.9308390022675737,neutral,0_9_to_1_1,320.5,0.9417468596194815,0.3221528861154446,0.3221528861154446,True,True,False,58.0,True,2025,2025-01,2025-W05
MNQ,2025-01-29,2025-01-28 23:00:00+00:00,2025-01-29 14:29:00+00:00,21558.0,21697.25,21531.0,21600.0,341476,930,2025-01-29 14:30:00+00:00,2025-01-29 16:29:00+00:00,21599.75,21606.25,21456.75,21488.75,516709,120,360.375,primary_2023_2025,166.25,220.5,0.753968253968254,neutral,0_7_to_0_9,149.5,0.4148456468955949,0.7424749163879598,-0.7424749163879598,False,True,True,74.25,False,2025,2025-01,2025-W05
MNQ,2025-01-30,2025-01-29 23:00:00+00:00,2025-01-30 14:29:00+00:00,21555.75,21709.5,21505.5,21650.25,412807,930,2025-01-30 14:30:00+00:00,2025-01-30 16:29:00+00:00,21650.0,21748.75,21419.0,21550.0,710525,120,358.0125,primary_2023_2025,204.0,209.625,0.9731663685152058,neutral,0_9_to_1_1,329.75,0.9210572256555288,0.3032600454890068,-0.3032600454890068,True,True,False,86.5,True,2025,2025-01,2025-W05
MNQ,2025-01-31,2025-01-30 23:00:00+00:00,2025-01-31 14:29:00+00:00,21684.0,21813.75,21660.5,21774.25,337593,930,2025-01-31 14:30:00+00:00,2025-01-31 16:29:00+00:00,21774.25,21965.75,21764.0,21917.5,470522,120,350.075,primary_2023_2025,153.25,209.625,0.731067382230173,neutral,0_7_to_0_9,201.75,0.5763050774833964,0.7100371747211895,0.7100371747211895,True,False,True,152.0,False,2025,2025-01,2025-W05
MNQ,2025-02-03,2025-02-02 23:00:00+00:00,2025-02-03 14:29:00+00:00,21280.25,21280.25,20940.25,21215.25,767705,930,2025-02-03 14:30:00+00:00,2025-02-03 16:29:00+00:00,21215.5,21470.0,21113.25,21404.5,842925,120,366.875,primary_2023_2025,340.0,204.625,1.6615760537568722,expansion,gt_1_3,356.75,0.9724020442930154,0.5297827610371408,0.5297827610371408,True,False,True,189.75,False,2025,2025-02,2025-W06
MNQ,2025-02-04,2025-02-03 23:00:00+00:00,2025-02-04 14:29:00+00:00,21592.25,21600.0,21240.75,21421.5,482951,930,2025-02-04 14:30:00+00:00,2025-02-04 16:29:00+00:00,21421.75,21686.0,21405.0,21683.5,445045,120,372.05,primary_2023_2025,359.25,209.625,1.7137745974955276,expansion,gt_1_3,281.0,0.7552748286520629,0.9314946619217082,0.9314946619217082,True,False,True,86.0,False,2025,2025-02,2025-W06
MNQ,2025-02-05,2025-02-04 23:00:00+00:00,2025-02-05 14:29:00+00:00,21566.0,21624.5,21429.0,21550.25,353612,930,2025-02-05 14:30:00+00:00,2025-02-05 16:29:00+00:00,21550.5,21632.5,21501.0,21622.0,501238,120,385.7625,primary_2023_2025,195.5,209.625,0.9326177698270721,neutral,0_9_to_1_1,131.5,0.340883315511487,0.5437262357414449,0.5437262357414449,True,False,False,8.0,True,2025,2025-02,2025-W06
MNQ,2025-02-06,2025-02-05 23:00:00+00:00,2025-02-06 14:29:00+00:00,21768.0,21833.0,21706.0,21777.5,289887,930,2025-02-06 14:30:00+00:00,2025-02-06 16:29:00+00:00,21776.75,21849.5,21738.0,21800.75,470214,120,384.875,primary_2023_2025,127.0,209.625,0.6058437686344663,compression,0_5_to_0_7,111.5,0.2897044494965898,0.21524663677130046,0.21524663677130046,True,False,False,16.5,True,2025,2025-02,2025-W06
MNQ,2025-02-07,2025-02-06 23:00:00+00:00,2025-02-07 14:29:00+00:00,21819.75,21923.5,21790.0,21885.75,283999,930,2025-02-07 14:30:00+00:00,2025-02-07 16:29:00+00:00,21885.5,21967.75,21615.5,21656.0,691786,120,376.0125,primary_2023_2025,133.5,204.625,0.6524129505192425,compression,0_5_to_0_7,352.25,0.9368039626342209,0.6515259048970902,-0.6515259048970902,True,True,True,174.5,False,2025,2025-02,2025-W06
MNQ,2025-02-10,2025-02-09 23:00:00+00:00,2025-02-10 14:29:00+00:00,21464.75,21791.5,21415.0,21764.5,295502,930,2025-02-10 14:30:00+00:00,2025-02-10 16:29:00+00:00,21764.5,21893.75,21742.25,21855.5,374533,120,364.175,primary_2023_2025,376.5,201.875,1.865015479876161,expansion,gt_1_3,151.5,0.4160087869842795,0.6006600660066007,0.6006600660066007,True,False,True,102.25,False,2025,2025-02,2025-W07
MNQ,2025-02-11,2025-02-10 23:00:00+00:00,2025-02-11 14:29:00+00:00,21832.0,21832.0,21669.5,21705.75,299225,930,2025-02-11 14:30:00+00:00,2025-02-11 16:29:00+00:00,21706.25,21871.25,21700.25,21823.0,373594,120,353.2875,primary_2023_2025,162.5,201.875,0.804953560371517,neutral,0_7_to_0_9,171.0,0.48402505041927607,0.6827485380116959,0.6827485380116959,True,False,False,39.25,True,2025,2025-02,2025-W07
MNQ,2025-02-12,2025-02-11 23:00:00+00:00,2025-02-12 14:29:00+00:00,21802.0,21848.5,21510.0,21551.0,404129,930,2025-02-12 14:30:00+00:00,2025-02-12 16:29:00+00:00,21550.5,21774.0,21535.75,21664.75,552201,120,358.8,primary_2023_2025,338.5,201.625,1.6788592684438934,expansion,gt_1_3,238.25,0.6640189520624303,0.4795383001049318,0.4795383001049318,False,False,False,0.0,False,2025,2025-02,2025-W07
MNQ,2025-02-13,2025-02-12 23:00:00+00:00,2025-02-13 14:29:00+00:00,21865.0,21927.0,21752.75,21869.5,381809,930,2025-02-13 14:30:00+00:00,2025-02-13 16:29:00+00:00,21869.25,22058.0,21835.0,22002.5,516120,120,359.1625,primary_2023_2025,174.25,201.625,0.8642281463112214,neutral,0_7_to_0_9,223.0,0.6208888734208053,0.5975336322869955,0.5975336322869955,True,False,True,131.0,False,2025,2025-02,2025-W07
MNQ,2025-02-14,2025-02-13 23:00:00+00:00,2025-02-14 14:29:00+00:00,22072.5,22162.0,22042.5,22108.25,274943,930,2025-02-14 14:30:00+00:00,2025-02-14 16:29:00+00:00,22108.5,22171.75,22088.0,22139.75,429553,120,361.4125,primary_2023_2025,119.5,197.375,0.6054464851171628,compression,0_5_to_0_7,83.75,0.2317296717739425,0.373134328358209,0.373134328358209,True,False,False,9.75,True,2025,2025-02,2025-W07
MNQ,2025-02-17,2025-02-16 23:00:00+00:00,2025-02-17 14:29:00+00:00,22238.0,22281.75,22196.0,22241.0,182398,930,2025-02-17 14:30:00+00:00,2025-02-17 16:29:00+00:00,22241.0,22250.0,22192.0,22247.25,94201,120,351.65,primary_2023_2025,85.75,184.875,0.4638269100743746,compression,lt_0_5,58.0,0.16493672685909286,0.10775862068965517,0.10775862068965517,False,True,False,4.0,True,2025,2025-02,2025-W08
MNQ,2025-02-18,2025-02-17 23:00:00+00:00,2025-02-18 14:29:00+00:00,22229.5,22320.0,22198.5,22257.75,242951,930,2025-02-18 14:30:00+00:00,2025-02-18 16:29:00+00:00,22257.75,22268.0,22125.0,22204.5,473371,120,344.4,primary_2023_2025,121.5,170.25,0.7136563876651982,neutral,0_7_to_0_9,143.0,0.41521486643437866,0.3723776223776224,-0.3723776223776224,False,True,False,73.5,True,2025,2025-02,2025-W08
MNQ,2025-02-19,2025-02-18 23:00:00+00:00,2025-02-19 14:29:00+00:00,22227.0,22291.5,22179.0,22207.0,263038,930,2025-02-19 14:30:00+00:00,2025-02-19 16:29:00+00:00,22207.5,22223.75,22118.0,22217.75,425830,120,340.1875,primary_2023_2025,112.5,165.875,0.6782215523737755,compression,0_5_to_0_7,105.75,0.31085798273011206,0.09692671394799054,0.09692671394799054,False,True,False,61.0,True,2025,2025-02,2025-W08
MNQ,2025-02-20,2025-02-19 23:00:00+00:00,2025-02-20 14:29:00+00:00,22215.0,22235.0,22140.5,22210.25,244553,930,2025-02-20 14:30:00+00:00,2025-02-20 16:29:00+00:00,22210.0,22227.0,21950.75,22059.25,610076,120,312.125,primary_2023_2025,94.5,164.375,0.5749049429657794,compression,0_5_to_0_7,276.25,0.8850620744893872,0.5457013574660633,-0.5457013574660633,False,True,True,189.75,False,2025,2025-02,2025-W08
MNQ,2025-02-21,2025-02-20 23:00:00+00:00,2025-02-21 14:29:00+00:00,22134.75,22245.75,22104.25,22185.75,247163,930,2025-02-21 14:30:00+00:00,2025-02-21 16:29:00+00:00,22186.5,22188.0,21940.5,21992.75,590927,120,302.675,primary_2023_2025,141.5,164.375,0.8608365019011407,neutral,0_7_to_0_9,247.5,0.8177087635252333,0.7828282828282829,-0.7828282828282829,False,True,True,163.75,False,2025,2025-02,2025-W08
MNQ,2025-02-24,2025-02-23 23:00:00+00:00,2025-02-24 14:29:00+00:00,21700.75,21813.0,21677.75,21752.75,360703,930,2025-02-24 14:30:00+00:00,2025-02-24 16:29:00+00:00,21753.0,21801.75,21436.75,21593.25,710135,120,303.4375,primary_2023_2025,135.25,164.375,0.8228136882129278,neutral,0_7_to_0_9,365.0,1.2028836251287334,0.43767123287671234,-0.43767123287671234,False,True,True,241.0,False,2025,2025-02,2025-W09
MNQ,2025-02-25,2025-02-24 23:00:00+00:00,2025-02-25 14:29:00+00:00,21440.25,21453.25,21285.5,21391.25,499594,930,2025-02-25 14:30:00+00:00,2025-02-25 16:29:00+00:00,21391.25,21397.5,21028.0,21038.5,862993,120,304.05,primary_2023_2025,167.75,157.875,1.0625494853523356,neutral,0_9_to_1_1,369.5,1.21526064791975,0.9546684709066305,-0.9546684709066305,False,True,True,257.5,False,2025,2025-02,2025-W09
MNQ,2025-02-26,2025-02-25 23:00:00+00:00,2025-02-26 14:29:00+00:00,21225.0,21332.5,21198.5,21238.5,320683,930,2025-02-26 14:30:00+00:00,2025-02-26 16:29:00+00:00,21238.5,21404.0,21188.5,21365.0,629591,120,310.1125,primary_2023_2025,134.0,157.875,0.8487727632620744,neutral,0_7_to_0_9,215.5,0.6949091055665283,0.5870069605568445,0.5870069605568445,True,True,True,71.5,False,2025,2025-02,2025-W09
MNQ,2025-02-27,2025-02-26 23:00:00+00:00,2025-02-27 14:29:00+00:00,21250.75,21386.5,21107.75,21340.5,506921,930,2025-02-27 14:30:00+00:00,2025-02-27 16:29:00+00:00,21340.5,21381.0,20896.5,21065.0,957012,120,297.3,primary_2023_2025,278.75,147.375,1.8914334181509753,expansion,gt_1_3,484.5,1.629667003027245,0.5686274509803921,-0.5686274509803921,False,True,True,211.25,False,2025,2025-02,2025-W09
MNQ,2025-02-28,2025-02-27 23:00:00+00:00,2025-02-28 14:29:00+00:00,20649.5,20687.75,20516.5,20590.5,569629,930,2025-02-28 14:30:00+00:00,2025-02-28 16:29:00+00:00,20590.75,20777.75,20460.25,20638.5,775870,120,318.1,primary_2023_2025,171.25,147.375,1.1620016963528415,neutral,1_1_to_1_3,317.5,0.9981138006916064,0.15039370078740158,0.15039370078740158,True,True,False,90.0,True,2025,2025-02,2025-W09
MNQ,2025-03-03,2025-03-02 23:00:00+00:00,2025-03-03 14:29:00+00:00,21000.0,21101.0,20836.5,21056.5,530307,930,2025-03-03 14:30:00+00:00,2025-03-03 16:29:00+00:00,21055.75,21120.75,20759.75,20886.5,821468,120,323.7375,primary_2023_2025,264.5,152.0,1.7401315789473684,expansion,gt_1_3,361.0,1.115100969149388,0.46883656509695293,-0.46883656509695293,True,True,False,76.75,True,2025,2025-03,2025-W10
MNQ,2025-03-04,2025-03-03 23:00:00+00:00,2025-03-04 14:29:00+00:00,20525.0,20591.75,20261.5,20343.0,723527,930,2025-03-04 14:30:00+00:00,2025-03-04 16:29:00+00:00,20342.5,20430.0,20075.75,20142.5,884904,120,343.1625,primary_2023_2025,330.25,152.0,2.1726973684210527,expansion,gt_1_3,354.25,1.0323097657815175,0.5645730416372619,-0.5645730416372619,False,True,True,185.75,False,2025,2025-03,2025-W10
MNQ,2025-03-05,2025-03-04 23:00:00+00:00,2025-03-05 14:29:00+00:00,20553.25,20631.25,20379.25,20420.75,615360,930,2025-03-05 14:30:00+00:00,2025-03-05 16:29:00+00:00,20421.25,20496.75,20252.0,20300.5,790492,120,361.65,primary_2023_2025,252.0,152.0,1.6578947368421053,expansion,gt_1_3,244.75,0.6767592976634869,0.4933605720122574,-0.4933605720122574,False,True,True,127.25,False,2025,2025-03,2025-W10
MNQ,2025-03-06,2025-03-05 23:00:00+00:00,2025-03-06 14:29:00+00:00,20608.0,20648.5,20299.25,20311.0,542137,930,2025-03-06 14:30:00+00:00,2025-03-06 16:29:00+00:00,20311.0,20513.25,20228.25,20407.5,778366,120,376.6375,primary_2023_2025,349.25,152.0,2.2976973684210527,expansion,gt_1_3,285.0,0.7566957618399655,0.3385964912280702,0.3385964912280702,False,True,False,71.0,True,2025,2025-03,2025-W10
MNQ,2025-03-07,2025-03-06 23:00:00+00:00,2025-03-07 14:29:00+00:00,20212.0,20270.75,20027.0,20037.5,533309,930,2025-03-07 14:30:00+00:00,2025-03-07 16:29:00+00:00,20037.25,20242.25,19857.5,19872.0,875929,120,398.8375,primary_2023_2025,243.75,165.125,1.4761544284632855,expansion,gt_1_3,384.75,0.9646785971730342,0.4294996751137102,-0.4294996751137102,False,True,True,169.5,False,2025,2025-03,2025-W10
MNQ,2025-03-10,2025-03-09 22:00:00+00:00,2025-03-10 13:29:00+00:00,20149.5,20156.0,19860.5,19881.5,626963,930,2025-03-10 13:30:00+00:00,2025-03-10 15:29:00+00:00,19881.75,19902.0,19520.0,19632.75,835126,120,395.35,primary_2023_2025,295.5,169.5,1.7433628318584071,expansion,gt_1_3,382.0,0.9662324522574933,0.6518324607329843,-0.6518324607329843,False,True,True,340.5,False,2025,2025-03,2025-W11
MNQ,2025-03-11,2025-03-10 22:00:00+00:00,2025-03-11 13:29:00+00:00,19439.0,19583.75,19140.0,19420.0,764133,930,2025-03-11 13:30:00+00:00,2025-03-11 15:29:00+00:00,19420.0,19613.5,19265.25,19430.5,1040645,120,436.9125,primary_2023_2025,443.75,169.5,2.617994100294985,expansion,gt_1_3,348.25,0.7970703516150258,0.03015075376884422,0.03015075376884422,True,False,False,29.75,True,2025,2025-03,2025-W11
MNQ,2025-03-12,2025-03-11 22:00:00+00:00,2025-03-12 13:29:00+00:00,19412.0,19788.75,19387.0,19696.25,505760,930,2025-03-12 13:30:00+00:00,2025-03-12 15:29:00+00:00,19696.5,19776.75,19395.0,19524.0,868849,120,457.1625,primary_2023_2025,401.75,172.75,2.3256150506512303,expansion,gt_1_3,381.75,0.8350422442785661,0.4518664047151277,-0.4518664047151277,False,False,False,0.0,False,2025,2025-03,2025-W11
MNQ,2025-03-13,2025-03-12 22:00:00+00:00,2025-03-13 13:29:00+00:00,19575.0,19693.75,19400.5,19573.75,605168,930,2025-03-13 13:30:00+00:00,2025-03-13 15:29:00+00:00,19573.75,19577.0,19324.0,19355.0,891606,120,472.7625,primary_2023_2025,293.25,172.75,1.6975397973950797,expansion,gt_1_3,253.0,0.5351524285449882,0.8646245059288538,-0.8646245059288538,False,True,True,76.5,False,2025,2025-03,2025-W11
MNQ,2025-03-14,2025-03-13 22:00:00+00:00,2025-03-14 13:29:00+00:00,19310.0,19533.75,19298.25,19465.0,450000,930,2025-03-14 13:30:00+00:00,2025-03-14 15:29:00+00:00,19465.0,19665.0,19426.25,19644.75,794447,120,485.275,primary_2023_2025,235.5,207.5,1.1349397590361445,neutral,1_1_to_1_3,238.75,0.4919890783576323,0.7528795811518325,0.7528795811518325,True,False,True,131.25,False,2025,2025-03,2025-W11
MNQ,2025-03-17,2025-03-16 22:00:00+00:00,2025-03-17 13:29:00+00:00,19669.5,19778.5,19551.0,19703.25,275923,930,2025-03-17 13:30:00+00:00,2025-03-17 15:29:00+00:00,19702.75,19848.0,19654.5,19681.0,369282,120,487.8375,primary_2023_2025,227.5,239.625,0.9494001043296818,neutral,0_9_to_1_1,193.5,0.39664847413329235,0.1124031007751938,-0.1124031007751938,True,False,False,69.5,True,2025,2025-03,2025-W12
MNQ,2025-03-18,2025-03-17 22:00:00+00:00,2025-03-18 13:29:00+00:00,19830.5,20038.25,19816.5,19898.5,271427,930,2025-03-18 13:30:00+00:00,2025-03-18 15:29:00+00:00,19898.25,19900.75,19604.25,19670.5,500043,120,482.2625,primary_2023_2025,221.75,239.625,0.9254042775169535,neutral,0_9_to_1_1,296.5,0.6148103989010135,0.7681281618887015,-0.7681281618887015,False,True,True,212.25,False,2025,2025-03,2025-W12
MNQ,2025-03-19,2025-03-18 22:00:00+00:00,2025-03-19 13:29:00+00:00,19701.75,19797.25,19658.75,19788.5,289341,930,2025-03-19 13:30:00+00:00,2025-03-19 15:29:00+00:00,19788.25,19900.0,19706.5,19874.75,475021,120,498.0125,primary_2023_2025,138.5,239.625,0.5779864371413668,compression,0_5_to_0_7,193.5,0.38854446424537536,0.4470284237726098,0.4470284237726098,True,False,True,102.75,False,2025,2025-03,2025-W12
MNQ,2025-03-20,2025-03-19 22:00:00+00:00,2025-03-20 13:29:00+00:00,19954.0,20093.25,19734.5,19786.0,398252,930,2025-03-20 13:30:00+00:00,2025-03-20 15:29:00+00:00,19786.5,20105.0,19756.75,20031.25,565686,120,499.8625,primary_2023_2025,358.75,239.625,1.497130933750652,expansion,gt_1_3,348.25,0.6966915901873015,0.7027997128499641,0.7027997128499641,True,False,False,11.75,True,2025,2025-03,2025-W12
MNQ,2025-03-21,2025-03-20 22:00:00+00:00,2025-03-21 13:29:00+00:00,19898.5,19933.0,19602.5,19658.0,431052,930,2025-03-21 13:30:00+00:00,2025-03-21 15:29:00+00:00,19657.75,19811.75,19607.0,19716.25,614090,120,495.325,primary_2023_2025,330.5,247.875,1.3333333333333333,expansion,gt_1_3,204.75,0.4133649623984253,0.2857142857142857,0.2857142857142857,False,False,False,0.0,False,2025,2025-03,2025-W12
MNQ,2025-03-24,2025-03-23 22:00:00+00:00,2025-03-24 13:29:00+00:00,20052.25,20287.0,20048.0,20256.5,334053,930,2025-03-24 13:30:00+00:00,2025-03-24 15:29:00+00:00,20256.25,20371.0,20228.75,20355.5,459763,120,457.8875,primary_2023_2025,239.0,258.25,0.925459825750242,neutral,0_9_to_1_1,142.25,0.31066582948868443,0.6977152899824253,0.6977152899824253,True,False,True,84.0,False,2025,2025-03,2025-W13
MNQ,2025-03-25,2025-03-24 22:00:00+00:00,2025-03-25 13:29:00+00:00,20358.25,20447.25,20292.0,20401.0,281272,930,2025-03-25 13:30:00+00:00,2025-03-25 15:29:00+00:00,20401.5,20496.5,20362.5,20475.5,459039,120,449.3375,primary_2023_2025,155.25,258.25,0.601161665053243,compression,0_5_to_0_7,134.0,0.29821681920605336,0.5522388059701493,0.5522388059701493,True,False,True,49.25,False,2025,2025-03,2025-W13
MNQ,2025-03-26,2025-03-25 22:00:00+00:00,2025-03-26 13:29:00+00:00,20513.0,20536.75,20428.0,20439.75,250932,930,2025-03-26 13:30:00+00:00,2025-03-26 15:29:00+00:00,20439.25,20475.0,20226.0,20272.75,581815,120,451.6,primary_2023_2025,108.75,258.25,0.42110358180058083,compression,lt_0_5,249.0,0.5513728963684676,0.6686746987951807,-0.6686746987951807,False,True,True,202.0,False,2025,2025-03,2025-W13
MNQ,2025-03-27,2025-03-26 22:00:00+00:00,2025-03-27 13:29:00+00:00,20057.5,20148.0,20003.0,20029.0,422936,930,2025-03-27 13:30:00+00:00,2025-03-27 15:29:00+00:00,20028.75,20199.0,19937.75,20134.0,646006,120,436.225,primary_2023_2025,145.0,258.25,0.5614714424007744,compression,0_5_to_0_7,261.25,0.5988881884348672,0.4028708133971292,0.4028708133971292,True,True,False,65.25,True,2025,2025-03,2025-W13
MNQ,2025-03-28,2025-03-27 22:00:00+00:00,2025-03-28 13:29:00+00:00,19998.25,20011.25,19845.75,19911.25,417398,930,2025-03-28 13:30:00+00:00,2025-03-28 15:29:00+00:00,19911.0,19941.25,19554.75,19600.75,753537,120,416.8125,primary_2023_2025,165.5,247.875,0.6676752395360565,compression,0_5_to_0_7,386.5,0.9272754535912431,0.8027166882276844,-0.8027166882276844,False,True,True,291.0,False,2025,2025-03,2025-W13
MNQ,2025-03-31,2025-03-30 22:00:00+00:00,2025-03-31 13:29:00+00:00,19317.75,19365.0,19118.25,19167.5,514145,930,2025-03-31 13:30:00+00:00,2025-03-31 15:29:00+00:00,19166.75,19233.0,18976.75,19186.75,713191,120,401.65,primary_2023_2025,246.75,247.875,0.9954614220877458,neutral,0_9_to_1_1,256.25,0.6379932777293664,0.07804878048780488,0.07804878048780488,False,True,False,141.5,True,2025,2025-03,2025-W14
MNQ,2025-04-01,2025-03-31 22:00:00+00:00,2025-04-01 13:29:00+00:00,19413.0,19511.5,19283.75,19380.5,478401,930,2025-04-01 13:30:00+00:00,2025-04-01 15:29:00+00:00,19380.5,19604.0,19261.25,19565.0,804293,120,401.25,primary_2023_2025,227.75,245.25,0.928644240570846,neutral,0_9_to_1_1,342.75,0.8542056074766355,0.5382932166301969,0.5382932166301969,True,True,True,92.5,False,2025,2025-04,2025-W14
MNQ,2025-04-02,2025-04-01 22:00:00+00:00,2025-04-02 13:29:00+00:00,19597.75,19693.25,19317.0,19328.0,425044,930,2025-04-02 13:30:00+00:00,2025-04-02 15:29:00+00:00,19328.0,19714.0,19317.0,19695.5,753089,120,411.7,primary_2023_2025,376.25,241.375,1.5587778353184878,expansion,gt_1_3,397.0,0.96429438911829,0.9256926952141058,0.9256926952141058,True,False,True,20.75,False,2025,2025-04,2025-W14
MNQ,2025-04-03,2025-04-02 22:02:00+00:00,2025-04-03 13:29:00+00:00,19023.5,19176.75,18817.5,18923.75,879331,928,2025-04-03 13:30:00+00:00,2025-04-03 15:29:00+00:00,18923.75,19074.0,18720.25,18821.0,704931,120,422.45,primary_2023_2025,359.25,241.375,1.4883480062143968,expansion,gt_1_3,353.75,0.837377204402888,0.2904593639575972,-0.2904593639575972,False,True,False,97.25,True,2025,2025-04,2025-W14
MNQ,2025-04-04,2025-04-03 22:00:00+00:00,2025-04-04 13:29:00+00:00,18656.5,18713.25,17819.5,18152.5,1188939,930,2025-04-04 13:30:00+00:00,2025-04-04 15:29:00+00:00,18153.0,18248.75,17655.25,17940.25,855701,120,430.8625,primary_2023_2025,893.75,241.375,3.7027446918694977,expansion,gt_1_3,593.5,1.3774696103745394,0.35846672283066555,-0.35846672283066555,False,True,False,164.25,True,2025,2025-04,2025-W14
MNQ,2025-04-07,2025-04-06 22:00:00+00:00,2025-04-07 13:29:00+00:00,17126.25,17278.25,16452.5,16929.0,1341165,930,2025-04-07 13:30:00+00:00,2025-04-07 15:29:00+00:00,16928.0,18360.25,16673.5,17196.0,1126397,120,485.525,primary_2023_2025,825.75,242.875,3.3998970663921773,expansion,gt_1_3,1686.75,3.4740744554863294,0.15888543056173113,0.15888543056173113,True,False,False,1082.0,True,2025,2025-04,2025-W15
MNQ,2025-04-08,2025-04-07 22:00:00+00:00,2025-04-08 13:29:00+00:00,17650.25,18170.5,17644.0,18148.75,746496,930,2025-04-08 13:30:00+00:00,2025-04-08 15:29:00+00:00,18149.0,18357.25,17979.25,17984.0,791582,120,560.8875,primary_2023_2025,526.5,242.875,2.1677817807514153,expansion,gt_1_3,378.0,0.6739319382229056,0.4365079365079365,-0.4365079365079365,True,False,False,186.75,True,2025,2025-04,2025-W15
MNQ,2025-04-09,2025-04-08 22:00:00+00:00,2025-04-09 13:29:00+00:00,17226.0,17426.0,16735.0,17206.75,1168063,930,2025-04-09 13:30:00+00:00,2025-04-09 15:29:00+00:00,17207.75,17597.25,17196.25,17399.0,613669,120,629.9875,primary_2023_2025,691.0,242.875,2.845084920226454,expansion,gt_1_3,401.0,0.6365205658842438,0.4769326683291771,0.4769326683291771,True,False,False,171.25,True,2025,2025-04,2025-W15
MNQ,2025-04-10,2025-04-09 22:00:00+00:00,2025-04-10 13:29:00+00:00,19266.0,19384.5,18706.0,18791.25,752473,930,2025-04-10 13:30:00+00:00,2025-04-10 15:29:00+00:00,18791.0,18871.75,18466.75,18467.75,676689,120,738.5375,primary_2023_2025,678.5,242.875,2.7936181163149767,expansion,gt_1_3,405.0,0.5483810910075656,0.7981481481481482,-0.7981481481481482,False,True,True,239.25,False,2025,2025-04,2025-W15
MNQ,2025-04-11,2025-04-10 22:00:00+00:00,2025-04-11 13:29:00+00:00,18470.0,18793.25,18071.75,18414.5,892123,930,2025-04-11 13:30:00+00:00,2025-04-11 15:29:00+00:00,18415.0,18648.0,18270.0,18414.25,687159,120,780.225,primary_2023_2025,721.5,242.875,2.9706639217704582,expansion,gt_1_3,378.0,0.48447563202922234,0.001984126984126984,-0.001984126984126984,False,False,False,0.0,False,2025,2025-04,2025-W15
MNQ,2025-04-14,2025-04-13 22:00:00+00:00,2025-04-14 13:29:00+00:00,19163.75,19255.75,18924.75,19232.5,534356,930,2025-04-14 13:30:00+00:00,2025-04-14 15:29:00+00:00,19232.75,19255.25,18942.0,18946.5,671654,120,784.1,primary_2023_2025,331.0,288.625,1.1468168038111737,neutral,1_1_to_1_3,313.25,0.399502614462441,0.9138068635275339,-0.9138068635275339,False,False,False,0.0,False,2025,2025-04,2025-W16
MNQ,2025-04-15,2025-04-14 22:00:00+00:00,2025-04-15 13:29:00+00:00,18903.75,19040.5,18809.75,18987.0,442189,930,2025-04-15 13:30:00+00:00,2025-04-15 15:29:00+00:00,18987.0,19144.75,18925.75,19012.25,641543,120,791.2,primary_2023_2025,230.75,330.75,0.6976568405139834,compression,0_5_to_0_7,219.0,0.2767947421638018,0.11529680365296803,0.11529680365296803,True,False,False,104.25,True,2025,2025-04,2025-W16
MNQ,2025-04-16,2025-04-15 22:00:00+00:00,2025-04-16 13:29:00+00:00,18810.0,18861.0,18504.5,18584.75,583939,930,2025-04-16 13:30:00+00:00,2025-04-16 15:29:00+00:00,18584.75,18735.25,18509.75,18709.25,565047,120,812.05,primary_2023_2025,356.5,330.75,1.0778533635676493,neutral,0_9_to_1_1,225.5,0.2776922603287975,0.5521064301552107,0.5521064301552107,False,False,False,0.0,False,2025,2025-04,2025-W16
MNQ,2025-04-17,2025-04-16 22:00:00+00:00,2025-04-17 13:29:00+00:00,18381.0,18652.0,18346.0,18498.5,522025,930,2025-04-17 13:30:00+00:00,2025-04-17 15:29:00+00:00,18498.5,18509.5,18261.25,18338.5,664696,120,833.6375,primary_2023_2025,306.0,343.75,0.8901818181818182,neutral,0_7_to_0_9,248.25,0.29779130617324673,0.6445115810674723,-0.6445115810674723,False,True,True,84.75,False,2025,2025-04,2025-W16
MNQ,2025-04-21,2025-04-20 22:00:00+00:00,2025-04-21 13:29:00+00:00,18307.5,18384.75,18074.25,18129.25,408124,930,2025-04-21 13:30:00+00:00,2025-04-21 15:29:00+00:00,18128.75,18165.75,17857.0,17867.25,507381,120,825.9,primary_2023_2025,310.5,330.75,0.9387755102040817,neutral,0_9_to_1_1,308.75,0.37383460467368934,0.8469635627530364,-0.8469635627530364,False,True,True,217.25,False,2025,2025-04,2025-W17
MNQ,2025-04-22,2025-04-21 22:00:00+00:00,2025-04-22 13:29:00+00:00,17912.0,18170.75,17863.75,18152.25,388439,930,2025-04-22 13:30:00+00:00,2025-04-22 15:29:00+00:00,18152.25,18386.0,18100.25,18352.0,521721,120,840.2625,primary_2023_2025,307.0,320.75,0.9571317225253313,neutral,0_9_to_1_1,285.75,0.3400722988351854,0.6990376202974629,0.6990376202974629,True,False,True,215.25,False,2025,2025-04,2025-W17
MNQ,2025-04-23,2025-04-22 22:00:00+00:00,2025-04-23 13:29:00+00:00,18618.25,18972.25,18618.25,18948.5,501024,930,2025-04-23 13:30:00+00:00,2025-04-23 15:29:00+00:00,18949.0,19165.75,18881.0,18915.75,659758,120,849.3875,primary_2023_2025,354.0,320.75,1.1036632891660172,neutral,1_1_to_1_3,284.75,0.3352415711321393,0.11676909569798069,-0.11676909569798069,True,False,False,193.5,True,2025,2025-04,2025-W17
MNQ,2025-04-24,2025-04-23 22:00:00+00:00,2025-04-24 13:29:00+00:00,18832.0,18877.75,18595.0,18875.25,501185,930,2025-04-24 13:30:00+00:00,2025-04-24 15:29:00+00:00,18875.5,19209.0,18846.5,19149.0,612687,120,863.375,primary_2023_2025,282.75,342.5,0.8255474452554744,neutral,0_7_to_0_9,362.5,0.4198639061821341,0.7544827586206897,0.7544827586206897,True,False,True,331.25,False,2025,2025-04,2025-W17
MNQ,2025-04-25,2025-04-24 22:00:00+00:00,2025-04-25 13:29:00+00:00,19396.75,19497.25,19215.25,19302.25,510928,930,2025-04-25 13:30:00+00:00,2025-04-25 15:29:00+00:00,19302.25,19405.75,19234.5,19348.25,654846,120,881.3375,primary_2023_2025,282.0,342.5,0.8233576642335766,neutral,0_7_to_0_9,171.25,0.19430694824627343,0.2686131386861314,0.2686131386861314,False,False,False,0.0,False,2025,2025-04,2025-W17
MNQ,2025-04-28,2025-04-27 22:00:00+00:00,2025-04-28 13:29:00+00:00,19524.5,19569.5,19392.0,19547.75,355428,930,2025-04-28 13:30:00+00:00,2025-04-28 15:29:00+00:00,19548.25,19622.75,19312.0,19320.25,607593,120,823.825,primary_2023_2025,177.5,342.5,0.5182481751824818,compression,0_5_to_0_7,310.75,0.37720389645859254,0.7337087691069992,-0.7337087691069992,True,True,True,80.0,False,2025,2025-04,2025-W18
MNQ,2025-04-29,2025-04-28 22:00:00+00:00,2025-04-29 13:29:00+00:00,19479.75,19631.5,19379.25,19426.5,398144,930,2025-04-29 13:30:00+00:00,2025-04-29 15:29:00+00:00,19427.25,19615.25,19404.0,19554.0,534256,120,809.775,primary_2023_2025,252.25,342.5,0.7364963503649635,neutral,0_7_to_0_9,211.25,0.26087493439535675,0.6,0.6,False,False,False,0.0,False,2025,2025-04,2025-W18
MNQ,2025-04-30,2025-04-29 22:00:00+00:00,2025-04-30 13:29:00+00:00,19595.0,19623.25,19231.5,19301.5,443231,930,2025-04-30 13:30:00+00:00,2025-04-30 15:29:00+00:00,19301.25,19438.5,19102.25,19413.25,661027,120,761.0125,primary_2023_2025,391.75,342.5,1.1437956204379562,neutral,1_1_to_1_3,336.25,0.44184556758266125,0.33308550185873603,0.33308550185873603,False,True,False,129.25,True,2025,2025-04,2025-W18
MNQ,2025-05-01,2025-04-30 22:00:00+00:00,2025-05-01 13:29:00+00:00,19835.0,20035.75,19812.0,19971.25,419995,930,2025-05-01 13:30:00+00:00,2025-05-01 15:29:00+00:00,19971.5,20125.25,19858.0,20077.5,567221,120,770.4375,primary_2023_2025,223.75,355.25,0.629838142153413,compression,0_5_to_0_7,267.25,0.34688083069684433,0.39663236669784846,0.39663236669784846,True,False,True,89.5,False,2025,2025-05,2025-W18
MNQ,2025-05-02,2025-05-01 22:00:00+00:00,2025-05-02 13:29:00+00:00,19781.75,20141.5,19748.25,20091.5,486993,930,2025-05-02 13:30:00+00:00,2025-05-02 15:29:00+00:00,20091.25,20194.25,20019.5,20141.5,513729,120,695.2875,primary_2023_2025,393.25,342.5,1.1481751824817519,neutral,1_1_to_1_3,174.75,0.25133487945634,0.2875536480686695,0.2875536480686695,True,False,False,52.75,True,2025,2025-05,2025-W18
MNQ,2025-05-05,2025-05-04 22:00:00+00:00,2025-05-05 13:29:00+00:00,20182.0,20200.0,19966.25,20009.75,381469,930,2025-05-05 13:30:00+00:00,2025-05-05 15:29:00+00:00,20010.25,20124.25,19985.25,20097.5,479471,120,517.8125,primary_2023_2025,233.75,342.5,0.6824817518248175,compression,0_5_to_0_7,139.0,0.2684369342184671,0.6276978417266187,0.6276978417266187,False,False,False,0.0,False,2025,2025-05,2025-W19
MNQ,2025-05-06,2025-05-05 22:00:00+00:00,2025-05-06 13:29:00+00:00,20009.75,20037.5,19783.75,19795.5,389041,930,2025-05-06 13:30:00+00:00,2025-05-06 15:29:00+00:00,19795.75,19945.0,19738.25,19941.5,515407,120,467.3875,primary_2023_2025,253.75,320.75,0.7911145752143414,neutral,0_7_to_0_9,206.75,0.4423524377524003,0.7049576783555018,0.7049576783555018,False,True,False,45.5,True,2025,2025-05,2025-W19
MNQ,2025-05-07,2025-05-06 22:00:00+00:00,2025-05-07 13:29:00+00:00,19812.5,20136.25,19801.25,19899.5,440493,930,2025-05-07 13:30:00+00:00,2025-05-07 15:29:00+00:00,19899.75,19977.75,19788.5,19813.0,487356,120,457.125,primary_2023_2025,335.0,308.75,1.0850202429149798,neutral,0_9_to_1_1,189.25,0.4140005468963631,0.4583883751651255,-0.4583883751651255,False,True,False,12.75,True,2025,2025-05,2025-W19
MNQ,2025-05-08,2025-05-07 22:00:00+00:00,2025-05-08 13:29:00+00:00,19935.5,20262.25,19910.25,20163.25,451798,930,2025-05-08 13:30:00+00:00,2025-05-08 15:29:00+00:00,20162.5,20205.75,19978.0,20172.5,587009,120,465.3,primary_2023_2025,352.0,308.75,1.140080971659919,neutral,1_1_to_1_3,227.75,0.4894691596819256,0.043907793633369926,0.043907793633369926,False,False,False,0.0,False,2025,2025-05,2025-W19
MNQ,2025-05-09,2025-05-08 22:00:00+00:00,2025-05-09 13:29:00+00:00,20164.0,20290.0,20080.5,20226.75,362878,930,2025-05-09 13:30:00+00:00,2025-05-09 15:29:00+00:00,20227.0,20279.75,20057.5,20133.25,513622,120,457.4125,primary_2023_2025,209.5,308.75,0.6785425101214575,compression,0_5_to_0_7,222.25,0.4858852786051977,0.421822272215973,-0.421822272215973,False,True,False,23.0,True,2025,2025-05,2025-W19
MNQ,2025-05-12,2025-05-11 22:00:00+00:00,2025-05-12 13:29:00+00:00,20373.75,20991.5,20373.75,20919.0,622628,930,2025-05-12 13:30:00+00:00,2025-05-12 15:29:00+00:00,20918.75,20922.25,20690.0,20784.75,563960,120,415.1125,primary_2023_2025,617.75,306.5,2.0154975530179446,expansion,gt_1_3,232.25,0.5594868860850974,0.5769644779332616,-0.5769644779332616,False,False,False,0.0,False,2025,2025-05,2025-W20
MNQ,2025-05-13,2025-05-12 22:00:00+00:00,2025-05-13 13:29:00+00:00,20957.5,21064.0,20818.25,21003.75,346901,930,2025-05-13 13:30:00+00:00,2025-05-13 15:29:00+00:00,21004.25,21293.0,20973.25,21278.5,500532,120,419.3625,primary_2023_2025,245.75,306.5,0.8017944535073409,neutral,0_7_to_0_9,319.75,0.7624668395481237,0.8577013291634089,0.8577013291634089,True,False,True,229.0,False,2025,2025-05,2025-W20
MNQ,2025-05-14,2025-05-13 22:00:00+00:00,2025-05-14 13:29:00+00:00,21248.25,21383.0,21237.0,21314.5,336511,930,2025-05-14 13:30:00+00:00,2025-05-14 15:29:00+00:00,21314.75,21404.75,21272.75,21374.0,532480,120,436.05,primary_2023_2025,146.0,294.375,0.4959660297239915,compression,lt_0_5,132.0,0.3027175782593739,0.44886363636363635,0.44886363636363635,True,False,False,21.75,True,2025,2025-05,2025-W20
MNQ,2025-05-15,2025-05-14 22:00:00+00:00,2025-05-15 13:29:00+00:00,21382.0,21412.5,21192.25,21302.75,333193,930,2025-05-15 13:30:00+00:00,2025-05-15 15:29:00+00:00,21302.75,21423.0,21248.25,21406.25,440842,120,417.375,primary_2023_2025,220.25,294.375,0.7481953290870488,neutral,0_7_to_0_9,174.75,0.41868823000898475,0.592274678111588,0.592274678111588,True,False,False,10.5,True,2025,2025-05,2025-W20
MNQ,2025-05-16,2025-05-15 22:00:00+00:00,2025-05-16 13:29:00+00:00,21397.25,21504.5,21348.75,21466.75,293896,930,2025-05-16 13:30:00+00:00,2025-05-16 15:29:00+00:00,21467.5,21470.25,21320.0,21398.75,417255,120,392.725,primary_2023_2025,155.75,282.375,0.5515714918105357,compression,0_5_to_0_7,150.25,0.38258323254185495,0.45757071547420963,-0.45757071547420963,False,True,False,28.75,True,2025,2025-05,2025-W20
MNQ,2025-05-19,2025-05-18 22:00:00+00:00,2025-05-19 13:29:00+00:00,21313.5,21417.5,21112.25,21202.5,463387,930,2025-05-19 13:30:00+00:00,2025-05-19 15:29:00+00:00,21202.25,21462.75,21201.5,21404.75,429303,120,345.6125,primary_2023_2025,305.25,267.875,1.1395240317312179,neutral,1_1_to_1_3,261.25,0.755904372671706,0.7751196172248804,0.7751196172248804,True,False,False,45.25,True,2025,2025-05,2025-W21
MNQ,2025-05-20,2025-05-19 22:00:00+00:00,2025-05-20 13:29:00+00:00,21516.75,21562.25,21393.5,21412.75,315483,930,2025-05-20 13:30:00+00:00,2025-05-20 15:29:00+00:00,21412.25,21451.25,21354.0,21422.5,391934,120,349.375,primary_2023_2025,168.75,267.875,0.6299580027998134,compression,0_5_to_0_7,97.25,0.2783542039355993,0.10539845758354756,0.10539845758354756,False,True,False,39.5,True,2025,2025-05,2025-W21
MNQ,2025-05-21,2025-05-20 22:00:00+00:00,2025-05-21 13:29:00+00:00,21413.75,21444.0,21229.5,21279.5,347839,930,2025-05-21 13:30:00+00:00,2025-05-21 15:29:00+00:00,21279.0,21535.5,21277.0,21519.5,448910,120,352.0875,primary_2023_2025,214.5,253.0,0.8478260869565217,neutral,0_7_to_0_9,258.5,0.7341924947633757,0.9303675048355899,0.9303675048355899,True,False,True,91.5,False,2025,2025-05,2025-W21
MNQ,2025-05-22,2025-05-21 22:00:00+00:00,2025-05-22 13:29:00+00:00,21147.5,21243.75,21039.25,21170.75,402486,930,2025-05-22 13:30:00+00:00,2025-05-22 15:29:00+00:00,21171.0,21330.25,21113.75,21207.0,517287,120,357.7375,primary_2023_2025,204.5,249.0,0.821285140562249,neutral,0_7_to_0_9,216.5,0.6051923547293756,0.16628175519630484,0.16628175519630484,True,False,False,86.5,True,2025,2025-05,2025-W21
MNQ,2025-05-23,2025-05-22 22:00:00+00:00,2025-05-23 13:29:00+00:00,21222.0,21236.25,20727.5,20850.0,570710,930,2025-05-23 13:30:00+00:00,2025-05-23 15:29:00+00:00,20849.5,20993.75,20821.5,20960.5,492531,120,357.0,primary_2023_2025,508.75,239.75,2.122002085505735,expansion,gt_1_3,172.25,0.48249299719887956,0.6444121915820029,0.6444121915820029,False,False,False,0.0,False,2025,2025-05,2025-W21
MNQ,2025-05-26,2025-05-25 22:00:00+00:00,2025-05-26 13:29:00+00:00,20978.75,21290.0,20955.25,21261.5,281111,930,2025-05-26 13:30:00+00:00,2025-05-26 15:29:00+00:00,21261.0,21307.75,21215.5,21253.75,79812,120,334.15,primary_2023_2025,334.75,239.75,1.3962460896767466,expansion,gt_1_3,92.25,0.27607361963190186,0.07859078590785908,-0.07859078590785908,True,False,False,17.75,True,2025,2025-05,2025-W22
MNQ,2025-05-27,2025-05-26 22:00:00+00:00,2025-05-27 13:29:00+00:00,21284.5,21360.0,21142.0,21258.5,371867,930,2025-05-27 13:30:00+00:00,2025-05-27 15:29:00+00:00,21259.5,21400.75,21193.25,21390.25,357308,120,321.7875,primary_2023_2025,218.0,249.0,0.8755020080321285,neutral,0_7_to_0_9,207.5,0.6448354892592161,0.6301204819277109,0.6301204819277109,True,False,True,40.75,False,2025,2025-05,2025-W22
MNQ,2025-05-28,2025-05-27 22:00:00+00:00,2025-05-28 13:29:00+00:00,21478.5,21537.75,21407.0,21505.0,272246,930,2025-05-28 13:30:00+00:00,2025-05-28 15:29:00+00:00,21504.75,21564.75,21426.25,21458.5,376120,120,328.5,primary_2023_2025,130.75,239.75,0.5453597497393118,compression,0_5_to_0_7,138.5,0.4216133942161339,0.33393501805054154,-0.33393501805054154,True,False,False,27.0,True,2025,2025-05,2025-W22
MNQ,2025-05-29,2025-05-28 22:00:00+00:00,2025-05-29 13:29:00+00:00,21518.0,21858.75,21490.0,21673.0,561064,930,2025-05-29 13:30:00+00:00,2025-05-29 15:29:00+00:00,21674.25,21679.25,21380.25,21500.5,498037,120,341.2,primary_2023_2025,368.75,228.75,1.6120218579234973,expansion,gt_1_3,299.0,0.8763188745603752,0.5811036789297659,-0.5811036789297659,False,True,False,109.75,True,2025,2025-05,2025-W22
MNQ,2025-05-30,2025-05-29 22:00:00+00:00,2025-05-30 13:29:00+00:00,21370.75,21421.5,21226.0,21382.25,410409,930,2025-05-30 13:30:00+00:00,2025-05-30 15:29:00+00:00,21382.75,21399.5,21234.75,21368.0,394510,120,350.825,primary_2023_2025,195.5,239.75,0.8154327424400417,neutral,0_7_to_0_9,164.75,0.46960735409392146,0.08952959028831563,-0.08952959028831563,False,False,False,0.0,False,2025,2025-05,2025-W22
MNQ,2025-06-02,2025-06-01 22:00:00+00:00,2025-06-02 13:29:00+00:00,21304.5,21348.5,21163.0,21287.75,344220,930,2025-06-02 13:30:00+00:00,2025-06-02 15:29:00+00:00,21288.0,21458.0,21234.5,21369.75,441431,120,332.375,primary_2023_2025,185.5,227.0,0.8171806167400881,neutral,0_7_to_0_9,223.5,0.6724332455810456,0.36577181208053694,0.36577181208053694,True,False,True,109.5,False,2025,2025-06,2025-W23
MNQ,2025-06-03,2025-06-02 22:00:00+00:00,2025-06-03 13:29:00+00:00,21551.75,21555.25,21398.25,21546.5,288358,930,2025-06-03 13:30:00+00:00,2025-06-03 15:29:00+00:00,21546.25,21686.5,21510.0,21672.5,389779,120,341.4375,primary_2023_2025,157.0,219.125,0.7164860239589276,neutral,0_7_to_0_9,176.5,0.5169320885960095,0.7152974504249292,0.7152974504249292,True,False,True,131.25,False,2025,2025-06,2025-W23
MNQ,2025-06-04,2025-06-03 22:00:00+00:00,2025-06-04 13:29:00+00:00,21685.75,21768.25,21655.25,21725.25,278661,930,2025-06-04 13:30:00+00:00,2025-06-04 15:29:00+00:00,21726.0,21793.5,21641.0,21754.75,421330,120,350.8,primary_2023_2025,113.0,216.25,0.522543352601156,compression,0_5_to_0_7,152.5,0.4347206385404789,0.1885245901639344,0.1885245901639344,True,True,False,25.25,True,2025,2025-06,2025-W23
MNQ,2025-06-05,2025-06-04 22:00:00+00:00,2025-06-05 13:29:00+00:00,21745.25,21899.0,21712.0,21812.0,300939,930,2025-06-05 13:30:00+00:00,2025-06-05 15:29:00+00:00,21812.25,21925.0,21691.75,21920.0,513300,120,335.1,primary_2023_2025,187.0,212.0,0.8820754716981132,neutral,0_7_to_0_9,233.25,0.6960608773500447,0.46195069667738475,0.46195069667738475,True,True,True,26.0,False,2025,2025-06,2025-W23
MNQ,2025-06-06,2025-06-05 22:00:00+00:00,2025-06-06 13:29:00+00:00,21487.5,21810.75,21471.0,21798.0,332288,930,2025-06-06 13:30:00+00:00,2025-06-06 15:29:00+00:00,21797.5,21870.25,21735.75,21790.5,431960,120,331.925,primary_2023_2025,339.75,207.0,1.641304347826087,expansion,gt_1_3,134.5,0.4052120207878286,0.05204460966542751,-0.05204460966542751,True,False,False,59.5,True,2025,2025-06,2025-W23
MNQ,2025-06-09,2025-06-08 22:00:00+00:00,2025-06-09 13:29:00+00:00,21799.25,21824.0,21716.5,21797.5,270618,930,2025-06-09 13:30:00+00:00,2025-06-09 15:29:00+00:00,21798.0,21892.5,21750.25,21824.5,349345,120,325.0625,primary_2023_2025,107.5,209.5,0.513126491646778,compression,0_5_to_0_7,142.25,0.437608152278408,0.18629173989455183,0.18629173989455183,True,False,True,68.5,False,2025,2025-06,2025-W24
MNQ,2025-06-10,2025-06-09 22:00:00+00:00,2025-06-10 13:29:00+00:00,21822.0,21973.5,21732.0,21836.25,358788,930,2025-06-10 13:30:00+00:00,2025-06-10 15:29:00+00:00,21836.5,21893.25,21818.0,21857.5,318391,120,327.625,primary_2023_2025,241.5,200.0,1.2075,neutral,1_1_to_1_3,75.25,0.22968332697443725,0.27906976744186046,0.27906976744186046,False,False,False,0.0,False,2025,2025-06,2025-W24
MNQ,2025-06-11,2025-06-10 22:00:00+00:00,2025-06-11 13:29:00+00:00,21950.75,22094.0,21866.25,22016.75,389170,930,2025-06-11 13:30:00+00:00,2025-06-11 15:29:00+00:00,22017.0,22066.75,21915.0,22019.25,384177,120,330.05,primary_2023_2025,227.75,200.0,1.13875,neutral,1_1_to_1_3,151.75,0.45977882139069837,0.014827018121911038,0.014827018121911038,False,False,False,0.0,False,2025,2025-06,2025-W24
MNQ,2025-06-12,2025-06-11 22:00:00+00:00,2025-06-12 13:29:00+00:00,21871.0,21895.0,21716.5,21829.25,405407,930,2025-06-12 13:30:00+00:00,2025-06-12 15:29:00+00:00,21829.25,21977.5,21816.0,21917.5,396228,120,324.575,primary_2023_2025,178.5,209.5,0.8520286396181385,neutral,0_7_to_0_9,161.5,0.49757375028883927,0.5464396284829721,0.5464396284829721,True,False,True,82.5,False,2025,2025-06,2025-W24
MNQ,2025-06-13,2025-06-12 22:00:00+00:00,2025-06-13 13:29:00+00:00,21911.0,21920.0,21470.5,21680.5,620368,930,2025-06-13 13:30:00+00:00,2025-06-13 15:29:00+00:00,21680.0,21807.5,21617.5,21798.0,448902,120,340.475,primary_2023_2025,449.5,200.0,2.2475,expansion,gt_1_3,190.0,0.5580439092444379,0.6210526315789474,0.6210526315789474,False,False,False,0.0,False,2025,2025-06,2025-W24
MNQ,2025-06-16,2025-06-15 22:00:00+00:00,2025-06-16 13:29:00+00:00,21566.5,22062.75,21505.0,22016.5,195633,930,2025-06-16 13:30:00+00:00,2025-06-16 15:29:00+00:00,22014.75,22224.5,22013.5,22188.5,237174,120,340.3,primary_2023_2025,557.75,209.5,2.662291169451074,expansion,gt_1_3,211.0,0.6200411401704379,0.8234597156398105,0.8234597156398105,True,False,True,161.75,False,2025,2025-06,2025-W25
MNQ,2025-06-17,2025-06-16 22:00:00+00:00,2025-06-17 13:29:00+00:00,22163.5,22177.5,21995.75,22063.25,365857,930,2025-06-17 13:30:00+00:00,2025-06-17 15:29:00+00:00,22063.75,22136.5,22026.25,22090.0,309179,120,331.9,primary_2023_2025,181.75,209.5,0.8675417661097852,neutral,0_7_to_0_9,110.25,0.33217836697800546,0.23809523809523808,0.23809523809523808,False,False,False,0.0,False,2025,2025-06,2025-W25
MNQ,2025-06-18,2025-06-17 22:00:00+00:00,2025-06-18 13:29:00+00:00,21937.5,22065.25,21862.75,21992.75,289501,930,2025-06-18 13:30:00+00:00,2025-06-18 15:29:00+00:00,21992.5,22098.75,21926.5,22050.25,303535,120,331.675,primary_2023_2025,202.5,209.5,0.9665871121718377,neutral,0_9_to_1_1,172.25,0.5193336850832894,0.3352685050798258,0.3352685050798258,True,False,False,33.5,True,2025,2025-06,2025-W25
MNQ,2025-06-19,2025-06-18 22:00:00+00:00,2025-06-19 13:29:00+00:00,21960.25,21971.25,21737.25,21784.0,276805,930,2025-06-19 13:30:00+00:00,2025-06-19 15:29:00+00:00,21784.0,21786.75,21650.25,21720.0,140724,120,338.825,primary_2023_2025,234.0,203.5,1.1498771498771498,neutral,1_1_to_1_3,136.5,0.40286283479672397,0.46886446886446886,-0.46886446886446886,False,True,True,87.0,False,2025,2025-06,2025-W25
MNQ,2025-06-20,2025-06-19 22:00:00+00:00,2025-06-20 13:29:00+00:00,21736.25,22103.0,21736.0,22074.25,401123,930,2025-06-20 13:30:00+00:00,2025-06-20 15:29:00+00:00,22074.75,22130.75,21775.75,21858.0,567090,120,335.5625,primary_2023_2025,367.0,210.25,1.7455410225921522,expansion,gt_1_3,355.0,1.057925125721736,0.6105633802816901,-0.6105633802816901,True,False,False,27.75,True,2025,2025-06,2025-W25
MNQ,2025-06-23,2025-06-22 22:00:00+00:00,2025-06-23 13:29:00+00:00,21648.25,21944.75,21562.0,21870.0,423605,930,2025-06-23 13:30:00+00:00,2025-06-23 15:29:00+00:00,21869.25,22018.0,21758.5,21947.0,386458,120,310.1125,primary_2023_2025,382.75,210.25,1.8204518430439953,expansion,gt_1_3,259.5,0.8367930992784877,0.2996146435452794,0.2996146435452794,True,False,True,73.25,False,2025,2025-06,2025-W26
MNQ,2025-06-24,2025-06-23 22:00:00+00:00,2025-06-24 13:29:00+00:00,22077.25,22383.25,22064.5,22286.25,437968,930,2025-06-24 13:30:00+00:00,2025-06-24 15:29:00+00:00,22286.0,22373.5,22260.0,22372.75,336854,120,318.7,primary_2023_2025,318.75,210.25,1.5160523186682522,expansion,gt_1_3,113.5,0.3561342955757766,0.76431718061674,0.76431718061674,False,False,False,0.0,False,2025,2025-06,2025-W26
MNQ,2025-06-25,2025-06-24 22:00:00+00:00,2025-06-25 13:29:00+00:00,22410.75,22511.5,22385.0,22499.25,214523,930,2025-06-25 13:30:00+00:00,2025-06-25 15:29:00+00:00,22499.25,22548.25,22444.75,22462.75,393738,120,324.05,primary_2023_2025,126.5,215.125,0.5880302149912842,compression,0_5_to_0_7,103.5,0.31939515506866223,0.3526570048309179,-0.3526570048309179,True,False,False,36.75,True,2025,2025-06,2025-W26
MNQ,2025-06-26,2025-06-25 22:00:00+00:00,2025-06-26 13:29:00+00:00,22466.0,22585.0,22438.0,22552.5,239900,930,2025-06-26 13:30:00+00:00,2025-06-26 15:29:00+00:00,22552.75,22613.25,22476.25,22565.0,368201,120,311.3625,primary_2023_2025,147.0,215.125,0.6833236490412551,compression,0_5_to_0_7,137.0,0.4400016058452768,0.08941605839416059,0.08941605839416059,True,False,False,28.25,True,2025,2025-06,2025-W26
MNQ,2025-06-27,2025-06-26 22:00:00+00:00,2025-06-27 13:29:00+00:00,22676.5,22787.5,22660.0,22707.25,248373,930,2025-06-27 13:30:00+00:00,2025-06-27 15:29:00+00:00,22707.25,22823.75,22682.0,22792.5,362215,120,305.0375,primary_2023_2025,127.5,199.0,0.6407035175879398,compression,0_5_to_0_7,141.75,0.4646969634880957,0.6014109347442681,0.6014109347442681,True,False,True,36.25,False,2025,2025-06,2025-W26
MNQ,2025-06-30,2025-06-29 22:00:00+00:00,2025-06-30 13:29:00+00:00,22751.25,22916.0,22750.0,22871.75,279461,930,2025-06-30 13:30:00+00:00,2025-06-30 15:29:00+00:00,22872.25,22875.5,22795.0,22817.0,347000,120,291.4625,primary_2023_2025,166.0,194.75,0.8523748395378691,neutral,0_7_to_0_9,80.5,0.27619333533473434,0.6863354037267081,-0.6863354037267081,False,False,False,0.0,False,2025,2025-06,2025-W27
MNQ,2025-07-01,2025-06-30 22:00:00+00:00,2025-07-01 13:29:00+00:00,22866.75,22915.0,22756.0,22802.75,266527,930,2025-07-01 13:30:00+00:00,2025-07-01 15:29:00+00:00,22803.0,22845.0,22593.75,22684.5,482915,120,285.2375,primary_2023_2025,159.0,194.75,0.8164313222079589,neutral,0_7_to_0_9,251.25,0.8808449099434681,0.4716417910447761,-0.4716417910447761,False,True,True,162.25,False,2025,2025-07,2025-W27
MNQ,2025-07-02,2025-07-01 22:00:00+00:00,2025-07-02 13:29:00+00:00,22696.5,22781.0,22584.75,22653.5,297261,930,2025-07-02 13:30:00+00:00,2025-07-02 15:29:00+00:00,22654.25,22847.75,22650.75,22803.5,363471,120,294.2375,primary_2023_2025,196.25,194.75,1.0077021822849808,neutral,0_9_to_1_1,197.0,0.6695271676791708,0.7576142131979695,0.7576142131979695,True,False,True,66.75,False,2025,2025-07,2025-W27
MNQ,2025-07-03,2025-07-02 22:00:00+00:00,2025-07-03 13:29:00+00:00,22846.75,22939.5,22827.0,22932.0,234784,930,2025-07-03 13:30:00+00:00,2025-07-03 15:29:00+00:00,22932.0,23079.5,22929.75,23067.0,277947,120,296.9,primary_2023_2025,112.5,199.375,0.5642633228840125,compression,0_5_to_0_7,149.75,0.5043785786460088,0.9015025041736227,0.9015025041736227,True,False,True,140.0,False,2025,2025-07,2025-W27
MNQ,2025-07-04,2025-07-03 22:00:00+00:00,2025-07-04 13:29:00+00:00,23059.0,23062.25,22881.25,22918.25,196865,930,2025-07-04 13:30:00+00:00,2025-07-04 15:29:00+00:00,22917.5,22946.0,22887.5,22925.25,59899,120,296.9625,primary_2023_2025,181.0,199.375,0.9078369905956113,neutral,0_9_to_1_1,58.5,0.19699457002146736,0.13247863247863248,0.13247863247863248,False,False,False,0.0,False,2025,2025-07,2025-W27
MNQ,2025-07-07,2025-07-06 22:00:00+00:00,2025-07-07 13:29:00+00:00,22968.5,23027.25,22908.25,22942.75,281084,930,2025-07-07 13:30:00+00:00,2025-07-07 15:29:00+00:00,22943.25,22978.0,22882.75,22920.75,361330,120,266.9625,primary_2023_2025,119.0,189.0,0.6296296296296297,compression,0_5_to_0_7,95.25,0.3567916842253126,0.23622047244094488,-0.23622047244094488,False,True,False,25.5,True,2025,2025-07,2025-W28
MNQ,2025-07-08,2025-07-07 22:00:00+00:00,2025-07-08 13:29:00+00:00,22840.25,22972.0,22809.5,22935.0,235506,930,2025-07-08 13:30:00+00:00,2025-07-08 15:29:00+00:00,22935.0,22944.0,22841.0,22868.75,423075,120,260.65,primary_2023_2025,162.5,189.0,0.8597883597883598,neutral,0_7_to_0_9,103.0,0.39516593132553235,0.6432038834951457,-0.6432038834951457,False,False,False,0.0,False,2025,2025-07,2025-W28
MNQ,2025-07-09,2025-07-08 22:00:00+00:00,2025-07-09 13:29:00+00:00,22909.0,22979.5,22843.25,22978.75,219696,930,2025-07-09 13:30:00+00:00,2025-07-09 15:29:00+00:00,22978.5,23111.25,22917.0,22980.0,484305,120,245.55,primary_2023_2025,136.25,181.375,0.7512060647829083,neutral,0_7_to_0_9,194.25,0.7910812461820402,0.007722007722007722,0.007722007722007722,True,False,True,131.75,False,2025,2025-07,2025-W28
MNQ,2025-07-10,2025-07-09 22:00:00+00:00,2025-07-10 13:29:00+00:00,23043.25,23078.0,22978.0,23072.25,228822,930,2025-07-10 13:30:00+00:00,2025-07-10 15:29:00+00:00,23072.25,23089.75,22901.0,22997.75,442931,120,242.15,primary_2023_2025,100.0,179.75,0.5563282336578581,compression,0_5_to_0_7,188.75,0.7794755316952302,0.39470198675496687,-0.39470198675496687,True,True,False,77.0,True,2025,2025-07,2025-W28
MNQ,2025-07-11,2025-07-10 22:00:00+00:00,2025-07-11 13:29:00+00:00,23010.75,23048.75,22830.75,22914.75,372948,930,2025-07-11 13:30:00+00:00,2025-07-11 15:29:00+00:00,22915.25,23007.5,22863.0,22950.0,394631,120,241.4125,primary_2023_2025,218.0,173.5,1.2564841498559078,neutral,1_1_to_1_3,144.5,0.5985605550665355,0.24048442906574394,0.24048442906574394,False,False,False,0.0,False,2025,2025-07,2025-W28
MNQ,2025-07-14,2025-07-13 22:00:00+00:00,2025-07-14 13:29:00+00:00,22864.5,22944.75,22802.25,22942.75,290441,930,2025-07-14 13:30:00+00:00,2025-07-14 15:29:00+00:00,22942.75,23022.75,22842.5,23011.5,403018,120,224.875,primary_2023_2025,142.5,173.5,0.8213256484149856,neutral,0_7_to_0_9,180.25,0.8015564202334631,0.3814147018030513,0.3814147018030513,True,False,True,78.0,False,2025,2025-07,2025-W29
MNQ,2025-07-15,2025-07-14 22:00:00+00:00,2025-07-15 13:29:00+00:00,23036.5,23219.5,22996.25,23200.0,363520,930,2025-07-15 13:30:00+00:00,2025-07-15 15:29:00+00:00,23200.25,23222.75,23095.5,23169.25,475718,120,224.775,primary_2023_2025,223.25,164.25,1.3592085235920852,expansion,gt_1_3,127.25,0.5661216772327883,0.24361493123772102,-0.24361493123772102,True,False,False,3.25,True,2025,2025-07,2025-W29
MNQ,2025-07-16,2025-07-15 22:00:00+00:00,2025-07-16 13:29:00+00:00,23018.75,23084.25,22928.5,23074.5,284676,930,2025-07-16 13:30:00+00:00,2025-07-16 15:29:00+00:00,23074.5,23090.0,22898.25,22981.0,580743,120,226.025,primary_2023_2025,155.75,164.25,0.9482496194824962,neutral,0_9_to_1_1,191.75,0.8483574825793607,0.4876140808344198,-0.4876140808344198,True,True,False,30.25,True,2025,2025-07,2025-W29
MNQ,2025-07-17,2025-07-16 22:00:00+00:00,2025-07-17 13:29:00+00:00,23069.25,23158.25,23017.0,23100.5,281506,930,2025-07-17 13:30:00+00:00,2025-07-17 15:29:00+00:00,23100.25,23244.25,23065.75,23229.0,388287,120,212.5625,primary_2023_2025,141.25,160.75,0.8786936236391913,neutral,0_7_to_0_9,178.5,0.8397530138194649,0.7212885154061625,0.7212885154061625,True,False,True,86.0,False,2025,2025-07,2025-W29
MNQ,2025-07-18,2025-07-17 22:00:00+00:00,2025-07-18 13:29:00+00:00,23260.0,23320.5,23245.5,23300.5,219738,930,2025-07-18 13:30:00+00:00,2025-07-18 15:29:00+00:00,23300.5,23310.0,23180.5,23216.5,394144,120,214.275,primary_2023_2025,75.0,157.375,0.4765687053216839,compression,lt_0_5,129.5,0.6043635515109088,0.6486486486486487,-0.6486486486486487,False,True,True,65.0,False,2025,2025-07,2025-W29
MNQ,2025-07-21,2025-07-20 22:00:00+00:00,2025-07-21 13:29:00+00:00,23240.0,23309.0,23204.5,23256.25,204585,930,2025-07-21 13:30:00+00:00,2025-07-21 15:29:00+00:00,23256.25,23425.0,23255.0,23396.5,336218,120,205.725,primary_2023_2025,104.5,151.375,0.6903385631709331,compression,0_5_to_0_7,170.0,0.8263458500425326,0.825,0.825,True,False,True,116.0,False,2025,2025-07,2025-W30
MNQ,2025-07-22,2025-07-21 22:00:00+00:00,2025-07-22 13:29:00+00:00,23338.0,23367.75,23267.25,23346.0,238012,930,2025-07-22 13:30:00+00:00,2025-07-22 15:29:00+00:00,23346.0,23349.75,23105.0,23207.75,527837,120,204.6125,primary_2023_2025,100.5,144.75,0.694300518134715,compression,0_5_to_0_7,244.75,1.1961634797483047,0.5648621041879469,-0.5648621041879469,False,True,True,162.25,False,2025,2025-07,2025-W30
MNQ,2025-07-23,2025-07-22 22:00:00+00:00,2025-07-23 13:29:00+00:00,23190.0,23283.25,23170.25,23261.25,268524,930,2025-07-23 13:30:00+00:00,2025-07-23 15:29:00+00:00,23261.5,23264.25,23142.5,23208.25,416158,120,210.2625,primary_2023_2025,113.0,141.875,0.7964757709251101,neutral,0_7_to_0_9,121.75,0.5790381071279948,0.43737166324435317,-0.43737166324435317,False,True,False,27.75,True,2025,2025-07,2025-W30
MNQ,2025-07-24,2025-07-23 22:00:00+00:00,2025-07-24 13:29:00+00:00,23401.0,23422.5,23326.75,23373.75,228976,930,2025-07-24 13:30:00+00:00,2025-07-24 15:29:00+00:00,23374.0,23400.75,23298.5,23380.75,387980,120,216.5625,primary_2023_2025,95.75,141.875,0.6748898678414097,compression,0_5_to_0_7,102.25,0.47215007215007215,0.06601466992665037,0.06601466992665037,False,True,False,28.25,True,2025,2025-07,2025-W30
MNQ,2025-07-25,2025-07-24 22:00:00+00:00,2025-07-25 13:29:00+00:00,23391.25,23442.0,23343.25,23360.25,205729,930,2025-07-25 13:30:00+00:00,2025-07-25 15:29:00+00:00,23360.5,23423.25,23330.25,23419.5,327402,120,209.5125,primary_2023_2025,98.75,138.75,0.7117117117117117,neutral,0_7_to_0_9,93.0,0.443887596205477,0.6344086021505376,0.6344086021505376,False,True,False,13.0,True,2025,2025-07,2025-W30
MNQ,2025-07-28,2025-07-27 22:00:00+00:00,2025-07-28 13:29:00+00:00,23516.0,23585.0,23464.75,23472.5,242839,930,2025-07-28 13:30:00+00:00,2025-07-28 15:29:00+00:00,23473.0,23527.75,23437.0,23480.5,357146,120,191.5,primary_2023_2025,120.25,138.75,0.8666666666666667,neutral,0_7_to_0_9,90.75,0.47389033942558745,0.08264462809917356,0.08264462809917356,False,True,False,27.75,True,2025,2025-07,2025-W31
MNQ,2025-07-29,2025-07-28 22:00:00+00:00,2025-07-29 13:29:00+00:00,23505.25,23615.0,23503.0,23595.5,193676,930,2025-07-29 13:30:00+00:00,2025-07-29 15:29:00+00:00,23595.5,23652.25,23458.0,23464.25,443438,120,192.1625,primary_2023_2025,112.0,128.25,0.8732943469785575,neutral,0_7_to_0_9,194.25,1.0108632017172965,0.6756756756756757,-0.6756756756756757,True,True,True,45.0,False,2025,2025-07,2025-W31
MNQ,2025-07-30,2025-07-29 22:00:00+00:00,2025-07-30 13:29:00+00:00,23451.5,23521.5,23448.25,23486.75,193929,930,2025-07-30 13:30:00+00:00,2025-07-30 15:29:00+00:00,23487.25,23541.25,23450.25,23487.25,315994,120,198.0375,primary_2023_2025,73.25,119.625,0.6123301985370951,compression,0_5_to_0_7,91.0,0.4595089313892571,0.0,0.0,True,False,False,19.75,True,2025,2025-07,2025-W31
MNQ,2025-07-31,2025-07-30 22:00:00+00:00,2025-07-31 13:29:00+00:00,23698.0,23848.0,23688.25,23747.5,297200,930,2025-07-31 13:30:00+00:00,2025-07-31 15:29:00+00:00,23747.75,23752.25,23483.75,23535.0,585050,120,209.2125,primary_2023_2025,159.75,116.0,1.3771551724137931,expansion,gt_1_3,268.5,1.283384119017745,0.792364990689013,-0.792364990689013,False,True,True,204.5,False,2025,2025-07,2025-W31
MNQ,2025-08-01,2025-07-31 22:00:00+00:00,2025-08-01 13:29:00+00:00,23323.5,23347.5,23031.25,23088.25,569204,930,2025-08-01 13:30:00+00:00,2025-08-01 15:29:00+00:00,23088.25,23095.5,22799.25,22903.25,645559,120,233.4875,primary_2023_2025,316.25,119.625,2.6436781609195403,expansion,gt_1_3,296.25,1.268804539857594,0.6244725738396625,-0.6244725738396625,False,True,True,232.0,False,2025,2025-08,2025-W31
MNQ,2025-08-04,2025-08-03 22:00:00+00:00,2025-08-04 13:29:00+00:00,22850.5,23097.25,22822.0,23094.25,373820,930,2025-08-04 13:30:00+00:00,2025-08-04 15:29:00+00:00,23094.25,23263.75,23088.75,23210.75,416289,120,242.3125,primary_2023_2025,275.25,119.625,2.300940438871473,expansion,gt_1_3,175.0,0.7222078927005416,0.6657142857142857,0.6657142857142857,True,False,True,166.5,False,2025,2025-08,2025-W32
MNQ,2025-08-05,2025-08-04 22:00:00+00:00,2025-08-05 13:29:00+00:00,23352.5,23404.25,23312.25,23348.5,311292,930,2025-08-05 13:30:00+00:00,2025-08-05 15:29:00+00:00,23348.75,23397.25,23138.75,23170.5,601899,120,255.225,primary_2023_2025,92.0,128.25,0.7173489278752436,neutral,0_7_to_0_9,258.5,1.0128318150651385,0.6895551257253385,-0.6895551257253385,False,True,True,173.5,False,2025,2025-08,2025-W32
MNQ,2025-08-06,2025-08-05 22:00:00+00:00,2025-08-06 13:29:00+00:00,23092.0,23227.25,23045.25,23168.75,346112,930,2025-08-06 13:30:00+00:00,2025-08-06 15:29:00+00:00,23168.75,23331.25,23148.75,23323.75,567318,120,268.825,primary_2023_2025,182.0,116.625,1.5605573419078242,expansion,gt_1_3,182.5,0.6788803124709384,0.8493150684931506,0.8493150684931506,True,False,True,104.0,False,2025,2025-08,2025-W32
MNQ,2025-08-07,2025-08-06 22:00:00+00:00,2025-08-07 13:29:00+00:00,23416.75,23638.0,23385.25,23601.25,350948,930,2025-08-07 13:30:00+00:00,2025-08-07 15:29:00+00:00,23601.0,23671.25,23496.75,23509.5,583252,120,270.5625,primary_2023_2025,252.75,116.625,2.167202572347267,expansion,gt_1_3,174.5,0.6449526449526449,0.5243553008595988,-0.5243553008595988,True,False,False,33.25,True,2025,2025-08,2025-W32
MNQ,2025-08-08,2025-08-07 22:00:00+00:00,2025-08-08 13:29:00+00:00,23519.5,23583.25,23503.25,23541.5,228853,930,2025-08-08 13:30:00+00:00,2025-08-08 15:29:00+00:00,23541.75,23702.75,23530.0,23666.0,401965,120,275.175,primary_2023_2025,80.0,130.75,0.6118546845124283,compression,0_5_to_0_7,172.75,0.6277823203416008,0.7192474674384949,0.7192474674384949,True,False,True,119.5,False,2025,2025-08,2025-W32
MNQ,2025-08-11,2025-08-10 22:00:00+00:00,2025-08-11 13:29:00+00:00,23767.25,23773.5,23667.75,23715.0,261850,930,2025-08-11 13:30:00+00:00,2025-08-11 15:29:00+00:00,23715.75,23767.5,23681.0,23734.75,320884,120,265.75,primary_2023_2025,105.75,116.625,0.9067524115755627,neutral,0_9_to_1_1,86.5,0.3254938852304798,0.21965317919075145,0.21965317919075145,False,False,False,0.0,False,2025,2025-08,2025-W33
MNQ,2025-08-12,2025-08-11 22:00:00+00:00,2025-08-12 13:29:00+00:00,23632.0,23822.25,23596.0,23732.75,329530,930,2025-08-12 13:30:00+00:00,2025-08-12 15:29:00+00:00,23733.0,23861.0,23622.0,23833.25,520027,120,269.1,primary_2023_2025,226.25,112.5,2.011111111111111,expansion,gt_1_3,239.0,0.8881456707543663,0.4194560669456067,0.4194560669456067,True,False,True,38.75,False,2025,2025-08,2025-W33
MNQ,2025-08-13,2025-08-12 22:00:00+00:00,2025-08-13 13:29:00+00:00,23947.25,24046.5,23921.0,24044.5,210391,930,2025-08-13 13:30:00+00:00,2025-08-13 15:29:00+00:00,24044.5,24069.0,23892.25,23925.0,462263,120,284.0125,primary_2023_2025,125.5,112.5,1.1155555555555556,neutral,1_1_to_1_3,176.75,0.6223317635667445,0.6760961810466761,-0.6760961810466761,True,True,False,28.75,True,2025,2025-08,2025-W33
MNQ,2025-08-14,2025-08-13 22:00:00+00:00,2025-08-14 13:29:00+00:00,23930.0,23965.0,23793.25,23858.0,254674,930,2025-08-14 13:30:00+00:00,2025-08-14 15:29:00+00:00,23858.25,24005.5,23841.25,23888.5,416767,120,283.0875,primary_2023_2025,171.75,112.5,1.5266666666666666,expansion,gt_1_3,164.25,0.5802092992449331,0.1841704718417047,0.1841704718417047,True,False,False,40.5,True,2025,2025-08,2025-W33
MNQ,2025-08-15,2025-08-14 22:00:00+00:00,2025-08-15 13:29:00+00:00,23891.25,23962.75,23871.5,23909.0,228144,930,2025-08-15 13:30:00+00:00,2025-08-15 15:29:00+00:00,23909.25,23910.75,23766.0,23802.5,441676,120,281.4625,primary_2023_2025,91.25,112.5,0.8111111111111111,neutral,0_7_to_0_9,144.75,0.5142781009903629,0.7374784110535406,-0.7374784110535406,False,True,True,105.5,False,2025,2025-08,2025-W33
MNQ,2025-08-18,2025-08-17 22:00:00+00:00,2025-08-18 13:29:00+00:00,23795.0,23882.0,23738.75,23768.5,233158,930,2025-08-18 13:30:00+00:00,2025-08-18 15:29:00+00:00,23768.75,23824.5,23718.75,23744.0,401374,120,276.1875,primary_2023_2025,143.25,112.5,1.2733333333333334,neutral,1_1_to_1_3,105.75,0.38289205702647655,0.23404255319148937,-0.23404255319148937,False,True,False,20.0,True,2025,2025-08,2025-W34
MNQ,2025-08-19,2025-08-18 22:00:00+00:00,2025-08-19 13:29:00+00:00,23799.0,23839.75,23730.75,23762.5,232355,930,2025-08-19 13:30:00+00:00,2025-08-19 15:29:00+00:00,23762.5,23770.75,23514.0,23579.5,596512,120,275.9125,primary_2023_2025,109.0,116.625,0.9346195069667739,neutral,0_9_to_1_1,256.75,0.9305486340778326,0.7127555988315482,-0.7127555988315482,False,True,True,216.75,False,2025,2025-08,2025-W34
MNQ,2025-08-20,2025-08-19 22:00:00+00:00,2025-08-20 13:29:00+00:00,23456.0,23489.0,23334.25,23426.75,340767,930,2025-08-20 13:30:00+00:00,2025-08-20 15:29:00+00:00,23425.75,23432.0,23035.25,23225.25,708254,120,296.175,primary_2023_2025,154.75,116.625,1.3269024651661308,expansion,gt_1_3,396.75,1.3395796404152949,0.5053560176433523,-0.5053560176433523,False,True,True,299.0,False,2025,2025-08,2025-W34
MNQ,2025-08-21,2025-08-20 22:00:00+00:00,2025-08-21 13:29:00+00:00,23322.0,23369.5,23207.5,23260.25,336112,930,2025-08-21 13:30:00+00:00,2025-08-21 15:29:00+00:00,23260.25,23348.25,23155.25,23256.25,625462,120,309.6125,primary_2023_2025,162.0,122.875,1.318413021363174,expansion,gt_1_3,193.0,0.6233598449674996,0.02072538860103627,-0.02072538860103627,False,True,False,52.25,True,2025,2025-08,2025-W34
MNQ,2025-08-22,2025-08-21 22:00:00+00:00,2025-08-22 13:29:00+00:00,23228.0,23281.0,23074.25,23264.75,307714,930,2025-08-22 13:30:00+00:00,2025-08-22 15:29:00+00:00,23264.75,23650.0,23206.25,23621.0,707982,120,310.5375,primary_2023_2025,206.75,134.375,1.5386046511627907,expansion,gt_1_3,443.75,1.4289739564464838,0.8028169014084507,0.8028169014084507,True,False,True,369.0,False,2025,2025-08,2025-W34
MNQ,2025-08-25,2025-08-24 22:00:00+00:00,2025-08-25 13:29:00+00:00,23600.0,23610.0,23462.0,23496.0,268921,930,2025-08-25 13:30:00+00:00,2025-08-25 15:29:00+00:00,23496.0,23603.75,23445.0,23598.75,465898,120,290.775,primary_2023_2025,148.0,149.0,0.9932885906040269,neutral,0_9_to_1_1,158.75,0.5459547760295762,0.647244094488189,0.647244094488189,False,True,False,17.0,True,2025,2025-08,2025-W35
MNQ,2025-08-26,2025-08-25 22:00:00+00:00,2025-08-26 13:29:00+00:00,23510.25,23520.5,23371.25,23470.5,331583,930,2025-08-26 13:30:00+00:00,2025-08-26 15:29:00+00:00,23470.25,23551.5,23426.75,23508.25,473397,120,276.225,primary_2023_2025,149.25,151.375,0.985962014863749,neutral,0_9_to_1_1,124.75,0.4516245814100823,0.3046092184368738,0.3046092184368738,True,False,False,31.0,True,2025,2025-08,2025-W35
MNQ,2025-08-27,2025-08-26 22:00:00+00:00,2025-08-27 13:29:00+00:00,23607.25,23629.0,23535.75,23541.5,218211,930,2025-08-27 13:30:00+00:00,2025-08-27 15:29:00+00:00,23541.5,23616.0,23488.5,23590.0,396095,120,278.5625,primary_2023_2025,93.25,152.0,0.6134868421052632,compression,0_5_to_0_7,127.5,0.4577069777877496,0.3803921568627451,0.3803921568627451,False,True,False,47.25,True,2025,2025-08,2025-W35
MNQ,2025-08-28,2025-08-27 22:00:00+00:00,2025-08-28 13:29:00+00:00,23543.0,23662.0,23486.75,23640.5,317705,930,2025-08-28 13:30:00+00:00,2025-08-28 15:29:00+00:00,23640.5,23754.25,23572.5,23672.25,611873,120,270.0,primary_2023_2025,175.25,152.0,1.1529605263157894,neutral,1_1_to_1_3,181.75,0.6731481481481482,0.1746905089408528,0.1746905089408528,True,False,True,92.25,False,2025,2025-08,2025-W35
MNQ,2025-08-29,2025-08-28 22:00:00+00:00,2025-08-29 13:29:00+00:00,23761.0,23762.75,23612.0,23652.25,266693,930,2025-08-29 13:30:00+00:00,2025-08-29 15:29:00+00:00,23652.0,23668.0,23413.5,23482.0,629055,120,265.2875,primary_2023_2025,150.75,152.0,0.9917763157894737,neutral,0_9_to_1_1,254.5,0.9593365688168496,0.6679764243614931,-0.6679764243614931,False,True,True,198.5,False,2025,2025-08,2025-W35
MNQ,2025-09-01,2025-08-31 22:00:00+00:00,2025-09-01 13:29:00+00:00,23478.5,23555.25,23371.5,23476.75,238637,930,2025-09-01 13:30:00+00:00,2025-09-01 15:29:00+00:00,23476.0,23505.0,23443.25,23502.75,58200,120,251.0,primary_2023_2025,183.75,150.0,1.225,neutral,1_1_to_1_3,61.75,0.24601593625498008,0.4331983805668016,0.4331983805668016,False,False,False,0.0,False,2025,2025-09,2025-W36
MNQ,2025-09-02,2025-09-01 22:00:00+00:00,2025-09-02 13:29:00+00:00,23502.75,23511.0,23060.0,23100.5,485535,930,2025-09-02 13:30:00+00:00,2025-09-02 15:29:00+00:00,23100.25,23280.25,23025.0,23109.75,627630,120,244.7125,primary_2023_2025,451.0,150.0,3.006666666666667,expansion,gt_1_3,255.25,1.0430607345354241,0.03721841332027424,0.03721841332027424,False,True,False,35.0,True,2025,2025-09,2025-W36
MNQ,2025-09-03,2025-09-02 22:00:00+00:00,2025-09-03 13:29:00+00:00,23381.5,23458.5,23299.75,23423.25,312941,930,2025-09-03 13:30:00+00:00,2025-09-03 15:29:00+00:00,23423.5,23526.0,23369.75,23424.75,542832,120,262.4625,primary_2023_2025,158.75,152.75,1.039279869067103,neutral,0_9_to_1_1,156.25,0.5953231414011526,0.008,0.008,True,False,False,67.5,True,2025,2025-09,2025-W36
MNQ,2025-09-04,2025-09-03 22:00:00+00:00,2025-09-04 13:29:00+00:00,23456.0,23535.75,23430.5,23480.0,274232,930,2025-09-04 13:30:00+00:00,2025-09-04 15:29:00+00:00,23480.25,23556.0,23410.0,23546.0,542168,120,262.8125,primary_2023_2025,105.25,152.75,0.6890343698854338,compression,0_5_to_0_7,146.0,0.5555291319857313,0.4503424657534247,0.4503424657534247,True,True,True,20.5,False,2025,2025-09,2025-W36
MNQ,2025-09-05,2025-09-04 22:00:00+00:00,2025-09-05 13:29:00+00:00,23694.0,23898.75,23691.75,23874.5,321117,930,2025-09-05 13:30:00+00:00,2025-09-05 15:29:00+00:00,23874.5,23902.5,23505.0,23633.0,850981,120,260.8875,primary_2023_2025,207.0,150.0,1.38,expansion,gt_1_3,397.5,1.5236452493891046,0.6075471698113207,-0.6075471698113207,True,True,True,186.75,False,2025,2025-09,2025-W36
MNQ,2025-09-08,2025-09-07 22:00:00+00:00,2025-09-08 13:29:00+00:00,23676.5,23797.25,23650.5,23783.5,266739,930,2025-09-08 13:30:00+00:00,2025-09-08 15:29:00+00:00,23784.25,23888.0,23771.25,23876.25,465033,120,268.075,primary_2023_2025,146.75,152.75,0.9607201309328969,neutral,0_9_to_1_1,116.75,0.4355124498741024,0.7880085653104925,0.7880085653104925,True,False,True,90.75,False,2025,2025-09,2025-W37
MNQ,2025-09-09,2025-09-08 22:00:00+00:00,2025-09-09 13:29:00+00:00,23799.75,23885.25,23790.75,23835.25,237529,930,2025-09-09 13:30:00+00:00,2025-09-09 15:29:00+00:00,23835.0,23857.75,23726.5,23784.25,485870,120,264.7625,primary_2023_2025,94.5,152.75,0.618657937806874,compression,0_5_to_0_7,131.25,0.4957273027713517,0.38666666666666666,-0.38666666666666666,False,True,True,64.25,False,2025,2025-09,2025-W37
MNQ,2025-09-10,2025-09-09 22:00:00+00:00,2025-09-10 13:29:00+00:00,23900.25,24041.0,23874.0,23998.0,261816,930,2025-09-10 13:30:00+00:00,2025-09-10 15:29:00+00:00,23998.5,24000.75,23894.25,23942.5,482820,120,269.925,primary_2023_2025,167.0,150.0,1.1133333333333333,neutral,1_1_to_1_3,106.5,0.3945540427896638,0.5258215962441315,-0.5258215962441315,False,False,False,0.0,False,2025,2025-09,2025-W37
MNQ,2025-09-11,2025-09-10 22:00:00+00:00,2025-09-11 13:29:00+00:00,23856.75,23978.25,23845.0,23977.0,283961,930,2025-09-11 13:30:00+00:00,2025-09-11 15:29:00+00:00,23977.0,24048.75,23909.75,24038.0,477496,120,275.6625,primary_2023_2025,133.25,152.75,0.8723404255319149,neutral,0_7_to_0_9,139.0,0.5042397859701627,0.43884892086330934,0.43884892086330934,True,False,True,70.5,False,2025,2025-09,2025-W37
MNQ,2025-09-12,2025-09-11 22:00:00+00:00,2025-09-12 13:29:00+00:00,24028.0,24053.75,23968.75,24040.25,197534,930,2025-09-12 13:30:00+00:00,2025-09-12 15:29:00+00:00,24040.5,24115.75,24002.0,24087.0,396790,120,262.5,primary_2023_2025,85.0,150.0,0.5666666666666667,compression,0_5_to_0_7,113.75,0.43333333333333335,0.4087912087912088,0.4087912087912088,True,False,True,62.0,False,2025,2025-09,2025-W37
MNQ,2025-09-15,2025-09-14 22:00:00+00:00,2025-09-15 13:29:00+00:00,24112.25,24183.25,24075.5,24177.0,132635,930,2025-09-15 13:30:00+00:00,2025-09-15 15:29:00+00:00,24177.75,24278.75,24172.0,24253.75,179673,120,240.7875,primary_2023_2025,107.75,150.0,0.7183333333333334,neutral,0_7_to_0_9,106.75,0.4433369672429009,0.711943793911007,0.711943793911007,True,False,True,95.5,False,2025,2025-09,2025-W38
MNQ,2025-09-16,2025-09-15 22:00:00+00:00,2025-09-16 13:29:00+00:00,24294.5,24646.75,24284.25,24588.25,141382,930,2025-09-16 13:30:00+00:00,2025-09-16 15:29:00+00:00,24588.25,24600.25,24511.0,24517.5,317553,120,237.6125,primary_2023_2025,362.5,150.0,2.4166666666666665,expansion,gt_1_3,89.25,0.3756115524225367,0.7927170868347339,-0.7927170868347339,False,False,False,0.0,False,2025,2025-09,2025-W38
MNQ,2025-09-17,2025-09-16 22:00:00+00:00,2025-09-17 13:29:00+00:00,24531.0,24553.0,24456.0,24521.25,172250,930,2025-09-17 13:30:00+00:00,2025-09-17 15:29:00+00:00,24521.0,24540.75,24403.5,24412.75,339980,120,240.425,primary_2023_2025,97.0,152.75,0.6350245499181669,compression,0_5_to_0_7,137.25,0.5708640948320682,0.7887067395264117,-0.7887067395264117,False,True,True,52.5,False,2025,2025-09,2025-W38
MNQ,2025-09-18,2025-09-17 22:00:00+00:00,2025-09-18 13:29:00+00:00,24504.0,24766.0,24492.5,24679.5,324686,930,2025-09-18 13:30:00+00:00,2025-09-18 15:29:00+00:00,24679.25,24815.75,24598.75,24782.75,491377,120,248.3,primary_2023_2025,273.5,150.0,1.8233333333333333,expansion,gt_1_3,217.0,0.8739428111155859,0.4769585253456221,0.4769585253456221,True,False,True,49.75,False,2025,2025-09,2025-W38
MNQ,2025-09-19,2025-09-18 22:00:00+00:00,2025-09-19 13:29:00+00:00,24715.0,24784.5,24655.0,24768.25,255032,930,2025-09-19 13:30:00+00:00,2025-09-19 15:29:00+00:00,24768.0,24816.0,24718.75,24727.5,432358,120,249.1,primary_2023_2025,129.5,150.0,0.8633333333333333,neutral,0_7_to_0_9,97.25,0.39040545965475715,0.41645244215938304,-0.41645244215938304,True,False,False,31.5,True,2025,2025-09,2025-W38
MNQ,2025-09-22,2025-09-21 22:00:00+00:00,2025-09-22 13:29:00+00:00,24851.5,24876.0,24748.5,24814.75,242704,930,2025-09-22 13:30:00+00:00,2025-09-22 15:29:00+00:00,24815.25,24938.0,24814.25,24920.25,362231,120,237.175,primary_2023_2025,127.5,148.625,0.8578637510513036,neutral,0_7_to_0_9,123.75,0.5217666280172868,0.8484848484848485,0.8484848484848485,True,False,True,62.0,False,2025,2025-09,2025-W39
MNQ,2025-09-23,2025-09-22 22:00:00+00:00,2025-09-23 13:29:00+00:00,24999.75,25026.25,24973.0,25000.75,189805,930,2025-09-23 13:30:00+00:00,2025-09-23 15:29:00+00:00,25001.0,25009.75,24929.5,24958.75,392757,120,234.3375,primary_2023_2025,53.25,148.0,0.3597972972972973,compression,lt_0_5,80.25,0.3424547927668427,0.5264797507788161,-0.5264797507788161,False,True,True,43.5,False,2025,2025-09,2025-W39
MNQ,2025-09-24,2025-09-23 22:00:00+00:00,2025-09-24 13:29:00+00:00,24839.75,24913.25,24810.75,24884.5,197618,930,2025-09-24 13:30:00+00:00,2025-09-24 15:29:00+00:00,24885.0,24899.25,24777.0,24794.0,423613,120,240.5125,primary_2023_2025,102.5,140.0,0.7321428571428571,neutral,0_7_to_0_9,122.25,0.5082895899381529,0.7443762781186094,-0.7443762781186094,False,True,True,33.75,False,2025,2025-09,2025-W39
MNQ,2025-09-25,2025-09-24 22:00:00+00:00,2025-09-25 13:29:00+00:00,24747.0,24792.5,24540.25,24577.0,341200,930,2025-09-25 13:30:00+00:00,2025-09-25 15:29:00+00:00,24576.5,24656.75,24422.0,24598.75,649054,120,247.8,primary_2023_2025,252.25,140.0,1.8017857142857143,expansion,gt_1_3,234.75,0.9473365617433414,0.09478168264110756,0.09478168264110756,False,True,False,118.25,True,2025,2025-09,2025-W39
MNQ,2025-09-26,2025-09-25 22:00:00+00:00,2025-09-26 13:29:00+00:00,24640.0,24747.25,24568.25,24654.25,368504,930,2025-09-26 13:30:00+00:00,2025-09-26 15:29:00+00:00,24654.25,24733.25,24520.0,24632.0,679561,120,244.7375,primary_2023_2025,179.0,140.0,1.2785714285714285,neutral,1_1_to_1_3,213.25,0.87134174370499,0.10433763188745604,-0.10433763188745604,False,True,False,48.25,True,2025,2025-09,2025-W39
MNQ,2025-09-29,2025-09-28 22:00:00+00:00,2025-09-29 13:29:00+00:00,24727.25,24909.5,24723.75,24851.25,279333,930,2025-09-29 13:30:00+00:00,2025-09-29 15:29:00+00:00,24851.25,24975.0,24848.25,24866.75,455361,120,232.925,primary_2023_2025,185.75,140.0,1.3267857142857142,expansion,gt_1_3,126.75,0.5441665772244284,0.1222879684418146,0.1222879684418146,True,False,False,65.5,True,2025,2025-09,2025-W40
MNQ,2025-09-30,2025-09-29 22:00:00+00:00,2025-09-30 13:29:00+00:00,24812.0,24856.75,24754.25,24820.75,277087,930,2025-09-30 13:30:00+00:00,2025-09-30 15:29:00+00:00,24820.5,24864.0,24722.5,24779.5,563840,120,222.775,primary_2023_2025,102.5,140.0,0.7321428571428571,neutral,0_7_to_0_9,141.5,0.6351700145887106,0.28975265017667845,-0.28975265017667845,True,True,False,31.75,True,2025,2025-09,2025-W40
MNQ,2025-10-01,2025-09-30 22:00:00+00:00,2025-10-01 13:29:00+00:00,24844.5,24877.0,24633.75,24763.75,394395,930,2025-10-01 13:30:00+00:00,2025-10-01 15:29:00+00:00,24763.5,24920.75,24726.0,24890.75,480965,120,225.2625,primary_2023_2025,243.25,131.375,1.851569933396765,expansion,gt_1_3,194.75,0.8645469174851562,0.6534017971758665,0.6534017971758665,True,False,True,43.75,False,2025,2025-10,2025-W40
MNQ,2025-10-02,2025-10-01 22:00:00+00:00,2025-10-02 13:29:00+00:00,25009.5,25180.0,25001.0,25165.0,256569,930,2025-10-02 13:30:00+00:00,2025-10-02 15:29:00+00:00,25164.75,25169.0,24993.75,25041.75,576071,120,239.325,primary_2023_2025,179.0,131.375,1.362511893434824,expansion,gt_1_3,175.25,0.7322678366238379,0.7018544935805991,-0.7018544935805991,False,True,False,7.25,True,2025,2025-10,2025-W40
MNQ,2025-10-03,2025-10-02 22:00:00+00:00,2025-10-03 13:29:00+00:00,25105.0,25197.0,25073.0,25133.0,232510,930,2025-10-03 13:30:00+00:00,2025-10-03 15:29:00+00:00,25133.5,25171.0,25051.0,25134.0,456607,120,238.975,primary_2023_2025,124.0,140.0,0.8857142857142857,neutral,0_7_to_0_9,120.0,0.5021445757924469,0.004166666666666667,0.004166666666666667,False,True,False,22.0,True,2025,2025-10,2025-W40
MNQ,2025-10-06,2025-10-05 22:00:00+00:00,2025-10-06 13:29:00+00:00,24994.0,25241.5,24994.0,25214.25,313729,930,2025-10-06 13:30:00+00:00,2025-10-06 15:29:00+00:00,25214.25,25221.75,25110.25,25161.5,415969,120,234.925,primary_2023_2025,247.5,131.375,1.8839200761179828,expansion,gt_1_3,111.5,0.47461955943386186,0.4730941704035874,-0.4730941704035874,False,False,False,0.0,False,2025,2025-10,2025-W41
MNQ,2025-10-07,2025-10-06 22:00:00+00:00,2025-10-07 13:29:00+00:00,25184.0,25274.75,25122.75,25237.25,278132,930,2025-10-07 13:30:00+00:00,2025-10-07 15:29:00+00:00,25237.25,25265.5,25053.75,25075.0,562704,120,235.8125,primary_2023_2025,152.0,131.375,1.1569933396764986,neutral,1_1_to_1_3,211.75,0.8979591836734694,0.7662337662337663,-0.7662337662337663,False,True,True,69.0,False,2025,2025-10,2025-W41
MNQ,2025-10-08,2025-10-07 22:00:00+00:00,2025-10-08 13:29:00+00:00,25055.0,25111.25,25026.25,25080.25,266899,930,2025-10-08 13:30:00+00:00,2025-10-08 15:29:00+00:00,25080.25,25246.5,25073.25,25236.75,443199,120,248.2375,primary_2023_2025,85.0,142.625,0.595968448729185,compression,0_5_to_0_7,173.25,0.6979203383856186,0.9033189033189033,0.9033189033189033,True,False,True,135.25,False,2025,2025-10,2025-W41
MNQ,2025-10-09,2025-10-08 22:00:00+00:00,2025-10-09 13:29:00+00:00,25354.5,25393.0,25294.25,25329.0,272822,930,2025-10-09 13:30:00+00:00,2025-10-09 15:29:00+00:00,25329.0,25334.75,25193.5,25228.0,517472,120,240.9625,primary_2023_2025,98.75,131.375,0.7516650808753568,neutral,0_7_to_0_9,141.25,0.586190797323235,0.7150442477876107,-0.7150442477876107,False,True,True,100.75,False,2025,2025-10,2025-W41
MNQ,2025-10-10,2025-10-09 22:00:00+00:00,2025-10-10 13:29:00+00:00,25284.75,25356.25,25251.25,25313.75,288405,930,2025-10-10 13:30:00+00:00,2025-10-10 15:29:00+00:00,25313.25,25388.0,24802.75,24820.75,748784,120,243.9375,primary_2023_2025,105.0,128.5,0.8171206225680934,neutral,0_7_to_0_9,585.25,2.399180117858058,0.8415207176420333,-0.8415207176420333,True,True,True,448.5,False,2025,2025-10,2025-W41
MNQ,2025-10-13,2025-10-12 22:00:00+00:00,2025-10-13 13:29:00+00:00,24482.0,24945.0,24482.0,24824.75,722999,930,2025-10-13 13:30:00+00:00,2025-10-13 15:29:00+00:00,24824.75,24913.75,24724.5,24878.0,682564,120,292.5,primary_2023_2025,463.0,128.5,3.603112840466926,expansion,gt_1_3,189.25,0.647008547008547,0.2813738441215324,0.2813738441215324,False,False,False,0.0,False,2025,2025-10,2025-W42
MNQ,2025-10-14,2025-10-13 22:00:00+00:00,2025-10-14 13:29:00+00:00,24905.0,25044.5,24502.5,24638.25,818041,930,2025-10-14 13:30:00+00:00,2025-10-14 15:29:00+00:00,24638.5,24768.75,24423.25,24704.0,691986,120,296.85,primary_2023_2025,542.0,140.75,3.850799289520426,expansion,gt_1_3,345.5,1.1638874852619168,0.18958031837916064,0.18958031837916064,False,True,False,79.25,True,2025,2025-10,2025-W42
MNQ,2025-10-15,2025-10-14 22:00:00+00:00,2025-10-15 13:29:00+00:00,24752.5,25025.25,24740.5,25001.75,450939,930,2025-10-15 13:30:00+00:00,2025-10-15 15:29:00+00:00,25002.25,25117.75,24897.0,25053.0,578223,120,320.5875,primary_2023_2025,284.75,140.75,2.0230905861456483,expansion,gt_1_3,220.75,0.6885795609622959,0.22989807474518686,0.22989807474518686,True,False,True,92.5,False,2025,2025-10,2025-W42
MNQ,2025-10-16,2025-10-15 22:00:00+00:00,2025-10-16 13:29:00+00:00,24939.0,25099.25,24874.5,25045.5,458154,930,2025-10-16 13:30:00+00:00,2025-10-16 15:29:00+00:00,25045.25,25179.75,25013.5,25038.5,739551,120,329.3625,primary_2023_2025,224.75,165.5,1.3580060422960725,expansion,gt_1_3,166.25,0.504762989107746,0.0406015037593985,-0.0406015037593985,True,False,False,80.5,True,2025,2025-10,2025-W42
MNQ,2025-10-17,2025-10-16 22:00:00+00:00,2025-10-17 13:29:00+00:00,24793.75,24858.5,24410.25,24736.0,951683,930,2025-10-17 13:30:00+00:00,2025-10-17 15:29:00+00:00,24735.5,24960.75,24672.25,24735.0,821748,120,343.8375,primary_2023_2025,448.25,165.5,2.7084592145015107,expansion,gt_1_3,288.5,0.8390591485803615,0.0017331022530329288,-0.0017331022530329288,True,False,False,102.25,True,2025,2025-10,2025-W42
MNQ,2025-10-20,2025-10-19 22:00:00+00:00,2025-10-20 13:29:00+00:00,25067.0,25152.75,24956.0,25118.5,443655,930,2025-10-20 13:30:00+00:00,2025-10-20 15:29:00+00:00,25118.75,25333.0,25114.75,25321.0,438420,120,350.675,primary_2023_2025,196.75,179.0,1.0991620111731844,neutral,0_9_to_1_1,218.25,0.6223711413702145,0.9266895761741123,0.9266895761741123,True,False,True,180.25,False,2025,2025-10,2025-W43
MNQ,2025-10-21,2025-10-20 22:00:00+00:00,2025-10-21 13:29:00+00:00,25326.25,25368.0,25252.75,25301.25,311684,930,2025-10-21 13:30:00+00:00,2025-10-21 15:29:00+00:00,25301.0,25304.5,25203.0,25275.75,539419,120,355.85,primary_2023_2025,115.25,182.375,0.6319396847155586,compression,0_5_to_0_7,101.5,0.28523254180132074,0.24876847290640394,-0.24876847290640394,False,True,False,49.75,True,2025,2025-10,2025-W43
MNQ,2025-10-22,2025-10-21 22:00:00+00:00,2025-10-22 13:29:00+00:00,25277.0,25338.5,25206.75,25265.25,333681,930,2025-10-22 13:30:00+00:00,2025-10-22 15:29:00+00:00,25265.25,25289.5,25023.0,25028.0,702180,120,358.3625,primary_2023_2025,131.75,182.375,0.7224126113776559,neutral,0_7_to_0_9,266.5,0.7436603997349053,0.8902439024390244,-0.8902439024390244,False,True,True,183.75,False,2025,2025-10,2025-W43
MNQ,2025-10-23,2025-10-22 22:00:00+00:00,2025-10-23 13:29:00+00:00,25014.75,25128.25,24933.25,25016.25,416997,930,2025-10-23 13:30:00+00:00,2025-10-23 15:29:00+00:00,25016.25,25199.25,24998.75,25180.0,563794,120,375.3,primary_2023_2025,195.0,182.375,1.0692254969156956,neutral,0_9_to_1_1,200.5,0.5342392752464695,0.816708229426434,0.816708229426434,True,False,True,71.0,False,2025,2025-10,2025-W43
MNQ,2025-10-24,2025-10-23 22:00:00+00:00,2025-10-24 13:29:00+00:00,25285.0,25522.5,25275.5,25466.75,316162,930,2025-10-24 13:30:00+00:00,2025-10-24 15:29:00+00:00,25466.5,25550.5,25430.0,25535.0,498191,120,385.575,primary_2023_2025,247.0,182.375,1.3543522960932146,expansion,gt_1_3,120.5,0.3125202619464436,0.5684647302904564,0.5684647302904564,True,False,True,28.0,False,2025,2025-10,2025-W43
MNQ,2025-10-27,2025-10-26 22:00:00+00:00,2025-10-27 13:29:00+00:00,25698.5,25852.5,25698.5,25815.5,302115,930,2025-10-27 13:30:00+00:00,2025-10-27 15:29:00+00:00,25815.75,25901.75,25796.25,25898.5,355444,120,371.05,primary_2023_2025,154.0,190.375,0.8089297439264609,neutral,0_7_to_0_9,105.5,0.28432825764721736,0.7843601895734598,0.7843601895734598,True,False,True,49.25,False,2025,2025-10,2025-W44
MNQ,2025-10-28,2025-10-27 22:00:00+00:00,2025-10-28 13:29:00+00:00,26002.5,26062.0,25942.25,26051.5,251754,930,2025-10-28 13:30:00+00:00,2025-10-28 15:29:00+00:00,26051.5,26094.0,26008.5,26045.0,354416,120,371.0,primary_2023_2025,119.75,187.0,0.6403743315508021,compression,0_5_to_0_7,85.5,0.23045822102425875,0.07602339181286549,-0.07602339181286549,True,False,False,32.0,True,2025,2025-10,2025-W44
MNQ,2025-10-29,2025-10-28 22:00:00+00:00,2025-10-29 13:29:00+00:00,26180.25,26310.0,26164.75,26265.75,322046,930,2025-10-29 13:30:00+00:00,2025-10-29 15:29:00+00:00,26266.0,26326.5,26237.0,26253.75,397585,120,381.2875,primary_2023_2025,145.25,187.0,0.7767379679144385,neutral,0_7_to_0_9,89.5,0.2347310100645838,0.13687150837988826,-0.13687150837988826,True,False,False,16.5,True,2025,2025-10,2025-W44
MNQ,2025-10-30,2025-10-29 22:00:00+00:00,2025-10-30 13:29:00+00:00,26160.5,26399.5,26078.75,26125.25,653104,930,2025-10-30 13:30:00+00:00,2025-10-30 15:29:00+00:00,26125.75,26179.5,25941.5,26057.25,660242,120,388.4875,primary_2023_2025,320.75,166.5,1.9264264264264264,expansion,gt_1_3,238.0,0.6126323240773512,0.28781512605042014,-0.28781512605042014,False,True,True,137.25,False,2025,2025-10,2025-W44
MNQ,2025-10-31,2025-10-30 22:00:00+00:00,2025-10-31 13:29:00+00:00,26156.0,26273.0,26127.25,26198.5,356641,930,2025-10-31 13:30:00+00:00,2025-10-31 15:29:00+00:00,26199.25,26199.5,26057.0,26136.75,502881,120,400.5,primary_2023_2025,145.75,174.5,0.835243553008596,neutral,0_7_to_0_9,142.5,0.35580524344569286,0.43859649122807015,-0.43859649122807015,False,True,False,70.25,True,2025,2025-10,2025-W44
MNQ,2025-11-03,2025-11-02 23:00:00+00:00,2025-11-03 14:29:00+00:00,26026.0,26252.75,26012.5,26235.5,395128,930,2025-11-03 14:30:00+00:00,2025-11-03 16:29:00+00:00,26235.75,26265.75,26012.75,26052.0,527877,120,396.5875,primary_2023_2025,240.25,174.5,1.3767908309455588,expansion,gt_1_3,253.0,0.6379424464966748,0.7262845849802372,-0.7262845849802372,True,False,False,13.0,True,2025,2025-11,2025-W45
MNQ,2025-11-04,2025-11-03 23:00:00+00:00,2025-11-04 14:29:00+00:00,26105.5,26105.5,25644.75,25741.5,649674,930,2025-11-04 14:30:00+00:00,2025-11-04 16:29:00+00:00,25741.5,25893.75,25663.0,25771.25,561378,120,353.075,primary_2023_2025,460.75,174.5,2.640401146131805,expansion,gt_1_3,230.75,0.6535438646179991,0.12892741061755147,0.12892741061755147,False,False,False,0.0,False,2025,2025-11,2025-W45
MNQ,2025-11-05,2025-11-04 23:00:00+00:00,2025-11-05 14:29:00+00:00,25545.0,25595.75,25282.75,25542.0,716596,930,2025-11-05 14:30:00+00:00,2025-11-05 16:29:00+00:00,25542.25,25747.25,25487.75,25742.5,572068,120,366.6,primary_2023_2025,313.0,195.875,1.5979578813018507,expansion,gt_1_3,259.5,0.7078559738134206,0.7716763005780347,0.7716763005780347,True,False,True,151.5,False,2025,2025-11,2025-W45
MNQ,2025-11-06,2025-11-05 23:00:00+00:00,2025-11-06 14:29:00+00:00,25732.0,25823.75,25616.75,25673.25,510822,930,2025-11-06 14:30:00+00:00,2025-11-06 16:29:00+00:00,25673.75,25684.75,25276.75,25333.0,804962,120,374.3375,primary_2023_2025,207.0,210.75,0.9822064056939501,neutral,0_9_to_1_1,408.0,1.0899255351120314,0.835171568627451,-0.835171568627451,False,True,True,340.0,False,2025,2025-11,2025-W45
MNQ,2025-11-07,2025-11-06 23:00:00+00:00,2025-11-07 14:29:00+00:00,25311.0,25354.75,25062.0,25110.0,753364,930,2025-11-07 14:30:00+00:00,2025-11-07 16:29:00+00:00,25110.25,25111.5,24770.75,24795.5,785981,120,381.225,primary_2023_2025,292.75,215.875,1.3561088592935726,expansion,gt_1_3,340.75,0.8938291035477736,0.9236977256052825,-0.9236977256052825,False,True,True,291.25,False,2025,2025-11,2025-W45
MNQ,2025-11-10,2025-11-09 23:00:00+00:00,2025-11-10 14:29:00+00:00,25319.75,25569.5,25268.75,25538.5,494070,930,2025-11-10 14:30:00+00:00,2025-11-10 16:29:00+00:00,25539.0,25666.5,25471.5,25483.0,580454,120,374.9625,primary_2023_2025,300.75,232.5,1.293548387096774,neutral,1_1_to_1_3,195.0,0.5200520052005201,0.28717948717948716,-0.28717948717948716,True,False,False,97.0,True,2025,2025-11,2025-W46
MNQ,2025-11-11,2025-11-10 23:00:00+00:00,2025-11-11 14:29:00+00:00,25721.0,25768.75,25572.5,25605.25,445002,930,2025-11-11 14:30:00+00:00,2025-11-11 16:29:00+00:00,25605.25,25646.0,25486.0,25511.0,556511,120,358.5875,primary_2023_2025,196.25,232.5,0.8440860215053764,neutral,0_7_to_0_9,160.0,0.4461951406560463,0.5890625,-0.5890625,False,True,True,86.5,False,2025,2025-11,2025-W46
MNQ,2025-11-12,2025-11-11 23:00:00+00:00,2025-11-12 14:29:00+00:00,25676.5,25830.5,25629.25,25778.25,349728,930,2025-11-12 14:30:00+00:00,2025-11-12 16:29:00+00:00,25778.5,25780.5,25497.0,25582.25,645395,120,365.5125,primary_2023_2025,201.25,215.875,0.9322524609148813,neutral,0_9_to_1_1,283.5,0.775623268698061,0.6922398589065256,-0.6922398589065256,False,True,True,132.25,False,2025,2025-11,2025-W46
MNQ,2025-11-13,2025-11-12 23:00:00+00:00,2025-11-13 14:29:00+00:00,25626.25,25721.75,25434.5,25478.25,620125,930,2025-11-13 14:30:00+00:00,2025-11-13 16:29:00+00:00,25477.25,25501.5,25180.75,25224.75,831921,120,366.0625,primary_2023_2025,287.25,204.125,1.4072259644825476,expansion,gt_1_3,320.75,0.8762164930851972,0.7872174590802806,-0.7872174590802806,False,True,True,253.75,False,2025,2025-11,2025-W46
MNQ,2025-11-14,2025-11-13 23:00:00+00:00,2025-11-14 14:29:00+00:00,25100.0,25155.75,24657.5,24723.25,865383,930,2025-11-14 14:30:00+00:00,2025-11-14 16:29:00+00:00,24722.75,25268.0,24626.0,25241.0,885429,120,394.825,primary_2023_2025,498.25,204.125,2.4409063074096755,expansion,gt_1_3,642.0,1.6260368517697714,0.8072429906542056,0.8072429906542056,True,True,True,112.25,False,2025,2025-11,2025-W46
MNQ,2025-11-17,2025-11-16 23:00:00+00:00,2025-11-17 14:29:00+00:00,25144.0,25362.0,24989.25,24997.75,689089,930,2025-11-17 14:30:00+00:00,2025-11-17 16:29:00+00:00,24997.75,25254.75,24943.5,25070.25,798845,120,394.8625,primary_2023_2025,372.75,204.125,1.826086956521739,expansion,gt_1_3,311.25,0.7882490740447624,0.23293172690763053,0.23293172690763053,False,True,False,45.75,True,2025,2025-11,2025-W47
MNQ,2025-11-18,2025-11-17 23:00:00+00:00,2025-11-18 14:29:00+00:00,24904.75,24959.75,24603.75,24717.75,855171,930,2025-11-18 14:30:00+00:00,2025-11-18 16:29:00+00:00,24718.25,24832.0,24380.0,24647.75,1043921,120,420.125,primary_2023_2025,356.0,223.625,1.5919508105086642,expansion,gt_1_3,452.0,1.075870276703362,0.15597345132743362,-0.15597345132743362,False,True,False,223.75,True,2025,2025-11,2025-W47
MNQ,2025-11-19,2025-11-18 23:00:00+00:00,2025-11-19 14:29:00+00:00,24547.0,24731.5,24446.5,24610.75,670342,930,2025-11-19 14:30:00+00:00,2025-11-19 16:29:00+00:00,24610.75,24988.0,24572.75,24707.25,879649,120,439.6375,primary_2023_2025,285.0,243.625,1.1698306824012314,neutral,1_1_to_1_3,415.25,0.9445281624065281,0.23239012642986154,0.23239012642986154,True,False,False,256.5,True,2025,2025-11,2025-W47
MNQ,2025-11-20,2025-11-19 23:00:00+00:00,2025-11-20 14:29:00+00:00,24968.75,25265.0,24950.5,25211.0,653745,930,2025-11-20 14:30:00+00:00,2025-11-20 16:29:00+00:00,25211.25,25310.0,24883.75,24904.5,912922,120,463.475,primary_2023_2025,314.5,266.0,1.1823308270676691,neutral,1_1_to_1_3,426.25,0.9196828307891471,0.7196480938416422,-0.7196480938416422,True,True,True,66.75,False,2025,2025-11,2025-W47
MNQ,2025-11-21,2025-11-20 23:00:00+00:00,2025-11-21 14:29:00+00:00,24096.75,24291.75,23904.0,24202.75,933346,930,2025-11-21 14:30:00+00:00,2025-11-21 16:29:00+00:00,24202.75,24298.25,23927.25,24175.5,902728,120,512.55,primary_2023_2025,387.75,286.125,1.3551769331585846,expansion,gt_1_3,371.0,0.7238318212857283,0.07345013477088949,-0.07345013477088949,True,False,False,6.5,True,2025,2025-11,2025-W47
MNQ,2025-11-24,2025-11-23 23:00:00+00:00,2025-11-24 14:29:00+00:00,24449.75,24574.5,24361.25,24522.75,628560,930,2025-11-24 14:30:00+00:00,2025-11-24 16:29:00+00:00,24522.25,24882.5,24513.5,24864.5,700494,120,509.7,primary_2023_2025,213.25,290.0,0.7353448275862069,neutral,0_7_to_0_9,369.0,0.723955267804591,0.9275067750677507,0.9275067750677507,True,False,True,308.0,False,2025,2025-11,2025-W48
MNQ,2025-11-25,2025-11-24 23:00:00+00:00,2025-11-25 14:29:00+00:00,24973.25,24986.75,24821.75,24856.75,501929,930,2025-11-25 14:30:00+00:00,2025-11-25 16:29:00+00:00,24856.75,24883.0,24602.0,24854.25,922015,120,522.0375,primary_2023_2025,165.0,290.0,0.5689655172413793,compression,0_5_to_0_7,281.0,0.5382755070277518,0.008896797153024912,-0.008896797153024912,False,True,False,219.75,True,2025,2025-11,2025-W48
MNQ,2025-11-26,2025-11-25 23:00:00+00:00,2025-11-26 14:29:00+00:00,25070.0,25236.0,25061.75,25222.0,429907,930,2025-11-26 14:30:00+00:00,2025-11-26 16:29:00+00:00,25222.0,25338.5,25134.75,25323.0,633969,120,546.2375,primary_2023_2025,174.25,290.0,0.6008620689655172,compression,0_5_to_0_7,203.75,0.37300624728254655,0.49570552147239266,0.49570552147239266,True,False,True,102.5,False,2025,2025-11,2025-W48
MNQ,2025-11-27,2025-11-26 23:00:00+00:00,2025-11-27 14:29:00+00:00,25316.75,25339.5,25288.0,25301.0,167124,930,2025-11-27 14:30:00+00:00,2025-11-27 16:29:00+00:00,25301.5,25318.0,25285.75,25301.5,42799,120,541.075,primary_2023_2025,51.5,290.0,0.17758620689655172,compression,lt_0_5,32.25,0.05960356697315529,0.0,0.0,False,True,False,2.25,True,2025,2025-11,2025-W48
MNQ,2025-11-28,2025-11-27 23:00:00+00:00,2025-11-28 14:29:00+00:00,25303.5,25420.0,25303.0,25359.0,52488,285,2025-11-28 14:30:00+00:00,2025-11-28 16:29:00+00:00,25359.5,25437.0,25329.5,25389.0,170337,120,512.875,primary_2023_2025,117.0,286.125,0.4089121887287025,compression,lt_0_5,107.5,0.20960272970996832,0.2744186046511628,0.2744186046511628,True,False,False,17.0,True,2025,2025-11,2025-W48
MNQ,2025-12-01,2025-11-30 23:00:00+00:00,2025-12-01 14:29:00+00:00,25484.0,25542.25,25193.5,25254.75,608533,930,2025-12-01 14:30:00+00:00,2025-12-01 16:29:00+00:00,25254.75,25419.75,25209.0,25380.75,603167,120,480.3375,primary_2023_2025,348.75,286.125,1.218872870249017,neutral,1_1_to_1_3,210.75,0.4387540010929815,0.597864768683274,0.597864768683274,False,False,False,0.0,False,2025,2025-12,2025-W49
MNQ,2025-12-02,2025-12-01 23:00:00+00:00,2025-12-02 14:29:00+00:00,25422.75,25523.0,25324.0,25492.25,397642,930,2025-12-02 14:30:00+00:00,2025-12-02 16:29:00+00:00,25492.25,25670.0,25443.0,25459.75,714127,120,463.1625,primary_2023_2025,199.0,290.0,0.6862068965517242,compression,0_5_to_0_7,227.0,0.4901087631230939,0.14317180616740088,-0.14317180616740088,True,False,False,147.0,True,2025,2025-12,2025-W49
MNQ,2025-12-03,2025-12-02 23:00:00+00:00,2025-12-03 14:29:00+00:00,25613.5,25678.5,25420.75,25495.0,456924,930,2025-12-03 14:30:00+00:00,2025-12-03 16:29:00+00:00,25495.0,25605.25,25430.0,25566.75,611146,120,469.8375,primary_2023_2025,257.75,286.125,0.9008300567933596,neutral,0_9_to_1_1,175.25,0.37300130364221673,0.4094151212553495,0.4094151212553495,False,False,False,0.0,False,2025,2025-12,2025-W49
MNQ,2025-12-04,2025-12-03 23:00:00+00:00,2025-12-04 14:29:00+00:00,25649.75,25732.5,25602.75,25711.5,353417,930,2025-12-04 14:30:00+00:00,2025-12-04 16:29:00+00:00,25711.75,25713.25,25505.25,25583.0,614283,120,467.2625,primary_2023_2025,129.75,271.375,0.4781206817134961,compression,lt_0_5,208.0,0.44514592975040795,0.6189903846153846,-0.6189903846153846,False,True,True,97.5,False,2025,2025-12,2025-W49
MNQ,2025-12-05,2025-12-04 23:00:00+00:00,2025-12-05 14:29:00+00:00,25631.0,25755.5,25579.0,25680.0,343278,930,2025-12-05 14:30:00+00:00,2025-12-05 16:29:00+00:00,25679.75,25867.75,25660.5,25698.0,616367,120,465.4125,primary_2023_2025,176.5,271.375,0.6503915246430216,compression,0_5_to_0_7,207.25,0.4453038970805468,0.08805790108564536,0.08805790108564536,True,False,False,112.25,True,2025,2025-12,2025-W49
MNQ,2025-12-08,2025-12-07 23:00:00+00:00,2025-12-08 14:29:00+00:00,25748.5,25833.0,25700.0,25791.25,283734,930,2025-12-08 14:30:00+00:00,2025-12-08 16:29:00+00:00,25791.5,25860.75,25622.25,25661.5,501349,120,431.9375,primary_2023_2025,133.0,235.5,0.564755838641189,compression,0_5_to_0_7,238.5,0.5521632180581681,0.5450733752620545,-0.5450733752620545,True,True,True,77.75,False,2025,2025-12,2025-W50
MNQ,2025-12-09,2025-12-08 23:00:00+00:00,2025-12-09 14:29:00+00:00,25713.0,25729.5,25589.0,25618.25,315707,930,2025-12-09 14:30:00+00:00,2025-12-09 16:29:00+00:00,25618.75,25709.75,25560.0,25689.75,435954,120,413.4125,primary_2023_2025,140.5,207.25,0.6779252110977081,compression,0_5_to_0_7,149.75,0.3622290085568288,0.4741235392320534,0.4741235392320534,False,True,False,29.0,True,2025,2025-12,2025-W50
MNQ,2025-12-10,2025-12-09 23:00:00+00:00,2025-12-10 14:29:00+00:00,25681.0,25746.25,25615.75,25647.25,300598,930,2025-12-10 14:30:00+00:00,2025-12-10 16:29:00+00:00,25647.25,25673.0,25528.25,25647.25,514593,120,409.175,primary_2023_2025,130.5,207.25,0.6296743063932448,compression,0_5_to_0_7,144.75,0.3537606158734038,0.0,0.0,False,True,False,87.5,True,2025,2025-12,2025-W50
MNQ,2025-12-11,2025-12-10 23:00:00+00:00,2025-12-11 14:29:00+00:00,25777.75,25792.5,25382.0,25643.25,528430,930,2025-12-11 14:30:00+00:00,2025-12-11 16:29:00+00:00,25643.0,25649.75,25390.25,25466.75,780386,120,395.8375,primary_2023_2025,410.5,206.125,1.9915100060642814,expansion,gt_1_3,259.5,0.6555720466100358,0.6791907514450867,-0.6791907514450867,False,False,False,0.0,False,2025,2025-12,2025-W50
MNQ,2025-12-12,2025-12-11 23:00:00+00:00,2025-12-12 14:29:00+00:00,25719.5,25733.75,25532.25,25559.75,379003,930,2025-12-12 14:30:00+00:00,2025-12-12 16:29:00+00:00,25559.75,25620.5,25133.75,25224.25,923512,120,395.4625,primary_2023_2025,201.5,206.125,0.9775621588841722,neutral,0_9_to_1_1,486.75,1.2308373107437496,0.6892655367231638,-0.6892655367231638,False,True,True,398.5,False,2025,2025-12,2025-W50
MNQ,2025-12-15,2025-12-14 23:00:00+00:00,2025-12-15 14:29:00+00:00,25214.5,25408.75,25131.25,25408.0,215668,930,2025-12-15 14:30:00+00:00,2025-12-15 16:29:00+00:00,25408.0,25410.0,25034.5,25255.25,375462,120,330.35,primary_2023_2025,277.5,200.25,1.3857677902621723,expansion,gt_1_3,375.5,1.1366732253670349,0.40679094540612515,-0.40679094540612515,True,True,False,96.75,True,2025,2025-12,2025-W51
MNQ,2025-12-16,2025-12-15 23:00:00+00:00,2025-12-16 14:29:00+00:00,25100.0,25383.5,25036.75,25231.5,417319,930,2025-12-16 14:30:00+00:00,2025-12-16 16:29:00+00:00,25231.75,25408.5,25176.0,25232.0,637660,120,314.5,primary_2023_2025,346.75,200.25,1.731585518102372,expansion,gt_1_3,232.5,0.739268680445151,0.001075268817204301,0.001075268817204301,True,False,False,25.0,True,2025,2025-12,2025-W51
MNQ,2025-12-17,2025-12-16 23:00:00+00:00,2025-12-17 14:29:00+00:00,25333.0,25508.0,25265.25,25421.75,384832,930,2025-12-17 14:30:00+00:00,2025-12-17 16:29:00+00:00,25422.25,25449.25,25009.0,25068.5,720805,120,326.4,primary_2023_2025,242.75,200.25,1.2122347066167292,neutral,1_1_to_1_3,440.25,1.3488051470588236,0.8035207268597387,-0.8035207268597387,False,True,True,256.25,False,2025,2025-12,2025-W51
MNQ,2025-12-18,2025-12-17 23:00:00+00:00,2025-12-18 14:29:00+00:00,24980.0,25286.0,24901.25,25279.5,437562,930,2025-12-18 14:30:00+00:00,2025-12-18 16:29:00+00:00,25279.0,25417.0,25160.75,25352.75,613402,120,325.8125,primary_2023_2025,384.75,200.25,1.9213483146067416,expansion,gt_1_3,256.25,0.7864953002110109,0.28780487804878047,0.28780487804878047,True,False,True,131.0,False,2025,2025-12,2025-W51
MNQ,2025-12-19,2025-12-18 23:00:00+00:00,2025-12-19 14:29:00+00:00,25237.5,25393.5,25209.0,25362.0,396022,930,2025-12-19 14:30:00+00:00,2025-12-19 16:29:00+00:00,25361.75,25601.0,25356.25,25541.5,557844,120,319.25,primary_2023_2025,184.5,200.25,0.9213483146067416,neutral,0_9_to_1_1,244.75,0.7666405638214565,0.7344228804902962,0.7344228804902962,True,False,True,207.5,False,2025,2025-12,2025-W51
MNQ,2025-12-22,2025-12-21 23:00:00+00:00,2025-12-22 14:29:00+00:00,25635.0,25785.75,25631.5,25781.0,259174,930,2025-12-22 14:30:00+00:00,2025-12-22 16:29:00+00:00,25780.5,25795.0,25629.5,25712.25,467411,120,322.525,primary_2023_2025,154.25,191.75,0.8044328552803129,neutral,0_7_to_0_9,165.5,0.513138516394078,0.4123867069486405,-0.4123867069486405,True,True,False,9.25,True,2025,2025-12,2025-W52
MNQ,2025-12-23,2025-12-22 23:00:00+00:00,2025-12-23 14:29:00+00:00,25701.25,25738.5,25608.5,25644.5,242467,930,2025-12-23 14:30:00+00:00,2025-12-23 16:29:00+00:00,25644.25,25757.75,25627.25,25743.5,399158,120,322.2625,primary_2023_2025,130.0,180.5,0.7202216066481995,neutral,0_7_to_0_9,130.5,0.4049493813273341,0.7605363984674329,0.7605363984674329,True,False,True,19.25,False,2025,2025-12,2025-W52
MNQ,2025-12-24,2025-12-23 23:00:00+00:00,2025-12-24 14:29:00+00:00,25812.0,25831.75,25777.5,25795.25,133829,930,2025-12-24 14:30:00+00:00,2025-12-24 16:29:00+00:00,25795.75,25856.25,25781.75,25853.5,199264,120,317.375,primary_2023_2025,54.25,180.5,0.30055401662049863,compression,lt_0_5,74.5,0.23473808586057504,0.7751677852348994,0.7751677852348994,True,False,True,24.5,False,2025,2025-12,2025-W52
MNQ,2025-12-26,2025-12-25 23:00:00+00:00,2025-12-26 14:29:00+00:00,25870.0,25923.25,25842.5,25899.25,143654,930,2025-12-26 14:30:00+00:00,2025-12-26 16:29:00+00:00,25899.25,25935.0,25834.25,25881.25,293043,120,293.0625,primary_2023_2025,80.75,180.5,0.4473684210526316,compression,lt_0_5,100.75,0.3437833226700789,0.17866004962779156,-0.17866004962779156,True,True,False,11.75,True,2025,2025-12,2025-W52
MNQ,2025-12-29,2025-12-28 23:00:00+00:00,2025-12-29 14:29:00+00:00,25869.0,25893.5,25656.0,25707.0,308074,930,2025-12-29 14:30:00+00:00,2025-12-29 16:29:00+00:00,25707.0,25818.75,25661.5,25704.25,444426,120,276.0375,primary_2023_2025,237.5,180.5,1.3157894736842106,expansion,gt_1_3,157.25,0.5696689761354888,0.017488076311605722,-0.017488076311605722,False,False,False,0.0,False,2025,2025-12,2026-W01
MNQ,2025-12-30,2025-12-29 23:00:00+00:00,2025-12-30 14:29:00+00:00,25747.5,25755.0,25684.0,25692.5,212039,930,2025-12-30 14:30:00+00:00,2025-12-30 16:29:00+00:00,25692.5,25794.0,25673.5,25774.0,367641,120,272.025,primary_2023_2025,71.0,191.75,0.37027379400260757,compression,lt_0_5,120.5,0.44297399136108817,0.6763485477178424,0.6763485477178424,True,True,True,39.0,False,2025,2025-12,2026-W01
MNQ,2025-12-31,2025-12-30 23:00:00+00:00,2025-12-31 14:29:00+00:00,25678.25,25718.25,25552.25,25678.5,239445,930,2025-12-31 14:30:00+00:00,2025-12-31 16:29:00+00:00,25679.0,25692.25,25542.5,25596.0,327467,120,277.1625,primary_2023_2025,166.0,180.5,0.9196675900277008,neutral,0_9_to_1_1,149.75,0.5402967573174581,0.5542570951585977,-0.5542570951585977,False,True,False,9.75,True,2025,2025-12,2026-W01
NQ,2023-01-03,2023-01-02 23:00:00+00:00,2023-01-03 14:29:00+00:00,11122.5,11171.0,10952.0,11119.25,156043,930,2023-01-03 14:30:00+00:00,2023-01-03 16:29:00+00:00,11119.0,11182.0,10890.75,10914.25,217911,120,,primary_2023_2025,219.0,,,unclassified,,291.25,,0.7030042918454935,-0.7030042918454935,True,True,True,61.25,False,2023,2023-01,2023-W01
NQ,2023-01-04,2023-01-03 23:00:00+00:00,2023-01-04 14:29:00+00:00,10941.25,11051.25,10920.25,11033.5,112520,930,2023-01-04 14:30:00+00:00,2023-01-04 16:29:00+00:00,11033.5,11046.5,10863.5,10992.25,260409,120,,primary_2023_2025,131.0,,,unclassified,,183.0,,0.22540983606557377,-0.22540983606557377,False,True,False,56.75,True,2023,2023-01,2023-W01
NQ,2023-01-05,2023-01-04 23:00:00+00:00,2023-01-05 14:29:00+00:00,10988.5,11046.75,10889.0,10922.25,127686,930,2023-01-05 14:30:00+00:00,2023-01-05 16:29:00+00:00,10922.5,10927.25,10814.75,10848.25,243001,120,,primary_2023_2025,157.75,,,unclassified,,112.5,,0.66,-0.66,False,True,True,74.25,False,2023,2023-01,2023-W01
NQ,2023-01-06,2023-01-05 23:00:00+00:00,2023-01-06 14:29:00+00:00,10838.75,10969.5,10751.0,10891.0,163014,930,2023-01-06 14:30:00+00:00,2023-01-06 16:29:00+00:00,10891.0,11022.25,10766.25,10986.25,285644,120,,primary_2023_2025,218.5,,,unclassified,,256.0,,0.3720703125,0.3720703125,True,False,True,52.75,False,2023,2023-01,2023-W01
NQ,2023-01-09,2023-01-08 23:00:00+00:00,2023-01-09 14:29:00+00:00,11126.5,11205.25,11120.25,11199.75,109693,928,2023-01-09 14:30:00+00:00,2023-01-09 16:29:00+00:00,11199.75,11385.5,11194.75,11373.5,225475,120,,primary_2023_2025,85.0,,,unclassified,,190.75,,0.9108781127129751,0.9108781127129751,True,False,True,180.25,False,2023,2023-01,2023-W02
NQ,2023-01-10,2023-01-09 23:00:00+00:00,2023-01-10 14:29:00+00:00,11184.75,11205.75,11094.0,11142.75,124026,930,2023-01-10 14:30:00+00:00,2023-01-10 16:29:00+00:00,11142.75,11283.25,11120.75,11194.75,242531,120,,primary_2023_2025,111.75,,,unclassified,,162.5,,0.32,0.32,True,False,False,77.5,True,2023,2023-01,2023-W02
NQ,2023-01-11,2023-01-10 23:00:00+00:00,2023-01-11 14:29:00+00:00,11282.5,11333.75,11239.75,11323.75,94897,930,2023-01-11 14:30:00+00:00,2023-01-11 16:29:00+00:00,11323.75,11388.75,11291.0,11369.25,171684,120,,primary_2023_2025,94.0,,,unclassified,,97.75,,0.46547314578005117,0.46547314578005117,True,False,True,55.0,False,2023,2023-01,2023-W02
NQ,2023-01-12,2023-01-11 23:00:00+00:00,2023-01-12 14:29:00+00:00,11474.5,11579.75,11291.0,11490.5,212340,930,2023-01-12 14:30:00+00:00,2023-01-12 16:29:00+00:00,11490.0,11518.75,11311.25,11451.0,240145,120,,primary_2023_2025,288.75,,,unclassified,,207.5,,0.18795180722891566,-0.18795180722891566,False,False,False,0.0,False,2023,2023-01,2023-W02
NQ,2023-01-13,2023-01-12 23:00:00+00:00,2023-01-13 14:29:00+00:00,11528.5,11536.25,11389.0,11424.25,114651,930,2023-01-13 14:30:00+00:00,2023-01-13 16:29:00+00:00,11424.0,11538.25,11408.75,11485.25,168706,120,,primary_2023_2025,147.25,,,unclassified,,129.5,,0.47297297297297297,0.47297297297297297,True,False,False,2.0,True,2023,2023-01,2023-W02
NQ,2023-01-16,2023-01-15 23:00:00+00:00,2023-01-16 14:29:00+00:00,11613.5,11638.75,11510.25,11590.25,63532,929,2023-01-16 14:30:00+00:00,2023-01-16 16:29:00+00:00,11591.25,11611.25,11582.0,11586.5,15040,120,,primary_2023_2025,128.5,,,unclassified,,29.25,,0.1623931623931624,-0.1623931623931624,False,False,False,0.0,False,2023,2023-01,2023-W03
NQ,2023-01-17,2023-01-16 23:00:00+00:00,2023-01-17 14:29:00+00:00,11570.0,11604.25,11530.5,11598.75,97298,930,2023-01-17 14:30:00+00:00,2023-01-17 16:29:00+00:00,11598.75,11685.0,11549.5,11582.75,200265,120,,primary_2023_2025,73.75,,,unclassified,,135.5,,0.11808118081180811,-0.11808118081180811,True,False,False,80.75,True,2023,2023-01,2023-W03
NQ,2023-01-18,2023-01-17 23:00:00+00:00,2023-01-18 14:29:00+00:00,11619.75,11721.75,11581.75,11695.0,126945,930,2023-01-18 14:30:00+00:00,2023-01-18 16:29:00+00:00,11695.0,11759.5,11542.0,11564.25,231357,120,,primary_2023_2025,140.0,,,unclassified,,217.5,,0.6011494252873564,-0.6011494252873564,True,True,True,39.75,False,2023,2023-01,2023-W03
NQ,2023-01-19,2023-01-18 23:00:00+00:00,2023-01-19 14:29:00+00:00,11470.5,11487.0,11344.75,11407.25,130064,930,2023-01-19 14:30:00+00:00,2023-01-19 16:29:00+00:00,11407.25,11446.5,11321.0,11331.75,202539,120,,primary_2023_2025,142.25,,,unclassified,,125.5,,0.601593625498008,-0.601593625498008,False,True,True,23.75,False,2023,2023-01,2023-W03
NQ,2023-01-20,2023-01-19 23:00:00+00:00,2023-01-20 14:29:00+00:00,11401.0,11448.5,11365.25,11428.5,96059,930,2023-01-20 14:30:00+00:00,2023-01-20 16:29:00+00:00,11428.25,11538.25,11383.5,11536.0,185309,120,,primary_2023_2025,83.25,,,unclassified,,154.75,,0.6962843295638126,0.6962843295638126,True,False,True,89.75,False,2023,2023-01,2023-W03
NQ,2023-01-23,2023-01-22 23:00:00+00:00,2023-01-23 14:29:00+00:00,11676.75,11723.25,11650.5,11703.75,84888,929,2023-01-23 14:30:00+00:00,2023-01-23 16:29:00+00:00,11704.0,11957.0,11671.75,11911.0,223755,120,,primary_2023_2025,72.75,,,unclassified,,285.25,,0.7256792287467134,0.7256792287467134,True,False,True,233.75,False,2023,2023-01,2023-W04
NQ,2023-01-24,2023-01-23 23:00:00+00:00,2023-01-24 14:29:00+00:00,11933.0,11944.75,11835.75,11860.0,86958,930,2023-01-24 14:30:00+00:00,2023-01-24 16:29:00+00:00,11860.0,11951.5,11838.25,11937.0,200538,120,,primary_2023_2025,109.0,,,unclassified,,113.25,,0.6799116997792495,0.6799116997792495,True,False,False,6.75,True,2023,2023-01,2023-W04
NQ,2023-01-25,2023-01-24 23:00:00+00:00,2023-01-25 14:29:00+00:00,11970.5,11976.5,11701.0,11712.5,132141,930,2023-01-25 14:30:00+00:00,2023-01-25 16:29:00+00:00,11712.5,11744.0,11604.5,11724.5,226015,120,220.7375,primary_2023_2025,275.5,,,unclassified,,139.5,0.6319723653661022,0.08602150537634409,0.08602150537634409,False,True,False,96.5,True,2023,2023-01,2023-W04
NQ,2023-01-26,2023-01-25 23:00:00+00:00,2023-01-26 14:29:00+00:00,11874.75,12025.75,11867.25,12017.25,133137,930,2023-01-26 14:30:00+00:00,2023-01-26 16:29:00+00:00,12017.75,12075.0,11904.25,11946.0,233068,120,226.75,primary_2023_2025,158.5,,,unclassified,,170.75,0.75303197353914,0.42020497803806733,-0.42020497803806733,True,False,False,49.25,True,2023,2023-01,2023-W04
NQ,2023-01-27,2023-01-26 23:00:00+00:00,2023-01-27 14:29:00+00:00,12049.0,12078.75,12016.0,12047.0,94922,930,2023-01-27 14:30:00+00:00,2023-01-27 16:29:00+00:00,12047.25,12193.25,12041.75,12158.0,201187,120,220.325,primary_2023_2025,62.75,,,unclassified,,151.5,0.6876205605355725,0.731023102310231,0.731023102310231,True,False,True,114.5,False,2023,2023-01,2023-W04
NQ,2023-01-30,2023-01-29 23:00:00+00:00,2023-01-30 14:29:00+00:00,12212.5,12252.0,12039.0,12083.5,135237,930,2023-01-30 14:30:00+00:00,2023-01-30 16:29:00+00:00,12082.25,12143.25,11982.5,12055.0,219414,120,216.7125,primary_2023_2025,213.0,,,unclassified,,160.75,0.7417661648497433,0.16951788491446346,-0.16951788491446346,False,True,False,56.5,True,2023,2023-01,2023-W05
NQ,2023-01-31,2023-01-30 23:00:00+00:00,2023-01-31 14:29:00+00:00,11984.0,12017.25,11871.0,11975.0,148027,930,2023-01-31 14:30:00+00:00,2023-01-31 16:29:00+00:00,11974.25,12092.25,11969.0,12083.75,180386,120,208.85,primary_2023_2025,146.25,135.5,1.0793357933579335,neutral,0_9_to_1_1,123.25,0.5901364615752933,0.8884381338742393,0.8884381338742393,True,False,True,75.0,False,2023,2023-01,2023-W05
NQ,2023-02-01,2023-01-31 23:00:00+00:00,2023-02-01 14:29:00+00:00,12116.0,12168.75,12084.75,12144.0,94936,930,2023-02-01 14:30:00+00:00,2023-02-01 16:29:00+00:00,12143.75,12158.0,12076.75,12130.0,140815,120,220.3625,primary_2023_2025,84.0,135.5,0.6199261992619927,compression,0_5_to_0_7,81.25,0.36871064722899766,0.16923076923076924,-0.16923076923076924,False,True,False,8.0,True,2023,2023-02,2023-W05
NQ,2023-02-02,2023-02-01 23:00:00+00:00,2023-02-02 14:29:00+00:00,12520.0,12682.0,12501.75,12681.0,163979,930,2023-02-02 14:30:00+00:00,2023-02-02 16:29:00+00:00,12681.25,12832.25,12647.25,12809.5,238505,120,232.325,primary_2023_2025,180.25,134.25,1.3426443202979517,expansion,gt_1_3,185.0,0.7962982890347574,0.6932432432432433,0.6932432432432433,True,False,True,150.25,False,2023,2023-02,2023-W05
NQ,2023-02-03,2023-02-02 23:00:00+00:00,2023-02-03 14:29:00+00:00,12748.25,12761.0,12551.25,12575.25,214052,930,2023-02-03 14:30:00+00:00,2023-02-03 16:29:00+00:00,12574.25,12857.75,12558.5,12841.0,272763,120,244.0375,primary_2023_2025,209.75,134.25,1.5623836126629422,expansion,gt_1_3,299.25,1.2262459662961636,0.8913951545530493,0.8913951545530493,True,False,True,96.75,False,2023,2023-02,2023-W05
NQ,2023-02-06,2023-02-05 23:00:00+00:00,2023-02-06 14:29:00+00:00,12572.0,12605.5,12457.25,12508.75,146111,930,2023-02-06 14:30:00+00:00,2023-02-06 16:29:00+00:00,12509.0,12598.0,12455.75,12591.5,186600,120,236.0625,primary_2023_2025,148.25,134.25,1.1042830540037243,neutral,1_1_to_1_3,142.25,0.6025946518400848,0.5799648506151143,0.5799648506151143,False,True,False,1.5,True,2023,2023-02,2023-W06
NQ,2023-02-07,2023-02-06 23:00:00+00:00,2023-02-07 14:29:00+00:00,12513.0,12573.5,12475.5,12503.5,109969,929,2023-02-07 14:30:00+00:00,2023-02-07 16:29:00+00:00,12504.0,12568.0,12477.0,12558.5,149304,120,232.175,primary_2023_2025,98.0,141.125,0.6944198405668733,compression,0_5_to_0_7,91.0,0.3919457305911489,0.5989010989010989,0.5989010989010989,False,False,False,0.0,False,2023,2023-02,2023-W06
NQ,2023-02-08,2023-02-07 23:00:00+00:00,2023-02-08 14:29:00+00:00,12747.0,12808.5,12699.5,12713.75,118035,930,2023-02-08 14:30:00+00:00,2023-02-08 16:29:00+00:00,12713.75,12752.0,12519.25,12535.25,211512,120,247.325,primary_2023_2025,109.0,141.125,0.7723649247121346,neutral,0_7_to_0_9,232.75,0.9410694430405337,0.7669172932330827,-0.7669172932330827,False,True,True,180.25,False,2023,2023-02,2023-W06
NQ,2023-02-09,2023-02-08 23:00:00+00:00,2023-02-09 14:29:00+00:00,12555.0,12726.25,12541.25,12722.25,121465,930,2023-02-09 14:30:00+00:00,2023-02-09 16:29:00+00:00,12722.5,12728.5,12565.5,12580.0,189731,120,256.65,primary_2023_2025,185.0,141.125,1.3108945969884853,expansion,gt_1_3,163.0,0.6351061757256965,0.8742331288343558,-0.8742331288343558,True,False,False,2.25,True,2023,2023-02,2023-W06
NQ,2023-02-10,2023-02-09 23:00:00+00:00,2023-02-10 14:29:00+00:00,12448.75,12451.5,12270.5,12335.0,145843,930,2023-02-10 14:30:00+00:00,2023-02-10 16:29:00+00:00,12335.25,12422.0,12284.5,12329.0,201416,120,266.65,primary_2023_2025,181.0,141.125,1.2825509300265723,neutral,1_1_to_1_3,137.5,0.5156572285767861,0.045454545454545456,-0.045454545454545456,False,False,False,0.0,False,2023,2023-02,2023-W06
NQ,2023-02-13,2023-02-12 23:00:00+00:00,2023-02-13 14:29:00+00:00,12357.5,12433.5,12265.25,12402.0,97935,930,2023-02-13 14:30:00+00:00,2023-02-13 16:29:00+00:00,12402.25,12535.5,12352.0,12523.5,156320,120,257.325,primary_2023_2025,168.25,141.125,1.1922054915854738,neutral,1_1_to_1_3,183.5,0.7131059943651026,0.6607629427792916,0.6607629427792916,True,False,True,102.0,False,2023,2023-02,2023-W07
NQ,2023-02-14,2023-02-13 23:00:00+00:00,2023-02-14 14:29:00+00:00,12547.25,12687.0,12460.0,12473.0,172150,930,2023-02-14 14:30:00+00:00,2023-02-14 16:29:00+00:00,12474.0,12673.5,12390.5,12469.75,269758,120,255.4375,primary_2023_2025,227.0,144.25,1.5736568457538995,expansion,gt_1_3,283.0,1.1079031074137509,0.015017667844522967,-0.015017667844522967,False,True,False,69.5,True,2023,2023-02,2023-W07
NQ,2023-02-15,2023-02-14 23:00:00+00:00,2023-02-15 14:29:00+00:00,12620.75,12623.75,12531.25,12553.25,128425,930,2023-02-15 14:30:00+00:00,2023-02-15 16:29:00+00:00,12553.5,12635.0,12524.25,12632.5,187194,120,268.525,primary_2023_2025,92.5,147.25,0.6281833616298812,compression,0_5_to_0_7,110.75,0.4124383204543339,0.7133182844243793,0.7133182844243793,True,True,True,11.25,False,2023,2023-02,2023-W07
NQ,2023-02-16,2023-02-15 23:00:00+00:00,2023-02-16 14:29:00+00:00,12740.0,12792.75,12514.0,12523.75,144473,930,2023-02-16 14:30:00+00:00,2023-02-16 16:29:00+00:00,12524.0,12673.25,12496.5,12642.5,214456,120,265.4,primary_2023_2025,278.75,147.25,1.8930390492359932,expansion,gt_1_3,176.75,0.6659758854559157,0.6704384724186704,0.6704384724186704,False,True,False,17.5,True,2023,2023-02,2023-W07
NQ,2023-02-17,2023-02-16 23:00:00+00:00,2023-02-17 14:29:00+00:00,12462.5,12466.25,12338.0,12389.5,136934,930,2023-02-17 14:30:00+00:00,2023-02-17 16:29:00+00:00,12390.0,12423.75,12287.75,12293.75,216530,120,273.9125,primary_2023_2025,128.25,153.375,0.8361858190709046,neutral,0_7_to_0_9,136.0,0.49650892164468574,0.7077205882352942,-0.7077205882352942,False,True,True,50.25,False,2023,2023-02,2023-W07
NQ,2023-02-20,2023-02-19 23:00:00+00:00,2023-02-20 14:29:00+00:00,12380.0,12417.75,12346.5,12393.5,51827,930,2023-02-20 14:30:00+00:00,2023-02-20 16:29:00+00:00,12393.25,12395.75,12371.25,12381.25,12318,120,258.4625,primary_2023_2025,71.25,153.375,0.46454767726161367,compression,lt_0_5,24.5,0.09479131402040916,0.4897959183673469,-0.4897959183673469,False,False,False,0.0,False,2023,2023-02,2023-W08
NQ,2023-02-21,2023-02-20 23:00:00+00:00,2023-02-21 14:29:00+00:00,12369.25,12379.5,12224.5,12228.5,117553,929,2023-02-21 14:30:00+00:00,2023-02-21 16:29:00+00:00,12229.0,12290.0,12155.5,12161.25,190909,120,248.0375,primary_2023_2025,155.0,153.375,1.0105949470252649,neutral,0_9_to_1_1,134.5,0.5422567152144333,0.5037174721189591,-0.5037174721189591,False,True,True,69.0,False,2023,2023-02,2023-W08
NQ,2023-02-22,2023-02-21 23:00:00+00:00,2023-02-22 14:29:00+00:00,12108.0,12163.25,12063.25,12120.25,116346,930,2023-02-22 14:30:00+00:00,2023-02-22 16:29:00+00:00,12120.75,12174.5,12034.0,12089.75,199431,120,257.45,primary_2023_2025,100.0,156.75,0.6379585326953748,compression,0_5_to_0_7,140.5,0.5457370363177316,0.2206405693950178,-0.2206405693950178,True,True,False,29.25,True,2023,2023-02,2023-W08
NQ,2023-02-23,2023-02-22 23:00:00+00:00,2023-02-23 14:29:00+00:00,12176.25,12261.0,12150.75,12252.0,123826,929,2023-02-23 14:30:00+00:00,2023-02-23 16:29:00+00:00,12252.5,12259.75,12072.0,12081.5,215458,120,253.5125,primary_2023_2025,110.25,151.625,0.7271228359439407,neutral,0_7_to_0_9,187.75,0.740594645234456,0.9107856191744341,-0.9107856191744341,False,True,True,78.75,False,2023,2023-02,2023-W08
NQ,2023-02-24,2023-02-23 23:00:00+00:00,2023-02-24 14:29:00+00:00,12190.0,12214.5,11973.5,11994.0,134560,930,2023-02-24 14:30:00+00:00,2023-02-24 16:29:00+00:00,11993.75,12043.0,11923.0,11973.5,206663,120,250.8875,primary_2023_2025,241.0,147.25,1.6366723259762308,expansion,gt_1_3,120.0,0.4783020278013054,0.16875,-0.16875,False,True,False,50.5,True,2023,2023-02,2023-W08
NQ,2023-02-27,2023-02-26 23:00:00+00:00,2023-02-27 14:29:00+00:00,12003.0,12153.0,11990.0,12131.75,111235,930,2023-02-27 14:30:00+00:00,2023-02-27 16:29:00+00:00,12131.0,12189.5,12076.5,12094.25,206204,120,219.65,primary_2023_2025,163.0,151.625,1.0750206100577082,neutral,0_9_to_1_1,113.0,0.5144548144775779,0.3252212389380531,-0.3252212389380531,True,False,False,36.5,True,2023,2023-02,2023-W09
NQ,2023-02-28,2023-02-27 23:00:00+00:00,2023-02-28 14:29:00+00:00,12093.5,12146.25,12029.5,12056.0,109793,929,2023-02-28 14:30:00+00:00,2023-02-28 16:29:00+00:00,12055.75,12124.0,12041.5,12097.0,206349,120,212.4625,primary_2023_2025,116.75,151.625,0.7699917559769167,neutral,0_7_to_0_9,82.5,0.3883038183208801,0.5,0.5,False,False,False,0.0,False,2023,2023-02,2023-W09
NQ,2023-03-01,2023-02-28 23:00:00+00:00,2023-03-01 14:29:00+00:00,12041.25,12141.75,11989.25,12052.0,139034,930,2023-03-01 14:30:00+00:00,2023-03-01 16:29:00+00:00,12052.0,12079.5,11924.75,11954.5,292151,120,218.8625,primary_2023_2025,152.5,151.625,1.0057708161582852,neutral,0_9_to_1_1,154.75,0.7070649380318693,0.630048465266559,-0.630048465266559,False,True,True,64.5,False,2023,2023-03,2023-W09
NQ,2023-03-02,2023-03-01 23:00:00+00:00,2023-03-02 14:29:00+00:00,11967.0,11991.75,11832.5,11857.25,154291,930,2023-03-02 14:30:00+00:00,2023-03-02 16:29:00+00:00,11857.5,11938.25,11846.25,11892.75,229658,120,225.6,primary_2023_2025,159.25,153.75,1.0357723577235773,neutral,0_9_to_1_1,92.0,0.40780141843971635,0.38315217391304346,0.38315217391304346,False,False,False,0.0,False,2023,2023-03,2023-W09
NQ,2023-03-03,2023-03-02 23:00:00+00:00,2023-03-03 14:29:00+00:00,12049.0,12154.75,12012.0,12134.25,114259,930,2023-03-03 14:30:00+00:00,2023-03-03 16:29:00+00:00,12134.75,12233.25,12111.5,12198.5,253797,120,220.825,primary_2023_2025,142.75,153.75,0.9284552845528455,neutral,0_9_to_1_1,121.75,0.5513415600588701,0.5236139630390144,0.5236139630390144,True,False,True,78.5,False,2023,2023-03,2023-W09
NQ,2023-03-06,2023-03-05 23:00:00+00:00,2023-03-06 14:29:00+00:00,12306.25,12382.25,12276.25,12361.0,115808,930,2023-03-06 14:30:00+00:00,2023-03-06 16:29:00+00:00,12360.75,12486.25,12347.25,12450.25,202247,120,208.525,primary_2023_2025,106.0,150.375,0.7049044056525353,neutral,0_7_to_0_9,139.0,0.6665867401990169,0.6438848920863309,0.6438848920863309,True,False,True,104.0,False,2023,2023-03,2023-W10
NQ,2023-03-07,2023-03-06 23:00:00+00:00,2023-03-07 14:29:00+00:00,12320.25,12381.25,12312.25,12324.0,84311,929,2023-03-07 14:30:00+00:00,2023-03-07 16:29:00+00:00,12324.25,12362.75,12180.25,12215.5,272301,120,207.9125,primary_2023_2025,69.0,147.625,0.4674005080440305,compression,lt_0_5,182.5,0.877773101665364,0.5958904109589042,-0.5958904109589042,False,True,True,132.0,False,2023,2023-03,2023-W10
NQ,2023-03-08,2023-03-07 23:00:00+00:00,2023-03-08 14:29:00+00:00,12170.0,12217.25,12138.75,12185.0,117310,930,2023-03-08 14:30:00+00:00,2023-03-08 16:29:00+00:00,12185.25,12233.25,12108.25,12200.25,214390,120,214.95,primary_2023_2025,78.5,147.625,0.5317527519051651,compression,0_5_to_0_7,125.0,0.5815305885089556,0.12,0.12,True,True,False,30.5,True,2023,2023-03,2023-W10
NQ,2023-03-09,2023-03-08 23:00:00+00:00,2023-03-09 14:29:00+00:00,12231.0,12276.25,12136.25,12246.0,131136,930,2023-03-09 14:30:00+00:00,2023-03-09 16:29:00+00:00,12246.25,12353.5,12230.0,12283.25,223002,120,208.075,primary_2023_2025,140.0,147.625,0.9483488569009314,neutral,0_9_to_1_1,123.5,0.5935359846209299,0.29959514170040485,0.29959514170040485,True,False,True,77.25,False,2023,2023-03,2023-W10
NQ,2023-03-10,2023-03-09 23:00:00+00:00,2023-03-10 14:29:00+00:00,12005.0,12109.0,11921.5,12018.5,206034,930,2023-03-10 14:30:00+00:00,2023-03-10 16:29:00+00:00,12018.0,12052.0,11865.0,12044.75,237865,120,214.625,primary_2023_2025,187.5,141.375,1.3262599469496021,expansion,gt_1_3,187.0,0.8712871287128713,0.14304812834224598,0.14304812834224598,False,True,False,56.5,True,2023,2023-03,2023-W10
NQ,2023-03-13,2023-03-12 22:00:00+00:00,2023-03-13 13:29:00+00:00,11894.75,12222.75,11806.25,11887.75,157668,930,2023-03-13 13:30:00+00:00,2023-03-13 15:29:00+00:00,11886.5,12172.5,11822.0,12165.0,194361,120,215.25,primary_2023_2025,416.5,141.375,2.9460654288240495,expansion,gt_1_3,350.5,1.6283391405342624,0.7945791726105563,0.7945791726105563,False,False,False,0.0,False,2023,2023-03,2023-W11
NQ,2023-03-14,2023-03-13 22:00:00+00:00,2023-03-14 13:29:00+00:00,12080.0,12218.0,12032.25,12207.75,129639,930,2023-03-14 13:30:00+00:00,2023-03-14 15:29:00+00:00,12208.5,12349.5,12200.75,12340.5,174996,120,228.175,primary_2023_2025,185.75,141.375,1.3138815207780725,expansion,gt_1_3,148.75,0.6519119097184178,0.8873949579831932,0.8873949579831932,True,False,True,131.5,False,2023,2023-03,2023-W11
NQ,2023-03-15,2023-03-14 22:00:00+00:00,2023-03-15 13:29:00+00:00,12329.75,12374.25,12096.75,12210.75,204261,930,2023-03-15 13:30:00+00:00,2023-03-15 15:29:00+00:00,12210.5,12276.25,12152.25,12240.0,200655,120,242.275,primary_2023_2025,277.5,141.375,1.9628647214854111,expansion,gt_1_3,124.0,0.5118150861624188,0.23790322580645162,0.23790322580645162,False,False,False,0.0,False,2023,2023-03,2023-W11
NQ,2023-03-16,2023-03-15 22:00:00+00:00,2023-03-16 13:29:00+00:00,12398.75,12462.5,12333.25,12345.0,148859,930,2023-03-16 13:30:00+00:00,2023-03-16 15:29:00+00:00,12345.25,12599.25,12314.0,12596.25,222728,120,256.3625,primary_2023_2025,129.25,147.625,0.8755292125317528,neutral,0_7_to_0_9,285.25,1.1126822370666536,0.8799298860648553,0.8799298860648553,True,True,True,136.75,False,2023,2023-03,2023-W11
NQ,2023-03-17,2023-03-16 22:00:00+00:00,2023-03-17 13:29:00+00:00,12708.0,12767.75,12660.25,12710.5,140765,930,2023-03-17 13:30:00+00:00,2023-03-17 15:29:00+00:00,12712.5,12811.25,12582.0,12607.25,247164,120,263.9375,primary_2023_2025,107.5,141.375,0.7603890362511052,neutral,0_7_to_0_9,229.25,0.8685768411082169,0.45910577971646677,-0.45910577971646677,True,True,True,78.25,False,2023,2023-03,2023-W11
NQ,2023-03-20,2023-03-19 22:00:00+00:00,2023-03-20 13:29:00+00:00,12690.0,12750.0,12525.25,12623.75,192021,930,2023-03-20 13:30:00+00:00,2023-03-20 15:29:00+00:00,12623.0,12694.5,12529.5,12691.75,214533,120,260.1625,primary_2023_2025,224.75,141.375,1.5897435897435896,expansion,gt_1_3,165.0,0.6342189977417959,0.4166666666666667,0.4166666666666667,False,False,False,0.0,False,2023,2023-03,2023-W12
NQ,2023-03-21,2023-03-20 22:00:00+00:00,2023-03-21 13:29:00+00:00,12699.75,12792.0,12676.5,12776.0,103920,930,2023-03-21 13:30:00+00:00,2023-03-21 15:29:00+00:00,12775.25,12837.25,12713.25,12757.0,177914,120,257.5625,primary_2023_2025,115.5,147.625,0.7823878069432684,neutral,0_7_to_0_9,124.0,0.4814365445280272,0.14717741935483872,-0.14717741935483872,True,False,False,45.25,True,2023,2023-03,2023-W12
NQ,2023-03-22,2023-03-21 22:00:00+00:00,2023-03-22 13:29:00+00:00,12873.25,12886.5,12809.25,12872.5,75346,930,2023-03-22 13:30:00+00:00,2023-03-22 15:29:00+00:00,12872.75,12939.0,12851.25,12919.0,133374,120,265.3,primary_2023_2025,77.25,141.375,0.5464190981432361,compression,0_5_to_0_7,87.75,0.3307576328684508,0.5270655270655271,0.5270655270655271,True,False,True,52.5,False,2023,2023-03,2023-W12
NQ,2023-03-23,2023-03-22 22:00:00+00:00,2023-03-23 13:29:00+00:00,12695.0,12858.0,12694.25,12855.25,119858,930,2023-03-23 13:30:00+00:00,2023-03-23 15:29:00+00:00,12855.0,13031.0,12847.25,12976.5,225099,120,276.35,primary_2023_2025,163.75,141.375,1.158267020335986,neutral,1_1_to_1_3,183.75,0.6649176768590555,0.6612244897959184,0.6612244897959184,True,False,True,173.0,False,2023,2023-03,2023-W12
NQ,2023-03-24,2023-03-23 22:00:00+00:00,2023-03-24 13:29:00+00:00,12871.5,12920.25,12753.5,12826.75,140357,930,2023-03-24 13:30:00+00:00,2023-03-24 15:29:00+00:00,12826.75,12844.75,12728.0,12750.5,226074,120,282.05,primary_2023_2025,166.75,147.625,1.1295512277730737,neutral,1_1_to_1_3,116.75,0.41393369969863497,0.6531049250535332,-0.6531049250535332,False,True,True,25.5,False,2023,2023-03,2023-W12
NQ,2023-03-27,2023-03-26 22:00:00+00:00,2023-03-27 13:29:00+00:00,12916.0,12984.5,12848.75,12919.0,109905,930,2023-03-27 13:30:00+00:00,2023-03-27 15:29:00+00:00,12919.25,12965.25,12823.25,12848.5,178662,120,267.2625,primary_2023_2025,135.75,147.625,0.9195596951735817,neutral,0_9_to_1_1,142.0,0.5313128478555728,0.4982394366197183,-0.4982394366197183,False,True,True,25.5,False,2023,2023-03,2023-W13
NQ,2023-03-28,2023-03-27 22:00:00+00:00,2023-03-28 13:29:00+00:00,12810.5,12833.5,12751.25,12776.25,86053,930,2023-03-28 13:30:00+00:00,2023-03-28 15:29:00+00:00,12776.25,12777.25,12650.0,12704.0,186909,120,262.7125,primary_2023_2025,82.25,141.375,0.5817860300618921,compression,0_5_to_0_7,127.25,0.48436979587952617,0.5677799607072691,-0.5677799607072691,False,True,True,101.25,False,2023,2023-03,2023-W13
NQ,2023-03-29,2023-03-28 22:00:00+00:00,2023-03-29 13:29:00+00:00,12745.5,12890.0,12742.0,12887.75,109137,930,2023-03-29 13:30:00+00:00,2023-03-29 15:29:00+00:00,12887.25,12932.75,12854.5,12897.25,173983,120,267.5875,primary_2023_2025,148.0,141.375,1.0468611847922193,neutral,0_9_to_1_1,78.25,0.29242771056196576,0.12779552715654952,0.12779552715654952,True,False,True,42.75,False,2023,2023-03,2023-W13
NQ,2023-03-30,2023-03-29 22:00:00+00:00,2023-03-30 13:29:00+00:00,12962.5,13074.75,12931.5,13064.75,115733,930,2023-03-30 13:30:00+00:00,2023-03-30 15:29:00+00:00,13064.75,13111.75,13028.25,13079.75,201408,120,269.1375,primary_2023_2025,143.25,141.375,1.013262599469496,neutral,0_9_to_1_1,83.5,0.3102503367237936,0.17964071856287425,0.17964071856287425,True,False,True,37.0,False,2023,2023-03,2023-W13
NQ,2023-03-31,2023-03-30 22:00:00+00:00,2023-03-31 13:29:00+00:00,13084.25,13138.75,13057.5,13091.75,113205,930,2023-03-31 13:30:00+00:00,2023-03-31 15:29:00+00:00,13092.0,13200.0,13080.25,13187.25,179958,120,266.8625,primary_2023_2025,81.25,141.375,0.5747126436781609,compression,0_5_to_0_7,119.75,0.4487329617312286,0.7954070981210856,0.7954070981210856,True,False,True,61.25,False,2023,2023-03,2023-W13
NQ,2023-04-03,2023-04-02 22:00:00+00:00,2023-04-03 13:29:00+00:00,13262.0,13275.5,13179.5,13210.25,115421,930,2023-04-03 13:30:00+00:00,2023-04-03 15:29:00+00:00,13210.0,13268.25,13154.0,13184.75,185121,120,254.65,primary_2023_2025,96.0,137.875,0.6962828649138713,compression,0_5_to_0_7,114.25,0.4486550166895739,0.2210065645514223,-0.2210065645514223,False,True,False,25.5,True,2023,2023-04,2023-W14
NQ,2023-04-04,2023-04-03 22:00:00+00:00,2023-04-04 13:29:00+00:00,13259.0,13348.75,13226.5,13285.0,96228,929,2023-04-04 13:30:00+00:00,2023-04-04 15:29:00+00:00,13284.75,13326.75,13206.25,13237.5,216696,120,245.1875,primary_2023_2025,122.25,137.875,0.886672710788758,neutral,0_7_to_0_9,120.5,0.49146061687484066,0.3921161825726141,-0.3921161825726141,False,True,False,20.25,True,2023,2023-04,2023-W14
NQ,2023-04-05,2023-04-04 22:00:00+00:00,2023-04-05 13:29:00+00:00,13230.0,13247.25,13172.75,13173.75,97856,930,2023-04-05 13:30:00+00:00,2023-04-05 15:29:00+00:00,13173.75,13182.0,13019.5,13038.0,222404,120,236.7375,primary_2023_2025,74.5,137.875,0.5403445149592022,compression,0_5_to_0_7,162.5,0.6864142774169703,0.8353846153846154,-0.8353846153846154,False,True,True,153.25,False,2023,2023-04,2023-W14
NQ,2023-04-06,2023-04-05 22:00:00+00:00,2023-04-06 13:29:00+00:00,13072.75,13079.75,12985.25,13012.75,118610,930,2023-04-06 13:30:00+00:00,2023-04-06 15:29:00+00:00,13012.5,13080.75,12953.25,13072.75,210906,120,227.4125,primary_2023_2025,94.5,137.875,0.6854034451495921,compression,0_5_to_0_7,127.5,0.560655197053812,0.4725490196078431,0.4725490196078431,True,True,False,32.0,True,2023,2023-04,2023-W14
NQ,2023-04-10,2023-04-09 22:00:00+00:00,2023-04-10 13:29:00+00:00,13179.75,13203.25,13036.75,13043.5,92900,930,2023-04-10 13:30:00+00:00,2023-04-10 15:29:00+00:00,13043.75,13073.0,12967.5,13064.75,187045,120,189.95,primary_2023_2025,166.5,132.5,1.2566037735849056,neutral,1_1_to_1_3,105.5,0.5554093182416425,0.1990521327014218,0.1990521327014218,False,True,False,69.25,True,2023,2023-04,2023-W15
NQ,2023-04-11,2023-04-10 22:00:00+00:00,2023-04-11 13:29:00+00:00,13163.25,13208.75,13125.5,13159.5,96544,930,2023-04-11 13:30:00+00:00,2023-04-11 15:29:00+00:00,13159.25,13160.5,13055.75,13075.25,198534,120,188.8125,primary_2023_2025,83.25,132.5,0.6283018867924528,compression,0_5_to_0_7,104.75,0.5547831843760345,0.801909307875895,-0.801909307875895,False,True,True,69.75,False,2023,2023-04,2023-W15
NQ,2023-04-12,2023-04-11 22:00:00+00:00,2023-04-12 13:29:00+00:00,13073.75,13241.75,13038.5,13156.5,135317,929,2023-04-12 13:30:00+00:00,2023-04-12 15:29:00+00:00,13157.0,13180.5,12975.75,13026.25,236072,120,191.875,primary_2023_2025,203.25,125.75,1.6163021868787277,expansion,gt_1_3,204.75,1.067100977198697,0.6385836385836385,-0.6385836385836385,False,True,True,62.75,False,2023,2023-04,2023-W15
NQ,2023-04-13,2023-04-12 22:00:00+00:00,2023-04-13 13:29:00+00:00,12957.0,13038.0,12925.5,13027.75,106862,930,2023-04-13 13:30:00+00:00,2023-04-13 15:29:00+00:00,13027.75,13140.75,13019.75,13129.25,201467,120,197.0625,primary_2023_2025,112.5,125.75,0.8946322067594433,neutral,0_7_to_0_9,121.0,0.6140183951791944,0.8388429752066116,0.8388429752066116,True,False,True,102.75,False,2023,2023-04,2023-W15
NQ,2023-04-14,2023-04-13 22:00:00+00:00,2023-04-14 13:29:00+00:00,13183.0,13217.25,13101.0,13139.75,115193,930,2023-04-14 13:30:00+00:00,2023-04-14 15:29:00+00:00,13139.25,13255.0,13115.25,13135.0,222579,120,200.0125,primary_2023_2025,116.25,118.875,0.9779179810725552,neutral,0_9_to_1_1,139.75,0.6987063308543217,0.03041144901610018,-0.03041144901610018,True,False,False,37.75,True,2023,2023-04,2023-W15
NQ,2023-04-17,2023-04-16 22:00:00+00:00,2023-04-17 13:29:00+00:00,13212.5,13218.0,13156.25,13162.5,88372,930,2023-04-17 13:30:00+00:00,2023-04-17 15:29:00+00:00,13162.5,13206.0,13111.5,13119.5,201219,120,176.825,primary_2023_2025,61.75,115.875,0.5329018338727076,compression,0_5_to_0_7,94.5,0.5344266930581083,0.455026455026455,-0.455026455026455,False,True,True,44.75,False,2023,2023-04,2023-W16
NQ,2023-04-18,2023-04-17 22:00:00+00:00,2023-04-18 13:29:00+00:00,13184.0,13298.75,13160.25,13280.25,101431,929,2023-04-18 13:30:00+00:00,2023-04-18 15:29:00+00:00,13280.0,13297.75,13156.75,13185.75,224598,120,174.05,primary_2023_2025,138.5,115.875,1.1952535059331175,neutral,1_1_to_1_3,141.0,0.8101120367710427,0.6684397163120568,-0.6684397163120568,False,True,False,3.5,True,2023,2023-04,2023-W16
NQ,2023-04-19,2023-04-18 22:00:00+00:00,2023-04-19 13:29:00+00:00,13170.5,13186.75,13065.0,13085.0,97998,929,2023-04-19 13:30:00+00:00,2023-04-19 15:29:00+00:00,13085.25,13163.75,13080.5,13147.5,194337,120,179.15,primary_2023_2025,121.75,115.875,1.0507011866235167,neutral,0_9_to_1_1,83.25,0.4646943901758303,0.7477477477477478,0.7477477477477478,False,False,False,0.0,False,2023,2023-04,2023-W16
NQ,2023-04-20,2023-04-19 22:00:00+00:00,2023-04-20 13:29:00+00:00,13162.0,13165.75,13025.0,13051.5,114517,930,2023-04-20 13:30:00+00:00,2023-04-20 15:29:00+00:00,13051.5,13158.0,13046.25,13123.0,207409,120,176.2875,primary_2023_2025,140.75,119.0,1.1827731092436975,neutral,1_1_to_1_3,111.75,0.6339076792171878,0.639821029082774,0.639821029082774,False,False,False,0.0,False,2023,2023-04,2023-W16
NQ,2023-04-21,2023-04-20 22:00:00+00:00,2023-04-21 13:29:00+00:00,13089.0,13107.75,13005.0,13057.5,102602,930,2023-04-21 13:30:00+00:00,2023-04-21 15:29:00+00:00,13057.75,13081.75,12982.5,13065.0,238897,120,175.2375,primary_2023_2025,102.75,122.0,0.8422131147540983,neutral,0_7_to_0_9,99.25,0.5663742064341251,0.07304785894206549,0.07304785894206549,False,True,False,22.5,True,2023,2023-04,2023-W16
NQ,2023-04-24,2023-04-23 22:00:00+00:00,2023-04-24 13:29:00+00:00,13070.0,13099.5,13014.25,13077.25,80306,930,2023-04-24 13:30:00+00:00,2023-04-24 15:29:00+00:00,13077.5,13134.0,12996.25,12998.25,219118,120,162.7,primary_2023_2025,85.25,119.0,0.7163865546218487,neutral,0_7_to_0_9,137.75,0.8466502765826676,0.5753176043557169,-0.5753176043557169,True,True,True,34.5,False,2023,2023-04,2023-W17
NQ,2023-04-25,2023-04-24 22:00:00+00:00,2023-04-25 13:29:00+00:00,13050.25,13059.5,12966.75,12988.75,93186,930,2023-04-25 13:30:00+00:00,2023-04-25 15:29:00+00:00,12988.25,13015.5,12930.0,12950.0,217830,120,158.3375,primary_2023_2025,92.75,114.375,0.8109289617486338,neutral,0_7_to_0_9,85.5,0.5399857898476356,0.4473684210526316,-0.4473684210526316,False,True,True,36.75,False,2023,2023-04,2023-W17
NQ,2023-04-26,2023-04-25 22:00:00+00:00,2023-04-26 13:29:00+00:00,12940.0,12996.5,12885.25,12950.5,157127,930,2023-04-26 13:30:00+00:00,2023-04-26 15:29:00+00:00,12950.25,12996.5,12896.5,12976.5,246754,120,165.925,primary_2023_2025,111.25,107.625,1.0336817653890824,neutral,0_9_to_1_1,100.0,0.6026819346090101,0.2625,0.2625,False,False,False,0.0,False,2023,2023-04,2023-W17
NQ,2023-04-27,2023-04-26 22:00:00+00:00,2023-04-27 13:29:00+00:00,12965.0,13048.0,12936.0,13040.75,116868,930,2023-04-27 13:30:00+00:00,2023-04-27 15:29:00+00:00,13040.75,13146.5,13013.5,13136.0,268155,120,167.1125,primary_2023_2025,112.0,111.875,1.0011173184357542,neutral,0_9_to_1_1,133.0,0.795871044954746,0.7161654135338346,0.7161654135338346,True,False,True,98.5,False,2023,2023-04,2023-W17
NQ,2023-04-28,2023-04-27 22:00:00+00:00,2023-04-28 13:29:00+00:00,13215.0,13236.0,13169.0,13220.25,123946,930,2023-04-28 13:30:00+00:00,2023-04-28 15:29:00+00:00,13220.25,13293.0,13172.25,13214.75,275741,120,177.15,primary_2023_2025,67.0,111.625,0.6002239641657335,compression,0_5_to_0_7,120.75,0.6816257408975445,0.045548654244306416,-0.045548654244306416,True,False,False,57.0,True,2023,2023-04,2023-W17
NQ,2023-05-01,2023-04-30 22:00:00+00:00,2023-05-01 13:29:00+00:00,13317.0,13370.25,13285.25,13301.25,66976,930,2023-05-01 13:30:00+00:00,2023-05-01 15:29:00+00:00,13300.75,13332.25,13258.75,13267.5,187118,120,164.5,primary_2023_2025,85.0,107.0,0.794392523364486,neutral,0_7_to_0_9,73.5,0.44680851063829785,0.4523809523809524,-0.4523809523809524,False,True,True,26.5,False,2023,2023-05,2023-W18
NQ,2023-05-02,2023-05-01 22:00:00+00:00,2023-05-02 13:29:00+00:00,13290.0,13334.75,13267.75,13300.75,74111,930,2023-05-02 13:30:00+00:00,2023-05-02 15:29:00+00:00,13301.0,13313.25,13116.75,13133.75,276651,120,166.5625,primary_2023_2025,67.0,107.0,0.6261682242990654,compression,0_5_to_0_7,196.5,1.1797373358348968,0.851145038167939,-0.851145038167939,False,True,True,151.0,False,2023,2023-05,2023-W18
NQ,2023-05-03,2023-05-02 22:00:00+00:00,2023-05-03 13:29:00+00:00,13162.0,13231.5,13157.0,13199.0,75923,929,2023-05-03 13:30:00+00:00,2023-05-03 15:29:00+00:00,13198.75,13242.0,13179.25,13187.25,157571,120,174.175,primary_2023_2025,74.5,107.0,0.6962616822429907,compression,0_5_to_0_7,62.75,0.36026984354815556,0.18326693227091634,-0.18326693227091634,True,False,False,10.5,True,2023,2023-05,2023-W18
NQ,2023-05-04,2023-05-03 22:00:00+00:00,2023-05-04 13:29:00+00:00,13064.0,13173.0,13044.25,13082.75,126532,930,2023-05-04 13:30:00+00:00,2023-05-04 15:29:00+00:00,13082.75,13107.25,13001.75,13071.0,233992,120,176.7125,primary_2023_2025,128.75,98.625,1.3054499366286438,expansion,gt_1_3,105.5,0.5970149253731343,0.11137440758293839,-0.11137440758293839,False,True,False,42.5,True,2023,2023-05,2023-W18
NQ,2023-05-05,2023-05-04 22:00:00+00:00,2023-05-05 13:29:00+00:00,13060.0,13157.5,13055.75,13139.25,98724,930,2023-05-05 13:30:00+00:00,2023-05-05 15:29:00+00:00,13139.25,13277.75,13124.25,13272.25,210032,120,177.5125,primary_2023_2025,101.75,107.0,0.9509345794392523,neutral,0_9_to_1_1,153.5,0.8647278360678826,0.8664495114006515,0.8664495114006515,True,False,True,120.25,False,2023,2023-05,2023-W18
NQ,2023-05-08,2023-05-07 22:00:00+00:00,2023-05-08 13:29:00+00:00,13316.0,13335.0,13287.75,13300.75,71281,930,2023-05-08 13:30:00+00:00,2023-05-08 15:29:00+00:00,13301.0,13310.25,13254.5,13289.0,190537,120,164.225,primary_2023_2025,47.25,107.0,0.441588785046729,compression,lt_0_5,55.75,0.3394732836048105,0.21524663677130046,-0.21524663677130046,False,True,False,33.25,True,2023,2023-05,2023-W19
NQ,2023-05-09,2023-05-08 22:00:00+00:00,2023-05-09 13:29:00+00:00,13338.5,13347.0,13269.0,13280.75,70545,928,2023-05-09 13:30:00+00:00,2023-05-09 15:29:00+00:00,13281.0,13317.5,13264.25,13275.25,238634,120,160.05,primary_2023_2025,78.0,102.25,0.7628361858190709,neutral,0_7_to_0_9,53.25,0.3327085285848172,0.107981220657277,-0.107981220657277,False,True,False,4.75,True,2023,2023-05,2023-W19
NQ,2023-05-10,2023-05-09 22:00:00+00:00,2023-05-10 13:29:00+00:00,13258.75,13408.5,13202.75,13367.0,141288,930,2023-05-10 13:30:00+00:00,2023-05-10 15:29:00+00:00,13366.5,13433.75,13298.25,13366.5,306491,120,162.8375,primary_2023_2025,205.75,102.25,2.0122249388753057,expansion,gt_1_3,135.5,0.8321179089583173,0.0,0.0,True,False,False,25.25,True,2023,2023-05,2023-W19
NQ,2023-05-11,2023-05-10 22:00:00+00:00,2023-05-11 13:29:00+00:00,13410.0,13467.5,13403.5,13427.0,116767,930,2023-05-11 13:30:00+00:00,2023-05-11 15:29:00+00:00,13427.25,13435.0,13361.5,13434.5,245778,120,168.025,primary_2023_2025,64.0,102.25,0.6259168704156479,compression,0_5_to_0_7,73.5,0.4374349055200119,0.09863945578231292,0.09863945578231292,False,True,False,42.0,True,2023,2023-05,2023-W19
NQ,2023-05-12,2023-05-11 22:00:00+00:00,2023-05-12 13:29:00+00:00,13446.0,13494.25,13444.75,13467.75,78430,930,2023-05-12 13:30:00+00:00,2023-05-12 15:29:00+00:00,13468.0,13487.25,13376.0,13379.0,204504,120,166.625,primary_2023_2025,49.5,97.25,0.5089974293059126,compression,0_5_to_0_7,111.25,0.6676669167291823,0.8,-0.8,False,True,True,68.75,False,2023,2023-05,2023-W19
NQ,2023-05-15,2023-05-14 22:00:00+00:00,2023-05-15 13:29:00+00:00,13378.75,13447.5,13350.0,13416.5,86093,930,2023-05-15 13:30:00+00:00,2023-05-15 15:29:00+00:00,13416.75,13437.25,13351.5,13429.0,181898,120,161.0,primary_2023_2025,97.5,89.0,1.095505617977528,neutral,0_9_to_1_1,85.75,0.532608695652174,0.14285714285714285,0.14285714285714285,False,False,False,0.0,False,2023,2023-05,2023-W20
NQ,2023-05-16,2023-05-15 22:00:00+00:00,2023-05-16 13:29:00+00:00,13461.0,13492.0,13426.25,13435.75,81820,930,2023-05-16 13:30:00+00:00,2023-05-16 15:29:00+00:00,13436.0,13538.75,13434.5,13538.5,216141,120,160.45,primary_2023_2025,65.75,95.125,0.6911957950065704,compression,0_5_to_0_7,104.25,0.6497351199750702,0.9832134292565947,0.9832134292565947,True,False,True,46.75,False,2023,2023-05,2023-W20
NQ,2023-05-17,2023-05-16 22:00:00+00:00,2023-05-17 13:29:00+00:00,13498.5,13526.5,13474.25,13524.75,83503,930,2023-05-17 13:30:00+00:00,2023-05-17 15:29:00+00:00,13525.0,13561.75,13475.5,13536.75,203852,120,165.4375,primary_2023_2025,52.25,89.0,0.5870786516853933,compression,0_5_to_0_7,86.25,0.5213449187759728,0.13623188405797101,0.13623188405797101,True,False,True,35.25,False,2023,2023-05,2023-W20
NQ,2023-05-18,2023-05-17 22:00:00+00:00,2023-05-18 13:29:00+00:00,13640.5,13683.25,13628.25,13653.75,94134,930,2023-05-18 13:30:00+00:00,2023-05-18 15:29:00+00:00,13653.75,13827.75,13652.75,13821.25,261020,120,166.8375,primary_2023_2025,55.0,85.125,0.6461086637298091,compression,0_5_to_0_7,175.0,1.0489248520266725,0.9571428571428572,0.9571428571428572,True,False,True,144.5,False,2023,2023-05,2023-W20
NQ,2023-05-19,2023-05-18 22:00:00+00:00,2023-05-19 13:29:00+00:00,13908.5,13960.25,13877.5,13898.0,124462,930,2023-05-19 13:30:00+00:00,2023-05-19 15:29:00+00:00,13898.25,13929.0,13854.25,13854.5,230063,120,171.9125,primary_2023_2025,82.75,81.5,1.0153374233128833,neutral,0_9_to_1_1,74.75,0.434814222351487,0.5852842809364549,-0.5852842809364549,False,True,True,23.25,False,2023,2023-05,2023-W20
NQ,2023-05-22,2023-05-21 22:00:00+00:00,2023-05-22 13:29:00+00:00,13805.5,13879.25,13794.25,13848.5,83559,930,2023-05-22 13:30:00+00:00,2023-05-22 15:29:00+00:00,13848.0,13946.75,13847.0,13913.0,224329,120,155.2875,primary_2023_2025,85.0,80.375,1.0575427682737168,neutral,0_9_to_1_1,99.75,0.6423569186186912,0.6516290726817042,0.6516290726817042,True,False,True,67.5,False,2023,2023-05,2023-W21
NQ,2023-05-23,2023-05-22 22:00:00+00:00,2023-05-23 13:29:00+00:00,13913.25,13979.25,13825.0,13831.25,112582,930,2023-05-23 13:30:00+00:00,2023-05-23 15:29:00+00:00,13831.0,13878.0,13822.25,13869.0,185407,120,154.675,primary_2023_2025,154.25,80.375,1.9191290824261276,expansion,gt_1_3,55.75,0.36043316631647,0.6816143497757847,0.6816143497757847,False,True,False,2.75,True,2023,2023-05,2023-W21
NQ,2023-05-24,2023-05-23 22:00:00+00:00,2023-05-24 13:29:00+00:00,13729.0,13755.75,13627.75,13643.0,114475,930,2023-05-24 13:30:00+00:00,2023-05-24 15:29:00+00:00,13643.25,13675.0,13566.5,13615.0,242937,120,163.7,primary_2023_2025,128.0,80.375,1.5925349922239502,expansion,gt_1_3,108.5,0.662797800855223,0.26036866359447003,-0.26036866359447003,False,True,True,61.25,False,2023,2023-05,2023-W21
NQ,2023-05-25,2023-05-24 22:00:00+00:00,2023-05-25 13:29:00+00:00,13877.0,13976.0,13803.0,13954.25,177755,930,2023-05-25 13:30:00+00:00,2023-05-25 15:29:00+00:00,13954.75,13986.75,13851.25,13963.25,292372,120,173.9875,primary_2023_2025,173.0,80.375,2.1524105754276825,expansion,gt_1_3,135.5,0.7787915798548746,0.06273062730627306,0.06273062730627306,True,False,False,10.75,True,2023,2023-05,2023-W21
NQ,2023-05-26,2023-05-25 22:00:00+00:00,2023-05-26 13:29:00+00:00,13977.75,14044.75,13924.5,14018.0,113227,930,2023-05-26 13:30:00+00:00,2023-05-26 15:29:00+00:00,14018.5,14269.25,14014.75,14246.25,282103,120,173.0,primary_2023_2025,120.25,80.375,1.4961119751166407,expansion,gt_1_3,254.5,1.4710982658959537,0.8948919449901768,0.8948919449901768,True,False,True,224.5,False,2023,2023-05,2023-W21
NQ,2023-05-29,2023-05-28 22:00:00+00:00,2023-05-29 13:29:00+00:00,14437.5,14459.75,14367.5,14378.25,73134,930,2023-05-29 13:30:00+00:00,2023-05-29 15:29:00+00:00,14378.25,14389.5,14368.0,14382.75,13439,120,175.9125,primary_2023_2025,92.25,83.875,1.0998509687034277,neutral,0_9_to_1_1,21.5,0.12221985362040788,0.20930232558139536,0.20930232558139536,False,False,False,0.0,False,2023,2023-05,2023-W22
NQ,2023-05-30,2023-05-29 22:00:00+00:00,2023-05-30 13:29:00+00:00,14399.5,14570.0,14378.5,14509.5,127928,930,2023-05-30 13:30:00+00:00,2023-05-30 15:29:00+00:00,14510.0,14559.5,14400.0,14454.0,320155,120,165.0125,primary_2023_2025,191.5,83.875,2.2831594634873325,expansion,gt_1_3,159.5,0.9665934398909174,0.3510971786833856,-0.3510971786833856,False,False,False,0.0,False,2023,2023-05,2023-W22
NQ,2023-05-31,2023-05-30 22:00:00+00:00,2023-05-31 13:29:00+00:00,14397.25,14429.0,14315.0,14330.25,105124,930,2023-05-31 13:30:00+00:00,2023-05-31 15:29:00+00:00,14330.0,14412.25,14265.75,14268.5,238660,120,174.75,primary_2023_2025,114.0,88.625,1.2863187588152327,neutral,1_1_to_1_3,146.5,0.8383404864091559,0.4197952218430034,-0.4197952218430034,False,True,True,49.25,False,2023,2023-05,2023-W22
NQ,2023-06-01,2023-05-31 22:00:00+00:00,2023-06-01 13:29:00+00:00,14289.5,14336.5,14248.25,14298.25,104817,930,2023-06-01 13:30:00+00:00,2023-06-01 15:29:00+00:00,14298.0,14402.5,14252.0,14382.75,232896,120,177.275,primary_2023_2025,88.25,94.875,0.930171277997365,neutral,0_9_to_1_1,150.5,0.8489634748272458,0.5631229235880398,0.5631229235880398,True,False,True,66.0,False,2023,2023-06,2023-W22
NQ,2023-06-02,2023-06-01 22:00:00+00:00,2023-06-02 13:29:00+00:00,14494.0,14565.0,14473.0,14543.5,117466,930,2023-06-02 13:30:00+00:00,2023-06-02 15:29:00+00:00,14543.25,14627.75,14468.25,14586.5,265029,120,186.2625,primary_2023_2025,92.0,90.25,1.0193905817174516,neutral,0_9_to_1_1,159.5,0.8563183678947722,0.2711598746081505,0.2711598746081505,True,True,True,62.75,False,2023,2023-06,2023-W22
NQ,2023-06-05,2023-06-04 22:00:00+00:00,2023-06-05 13:29:00+00:00,14577.0,14579.5,14512.75,14568.5,86334,930,2023-06-05 13:30:00+00:00,2023-06-05 15:29:00+00:00,14568.25,14678.0,14567.75,14672.0,236591,120,178.6875,primary_2023_2025,66.75,90.125,0.7406380027739251,neutral,0_7_to_0_9,110.25,0.6169989506820567,0.9410430839002267,0.9410430839002267,True,False,True,98.5,False,2023,2023-06,2023-W23
NQ,2023-06-06,2023-06-05 22:00:00+00:00,2023-06-06 13:29:00+00:00,14582.0,14615.0,14556.5,14561.0,77747,930,2023-06-06 13:30:00+00:00,2023-06-06 15:29:00+00:00,14561.0,14606.75,14504.5,14562.25,217371,120,178.45,primary_2023_2025,58.5,90.125,0.6490984743411928,compression,0_5_to_0_7,102.25,0.5729896329504063,0.012224938875305624,0.012224938875305624,False,True,False,52.0,True,2023,2023-06,2023-W23
NQ,2023-06-07,2023-06-06 22:00:00+00:00,2023-06-07 13:29:00+00:00,14594.5,14614.25,14536.75,14592.0,74295,928,2023-06-07 13:30:00+00:00,2023-06-07 15:29:00+00:00,14592.25,14675.0,14447.75,14486.5,296536,120,182.2,primary_2023_2025,77.5,90.125,0.8599167822468793,neutral,0_7_to_0_9,227.25,1.2472557628979144,0.46534653465346537,-0.46534653465346537,True,True,True,89.0,False,2023,2023-06,2023-W23
NQ,2023-06-08,2023-06-07 22:00:00+00:00,2023-06-08 13:29:00+00:00,14316.0,14372.0,14256.75,14337.5,126767,930,2023-06-08 13:30:00+00:00,2023-06-08 15:29:00+00:00,14338.0,14494.25,14328.0,14491.0,233819,120,194.3125,primary_2023_2025,115.25,86.625,1.3304473304473305,expansion,gt_1_3,166.25,0.8555805725313606,0.9203007518796993,0.9203007518796993,True,False,True,122.25,False,2023,2023-06,2023-W23
NQ,2023-06-09,2023-06-08 22:00:00+00:00,2023-06-09 13:29:00+00:00,14517.0,14564.75,14460.25,14562.0,70245,930,2023-06-09 13:30:00+00:00,2023-06-09 15:29:00+00:00,14561.75,14687.5,14548.5,14551.5,230381,120,201.4,primary_2023_2025,104.5,90.125,1.159500693481276,neutral,1_1_to_1_3,139.0,0.6901688182720953,0.0737410071942446,-0.0737410071942446,True,False,False,122.75,True,2023,2023-06,2023-W23
NQ,2023-06-12,2023-06-11 22:00:00+00:00,2023-06-12 13:29:00+00:00,14560.25,14831.75,14554.25,14803.75,48732,924,2023-06-12 13:30:00+00:00,2023-06-12 15:29:00+00:00,14804.0,14832.75,14764.0,14815.5,148694,120,197.8,primary_2023_2025,277.5,92.125,3.012211668928087,expansion,gt_1_3,68.75,0.3475733063700708,0.16727272727272727,0.16727272727272727,True,False,False,1.0,True,2023,2023-06,2023-W24
NQ,2023-06-13,2023-06-12 22:00:00+00:00,2023-06-13 13:29:00+00:00,15006.5,15151.25,14979.5,15097.5,120136,930,2023-06-13 13:30:00+00:00,2023-06-13 15:29:00+00:00,15097.0,15130.0,14963.0,15093.25,243879,120,206.9,primary_2023_2025,171.75,92.125,1.864314789687924,expansion,gt_1_3,167.0,0.807153214113098,0.02245508982035928,-0.02245508982035928,False,True,False,16.5,True,2023,2023-06,2023-W24
NQ,2023-06-14,2023-06-13 22:00:00+00:00,2023-06-14 13:29:00+00:00,15110.25,15152.0,15081.0,15095.75,77809,929,2023-06-14 13:30:00+00:00,2023-06-14 15:29:00+00:00,15095.5,15216.0,15052.5,15197.25,178044,120,212.325,primary_2023_2025,71.0,98.375,0.7217280813214739,neutral,0_7_to_0_9,163.5,0.7700459201695514,0.6223241590214067,0.6223241590214067,True,True,True,64.0,False,2023,2023-06,2023-W24
NQ,2023-06-15,2023-06-14 22:00:00+00:00,2023-06-15 13:29:00+00:00,15222.0,15229.0,15066.0,15141.0,120680,930,2023-06-15 13:30:00+00:00,2023-06-15 15:29:00+00:00,15141.0,15294.5,15114.5,15293.5,235920,120,217.9625,primary_2023_2025,163.0,98.375,1.6569250317662008,expansion,gt_1_3,180.0,0.8258301313299306,0.8472222222222222,0.8472222222222222,True,False,True,65.5,False,2023,2023-06,2023-W24
NQ,2023-06-16,2023-06-15 22:00:00+00:00,2023-06-16 13:29:00+00:00,15368.0,15474.5,15315.0,15471.0,122331,930,2023-06-16 13:30:00+00:00,2023-06-16 15:29:00+00:00,15471.0,15475.5,15324.25,15343.25,218187,120,225.3,primary_2023_2025,159.5,109.25,1.459954233409611,expansion,gt_1_3,151.25,0.6713271193963604,0.8446280991735537,-0.8446280991735537,True,False,False,1.0,True,2023,2023-06,2023-W24
NQ,2023-06-19,2023-06-18 22:00:00+00:00,2023-06-19 13:29:00+00:00,15303.25,15322.5,15234.0,15250.75,58157,930,2023-06-19 13:30:00+00:00,2023-06-19 15:29:00+00:00,15251.0,15253.0,15230.5,15234.5,18983,120,212.6875,primary_2023_2025,88.5,114.625,0.772082878953108,neutral,0_7_to_0_9,22.5,0.1057890096973259,0.7333333333333333,-0.7333333333333333,False,True,False,3.5,True,2023,2023-06,2023-W25
NQ,2023-06-20,2023-06-19 22:00:00+00:00,2023-06-20 13:29:00+00:00,15244.5,15257.75,15168.75,15212.5,96640,929,2023-06-20 13:30:00+00:00,2023-06-20 15:29:00+00:00,15211.5,15310.75,15126.5,15176.25,224691,120,195.4625,primary_2023_2025,89.0,114.625,0.7764449291166848,neutral,0_7_to_0_9,184.25,0.9426360555093688,0.19131614654002713,-0.19131614654002713,True,True,False,53.0,True,2023,2023-06,2023-W25
NQ,2023-06-21,2023-06-20 22:00:00+00:00,2023-06-21 13:29:00+00:00,15247.5,15273.25,15181.75,15201.5,85505,929,2023-06-21 13:30:00+00:00,2023-06-21 15:29:00+00:00,15201.75,15219.25,15002.25,15046.5,245066,120,201.025,primary_2023_2025,91.5,109.25,0.8375286041189931,neutral,0_7_to_0_9,217.0,1.0794677278945404,0.7154377880184332,-0.7154377880184332,False,True,True,179.5,False,2023,2023-06,2023-W25
NQ,2023-06-22,2023-06-21 22:00:00+00:00,2023-06-22 13:29:00+00:00,15038.75,15058.0,14970.0,14982.0,112984,930,2023-06-22 13:30:00+00:00,2023-06-22 15:29:00+00:00,14981.5,15149.0,14964.0,15109.25,226962,120,210.9625,primary_2023_2025,88.0,98.375,0.8945362134688691,neutral,0_7_to_0_9,185.0,0.8769331042246845,0.6905405405405406,0.6905405405405406,True,True,True,91.0,False,2023,2023-06,2023-W25
NQ,2023-06-23,2023-06-22 22:00:00+00:00,2023-06-23 13:29:00+00:00,15236.0,15236.0,15019.0,15043.25,116977,930,2023-06-23 13:30:00+00:00,2023-06-23 15:29:00+00:00,15043.5,15087.75,14985.25,15019.0,214215,120,213.0,primary_2023_2025,217.0,92.125,2.355495251017639,expansion,gt_1_3,102.5,0.4812206572769953,0.23902439024390243,-0.23902439024390243,False,True,False,33.75,True,2023,2023-06,2023-W25
NQ,2023-06-26,2023-06-25 22:00:00+00:00,2023-06-26 13:29:00+00:00,15057.75,15114.0,14998.75,15036.0,93276,930,2023-06-26 13:30:00+00:00,2023-06-26 15:29:00+00:00,15036.5,15152.5,14982.5,14998.5,220719,120,203.5125,primary_2023_2025,115.25,92.125,1.2510176390773406,neutral,1_1_to_1_3,170.0,0.8353295252134391,0.2235294117647059,-0.2235294117647059,True,True,True,38.5,False,2023,2023-06,2023-W26
NQ,2023-06-27,2023-06-26 22:00:00+00:00,2023-06-27 13:29:00+00:00,14875.0,14937.25,14862.25,14918.0,81960,930,2023-06-27 13:30:00+00:00,2023-06-27 15:29:00+00:00,14917.75,14982.75,14888.0,14982.25,222867,120,210.4875,primary_2023_2025,75.0,98.25,0.7633587786259542,neutral,0_7_to_0_9,94.75,0.45014549557574673,0.6807387862796834,0.6807387862796834,True,False,True,45.5,False,2023,2023-06,2023-W26
NQ,2023-06-28,2023-06-27 22:00:00+00:00,2023-06-28 13:29:00+00:00,15088.25,15092.75,15021.25,15029.5,96852,930,2023-06-28 13:30:00+00:00,2023-06-28 15:29:00+00:00,15029.5,15207.25,15025.5,15144.75,252201,120,220.45,primary_2023_2025,71.5,91.75,0.779291553133515,neutral,0_7_to_0_9,181.75,0.82444998865956,0.6341127922971114,0.6341127922971114,True,False,True,114.5,False,2023,2023-06,2023-W26
NQ,2023-06-29,2023-06-28 22:00:00+00:00,2023-06-29 13:29:00+00:00,15161.0,15202.75,15101.25,15118.75,103178,930,2023-06-29 13:30:00+00:00,2023-06-29 15:29:00+00:00,15119.25,15144.75,15028.5,15131.5,243071,120,221.4125,primary_2023_2025,101.5,90.25,1.1246537396121883,neutral,1_1_to_1_3,116.25,0.5250381076045842,0.1053763440860215,0.1053763440860215,False,True,False,72.75,True,2023,2023-06,2023-W26
NQ,2023-06-30,2023-06-29 22:00:00+00:00,2023-06-30 13:29:00+00:00,15106.0,15263.75,15099.0,15252.25,101839,928,2023-06-30 13:30:00+00:00,2023-06-30 15:29:00+00:00,15252.0,15376.75,15238.5,15328.0,183225,120,224.1625,primary_2023_2025,164.75,91.75,1.7956403269754768,expansion,gt_1_3,138.25,0.6167400881057269,0.5497287522603979,0.5497287522603979,True,False,True,113.0,False,2023,2023-06,2023-W26
NQ,2023-07-03,2023-07-02 22:00:00+00:00,2023-07-03 13:29:00+00:00,15331.0,15392.0,15330.5,15355.25,81714,930,2023-07-03 13:30:00+00:00,2023-07-03 15:29:00+00:00,15355.25,15390.0,15308.5,15321.75,125649,120,206.525,primary_2023_2025,61.5,96.5,0.6373056994818653,compression,0_5_to_0_7,81.5,0.3946253480208207,0.4110429447852761,-0.4110429447852761,False,True,True,22.0,False,2023,2023-07,2023-W27
NQ,2023-07-04,2023-07-03 22:00:00+00:00,2023-07-04 13:29:00+00:00,15357.0,15364.75,15334.25,15363.5,29475,928,2023-07-04 13:30:00+00:00,2023-07-04 15:29:00+00:00,15363.75,15368.5,15345.25,15353.0,9872,120,199.3625,primary_2023_2025,30.5,96.5,0.3160621761658031,compression,lt_0_5,23.25,0.11662173177001692,0.46236559139784944,-0.46236559139784944,True,False,False,3.75,True,2023,2023-07,2023-W27
NQ,2023-07-05,2023-07-04 22:00:00+00:00,2023-07-05 13:29:00+00:00,15345.25,15356.5,15255.25,15293.75,81564,929,2023-07-05 13:30:00+00:00,2023-07-05 15:29:00+00:00,15293.5,15432.0,15292.5,15362.0,185841,120,190.025,primary_2023_2025,101.25,96.5,1.049222797927461,neutral,0_9_to_1_1,139.5,0.7341139323773187,0.4910394265232975,0.4910394265232975,True,False,True,75.5,False,2023,2023-07,2023-W27
NQ,2023-07-06,2023-07-05 22:00:00+00:00,2023-07-06 13:29:00+00:00,15353.75,15366.0,15164.5,15196.0,149844,930,2023-07-06 13:30:00+00:00,2023-07-06 15:29:00+00:00,15196.0,15214.25,15111.5,15135.75,200677,120,183.8875,primary_2023_2025,201.5,101.375,1.9876695437731196,expansion,gt_1_3,102.75,0.5587655495887431,0.5863746958637469,-0.5863746958637469,False,True,True,53.0,False,2023,2023-07,2023-W27
NQ,2023-07-07,2023-07-06 22:00:00+00:00,2023-07-07 13:29:00+00:00,15211.75,15314.0,15176.5,15221.0,134110,929,2023-07-07 13:30:00+00:00,2023-07-07 15:29:00+00:00,15220.5,15278.0,15179.5,15249.0,167643,120,184.25,primary_2023_2025,137.5,101.375,1.3563501849568433,expansion,gt_1_3,98.5,0.5345997286295794,0.2893401015228426,0.2893401015228426,False,False,False,0.0,False,2023,2023-07,2023-W27
NQ,2023-07-10,2023-07-09 22:00:00+00:00,2023-07-10 13:29:00+00:00,15198.5,15198.5,15078.0,15168.75,126637,930,2023-07-10 13:30:00+00:00,2023-07-10 15:29:00+00:00,15168.5,15214.75,15085.5,15155.75,220883,120,165.4125,primary_2023_2025,120.5,101.375,1.18865598027127,neutral,1_1_to_1_3,129.25,0.7813798836242727,0.09864603481624758,-0.09864603481624758,True,False,False,16.25,True,2023,2023-07,2023-W28
NQ,2023-07-11,2023-07-10 22:00:00+00:00,2023-07-11 13:29:00+00:00,15195.75,15239.75,15176.0,15201.75,84546,930,2023-07-11 13:30:00+00:00,2023-07-11 15:29:00+00:00,15202.0,15233.5,15109.5,15180.25,216991,120,162.3125,primary_2023_2025,63.75,101.375,0.6288532675709001,compression,0_5_to_0_7,124.0,0.7639584135541009,0.17540322580645162,-0.17540322580645162,False,True,False,66.5,True,2023,2023-07,2023-W28
NQ,2023-07-12,2023-07-11 22:00:00+00:00,2023-07-12 13:29:00+00:00,15258.0,15438.0,15254.5,15430.25,124731,929,2023-07-12 13:30:00+00:00,2023-07-12 15:29:00+00:00,15430.25,15507.75,15408.5,15450.25,211324,120,168.275,primary_2023_2025,183.5,96.375,1.9040207522697794,expansion,gt_1_3,99.25,0.5898083494280196,0.20151133501259447,0.20151133501259447,True,False,True,69.75,False,2023,2023-07,2023-W28
NQ,2023-07-13,2023-07-12 22:00:00+00:00,2023-07-13 13:29:00+00:00,15457.75,15581.25,15456.5,15576.0,110188,930,2023-07-13 13:30:00+00:00,2023-07-13 15:29:00+00:00,15576.25,15621.5,15552.25,15599.5,189398,120,176.125,primary_2023_2025,124.75,101.375,1.2305795314426633,neutral,1_1_to_1_3,69.25,0.39318665720369056,0.33574007220216606,0.33574007220216606,True,False,True,40.25,False,2023,2023-07,2023-W28
NQ,2023-07-14,2023-07-13 22:00:00+00:00,2023-07-14 13:29:00+00:00,15699.0,15738.5,15680.0,15721.75,94620,930,2023-07-14 13:30:00+00:00,2023-07-14 15:29:00+00:00,15722.0,15857.25,15721.5,15807.75,238378,120,179.65,primary_2023_2025,58.5,101.375,0.5770653514180024,compression,0_5_to_0_7,135.75,0.7556359588087949,0.6316758747697975,0.6316758747697975,True,False,True,118.75,False,2023,2023-07,2023-W28
NQ,2023-07-17,2023-07-16 22:00:00+00:00,2023-07-17 13:29:00+00:00,15690.0,15729.5,15661.5,15729.5,81261,930,2023-07-17 13:30:00+00:00,2023-07-17 15:29:00+00:00,15729.75,15784.25,15708.75,15780.0,183835,120,163.925,primary_2023_2025,68.0,96.375,0.7055771725032426,neutral,0_7_to_0_9,75.5,0.460576483147781,0.6655629139072847,0.6655629139072847,True,False,True,54.75,False,2023,2023-07,2023-W29
NQ,2023-07-18,2023-07-17 22:00:00+00:00,2023-07-18 13:29:00+00:00,15832.0,15843.75,15796.0,15815.0,81952,930,2023-07-18 13:30:00+00:00,2023-07-18 15:29:00+00:00,15815.25,15816.0,15733.0,15783.5,195400,120,164.8625,primary_2023_2025,47.75,96.375,0.49546044098573283,compression,lt_0_5,83.0,0.5034498445674426,0.3825301204819277,-0.3825301204819277,False,True,True,63.0,False,2023,2023-07,2023-W29
NQ,2023-07-19,2023-07-18 22:00:00+00:00,2023-07-19 13:29:00+00:00,15949.25,16017.5,15945.0,16013.0,85277,930,2023-07-19 13:30:00+00:00,2023-07-19 15:29:00+00:00,16012.75,16049.0,15971.0,16031.75,244059,120,176.7125,primary_2023_2025,72.5,96.375,0.7522697795071336,neutral,0_7_to_0_9,78.0,0.4413949211289524,0.24358974358974358,0.24358974358974358,True,False,True,31.5,False,2023,2023-07,2023-W29
NQ,2023-07-20,2023-07-19 22:00:00+00:00,2023-07-20 13:29:00+00:00,15922.75,15925.75,15805.25,15833.75,126881,930,2023-07-20 13:30:00+00:00,2023-07-20 15:29:00+00:00,15833.75,15895.0,15699.25,15742.75,277473,120,172.7875,primary_2023_2025,120.5,94.625,1.273447820343461,neutral,1_1_to_1_3,195.75,1.1328944512768575,0.4648786717752235,-0.4648786717752235,False,True,True,106.0,False,2023,2023-07,2023-W29
NQ,2023-07-21,2023-07-20 22:00:00+00:00,2023-07-21 13:29:00+00:00,15590.75,15717.5,15554.5,15688.0,107365,930,2023-07-21 13:30:00+00:00,2023-07-21 15:29:00+00:00,15688.25,15719.25,15549.0,15633.25,253987,120,177.35,primary_2023_2025,163.0,101.375,1.6078914919852034,expansion,gt_1_3,170.25,0.9599661685931774,0.32305433186490456,-0.32305433186490456,True,True,False,5.5,True,2023,2023-07,2023-W29
NQ,2023-07-24,2023-07-23 22:00:00+00:00,2023-07-24 13:29:00+00:00,15556.0,15594.25,15527.0,15578.75,83273,930,2023-07-24 13:30:00+00:00,2023-07-24 15:29:00+00:00,15578.5,15618.75,15483.75,15554.75,236105,120,170.525,primary_2023_2025,67.25,101.375,0.6633785450061652,compression,0_5_to_0_7,135.0,0.7916727752528955,0.17592592592592593,-0.17592592592592593,True,True,False,43.25,True,2023,2023-07,2023-W30
NQ,2023-07-25,2023-07-24 22:00:00+00:00,2023-07-25 13:29:00+00:00,15570.0,15629.25,15549.25,15588.75,75433,929,2023-07-25 13:30:00+00:00,2023-07-25 15:29:00+00:00,15589.0,15672.25,15587.75,15649.5,192806,120,164.475,primary_2023_2025,80.0,88.125,0.9078014184397163,neutral,0_9_to_1_1,84.5,0.5137558899528804,0.7159763313609467,0.7159763313609467,True,False,True,43.0,False,2023,2023-07,2023-W30
NQ,2023-07-26,2023-07-25 22:00:00+00:00,2023-07-26 13:29:00+00:00,15730.25,15739.25,15606.25,15619.5,102469,930,2023-07-26 13:30:00+00:00,2023-07-26 15:29:00+00:00,15619.0,15639.25,15515.0,15550.5,211391,120,172.0875,primary_2023_2025,133.0,90.625,1.4675862068965517,expansion,gt_1_3,124.25,0.7220164160674075,0.5513078470824949,-0.5513078470824949,False,True,True,91.25,False,2023,2023-07,2023-W30
NQ,2023-07-27,2023-07-26 22:00:00+00:00,2023-07-27 13:29:00+00:00,15638.75,15844.5,15631.5,15834.75,125474,930,2023-07-27 13:30:00+00:00,2023-07-27 15:29:00+00:00,15834.75,15904.0,15762.0,15823.75,269933,120,177.6625,primary_2023_2025,213.0,101.375,2.1011097410604194,expansion,gt_1_3,142.0,0.7992682755224091,0.07746478873239436,-0.07746478873239436,True,False,False,59.5,True,2023,2023-07,2023-W30
NQ,2023-07-28,2023-07-27 22:00:00+00:00,2023-07-28 13:29:00+00:00,15580.0,15762.0,15546.25,15737.5,148929,930,2023-07-28 13:30:00+00:00,2023-07-28 15:29:00+00:00,15737.75,15875.5,15715.75,15863.75,230202,120,195.425,primary_2023_2025,215.75,110.875,1.9458850056369785,expansion,gt_1_3,159.75,0.8174491492900089,0.7887323943661971,0.7887323943661971,True,False,True,113.5,False,2023,2023-07,2023-W30
NQ,2023-07-31,2023-07-30 22:00:00+00:00,2023-07-31 13:29:00+00:00,15850.0,15917.0,15791.25,15860.0,111099,930,2023-07-31 13:30:00+00:00,2023-07-31 15:29:00+00:00,15860.0,15905.0,15805.25,15852.0,186484,120,200.3625,primary_2023_2025,125.75,110.875,1.1341600901916573,neutral,1_1_to_1_3,99.75,0.49784765113232265,0.08020050125313283,-0.08020050125313283,False,False,False,0.0,False,2023,2023-07,2023-W31
NQ,2023-08-01,2023-07-31 22:00:00+00:00,2023-08-01 13:29:00+00:00,15869.25,15889.25,15755.75,15796.25,96609,930,2023-08-01 13:30:00+00:00,2023-08-01 15:29:00+00:00,15796.5,15836.5,15728.25,15822.5,220263,120,196.675,primary_2023_2025,133.5,120.5,1.107883817427386,neutral,1_1_to_1_3,108.25,0.5504004067624253,0.24018475750577367,0.24018475750577367,False,True,False,27.5,True,2023,2023-08,2023-W31
NQ,2023-08-02,2023-08-01 22:00:00+00:00,2023-08-02 13:29:00+00:00,15757.0,15789.75,15590.25,15667.5,173172,930,2023-08-02 13:30:00+00:00,2023-08-02 15:29:00+00:00,15667.5,15668.75,15484.5,15503.75,257635,120,202.2875,primary_2023_2025,199.5,122.625,1.6269113149847094,expansion,gt_1_3,184.25,0.9108323549403695,0.8887381275440976,-0.8887381275440976,False,True,True,105.75,False,2023,2023-08,2023-W31
NQ,2023-08-03,2023-08-02 22:00:00+00:00,2023-08-03 13:29:00+00:00,15455.75,15507.5,15339.5,15357.75,164501,930,2023-08-03 13:30:00+00:00,2023-08-03 15:29:00+00:00,15358.0,15478.75,15351.25,15462.25,217589,120,210.4125,primary_2023_2025,168.0,125.25,1.341317365269461,expansion,gt_1_3,127.5,0.6059525931206559,0.8176470588235294,0.8176470588235294,False,False,False,0.0,False,2023,2023-08,2023-W31
NQ,2023-08-04,2023-08-03 22:00:00+00:00,2023-08-04 13:29:00+00:00,15441.0,15562.5,15401.75,15511.75,163449,930,2023-08-04 13:30:00+00:00,2023-08-04 15:29:00+00:00,15511.5,15583.5,15392.75,15543.0,253257,120,212.425,primary_2023_2025,160.75,125.25,1.2834331337325349,neutral,1_1_to_1_3,190.75,0.8979639872896316,0.1651376146788991,0.1651376146788991,True,True,False,21.0,True,2023,2023-08,2023-W31
NQ,2023-08-07,2023-08-06 22:00:00+00:00,2023-08-07 13:29:00+00:00,15370.5,15466.5,15357.75,15434.5,110859,930,2023-08-07 13:30:00+00:00,2023-08-07 15:29:00+00:00,15433.5,15473.25,15339.5,15360.5,232672,120,205.7875,primary_2023_2025,108.75,125.25,0.8682634730538922,neutral,0_7_to_0_9,133.75,0.6499422948429813,0.5457943925233645,-0.5457943925233645,True,True,False,18.25,True,2023,2023-08,2023-W32
NQ,2023-08-08,2023-08-07 22:00:00+00:00,2023-08-08 13:29:00+00:00,15495.0,15497.75,15318.75,15379.5,128363,930,2023-08-08 13:30:00+00:00,2023-08-08 15:29:00+00:00,15379.0,15379.5,15221.0,15260.5,245436,120,204.25,primary_2023_2025,179.0,125.25,1.4291417165668663,expansion,gt_1_3,158.5,0.7760097919216646,0.7476340694006309,-0.7476340694006309,False,True,True,97.75,False,2023,2023-08,2023-W32
NQ,2023-08-09,2023-08-08 22:00:00+00:00,2023-08-09 13:29:00+00:00,15351.75,15432.5,15343.5,15360.75,102575,930,2023-08-09 13:30:00+00:00,2023-08-09 15:29:00+00:00,15361.0,15368.5,15150.25,15170.75,227502,120,214.2125,primary_2023_2025,89.0,129.375,0.6879227053140097,compression,0_5_to_0_7,218.25,1.0188481064363657,0.8717067583046965,-0.8717067583046965,False,True,True,193.25,False,2023,2023-08,2023-W32
NQ,2023-08-10,2023-08-09 22:00:00+00:00,2023-08-10 13:29:00+00:00,15202.5,15357.5,15200.75,15300.5,154457,930,2023-08-10 13:30:00+00:00,2023-08-10 15:29:00+00:00,15300.75,15442.25,15261.5,15296.75,286801,120,218.0375,primary_2023_2025,156.75,125.25,1.251497005988024,neutral,1_1_to_1_3,180.75,0.8289858395918134,0.022130013831258646,-0.022130013831258646,True,False,False,84.75,True,2023,2023-08,2023-W32
NQ,2023-08-11,2023-08-10 22:00:00+00:00,2023-08-11 13:29:00+00:00,15219.0,15266.75,15079.25,15091.25,126162,930,2023-08-11 13:30:00+00:00,2023-08-11 15:29:00+00:00,15091.75,15174.25,15052.0,15057.75,212624,120,218.5125,primary_2023_2025,187.5,129.375,1.4492753623188406,expansion,gt_1_3,122.25,0.5594645615239403,0.278118609406953,-0.278118609406953,False,True,True,27.25,False,2023,2023-08,2023-W32
NQ,2023-08-14,2023-08-13 22:00:00+00:00,2023-08-14 13:29:00+00:00,15104.0,15225.0,15020.75,15067.75,136368,930,2023-08-14 13:30:00+00:00,2023-08-14 15:29:00+00:00,15068.25,15248.0,15035.0,15221.0,194902,120,206.2625,primary_2023_2025,204.25,133.25,1.5328330206378986,expansion,gt_1_3,213.0,1.0326646869886673,0.7171361502347418,0.7171361502347418,True,False,False,23.0,True,2023,2023-08,2023-W33
NQ,2023-08-15,2023-08-14 22:00:00+00:00,2023-08-15 13:29:00+00:00,15279.0,15335.0,15152.0,15224.5,153011,930,2023-08-15 13:30:00+00:00,2023-08-15 15:29:00+00:00,15225.0,15259.25,15107.5,15171.5,203082,120,211.4125,primary_2023_2025,183.0,145.125,1.2609819121447028,neutral,1_1_to_1_3,151.75,0.7177910483060368,0.3525535420098847,-0.3525535420098847,False,True,False,44.5,True,2023,2023-08,2023-W33
NQ,2023-08-16,2023-08-15 22:00:00+00:00,2023-08-16 13:29:00+00:00,15110.75,15166.0,15064.0,15078.75,104001,930,2023-08-16 13:30:00+00:00,2023-08-16 15:29:00+00:00,15079.75,15144.0,15051.0,15099.5,185300,120,222.275,primary_2023_2025,102.0,158.75,0.6425196850393701,compression,0_5_to_0_7,93.0,0.41840062985041054,0.21236559139784947,0.21236559139784947,False,True,False,13.0,True,2023,2023-08,2023-W33
NQ,2023-08-17,2023-08-16 22:00:00+00:00,2023-08-17 13:29:00+00:00,14940.25,15018.25,14887.5,14994.0,121679,930,2023-08-17 13:30:00+00:00,2023-08-17 15:29:00+00:00,14994.25,15007.5,14856.75,14868.75,223820,120,229.45,primary_2023_2025,130.75,158.75,0.8236220472440945,neutral,0_7_to_0_9,150.75,0.6570058836347789,0.8325041459369817,-0.8325041459369817,False,True,True,30.75,False,2023,2023-08,2023-W33
NQ,2023-08-18,2023-08-17 22:00:00+00:00,2023-08-18 13:29:00+00:00,14748.0,14791.0,14620.0,14631.75,155436,930,2023-08-18 13:30:00+00:00,2023-08-18 15:29:00+00:00,14632.25,14714.75,14609.25,14671.0,242187,120,234.575,primary_2023_2025,171.0,158.75,1.0771653543307087,neutral,0_9_to_1_1,105.5,0.4497495470531813,0.36729857819905215,0.36729857819905215,False,True,False,10.75,True,2023,2023-08,2023-W33
NQ,2023-08-21,2023-08-20 22:00:00+00:00,2023-08-21 13:29:00+00:00,14762.5,14858.5,14720.5,14808.5,112791,930,2023-08-21 13:30:00+00:00,2023-08-21 15:29:00+00:00,14808.75,14932.5,14793.5,14811.0,227251,120,217.875,primary_2023_2025,138.0,158.75,0.8692913385826772,neutral,0_7_to_0_9,139.0,0.6379804934021801,0.01618705035971223,0.01618705035971223,True,False,False,74.0,True,2023,2023-08,2023-W34
NQ,2023-08-22,2023-08-21 22:00:00+00:00,2023-08-22 13:29:00+00:00,14974.5,15118.25,14943.0,15091.75,117730,930,2023-08-22 13:30:00+00:00,2023-08-22 15:29:00+00:00,15091.5,15092.25,14969.25,15021.0,230757,120,215.05,primary_2023_2025,175.25,158.75,1.1039370078740158,neutral,1_1_to_1_3,123.0,0.5719600093001628,0.573170731707317,-0.573170731707317,False,False,False,0.0,False,2023,2023-08,2023-W34
NQ,2023-08-23,2023-08-22 22:00:00+00:00,2023-08-23 13:29:00+00:00,14959.75,15083.0,14957.25,15009.0,128463,930,2023-08-23 13:30:00+00:00,2023-08-23 15:29:00+00:00,15009.25,15198.25,14999.5,15189.5,208563,120,218.3,primary_2023_2025,125.75,164.375,0.7650190114068441,neutral,0_7_to_0_9,198.75,0.9104443426477324,0.9069182389937107,0.9069182389937107,True,False,True,115.25,False,2023,2023-08,2023-W34
NQ,2023-08-24,2023-08-23 22:00:00+00:00,2023-08-24 13:29:00+00:00,15333.0,15418.0,15294.0,15335.25,164936,930,2023-08-24 13:30:00+00:00,2023-08-24 15:29:00+00:00,15335.5,15339.75,14991.25,15018.0,325056,120,234.6875,primary_2023_2025,124.0,164.375,0.7543726235741445,neutral,0_7_to_0_9,348.5,1.484953395472703,0.9110473457675753,-0.9110473457675753,False,True,True,302.75,False,2023,2023-08,2023-W34
NQ,2023-08-25,2023-08-24 22:00:00+00:00,2023-08-25 13:29:00+00:00,14833.0,14918.25,14785.25,14897.25,120526,930,2023-08-25 13:30:00+00:00,2023-08-25 15:29:00+00:00,14897.25,15048.75,14751.75,14860.75,342442,120,255.2125,primary_2023_2025,133.0,158.75,0.8377952755905512,neutral,0_7_to_0_9,297.0,1.163736102267718,0.12289562289562289,-0.12289562289562289,True,True,False,130.5,True,2023,2023-08,2023-W34
NQ,2023-08-28,2023-08-27 22:00:00+00:00,2023-08-28 13:29:00+00:00,14991.0,15106.75,14973.5,15097.75,99929,929,2023-08-28 13:30:00+00:00,2023-08-28 15:29:00+00:00,15097.5,15126.5,14998.75,15016.75,215273,120,246.3875,primary_2023_2025,133.25,147.375,0.904156064461408,neutral,0_9_to_1_1,127.75,0.5184922124701943,0.6320939334637965,-0.6320939334637965,True,False,False,19.75,True,2023,2023-08,2023-W35
NQ,2023-08-29,2023-08-28 22:00:00+00:00,2023-08-29 13:29:00+00:00,15098.75,15147.25,15049.75,15077.0,96667,929,2023-08-29 13:30:00+00:00,2023-08-29 15:29:00+00:00,15076.75,15354.0,15062.75,15344.5,249787,120,240.2375,primary_2023_2025,97.5,147.375,0.6615776081424937,compression,0_5_to_0_7,291.25,1.2123419532754045,0.91931330472103,0.91931330472103,True,False,True,206.75,False,2023,2023-08,2023-W35
NQ,2023-08-30,2023-08-29 22:00:00+00:00,2023-08-30 13:29:00+00:00,15427.5,15468.0,15361.5,15416.5,116545,930,2023-08-30 13:30:00+00:00,2023-08-30 15:29:00+00:00,15416.25,15507.25,15375.0,15463.0,248679,120,256.8,primary_2023_2025,106.5,147.375,0.72264631043257,neutral,0_7_to_0_9,132.25,0.5149922118380063,0.3534971644612476,0.3534971644612476,True,False,False,39.25,True,2023,2023-08,2023-W35
NQ,2023-08-31,2023-08-30 22:00:00+00:00,2023-08-31 13:29:00+00:00,15513.75,15544.25,15460.0,15492.0,121830,930,2023-08-31 13:30:00+00:00,2023-08-31 15:29:00+00:00,15492.25,15606.75,15488.75,15566.5,202465,120,257.15,primary_2023_2025,84.25,135.625,0.6211981566820276,compression,0_5_to_0_7,118.0,0.4588761423293798,0.6292372881355932,0.6292372881355932,True,False,True,62.5,False,2023,2023-08,2023-W35
NQ,2023-09-01,2023-08-31 22:00:00+00:00,2023-09-01 13:29:00+00:00,15534.0,15661.25,15502.0,15633.75,117619,930,2023-09-01 13:30:00+00:00,2023-09-01 15:29:00+00:00,15633.0,15652.75,15482.0,15507.5,239917,120,253.0875,primary_2023_2025,159.25,133.125,1.196244131455399,neutral,1_1_to_1_3,170.75,0.6746678520274608,0.7349926793557833,-0.7349926793557833,False,True,False,20.0,True,2023,2023-09,2023-W35
NQ,2023-09-04,2023-09-03 22:00:00+00:00,2023-09-04 13:29:00+00:00,15517.0,15570.5,15500.5,15555.0,41602,928,2023-09-04 13:30:00+00:00,2023-09-04 15:29:00+00:00,15555.0,15578.75,15512.25,15519.25,27972,120,235.95,primary_2023_2025,70.0,133.125,0.5258215962441315,compression,0_5_to_0_7,66.5,0.28183937274846366,0.5375939849624061,-0.5375939849624061,True,False,False,8.25,True,2023,2023-09,2023-W36
NQ,2023-09-05,2023-09-04 22:00:00+00:00,2023-09-05 13:29:00+00:00,15527.75,15534.75,15418.25,15481.5,109340,930,2023-09-05 13:30:00+00:00,2023-09-05 15:29:00+00:00,15481.75,15577.0,15442.75,15531.75,201830,120,230.2625,primary_2023_2025,116.5,133.125,0.8751173708920188,neutral,0_7_to_0_9,134.25,0.5830302372292493,0.37243947858473,0.37243947858473,True,False,False,42.25,True,2023,2023-09,2023-W36
NQ,2023-09-06,2023-09-05 22:00:00+00:00,2023-09-06 13:29:00+00:00,15511.25,15533.0,15438.75,15500.25,86371,930,2023-09-06 13:30:00+00:00,2023-09-06 15:29:00+00:00,15499.5,15514.25,15348.25,15389.5,241948,120,232.275,primary_2023_2025,94.25,131.875,0.7146919431279621,neutral,0_7_to_0_9,166.0,0.714670110859972,0.6626506024096386,-0.6626506024096386,False,True,True,90.5,False,2023,2023-09,2023-W36
NQ,2023-09-07,2023-09-06 22:00:00+00:00,2023-09-07 13:29:00+00:00,15385.0,15395.75,15183.0,15200.5,143238,930,2023-09-07 13:30:00+00:00,2023-09-07 15:29:00+00:00,15200.5,15281.25,15157.5,15229.0,244179,120,227.6375,primary_2023_2025,212.75,131.875,1.6132701421800948,expansion,gt_1_3,123.75,0.5436274778979738,0.23030303030303031,0.23030303030303031,False,True,False,25.5,True,2023,2023-09,2023-W36
NQ,2023-09-08,2023-09-07 22:00:00+00:00,2023-09-08 13:29:00+00:00,15286.25,15343.75,15223.0,15272.5,112676,930,2023-09-08 13:30:00+00:00,2023-09-08 15:29:00+00:00,15273.0,15390.75,15270.0,15355.25,201233,120,226.35,primary_2023_2025,120.75,131.875,0.9156398104265403,neutral,0_9_to_1_1,120.75,0.5334658714380385,0.6811594202898551,0.6811594202898551,True,False,True,47.0,False,2023,2023-09,2023-W36
NQ,2023-09-11,2023-09-10 22:00:00+00:00,2023-09-11 13:29:00+00:00,15308.0,15634.0,15298.75,15618.5,79744,930,2023-09-11 13:30:00+00:00,2023-09-11 15:29:00+00:00,15618.75,15646.75,15537.25,15593.5,189270,120,218.125,primary_2023_2025,335.25,128.25,2.6140350877192984,expansion,gt_1_3,109.5,0.5020057306590258,0.23059360730593606,-0.23059360730593606,True,False,False,12.75,True,2023,2023-09,2023-W37
NQ,2023-09-12,2023-09-11 22:00:00+00:00,2023-09-12 13:29:00+00:00,15662.25,15680.0,15591.25,15600.5,83466,929,2023-09-12 13:30:00+00:00,2023-09-12 15:29:00+00:00,15600.5,15658.75,15516.75,15544.25,209681,120,217.525,primary_2023_2025,88.75,128.25,0.6920077972709552,compression,0_5_to_0_7,142.0,0.6527985289047236,0.3961267605633803,-0.3961267605633803,False,True,True,74.5,False,2023,2023-09,2023-W37
NQ,2023-09-13,2023-09-12 22:00:00+00:00,2023-09-13 13:29:00+00:00,15500.75,15529.75,15406.0,15504.25,156050,930,2023-09-13 13:30:00+00:00,2023-09-13 15:29:00+00:00,15503.75,15595.0,15454.25,15592.25,260786,120,224.85,primary_2023_2025,123.75,124.875,0.990990990990991,neutral,0_9_to_1_1,140.75,0.6259728708027574,0.6287744227353463,0.6287744227353463,True,False,True,65.25,False,2023,2023-09,2023-W37
NQ,2023-09-14,2023-09-13 22:00:00+00:00,2023-09-14 13:29:00+00:00,15569.0,15647.75,15563.25,15620.0,140238,930,2023-09-14 13:30:00+00:00,2023-09-14 15:29:00+00:00,15620.0,15694.75,15531.0,15660.5,234321,120,221.0875,primary_2023_2025,84.5,124.875,0.6766766766766766,compression,0_5_to_0_7,163.75,0.7406569797026065,0.24732824427480915,0.24732824427480915,True,True,True,47.0,False,2023,2023-09,2023-W37
NQ,2023-09-15,2023-09-14 22:00:00+00:00,2023-09-15 13:29:00+00:00,15677.0,15719.75,15592.25,15610.75,116355,930,2023-09-15 13:30:00+00:00,2023-09-15 15:29:00+00:00,15610.5,15627.5,15414.25,15430.25,255131,120,221.15,primary_2023_2025,127.5,123.875,1.029263370332997,neutral,0_9_to_1_1,213.25,0.9642776396111237,0.8452520515826495,-0.8452520515826495,False,True,True,178.0,False,2023,2023-09,2023-W37
NQ,2023-09-18,2023-09-17 22:00:00+00:00,2023-09-18 13:29:00+00:00,15382.25,15428.75,15330.5,15356.0,94008,929,2023-09-18 13:30:00+00:00,2023-09-18 15:29:00+00:00,15355.75,15439.5,15343.0,15422.25,213180,120,189.1875,primary_2023_2025,98.25,123.875,0.79313824419778,neutral,0_7_to_0_9,96.5,0.5100759828212752,0.689119170984456,0.689119170984456,True,False,False,10.75,True,2023,2023-09,2023-W38
NQ,2023-09-19,2023-09-18 22:00:00+00:00,2023-09-19 13:29:00+00:00,15424.25,15442.25,15345.0,15355.25,86263,930,2023-09-19 13:30:00+00:00,2023-09-19 15:29:00+00:00,15355.0,15373.25,15248.5,15281.0,208819,120,180.8625,primary_2023_2025,97.25,122.25,0.7955010224948875,neutral,0_7_to_0_9,124.75,0.6897505010712558,0.593186372745491,-0.593186372745491,False,True,True,96.5,False,2023,2023-09,2023-W38
NQ,2023-09-20,2023-09-19 22:00:00+00:00,2023-09-20 13:29:00+00:00,15375.25,15436.25,15342.25,15419.25,79866,929,2023-09-20 13:30:00+00:00,2023-09-20 15:29:00+00:00,15419.25,15435.25,15330.25,15335.75,167535,120,187.7375,primary_2023_2025,94.0,118.625,0.7924130663856691,neutral,0_7_to_0_9,105.0,0.5592915640189093,0.7952380952380952,-0.7952380952380952,False,True,True,12.0,False,2023,2023-09,2023-W38
NQ,2023-09-21,2023-09-20 22:00:00+00:00,2023-09-21 13:29:00+00:00,15133.25,15149.0,14942.25,14988.25,163459,930,2023-09-21 13:30:00+00:00,2023-09-21 15:29:00+00:00,14988.0,15020.25,14919.0,14943.0,250179,120,198.0125,primary_2023_2025,206.75,111.5,1.8542600896860986,expansion,gt_1_3,101.25,0.5113313553437283,0.4444444444444444,-0.4444444444444444,False,True,False,23.25,True,2023,2023-09,2023-W38
NQ,2023-09-22,2023-09-21 22:00:00+00:00,2023-09-22 13:29:00+00:00,14854.5,14972.5,14836.25,14937.5,117215,930,2023-09-22 13:30:00+00:00,2023-09-22 15:29:00+00:00,14937.5,15017.25,14888.0,15010.5,200758,120,190.8875,primary_2023_2025,136.25,111.5,1.2219730941704037,neutral,1_1_to_1_3,129.25,0.6771003863532186,0.5647969052224371,0.5647969052224371,True,False,True,44.75,False,2023,2023-09,2023-W38
NQ,2023-09-25,2023-09-24 22:00:00+00:00,2023-09-25 13:29:00+00:00,14880.25,14946.0,14782.25,14825.5,127004,929,2023-09-25 13:30:00+00:00,2023-09-25 15:29:00+00:00,14824.5,14917.5,14782.5,14896.5,193940,120,186.7875,primary_2023_2025,163.75,111.5,1.468609865470852,expansion,gt_1_3,135.0,0.7227464364585425,0.5333333333333333,0.5333333333333333,False,False,False,0.0,False,2023,2023-09,2023-W39
NQ,2023-09-26,2023-09-25 22:00:00+00:00,2023-09-26 13:29:00+00:00,14949.0,14949.0,14795.0,14824.75,130832,930,2023-09-26 13:30:00+00:00,2023-09-26 15:29:00+00:00,14825.0,14846.25,14724.5,14728.75,225047,120,185.1,primary_2023_2025,154.0,111.5,1.3811659192825112,expansion,gt_1_3,121.75,0.657752566180443,0.7905544147843943,-0.7905544147843943,False,True,True,70.5,False,2023,2023-09,2023-W39
NQ,2023-09-27,2023-09-26 22:00:00+00:00,2023-09-27 13:29:00+00:00,14725.25,14796.0,14713.5,14753.25,110185,930,2023-09-27 13:30:00+00:00,2023-09-27 15:29:00+00:00,14753.0,14806.0,14682.0,14738.75,206467,120,194.325,primary_2023_2025,82.5,118.625,0.6954689146469969,compression,0_5_to_0_7,124.0,0.6381062652772418,0.11491935483870967,-0.11491935483870967,True,True,False,31.5,True,2023,2023-09,2023-W39
NQ,2023-09-28,2023-09-27 22:00:00+00:00,2023-09-28 13:29:00+00:00,14772.5,14794.0,14677.75,14695.0,170330,930,2023-09-28 13:30:00+00:00,2023-09-28 15:29:00+00:00,14695.0,14827.25,14658.0,14827.0,225959,120,201.5625,primary_2023_2025,116.25,118.625,0.9799789251844047,neutral,0_9_to_1_1,169.25,0.8396899224806201,0.7799113737075333,0.7799113737075333,True,True,True,33.25,False,2023,2023-09,2023-W39
NQ,2023-09-29,2023-09-28 22:00:00+00:00,2023-09-29 13:29:00+00:00,14876.5,15009.75,14825.5,15002.5,135530,930,2023-09-29 13:30:00+00:00,2023-09-29 15:29:00+00:00,15001.5,15060.75,14952.0,14954.0,225586,120,207.6125,primary_2023_2025,184.25,118.625,1.5532139093782928,expansion,gt_1_3,108.75,0.5238123908724185,0.4367816091954023,-0.4367816091954023,True,False,False,51.0,True,2023,2023-09,2023-W39
NQ,2023-10-02,2023-10-01 22:00:00+00:00,2023-10-02 13:29:00+00:00,14965.0,15010.5,14826.0,14874.0,151236,930,2023-10-02 13:30:00+00:00,2023-10-02 15:29:00+00:00,14873.75,15046.0,14847.75,15039.0,261481,120,202.025,primary_2023_2025,184.5,118.625,1.5553213909378294,expansion,gt_1_3,198.25,0.9813141937878975,0.8335435056746532,0.8335435056746532,True,False,True,35.5,False,2023,2023-10,2023-W40
NQ,2023-10-03,2023-10-02 22:00:00+00:00,2023-10-03 13:29:00+00:00,14989.5,15031.0,14847.25,14880.0,163238,930,2023-10-03 13:30:00+00:00,2023-10-03 15:29:00+00:00,14880.25,14974.75,14725.0,14738.0,282277,120,204.6375,primary_2023_2025,183.75,122.25,1.5030674846625767,expansion,gt_1_3,249.75,1.2204507971412866,0.5695695695695696,-0.5695695695695696,False,True,True,122.25,False,2023,2023-10,2023-W40
NQ,2023-10-04,2023-10-03 22:00:00+00:00,2023-10-04 13:29:00+00:00,14713.75,14799.75,14589.0,14753.25,210799,930,2023-10-04 13:30:00+00:00,2023-10-04 15:29:00+00:00,14753.0,14857.0,14734.5,14838.75,274744,120,212.5375,primary_2023_2025,210.75,125.625,1.6776119402985075,expansion,gt_1_3,122.5,0.5763688760806917,0.7,0.7,True,False,True,57.25,False,2023,2023-10,2023-W40
NQ,2023-10-05,2023-10-04 22:00:00+00:00,2023-10-05 13:29:00+00:00,14903.0,14958.75,14850.75,14909.75,156486,930,2023-10-05 13:30:00+00:00,2023-10-05 15:29:00+00:00,14909.0,14926.5,14716.25,14756.25,228561,120,221.8125,primary_2023_2025,108.0,131.875,0.818957345971564,neutral,0_7_to_0_9,210.25,0.9478726401803325,0.7265160523186682,-0.7265160523186682,False,True,True,134.5,False,2023,2023-10,2023-W40
NQ,2023-10-06,2023-10-05 22:00:00+00:00,2023-10-06 13:29:00+00:00,14853.75,14922.0,14660.0,14736.5,196554,930,2023-10-06 13:30:00+00:00,2023-10-06 15:29:00+00:00,14736.75,14950.5,14702.25,14923.5,300385,120,223.575,primary_2023_2025,262.0,125.625,2.0855721393034825,expansion,gt_1_3,248.25,1.1103656491110365,0.7522658610271903,0.7522658610271903,True,False,True,28.5,False,2023,2023-10,2023-W40
NQ,2023-10-09,2023-10-08 22:00:00+00:00,2023-10-09 13:29:00+00:00,15040.25,15040.5,14971.75,15012.5,152980,930,2023-10-09 13:30:00+00:00,2023-10-09 15:29:00+00:00,15012.25,15066.75,14949.5,15031.25,197837,120,231.4,primary_2023_2025,68.75,131.875,0.5213270142180095,compression,0_5_to_0_7,117.25,0.5066983578219533,0.16204690831556504,0.16204690831556504,True,True,False,26.25,True,2023,2023-10,2023-W41
NQ,2023-10-10,2023-10-09 22:00:00+00:00,2023-10-10 13:29:00+00:00,15196.5,15239.25,15171.75,15200.5,126585,930,2023-10-10 13:30:00+00:00,2023-10-10 15:29:00+00:00,15201.0,15359.0,15180.0,15351.5,207654,120,227.6625,primary_2023_2025,67.5,125.625,0.5373134328358209,compression,0_5_to_0_7,179.0,0.7862515785427991,0.840782122905028,0.840782122905028,True,False,True,119.75,False,2023,2023-10,2023-W41
NQ,2023-10-11,2023-10-10 22:00:00+00:00,2023-10-11 13:29:00+00:00,15282.25,15345.75,15273.25,15325.0,135055,930,2023-10-11 13:30:00+00:00,2023-10-11 15:29:00+00:00,15325.25,15387.25,15300.5,15313.25,207654,120,236.2375,primary_2023_2025,72.5,125.625,0.5771144278606966,compression,0_5_to_0_7,86.75,0.3672151965712471,0.138328530259366,-0.138328530259366,True,False,False,41.5,True,2023,2023-10,2023-W41
NQ,2023-10-12,2023-10-11 22:00:00+00:00,2023-10-12 13:29:00+00:00,15407.5,15448.0,15361.5,15393.25,137745,930,2023-10-12 13:30:00+00:00,2023-10-12 15:29:00+00:00,15392.75,15467.0,15366.0,15418.25,224364,120,238.6125,primary_2023_2025,86.5,121.875,0.7097435897435898,neutral,0_7_to_0_9,101.0,0.42328042328042326,0.2524752475247525,0.2524752475247525,True,False,False,19.0,True,2023,2023-10,2023-W41
NQ,2023-10-13,2023-10-12 22:00:00+00:00,2023-10-13 13:29:00+00:00,15324.0,15348.75,15217.25,15342.75,140339,930,2023-10-13 13:30:00+00:00,2023-10-13 15:29:00+00:00,15342.25,15366.75,15147.25,15159.25,241910,120,241.55,primary_2023_2025,131.5,121.875,1.078974358974359,neutral,0_9_to_1_1,219.5,0.9087145518526185,0.8337129840546698,-0.8337129840546698,True,True,True,70.0,False,2023,2023-10,2023-W41
NQ,2023-10-16,2023-10-15 22:00:00+00:00,2023-10-16 13:29:00+00:00,15120.0,15187.5,15083.0,15175.75,128855,930,2023-10-16 13:30:00+00:00,2023-10-16 15:29:00+00:00,15175.75,15325.75,15168.75,15302.25,222401,120,228.55,primary_2023_2025,104.5,123.875,0.8435923309788093,neutral,0_7_to_0_9,157.0,0.6869394005688033,0.8057324840764332,0.8057324840764332,True,False,True,138.25,False,2023,2023-10,2023-W42
NQ,2023-10-17,2023-10-16 22:00:00+00:00,2023-10-17 13:29:00+00:00,15305.75,15306.5,15136.5,15139.0,140305,930,2023-10-17 13:30:00+00:00,2023-10-17 15:29:00+00:00,15138.5,15247.0,15050.25,15231.5,291620,120,232.4875,primary_2023_2025,170.0,123.875,1.372351160443996,expansion,gt_1_3,196.75,0.8462820581751707,0.4726810673443456,0.4726810673443456,False,True,False,86.25,True,2023,2023-10,2023-W42
NQ,2023-10-18,2023-10-17 22:00:00+00:00,2023-10-18 13:29:00+00:00,15236.5,15238.25,15124.0,15130.25,133921,930,2023-10-18 13:30:00+00:00,2023-10-18 15:29:00+00:00,15130.75,15223.75,15093.0,15130.0,275034,120,242.425,primary_2023_2025,114.25,133.875,0.8534080298786181,neutral,0_7_to_0_9,130.75,0.5393420645560483,0.0057361376673040155,-0.0057361376673040155,False,True,False,31.0,True,2023,2023-10,2023-W42
NQ,2023-10-19,2023-10-18 22:00:00+00:00,2023-10-19 13:29:00+00:00,15045.0,15107.0,14937.0,15087.5,168282,930,2023-10-19 13:30:00+00:00,2023-10-19 15:29:00+00:00,15087.5,15109.0,14966.25,15014.0,258447,120,245.975,primary_2023_2025,170.0,133.875,1.2698412698412698,neutral,1_1_to_1_3,142.75,0.5803435308466308,0.5148861646234676,-0.5148861646234676,True,False,False,2.0,True,2023,2023-10,2023-W42
NQ,2023-10-20,2023-10-19 22:00:00+00:00,2023-10-20 13:29:00+00:00,14850.0,14887.5,14796.0,14862.75,145552,930,2023-10-20 13:30:00+00:00,2023-10-20 15:29:00+00:00,14862.5,14886.0,14666.25,14676.25,287650,120,250.675,primary_2023_2025,91.5,133.875,0.6834733893557423,compression,0_5_to_0_7,219.75,0.8766330906552309,0.8475540386803185,-0.8475540386803185,False,True,True,129.75,False,2023,2023-10,2023-W42
NQ,2023-10-23,2023-10-22 22:00:00+00:00,2023-10-23 13:29:00+00:00,14680.0,14716.0,14520.5,14602.0,161629,930,2023-10-23 13:30:00+00:00,2023-10-23 15:29:00+00:00,14602.5,14749.0,14514.25,14741.0,260309,120,239.225,primary_2023_2025,195.5,123.875,1.5782038345105953,expansion,gt_1_3,234.75,0.9812937611035636,0.5899893503727369,0.5899893503727369,True,True,True,33.0,False,2023,2023-10,2023-W43
NQ,2023-10-24,2023-10-23 22:00:00+00:00,2023-10-24 13:29:00+00:00,14744.0,14825.0,14720.0,14778.0,123121,930,2023-10-24 13:30:00+00:00,2023-10-24 15:29:00+00:00,14778.25,14878.0,14758.5,14802.25,246547,120,243.7125,primary_2023_2025,105.0,123.875,0.8476286579212916,neutral,0_7_to_0_9,119.5,0.4903318459250141,0.200836820083682,0.200836820083682,True,False,False,53.0,True,2023,2023-10,2023-W43
NQ,2023-10-25,2023-10-24 22:00:00+00:00,2023-10-25 13:29:00+00:00,14828.0,14855.0,14713.0,14741.5,132893,930,2023-10-25 13:30:00+00:00,2023-10-25 15:29:00+00:00,14741.5,14749.25,14596.75,14637.25,286520,120,252.0625,primary_2023_2025,142.0,115.25,1.2321041214750543,neutral,1_1_to_1_3,152.5,0.6050086784031738,0.6836065573770492,-0.6836065573770492,False,True,True,116.25,False,2023,2023-10,2023-W43
NQ,2023-10-26,2023-10-25 22:00:00+00:00,2023-10-26 13:29:00+00:00,14425.0,14430.75,14257.0,14421.5,212070,930,2023-10-26 13:30:00+00:00,2023-10-26 15:29:00+00:00,14420.75,14459.0,14251.0,14257.5,319369,120,265.55,primary_2023_2025,173.75,123.875,1.4026236125126135,expansion,gt_1_3,208.0,0.7832799849369233,0.7848557692307693,-0.7848557692307693,True,True,False,28.25,True,2023,2023-10,2023-W43
NQ,2023-10-27,2023-10-26 22:00:00+00:00,2023-10-27 13:29:00+00:00,14248.25,14343.5,14246.5,14306.25,144699,930,2023-10-27 13:30:00+00:00,2023-10-27 15:29:00+00:00,14307.0,14407.75,14274.0,14389.5,281978,120,261.9375,primary_2023_2025,97.0,136.75,0.7093235831809872,neutral,0_7_to_0_9,133.75,0.5106179909329516,0.616822429906542,0.616822429906542,True,False,True,64.25,False,2023,2023-10,2023-W43
NQ,2023-10-30,2023-10-29 22:00:00+00:00,2023-10-30 13:29:00+00:00,14336.0,14391.75,14303.0,14365.25,96715,930,2023-10-30 13:30:00+00:00,2023-10-30 15:29:00+00:00,14365.75,14476.5,14306.25,14340.5,274767,120,243.8,primary_2023_2025,88.75,122.875,0.7222787385554426,neutral,0_7_to_0_9,170.25,0.698318293683347,0.14831130690161526,-0.14831130690161526,True,False,False,84.75,True,2023,2023-10,2023-W44
NQ,2023-10-31,2023-10-30 22:00:00+00:00,2023-10-31 13:29:00+00:00,14410.5,14454.0,14320.25,14419.5,136149,930,2023-10-31 13:30:00+00:00,2023-10-31 15:29:00+00:00,14419.25,14434.25,14311.25,14379.75,254635,120,227.3,primary_2023_2025,133.75,111.125,1.2035995500562429,neutral,1_1_to_1_3,123.0,0.5411350637923449,0.32113821138211385,-0.32113821138211385,False,True,False,9.0,True,2023,2023-10,2023-W44
NQ,2023-11-01,2023-10-31 22:00:00+00:00,2023-11-01 13:29:00+00:00,14460.0,14534.5,14410.75,14520.0,118279,930,2023-11-01 13:30:00+00:00,2023-11-01 15:29:00+00:00,14520.25,14649.5,14515.25,14590.75,239524,120,233.8375,primary_2023_2025,123.75,111.125,1.1136107986501687,neutral,1_1_to_1_3,134.25,0.574116640829636,0.5251396648044693,0.5251396648044693,True,False,True,115.0,False,2023,2023-11,2023-W44
NQ,2023-11-02,2023-11-01 22:00:00+00:00,2023-11-02 13:29:00+00:00,14761.25,14953.5,14760.0,14920.75,147530,930,2023-11-02 13:30:00+00:00,2023-11-02 15:29:00+00:00,14920.5,14972.0,14869.5,14940.25,225527,120,239.7625,primary_2023_2025,193.5,111.125,1.7412823397075365,expansion,gt_1_3,102.5,0.42750638652833534,0.1926829268292683,0.1926829268292683,True,False,False,18.5,True,2023,2023-11,2023-W44
NQ,2023-11-03,2023-11-02 22:00:00+00:00,2023-11-03 13:29:00+00:00,14928.0,15065.5,14925.5,15051.0,136279,930,2023-11-03 13:30:00+00:00,2023-11-03 15:29:00+00:00,15051.0,15163.25,15040.5,15104.75,226845,120,241.0,primary_2023_2025,140.0,119.0,1.1764705882352942,neutral,1_1_to_1_3,122.75,0.5093360995850622,0.4378818737270876,0.4378818737270876,True,False,True,97.75,False,2023,2023-11,2023-W44
NQ,2023-11-06,2023-11-05 23:00:00+00:00,2023-11-06 14:29:00+00:00,15187.0,15225.25,15162.75,15204.0,90358,930,2023-11-06 14:30:00+00:00,2023-11-06 16:29:00+00:00,15204.0,15257.5,15185.0,15221.25,177290,120,236.3125,primary_2023_2025,62.5,119.0,0.5252100840336135,compression,0_5_to_0_7,72.5,0.30679714361280086,0.23793103448275862,0.23793103448275862,True,False,False,32.25,True,2023,2023-11,2023-W45
NQ,2023-11-07,2023-11-06 23:00:00+00:00,2023-11-07 14:29:00+00:00,15215.0,15284.5,15176.0,15276.0,113063,930,2023-11-07 14:30:00+00:00,2023-11-07 16:29:00+00:00,15275.75,15395.5,15224.0,15384.75,210175,120,227.0625,primary_2023_2025,108.5,119.0,0.9117647058823529,neutral,0_9_to_1_1,171.5,0.7552986512524085,0.6355685131195336,0.6355685131195336,True,False,True,111.0,False,2023,2023-11,2023-W45
NQ,2023-11-08,2023-11-07 23:00:00+00:00,2023-11-08 14:29:00+00:00,15373.0,15390.0,15336.25,15388.75,97148,930,2023-11-08 14:30:00+00:00,2023-11-08 16:29:00+00:00,15388.5,15417.5,15330.5,15346.0,204509,120,235.5,primary_2023_2025,53.75,119.0,0.45168067226890757,compression,lt_0_5,87.0,0.36942675159235666,0.4885057471264368,-0.4885057471264368,True,True,False,27.5,True,2023,2023-11,2023-W45
NQ,2023-11-09,2023-11-08 23:00:00+00:00,2023-11-09 14:29:00+00:00,15356.25,15411.0,15345.25,15404.5,106633,930,2023-11-09 14:30:00+00:00,2023-11-09 16:29:00+00:00,15404.5,15432.75,15346.0,15408.25,210356,120,229.35,primary_2023_2025,65.75,119.0,0.5525210084033614,compression,0_5_to_0_7,86.75,0.37824286025724874,0.043227665706051875,0.043227665706051875,True,False,False,21.75,True,2023,2023-11,2023-W45
NQ,2023-11-10,2023-11-09 23:00:00+00:00,2023-11-10 14:29:00+00:00,15254.75,15331.0,15207.25,15327.75,132661,930,2023-11-10 14:30:00+00:00,2023-11-10 16:29:00+00:00,15327.75,15448.5,15305.5,15436.25,227756,120,228.7,primary_2023_2025,123.75,119.0,1.0399159663865547,neutral,0_9_to_1_1,143.0,0.6252732837778749,0.7587412587412588,0.7587412587412588,True,False,True,117.5,False,2023,2023-11,2023-W45
NQ,2023-11-13,2023-11-12 23:00:00+00:00,2023-11-13 14:29:00+00:00,15586.25,15601.25,15509.5,15529.75,112326,930,2023-11-13 14:30:00+00:00,2023-11-13 16:29:00+00:00,15529.75,15568.75,15465.25,15568.5,208421,120,225.3,primary_2023_2025,91.75,119.0,0.7710084033613446,neutral,0_7_to_0_9,103.5,0.4593874833555259,0.3743961352657005,0.3743961352657005,False,True,False,44.25,True,2023,2023-11,2023-W46
NQ,2023-11-14,2023-11-13 23:00:00+00:00,2023-11-14 14:29:00+00:00,15558.0,15839.75,15552.0,15812.25,173134,930,2023-11-14 14:30:00+00:00,2023-11-14 16:29:00+00:00,15812.0,15903.0,15790.25,15870.25,222164,120,219.3875,primary_2023_2025,287.75,119.0,2.418067226890756,expansion,gt_1_3,112.75,0.5139308301521281,0.516629711751663,0.516629711751663,True,False,True,63.25,False,2023,2023-11,2023-W46
NQ,2023-11-15,2023-11-14 23:00:00+00:00,2023-11-15 14:29:00+00:00,15895.0,16049.5,15895.0,15957.5,153038,930,2023-11-15 14:30:00+00:00,2023-11-15 16:29:00+00:00,15957.25,15977.25,15906.0,15958.25,207071,120,235.7625,primary_2023_2025,154.5,119.0,1.2983193277310925,neutral,1_1_to_1_3,71.25,0.30221091140448547,0.014035087719298246,0.014035087719298246,False,False,False,0.0,False,2023,2023-11,2023-W46
NQ,2023-11-16,2023-11-15 23:00:00+00:00,2023-11-16 14:29:00+00:00,15846.75,15883.25,15822.0,15851.0,131328,930,2023-11-16 14:30:00+00:00,2023-11-16 16:29:00+00:00,15850.75,15905.75,15808.25,15812.75,227625,120,230.0625,primary_2023_2025,61.25,123.75,0.494949494949495,compression,lt_0_5,97.5,0.42379788101059496,0.38974358974358975,-0.38974358974358975,True,True,True,22.5,False,2023,2023-11,2023-W46
NQ,2023-11-17,2023-11-16 23:00:00+00:00,2023-11-17 14:29:00+00:00,15897.75,15919.75,15860.0,15862.75,112913,930,2023-11-17 14:30:00+00:00,2023-11-17 16:29:00+00:00,15862.75,15880.75,15825.0,15859.0,192199,120,223.425,primary_2023_2025,59.75,116.125,0.5145317545748116,compression,0_5_to_0_7,55.75,0.2495244489202193,0.06726457399103139,-0.06726457399103139,False,True,True,35.0,False,2023,2023-11,2023-W46
NQ,2023-11-20,2023-11-19 23:00:00+00:00,2023-11-20 14:29:00+00:00,15895.0,15932.0,15837.25,15895.25,114573,930,2023-11-20 14:30:00+00:00,2023-11-20 16:29:00+00:00,15895.0,16018.5,15894.75,16011.25,208718,120,191.525,primary_2023_2025,94.75,116.125,0.8159311087190527,neutral,0_7_to_0_9,123.75,0.6461297480746638,0.9393939393939394,0.9393939393939394,True,False,True,86.5,False,2023,2023-11,2023-W47
NQ,2023-11-21,2023-11-20 23:00:00+00:00,2023-11-21 14:29:00+00:00,16087.5,16122.5,16000.25,16013.75,118985,930,2023-11-21 14:30:00+00:00,2023-11-21 16:29:00+00:00,16013.0,16020.75,15916.75,15947.5,203703,120,195.8875,primary_2023_2025,122.25,106.75,1.14519906323185,neutral,1_1_to_1_3,104.0,0.5309169804096739,0.6298076923076923,-0.6298076923076923,False,True,True,83.5,False,2023,2023-11,2023-W47
NQ,2023-11-22,2023-11-21 23:00:00+00:00,2023-11-22 14:29:00+00:00,15967.25,16079.25,15942.75,16070.25,129916,930,2023-11-22 14:30:00+00:00,2023-11-22 16:29:00+00:00,16069.75,16173.5,16005.5,16064.25,274785,120,203.5375,primary_2023_2025,136.5,115.375,1.1830985915492958,neutral,1_1_to_1_3,168.0,0.825400724682184,0.03273809523809524,-0.03273809523809524,True,False,False,94.25,True,2023,2023-11,2023-W47
NQ,2023-11-23,2023-11-22 23:00:00+00:00,2023-11-23 14:29:00+00:00,16036.75,16086.5,16034.5,16063.25,45915,929,2023-11-23 14:30:00+00:00,2023-11-23 16:29:00+00:00,16063.0,16074.75,16051.5,16068.0,18559,120,206.5625,primary_2023_2025,52.0,115.375,0.4507042253521127,compression,lt_0_5,23.25,0.11255673222390318,0.21505376344086022,0.21505376344086022,False,False,False,0.0,False,2023,2023-11,2023-W47
NQ,2023-11-24,2023-11-23 23:00:00+00:00,2023-11-24 14:29:00+00:00,16062.5,16077.0,16024.5,16028.25,74178,930,2023-11-24 14:30:00+00:00,2023-11-24 16:29:00+00:00,16028.5,16053.5,15981.75,16008.75,108372,120,198.8375,primary_2023_2025,52.5,102.75,0.5109489051094891,compression,0_5_to_0_7,71.75,0.3608474256616584,0.27526132404181186,-0.27526132404181186,False,True,True,42.75,False,2023,2023-11,2023-W47
NQ,2023-11-27,2023-11-26 23:00:00+00:00,2023-11-27 14:29:00+00:00,16008.0,16021.75,15938.75,15998.75,100270,930,2023-11-27 14:30:00+00:00,2023-11-27 16:29:00+00:00,15999.0,16051.5,15970.25,16028.25,178897,120,174.675,primary_2023_2025,83.0,101.625,0.8167281672816729,neutral,0_7_to_0_9,81.25,0.465149563475025,0.36,0.36,True,False,True,29.75,False,2023,2023-11,2023-W48
NQ,2023-11-28,2023-11-27 23:00:00+00:00,2023-11-28 14:29:00+00:00,16005.25,16014.0,15945.25,15974.5,106131,930,2023-11-28 14:30:00+00:00,2023-11-28 16:29:00+00:00,15974.5,16048.0,15958.5,16040.5,213810,120,167.3,primary_2023_2025,68.75,101.625,0.6765067650676507,compression,0_5_to_0_7,89.5,0.5349671249252839,0.7374301675977654,0.7374301675977654,True,False,True,34.0,False,2023,2023-11,2023-W48
NQ,2023-11-29,2023-11-28 23:00:00+00:00,2023-11-29 14:29:00+00:00,16055.5,16173.25,16040.5,16147.25,132270,930,2023-11-29 14:30:00+00:00,2023-11-29 16:29:00+00:00,16147.25,16208.5,16039.25,16045.0,250768,120,172.375,primary_2023_2025,132.75,93.25,1.4235924932975872,expansion,gt_1_3,169.25,0.9818709209572154,0.604135893648449,-0.604135893648449,True,True,False,35.25,True,2023,2023-11,2023-W48
NQ,2023-11-30,2023-11-29 23:00:00+00:00,2023-11-30 14:29:00+00:00,16040.25,16098.5,16027.25,16033.0,120870,930,2023-11-30 14:30:00+00:00,2023-11-30 16:29:00+00:00,16032.5,16051.5,15881.5,15894.75,271647,120,176.15,primary_2023_2025,71.25,93.25,0.7640750670241286,neutral,0_7_to_0_9,170.0,0.9650865739426625,0.8102941176470588,-0.8102941176470588,False,True,True,145.75,False,2023,2023-11,2023-W48
NQ,2023-12-01,2023-11-30 23:00:00+00:00,2023-12-01 14:29:00+00:00,15955.0,16000.75,15919.25,15933.25,100994,930,2023-12-01 14:30:00+00:00,2023-12-01 16:29:00+00:00,15933.5,15984.0,15864.0,15961.5,248450,120,176.4625,primary_2023_2025,81.5,87.375,0.932761087267525,neutral,0_9_to_1_1,120.0,0.6800311680952044,0.23333333333333334,0.23333333333333334,False,True,False,55.25,True,2023,2023-12,2023-W48
NQ,2023-12-04,2023-12-03 23:00:00+00:00,2023-12-04 14:29:00+00:00,16022.0,16026.0,15848.5,15862.25,130233,930,2023-12-04 14:30:00+00:00,2023-12-04 16:29:00+00:00,15862.5,15876.5,15721.25,15769.75,262619,120,169.9,primary_2023_2025,177.5,82.25,2.1580547112462005,expansion,gt_1_3,155.25,0.9137728075338434,0.5974235104669887,-0.5974235104669887,False,True,True,127.25,False,2023,2023-12,2023-W49
NQ,2023-12-05,2023-12-04 23:00:00+00:00,2023-12-05 14:29:00+00:00,15863.25,15863.25,15761.25,15791.5,119825,930,2023-12-05 14:30:00+00:00,2023-12-05 16:29:00+00:00,15791.25,15961.0,15783.25,15876.75,279556,120,163.7375,primary_2023_2025,102.0,87.375,1.167381974248927,neutral,1_1_to_1_3,177.75,1.085579051836018,0.4810126582278481,0.4810126582278481,True,False,True,97.75,False,2023,2023-12,2023-W49
NQ,2023-12-06,2023-12-05 23:00:00+00:00,2023-12-06 14:29:00+00:00,15897.0,16037.0,15891.0,16034.25,138126,930,2023-12-06 14:30:00+00:00,2023-12-06 16:29:00+00:00,16033.5,16037.75,15875.75,15909.25,248822,120,170.575,primary_2023_2025,146.0,87.375,1.6709585121602288,expansion,gt_1_3,162.0,0.9497288582734869,0.7669753086419753,-0.7669753086419753,True,True,False,15.25,True,2023,2023-12,2023-W49
NQ,2023-12-07,2023-12-06 23:00:00+00:00,2023-12-07 14:29:00+00:00,15814.5,15940.0,15791.0,15934.5,122882,930,2023-12-07 14:30:00+00:00,2023-12-07 16:29:00+00:00,15934.25,16011.0,15887.5,15970.0,255213,120,176.2625,primary_2023_2025,149.0,93.25,1.5978552278820375,expansion,gt_1_3,123.5,0.7006595276930715,0.2894736842105263,0.2894736842105263,True,False,True,71.0,False,2023,2023-12,2023-W49
NQ,2023-12-08,2023-12-07 23:00:00+00:00,2023-12-08 14:29:00+00:00,16017.5,16038.75,15888.25,15956.25,121060,930,2023-12-08 14:30:00+00:00,2023-12-08 16:29:00+00:00,15956.0,16113.5,15947.25,16054.25,228568,120,170.9625,primary_2023_2025,150.5,98.375,1.5298602287166454,expansion,gt_1_3,166.25,0.9724354756159976,0.5909774436090226,0.5909774436090226,True,False,True,74.75,False,2023,2023-12,2023-W49
NQ,2023-12-11,2023-12-10 23:00:00+00:00,2023-12-11 14:29:00+00:00,16093.0,16319.5,16082.25,16290.0,68993,928,2023-12-11 14:30:00+00:00,2023-12-11 16:29:00+00:00,16290.25,16412.75,16281.5,16364.25,162926,120,177.575,primary_2023_2025,237.25,98.375,2.411689961880559,expansion,gt_1_3,131.25,0.7391243136702802,0.5638095238095238,0.5638095238095238,True,False,True,93.25,False,2023,2023-12,2023-W50
NQ,2023-12-12,2023-12-11 23:00:00+00:00,2023-12-12 14:29:00+00:00,16453.0,16548.0,16440.25,16445.0,125295,930,2023-12-12 14:30:00+00:00,2023-12-12 16:29:00+00:00,16444.25,16517.0,16396.5,16495.5,174922,120,183.2625,primary_2023_2025,107.75,112.125,0.9609810479375697,neutral,0_9_to_1_1,120.5,0.6575267717072506,0.42531120331950206,0.42531120331950206,False,True,False,43.75,True,2023,2023-12,2023-W50
NQ,2023-12-13,2023-12-12 23:00:00+00:00,2023-12-13 14:29:00+00:00,16596.0,16635.75,16590.0,16609.5,88894,930,2023-12-13 14:30:00+00:00,2023-12-13 16:29:00+00:00,16609.5,16657.25,16597.25,16608.0,164833,120,191.325,primary_2023_2025,45.75,104.875,0.4362336114421931,compression,lt_0_5,60.0,0.31360250882007057,0.025,-0.025,True,False,False,21.5,True,2023,2023-12,2023-W50
NQ,2023-12-14,2023-12-13 23:00:00+00:00,2023-12-14 14:29:00+00:00,16777.5,16885.0,16775.25,16820.5,162029,930,2023-12-14 14:30:00+00:00,2023-12-14 16:29:00+00:00,16820.5,16877.25,16745.75,16765.75,256072,120,192.5125,primary_2023_2025,109.75,98.375,1.1156289707750953,neutral,1_1_to_1_3,131.5,0.6830725277579378,0.41634980988593157,-0.41634980988593157,False,True,True,29.5,False,2023,2023-12,2023-W50
NQ,2023-12-15,2023-12-14 23:00:00+00:00,2023-12-15 14:29:00+00:00,16739.25,16818.5,16732.25,16788.0,132359,930,2023-12-15 14:30:00+00:00,2023-12-15 16:29:00+00:00,16787.5,16879.5,16780.0,16876.0,192405,120,195.2125,primary_2023_2025,86.25,104.875,0.8224076281287247,neutral,0_7_to_0_9,99.5,0.5097009668950503,0.8894472361809045,0.8894472361809045,True,False,True,61.0,False,2023,2023-12,2023-W50
NQ,2023-12-18,2023-12-17 23:00:00+00:00,2023-12-18 14:29:00+00:00,16820.25,16858.75,16802.25,16846.5,90589,930,2023-12-18 14:30:00+00:00,2023-12-18 16:29:00+00:00,16846.5,16905.5,16832.5,16899.75,163867,120,190.85,primary_2023_2025,56.5,104.875,0.5387365911799762,compression,0_5_to_0_7,73.0,0.3824993450353681,0.7294520547945206,0.7294520547945206,True,False,True,46.75,False,2023,2023-12,2023-W51
NQ,2023-12-19,2023-12-18 23:00:00+00:00,2023-12-19 14:29:00+00:00,16917.0,16989.25,16910.75,16952.5,89370,930,2023-12-19 14:30:00+00:00,2023-12-19 16:29:00+00:00,16952.25,17012.5,16944.5,16998.0,197327,120,194.6625,primary_2023_2025,78.5,104.875,0.7485101311084624,neutral,0_7_to_0_9,68.0,0.349322545431195,0.6727941176470589,0.6727941176470589,True,False,True,23.25,False,2023,2023-12,2023-W51
NQ,2023-12-20,2023-12-19 23:00:00+00:00,2023-12-20 14:29:00+00:00,17024.0,17046.0,16962.0,16986.0,95171,930,2023-12-20 14:30:00+00:00,2023-12-20 16:29:00+00:00,16985.5,17073.5,16971.0,17041.75,163163,120,197.55,primary_2023_2025,84.0,94.125,0.8924302788844621,neutral,0_7_to_0_9,102.5,0.518855985826373,0.5487804878048781,0.5487804878048781,True,False,False,27.5,True,2023,2023-12,2023-W51
NQ,2023-12-21,2023-12-20 23:00:00+00:00,2023-12-21 14:29:00+00:00,16790.25,16970.25,16790.25,16922.5,135888,930,2023-12-21 14:30:00+00:00,2023-12-21 16:29:00+00:00,16922.25,16958.75,16843.25,16898.0,213678,120,205.825,primary_2023_2025,180.0,85.125,2.1145374449339207,expansion,gt_1_3,115.5,0.5611563221183045,0.20995670995670995,-0.20995670995670995,False,False,False,0.0,False,2023,2023-12,2023-W51
NQ,2023-12-22,2023-12-21 23:00:00+00:00,2023-12-22 14:29:00+00:00,16956.0,17014.0,16891.5,16999.75,105346,930,2023-12-22 14:30:00+00:00,2023-12-22 16:29:00+00:00,16999.25,17041.5,16968.5,16998.5,157182,120,206.525,primary_2023_2025,122.5,94.125,1.301460823373174,expansion,gt_1_3,73.0,0.35346810313521365,0.010273972602739725,-0.010273972602739725,True,False,False,27.5,True,2023,2023-12,2023-W51
NQ,2023-12-26,2023-12-25 23:00:00+00:00,2023-12-26 14:29:00+00:00,16964.5,17037.25,16964.5,17009.5,51626,930,2023-12-26 14:30:00+00:00,2023-12-26 16:29:00+00:00,17009.5,17060.5,17005.5,17037.25,101535,120,195.3625,primary_2023_2025,72.75,104.875,0.6936829558998808,compression,0_5_to_0_7,55.0,0.2815279288502143,0.5045454545454545,0.5045454545454545,True,False,False,23.25,True,2023,2023-12,2023-W52
NQ,2023-12-27,2023-12-26 23:00:00+00:00,2023-12-27 14:29:00+00:00,17090.25,17106.25,17072.75,17092.0,58599,930,2023-12-27 14:30:00+00:00,2023-12-27 16:29:00+00:00,17091.75,17124.75,17055.5,17078.25,134323,120,192.3875,primary_2023_2025,33.5,104.875,0.31942789034564956,compression,lt_0_5,69.25,0.35995062049249565,0.19494584837545126,-0.19494584837545126,True,True,False,18.5,True,2023,2023-12,2023-W52
NQ,2023-12-28,2023-12-27 23:00:00+00:00,2023-12-28 14:29:00+00:00,17127.0,17165.25,17118.25,17148.5,66984,930,2023-12-28 14:30:00+00:00,2023-12-28 16:29:00+00:00,17148.25,17159.0,17102.75,17114.25,119909,120,194.425,primary_2023_2025,47.0,104.875,0.44815256257449343,compression,lt_0_5,56.25,0.2893146457502893,0.6044444444444445,-0.6044444444444445,False,True,True,15.5,False,2023,2023-12,2023-W52
NQ,2023-12-29,2023-12-28 23:00:00+00:00,2023-12-29 14:29:00+00:00,17090.25,17131.0,17066.0,17088.75,62827,930,2023-12-29 14:30:00+00:00,2023-12-29 16:29:00+00:00,17089.0,17107.5,16940.25,16943.5,156303,120,184.6875,primary_2023_2025,65.0,94.125,0.6905710491367862,compression,0_5_to_0_7,167.25,0.9055837563451776,0.8699551569506726,-0.8699551569506726,False,True,True,125.75,False,2023,2023-12,2023-W52
NQ,2024-01-02,2024-01-01 23:00:00+00:00,2024-01-02 14:29:00+00:00,17019.0,17038.5,16817.0,16862.0,121327,930,2024-01-02 14:30:00+00:00,2024-01-02 16:29:00+00:00,16861.75,16873.5,16685.0,16761.0,217335,120,172.875,primary_2023_2025,221.5,94.125,2.353253652058433,expansion,gt_1_3,188.5,1.0903832248734635,0.5344827586206896,-0.5344827586206896,False,True,True,132.0,False,2024,2024-01,2024-W01
NQ,2024-01-03,2024-01-02 23:00:00+00:00,2024-01-03 14:29:00+00:00,16736.75,16737.25,16591.5,16609.75,122949,930,2024-01-03 14:30:00+00:00,2024-01-03 16:29:00+00:00,16610.0,16653.5,16544.0,16590.25,241675,120,179.8375,primary_2023_2025,145.75,104.875,1.3897497020262217,expansion,gt_1_3,109.5,0.6088830193925071,0.18036529680365296,-0.18036529680365296,False,True,True,47.5,False,2024,2024-01,2024-W01
NQ,2024-01-04,2024-01-03 23:00:00+00:00,2024-01-04 14:29:00+00:00,16545.25,16587.25,16444.0,16453.25,110019,930,2024-01-04 14:30:00+00:00,2024-01-04 16:29:00+00:00,16453.25,16583.75,16443.25,16566.25,191847,120,178.6875,primary_2023_2025,143.25,104.875,1.365911799761621,expansion,gt_1_3,140.5,0.7862889122070654,0.8042704626334519,0.8042704626334519,False,True,False,0.75,True,2024,2024-01,2024-W01
NQ,2024-01-05,2024-01-04 23:00:00+00:00,2024-01-05 14:29:00+00:00,16455.0,16469.0,16334.25,16449.25,151498,930,2024-01-05 14:30:00+00:00,2024-01-05 16:29:00+00:00,16449.25,16577.25,16437.5,16518.75,197424,120,174.3875,primary_2023_2025,134.75,108.75,1.239080459770115,neutral,1_1_to_1_3,139.75,0.8013762454304352,0.49731663685152055,0.49731663685152055,True,False,True,108.25,False,2024,2024-01,2024-W01
NQ,2024-01-08,2024-01-07 23:00:00+00:00,2024-01-08 14:29:00+00:00,16470.0,16514.25,16378.25,16511.0,108228,930,2024-01-08 14:30:00+00:00,2024-01-08 16:29:00+00:00,16512.0,16673.75,16505.5,16649.25,189711,120,167.375,primary_2023_2025,136.0,108.75,1.2505747126436781,neutral,1_1_to_1_3,168.25,1.005227781926811,0.8157503714710252,0.8157503714710252,True,False,True,159.5,False,2024,2024-01,2024-W02
NQ,2024-01-09,2024-01-08 23:00:00+00:00,2024-01-09 14:29:00+00:00,16788.0,16796.0,16657.75,16668.75,110242,929,2024-01-09 14:30:00+00:00,2024-01-09 16:29:00+00:00,16669.25,16786.5,16660.5,16779.75,188594,120,173.575,primary_2023_2025,138.25,108.75,1.271264367816092,neutral,1_1_to_1_3,126.0,0.7259109894858131,0.876984126984127,0.876984126984127,False,False,False,0.0,False,2024,2024-01,2024-W02
NQ,2024-01-10,2024-01-09 23:00:00+00:00,2024-01-10 14:29:00+00:00,16829.5,16906.25,16806.25,16840.0,97572,930,2024-01-10 14:30:00+00:00,2024-01-10 16:29:00+00:00,16840.0,16897.5,16801.5,16866.0,178493,120,171.325,primary_2023_2025,100.0,108.75,0.9195402298850575,neutral,0_9_to_1_1,96.0,0.5603385378666278,0.2708333333333333,0.2708333333333333,False,True,False,4.75,True,2024,2024-01,2024-W02
NQ,2024-01-11,2024-01-10 23:00:00+00:00,2024-01-11 14:29:00+00:00,16955.0,17057.0,16892.25,16984.5,152280,930,2024-01-11 14:30:00+00:00,2024-01-11 16:29:00+00:00,16984.5,17043.5,16776.5,16796.0,291877,120,175.2,primary_2023_2025,164.75,103.875,1.5860409145607701,expansion,gt_1_3,267.0,1.5239726027397262,0.7059925093632958,-0.7059925093632958,False,True,True,115.75,False,2024,2024-01,2024-W02
NQ,2024-01-12,2024-01-11 23:00:00+00:00,2024-01-12 14:29:00+00:00,16957.75,17008.75,16866.5,17008.75,137863,930,2024-01-12 14:30:00+00:00,2024-01-12 16:29:00+00:00,17008.0,17042.5,16913.5,16982.0,227820,120,187.85,primary_2023_2025,142.25,104.875,1.3563766388557807,expansion,gt_1_3,129.0,0.686718126164493,0.20155038759689922,-0.20155038759689922,True,False,False,33.75,True,2024,2024-01,2024-W02
NQ,2024-01-15,2024-01-14 23:00:00+00:00,2024-01-15 14:29:00+00:00,16961.75,17024.25,16938.75,16957.75,66380,930,2024-01-15 14:30:00+00:00,2024-01-15 16:29:00+00:00,16957.75,16978.0,16936.25,16973.0,25802,120,184.6625,primary_2023_2025,85.5,116.125,0.736275565123789,neutral,0_7_to_0_9,41.75,0.22608813375753065,0.3652694610778443,0.3652694610778443,False,True,False,2.5,True,2024,2024-01,2024-W03
NQ,2024-01-16,2024-01-15 23:00:00+00:00,2024-01-16 14:29:00+00:00,16961.0,16965.0,16811.75,16916.75,137585,930,2024-01-16 14:30:00+00:00,2024-01-16 16:29:00+00:00,16917.0,17033.75,16855.0,16995.25,273902,120,176.0375,primary_2023_2025,153.25,111.25,1.3775280898876405,expansion,gt_1_3,178.75,1.0154086487254137,0.43776223776223777,0.43776223776223777,True,False,True,68.75,False,2024,2024-01,2024-W03
NQ,2024-01-17,2024-01-16 23:00:00+00:00,2024-01-17 14:29:00+00:00,16978.0,16982.0,16805.25,16825.0,155104,930,2024-01-17 14:30:00+00:00,2024-01-17 16:29:00+00:00,16825.25,16843.0,16689.25,16818.25,262623,120,179.375,primary_2023_2025,176.75,128.625,1.3741496598639455,expansion,gt_1_3,153.75,0.8571428571428571,0.04552845528455285,-0.04552845528455285,False,True,False,116.0,True,2024,2024-01,2024-W03
NQ,2024-01-18,2024-01-17 23:00:00+00:00,2024-01-18 14:29:00+00:00,16854.5,17044.75,16834.25,16996.25,157301,930,2024-01-18 14:30:00+00:00,2024-01-18 16:29:00+00:00,16997.0,17088.75,16986.25,17085.75,262967,120,183.5,primary_2023_2025,210.5,135.375,1.5549399815327793,expansion,gt_1_3,102.5,0.55858310626703,0.8658536585365854,0.8658536585365854,True,False,True,44.0,False,2024,2024-01,2024-W03
NQ,2024-01-19,2024-01-18 23:00:00+00:00,2024-01-19 14:29:00+00:00,17116.0,17255.25,17107.25,17189.75,144239,930,2024-01-19 14:30:00+00:00,2024-01-19 16:29:00+00:00,17190.75,17271.0,17166.25,17257.75,226107,120,197.0625,primary_2023_2025,148.0,137.125,1.0793072014585232,neutral,0_9_to_1_1,104.75,0.531557247066286,0.639618138424821,0.639618138424821,True,False,True,15.75,False,2024,2024-01,2024-W03
NQ,2024-01-22,2024-01-21 23:00:00+00:00,2024-01-22 14:29:00+00:00,17466.0,17582.5,17466.0,17528.25,133674,930,2024-01-22 14:30:00+00:00,2024-01-22 16:29:00+00:00,17528.25,17585.0,17438.75,17494.25,253581,120,207.05,primary_2023_2025,116.5,140.25,0.8306595365418895,neutral,0_7_to_0_9,146.25,0.7063511229171697,0.23247863247863249,-0.23247863247863249,True,True,False,27.25,True,2024,2024-01,2024-W04
NQ,2024-01-23,2024-01-22 23:00:00+00:00,2024-01-23 14:29:00+00:00,17461.0,17525.5,17420.5,17488.25,101351,930,2024-01-23 14:30:00+00:00,2024-01-23 16:29:00+00:00,17487.5,17488.0,17409.5,17441.75,185023,120,210.225,primary_2023_2025,105.0,137.125,0.7657247037374658,neutral,0_7_to_0_9,78.5,0.3734094422642407,0.5828025477707006,-0.5828025477707006,False,True,False,11.0,True,2024,2024-01,2024-W04
NQ,2024-01-24,2024-01-23 23:00:00+00:00,2024-01-24 14:29:00+00:00,17554.0,17694.5,17552.25,17692.75,119269,930,2024-01-24 14:30:00+00:00,2024-01-24 16:29:00+00:00,17692.5,17765.0,17637.5,17708.5,231769,120,209.975,primary_2023_2025,142.25,137.125,1.0373746581586143,neutral,0_9_to_1_1,127.5,0.6072151446600786,0.12549019607843137,0.12549019607843137,True,False,True,70.5,False,2024,2024-01,2024-W04
NQ,2024-01-25,2024-01-24 23:00:00+00:00,2024-01-25 14:29:00+00:00,17614.75,17727.25,17589.25,17721.75,136895,930,2024-01-25 14:30:00+00:00,2024-01-25 16:29:00+00:00,17722.0,17738.0,17649.25,17724.0,218612,120,219.2875,primary_2023_2025,138.0,140.25,0.983957219251337,neutral,0_9_to_1_1,88.75,0.40471983127173233,0.022535211267605635,0.022535211267605635,True,False,False,10.75,True,2024,2024-01,2024-W04
NQ,2024-01-26,2024-01-25 23:00:00+00:00,2024-01-26 14:29:00+00:00,17571.25,17611.5,17466.0,17558.0,150931,930,2024-01-26 14:30:00+00:00,2024-01-26 16:29:00+00:00,17557.75,17629.5,17504.0,17609.75,195737,120,212.0,primary_2023_2025,145.5,140.25,1.0374331550802138,neutral,0_9_to_1_1,125.5,0.5919811320754716,0.41434262948207173,0.41434262948207173,True,False,False,18.0,True,2024,2024-01,2024-W04
NQ,2024-01-29,2024-01-28 23:00:00+00:00,2024-01-29 14:29:00+00:00,17502.0,17591.5,17457.5,17548.25,102341,930,2024-01-29 14:30:00+00:00,2024-01-29 16:29:00+00:00,17548.0,17583.5,17519.75,17558.75,183780,120,206.85,primary_2023_2025,134.0,142.25,0.9420035149384886,neutral,0_9_to_1_1,63.75,0.30819434372733867,0.16862745098039217,0.16862745098039217,False,False,False,0.0,False,2024,2024-01,2024-W05
NQ,2024-01-30,2024-01-29 23:00:00+00:00,2024-01-30 14:29:00+00:00,17711.75,17735.75,17645.25,17661.5,105097,929,2024-01-30 14:30:00+00:00,2024-01-30 16:29:00+00:00,17661.75,17684.75,17616.5,17642.5,175943,120,205.5,primary_2023_2025,90.5,142.25,0.6362038664323374,compression,0_5_to_0_7,68.25,0.33211678832116787,0.28205128205128205,-0.28205128205128205,False,True,True,28.75,False,2024,2024-01,2024-W05
NQ,2024-01-31,2024-01-30 23:00:00+00:00,2024-01-31 14:29:00+00:00,17415.5,17468.75,17333.75,17399.75,155012,930,2024-01-31 14:30:00+00:00,2024-01-31 16:29:00+00:00,17400.0,17426.5,17283.5,17336.75,212178,120,218.325,primary_2023_2025,135.0,140.25,0.9625668449197861,neutral,0_9_to_1_1,143.0,0.6549868315584565,0.4423076923076923,-0.4423076923076923,False,True,False,50.25,True,2024,2024-01,2024-W05
NQ,2024-02-01,2024-01-31 23:00:00+00:00,2024-02-01 14:29:00+00:00,17273.25,17363.75,17262.75,17307.0,129135,930,2024-02-01 14:30:00+00:00,2024-02-01 16:29:00+00:00,17307.0,17371.75,17264.0,17280.5,216955,120,209.8,primary_2023_2025,101.0,138.125,0.7312217194570135,neutral,0_7_to_0_9,107.75,0.513584366062917,0.2459396751740139,-0.2459396751740139,True,False,False,8.0,True,2024,2024-02,2024-W05
NQ,2024-02-02,2024-02-01 23:00:00+00:00,2024-02-02 14:29:00+00:00,17588.0,17643.25,17483.25,17508.0,159230,930,2024-02-02 14:30:00+00:00,2024-02-02 16:29:00+00:00,17507.75,17673.5,17465.5,17671.0,262527,120,218.4625,primary_2023_2025,160.0,137.0,1.167883211678832,neutral,1_1_to_1_3,208.0,0.9521084854380042,0.7848557692307693,0.7848557692307693,True,True,True,30.25,False,2024,2024-02,2024-W05
NQ,2024-02-05,2024-02-04 23:00:00+00:00,2024-02-05 14:29:00+00:00,17696.0,17739.25,17664.0,17722.25,119012,930,2024-02-05 14:30:00+00:00,2024-02-05 16:29:00+00:00,17722.75,17737.25,17554.25,17612.25,219637,120,211.575,primary_2023_2025,75.25,138.125,0.5447963800904977,compression,0_5_to_0_7,183.0,0.8649415101028005,0.6038251366120219,-0.6038251366120219,False,True,True,109.75,False,2024,2024-02,2024-W06
NQ,2024-02-06,2024-02-05 23:00:00+00:00,2024-02-06 14:29:00+00:00,17698.5,17769.0,17670.5,17741.0,104333,930,2024-02-06 14:30:00+00:00,2024-02-06 16:29:00+00:00,17741.0,17767.75,17598.25,17655.5,234860,120,212.3375,primary_2023_2025,98.5,138.125,0.7131221719457014,neutral,0_7_to_0_9,169.5,0.7982574910225466,0.504424778761062,-0.504424778761062,False,True,True,72.25,False,2024,2024-02,2024-W06
NQ,2024-02-07,2024-02-06 23:00:00+00:00,2024-02-07 14:29:00+00:00,17645.75,17779.5,17629.75,17773.75,112878,930,2024-02-07 14:30:00+00:00,2024-02-07 16:29:00+00:00,17773.5,17875.5,17718.75,17828.5,238631,120,220.0375,primary_2023_2025,149.75,136.5,1.0970695970695972,neutral,0_9_to_1_1,156.75,0.7123785718343464,0.3508771929824561,0.3508771929824561,True,False,True,96.0,False,2024,2024-02,2024-W06
NQ,2024-02-08,2024-02-07 23:00:00+00:00,2024-02-08 14:29:00+00:00,17856.25,17862.5,17792.25,17835.0,83642,930,2024-02-08 14:30:00+00:00,2024-02-08 16:29:00+00:00,17835.75,17894.25,17808.0,17863.5,177808,120,225.2,primary_2023_2025,70.25,140.125,0.5013380909901873,compression,0_5_to_0_7,86.25,0.3829928952042629,0.3217391304347826,0.3217391304347826,True,False,True,31.75,False,2024,2024-02,2024-W06
NQ,2024-02-09,2024-02-08 23:00:00+00:00,2024-02-09 14:29:00+00:00,17854.25,17972.0,17852.25,17908.75,105948,929,2024-02-09 14:30:00+00:00,2024-02-09 16:29:00+00:00,17909.0,18007.5,17875.0,17983.25,180171,120,219.3125,primary_2023_2025,119.75,136.5,0.8772893772893773,neutral,0_7_to_0_9,132.5,0.604160729552579,0.560377358490566,0.560377358490566,True,False,True,35.5,False,2024,2024-02,2024-W06
NQ,2024-02-12,2024-02-11 23:00:00+00:00,2024-02-12 14:29:00+00:00,18040.0,18059.25,18003.0,18029.5,61691,923,2024-02-12 14:30:00+00:00,2024-02-12 16:29:00+00:00,18029.75,18097.25,18007.25,18094.0,153010,120,203.5,primary_2023_2025,56.25,134.5,0.41821561338289964,compression,lt_0_5,90.0,0.44226044226044225,0.7138888888888889,0.7138888888888889,True,False,True,38.0,False,2024,2024-02,2024-W07
NQ,2024-02-13,2024-02-12 23:00:00+00:00,2024-02-13 14:29:00+00:00,17928.5,17963.25,17615.75,17628.5,180952,930,2024-02-13 14:30:00+00:00,2024-02-13 16:29:00+00:00,17628.0,17791.75,17586.75,17752.75,278297,120,197.8375,primary_2023_2025,347.5,134.5,2.58364312267658,expansion,gt_1_3,205.0,1.036203955266317,0.6085365853658536,0.6085365853658536,False,True,False,29.0,True,2024,2024-02,2024-W07
NQ,2024-02-14,2024-02-13 23:00:00+00:00,2024-02-14 14:29:00+00:00,17703.0,17811.75,17669.25,17788.5,116718,930,2024-02-14 14:30:00+00:00,2024-02-14 16:29:00+00:00,17788.75,17847.0,17704.0,17751.75,250631,120,213.75,primary_2023_2025,142.5,134.5,1.0594795539033457,neutral,0_9_to_1_1,143.0,0.6690058479532164,0.25874125874125875,-0.25874125874125875,True,False,False,35.25,True,2024,2024-02,2024-W07
NQ,2024-02-15,2024-02-14 23:00:00+00:00,2024-02-15 14:29:00+00:00,17870.0,17933.5,17844.0,17888.0,104783,930,2024-02-15 14:30:00+00:00,2024-02-15 16:29:00+00:00,17888.0,17903.25,17780.5,17832.75,241601,120,216.425,primary_2023_2025,89.5,134.5,0.6654275092936803,compression,0_5_to_0_7,122.75,0.5671710754302876,0.45010183299389,-0.45010183299389,False,True,True,63.5,False,2024,2024-02,2024-W07
NQ,2024-02-16,2024-02-15 23:00:00+00:00,2024-02-16 14:29:00+00:00,17952.0,18026.0,17903.0,17926.5,128719,930,2024-02-16 14:30:00+00:00,2024-02-16 16:29:00+00:00,17926.75,17930.0,17717.0,17861.75,267077,120,216.425,primary_2023_2025,123.0,126.875,0.9694581280788177,neutral,0_9_to_1_1,213.0,0.9841746563474645,0.3051643192488263,-0.3051643192488263,False,True,True,186.0,False,2024,2024-02,2024-W07
NQ,2024-02-19,2024-02-18 23:00:00+00:00,2024-02-19 14:29:00+00:00,17729.25,17803.5,17726.25,17789.0,61469,930,2024-02-19 14:30:00+00:00,2024-02-19 16:29:00+00:00,17789.25,17807.5,17772.5,17782.25,26739,120,211.225,primary_2023_2025,77.25,121.375,0.6364572605561277,compression,0_5_to_0_7,35.0,0.16570008285004142,0.2,-0.2,True,False,False,4.0,True,2024,2024-02,2024-W08
NQ,2024-02-20,2024-02-19 23:00:00+00:00,2024-02-20 14:29:00+00:00,17787.75,17793.0,17614.0,17661.75,150571,930,2024-02-20 14:30:00+00:00,2024-02-20 16:29:00+00:00,17661.25,17724.0,17482.0,17572.75,283239,120,209.9375,primary_2023_2025,179.0,121.375,1.474768280123584,expansion,gt_1_3,242.0,1.1527240250074426,0.365702479338843,-0.365702479338843,False,True,True,132.0,False,2024,2024-02,2024-W08
NQ,2024-02-21,2024-02-20 23:00:00+00:00,2024-02-21 14:29:00+00:00,17573.0,17590.0,17480.5,17495.25,118702,930,2024-02-21 14:30:00+00:00,2024-02-21 16:29:00+00:00,17494.75,17525.5,17448.25,17490.25,207515,120,219.0625,primary_2023_2025,109.5,128.5,0.8521400778210116,neutral,0_7_to_0_9,77.25,0.35263908701854496,0.05825242718446602,-0.05825242718446602,False,True,False,32.25,True,2024,2024-02,2024-W08
NQ,2024-02-22,2024-02-21 23:00:00+00:00,2024-02-22 14:29:00+00:00,17702.5,17925.75,17676.0,17895.75,178085,930,2024-02-22 14:30:00+00:00,2024-02-22 16:29:00+00:00,17896.0,17975.75,17864.0,17955.5,267372,120,229.725,primary_2023_2025,249.75,121.375,2.057672502574665,expansion,gt_1_3,111.75,0.48645119164218087,0.5324384787472036,0.5324384787472036,True,False,True,50.0,False,2024,2024-02,2024-W08
NQ,2024-02-23,2024-02-22 23:00:00+00:00,2024-02-23 14:29:00+00:00,18023.25,18113.0,17999.25,18105.75,104592,930,2024-02-23 14:30:00+00:00,2024-02-23 16:29:00+00:00,18105.5,18144.75,17946.0,18006.75,264407,120,228.975,primary_2023_2025,113.75,121.375,0.937178166838311,neutral,0_9_to_1_1,198.75,0.8679986898132984,0.4968553459119497,-0.4968553459119497,True,True,False,53.25,True,2024,2024-02,2024-W08
NQ,2024-02-26,2024-02-25 23:00:00+00:00,2024-02-26 14:29:00+00:00,17961.5,18028.0,17922.0,18017.25,91916,930,2024-02-26 14:30:00+00:00,2024-02-26 16:29:00+00:00,18017.25,18050.75,17966.0,18016.75,188357,120,209.9,primary_2023_2025,106.0,116.75,0.9079229122055674,neutral,0_9_to_1_1,84.75,0.40376369699857073,0.0058997050147492625,-0.0058997050147492625,True,False,False,22.75,True,2024,2024-02,2024-W09
NQ,2024-02-27,2024-02-26 23:00:00+00:00,2024-02-27 14:29:00+00:00,17951.0,18040.25,17927.5,18018.25,94048,930,2024-02-27 14:30:00+00:00,2024-02-27 16:29:00+00:00,18018.25,18032.5,17941.0,17976.0,200679,120,200.925,primary_2023_2025,112.75,111.625,1.0100783874580068,neutral,0_9_to_1_1,91.5,0.45539380365808135,0.46174863387978143,-0.46174863387978143,False,False,False,0.0,False,2024,2024-02,2024-W09
NQ,2024-02-28,2024-02-27 23:00:00+00:00,2024-02-28 14:29:00+00:00,18017.5,18019.75,17892.25,17923.25,109989,930,2024-02-28 14:30:00+00:00,2024-02-28 16:29:00+00:00,17923.75,17967.5,17876.0,17961.0,189696,120,204.2875,primary_2023_2025,127.5,113.25,1.1258278145695364,neutral,1_1_to_1_3,91.5,0.44789818270819315,0.40710382513661203,0.40710382513661203,False,True,False,16.25,True,2024,2024-02,2024-W09
NQ,2024-02-29,2024-02-28 23:00:00+00:00,2024-02-29 14:29:00+00:00,17870.0,18035.0,17826.0,18030.0,142332,930,2024-02-29 14:30:00+00:00,2024-02-29 16:29:00+00:00,18030.0,18072.5,17966.75,17979.75,206219,120,202.8125,primary_2023_2025,209.0,113.25,1.8454746136865343,expansion,gt_1_3,105.75,0.5214175654853621,0.475177304964539,-0.475177304964539,True,False,False,37.5,True,2024,2024-02,2024-W09
NQ,2024-03-01,2024-02-29 23:00:00+00:00,2024-03-01 14:29:00+00:00,18075.0,18163.0,18029.5,18096.5,121926,930,2024-03-01 14:30:00+00:00,2024-03-01 16:29:00+00:00,18096.5,18242.0,18093.75,18229.0,216283,120,207.7,primary_2023_2025,133.5,116.75,1.1434689507494646,neutral,1_1_to_1_3,148.25,0.7137698603755417,0.893760539629005,0.893760539629005,True,False,True,79.0,False,2024,2024-03,2024-W09
NQ,2024-03-04,2024-03-03 23:00:00+00:00,2024-03-04 14:29:00+00:00,18336.0,18377.75,18310.75,18330.0,98067,930,2024-03-04 14:30:00+00:00,2024-03-04 16:29:00+00:00,18330.25,18334.75,18280.25,18303.75,190403,120,209.3125,primary_2023_2025,67.0,116.75,0.5738758029978587,compression,0_5_to_0_7,54.5,0.2603762317109585,0.48623853211009177,-0.48623853211009177,False,True,True,30.5,False,2024,2024-03,2024-W10
NQ,2024-03-05,2024-03-04 23:00:00+00:00,2024-03-05 14:29:00+00:00,18246.0,18252.0,18107.25,18134.0,129242,930,2024-03-05 14:30:00+00:00,2024-03-05 16:29:00+00:00,18133.75,18135.25,17909.25,17954.5,300390,120,208.375,primary_2023_2025,144.75,116.75,1.23982869379015,neutral,1_1_to_1_3,226.0,1.0845830833833234,0.793141592920354,-0.793141592920354,False,True,True,198.0,False,2024,2024-03,2024-W10
NQ,2024-03-06,2024-03-05 23:00:00+00:00,2024-03-06 14:29:00+00:00,17981.0,18105.75,17942.5,18104.5,126921,930,2024-03-06 14:30:00+00:00,2024-03-06 16:29:00+00:00,18104.25,18126.5,17963.5,18097.75,261783,120,225.1625,primary_2023_2025,163.25,121.375,1.345005149330587,expansion,gt_1_3,163.0,0.7239216121689891,0.03987730061349693,-0.03987730061349693,True,False,False,20.75,True,2024,2024-03,2024-W10
NQ,2024-03-07,2024-03-06 23:00:00+00:00,2024-03-07 14:29:00+00:00,18041.0,18188.5,17915.75,18182.5,160507,930,2024-03-07 14:30:00+00:00,2024-03-07 16:29:00+00:00,18182.25,18293.0,18118.75,18286.5,257830,120,226.75,primary_2023_2025,272.75,121.375,2.247167868177137,expansion,gt_1_3,174.25,0.7684674751929438,0.5982783357245337,0.5982783357245337,True,False,True,104.5,False,2024,2024-03,2024-W10
NQ,2024-03-08,2024-03-07 23:00:00+00:00,2024-03-08 14:29:00+00:00,18279.0,18375.25,18211.0,18318.25,157339,930,2024-03-08 14:30:00+00:00,2024-03-08 16:29:00+00:00,18318.0,18436.5,18191.75,18198.75,315726,120,227.9,primary_2023_2025,164.25,125.25,1.311377245508982,expansion,gt_1_3,244.75,1.0739359368143921,0.48723186925434114,-0.48723186925434114,True,True,True,61.25,False,2024,2024-03,2024-W10
NQ,2024-03-11,2024-03-10 22:00:00+00:00,2024-03-11 13:29:00+00:00,18056.0,18304.0,17975.25,18225.0,112863,930,2024-03-11 13:30:00+00:00,2024-03-11 15:29:00+00:00,18224.5,18269.0,18138.0,18176.0,240551,120,245.8125,primary_2023_2025,328.75,130.5,2.5191570881226055,expansion,gt_1_3,131.0,0.5329265191965421,0.3702290076335878,-0.3702290076335878,False,False,False,0.0,False,2024,2024-03,2024-W11
NQ,2024-03-12,2024-03-11 22:00:00+00:00,2024-03-12 13:29:00+00:00,18253.0,18381.0,18204.0,18311.25,129967,930,2024-03-12 13:30:00+00:00,2024-03-12 15:29:00+00:00,18311.5,18457.5,18174.0,18453.5,259048,120,238.9625,primary_2023_2025,177.0,138.0,1.2826086956521738,neutral,1_1_to_1_3,283.5,1.1863786158916148,0.5008818342151675,0.5008818342151675,True,True,True,76.5,False,2024,2024-03,2024-W11
NQ,2024-03-13,2024-03-12 22:00:00+00:00,2024-03-13 13:29:00+00:00,18469.5,18506.75,18412.0,18428.5,97092,930,2024-03-13 13:30:00+00:00,2024-03-13 15:29:00+00:00,18428.25,18429.75,18302.75,18321.0,282863,120,250.95,primary_2023_2025,94.75,138.0,0.6865942028985508,compression,0_5_to_0_7,127.0,0.5060769077505479,0.844488188976378,-0.844488188976378,False,True,True,109.25,False,2024,2024-03,2024-W11
NQ,2024-03-14,2024-03-13 22:00:00+00:00,2024-03-14 13:29:00+00:00,18342.0,18428.25,18337.5,18375.0,105685,930,2024-03-14 13:30:00+00:00,2024-03-14 15:29:00+00:00,18375.25,18398.0,18203.25,18278.75,304838,120,255.1875,primary_2023_2025,90.75,130.5,0.6954022988505747,compression,0_5_to_0_7,194.75,0.7631643399461181,0.49550706033376124,-0.49550706033376124,False,True,True,134.25,False,2024,2024-03,2024-W11
NQ,2024-03-15,2024-03-14 22:00:00+00:00,2024-03-15 13:29:00+00:00,18251.0,18322.75,18130.0,18152.5,128159,930,2024-03-15 13:30:00+00:00,2024-03-15 15:29:00+00:00,18152.5,18174.5,18029.0,18102.75,254281,120,254.925,primary_2023_2025,192.75,130.5,1.4770114942528736,expansion,gt_1_3,145.5,0.5707561047366873,0.34192439862542956,-0.34192439862542956,False,True,True,101.0,False,2024,2024-03,2024-W11
NQ,2024-03-18,2024-03-17 22:00:00+00:00,2024-03-18 13:29:00+00:00,18073.5,18296.0,18062.25,18284.25,122835,930,2024-03-18 13:30:00+00:00,2024-03-18 15:29:00+00:00,18284.0,18381.0,18277.5,18319.75,247258,120,237.3375,primary_2023_2025,233.75,139.125,1.6801437556154537,expansion,gt_1_3,103.5,0.43608784958129243,0.34541062801932365,0.34541062801932365,True,False,True,85.0,False,2024,2024-03,2024-W12
NQ,2024-03-19,2024-03-18 22:00:00+00:00,2024-03-19 13:29:00+00:00,18222.0,18252.75,18077.75,18143.5,138574,930,2024-03-19 13:30:00+00:00,2024-03-19 15:29:00+00:00,18143.25,18152.5,18053.25,18130.5,219682,120,240.325,primary_2023_2025,175.0,154.0,1.1363636363636365,neutral,1_1_to_1_3,99.25,0.41298241964007076,0.12846347607052896,-0.12846347607052896,False,True,False,24.5,True,2024,2024-03,2024-W12
NQ,2024-03-20,2024-03-19 22:00:00+00:00,2024-03-20 13:29:00+00:00,18274.0,18331.25,18227.5,18317.75,82445,930,2024-03-20 13:30:00+00:00,2024-03-20 15:29:00+00:00,18318.0,18334.5,18245.75,18284.75,143801,120,248.8125,primary_2023_2025,103.75,154.0,0.6737012987012987,compression,0_5_to_0_7,88.75,0.3566942979150967,0.37464788732394366,-0.37464788732394366,True,False,False,3.25,True,2024,2024-03,2024-W12
NQ,2024-03-21,2024-03-20 22:00:00+00:00,2024-03-21 13:29:00+00:00,18539.75,18695.75,18526.75,18687.75,124481,930,2024-03-21 13:30:00+00:00,2024-03-21 15:29:00+00:00,18687.5,18709.0,18617.5,18655.5,219070,120,260.4125,primary_2023_2025,169.0,154.0,1.0974025974025974,neutral,0_9_to_1_1,91.5,0.35136562184994957,0.34972677595628415,-0.34972677595628415,True,False,False,13.25,True,2024,2024-03,2024-W12
NQ,2024-03-22,2024-03-21 22:00:00+00:00,2024-03-22 13:29:00+00:00,18580.5,18607.0,18492.0,18537.25,112606,930,2024-03-22 13:30:00+00:00,2024-03-22 15:29:00+00:00,18537.5,18565.0,18500.0,18553.5,160778,120,262.6875,primary_2023_2025,115.0,154.0,0.7467532467532467,neutral,0_7_to_0_9,65.0,0.2474423031168213,0.24615384615384617,0.24615384615384617,False,False,False,0.0,False,2024,2024-03,2024-W12
NQ,2024-03-25,2024-03-24 22:00:00+00:00,2024-03-25 13:29:00+00:00,18567.0,18601.25,18456.5,18459.0,91076,930,2024-03-25 13:30:00+00:00,2024-03-25 15:29:00+00:00,18459.25,18542.0,18414.75,18528.25,177898,120,248.425,primary_2023_2025,144.75,154.0,0.939935064935065,neutral,0_9_to_1_1,127.25,0.5122270302908323,0.5422396856581533,0.5422396856581533,False,True,False,41.75,True,2024,2024-03,2024-W13
NQ,2024-03-26,2024-03-25 22:00:00+00:00,2024-03-26 13:29:00+00:00,18531.25,18619.0,18516.75,18568.5,93547,930,2024-03-26 13:30:00+00:00,2024-03-26 15:29:00+00:00,18568.75,18608.5,18534.0,18568.25,173037,120,239.35,primary_2023_2025,102.25,154.0,0.663961038961039,compression,0_5_to_0_7,74.5,0.3112596615834552,0.006711409395973154,-0.006711409395973154,False,False,False,0.0,False,2024,2024-03,2024-W13
NQ,2024-03-27,2024-03-26 22:00:00+00:00,2024-03-27 13:29:00+00:00,18477.5,18571.75,18468.0,18567.25,88026,930,2024-03-27 13:30:00+00:00,2024-03-27 15:29:00+00:00,18566.5,18571.75,18378.5,18400.75,234791,120,246.3875,primary_2023_2025,103.75,154.0,0.6737012987012987,compression,0_5_to_0_7,193.25,0.7843336208208614,0.8576972833117723,-0.8576972833117723,False,True,True,89.5,False,2024,2024-03,2024-W13
NQ,2024-03-28,2024-03-27 22:00:00+00:00,2024-03-28 13:29:00+00:00,18505.0,18527.75,18459.25,18500.25,92016,930,2024-03-28 13:30:00+00:00,2024-03-28 15:29:00+00:00,18500.0,18538.75,18457.25,18510.0,170362,120,246.4375,primary_2023_2025,68.5,154.0,0.4448051948051948,compression,lt_0_5,81.5,0.3307126553385747,0.12269938650306748,0.12269938650306748,True,True,False,11.0,True,2024,2024-03,2024-W13
NQ,2024-04-01,2024-03-31 22:00:00+00:00,2024-04-01 13:29:00+00:00,18503.0,18612.0,18478.0,18500.75,100227,930,2024-04-01 13:30:00+00:00,2024-04-01 15:29:00+00:00,18500.5,18607.0,18426.25,18470.75,238370,120,225.65,primary_2023_2025,134.0,144.75,0.92573402417962,neutral,0_9_to_1_1,180.75,0.8010192776423665,0.16459197786998617,-0.16459197786998617,False,True,True,51.75,False,2024,2024-04,2024-W14
NQ,2024-04-02,2024-04-01 22:00:00+00:00,2024-04-02 13:29:00+00:00,18497.25,18511.0,18269.0,18287.5,145524,930,2024-04-02 13:30:00+00:00,2024-04-02 15:29:00+00:00,18287.5,18292.0,18201.5,18268.25,227536,120,213.0625,primary_2023_2025,242.0,144.75,1.6718480138169258,expansion,gt_1_3,90.5,0.42475799354649457,0.212707182320442,-0.212707182320442,False,True,True,67.5,False,2024,2024-04,2024-W14
NQ,2024-04-03,2024-04-02 22:00:00+00:00,2024-04-03 13:29:00+00:00,18345.0,18345.0,18232.5,18241.75,113065,930,2024-04-03 13:30:00+00:00,2024-04-03 15:29:00+00:00,18240.5,18450.0,18239.5,18442.5,192294,120,207.3375,primary_2023_2025,112.5,154.0,0.7305194805194806,neutral,0_7_to_0_9,210.5,1.0152529089045639,0.9596199524940617,0.9596199524940617,True,False,True,105.0,False,2024,2024-04,2024-W14
NQ,2024-04-04,2024-04-03 22:00:00+00:00,2024-04-04 13:29:00+00:00,18388.5,18552.0,18378.0,18541.75,105088,930,2024-04-04 13:30:00+00:00,2024-04-04 15:29:00+00:00,18541.25,18568.0,18479.75,18501.75,157337,120,203.6375,primary_2023_2025,174.0,154.0,1.12987012987013,neutral,1_1_to_1_3,88.25,0.4333681173654165,0.4475920679886686,-0.4475920679886686,True,False,False,16.0,True,2024,2024-04,2024-W14
NQ,2024-04-05,2024-04-04 22:00:00+00:00,2024-04-05 13:29:00+00:00,18086.25,18190.25,18051.5,18138.5,167220,930,2024-04-05 13:30:00+00:00,2024-04-05 15:29:00+00:00,18138.0,18324.0,18102.5,18282.5,255572,120,220.675,primary_2023_2025,138.75,154.5,0.8980582524271845,neutral,0_7_to_0_9,221.5,1.0037385295117254,0.6523702031602708,0.6523702031602708,True,False,True,133.75,False,2024,2024-04,2024-W14
NQ,2024-04-08,2024-04-07 22:00:00+00:00,2024-04-08 13:29:00+00:00,18348.25,18372.25,18246.5,18329.75,116936,930,2024-04-08 13:30:00+00:00,2024-04-08 15:29:00+00:00,18330.25,18376.0,18237.5,18336.0,186423,120,216.5125,primary_2023_2025,125.75,141.75,0.8871252204585538,neutral,0_7_to_0_9,138.5,0.639685930373535,0.04151624548736462,0.04151624548736462,True,True,False,9.0,True,2024,2024-04,2024-W15
NQ,2024-04-09,2024-04-08 22:00:00+00:00,2024-04-09 13:29:00+00:00,18314.75,18395.5,18253.5,18391.5,103440,930,2024-04-09 13:30:00+00:00,2024-04-09 15:29:00+00:00,18391.25,18405.0,18160.75,18225.75,290354,120,210.0875,primary_2023_2025,142.0,136.375,1.0412465627864345,neutral,0_9_to_1_1,244.25,1.1626108169215208,0.6775844421699079,-0.6775844421699079,True,True,True,92.75,False,2024,2024-04,2024-W15
NQ,2024-04-10,2024-04-09 22:00:00+00:00,2024-04-10 13:29:00+00:00,18381.0,18474.25,18053.5,18139.75,182426,929,2024-04-10 13:30:00+00:00,2024-04-10 15:29:00+00:00,18140.0,18234.0,18107.75,18180.75,297654,120,206.5875,primary_2023_2025,420.75,136.375,3.085242896425298,expansion,gt_1_3,126.25,0.6111211956192897,0.3227722772277228,0.3227722772277228,False,False,False,0.0,False,2024,2024-04,2024-W15
NQ,2024-04-11,2024-04-10 22:00:00+00:00,2024-04-11 13:29:00+00:00,18184.0,18286.25,18088.0,18265.0,170406,930,2024-04-11 13:30:00+00:00,2024-04-11 15:29:00+00:00,18265.25,18277.0,18169.5,18246.0,223152,120,224.3875,primary_2023_2025,198.25,136.375,1.453712190650779,expansion,gt_1_3,107.5,0.4790819452955267,0.17906976744186046,-0.17906976744186046,False,False,False,0.0,False,2024,2024-04,2024-W15
NQ,2024-04-12,2024-04-11 22:00:00+00:00,2024-04-12 13:29:00+00:00,18486.25,18507.75,18274.75,18296.75,156350,929,2024-04-12 13:30:00+00:00,2024-04-12 15:29:00+00:00,18297.0,18343.25,18193.25,18262.75,242463,120,233.0,primary_2023_2025,233.0,140.375,1.6598397150489759,expansion,gt_1_3,150.0,0.6437768240343348,0.22833333333333333,-0.22833333333333333,False,True,True,81.5,False,2024,2024-04,2024-W15
NQ,2024-04-15,2024-04-14 22:00:00+00:00,2024-04-15 13:29:00+00:00,18151.0,18350.75,18146.75,18335.75,148638,930,2024-04-15 13:30:00+00:00,2024-04-15 15:29:00+00:00,18335.75,18339.0,18158.5,18195.25,231370,120,227.8625,primary_2023_2025,204.0,143.375,1.4228421970357454,expansion,gt_1_3,180.5,0.7921443853200943,0.778393351800554,-0.778393351800554,False,False,False,0.0,False,2024,2024-04,2024-W16
NQ,2024-04-16,2024-04-15 22:00:00+00:00,2024-04-16 13:29:00+00:00,17879.0,17918.5,17792.0,17867.5,167339,930,2024-04-16 13:30:00+00:00,2024-04-16 15:29:00+00:00,17868.25,17931.5,17822.0,17911.5,220768,120,246.7625,primary_2023_2025,126.5,143.375,0.8823016564952049,neutral,0_7_to_0_9,109.5,0.44374651740033433,0.3949771689497717,0.3949771689497717,True,False,False,13.0,True,2024,2024-04,2024-W16
NQ,2024-04-17,2024-04-16 22:00:00+00:00,2024-04-17 13:29:00+00:00,17897.0,17968.5,17778.0,17957.5,148796,930,2024-04-17 13:30:00+00:00,2024-04-17 15:29:00+00:00,17957.25,17959.5,17763.5,17767.5,248554,120,249.8625,primary_2023_2025,190.5,140.375,1.357079252003562,expansion,gt_1_3,196.0,0.7844314372905098,0.9681122448979592,-0.9681122448979592,False,True,True,14.5,False,2024,2024-04,2024-W16
NQ,2024-04-18,2024-04-17 22:00:00+00:00,2024-04-18 13:29:00+00:00,17669.75,17770.75,17663.5,17673.0,126913,930,2024-04-18 13:30:00+00:00,2024-04-18 15:29:00+00:00,17673.5,17746.0,17552.0,17706.0,243870,120,265.1,primary_2023_2025,107.25,140.375,0.7640249332146037,neutral,0_7_to_0_9,194.0,0.7317993210109393,0.16752577319587628,0.16752577319587628,False,True,False,111.5,True,2024,2024-04,2024-W16
NQ,2024-04-19,2024-04-18 22:00:00+00:00,2024-04-19 13:29:00+00:00,17530.75,17553.25,17181.75,17494.5,276253,930,2024-04-19 13:30:00+00:00,2024-04-19 15:29:00+00:00,17495.0,17517.0,17319.25,17333.0,252415,120,286.4625,primary_2023_2025,371.5,140.375,2.646482635796972,expansion,gt_1_3,197.75,0.6903172317493564,0.8192161820480405,-0.8192161820480405,False,False,False,0.0,False,2024,2024-04,2024-W16
NQ,2024-04-22,2024-04-21 22:00:00+00:00,2024-04-22 13:29:00+00:00,17228.25,17314.25,17195.75,17289.0,125946,930,2024-04-22 13:30:00+00:00,2024-04-22 15:29:00+00:00,17288.75,17331.5,17148.5,17206.0,217379,120,293.675,primary_2023_2025,118.5,140.375,0.8441674087266251,neutral,0_7_to_0_9,183.0,0.6231378224227462,0.4521857923497268,-0.4521857923497268,True,True,False,47.25,True,2024,2024-04,2024-W17
NQ,2024-04-23,2024-04-22 22:00:00+00:00,2024-04-23 13:29:00+00:00,17352.25,17437.0,17286.25,17428.25,116722,930,2024-04-23 13:30:00+00:00,2024-04-23 15:29:00+00:00,17428.75,17607.5,17413.75,17588.25,244195,120,304.0875,primary_2023_2025,150.75,140.375,1.0739091718610865,neutral,0_9_to_1_1,193.75,0.6371521354873186,0.8232258064516129,0.8232258064516129,True,False,True,170.5,False,2024,2024-04,2024-W17
NQ,2024-04-24,2024-04-23 22:00:00+00:00,2024-04-24 13:29:00+00:00,17682.0,17754.75,17664.25,17731.0,123359,930,2024-04-24 13:30:00+00:00,2024-04-24 15:29:00+00:00,17731.0,17795.5,17636.0,17658.5,219183,120,319.9,primary_2023_2025,90.5,140.375,0.6447016918967052,compression,0_5_to_0_7,159.5,0.498593310409503,0.45454545454545453,-0.45454545454545453,True,True,True,40.75,False,2024,2024-04,2024-W17
NQ,2024-04-25,2024-04-24 22:00:00+00:00,2024-04-25 13:29:00+00:00,17450.0,17525.0,17332.0,17354.0,167848,930,2024-04-25 13:30:00+00:00,2024-04-25 15:29:00+00:00,17353.75,17447.0,17308.25,17406.5,279186,120,328.175,primary_2023_2025,193.0,140.375,1.3748886910062332,expansion,gt_1_3,138.75,0.4227927173002209,0.3801801801801802,0.3801801801801802,False,True,False,23.75,True,2024,2024-04,2024-W17
NQ,2024-04-26,2024-04-25 22:00:00+00:00,2024-04-26 13:29:00+00:00,17808.25,17827.0,17676.5,17697.0,148777,930,2024-04-26 13:30:00+00:00,2024-04-26 15:29:00+00:00,17696.75,17886.25,17668.25,17837.25,250342,120,338.6625,primary_2023_2025,150.5,146.375,1.0281810418445774,neutral,0_9_to_1_1,218.0,0.6437087070461004,0.6444954128440367,0.6444954128440367,True,True,True,59.25,False,2024,2024-04,2024-W17
NQ,2024-04-29,2024-04-28 22:00:00+00:00,2024-04-29 13:29:00+00:00,17864.75,17929.0,17853.25,17921.75,90301,930,2024-04-29 13:30:00+00:00,2024-04-29 15:29:00+00:00,17921.5,17949.0,17830.0,17877.75,189471,120,314.95,primary_2023_2025,75.75,150.625,0.5029045643153527,compression,0_5_to_0_7,119.0,0.37783775202413084,0.36764705882352944,-0.36764705882352944,True,True,False,23.25,True,2024,2024-04,2024-W18
NQ,2024-04-30,2024-04-29 22:00:00+00:00,2024-04-30 13:29:00+00:00,17918.5,17920.25,17790.5,17835.75,104246,930,2024-04-30 13:30:00+00:00,2024-04-30 15:29:00+00:00,17836.25,17895.25,17752.0,17771.25,208257,120,305.0,primary_2023_2025,129.75,150.625,0.8614107883817428,neutral,0_7_to_0_9,143.25,0.46967213114754097,0.4537521815008726,-0.4537521815008726,False,True,True,38.5,False,2024,2024-04,2024-W18
NQ,2024-05-01,2024-04-30 22:00:00+00:00,2024-05-01 13:29:00+00:00,17462.5,17529.25,17412.0,17501.5,113498,930,2024-05-01 13:30:00+00:00,2024-05-01 15:29:00+00:00,17501.75,17517.5,17412.25,17452.25,187743,120,322.8,primary_2023_2025,117.25,146.25,0.8017094017094017,neutral,0_7_to_0_9,105.25,0.3260532837670384,0.47030878859857483,-0.47030878859857483,False,False,False,0.0,False,2024,2024-05,2024-W18
NQ,2024-05-02,2024-05-01 22:00:00+00:00,2024-05-02 13:29:00+00:00,17487.0,17619.75,17487.0,17582.75,109553,929,2024-05-02 13:30:00+00:00,2024-05-02 15:29:00+00:00,17583.0,17602.5,17386.25,17520.5,250980,120,335.575,primary_2023_2025,132.75,146.25,0.9076923076923077,neutral,0_9_to_1_1,216.25,0.6444163003799449,0.28901734104046245,-0.28901734104046245,False,True,False,100.75,True,2024,2024-05,2024-W18
NQ,2024-05-03,2024-05-02 22:00:00+00:00,2024-05-03 13:29:00+00:00,17744.25,17968.0,17719.5,17957.75,124074,930,2024-05-03 13:30:00+00:00,2024-05-03 15:29:00+00:00,17957.5,18050.25,17893.75,17946.5,242596,120,344.35,primary_2023_2025,248.5,140.375,1.7702582368655386,expansion,gt_1_3,156.5,0.4544794540438507,0.07028753993610223,-0.07028753993610223,True,False,False,82.25,True,2024,2024-05,2024-W18
NQ,2024-05-06,2024-05-05 22:00:00+00:00,2024-05-06 13:29:00+00:00,18047.5,18078.25,17983.75,18074.25,71399,930,2024-05-06 13:30:00+00:00,2024-05-06 15:29:00+00:00,18074.25,18117.0,18042.75,18097.25,135915,120,321.75,primary_2023_2025,94.5,146.25,0.6461538461538462,compression,0_5_to_0_7,74.25,0.23076923076923078,0.30976430976430974,0.30976430976430974,True,False,True,38.75,False,2024,2024-05,2024-W19
NQ,2024-05-07,2024-05-06 22:00:00+00:00,2024-05-07 13:29:00+00:00,18189.5,18213.5,18151.0,18210.25,74612,928,2024-05-07 13:30:00+00:00,2024-05-07 15:29:00+00:00,18211.25,18263.75,18181.75,18245.5,170467,120,313.25,primary_2023_2025,62.5,146.25,0.42735042735042733,compression,lt_0_5,82.0,0.26177174780526735,0.4176829268292683,0.4176829268292683,True,False,True,50.25,False,2024,2024-05,2024-W19
NQ,2024-05-08,2024-05-07 22:00:00+00:00,2024-05-08 13:29:00+00:00,18194.0,18216.75,18072.5,18083.25,90618,929,2024-05-08 13:30:00+00:00,2024-05-08 15:29:00+00:00,18084.0,18242.25,18078.5,18186.25,168982,120,313.6,primary_2023_2025,144.25,141.625,1.0185348631950573,neutral,0_9_to_1_1,163.75,0.5221619897959183,0.6244274809160305,0.6244274809160305,True,False,False,25.5,True,2024,2024-05,2024-W19
NQ,2024-05-09,2024-05-08 22:00:00+00:00,2024-05-09 13:29:00+00:00,18160.75,18210.5,18103.75,18187.0,81781,928,2024-05-09 13:30:00+00:00,2024-05-09 15:29:00+00:00,18186.75,18231.25,18108.75,18229.5,182650,120,294.3375,primary_2023_2025,106.75,138.5,0.7707581227436823,neutral,0_7_to_0_9,122.5,0.4161888987981484,0.3489795918367347,0.3489795918367347,True,False,True,20.75,False,2024,2024-05,2024-W19
NQ,2024-05-10,2024-05-09 22:00:00+00:00,2024-05-10 13:29:00+00:00,18226.0,18306.75,18213.5,18274.25,83672,930,2024-05-10 13:30:00+00:00,2024-05-10 15:29:00+00:00,18274.25,18348.0,18188.5,18238.5,193366,120,291.5875,primary_2023_2025,93.25,131.25,0.7104761904761905,neutral,0_7_to_0_9,159.5,0.5470056158100056,0.22413793103448276,-0.22413793103448276,True,True,False,41.25,True,2024,2024-05,2024-W19
NQ,2024-05-13,2024-05-12 22:00:00+00:00,2024-05-13 13:29:00+00:00,18238.0,18335.25,18228.75,18331.75,72709,930,2024-05-13 13:30:00+00:00,2024-05-13 15:29:00+00:00,18331.75,18336.25,18252.25,18279.75,156935,120,254.9875,primary_2023_2025,106.5,128.125,0.8312195121951219,neutral,0_7_to_0_9,84.0,0.3294279131329967,0.6190476190476191,-0.6190476190476191,True,False,False,1.0,True,2024,2024-05,2024-W20
NQ,2024-05-14,2024-05-13 22:00:00+00:00,2024-05-14 13:29:00+00:00,18282.0,18308.75,18165.5,18273.5,102190,930,2024-05-14 13:30:00+00:00,2024-05-14 15:29:00+00:00,18274.25,18370.75,18265.5,18358.5,217258,120,238.05,primary_2023_2025,143.25,122.5,1.1693877551020408,neutral,1_1_to_1_3,105.25,0.4421340054610376,0.8004750593824228,0.8004750593824228,True,False,True,62.0,False,2024,2024-05,2024-W20
NQ,2024-05-15,2024-05-14 22:00:00+00:00,2024-05-15 13:29:00+00:00,18409.75,18547.75,18393.0,18509.5,127310,930,2024-05-15 13:30:00+00:00,2024-05-15 15:29:00+00:00,18509.5,18602.0,18446.75,18595.75,211582,120,247.825,primary_2023_2025,154.75,124.125,1.2467270896273916,neutral,1_1_to_1_3,155.25,0.6264501160092808,0.5555555555555556,0.5555555555555556,True,False,True,54.25,False,2024,2024-05,2024-W20
NQ,2024-05-16,2024-05-15 22:00:00+00:00,2024-05-16 13:29:00+00:00,18693.25,18738.75,18678.25,18678.75,88358,930,2024-05-16 13:30:00+00:00,2024-05-16 15:29:00+00:00,18678.75,18760.75,18672.0,18745.0,172624,120,250.1375,primary_2023_2025,60.5,124.125,0.4874118831822759,compression,lt_0_5,88.75,0.35480485732846934,0.7464788732394366,0.7464788732394366,True,True,True,22.0,False,2024,2024-05,2024-W20
NQ,2024-05-17,2024-05-16 22:00:00+00:00,2024-05-17 13:29:00+00:00,18642.0,18686.75,18617.0,18651.25,78202,929,2024-05-17 13:30:00+00:00,2024-05-17 15:29:00+00:00,18651.25,18677.0,18620.5,18654.75,166927,120,235.125,primary_2023_2025,69.75,124.125,0.5619335347432024,compression,0_5_to_0_7,56.5,0.2402977139819245,0.061946902654867256,0.061946902654867256,False,False,False,0.0,False,2024,2024-05,2024-W20
NQ,2024-05-20,2024-05-19 22:00:00+00:00,2024-05-20 13:29:00+00:00,18633.5,18689.5,18633.0,18643.5,64251,930,2024-05-20 13:30:00+00:00,2024-05-20 15:29:00+00:00,18643.5,18772.0,18635.25,18752.5,159058,120,200.6625,primary_2023_2025,56.5,117.875,0.47932131495228,compression,lt_0_5,136.75,0.681492555908553,0.7970749542961609,0.7970749542961609,True,False,True,82.5,False,2024,2024-05,2024-W21
NQ,2024-05-21,2024-05-20 22:00:00+00:00,2024-05-21 13:29:00+00:00,18746.0,18763.25,18680.5,18686.0,80472,928,2024-05-21 13:30:00+00:00,2024-05-21 15:29:00+00:00,18686.0,18763.5,18678.0,18753.5,158730,120,196.9625,primary_2023_2025,82.75,112.0,0.7388392857142857,neutral,0_7_to_0_9,85.5,0.4340927841594212,0.7894736842105263,0.7894736842105263,True,True,False,2.5,True,2024,2024-05,2024-W21
NQ,2024-05-22,2024-05-21 22:00:00+00:00,2024-05-22 13:29:00+00:00,18798.25,18824.0,18755.0,18807.75,75171,930,2024-05-22 13:30:00+00:00,2024-05-22 15:29:00+00:00,18808.0,18838.75,18788.75,18833.75,141183,120,201.275,primary_2023_2025,69.0,106.625,0.6471277842907386,compression,0_5_to_0_7,50.0,0.24841634579555333,0.515,0.515,True,False,True,14.75,False,2024,2024-05,2024-W21
NQ,2024-05-23,2024-05-22 22:00:00+00:00,2024-05-23 13:29:00+00:00,18860.5,19023.25,18843.25,18982.0,111713,930,2024-05-23 13:30:00+00:00,2024-05-23 15:29:00+00:00,18981.5,18982.5,18802.0,18894.5,287689,120,207.4625,primary_2023_2025,180.0,106.625,1.6881594372801876,expansion,gt_1_3,180.5,0.8700367536301741,0.481994459833795,-0.481994459833795,False,True,False,41.25,True,2024,2024-05,2024-W21
NQ,2024-05-24,2024-05-23 22:00:00+00:00,2024-05-24 13:29:00+00:00,18684.0,18772.75,18680.0,18762.25,90356,930,2024-05-24 13:30:00+00:00,2024-05-24 15:29:00+00:00,18762.25,18919.0,18732.5,18900.75,216642,120,204.65,primary_2023_2025,92.75,106.625,0.8698710433763188,neutral,0_7_to_0_9,186.5,0.9113119960908869,0.7426273458445041,0.7426273458445041,True,False,True,146.25,False,2024,2024-05,2024-W21
NQ,2024-05-27,2024-05-26 22:00:00+00:00,2024-05-27 13:29:00+00:00,18874.75,18889.0,18833.5,18879.25,33771,930,2024-05-27 13:30:00+00:00,2024-05-27 15:29:00+00:00,18879.0,18928.25,18876.0,18924.25,25216,120,178.6625,primary_2023_2025,55.5,100.5,0.5522388059701493,compression,0_5_to_0_7,52.25,0.2924508500664661,0.8660287081339713,0.8660287081339713,True,False,True,39.25,False,2024,2024-05,2024-W22
NQ,2024-05-28,2024-05-27 22:00:00+00:00,2024-05-28 13:29:00+00:00,18950.5,18980.5,18885.0,18920.25,97058,930,2024-05-28 13:30:00+00:00,2024-05-28 15:29:00+00:00,18920.25,18936.5,18839.0,18927.25,169993,120,167.5125,primary_2023_2025,95.5,100.5,0.9502487562189055,neutral,0_9_to_1_1,97.5,0.5820461159614955,0.07179487179487179,0.07179487179487179,False,True,False,46.0,True,2024,2024-05,2024-W22
NQ,2024-05-29,2024-05-28 22:00:00+00:00,2024-05-29 13:29:00+00:00,18949.5,18949.75,18755.25,18765.5,113488,930,2024-05-29 13:30:00+00:00,2024-05-29 15:29:00+00:00,18765.25,18879.75,18761.0,18849.25,200634,120,172.125,primary_2023_2025,194.5,95.0,2.0473684210526315,expansion,gt_1_3,118.75,0.6899055918663762,0.7073684210526315,0.7073684210526315,False,False,False,0.0,False,2024,2024-05,2024-W22
NQ,2024-05-30,2024-05-29 22:00:00+00:00,2024-05-30 13:29:00+00:00,18753.0,18787.0,18657.75,18765.0,114787,930,2024-05-30 13:30:00+00:00,2024-05-30 15:29:00+00:00,18764.75,18769.5,18623.75,18674.0,206969,120,172.4375,primary_2023_2025,129.25,95.0,1.3605263157894736,expansion,gt_1_3,145.75,0.8452337803552011,0.6226415094339622,-0.6226415094339622,False,True,False,34.0,True,2024,2024-05,2024-W22
NQ,2024-05-31,2024-05-30 22:00:00+00:00,2024-05-31 13:29:00+00:00,18590.75,18668.25,18485.0,18602.0,142501,930,2024-05-31 13:30:00+00:00,2024-05-31 15:29:00+00:00,18602.0,18631.5,18329.5,18337.25,264471,120,180.9,primary_2023_2025,183.25,95.0,1.9289473684210525,expansion,gt_1_3,302.0,1.6694306246545052,0.8766556291390728,-0.8766556291390728,False,True,True,155.5,False,2024,2024-05,2024-W22
NQ,2024-06-03,2024-06-02 22:00:00+00:00,2024-06-03 13:29:00+00:00,18590.25,18716.5,18539.25,18712.75,107909,930,2024-06-03 13:30:00+00:00,2024-06-03 15:29:00+00:00,18712.75,18755.5,18564.25,18616.75,236454,120,192.425,primary_2023_2025,177.25,95.0,1.8657894736842104,expansion,gt_1_3,191.25,0.993893724827855,0.5019607843137255,-0.5019607843137255,True,False,False,39.0,True,2024,2024-06,2024-W23
NQ,2024-06-04,2024-06-03 22:00:00+00:00,2024-06-04 13:29:00+00:00,18662.5,18677.0,18511.25,18638.5,103686,930,2024-06-04 13:30:00+00:00,2024-06-04 15:29:00+00:00,18637.75,18664.0,18567.75,18600.75,204389,120,200.4375,primary_2023_2025,165.75,101.0,1.641089108910891,expansion,gt_1_3,96.25,0.4801995634549423,0.38441558441558443,-0.38441558441558443,False,False,False,0.0,False,2024,2024-06,2024-W23
NQ,2024-06-05,2024-06-04 22:00:00+00:00,2024-06-05 13:29:00+00:00,18711.0,18853.75,18696.25,18849.0,99632,930,2024-06-05 13:30:00+00:00,2024-06-05 15:29:00+00:00,18848.75,18981.75,18800.0,18965.0,207257,120,210.6375,primary_2023_2025,157.5,106.625,1.477139507620164,expansion,gt_1_3,181.75,0.8628568037505193,0.6396148555708391,0.6396148555708391,True,False,True,128.0,False,2024,2024-06,2024-W23
NQ,2024-06-06,2024-06-05 22:00:00+00:00,2024-06-06 13:29:00+00:00,19089.5,19124.5,19057.0,19103.0,92744,930,2024-06-06 13:30:00+00:00,2024-06-06 15:29:00+00:00,19102.75,19115.75,19032.25,19069.0,181938,120,225.9875,primary_2023_2025,67.5,106.625,0.6330597889800703,compression,0_5_to_0_7,83.5,0.3694894629127717,0.4041916167664671,-0.4041916167664671,False,True,False,24.75,True,2024,2024-06,2024-W23
NQ,2024-06-07,2024-06-06 22:00:00+00:00,2024-06-07 13:29:00+00:00,19064.0,19146.75,18940.0,19040.75,127761,929,2024-06-07 13:30:00+00:00,2024-06-07 15:29:00+00:00,19040.5,19117.5,18992.5,19066.25,170094,120,217.7125,primary_2023_2025,206.75,101.0,2.047029702970297,expansion,gt_1_3,125.0,0.5741516908767296,0.206,0.206,False,False,False,0.0,False,2024,2024-06,2024-W23
NQ,2024-06-10,2024-06-09 22:00:00+00:00,2024-06-10 13:29:00+00:00,19025.0,19059.75,18974.25,18988.75,86361,929,2024-06-10 13:30:00+00:00,2024-06-10 15:29:00+00:00,18988.75,19090.75,18977.75,19089.5,175814,120,207.3375,primary_2023_2025,85.5,117.875,0.7253446447507953,neutral,0_7_to_0_9,113.0,0.5450051244950865,0.8915929203539823,0.8915929203539823,True,False,True,31.0,False,2024,2024-06,2024-W24
NQ,2024-06-11,2024-06-10 22:00:00+00:00,2024-06-11 13:29:00+00:00,19107.25,19113.5,19029.5,19057.75,78579,930,2024-06-11 13:30:00+00:00,2024-06-11 15:29:00+00:00,19058.0,19137.0,18994.5,19115.75,202807,120,208.025,primary_2023_2025,84.0,112.375,0.7474972191323693,neutral,0_7_to_0_9,142.5,0.6850138204542723,0.4052631578947368,0.4052631578947368,True,True,True,35.0,False,2024,2024-06,2024-W24
NQ,2024-06-12,2024-06-11 22:00:00+00:00,2024-06-12 13:29:00+00:00,19248.0,19458.75,19233.5,19402.0,116067,930,2024-06-12 13:30:00+00:00,2024-06-12 15:29:00+00:00,19402.25,19546.75,19374.75,19533.75,212962,120,219.475,primary_2023_2025,225.25,94.125,2.3930942895086322,expansion,gt_1_3,172.0,0.7836883471921632,0.7645348837209303,0.7645348837209303,True,False,True,88.0,False,2024,2024-06,2024-W24
NQ,2024-06-13,2024-06-12 22:00:00+00:00,2024-06-13 13:29:00+00:00,19602.0,19691.0,19582.25,19636.5,107022,930,2024-06-13 13:30:00+00:00,2024-06-13 15:29:00+00:00,19636.75,19663.5,19534.75,19578.5,196922,120,231.4,primary_2023_2025,108.75,94.125,1.155378486055777,neutral,1_1_to_1_3,128.75,0.5563958513396715,0.4524271844660194,-0.4524271844660194,False,True,True,47.5,False,2024,2024-06,2024-W24
NQ,2024-06-14,2024-06-13 22:00:00+00:00,2024-06-14 13:29:00+00:00,19602.75,19658.5,19501.5,19577.75,119104,930,2024-06-14 13:30:00+00:00,2024-06-14 15:29:00+00:00,19578.0,19648.5,19557.25,19617.5,178081,120,233.65,primary_2023_2025,157.0,102.125,1.5373317013463892,expansion,gt_1_3,91.25,0.39054140808902205,0.4328767123287671,0.4328767123287671,False,False,False,0.0,False,2024,2024-06,2024-W24
NQ,2024-06-17,2024-06-16 22:00:00+00:00,2024-06-17 13:29:00+00:00,19695.0,20012.75,19670.0,19957.5,64784,930,2024-06-17 13:30:00+00:00,2024-06-17 15:29:00+00:00,19958.0,20020.0,19904.0,20011.25,150001,120,224.8,primary_2023_2025,342.75,119.0,2.880252100840336,expansion,gt_1_3,116.0,0.5160142348754448,0.45905172413793105,0.45905172413793105,True,False,False,7.25,True,2024,2024-06,2024-W25
NQ,2024-06-18,2024-06-17 22:00:00+00:00,2024-06-18 13:29:00+00:00,20193.0,20270.5,20158.0,20191.75,88218,930,2024-06-18 13:30:00+00:00,2024-06-18 15:29:00+00:00,20191.75,20219.0,20127.0,20157.25,172835,120,231.0,primary_2023_2025,112.5,143.125,0.7860262008733624,neutral,0_7_to_0_9,92.0,0.39826839826839827,0.375,-0.375,False,True,True,31.0,False,2024,2024-06,2024-W25
NQ,2024-06-19,2024-06-18 22:00:00+00:00,2024-06-19 13:29:00+00:00,20204.5,20250.5,20204.0,20242.5,38583,930,2024-06-19 13:30:00+00:00,2024-06-19 15:29:00+00:00,20242.75,20252.5,20223.5,20241.25,21347,120,235.525,primary_2023_2025,46.5,143.125,0.32489082969432315,compression,lt_0_5,29.0,0.12312917949262286,0.05172413793103448,-0.05172413793103448,True,False,False,2.0,True,2024,2024-06,2024-W25
NQ,2024-06-20,2024-06-19 22:00:00+00:00,2024-06-20 13:29:00+00:00,20232.0,20371.0,20227.5,20246.0,107732,930,2024-06-20 13:30:00+00:00,2024-06-20 15:29:00+00:00,20245.75,20263.25,20118.5,20189.5,233695,120,234.125,primary_2023_2025,143.5,143.125,1.0026200873362445,neutral,0_9_to_1_1,144.75,0.6182594767752269,0.38860103626943004,-0.38860103626943004,False,True,True,109.0,False,2024,2024-06,2024-W25
NQ,2024-06-21,2024-06-20 22:00:00+00:00,2024-06-21 13:29:00+00:00,20043.25,20086.0,19947.75,20017.25,115740,930,2024-06-21 13:30:00+00:00,2024-06-21 15:29:00+00:00,20017.0,20041.5,19914.25,19996.25,203295,120,246.7125,primary_2023_2025,138.25,136.375,1.013748854262145,neutral,0_9_to_1_1,127.25,0.5157825404063434,0.16306483300589392,-0.16306483300589392,False,True,False,33.5,True,2024,2024-06,2024-W25
NQ,2024-06-24,2024-06-23 22:00:00+00:00,2024-06-24 13:29:00+00:00,20014.75,20030.25,19895.5,19922.5,105522,930,2024-06-24 13:30:00+00:00,2024-06-24 15:29:00+00:00,19922.5,19995.5,19821.25,19912.25,261980,120,235.475,primary_2023_2025,134.75,140.875,0.9565217391304348,neutral,0_9_to_1_1,174.25,0.7399936298970167,0.058823529411764705,-0.058823529411764705,False,True,False,74.25,True,2024,2024-06,2024-W26
NQ,2024-06-25,2024-06-24 22:00:00+00:00,2024-06-25 13:29:00+00:00,19756.0,19851.0,19726.0,19830.0,102338,930,2024-06-25 13:30:00+00:00,2024-06-25 15:29:00+00:00,19830.0,19943.75,19792.25,19932.0,209328,120,229.225,primary_2023_2025,125.0,140.875,0.8873114463176575,neutral,0_7_to_0_9,151.5,0.6609226742283782,0.6732673267326733,0.6732673267326733,True,False,True,92.75,False,2024,2024-06,2024-W26
NQ,2024-06-26,2024-06-25 22:00:00+00:00,2024-06-26 13:29:00+00:00,19973.0,20070.5,19901.0,19929.0,114824,930,2024-06-26 13:30:00+00:00,2024-06-26 15:29:00+00:00,19929.25,20024.0,19912.0,19957.0,198617,120,237.6375,primary_2023_2025,169.5,140.875,1.2031943212067435,neutral,1_1_to_1_3,112.0,0.4713060859502394,0.24776785714285715,0.24776785714285715,False,False,False,0.0,False,2024,2024-06,2024-W26
NQ,2024-06-27,2024-06-26 22:00:00+00:00,2024-06-27 13:29:00+00:00,19946.0,20008.0,19874.25,19990.25,90528,930,2024-06-27 13:30:00+00:00,2024-06-27 15:29:00+00:00,19990.5,20116.75,19978.25,19993.75,233596,120,231.4625,primary_2023_2025,133.75,140.875,0.9494232475598935,neutral,0_9_to_1_1,138.5,0.5983690662634336,0.023465703971119134,0.023465703971119134,True,False,False,108.75,True,2024,2024-06,2024-W26
NQ,2024-06-28,2024-06-27 22:00:00+00:00,2024-06-28 13:29:00+00:00,20063.25,20178.0,20058.5,20070.5,110783,930,2024-06-28 13:30:00+00:00,2024-06-28 15:29:00+00:00,20070.5,20273.25,20039.25,20101.75,272503,120,230.25,primary_2023_2025,119.5,140.875,0.8482697426796806,neutral,0_7_to_0_9,234.0,1.01628664495114,0.13354700854700854,0.13354700854700854,True,True,False,95.25,True,2024,2024-06,2024-W26
NQ,2024-07-01,2024-06-30 22:00:00+00:00,2024-07-01 13:29:00+00:00,19970.0,20020.75,19901.5,19971.25,115229,930,2024-07-01 13:30:00+00:00,2024-07-01 15:29:00+00:00,19971.75,19985.75,19811.75,19950.75,259124,120,226.5,primary_2023_2025,119.25,136.5,0.8736263736263736,neutral,0_7_to_0_9,174.0,0.7682119205298014,0.1206896551724138,-0.1206896551724138,False,True,False,89.75,True,2024,2024-07,2024-W27
NQ,2024-07-02,2024-07-01 22:00:00+00:00,2024-07-02 13:29:00+00:00,20045.75,20054.5,19910.0,19982.25,104240,930,2024-07-02 13:30:00+00:00,2024-07-02 15:29:00+00:00,19982.25,20131.0,19976.75,20126.0,242117,120,228.8625,primary_2023_2025,144.5,134.25,1.0763500931098697,neutral,0_9_to_1_1,154.25,0.6739854716259762,0.9319286871961102,0.9319286871961102,True,False,True,76.5,False,2024,2024-07,2024-W27
NQ,2024-07-03,2024-07-02 22:00:00+00:00,2024-07-03 13:29:00+00:00,20241.0,20283.75,20205.0,20216.0,84095,930,2024-07-03 13:30:00+00:00,2024-07-03 15:29:00+00:00,20216.25,20356.25,20216.0,20346.0,192068,120,243.7875,primary_2023_2025,78.75,134.25,0.5865921787709497,compression,0_5_to_0_7,140.25,0.5752961082910322,0.9251336898395722,0.9251336898395722,True,False,True,72.5,False,2024,2024-07,2024-W27
NQ,2024-07-04,2024-07-03 22:00:00+00:00,2024-07-04 13:29:00+00:00,20419.25,20420.5,20390.25,20405.5,26440,927,2024-07-04 13:30:00+00:00,2024-07-04 15:29:00+00:00,20405.25,20406.25,20369.75,20387.5,19435,120,247.525,primary_2023_2025,30.25,129.375,0.23381642512077294,compression,lt_0_5,36.5,0.14745985254014746,0.4863013698630137,-0.4863013698630137,False,True,True,20.5,False,2024,2024-07,2024-W27
NQ,2024-07-05,2024-07-04 22:00:00+00:00,2024-07-05 13:29:00+00:00,20381.25,20496.0,20361.0,20441.5,88434,929,2024-07-05 13:30:00+00:00,2024-07-05 15:29:00+00:00,20441.5,20569.25,20428.25,20560.5,222777,120,236.6625,primary_2023_2025,135.0,129.375,1.0434782608695652,neutral,0_9_to_1_1,141.0,0.5957851370622722,0.8439716312056738,0.8439716312056738,True,False,True,73.25,False,2024,2024-07,2024-W27
NQ,2024-07-08,2024-07-07 22:00:00+00:00,2024-07-08 13:29:00+00:00,20591.5,20641.75,20579.25,20632.5,72629,930,2024-07-08 13:30:00+00:00,2024-07-08 15:29:00+00:00,20632.5,20666.75,20588.0,20662.0,197056,120,222.4875,primary_2023_2025,62.5,129.375,0.4830917874396135,compression,lt_0_5,78.75,0.3539524692398449,0.3746031746031746,0.3746031746031746,True,False,True,25.0,False,2024,2024-07,2024-W28
NQ,2024-07-09,2024-07-08 22:00:00+00:00,2024-07-09 13:29:00+00:00,20681.0,20748.75,20672.5,20723.0,88517,929,2024-07-09 13:30:00+00:00,2024-07-09 15:29:00+00:00,20723.25,20771.75,20670.25,20688.75,217389,120,220.875,primary_2023_2025,76.25,129.375,0.5893719806763285,compression,0_5_to_0_7,101.5,0.4595359366157329,0.3399014778325123,-0.3399014778325123,True,True,False,23.0,True,2024,2024-07,2024-W28
NQ,2024-07-10,2024-07-09 22:00:00+00:00,2024-07-10 13:29:00+00:00,20686.0,20767.25,20684.5,20758.25,66822,930,2024-07-10 13:30:00+00:00,2024-07-10 15:29:00+00:00,20758.0,20796.5,20703.0,20752.75,216718,120,213.2625,primary_2023_2025,82.75,129.375,0.6396135265700483,compression,0_5_to_0_7,93.5,0.43842682140554484,0.05614973262032086,-0.05614973262032086,True,False,False,29.25,True,2024,2024-07,2024-W28
NQ,2024-07-11,2024-07-10 22:00:00+00:00,2024-07-11 13:29:00+00:00,20895.5,20983.75,20853.25,20894.75,125497,930,2024-07-11 13:30:00+00:00,2024-07-11 15:29:00+00:00,20894.5,20902.25,20527.25,20536.5,345416,120,205.925,primary_2023_2025,130.5,122.25,1.0674846625766872,neutral,0_9_to_1_1,375.0,1.8210513536481727,0.9546666666666667,-0.9546666666666667,False,True,True,326.0,False,2024,2024-07,2024-W28
NQ,2024-07-12,2024-07-11 22:00:00+00:00,2024-07-12 13:29:00+00:00,20432.75,20468.5,20335.0,20443.5,118163,930,2024-07-12 13:30:00+00:00,2024-07-12 15:29:00+00:00,20443.25,20666.25,20425.25,20655.25,247367,120,229.075,primary_2023_2025,133.5,127.75,1.0450097847358122,neutral,0_9_to_1_1,241.0,1.052057186510968,0.8796680497925311,0.8796680497925311,True,False,True,197.75,False,2024,2024-07,2024-W28
NQ,2024-07-15,2024-07-14 22:00:00+00:00,2024-07-15 13:29:00+00:00,20580.0,20652.5,20508.0,20609.5,89343,930,2024-07-15 13:30:00+00:00,2024-07-15 15:29:00+00:00,20610.0,20797.0,20581.75,20734.25,230133,120,228.85,primary_2023_2025,144.5,127.75,1.1311154598825832,neutral,1_1_to_1_3,215.25,0.9405724273541621,0.5772357723577236,0.5772357723577236,True,False,True,144.5,False,2024,2024-07,2024-W29
NQ,2024-07-16,2024-07-15 22:00:00+00:00,2024-07-16 13:29:00+00:00,20628.0,20655.0,20541.75,20648.75,90464,930,2024-07-16 13:30:00+00:00,2024-07-16 15:29:00+00:00,20649.25,20684.5,20485.5,20557.0,247501,120,234.8,primary_2023_2025,113.25,127.75,0.8864970645792564,neutral,0_7_to_0_9,199.0,0.8475298126064735,0.4635678391959799,-0.4635678391959799,True,True,False,56.25,True,2024,2024-07,2024-W29
NQ,2024-07-17,2024-07-16 22:00:00+00:00,2024-07-17 13:29:00+00:00,20591.0,20597.75,20254.5,20260.25,162386,930,2024-07-17 13:30:00+00:00,2024-07-17 15:29:00+00:00,20260.5,20281.5,20090.25,20131.0,295377,120,240.2125,primary_2023_2025,343.25,127.75,2.6868884540117417,expansion,gt_1_3,191.25,0.7961700577613571,0.677124183006536,-0.677124183006536,False,True,True,164.25,False,2024,2024-07,2024-W29
NQ,2024-07-18,2024-07-17 22:00:00+00:00,2024-07-18 13:29:00+00:00,20024.25,20162.5,20018.5,20141.0,148065,930,2024-07-18 13:30:00+00:00,2024-07-18 15:29:00+00:00,20141.5,20149.25,19816.5,19821.75,329285,120,253.725,primary_2023_2025,144.0,132.0,1.0909090909090908,neutral,0_9_to_1_1,332.75,1.3114592570696622,0.9609316303531179,-0.9609316303531179,False,True,True,202.0,False,2024,2024-07,2024-W29
NQ,2024-07-19,2024-07-18 22:00:00+00:00,2024-07-19 13:29:00+00:00,19955.0,19979.75,19753.5,19868.75,147882,930,2024-07-19 13:30:00+00:00,2024-07-19 15:29:00+00:00,19868.5,19976.5,19743.5,19746.5,256369,120,259.7875,primary_2023_2025,226.25,132.0,1.7140151515151516,expansion,gt_1_3,233.0,0.8968868786989366,0.5236051502145923,-0.5236051502145923,False,True,True,10.0,False,2024,2024-07,2024-W29
NQ,2024-07-22,2024-07-21 22:00:00+00:00,2024-07-22 13:29:00+00:00,19749.0,19958.5,19718.75,19954.75,133267,930,2024-07-22 13:30:00+00:00,2024-07-22 15:29:00+00:00,19954.75,20026.75,19828.25,19837.0,253276,120,260.9,primary_2023_2025,239.75,132.0,1.816287878787879,expansion,gt_1_3,198.5,0.7608279034112687,0.593198992443325,-0.593198992443325,True,False,False,68.25,True,2024,2024-07,2024-W30
NQ,2024-07-23,2024-07-22 22:00:00+00:00,2024-07-23 13:29:00+00:00,19982.0,20015.5,19868.25,19957.0,107957,930,2024-07-23 13:30:00+00:00,2024-07-23 15:29:00+00:00,19957.75,20084.75,19927.5,20063.25,224915,120,257.75,primary_2023_2025,147.25,132.0,1.115530303030303,neutral,1_1_to_1_3,157.25,0.6100872938894277,0.670906200317965,0.670906200317965,True,False,True,69.25,False,2024,2024-07,2024-W30
NQ,2024-07-24,2024-07-23 22:00:00+00:00,2024-07-24 13:29:00+00:00,19883.0,19883.0,19607.5,19640.25,161033,930,2024-07-24 13:30:00+00:00,2024-07-24 15:29:00+00:00,19640.5,19653.75,19370.0,19394.75,258214,120,269.0,primary_2023_2025,275.5,133.625,2.0617399438727784,expansion,gt_1_3,283.75,1.054832713754647,0.866079295154185,-0.866079295154185,False,True,True,237.5,False,2024,2024-07,2024-W30
NQ,2024-07-25,2024-07-24 22:00:00+00:00,2024-07-25 13:29:00+00:00,19260.0,19304.5,19062.0,19217.5,207030,930,2024-07-25 13:30:00+00:00,2024-07-25 15:29:00+00:00,19217.0,19280.0,18883.25,19202.25,352565,120,287.5,primary_2023_2025,242.5,133.625,1.8147801683816651,expansion,gt_1_3,396.75,1.38,0.037177063642092,-0.037177063642092,False,True,False,178.75,True,2024,2024-07,2024-W30
NQ,2024-07-26,2024-07-25 22:00:00+00:00,2024-07-26 13:29:00+00:00,19003.0,19236.5,18995.0,19163.0,118878,930,2024-07-26 13:30:00+00:00,2024-07-26 15:29:00+00:00,19163.0,19192.25,19040.25,19108.5,240942,120,295.4,primary_2023_2025,241.5,134.25,1.7988826815642458,expansion,gt_1_3,152.0,0.5145565335138795,0.35855263157894735,-0.35855263157894735,False,False,False,0.0,False,2024,2024-07,2024-W30
NQ,2024-07-29,2024-07-28 22:00:00+00:00,2024-07-29 13:29:00+00:00,19171.75,19362.0,19167.75,19285.25,108501,929,2024-07-29 13:30:00+00:00,2024-07-29 15:29:00+00:00,19285.25,19377.25,19146.25,19187.5,222649,120,301.975,primary_2023_2025,194.25,139.5,1.39247311827957,expansion,gt_1_3,231.0,0.7649639870850236,0.4231601731601732,-0.4231601731601732,True,True,False,21.5,True,2024,2024-07,2024-W31
NQ,2024-07-30,2024-07-29 22:00:00+00:00,2024-07-30 13:29:00+00:00,19217.0,19293.25,19076.0,19287.75,86595,929,2024-07-30 13:30:00+00:00,2024-07-30 15:29:00+00:00,19288.0,19319.75,18976.0,19022.5,252309,120,303.7125,primary_2023_2025,217.25,144.25,1.5060658578856152,expansion,gt_1_3,343.75,1.1318269745236038,0.7723636363636364,-0.7723636363636364,True,True,True,100.0,False,2024,2024-07,2024-W31
NQ,2024-07-31,2024-07-30 22:00:00+00:00,2024-07-31 13:29:00+00:00,18865.75,19380.75,18861.75,19371.25,164110,930,2024-07-31 13:30:00+00:00,2024-07-31 15:29:00+00:00,19371.75,19494.0,19310.75,19490.5,240831,120,331.5125,primary_2023_2025,519.0,144.25,3.5979202772963603,expansion,gt_1_3,183.25,0.5527695034123902,0.6480218281036835,0.6480218281036835,True,False,True,113.25,False,2024,2024-07,2024-W31
NQ,2024-08-01,2024-07-31 22:00:00+00:00,2024-08-01 13:29:00+00:00,19593.25,19717.0,19504.75,19525.25,163784,930,2024-08-01 13:30:00+00:00,2024-08-01 15:29:00+00:00,19525.0,19682.0,19251.0,19265.25,291484,120,354.325,primary_2023_2025,212.25,145.875,1.455012853470437,expansion,gt_1_3,431.0,1.2163973752910464,0.6026682134570766,-0.6026682134570766,False,True,True,253.75,False,2024,2024-08,2024-W31
NQ,2024-08-02,2024-08-01 22:00:00+00:00,2024-08-02 13:29:00+00:00,18956.5,18979.75,18508.5,18650.25,206305,930,2024-08-02 13:30:00+00:00,2024-08-02 15:29:00+00:00,18650.5,18761.0,18385.75,18479.0,287500,120,396.8625,primary_2023_2025,471.25,170.75,2.759882869692533,expansion,gt_1_3,375.25,0.9455415918611609,0.4570286475682878,-0.4570286475682878,False,True,True,122.75,False,2024,2024-08,2024-W31
NQ,2024-08-05,2024-08-04 22:00:00+00:00,2024-08-05 13:29:00+00:00,18390.0,18390.0,17351.0,17561.75,321891,930,2024-08-05 13:30:00+00:00,2024-08-05 15:29:00+00:00,17561.75,18189.25,17509.25,18102.0,275836,120,394.7375,primary_2023_2025,1039.0,203.25,5.111931119311193,expansion,gt_1_3,680.0,1.7226637955603408,0.794485294117647,0.794485294117647,False,False,False,0.0,False,2024,2024-08,2024-W32
NQ,2024-08-06,2024-08-05 22:00:00+00:00,2024-08-06 13:29:00+00:00,18165.75,18437.0,18016.5,18079.0,160450,930,2024-08-06 13:30:00+00:00,2024-08-06 15:29:00+00:00,18078.0,18340.75,17966.0,18184.25,224768,120,428.7375,primary_2023_2025,420.5,214.75,1.9580908032596043,expansion,gt_1_3,374.75,0.8740779614566022,0.2835223482321548,0.2835223482321548,False,True,False,50.5,True,2024,2024-08,2024-W32
NQ,2024-08-07,2024-08-06 22:00:00+00:00,2024-08-07 13:29:00+00:00,18033.0,18461.75,18030.25,18453.0,134683,930,2024-08-07 13:30:00+00:00,2024-08-07 15:29:00+00:00,18453.25,18558.5,18405.75,18465.0,210263,120,450.5,primary_2023_2025,431.5,221.75,1.9458850056369785,expansion,gt_1_3,152.75,0.3390677025527192,0.07692307692307693,0.07692307692307693,True,False,True,96.75,False,2024,2024-08,2024-W32
NQ,2024-08-08,2024-08-07 22:00:00+00:00,2024-08-08 13:29:00+00:00,17873.0,18252.25,17741.75,18225.0,155515,930,2024-08-08 13:30:00+00:00,2024-08-08 15:29:00+00:00,18224.5,18438.0,18064.25,18381.75,209193,120,476.8,primary_2023_2025,510.5,233.0,2.1909871244635193,expansion,gt_1_3,373.75,0.783871644295302,0.42073578595317723,0.42073578595317723,True,False,True,185.75,False,2024,2024-08,2024-W32
NQ,2024-08-09,2024-08-08 22:00:00+00:00,2024-08-09 13:29:00+00:00,18550.25,18651.0,18383.0,18450.0,122846,930,2024-08-09 13:30:00+00:00,2024-08-09 15:29:00+00:00,18451.0,18578.75,18404.5,18508.0,172428,120,502.7,primary_2023_2025,268.0,240.625,1.1137662337662337,neutral,1_1_to_1_3,174.25,0.3466282076785359,0.32711621233859395,0.32711621233859395,False,False,False,0.0,False,2024,2024-08,2024-W32
NQ,2024-08-12,2024-08-11 22:00:00+00:00,2024-08-12 13:29:00+00:00,18590.0,18693.5,18515.0,18641.25,72082,930,2024-08-12 13:30:00+00:00,2024-08-12 15:29:00+00:00,18641.25,18765.25,18523.5,18629.75,181236,120,476.075,primary_2023_2025,178.5,242.0,0.737603305785124,neutral,0_7_to_0_9,241.75,0.5077981410492044,0.047569803516028956,-0.047569803516028956,True,False,False,71.75,True,2024,2024-08,2024-W33
NQ,2024-08-13,2024-08-12 22:00:00+00:00,2024-08-13 13:29:00+00:00,18648.25,18847.0,18628.5,18822.25,111434,930,2024-08-13 13:30:00+00:00,2024-08-13 15:29:00+00:00,18821.75,18976.5,18816.25,18967.75,152410,120,471.875,primary_2023_2025,218.5,242.0,0.9028925619834711,neutral,0_9_to_1_1,160.25,0.3396026490066225,0.9110764430577223,0.9110764430577223,True,False,True,129.5,False,2024,2024-08,2024-W33
NQ,2024-08-14,2024-08-13 22:00:00+00:00,2024-08-14 13:29:00+00:00,19099.25,19163.5,19000.0,19137.25,107671,930,2024-08-14 13:30:00+00:00,2024-08-14 15:29:00+00:00,19137.25,19175.5,18925.5,19107.5,196936,120,491.0,primary_2023_2025,163.5,242.0,0.6756198347107438,compression,0_5_to_0_7,250.0,0.5091649694501018,0.119,-0.119,True,True,False,74.5,True,2024,2024-08,2024-W33
NQ,2024-08-15,2024-08-14 22:00:00+00:00,2024-08-15 13:29:00+00:00,19142.5,19371.5,19100.5,19352.25,115435,930,2024-08-15 13:30:00+00:00,2024-08-15 15:29:00+00:00,19352.0,19527.75,19336.25,19501.25,176017,120,490.7625,primary_2023_2025,271.0,240.625,1.1262337662337663,neutral,1_1_to_1_3,191.5,0.39020911336950154,0.779373368146214,0.779373368146214,True,False,True,156.25,False,2024,2024-08,2024-W33
NQ,2024-08-16,2024-08-15 22:00:00+00:00,2024-08-16 13:29:00+00:00,19570.25,19683.0,19447.5,19502.5,113709,930,2024-08-16 13:30:00+00:00,2024-08-16 15:29:00+00:00,19503.5,19591.25,19462.5,19531.75,165489,120,502.825,primary_2023_2025,235.5,242.0,0.9731404958677686,neutral,0_9_to_1_1,128.75,0.2560532988614329,0.21941747572815534,0.21941747572815534,False,False,False,0.0,False,2024,2024-08,2024-W33
NQ,2024-08-19,2024-08-18 22:00:00+00:00,2024-08-19 13:29:00+00:00,19629.0,19688.0,19525.25,19604.5,77612,929,2024-08-19 13:30:00+00:00,2024-08-19 15:29:00+00:00,19604.5,19678.0,19529.0,19658.0,161716,120,461.3,primary_2023_2025,162.75,242.0,0.6725206611570248,compression,0_5_to_0_7,149.0,0.32300021677866897,0.35906040268456374,0.35906040268456374,False,False,False,0.0,False,2024,2024-08,2024-W34
NQ,2024-08-20,2024-08-19 22:00:00+00:00,2024-08-20 13:29:00+00:00,19857.75,19931.0,19812.25,19817.5,78032,930,2024-08-20 13:30:00+00:00,2024-08-20 15:29:00+00:00,19817.75,19925.0,19743.0,19790.25,193334,120,467.8875,primary_2023_2025,118.75,242.0,0.490702479338843,compression,lt_0_5,182.0,0.3889823942721274,0.1510989010989011,-0.1510989010989011,False,True,True,69.25,False,2024,2024-08,2024-W34
NQ,2024-08-21,2024-08-20 22:00:00+00:00,2024-08-21 13:29:00+00:00,19803.0,19863.75,19785.5,19842.5,64200,929,2024-08-21 13:30:00+00:00,2024-08-21 15:29:00+00:00,19842.0,19981.75,19802.5,19867.0,197604,120,469.175,primary_2023_2025,78.25,242.0,0.32334710743801653,compression,lt_0_5,179.25,0.3820536047317099,0.1394700139470014,0.1394700139470014,True,False,True,118.0,False,2024,2024-08,2024-W34
NQ,2024-08-22,2024-08-21 22:00:00+00:00,2024-08-22 13:29:00+00:00,19921.25,20003.5,19866.0,19997.25,70250,930,2024-08-22 13:30:00+00:00,2024-08-22 15:29:00+00:00,19997.5,20025.25,19805.75,19809.75,194882,120,464.625,primary_2023_2025,137.5,238.5,0.5765199161425576,compression,0_5_to_0_7,219.5,0.47242399784772665,0.8553530751708428,-0.8553530751708428,True,True,True,60.25,False,2024,2024-08,2024-W34
NQ,2024-08-23,2024-08-22 22:00:00+00:00,2024-08-23 13:29:00+00:00,19621.5,19778.25,19612.5,19756.0,66958,930,2024-08-23 13:30:00+00:00,2024-08-23 15:29:00+00:00,19755.25,19904.25,19622.5,19770.0,248636,120,459.05,primary_2023_2025,165.75,227.0,0.7301762114537445,neutral,0_7_to_0_9,281.75,0.6137675634462477,0.05235137533274179,0.05235137533274179,True,False,False,126.0,True,2024,2024-08,2024-W34
NQ,2024-08-26,2024-08-25 22:00:00+00:00,2024-08-26 13:29:00+00:00,19787.75,19846.25,19716.25,19763.5,73473,929,2024-08-26 13:30:00+00:00,2024-08-26 15:29:00+00:00,19763.0,19801.5,19505.5,19608.25,176414,120,399.05,primary_2023_2025,130.0,217.875,0.5966724039013196,compression,0_5_to_0_7,296.0,0.7417616839994988,0.5228040540540541,-0.5228040540540541,False,True,True,210.75,False,2024,2024-08,2024-W35
NQ,2024-08-27,2024-08-26 22:00:00+00:00,2024-08-27 13:29:00+00:00,19558.75,19647.0,19476.0,19524.0,83313,930,2024-08-27 13:30:00+00:00,2024-08-27 15:29:00+00:00,19523.5,19694.25,19441.5,19624.0,165847,120,395.2375,primary_2023_2025,171.0,217.875,0.7848537005163512,neutral,0_7_to_0_9,252.75,0.6394889148929441,0.39762611275964393,0.39762611275964393,True,True,False,47.25,True,2024,2024-08,2024-W35
NQ,2024-08-28,2024-08-27 22:00:00+00:00,2024-08-28 13:29:00+00:00,19635.5,19691.0,19560.75,19625.5,70614,930,2024-08-28 13:30:00+00:00,2024-08-28 15:29:00+00:00,19625.75,19656.5,19339.25,19386.25,175103,120,389.5,primary_2023_2025,130.25,215.375,0.6047591410330818,compression,0_5_to_0_7,317.25,0.8145057766367138,0.7549251379038613,-0.7549251379038613,False,True,True,221.5,False,2024,2024-08,2024-W35
NQ,2024-08-29,2024-08-28 22:00:00+00:00,2024-08-29 13:29:00+00:00,19217.0,19516.25,19140.25,19497.25,140317,930,2024-08-29 13:30:00+00:00,2024-08-29 15:29:00+00:00,19498.0,19693.5,19478.25,19628.0,218239,120,362.7375,primary_2023_2025,376.0,195.375,1.9245041586692258,expansion,gt_1_3,215.25,0.59340432130673,0.6039488966318235,0.6039488966318235,True,False,True,177.25,False,2024,2024-08,2024-W35
NQ,2024-08-30,2024-08-29 22:00:00+00:00,2024-08-30 13:29:00+00:00,19445.75,19573.0,19394.0,19559.5,78812,930,2024-08-30 13:30:00+00:00,2024-08-30 15:29:00+00:00,19559.25,19628.75,19444.0,19466.0,168410,120,357.85,primary_2023_2025,179.0,198.5,0.9017632241813602,neutral,0_9_to_1_1,184.75,0.5162777700153696,0.5047361299052774,-0.5047361299052774,True,False,False,55.75,True,2024,2024-08,2024-W35
NQ,2024-09-02,2024-09-01 22:00:00+00:00,2024-09-02 13:29:00+00:00,19599.0,19637.75,19511.0,19618.0,40627,930,2024-09-02 13:30:00+00:00,2024-09-02 15:29:00+00:00,19618.75,19670.25,19587.5,19649.0,23903,120,296.175,primary_2023_2025,126.75,178.75,0.7090909090909091,neutral,0_7_to_0_9,82.75,0.2793956275850426,0.36555891238670696,0.36555891238670696,True,False,True,32.5,False,2024,2024-09,2024-W36
NQ,2024-09-03,2024-09-02 22:00:00+00:00,2024-09-03 13:29:00+00:00,19646.5,19683.0,19445.5,19477.75,111516,929,2024-09-03 13:30:00+00:00,2024-09-03 15:29:00+00:00,19478.0,19483.25,19149.25,19196.25,219637,120,290.2,primary_2023_2025,237.5,174.75,1.3590844062947067,expansion,gt_1_3,334.0,1.1509303928325294,0.843562874251497,-0.843562874251497,False,True,True,296.25,False,2024,2024-09,2024-W36
NQ,2024-09-04,2024-09-03 22:00:00+00:00,2024-09-04 13:29:00+00:00,18993.75,19005.75,18825.75,18878.5,132978,930,2024-09-04 13:30:00+00:00,2024-09-04 15:29:00+00:00,18878.25,19114.75,18838.25,19016.5,205532,120,323.55,primary_2023_2025,180.0,174.75,1.0300429184549356,neutral,0_9_to_1_1,276.5,0.8545819811466543,0.5,0.5,True,False,True,109.0,False,2024,2024-09,2024-W36
NQ,2024-09-05,2024-09-04 22:00:00+00:00,2024-09-05 13:29:00+00:00,18965.75,19006.0,18827.25,18887.0,119913,930,2024-09-05 13:30:00+00:00,2024-09-05 15:29:00+00:00,18886.5,19150.5,18864.0,18868.75,218377,120,325.6875,primary_2023_2025,178.75,174.75,1.0228898426323318,neutral,0_9_to_1_1,286.5,0.8796776050662061,0.06195462478184991,-0.06195462478184991,True,False,False,144.5,True,2024,2024-09,2024-W36
NQ,2024-09-06,2024-09-05 22:00:00+00:00,2024-09-06 13:29:00+00:00,18921.0,18972.25,18703.0,18929.0,150798,930,2024-09-06 13:30:00+00:00,2024-09-06 15:29:00+00:00,18929.75,18967.25,18480.0,18504.75,271104,120,318.375,primary_2023_2025,269.25,174.75,1.5407725321888412,expansion,gt_1_3,487.25,1.530427954456223,0.8722421754746024,-0.8722421754746024,False,True,True,223.0,False,2024,2024-09,2024-W36
NQ,2024-09-09,2024-09-08 22:00:00+00:00,2024-09-09 13:29:00+00:00,18400.0,18645.75,18386.0,18629.25,108840,930,2024-09-09 13:30:00+00:00,2024-09-09 15:29:00+00:00,18628.75,18720.75,18497.25,18568.5,174603,120,315.85,primary_2023_2025,259.75,174.75,1.486409155937053,expansion,gt_1_3,223.5,0.7076143739116669,0.2695749440715884,-0.2695749440715884,True,False,False,75.0,True,2024,2024-09,2024-W37
NQ,2024-09-10,2024-09-09 22:00:00+00:00,2024-09-10 13:29:00+00:00,18727.0,18778.0,18582.25,18758.25,101831,930,2024-09-10 13:30:00+00:00,2024-09-10 15:29:00+00:00,18758.25,18821.75,18673.25,18775.25,184342,120,316.2625,primary_2023_2025,195.75,174.875,1.119370979270908,neutral,1_1_to_1_3,148.5,0.4695466582348524,0.11447811447811448,0.11447811447811448,True,False,False,43.75,True,2024,2024-09,2024-W37
NQ,2024-09-11,2024-09-10 22:00:00+00:00,2024-09-11 13:29:00+00:00,18837.75,18927.5,18705.0,18902.25,130540,930,2024-09-11 13:30:00+00:00,2024-09-11 15:29:00+00:00,18902.0,18906.5,18547.0,18689.0,222564,120,327.4,primary_2023_2025,222.5,174.875,1.272337383845604,neutral,1_1_to_1_3,359.5,1.098045204642639,0.5924895688456189,-0.5924895688456189,False,True,True,158.0,False,2024,2024-09,2024-W37
NQ,2024-09-12,2024-09-11 22:00:00+00:00,2024-09-12 13:29:00+00:00,19241.5,19342.75,19226.25,19259.0,114702,930,2024-09-12 13:30:00+00:00,2024-09-12 15:29:00+00:00,19258.75,19388.75,19185.0,19288.25,209258,120,346.1125,primary_2023_2025,116.5,178.875,0.6512928022361985,compression,0_5_to_0_7,203.75,0.5886814258369749,0.14478527607361963,0.14478527607361963,True,True,False,46.0,True,2024,2024-09,2024-W37
NQ,2024-09-13,2024-09-12 22:00:00+00:00,2024-09-13 13:29:00+00:00,19419.5,19488.5,19406.0,19409.25,65707,929,2024-09-13 13:30:00+00:00,2024-09-13 15:29:00+00:00,19409.25,19541.5,19398.25,19520.5,157473,120,351.6375,primary_2023_2025,82.5,174.875,0.47176554681915656,compression,lt_0_5,143.25,0.40737975898474993,0.7766143106457243,0.7766143106457243,True,True,True,53.0,False,2024,2024-09,2024-W37
NQ,2024-09-16,2024-09-15 22:00:00+00:00,2024-09-16 13:29:00+00:00,19498.0,19781.5,19479.0,19671.0,46591,922,2024-09-16 13:30:00+00:00,2024-09-16 15:29:00+00:00,19670.75,19697.5,19529.0,19613.75,108237,120,341.0,primary_2023_2025,302.5,168.375,1.7965850037119524,expansion,gt_1_3,168.5,0.4941348973607038,0.33827893175074186,-0.33827893175074186,False,False,False,0.0,False,2024,2024-09,2024-W38
NQ,2024-09-17,2024-09-16 22:00:00+00:00,2024-09-17 13:29:00+00:00,19655.0,19819.5,19633.0,19795.0,68828,930,2024-09-17 13:30:00+00:00,2024-09-17 15:29:00+00:00,19795.5,19850.25,19709.0,19765.75,142523,120,338.0,primary_2023_2025,186.5,174.875,1.0664760543245175,neutral,0_9_to_1_1,141.25,0.41789940828402367,0.21061946902654868,-0.21061946902654868,True,False,False,30.75,True,2024,2024-09,2024-W38
NQ,2024-09-18,2024-09-17 22:00:00+00:00,2024-09-18 13:29:00+00:00,19686.75,19736.0,19657.25,19731.0,62653,929,2024-09-18 13:30:00+00:00,2024-09-18 15:29:00+00:00,19730.5,19736.5,19633.25,19663.5,102905,120,345.975,primary_2023_2025,78.75,178.875,0.44025157232704404,compression,lt_0_5,103.25,0.29843196762771873,0.648910411622276,-0.648910411622276,True,True,False,24.0,True,2024,2024-09,2024-W38
NQ,2024-09-19,2024-09-18 22:00:00+00:00,2024-09-19 13:29:00+00:00,19648.75,20057.25,19636.75,20052.25,146291,930,2024-09-19 13:30:00+00:00,2024-09-19 15:29:00+00:00,20052.25,20158.5,19964.0,20135.25,181729,120,346.0375,primary_2023_2025,420.5,178.875,2.3508036338225016,expansion,gt_1_3,194.5,0.5620778094859661,0.4267352185089974,0.4267352185089974,True,False,True,101.25,False,2024,2024-09,2024-W38
NQ,2024-09-20,2024-09-19 22:00:00+00:00,2024-09-20 13:29:00+00:00,20066.0,20075.0,19981.0,20035.0,92391,930,2024-09-20 13:30:00+00:00,2024-09-20 15:29:00+00:00,20035.0,20082.5,19860.0,19906.75,160314,120,351.4125,primary_2023_2025,94.0,179.5,0.5236768802228412,compression,0_5_to_0_7,222.5,0.6331590367445665,0.5764044943820225,-0.5764044943820225,True,True,True,121.0,False,2024,2024-09,2024-W38
NQ,2024-09-23,2024-09-22 22:00:00+00:00,2024-09-23 13:29:00+00:00,20040.0,20164.0,19955.25,20076.75,92623,930,2024-09-23 13:30:00+00:00,2024-09-23 15:29:00+00:00,20077.25,20126.75,20031.25,20094.0,140377,120,322.4875,primary_2023_2025,208.75,179.5,1.1629526462395543,neutral,1_1_to_1_3,95.5,0.29613550912826075,0.17539267015706805,0.17539267015706805,False,False,False,0.0,False,2024,2024-09,2024-W39
NQ,2024-09-24,2024-09-23 22:00:00+00:00,2024-09-24 13:29:00+00:00,20063.25,20179.25,20022.5,20134.25,88888,930,2024-09-24 13:30:00+00:00,2024-09-24 15:29:00+00:00,20135.0,20154.0,19953.0,20115.0,165152,120,319.5,primary_2023_2025,156.75,183.25,0.8553888130968622,neutral,0_7_to_0_9,201.0,0.6291079812206573,0.09950248756218906,-0.09950248756218906,False,True,False,69.5,True,2024,2024-09,2024-W39
NQ,2024-09-25,2024-09-24 22:00:00+00:00,2024-09-25 13:29:00+00:00,20183.75,20192.25,20064.25,20141.0,70062,930,2024-09-25 13:30:00+00:00,2024-09-25 15:29:00+00:00,20141.0,20271.0,20138.0,20202.5,140146,120,329.6375,primary_2023_2025,128.0,183.25,0.6984993178717599,compression,0_5_to_0_7,133.0,0.40347351257062686,0.462406015037594,0.462406015037594,True,False,True,78.75,False,2024,2024-09,2024-W39
NQ,2024-09-26,2024-09-25 22:00:00+00:00,2024-09-26 13:29:00+00:00,20242.0,20538.0,20232.0,20503.5,110253,930,2024-09-26 13:30:00+00:00,2024-09-26 15:29:00+00:00,20503.0,20517.5,20188.0,20254.5,195896,120,336.35,primary_2023_2025,306.0,183.25,1.669849931787176,expansion,gt_1_3,329.5,0.9796343094990336,0.7541729893778453,-0.7541729893778453,False,True,False,44.0,True,2024,2024-09,2024-W39
NQ,2024-09-27,2024-09-26 22:00:00+00:00,2024-09-27 13:29:00+00:00,20345.0,20395.75,20235.0,20377.5,99433,930,2024-09-27 13:30:00+00:00,2024-09-27 15:29:00+00:00,20377.5,20383.0,20246.75,20270.5,135085,120,312.9,primary_2023_2025,160.75,183.25,0.8772169167803547,neutral,0_7_to_0_9,136.25,0.43544263342921063,0.7853211009174312,-0.7853211009174312,False,False,False,0.0,False,2024,2024-09,2024-W39
NQ,2024-09-30,2024-09-29 22:00:00+00:00,2024-09-30 13:29:00+00:00,20198.5,20287.0,20119.5,20179.5,88979,930,2024-09-30 13:30:00+00:00,2024-09-30 15:29:00+00:00,20179.5,20262.5,20127.5,20226.75,137763,120,298.5125,primary_2023_2025,167.5,183.25,0.9140518417462483,neutral,0_9_to_1_1,135.0,0.4522423684100331,0.35,0.35,False,False,False,0.0,False,2024,2024-09,2024-W40
NQ,2024-10-01,2024-09-30 22:00:00+00:00,2024-10-01 13:29:00+00:00,20234.25,20331.75,20213.25,20252.0,78277,930,2024-10-01 13:30:00+00:00,2024-10-01 15:29:00+00:00,20252.0,20266.0,19818.0,19893.25,251508,120,280.675,primary_2023_2025,118.5,183.25,0.6466575716234653,compression,0_5_to_0_7,448.0,1.5961521332502004,0.80078125,-0.80078125,False,True,True,395.25,False,2024,2024-10,2024-W40
NQ,2024-10-02,2024-10-01 22:00:00+00:00,2024-10-02 13:29:00+00:00,19975.25,20010.75,19878.75,19943.0,102301,930,2024-10-02 13:30:00+00:00,2024-10-02 15:29:00+00:00,19942.75,20090.25,19833.5,20055.25,182253,120,298.2125,primary_2023_2025,132.0,179.375,0.7358885017421603,neutral,0_7_to_0_9,256.75,0.8609632393008342,0.43816942551119764,0.43816942551119764,True,True,True,79.5,False,2024,2024-10,2024-W40
NQ,2024-10-03,2024-10-02 22:00:00+00:00,2024-10-03 13:29:00+00:00,20055.5,20068.0,19852.0,19912.25,100940,930,2024-10-03 13:30:00+00:00,2024-10-03 15:29:00+00:00,19912.0,20113.75,19894.75,19992.75,212023,120,298.8625,primary_2023_2025,216.0,173.125,1.247653429602888,neutral,1_1_to_1_3,219.0,0.7327784516290936,0.3687214611872146,0.3687214611872146,True,False,False,45.75,True,2024,2024-10,2024-W40
NQ,2024-10-04,2024-10-03 22:00:00+00:00,2024-10-04 13:29:00+00:00,19965.5,20263.75,19941.5,20227.5,121295,930,2024-10-04 13:30:00+00:00,2024-10-04 15:29:00+00:00,20227.25,20239.0,20013.25,20060.25,212266,120,297.1375,primary_2023_2025,322.25,177.0,1.8206214689265536,expansion,gt_1_3,225.75,0.7597492743258593,0.7397563676633444,-0.7397563676633444,False,False,False,0.0,False,2024,2024-10,2024-W40
NQ,2024-10-07,2024-10-06 22:00:00+00:00,2024-10-07 13:29:00+00:00,20220.0,20267.25,20058.0,20137.0,99540,930,2024-10-07 13:30:00+00:00,2024-10-07 15:29:00+00:00,20137.0,20187.25,20088.5,20161.75,131524,120,261.9375,primary_2023_2025,209.25,177.0,1.1822033898305084,neutral,1_1_to_1_3,98.75,0.37699832975423525,0.25063291139240507,0.25063291139240507,False,False,False,0.0,False,2024,2024-10,2024-W41
NQ,2024-10-08,2024-10-07 22:00:00+00:00,2024-10-08 13:29:00+00:00,20025.75,20106.75,19902.5,20103.5,103895,930,2024-10-08 13:30:00+00:00,2024-10-08 15:29:00+00:00,20103.25,20273.75,20069.75,20233.25,153119,120,269.575,primary_2023_2025,204.25,177.0,1.1539548022598871,neutral,1_1_to_1_3,204.0,0.7567467309654086,0.6372549019607843,0.6372549019607843,True,False,True,167.0,False,2024,2024-10,2024-W41
NQ,2024-10-09,2024-10-08 22:00:00+00:00,2024-10-09 13:29:00+00:00,20294.25,20300.75,20196.0,20282.25,74695,930,2024-10-09 13:30:00+00:00,2024-10-09 15:29:00+00:00,20282.0,20400.0,20238.5,20386.75,137263,120,273.8375,primary_2023_2025,104.75,177.0,0.5918079096045198,compression,0_5_to_0_7,161.5,0.5897658282740676,0.6486068111455109,0.6486068111455109,True,False,True,99.25,False,2024,2024-10,2024-W41
NQ,2024-10-10,2024-10-09 22:00:00+00:00,2024-10-10 13:29:00+00:00,20445.25,20478.5,20322.25,20359.25,91847,930,2024-10-10 13:30:00+00:00,2024-10-10 15:29:00+00:00,20359.0,20441.0,20301.5,20433.5,142862,120,275.55,primary_2023_2025,156.25,164.125,0.952018278750952,neutral,0_9_to_1_1,139.5,0.5062602068590092,0.5340501792114696,0.5340501792114696,False,True,False,20.75,True,2024,2024-10,2024-W41
NQ,2024-10-11,2024-10-10 22:00:00+00:00,2024-10-11 13:29:00+00:00,20435.0,20468.25,20339.5,20340.25,72882,930,2024-10-11 13:30:00+00:00,2024-10-11 15:29:00+00:00,20340.25,20481.25,20314.75,20430.25,153972,120,272.1,primary_2023_2025,128.75,164.125,0.7844630616907845,neutral,0_7_to_0_9,166.5,0.6119073869900771,0.5405405405405406,0.5405405405405406,True,True,False,24.75,True,2024,2024-10,2024-W41
NQ,2024-10-14,2024-10-13 22:00:00+00:00,2024-10-14 13:29:00+00:00,20432.5,20566.5,20383.25,20550.75,68667,930,2024-10-14 13:30:00+00:00,2024-10-14 15:29:00+00:00,20550.5,20680.0,20527.5,20546.5,158362,120,249.3375,primary_2023_2025,183.25,164.125,1.1165270373191165,neutral,1_1_to_1_3,152.5,0.6116207951070336,0.02622950819672131,-0.02622950819672131,True,False,False,113.5,True,2024,2024-10,2024-W42
NQ,2024-10-15,2024-10-14 22:00:00+00:00,2024-10-15 13:29:00+00:00,20638.75,20651.0,20563.5,20631.5,66992,930,2024-10-15 13:30:00+00:00,2024-10-15 15:29:00+00:00,20631.75,20659.25,20331.25,20396.25,216553,120,251.975,primary_2023_2025,87.5,164.125,0.5331302361005331,compression,0_5_to_0_7,328.0,1.3017164401230281,0.7179878048780488,-0.7179878048780488,True,True,True,232.25,False,2024,2024-10,2024-W42
NQ,2024-10-16,2024-10-15 22:00:00+00:00,2024-10-16 13:29:00+00:00,20334.5,20398.5,20306.0,20353.25,74141,930,2024-10-16 13:30:00+00:00,2024-10-16 15:29:00+00:00,20352.5,20357.25,20206.25,20312.5,171460,120,263.85,primary_2023_2025,92.5,158.75,0.5826771653543307,compression,0_5_to_0_7,151.0,0.5722948645063483,0.26490066225165565,-0.26490066225165565,False,True,False,99.75,True,2024,2024-10,2024-W42
NQ,2024-10-17,2024-10-16 22:00:00+00:00,2024-10-17 13:29:00+00:00,20328.0,20594.75,20276.75,20573.25,110029,929,2024-10-17 13:30:00+00:00,2024-10-17 15:29:00+00:00,20573.25,20576.0,20366.5,20453.0,196589,120,263.3375,primary_2023_2025,318.0,158.75,2.0031496062992127,expansion,gt_1_3,209.5,0.795557032325438,0.5739856801909308,-0.5739856801909308,False,False,False,0.0,False,2024,2024-10,2024-W42
NQ,2024-10-18,2024-10-17 22:00:00+00:00,2024-10-18 13:29:00+00:00,20384.0,20508.5,20320.75,20466.25,80047,930,2024-10-18 13:30:00+00:00,2024-10-18 15:29:00+00:00,20465.75,20523.25,20433.0,20513.75,131947,120,265.5875,primary_2023_2025,187.75,158.75,1.1826771653543307,neutral,1_1_to_1_3,90.25,0.33981267943709703,0.5318559556786704,0.5318559556786704,True,False,True,14.75,False,2024,2024-10,2024-W42
NQ,2024-10-21,2024-10-20 22:00:00+00:00,2024-10-21 13:29:00+00:00,20496.25,20526.0,20343.75,20427.75,75567,930,2024-10-21 13:30:00+00:00,2024-10-21 15:29:00+00:00,20427.75,20554.5,20345.0,20360.75,185576,120,243.8375,primary_2023_2025,182.25,164.125,1.1104341203351105,neutral,1_1_to_1_3,209.5,0.8591787563438765,0.3198090692124105,-0.3198090692124105,True,False,False,28.5,True,2024,2024-10,2024-W43
NQ,2024-10-22,2024-10-21 22:00:00+00:00,2024-10-22 13:29:00+00:00,20536.5,20544.0,20360.25,20402.5,101239,929,2024-10-22 13:30:00+00:00,2024-10-22 15:29:00+00:00,20402.75,20520.0,20369.5,20479.0,157768,120,243.2375,primary_2023_2025,183.75,164.125,1.1195734958111196,neutral,1_1_to_1_3,150.5,0.6187368312862942,0.5066445182724253,0.5066445182724253,False,False,False,0.0,False,2024,2024-10,2024-W43
NQ,2024-10-23,2024-10-22 22:00:00+00:00,2024-10-23 13:29:00+00:00,20521.0,20542.5,20423.75,20434.25,78413,930,2024-10-23 13:30:00+00:00,2024-10-23 15:29:00+00:00,20435.0,20462.75,20305.75,20309.75,201971,120,248.6625,primary_2023_2025,118.75,174.875,0.6790564689063617,compression,0_5_to_0_7,157.0,0.6313778716131303,0.7977707006369427,-0.7977707006369427,False,True,True,118.0,False,2024,2024-10,2024-W43
NQ,2024-10-24,2024-10-23 22:00:00+00:00,2024-10-24 13:29:00+00:00,20294.25,20428.5,20268.0,20372.75,86394,930,2024-10-24 13:30:00+00:00,2024-10-24 15:29:00+00:00,20372.5,20378.5,20296.25,20341.25,161505,120,258.05,primary_2023_2025,160.5,174.875,0.9177984274481773,neutral,0_9_to_1_1,82.25,0.31873667893819024,0.3799392097264438,-0.3799392097264438,False,False,False,0.0,False,2024,2024-10,2024-W43
NQ,2024-10-25,2024-10-24 22:00:00+00:00,2024-10-25 13:29:00+00:00,20388.5,20512.0,20364.0,20491.25,78278,930,2024-10-25 13:30:00+00:00,2024-10-25 15:29:00+00:00,20491.25,20707.25,20490.25,20635.25,204741,120,241.05,primary_2023_2025,148.0,164.125,0.9017517136329017,neutral,0_9_to_1_1,217.0,0.9002281684297863,0.663594470046083,0.663594470046083,True,False,True,195.25,False,2024,2024-10,2024-W43
NQ,2024-10-28,2024-10-27 22:00:00+00:00,2024-10-28 13:29:00+00:00,20525.5,20676.5,20525.25,20626.0,101163,930,2024-10-28 13:30:00+00:00,2024-10-28 15:29:00+00:00,20625.25,20626.75,20528.5,20560.25,142641,120,238.4375,primary_2023_2025,151.25,164.0,0.9222560975609756,neutral,0_9_to_1_1,98.25,0.41205766710353864,0.6615776081424937,-0.6615776081424937,False,False,False,0.0,False,2024,2024-10,2024-W44
NQ,2024-10-29,2024-10-28 22:00:00+00:00,2024-10-29 13:29:00+00:00,20513.0,20554.75,20451.0,20510.75,87555,930,2024-10-29 13:30:00+00:00,2024-10-29 15:29:00+00:00,20511.0,20609.0,20432.25,20597.75,159298,120,234.8625,primary_2023_2025,103.75,158.375,0.6550907655880032,compression,0_5_to_0_7,176.75,0.7525679919101602,0.4908062234794908,0.4908062234794908,True,True,True,54.25,False,2024,2024-10,2024-W44
NQ,2024-10-30,2024-10-29 22:00:00+00:00,2024-10-30 13:29:00+00:00,20734.0,20788.5,20639.75,20661.5,104753,930,2024-10-30 13:30:00+00:00,2024-10-30 15:29:00+00:00,20661.25,20699.5,20542.75,20682.75,176001,120,249.375,primary_2023_2025,148.75,158.375,0.9392265193370166,neutral,0_9_to_1_1,156.75,0.6285714285714286,0.1371610845295056,0.1371610845295056,False,True,False,97.0,True,2024,2024-10,2024-W44
NQ,2024-10-31,2024-10-30 22:00:00+00:00,2024-10-31 13:29:00+00:00,20482.0,20495.75,20287.0,20365.0,125740,930,2024-10-31 13:30:00+00:00,2024-10-31 15:29:00+00:00,20366.0,20369.25,20052.75,20097.75,246791,120,250.9875,primary_2023_2025,208.75,158.375,1.318074191002368,expansion,gt_1_3,316.5,1.261018975048558,0.8475513428120063,-0.8475513428120063,False,True,True,234.25,False,2024,2024-10,2024-W44
NQ,2024-11-01,2024-10-31 22:00:00+00:00,2024-11-01 13:29:00+00:00,20071.0,20146.5,20017.0,20068.75,98594,930,2024-11-01 13:30:00+00:00,2024-11-01 15:29:00+00:00,20069.0,20288.0,20057.5,20283.0,198019,120,252.45,primary_2023_2025,129.5,158.375,0.8176795580110497,neutral,0_7_to_0_9,230.5,0.9130520895226778,0.928416485900217,0.928416485900217,True,False,True,141.5,False,2024,2024-11,2024-W44
NQ,2024-11-04,2024-11-03 23:00:00+00:00,2024-11-04 14:29:00+00:00,20138.0,20248.5,20070.5,20120.5,118979,930,2024-11-04 14:30:00+00:00,2024-11-04 16:29:00+00:00,20120.25,20226.75,20013.0,20178.0,162457,120,248.3125,primary_2023_2025,178.0,153.75,1.1577235772357723,neutral,1_1_to_1_3,213.75,0.8608104706770702,0.27017543859649124,0.27017543859649124,False,True,False,57.5,True,2024,2024-11,2024-W45
NQ,2024-11-05,2024-11-04 23:00:00+00:00,2024-11-05 14:29:00+00:00,20130.75,20171.25,20041.75,20152.25,73686,930,2024-11-05 14:30:00+00:00,2024-11-05 16:29:00+00:00,20152.25,20321.25,20147.0,20298.25,165443,120,251.075,primary_2023_2025,129.5,153.75,0.8422764227642277,neutral,0_7_to_0_9,174.25,0.6940157323508912,0.8378766140602583,0.8378766140602583,True,False,True,150.0,False,2024,2024-11,2024-W45
NQ,2024-11-06,2024-11-05 23:00:00+00:00,2024-11-06 14:29:00+00:00,20360.5,20731.25,20323.5,20685.75,201023,930,2024-11-06 14:30:00+00:00,2024-11-06 16:29:00+00:00,20684.75,20822.0,20644.0,20775.75,198838,120,275.4875,primary_2023_2025,407.75,150.0,2.7183333333333333,expansion,gt_1_3,178.0,0.6461273197513498,0.5112359550561798,0.5112359550561798,True,False,True,90.75,False,2024,2024-11,2024-W45
NQ,2024-11-07,2024-11-06 23:00:00+00:00,2024-11-07 14:29:00+00:00,20923.5,21020.5,20861.5,21006.5,92660,930,2024-11-07 14:30:00+00:00,2024-11-07 16:29:00+00:00,21006.75,21171.75,21004.0,21154.0,150594,120,285.525,primary_2023_2025,159.0,153.75,1.0341463414634147,neutral,0_9_to_1_1,167.75,0.5875142281761667,0.8777943368107303,0.8777943368107303,True,False,True,151.25,False,2024,2024-11,2024-W45
NQ,2024-11-08,2024-11-07 23:00:00+00:00,2024-11-08 14:29:00+00:00,21224.25,21263.25,21121.75,21186.0,91192,930,2024-11-08 14:30:00+00:00,2024-11-08 16:29:00+00:00,21185.5,21232.25,21161.25,21210.25,133728,120,282.5,primary_2023_2025,141.5,155.125,0.9121676067687349,neutral,0_9_to_1_1,71.0,0.2513274336283186,0.3485915492957746,0.3485915492957746,False,False,False,0.0,False,2024,2024-11,2024-W45
NQ,2024-11-11,2024-11-10 23:00:00+00:00,2024-11-11 14:29:00+00:00,21249.75,21340.75,21249.0,21282.75,85616,930,2024-11-11 14:30:00+00:00,2024-11-11 16:29:00+00:00,21283.0,21292.75,21155.25,21207.75,162264,120,268.2625,primary_2023_2025,91.75,155.125,0.5914585012087027,compression,0_5_to_0_7,137.5,0.5125576627370579,0.5472727272727272,-0.5472727272727272,False,True,True,93.75,False,2024,2024-11,2024-W46
NQ,2024-11-12,2024-11-11 23:00:00+00:00,2024-11-12 14:29:00+00:00,21221.0,21249.5,21128.5,21214.0,103822,930,2024-11-12 14:30:00+00:00,2024-11-12 16:29:00+00:00,21214.25,21251.75,21165.0,21181.0,158403,120,271.8375,primary_2023_2025,121.0,150.0,0.8066666666666666,neutral,0_7_to_0_9,86.75,0.319124476939348,0.38328530259365995,-0.38328530259365995,True,False,False,2.25,True,2024,2024-11,2024-W46
NQ,2024-11-13,2024-11-12 23:00:00+00:00,2024-11-13 14:29:00+00:00,21178.0,21243.5,21101.25,21158.5,103580,930,2024-11-13 14:30:00+00:00,2024-11-13 16:29:00+00:00,21158.75,21184.5,21056.5,21154.75,162982,120,279.175,primary_2023_2025,142.25,150.0,0.9483333333333334,neutral,0_9_to_1_1,128.0,0.4584937763051849,0.03125,-0.03125,False,True,False,44.75,True,2024,2024-11,2024-W46
NQ,2024-11-14,2024-11-13 23:00:00+00:00,2024-11-14 14:29:00+00:00,21167.0,21190.25,21090.25,21137.0,95240,930,2024-11-14 14:30:00+00:00,2024-11-14 16:29:00+00:00,21137.75,21174.75,21040.5,21111.0,159766,120,279.2375,primary_2023_2025,100.0,150.0,0.6666666666666666,compression,0_5_to_0_7,134.25,0.4807735350731904,0.19925512104283055,-0.19925512104283055,False,True,False,49.75,True,2024,2024-11,2024-W46
NQ,2024-11-15,2024-11-14 23:00:00+00:00,2024-11-15 14:29:00+00:00,20977.5,20981.5,20752.5,20758.75,129662,930,2024-11-15 14:30:00+00:00,2024-11-15 16:29:00+00:00,20758.75,20773.75,20533.5,20579.5,227883,120,282.4375,primary_2023_2025,229.0,148.375,1.5433866891322663,expansion,gt_1_3,240.25,0.8506306705023235,0.7460978147762747,-0.7460978147762747,False,True,True,219.0,False,2024,2024-11,2024-W46
NQ,2024-11-18,2024-11-17 23:00:00+00:00,2024-11-18 14:29:00+00:00,20504.0,20657.0,20476.0,20557.0,139090,930,2024-11-18 14:30:00+00:00,2024-11-18 16:29:00+00:00,20557.0,20718.25,20501.0,20696.0,161195,120,286.1625,primary_2023_2025,181.0,148.375,1.2198820556023589,neutral,1_1_to_1_3,217.25,0.7591840300528545,0.6398158803222095,0.6398158803222095,True,False,True,61.25,False,2024,2024-11,2024-W47
NQ,2024-11-19,2024-11-18 23:00:00+00:00,2024-11-19 14:29:00+00:00,20633.25,20697.0,20382.5,20521.75,174503,930,2024-11-19 14:30:00+00:00,2024-11-19 16:29:00+00:00,20521.5,20686.75,20508.0,20682.25,153608,120,281.175,primary_2023_2025,314.5,148.375,2.1196293176074135,expansion,gt_1_3,178.75,0.6357250822441539,0.8993006993006993,0.8993006993006993,False,False,False,0.0,False,2024,2024-11,2024-W47
NQ,2024-11-20,2024-11-19 23:00:00+00:00,2024-11-20 14:29:00+00:00,20762.25,20843.25,20732.75,20753.25,110863,930,2024-11-20 14:30:00+00:00,2024-11-20 16:29:00+00:00,20753.0,20756.0,20477.0,20566.0,225231,120,297.575,primary_2023_2025,110.5,148.375,0.7447346251053075,neutral,0_7_to_0_9,279.0,0.9375787616567253,0.6702508960573477,-0.6702508960573477,False,True,True,255.75,False,2024,2024-11,2024-W47
NQ,2024-11-21,2024-11-20 23:00:00+00:00,2024-11-21 14:29:00+00:00,20738.0,20888.75,20595.25,20876.0,170893,930,2024-11-21 14:30:00+00:00,2024-11-21 16:29:00+00:00,20876.0,20905.75,20514.25,20779.75,288776,120,304.8625,primary_2023_2025,293.5,148.375,1.9780960404380792,expansion,gt_1_3,391.5,1.2841854934601664,0.24584929757343552,-0.24584929757343552,True,True,False,81.0,True,2024,2024-11,2024-W47
NQ,2024-11-22,2024-11-21 23:00:00+00:00,2024-11-22 14:29:00+00:00,20794.0,20844.5,20693.25,20790.0,120817,930,2024-11-22 14:30:00+00:00,2024-11-22 16:29:00+00:00,20791.25,20873.0,20722.25,20779.0,199432,120,306.625,primary_2023_2025,151.25,148.375,1.0193765796124683,neutral,0_9_to_1_1,150.75,0.49164288626172037,0.0812603648424544,-0.0812603648424544,True,False,False,28.5,True,2024,2024-11,2024-W47
NQ,2024-11-25,2024-11-24 23:00:00+00:00,2024-11-25 14:29:00+00:00,20935.0,21045.5,20928.5,21015.75,95768,930,2024-11-25 14:30:00+00:00,2024-11-25 16:29:00+00:00,21016.5,21081.0,20869.25,20935.25,209292,120,279.05,primary_2023_2025,117.0,150.0,0.78,neutral,0_7_to_0_9,211.75,0.7588245834079914,0.3837072018890201,-0.3837072018890201,True,True,False,59.25,True,2024,2024-11,2024-W48
NQ,2024-11-26,2024-11-25 23:00:00+00:00,2024-11-26 14:29:00+00:00,20906.25,20979.5,20755.0,20937.75,126033,930,2024-11-26 14:30:00+00:00,2024-11-26 16:29:00+00:00,20938.75,21024.75,20919.5,20953.75,170596,120,283.7125,primary_2023_2025,224.5,145.5,1.5429553264604812,expansion,gt_1_3,105.25,0.3709741375512183,0.14251781472684086,0.14251781472684086,True,False,False,45.25,True,2024,2024-11,2024-W48
NQ,2024-11-27,2024-11-26 23:00:00+00:00,2024-11-27 14:29:00+00:00,20990.75,21019.0,20904.25,20936.75,89442,930,2024-11-27 14:30:00+00:00,2024-11-27 16:29:00+00:00,20936.25,20939.5,20696.0,20722.75,197168,120,283.45,primary_2023_2025,114.75,150.0,0.765,neutral,0_7_to_0_9,243.5,0.8590580349267949,0.8767967145790554,-0.8767967145790554,False,True,True,208.25,False,2024,2024-11,2024-W48
NQ,2024-11-28,2024-11-27 23:00:00+00:00,2024-11-28 14:29:00+00:00,20813.0,20878.0,20807.25,20874.25,29857,930,2024-11-28 14:30:00+00:00,2024-11-28 16:29:00+00:00,20874.0,20909.5,20874.0,20893.25,18041,120,287.4625,primary_2023_2025,70.75,146.75,0.48211243611584326,compression,lt_0_5,35.5,0.12349436883071706,0.5422535211267606,0.5422535211267606,True,False,True,31.5,False,2024,2024-11,2024-W48
NQ,2024-11-29,2024-11-28 23:00:00+00:00,2024-11-29 14:29:00+00:00,20884.0,20937.75,20812.25,20830.5,76474,930,2024-11-29 14:30:00+00:00,2024-11-29 16:29:00+00:00,20830.5,20996.5,20805.5,20988.5,130023,120,265.425,primary_2023_2025,125.5,141.875,0.8845814977973568,neutral,0_7_to_0_9,191.0,0.7196006404822455,0.8272251308900523,0.8272251308900523,True,True,True,58.75,False,2024,2024-11,2024-W48
NQ,2024-12-02,2024-12-01 23:00:00+00:00,2024-12-02 14:29:00+00:00,20995.25,21046.5,20940.0,21043.0,80750,930,2024-12-02 14:30:00+00:00,2024-12-02 16:29:00+00:00,21042.75,21204.5,21026.5,21184.25,183449,120,238.025,primary_2023_2025,106.5,141.875,0.7506607929515419,neutral,0_7_to_0_9,178.0,0.7478206070790883,0.7949438202247191,0.7949438202247191,True,False,True,158.0,False,2024,2024-12,2024-W49
NQ,2024-12-03,2024-12-02 23:00:00+00:00,2024-12-03 14:29:00+00:00,21220.0,21243.5,21144.5,21157.25,77989,930,2024-12-03 14:30:00+00:00,2024-12-03 16:29:00+00:00,21158.0,21251.5,21134.25,21251.0,170187,120,246.85,primary_2023_2025,99.0,135.5,0.7306273062730627,neutral,0_7_to_0_9,117.25,0.47498480858821146,0.7931769722814499,0.7931769722814499,True,True,True,10.25,False,2024,2024-12,2024-W49
NQ,2024-12-04,2024-12-03 23:00:00+00:00,2024-12-04 14:29:00+00:00,21323.0,21457.0,21305.75,21418.0,90366,929,2024-12-04 14:30:00+00:00,2024-12-04 16:29:00+00:00,21417.5,21496.75,21388.25,21470.75,164061,120,254.3125,primary_2023_2025,151.25,133.5,1.1329588014981273,neutral,1_1_to_1_3,108.5,0.42664045219955765,0.49078341013824883,0.49078341013824883,True,False,True,39.75,False,2024,2024-12,2024-W49
NQ,2024-12-05,2024-12-04 23:00:00+00:00,2024-12-05 14:29:00+00:00,21513.25,21537.75,21489.0,21535.25,63403,930,2024-12-05 14:30:00+00:00,2024-12-05 16:29:00+00:00,21535.25,21551.5,21487.75,21528.75,140466,120,252.725,primary_2023_2025,48.75,133.5,0.3651685393258427,compression,lt_0_5,63.75,0.2522504698783262,0.10196078431372549,-0.10196078431372549,True,True,False,13.75,True,2024,2024-12,2024-W49
NQ,2024-12-06,2024-12-05 23:00:00+00:00,2024-12-06 14:29:00+00:00,21450.0,21529.75,21424.75,21491.0,81407,930,2024-12-06 14:30:00+00:00,2024-12-06 16:29:00+00:00,21491.0,21645.25,21486.0,21620.5,168717,120,250.0,primary_2023_2025,105.0,123.25,0.8519269776876268,neutral,0_7_to_0_9,159.25,0.637,0.8131868131868132,0.8131868131868132,True,False,True,115.5,False,2024,2024-12,2024-W49
NQ,2024-12-09,2024-12-08 23:00:00+00:00,2024-12-09 14:29:00+00:00,21649.0,21706.25,21586.0,21614.5,88919,930,2024-12-09 14:30:00+00:00,2024-12-09 16:29:00+00:00,21615.0,21648.75,21436.0,21506.0,208536,120,237.75,primary_2023_2025,120.25,119.0,1.0105042016806722,neutral,0_9_to_1_1,212.75,0.8948475289169295,0.5123384253819037,-0.5123384253819037,False,True,True,150.0,False,2024,2024-12,2024-W50
NQ,2024-12-10,2024-12-09 23:00:00+00:00,2024-12-10 14:29:00+00:00,21479.25,21538.0,21448.0,21532.5,67585,930,2024-12-10 14:30:00+00:00,2024-12-10 16:29:00+00:00,21532.75,21606.75,21467.0,21473.5,198478,120,225.075,primary_2023_2025,90.0,120.625,0.7461139896373057,neutral,0_7_to_0_9,139.75,0.6209041430634233,0.42397137745974955,-0.42397137745974955,True,False,False,68.75,True,2024,2024-12,2024-W50
NQ,2024-12-11,2024-12-10 23:00:00+00:00,2024-12-11 14:29:00+00:00,21436.0,21590.0,21405.75,21590.0,84387,930,2024-12-11 14:30:00+00:00,2024-12-11 16:29:00+00:00,21589.5,21763.75,21573.0,21763.25,222499,120,228.725,primary_2023_2025,184.25,118.625,1.5532139093782928,expansion,gt_1_3,190.75,0.8339709257842387,0.9108781127129751,0.9108781127129751,True,False,True,173.75,False,2024,2024-12,2024-W50
NQ,2024-12-12,2024-12-11 23:00:00+00:00,2024-12-12 14:29:00+00:00,21756.75,21772.5,21648.75,21693.75,89534,929,2024-12-12 14:30:00+00:00,2024-12-12 16:29:00+00:00,21694.0,21739.75,21624.75,21716.5,177721,120,237.3,primary_2023_2025,123.75,118.625,1.0432033719704952,neutral,0_9_to_1_1,115.0,0.48461862621154655,0.1956521739130435,0.1956521739130435,False,True,False,24.0,True,2024,2024-12,2024-W50
NQ,2024-12-13,2024-12-12 23:00:00+00:00,2024-12-13 14:29:00+00:00,21720.75,21843.75,21698.0,21795.25,95384,930,2024-12-13 14:30:00+00:00,2024-12-13 16:29:00+00:00,21795.25,21908.0,21666.5,21698.75,239554,120,223.125,primary_2023_2025,145.75,122.0,1.194672131147541,neutral,1_1_to_1_3,241.5,1.0823529411764705,0.3995859213250518,-0.3995859213250518,True,True,False,64.25,True,2024,2024-12,2024-W50
NQ,2024-12-16,2024-12-15 23:00:00+00:00,2024-12-16 14:29:00+00:00,21780.25,21913.5,21762.0,21899.0,53477,930,2024-12-16 14:30:00+00:00,2024-12-16 16:29:00+00:00,21899.5,22048.5,21896.0,22036.0,115120,120,200.3,primary_2023_2025,151.5,122.0,1.2418032786885247,neutral,1_1_to_1_3,152.5,0.7613579630554168,0.8950819672131147,0.8950819672131147,True,False,True,135.0,False,2024,2024-12,2024-W51
NQ,2024-12-17,2024-12-16 23:00:00+00:00,2024-12-17 14:29:00+00:00,22115.0,22425.75,22080.25,22336.0,73555,928,2024-12-17 14:30:00+00:00,2024-12-17 16:29:00+00:00,22336.0,22366.75,22244.25,22342.25,189151,120,223.0375,primary_2023_2025,345.5,122.0,2.831967213114754,expansion,gt_1_3,122.5,0.5492349941153394,0.05102040816326531,0.05102040816326531,False,False,False,0.0,False,2024,2024-12,2024-W51
NQ,2024-12-18,2024-12-17 23:00:00+00:00,2024-12-18 14:29:00+00:00,22309.25,22387.75,22206.0,22280.0,76853,930,2024-12-18 14:30:00+00:00,2024-12-18 16:29:00+00:00,22280.5,22351.75,22211.25,22310.0,138523,120,231.9125,primary_2023_2025,181.75,122.0,1.4897540983606556,expansion,gt_1_3,140.5,0.6058319409259958,0.2099644128113879,0.2099644128113879,False,False,False,0.0,False,2024,2024-12,2024-W51
NQ,2024-12-19,2024-12-18 23:00:00+00:00,2024-12-19 14:29:00+00:00,21499.75,21682.0,21427.75,21677.0,160342,930,2024-12-19 14:30:00+00:00,2024-12-19 16:29:00+00:00,21677.0,21697.75,21461.0,21601.5,228053,120,269.45,primary_2023_2025,254.25,124.625,2.04012036108325,expansion,gt_1_3,236.75,0.8786416774911858,0.31890179514255546,-0.31890179514255546,True,False,False,15.75,True,2024,2024-12,2024-W51
NQ,2024-12-20,2024-12-19 23:00:00+00:00,2024-12-20 14:29:00+00:00,21429.25,21429.25,21006.5,21211.0,210079,930,2024-12-20 14:30:00+00:00,2024-12-20 16:29:00+00:00,21210.5,21675.0,21160.5,21666.5,255302,120,285.5,primary_2023_2025,422.75,124.625,3.3921765295887663,expansion,gt_1_3,514.5,1.8021015761821366,0.8862973760932945,0.8862973760932945,True,False,True,245.75,False,2024,2024-12,2024-W51
NQ,2024-12-23,2024-12-22 23:00:00+00:00,2024-12-23 14:29:00+00:00,21566.0,21741.75,21544.25,21619.5,113858,930,2024-12-23 14:30:00+00:00,2024-12-23 16:29:00+00:00,21619.25,21675.5,21476.75,21632.5,182065,120,311.4375,primary_2023_2025,197.5,124.625,1.584754262788365,expansion,gt_1_3,198.75,0.6381697772426249,0.06666666666666667,0.06666666666666667,False,True,False,67.5,True,2024,2024-12,2024-W52
NQ,2024-12-24,2024-12-23 23:00:00+00:00,2024-12-24 14:29:00+00:00,21743.25,21847.5,21709.0,21826.5,57443,930,2024-12-24 14:30:00+00:00,2024-12-24 16:29:00+00:00,21826.25,21985.0,21799.25,21976.25,124118,120,315.8375,primary_2023_2025,138.5,135.625,1.0211981566820276,neutral,0_9_to_1_1,185.75,0.5881188902521075,0.8075370121130552,0.8075370121130552,True,False,True,137.5,False,2024,2024-12,2024-W52
NQ,2024-12-26,2024-12-25 23:00:00+00:00,2024-12-26 14:29:00+00:00,22049.5,22111.25,21894.25,21961.75,82913,929,2024-12-26 14:30:00+00:00,2024-12-26 16:29:00+00:00,21961.5,22019.25,21870.25,21990.75,135634,120,315.7125,primary_2023_2025,217.0,132.0,1.643939393939394,expansion,gt_1_3,149.0,0.4719483707487034,0.19630872483221476,0.19630872483221476,False,True,False,24.0,True,2024,2024-12,2024-W52
NQ,2024-12-27,2024-12-26 23:00:00+00:00,2024-12-27 14:29:00+00:00,21990.75,22008.0,21844.0,21845.75,65942,930,2024-12-27 14:30:00+00:00,2024-12-27 16:29:00+00:00,21846.0,21863.0,21507.0,21644.5,223113,120,316.0875,primary_2023_2025,164.0,142.125,1.1539138082673703,neutral,1_1_to_1_3,356.0,1.1262704156285839,0.5660112359550562,-0.5660112359550562,False,True,True,337.0,False,2024,2024-12,2024-W52
NQ,2024-12-30,2024-12-29 23:00:00+00:00,2024-12-30 14:29:00+00:00,21711.0,21742.75,21358.5,21409.5,112454,930,2024-12-30 14:30:00+00:00,2024-12-30 16:29:00+00:00,21409.0,21423.5,21253.0,21398.0,181145,120,325.4,primary_2023_2025,384.25,148.5,2.5875420875420874,expansion,gt_1_3,170.5,0.5239704978488016,0.06451612903225806,-0.06451612903225806,False,True,False,105.5,True,2024,2024-12,2025-W01
NQ,2024-12-31,2024-12-30 23:00:00+00:00,2024-12-31 14:29:00+00:00,21390.25,21524.75,21343.5,21456.0,78278,930,2024-12-31 14:30:00+00:00,2024-12-31 16:29:00+00:00,21456.0,21488.5,21291.0,21299.25,144611,120,335.8375,primary_2023_2025,181.25,151.375,1.1973575557390586,neutral,1_1_to_1_3,197.5,0.588082033721666,0.7936708860759494,-0.7936708860759494,False,True,True,52.5,False,2024,2024-12,2025-W01
NQ,2025-01-02,2025-01-01 23:00:00+00:00,2025-01-02 14:29:00+00:00,21269.0,21490.5,21121.75,21347.75,149259,930,2025-01-02 14:30:00+00:00,2025-01-02 16:29:00+00:00,21347.75,21444.0,21166.5,21293.75,213102,120,348.1625,primary_2023_2025,368.75,157.75,2.337559429477021,expansion,gt_1_3,277.5,0.7970416113165547,0.1945945945945946,-0.1945945945945946,False,False,False,0.0,False,2025,2025-01,2025-W01
NQ,2025-01-03,2025-01-02 23:00:00+00:00,2025-01-03 14:29:00+00:00,21186.75,21303.0,21144.0,21293.25,84540,929,2025-01-03 14:30:00+00:00,2025-01-03 16:29:00+00:00,21293.75,21440.75,21261.5,21426.25,184344,120,360.8,primary_2023_2025,159.0,172.625,0.9210716871832005,neutral,0_9_to_1_1,179.25,0.4968126385809312,0.7391910739191074,0.7391910739191074,True,False,True,137.75,False,2025,2025-01,2025-W01
NQ,2025-01-06,2025-01-05 23:00:00+00:00,2025-01-06 14:29:00+00:00,21532.25,21760.5,21478.25,21732.5,128567,930,2025-01-06 14:30:00+00:00,2025-01-06 16:29:00+00:00,21732.75,21896.75,21723.5,21889.0,169233,120,352.5875,primary_2023_2025,282.25,172.625,1.6350470673425055,expansion,gt_1_3,173.25,0.4913673910731379,0.9018759018759018,0.9018759018759018,True,False,True,136.25,False,2025,2025-01,2025-W02
NQ,2025-01-07,2025-01-06 23:00:00+00:00,2025-01-07 14:29:00+00:00,21781.25,21797.25,21661.0,21791.75,92002,930,2025-01-07 14:30:00+00:00,2025-01-07 16:29:00+00:00,21791.75,21806.0,21399.5,21555.5,272498,120,359.325,primary_2023_2025,136.25,181.5,0.7506887052341598,neutral,0_7_to_0_9,406.5,1.1312878313504489,0.5811808118081181,-0.5811808118081181,True,True,True,261.5,False,2025,2025-01,2025-W02
NQ,2025-01-08,2025-01-07 23:00:00+00:00,2025-01-08 14:29:00+00:00,21380.75,21448.25,21221.5,21356.0,153450,930,2025-01-08 14:30:00+00:00,2025-01-08 16:29:00+00:00,21355.75,21406.25,21231.0,21335.5,188678,120,382.6625,primary_2023_2025,226.75,181.5,1.2493112947658402,neutral,1_1_to_1_3,175.25,0.4579753699408748,0.11554921540656206,-0.11554921540656206,False,False,False,0.0,False,2025,2025-01,2025-W02
NQ,2025-01-10,2025-01-09 23:00:00+00:00,2025-01-10 14:29:00+00:00,21302.75,21372.5,21045.0,21192.75,153883,930,2025-01-10 14:30:00+00:00,2025-01-10 16:29:00+00:00,21192.5,21197.25,20874.75,20939.5,244223,120,361.4625,primary_2023_2025,327.5,183.0,1.789617486338798,expansion,gt_1_3,322.5,0.8922087353459903,0.7844961240310078,-0.7844961240310078,False,True,True,170.25,False,2025,2025-01,2025-W02
NQ,2025-01-13,2025-01-12 23:00:00+00:00,2025-01-13 14:29:00+00:00,21027.5,21037.0,20694.0,20765.0,160199,930,2025-01-13 14:30:00+00:00,2025-01-13 16:29:00+00:00,20765.75,20880.25,20702.0,20755.5,192633,120,316.75,primary_2023_2025,343.0,190.875,1.7969875573018992,expansion,gt_1_3,178.25,0.5627466456195738,0.05750350631136045,-0.05750350631136045,False,False,False,0.0,False,2025,2025-01,2025-W03
NQ,2025-01-14,2025-01-13 23:00:00+00:00,2025-01-14 14:29:00+00:00,21020.0,21143.75,20944.0,21071.25,141799,930,2025-01-14 14:30:00+00:00,2025-01-14 16:29:00+00:00,21071.5,21129.75,20875.75,20903.25,219588,120,296.1875,primary_2023_2025,199.75,207.25,0.9638118214716526,neutral,0_9_to_1_1,254.0,0.8575648871069846,0.6624015748031497,-0.6624015748031497,False,True,True,68.25,False,2025,2025-01,2025-W03
NQ,2025-01-15,2025-01-14 23:00:00+00:00,2025-01-15 14:29:00+00:00,20977.0,21329.0,20909.0,21252.0,120297,930,2025-01-15 14:30:00+00:00,2025-01-15 16:29:00+00:00,21251.25,21408.0,21186.75,21331.5,192511,120,307.55,primary_2023_2025,420.0,208.375,2.015596880623875,expansion,gt_1_3,221.25,0.7193952202893839,0.36271186440677966,0.36271186440677966,True,False,True,79.0,False,2025,2025-01,2025-W03
NQ,2025-01-16,2025-01-15 23:00:00+00:00,2025-01-16 14:29:00+00:00,21389.0,21567.25,21353.0,21494.75,130117,930,2025-01-16 14:30:00+00:00,2025-01-16 16:29:00+00:00,21494.5,21498.0,21336.25,21407.25,199671,120,319.7375,primary_2023_2025,214.25,221.875,0.9656338028169014,neutral,0_9_to_1_1,161.75,0.505883732749521,0.5394126738794436,-0.5394126738794436,False,True,False,16.75,True,2025,2025-01,2025-W03
NQ,2025-01-17,2025-01-16 23:00:00+00:00,2025-01-17 14:29:00+00:00,21227.5,21682.5,21209.25,21646.75,136149,930,2025-01-17 14:30:00+00:00,2025-01-17 16:29:00+00:00,21647.25,21653.75,21481.25,21628.0,206549,120,323.9125,primary_2023_2025,473.25,221.875,2.132957746478873,expansion,gt_1_3,172.5,0.5325512291128005,0.11159420289855072,-0.11159420289855072,False,False,False,0.0,False,2025,2025-01,2025-W03
NQ,2025-01-20,2025-01-19 23:00:00+00:00,2025-01-20 14:29:00+00:00,21600.0,21726.75,21526.5,21723.25,83434,930,2025-01-20 14:30:00+00:00,2025-01-20 16:29:00+00:00,21723.75,21778.75,21641.25,21707.5,50212,120,335.2375,primary_2023_2025,200.25,221.875,0.9025352112676056,neutral,0_9_to_1_1,137.5,0.4101569782616801,0.11818181818181818,-0.11818181818181818,True,False,False,52.0,True,2025,2025-01,2025-W04
NQ,2025-01-21,2025-01-20 23:00:00+00:00,2025-01-21 14:29:00+00:00,21687.25,21746.25,21377.75,21710.75,109344,930,2025-01-21 14:30:00+00:00,2025-01-21 16:29:00+00:00,21710.75,21718.25,21525.75,21630.25,178106,120,331.925,primary_2023_2025,368.5,221.875,1.6608450704225353,expansion,gt_1_3,192.5,0.579950289975145,0.41818181818181815,-0.41818181818181815,False,False,False,0.0,False,2025,2025-01,2025-W04
NQ,2025-01-22,2025-01-21 23:00:00+00:00,2025-01-22 14:29:00+00:00,21809.25,21934.25,21768.25,21914.25,86752,930,2025-01-22 14:30:00+00:00,2025-01-22 16:29:00+00:00,21913.75,22053.5,21902.5,22052.0,183339,120,345.8625,primary_2023_2025,166.0,221.875,0.7481690140845071,neutral,0_7_to_0_9,151.0,0.43658968520727165,0.9155629139072847,0.9155629139072847,True,False,True,119.25,False,2025,2025-01,2025-W04
NQ,2025-01-23,2025-01-22 23:00:00+00:00,2025-01-23 14:29:00+00:00,21981.75,21984.75,21855.5,21889.25,90723,930,2025-01-23 14:30:00+00:00,2025-01-23 16:29:00+00:00,21888.75,21950.0,21866.0,21948.75,153714,120,336.675,primary_2023_2025,129.25,215.625,0.5994202898550725,compression,0_5_to_0_7,84.0,0.24949877478280238,0.7142857142857143,0.7142857142857143,False,False,False,0.0,False,2025,2025-01,2025-W04
NQ,2025-01-24,2025-01-23 23:00:00+00:00,2025-01-24 14:29:00+00:00,22018.5,22058.5,21971.75,22044.0,128811,930,2025-01-24 14:30:00+00:00,2025-01-24 16:29:00+00:00,22044.25,22078.25,21970.25,22013.25,154347,120,329.6875,primary_2023_2025,86.75,215.625,0.4023188405797101,compression,lt_0_5,108.0,0.32758293838862557,0.28703703703703703,-0.28703703703703703,True,True,False,19.75,True,2025,2025-01,2025-W04
NQ,2025-01-27,2025-01-26 23:00:00+00:00,2025-01-27 14:29:00+00:00,21771.0,21771.0,20763.75,21123.75,389802,930,2025-01-27 14:30:00+00:00,2025-01-27 16:29:00+00:00,21123.5,21418.5,21109.0,21210.25,289180,120,320.0375,primary_2023_2025,1007.25,215.625,4.671304347826087,expansion,gt_1_3,309.5,0.9670741709955863,0.2802907915993538,0.2802907915993538,False,False,False,0.0,False,2025,2025-01,2025-W05
NQ,2025-01-28,2025-01-27 23:00:00+00:00,2025-01-28 14:29:00+00:00,21343.25,21423.5,21219.0,21302.0,146011,930,2025-01-28 14:30:00+00:00,2025-01-28 16:29:00+00:00,21302.75,21481.75,21159.5,21404.75,235536,120,339.6,primary_2023_2025,204.5,220.5,0.927437641723356,neutral,0_9_to_1_1,322.25,0.9489104829210836,0.3165244375484872,0.3165244375484872,True,True,False,59.5,True,2025,2025-01,2025-W05
NQ,2025-01-29,2025-01-28 23:00:00+00:00,2025-01-29 14:29:00+00:00,21559.0,21697.0,21530.5,21600.0,101556,930,2025-01-29 14:30:00+00:00,2025-01-29 16:29:00+00:00,21599.75,21606.25,21456.0,21489.5,175709,120,359.6,primary_2023_2025,166.5,220.5,0.7551020408163265,neutral,0_7_to_0_9,150.25,0.417825361512792,0.7337770382695508,-0.7337770382695508,False,True,True,74.5,False,2025,2025-01,2025-W05
NQ,2025-01-30,2025-01-29 23:00:00+00:00,2025-01-30 14:29:00+00:00,21547.75,21715.5,21505.75,21650.25,110528,930,2025-01-30 14:30:00+00:00,2025-01-30 16:29:00+00:00,21650.0,21748.75,21419.5,21550.25,227285,120,357.2875,primary_2023_2025,209.75,209.375,1.0017910447761194,neutral,0_9_to_1_1,329.25,0.9215267816534303,0.30296127562642367,-0.30296127562642367,True,True,False,86.25,True,2025,2025-01,2025-W05
NQ,2025-01-31,2025-01-30 23:00:00+00:00,2025-01-31 14:29:00+00:00,21680.0,21813.0,21660.0,21774.5,100891,930,2025-01-31 14:30:00+00:00,2025-01-31 16:29:00+00:00,21774.0,21966.0,21765.0,21918.0,169377,120,349.375,primary_2023_2025,153.0,212.0,0.7216981132075472,neutral,0_7_to_0_9,201.0,0.5753130590339892,0.7164179104477612,0.7164179104477612,True,False,True,153.0,False,2025,2025-01,2025-W05
NQ,2025-02-03,2025-02-02 23:00:00+00:00,2025-02-03 14:29:00+00:00,21200.0,21272.0,20943.0,21215.5,191563,930,2025-02-03 14:30:00+00:00,2025-02-03 16:29:00+00:00,21215.5,21474.5,21113.25,21405.0,270936,120,361.9875,primary_2023_2025,329.0,207.125,1.588412794206397,expansion,gt_1_3,361.25,0.9979626368313823,0.524567474048443,0.524567474048443,True,False,True,202.5,False,2025,2025-02,2025-W06
NQ,2025-02-04,2025-02-03 23:00:00+00:00,2025-02-04 14:29:00+00:00,21592.0,21600.0,21242.5,21421.25,115798,930,2025-02-04 14:30:00+00:00,2025-02-04 16:29:00+00:00,21421.25,21685.5,21405.25,21683.75,164773,120,367.1875,primary_2023_2025,357.5,212.0,1.6863207547169812,expansion,gt_1_3,280.25,0.7632340425531915,0.936663693131133,0.936663693131133,True,False,True,85.5,False,2025,2025-02,2025-W06
NQ,2025-02-05,2025-02-04 23:00:00+00:00,2025-02-05 14:29:00+00:00,21562.0,21623.75,21429.75,21550.5,115470,930,2025-02-05 14:30:00+00:00,2025-02-05 16:29:00+00:00,21551.0,21633.25,21501.0,21621.0,172713,120,380.8375,primary_2023_2025,194.0,212.0,0.9150943396226415,neutral,0_9_to_1_1,132.25,0.347260970886533,0.5293005671077504,0.5293005671077504,True,False,False,9.5,True,2025,2025-02,2025-W06
NQ,2025-02-06,2025-02-05 23:00:00+00:00,2025-02-06 14:29:00+00:00,21764.5,21832.75,21705.75,21777.25,84264,930,2025-02-06 14:30:00+00:00,2025-02-06 16:29:00+00:00,21777.0,21848.75,21738.25,21800.5,154458,120,379.9375,primary_2023_2025,127.0,212.0,0.5990566037735849,compression,0_5_to_0_7,110.5,0.29083730876788944,0.21266968325791855,0.21266968325791855,True,False,False,16.0,True,2025,2025-02,2025-W06
NQ,2025-02-07,2025-02-06 23:00:00+00:00,2025-02-07 14:29:00+00:00,21817.75,21930.0,21790.25,21885.75,81346,930,2025-02-07 14:30:00+00:00,2025-02-07 16:29:00+00:00,21886.0,21968.0,21613.0,21656.0,249904,120,371.1,primary_2023_2025,139.75,207.125,0.6747133373566687,compression,0_5_to_0_7,355.0,0.9566154675289679,0.647887323943662,-0.647887323943662,True,True,True,177.25,False,2025,2025-02,2025-W06
NQ,2025-02-10,2025-02-09 23:00:00+00:00,2025-02-10 14:29:00+00:00,21463.25,21791.5,21418.0,21764.5,91133,930,2025-02-10 14:30:00+00:00,2025-02-10 16:29:00+00:00,21764.25,21894.0,21744.0,21855.25,142964,120,359.15,primary_2023_2025,373.5,202.375,1.845583693638048,expansion,gt_1_3,150.0,0.41765279131282196,0.6066666666666667,0.6066666666666667,True,False,True,102.5,False,2025,2025-02,2025-W07
NQ,2025-02-11,2025-02-10 23:00:00+00:00,2025-02-11 14:29:00+00:00,21832.0,21832.25,21669.5,21705.5,88975,930,2025-02-11 14:30:00+00:00,2025-02-11 16:29:00+00:00,21706.0,21871.5,21700.75,21823.0,134127,120,348.1625,primary_2023_2025,162.75,202.375,0.804200123533045,neutral,0_7_to_0_9,170.75,0.49043191038667283,0.6852122986822841,0.6852122986822841,True,False,False,39.25,True,2025,2025-02,2025-W07
NQ,2025-02-12,2025-02-11 23:00:00+00:00,2025-02-12 14:29:00+00:00,21794.25,21850.0,21510.75,21551.0,130557,930,2025-02-12 14:30:00+00:00,2025-02-12 16:29:00+00:00,21551.0,21773.25,21536.25,21664.25,206124,120,353.6875,primary_2023_2025,339.25,202.375,1.676343421865349,expansion,gt_1_3,237.0,0.6700830535430288,0.4778481012658228,0.4778481012658228,False,False,False,0.0,False,2025,2025-02,2025-W07
NQ,2025-02-13,2025-02-12 23:00:00+00:00,2025-02-13 14:29:00+00:00,21861.25,21927.0,21753.0,21869.75,110765,929,2025-02-13 14:30:00+00:00,2025-02-13 16:29:00+00:00,21870.0,22057.75,21834.75,22002.5,188408,120,354.45,primary_2023_2025,174.0,202.375,0.8597899938233478,neutral,0_7_to_0_9,223.0,0.6291437438284666,0.594170403587444,0.594170403587444,True,False,True,130.75,False,2025,2025-02,2025-W07
NQ,2025-02-14,2025-02-13 23:00:00+00:00,2025-02-14 14:29:00+00:00,22071.0,22163.5,22042.5,22108.75,87972,930,2025-02-14 14:30:00+00:00,2025-02-14 16:29:00+00:00,22108.0,22171.75,22090.0,22139.0,152182,120,356.6,primary_2023_2025,121.0,197.125,0.6138237159162968,compression,0_5_to_0_7,81.75,0.22924845765563656,0.37920489296636084,0.37920489296636084,True,False,False,8.25,True,2025,2025-02,2025-W07
NQ,2025-02-17,2025-02-16 23:00:00+00:00,2025-02-17 14:29:00+00:00,22235.75,22281.75,22196.25,22241.0,59922,930,2025-02-17 14:30:00+00:00,2025-02-17 16:29:00+00:00,22241.25,22250.5,22192.5,22247.25,26905,120,346.975,primary_2023_2025,85.5,184.0,0.46467391304347827,compression,lt_0_5,58.0,0.1671590172202608,0.10344827586206896,0.10344827586206896,False,True,False,3.75,True,2025,2025-02,2025-W08
NQ,2025-02-18,2025-02-17 23:00:00+00:00,2025-02-18 14:29:00+00:00,22224.75,22319.75,22198.25,22258.25,83426,930,2025-02-18 14:30:00+00:00,2025-02-18 16:29:00+00:00,22257.75,22268.0,22125.0,22204.25,171814,120,339.725,primary_2023_2025,121.5,170.25,0.7136563876651982,neutral,0_7_to_0_9,143.0,0.42092869232467434,0.3741258741258741,-0.3741258741258741,False,True,False,73.25,True,2025,2025-02,2025-W08
NQ,2025-02-19,2025-02-18 23:00:00+00:00,2025-02-19 14:29:00+00:00,22224.5,22291.25,22179.5,22207.0,91613,930,2025-02-19 14:30:00+00:00,2025-02-19 16:29:00+00:00,22207.25,22224.25,22118.0,22218.0,172564,120,335.7,primary_2023_2025,111.75,166.25,0.6721804511278195,compression,0_5_to_0_7,106.25,0.31650282990765566,0.1011764705882353,0.1011764705882353,False,True,False,61.5,True,2025,2025-02,2025-W08
NQ,2025-02-20,2025-02-19 23:00:00+00:00,2025-02-20 14:29:00+00:00,22213.0,22235.5,22141.0,22209.75,78692,930,2025-02-20 14:30:00+00:00,2025-02-20 16:29:00+00:00,22209.5,22225.5,21951.0,22059.25,246324,120,307.6375,primary_2023_2025,94.5,164.625,0.5740318906605922,compression,0_5_to_0_7,274.5,0.8922839380764699,0.5473588342440802,-0.5473588342440802,False,True,True,190.0,False,2025,2025-02,2025-W08
NQ,2025-02-21,2025-02-20 23:00:00+00:00,2025-02-21 14:29:00+00:00,22136.0,22245.5,22103.75,22185.75,82963,930,2025-02-21 14:30:00+00:00,2025-02-21 16:29:00+00:00,22186.25,22188.0,21940.75,21992.75,219311,120,298.0375,primary_2023_2025,141.75,164.625,0.8610478359908884,neutral,0_7_to_0_9,247.25,0.8295935914104768,0.782608695652174,-0.782608695652174,False,True,True,163.0,False,2025,2025-02,2025-W08
NQ,2025-02-24,2025-02-23 23:00:00+00:00,2025-02-24 14:29:00+00:00,21700.75,21813.0,21676.75,21752.5,107164,929,2025-02-24 14:30:00+00:00,2025-02-24 16:29:00+00:00,21752.5,21801.75,21436.25,21593.0,261924,120,298.7375,primary_2023_2025,136.25,164.625,0.8276385725132878,neutral,0_7_to_0_9,365.5,1.2234821540650236,0.4363885088919289,-0.4363885088919289,False,True,True,240.5,False,2025,2025-02,2025-W09
NQ,2025-02-25,2025-02-24 23:00:00+00:00,2025-02-25 14:29:00+00:00,21442.5,21453.75,21286.0,21391.5,145249,930,2025-02-25 14:30:00+00:00,2025-02-25 16:29:00+00:00,21391.0,21397.5,21028.25,21038.5,294282,120,299.45,primary_2023_2025,167.75,157.875,1.0625494853523356,neutral,0_9_to_1_1,369.25,1.2330940056770747,0.9546377792823291,-0.9546377792823291,False,True,True,257.75,False,2025,2025-02,2025-W09
NQ,2025-02-26,2025-02-25 23:00:00+00:00,2025-02-26 14:29:00+00:00,21230.5,21332.5,21200.0,21238.25,94815,930,2025-02-26 14:30:00+00:00,2025-02-26 16:29:00+00:00,21238.75,21404.25,21189.0,21365.5,195550,120,309.6875,primary_2023_2025,132.5,157.875,0.8392715756136183,neutral,0_7_to_0_9,215.25,0.6950554994954591,0.5888501742160279,0.5888501742160279,True,True,True,71.75,False,2025,2025-02,2025-W09
NQ,2025-02-27,2025-02-26 23:00:00+00:00,2025-02-27 14:29:00+00:00,21249.0,21386.5,21108.0,21341.5,149426,930,2025-02-27 14:30:00+00:00,2025-02-27 16:29:00+00:00,21340.75,21381.0,20896.25,21065.0,301898,120,297.3125,primary_2023_2025,278.5,147.375,1.8897370653095844,expansion,gt_1_3,484.75,1.6304393525331091,0.5688499226405364,-0.5688499226405364,False,True,True,211.75,False,2025,2025-02,2025-W09
NQ,2025-02-28,2025-02-27 23:00:00+00:00,2025-02-28 14:29:00+00:00,20649.5,20688.0,20515.5,20590.25,151079,930,2025-02-28 14:30:00+00:00,2025-02-28 16:29:00+00:00,20590.25,20778.0,20460.5,20638.5,262977,120,318.2875,primary_2023_2025,172.5,147.375,1.1704834605597965,neutral,1_1_to_1_3,317.5,0.9975258217806228,0.15196850393700786,0.15196850393700786,True,True,False,90.0,True,2025,2025-02,2025-W09
NQ,2025-03-03,2025-03-02 23:00:00+00:00,2025-03-03 14:29:00+00:00,21005.25,21101.0,20837.75,21056.25,140950,930,2025-03-03 14:30:00+00:00,2025-03-03 16:29:00+00:00,21055.5,21121.0,20760.0,20886.0,258135,120,323.9,primary_2023_2025,263.25,152.25,1.729064039408867,expansion,gt_1_3,361.0,1.1145415251620872,0.4695290858725762,-0.4695290858725762,True,True,False,77.75,True,2025,2025-03,2025-W10
NQ,2025-03-04,2025-03-03 23:00:00+00:00,2025-03-04 14:29:00+00:00,20527.0,20592.0,20262.0,20342.75,201627,930,2025-03-04 14:30:00+00:00,2025-03-04 16:29:00+00:00,20342.5,20430.0,20075.25,20142.25,295672,120,343.35,primary_2023_2025,330.0,152.25,2.167487684729064,expansion,gt_1_3,354.75,1.0332022717343818,0.5644820295983086,-0.5644820295983086,False,True,True,186.75,False,2025,2025-03,2025-W10
NQ,2025-03-05,2025-03-04 23:00:00+00:00,2025-03-05 14:29:00+00:00,20555.0,20629.75,20379.5,20420.75,153771,930,2025-03-05 14:30:00+00:00,2025-03-05 16:29:00+00:00,20421.25,20497.0,20251.5,20300.25,246476,120,361.9875,primary_2023_2025,250.25,152.25,1.6436781609195403,expansion,gt_1_3,245.5,0.6782002140957906,0.49287169042769857,-0.49287169042769857,False,True,True,128.0,False,2025,2025-03,2025-W10
NQ,2025-03-06,2025-03-05 23:00:00+00:00,2025-03-06 14:29:00+00:00,20605.25,20647.5,20299.0,20310.25,136529,930,2025-03-06 14:30:00+00:00,2025-03-06 16:29:00+00:00,20310.75,20513.25,20228.25,20408.0,213401,120,376.9375,primary_2023_2025,348.5,152.25,2.2889983579638753,expansion,gt_1_3,285.0,0.7560935168297132,0.3412280701754386,0.3412280701754386,False,True,False,70.75,True,2025,2025-03,2025-W10
NQ,2025-03-07,2025-03-06 23:00:00+00:00,2025-03-07 14:29:00+00:00,20214.5,20273.75,20026.5,20037.5,135111,930,2025-03-07 14:30:00+00:00,2025-03-07 16:29:00+00:00,20036.5,20242.0,19857.0,19872.25,222782,120,399.0625,primary_2023_2025,247.25,165.25,1.4962178517397882,expansion,gt_1_3,385.0,0.9647611589663273,0.4266233766233766,-0.4266233766233766,False,True,True,169.5,False,2025,2025-03,2025-W10
NQ,2025-03-10,2025-03-09 22:00:00+00:00,2025-03-10 13:29:00+00:00,20147.0,20156.5,19861.0,19882.0,154806,930,2025-03-10 13:30:00+00:00,2025-03-10 15:29:00+00:00,19881.0,19904.5,19521.0,19632.25,223997,120,395.8,primary_2023_2025,295.5,170.125,1.7369581190301249,expansion,gt_1_3,383.5,0.9689236988377968,0.6486310299869622,-0.6486310299869622,False,True,True,340.0,False,2025,2025-03,2025-W11
NQ,2025-03-11,2025-03-10 22:00:00+00:00,2025-03-11 13:29:00+00:00,19440.0,19585.0,19139.25,19419.5,195491,930,2025-03-11 13:30:00+00:00,2025-03-11 15:29:00+00:00,19420.5,19614.0,19264.5,19430.75,249923,120,437.3375,primary_2023_2025,445.75,170.125,2.6201322556943425,expansion,gt_1_3,349.5,0.7991539714751194,0.029327610872675252,0.029327610872675252,True,False,False,29.0,True,2025,2025-03,2025-W11
NQ,2025-03-12,2025-03-11 22:00:00+00:00,2025-03-12 13:29:00+00:00,19412.75,19788.75,19387.0,19696.0,143910,930,2025-03-12 13:30:00+00:00,2025-03-12 15:29:00+00:00,19696.5,19777.75,19395.25,19524.25,228486,120,457.525,primary_2023_2025,401.75,173.25,2.318903318903319,expansion,gt_1_3,382.5,0.8360198896235179,0.4503267973856209,-0.4503267973856209,False,False,False,0.0,False,2025,2025-03,2025-W11
NQ,2025-03-13,2025-03-12 22:00:00+00:00,2025-03-13 13:29:00+00:00,19572.0,19694.0,19400.75,19573.75,167087,930,2025-03-13 13:30:00+00:00,2025-03-13 15:29:00+00:00,19574.0,19577.0,19324.5,19355.25,232831,120,473.15,primary_2023_2025,293.25,173.25,1.6926406926406927,expansion,gt_1_3,252.5,0.5336574025150587,0.8663366336633663,-0.8663366336633663,False,True,True,76.25,False,2025,2025-03,2025-W11
NQ,2025-03-14,2025-03-13 22:00:00+00:00,2025-03-14 13:29:00+00:00,19312.75,19533.5,19296.75,19465.25,150788,930,2025-03-14 13:30:00+00:00,2025-03-14 15:29:00+00:00,19465.0,19666.5,19436.75,19645.0,245516,120,485.35,primary_2023_2025,236.75,209.875,1.1280524121500894,neutral,1_1_to_1_3,229.75,0.47336973318223957,0.7834602829162133,0.7834602829162133,True,False,True,133.0,False,2025,2025-03,2025-W11
NQ,2025-03-17,2025-03-16 22:00:00+00:00,2025-03-17 13:29:00+00:00,19668.25,19778.5,19550.5,19702.25,87874,930,2025-03-17 13:30:00+00:00,2025-03-17 15:29:00+00:00,19702.75,19847.75,19654.25,19681.0,124631,120,487.95,primary_2023_2025,228.0,242.0,0.9421487603305785,neutral,0_9_to_1_1,193.5,0.3965570242852751,0.1124031007751938,-0.1124031007751938,True,False,False,69.25,True,2025,2025-03,2025-W12
NQ,2025-03-18,2025-03-17 22:00:00+00:00,2025-03-18 13:29:00+00:00,19821.0,20038.5,19813.25,19897.0,93692,930,2025-03-18 13:30:00+00:00,2025-03-18 15:29:00+00:00,19898.0,19900.25,19604.25,19670.5,164175,120,482.4,primary_2023_2025,225.25,242.0,0.9307851239669421,neutral,0_9_to_1_1,296.0,0.6135986733001658,0.768581081081081,-0.768581081081081,False,True,True,209.0,False,2025,2025-03,2025-W12
NQ,2025-03-19,2025-03-18 22:00:00+00:00,2025-03-19 13:29:00+00:00,19704.75,19797.5,19660.0,19788.25,91771,930,2025-03-19 13:30:00+00:00,2025-03-19 15:29:00+00:00,19789.0,19900.75,19706.25,19875.0,129785,120,498.1375,primary_2023_2025,137.5,242.0,0.5681818181818182,compression,0_5_to_0_7,194.5,0.39045444279942787,0.442159383033419,0.442159383033419,True,False,True,103.25,False,2025,2025-03,2025-W12
NQ,2025-03-20,2025-03-19 22:00:00+00:00,2025-03-20 13:29:00+00:00,19949.75,20092.75,19735.25,19786.5,125341,930,2025-03-20 13:30:00+00:00,2025-03-20 15:29:00+00:00,19786.5,20105.0,19756.0,20031.75,170686,120,499.9625,primary_2023_2025,357.5,242.0,1.4772727272727273,expansion,gt_1_3,349.0,0.6980523539265445,0.7027220630372493,0.7027220630372493,True,False,False,12.25,True,2025,2025-03,2025-W12
NQ,2025-03-21,2025-03-20 22:00:00+00:00,2025-03-21 13:29:00+00:00,19898.5,19932.75,19602.25,19657.25,124332,930,2025-03-21 13:30:00+00:00,2025-03-21 15:29:00+00:00,19657.25,19812.0,19607.5,19716.0,179787,120,495.3625,primary_2023_2025,330.5,248.75,1.328643216080402,expansion,gt_1_3,204.5,0.4128289888717858,0.28728606356968217,0.28728606356968217,False,False,False,0.0,False,2025,2025-03,2025-W12
NQ,2025-03-24,2025-03-23 22:00:00+00:00,2025-03-24 13:29:00+00:00,20050.5,20286.0,20050.5,20256.5,137929,930,2025-03-24 13:30:00+00:00,2025-03-24 15:29:00+00:00,20256.25,20370.25,20229.25,20355.75,162148,120,457.2875,primary_2023_2025,235.5,256.75,0.9172346640701071,neutral,0_9_to_1_1,141.0,0.3083399393160758,0.7056737588652482,0.7056737588652482,True,False,True,84.25,False,2025,2025-03,2025-W13
NQ,2025-03-25,2025-03-24 22:00:00+00:00,2025-03-25 13:29:00+00:00,20353.0,20447.5,20293.0,20401.5,96538,930,2025-03-25 13:30:00+00:00,2025-03-25 15:29:00+00:00,20401.25,20495.25,20361.75,20475.25,147217,120,448.775,primary_2023_2025,154.5,256.75,0.6017526777020448,compression,0_5_to_0_7,133.5,0.2974764637067573,0.5543071161048689,0.5543071161048689,True,False,True,47.75,False,2025,2025-03,2025-W13
NQ,2025-03-26,2025-03-25 22:00:00+00:00,2025-03-26 13:29:00+00:00,20511.5,20536.75,20429.5,20439.5,77765,930,2025-03-26 13:30:00+00:00,2025-03-26 15:29:00+00:00,20439.0,20475.0,20227.0,20272.5,203149,120,451.0375,primary_2023_2025,107.25,256.75,0.4177215189873418,compression,lt_0_5,248.0,0.5498434165673586,0.6713709677419355,-0.6713709677419355,False,True,True,202.5,False,2025,2025-03,2025-W13
NQ,2025-03-27,2025-03-26 22:00:00+00:00,2025-03-27 13:29:00+00:00,20046.0,20147.75,20003.25,20028.0,129736,930,2025-03-27 13:30:00+00:00,2025-03-27 15:29:00+00:00,20028.5,20199.5,19937.25,20133.75,206875,120,435.575,primary_2023_2025,144.5,256.75,0.5628042843232717,compression,0_5_to_0_7,262.25,0.6020777133673879,0.4013346043851287,0.4013346043851287,True,True,False,66.0,True,2025,2025-03,2025-W13
NQ,2025-03-28,2025-03-27 22:00:00+00:00,2025-03-28 13:29:00+00:00,19995.25,20011.75,19845.25,19910.25,119246,930,2025-03-28 13:30:00+00:00,2025-03-28 15:29:00+00:00,19911.0,19941.5,19555.0,19600.75,246099,120,416.125,primary_2023_2025,166.5,248.75,0.6693467336683417,compression,0_5_to_0_7,386.5,0.92880744968459,0.8027166882276844,-0.8027166882276844,False,True,True,290.25,False,2025,2025-03,2025-W13
NQ,2025-03-31,2025-03-30 22:00:00+00:00,2025-03-31 13:29:00+00:00,19319.75,19365.0,19118.5,19167.0,187444,930,2025-03-31 13:30:00+00:00,2025-03-31 15:29:00+00:00,19166.5,19233.25,18976.75,19186.75,255899,120,401.2125,primary_2023_2025,246.5,248.75,0.9909547738693467,neutral,0_9_to_1_1,256.5,0.6393120852416114,0.07894736842105263,0.07894736842105263,False,True,False,141.75,True,2025,2025-03,2025-W14
NQ,2025-04-01,2025-03-31 22:00:00+00:00,2025-04-01 13:29:00+00:00,19411.25,19511.0,19283.25,19381.0,148731,930,2025-04-01 13:30:00+00:00,2025-04-01 15:29:00+00:00,19380.5,19604.25,19261.25,19565.0,265993,120,400.825,primary_2023_2025,227.75,246.875,0.9225316455696203,neutral,0_9_to_1_1,343.0,0.8557350464666625,0.5379008746355685,0.5379008746355685,True,True,True,93.25,False,2025,2025-04,2025-W14
NQ,2025-04-02,2025-04-01 22:00:00+00:00,2025-04-02 13:29:00+00:00,19600.5,19697.0,19319.5,19327.25,133325,930,2025-04-02 13:30:00+00:00,2025-04-02 15:29:00+00:00,19328.0,19714.0,19316.5,19695.5,237667,120,411.4,primary_2023_2025,377.5,241.625,1.562338334195551,expansion,gt_1_3,397.5,0.9662129314535732,0.9245283018867925,0.9245283018867925,True,True,False,17.0,True,2025,2025-04,2025-W14
NQ,2025-04-03,2025-04-02 22:02:00+00:00,2025-04-03 13:29:00+00:00,19020.0,19177.0,18819.0,18923.75,228937,928,2025-04-03 13:30:00+00:00,2025-04-03 15:29:00+00:00,18924.25,19074.25,18720.0,18821.0,270361,120,422.0,primary_2023_2025,358.0,241.625,1.4816347646145887,expansion,gt_1_3,354.25,0.8394549763033176,0.29146083274523643,-0.29146083274523643,False,True,False,99.0,True,2025,2025-04,2025-W14
NQ,2025-04-04,2025-04-03 22:00:00+00:00,2025-04-04 13:29:00+00:00,18660.0,18713.0,17820.75,18149.25,272429,930,2025-04-04 13:30:00+00:00,2025-04-04 15:29:00+00:00,18154.5,18248.75,17656.0,17939.25,337363,120,430.5625,primary_2023_2025,892.25,241.625,3.6927056389032593,expansion,gt_1_3,592.75,1.376687472782697,0.3631379164909321,-0.3631379164909321,False,True,False,164.75,True,2025,2025-04,2025-W14
NQ,2025-04-07,2025-04-06 22:00:00+00:00,2025-04-07 13:29:00+00:00,17100.0,17278.0,16460.0,16928.0,374691,930,2025-04-07 13:30:00+00:00,2025-04-07 15:29:00+00:00,16925.0,18361.5,16673.5,17198.5,436240,120,483.8375,primary_2023_2025,818.0,241.625,3.385411277806518,expansion,gt_1_3,1688.0,3.4887746402459503,0.1620260663507109,0.1620260663507109,True,False,False,1083.5,True,2025,2025-04,2025-W15
NQ,2025-04-08,2025-04-07 22:00:00+00:00,2025-04-08 13:29:00+00:00,17665.0,18170.0,17644.5,18150.75,193053,930,2025-04-08 13:30:00+00:00,2025-04-08 15:29:00+00:00,18150.5,18357.25,17979.75,17983.5,241871,120,559.2875,primary_2023_2025,525.5,241.625,2.1748577340920847,expansion,gt_1_3,377.5,0.6749659164562054,0.4423841059602649,-0.4423841059602649,True,False,False,187.25,True,2025,2025-04,2025-W15
NQ,2025-04-09,2025-04-08 22:00:00+00:00,2025-04-09 13:29:00+00:00,17220.25,17425.0,16735.0,17209.5,294097,930,2025-04-09 13:30:00+00:00,2025-04-09 15:29:00+00:00,17208.5,17597.5,17202.25,17398.75,212338,120,628.3875,primary_2023_2025,690.0,241.625,2.8556647697878943,expansion,gt_1_3,395.25,0.6289908694873784,0.48134092346616064,0.48134092346616064,True,False,False,172.5,True,2025,2025-04,2025-W15
NQ,2025-04-10,2025-04-09 22:00:00+00:00,2025-04-10 13:29:00+00:00,19266.75,19383.5,18703.5,18789.5,212094,930,2025-04-10 13:30:00+00:00,2025-04-10 15:29:00+00:00,18790.75,18871.5,18466.5,18467.25,214028,120,736.8875,primary_2023_2025,680.0,241.625,2.8142783238489395,expansion,gt_1_3,405.0,0.5496089973028447,0.7987654320987654,-0.7987654320987654,False,True,True,237.0,False,2025,2025-04,2025-W15
NQ,2025-04-11,2025-04-10 22:00:00+00:00,2025-04-11 13:29:00+00:00,18464.75,18795.0,18067.0,18413.5,193125,930,2025-04-11 13:30:00+00:00,2025-04-11 15:29:00+00:00,18415.5,18647.75,18270.0,18416.5,192638,120,778.55,primary_2023_2025,728.0,241.625,3.0129332643559232,expansion,gt_1_3,377.75,0.48519684028000776,0.0026472534745201853,0.0026472534745201853,False,False,False,0.0,False,2025,2025-04,2025-W15
NQ,2025-04-14,2025-04-13 22:00:00+00:00,2025-04-14 13:29:00+00:00,19225.0,19256.0,18931.5,19233.5,132425,930,2025-04-14 13:30:00+00:00,2025-04-14 15:29:00+00:00,19232.0,19254.75,18941.25,18945.5,162398,120,782.0125,primary_2023_2025,324.5,288.5,1.124783362218371,neutral,1_1_to_1_3,313.5,0.4008887325969853,0.9138755980861244,-0.9138755980861244,False,False,False,0.0,False,2025,2025-04,2025-W16
NQ,2025-04-15,2025-04-14 22:00:00+00:00,2025-04-15 13:29:00+00:00,18902.5,19040.5,18809.0,18987.25,109626,930,2025-04-15 13:30:00+00:00,2025-04-15 15:29:00+00:00,18986.75,19144.75,18924.5,19012.0,177863,120,789.175,primary_2023_2025,231.5,327.5,0.7068702290076336,neutral,0_7_to_0_9,220.25,0.27908892197548074,0.11464245175936436,0.11464245175936436,True,False,False,104.25,True,2025,2025-04,2025-W16
NQ,2025-04-16,2025-04-15 22:00:00+00:00,2025-04-16 13:29:00+00:00,18790.0,18861.25,18504.5,18584.75,152374,930,2025-04-16 13:30:00+00:00,2025-04-16 15:29:00+00:00,18584.25,18735.0,18509.25,18708.75,161163,120,810.175,primary_2023_2025,356.75,327.5,1.0893129770992367,neutral,0_9_to_1_1,225.75,0.2786435029468942,0.5514950166112956,0.5514950166112956,False,False,False,0.0,False,2025,2025-04,2025-W16
NQ,2025-04-17,2025-04-16 22:00:00+00:00,2025-04-17 13:29:00+00:00,18391.25,18652.75,18345.25,18498.0,142940,930,2025-04-17 13:30:00+00:00,2025-04-17 15:29:00+00:00,18498.25,18509.5,18261.5,18338.75,188270,120,831.75,primary_2023_2025,307.5,343.625,0.8948708621316842,neutral,0_7_to_0_9,248.0,0.2981665163811241,0.6431451612903226,-0.6431451612903226,False,True,True,83.75,False,2025,2025-04,2025-W16
NQ,2025-04-21,2025-04-20 22:00:00+00:00,2025-04-21 13:29:00+00:00,18306.25,18383.5,18080.0,18128.5,95278,930,2025-04-21 13:30:00+00:00,2025-04-21 15:29:00+00:00,18129.25,18165.0,17857.0,17867.0,138080,120,824.1,primary_2023_2025,303.5,327.5,0.9267175572519084,neutral,0_9_to_1_1,308.0,0.37374105084334425,0.851461038961039,-0.851461038961039,False,True,True,223.0,False,2025,2025-04,2025-W17
NQ,2025-04-22,2025-04-21 22:00:00+00:00,2025-04-22 13:29:00+00:00,17914.0,18171.5,17863.75,18152.0,117586,930,2025-04-22 13:30:00+00:00,2025-04-22 15:29:00+00:00,18152.25,18386.0,18100.5,18351.5,161027,120,838.525,primary_2023_2025,307.75,316.0,0.9738924050632911,neutral,0_9_to_1_1,285.5,0.3404788169702752,0.6978984238178634,0.6978984238178634,True,False,True,214.5,False,2025,2025-04,2025-W17
NQ,2025-04-23,2025-04-22 22:00:00+00:00,2025-04-23 13:29:00+00:00,18646.0,18972.0,18623.75,18948.5,159947,930,2025-04-23 13:30:00+00:00,2025-04-23 15:29:00+00:00,18949.0,19165.5,18881.0,18915.25,237473,120,847.5125,primary_2023_2025,348.25,316.125,1.1016211941478846,neutral,1_1_to_1_3,284.5,0.335688264184894,0.11862917398945519,-0.11862917398945519,True,False,False,193.5,True,2025,2025-04,2025-W17
NQ,2025-04-24,2025-04-23 22:00:00+00:00,2025-04-24 13:29:00+00:00,18826.5,18877.0,18594.75,18875.5,143466,930,2025-04-24 13:30:00+00:00,2025-04-24 15:29:00+00:00,18875.25,19208.75,18846.5,19149.5,173662,120,861.45,primary_2023_2025,282.25,336.375,0.8390932738758826,neutral,0_7_to_0_9,362.25,0.4205119275639909,0.7570738440303658,0.7570738440303658,True,False,True,331.75,False,2025,2025-04,2025-W17
NQ,2025-04-25,2025-04-24 22:00:00+00:00,2025-04-25 13:29:00+00:00,19405.0,19497.5,19216.25,19302.5,147186,930,2025-04-25 13:30:00+00:00,2025-04-25 15:29:00+00:00,19302.0,19405.75,19233.75,19348.75,169063,120,879.55,primary_2023_2025,281.25,336.375,0.8361204013377926,neutral,0_7_to_0_9,172.0,0.19555454493775226,0.27180232558139533,0.27180232558139533,False,False,False,0.0,False,2025,2025-04,2025-W17
NQ,2025-04-28,2025-04-27 22:00:00+00:00,2025-04-28 13:29:00+00:00,19524.5,19569.5,19392.25,19547.75,91699,930,2025-04-28 13:30:00+00:00,2025-04-28 15:29:00+00:00,19548.25,19623.0,19311.75,19318.75,172802,120,821.75,primary_2023_2025,177.25,336.375,0.5269416573764399,compression,0_5_to_0_7,311.25,0.37876483115302706,0.7373493975903614,-0.7373493975903614,True,True,True,80.5,False,2025,2025-04,2025-W18
NQ,2025-04-29,2025-04-28 22:00:00+00:00,2025-04-29 13:29:00+00:00,19478.25,19631.0,19378.0,19426.5,122852,930,2025-04-29 13:30:00+00:00,2025-04-29 15:29:00+00:00,19426.75,19615.25,19403.75,19553.75,173180,120,807.5875,primary_2023_2025,253.0,336.375,0.7521367521367521,neutral,0_7_to_0_9,211.5,0.2618911263485381,0.6004728132387707,0.6004728132387707,False,False,False,0.0,False,2025,2025-04,2025-W18
NQ,2025-04-30,2025-04-29 22:00:00+00:00,2025-04-30 13:29:00+00:00,19599.75,19622.75,19232.0,19301.75,136847,930,2025-04-30 13:30:00+00:00,2025-04-30 15:29:00+00:00,19301.25,19439.0,19103.75,19413.0,218908,120,758.7,primary_2023_2025,390.75,336.375,1.1616499442586399,neutral,1_1_to_1_3,335.25,0.4418742586002372,0.3333333333333333,0.3333333333333333,False,True,False,128.25,True,2025,2025-04,2025-W18
NQ,2025-05-01,2025-04-30 22:00:00+00:00,2025-05-01 13:29:00+00:00,19834.0,20035.75,19805.0,19971.5,124932,930,2025-05-01 13:30:00+00:00,2025-05-01 15:29:00+00:00,19971.0,20125.75,19860.0,20078.0,182113,120,769.675,primary_2023_2025,230.75,352.5,0.6546099290780142,compression,0_5_to_0_7,265.75,0.3452756033390717,0.4026340545625588,0.4026340545625588,True,False,True,90.0,False,2025,2025-05,2025-W18
NQ,2025-05-02,2025-05-01 22:00:00+00:00,2025-05-02 13:29:00+00:00,19782.5,20141.25,19749.5,20091.5,140544,930,2025-05-02 13:30:00+00:00,2025-05-02 15:29:00+00:00,20091.0,20195.0,20019.75,20141.5,147124,120,694.4125,primary_2023_2025,391.75,336.375,1.1646228167967299,neutral,1_1_to_1_3,175.25,0.2523716090940183,0.28815977175463625,0.28815977175463625,True,False,True,53.75,False,2025,2025-05,2025-W18
NQ,2025-05-05,2025-05-04 22:00:00+00:00,2025-05-05 13:29:00+00:00,20181.5,20201.75,19966.0,20010.75,105259,930,2025-05-05 13:30:00+00:00,2025-05-05 15:29:00+00:00,20010.25,20124.0,19985.25,20097.5,131521,120,517.0875,primary_2023_2025,235.75,336.375,0.7008547008547008,neutral,0_7_to_0_9,138.75,0.26832982812386685,0.6288288288288288,0.6288288288288288,False,False,False,0.0,False,2025,2025-05,2025-W19
NQ,2025-05-06,2025-05-05 22:00:00+00:00,2025-05-06 13:29:00+00:00,20014.25,20036.75,19784.0,19795.5,113273,930,2025-05-06 13:30:00+00:00,2025-05-06 15:29:00+00:00,19795.5,19944.75,19739.0,19942.25,153746,120,466.675,primary_2023_2025,252.75,316.125,0.7995255041518387,neutral,0_7_to_0_9,205.75,0.44088498419671074,0.7132442284325637,0.7132442284325637,False,True,False,45.0,True,2025,2025-05,2025-W19
NQ,2025-05-07,2025-05-06 22:00:00+00:00,2025-05-07 13:29:00+00:00,19809.0,20133.75,19799.5,19899.75,127366,930,2025-05-07 13:30:00+00:00,2025-05-07 15:29:00+00:00,19899.5,19977.25,19789.0,19812.75,146789,120,456.2375,primary_2023_2025,334.25,307.625,1.086550182852499,neutral,0_9_to_1_1,188.25,0.4126140442203896,0.46082337317397076,-0.46082337317397076,False,True,False,10.5,True,2025,2025-05,2025-W19
NQ,2025-05-08,2025-05-07 22:00:00+00:00,2025-05-08 13:29:00+00:00,19934.5,20262.5,19910.75,20163.25,130086,930,2025-05-08 13:30:00+00:00,2025-05-08 15:29:00+00:00,20163.0,20206.5,19979.0,20173.5,163102,120,464.875,primary_2023_2025,351.75,307.625,1.1434376269809021,neutral,1_1_to_1_3,227.5,0.4893788652863673,0.046153846153846156,0.046153846153846156,False,False,False,0.0,False,2025,2025-05,2025-W19
NQ,2025-05-09,2025-05-08 22:00:00+00:00,2025-05-09 13:29:00+00:00,20157.0,20288.75,20080.75,20226.75,104859,930,2025-05-09 13:30:00+00:00,2025-05-09 15:29:00+00:00,20227.0,20279.75,20058.0,20133.75,150279,120,456.8625,primary_2023_2025,208.0,307.625,0.6761479073547338,compression,0_5_to_0_7,221.75,0.4853757968754275,0.4205186020293123,-0.4205186020293123,False,True,False,22.75,True,2025,2025-05,2025-W19
NQ,2025-05-12,2025-05-11 22:00:00+00:00,2025-05-12 13:29:00+00:00,20398.5,20991.5,20376.75,20919.0,193620,930,2025-05-12 13:30:00+00:00,2025-05-12 15:29:00+00:00,20919.0,20922.25,20690.0,20785.5,182678,120,414.25,primary_2023_2025,614.75,305.5,2.0122749590834696,expansion,gt_1_3,232.25,0.5606517803258901,0.5748116254036598,-0.5748116254036598,False,False,False,0.0,False,2025,2025-05,2025-W20
NQ,2025-05-13,2025-05-12 22:00:00+00:00,2025-05-13 13:29:00+00:00,20954.75,21065.75,20818.0,21003.75,114901,930,2025-05-13 13:30:00+00:00,2025-05-13 15:29:00+00:00,21004.5,21292.75,20972.75,21278.75,176562,120,418.4625,primary_2023_2025,247.75,305.5,0.8109656301145662,neutral,0_7_to_0_9,320.0,0.7647041252203005,0.85703125,0.85703125,True,False,True,227.0,False,2025,2025-05,2025-W20
NQ,2025-05-14,2025-05-13 22:00:00+00:00,2025-05-14 13:29:00+00:00,21250.0,21382.5,21238.25,21314.5,123842,930,2025-05-14 13:30:00+00:00,2025-05-14 15:29:00+00:00,21314.75,21405.25,21273.75,21373.5,164300,120,435.1625,primary_2023_2025,144.25,292.875,0.4925309432351686,compression,lt_0_5,131.5,0.3021859650130698,0.4467680608365019,0.4467680608365019,True,False,False,22.75,True,2025,2025-05,2025-W20
NQ,2025-05-15,2025-05-14 22:00:00+00:00,2025-05-15 13:29:00+00:00,21379.75,21412.0,21192.0,21302.5,114562,930,2025-05-15 13:30:00+00:00,2025-05-15 15:29:00+00:00,21302.5,21424.75,21247.75,21406.25,156480,120,416.3875,primary_2023_2025,220.0,292.875,0.7511737089201878,neutral,0_7_to_0_9,177.0,0.4250848068205698,0.5861581920903954,0.5861581920903954,True,False,False,12.75,True,2025,2025-05,2025-W20
NQ,2025-05-16,2025-05-15 22:00:00+00:00,2025-05-16 13:29:00+00:00,21396.0,21504.75,21348.75,21467.75,97799,930,2025-05-16 13:30:00+00:00,2025-05-16 15:29:00+00:00,21467.5,21470.0,21320.25,21398.75,136907,120,391.725,primary_2023_2025,156.0,281.75,0.5536823425022183,compression,0_5_to_0_7,149.75,0.38228348969302445,0.4590984974958264,-0.4590984974958264,False,True,False,28.5,True,2025,2025-05,2025-W20
NQ,2025-05-19,2025-05-18 22:00:00+00:00,2025-05-19 13:29:00+00:00,21310.75,21418.0,21112.5,21201.75,145128,930,2025-05-19 13:30:00+00:00,2025-05-19 15:29:00+00:00,21203.25,21462.5,21202.25,21404.25,146169,120,344.475,primary_2023_2025,305.5,267.125,1.14365933551708,neutral,1_1_to_1_3,260.25,0.7554974961898541,0.7723342939481268,0.7723342939481268,True,False,False,44.5,True,2025,2025-05,2025-W21
NQ,2025-05-20,2025-05-19 22:00:00+00:00,2025-05-20 13:29:00+00:00,21513.0,21562.25,21393.75,21412.75,98528,930,2025-05-20 13:30:00+00:00,2025-05-20 15:29:00+00:00,21413.0,21451.0,21354.75,21422.25,126611,120,348.325,primary_2023_2025,168.5,267.125,0.6307908282639214,compression,0_5_to_0_7,96.25,0.27632240005741765,0.09610389610389611,0.09610389610389611,False,True,False,39.0,True,2025,2025-05,2025-W21
NQ,2025-05-21,2025-05-20 22:00:00+00:00,2025-05-21 13:29:00+00:00,21414.75,21444.0,21229.75,21279.25,101677,930,2025-05-21 13:30:00+00:00,2025-05-21 15:29:00+00:00,21278.75,21535.0,21277.0,21519.25,150900,120,351.1625,primary_2023_2025,214.25,252.875,0.847256549678695,neutral,0_7_to_0_9,258.0,0.7347025949524792,0.9321705426356589,0.9321705426356589,True,False,True,91.0,False,2025,2025-05,2025-W21
NQ,2025-05-22,2025-05-21 22:00:00+00:00,2025-05-22 13:29:00+00:00,21145.0,21243.5,21040.0,21170.75,124138,930,2025-05-22 13:30:00+00:00,2025-05-22 15:29:00+00:00,21171.25,21330.5,21113.75,21206.5,167719,120,356.7625,primary_2023_2025,203.5,250.25,0.8131868131868132,neutral,0_7_to_0_9,216.75,0.6075470375950387,0.16262975778546712,0.16262975778546712,True,False,False,87.0,True,2025,2025-05,2025-W21
NQ,2025-05-23,2025-05-22 22:00:00+00:00,2025-05-23 13:29:00+00:00,21223.75,21236.0,20727.0,20850.0,168168,930,2025-05-23 13:30:00+00:00,2025-05-23 15:29:00+00:00,20849.0,20994.25,20822.5,20960.0,148898,120,356.1125,primary_2023_2025,509.0,241.75,2.1054808686659774,expansion,gt_1_3,171.75,0.482291410719927,0.6462882096069869,0.6462882096069869,False,False,False,0.0,False,2025,2025-05,2025-W21
NQ,2025-05-26,2025-05-25 22:00:00+00:00,2025-05-26 13:29:00+00:00,20978.0,21289.0,20954.25,21260.75,62827,930,2025-05-26 13:30:00+00:00,2025-05-26 15:29:00+00:00,21260.0,21307.75,21215.5,21253.25,16988,120,333.4875,primary_2023_2025,334.75,241.75,1.3846949327817994,expansion,gt_1_3,92.25,0.276622062296188,0.07317073170731707,-0.07317073170731707,True,False,False,18.75,True,2025,2025-05,2025-W22
NQ,2025-05-27,2025-05-26 22:00:00+00:00,2025-05-27 13:29:00+00:00,21281.25,21359.75,21141.5,21259.25,106088,930,2025-05-27 13:30:00+00:00,2025-05-27 15:29:00+00:00,21259.5,21400.25,21192.75,21390.25,132017,120,321.1625,primary_2023_2025,218.25,250.25,0.8721278721278721,neutral,0_7_to_0_9,207.5,0.6460903748102595,0.6301204819277109,0.6301204819277109,True,False,True,40.5,False,2025,2025-05,2025-W22
NQ,2025-05-28,2025-05-27 22:00:00+00:00,2025-05-28 13:29:00+00:00,21480.0,21537.5,21407.0,21505.25,80739,930,2025-05-28 13:30:00+00:00,2025-05-28 15:29:00+00:00,21505.25,21567.5,21426.0,21458.0,132850,120,327.825,primary_2023_2025,130.5,241.75,0.5398138572905895,compression,0_5_to_0_7,141.5,0.4316327308777549,0.3339222614840989,-0.3339222614840989,True,False,False,30.0,True,2025,2025-05,2025-W22
NQ,2025-05-29,2025-05-28 22:00:00+00:00,2025-05-29 13:29:00+00:00,21513.0,21858.75,21489.0,21673.75,173056,930,2025-05-29 13:30:00+00:00,2025-05-29 15:29:00+00:00,21674.25,21679.75,21380.5,21501.0,161780,120,340.475,primary_2023_2025,369.75,233.25,1.585209003215434,expansion,gt_1_3,299.25,0.8789191570599897,0.5789473684210527,-0.5789473684210527,False,True,False,108.5,True,2025,2025-05,2025-W22
NQ,2025-05-30,2025-05-29 22:00:00+00:00,2025-05-30 13:29:00+00:00,21371.25,21421.0,21226.25,21382.5,111835,930,2025-05-30 13:30:00+00:00,2025-05-30 15:29:00+00:00,21382.0,21399.5,21234.75,21368.0,129711,120,350.25,primary_2023_2025,194.75,241.75,0.8055842812823164,neutral,0_7_to_0_9,164.75,0.470378301213419,0.08497723823975721,-0.08497723823975721,False,False,False,0.0,False,2025,2025-05,2025-W22
NQ,2025-06-02,2025-06-01 22:00:00+00:00,2025-06-02 13:29:00+00:00,21303.75,21348.5,21163.0,21287.25,95753,930,2025-06-02 13:30:00+00:00,2025-06-02 15:29:00+00:00,21287.75,21458.0,21234.75,21370.0,154506,120,331.975,primary_2023_2025,185.5,227.875,0.814042786615469,neutral,0_7_to_0_9,223.25,0.6724903983733714,0.3684210526315789,0.3684210526315789,True,False,True,109.5,False,2025,2025-06,2025-W23
NQ,2025-06-03,2025-06-02 22:00:00+00:00,2025-06-03 13:29:00+00:00,21555.0,21558.0,21399.25,21546.25,87844,930,2025-06-03 13:30:00+00:00,2025-06-03 15:29:00+00:00,21547.0,21686.75,21509.75,21672.0,134102,120,341.1,primary_2023_2025,158.75,219.125,0.7244723331431832,neutral,0_7_to_0_9,177.0,0.5189094107299912,0.7062146892655368,0.7062146892655368,True,False,True,128.75,False,2025,2025-06,2025-W23
NQ,2025-06-04,2025-06-03 22:00:00+00:00,2025-06-04 13:29:00+00:00,21688.25,21767.0,21655.25,21725.5,87963,930,2025-06-04 13:30:00+00:00,2025-06-04 15:29:00+00:00,21725.75,21793.25,21641.0,21754.75,136520,120,350.6,primary_2023_2025,111.75,216.25,0.5167630057803468,compression,0_5_to_0_7,152.25,0.43425556189389614,0.19047619047619047,0.19047619047619047,True,True,False,26.25,True,2025,2025-06,2025-W23
NQ,2025-06-05,2025-06-04 22:00:00+00:00,2025-06-05 13:29:00+00:00,21744.75,21898.0,21712.5,21812.0,99318,930,2025-06-05 13:30:00+00:00,2025-06-05 15:29:00+00:00,21812.25,21927.25,21691.5,21920.0,176814,120,334.925,primary_2023_2025,185.5,211.125,0.8786264061574897,neutral,0_7_to_0_9,235.75,0.7038889303575427,0.45705196182396607,0.45705196182396607,True,True,True,29.25,False,2025,2025-06,2025-W23
NQ,2025-06-06,2025-06-05 22:00:00+00:00,2025-06-06 13:29:00+00:00,21471.0,21812.0,21471.0,21798.0,112500,930,2025-06-06 13:30:00+00:00,2025-06-06 15:29:00+00:00,21797.75,21870.0,21736.5,21790.0,152506,120,331.7,primary_2023_2025,341.0,205.75,1.6573511543134873,expansion,gt_1_3,133.5,0.4024721133554417,0.05805243445692884,-0.05805243445692884,True,False,False,58.0,True,2025,2025-06,2025-W23
NQ,2025-06-09,2025-06-08 22:00:00+00:00,2025-06-09 13:29:00+00:00,21799.25,21824.25,21716.0,21797.75,72955,930,2025-06-09 13:30:00+00:00,2025-06-09 15:29:00+00:00,21797.5,21890.75,21750.75,21824.5,118150,120,324.5875,primary_2023_2025,108.25,208.875,0.5182525433871933,compression,0_5_to_0_7,140.0,0.4313166711595487,0.19285714285714287,0.19285714285714287,True,False,True,66.5,False,2025,2025-06,2025-W24
NQ,2025-06-10,2025-06-09 22:00:00+00:00,2025-06-10 13:29:00+00:00,21824.0,21973.25,21732.0,21836.0,97033,930,2025-06-10 13:30:00+00:00,2025-06-10 15:29:00+00:00,21836.25,21893.25,21818.0,21857.25,99764,120,327.2125,primary_2023_2025,241.25,199.125,1.2115505335844319,neutral,1_1_to_1_3,75.25,0.2299728769530504,0.27906976744186046,0.27906976744186046,False,False,False,0.0,False,2025,2025-06,2025-W24
NQ,2025-06-11,2025-06-10 22:00:00+00:00,2025-06-11 13:29:00+00:00,21945.75,22106.0,21865.75,22017.0,103016,930,2025-06-11 13:30:00+00:00,2025-06-11 15:29:00+00:00,22017.25,22066.25,21915.75,22018.75,138538,120,329.65,primary_2023_2025,240.25,199.125,1.2065285624607658,neutral,1_1_to_1_3,150.5,0.4565448202639163,0.009966777408637873,0.009966777408637873,False,False,False,0.0,False,2025,2025-06,2025-W24
NQ,2025-06-12,2025-06-11 22:00:00+00:00,2025-06-12 13:29:00+00:00,21871.0,21894.25,21713.25,21828.75,85923,930,2025-06-12 13:30:00+00:00,2025-06-12 15:29:00+00:00,21829.5,21977.25,21818.5,21917.25,121090,120,324.7625,primary_2023_2025,181.0,208.875,0.8665469778575703,neutral,0_7_to_0_9,158.75,0.4888187521650437,0.552755905511811,0.552755905511811,True,False,True,83.0,False,2025,2025-06,2025-W24
NQ,2025-06-13,2025-06-12 22:00:00+00:00,2025-06-13 13:29:00+00:00,21909.0,21915.75,21471.0,21680.75,130428,930,2025-06-13 13:30:00+00:00,2025-06-13 15:29:00+00:00,21679.75,21807.25,21617.0,21798.0,134005,120,340.625,primary_2023_2025,444.75,199.125,2.233521657250471,expansion,gt_1_3,190.25,0.5585321100917431,0.621550591327201,0.621550591327201,False,False,False,0.0,False,2025,2025-06,2025-W24
NQ,2025-06-16,2025-06-15 22:00:00+00:00,2025-06-16 13:29:00+00:00,21554.0,22062.75,21501.75,22015.75,52222,928,2025-06-16 13:30:00+00:00,2025-06-16 15:29:00+00:00,22014.5,22222.0,22014.0,22188.5,90441,120,340.3375,primary_2023_2025,561.0,208.875,2.6858168761220824,expansion,gt_1_3,208.0,0.6111580416498329,0.8365384615384616,0.8365384615384616,True,False,True,159.25,False,2025,2025-06,2025-W25
NQ,2025-06-17,2025-06-16 22:00:00+00:00,2025-06-17 13:29:00+00:00,22176.0,22177.25,21996.0,22063.0,92101,930,2025-06-17 13:30:00+00:00,2025-06-17 15:29:00+00:00,22064.0,22135.0,22026.0,22090.0,100817,120,331.825,primary_2023_2025,181.25,208.875,0.8677438659485338,neutral,0_7_to_0_9,109.0,0.32848640096436377,0.23853211009174313,0.23853211009174313,False,False,False,0.0,False,2025,2025-06,2025-W25
NQ,2025-06-18,2025-06-17 22:00:00+00:00,2025-06-18 13:29:00+00:00,21927.5,22066.25,21862.25,21993.0,82753,930,2025-06-18 13:30:00+00:00,2025-06-18 15:29:00+00:00,21993.0,22097.75,21926.25,22049.75,117793,120,331.5,primary_2023_2025,204.0,208.875,0.9766606822262118,neutral,0_9_to_1_1,171.5,0.5173453996983409,0.33090379008746357,0.33090379008746357,True,False,False,31.5,True,2025,2025-06,2025-W25
NQ,2025-06-19,2025-06-18 22:00:00+00:00,2025-06-19 13:29:00+00:00,21956.75,21970.75,21735.25,21784.25,60931,930,2025-06-19 13:30:00+00:00,2025-06-19 15:29:00+00:00,21784.5,21786.75,21650.25,21720.25,37446,120,338.575,primary_2023_2025,235.5,203.75,1.1558282208588957,neutral,1_1_to_1_3,136.5,0.40316030421620025,0.4706959706959707,-0.4706959706959707,False,True,True,85.0,False,2025,2025-06,2025-W25
NQ,2025-06-20,2025-06-19 22:00:00+00:00,2025-06-20 13:29:00+00:00,21748.25,22103.0,21745.75,22074.75,110315,930,2025-06-20 13:30:00+00:00,2025-06-20 15:29:00+00:00,22075.0,22130.5,21776.0,21858.25,187863,120,335.4,primary_2023_2025,357.25,211.125,1.6921255180580226,expansion,gt_1_3,354.5,1.0569469290399525,0.6114245416078985,-0.6114245416078985,True,False,False,27.5,True,2025,2025-06,2025-W25
NQ,2025-06-23,2025-06-22 22:00:00+00:00,2025-06-23 13:29:00+00:00,21648.25,21944.25,21566.75,21869.5,113315,930,2025-06-23 13:30:00+00:00,2025-06-23 15:29:00+00:00,21869.25,22018.0,21758.5,21946.5,138975,120,309.5625,primary_2023_2025,377.5,211.125,1.788040260509177,expansion,gt_1_3,259.5,0.8382798304058147,0.2976878612716763,0.2976878612716763,True,False,True,73.75,False,2025,2025-06,2025-W26
NQ,2025-06-24,2025-06-23 22:00:00+00:00,2025-06-24 13:29:00+00:00,22079.0,22384.5,22065.75,22286.5,130020,930,2025-06-24 13:30:00+00:00,2025-06-24 15:29:00+00:00,22286.25,22373.25,22260.0,22372.75,130257,120,318.125,primary_2023_2025,318.75,211.125,1.5097690941385435,expansion,gt_1_3,113.25,0.35599214145383107,0.7637969094922737,0.7637969094922737,False,False,False,0.0,False,2025,2025-06,2025-W26
NQ,2025-06-25,2025-06-24 22:00:00+00:00,2025-06-25 13:29:00+00:00,22412.0,22511.5,22384.5,22499.25,68460,930,2025-06-25 13:30:00+00:00,2025-06-25 15:29:00+00:00,22499.5,22548.25,22445.0,22462.5,140498,120,323.425,primary_2023_2025,127.0,219.75,0.5779294653014789,compression,0_5_to_0_7,103.25,0.31923939089433406,0.3583535108958838,-0.3583535108958838,True,False,False,36.75,True,2025,2025-06,2025-W26
NQ,2025-06-26,2025-06-25 22:00:00+00:00,2025-06-26 13:29:00+00:00,22461.25,22585.0,22437.75,22552.25,79706,930,2025-06-26 13:30:00+00:00,2025-06-26 15:29:00+00:00,22552.25,22611.75,22476.0,22565.25,134152,120,310.75,primary_2023_2025,147.25,219.75,0.6700796359499431,compression,0_5_to_0_7,135.75,0.43684633950120677,0.09576427255985268,0.09576427255985268,True,False,False,26.75,True,2025,2025-06,2025-W26
NQ,2025-06-27,2025-06-26 22:00:00+00:00,2025-06-27 13:29:00+00:00,22676.25,22788.0,22660.25,22707.25,78785,930,2025-06-27 13:30:00+00:00,2025-06-27 15:29:00+00:00,22707.5,22825.5,22685.25,22792.5,131751,120,304.6,primary_2023_2025,127.75,199.375,0.6407523510971787,compression,0_5_to_0_7,140.25,0.4604399212081418,0.6060606060606061,0.6060606060606061,True,False,True,37.5,False,2025,2025-06,2025-W26
NQ,2025-06-30,2025-06-29 22:00:00+00:00,2025-06-30 13:29:00+00:00,22751.5,22915.0,22751.5,22871.75,84522,930,2025-06-30 13:30:00+00:00,2025-06-30 15:29:00+00:00,22871.75,22875.5,22794.25,22817.0,121317,120,291.025,primary_2023_2025,163.5,194.75,0.8395378690629012,neutral,0_7_to_0_9,81.25,0.27918563697276866,0.6738461538461539,-0.6738461538461539,False,False,False,0.0,False,2025,2025-06,2025-W27
NQ,2025-07-01,2025-06-30 22:00:00+00:00,2025-07-01 13:29:00+00:00,22867.5,22914.75,22755.75,22802.5,77663,930,2025-07-01 13:30:00+00:00,2025-07-01 15:29:00+00:00,22802.25,22848.25,22594.5,22684.5,177867,120,285.1125,primary_2023_2025,159.0,194.75,0.8164313222079589,neutral,0_7_to_0_9,253.75,0.8899995615765706,0.4640394088669951,-0.4640394088669951,False,True,True,161.25,False,2025,2025-07,2025-W27
NQ,2025-07-02,2025-07-01 22:00:00+00:00,2025-07-02 13:29:00+00:00,22694.5,22781.25,22582.0,22653.5,91854,930,2025-07-02 13:30:00+00:00,2025-07-02 15:29:00+00:00,22654.25,22847.5,22651.25,22803.5,142547,120,294.05,primary_2023_2025,199.25,194.75,1.0231065468549423,neutral,0_9_to_1_1,196.25,0.6674035028056453,0.7605095541401274,0.7605095541401274,True,False,True,66.25,False,2025,2025-07,2025-W27
NQ,2025-07-03,2025-07-02 22:00:00+00:00,2025-07-03 13:29:00+00:00,22845.0,22940.5,22827.0,22932.0,70412,929,2025-07-03 13:30:00+00:00,2025-07-03 15:29:00+00:00,22932.0,23086.25,22930.25,23066.75,123560,120,296.8375,primary_2023_2025,113.5,201.625,0.5629262244265344,compression,0_5_to_0_7,156.0,0.5255400682191436,0.8637820512820513,0.8637820512820513,True,False,True,145.75,False,2025,2025-07,2025-W27
NQ,2025-07-04,2025-07-03 22:00:00+00:00,2025-07-04 13:29:00+00:00,23059.25,23062.5,22882.0,22919.0,51816,930,2025-07-04 13:30:00+00:00,2025-07-04 15:29:00+00:00,22918.0,22945.5,22888.0,22925.0,14915,120,296.925,primary_2023_2025,180.5,201.625,0.8952262864228147,neutral,0_7_to_0_9,57.5,0.1936515955207544,0.12173913043478261,0.12173913043478261,False,False,False,0.0,False,2025,2025-07,2025-W27
NQ,2025-07-07,2025-07-06 22:00:00+00:00,2025-07-07 13:29:00+00:00,22970.0,23028.5,22908.25,22943.25,80919,930,2025-07-07 13:30:00+00:00,2025-07-07 15:29:00+00:00,22943.25,22977.5,22882.5,22920.5,123706,120,266.375,primary_2023_2025,120.25,190.25,0.6320630749014454,compression,0_5_to_0_7,95.0,0.3566400750821211,0.2394736842105263,-0.2394736842105263,False,True,False,25.75,True,2025,2025-07,2025-W28
NQ,2025-07-08,2025-07-07 22:00:00+00:00,2025-07-08 13:29:00+00:00,22837.75,22972.75,22808.5,22935.0,70223,930,2025-07-08 13:30:00+00:00,2025-07-08 15:29:00+00:00,22935.5,22943.5,22841.0,22868.75,152045,120,260.4125,primary_2023_2025,164.25,190.25,0.8633377135348226,neutral,0_7_to_0_9,102.5,0.39360629770076316,0.651219512195122,-0.651219512195122,False,False,False,0.0,False,2025,2025-07,2025-W28
NQ,2025-07-09,2025-07-08 22:00:00+00:00,2025-07-09 13:29:00+00:00,22906.5,22978.75,22843.5,22978.75,62062,928,2025-07-09 13:30:00+00:00,2025-07-09 15:29:00+00:00,22978.75,23112.0,22919.75,22980.0,189555,120,245.1875,primary_2023_2025,135.25,181.125,0.7467218771566597,neutral,0_7_to_0_9,192.25,0.7840938057608973,0.006501950585175552,0.006501950585175552,True,False,True,133.25,False,2025,2025-07,2025-W28
NQ,2025-07-10,2025-07-09 22:00:00+00:00,2025-07-10 13:29:00+00:00,23041.0,23078.75,22976.5,23072.0,66474,930,2025-07-10 13:30:00+00:00,2025-07-10 15:29:00+00:00,23072.25,23090.0,22901.25,22997.75,153495,120,241.925,primary_2023_2025,102.25,180.75,0.5656984785615491,compression,0_5_to_0_7,188.75,0.780200475353932,0.39470198675496687,-0.39470198675496687,True,True,False,75.25,True,2025,2025-07,2025-W28
NQ,2025-07-11,2025-07-10 22:00:00+00:00,2025-07-11 13:29:00+00:00,23011.75,23048.75,22831.5,22914.5,105578,930,2025-07-11 13:30:00+00:00,2025-07-11 15:29:00+00:00,22915.25,23009.0,22863.0,22950.0,144867,120,241.2125,primary_2023_2025,217.25,172.375,1.2603335750543871,neutral,1_1_to_1_3,146.0,0.6052754314142095,0.238013698630137,0.238013698630137,False,False,False,0.0,False,2025,2025-07,2025-W28
NQ,2025-07-14,2025-07-13 22:00:00+00:00,2025-07-14 13:29:00+00:00,22860.75,22944.5,22803.0,22943.0,88050,930,2025-07-14 13:30:00+00:00,2025-07-14 15:29:00+00:00,22942.75,23022.5,22842.25,23011.75,157851,120,224.675,primary_2023_2025,141.5,172.375,0.8208846990572879,neutral,0_7_to_0_9,180.25,0.8022699454767998,0.3828016643550624,0.3828016643550624,True,False,True,78.0,False,2025,2025-07,2025-W29
NQ,2025-07-15,2025-07-14 22:00:00+00:00,2025-07-15 13:29:00+00:00,23034.25,23219.0,22996.0,23200.0,117165,930,2025-07-15 13:30:00+00:00,2025-07-15 15:29:00+00:00,23200.25,23222.75,23096.0,23168.5,172223,120,224.875,primary_2023_2025,223.0,163.875,1.360793287566743,expansion,gt_1_3,126.75,0.5636464702612562,0.2504930966469428,-0.2504930966469428,True,False,False,3.75,True,2025,2025-07,2025-W29
NQ,2025-07-16,2025-07-15 22:00:00+00:00,2025-07-16 13:29:00+00:00,23018.75,23085.0,22929.0,23074.5,88241,930,2025-07-16 13:30:00+00:00,2025-07-16 15:29:00+00:00,23074.25,23089.5,22898.5,22981.0,208447,120,226.3125,primary_2023_2025,156.0,163.875,0.9519450800915332,neutral,0_9_to_1_1,191.0,0.843965755316211,0.4882198952879581,-0.4882198952879581,True,True,False,30.5,True,2025,2025-07,2025-W29
NQ,2025-07-17,2025-07-16 22:00:00+00:00,2025-07-17 13:29:00+00:00,23065.5,23158.5,23017.0,23100.5,86399,930,2025-07-17 13:30:00+00:00,2025-07-17 15:29:00+00:00,23100.25,23244.0,23065.75,23228.75,157706,120,212.875,primary_2023_2025,141.5,161.25,0.8775193798449612,neutral,0_7_to_0_9,178.25,0.8373458602466236,0.7208976157082749,0.7208976157082749,True,False,True,85.5,False,2025,2025-07,2025-W29
NQ,2025-07-18,2025-07-17 22:00:00+00:00,2025-07-18 13:29:00+00:00,23261.25,23320.75,23245.25,23300.75,72650,930,2025-07-18 13:30:00+00:00,2025-07-18 15:29:00+00:00,23301.0,23310.0,23186.75,23216.25,156801,120,214.5625,primary_2023_2025,75.5,157.5,0.4793650793650794,compression,lt_0_5,123.25,0.574424701427323,0.6876267748478702,-0.6876267748478702,False,True,True,58.5,False,2025,2025-07,2025-W29
NQ,2025-07-21,2025-07-20 22:00:00+00:00,2025-07-21 13:29:00+00:00,23232.5,23308.5,23203.75,23255.5,63539,930,2025-07-21 13:30:00+00:00,2025-07-21 15:29:00+00:00,23256.25,23424.75,23255.25,23396.25,134665,120,205.9375,primary_2023_2025,104.75,151.625,0.6908491343775762,compression,0_5_to_0_7,169.5,0.8230652503793626,0.8259587020648967,0.8259587020648967,True,False,True,116.25,False,2025,2025-07,2025-W30
NQ,2025-07-22,2025-07-21 22:00:00+00:00,2025-07-22 13:29:00+00:00,23339.5,23367.0,23267.5,23345.75,79746,930,2025-07-22 13:30:00+00:00,2025-07-22 15:29:00+00:00,23346.0,23349.75,23108.0,23208.0,225664,120,204.7125,primary_2023_2025,99.5,144.375,0.6891774891774892,compression,0_5_to_0_7,241.75,1.1809244672406423,0.5708376421923474,-0.5708376421923474,False,True,True,159.5,False,2025,2025-07,2025-W30
NQ,2025-07-23,2025-07-22 22:00:00+00:00,2025-07-23 13:29:00+00:00,23191.25,23283.75,23170.25,23261.25,87376,930,2025-07-23 13:30:00+00:00,2025-07-23 15:29:00+00:00,23261.5,23263.75,23146.75,23208.0,153503,120,210.35,primary_2023_2025,113.5,141.5,0.8021201413427562,neutral,0_7_to_0_9,117.0,0.5562158307582601,0.45726495726495725,-0.45726495726495725,False,True,False,23.5,True,2025,2025-07,2025-W30
NQ,2025-07-24,2025-07-23 22:00:00+00:00,2025-07-24 13:29:00+00:00,23402.25,23422.75,23327.25,23373.75,74058,930,2025-07-24 13:30:00+00:00,2025-07-24 15:29:00+00:00,23374.0,23401.0,23298.25,23380.5,151298,120,216.4625,primary_2023_2025,95.5,141.5,0.6749116607773852,compression,0_5_to_0_7,102.75,0.47467806201998036,0.06326034063260341,0.06326034063260341,False,True,False,29.0,True,2025,2025-07,2025-W30
NQ,2025-07-25,2025-07-24 22:00:00+00:00,2025-07-25 13:29:00+00:00,23391.5,23441.75,23346.75,23360.5,68703,930,2025-07-25 13:30:00+00:00,2025-07-25 15:29:00+00:00,23360.0,23423.5,23330.75,23420.0,135548,120,209.4625,primary_2023_2025,95.0,138.375,0.6865401987353207,compression,0_5_to_0_7,92.75,0.44280002387062123,0.6469002695417789,0.6469002695417789,False,True,False,16.0,True,2025,2025-07,2025-W30
NQ,2025-07-28,2025-07-27 22:00:00+00:00,2025-07-28 13:29:00+00:00,23520.0,23585.25,23466.25,23472.5,79612,930,2025-07-28 13:30:00+00:00,2025-07-28 15:29:00+00:00,23472.75,23529.0,23436.75,23480.5,151276,120,191.225,primary_2023_2025,119.0,138.375,0.8599819331526649,neutral,0_7_to_0_9,92.25,0.4824160020917767,0.08401084010840108,0.08401084010840108,False,True,False,29.5,True,2025,2025-07,2025-W31
NQ,2025-07-29,2025-07-28 22:00:00+00:00,2025-07-29 13:29:00+00:00,23504.25,23613.5,23503.0,23595.5,68199,930,2025-07-29 13:30:00+00:00,2025-07-29 15:29:00+00:00,23595.25,23652.5,23458.0,23463.75,195487,120,191.9875,primary_2023_2025,110.5,127.75,0.8649706457925636,neutral,0_7_to_0_9,194.5,1.013086789504525,0.6760925449871465,-0.6760925449871465,True,True,True,45.0,False,2025,2025-07,2025-W31
NQ,2025-07-30,2025-07-29 22:00:00+00:00,2025-07-30 13:29:00+00:00,23452.0,23522.0,23449.25,23486.75,67749,929,2025-07-30 13:30:00+00:00,2025-07-30 15:29:00+00:00,23487.0,23541.25,23450.75,23487.25,132907,120,197.85,primary_2023_2025,72.75,119.625,0.6081504702194357,compression,0_5_to_0_7,90.5,0.457417235279252,0.0027624309392265192,0.0027624309392265192,True,False,False,19.25,True,2025,2025-07,2025-W31
NQ,2025-07-31,2025-07-30 22:00:00+00:00,2025-07-31 13:29:00+00:00,23705.0,23845.0,23686.0,23747.25,108886,930,2025-07-31 13:30:00+00:00,2025-07-31 15:29:00+00:00,23747.25,23752.0,23483.25,23534.75,229605,120,208.9625,primary_2023_2025,159.0,116.25,1.367741935483871,expansion,gt_1_3,268.75,1.2861159298917269,0.7906976744186046,-0.7906976744186046,False,True,True,202.75,False,2025,2025-07,2025-W31
NQ,2025-08-01,2025-07-31 22:00:00+00:00,2025-08-01 13:29:00+00:00,23308.5,23347.5,23031.5,23088.0,196167,930,2025-08-01 13:30:00+00:00,2025-08-01 15:29:00+00:00,23087.5,23095.75,22800.0,22902.75,270347,120,233.05,primary_2023_2025,316.0,119.625,2.6415882967607107,expansion,gt_1_3,295.75,1.2690409783308303,0.6246830092983939,-0.6246830092983939,False,True,True,231.5,False,2025,2025-08,2025-W31
NQ,2025-08-04,2025-08-03 22:00:00+00:00,2025-08-04 13:29:00+00:00,22850.0,23098.25,22821.75,23094.5,112055,930,2025-08-04 13:30:00+00:00,2025-08-04 15:29:00+00:00,23094.0,23264.25,23088.75,23211.0,159239,120,242.5375,primary_2023_2025,276.5,119.625,2.3113897596656217,expansion,gt_1_3,175.5,0.7235994433850436,0.6666666666666666,0.6666666666666666,True,False,True,166.0,False,2025,2025-08,2025-W32
NQ,2025-08-05,2025-08-04 22:00:00+00:00,2025-08-05 13:29:00+00:00,23354.0,23404.25,23312.5,23347.75,89260,930,2025-08-05 13:30:00+00:00,2025-08-05 15:29:00+00:00,23348.25,23397.25,23138.25,23170.75,197081,120,255.4125,primary_2023_2025,91.75,127.125,0.7217305801376598,neutral,0_7_to_0_9,259.0,1.014045906132237,0.6853281853281853,-0.6853281853281853,False,True,True,174.25,False,2025,2025-08,2025-W32
NQ,2025-08-06,2025-08-05 22:00:00+00:00,2025-08-06 13:29:00+00:00,23091.75,23227.0,23045.5,23168.75,98993,930,2025-08-06 13:30:00+00:00,2025-08-06 15:29:00+00:00,23169.25,23331.25,23148.5,23323.75,198772,120,268.975,primary_2023_2025,181.5,116.25,1.5612903225806452,expansion,gt_1_3,182.75,0.6794311739009201,0.8454172366621067,0.8454172366621067,True,False,True,104.25,False,2025,2025-08,2025-W32
NQ,2025-08-07,2025-08-06 22:00:00+00:00,2025-08-07 13:29:00+00:00,23418.5,23639.0,23384.5,23601.5,109518,930,2025-08-07 13:30:00+00:00,2025-08-07 15:29:00+00:00,23601.0,23671.0,23496.5,23509.25,192612,120,270.7,primary_2023_2025,254.5,116.25,2.189247311827957,expansion,gt_1_3,174.5,0.6446250461765792,0.5257879656160458,-0.5257879656160458,True,False,False,32.0,True,2025,2025-08,2025-W32
NQ,2025-08-08,2025-08-07 22:00:00+00:00,2025-08-08 13:29:00+00:00,23518.25,23583.0,23503.0,23541.5,72237,930,2025-08-08 13:30:00+00:00,2025-08-08 15:29:00+00:00,23541.75,23703.0,23530.0,23666.5,157605,120,275.35,primary_2023_2025,80.0,130.25,0.6142034548944337,compression,0_5_to_0_7,173.0,0.6282912656618849,0.7210982658959537,0.7210982658959537,True,False,True,120.0,False,2025,2025-08,2025-W32
NQ,2025-08-11,2025-08-10 22:00:00+00:00,2025-08-11 13:29:00+00:00,23764.0,23773.0,23667.75,23715.0,78714,930,2025-08-11 13:30:00+00:00,2025-08-11 15:29:00+00:00,23715.75,23767.5,23680.75,23734.75,127880,120,265.875,primary_2023_2025,105.25,116.25,0.9053763440860215,neutral,0_9_to_1_1,86.75,0.32628114715561823,0.21902017291066284,0.21902017291066284,False,False,False,0.0,False,2025,2025-08,2025-W33
NQ,2025-08-12,2025-08-11 22:00:00+00:00,2025-08-12 13:29:00+00:00,23635.0,23822.25,23596.0,23732.75,99443,930,2025-08-12 13:30:00+00:00,2025-08-12 15:29:00+00:00,23733.0,23861.25,23622.0,23833.5,197649,120,269.1625,primary_2023_2025,226.25,112.0,2.0200892857142856,expansion,gt_1_3,239.25,0.8888682487345004,0.4200626959247649,0.4200626959247649,True,False,True,39.0,False,2025,2025-08,2025-W33
NQ,2025-08-13,2025-08-12 22:00:00+00:00,2025-08-13 13:29:00+00:00,23945.0,24046.25,23921.75,24044.5,65836,930,2025-08-13 13:30:00+00:00,2025-08-13 15:29:00+00:00,24044.5,24068.5,23892.25,23925.0,178342,120,284.1875,primary_2023_2025,124.5,112.0,1.1116071428571428,neutral,1_1_to_1_3,176.25,0.6201891356938641,0.6780141843971631,-0.6780141843971631,True,True,False,29.5,True,2025,2025-08,2025-W33
NQ,2025-08-14,2025-08-13 22:00:00+00:00,2025-08-14 13:29:00+00:00,23927.75,23966.75,23793.25,23858.25,80516,929,2025-08-14 13:30:00+00:00,2025-08-14 15:29:00+00:00,23857.75,24007.75,23841.25,23888.0,164076,120,283.2625,primary_2023_2025,173.5,112.0,1.5491071428571428,expansion,gt_1_3,166.5,0.5877940073253608,0.1816816816816817,0.1816816816816817,True,False,False,41.0,True,2025,2025-08,2025-W33
NQ,2025-08-15,2025-08-14 22:00:00+00:00,2025-08-15 13:29:00+00:00,23888.75,23963.0,23871.0,23909.0,68445,930,2025-08-15 13:30:00+00:00,2025-08-15 15:29:00+00:00,23909.25,23911.0,23770.25,23802.5,159758,120,281.9,primary_2023_2025,92.0,112.0,0.8214285714285714,neutral,0_7_to_0_9,140.75,0.49929052855622563,0.7584369449378331,-0.7584369449378331,False,True,True,100.75,False,2025,2025-08,2025-W33
NQ,2025-08-18,2025-08-17 22:00:00+00:00,2025-08-18 13:29:00+00:00,23795.0,23881.75,23739.5,23768.25,71610,930,2025-08-18 13:30:00+00:00,2025-08-18 15:29:00+00:00,23768.25,23824.25,23719.0,23744.25,149514,120,276.6875,primary_2023_2025,142.25,112.0,1.2700892857142858,neutral,1_1_to_1_3,105.25,0.38039304269256835,0.22802850356294538,-0.22802850356294538,False,True,False,20.5,True,2025,2025-08,2025-W34
NQ,2025-08-19,2025-08-18 22:00:00+00:00,2025-08-19 13:29:00+00:00,23800.75,23838.0,23730.75,23762.25,69594,930,2025-08-19 13:30:00+00:00,2025-08-19 15:29:00+00:00,23762.5,23770.5,23514.5,23579.75,219618,120,276.475,primary_2023_2025,107.25,116.25,0.9225806451612903,neutral,0_9_to_1_1,256.0,0.9259426711275883,0.7138671875,-0.7138671875,False,True,True,216.25,False,2025,2025-08,2025-W34
NQ,2025-08-20,2025-08-19 22:00:00+00:00,2025-08-20 13:29:00+00:00,23461.0,23485.5,23334.25,23426.0,110789,930,2025-08-20 13:30:00+00:00,2025-08-20 15:29:00+00:00,23426.25,23432.0,23035.0,23224.75,287425,120,296.7625,primary_2023_2025,151.25,116.25,1.3010752688172043,expansion,gt_1_3,397.0,1.3377701023545765,0.5075566750629723,-0.5075566750629723,False,True,True,299.25,False,2025,2025-08,2025-W34
NQ,2025-08-21,2025-08-20 22:00:00+00:00,2025-08-21 13:29:00+00:00,23323.0,23369.25,23208.25,23260.25,95562,930,2025-08-21 13:30:00+00:00,2025-08-21 15:29:00+00:00,23260.5,23348.25,23156.0,23256.25,189098,120,310.1875,primary_2023_2025,161.0,121.75,1.322381930184805,expansion,gt_1_3,192.25,0.6197864195043321,0.022106631989596878,-0.022106631989596878,False,True,False,52.25,True,2025,2025-08,2025-W34
NQ,2025-08-22,2025-08-21 22:00:00+00:00,2025-08-22 13:29:00+00:00,23225.25,23280.75,23076.75,23265.0,69020,929,2025-08-22 13:30:00+00:00,2025-08-22 15:29:00+00:00,23264.5,23650.0,23205.5,23621.25,195812,120,311.0875,primary_2023_2025,204.0,133.375,1.5295220243673853,expansion,gt_1_3,444.5,1.4288584401494757,0.8025871766029247,0.8025871766029247,True,False,True,369.25,False,2025,2025-08,2025-W34
NQ,2025-08-25,2025-08-24 22:00:00+00:00,2025-08-25 13:29:00+00:00,23602.0,23607.5,23462.0,23496.0,80487,930,2025-08-25 13:30:00+00:00,2025-08-25 15:29:00+00:00,23496.0,23602.75,23443.25,23598.5,149848,120,291.2125,primary_2023_2025,145.5,146.75,0.9914821124361158,neutral,0_9_to_1_1,159.5,0.5477100055801176,0.6426332288401254,0.6426332288401254,False,True,False,18.75,True,2025,2025-08,2025-W35
NQ,2025-08-26,2025-08-25 22:00:00+00:00,2025-08-26 13:29:00+00:00,23505.75,23520.25,23371.5,23470.5,93177,930,2025-08-26 13:30:00+00:00,2025-08-26 15:29:00+00:00,23470.75,23553.75,23427.0,23508.75,156447,120,275.95,primary_2023_2025,148.75,148.375,1.0025273799494523,neutral,0_9_to_1_1,126.75,0.45932234100380503,0.29980276134122286,0.29980276134122286,True,False,False,33.5,True,2025,2025-08,2025-W35
NQ,2025-08-27,2025-08-26 22:00:00+00:00,2025-08-27 13:29:00+00:00,23604.0,23629.0,23536.0,23541.25,64822,930,2025-08-27 13:30:00+00:00,2025-08-27 15:29:00+00:00,23541.0,23616.25,23487.5,23590.0,136437,120,278.3,primary_2023_2025,93.0,150.0,0.62,compression,0_5_to_0_7,128.75,0.4626302551203737,0.38058252427184464,0.38058252427184464,False,True,False,48.5,True,2025,2025-08,2025-W35
NQ,2025-08-28,2025-08-27 22:00:00+00:00,2025-08-28 13:29:00+00:00,23542.25,23662.0,23487.5,23640.5,93478,930,2025-08-28 13:30:00+00:00,2025-08-28 15:29:00+00:00,23640.25,23752.75,23572.5,23672.0,207835,120,269.6625,primary_2023_2025,174.5,150.0,1.1633333333333333,neutral,1_1_to_1_3,180.25,0.6684281277522829,0.17614424410540916,0.17614424410540916,True,False,True,90.75,False,2025,2025-08,2025-W35
NQ,2025-08-29,2025-08-28 22:00:00+00:00,2025-08-29 13:29:00+00:00,23760.5,23762.0,23612.5,23652.5,79770,930,2025-08-29 13:30:00+00:00,2025-08-29 15:29:00+00:00,23652.0,23668.0,23415.25,23481.75,220844,120,264.9375,primary_2023_2025,149.5,150.0,0.9966666666666667,neutral,0_9_to_1_1,252.75,0.953998584571833,0.6735905044510386,-0.6735905044510386,False,True,True,197.25,False,2025,2025-08,2025-W35
NQ,2025-09-01,2025-08-31 22:00:00+00:00,2025-09-01 13:29:00+00:00,23479.0,23552.5,23370.5,23476.75,64636,930,2025-09-01 13:30:00+00:00,2025-09-01 15:29:00+00:00,23476.0,23504.0,23441.75,23502.75,15809,120,250.65,primary_2023_2025,182.0,149.125,1.220452640402347,neutral,1_1_to_1_3,62.25,0.2483542788749252,0.42971887550200805,0.42971887550200805,False,False,False,0.0,False,2025,2025-09,2025-W36
NQ,2025-09-02,2025-09-01 22:00:00+00:00,2025-09-02 13:29:00+00:00,23502.25,23509.5,23060.25,23100.25,143543,930,2025-09-02 13:30:00+00:00,2025-09-02 15:29:00+00:00,23100.25,23280.0,23025.25,23110.0,221121,120,244.3625,primary_2023_2025,449.25,149.125,3.0125733445096397,expansion,gt_1_3,254.75,1.0425085682132078,0.038272816486751716,0.038272816486751716,False,True,False,35.0,True,2025,2025-09,2025-W36
NQ,2025-09-03,2025-09-02 22:00:00+00:00,2025-09-03 13:29:00+00:00,23382.0,23458.5,23298.25,23423.5,99597,930,2025-09-03 13:30:00+00:00,2025-09-03 15:29:00+00:00,23423.5,23525.25,23370.0,23424.5,187692,120,262.1,primary_2023_2025,160.25,150.375,1.0656691604322528,neutral,0_9_to_1_1,155.25,0.5923311713086608,0.00644122383252818,0.00644122383252818,True,False,False,66.75,True,2025,2025-09,2025-W36
NQ,2025-09-04,2025-09-03 22:00:00+00:00,2025-09-04 13:29:00+00:00,23456.75,23535.0,23431.25,23479.75,82556,930,2025-09-04 13:30:00+00:00,2025-09-04 15:29:00+00:00,23480.5,23556.0,23410.0,23546.0,186203,120,262.45,primary_2023_2025,103.75,150.375,0.6899418121363259,compression,0_5_to_0_7,146.0,0.5562964374166508,0.4486301369863014,0.4486301369863014,True,True,True,21.25,False,2025,2025-09,2025-W36
NQ,2025-09-05,2025-09-04 22:00:00+00:00,2025-09-05 13:29:00+00:00,23700.0,23897.75,23691.75,23874.5,106350,930,2025-09-05 13:30:00+00:00,2025-09-05 15:29:00+00:00,23875.0,23902.0,23505.0,23632.5,300995,120,260.3875,primary_2023_2025,206.0,149.125,1.3813914501257334,expansion,gt_1_3,397.0,1.5246507608852191,0.610831234256927,-0.610831234256927,True,True,True,186.75,False,2025,2025-09,2025-W36
NQ,2025-09-08,2025-09-07 22:00:00+00:00,2025-09-08 13:29:00+00:00,23673.5,23795.0,23650.25,23784.0,74275,930,2025-09-08 13:30:00+00:00,2025-09-08 15:29:00+00:00,23784.25,23888.0,23771.75,23876.25,168029,120,267.4375,primary_2023_2025,144.75,150.375,0.9625935162094763,neutral,0_9_to_1_1,116.25,0.4346810002336995,0.7913978494623656,0.7913978494623656,True,False,True,93.0,False,2025,2025-09,2025-W37
NQ,2025-09-09,2025-09-08 22:00:00+00:00,2025-09-09 13:29:00+00:00,23799.0,23885.25,23790.75,23835.25,72622,930,2025-09-09 13:30:00+00:00,2025-09-09 15:29:00+00:00,23835.5,23857.75,23726.0,23784.25,182323,120,264.1875,primary_2023_2025,94.5,150.375,0.628428927680798,compression,0_5_to_0_7,131.75,0.49869884078542703,0.3889943074003795,-0.3889943074003795,False,True,True,64.75,False,2025,2025-09,2025-W37
NQ,2025-09-10,2025-09-09 22:00:00+00:00,2025-09-10 13:29:00+00:00,23898.5,24044.25,23874.0,23998.5,90646,930,2025-09-10 13:30:00+00:00,2025-09-10 15:29:00+00:00,23998.75,24000.5,23900.25,23942.25,184654,120,269.6125,primary_2023_2025,170.25,149.125,1.1416596814752724,neutral,1_1_to_1_3,100.25,0.3718299411191988,0.5635910224438903,-0.5635910224438903,False,False,False,0.0,False,2025,2025-09,2025-W37
NQ,2025-09-11,2025-09-10 22:00:00+00:00,2025-09-11 13:29:00+00:00,23853.75,23978.0,23838.0,23976.75,81179,929,2025-09-11 13:30:00+00:00,2025-09-11 15:29:00+00:00,23977.25,24046.0,23909.75,24037.75,179982,120,275.525,primary_2023_2025,140.0,150.375,0.9310058187863675,neutral,0_9_to_1_1,136.25,0.49451047999274117,0.44403669724770645,0.44403669724770645,True,False,True,68.0,False,2025,2025-09,2025-W37
NQ,2025-09-12,2025-09-11 22:00:00+00:00,2025-09-12 13:29:00+00:00,24028.25,24051.5,23969.0,24040.25,62143,930,2025-09-12 13:30:00+00:00,2025-09-12 15:29:00+00:00,24040.75,24115.5,24001.5,24087.5,135649,120,262.5125,primary_2023_2025,82.5,149.125,0.5532271584241408,compression,0_5_to_0_7,114.0,0.4342650349983334,0.4100877192982456,0.4100877192982456,True,False,True,64.0,False,2025,2025-09,2025-W37
NQ,2025-09-15,2025-09-14 22:00:00+00:00,2025-09-15 13:29:00+00:00,24115.25,24423.0,24099.75,24418.25,40105,926,2025-09-15 13:30:00+00:00,2025-09-15 15:29:00+00:00,24418.5,24513.75,24412.75,24495.5,73400,120,252.175,primary_2023_2025,323.25,149.125,2.1676445934618607,expansion,gt_1_3,101.0,0.4005155150193318,0.7623762376237624,0.7623762376237624,True,False,True,90.75,False,2025,2025-09,2025-W38
NQ,2025-09-16,2025-09-15 22:00:00+00:00,2025-09-16 13:29:00+00:00,24533.75,24647.25,24524.0,24588.75,52443,930,2025-09-16 13:30:00+00:00,2025-09-16 15:29:00+00:00,24588.25,24600.5,24511.0,24517.0,123004,120,237.1,primary_2023_2025,123.25,150.375,0.8196176226101413,neutral,0_7_to_0_9,89.5,0.37747785744411644,0.7960893854748603,-0.7960893854748603,False,True,True,13.0,False,2025,2025-09,2025-W38
NQ,2025-09-17,2025-09-16 22:00:00+00:00,2025-09-17 13:29:00+00:00,24526.75,24553.0,24456.25,24521.5,58169,930,2025-09-17 13:30:00+00:00,2025-09-17 15:29:00+00:00,24521.0,24540.75,24404.0,24412.75,137653,120,240.15,primary_2023_2025,96.75,150.375,0.6433915211970075,compression,0_5_to_0_7,136.75,0.5694357693108474,0.7915904936014625,-0.7915904936014625,False,True,True,52.25,False,2025,2025-09,2025-W38
NQ,2025-09-18,2025-09-17 22:00:00+00:00,2025-09-18 13:29:00+00:00,24498.5,24762.75,24495.25,24679.5,110811,930,2025-09-18 13:30:00+00:00,2025-09-18 15:29:00+00:00,24679.5,24816.0,24598.75,24782.5,194254,120,248.0625,primary_2023_2025,267.5,149.125,1.7937971500419112,expansion,gt_1_3,217.25,0.8757873519778282,0.47410817031070196,0.47410817031070196,True,False,True,53.25,False,2025,2025-09,2025-W38
NQ,2025-09-19,2025-09-18 22:00:00+00:00,2025-09-19 13:29:00+00:00,24717.75,24784.75,24655.0,24768.5,84018,930,2025-09-19 13:30:00+00:00,2025-09-19 15:29:00+00:00,24767.75,24817.5,24719.5,24727.25,167312,120,248.85,primary_2023_2025,129.75,149.125,0.8700754400670578,neutral,0_7_to_0_9,98.0,0.39381153305203936,0.413265306122449,-0.413265306122449,True,False,False,32.75,True,2025,2025-09,2025-W38
NQ,2025-09-22,2025-09-21 22:00:00+00:00,2025-09-22 13:29:00+00:00,24850.0,24876.0,24748.75,24815.0,81506,929,2025-09-22 13:30:00+00:00,2025-09-22 15:29:00+00:00,24815.5,24937.75,24814.25,24920.25,143225,120,237.0375,primary_2023_2025,127.25,147.125,0.864910790144435,neutral,0_7_to_0_9,123.5,0.5210146073933449,0.8481781376518218,0.8481781376518218,True,False,True,61.75,False,2025,2025-09,2025-W39
NQ,2025-09-23,2025-09-22 22:00:00+00:00,2025-09-23 13:29:00+00:00,24995.0,25026.0,24973.0,25000.5,63531,930,2025-09-23 13:30:00+00:00,2025-09-23 15:29:00+00:00,25001.0,25009.75,24929.5,24958.5,166099,120,233.9875,primary_2023_2025,53.0,146.75,0.36115843270868825,compression,lt_0_5,80.25,0.3429670388375447,0.5295950155763239,-0.5295950155763239,False,True,True,43.5,False,2025,2025-09,2025-W39
NQ,2025-09-24,2025-09-23 22:00:00+00:00,2025-09-24 13:29:00+00:00,24839.5,24913.5,24810.5,24885.0,70852,930,2025-09-24 13:30:00+00:00,2025-09-24 15:29:00+00:00,24885.25,24899.25,24777.0,24794.0,166592,120,240.225,primary_2023_2025,103.0,142.375,0.723441615452151,neutral,0_7_to_0_9,122.25,0.5088979082110522,0.7464212678936605,-0.7464212678936605,False,True,True,33.5,False,2025,2025-09,2025-W39
NQ,2025-09-25,2025-09-24 22:00:00+00:00,2025-09-25 13:29:00+00:00,24746.0,24793.5,24540.5,24576.75,115950,930,2025-09-25 13:30:00+00:00,2025-09-25 15:29:00+00:00,24576.25,24656.75,24422.5,24598.75,262726,120,247.6,primary_2023_2025,253.0,142.375,1.7769973661106233,expansion,gt_1_3,234.25,0.9460823909531503,0.096051227321238,0.096051227321238,False,True,False,118.0,True,2025,2025-09,2025-W39
NQ,2025-09-26,2025-09-25 22:00:00+00:00,2025-09-26 13:29:00+00:00,24642.5,24747.5,24569.25,24653.75,113285,930,2025-09-26 13:30:00+00:00,2025-09-26 15:29:00+00:00,24654.25,24733.25,24520.0,24631.75,232724,120,244.5625,primary_2023_2025,178.25,142.375,1.2519754170324846,neutral,1_1_to_1_3,213.25,0.8719652440582674,0.10550996483001172,-0.10550996483001172,False,True,False,49.25,True,2025,2025-09,2025-W39
NQ,2025-09-29,2025-09-28 22:00:00+00:00,2025-09-29 13:29:00+00:00,24726.5,24909.5,24721.75,24850.75,84619,930,2025-09-29 13:30:00+00:00,2025-09-29 15:29:00+00:00,24850.75,24975.5,24848.25,24867.0,173299,120,232.9125,primary_2023_2025,187.75,142.375,1.318700614574188,expansion,gt_1_3,127.25,0.546342510599474,0.12770137524557956,0.12770137524557956,True,False,False,66.0,True,2025,2025-09,2025-W40
NQ,2025-09-30,2025-09-29 22:00:00+00:00,2025-09-30 13:29:00+00:00,24817.75,24856.75,24754.75,24821.0,72518,930,2025-09-30 13:30:00+00:00,2025-09-30 15:29:00+00:00,24820.5,24862.75,24722.25,24779.75,180919,120,222.8125,primary_2023_2025,102.0,142.375,0.7164179104477612,neutral,0_7_to_0_9,140.5,0.6305750350631136,0.2900355871886121,-0.2900355871886121,True,True,False,32.5,True,2025,2025-09,2025-W40
NQ,2025-10-01,2025-09-30 22:00:00+00:00,2025-10-01 13:29:00+00:00,24843.0,24876.75,24633.25,24763.25,102376,930,2025-10-01 13:30:00+00:00,2025-10-01 15:29:00+00:00,24763.0,24920.75,24726.0,24890.75,166524,120,225.3375,primary_2023_2025,243.5,134.875,1.8053753475440222,expansion,gt_1_3,194.75,0.8642591668053475,0.6559691912708601,0.6559691912708601,True,False,True,44.0,False,2025,2025-10,2025-W40
NQ,2025-10-02,2025-10-01 22:00:00+00:00,2025-10-02 13:29:00+00:00,25009.25,25180.0,25001.75,25165.0,78595,930,2025-10-02 13:30:00+00:00,2025-10-02 15:29:00+00:00,25165.25,25169.0,24993.75,25042.0,188097,120,239.325,primary_2023_2025,178.25,134.875,1.3215940685820204,expansion,gt_1_3,175.25,0.7322678366238379,0.703281027104137,-0.703281027104137,False,True,False,8.0,True,2025,2025-10,2025-W40
NQ,2025-10-03,2025-10-02 22:00:00+00:00,2025-10-03 13:29:00+00:00,25101.5,25196.5,25073.0,25133.0,61753,930,2025-10-03 13:30:00+00:00,2025-10-03 15:29:00+00:00,25133.5,25168.0,25051.0,25134.25,151217,120,238.875,primary_2023_2025,123.5,142.375,0.8674275680421423,neutral,0_7_to_0_9,117.0,0.4897959183673469,0.00641025641025641,0.00641025641025641,False,True,False,22.0,True,2025,2025-10,2025-W40
NQ,2025-10-06,2025-10-05 22:00:00+00:00,2025-10-06 13:29:00+00:00,25000.0,25241.5,24995.0,25214.25,86715,930,2025-10-06 13:30:00+00:00,2025-10-06 15:29:00+00:00,25214.25,25221.75,25108.5,25161.5,143101,120,234.375,primary_2023_2025,246.5,134.875,1.8276181649675625,expansion,gt_1_3,113.25,0.4832,0.46578366445916114,-0.46578366445916114,False,False,False,0.0,False,2025,2025-10,2025-W41
NQ,2025-10-07,2025-10-06 22:00:00+00:00,2025-10-07 13:29:00+00:00,25184.5,25275.0,25122.5,25237.25,75851,930,2025-10-07 13:30:00+00:00,2025-10-07 15:29:00+00:00,25237.0,25264.75,25053.0,25074.75,193684,120,235.2375,primary_2023_2025,152.5,134.875,1.1306765523632993,neutral,1_1_to_1_3,211.75,0.9001540995802114,0.7662337662337663,-0.7662337662337663,False,True,True,69.5,False,2025,2025-10,2025-W41
NQ,2025-10-08,2025-10-07 22:00:00+00:00,2025-10-08 13:29:00+00:00,25059.75,25111.5,25026.25,25080.0,73311,930,2025-10-08 13:30:00+00:00,2025-10-08 15:29:00+00:00,25079.75,25246.5,25074.0,25236.25,166048,120,236.275,primary_2023_2025,85.25,146.25,0.582905982905983,compression,0_5_to_0_7,172.5,0.7300814728600148,0.9072463768115943,0.9072463768115943,True,False,True,135.0,False,2025,2025-10,2025-W41
NQ,2025-10-09,2025-10-08 22:00:00+00:00,2025-10-09 13:29:00+00:00,25351.5,25394.0,25294.25,25328.5,72773,930,2025-10-09 13:30:00+00:00,2025-10-09 15:29:00+00:00,25329.0,25334.75,25193.5,25227.5,179614,120,241.075,primary_2023_2025,99.75,134.875,0.7395736793327155,neutral,0_7_to_0_9,141.25,0.5859172456704346,0.7185840707964601,-0.7185840707964601,False,True,True,100.75,False,2025,2025-10,2025-W41
NQ,2025-10-10,2025-10-09 22:00:00+00:00,2025-10-10 13:29:00+00:00,25287.75,25355.25,25251.0,25313.25,75482,930,2025-10-10 13:30:00+00:00,2025-10-10 15:29:00+00:00,25313.0,25388.0,24802.5,24822.25,284429,120,244.025,primary_2023_2025,104.25,128.5,0.811284046692607,neutral,0_7_to_0_9,585.5,2.399344329474439,0.8381725021349274,-0.8381725021349274,True,True,True,448.5,False,2025,2025-10,2025-W41
NQ,2025-10-13,2025-10-12 22:00:00+00:00,2025-10-13 13:29:00+00:00,24542.0,24945.75,24542.0,24824.75,198656,930,2025-10-13 13:30:00+00:00,2025-10-13 15:29:00+00:00,24824.75,24913.5,24724.5,24877.75,219958,120,289.55,primary_2023_2025,403.75,128.5,3.142023346303502,expansion,gt_1_3,189.0,0.6527370056984977,0.2804232804232804,0.2804232804232804,False,False,False,0.0,False,2025,2025-10,2025-W42
NQ,2025-10-14,2025-10-13 22:00:00+00:00,2025-10-14 13:29:00+00:00,24913.75,25044.25,24502.5,24637.75,195388,930,2025-10-14 13:30:00+00:00,2025-10-14 15:29:00+00:00,24638.75,24768.5,24421.0,24704.0,224561,120,293.8875,primary_2023_2025,541.75,128.5,4.215953307392996,expansion,gt_1_3,347.5,1.1824252477563695,0.18776978417266188,0.18776978417266188,False,True,False,81.5,True,2025,2025-10,2025-W42
NQ,2025-10-15,2025-10-14 22:00:00+00:00,2025-10-15 13:29:00+00:00,24754.0,25025.5,24740.5,25001.75,101968,930,2025-10-15 13:30:00+00:00,2025-10-15 15:29:00+00:00,25002.5,25115.0,24897.0,25053.0,178317,120,317.75,primary_2023_2025,285.0,141.125,2.0194862710363153,expansion,gt_1_3,218.0,0.6860739575137687,0.231651376146789,0.231651376146789,True,False,True,89.5,False,2025,2025-10,2025-W42
NQ,2025-10-16,2025-10-15 22:00:00+00:00,2025-10-16 13:29:00+00:00,24937.0,25099.5,24874.75,25045.5,104148,930,2025-10-16 13:30:00+00:00,2025-10-16 15:29:00+00:00,25045.25,25179.5,25013.75,25038.5,202568,120,326.4125,primary_2023_2025,224.75,165.375,1.3590325018896448,expansion,gt_1_3,165.75,0.5077930532684869,0.04072398190045249,-0.04072398190045249,True,False,False,80.0,True,2025,2025-10,2025-W42
NQ,2025-10-17,2025-10-16 22:00:00+00:00,2025-10-17 13:29:00+00:00,24793.75,24858.5,24410.0,24736.0,220338,930,2025-10-17 13:30:00+00:00,2025-10-17 15:29:00+00:00,24736.25,24960.75,24672.5,24734.75,232863,120,340.9375,primary_2023_2025,448.5,165.375,2.7120181405895694,expansion,gt_1_3,288.25,0.8454628780934922,0.005203816131830009,-0.005203816131830009,True,False,False,102.25,True,2025,2025-10,2025-W42
NQ,2025-10-20,2025-10-19 22:00:00+00:00,2025-10-20 13:29:00+00:00,25065.75,25152.5,24955.75,25118.5,99173,930,2025-10-20 13:30:00+00:00,2025-10-20 15:29:00+00:00,25119.0,25327.75,25114.75,25320.75,151442,120,347.775,primary_2023_2025,196.75,178.25,1.1037868162692848,neutral,1_1_to_1_3,213.0,0.6124649557903817,0.9471830985915493,0.9471830985915493,True,False,True,175.25,False,2025,2025-10,2025-W43
NQ,2025-10-21,2025-10-20 22:00:00+00:00,2025-10-21 13:29:00+00:00,25326.75,25368.0,25253.0,25301.0,76258,930,2025-10-21 13:30:00+00:00,2025-10-21 15:29:00+00:00,25300.75,25304.5,25203.25,25275.5,163766,120,352.9,primary_2023_2025,115.0,183.0,0.6284153005464481,compression,0_5_to_0_7,101.25,0.28690847265514313,0.24938271604938272,-0.24938271604938272,False,True,False,49.75,True,2025,2025-10,2025-W43
NQ,2025-10-22,2025-10-21 22:00:00+00:00,2025-10-22 13:29:00+00:00,25283.75,25338.25,25206.5,25265.0,81963,930,2025-10-22 13:30:00+00:00,2025-10-22 15:29:00+00:00,25265.5,25289.25,25023.5,25028.0,236641,120,355.35,primary_2023_2025,131.75,183.0,0.7199453551912568,neutral,0_7_to_0_9,265.75,0.7478542282256929,0.8936970837253058,-0.8936970837253058,False,True,True,183.0,False,2025,2025-10,2025-W43
NQ,2025-10-23,2025-10-22 22:00:00+00:00,2025-10-23 13:29:00+00:00,25012.25,25128.0,24937.0,25016.0,107957,930,2025-10-23 13:30:00+00:00,2025-10-23 15:29:00+00:00,25016.25,25198.5,24999.0,25179.75,189899,120,372.275,primary_2023_2025,191.0,183.0,1.0437158469945356,neutral,0_9_to_1_1,199.5,0.5358941642602915,0.8195488721804511,0.8195488721804511,True,False,True,70.5,False,2025,2025-10,2025-W43
NQ,2025-10-24,2025-10-23 22:00:00+00:00,2025-10-24 13:29:00+00:00,25283.25,25523.25,25276.0,25466.75,97807,930,2025-10-24 13:30:00+00:00,2025-10-24 15:29:00+00:00,25466.5,25548.75,25429.75,25534.5,178896,120,382.35,primary_2023_2025,247.25,183.0,1.3510928961748634,expansion,gt_1_3,119.0,0.3112331633320256,0.5714285714285714,0.5714285714285714,True,False,True,25.5,False,2025,2025-10,2025-W43
NQ,2025-10-27,2025-10-26 22:00:00+00:00,2025-10-27 13:29:00+00:00,25723.5,25852.5,25700.0,25815.75,90943,930,2025-10-27 13:30:00+00:00,2025-10-27 15:29:00+00:00,25815.75,25901.5,25796.5,25898.25,146446,120,367.075,primary_2023_2025,152.5,189.375,0.8052805280528053,neutral,0_7_to_0_9,105.0,0.2860450861540557,0.7857142857142857,0.7857142857142857,True,False,True,49.0,False,2025,2025-10,2025-W44
NQ,2025-10-28,2025-10-27 22:00:00+00:00,2025-10-28 13:29:00+00:00,26002.5,26063.5,25943.0,26051.75,77941,930,2025-10-28 13:30:00+00:00,2025-10-28 15:29:00+00:00,26051.5,26094.75,26008.75,26045.0,126386,120,366.7,primary_2023_2025,120.5,184.625,0.6526743398781314,compression,0_5_to_0_7,86.0,0.23452413416962095,0.0755813953488372,-0.0755813953488372,True,False,False,31.25,True,2025,2025-10,2025-W44
NQ,2025-10-29,2025-10-28 22:00:00+00:00,2025-10-29 13:29:00+00:00,26179.75,26309.75,26164.5,26265.75,88351,930,2025-10-29 13:30:00+00:00,2025-10-29 15:29:00+00:00,26266.0,26326.5,26238.0,26253.25,150902,120,376.9875,primary_2023_2025,145.25,184.625,0.7867298578199052,neutral,0_7_to_0_9,88.5,0.2347557942902616,0.1440677966101695,-0.1440677966101695,True,False,False,16.75,True,2025,2025-10,2025-W44
NQ,2025-10-30,2025-10-29 22:00:00+00:00,2025-10-30 13:29:00+00:00,26154.5,26399.0,26079.5,26124.75,157882,930,2025-10-30 13:30:00+00:00,2025-10-30 15:29:00+00:00,26125.25,26182.5,25942.25,26057.25,216549,120,384.1125,primary_2023_2025,319.5,165.375,1.9319727891156462,expansion,gt_1_3,240.25,0.6254677991473852,0.28303850156087407,-0.28303850156087407,False,True,True,137.25,False,2025,2025-10,2025-W44
NQ,2025-10-31,2025-10-30 22:00:00+00:00,2025-10-31 13:29:00+00:00,26150.5,26274.0,26127.25,26198.75,93924,930,2025-10-31 13:30:00+00:00,2025-10-31 15:29:00+00:00,26199.25,26199.5,26060.0,26136.25,168255,120,396.0875,primary_2023_2025,146.75,171.75,0.8544395924308588,neutral,0_7_to_0_9,139.5,0.3521949064285038,0.45161290322580644,-0.45161290322580644,False,True,False,67.25,True,2025,2025-10,2025-W44
NQ,2025-11-03,2025-11-02 23:00:00+00:00,2025-11-03 14:29:00+00:00,26028.25,26259.75,26012.75,26235.5,96184,930,2025-11-03 14:30:00+00:00,2025-11-03 16:29:00+00:00,26235.75,26266.0,26015.5,26052.25,176729,120,392.125,primary_2023_2025,247.0,171.75,1.438136826783115,expansion,gt_1_3,250.5,0.6388269046860058,0.7325349301397206,-0.7325349301397206,True,False,False,6.25,True,2025,2025-11,2025-W45
NQ,2025-11-04,2025-11-03 23:00:00+00:00,2025-11-04 14:29:00+00:00,26104.5,26104.5,25645.0,25740.75,161945,930,2025-11-04 14:30:00+00:00,2025-11-04 16:29:00+00:00,25742.0,25893.5,25663.0,25771.25,200515,120,348.675,primary_2023_2025,459.5,171.75,2.6754002911208152,expansion,gt_1_3,230.5,0.6610740661074066,0.12689804772234273,0.12689804772234273,False,False,False,0.0,False,2025,2025-11,2025-W45
NQ,2025-11-05,2025-11-04 23:00:00+00:00,2025-11-05 14:29:00+00:00,25545.0,25596.0,25282.0,25541.75,180709,930,2025-11-05 14:30:00+00:00,2025-11-05 16:29:00+00:00,25542.25,25748.75,25488.0,25743.0,199738,120,365.25,primary_2023_2025,314.0,193.875,1.6196002578981303,expansion,gt_1_3,260.75,0.7138945927446955,0.7698945349952061,0.7698945349952061,True,False,True,152.75,False,2025,2025-11,2025-W45
NQ,2025-11-06,2025-11-05 23:00:00+00:00,2025-11-06 14:29:00+00:00,25738.5,25822.25,25617.25,25673.5,119941,930,2025-11-06 14:30:00+00:00,2025-11-06 16:29:00+00:00,25674.0,25685.75,25277.25,25332.75,285605,120,373.0625,primary_2023_2025,205.0,210.75,0.9727164887307236,neutral,0_9_to_1_1,408.5,1.0949907857262524,0.8353733170134638,-0.8353733170134638,False,True,True,340.0,False,2025,2025-11,2025-W45
NQ,2025-11-07,2025-11-06 23:00:00+00:00,2025-11-07 14:29:00+00:00,25314.75,25354.75,25061.75,25110.0,161957,930,2025-11-07 14:30:00+00:00,2025-11-07 16:29:00+00:00,25110.5,25111.0,24771.25,24795.5,255090,120,379.75,primary_2023_2025,293.0,214.875,1.363583478766725,expansion,gt_1_3,339.75,0.8946675444371297,0.9271523178807947,-0.9271523178807947,False,True,True,290.5,False,2025,2025-11,2025-W45
NQ,2025-11-10,2025-11-09 23:00:00+00:00,2025-11-10 14:29:00+00:00,25320.75,25569.5,25269.0,25538.0,122234,930,2025-11-10 14:30:00+00:00,2025-11-10 16:29:00+00:00,25538.75,25666.5,25471.0,25483.0,215105,120,373.6375,primary_2023_2025,300.5,235.875,1.2739798622151564,neutral,1_1_to_1_3,195.5,0.5232344183868054,0.2851662404092072,-0.2851662404092072,True,False,False,97.0,True,2025,2025-11,2025-W46
NQ,2025-11-11,2025-11-10 23:00:00+00:00,2025-11-11 14:29:00+00:00,25722.25,25768.75,25571.75,25604.75,99265,930,2025-11-11 14:30:00+00:00,2025-11-11 16:29:00+00:00,25605.0,25646.0,25486.5,25511.5,191760,120,357.1875,primary_2023_2025,197.0,235.875,0.8351881293057764,neutral,0_7_to_0_9,159.5,0.4465441819772528,0.5862068965517241,-0.5862068965517241,False,True,True,85.25,False,2025,2025-11,2025-W46
NQ,2025-11-12,2025-11-11 23:00:00+00:00,2025-11-12 14:29:00+00:00,25668.0,25830.0,25629.5,25777.75,93445,930,2025-11-12 14:30:00+00:00,2025-11-12 16:29:00+00:00,25778.5,25780.75,25497.0,25582.25,228160,120,364.1625,primary_2023_2025,200.5,214.875,0.9331006399069226,neutral,0_9_to_1_1,283.75,0.779185116534514,0.6916299559471366,-0.6916299559471366,False,True,True,132.5,False,2025,2025-11,2025-W46
NQ,2025-11-13,2025-11-12 23:00:00+00:00,2025-11-13 14:29:00+00:00,25624.0,25721.5,25435.0,25477.75,137542,930,2025-11-13 14:30:00+00:00,2025-11-13 16:29:00+00:00,25477.25,25502.0,25182.0,25224.25,261428,120,364.725,primary_2023_2025,286.5,202.75,1.4130702836004931,expansion,gt_1_3,320.0,0.8773733634930426,0.790625,-0.790625,False,True,True,253.0,False,2025,2025-11,2025-W46
NQ,2025-11-14,2025-11-13 23:00:00+00:00,2025-11-14 14:29:00+00:00,25095.25,25159.75,24657.0,24723.25,200773,930,2025-11-14 14:30:00+00:00,2025-11-14 16:29:00+00:00,24723.5,25268.25,24626.0,25241.0,315534,120,393.4125,primary_2023_2025,502.75,202.75,2.479654747225647,expansion,gt_1_3,642.25,1.6325104057446065,0.8057609964966913,0.8057609964966913,True,True,True,108.5,False,2025,2025-11,2025-W46
NQ,2025-11-17,2025-11-16 23:00:00+00:00,2025-11-17 14:29:00+00:00,25142.25,25361.25,24988.75,24997.75,141564,930,2025-11-17 14:30:00+00:00,2025-11-17 16:29:00+00:00,24997.75,25254.0,24945.0,25070.0,233529,120,393.5875,primary_2023_2025,372.5,202.75,1.8372379778051788,expansion,gt_1_3,309.0,0.7850859084701624,0.23381877022653721,0.23381877022653721,False,True,False,43.75,True,2025,2025-11,2025-W47
NQ,2025-11-18,2025-11-17 23:00:00+00:00,2025-11-18 14:29:00+00:00,24905.5,24959.5,24603.75,24717.0,181288,930,2025-11-18 14:30:00+00:00,2025-11-18 16:29:00+00:00,24718.25,24832.0,24376.25,24647.25,324648,120,418.75,primary_2023_2025,355.75,226.0,1.5741150442477876,expansion,gt_1_3,455.75,1.088358208955224,0.1557871640153593,-0.1557871640153593,False,True,False,227.5,True,2025,2025-11,2025-W47
NQ,2025-11-19,2025-11-18 23:00:00+00:00,2025-11-19 14:29:00+00:00,24551.0,24733.25,24445.0,24610.75,133917,930,2025-11-19 14:30:00+00:00,2025-11-19 16:29:00+00:00,24611.5,24988.0,24572.5,24706.25,270938,120,439.2625,primary_2023_2025,288.25,247.125,1.1664137582195244,neutral,1_1_to_1_3,415.5,0.9459036453145898,0.22803850782190133,0.22803850782190133,True,False,False,254.75,True,2025,2025-11,2025-W47
NQ,2025-11-20,2025-11-19 23:00:00+00:00,2025-11-20 14:29:00+00:00,24966.75,25264.75,24955.25,25210.75,150576,930,2025-11-20 14:30:00+00:00,2025-11-20 16:29:00+00:00,25211.5,25310.0,24886.25,24905.0,283142,120,463.525,primary_2023_2025,309.5,266.875,1.1597189695550352,neutral,1_1_to_1_3,423.75,0.9141901731298204,0.7233038348082595,-0.7233038348082595,True,True,True,69.0,False,2025,2025-11,2025-W47
NQ,2025-11-21,2025-11-20 23:00:00+00:00,2025-11-21 14:29:00+00:00,24110.0,24292.0,23904.5,24203.0,256981,930,2025-11-21 14:30:00+00:00,2025-11-21 16:29:00+00:00,24203.5,24298.0,23927.25,24175.75,289985,120,512.6375,primary_2023_2025,387.5,287.375,1.3484123531970422,expansion,gt_1_3,370.75,0.7232205993513935,0.07484828051247472,-0.07484828051247472,True,False,False,6.0,True,2025,2025-11,2025-W47
NQ,2025-11-24,2025-11-23 23:00:00+00:00,2025-11-24 14:29:00+00:00,24455.75,24574.5,24361.75,24522.75,130642,930,2025-11-24 14:30:00+00:00,2025-11-24 16:29:00+00:00,24522.25,24882.0,24516.75,24864.0,204225,120,510.8125,primary_2023_2025,212.75,290.625,0.7320430107526882,neutral,0_7_to_0_9,365.25,0.7150373179982871,0.9356605065023956,0.9356605065023956,True,False,True,307.5,False,2025,2025-11,2025-W48
NQ,2025-11-25,2025-11-24 23:00:00+00:00,2025-11-25 14:29:00+00:00,24966.25,24986.5,24822.0,24856.75,117717,930,2025-11-25 14:30:00+00:00,2025-11-25 16:29:00+00:00,24857.25,24883.25,24602.0,24854.25,260189,120,523.1375,primary_2023_2025,164.5,290.625,0.5660215053763441,compression,0_5_to_0_7,281.25,0.5376215622087883,0.010666666666666666,-0.010666666666666666,False,True,False,220.0,True,2025,2025-11,2025-W48
NQ,2025-11-26,2025-11-25 23:00:00+00:00,2025-11-26 14:29:00+00:00,25071.25,25235.75,25061.25,25222.0,101869,930,2025-11-26 14:30:00+00:00,2025-11-26 16:29:00+00:00,25222.25,25338.75,25133.75,25323.25,187567,120,547.35,primary_2023_2025,174.5,290.625,0.6004301075268818,compression,0_5_to_0_7,205.0,0.3745318352059925,0.4926829268292683,0.4926829268292683,True,False,True,103.0,False,2025,2025-11,2025-W48
NQ,2025-11-27,2025-11-26 23:00:00+00:00,2025-11-27 14:29:00+00:00,25313.0,25339.25,25290.25,25301.5,31703,930,2025-11-27 14:30:00+00:00,2025-11-27 16:29:00+00:00,25301.5,25317.75,25285.75,25301.5,12021,120,542.2,primary_2023_2025,49.0,290.625,0.16860215053763442,compression,lt_0_5,32.0,0.05901881224640353,0.0,0.0,False,True,False,4.5,True,2025,2025-11,2025-W48
NQ,2025-11-28,2025-11-27 23:00:00+00:00,2025-11-28 14:29:00+00:00,25302.25,25399.0,25301.75,25359.0,13702,283,2025-11-28 14:30:00+00:00,2025-11-28 16:29:00+00:00,25358.0,25436.25,25331.0,25389.25,64345,120,514.0625,primary_2023_2025,97.25,287.375,0.3384080034797738,compression,lt_0_5,105.25,0.204741641337386,0.29691211401425177,0.29691211401425177,True,False,False,37.25,True,2025,2025-11,2025-W48
NQ,2025-12-01,2025-11-30 23:00:00+00:00,2025-12-01 14:29:00+00:00,25482.5,25546.0,25193.25,25254.25,138644,930,2025-12-01 14:30:00+00:00,2025-12-01 16:29:00+00:00,25255.0,25420.0,25209.25,25381.25,200128,120,481.625,primary_2023_2025,352.75,287.375,1.2274902131361463,neutral,1_1_to_1_3,210.75,0.4375811056319751,0.5990510083036773,0.5990510083036773,False,False,False,0.0,False,2025,2025-12,2025-W49
NQ,2025-12-02,2025-12-01 23:00:00+00:00,2025-12-02 14:29:00+00:00,25411.5,25522.75,25324.75,25492.25,85358,930,2025-12-02 14:30:00+00:00,2025-12-02 16:29:00+00:00,25492.75,25670.0,25443.0,25459.75,228102,120,464.475,primary_2023_2025,198.0,290.625,0.6812903225806451,compression,0_5_to_0_7,227.0,0.4887238279778244,0.14537444933920704,-0.14537444933920704,True,False,False,147.25,True,2025,2025-12,2025-W49
NQ,2025-12-03,2025-12-02 23:00:00+00:00,2025-12-03 14:29:00+00:00,25611.0,25678.25,25421.5,25495.0,109432,930,2025-12-03 14:30:00+00:00,2025-12-03 16:29:00+00:00,25495.25,25605.5,25430.0,25566.75,186520,120,471.0875,primary_2023_2025,256.75,287.375,0.8934319269247499,neutral,0_7_to_0_9,175.5,0.3725422559503277,0.4074074074074074,0.4074074074074074,False,False,False,0.0,False,2025,2025-12,2025-W49
NQ,2025-12-04,2025-12-03 23:00:00+00:00,2025-12-04 14:29:00+00:00,25650.25,25732.5,25603.25,25711.75,74943,930,2025-12-04 14:30:00+00:00,2025-12-04 16:29:00+00:00,25712.0,25713.0,25505.0,25582.5,194109,120,468.4375,primary_2023_2025,129.25,271.625,0.47583985273815005,compression,lt_0_5,208.0,0.4440293529019346,0.6225961538461539,-0.6225961538461539,False,True,True,98.25,False,2025,2025-12,2025-W49
NQ,2025-12-05,2025-12-04 23:00:00+00:00,2025-12-05 14:29:00+00:00,25629.75,25755.75,25579.75,25680.25,78982,930,2025-12-05 14:30:00+00:00,2025-12-05 16:29:00+00:00,25680.0,25868.0,25673.5,25697.75,199595,120,466.475,primary_2023_2025,176.0,271.625,0.6479521398987574,compression,0_5_to_0_7,194.5,0.41695696446754915,0.09125964010282776,0.09125964010282776,True,False,False,112.25,True,2025,2025-12,2025-W49
NQ,2025-12-08,2025-12-07 23:00:00+00:00,2025-12-08 14:29:00+00:00,25750.0,25833.0,25700.25,25791.75,67970,930,2025-12-08 14:30:00+00:00,2025-12-08 16:29:00+00:00,25791.0,25860.75,25626.25,25662.0,165107,120,433.025,primary_2023_2025,132.75,234.75,0.5654952076677316,compression,0_5_to_0_7,234.5,0.5415391721032273,0.5501066098081023,-0.5501066098081023,True,True,True,74.0,False,2025,2025-12,2025-W50
NQ,2025-12-09,2025-12-08 23:00:00+00:00,2025-12-09 14:29:00+00:00,25713.0,25729.5,25588.5,25618.0,72366,930,2025-12-09 14:30:00+00:00,2025-12-09 16:29:00+00:00,25618.5,25709.75,25560.0,25690.0,144969,120,414.4625,primary_2023_2025,141.0,206.625,0.6823956442831216,compression,0_5_to_0_7,149.75,0.361311336972585,0.4774624373956594,0.4774624373956594,False,True,False,28.5,True,2025,2025-12,2025-W50
NQ,2025-12-10,2025-12-09 23:00:00+00:00,2025-12-10 14:29:00+00:00,25680.0,25745.75,25616.0,25647.25,70910,930,2025-12-10 14:30:00+00:00,2025-12-10 16:29:00+00:00,25647.25,25672.25,25528.75,25647.75,167470,120,410.1125,primary_2023_2025,129.75,206.625,0.6279491833030852,compression,0_5_to_0_7,143.5,0.34990398975890763,0.003484320557491289,0.003484320557491289,False,True,False,87.25,True,2025,2025-12,2025-W50
NQ,2025-12-11,2025-12-10 23:00:00+00:00,2025-12-11 14:29:00+00:00,25769.5,25796.0,25383.0,25642.75,120851,930,2025-12-11 14:30:00+00:00,2025-12-11 16:29:00+00:00,25643.5,25650.25,25390.25,25467.0,255791,120,396.7875,primary_2023_2025,413.0,205.375,2.0109555690809495,expansion,gt_1_3,260.0,0.6552625775761585,0.6788461538461539,-0.6788461538461539,False,False,False,0.0,False,2025,2025-12,2025-W50
NQ,2025-12-12,2025-12-11 23:00:00+00:00,2025-12-12 14:29:00+00:00,25701.0,25733.25,25532.5,25559.5,82104,930,2025-12-12 14:30:00+00:00,2025-12-12 16:29:00+00:00,25560.25,25619.5,25134.0,25224.25,301878,120,396.1875,primary_2023_2025,200.75,205.375,0.9774802191113816,neutral,0_9_to_1_1,485.5,1.2254298785297366,0.6920700308959835,-0.6920700308959835,False,True,True,398.5,False,2025,2025-12,2025-W50
NQ,2025-12-15,2025-12-14 23:00:00+00:00,2025-12-15 14:29:00+00:00,25223.5,25666.75,25132.5,25666.75,48458,930,2025-12-15 14:30:00+00:00,2025-12-15 16:29:00+00:00,25666.75,25668.0,25285.75,25504.5,130062,120,343.825,primary_2023_2025,534.25,199.375,2.6796238244514106,expansion,gt_1_3,382.25,1.111757434741511,0.4244604316546763,-0.4244604316546763,True,False,False,1.25,True,2025,2025-12,2025-W51
NQ,2025-12-16,2025-12-15 23:00:00+00:00,2025-12-16 14:29:00+00:00,25345.75,25386.5,25073.25,25232.0,105149,930,2025-12-16 14:30:00+00:00,2025-12-16 16:29:00+00:00,25232.0,25409.0,25178.75,25233.0,186924,120,337.4625,primary_2023_2025,313.25,199.375,1.5711598746081505,expansion,gt_1_3,230.25,0.6822980331147905,0.004343105320304018,0.004343105320304018,True,False,False,22.5,True,2025,2025-12,2025-W51
NQ,2025-12-17,2025-12-16 23:00:00+00:00,2025-12-17 14:29:00+00:00,25332.0,25508.5,25264.5,25422.0,94962,930,2025-12-17 14:30:00+00:00,2025-12-17 16:29:00+00:00,25422.5,25447.75,25009.0,25068.25,262555,120,348.4375,primary_2023_2025,244.0,199.375,1.2238244514106582,neutral,1_1_to_1_3,438.75,1.2591928251121076,0.8074074074074075,-0.8074074074074075,False,True,True,255.5,False,2025,2025-12,2025-W51
NQ,2025-12-18,2025-12-17 23:00:00+00:00,2025-12-18 14:29:00+00:00,24983.5,25285.0,24901.25,25279.5,114310,930,2025-12-18 14:30:00+00:00,2025-12-18 16:29:00+00:00,25278.75,25412.5,25161.25,25353.0,228158,120,347.8875,primary_2023_2025,383.75,199.375,1.9247648902821317,expansion,gt_1_3,251.25,0.722216233696238,0.2955223880597015,0.2955223880597015,True,False,True,127.5,False,2025,2025-12,2025-W51
NQ,2025-12-19,2025-12-18 23:00:00+00:00,2025-12-19 14:29:00+00:00,25240.0,25393.5,25209.75,25362.0,98411,930,2025-12-19 14:30:00+00:00,2025-12-19 16:29:00+00:00,25361.25,25600.25,25357.0,25540.75,197919,120,341.1,primary_2023_2025,183.75,199.375,0.9216300940438872,neutral,0_9_to_1_1,243.25,0.7131339783054822,0.7379239465570401,0.7379239465570401,True,False,True,206.75,False,2025,2025-12,2025-W51
NQ,2025-12-22,2025-12-21 23:00:00+00:00,2025-12-22 14:29:00+00:00,25635.25,25785.25,25632.25,25780.5,63207,930,2025-12-22 14:30:00+00:00,2025-12-22 16:29:00+00:00,25780.75,25794.75,25628.0,25711.75,155212,120,344.1375,primary_2023_2025,153.0,190.875,0.8015717092337917,neutral,0_7_to_0_9,166.75,0.4845446950710109,0.41379310344827586,-0.41379310344827586,True,True,False,9.5,True,2025,2025-12,2025-W52
NQ,2025-12-23,2025-12-22 23:00:00+00:00,2025-12-23 14:29:00+00:00,25701.0,25738.75,25608.25,25644.75,57460,930,2025-12-23 14:30:00+00:00,2025-12-23 16:29:00+00:00,25644.25,25754.5,25628.25,25743.75,144637,120,344.0375,primary_2023_2025,130.5,179.875,0.7255038220986796,neutral,0_7_to_0_9,126.25,0.366965810413109,0.7881188118811882,0.7881188118811882,True,False,True,15.75,False,2025,2025-12,2025-W52
NQ,2025-12-24,2025-12-23 23:00:00+00:00,2025-12-24 14:29:00+00:00,25815.75,25831.75,25777.5,25795.75,32289,927,2025-12-24 14:30:00+00:00,2025-12-24 16:29:00+00:00,25795.0,25856.25,25784.0,25853.5,78696,120,339.0375,primary_2023_2025,54.25,179.875,0.3015983321751216,compression,lt_0_5,72.25,0.2131032702872101,0.8096885813148789,0.8096885813148789,True,False,True,24.5,False,2025,2025-12,2025-W52
NQ,2025-12-26,2025-12-25 23:00:00+00:00,2025-12-26 14:29:00+00:00,25868.0,25923.25,25843.25,25899.5,34043,927,2025-12-26 14:30:00+00:00,2025-12-26 16:29:00+00:00,25899.0,25935.25,25834.25,25881.25,100563,120,314.6125,primary_2023_2025,80.0,179.875,0.44475330090340515,compression,lt_0_5,101.0,0.32102983829313836,0.17574257425742573,-0.17574257425742573,True,True,False,12.0,True,2025,2025-12,2025-W52
NQ,2025-12-29,2025-12-28 23:00:00+00:00,2025-12-29 14:29:00+00:00,25863.25,25893.75,25656.75,25707.0,70611,930,2025-12-29 14:30:00+00:00,2025-12-29 16:29:00+00:00,25706.75,25819.0,25661.75,25704.5,136334,120,297.925,primary_2023_2025,237.0,179.875,1.3175816539263376,expansion,gt_1_3,157.25,0.5278174037089871,0.014308426073131956,-0.014308426073131956,False,False,False,0.0,False,2025,2025-12,2026-W01
NQ,2025-12-30,2025-12-29 23:00:00+00:00,2025-12-30 14:29:00+00:00,25740.0,25755.0,25684.75,25693.0,46294,930,2025-12-30 14:30:00+00:00,2025-12-30 16:29:00+00:00,25692.75,25793.75,25674.25,25774.25,124049,120,293.9125,primary_2023_2025,70.25,190.875,0.36804191224623445,compression,lt_0_5,119.5,0.40658359205545863,0.6820083682008368,0.6820083682008368,True,True,True,38.75,False,2025,2025-12,2026-W01
NQ,2025-12-31,2025-12-30 23:00:00+00:00,2025-12-31 14:29:00+00:00,25683.25,25716.75,25552.5,25678.5,59395,930,2025-12-31 14:30:00+00:00,2025-12-31 16:29:00+00:00,25678.75,25692.0,25542.5,25596.0,101185,120,299.05,primary_2023_2025,164.25,179.875,0.9131341209173037,neutral,0_9_to_1_1,149.5,0.499916401939475,0.5535117056856187,-0.5535117056856187,False,True,False,10.0,True,2025,2025-12,2026-W01
